Match,Match Source,Classification Type,ID,RT,DT,CCS,m/zs,Mass Error (ppm),CCS Error (%),RT Error (%),ES01.d.DeMP, ES04.d.DeMP, ES11.d.DeMP, ES12.d.DeMP, ES13.d.DeMP, ES14.d.DeMP, ES17.d.DeMP, ES19.d.DeMP, ES21.d.DeMP, ES22.d.DeMP, ES24.d.DeMP, ES28.d.DeMP, ES30.d.DeMP, ES32.d.DeMP, ES02.d.DeMP, ES03.d.DeMP, ES05.d.DeMP, ES06.d.DeMP, ES07.d.DeMP, ES08.d.DeMP, ES09.d.DeMP, ES10.d.DeMP, ES15.d.DeMP, ES16.d.DeMP, ES18.d.DeMP, ES20.d.DeMP, ES23.d.DeMP, ES25.d.DeMP, ES26.d.DeMP, ES27.d.DeMP, ES29.d.DeMP, ES31.d.DeMP, ES33.d.DeMP, ES34.d.DeMP, ES35.d.DeMP, ES36.d.DeMP, ES37.d.DeMP, ES38.d.DeMP, ES39.d.DeMP, ES40.d.DeMP, ES41.d.DeMP, ES42.d.DeMP,Detection Frequency (%),Average Abundance
PFBA (M-H-CO2),PFAS Standards,likely,45534,2.365,14.116,110.36,168.9902,4.73,-0.36,N/A,0,0,4937.523,0,0,0,0,0,0,0,0,0,0,0,0,0,0,0,0,0,0,0,0,0,0,0,0,955.7246,0,0,0,3290.6879999999996,0,0,0,0,0,0,0,0,0,0,100,100
PMPA (M-H-CO2),PFAS Standards,likely,59705,12.436,14.957,116.13,184.9836,-3.78,0.81,N/A,0,0,0,0,1323.648,0,0,0,0,1559.461,0,0,0,0,0,0,0,0,0,0,0,0,0,0,0,0,1504.843,0,0,0,0,0,0,0,0,0,0,0,0,0,0,0,100,100
PMPA (M-H-CO2),PFAS Standards,likely,59705,12.436,14.957,116.13,184.9836,-3.78,0.81,N/A,0,0,0,0,1323.648,0,0,0,0,1559.461,0,0,0,0,0,0,0,0,0,0,0,0,0,0,0,0,1504.843,0,0,0,0,0,0,0,0,0,0,0,0,0,0,0,100,100
PMPA (M-H-CO2),PFAS Standards,likely,71789,7.297499999999999,14.866,115.64,184.98430000000002,0,0.38,N/A,6350.867,0,3656.2549999999997,4989.193,0,4643.742,6672.321,0,0,6234.389999999999,9984.554,10287.579,6083.5,5164.366,7409.45,3803.808,6523.651,5532.625,3536.0739999999996,7221.07,6341.894,7560.001,9463.231,6026.304,7938.786999999999,0,7768.389999999999,0,7256.173,0,4116.405,6782.156,9682.984,7620.54,11244.539,10619.128999999999,8279.993,9259.809,6431.219,3852.8059999999996,7037.2519999999995,9390.885,100,100
PMPA (M-H-CO2),PFAS Standards,likely,71789,7.297499999999999,14.866,115.64,184.98430000000002,0,0.38,N/A,6350.867,0,3656.2549999999997,4989.193,0,4643.742,6672.321,0,0,6234.389999999999,9984.554,10287.579,6083.5,5164.366,7409.45,3803.808,6523.651,5532.625,3536.0739999999996,7221.07,6341.894,7560.001,9463.231,6026.304,7938.786999999999,0,7768.389999999999,0,7256.173,0,4116.405,6782.156,9682.984,7620.54,11244.539,10619.128999999999,8279.993,9259.809,6431.219,3852.8059999999996,7037.2519999999995,9390.885,100,100
PFHxA (M-H-CO2),PFAS Standards,likely,49015,10.8135,16.483,125.30000000000001,268.9836,2.23,0.16,N/A,874.4836,3822.3309999999997,0,2861.249,1337.335,0,0,1442.143,0,1033.207,1679.971,0,0,0,0,0,0,0,1994.1589000000001,0,0,2734.33,998.9759,0,1757.826,817.5164,6389.605,964.2997,0,0,0,0,0,0,7655.690999999999,0,0,0,4541.9682999999995,0,0,0,100,100
PFHxA (M-H-CO2),PFAS Standards,likely,29683,11.876,16.468,125.21,268.9839,3.35,0.09,N/A,0,1895.846,0,985.4256,0,0,0,0,0,2135.468,2056.676,0,0,0,0,0,0,0,1508.914,0,0,0,0,2611.946,0,0,1593.559,1243.433,0,0,0,0,1925.498,0,3417.779,0,0,0,4929.495,676.5812,0,0,100,100
PFBS (M-H),PFAS Standards,likely,1377,5.333,17.692,133.83,298.9434,1.34,0.16,N/A,160130.799,327082.099,1412.339,153142.59900000002,208859.999,311348.699,0,227644.399,0,237892.799,278628.699,189255.09900000002,82571.08899999999,149881.499,58715.059,0,171300.59900000002,0,0,283933.799,77847.159,98940.83899999999,1757864.999,0,221084.499,88160.999,286615.39900000003,101116.099,79545.699,64306.629,0,0,345938.599,185384.09900000002,165076.399,97497.609,114986.599,357295.39900000003,121414.099,84284.629,140831.69900000002,174792.59900000002,100,100
PFHpA (M-H-CO2),PFAS Standards,likely,35035,11.212,17.586,132.71,318.9808,3.13,0.25,N/A,0,0,0,0,2116.743,0,0,0,0,0,0,0,0,0,0,0,0,0,0,0,0,0,886.0526,1251.193,1777.3020000000001,752.9109,4010.944,1738.135,0,0,0,0,1188.411,0,2118.182,0,0,0,1347.448,0,0,0,100,100
4:2 FTS (M-H),PFAS Standards,likely,81564,6.845,19.697,148.43,326.9719,-7.34,-1.3,N/A,0,0,0,0,0,0,0,0,0,0,0,0,0,0,0,0,0,0,0,0,0,0,0,0,0,1473.029,0,0,0,0,0,0,0,0,0,0,0,0,0,0,0,0,100,100
PFPeS (M-H),PFAS Standards,likely,50152,7.142,18.954,142.47,348.9392,-1.72,0.19,N/A,0,0,0,0,0,0,0,0,0,0,1738.007,0,0,0,0,0,0,0,0,0,0,0,0,0,880.6828,0,2240.0559999999996,0,0,0,0,0,0,1176.673,0,0,1124.609,0,0,0,0,0,100,100
PFOA (M-H-CO2),PFAS Standards,likely,68840,12.939,18.703,140.29,368.9739,-7.32,0.57,N/A,0,0,0,0,0,0,519.4317,0,0,0,0,0,0,0,0,0,0,0,0,0,0,0,0,0,0,0,0,0,0,0,0,0,0,0,1301.079,0,0,0,994.4796,0,0,0,100,100
PFOA (M-H-CO2),PFAS Standards,likely,835,9.484,18.634,139.77,368.977,1.08,0.19,N/A,354477.099,655397.399,330767.799,596926.999,858558.5989999999,68679.64899999999,255183.299,286783.699,274884.299,766647.6989999999,680820.499,245907.799,256411.399,407735.999,139908.69900000002,112312.999,76345.319,92707.409,662928.799,122576.099,152727.69900000002,496351.199,496237.199,643266.0989999999,693866.899,376874.999,1079633.999,696368.5989999999,74165.699,74566.709,64171.239,552975.899,591539.399,398995.699,1008354.999,132501.499,568980.1989999999,105573.199,473002.199,295416.699,91352.11899999999,75599.699,100,100
PFOA (M-H-CO2),PFAS Standards,likely,16089,11.875,18.628,139.71,368.9773,1.9,0.15,N/A,0,5101.343,1082.342,6318.273999999999,7154.7,0,3270.0589999999997,0,1823.494,7143.504,0,0,0,2758.288,0,0,0,0,5219.331999999999,0,0,4566.896,2231.953,2624.1839999999997,0,4140.298,9419.83,5324.112,0,0,0,3116.1899999999996,3543.3149999999996,0,8837.661,0,1320.179,0,7560.8279999999995,0,0,0,100,100
PFOA (M-H-CO2),PFAS Standards,likely,86066,12.951,18.68,140.08,368.9787,5.69,0.42,N/A,0,0,0,0,0,0,0,0,0,0,0,0,0,549.3851000000001,0,0,0,0,0,0,0,0,0,0,0,0,0,571.3008,0,0,0,0,0,0,0,0,0,0,0,0,0,0,100,100
PFHxS (M-H),PFAS Standards,likely,35568,8.197,19.795,148.605,398.9368,0.5,-1.27,N/A,15142.339,19073.9088,22575.449,17193.979,18644.979,11657.447,16802.489,23227.579,12867.919,18931.279,21613.939,24050.789,11317.619,21632.394,6437.111,81199.03899999999,11433.689,11169.109,21220.479,12631.85,12422.609,17200.139,16275.509,15514.458999999999,27686.929,18609.869,25035.189,21308.366,7243.409,5154.355,8913.798,26719.879,25965.509,23937.622,21583.509,37734.009000000005,30504.949,14106.909,21700.629,21275.629,11166.109,15693.208999999999,100,100
PFHxS (M-H),PFAS Standards,likely,636,8.633666666666665,20.203,151.00333333333333,398.9378,3.01,0.33,N/A,410346.799,894544.899,678798.1989999999,802494.799,914570.399,128077.799,755420.399,706380.1989999999,353195.199,1069864.999,676387.5989999999,440643.299,501898.199,647893.299,190400.299,728332.899,140340.999,165863.69900000002,1109618.999,159890.19900000002,210211.299,753718.499,733368.899,529336.5989999999,675585.399,805890.0989999999,1255047.999,1017602.999,141498.19900000002,165404.00600000002,164007.799,913672.999,1004391.999,458773.599,1177727.999,350439.699,691266.299,189852.59900000002,891671.299,356851.799,190623.09900000002,155136.94400000002,100,100
PFNA (M-H-CO2),PFAS Standards,likely,12796,12.080333333333334,19.756,147.51666666666665,418.97436666666664,2.31,0.34,N/A,3353.009,6063.826999999999,9181.655999999999,10000.32,5936.425,6630.025,4986.007,4723.634,4427.322,1752.109,7630.089,8524.825,9646.063999999998,4096.932,6754.225,6874.784,3476.3019999999997,4312.077,5390.532999999999,4869.147,12343.092,3137.6929999999998,10104.845,6645.96,10674.641,7104.344999999999,11581.729,14775.519999999999,7503.816999999999,7685.6939999999995,2570.508,6308.375999999999,13478.211000000001,9647.429,14200.840999999999,10493.839,11101.025,9930.403,10253.913,10449.915999999997,7685.481,10688.142,100,100
6:2 FTS (M-H),PFAS Standards,likely,94159,9.435,22.703,168.97500000000002,426.96905000000004,2.69,0.5,N/A,1513.344,3873.5629999999996,0,0,0,0,0,0,0,0,0,2503.4120000000003,0,35309.459,1080.2740000000001,4223.6939999999995,0,5921.883,1091.518,10756.009,1154.617,0,2279.493,0,6280.572,7884.629,1970.602,1870.054,860.3095000000001,990.6132,3626.923,2204.542,2242.6609999999996,0,1729.65,16824.539,0,1620.4270000000001,0,1293.088,5314.8189999999995,2667.3469999999998,100,100
PFHpS (M-H),PFAS Standards,likely,3270,9.472666666666667,21.469,159.07000000000002,448.93519999999995,4.01,-0.11,N/A,39183.728,109434.34700000001,50223.537,81232.518,100002.799,1062.031,44625.562000000005,56410.24800000001,34168.12,158065.745,78233.391,36604.879,37770.554000000004,48440.052,8870.041,1983.945,0,1722.9080000000001,83136.54199999999,727.3763,10068.329,60883.359000000004,62432.076,57354.619,58686.014,72162.505,123251.59599999999,90488.97,2114.9759999999997,1712.515,2044.244,83897.177,85226.69499999999,38613.479,128357.798,4338.33,51103.630000000005,0,96849.439,31445.325,1969.691,0,100,100
PFNA (M-H),PFAS Standards,likely,3794,10.42,22.241,165.51,462.9641,1.94,0.22,N/A,29782.159,76315.659,29049.269,52499.809,66787.239,6078.232,18713.039,28329.789,23700.918999999998,85996.529,67167.699,33638.129,23571.789,30104.749,16801.859,8400.682,10480.939,7601.451,37136.209,15554.128999999999,19893.459,45193.439000000006,36812.889,56026.249,52674.929000000004,49209.069,92671.28899999999,54983.779,10083.319,6595.915,0,50531.709,44189.679000000004,20749.289,79066.489,10953.339,44515.289000000004,11710.259,52978.019,16257.979,7627.458,4012.316,100,100
PFDA (M-H-CO2),PFAS Standards,likely,1942,11.219333333333333,21.039,156.02,468.9705333333333,0.71,0.48,N/A,3722033.698,7002812.898,3075822.468,5803857.098,7867474.198,1270103.4780000001,3277033.0779999997,3780800.148,3718727.4379999996,9384401.798,6720464.898,3512187.3279999997,3273946.3479999998,3739734.888,2611110.218,1746176.5180000002,1621387.448,1276866.7680000002,6071721.498,2293293.4179999996,3097468.658,5639103.598,4277358.198,7669858.2979999995,4877238.7979999995,5335159.898,10251039.197999999,6035902.498,1793061.208,1494786.5380000002,1024673.5179999999,4914518.898,5096722.398,2621959.9979999997,9403656.998,1712217.428,3629473.068,1648192.818,6610217.498,1852476.368,1457069.2880000002,556079.5079999999,100,100
PFDA (M-H),PFAS Standards,likely,82916,11.095500000000001,23.176,173.12,512.9603,0.58,-0.63,N/A,45467.639,99582.449,37483.149000000005,84422.319,120189.599,12518.769,48609.249,51923.439000000006,42637.199,145792.339,102971.299,51880.97900000001,45670.059,52351.529,30428.399,17847.129,14476.298999999999,11670.999,91383.139,26730.799,48526.309,77994.829,59020.289000000004,104455.099,77383.00899999999,73882.629,150221.799,87845.299,20603.199,17361.489,7300.2029999999995,63072.009000000005,76380.219,34778.179000000004,141794.799,16857.779,48309.499,20504.918999999998,104174.099,19934.319,14861.029,5246.472,100,100
PFUdA (M-H-CO2),PFAS Standards,likely,14002,12.121,22.135,164.1075,518.968525,2.94,0.46,N/A,13302015.25,25611649.658000004,12301893.2,25215779.99,28014545.19,3061618.999,17105498.060000002,16600000,14404537.73,29218307.32,19901458.31,14605842.891999999,13503064.2,17002910.277000003,7196232.999,3963478.999,3265990.999,2712108.999,24904548.73,5366657.999,7929836.0479999995,22401365.68,18006909.53,23100000,16105307.27,19804504.619000003,32516071.518000003,23914275.11,4592103.999,3800391.999,3098761.999,16100000,23406861.4,12606008.02,32001395.55,3512942.999,15200000,3609535.999,27013089.39,9996632.442,3922950.999,1680762.999,100,100
9Cl-PF3ONS (M-H),PFAS Standards,likely,796,10.926,23.045,170.85,530.8957,0.19,0.36,N/A,236750.19900000002,1178326.999,217981.899,888396.299,1038055.999,57817.519,401462.099,373997.099,294629.199,1545165.999,406056.599,287216.499,311003.39900000003,380989.499,275915.699,60728.629,65600.50899999999,41365.609000000004,644557.0989999999,180847.999,247483.899,752576.299,390095.799,463625.499,331260.199,517792.099,1213124.999,572524.1989999999,103022.199,95168.949,62632.889,309655.89900000003,524116.89900000003,158418.59900000002,939759.799,77451.989,264546.999,71064.379,1338627.999,131720.59900000002,86473.799,20100.918999999998,100,100
PFNS (M-H),PFAS Standards,likely,26710,11.035000000000002,23.991,175.67,548.9287333333333,3.16,-0.89,N/A,0,2103.85,1433.909,0,7886.454,0,1196.9750000000001,0,1295.58,7849.922999999999,2073.785,0,0,0,0,0,0,0,0,0,0,3120.584,0,3354.6209999999996,0,1800.217,0,1764.1870000000001,0,0,0,0,0,1099.986,5027.523,0,0,0,6355.929999999999,0,0,0,100,100
PFDoA (M-H-CO2),PFAS Standards,likely,1237,12.293,23.543,174.23,568.9642,0.7,1.59,N/A,172526.299,266486.89900000003,151244.69900000002,277710.999,376590.599,56378.489,206220.19900000002,228987.799,226199.899,408468.39900000003,282158.39900000003,125859.299,175474.299,232200.799,114381.39899999999,78083.529,73382.419,53489.649000000005,341658.89900000003,93154.499,126364.599,296235.499,255212.299,335302.799,200588.09900000002,257458.59900000002,466829.799,403435.89900000003,105002.89899999999,82877.769,55172.589,222921.299,354239.699,231429.299,516020.299,71569.489,186902.59900000002,77345.329,326894.499,149994.299,84113.699,41358.65900000001,100,100
NMeFOSAA (M-H),PFAS Standards,likely,13578,12.443,25.995,192.33,569.9676,0.53,1.22,N/A,0,0,0,0,0,22333.779,0,0,0,0,0,0,0,0,0,0,0,26625.069,0,0,0,0,0,0,0,0,0,0,0,0,0,0,0,0,0,27765.299,0,32756.329,0,0,0,21195.459,100,100
PFDS (M-H),PFAS Standards,likely,62254,11.715399999999999,24.868,183.68200000000002,598.9239,0.17,-1.36,N/A,36754.055,69791.97700000001,43457.867000000006,58261.959,73794.254,2471.18,72225.652,34697.609000000004,36812.168999999994,87597.30099999999,62327.57800000001,26234.807,39055.62100000001,26239.373,7933.431,8419.064,3563.607,7106.461,128031.06999999999,3215.468,6415.519,51093.041000000005,33266.919,66201.92,35758.24,39780.969000000005,89481.521,69615.1422,0,5037.472,7313.4619999999995,52236.502,66852.231,50125.41800000001,91286.432,6892.084,43259.949,5054.706999999999,77417.38900000001,29557.575,1636.6580000000001,3637.6139999999996,100,100
PFDoA (M-H),PFAS Standards,likely,2537,12.375,26.024,191.36,612.95425,0.9,-0.01,N/A,63969.526,132164.45799999998,48101.63,119879.81599999999,154531.74800000002,3773.3469999999998,88010.67,93862.81899999999,72330.394,159059.128,87120.319,57197.829000000005,61166.742000000006,91986.12899999999,27153.829,13191.479,7227.911999999999,7872.687,143730.248,20019.023,27559.968,118356.822,82258.86899999999,105876.418,62994.459,106815.14199999999,166424.258,147659.988,16205.484,11247.69,9682.967999999999,73453.977,151446.888,70422.687,186847.518,6020.327,91107.267,9429.353,164427.588,50529.371,11287.539,0,100,100
PFTrDA (M-H-CO2),PFAS Standards,likely,2576,12.973333333333334,24.807,181.36333333333334,618.9618666666667,2.05,0.95,N/A,0,0,2707203.508,0,0,0,0,0,0,0,86522.959,0,0,0,1835806.088,1055310.038,956465.208,726342.658,6584774.568,1441568.908,1835345.168,5721448.257999999,4783737.658,5033050.608,3946413.4579999996,5628769.398,7174827.998,8260707.2979999995,1604184.128,1199916.5180000002,957782.688,3556804.278,7843899.998,5304662.467999999,9931575.398,925597.5079999999,4851827.007999999,1117122.398,7447761.998,3466835.738,1312389.368,708925.8679999999,100,100
11Cl-PF3OUdS (M-H),PFAS Standards,likely,9259,12.202,25.329,186.96,630.8905,2.06,0.24,N/A,0,23491.589,0,19358.149,26691.529,0,5006.4839999999995,6384.840999999999,3487.723,21459.189,6316.523,3818.0559999999996,4144.298,0,4905.615,0,0,0,8917.824999999999,0,0,16858.769,5350.2429999999995,7811.012,0,4513.429,27826.579,12045.849,0,0,0,3710.636,11876.519,1462.2160000000001,24232.849,0,1491.865,0,29923.509,0,653.3062,0,100,100
PFTrDA (M-H),PFAS Standards,likely,66524,12.857,27.111,200.14333333333335,662.9497333333333,-1.16,-0.31,N/A,373194.89900000003,572164.799,280432.199,614377.399,838741.499,67492.449,441468.099,591124.847,378077.299,841505.5989999999,450993.499,269924.799,365766.099,575954.5989999999,176207.299,104154.799,95216.859,70176.819,698425.899,142457.899,179429.799,594691.799,486605.799,498983.999,386297.499,553135.399,735729.399,888192.399,170136.09900000002,115027.599,99812.249,358700.39900000003,797251.399,544086.1989999999,1018081.999,88897.17899999999,512780.499,115525.199,775102.1989999999,322305.39900000003,121962.599,61271.039000000004,100,100
PFTeDA (M-H-CO2),PFAS Standards,likely,906,13.376,25.572,188.53,668.9581,1.05,0.49,N/A,263518.89900000003,454865.199,195623.69900000002,492905.39900000003,704974.899,49542.399000000005,304999.599,477074.999,282913.599,680756.5989999999,390735.89900000003,157157.799,286987.89900000003,441708.299,177515.19900000002,95393.169,92742.439,73672.08899999999,523029.599,132353.499,192381.399,442699.699,478637.099,439995.799,391070.499,582059.0989999999,635198.5989999999,727213.999,160635.799,115389.199,89937.949,310553.199,620383.6989999999,425619.499,958669.399,95983.78899999999,400463.999,112059.799,585405.5989999999,253070.999,133497.59900000002,64784.72900000001,100,100
6:6 PFPi (M-H),PFAS Standards,likely,12233,12.696,26.815,197.44,700.9225,-0.14,1.04,N/A,4513.415,7901.141,2300.303,21929.879,16935.949,0,1879.011,2299.609,11123.689,19741.119,0,3637.705,1828.121,3322.0919999999996,0,0,0,0,0,0,0,10912.829,0,0,0,0,16193.099,4517.773999999999,0,0,0,0,4372.012,0,8889.485,0,3373.355,0,16077.769,0,0,0,100,100
PFTeDA (M-H),PFAS Standards,likely,2993,13.318999999999999,28.516,209.04000000000002,712.9472499999999,-0.07,-0.07,N/A,40505.869000000006,76364.48799999998,25402.729,75107.65,126952.938,5189.458,46788.783,84986.21,45519.12000000001,113636.799,67701.582,18899.979,47340.678,67451.331,26850.089,9945.996,13718.969,0,78487.519,27380.349,28445.029,66493.033,70106.429,74643.93999999999,71425.659,92681.838,113854.288,135468.23799999998,19932.459,12458.039,8712.421,49485.754,106055.428,73632.68599999999,166881.86800000002,26405.719,56609.029,13901.389,101857.511,39900.416000000005,17705.409,6008.943,100,100
PFHxDA (M-H-CO2),PFAS Standards,likely,14521,14.103,27.798,204.35,768.9513,0.39,0.33,N/A,3897.8509999999997,6522.771,3512.22,4319.705,7706.2919999999995,0,3358.9739999999997,999.5942,3202.388,7777.806,0,0,3420.749,0,3444.23,0,0,0,5073.433,1461.734,4677.19,6348.664,3895.723,0,6494.687,0,0,0,3794.488,2426.392,0,0,3545.0559999999996,0,8232.037,3296.7659999999996,3014.6569999999997,2012.855,6382.121,0,3234.225,2215.287,100,100
6:2 diPAP (M-H),PFAS Standards,likely,11725,13.293,31.628,232.34,788.9759,1.01,-0.68,N/A,0,13177.369,0,1035.636,0,0,4442.853999999999,690.508,0,0,5522.967,0,18527.369,0,1272.594,12099.509,0,0,8492.086,0,1319.967,0,7846.108,641.4490000000001,20078.109,1357.609,2771.314,10402.089,22602.259,0,0,9937.247,0,0,0,3417.129,1264.982,10523.349,2213.627,3332.872,14022.259,0,100,100
6:8 PFPi (M-H),PFAS Standards,likely,5618,13.44,29.276,215.03,800.9174,1.5,0.83,N/A,0,51022.549000000006,9277.205,53512.049000000006,52898.699,0,8496.655999999999,9367.065,16675.299,96558.019,14788.579,6936.313999999999,10119.548999999999,20632.459,7392.653,1865.063,0,0,11834.539,0,10734.509,35254.679000000004,15770.059,26164.418999999998,8406.795,12878.439,49015.799000000006,22968.668999999998,1901.902,1497.869,0,9341.919,22693.649,0,47062.679000000004,0,9917.133,0,75621.019,1743.6100000000001,0,0,100,100
8:8 PFPi (M-H),PFAS Standards,likely,78684,14.042,31.66,231.95,900.9033,-7.21,-0.87,N/A,0,1724.8890000000001,0,0,0,0,0,0,0,0,0,0,0,0,0,0,0,0,0,0,0,0,0,0,0,0,0,0,0,0,0,0,0,0,0,0,0,0,0,0,0,0,100,100
Heptafluoropropan-2-ol or Perfluoropropanol,External Targets,tentative,68508,12.431,18.682,144.86,184.9855,6.59,N/A,N/A,0,0,0,963.7001,0,0,0,0,0,1895.102,0,0,0,0,0,0,0,0,0,0,0,0,0,0,0,0,0,0,0,0,0,0,0,0,0,0,0,0,0,0,0,0,100,100
"2,2,3,3-Tetrafluorobutanediimidic acid",External Targets,tentative,94323,2.418,1.069,22.130000000000003,187.012,-8.61,N/A,N/A,0,0,0,0,0,0,1402.859,0,0,0,0,0,0,0,0,0,0,0,0,0,0,0,0,0,0,0,0,0,0,0,0,0,0,0,0,0,557.7492,0,0,0,0,0,100,100
"2,2,3,3-Tetrafluorobutanediimidic acid",External Targets,tentative,94953,2.386,16.86,130.84,187.0121,-8.07,N/A,N/A,0,0,0,0,0,0,0,0,0,0,0,0,0,0,0,0,0,0,0,0,0,0,0,0,0,0,0,0,0,0,0,0,0,0,0,0,0,0,0,0,0,0,100,100
"2,2,3,3-Tetrafluorobutanediimidic acid",External Targets,tentative,86166,2.452,0.658,5.62,187.0127,-4.87,N/A,N/A,0,0,1114.538,0,0,0,0,0,0,0,0,0,0,0,0,0,0,0,0,0,0,0,0,0,0,0,0,0,0,0,0,0,0,0,0,0,0,0,0,0,0,0,100,100
Tetrafluorosuccinic acid,External Targets,tentative,88203,0.552,15.421,119.5,188.9827,5.6,N/A,N/A,0,0,0,0,0,0,0,0,0,0,0,0,981.2372,0,0,0,0,0,0,0,0,0,0,0,0,0,0,0,0,0,0,0,0,0,0,0,0,0,0,0,0,0,100,100
"5-Ethyl-3-(1,1,2,2-tetrafluoroethyl)-1H-pyrazole",External Targets,tentative,87141,4.581,18.164,140.53,195.0557,3.17,N/A,N/A,0,0,0,0,0,0,0,0,0,0,0,0,0,0,0,0,0,0,0,0,0,0,0,0,0,0,0,0,0,0,0,0,0,0,0,0,1050.2830000000001,0,0,0,0,0,100,100
"4-Hexen-3-one, 1,1,2,2-tetrafluoro-5-mercapto- or 5,5,6,6-Tetrafluoro-4-sulfanylhex-3-en-2-one or 5,6,6,6-Tetrafluoro-4-sulfanylhex-3-en-2-one",External Targets,tentative,94521,4.79,18.081,139.64,201.0009,3.14,N/A,N/A,0,0,0,0,0,0,0,0,0,0,0,0,0,0,0,0,0,0,0,0,0,0,0,0,0,539.2043,0,0,0,0,0,0,0,0,0,0,0,0,0,0,0,0,100,100
"4-Hexen-3-one, 1,1,2,2-tetrafluoro-5-mercapto- or 5,5,6,6-Tetrafluoro-4-sulfanylhex-3-en-2-one or 5,6,6,6-Tetrafluoro-4-sulfanylhex-3-en-2-one",External Targets,tentative,93340,8.264,18.117,139.75,201.0015,6.13,N/A,N/A,0,0,0,0,0,0,0,0,0,0,0,0,642.9625,0,0,0,0,0,0,0,0,0,0,0,0,0,0,0,0,0,0,0,0,0,0,0,0,0,0,0,0,0,100,100
"3-(2,2,3,3-Tetrafluoropropoxy)propane-1,2-diol",External Targets,tentative,74514,12.0365,18.012,138.7,205.0478,-7.45,N/A,N/A,0,5157.3769999999995,0,0,0,0,0,0,0,0,648.8412000000001,0,0,0,0,0,0,0,0,0,0,0,0,0,0,2134.5377,0,0,0,0,0,3277.0009999999997,0,0,0,0,0,0,0,0,0,0,100,100
"4,4,4-Trifluoro-3-hydroxy-3-(trifluoromethyl)butanenitrile",External Targets,tentative,39053,0.501,18.717,144.24,206.0029,-8.27,N/A,N/A,1507.4660000000001,0,0,1161.741,0,768.7314,0,0,1063.181,0,0,0,0,0,0,1428.775,1194.949,1001.583,0,0,0,1313.299,0,0,0,0,0,0,0,0,0,0,0,0,0,1790.173,0,2112.571,0,0,0,0,100,100
"1,5-Pentanediamine, 2,2,3,3,4,4-hexafluoro-",External Targets,tentative,86637,1.535,18.021,138.85,209.0502,-8.07,N/A,N/A,0,0,0,0,0,0,0,0,0,0,0,0,0,0,0,0,0,0,0,0,0,0,0,0,0,0,0,0,0,0,0,0,0,1083.643,0,0,0,0,0,0,0,0,100,100
"Phenol, 4-(pentafluoroethyl)-",External Targets,tentative,20475,13.021,18.764,144.41,211.0171,-7.94,N/A,N/A,626.3203,0,961.2635,1326.924,0,0,0,0,879.1766,1510.632,1943.645,1843.594,0,3271.5429999999997,0,2879.042,0,1952.4080000000001,0,4805.789,998.2435,803.3945,4132.852,1262.477,0,0,0,2073.794,0,2107.843,1808.318,2892.515,4011.9179999999997,4461.117,1716.042,2557.187,1045.333,0,1528.324,0,2165.861,0,100,100
"2,3,3,3-Tetrafluoro-2-(trifluoromethyl)propanamide or Heptafluorobutyramide",External Targets,tentative,90604,1.533,1.987,15.75,211.9945,-3.21,N/A,N/A,0,0,0,0,0,0,0,829.8672,0,0,0,0,0,0,0,0,0,0,0,0,0,0,0,0,0,0,0,0,0,0,0,0,0,0,0,0,0,0,0,0,0,0,100,100
"2,3,3,3-Tetrafluoro-2-(trifluoromethyl)propanamide or Heptafluorobutyramide",External Targets,tentative,96116,1.571,0.124,1.48,211.9962,4.81,N/A,N/A,0,0,0,0,0,0,0,0,0,0,0,0,0,0,0,0,0,0,0,0,0,0,0,0,0,0,0,0,0,0,0,0,0,0,0,0,0,0,0,0,0,0,100,100
"2,3,3,3-Tetrafluoro-2-(trifluoromethyl)propanamide or Heptafluorobutyramide",External Targets,tentative,91892,1.942,13.925,107.35,211.9968,7.64,N/A,N/A,0,0,0,0,0,0,0,0,0,0,0,0,0,0,0,0,0,0,748.9679,0,0,0,0,0,0,0,0,0,0,0,0,0,0,0,0,0,0,0,0,0,0,0,100,100
"2,3,3,3-Tetrafluoro-2-(trifluoromethyl)propanamide or Heptafluorobutyramide",External Targets,tentative,91501,1.938,15.275,117.54,211.9971,9.05,N/A,N/A,0,0,0,0,0,0,0,0,0,0,775.7585,0,0,0,0,0,0,0,0,0,0,0,0,0,0,0,0,0,0,0,0,0,0,0,0,0,0,0,0,0,0,0,100,100
"Ethyl 4,4,5,5-tetrafluoro-3-hydroxypent-2-enoate",External Targets,tentative,94147,0.792,3.466,27.19,215.0321,-7.33,N/A,N/A,0,0,0,0,0,0,0,0,0,0,0,0,0,0,0,0,0,0,0,0,0,0,0,0,0,0,0,0,0,0,0,0,0,0,0,573.8357,0,0,0,0,0,0,100,100
"Ethyl 4,4,5,5-tetrafluoro-3-hydroxypent-2-enoate",External Targets,tentative,95135,4.828,18.026,138.65,215.0334,-1.29,N/A,N/A,0,0,0,0,0,0,0,0,0,0,0,0,0,0,0,0,0,0,0,0,0,0,0,0,0,0,0,0,0,0,0,0,0,0,0,0,0,0,0,0,0,0,100,100
"Ethyl 4,4,5,5-tetrafluoro-3-hydroxypent-2-enoate",External Targets,tentative,63439,0.675,18.336,141.03,215.0336,-0.36,N/A,N/A,0,0,0,0,0,0,0,0,0,0,0,0,0,0,0,0,0,0,0,0,0,0,0,0,0,0,1535.907,0,2111.5989999999997,0,0,0,0,0,0,0,0,0,0,0,0,0,100,100
"Ethyl 4,4,5,5-tetrafluoro-3-hydroxypent-2-enoate",External Targets,tentative,93609,0.687,2.662,21.04,215.0347,4.76,N/A,N/A,0,0,0,0,0,0,0,0,0,0,0,0,0,0,0,0,0,0,0,0,0,0,0,0,620.0165000000001,0,0,0,0,0,0,0,0,0,0,0,0,0,0,0,0,0,100,100
"Methyl 3-amino-4,4,5,5,5-pentafluoropent-2-enoate",External Targets,tentative,86972,0.564,19.058,146.44,218.0244,-0.87,N/A,N/A,0,0,0,0,0,0,0,0,0,0,0,0,0,0,0,0,0,0,0,0,0,0,0,0,0,0,0,0,0,0,0,0,0,0,0,0,0,525.6145,0,534.7327,0,0,100,100
"Butanoic acid, 3,3,4,4-tetrafluoro-2-hydrazino-2-hydroxy-, hydrazide",External Targets,tentative,73746,10.423,19.679,150.98,219.0498,-5.74,N/A,N/A,0,0,0,0,0,0,0,0,0,0,0,0,0,0,0,0,0,0,0,0,0,0,0,0,0,0,0,0,0,0,0,0,0,0,0,0,0,0,0,0,0,0,100,100
"1,1,1-Trifluoro-4-methyl-2-(trifluoromethyl)pent-4-en-2-ol",External Targets,tentative,36251,1.8913333333333335,19.159,146.43333333333334,221.03919999999997,-6.58,N/A,N/A,0,0,0,0,0,0,0,0,0,0,0,0,0,0,0,0,0,0,0,0,0,0,0,0,0,5635.704,0,0,0,0,0,0,0,34300.138,0,0,0,0,0,0,0,0,100,100
"(1,1,2,3,3,3-Hexafluoropropoxy)acetic acid or 3,3-Bis(trifluoromethyl)-3-hydroxypropionic acid",External Targets,tentative,77407,1.5065,18.508,141.8725,224.997725,-6.48,N/A,N/A,0,53173.457,0,0,742.2344,0,0,11998.958999999999,0,0,67279.93400000001,0,0,0,0,0,0,0,0,0,0,0,25208.284799999998,3394.698,12984.639,3038.055,30498.399,1669.867,0,0,0,1018.924,0,0,1224.346,0,0,0,864.0021,0,0,0,100,100
NSC213296,External Targets,tentative,68322,14.738062500000002,19.576,150.628125,225.0270563,-9.79,N/A,N/A,0,257532.82499999998,3144.5209999999997,0,95848.75799999999,4269.2789999999995,158605.09900000002,9697.706,0,6548.929,842473.754,98983.67300000001,6668.768,34568.842000000004,183301.28000000003,58961.2065,77464.1261,63664.008,204479.648,148235.358,514649.36,169126.813,106634.05300000001,105288.799,115594.61499999999,46310.314000000006,72253.33200000001,106671.47700000001,16127.745,50239.728,112222.802,0,36966.2754,69022.973,134839.247,24204.702999999998,71160.268,180372.799,132250.50059999997,58816.322,161828.646,2558.298,100,100
"1,1,1-Trifluoro-2-(trifluoromethyl)pentane-2,4-diol or 5,5,5-Trifluoro-4-(trifluoromethyl)pentane-1,4-diol",External Targets,tentative,94044,14.915,19.632,150.57,225.0335,-9.19,N/A,N/A,0,0,0,0,0,0,0,0,0,0,0,0,0,0,0,0,0,0,0,0,0,0,0,0,0,0,0,0,0,0,0,0,0,0,0,0,0,0,0,0,0,0,100,100
"2,2,3,3,4,4,4-Heptafluoro-N-methylbutanamide or Methyl 2,2,3,3,4,4,4-heptafluorobutanimidate",External Targets,tentative,90659,13.3385,18.903,144.845,226.0105,-1.46,N/A,N/A,0,0,0,0,0,0,0,0,0,0,0,0,0,0,0,0,0,0,0,0,0,0,536.1462,0,0,0,0,0,0,0,0,0,0,0,0,0,0,0,0,0,0,0,100,100
"2,2,3,3,3-Pentafluoro-1-(pyridin-2-yl)propan-1-ol or 4-(Pentafluoroethoxy)aniline",External Targets,tentative,38366,15.583222222222222,19.654,150.63777777777779,226.02771111111113,-8.69,N/A,N/A,4486.718,0,20421.12,17959.977,2353.734,2875.2,518.7314,5072.38,0,14611.329,2962.9779999999996,0,1069.362,4475.298,0,0,1890.1970000000001,7038.043,0,0,0,1437.348,1470.537,4429.398999999999,0,0,1296.3576,0,956.6748,5521.312,0,7582.3279999999995,0,0,0,0,16877.418,4914.314899999999,0,0,1743.061,0,100,100
"4,4-Bis(trifluoromethyl)-4,5-dihydro-1H-pyrazole-3-carbonitrile or 5,5-Bis(trifluoromethyl)-4,5-dihydro-1H-pyrazole-4-carbonitrile",External Targets,tentative,83298,2.236,18.88,144.49,230.0143,-6.68,N/A,N/A,0,0,0,0,0,1332.444,0,0,0,0,0,0,0,0,0,0,0,0,0,0,0,0,0,0,0,0,0,0,0,0,0,0,0,0,0,0,0,0,0,0,0,0,100,100
2H-Perfluoropropylsulfonic acid,External Targets,tentative,20849,1.925,16.277,124.66,230.9554,-0.88,N/A,N/A,0,0,0,0,10909.359,0,0,0,0,18152.789,0,0,0,0,0,0,0,0,0,0,0,0,0,0,0,0,0,0,0,0,0,24400.429,0,0,0,0,0,0,0,0,0,0,100,100
"Ethyl 4,4,5,5,5-pentafluoro-3-hydroxy-2-pentenoate",External Targets,tentative,30860,2.824,19.757,151.15,233.026,7.49,N/A,N/A,0,0,0,0,0,0,0,0,0,0,6474.701,0,0,0,0,0,0,0,0,0,0,0,0,0,0,0,0,0,0,0,0,16440.869,0,0,0,0,0,0,0,0,0,0,100,100
2-(Pentafluoroethyl)-1H-benzimidazole,External Targets,tentative,33192,0.676625,18.908,144.585,235.0279375,-8.81,N/A,N/A,0,0,0,0,831.4819,8386.6054,0,0,0,0,0,0,0,0,894.7294,0,6437.403,0,4230.137000000001,1008.664,25143.156,0,39939.748,0,0,0,0,31735.158,2724.494,5651.171700000001,0,0,0,0,9580.238299999999,25248.222999999998,9353.463,3897.276,0,0,12901.719,1047.589,100,100
"4-Methyl-5-(1,1,2,2-tetrafluoroethoxy)benzene-1,2-diamine",External Targets,tentative,71400,2.307,19.636,150.09,237.0644,-5.25,N/A,N/A,0,0,0,0,0,0,0,0,0,0,1184.807,0,0,0,0,0,0,0,0,0,0,0,0,0,0,0,1299.712,0,0,0,0,0,0,0,0,0,0,0,0,0,0,0,100,100
"4-Methyl-5-(1,1,2,2-tetrafluoroethoxy)benzene-1,2-diamine",External Targets,tentative,20898,5.641,19.405,148.38,237.0675,7.82,N/A,N/A,0,0,0,0,0,0,0,0,0,4534.973,0,0,0,0,0,0,0,0,0,0,0,0,18639.469,0,8934.826,0,0,13530.739,0,0,0,4727.153,0,0,1249.457,1585.57,0,0,0,0,0,0,100,100
"Imidazolidine, 2-heptafluoropropyl-",External Targets,tentative,11100,4.395,19.957,152.48,239.042,-1.95,N/A,N/A,0,0,0,0,16953.199,0,0,0,0,0,0,0,2274.2679999999996,0,0,0,0,0,3454.4309999999996,0,0,0,0,0,0,0,0,102211.89899999999,0,0,0,0,0,71959.879,0,0,0,0,0,0,0,0,100,100
"Imidazolidine, 2-heptafluoropropyl-",External Targets,tentative,50008,1.071,19.377,148.08,239.0434,3.91,N/A,N/A,0,0,0,0,0,0,0,0,0,1684.751,0,0,0,0,0,0,0,0,0,0,0,0,2960.798,0,0,0,0,0,0,0,0,2567.9939999999997,0,0,0,0,0,0,0,0,0,0,100,100
"2,4-Pentanediol, 4-methyl-1,1,1-trifluoro-2-(trifluoromethyl)- or 3,3,4,4,5,5-hexafluoroheptane-2,6-diol",External Targets,tentative,16561,4.335,20.208,154.41,239.0491,-8.86,N/A,N/A,0,5215.282,0,0,0,0,0,0,0,0,0,0,0,0,0,0,0,0,0,0,0,0,0,0,0,80970.109,0,0,0,0,0,1373.685,0,0,0,0,0,0,0,0,0,0,100,100
"5,5,6,6,7,7,7-Heptafluoroheptan-3-amine",External Targets,tentative,64657,2.412,19.945,152.43,240.0651,9.3,N/A,N/A,0,0,0,0,0,0,0,0,0,0,0,0,0,0,0,0,0,0,0,0,0,0,1141.464,0,0,0,2293.586,0,0,0,0,0,0,0,0,0,0,0,0,0,0,0,100,100
"1-Cyclohexene-1-carbonitrile, 2-amino-3,3,4,4,5,5-hexafluoro-6-imino-",External Targets,tentative,7191,1.7845000000000002,19.731,149.8175,242.013525,-9.55,N/A,N/A,17247.379,0,12013.7168,43236.14800000001,41152.039000000004,3113.249,5434.415,31135.530099999996,733.2928,40126.109000000004,8055.418,3504.3481999999995,3202.77,3065.415,0,0,0,616.0729,14132.198,0,0,15991.180999999999,3450.928,49653.4473,9716.98,9544.962,3138.64,26403.965,0,0,0,33790.153999999995,20390.936,50427.073,22573.8737,0,44714.406,0,76439.296,52983.01700000001,0,0,100,100
"1-Cyclohexene-1-carbonitrile, 2-amino-3,3,4,4,5,5-hexafluoro-6-imino-",External Targets,tentative,54743,2.256,19.675,150.31,242.0144,-5.93,N/A,N/A,0,0,0,0,0,0,0,0,0,0,0,0,0,0,0,0,0,0,0,0,0,0,0,714.6249,0,0,0,0,0,0,0,0,0,0,0,0,0,0,2948.81,1966.633,0,0,100,100
"(2,3,3,5,5,6,6-Heptafluoro-1,4-dioxan-2-yl)methanol or (Heptafluoropropoxy)acetic acid",External Targets,tentative,85293,3.622,19.693,150.41,242.9904,2.63,N/A,N/A,0,0,0,0,0,0,0,0,0,0,0,0,0,0,0,0,0,0,0,0,0,0,1178.663,0,0,0,0,0,0,0,0,0,0,0,0,0,0,0,0,0,0,0,100,100
5-fluoro-2-methyl-6-(pentafluoroethyl)pyrimidin-4(1h)-one,External Targets,tentative,70369,2.944,20.361,155.34,245.0148,-2.86,N/A,N/A,0,0,0,0,0,0,1111.8,0,0,0,0,0,0,0,0,0,0,0,0,0,0,0,0,0,0,0,0,0,0,0,0,0,0,0,0,0,1496.349,0,0,0,0,0,100,100
"1,1,1,3,4,4-Hexafluoro-2-(trifluoromethyl)but-3-en-2-ol",External Targets,tentative,82175,11.874,16.494,125.83,246.98,-4.41,N/A,N/A,0,0,0,0,0,0,0,0,0,1421.371,0,0,0,0,0,0,0,0,0,0,0,0,0,0,0,0,0,0,0,0,0,0,0,0,0,0,0,0,0,0,0,0,100,100
"1,1,1,3,4,4-Hexafluoro-2-(trifluoromethyl)but-3-en-2-ol or 1H,1H,5H-Perfluoropentane-1-thiol",External Targets,tentative,94575,3.89,19.335,147.56,246.9831,-0.88 or 8.15,N/A,N/A,0,0,0,0,0,0,0,0,0,0,0,0,0,0,0,0,534.5232,0,0,0,0,0,0,0,0,0,0,0,0,0,0,0,0,0,0,0,0,0,0,0,0,0,100,100
"5-Fluoro-6-(pentafluoroethyl)pyrimidine-2,4(1H,3H)-dione",External Targets,tentative,91287,2.359,19.441,148.37,246.9945,-1.08,N/A,N/A,0,0,0,0,0,0,0,0,0,0,0,0,0,0,0,0,0,0,0,0,788.5332000000001,0,0,0,0,0,0,0,0,0,0,0,0,0,0,0,0,0,0,0,0,0,100,100
"1-Chloro-1,1,3,3,3-pentafluoro-2-(trifluoromethyl)propan-2-ol",External Targets,tentative,95506,6.852,18.034,137.56,250.9534,7.42,N/A,N/A,0,0,0,0,0,0,0,0,0,0,0,0,0,0,0,0,0,0,0,0,0,0,0,0,0,0,0,0,0,0,0,0,0,0,0,0,0,0,0,0,0,0,100,100
6-fluoro-2-(pentafluoroethyl)-1h-benzimidazole,External Targets,tentative,63917,1.7203333333333333,19.594,148.42666666666665,253.0222666666667,6.64,N/A,N/A,0,0,0,0,0,0,0,0,0,0,0,0,0,0,0,0,0,0,0,0,0,0,1730.756,0,0,0,0,2524.1949999999997,0,0,0,0,0,5043.52,0,0,0,0,0,0,0,0,100,100
"2-{[2-(Dimethylamino)ethyl]amino}-1,1,1,3,3,3-hexafluoropropan-2-ol",External Targets,tentative,94240,3.156,20.31,154.78,253.0765,-6.33,N/A,N/A,0,0,0,0,0,0,0,0,0,0,0,0,0,0,0,0,0,0,0,0,0,0,0,0,0,0,0,0,0,0,0,0,0,0,0,0,0,0,0,0,0,0,100,100
"2-{[2-(Dimethylamino)ethyl]amino}-1,1,1,3,3,3-hexafluoropropan-2-ol",External Targets,tentative,63033,1.461,19.881,151.52,253.0783,0.78,N/A,N/A,0,0,0,0,0,0,0,0,0,0,0,0,0,0,0,0,0,0,0,0,0,0,0,0,0,0,0,1079.957,0,0,0,1178.8120000000001,0,1472.664,0,0,0,0,0,0,0,0,100,100
"2-{[2-(Dimethylamino)ethyl]amino}-1,1,1,3,3,3-hexafluoropropan-2-ol",External Targets,tentative,66681,1.241,20.809,158.315,253.0806,9.87,N/A,N/A,0,3766.9069999999997,0,0,0,0,0,0,0,0,9196.646,0,0,0,0,0,0,0,0,0,0,0,0,0,0,0,0,0,0,0,0,0,0,0,0,0,0,0,0,0,0,0,100,100
ST075949,External Targets,tentative,72899,1.0832727272727274,20.102,149.36636363636362,255.0373727272727,-9.61,N/A,N/A,0,0,0,0,115115.43370000001,0,0,0,0,69680.945,0,0,1150.448,0,0,0,0,0,1622.108,0,0,0,401798.81,0,0,0,0,244397.89800000002,0,0,0,94292.298,0,367665.29099999997,0,0,0,0,0,0,0,0,100,100
"1-Ethoxy-2,2,3,3-tetrafluorospiro[3.5]nonan-1-ol",External Targets,tentative,53296,12.06,20.759,158.07666666666665,255.10041666666666,-3.71,N/A,N/A,19229.146999999997,29285.11,20495.779,10479.899,67535.244,44743.128000000004,19780.586,56180.40000000001,22403.429,66477.832,21484.949,25071.29,7736.842,26378.858,38277.348,28175.017,24372.132999999998,22979.027,53448.492000000006,27793.601000000002,18137.193,24710.944,42123.483,29477.846,39631.657,83996.85,35058.274,87362.027,31353.0945,23037.759,51582.782,48675.558000000005,35330.819,61073.564000000006,46434.414,26445.789999999997,20994.869,33589.752,31910.954,17424.495,24155.5088,32765.246,100,100
"1-Ethoxy-2,2,3,3-tetrafluorospiro[3.5]nonan-1-ol",External Targets,tentative,7908,11.813333333333333,20.777,158.04999999999998,255.1009333333333,-1.68,N/A,N/A,0,35836.069,15803.708999999999,0,0,0,0,46555.34500000001,0,1788.032,14783.529,8187.742,0,25788.469,0,0,1325.387,4394.032,0,10818.369,7421.516,0,28992.599,0,8560.646,87133.28499999999,0,5897.321,14331.798999999999,6975.536999999999,7901.79,33895.912,0,0,3062.3509999999997,11506.149,0,7522.909,0,0,6659.032999999999,0,100,100
"1-Ethoxy-2,2,3,3-tetrafluorospiro[3.5]nonan-1-ol",External Targets,tentative,42461,6.41,20.798,158.42,255.1005,-3.38,N/A,N/A,0,0,0,0,0,0,0,0,0,0,0,0,0,0,0,0,0,0,0,0,0,0,0,0,0,10896.229,0,0,0,0,0,0,0,0,0,0,0,0,0,0,0,0,100,100
"2-[(1,2,3,3,4,4,4-Heptafluorobut-1-en-1-yl)sulfanyl]ethan-1-ol",External Targets,tentative,51494,1.637,19.162,145.8,256.9866,-4.1,N/A,N/A,0,0,0,1364.077,0,0,4291.278,0,0,1006.936,0,0,0,0,0,0,0,0,0,0,0,0,0,0,0,0,0,0,0,0,0,0,0,0,0,0,0,0,0,0,0,0,100,100
"2-(2-aminophenyl)-1,1,1,3,3,3-hexafluoropropan-2-ol or 2-(3-Aminophenyl)-1,1,1,3,3,3-hexafluoropropan-2-ol or 2-(4-Aminophenyl)-1,1,1,3,3,3-hexafluoropropan-2-ol or 2-[(1,1,1,3,3,3-Hexafluoropropan-2-yl)amino]phenol or 4-(1,1,2,3,3,3-Hexafluoropropoxy)aniline",External Targets,tentative,89747,8.695,19.07,145.07,258.0348,-4.27,N/A,N/A,0,0,0,0,0,0,0,0,0,0,882.0747,0,0,0,0,0,0,0,0,0,0,0,0,0,0,0,0,0,0,0,0,0,0,0,0,0,0,0,0,0,0,0,100,100
"2(1H)-Quinoxalinone, 3-(pentafluoroethyl)-",External Targets,tentative,25062,0.548,20.459,155.58,263.024,-3.51,N/A,N/A,0,0,0,1839.409,0,0,0,1710.208,0,0,0,854.5019,1178.964,0,4052.5649999999996,0,2882.102,2277.64,0,0,3812.2419999999997,0,0,3851.245,0,1582.1390000000001,0,0,0,0,0,0,959.4447,1467.64,3215.2819999999997,1299.854,0,0,0,3000.2639999999997,1948.44,0,100,100
"1H-Benzimidazole, 5,6-dimethyl-2-(pentafluoroethyl)-",External Targets,tentative,89204,6.833833333333334,21.261,160.07500000000002,263.06019999999995,-4.22,N/A,N/A,0,0,0,927.3173,0,6007.0956,0,597.3582,0,843.0136,1438.423,0,3461.6837,0,6153.206,2184.6569999999997,1952.434,873.477,0,4730.174,0,0,3635.754,0,2134.147,2259.8889999999997,1955.246,0,4140.563,1404.667,0,2750.4272,7467.989,0,0,27873.549,0,6976.621,0,0,2113.0919999999996,2310.4939999999997,100,100
"1H-Benzimidazole, 5,6-dimethyl-2-(pentafluoroethyl)-",External Targets,tentative,44924,3.1630000000000003,20.09,154.9425,263.0601375,-4.45,N/A,N/A,104465.145,118204.405,97694.015,98200.189,102129.73499999999,90178.08899999999,108193.2429,80481.489,85818.4163,110863.13869999998,109903.397,92331.472,101581.184,90365.849,91148.199,91376.27399999999,101471.563,107398.01779999999,99038.679,93324.66299999999,106646.557,100562.299,189516.119,85667.9446,94121.71399999999,125730.843,112184.824,187557.614,91616.692,95197.4284,104627.34599999999,108294.29,92172.22899999999,129139.12099999998,134623.847,340276.177,94304.58899999999,92612.299,104357.31,94861.889,101644.355,95633.80099999999,100,100
"1H-Benzimidazole, 5,6-dimethyl-2-(pentafluoroethyl)-",External Targets,tentative,14836,5.110666666666666,20.096,159.89333333333335,263.0605,-3.08,N/A,N/A,0,0,0,0,5637.48,9477.905999999999,0,0,0,1410.6200000000001,0,0,0,0,0,0,1661.9660000000001,7858.463,0,0,5149.231,0,29150.896,0,0,0,1523.667,22011.399,20414.8572,0,0,0,729.823,0,5148.146,14766.219,0,4324.92,0,0,5170.793,1296.72,100,100
"1H-Benzimidazole, 5,6-dimethyl-2-(pentafluoroethyl)-",External Targets,tentative,31258,2.137,20.08,153.19,263.0602,-4.22,N/A,N/A,0,0,0,0,11707.189,9345.035,0,0,0,22416.359,985.4618,0,0,0,770.2269,21072.779,3292.343,3464.66,12947.339,17317.599,27044.869,0,44175.319,18047.916,5032.447999999999,0,0,46979.667,5389.972,10080.789,1691.218,0,0,0,25988.099,11190.38,0,4736.197,0,0,19843.499,0,100,100
"1H-Benzimidazole, 5,6-dimethyl-2-(pentafluoroethyl)-",External Targets,tentative,81699,10.106,20.429,155.39,263.0612,-0.41,N/A,N/A,0,0,0,0,0,0,0,0,0,0,0,0,0,0,0,0,0,0,0,0,0,0,0,0,0,0,0,0,0,0,0,0,0,0,0,1462.0240000000001,0,0,0,0,0,0,100,100
"2-(1,1,2,2,3,3-Hexafluoropropyl)-1H-benzimidazole",External Targets,tentative,24128,2.987,20.538,156.11,267.0369,2.48,N/A,N/A,0,0,0,0,0,0,0,0,0,0,0,0,0,0,0,0,0,0,0,0,0,0,16429.939,0,0,0,0,7674.679,0,0,0,0,0,14825.849,0,0,0,0,0,0,0,0,100,100
"2,2,3-Trifluoro-1-methyl-3-(trifluoromethyl)-2,3-dihydro-1H-inden-1-ol or 2-(4-Ethenylphenyl)-1,1,1,3,3,3-hexafluoropropan-2-ol or 3,3,4-Trifluoro-4-(trifluoromethyl)-1,2,3,4-tetrahydronaphthalen-2-ol",External Targets,tentative,94025,12.506,20.854,158.44,269.0414,2.77,N/A,N/A,0,0,0,0,0,0,0,0,0,0,0,0,0,0,0,0,0,0,0,0,0,0,0,0,583.9618,0,0,0,0,0,0,0,0,0,0,0,0,0,0,0,0,0,100,100
"(Dichloromethyl)[3-(1,2,2,2-tetrafluoroethoxy)propyl]silane",External Targets,tentative,8497,5.128,20.226,153.47,270.97535,4.5,N/A,N/A,0,0,0,0,1638.711,0,0,0,0,0,9328.085,0,0,0,15118.559,1566.376,4151.98,7554.842,0,5286.324,15724.739,0,0,6232.71,3240.942,0,14050.469,0,31231.109,6816.385699999999,10877.878999999999,19418.649,0,45410.019,85821.109,4971.817,0,41146.469000000005,0,0,5187.418,0,100,100
"THIOUREA, N-(2,2,3,3,4,4,4-HEPTAFLUOROBUTYL)-N'-",External Targets,tentative,79288,5.242,20.447,155.13,271.0135333333333,-3.7,N/A,N/A,0,0,0,0,0,0,0,0,0,0,0,0,0,0,0,0,0,0,0,0,0,0,15474.467,0,0,0,0,0,0,0,0,0,0,0,0,0,0,0,0,0,0,0,100,100
"4-[(2,2,3,3,3-Pentafluoropropyl)sulfanyl]benzene-1,2-diamine",External Targets,tentative,83153,0.544,20.961,159.2,271.0307,-9.89,N/A,N/A,0,0,0,0,0,0,0,0,0,0,0,0,0,0,0,0,0,0,0,0,0,0,0,0,0,0,0,0,0,0,0,0,0,1344.2,0,0,0,0,0,0,0,0,100,100
"4-[(2,2,3,3,3-Pentafluoropropyl)sulfanyl]benzene-1,2-diamine",External Targets,tentative,84778,1.8829583333333335,20.114,154.87208333333334,271.03249166666666,-3.28,N/A,N/A,0,67722.629,0,0,13647447.54,0,0,0,0,11744922.98,127949.52599999998,0,0,0,0,0,0,0,0,0,0,0,2678920.463,0,44856.559,653307.798,510498.19800000003,21799206.845999997,0,0,0,569745.6288999999,0,13245131.2,0,0,0,0,0,0,0,0,100,100
"4-[(2,2,3,3,3-Pentafluoropropyl)sulfanyl]benzene-1,2-diamine",External Targets,tentative,64471,0.77,21.18,160.85,271.0337,1.18,N/A,N/A,0,0,0,0,0,0,0,0,0,0,0,0,0,0,0,0,0,0,0,0,0,0,0,0,0,0,0,2134.319,0,0,0,0,0,1332.916,0,0,0,0,0,0,0,0,100,100
AC1MELTU,External Targets,tentative,77663,12.122,21.026,159.68,271.0956,-2.5,N/A,N/A,0,0,0,0,0,0,0,0,0,0,0,0,0,0,0,0,0,0,0,0,0,0,0,0,0,0,0,0,0,0,0,1822.398,0,0,0,0,0,0,0,0,0,0,100,100
"2,2,3,3,4,4-Hexafluoro-4-sulfobutanoic acid",External Targets,tentative,89292,11.744,20.713,157.21,274.9429,-9.21,N/A,N/A,0,0,0,0,0,0,0,0,0,0,0,0,0,0,0,0,0,0,0,0,0,0,0,0,0,0,0,911.5163,0,0,0,0,0,0,0,0,0,0,0,0,0,0,100,100
"1-[4-(1,1,2,2-Tetrafluoroethoxy)phenyl]piperazine",External Targets,tentative,94046,2.198,21.392,162.13,277.0962,-2.69,N/A,N/A,0,0,0,0,0,0,0,0,0,0,0,0,0,0,0,0,0,0,0,0,0,0,0,0,0,0,0,0,0,0,0,0,0,0,0,0,0,0,0,0,0,0,100,100
Tetrafluron,External Targets,tentative,38369,7.673,21.41,162.37,279.074,-7.92,N/A,N/A,0,0,0,0,0,0,0,0,0,0,0,0,0,0,0,0,0,0,0,0,0,0,0,0,0,0,0,7613.799,0,0,0,0,0,6302.74,0,0,0,0,0,0,0,0,100,100
"Bis(1H,1H-perfluoropropyl)amine",External Targets,tentative,43847,8.294,21.337,161.79,280.0217,9.82,N/A,N/A,0,0,0,0,0,0,0,0,0,0,0,0,0,0,0,0,0,1272.836,0,0,697.889,0,0,0,0,0,0,0,0,0,0,0,0,0,0,6755.429,0,0,968.0094,0,0,0,100,100
"1,1,2,2,3,3,4,4-Octafluorobutane-1-sulphonic acid or 1,1,2,2-Tetrafluoro-2-(1,1,2,2-tetrafluoroethoxy)ethane-1-sulfinic acid",External Targets,tentative,59816,3.192,16.971,128.8,280.9519,-1.82,N/A,N/A,0,0,0,0,0,0,0,0,0,0,0,0,0,0,0,0,0,0,0,0,0,0,4363.191,0,0,0,0,0,0,0,0,0,0,0,0,0,0,0,0,0,0,0,100,100
"1,1,2,2,3,3,4,4-Octafluorobutane-1-sulphonic acid or 1,1,2,2-Tetrafluoro-2-(1,1,2,2-tetrafluoroethoxy)ethane-1-sulfinic acid",External Targets,tentative,55328,3.513,17.668,134.06,280.9544,7.08,N/A,N/A,0,0,0,0,0,0,0,0,0,0,0,0,0,0,0,0,0,0,0,0,0,0,5464.513,0,0,0,0,0,0,0,0,0,0,0,0,0,0,0,0,0,0,0,100,100
"2,2,3,3,4,4,4-Heptafluoro-1-(piperazin-1-yl)butan-1-one",External Targets,tentative,20879,3.577,20.914,158.54,281.052,-3.67,N/A,N/A,0,0,0,0,0,0,0,0,0,4809.938,0,0,0,0,0,0,0,0,0,0,0,0,12392.628999999999,0,0,0,0,22043.879,0,0,0,3583.6589999999997,0,10494.819,0,0,0,0,0,0,0,0,100,100
"2,2,3,3,4,4,4-Heptafluoro-1-(piperazin-1-yl)butan-1-one",External Targets,tentative,21532,2.7903333333333333,21.136,160.12,281.0532666666666,0.84,N/A,N/A,0,0,0,0,8613.828,0,0,0,0,9441.855,0,0,0,0,0,0,0,0,0,0,0,0,3419.419,0,0,0,0,18906.768,0,0,0,0,0,27502.386,0,0,0,0,0,0,0,0,100,100
"2,2,3,3,4,4,4-Heptafluoro-1-(piperazin-1-yl)butan-1-one",External Targets,tentative,91970,5.442,21.011,159.3,281.0552,7.72,N/A,N/A,0,0,0,0,0,0,0,0,0,0,0,0,0,0,0,0,0,0,0,0,0,0,0,0,0,0,0,0,0,0,0,0,0,743.1243000000001,0,0,0,0,0,0,0,0,100,100
4-Chloro-3-(heptafluoropropyl)-5-methylpyrazole,External Targets,tentative,92895,3.692,19.932,150.95,282.9883,1.61,N/A,N/A,679.2702,0,0,0,0,0,0,0,0,0,0,0,0,0,0,0,0,0,0,0,0,0,0,0,0,0,0,0,0,0,0,0,0,0,0,0,0,0,0,0,0,0,100,100
2-(Pentafluoroethyl)-4-(propan-2-yl)pyrimidine-5-carboxylic acid,External Targets,tentative,46779,13.212,21.478,162.74,283.0511,-0.14,N/A,N/A,0,0,0,0,504.507,0,0,616.8536,0,0,0,0,0,0,796.5086,0,0,689.9236000000001,0,0,0,0,0,0,0,0,0,0,0,0,0,0,0,1131.27,0,4326.157999999999,516.1721,0,0,0,0,0,100,100
Undecafluoropentan-1-amine,External Targets,tentative,89177,15.849,20.968,158.82,283.994,0.43,N/A,N/A,0,0,0,0,0,0,0,0,0,0,0,0,0,0,0,0,0,0,0,0,0,0,0,0,0,0,0,0,0,0,0,0,0,0,0,0,0,0,0,524.5484,0,0,100,100
"1,1,1,3,3,4,4,4-Octafluoro-2-(trifluoromethyl)-2-butanol",External Targets,tentative,49991,12.493666666666668,20.521,155.4933333333333,284.97565000000003,-7.88,N/A,N/A,0,0,0,0,0,0,0,0,0,0,0,0,0,0,0,0,0,515.6062000000001,1632.8725000000002,0,1712.777,0,10842.892600000001,0,0,643.4435,0,0,0,0,0,0,1254.256,0,0,6097.6261,889.635,0,0,0,0,0,100,100
"1,1,1,3,3,4,4,4-Octafluoro-2-(trifluoromethyl)-2-butanol",External Targets,tentative,46404,13.476,20.52,155.5,284.9751,-9.81,N/A,N/A,0,0,0,0,0,0,0,0,0,0,0,0,0,0,0,0,0,0,0,0,0,0,8758.273,0,0,0,0,0,0,0,0,0,0,0,0,0,0,0,0,0,0,0,100,100
"1,1,1,3,3,4,4,4-Octafluoro-2-(trifluoromethyl)-2-butanol",External Targets,tentative,87901,9.892,20.534,155.61,284.9753,-9.1,N/A,N/A,0,0,0,0,0,0,0,0,0,0,0,0,0,0,0,0,0,0,0,0,0,0,999.6573000000001,0,0,0,0,0,0,0,0,0,0,0,0,0,0,0,0,0,0,0,100,100
"1,1,1,3,3,4,4,4-Octafluoro-2-(trifluoromethyl)-2-butanol",External Targets,tentative,24469,7.485,20.51,155.42,284.9755,-8.4,N/A,N/A,0,0,0,0,0,0,0,0,0,0,0,0,0,0,0,0,0,0,0,0,0,0,37842.009000000005,0,0,0,0,0,0,0,0,0,0,0,0,0,0,0,0,0,0,0,100,100
"(1z,6z)-2,2,3,3,4,4,5,5-octafluorohexanediimidamide",External Targets,tentative,49337,10.125,20.748,157.17,285.0415,8.1,N/A,N/A,0,0,0,0,0,0,0,0,0,0,0,0,1384.476,0,0,0,0,0,0,0,0,0,0,0,0,0,0,0,0,933.5419,0,0,0,0,0,5162.565,0,0,0,0,0,0,100,100
"3,3,3-Trifluoro-N-(4-methylpyridin-2-yl)-2-(trifluoromethyl)propanimidic acid",External Targets,tentative,62812,1.3506666666666665,20.898,158.85666666666668,285.0471222222222,1.12,N/A,N/A,0,0,0,0,661398.275,0,0,0,0,738475.5669999999,971.7608,0,0,0,0,0,0,0,0,0,0,0,252111.847,0,0,5342.449799999999,2525.1414,1572280.7490000003,0,0,0,59164.387,0,1772490.09,0,0,0,0,0,0,0,0,100,100
"3,3,3-Trifluoro-N-(4-methylpyridin-2-yl)-2-(trifluoromethyl)propanimidic acid",External Targets,tentative,20913,1.60725,21.237,158.69750000000002,285.0472,1.4,N/A,N/A,0,0,0,0,182957.627,0,0,0,0,0,0,0,0,0,0,0,0,0,0,0,0,0,21706.027000000002,0,0,0,0,356992.814,0,0,1548.086,6691.226,0,139156.01400000002,0,0,0,0,0,0,0,0,100,100
"4-(1,1,1,3,3,3-hexafluoro-2-hydroxypropan-2-yl)benzoic acid or 4-Amino-2-(heptafluoropropyl)pyrimidine-5-carbonitrile or Methyl 4,4,5,5,6,6,6-heptafluoro-3,3-dihydroxyhexanoate",External Targets,tentative,22594,1.6735,20.934,158.5625,287.01672500000006,-2.05 or 2.61 or 6.59,N/A,N/A,0,0,0,0,392132.39900000003,0,1200.776,0,0,17458.129,0,0,0,0,0,0,0,0,85187.26799999998,0,0,0,18100.682,8909.453,0,0,0,246777.69900000002,0,0,0,0,0,616007.899,0,0,0,0,0,0,0,0,100,100
"(2-Bromo-1,1,2,2-tetrafluoroethoxy)(difluoro)acetic acid",External Targets,tentative,88675,1.6404999999999998,19.006,143.905,288.89689999999996,9.88,N/A,N/A,0,0,0,0,0,0,0,0,0,0,0,0,0,0,0,0,0,0,0,0,0,0,0,0,0,0,0,0,0,0,0,0,0,0,0,0,0,0,0,0,2416.681,1661.155,100,100
"N-[(Chlorocarbonyl)oxy]-2,2,3,3,4,4,4-heptafluorobutanimidamide",External Targets,tentative,92191,1.61,19.957,151,288.9639,6.5,N/A,N/A,0,0,0,0,0,0,0,0,0,727.9842,0,0,0,0,0,0,0,0,0,0,0,0,0,0,0,0,0,0,0,0,0,0,0,0,0,0,0,0,0,0,0,0,100,100
"1,1,1,3,3,3-Hexafluoro-2-(2-mercapto-5-methylphenyl)-2-propanol",External Targets,tentative,47719,1.829,20.925,158.68,289.0135,2.68,N/A,N/A,0,0,0,0,0,0,0,0,0,0,0,0,0,0,0,0,0,0,0,0,0,0,0,0,0,0,0,0,0,0,0,0,0,0,0,0,0,0,0,0,0,0,100,100
"N-(3,3,4,4,5,5,5-Heptafluoropent-1-en-2-yl)cyclohexanamine",External Targets,tentative,69954,3.002,21.879,165.5,292.0942,0.11,N/A,N/A,0,0,0,0,0,0,0,0,0,0,0,0,0,0,0,0,0,0,0,0,0,0,0,0,0,0,0,0,0,0,0,0,0,0,0,0,0,0,0,0,0,0,100,100
"2-{[(2,2,3,3,3-Pentafluoro-1-phenylpropylidene)amino]oxy}acetamide",External Targets,tentative,88046,4.0125,21.579,162.97500000000002,295.05084999999997,-0.98,N/A,N/A,0,0,0,0,0,0,0,0,0,0,0,0,0,0,0,0,0,0,0,0,0,1531.959,0,0,0,0,0,0,0,0,0,0,1046.77,0,0,0,0,0,954.5074000000001,2437.5519,0,0,100,100
2-(Heptafluoropropyl)-3-methyl-1H-indole,External Targets,tentative,44085,15.455538461538463,21.794,165.19615384615386,298.0486461538461,4.8,N/A,N/A,37848.354999999996,35446.123999999996,10275.369,0,21629.684,65677.48000000001,85064.618,30282.222999999998,18641.281,52005.573,67641.565,38812.524,12313.759,38818.878,18779.061,8969.113,42019.65,48537.797,11425.309,0,72280.577,65411.985,12562.776,14123.609,12127.703,20399.436999999998,1231.352,0,21088.488999999998,22854.087999999996,9822.95,120320.146,22582.274,23934.193,31844.047,10173.985999999999,8269.221,22990.273999999998,0,28791.253999999997,60606.117,58458.638999999996,100,100
"1,1,1,3,3,3-Hexafluoro-2-(1,2,3,4-tetrahydroquinolin-6-yl)propan-2-ol or 4-Methyl-5-phenyl-2,2-bis(trifluoromethyl)-1,3-oxazolidine",External Targets,tentative,85079,4.238,21.973,166.14,298.0664,-2.69,N/A,N/A,0,0,0,0,0,0,0,0,0,0,0,0,0,0,0,0,0,0,0,0,0,0,0,0,0,0,0,1195.228,0,0,0,0,0,0,0,0,0,0,0,0,0,0,100,100
Perfluoro-2-(trifluoromethyl)propanesulphonic acid or Perfluorobutanesulfonic acid,External Targets,tentative,61498,8.958,21.675,163.88,298.9441,3.72,N/A,N/A,0,0,0,0,0,0,0,0,0,0,0,0,0,0,0,0,0,0,0,0,0,0,4018.6899999999996,0,0,0,0,0,0,0,0,0,0,0,0,0,0,0,0,0,0,0,100,100
5:1 Fluorotelomer alcohol,External Targets,tentative,65531,13.492,21.139,159.84,298.991,-8.51,N/A,N/A,0,0,0,0,0,0,0,0,0,0,0,0,0,0,0,0,0,0,0,0,0,0,3291.6349999999998,0,0,0,0,0,0,0,0,0,0,0,0,0,0,0,0,0,0,0,100,100
5:1 Fluorotelomer alcohol,External Targets,tentative,32236,8.466,21.198,160.28,298.9912,-7.84,N/A,N/A,0,0,0,0,0,0,0,0,0,0,0,0,0,0,0,0,0,0,0,0,0,0,20772.579,0,0,0,0,0,0,0,0,0,0,0,0,0,0,0,0,0,0,0,100,100
5:1 Fluorotelomer alcohol,External Targets,tentative,76464,10.26,21.139,160.005,298.99255,-3.33,N/A,N/A,0,0,0,0,0,0,0,0,0,0,0,0,0,0,0,0,0,0,0,0,0,0,6952.1849999999995,0,0,0,0,0,0,0,0,0,0,0,0,0,0,0,0,0,0,0,100,100
3-(Nonafluoro-1-butyl)-5-(methyl)pyrazole,External Targets,tentative,7747,10.616,21.88,165.42,299.025,4.61,N/A,N/A,0,0,0,0,0,0,0,0,0,0,0,0,0,0,0,0,0,0,0,0,0,1080.8410000000001,397304.799,0,0,0,0,0,0,0,0,0,0,0,0,0,0,0,0,0,0,0,100,100
"5-(1,1,1,2,3,3,3-Heptafluoropropan-2-yl)-1,3-dihydro-2H-benzimidazol-2-one",External Targets,tentative,84709,12.923,21.844,164.94,301.0243,8.54,N/A,N/A,0,0,0,0,0,1220.145,0,0,0,0,0,0,0,0,0,0,0,0,0,0,0,0,0,0,0,0,0,0,0,0,0,0,0,0,0,0,0,0,0,0,0,0,100,100
"5,5,6,6,7,7,8,8,8-Nonafluoro-2-methyloct-3-yn-2-ol",External Targets,tentative,87637,0.561,21.925,165.54,301.0279,-0.46,N/A,N/A,0,0,0,0,0,0,0,1016.7470000000001,0,0,0,0,0,0,0,0,0,0,0,0,0,0,0,0,0,0,0,0,0,0,0,0,0,0,0,0,0,0,0,0,0,0,100,100
"1,1,1-Trifluoro-5-phenyl-2-(trifluoromethyl)pentane-2,4-diol or 2,2,3,3,3-pentafluoro-1,1-diphenylpropan-1-ol or 4,4,4-Trifluoro-2-methyl-1-phenyl-3-(trifluoromethyl)butane-1,3-diol",External Targets,tentative,14625,3.9935,22.057,166.70999999999998,301.06780000000003,3.09 or 6.89,N/A,N/A,2315.953,0,7130.512,11239.028,0,2976.417,8754.827,9500.71,6842.4169999999995,0,0,12498.439,5361.7264000000005,4152.24,2084.04,5066.559,3323.948,0,1756.049,0,4450.952,9031.148000000001,0,2289.7129999999997,2406.9359999999997,0,0,2056.134,2869.1229999999996,7489.456999999999,1821.73,0,10239.559,2647.4089999999997,1155.116,1695.056,9885.35,3447.1229999999996,6946.023,2910.5788000000002,3422.2349999999997,5382.1991,100,100
"5,6-Dichloro-2-(pentafluoroethyl)-1H-benzimidazole",External Targets,tentative,81733,8.556,21.608,163.28,302.9498,-7.47,N/A,N/A,0,0,0,0,0,0,0,0,0,0,0,0,0,0,0,0,0,0,0,0,0,0,1458.868,0,0,0,0,0,0,0,0,0,0,0,0,0,0,0,0,0,0,0,100,100
"1-(2-Chlorophenyl)-4,4,4-trifluoro-3-(trifluoromethyl)but-2-en-1-ol or 1-(3-Chlorophenyl)-4,4,4-trifluoro-3-(trifluoromethyl)but-2-en-1-ol",External Targets,tentative,11837,1.4584285714285714,20.923,158.63285714285715,303.00371428571435,6.71,N/A,N/A,0,0,0,0,75540.05700000002,0,0,0,0,102687.33,0,0,0,0,0,0,0,0,0,0,0,0,52623.33060000001,0,0,0,0,192649.25749999998,0,0,0,75739.28,0,13280.7913,0,0,0,0,0,0,0,0,100,100
"1-(2-Chlorophenyl)-4,4,4-trifluoro-3-(trifluoromethyl)but-2-en-1-ol or 1-(3-Chlorophenyl)-4,4,4-trifluoro-3-(trifluoromethyl)but-2-en-1-ol",External Targets,tentative,27508,2.235,20.95,158.33,303.0039,7.32,N/A,N/A,0,0,0,0,0,0,0,0,0,0,0,0,0,0,0,0,0,0,0,0,0,0,8841.535,0,0,0,0,0,0,0,0,12418.119,0,8171.449,0,0,0,0,0,0,0,0,100,100
"3,3,4,4,5,5,6,6,6-Nonafluoro-1-nitrohex-1-en-2-amine",External Targets,tentative,65555,1.82,21.031,158.81,305.0005,8.85,N/A,N/A,0,0,0,0,0,0,0,0,0,2493.658,0,0,0,0,0,0,0,0,0,0,0,0,0,0,0,0,0,0,0,0,0,0,0,0,0,0,0,0,0,0,0,0,100,100
"4,4'-(3,3,4,4-Tetrafluorocyclobut-1-ene-1,2-diyl)dianiline",External Targets,tentative,58794,10.12,21.299,160.86,307.0835,-9.38,N/A,N/A,0,0,0,0,0,0,0,0,0,0,0,0,0,0,0,0,0,0,0,0,0,0,0,0,0,0,0,0,0,4584.5,0,0,0,0,0,0,0,0,0,0,0,0,100,100
"4,4'-(3,3,4,4-Tetrafluorocyclobut-1-ene-1,2-diyl)dianiline",External Targets,tentative,19812,4.927,21.205,160.1,307.084,-7.75,N/A,N/A,0,5162.219999999999,6312.375,0,0,0,0,0,0,6100.574,0,0,0,0,7544.527,0,0,0,0,8148.571,0,0,7573.481,0,0,0,0,5169.693,0,0,0,7211.099999999999,0,0,0,0,0,0,0,0,6144.081999999999,0,100,100
"4,4'-(3,3,4,4-Tetrafluorocyclobut-1-ene-1,2-diyl)dianiline",External Targets,tentative,29194,5.1633000000000004,21.207,160.17100000000002,307.08483,-5.05,N/A,N/A,12615.587,13409.571,8086.168,22164.519,25261.067000000003,18419.702999999998,0,5221.3189999999995,3240.502,28355.506,14336.057,14287.467,9440.124,17148.306,53473.58899999999,50739.619,24695.295,49731.53200000001,48250.452,33867.733,42565.531,33247.492,5325.593,20517.298000000003,42061.537,27353.161,18617.626399999997,42209.17,43179.712999999996,41054.568,54094.781,31775.613999999998,26901.883,51353.997,50803.449,58676.496,44596.561,45038.416,35064.773,25744.727999999996,52702.723000000005,31143.393999999997,100,100
"4,4'-(3,3,4,4-Tetrafluorocyclobut-1-ene-1,2-diyl)dianiline",External Targets,tentative,21227,5.625142857142857,21.235,160.18428571428572,307.0846000000001,-5.8,N/A,N/A,9389.555,0,5845.766,6036.0339,10523.830600000001,5475.139,16356.05,5989.012999999999,9935.114,9121.771999999999,6324.795,1918.054,6143.423,7556.897999999999,16785.262,11956.824,13062.336,20263.429,12677.292999999998,8342.262999999999,3696.665,10286.139,10405.519,0,23806.288,16518.790999999997,0,6776.537,13409.293999999998,24906.318,9967.679,3079.194,7058.187,7689.9349999999995,11829.465999999999,11773.150999999998,0,8000.581999999999,3505.337,9057.726,7690.949999999999,11240.928,100,100
"N-{1-[2-(1,1,2,2-Tetrafluoro-2-phenylethyl)phenyl]ethylidene}hydroxylamine",External Targets,tentative,5609,9.978,22.604,169.175,310.08855,8.07,N/A,N/A,16162.859,0,20757.589,37408.959,3475.4379999999996,17909.886,45468.807,0,17547.689,3564.9489999999996,0,18873.439,58124.709,18367.029,27364.259,11692.309,24992.539,26100.096999999998,0,28750.149,28075.889,40672.539000000004,0,3200.2459999999996,0,0,0,2685.687,22469.489,18848.637,19802.179,0,6789.816,0,12121.368999999999,26615.769,16640.879,37800.829000000005,30521.789,27909.779,40507.814000000006,24296.999,100,100
"13,13,14,14,14-Pentafluoro-3,6,9,12-tetraoxatetradecan-1-ol",External Targets,tentative,91638,3.75,22.404,168.92,311.0939,5.03,N/A,N/A,0,0,0,0,0,0,0,0,0,0,0,0,0,0,0,0,0,0,0,0,0,0,0,0,0,0,0,0,0,0,0,0,0,0,0,0,0,0,0,0,0,0,100,100
"2-Propanol, 3-(2-benzothiazolyl)-1,1,1-trifluoro-2-trifluoromethyl-",External Targets,tentative,81388,6.675,21.596,162.95,314.0091,3.59,N/A,N/A,0,0,0,0,0,0,0,0,0,0,0,0,0,0,0,0,0,0,0,0,0,0,0,0,0,0,0,0,0,0,0,0,0,0,0,0,0,1488.671,0,0,0,0,100,100
"2-(1,1,2,2,3,3,4,4-Octafluorobutyl)-1,3,6-triazocane",External Targets,tentative,24344,0.535,21.846,164.8,314.0927,5.75,N/A,N/A,0,0,0,0,0,4224.007,0,0,0,0,0,0,0,0,3908.461,0,2566.25,0,0,0,0,0,0,0,0,0,0,0,1792.076,1422.259,0,0,0,0,0,0,0,4599.544,0,0,15565.749,4139.089,100,100
"3-(2,2-Dichloroethenyl)-2,2-bis(trifluoromethyl)cyclopropane-1-carboxylic acid or Nonafluorobutane-1-sulfonoperoxoic acid or Perfluoro(2-ethoxyethane)sulfonic acid",External Targets,tentative,48667,9.716000000000001,21.752,164.235,314.93895,-9.6 or 3.32,N/A,N/A,44697.65900000001,44928.469000000005,47856.37,48346.769,38691.589,43951.679000000004,49269.818,45740.989,37471.509000000005,43625.749,41945.619000000006,37037.629,44261.699,40898.709,31995.609,38914.929000000004,34921.72900000001,32551.819,23215.489,30301.209,25467.939,32057.539,62900.2414,35279.379,43271.539000000004,26602.035,31629.739,35943.029,32541.769,30238.959,36419.789000000004,35609.249,34986.629,34750.819,30041.289,123402.89899999999,24713.619,28646.459,25970.879,32453.179,41901.419,34618.639,100,100
"3-(2,2-Dichloroethenyl)-2,2-bis(trifluoromethyl)cyclopropane-1-carboxylic acid or Nonafluorobutane-1-sulfonoperoxoic acid or Perfluoro(2-ethoxyethane)sulfonic acid",External Targets,tentative,45639,11.366,22.097,166.69,314.9399,-6.58 or 6.34,N/A,N/A,0,0,0,0,0,0,0,0,0,0,0,0,0,0,0,0,0,0,0,0,0,0,9124.131,0,0,0,0,0,0,0,0,0,0,0,0,0,0,0,0,0,0,0,100,100
"1,1,1,5,6,6-Hexafluoro-3-(prop-2-en-1-yl)-2-(trifluoromethyl)hex-5-en-2-ol or 2-Pentanone, 4-hydroxy-1-phenoxy-5,5,5-trifluoro-4-(trifluoromethyl)- or 6,6,7,7,8,8,9,9,9-Nonafluoro-3-methylnon-4-yn-3-ol",External Targets,tentative,55975,0.56,21.015,158.52,315.0462,0.21 or 7.97,N/A,N/A,0,0,0,0,0,0,0,0,0,0,0,0,0,1208.872,0,0,0,0,0,0,0,0,0,0,0,0,0,0,0,0,0,0,0,687.302,0,2165.2889999999998,0,0,0,0,0,0,100,100
"N'-(Benzenesulfonyl)-2,2,3,3,3-pentafluoropropanimidohydrazide",External Targets,tentative,6153,8.161,22.469,169.4,316.0178,-2.08,N/A,N/A,6307.089,0,0,0,0,0,0,0,0,0,7078.276,0,0,6738.169,0,577413.399,0,0,0,0,0,0,0,0,7175.575,0,3522.479,0,0,0,0,3502.2079999999996,0,0,0,0,0,0,0,0,0,0,100,100
"3-Oxo-2-[2-(2,2,3,3-tetrafluoro-2,3-dihydro-1,4-benzodioxin-6-yl)hydrazinylidene]butanenitrile",External Targets,tentative,31400,4.1,22.056,166.36,316.0364,4.2,N/A,N/A,0,0,0,0,0,0,0,0,0,0,0,0,0,0,0,0,0,0,5721.6669999999995,0,0,1282.847,0,3710.5849999999996,0,0,0,7048.608,0,0,0,0,0,4262.946,0,0,0,0,0,0,0,0,100,100
"4,4,4-trifluoro-1-(4-fluorophenyl)-3-hydroxy-2-methyl-3-(trifluoromethyl)butan-1-one",External Targets,tentative,58954,5.834,18.55,139.92,317.0449,9.79,N/A,N/A,0,0,0,0,0,0,0,0,0,0,0,0,0,0,0,0,0,0,0,0,0,0,0,0,0,0,0,0,0,0,0,0,0,0,0,0,0,0,0,0,0,0,100,100
"Benzimidazole, 5(or 6)-chloro-2-(heptafluoropropyl)-",External Targets,tentative,92430,8.353,17.57,132.6,318.9888,3,N/A,N/A,0,0,0,0,0,0,0,0,0,0,0,0,0,0,0,0,0,0,0,0,0,0,0,0,0,0,0,0,713.2744,0,0,0,0,0,0,0,0,0,0,0,0,0,100,100
"4-(2,2,3,3,4,4,4-Heptafluorobutoxy)benzoic acid",External Targets,tentative,32700,3.365,22.206,167.42,319.0179,-9.91,N/A,N/A,0,0,0,0,0,0,0,0,0,0,0,0,0,0,0,0,0,0,0,0,0,0,20131.719,0,0,0,0,0,0,0,0,0,0,0,0,0,0,0,0,0,0,0,100,100
"4-Ethyl-2-(heptafluoropropyl)pyrimidine-5-carboxylic acid or Butanamide, N-(4-amino-2-hydroxyphenyl)-2,2,3,3,4,4,4-heptafluoro-",External Targets,tentative,54502,5.842,18.555,139.84,319.0339,5.03,N/A,N/A,0,0,0,0,0,0,5695.196,0,0,0,0,0,0,0,0,0,0,0,0,0,0,0,0,0,0,0,0,0,0,0,0,0,0,0,0,0,0,0,0,0,0,0,100,100
"4-Ethyl-2-(heptafluoropropyl)pyrimidine-5-carboxylic acid or Butanamide, N-(4-amino-2-hydroxyphenyl)-2,2,3,3,4,4,4-heptafluoro-",External Targets,tentative,65406,3.9725,22.176,167.42000000000002,319.03499999999997,8.48,N/A,N/A,0,0,0,0,0,0,0,0,0,0,0,0,0,0,0,758.9063,0,0,0,0,0,0,0,0,0,0,0,0,0,627.3345,0,0,0,0,0,0,3442.7099999999996,0,1110.7640000000001,1535.2997,0,0,100,100
"4,4,4-Trifluoro-1-(4-fluorophenyl)-2-methyl-3-(trifluoromethyl)butane-1,3-diol",External Targets,tentative,84974,7.834,22.511,169.71,319.0598,7.38,N/A,N/A,0,0,0,0,0,0,0,0,0,0,0,0,0,0,0,0,0,0,0,0,0,0,0,0,0,0,0,0,0,0,0,0,0,0,0,1202.336,0,0,0,0,0,0,100,100
(4R)-1-(Trifluoroacetyl)-4-[(trifluoroacetyl)oxy]-L-proline,External Targets,tentative,92498,3.9930000000000003,22.068,166.305,322.0146,-2.99,N/A,N/A,4119.699,0,3665.328,0,0,0,1913.438,1533.118,1656.869,0,0,0,708.4461,0,0,0,0,0,0,0,0,4057.798,0,0,0,0,0,0,0,0,0,0,1843.386,0,0,0,0,0,6830.995,9015.414999999999,0,0,100,100
"Ethyl [2-(2-ethoxyethoxy)-1,1,1,3,3,3-hexafluoropropan-2-yl]carbamate",External Targets,tentative,52966,5.41,22.494,169.43,326.0842,2.92,N/A,N/A,0,0,0,0,0,0,0,0,0,0,0,0,0,0,0,0,0,0,0,0,1141.364,0,0,0,0,0,0,0,0,0,0,0,0,0,2811.663,1581.579,0,0,0,0,628.4253,0,100,100
"2,2'-[(2,2,3,3,4,4-hexafluoropentane-1,5-diyl)bis(oxy)]diacetic acid or 2-Acetoxy-4-(2.2,3,3,3-pentafluoropropoxy)benzoic acid",External Targets,tentative,19212,3.0745,22.593,170.055,327.03065,-0.69 or 2.8,N/A,N/A,0,0,0,16225.628999999999,0,0,17570.109,0,8752.641,0,0,0,2694.622,0,0,0,0,0,0,0,0,10672.391,0,2904.694,0,0,0,0,0,0,0,0,0,0,0,0,18477.329,0,0,4165.742,0,0,100,100
"4-[5-(Heptafluoropropyl)-1H-1,2,4-triazol-3-yl]aniline",External Targets,tentative,26013,11.471,22.72,170.94,327.0502,4.85,N/A,N/A,0,0,0,0,0,0,0,0,0,0,0,33115.899000000005,0,0,0,0,0,0,0,0,0,0,0,0,0,0,0,0,0,0,0,0,0,0,0,0,0,0,0,0,0,0,100,100
"4,4,4-trifluoro-3-hydroxy-1-(4-methoxyphenyl)-2-methyl-3-(trifluoromethyl)butan-1-one",External Targets,tentative,78621,3.977,22.397,168.985,329.06165,-0.4,N/A,N/A,1252.154,1219.602,0,805.5462,0,0,3772.2909999999997,2085.2389999999996,3333.584,0,0,880.0248,0,0,0,0,0,0,0,0,0,3500.6079999999997,0,0,0,0,0,0,0,0,0,0,2250.0587,0,0,0,1925.1100000000001,0,0,1857.241,0,0,100,100
"4-(2,2,3,3,4,4,4-heptafluorobutanoylamino)benzamide",External Targets,tentative,37022,1.694,21.625,162.78,331.0297,-7.84,N/A,N/A,1314.237,0,0,0,0,0,0,0,0,0,0,0,1444.213,0,0,0,0,0,1625.462,1734.5140000000001,913.884,1383.178,1166.5,957.5625,0,0,0,0,0,846.4895,0,0,0,0,1667.018,0,0,0,0,0,1714.224,0,100,100
"4-(2,2,3,3,4,4,4-heptafluorobutanoylamino)benzamide",External Targets,tentative,73815,1.721,21.566,162.29,331.0332,2.74,N/A,N/A,0,0,0,0,0,0,1203.95,0,0,0,0,0,0,0,1002.711,0,0,0,0,0,0,0,0,0,0,0,0,0,0,0,0,0,0,0,0,0,0,0,0,0,0,0,100,100
"4,4,5,5,6,6,7,7-Octafluoro-1-phenylhept-1-yn-3-ol",External Targets,tentative,52670,3.039,21.942,165.19,331.0363,-3.5,N/A,N/A,0,0,0,0,0,0,0,0,0,0,0,0,0,0,0,0,0,0,0,0,0,0,1703.673,0,0,0,0,3801.7749999999996,0,0,0,0,0,753.2472,0,0,0,0,0,0,0,0,100,100
N-[4-(Pentafluoroethoxy)phenyl]pyridine-3-carboxamide or N-[4-(Pentafluoroethoxy)phenyl]pyridine-4-carboxamide,External Targets,tentative,74916,4.936,22.71,170.76999999999998,331.0487,-7.37,N/A,N/A,0,0,0,0,0,0,0,0,0,0,0,0,0,0,3502.6119999999996,0,0,1490.989,0,0,2051.948,0,0,0,0,0,0,0,2987.9181,0,948.0752,0,0,0,4194.37,0,0,1631.744,0,0,0,0,100,100
"2-Ethyl-4,4,4-trifluoro-1-(4-fluorophenyl)-3-(trifluoromethyl)butane-1,3-diol",External Targets,tentative,72504,3.983,18.804,141.47,333.0711,-6,N/A,N/A,0,0,0,0,0,0,0,0,0,0,0,0,0,0,0,0,0,0,0,0,0,0,0,0,0,0,0,0,0,0,0,0,0,0,0,0,0,0,0,0,0,0,100,100
"2,2-Bis(3-aminophenyl)hexafluoropropane or Benzenamine, 4,4'-[2,2,2-trifluoro-1-(trifluoromethyl)ethylidene]bis-",External Targets,tentative,38631,6.917,23.059,173.53,333.0852,6.04,N/A,N/A,0,0,0,0,0,0,0,0,0,0,0,0,0,0,0,0,0,0,0,0,0,0,0,0,0,0,0,8170.492,0,0,0,0,0,5532.059,0,0,0,0,0,0,0,0,100,100
"1,1,1,3,4,4,4-Heptafluoro-2,3-bis(trifluoromethyl)butan-2-ol or Tridecafluorohexan-1-ol",External Targets,tentative,50527,2.653,21.65,162.745,334.97505,1.04,N/A,N/A,0,0,0,0,0,0,0,0,0,0,0,0,0,0,0,0,0,0,0,0,0,0,0,0,0,0,0,10430.4,0,0,0,0,0,0,0,0,0,0,0,0,0,0,100,100
"1-(Butylselanyl)-2,2,3,3,4,4,4-heptafluorobutan-1-ol",External Targets,tentative,86482,3.947,18.834,141.66,334.9813,6.7,N/A,N/A,0,0,0,0,0,0,0,0,0,0,0,0,0,0,0,0,0,0,0,0,0,0,0,0,0,0,0,0,0,0,0,0,0,0,0,0,0,0,0,0,0,0,100,100
"3,3,4,4,5,5,6,6,6-Nonafluoro-2-hydroxy-N,N~2~-dimethylnorleucinamide or 4,4'-(1,2,2,3,3,3-Hexafluoropropane-1,1-diyl)diphenol or 4-[1,1,2,2,3,3-hexafluoro-3-(4-hydroxyphenyl)propyl]phenol or Bisphenol AF",External Targets,tentative,15925,1.2372727272727273,21.229,160.83363636363637,335.04802727272727,-9.52 or 9.78,N/A,N/A,18837.596999999998,12431.17,19050.417,0,1433.592,22183.258,5604.516,0,14214.977,6336.098,48194.609,15620.497399999998,21136.6,22331.264,15633.630099999998,39405.916,41898.428,46148.797000000006,14377.089,40148.958,26970.929,46392.044,27408.977,37777.028000000006,33470.313,18548.662,33637.367,28920.366,22073.9735,32349.674,45836.857,14523.666,12778.526999999998,48342.246,42699.419,51705.5299,4483.0756,16129.5328,37891.8372,36965.119000000006,45777.039,61474.523,100,100
"4,4'-(1,2,2,3,3,3-Hexafluoropropane-1,1-diyl)diphenol or 4-[1,1,2,2,3,3-hexafluoro-3-(4-hydroxyphenyl)propyl]phenol or Bisphenol AF",External Targets,tentative,16869,6.664,22.852,172.04,335.05330000000004,6.21,N/A,N/A,872.5044,0,0,1414.993,3925,2852.49,862.4596,2373.413,2280.783,0,2840.383,0,2984.357,1361.517,909.0408,1212.196,2096.7909999999997,0,0,3602.8019999999997,2719.749,2270.5099999999998,1928.665,2144.442,0,1546.051,0,2677.5049999999997,1176.599,2114.5339999999997,2364.899,2640.6054,3375.6169999999997,1649.5223,518.6552,22256.759,3081.282,0,3898.1679999999997,0,3605.125,765.9294,100,100
"4,4'-(1,2,2,3,3,3-Hexafluoropropane-1,1-diyl)diphenol or 4-[1,1,2,2,3,3-hexafluoro-3-(4-hydroxyphenyl)propyl]phenol or Bisphenol AF",External Targets,tentative,8709,9.739,22.039,165.595,335.0521,2.63,N/A,N/A,0,5061.219,5322.295999999999,6659.141,4379.59,3036.9309999999996,10391.289,4734.492,0,3907.5809999999997,3875.0179999999996,6648.224999999999,3599.173,3474.917,5485.394,3865.127,5095.427,5040.642,5463.3369999999995,4089.0879999999997,13487.079,5335.391,11199.849,6888.617,5330.441,23436.069,7538.49,5225.771,2914.428,12468.839,3847.897,4121.534,3870.0838999999996,23377.039,2908.497,24599.769,2980.1899999999996,43004.97900000001,4957.126,6439.53,6559.428,6825.989,100,100
"4-(3,3,4,4,5,5,6,6,6-Nonafluorohexyl)aniline",External Targets,tentative,53156,12.161,23.168,174.24,338.063,9.84,N/A,N/A,0,0,0,0,0,0,0,0,0,0,0,0,0,0,0,0,0,0,0,0,0,0,0,0,0,0,0,0,0,0,0,0,0,0,0,0,0,0,6095.507,0,0,0,100,100
"4-Methyl-5,7-dinitro-2-(pentafluoroethyl)-1H-benzimidazole",External Targets,tentative,16967,3.997,22.945,172.47,339.0179,6.15,N/A,N/A,4745.269,0,4163.933,2103.781,0,0,1517.868,0,1216.694,0,0,0,991.5315,1283.188,0,0,0,0,0,0,0,10060.409,0,0,0,0,0,0,0,1377.955,0,0,8430.788,0,0,0,14785.579,0,14290.949,18109.479,0,0,100,100
"2,2-Difluoro-3-(nonafluorobutoxy)propanoic acid",External Targets,tentative,65216,8.220500000000001,18.065,136.17000000000002,342.98105,-6.78,N/A,N/A,0,0,0,0,0,0,0,0,0,0,0,0,0,0,0,0,0,0,0,0,0,0,0,0,0,0,0,0,0,0,0,0,0,0,0,7954.737999999999,0,0,0,0,0,0,100,100
7H-Perfluoroheptanamide,External Targets,tentative,78888,15.676,21.221,159.39,343.9931,-5.59,N/A,N/A,0,0,0,0,0,1705.479,0,0,0,0,0,0,0,0,0,0,0,0,0,0,0,0,0,0,0,0,0,0,0,0,0,0,0,0,0,0,0,0,0,0,0,0,100,100
7H-Perfluoroheptanamide,External Targets,tentative,26079,1.6452187500000002,21.15,159.24906249999998,343.9957094,2,N/A,N/A,534304.685,344161.275,442776.65460000007,337955.14,235439.8354,349992.316,352254.3816,0,371510.6265,375107.5222,576279.385,391055.07550000004,505738.80899999995,497952.739,188429.4667,414864.015,393992.45000000007,358736.552,233506.8292,261683.7626,218786.37199999997,247756.81679999997,252319.88099999996,153883.625,190791.35580000002,217537.24599999998,182126.055,255327.193,195535.635,228338.79599999997,492162.454,400240.1426,196334.04830000002,313802.4301,129632.42229999998,370337.0900000001,174330.206,250966.39399999997,142728.237,173608.05100000004,372105.58890000003,345379.6052,100,100
7H-Perfluoroheptanamide,External Targets,tentative,64608,2.958,21.184,159.25666666666666,343.9956666666667,1.87,N/A,N/A,2468.136,0,8336.9009,0,0,0,525.3052,0,2028.907,0,0,0,2252.5499999999997,1107.817,9818.122,0,0,11863.449,0,0,8186.699,10649.899,8113.492,6827.764999999999,7716.34,9255.889,6171.0689999999995,0,0,9210.978,2154.8901,0,0,0,10536.979,903.5371,0,9667.41,10396.089,11538.149,991.5845,705.4597,100,100
7H-Perfluoroheptanamide,External Targets,tentative,84849,1.7276666666666667,22.344,162.0666666666667,343.9955,1.39,N/A,N/A,0,12960.811999999998,0,0,0,1403.7250000000001,0,0,12849.601999999999,1194.299,1122.5810000000001,1125.881,0,0,0,1215.979,2060.057,1217.688,1248.837,0,0,0,851.7281,9304.812,0,10956.939,602.3580000000001,12495.5208,11789.499,750.9246,0,0,13196.329,2228.078,13962.263799999999,1268.306,13489.208999999999,0,0,11996.529,0,13337.639,100,100
"2-Propanone, hexafluoro-, 2-(2,4-dinitrophenyl)hydrazone or 4-Chloro-3-(heptafluoropropyl)-5-phenylpyrazole",External Targets,tentative,87348,0.532,21.188,159.29,345.0037,-7.81 or 0.6,N/A,N/A,0,0,0,0,0,0,0,0,0,0,0,0,0,0,0,0,0,0,0,0,0,0,0,0,0,0,0,0,0,0,0,0,0,0,0,0,0,0,0,0,0,0,100,100
"3,3,4,4,5,5,6,6,7,7,8,8-DODECAFLUORO-2-OCTANOL or 3,3,4,4,5,5,6,6,7,7,8,8-Dodecafluorooctan-1-ol",External Targets,tentative,36040,1.6986666666666668,22.21,167.00333333333333,345.0153666666667,-0.16,N/A,N/A,2068.627,0,4071.6769999999997,3938.354,3772.839,1128.56,3719.526,7220.7943,2724.848,2486.6119999999996,0,3991.3759999999997,2232.2279999999996,1844.4370000000001,0,0,0,1597.338,5768.406,0,0,0,0,4208.195,0,0,0,2544.988,1227.566,3069.3059999999996,0,0,5734.426,2355.703,0,0,3241.815,4838.008,0,3392.551,0,0,100,100
"Ethyl 2-amino-8-(pentafluoroethyl)-3H-1-benzazepine-4-carboxylate or N-[3-(Dimethylamino)propyl]-2,2,3,3,4,4,5,5,5-nonafluoropentanamide",External Targets,tentative,61541,0.691,23.131,173.79,347.0804,-5.87 or -2.12,N/A,N/A,0,0,0,0,0,0,0,0,0,0,0,0,0,0,0,0,0,0,1538.719,0,0,0,0,2471.7169999999996,0,0,0,0,0,0,0,0,0,0,0,0,0,0,0,0,0,0,100,100
"2,2'-[(3,3,4,4,5,5,6,6,6-Nonafluorohexyl)azanediyl]di(ethan-1-ol)",External Targets,tentative,93815,8.867,22.698,170.33,350.0814,1.71,N/A,N/A,0,0,0,0,0,0,0,0,0,0,0,604.3013,0,0,0,0,0,0,0,0,0,0,0,0,0,0,0,0,0,0,0,0,0,0,0,0,0,0,0,0,0,0,100,100
"2-Bromo-4-(1,1,1,2,3,3,3-heptafluoropropan-2-yl)-6-methylaniline",External Targets,tentative,6397,8.04,20.046,150.62,351.9599,6.17,N/A,N/A,0,0,0,0,0,0,0,0,0,0,0,0,0,0,0,0,0,0,570082.1989999999,0,0,0,0,0,0,0,0,0,0,0,0,0,0,0,0,0,0,0,0,0,0,0,100,100
2-(heptafluoropropyl)-6-(trifluoromethyl)-1H-benzimidazole,External Targets,tentative,71568,8.03,20.063,150.57,353.0161,5.38,N/A,N/A,0,0,0,0,0,0,0,0,0,0,0,0,0,0,0,0,0,0,0,0,0,0,0,0,0,0,0,0,0,0,0,0,0,0,0,0,0,0,0,0,0,0,100,100
"4,5,6,7-Tetrafluoro-3-(heptafluoropropyl)-1H-indazole",External Targets,tentative,64906,8.038,20.067,150.54,356.9876,-4.28,N/A,N/A,0,0,0,0,0,0,3394.913,0,0,0,0,0,0,0,0,0,0,0,0,0,0,0,0,0,0,0,0,0,0,0,0,0,0,0,0,0,0,0,0,0,0,0,100,100
"4,5-Pentanedione, 2-hydroxy-5-(p-nitrophenyl)-1,1,1-trifluoro-2-(trifluoromethyl)-",External Targets,tentative,74750,12.177,23.651,177.4,358.0165,2.62,N/A,N/A,795.0761,0,0,0,0,0,0,0,0,0,0,0,0,0,0,0,0,0,0,0,0,0,0,0,0,0,0,0,0,0,0,0,0,0,0,0,0,0,0,0,0,0,100,100
"5-Chloro-7-(dihydroxymethylidene)-3-(pentafluoroethyl)-3H-2-benzopyran-6,8(4H,7H)-dione",External Targets,tentative,66384,1.6760000000000002,20.545,154.39,358.9751,-0.03,N/A,N/A,0,0,0,0,0,0,0,4354.630999999999,0,0,0,0,0,0,0,0,0,0,0,0,0,0,0,0,0,0,0,0,0,0,0,0,0,0,0,0,0,0,0,0,0,0,100,100
"2-[2,3,3,3-Tetrafluoro-2-(heptafluoropropoxy)propoxy]ethan-1-ol",External Targets,tentative,92386,12.995,23.58,176.94,359.0112,-9.68,N/A,N/A,0,0,0,0,0,0,0,0,0,0,0,0,0,0,0,0,0,0,0,0,0,0,0,0,0,0,0,0,0,0,0,0,0,0,0,0,0,0,0,0,0,0,100,100
"2-[2,3,3,3-Tetrafluoro-2-(heptafluoropropoxy)propoxy]ethan-1-ol",External Targets,tentative,54282,0.563,23.695,177.63,359.0151,1.19,N/A,N/A,0,0,0,0,0,0,0,5758.9619999999995,0,0,0,0,0,0,0,0,0,0,0,0,0,0,0,0,0,0,0,0,0,0,0,0,0,0,0,0,0,0,0,0,0,0,100,100
"2,3,3,4,4,5,5,6,6,7,7,7-Dodecafluoro-2-hydroxyheptanoic acid or 2,3,5,6-Tetrafluoro-4-(1,1,1,2,3,3,3-heptafluoropropan-2-yl)benzoic acid",External Targets,tentative,94690,1.525,20.557,154.15,360.973,-2.64 or 0.53,N/A,N/A,0,0,0,0,0,0,0,522.5552,0,0,0,0,0,0,0,0,0,0,0,0,0,0,0,0,0,0,0,0,0,0,0,0,0,0,0,0,0,0,0,0,0,0,100,100
"5-Chloro-6,8-dihydroxy-3-(pentafluoroethyl)-3,4-dihydro-1H-2-benzopyran-7-carboxylic acid",External Targets,tentative,85782,9.942,23.331,175.04,360.9911,0.94,N/A,N/A,0,0,0,0,0,0,0,0,0,0,0,0,0,0,0,0,0,0,0,0,0,0,1141.819,0,0,0,0,0,0,0,0,0,0,0,0,0,0,0,0,0,0,0,100,100
"2,2,3,3,4,4,5,5,6,6,7,7,7-Tridecafluoroheptanimidamide",External Targets,tentative,66326,3.994,23.385,175.44,361.0009,-1.9,N/A,N/A,0,0,0,0,0,0,0,0,0,0,0,0,0,0,0,0,0,0,0,0,0,0,0,0,0,0,0,0,0,0,0,0,0,0,0,0,0,0,0,3176.6059999999998,0,0,100,100
N-[3-Borono-4-(heptafluoropropyl)phenyl]glycinamide or N-[5-Borono-2-(heptafluoropropyl)phenyl]glycinamide,External Targets,tentative,17717,1.6345,23.341,175.125,361.0624,6.68,N/A,N/A,3735.267,0,0,0,848.0731000000001,8521.023,8024.641,11155.859,0,3322.779,0,0,0,1056.6680000000001,0,1043.43,0,0,0,0,0,3723.1409999999996,0,0,0,4107.614,0,2921.488,956.4068,0,0,1565.712,1626.68,13603.349,6702.6185,0,1597.51,1011.527,0,2332.881,4279.852,0,100,100
"2,2,4,4,5,5,5-Heptafluoro-3,3-bis(trifluoromethyl)pentanoic acid or Perfluoro-5-(trifluoromethyl)hexanoic acid or Perfluoroheptanoic acid",External Targets,tentative,47215,6.915,22.371,167.83,362.9716,5.47,N/A,N/A,0,0,0,0,0,0,0,0,0,0,0,0,0,0,0,0,0,0,0,0,0,0,0,0,0,0,0,0,0,0,0,0,0,0,0,0,0,0,0,0,4954.525,3440.009,100,100
"2,2,4,4,5,5,5-Heptafluoro-3,3-bis(trifluoromethyl)pentanoic acid or Perfluoro-5-(trifluoromethyl)hexanoic acid or Perfluoroheptanoic acid",External Targets,tentative,61620,5.45,22.332,167.54,362.9729,9.05,N/A,N/A,0,0,0,0,0,0,0,0,0,0,0,0,0,0,0,0,0,0,0,0,0,0,0,0,0,0,0,0,0,0,0,0,0,0,0,0,0,0,0,0,3996.3089999999997,0,100,100
"2-{2-[(3,3,4,4,5,5,6,6,6-Nonafluorohexyl)sulfanyl]ethoxy}ethan-1-ol",External Targets,tentative,61817,3.976333333333333,23.87,179.38,367.0392,-7.56,N/A,N/A,0,1300.307,0,1624.424,1353.412,0,1401.507,5068.7119999999995,0,0,0,2934.708,0,2081.0069999999996,0,1706.156,2617.0358,1718.154,0,1384.994,1158.767,1741.438,0,1339.231,0,0,0,0,3203.6259999999997,2500.017,2143.5,733.1277,0,1005.8240000000001,749.8872,0,3567.7699999999995,3374.3669999999997,608.6734,0,3149.124,4472.126,100,100
"4,4'-(1,1,1,3,3,3-Hexafluoropropane-2,2-diyl)bis(2-fluorophenol)",External Targets,tentative,24452,1.747,22.95,171.93,371.029,-9.1,N/A,N/A,0,0,0,0,0,0,9047.780999999999,0,5212.455,0,0,0,1612.515,0,0,0,0,0,5628.5779999999995,0,0,0,0,0,0,0,0,16394.449,0,0,0,0,0,0,0,0,0,0,0,0,0,0,100,100
"N'-[(2Z)-5,5,6,6,7,7,7-Heptafluoro-4-oxohept-2-en-2-yl]benzohydrazide",External Targets,tentative,49357,12.737333333333334,23.856,178.22,371.0645333333334,2.53,N/A,N/A,4117.871999999999,1126.337,0,4351.853999999999,2123.8089999999997,0,3458.0739999999996,821.5927,0,0,981.6327,0,2454.937,0,0,0,0,938.3247,0,0,0,0,1629.665,0,0,0,0,0,0,0,7247.793,0,0,0,0,0,0,0,0,0,4459.8029,0,100,100
"N'-[(2Z)-5,5,6,6,7,7,7-Heptafluoro-4-oxohept-2-en-2-yl]benzohydrazide",External Targets,tentative,32463,14.998117647058823,23.761,177.9358823529412,371.0670823529412,9.4,N/A,N/A,6389.397999999999,12365.587,10909.8979,25465.645,2849.4042,15351.533099999999,6370.256,8656.536,1671.781,6565.058999999999,1779.6038,2520.1059999999998,21211.2269,14066.474999999999,7518.555999999999,1143.525,39159.6943,19212.828199999996,4049.613,0,7053.252,19553.357799999998,0,27919.3817,8412.514200000001,6309.866,0,11258.932999999999,6564.33,36885.671,17497.602,12444.100999999999,0,3350.528,1708.178,1612.7693,4914.32,1858.201,62055.820999999996,5711.6849999999995,19752.2474,5281.6359999999995,100,100
"3-Benzamido-N-(2,2,3,3,3-pentafluoropropyl)benzamide",External Targets,tentative,94851,5.46,24.022,180.03,371.0812,-3.34,N/A,N/A,0,0,0,0,0,0,0,0,0,0,0,0,0,0,0,0,0,0,0,0,0,0,0,0,0,0,0,0,0,505.27250000000004,0,0,0,0,0,0,0,0,0,0,0,0,100,100
"(3Z)-1,1,1,7,7,7-Hexafluoro-2,6-bis(trifluoromethyl)hept-3-ene-2,6-diol",External Targets,tentative,82045,8.547,23.928,179.3,373.0075,-7.61,N/A,N/A,0,0,0,0,0,0,0,0,0,0,0,0,0,0,0,0,0,0,0,0,0,0,1432.657,0,0,0,0,0,0,0,0,0,0,0,0,0,0,0,0,0,0,0,100,100
"(3Z)-1,1,1,7,7,7-Hexafluoro-2,6-bis(trifluoromethyl)hept-3-ene-2,6-diol",External Targets,tentative,66041,10.7054,23.829,178.62400000000002,373.0091,-3.32,N/A,N/A,0,0,0,0,0,0,0,0,0,0,0,0,0,0,0,0,0,0,0,0,0,0,115019.193,0,0,0,0,0,0,0,0,0,0,0,0,0,0,0,0,0,0,0,100,100
"(3Z)-1,1,1,7,7,7-Hexafluoro-2,6-bis(trifluoromethyl)hept-3-ene-2,6-diol",External Targets,tentative,73796,12.3785,23.914,178.995,373.009,-3.59,N/A,N/A,0,0,0,0,0,0,0,0,0,0,0,0,0,0,0,0,0,0,0,0,0,0,3735.6449999999995,0,0,0,0,0,0,0,0,0,0,0,0,0,0,0,0,0,0,0,100,100
"(3Z)-1,1,1,7,7,7-Hexafluoro-2,6-bis(trifluoromethyl)hept-3-ene-2,6-diol",External Targets,tentative,36186,9.70625,23.852,178.66750000000002,373.009675,-1.78,N/A,N/A,0,0,0,0,0,0,0,0,0,0,0,0,0,0,0,0,0,0,0,0,0,0,60278.529,0,0,0,0,0,0,0,0,0,0,0,0,0,0,0,0,0,0,0,100,100
"(3Z)-1,1,1,7,7,7-Hexafluoro-2,6-bis(trifluoromethyl)hept-3-ene-2,6-diol",External Targets,tentative,72385,10.951,23.747,178.21499999999997,373.0108,1.24,N/A,N/A,0,0,0,0,0,0,0,0,0,0,0,0,0,0,0,0,0,0,0,0,0,0,22113.677,0,0,0,0,0,0,0,0,0,0,0,0,0,0,0,0,0,0,0,100,100
"(2E)-4,4,5,5,6,6,7,7,8,8,9,9,9-Tridecafluoro-2-nonen-1-ol or (2Z)-4,4,5,5,6,6,7,7,8,8,9,9,9-Tridecafluoronon-2-en-1-ol or 4,4,5,5,6,6,7,7,8,8,9,9,9-Tridecafluoro-2-nonen-1-ol",External Targets,tentative,37143,3.992,23.738,177.76,375.006,0,N/A,N/A,0,0,0,0,0,0,4102.471,1174.115,0,0,0,0,920.4463000000001,0,0,0,0,0,0,0,0,0,0,0,0,0,0,0,0,0,0,0,0,0,0,0,2859.77,0,2117.033,3900.0069999999996,0,0,100,100
N-Methylperfluoroheptanamide,External Targets,tentative,5792,9.483,20.935,156.85,375.9996,-4.39,N/A,N/A,9516.573,15407.169,12968.519,11112.719,16659.459,14306.659,9226.633,11625.239,11563.589,16775.469,19372.329,9445.833999999999,11769.378999999999,14755.119,18133.339,20226.679,12807.339,19127.739,15183.439,19081.439,23455.629,9073.985999999999,16691.369,17710.629,14113.189,18610.659,13851.649,22559.379,16741.639,19065.359,13520.919,18093.049,24652.339,19750.039,23858.319,18956.059,18263.089,20792.019,11698.079,14783.419,17467.668999999998,20183.649,100,100
4-[3-(Perfluorobutyl)-1-propyloxy]benzyl alcohol,External Targets,tentative,45704,0.526,23.279,174.27,383.0673,-6.8,N/A,N/A,0,0,0,0,0,0,0,0,0,0,661.071,0,0,0,1638.097,0,1112.47,0,0,0,0,0,0,0,0,0,0,0,2561.7529999999997,1131.538,0,0,0,0,1333.583,0,651.5607,0,0,0,0,0,100,100
"2,2'-(1,1,2,2,3,3-Hexafluoropropane-1,3-diyl)bis(1H-benzimidazole) or 4-[3-(Perfluorobutyl)-1-propyloxy]benzyl alcohol",External Targets,tentative,55906,4.017,24.077,180.13,383.0707,-7.79 or 2.08,N/A,N/A,2128.979,0,0,0,0,0,0,2074.4399999999996,0,0,0,0,0,0,0,0,0,0,0,0,1100.74,0,0,0,0,0,0,0,0,0,0,0,0,0,0,0,0,0,0,0,0,0,100,100
"4-[(4,4,5,5,6,6,6-heptafluoro-2-nitrohexan-3-yl)amino]benzoic acid or Dimethyl 2-(perfluoropropyl)-p-benzenedicarbamate",External Targets,tentative,55744,1.937,23.95,179.06,391.05,-8.76,N/A,N/A,0,0,0,2031.243,0,0,1631.695,0,0,0,0,0,0,0,0,0,0,0,1687.343,0,0,0,0,0,0,0,0,0,0,0,0,0,0,0,0,0,0,0,0,0,0,0,100,100
"2,2,3,3-Tetrafluoro-3-({1,1,1,2,3,3-hexafluoro-3-[(trifluoroethenyl)oxy]propan-2-yl}oxy)propan-1-ol or [(Tridecafluorohexyl)oxy]acetic acid",External Targets,tentative,14799,9.40475,18.958,142.37750000000003,392.97740000000005,-7.07,N/A,N/A,3874.171,2264.4184999999998,0,4508.438,2101.1499999999996,1307.507,4767.739,0,4487.7519999999995,0,3446.346,0,0,0,6934.085499999999,4711.028,4758.477,5201.8949999999995,0,2957.302,4336.9169999999995,4023.884,5875.853999999999,6430.628199999999,1843.1770000000001,7404.91,0,3572.3460999999998,0,3465.0589999999997,2386.97,2472.5469999999996,3056.9107,4153.58,4184.342000000001,60050.074,2725.705,5701.773999999999,6774.46,5901.139,6044.831,3994.9939999999997,100,100
"2-[(2,2,3,3,4,4,5,5,6,6,7,7,7-Tridecafluoroheptyl)oxy]ethan-1-ol or 4,4,5,5,6,6,7,7,8,8,9,9,9-tridecafluorononane-1,2-diol",External Targets,tentative,39964,10.835,21.287,159.26,393.0171,1.36,N/A,N/A,0,0,0,0,0,1346.969,0,0,0,0,0,0,0,738.2676,1138.305,0,0,987.1604,0,0,595.9344,552.8542,0,0,0,0,0,0,1258.8700000000001,1005.251,1501.804,0,0,0,0,0,0,0,0,0,2031.663,1070.599,100,100
"1,2,2,3,3,4,4,5,5,6,6,7,7,8,8-Pentadecafluorocyclooctan-1-ol or 1H,1H-Perfluoro-3,6,9-trioxadecan-1-ol",External Targets,tentative,2622,10.421,19.817,148.23,396.9718,-8.3 or 0.74,N/A,N/A,63572.819,131167.999,52870.749,95674.08899999999,133579.59900000002,16092.239,38761.629,61503.429000000004,51952.219000000005,145937.19900000002,126851.89899999999,63800.069,48055.879,58234.789000000004,34664.929000000004,22076.829,20440.839,19284.209,71097.739,27062.039,41214.199,80757.779,74238.379,106277.299,96178.58899999999,76968.08899999999,151136.899,101748.499,17736.839,12916.719,9979.11,94522.849,79773.72899999999,49311.749,147156.499,24652.709,69012.559,27121.519,108271.89899999999,28363.569,14927.829,7984.617,100,100
"1,2,2,3,3,4,4,5,5,6,6,7,7,8,8-Pentadecafluorocyclooctan-1-ol or 1H,1H-Perfluoro-3,6,9-trioxadecan-1-ol",External Targets,tentative,7306,13.0595,19.811,148.125,396.97220000000004,-7.29 or 1.75,N/A,N/A,15042.746,3478.8199999999997,12535.862000000001,8156.344999999999,5742.344999999999,9103.414,13889.905,1316.894,7482.224999999999,11284.419,5142.003,17588.739,7684.442,18428.28,8162.86,13488.282,17765.549,13885.557999999999,7754.857999999999,15606.482,3355.4269999999997,10890.759,1916.624,5701.107,11100.046699999999,2247.0769999999998,5663.6918000000005,19547.476000000002,7603.3189999999995,13995.083,14068.699,24949.435,34762.058000000005,24838.398999999998,11748.689,13684.169,23208.938,17423.752,26261.806,15647.489,26395.756,14567.3506,100,100
"Phenol, 4,4'-(2,2,3,3,4,4,5,5-octafluoropentylidene)bis-",External Targets,tentative,48297,8.493,20.204,151.1,399.0628,-2.19,N/A,N/A,0,0,0,0,0,0,0,0,0,0,0,0,0,0,0,0,0,0,0,0,0,0,0,0,0,0,0,0,0,0,0,0,0,0,0,0,0,0,0,0,0,0,100,100
Perfluoromethoxy perfluoropentane sulfonic acid,External Targets,tentative,53647,5.231,19.867,148.29,414.9278,-8.96,N/A,N/A,0,0,0,0,0,0,5942.643,0,0,0,0,0,0,0,0,0,0,0,0,0,0,0,0,0,0,0,0,0,0,0,0,0,0,0,0,0,0,0,0,0,0,0,100,100
"(4-Bromophenyl){5-[difluoro(trifluoromethoxy)methyl]-5-hydroxy-3-methyl-4,5-dihydro-1H-pyrazol-1-yl}methanone",External Targets,tentative,80353,10.318,19.928,148.74,414.9691,-7.51,N/A,N/A,0,0,0,0,0,0,0,0,0,1575.484,0,0,0,0,0,0,0,0,0,0,0,0,0,0,0,0,0,0,0,0,0,0,0,0,0,0,0,0,0,0,0,0,100,100
"(4-Bromophenyl){5-[difluoro(trifluoromethoxy)methyl]-5-hydroxy-3-methyl-4,5-dihydro-1H-pyrazol-1-yl}methanone",External Targets,tentative,70709,0.509,23.208,173.3,414.9745,5.5,N/A,N/A,0,0,0,0,0,0,0,0,0,0,0,0,0,0,0,0,0,0,0,0,0,0,0,0,0,0,0,0,0,0,0,0,0,0,0,0,0,0,0,0,0,2564.267,100,100
"N-(9,10-Dioxo-9,10-dihydroanthracen-1-yl)-2,2,3,3,4,4,4-heptafluorobutanamide or N-Benzyl-2,3,3,3-tetrafluoro-2-(heptafluoropropoxy)propanamide",External Targets,tentative,69206,0.531,24.381,181.9,418.0341,5.12 or 8.23,N/A,N/A,0,0,0,0,0,0,0,0,0,0,0,0,2242.006,0,0,0,521.951,0,0,0,0,0,0,0,0,0,0,0,0,0,0,0,0,0,0,0,0,0,0,0,0,0,100,100
"3-Benzamido-N-(2,2,3,3,4,4,4-heptafluorobutyl)benzamide or N-[4'-(2,2,3,3,4,4,4-Heptafluorobutanamido)[1,1'-biphenyl]-4-yl]ethanimidic acid",External Targets,tentative,74243,10.413,19.76,147.51,421.0775,-4.14,N/A,N/A,0,0,0,0,1251.991,0,0,0,0,0,0,0,0,0,0,0,0,0,0,0,0,0,0,0,0,0,907.3714,0,0,0,0,0,0,0,0,0,0,0,0,0,0,0,100,100
"3-Benzamido-N-(2,2,3,3,4,4,4-heptafluorobutyl)benzamide or N-[4'-(2,2,3,3,4,4,4-Heptafluorobutanamido)[1,1'-biphenyl]-4-yl]ethanimidic acid",External Targets,tentative,45236,0.556,24.916,185.82,421.0795,0.61,N/A,N/A,4338.214,0,0,0,0,0,3513.2819999999997,0,0,0,0,0,0,0,0,0,0,0,0,0,0,1487.1000000000001,0,0,0,0,0,0,0,0,0,0,0,0,0,0,0,0,0,0,0,0,100,100
"(3,3,4,4,5,5,6,6,7,7,8,8,8-Tridecafluorooctyl)silanetriol",External Targets,tentative,65976,7.534,20.446,152.56,424.9885,0.22,N/A,N/A,1258.2540000000001,0,0,0,521.3960000000001,0,0,0,0,0,0,0,0,0,0,0,0,0,0,0,0,0,0,0,0,0,0,0,0,0,0,0,0,739.4194,0,708.2516,0,0,0,0,0,0,100,100
"Octanamide, 2,2,3,3,4,4,5,5,6,6,7,7,8,8,8-pentadecafluoro-N-methyl-",External Targets,tentative,72233,10.432500000000001,19.657,147.11,425.99744999999996,-1.42,N/A,N/A,4073.156,5453.532999999999,5798.451,7096.431,3749.899,5260.7,3995.1949999999997,5367.903,5616.651,6074.141,6310.969,5133.536,5037.788,6171.947999999999,6106.6449999999995,5967.481,4950.446,5059.170999999999,6802.485,6488.813,5999.422,7037.353,3693.41,6279.169,9428.151,4963.094999999999,7347.023,7018.004,8624.502,7720.746999999999,4490.978,6139.505,5742.919,5156.855,8680.342999999999,10804.199,6719.791,9971.687,8790.539999999999,7638.474999999999,9803.74,12604.499,100,100
"2,2,3,3,4,4,5,5,6,6,7,7,8,8,8-Pentadecafluoro-N-hydroxyoctanimidamide",External Targets,tentative,93933,2.375,23.725,176.83,426.9901,-7.51,N/A,N/A,0,0,0,0,0,0,0,0,592.5215000000001,0,0,0,0,0,0,0,0,0,0,0,0,0,0,0,0,0,0,0,0,0,0,0,0,0,0,0,0,0,0,0,0,0,100,100
"3,3,4,4,5,5,6,6,7,7,8,8,9,9,9-Pentadecafluorononane-1-thiol",External Targets,tentative,70376,9.43,7.187,53.97,428.9774,-5.98,N/A,N/A,0,0,0,0,0,1590.175,578.0584,0,0,0,0,0,0,0,0,0,0,0,0,0,0,0,0,0,0,0,0,0,0,0,0,0,0,0,0,0,0,0,0,0,0,0,100,100
"3,3,4,4,5,5,6,6,7,7,8,8,9,9,9-Pentadecafluorononane-1-thiol",External Targets,tentative,95196,9.406,7.187,54.06,428.9828,6.61,N/A,N/A,0,0,0,0,0,0,0,0,0,0,0,0,0,0,0,0,0,0,0,0,0,0,0,0,0,0,0,0,0,0,0,0,0,0,0,0,0,0,0,0,0,0,100,100
"1h,1h-perfluoro-3,6-dioxadecan-1-ol",External Targets,tentative,3014,9.7935,20.762,154.76,430.9738,-7.39,N/A,N/A,41376.97900000001,46737.379,42202.389,43568.359000000004,36872.459,38858.759000000005,34973.47900000001,36333.549000000006,33679.999,29632.239,48648.90900000001,40843.259000000005,40419.769,41061.339,45386.889,48666.349,44959.059,47215.709,54561.799000000006,53591.059,62865.619000000006,43828.499,52998.699,51697.289000000004,53040.549000000006,56203.709,58345.379,59853.419,40807.829000000005,48257.809,44900.749,51161.309,43532.329000000005,0,47702.97900000001,172576.19900000002,47193.849,51348.649000000005,50947.369000000006,0,45809.389,52480.709,100,100
"1h,1h-perfluoro-3,6-dioxadecan-1-ol",External Targets,tentative,947,9.9362,19.785,146.814,430.97461999999996,-5.49,N/A,N/A,269656.199,302878.46400000004,281722.348,272100.89900000003,249414.799,250710.55299999999,281741.13800000004,260518.616,274403.199,245766.588,290617.699,295519.583,254607.499,273042.986,332635.999,311027.45300000004,302072.499,318206.89900000003,330369.799,337261.099,360456.438,337309.39900000003,370497.799,334280.97099999996,331714.499,378915.89900000003,374817.999,317656.39900000003,325356.18799999997,347424.199,308679.799,334469.799,318421.799,271531.799,325920.999,1098209.999,343349.7144,328872.278,333798.879,276952.199,314964.89900000003,327771.099,100,100
"1h,1h-perfluoro-3,6-dioxadecan-1-ol",External Targets,tentative,3622,11.8765,19.707,146.305,430.97495000000004,-4.73,N/A,N/A,33056.379,76006.609,28708.969,71399.439,82740.959,5351.894,45908.109000000004,42472.139,33824.629,98365.049,49337.949,32844.109000000004,29556.979,45017.319,14627.298999999999,0,3533.2729999999997,0,67061.389,8913.068,12723.889,62583.809,43968.249,70019.689,38126.47900000001,50199.809,90466.329,60145.589,8707.298999999999,2832.4273000000003,3151.649,37937.199,67005.33899999999,32816.699,92302.219,6606.999,29811.309,0,64400.379,21418.399,6007.119,1191.231,100,100
"1h,1h-perfluoro-3,6-dioxadecan-1-ol",External Targets,tentative,4354,9.718,21.395,159.58,430.9742,-6.47,N/A,N/A,21747.339,23889.209,22417.629,25986.619,24747.839,20429.269,21152.299,25233.529,26207.719,23530.129,28643.109,24226.859,18729.899,21125.418999999998,28729.168999999998,22486.399,27638.189,28905.909,24377.639,29816.639,24788.629,29297.609,31345.179,29691.089,27896.129,27888.668999999998,34379.179000000004,20046.609,29995.889,27280.379,24760.779,31936.219,27861.959,0,32142.009,110274.89899999999,32233.199,25961.369,29009.589,0,20738.779,32181.329,100,100
"1h,1h-perfluoro-3,6-dioxadecan-1-ol",External Targets,tentative,8167,11.8795,22.211,159.405,430.9743,-6.23,N/A,N/A,20507.245000000003,56609.228,15299.812,43148.788,51011.628,0,26646.797,30781.310999999998,19732.775,58679.548,33182.438,17471.892,22113.831,26343.987,1295.026,743.0166,0,0,40485.878,1186.843,4322.933,39613.187999999995,35410.638,24053.699,28228.097999999998,30791.947999999997,73067.818,42683.718,0,0,1031.645,19575.541,40707.918,16804.547,71769.488,0,22673.997,0,49921.577999999994,11716.792,1029.483,0,100,100
"1h,1h-perfluoro-3,6-dioxadecan-1-ol",External Targets,tentative,14864,6.207000000000001,19.517,145.745,430.975,-4.61,N/A,N/A,3367.341,2109.796,3501.2969999999996,1093.117,2941.584,3157.931,0,0,1719.534,3726.6929999999998,3053.7839999999997,1971.156,2553.7,1937.779,3094.2549999999997,3406.2619999999997,2750.4689999999996,2019.227,1216.316,2551.977,0,2817.9649999999997,3836.1639999999998,3350.3059999999996,2870.281,0,2612.4379999999996,0,0,4272.4839999999995,2066.52,3135.505,4207.0599999999995,4779.673,4687.094,19120.769,4460.875,0,0,3169.493,0,2106.0339999999997,100,100
"7-(Heptafluoropropyl)-7-hydroxy-4,9-dimethoxy-6,7-dihydro-5H-furo[3,2-g][1]benzopyran-5-one",External Targets,tentative,39733,15.5615,25.234,188,431.03445,-6.16,N/A,N/A,0,0,937.5818,0,1177.134,796.5021,1389.6490000000001,0,0,2215.4913,0,0,1368.0969,0,1150.095,1103.328,841.0526,0,0,0,0,0,0,0,0,0,0,1170.603,0,1195.534,0,0,0,0,0,0,0,0,0,1921.7976,0,0,100,100
"7-(Heptafluoropropyl)-7-hydroxy-4,9-dimethoxy-6,7-dihydro-5H-furo[3,2-g][1]benzopyran-5-one",External Targets,tentative,21232,3.48,24.546,182.97,431.0373,0.45,N/A,N/A,3439.567,0,0,4209.13,0,0,3730.7019999999998,0,1599.56,0,0,0,0,0,0,0,0,0,0,0,0,9792.935,0,0,0,0,0,0,0,1315.329,0,0,0,0,0,0,3749.1879999999996,0,9981.713,13364.419,0,0,100,100
"Diethyl N-(1,1,2,2,3,3,4,4,4-nonafluorobutane-1-sulfonyl)phosphoramidate or Glycine, N-ethyl-N-[(undecafluoropentyl)sulfonyl]-",External Targets,tentative,84041,12.252,24.609,183.47,433.9908,-4.05 or 6.67,N/A,N/A,0,0,0,0,0,0,0,0,0,0,0,0,0,0,0,0,0,0,0,0,0,0,0,0,0,0,0,0,0,0,0,0,0,0,0,0,0,1272.189,0,0,0,0,100,100
"2-(3,3,4,4,5,5,6,6,7,7,8,8,8-Tridecafluorooctane-1-sulfinyl)ethan-1-ol or Benzoic acid, 4-(tridecafluorohexyl)-",External Targets,tentative,81675,8.068,21.313,158.93,439.0018,-5.66 or 2.01,N/A,N/A,0,0,0,0,0,0,0,0,0,0,0,0,0,0,0,0,0,0,0,0,0,0,0,0,0,0,0,0,0,0,0,0,0,0,0,1463.781,0,0,0,0,0,0,100,100
6:2 Fluorotelomer phosphate monoester,External Targets,tentative,16171,10.176000000000002,19.83,147.89000000000001,442.9735666666667,2.79,N/A,N/A,0,0,2077.2999999999997,0,2451.879,0,0,0,1401.777,1307.921,2341.1899999999996,664.2498,0,0,8292.331,3654.8559999999998,2634.9919999999997,4580.892,10996.479,11518.309,14710.286,13253.259,14326.259,6334.418,6869.116,17763.824,10528.524000000001,13188.829,11528.159,8980.865,6392.2287,5878.678,6669.674,8824.280999999999,11182.048999999999,53076.598000000005,8688.594,10017.199,11181.217,0,4725.33,6896.007,100,100
6:2 Fluorotelomer phosphate monoester,External Targets,tentative,44822,10.233,20.401,152.37,442.9764,9.18,N/A,N/A,0,0,0,0,0,0,0,0,0,0,0,0,0,0,0,0,0,0,0,0,0,0,0,0,0,0,0,0,0,0,0,0,0,0,0,11247.609,0,0,0,0,0,0,100,100
"1-Decanol, 7,7,8,8,9,9,10,10,10-nonafluoro-5-iodo- or 9-H-Perfluorononanoic acid",External Targets,tentative,80016,8.782,20.449,152.38,444.9741,3.26 or 5.55,N/A,N/A,0,0,0,0,0,0,0,0,0,0,710.0149,0,0,0,0,0,0,0,0,0,0,0,0,0,0,0,0,0,0,0,0,0,0,896.4542,0,0,0,0,0,0,0,0,100,100
"1,2,3,3,4,4,5,5,6,6,7,7,8,8,9,9,9-Heptadecafluoronon-1-en-1-ol",External Targets,tentative,3386,11.207,20.988,156.38,446.968,-0.7,N/A,N/A,35417.889,71945.609,26090.089,67556.879,92073.28899999999,10669.899,39273.189000000006,43371.819,33604.669,113997.499,76701.099,37001.689000000006,31521.189,37840.539000000004,24483.339,12769.539,12434.079,11824.169,69543.819,16504.599,28902.239,56067.639,43953.139,84035.169,47671.459,52913.089,109261.499,67669.949,16060.599,0,6726.516,52335.959,56690.709,25246.159,104956.799,14475.669,33786.629,11391.878999999999,70862.699,17276.089,12399.679,0,100,100
"5-[1,1,2-Trifluoro-2-(heptafluoropropoxy)ethoxy]benzene-1,3-dicarboxylic acid",External Targets,tentative,2635,1.7079999999999997,24.751,183.666,446.99374,1.23,N/A,N/A,782143.398,0,241422.88199999998,603129.207,457517.798,30820.109,66307.214,778976.398,44593.558000000005,204937.188,92587.808,31888.417999999998,20232.814,82254.618,118155.799,6984.733,85053.299,1083844.999,11932.378999999999,18790.939,224890.19900000002,181830.26800000004,46258.758,320953.798,54105.157999999996,67716.282,6892.346,269956.498,84175.28899999999,43478.189000000006,3991.303,118738.188,284642.398,386299.79799999995,127483.358,2225.993,253247.86800000002,128019.199,971458.627,351671.798,30941.089,78717.78899999999,100,100
"1-Butanesulfonamide, N-ethyl-1,1,2,2,3,3,4,4,4-nonafluoro-N-[2-(phosphonooxy)ethyl]-",External Targets,tentative,92627,12.509,19.343,144.03,449.984,2.63,N/A,N/A,0,0,0,0,0,0,0,0,0,698.6466,0,0,0,0,0,0,0,0,0,0,0,0,0,0,0,0,0,0,0,0,0,0,0,0,0,0,0,0,0,0,0,0,100,100
"N-(2,2,3,3,4,4,5,5,6,6,7,7,8,8,8-Pentadecafluorooctyl)prop-2-enamide",External Targets,tentative,82281,2.535,25.392,188.89,452.0127,-2.23,N/A,N/A,0,0,0,0,0,0,1413.328,0,0,0,0,0,0,0,0,0,0,0,0,0,0,0,0,0,0,0,0,0,0,0,0,0,0,0,0,0,0,0,0,0,0,0,100,100
ST50996634,External Targets,tentative,80082,0.8845000000000001,25.601,191.38000000000002,452.10977499999996,1.56,N/A,N/A,0,0,0,0,0,0,6419.045,0,0,0,0,0,0,0,0,0,0,0,0,0,0,0,0,0,0,0,0,0,0,0,0,0,0,0,0,0,8056.505499999999,0,0,981.9135,0,0,100,100
"4-(1,1,1,2,3,3,3-Heptafluoropropan-2-yl)-2-iodo-6-(trifluoromethyl)aniline",External Targets,tentative,56104,11.272,25.317,188.48,453.9178,4.85,N/A,N/A,0,0,0,0,0,0,0,0,0,0,0,0,0,0,0,0,0,0,0,0,0,0,0,0,0,0,0,0,0,0,0,0,0,0,0,0,5244.702,0,0,0,0,0,100,100
"1,2,2,3,3,4,5,5,6-nonafluoro-4,6-bis(trifluoromethyl)cyclohexane-1-sulfonic acid or Perfluoro-1-(perfluoroethyl)cyclohexanesulfonic acid or Perfluoro-4-(perfluoroethyl)cyclohexylsulfonic acid",External Targets,tentative,42974,9.476,21.481,159.88,460.9344,2.15,N/A,N/A,0,0,0,0,0,0,0,0,0,3233.0559999999996,963.1036,0,0,0,0,0,0,0,0,0,0,0,0,0,0,0,0,3420.2079999999996,0,0,0,0,1557.81,0,0,0,0,0,1435.713,0,0,0,100,100
"Perfluoro-3,5,5-trimethylhexanoic acid or Perfluoro-6-methylheptanecarboxylic acid or Perfluorononanoic acid",External Targets,tentative,78951,1.64075,24.816,185.58999999999997,462.9665,7.07,N/A,N/A,118928.178,0,30881.226,101759.858,31922.338,2847.107,7572.525,21691.006999999998,3505.6789999999996,20147.123,4947.41,910.5027,0,13485.059,23123.149,0,14300.489,170469.613,0,0,43918.055,26211.879,2786.5299999999997,41937.103,0,4692.96,0,37068.598,16398.079,8399.169,0,8542.003,20840.700699999998,46999.098,18041.472999999998,0,41656.199,31538.209,140863.668,55098.635,7900.054999999999,15735.708999999999,100,100
"N-((2-Chloro-4-(1,1,2,2-tetrafluoroethylsulfonyl)phenyl)carbamoyl)-2,6-difluorobenzamide or N-((3-Chloro-4-(1,1,2,2-tetrafluoroethylsulfonyl)phenyl)carbamoyl)-2,6-difluorobenzamide",External Targets,tentative,73762,11.212,21.016,156.135,472.98325,6.25,N/A,N/A,0,0,0,0,0,2429.4269999999997,0,0,1473.325,1492.548,3566.9469999999997,0,0,3392.586,1051.0430000000001,1023.9060000000001,0,1192.74,0,0,0,0,0,2557.16,3194.698,2399.3059999999996,1864.2350000000001,2157.1519999999996,1085.642,0,2177.687,0,1514.955,0,0,0,4247.661,0,2499.8019999999997,3472.0989999999997,2214.158,0,100,100
"4-(1,1,2,2,3,3,4,4,5,5,6,6,6-Tridecafluorohexane-1-sulfonyl)aniline",External Targets,tentative,4592,11.207,23.471,174.52,473.9877,8.05,N/A,N/A,14023.529,18219.959,20837.479,22421.539,23464.039,18677.969,24511.819,16679.389,13499.958999999999,23422.949,26901.909,25255.059,24235.699,29535.918999999998,19272.499,19869.149,20462.799,18828.629,24223.049,29870.459,24036.739,21774.649,24146.769,25556.129,24661.679,23215.379,23175.069,36749.47900000001,23609.639,18491.379,16626.379,27546.989,32024.259,29949.589,34877.069,32084.289,33054.579000000005,33343.859000000004,26674.789,28785.399,26897.719,37085.239,100,100
"(4S,5R)-4-(Propan-2-yl)-5-(3,3,4,4,5,5,6,6,7,7,8,8,8-tridecafluorooctyl)-1,3-oxazolidin-2-one",External Targets,tentative,69521,11.205,20.962,155.82,474.0706,-8.05,N/A,N/A,0,0,0,0,0,0,0,0,0,0,0,0,0,0,0,0,0,0,0,0,0,0,0,0,0,0,0,0,0,0,0,0,0,0,0,0,0,0,0,0,0,0,100,100
"2,3,4,4,5,5,6,6,7,7,8,8,9,9,10,10,10-Heptadecafluorodec-2-enoic acid",External Targets,tentative,36116,11.87,22.142,164.61,474.9638,1.2,N/A,N/A,0,1585.0910000000001,0,2218.9429999999998,2347.111,0,974.1883,0,0,2433.0719999999997,0,0,0,0,0,0,0,0,0,0,0,0,0,0,0,643.5036,1530.464,0,0,0,0,0,0,0,4386.0419999999995,0,0,0,0,0,0,0,100,100
"2-[(5-chloro-1,1,2,2,3,3,4,4,5,5-decafluoropentyl)oxy]-1,1,2,2-tetrafluoroethane-1-sulfonic acid",External Targets,tentative,45622,10.136,22.231,165.28,480.8998,2.14,N/A,N/A,0,0,0,0,0,0,0,0,0,2604.6139999999996,0,0,0,0,0,0,0,0,0,0,0,830.2513,0,0,0,1394.136,2529.4219999999996,0,0,0,0,0,0,0,0,0,0,0,1775.108,0,0,0,100,100
"2,2'-(2,3,5,6-Tetrafluoro-1,4-phenylene)bis(hexafluoropropan-2-ol) or Perfluoro(2-(2-propoxypropoxy)-1H,1H-propan-1-ol)",External Targets,tentative,54595,10.5405,22.279,165.35,480.97045,-6.95 or -4.57,N/A,N/A,6336.514999999999,9058.817,7132.327,0,4051.774,4812.769,5822.9839999999995,6823.197,2138.826,12548.519,8477.027,7095.7789999999995,12932.589,5446.893,6644.9167,0,3633.787,4322.003,9118.860999999999,7989.822,10052.269,8038.669,7847.135,0,8786.901,13645.649,10314.689,9227.187,5006.178,7099.629,0,7529.074,6416.5689999999995,6789.035,11609.679,31985.899,8939.195,5882.749,5680.357,6380.151,3032.151,0,100,100
"2,2'-(2,3,5,6-Tetrafluoro-1,4-phenylene)bis(hexafluoropropan-2-ol) or Perfluoro(2-(2-propoxypropoxy)-1H,1H-propan-1-ol)",External Targets,tentative,68689,12.451,21.726,161.49,480.9704,-7.05 or -4.68,N/A,N/A,0,0,0,0,0,0,0,0,0,2276.272,0,0,0,0,0,0,0,0,0,0,0,0,0,0,0,0,0,0,0,0,0,0,0,0,0,0,0,0,559.3399000000001,0,0,0,100,100
"2,2'-(2,3,5,6-Tetrafluoro-1,4-phenylene)bis(hexafluoropropan-2-ol) or Perfluoro(2-(2-propoxypropoxy)-1H,1H-propan-1-ol)",External Targets,tentative,3405,10.5275,20.971,154.765,480.97085000000004,-6.12 or -3.74,N/A,N/A,29304.487999999998,42319.129,35063.538,40909.559,36047.059,31346.759,26193.668999999998,37905.749,34543.029,56067.249,43608.40900000001,38994.999,57938.22900000001,38943.379,44709.499,32377.799,27919.979,31828.699,47190.679000000004,41366.959,42753.759000000005,45797.449,50681.009000000005,39196.519,40709.829000000005,55455.039000000004,52543.029,41381.359000000004,41937.239,44167.419,29284.909,33744.029,42023.129,38949.249,49706.879,149414.09900000002,46246.019,37053.089,43740.589,33601.499,32737.329,35243.169,100,100
"2,2'-(2,3,5,6-Tetrafluoro-1,4-phenylene)bis(hexafluoropropan-2-ol) or Perfluoro(2-(2-propoxypropoxy)-1H,1H-propan-1-ol)",External Targets,tentative,38158,12.444,20.829,154.86,480.9715,-4.77 or -2.39,N/A,N/A,0,2073.3819999999996,0,2182.645,2114.372,0,0,0,0,0,0,0,0,0,0,0,0,0,0,0,0,0,0,0,0,780.7449,3486.4199999999996,0,0,0,0,0,2734.881,0,743.2685,0,0,0,0,0,0,0,100,100
"2,2'-(2,3,5,6-Tetrafluoro-1,4-phenylene)bis(hexafluoropropan-2-ol) or Perfluoro(2-(2-propoxypropoxy)-1H,1H-propan-1-ol)",External Targets,tentative,59392,9.011,21.01,154.125,480.9722,-3.31 or -0.94,N/A,N/A,0,0,0,0,0,0,0,3054.859,6046.583,0,0,0,3567.654,3000.663,3662.9339999999997,4772.813,0,2109.336,5086.166,5588.215999999999,1831.6490000000001,8073.915,4902.353999999999,5087.215,8439.972,2217.2889999999998,4312.717,4103.416,2488.6119999999996,3907.0739999999996,1883.755,3337.519,4941.474999999999,3763.2929999999997,2026.655,34813.679000000004,4283.507,2295.5359999999996,4094.0769999999998,2666.0009999999997,2151.149,5140.036,100,100
"1,1,2,2,3,3,4,4,5,5,6,6,7,7,8,8,8-heptadecafluorooctane-1-sulfinic Acid",External Targets,tentative,75127,11.766666666666666,26.63,196.25333333333333,482.93576666666667,0.97,N/A,N/A,3476.9080000000004,0,1186.315,4206.766,1141.303,3670.0189,0,0,0,2234.6679999999997,3270.7859999999996,5376.722,4831.590999999999,2125.125,1736.589,0,0,2859.154,1616.6870000000001,1459.023,5588.951,0,7114.215999999999,7597.364,3496.4629999999997,2928.12,5630.839,7471.923999999999,0,3752.957,0,2534.408,6288.848,2973.906,8781.774,16083.182,3919.017,0,6271.538,1728.534,4307.834,9705.898,100,100
"{4-[(4,4,5,5,6,6,7,7,8,8,9,9,9-Tridecafluorononyl)oxy]phenyl}methanol",External Targets,tentative,16271,1.7416666666666665,26.137,194.21666666666667,483.06603333333334,5.21,N/A,N/A,14211.807,0,2110.288,5700.512199999999,22087.466,0,0,19541.595999999998,0,0,0,0,0,0,0,0,0,18361.769,0,0,2094.8379999999997,0,0,4078.3769999999995,0,0,0,6857.271,0,0,0,0,0,12138.199,0,0,0,2320.298,17699.769,2746.9849999999997,0,0,100,100
"1,2,2,3,3,4,4,4a,5,5,6,6,7,7,8,8,8a-Heptadecafluorodecahydronaphthalene-1-carboxylic acid",External Targets,tentative,95819,10.791,26.805,199.13,486.9677,9.18,N/A,N/A,0,0,0,0,0,0,0,0,0,0,0,0,0,0,0,0,0,0,0,0,0,0,0,0,0,0,0,0,0,0,0,0,0,0,0,0,0,0,0,0,0,0,100,100
"1,1'-Peroxybis(2,2,3,3,4,4,5,5-octafluorocyclopentan-1-ol) or Perfluorosebacic acid",External Targets,tentative,68437,4.78,21.182,157.39,488.9589,-7.32,N/A,N/A,0,0,0,0,0,0,0,0,0,0,0,0,1665.326,0,0,0,0,0,0,0,0,0,0,0,0,0,0,0,0,1203.1200000000001,0,0,0,0,0,0,0,0,0,0,0,0,100,100
"1,1'-Peroxybis(2,2,3,3,4,4,5,5-octafluorocyclopentan-1-ol) or Perfluorosebacic acid",External Targets,tentative,56576,4.767,21.164,157.3,488.9644,3.93,N/A,N/A,0,0,0,0,0,0,0,0,0,0,0,0,0,0,0,0,0,1681.065,0,0,0,0,1902.32,1085.135,0,0,0,0,0,0,0,0,0,0,0,0,0,0,0,0,0,0,100,100
"Butanamide, N-(4'-(acetylamino)-3,3'-dichloro(1,1'-biphenyl)-4-yl)-2,2,3,3,4,4,4-heptafluoro-",External Targets,tentative,23901,9.148,22.47,167.01,488.9997,-3.27,N/A,N/A,0,0,0,0,0,0,0,0,0,0,0,0,0,0,0,0,0,0,0,1935.134,0,0,3806.62,1065.723,0,2304.576,3477.801,0,1741.184,1493.098,0,0,1858.1390000000001,1378.915,0,15985.298999999999,0,826.0068,873.0462,0,757.0133000000001,2174.6229999999996,100,100
"10-H-Perfluorodecanoic acid or N-{4-[(1,1,2,2,3,3,4,4,4-Nonafluorobutane-1-sulfonyl)amino]benzene-1-sulfonyl}acetamide",External Targets,tentative,77760,9.741,21.434,159.315,494.97065,-6.04 or 2.41,N/A,N/A,6808.365,0,3334.817,2175.3959999999997,0,2850.0829999999996,3632.7169999999996,2400.502,4832.889999999999,2995.5049999999997,6167.371,4734.648,4214.588,0,4103.383,3810.6611999999996,5396.776,3376.502,0,3878.991,6291.044,5719.541,5550.853999999999,3228.725,8850.373,8272.857,4308.1052,2831.0679999999998,5994.170999999999,3277.1769999999997,0,4314.656,3574.1409999999996,3125.9539999999997,0,29910.569,3498.897,5860.005999999999,6941.755999999999,3302.1169999999997,3498.9379999999996,4538.045999999999,100,100
"10-H-Perfluorodecanoic acid or N-{4-[(1,1,2,2,3,3,4,4,4-Nonafluorobutane-1-sulfonyl)amino]benzene-1-sulfonyl}acetamide",External Targets,tentative,69101,9.481,24.15,179.39,494.9719,-3.51 or 4.94,N/A,N/A,0,0,0,0,0,0,0,0,0,0,0,0,0,0,0,0,0,0,0,0,0,0,0,0,0,0,1497.2830000000001,0,0,0,0,0,1281.644,0,0,0,0,0,0,0,0,0,100,100
"1,1,2,2,3,3,4,4,5,6,6,7,7,7-tetradecafluoro-5-(trifluoromethyl)heptane-1-sulfonic acid or 1,1,2,2,3,3,4,5,5,6,6,7,7,7-tetradecafluoro-4-(trifluoromethyl)heptane-1-sulfonic acid or 1,1,2,2,3,3,5,5,6,6,6-undecafluoro-4,4-bis(trifluoromethyl)hexane-1-sulfonic acid or 1,1,2,2,3,4,4,5,5,6,6,7,7,7-tetradecafluoro-3-(trifluoromethyl)heptane-1-sulfonic acid or 1,1,2,3,3,4,4,5,5,6,6,7,7,7-tetradecafluoro-2-(trifluoromethyl)heptane-1-sulfonic acid or Heptadecafluorooctane-2-sulfonic acid or IsoPFOS or Perfluorooctanesulfonic acid",External Targets,tentative,55619,10.395000000000001,22.74,157.84090909090912,498.93033636363634,0.25,N/A,N/A,8412316.118999999,24091400.388400003,8247549.546999999,18760884.5,23036437.998000003,1928494.9980000001,12146485.4,9522570.131000001,10074653.19,28414059.246000003,14283852.8,8794956.298,9645811.404,10584979.83,5628611.398,2177947.4080000003,2166897.328,1749224.198,17817046,3638775.698,5190809.7979999995,16771531.25,10667114.6,15315699.3,10313117.9,12729580.88,25914111.998000003,16069854,2698297.398,2186282.898,1845835.9780000001,11740197.82,15070866.43,7416631.2979999995,23159353.998000003,2608206.198,8002374.767999999,2178816.998,24959974.060000002,5812433.6559999995,2375552.9979999997,996754.868,100,100
"1,1,2,2,3,3,4,4,5,6,6,7,7,7-tetradecafluoro-5-(trifluoromethyl)heptane-1-sulfonic acid or 1,1,2,2,3,3,4,5,5,6,6,7,7,7-tetradecafluoro-4-(trifluoromethyl)heptane-1-sulfonic acid or 1,1,2,2,3,3,5,5,6,6,6-undecafluoro-4,4-bis(trifluoromethyl)hexane-1-sulfonic acid or 1,1,2,2,3,4,4,5,5,6,6,7,7,7-tetradecafluoro-3-(trifluoromethyl)heptane-1-sulfonic acid or 1,1,2,3,3,4,4,5,5,6,6,7,7,7-tetradecafluoro-2-(trifluoromethyl)heptane-1-sulfonic acid or Heptadecafluorooctane-2-sulfonic acid or IsoPFOS or Perfluorooctanesulfonic acid",External Targets,tentative,92507,10.454,10.301,76.87,498.9282,-4.04,N/A,N/A,0,0,0,0,0,0,0,0,0,0,0,0,0,0,0,0,0,0,0,0,0,0,0,0,0,0,0,707.8667,0,0,0,0,0,0,0,0,0,0,0,0,0,0,100,100
"1,1,2,2,3,3,4,4,5,6,6,7,7,7-tetradecafluoro-5-(trifluoromethyl)heptane-1-sulfonic acid or 1,1,2,2,3,3,4,5,5,6,6,7,7,7-tetradecafluoro-4-(trifluoromethyl)heptane-1-sulfonic acid or 1,1,2,2,3,3,5,5,6,6,6-undecafluoro-4,4-bis(trifluoromethyl)hexane-1-sulfonic acid or 1,1,2,2,3,4,4,5,5,6,6,7,7,7-tetradecafluoro-3-(trifluoromethyl)heptane-1-sulfonic acid or 1,1,2,3,3,4,4,5,5,6,6,7,7,7-tetradecafluoro-2-(trifluoromethyl)heptane-1-sulfonic acid or Heptadecafluorooctane-2-sulfonic acid or IsoPFOS or Perfluorooctanesulfonic acid",External Targets,tentative,80826,10.448,5.256,39.53,498.9286,-3.23,N/A,N/A,0,0,0,0,0,0,0,0,0,0,0,0,0,0,0,0,0,0,0,0,0,0,0,1535.536,0,0,0,0,0,0,0,0,0,0,0,0,0,0,0,0,0,0,100,100
"1,1,2,2,3,3,4,4,5,6,6,7,7,7-tetradecafluoro-5-(trifluoromethyl)heptane-1-sulfonic acid or 1,1,2,2,3,3,4,5,5,6,6,7,7,7-tetradecafluoro-4-(trifluoromethyl)heptane-1-sulfonic acid or 1,1,2,2,3,3,5,5,6,6,6-undecafluoro-4,4-bis(trifluoromethyl)hexane-1-sulfonic acid or 1,1,2,2,3,4,4,5,5,6,6,7,7,7-tetradecafluoro-3-(trifluoromethyl)heptane-1-sulfonic acid or 1,1,2,3,3,4,4,5,5,6,6,7,7,7-tetradecafluoro-2-(trifluoromethyl)heptane-1-sulfonic acid or Heptadecafluorooctane-2-sulfonic acid or IsoPFOS or Perfluorooctanesulfonic acid",External Targets,tentative,16839,10.4545,24.779,184.99,498.93165,2.88,N/A,N/A,0,12133.849,1455.214,0,11439.548999999999,0,0,1380.6680000000001,0,21627.339,3442.649,0,1444.038,0,0,0,0,0,3423.846,0,0,0,0,0,1297.194,0,7893.629,0,0,0,0,0,4019.339,0,9035.178,0,0,0,10468.669,0,0,0,100,100
"1,1,2,2,3,3,4,4,5,6,6,7,7,7-tetradecafluoro-5-(trifluoromethyl)heptane-1-sulfonic acid or 1,1,2,2,3,3,4,5,5,6,6,7,7,7-tetradecafluoro-4-(trifluoromethyl)heptane-1-sulfonic acid or 1,1,2,2,3,3,5,5,6,6,6-undecafluoro-4,4-bis(trifluoromethyl)hexane-1-sulfonic acid or 1,1,2,2,3,4,4,5,5,6,6,7,7,7-tetradecafluoro-3-(trifluoromethyl)heptane-1-sulfonic acid or 1,1,2,3,3,4,4,5,5,6,6,7,7,7-tetradecafluoro-2-(trifluoromethyl)heptane-1-sulfonic acid or Heptadecafluorooctane-2-sulfonic acid or IsoPFOS or Perfluorooctanesulfonic acid",External Targets,tentative,12235,10.451,25.741,191.05,498.9307,0.97,N/A,N/A,0,0,2471.337,15622.679,14283.479,0,5212.541,4777.316,0,17108.189,6361.495,6201.443,0,3501.118,1569.429,0,0,0,0,765.4683,2125.62,11299.329,0,3923.383,4197.4349999999995,7794.880999999999,0,12266.749,0,0,0,0,0,2380.7599999999998,14677.099,0,3504.2419999999997,0,19604.109,2026.383,0,0,100,100
"1,1,2,2,3,3,4,4,5,6,6,7,7,7-tetradecafluoro-5-(trifluoromethyl)heptane-1-sulfonic acid or 1,1,2,2,3,3,4,5,5,6,6,7,7,7-tetradecafluoro-4-(trifluoromethyl)heptane-1-sulfonic acid or 1,1,2,2,3,3,5,5,6,6,6-undecafluoro-4,4-bis(trifluoromethyl)hexane-1-sulfonic acid or 1,1,2,2,3,4,4,5,5,6,6,7,7,7-tetradecafluoro-3-(trifluoromethyl)heptane-1-sulfonic acid or 1,1,2,3,3,4,4,5,5,6,6,7,7,7-tetradecafluoro-2-(trifluoromethyl)heptane-1-sulfonic acid or Heptadecafluorooctane-2-sulfonic acid or IsoPFOS or Perfluorooctanesulfonic acid",External Targets,tentative,44406,10.4585,23.927,134.935,498.9326,4.78,N/A,N/A,0,0,0,0,0,0,0,0,0,0,0,0,0,0,0,0,0,0,0,0,0,1256.309,0,0,0,0,6185.454,0,0,0,0,0,0,0,2945.2532999999994,0,0,0,0,0,0,0,100,100
PFOPA,External Targets,tentative,81698,10.428,14.251,106.1,498.9354,-8.68,N/A,N/A,0,0,0,0,0,0,0,0,0,0,0,0,0,0,0,0,0,0,1462.0720000000001,0,0,0,0,0,0,0,0,0,0,0,0,0,0,0,0,0,0,0,0,0,0,0,100,100
PFOPA,External Targets,tentative,91850,10.428,18.327,136.26,498.9363,-6.87,N/A,N/A,0,0,0,0,0,0,0,0,0,0,0,0,0,0,0,0,0,0,0,0,0,0,753.0819,0,0,0,0,0,0,0,0,0,0,0,0,0,0,0,0,0,0,0,100,100
PFOPA,External Targets,tentative,87517,10.463,4.416,33.32,498.9369,-5.67,N/A,N/A,0,0,0,0,0,0,0,0,0,0,0,0,0,0,0,0,0,0,0,0,0,0,0,1025.257,0,0,0,0,0,0,0,0,0,0,0,0,0,0,0,0,0,0,100,100
PFOPA,External Targets,tentative,86798,10.449,3.475,26.36,498.937,-5.47,N/A,N/A,0,0,0,0,0,0,0,0,0,0,0,0,0,0,0,0,0,0,0,0,0,0,0,0,0,0,0,0,0,0,0,1072.797,0,0,0,0,0,0,0,0,0,0,100,100
PFOPA,External Targets,tentative,87407,10.453,26.232,194.59,498.9442,8.96,N/A,N/A,0,0,0,0,0,0,1032.613,0,0,0,0,0,0,0,0,0,0,0,0,0,0,0,0,0,0,0,0,0,0,0,0,0,0,0,0,0,0,0,0,0,0,0,100,100
"2,2,3,3,4,4,5,5,6,6,7,7,8,8,8-Pentadecafluoro-N-[2-(2-hydroxyethoxy)ethyl]octanamide or Perfluorooctanoic acid diethanolamide",External Targets,tentative,72974,10.451,22.668,168.37,500.0345,-0.67,N/A,N/A,0,0,0,0,0,0,0,0,0,0,0,0,0,0,0,0,0,0,0,0,0,0,0,0,0,0,0,0,0,0,0,0,0,0,0,0,0,0,0,0,0,0,100,100
"Carbamic acid, (1-(diphenylphosphinyl)-2,2,2-trifluoro-1-(trifluoromethyl)ethyl)-, phenylmethyl ester",External Targets,tentative,26124,10.446,22.779,169.03,500.0813,-8.54,N/A,N/A,0,0,0,0,0,0,0,0,0,0,0,0,0,0,0,0,0,0,0,0,0,0,0,0,0,0,0,0,0,0,0,0,0,0,0,0,0,0,0,0,0,0,100,100
2-Hydroxyethyl heptadecafluorononanoate,External Targets,tentative,77269,12.648,22.523,167.24,506.9868,-5.21,N/A,N/A,0,0,0,0,0,0,0,0,0,0,0,0,0,0,0,0,0,0,0,0,0,0,0,0,0,1860.32,0,0,0,0,0,0,0,0,0,0,0,0,0,0,0,0,100,100
"2,2,3,3,4,4,5,5,6,6,7,7,8,9,9,9-hexadecafluoro-8-(trifluoromethyl)nonanoic acid or Perfluoro-3,7-dimethyloctanoic acid or Perfluorodecanoic acid",External Targets,tentative,77669,11.207,27.815,206.24,512.9599,-0.26,N/A,N/A,1147.84,0,0,0,0,0,0,0,0,0,0,0,0,0,0,0,0,0,674.0284,0,0,0,0,0,0,0,0,0,0,0,0,0,0,0,0,0,0,0,0,0,0,0,100,100
"1,1,2,2-Tetrafluoro-2-[(tridecafluorohexyl)oxy]ethanesulfonic acid",External Targets,tentative,84424,10.6205,23.358,172.72500000000002,514.92265,-4.81,N/A,N/A,0,4804.304,0,4796.599999999999,5116.937,0,0,0,0,7023.422,2673.868,0,0,0,0,0,0,0,4484.9169999999995,0,0,2179.4179999999997,0,2583.4159999999997,0,0,5250.722,604.9228,0,0,0,2012.284,0,0,4310.554999999999,0,0,0,2340.3929999999996,0,0,0,100,100
"Perfluoro(3,3'-(piperazine-1,4-diyl)dipropanoic acid)",External Targets,tentative,12632,13.149999999999999,22.889,169.70333333333335,516.9718333333334,6.2,N/A,N/A,0,24072.649,0,8059.907999999999,0,0,3050.638,3141.913,1115.025,24948.749,0,0,2927.707,5562.353999999999,0,0,0,0,1336.218,0,0,5223.925,9825.634,0,1983.92,28769.429,1440.54,10209.136999999999,0,0,0,2838.105,2257.5519999999997,2602.928,11014.349,0,0,0,19018.879,0,0,0,100,100
"Perfluoro(3,3'-(piperazine-1,4-diyl)dipropanoic acid)",External Targets,tentative,8786,10.421,25.892,191.99,516.9724,7.3,N/A,N/A,6978.385,11475.349,5675.639999999999,12799.889,22097.879,968.9328,6466.8859999999995,8210.86,9018.544,22631.239,15312.699,5900.851,4418.778,5604.396,0,0,0,0,9093.58,2959.345,0,10978.739,7223.53,16850.319,11818.069,10580.509,18555.109,14853.769,830.1788,0,0,9448.475,11996.579,5512.599999999999,19081.699,1411.7450000000001,7655.964,0,14679.689,0,0,0,100,100
"7,7,8,8,9,9,10,10,11,11,12,12,13,13,14,14,14-heptadecafluorotetradecan-1-ol",External Targets,tentative,79706,11.696,22.279,165.33,519.0593,-5.61,N/A,N/A,0,0,0,0,0,0,0,0,0,0,0,0,0,0,0,0,0,0,0,0,0,0,0,0,0,0,0,0,0,0,0,0,0,0,0,0,0,0,0,0,0,0,100,100
"(7-carboxy-1,1,2,2,3,3,4,4,5,5,6,6,7,7-tetradecafluoroheptyl)pentafluorosulfur",External Targets,tentative,72307,10.411,24.208,179.49,520.9272,-9.42,N/A,N/A,0,0,0,0,0,0,0,0,0,1744.198,0,0,0,0,0,0,0,0,0,0,0,0,0,0,0,0,0,0,0,0,0,0,0,0,632.8029,0,0,0,0,0,0,0,100,100
"((Perfluorooctyl)ethyl)silanetriol or 6-(1,1,2,2,3,3,4,4,5,5,6,6,6-tridecafluorohexylsulfonyl)naphthalen-2-ol",External Targets,tentative,8046,9.667,22.382,166.01,524.9809,-5.05 or -2.13,N/A,N/A,0,4906.452,2977.011,3621.348,4621.536,0,4779.902,3278.3959999999997,3682.2949999999996,0,5489.077,2865.3439999999996,4366.715999999999,5178.4529999999995,10191.059,7506.099999999999,10057.769,7468.138,10977.169,14247.479,11059.789,11398.079,10002.059,8105.612,8547.31,19079.209,14779.208999999999,9823.018,9512.122,12120.589,7458.759,7511.414,9638.728,10013.039,11357.769,47054.009000000005,13220.109,7446.34,13776.349,4247.531,7069.312,11317.628999999999,100,100
"((Perfluorooctyl)ethyl)silanetriol or 6-(1,1,2,2,3,3,4,4,5,5,6,6,6-tridecafluorohexylsulfonyl)naphthalen-2-ol",External Targets,tentative,4884,11.876,24.743,183.44,524.9866,5.81 or 8.73,N/A,N/A,18080.129,13568.749,16995.689,14964.628999999999,16564.899,26901.269,20250.779,16675.109,17292.319,15766.689,21921.219,20273.049,24984.569,29229.349,23208.719,17560.709,22489.439,20475.789,18055.418999999998,21859.689,17870.999,21410.879,20543.999,21339.729,19114.649,14506.739,12907.378999999999,29592.899,21596.289,22156.309,17847.639,23363.929,28439.668999999998,29788.949,25503.139,31178.039,34792.339,24823.539,28856.429,28584.699,30729.389,22392.849,100,100
10-Chloro-perfluorodecanoic acid,External Targets,tentative,85540,11.343,24.132,178.95,528.9301,-0.73,N/A,N/A,0,0,0,0,0,0,0,0,0,0,0,0,0,0,0,0,0,0,0,0,0,0,0,0,0,0,0,0,0,0,0,0,0,0,1159.9660000000001,0,0,0,0,0,0,0,100,100
"2,2,3,3,4,4,5,5,6,6,7,7-Dodecafluoro-7-[(1,1,1,2,3,3,3-heptafluoropropan-2-yl)oxy]heptanoic acid",External Targets,tentative,62851,10.498,26.309,194.94,528.9563,2.55,N/A,N/A,0,0,0,0,0,1205.0040000000001,0,0,0,595.909,512.7591,0,0,0,0,0,0,0,0,1071.6390000000001,0,0,0,0,0,0,0,0,0,0,0,0,0,0,0,0,0,0,0,0,0,0,100,100
"6,6,7,7,8,8,9,9,10,10,11,11,11-Tridecafluoro-4-iodoundecan-1-ol",External Targets,tentative,35820,10.423,24.339,180.34,530.9518,4.14,N/A,N/A,766.6092,3021.4019999999996,0,0,3646.5429999999997,0,0,0,0,2597.4979999999996,3803.0269999999996,0,0,0,0,0,0,0,0,0,0,0,0,1317.817,0,0,1248.4750000000001,0,0,0,0,0,0,0,0,0,0,0,0,0,0,0,100,100
"2,2,3,3,4,4,5,5,6,6,7,7,7-Tridecafluoro-N-[(4-sulfamoylphenyl)methyl]heptanamide",External Targets,tentative,80392,11.88,26.613,197.26,531.01,8.76,N/A,N/A,0,0,0,0,0,0,0,0,0,0,0,0,0,0,0,0,0,0,0,0,0,0,0,0,0,0,0,0,0,0,0,0,0,0,0,1572.609,0,0,0,0,0,0,100,100
8:2:1 Fluorotelomer thioether acetic acid,External Targets,tentative,25428,13.145,23.353,173.05,536.978,-7.91,N/A,N/A,0,4787.586,0,4094.1949999999997,0,0,0,1675.6870000000001,1136.978,4389.565,0,0,0,0,0,0,0,0,0,0,0,0,1666.5040000000001,0,0,6103.732,0,3920.87,0,0,0,0,829.3477,0,1351.309,0,0,0,4799.871999999999,0,0,0,100,100
"1-Octanesulfonamide, 1,1,2,2,3,3,4,4,5,5,6,6,7,7,8,8,8-heptadecafluoro-N-2-propenyl-",External Targets,tentative,94907,1.867,27.046,200.39,537.9802,5.02,N/A,N/A,0,0,0,0,0,0,0,0,0,0,0,0,0,0,0,0,0,0,0,0,0,0,0,0,0,0,0,0,0,0,0,0,0,500.9936,0,0,0,0,0,0,0,0,100,100
octadecafluoroundecanedioic acid,External Targets,tentative,12299,6.217,22.12,163.94,538.961,3.18,N/A,N/A,5426.097,6606.918,6139.586,3963.694,3800.874,5890.5509999999995,0,3822.729,7631.781,5187.195,7355.915,3290.908,6134.996,5554.174,1043.973,6151.586,2565.348,0,2112.3929999999996,4360.833,3465.191,3079.2619999999997,0,0,3754.9849999999997,0,4019.8179999999998,3500.77,2439.1929999999998,0,3605.6589999999997,0,0,3504.245,3251.923,24308.519,5752.664,0,0,5380.282999999999,6158.51,621.4747,100,100
4-(Heptadecafluorooctyl)benzoic acid,External Targets,tentative,66158,10.047,23.033,170.74,538.9964,3.47,N/A,N/A,0,0,0,0,0,0,0,0,0,0,0,0,0,0,0,0,0,0,0,0,0,0,976.4012,0,0,0,0,0,0,0,0,0,0,0,0,2224.2569999999996,0,0,0,0,0,0,100,100
8:2 Fluorotelomer phosphate monoester,External Targets,tentative,49533,11.656,22.607,167.41,542.9663,0.65,N/A,N/A,0,0,0,0,0,0,0,0,0,1975.201,0,0,5420.022,0,0,0,0,0,0,0,0,0,0,0,0,0,0,0,0,0,0,0,0,0,0,0,0,0,0,0,0,0,100,100
8:2 Fluorotelomer phosphate monoester,External Targets,tentative,92284,11.505,21.908,162.25,542.9703,8.02,N/A,N/A,0,0,0,0,0,0,0,0,0,0,0,0,722.1075000000001,0,0,0,0,0,0,0,0,0,0,0,0,0,0,0,0,0,0,0,0,0,0,0,0,0,0,0,0,0,100,100
"1-Dodecanol, 7,7,8,8,9,9,10,10,11,11,12,12,12-tridecafluoro-5-iodo- or 11-H-Perfluoroundecanoic acid",External Targets,tentative,89653,11.572,24.635,182.53,544.964,-4.15 or -2.29,N/A,N/A,0,0,0,0,0,0,0,0,0,0,0,0,0,0,0,0,0,0,0,0,0,0,0,0,0,0,0,0,0,0,0,0,0,0,888.1809000000001,0,0,0,0,0,0,0,100,100
"1-Dodecanol, 7,7,8,8,9,9,10,10,11,11,12,12,12-tridecafluoro-5-iodo- or 11-H-Perfluoroundecanoic acid",External Targets,tentative,3487,10.422,25.348,187.74,544.9669,1.17 or 3.03,N/A,N/A,49052.189000000006,66621.319,36092.889,64394.769,80907.47899999999,8127.532999999999,24145.119,34560.549000000006,33643.459,98451.549,79992.22899999999,35686.919,35195.199,40427.529,16504.709,8288.666,13266.489,7443.276,47930.689000000006,20969.499,21729.489,56094.029,43438.899000000005,69297.689,63354.319,58568.419,97089.019,56403.699,11261.859,7383.231,4166.9839999999995,56446.709,46736.969000000005,25441.309,100452.499,15063.069,48496.65900000001,16988.909,64944.339,14798.249,0,0,100,100
"1-Dodecanol, 7,7,8,8,9,9,10,10,11,11,12,12,12-tridecafluoro-5-iodo- or 11-H-Perfluoroundecanoic acid",External Targets,tentative,59613,10.514,22.345,165.62,544.9687,4.47 or 6.33,N/A,N/A,0,0,0,0,0,0,0,0,0,0,0,0,0,0,0,0,0,0,0,0,0,0,0,0,0,0,0,0,0,0,0,0,0,0,0,4408.385,0,0,0,0,0,0,100,100
"1h,1h-perfluoro-3,6,9-trioxatridecan-1-ol",External Targets,tentative,6204,12.45,23.346,172.93,546.9624,-5.69,N/A,N/A,9231.596,23521.269,9593.237,25726.869,33502.129,0,20786.869,15182.319,13536.729,33094.289000000004,15825.919,8599.673,14028.809,22136.679,1003.5840000000001,0,0,0,30547.679,1468.873,3681.3419999999996,25476.529,18347.319,22474.809,11676.109,16593.789,34587.629,27519.409,1548.143,0,0,16886.379,36125.359000000004,14543.639,39172.239,0,11814.509,0,30988.099,12446.269,0,0,100,100
4-(Heptadecafluorooctyl)-N-methylbenzamide,External Targets,tentative,64998,12.948,28.461,210.62,552.0232,-5.37,N/A,N/A,0,0,0,0,0,0,0,0,0,2049.415,0,0,0,0,0,0,0,0,0,0,0,0,0,0,0,0,0,1330.613,0,0,0,0,0,0,0,0,0,0,0,0,0,0,100,100
Perfluoro-9-(trifluoromethyl)decanoic acid or Perfluoroundecanoic acid,External Targets,tentative,93232,11.885,11.196,83.1,562.9513,-9.84,N/A,N/A,0,0,0,0,0,0,0,0,0,652.5982,0,0,0,0,0,0,0,0,0,0,0,0,0,0,0,0,0,0,0,0,0,0,0,0,0,0,0,0,0,0,0,0,100,100
Perfluoro-9-(trifluoromethyl)decanoic acid or Perfluoroundecanoic acid,External Targets,tentative,84503,11.867,10.858,80.6,562.9543,-4.51,N/A,N/A,0,0,0,0,0,0,0,0,0,0,0,0,0,1235.59,0,0,0,0,0,0,0,0,0,0,0,0,0,0,0,0,0,0,0,0,0,0,0,0,0,0,0,0,100,100
Perfluoro-9-(trifluoromethyl)decanoic acid or Perfluoroundecanoic acid,External Targets,tentative,94828,11.874,19.4,143.76,562.9546,-3.98,N/A,N/A,0,0,0,0,0,0,0,0,0,0,0,0,0,0,0,0,0,0,0,0,0,0,0,0,0,0,0,507.9723,0,0,0,0,0,0,0,0,0,0,0,0,0,0,100,100
Perfluoro-9-(trifluoromethyl)decanoic acid or Perfluoroundecanoic acid,External Targets,tentative,39569,11.877,27.733,205.11,562.9564,-0.78,N/A,N/A,0,0,0,0,0,0,1742.214,1717.412,0,3518.687,0,0,0,0,0,0,0,0,0,0,0,0,0,0,0,0,0,0,0,0,0,0,0,0,5941.866,0,0,0,0,0,0,0,100,100
Perfluoro-9-(trifluoromethyl)decanoic acid or Perfluoroundecanoic acid,External Targets,tentative,15278,11.78125,29.335,190.8125,562.95845,2.86,N/A,N/A,455320.699,927513.899,417721.799,895427.5759999999,1069427.374,102543.299,622928.024,580039.899,496641.74100000004,1103769.154,703920.899,498823.999,462011.499,595942.603,251268.46200000003,121813.299,106810.299,80615.389,927533.738,172061.799,268546.199,826670.228,620333.8749999999,838541.0229999999,559517.499,632404.999,1157025.953,857059.5029999999,142052.799,124648.599,97715.309,566706.543,798704.135,407539.39900000003,1194414.299,108560.199,532587.499,114916.999,999620.526,321060.499,126694.099,51973.939000000006,100,100
Perfluoro-9-(trifluoromethyl)decanoic acid or Perfluoroundecanoic acid,External Targets,tentative,21428,11.874,26.645,197.16,562.957,0.28,N/A,N/A,0,1956.78,0,0,5669.771,0,0,0,0,6047.588,0,0,0,1122.049,0,0,0,0,3704.468,0,0,4886.089,2695.696,4319.633,0,0,3602.2059999999997,0,0,0,0,0,2366.2599999999998,0,5819.221,0,1229.403,0,6800.465999999999,0,0,0,100,100
Perfluoro-9-(trifluoromethyl)decanoic acid or Perfluoroundecanoic acid,External Targets,tentative,30402,11.8945,31.624,163.02,562.9584,2.77,N/A,N/A,0,0,0,0,0,0,0,0,1658.109,0,0,2137.212,0,0,0,0,0,0,0,0,0,0,0,0,1867.866,0,8134.239,1920.138,0,0,0,1146.758,0,0,4520.5869999999995,0,2287.254,0,0,737.2984,0,0,100,100
Perfluoro-9-(trifluoromethyl)decanoic acid or Perfluoroundecanoic acid,External Targets,tentative,80116,11.861,16.322,120.98,562.961,7.39,N/A,N/A,0,0,0,0,1069.4370000000001,0,0,0,0,0,0,0,0,0,0,0,0,0,0,0,0,0,0,0,0,0,0,0,0,0,0,0,0,0,0,0,528.0312,0,0,0,0,0,100,100
Perfluoro-9-(trifluoromethyl)decanoic acid or Perfluoroundecanoic acid,External Targets,tentative,79664,11.88,23.636,206.53,562.9618,8.81,N/A,N/A,0,0,0,0,0,0,0,0,0,0,0,0,0,0,0,0,0,0,4269.767,0,0,0,0,0,0,0,0,0,0,0,0,0,0,0,0,0,0,0,0,0,0,0,100,100
"2-[(1,2,3,3,4,4,5,5,6,6,7,7,8,8,9,9,9-Heptadecafluoronon-1-en-1-yl)oxy]benzoic acid or 4-[(1,2,3,3,4,4,5,5,6,6,7,7,8,8,9,9,9-Heptadecafluoronon-1-en-1-yl)oxy]benzoic acid or 4-{[1,1,1,4,5,5,5-Heptafluoro-3-(1,1,1,2,3,3,3-heptafluoropropan-2-yl)-4-(trifluoromethyl)pent-2-en-2-yl]oxy}benzoic acid",External Targets,tentative,36553,12.173,25.985,192.32,566.9903,1.51,N/A,N/A,0,0,0,0,0,0,0,0,0,0,0,0,0,0,0,0,0,0,0,0,0,0,0,0,0,0,0,0,0,0,0,0,0,0,0,15070.519,0,0,0,0,0,612.476,100,100
"1-(1,1,2,2,3,3,4,4,5,5,6,6,7,7,8,8,8-Heptadecafluorooctane-1-sulfonyl)piperazine or 2-{1,2,2,2-Tetrafluoro-1-[1,1,2,3,3,3-hexafluoro-2-(heptafluoropropoxy)propoxy]ethyl}-1H-benzimidazole",External Targets,tentative,79316,12.8184,29.147,215.74,566.9992,-8.55 or -2.6,N/A,N/A,0,0,0,0,0,0,0,0,0,0,0,0,0,0,0,0,0,0,0,0,0,0,47647.759,0,0,0,0,0,0,0,0,0,0,0,0,0,0,0,0,0,0,0,100,100
"(8-carboxy-1,1,2,2,3,3,4,4,5,5,6,6,7,7,8,8-hexadecafluorooctyl)pentafluorosulfur",External Targets,tentative,82560,11.211,25.512,188.62,570.9234,-9.65,N/A,N/A,0,0,0,0,1391.824,0,0,0,0,0,0,0,0,0,0,0,0,0,0,0,0,0,0,0,0,0,0,0,0,0,0,0,0,0,0,0,0,0,0,0,0,0,100,100
2-Perfluorodecyl ethanoic acid,External Targets,tentative,68201,9.723,23.786,176.02,576.9729,0.71,N/A,N/A,0,0,0,0,0,0,0,0,0,0,0,0,0,0,0,0,0,0,0,0,0,0,0,0,0,0,0,0,0,0,0,0,0,0,0,2903.1459999999997,0,0,0,0,0,0,100,100
11-Chloro-Perfluoroundecanoic acid,External Targets,tentative,80609,11.98,25.268,186.94,578.9296,3.99,N/A,N/A,0,0,0,0,0,0,0,0,0,0,0,0,0,0,0,0,0,0,0,0,0,0,0,0,0,0,0,0,0,0,0,0,1554.15,0,0,0,0,0,0,0,0,0,100,100
"1,1,2,2-Tetrahydroperfluorododecanethiol",External Targets,tentative,36795,11.82,24.144,178.48,578.9673,-5.32,N/A,N/A,0,0,0,0,0,0,0,0,0,7222.651,0,0,8212.188,0,0,0,0,0,0,0,0,0,0,0,0,0,0,0,0,0,0,0,0,0,0,0,0,0,0,0,0,0,100,100
"Bis(1,1,2,2,3,3,4,4,4-nonafluoro-1-butanesulfonyl)imide",External Targets,tentative,20174,10.371,24.043,177.85,579.9001,2.45,N/A,N/A,0,4711.278,0,0,8204.951,0,0,2752.0939999999996,0,0,0,690.9941,0,0,1065.227,0,0,0,0,753.9708,1893.9660000000001,4652.141,0,2006.945,0,1365.913,8502.142,2476.593,0,0,0,0,3342.2769999999996,0,3986.064,0,1471.342,0,9356.69,0,0,0,100,100
"1,1,2,2,3,3,4,4,5,5,6,6,7,7,8,8,9,9,10,10-icosafluorodecane-1-sulfonic acid",External Targets,tentative,13055,10.451,25.807,190.83,580.9341,1.47,N/A,N/A,1159.5330000000001,8840.393,0,7479.492,11743.469,0,0,0,2455.049,13454.919,3783.25,1768.8120000000001,0,3040.913,0,0,0,0,7610.4,870.3228,0,6530.590999999999,1815.342,6171.964,2385.062,4982.544,10028.958999999999,5092.351,0,0,0,5655.568,6133.195,0,11827.339,0,2178.803,0,16407.049,0,0,0,100,100
"4-Bromo-2-[4,4,5,5,6,6,7,7,8,9,9,9-dodecafluoro-8-(trifluoromethyl)nonyl]phenol",External Targets,tentative,94512,13.757,24.619,181.97,580.9581,-3.74,N/A,N/A,0,0,0,0,0,0,0,0,0,0,0,0,539.7483,0,0,0,0,0,0,0,0,0,0,0,0,0,0,0,0,0,0,0,0,0,0,0,0,0,0,0,0,0,100,100
"4-Bromo-2-[4,4,5,5,6,6,7,7,8,9,9,9-dodecafluoro-8-(trifluoromethyl)nonyl]phenol",External Targets,tentative,37731,14.069999999999999,22.967,169.848,580.9635000000001,5.56,N/A,N/A,5026.639099999999,18063.409,1534.811,1951.31,3872.1859000000004,1976.368,0,0,0,0,29492.394999999997,71749.176,14685.349,0,2568.865,0,20022.589,39130.185000000005,0,0,0,0,0,0,5402.7886,7087.721,0,0,3165.7529999999997,2864.7686,32543.529,0,1289.642,0,0,17311.479,780.063,1571.2250000000001,1891.9829,0,517.2496,7724.9646,100,100
"4-Bromo-2-[4,4,5,5,6,6,7,7,8,9,9,9-dodecafluoro-8-(trifluoromethyl)nonyl]phenol",External Targets,tentative,77887,9.159,22.843,169.04,580.9624,3.67,N/A,N/A,0,0,0,0,0,0,0,0,0,0,0,0,0,0,0,0,0,0,0,0,0,0,0,0,0,0,0,0,0,0,0,0,0,0,0,1799.98,0,0,0,0,0,0,100,100
"4-Bromo-2-[4,4,5,5,6,6,7,7,8,9,9,9-dodecafluoro-8-(trifluoromethyl)nonyl]phenol",External Targets,tentative,23498,14.78475,22.884,174.5075,580.9639500000001,6.33,N/A,N/A,16839.684,0,8836.752,8191.992,0,0,706.038,0,0,2104.0969999999998,677.95,12040.019,924.2558,0,0,4741.407,0,0,0,0,0,0,0,0,0,0,0,0,0,0,749.9857000000001,0,0,0,0,43544.849,0,1275.344,0,0,0,29354.175,100,100
"4-Bromo-2-[4,4,5,5,6,6,7,7,8,9,9,9-dodecafluoro-8-(trifluoromethyl)nonyl]phenol",External Targets,tentative,31433,14.409214285714286,22.878,173.75142857142853,580.9645642857142,7.39,N/A,N/A,209341.2341,216840.17450000002,586097.7930000001,386097.541,448503.19,705640.4269999999,328999.101,251484.35499999998,0,96411.62600000002,253821.43899999998,333108.824,2044142.894,0,68233.431,297229.944,0,306151.22500000003,4921.297,16323.461,181937.437,0,292538.46400000004,311182.02,300862.856,405061.941,201934.006,0,900.2474,17166.715,187769.124,440253.373,0,338929.8416,419035.58700000006,278039.27300000004,763748.9845,22758.5021,228170.5671,7611.522,395237.79400000005,520629.8560000001,100,100
"4-Bromo-2-[4,4,5,5,6,6,7,7,8,9,9,9-dodecafluoro-8-(trifluoromethyl)nonyl]phenol",External Targets,tentative,4452,13.546000000000001,23.626,174.7875,580.9641499999999,6.68,N/A,N/A,405310.548,369931.733,434130.728,418390.618,380748.89900000003,369145.978,339509.39900000003,367932.38800000004,338678.39900000003,2917321.568,538245.7080000001,396926.688,5055560.999,334218.699,328094.799,360220.678,301729.699,350034.358,391733.75,336285.318,331973.099,351131.39900000003,418326.268,395339.208,409057.75800000003,415260.608,400845.999,366428.099,314374.39900000003,324159.76800000004,357173.738,435086.463,334976.917,388867.568,469070.01800000004,464694.178,370422.599,285962.099,353471.699,371501.89900000003,370997.498,289315.799,100,100
"4-Bromo-2-[4,4,5,5,6,6,7,7,8,9,9,9-dodecafluoro-8-(trifluoromethyl)nonyl]phenol",External Targets,tentative,42737,12.672,23.313,172.42,580.9653,8.66,N/A,N/A,0,0,0,970.623,0,0,0,2236.5989999999997,0,0,0,533.693,0,0,0,0,0,2386.7239999999997,0,0,0,0,0,0,0,658.9233,0,0,0,0,0,0,2622.395,958.1036,0,0,0,0,0,0,0,0,100,100
"1,1'-Peroxybis(2,2,3,3,4,4,5,5,6,6-decafluorocyclohexan-1-ol) or Perfluoro-1,10-decanedicarboxylic acid",External Targets,tentative,13021,7.361,23.042,170.41,588.9562,0.18,N/A,N/A,4482.996,0,2226.466,0,0,1783.5040000000001,2716.932,3602.6169999999997,3728.0299999999997,2458.68,0,2866.1499999999996,2951.4979999999996,1097.7250000000001,0,6008.679,3794.9889999999996,6705.647,4931.159,3565.6609999999996,4207.575,4240.049,0,0,6018.237,7539.519,5039.94,2111.9069999999997,3680.1209999999996,5552.538,2130.8929999999996,4622.522,0,0,4224.971,21881.229,4187.121999999999,0,4726.554,2643.906,3058.537,3617.56,100,100
8:2 Fluorotelomer 9-(trifluoromethyl)-dihydrogen phosphate,External Targets,tentative,31692,12.063,24.504,181.04,592.9628,0.08,N/A,N/A,0,0,0,0,0,0,0,0,0,6226.344999999999,0,0,15324.849,0,0,0,0,0,0,0,0,0,0,0,0,0,0,0,0,0,0,0,0,0,0,0,0,0,0,0,0,0,100,100
8:2 Fluorotelomer 9-(trifluoromethyl)-dihydrogen phosphate,External Targets,tentative,48673,12.2275,23.816,175.965,592.96455,3.03,N/A,N/A,1782.794,1362.3500000000001,0,0,1750.328,0,0,0,1486.988,22772.049,2697.2639999999997,0,54353.857,0,2080.169,1809.693,0,1386.326,0,1523.106,1916.972,0,0,0,0,0,0,0,0,0,0,1281.765,0,0,0,2583.479,0,0,616.0769,0,1735.064,0,100,100
8:2 Fluorotelomer 9-(trifluoromethyl)-dihydrogen phosphate,External Targets,tentative,34808,12.1445,22.894,169.68,592.9645,2.95,N/A,N/A,0,0,0,0,0,0,0,0,0,0,0,0,27523.398,0,0,0,0,0,0,0,0,0,0,0,0,0,0,0,0,0,0,0,0,0,0,0,0,0,0,0,0,0,100,100
12-H-Perfluorododecanoic acid,External Targets,tentative,3770,11.209,26.573,196.37,594.9628,-0.45,N/A,N/A,33480.549000000006,61314.779,19586.449,48437.459,69624.379,15692.289,37637.599,33968.379,32648.359,83991.279,56116.419,26261.639,33397.389,33374.40900000001,19423.409,9033.663,11423.319,6973.221,57022.859000000004,16868.319,22151.499,49370.599,31235.539,66382.309,41004.919,47201.789000000004,86256.769,55032.209,12938.939,6482.346,2117.9449999999997,42299.279,46883.97900000001,13702.439,96966.969,9692.355,25444.759,9042.612,60980.65900000001,11277.729,7113.603999999999,0,100,100
12-H-Perfluorododecanoic acid,External Targets,tentative,10406,11.221,23.251,171.88,594.9635,0.72,N/A,N/A,4551.282,3706.2369999999996,4536.8279999999995,5996.9,2844.727,2844.9109999999996,5263.695,4764.621999999999,6189.0019999999995,35650.589,5344.112999999999,4700.724999999999,51533.999,4397.047,0,0,1780.936,0,8321.507,2147.314,0,3215.3199999999997,5185.6179999999995,0,4276.73,7878.465999999999,3822.843,6098.251,0,2890.7279999999996,0,5356.134,2922.9359999999997,4170.121999999999,4072.609,11951.309,0,0,3019.4959999999996,4840.947,0,0,100,100
Perfluorodecylphosphonic acid,External Targets,tentative,65939,10.417,26.22,193.72,598.9378,7.44,N/A,N/A,0,0,0,0,1712.217,0,0,0,0,0,0,0,0,0,0,0,0,0,0,0,0,0,0,0,0,1519.728,0,0,0,0,0,0,0,0,0,0,0,0,0,0,0,0,100,100
"4,4,5,5,6,6,7,7,8,8,9,9,10,10,11,11,11-Heptadecafluoro-2-iodoundecan-1-ol",External Targets,tentative,54475,7.011,28.615,211.25,602.9164,7.45,N/A,N/A,0,0,4263.28,0,0,0,0,0,0,0,0,1438.654,0,0,0,0,0,0,0,0,0,0,0,0,0,0,0,0,0,0,0,0,0,0,0,0,0,0,0,0,0,0,100,100
"(3,3,4,4,5,5,6,6,7,7,8,8,9,9,10,10,11,11,12,12,12-Henicosafluorododecyl)phosphinic acid",External Targets,tentative,59136,11.174,27.753,204.97,610.9698,0.12,N/A,N/A,0,0,0,0,0,0,0,871.5291,0,0,0,0,0,0,0,0,0,0,0,0,0,0,762.7833,0,0,0,0,970.5902,0,0,0,0,0,0,0,0,0,1903.617,0,0,0,0,100,100
"2-[(1,2,3,3,4,4,5,5,6,6,7,7,8,8,9,9,10,10,10-Nonadecafluorodec-1-en-1-yl)oxy]benzoic acid or [[4-[(Heptadecafluorononenyl)oxy]phenyl]methyl]phosphonic acid",External Targets,tentative,47792,13.0338125,27.575,203.821875,616.9830812499999,-5.13 or 2.41,N/A,N/A,0,21294.7633,1429.333,5626.454,1403.082,0,2223.8239999999996,4188.7,0,692.4476000000001,6147.759,0,8128.7242,0,0,35604.1078,0,1190.4660000000001,0,0,6903.831999999999,0,5986.1669999999995,0,9181.6336,21979.634,2967.0069999999996,0,0,1956.567,0,13348.199,0,10928.559,8237.919,250844.46999999997,0,0,0,18010.226,12263.2682,139156.53519999998,100,100
1-Phenoxy(3-(perfluoro-7-methyloctyl)propan-2-ol),External Targets,tentative,76495,12.089,28.044,207.09,619.0384,0.19,N/A,N/A,0,0,0,0,0,0,0,0,0,0,0,0,0,0,0,0,0,0,0,0,0,0,0,0,0,0,0,0,0,0,0,0,0,0,0,0,1931.756,0,0,0,0,0,100,100
"N'-[(2Z)-5,5,6,6,7,7,8,8,9,9,10,10,11,11,12,12,12-Heptadecafluoro-4-oxododec-2-en-2-yl]benzohydrazide",External Targets,tentative,83216,12.958,24.384,179.97,621.0515,6.24,N/A,N/A,0,0,0,1338.905,0,0,0,0,0,0,0,0,0,0,0,0,0,0,0,0,0,0,0,0,0,0,0,0,0,0,0,0,0,0,0,0,0,0,0,0,0,0,100,100
"(3,3,4,4,5,5,6,6,7,7,8,8,9,9,10,10,11,11,12,12,12-Henicosafluorododecyl)phosphonic acid",External Targets,tentative,48273,11.5,23.939,176.66,626.9694,7.59,N/A,N/A,0,0,0,0,0,0,0,0,0,0,0,0,7905.361,0,0,0,0,0,0,0,0,0,0,0,0,0,0,0,0,0,0,0,0,0,0,0,0,0,0,0,0,0,100,100
12-Cl-Perfluorododecanoic acid,External Targets,tentative,26112,12.54,26.329,194.31,628.9254,2.07,N/A,N/A,0,2012.9470000000001,0,962.0836,3986.192,0,0,2405.285,0,0,0,2626.9109999999996,0,1222.0910000000001,0,0,0,0,2592.173,0,0,3190.9069999999997,0,0,0,0,3794.9829999999997,0,0,0,0,0,2646.5139999999997,0,6469.661999999999,0,0,0,0,934.4161,0,0,100,100
"1H,1H,13H-Perfluorotridecan-1-ol",External Targets,tentative,88138,12.604,12.195,90.38,630.9804,-0.33,N/A,N/A,0,0,0,0,0,0,0,0,0,0,0,0,0,0,0,0,0,0,985.5949,0,0,0,0,0,0,0,0,0,0,0,0,0,0,0,0,0,0,0,0,0,0,0,100,100
"2,2,3,3,4,4,5,5,6,6,7,7,8,8,9,9,9-Heptadecafluoro-N-[(4-sulfamoylphenyl)methyl]nonanamide",External Targets,tentative,47963,13.463783783783782,28.027,204.04162162162163,630.9975594594597,-2.22,N/A,N/A,215087.989,95386.122,223802.096,40347.3362,161814.444,198832.053,89661.66500000001,142764.482,87771.4261,243742.524,110106.38399999999,93053.7304,103549.51599999999,64438.085999999996,94384.13100000001,1201649.23,96034.67199999999,96532.901,58034.903,244794.097,135096.164,88555.40399999998,85369.512,177525.257,206421.596,147936.548,42521.329,85561.89519999998,93136.42930000002,108650.298,101079.57999999999,139817.41100000002,66413.46399999999,276763.946,117447.614,1686481.9309999999,54548.268,72803.51,75388.85800000001,148811.27,433341.71900000004,1188593.151,100,100
docosafluorotridecanedioic acid,External Targets,tentative,92723,8.354,23.964,177.065,638.952,-1.41,N/A,N/A,0,0,0,0,0,0,0,0,0,0,0,0,0,0,0,0,0,0,0,0,0,0,0,0,0,0,0,0,0,0,0,0,0,0,0,2786.0008,0,0,0,1219.6290000000001,0,0,100,100
"10:2 Fluorotelomer dihydrogen phosphate or N,N'-(3,3'-Dichloro[1,1'-biphenyl]-4,4'-diyl)bis(heptafluorobutanimidic acid)",External Targets,tentative,45669,12.64,24.47,180.47,642.9611,-8.63 or 2.4,N/A,N/A,0,0,0,0,1863.266,0,0,0,0,0,0,0,7240.398999999999,0,0,0,0,0,0,0,0,0,0,0,0,0,0,0,0,0,0,0,0,0,0,0,0,0,0,0,0,0,100,100
"10:2 Fluorotelomer dihydrogen phosphate or N,N'-(3,3'-Dichloro[1,1'-biphenyl]-4,4'-diyl)bis(heptafluorobutanimidic acid)",External Targets,tentative,12785,12.66875,25.083,186.94,642.96285,-5.91 or 5.12,N/A,N/A,0,7073.248,6556.083,4536.178,9377.062,6485.885,8282.273,10043.819,5447.486,56714.478,0,0,85289.111,9199.854,0,7780.336,5809.219999999999,0,7178.264999999999,7785.764,6236.812,0,0,5908.262,0,2279.011,2094.6859999999997,4355.853,5913.5689999999995,7081.049,2459.6059999999998,9288.341,10168.939,4540.93,7916.121,15422.1422,0,10298.719,6739.766,0,5632.914,4080.354,100,100
"10:2 Fluorotelomer dihydrogen phosphate or N,N'-(3,3'-Dichloro[1,1'-biphenyl]-4,4'-diyl)bis(heptafluorobutanimidic acid)",External Targets,tentative,50360,12.576,23.815,175.65,642.9631,-5.52 or 5.51,N/A,N/A,0,0,0,0,0,0,0,0,0,0,0,0,7083.572999999999,0,0,0,0,0,0,0,0,0,0,0,0,0,0,0,0,0,0,0,0,0,0,0,0,0,0,0,0,0,100,100
13-H-Perfluorotridecanoic acid,External Targets,tentative,90425,14.662069767441862,24.154,177.33023255813953,644.9606884,1.26,N/A,N/A,64828.848,34848.652,125933.818,77427.97899999999,149144.08899999998,104113.9748,95707.628,83063.743,95012.717,493785.051,40134.5452,56305.347,1318086.862,64780.859,139227.516,61521.549000000006,70318.918,73389.19700000001,135990.967,119183.70899999999,60572.743,150833.46680000002,90346.5927,60006.871499999994,51074.054,58099.6443,37571.916000000005,135844.53999999998,121609.85770000001,58872.024999999994,71385.146,75471.883,78098.92,69382.72129999999,126636.12699999998,49378.502,86864.33799999999,139991.64,87005.09199999999,107282.65299999999,44415.753,75423.268,100,100
13-H-Perfluorotridecanoic acid,External Targets,tentative,3247,13.095666666666666,24.039,177.27,644.9609,1.59,N/A,N/A,45409.977000000006,37573.329000000005,44372.289000000004,45217.469000000005,41554.129,46782.589,47528.083000000006,43092.679000000004,48146.075000000004,1646.051,68677.336,47027.109000000004,207500.13800000004,44298.629,51333.66500000001,53594.649000000005,51773.749,56488.963,46678.859000000004,54098.059,49934.65900000001,0,41337.569,39991.82200000001,48387.999,42682.699,49048.988000000005,0,43250.859000000004,49185.329000000005,43888.899000000005,39818.40900000001,36670.239,42546.379,50138.90900000001,78313.015,58220.122,0,38867.47900000001,46283.179000000004,55900.49800000001,46517.529,100,100
13-H-Perfluorotridecanoic acid,External Targets,tentative,1096,11.88,27.798,205.05,644.961,1.74,N/A,N/A,211052.799,421616.699,177547.19900000002,465310.599,524021.89900000003,66320.739,342030.999,266746.89900000003,247121.499,556655.5989999999,314721.499,232303.999,210269.299,286501.699,99291.17899999999,40848.339,36286.919,28325.149,484477.199,75071.499,121935.099,429686.599,297071.39900000003,419674.799,260049.999,300922.799,566724.6989999999,529032.399,62996.899000000005,43812.989,46046.569,230448.19900000002,429761.599,195986.299,703348.1989999999,54625.469000000005,243964.999,48986.379,557284.899,186801.69900000002,48993.139,17896.939,100,100
13-H-Perfluorotridecanoic acid,External Targets,tentative,86238,11.831,11.859,87.86,644.9638,6.09,N/A,N/A,0,0,0,0,0,0,0,0,0,0,0,0,0,0,0,0,0,0,0,0,0,0,0,0,0,0,0,0,0,0,0,0,0,0,0,0,0,0,0,0,0,1109.821,100,100
"2,3,3,3-Tetrafluoro-2-{1,1,2,3,3,3-hexafluoro-2-[1,1,2,3,3,3-hexafluoro-2-(heptafluoropropoxy)propoxy]propoxy}propan-1-ol",External Targets,tentative,14591,13.378,25.675,189.4,646.957,-3.29,N/A,N/A,0,4240.295999999999,0,5734.001,9664.952,0,2954.609,5648.355,3841.698,9901.537,0,655.1678,4006.7639999999997,0,0,0,0,0,0,0,841.6235,0,0,4981.626,4359.903,6469.289,7012.487,7540.268,0,0,0,0,0,4674.112999999999,15714.539,0,4663.626,0,8526.23,1698.1000000000001,0,0,100,100
"Phosphonic acid, [3-[ethyl[(heptadecafluorooctyl)sulfonyl]amino]propyl]-",External Targets,tentative,11958,11.847,28.868,212.87,647.9951,6.67,N/A,N/A,0,8130.134,0,588.7633000000001,8956.932,0,0,2225.772,0,13868.579,8566.311,0,2752.629,0,0,0,0,0,11270.419,0,0,0,26254.369,0,0,23178.749,6101.304,25629.649,0,0,0,0,6101.5199999999995,9698.53,16277.889,0,0,0,0,0,0,0,100,100
"4-[(Nonadecafluorodecenyl)oxy]benzenesulfonic acid, sodium salt",External Targets,tentative,49230,12.462,28.212,208.06,652.9476,-8.63,N/A,N/A,0,0,0,0,0,0,0,0,0,965.2793,0,0,0,0,0,0,0,0,1527.421,0,0,0,0,0,0,0,2512.798,1454.57,0,0,0,0,1052.557,0,0,0,0,0,0,0,0,0,100,100
"5-Benzamido-2,4-dibromo-N-[4-(1,1,1,2,3,3,3-heptafluoropropan-2-yl)-2,6-dimethylphenyl]benzamide",External Targets,tentative,45583,11.865,27.23,200.94,666.9429,-6.48,N/A,N/A,0,0,0,0,0,0,0,0,0,3049.825,0,0,6672.6144,0,0,0,0,0,0,0,0,0,0,0,0,0,0,0,0,0,0,0,0,0,0,0,0,0,0,0,0,0,100,100
"5-Benzamido-2,4-dibromo-N-[4-(1,1,1,2,3,3,3-heptafluoropropan-2-yl)-2,6-dimethylphenyl]benzamide",External Targets,tentative,39360,11.831,25.285,186.32,666.9432,-6.03,N/A,N/A,0,0,0,0,0,0,0,0,0,6054.615,0,0,7001.806,0,0,0,0,0,0,0,0,0,0,0,0,0,0,0,0,0,0,0,0,0,0,0,0,0,0,0,0,0,100,100
"N,N'-(3,4-Dioxocyclobut-1-ene-1,2-diyl)bis(1,1,2,2,3,3,4,4,4-nonafluorobutane-1-sulfonamide)",External Targets,tentative,89077,13.395,30.588,225.41,674.8934,-8.9,N/A,N/A,0,0,0,0,0,0,0,0,0,0,0,0,0,0,0,0,0,0,0,0,0,0,0,0,0,0,0,0,0,0,0,925.1068,0,0,0,0,0,0,0,0,0,0,100,100
Undecafluorocyclohexanemethanol hydrogen phosphate,External Targets,tentative,54293,11.88,29.38,216.39,684.9531,4.33,N/A,N/A,0,0,0,0,0,0,0,0,0,1904.221,0,0,0,0,0,0,0,0,0,0,0,0,0,0,0,0,3852.196,0,0,0,0,0,0,0,0,0,0,0,0,0,0,0,100,100
(Perfluoro-9-methyldecyl)ethyl dihydrogen phosphate,External Targets,tentative,23980,13.061333333333332,26.532,195.16333333333333,692.9597666666667,4.91,N/A,N/A,8892.502,12998.789,12187.339,9190.863,0,9536.169,10138.329,14401.722,13218.553,32185.349,0,17006.831,54770.833000000006,12608.569,14129.036999999998,13103.527999999998,10014.329,11979.509,0,0,9373.794,13139.897,11984.378999999999,10694.289,15508.046999999999,4270.428,10031.539,8611.252,12276.234,10997.9469,10356.623,14464.578,1367.2740000000001,10776.952,10525.899,21390.184,14334.439,9432.1788,11738.0657,9361.391,13043.32,5826.699999999999,100,100
(Perfluoro-9-methyldecyl)ethyl dihydrogen phosphate,External Targets,tentative,94088,10.975999999999999,30.351,222.965,692.96105,6.76,N/A,N/A,0,0,0,0,0,0,0,0,0,0,0,0,0,1175.546,0,835.5524,0,0,0,1162.675,0,759.5693,0,0,0,0,0,0,0,0,0,1826.1475999999998,0,0,0,0,0,0,0,0,0,0,100,100
(Perfluoro-9-methyldecyl)ethyl dihydrogen phosphate,External Targets,tentative,75003,13.074,25.661,189.03,692.96,5.25,N/A,N/A,0,0,0,0,0,0,0,0,0,1220.029,0,0,0,0,0,0,0,0,0,0,0,0,0,0,0,0,0,0,0,0,0,0,0,0,0,0,858.3823,0,0,0,0,0,100,100
(Perfluoro-9-methyldecyl)ethyl dihydrogen phosphate,External Targets,tentative,63320,9.546,30.173,222.19,692.9617,7.7,N/A,N/A,0,0,0,0,0,0,0,0,0,0,0,0,0,1400.798,0,0,0,0,0,0,0,0,0,0,0,0,0,0,0,0,1645.082,0,0,0,0,0,0,0,0,0,620.4746,0,100,100
14-H-Perfluorotetradecanoic acid,External Targets,tentative,79776,12.6286,24.832,183.632,694.95646,-0.32,N/A,N/A,320819.258,332249.39900000003,323140.733,317323.199,386228.799,315585.699,351745.199,335016.999,366817.599,1806639.2980000002,382084.424,334779.599,3311740.597,341957.39900000003,349735.667,326549.732,340869.599,364668.13800000004,378676.199,363822.299,338516.699,415707.278,371171.988,375224.368,341783.999,357845.501,350812.499,394132.999,355498.999,349019.599,350690.879,377080.32700000005,369171.499,378229.599,402886.599,439443.558,401179.928,331997.199,384664.825,376387.574,346288.39900000003,326199.299,100,100
14-H-Perfluorotetradecanoic acid,External Targets,tentative,72937,14.638749999999996,25.065,183.9025,694.9563750000001,-0.44,N/A,N/A,93645.95799999998,133269.613,372629.66500000004,0,425209.715,445357.80700000003,15926.149,263374.154,3935.062,0,162823.28399999999,400675.326,0,17873.819,393290.063,373146.994,0,196049.775,0,0,0,0,153081.01699999996,12878.999,257065.776,177476.238,184933.777,0,0,410291.583,0,395853.235,0,0,0,182902.246,376163.83499999996,138667.596,12047.869,0,306950.72699999996,0,100,100
14-H-Perfluorotetradecanoic acid,External Targets,tentative,5755,14.0475,24.929,198.725,694.9559,-1.12,N/A,N/A,100917.128,27704.479,7122.657999999999,24883.579,41119.739,0,24054.049,27370.319,16656.769,119240.348,77855.848,10489.399,1819.491,14849.548999999999,91901.489,91145.659,0,88550.22899999999,39824.079000000005,0,3579.0519999999997,22543.029,18367.399,19690.199,81857.918,0,34733.089,33684.109000000004,0,55264.049000000006,0,69567.628,30952.299,16411.749,41597.839,0,14615.849,0,0,6434.945,0,0,100,100
14-H-Perfluorotetradecanoic acid,External Targets,tentative,3107,15.562999999999999,24.935,183.67000000000002,694.956,-0.98,N/A,N/A,0,137680.548,181267.999,0,143504.299,132202.499,0,149654.299,0,0,0,193336.999,0,0,95522.319,24054.649,0,0,0,0,0,0,111116.499,0,49702.859000000004,96558.659,99935.799,0,0,39860.249,0,117510.89899999999,0,0,0,149890.999,132535.59900000002,127284.199,0,0,115200.999,0,100,100
14-H-Perfluorotetradecanoic acid,External Targets,tentative,95044,12.304,12.817,94.77,694.9636,9.96,N/A,N/A,0,0,0,0,0,0,0,0,0,0,0,0,0,0,0,0,0,0,0,0,0,0,0,0,0,0,0,0,0,0,0,0,0,0,0,0,0,0,0,0,0,0,100,100
"(3,3,4,4,5,5,6,6,7,7,8,8,9,9,10,10,11,11,12,12,13,13,14,14,14-Pentacosafluorotetradecyl)phosphonic acid",External Targets,tentative,75478,14.324333333333334,25.707,189.1966666666667,726.9617666666667,4.83,N/A,N/A,1032.858,0,0,0,0,0,0,0,0,0,0,0,3972.0510000000004,0,0,0,0,0,1439.482,0,0,0,0,1026.14,0,0,0,0,0,0,0,0,0,0,1234.673,0,1240.866,0,0,0,0,0,100,100
"(3,3,4,4,5,5,6,6,7,7,8,8,9,9,10,10,11,11,12,12,13,13,14,14,14-Pentacosafluorotetradecyl)phosphonic acid",External Targets,tentative,42879,12.063,25.506,187.63,726.9608,3.5,N/A,N/A,0,0,0,0,0,0,0,0,0,0,0,0,10655.089,0,0,0,0,0,0,0,0,0,0,0,0,0,0,0,0,0,0,0,0,0,0,0,0,0,0,0,0,0,100,100
"(3,3,4,4,5,5,6,6,7,7,8,8,9,9,10,10,11,11,12,12,13,13,14,14,14-Pentacosafluorotetradecyl)phosphonic acid",External Targets,tentative,32469,11.834,26.822,197.34,726.9612,4.05,N/A,N/A,0,0,0,0,0,0,0,0,0,4683.598,0,0,15101.109,0,0,0,0,0,0,0,0,0,0,0,0,0,0,0,0,0,0,0,0,0,0,687.8086000000001,0,0,0,0,0,0,100,100
"(3,3,4,4,5,5,6,6,7,7,8,8,9,9,10,10,11,11,12,12,13,13,14,14,14-Pentacosafluorotetradecyl)phosphonic acid",External Targets,tentative,37471,15.528500000000001,25.744,189.24,726.9635499999999,7.28,N/A,N/A,0,0,3081.3391,5375.9834,1504.25,3014.0249999999996,853.7589,0,1395.536,0,0,4975.298999999999,3294.626,0,1118.792,775.2214,0,0,0,0,0,0,0,1336.155,0,0,0,1423.843,0,0,1950.817,0,0,0,760.754,1007.1990000000001,0,0,0,2232.9339999999997,0,3506.6209999999996,100,100
"(3,3,4,4,5,5,6,6,7,7,8,8,9,9,10,10,11,11,12,12,13,13,14,14,14-Pentacosafluorotetradecyl)phosphonic acid",External Targets,tentative,13139,11.88,30.171,221.94,726.962,5.15,N/A,N/A,0,7217.6539999999995,0,8858.412,10690.969,0,7536.66,3969.8639999999996,2855.0229999999997,11937.289,4692.8,4417.974999999999,5308.456999999999,0,0,0,0,0,9331.923,0,0,8769.994999999999,0,0,2891.263,4567.831999999999,0,11927.389,0,0,0,0,9086.916,0,17419.379,0,0,0,7851.92,0,0,0,100,100
"(3,3,4,4,5,5,6,6,7,7,8,8,9,9,10,10,11,11,12,12,13,13,14,14,14-Pentacosafluorotetradecyl)phosphonic acid",External Targets,tentative,65637,12.678,25.722,189.43,726.96335,7.01,N/A,N/A,35089.519,29521.239,31741.099,31876.999,40835.809,33350.22900000001,32130.859,36145.949,35971.859000000004,117185.999,32972.929000000004,40219.809,185499.34300000002,31234.269,34870.679000000004,34105.789000000004,31325.159,32893.829000000005,31550.109,28354.029,33795.639,33672.139,31175.399,35327.019,36639.389,34131.819,28183.379,33355.249,29286.979,30531.959,33166.189000000006,34316.999,33525.259000000005,34867.40900000001,38061.539000000004,44601.519,36845.47900000001,31337.599,32811.679000000004,37579.774000000005,35548.389,27965.979,100,100
12:2 Fluorotelomer dihydrogen phosphate or 4-[(Pentacosafluorododecyl)sulfanyl]phenol,External Targets,tentative,34418,13.434000000000001,27.544,203.66000000000003,742.956375,-3.41 or 4.31,N/A,N/A,0,13022.039,13520.249,12267.769,18288.499,13352.4421,14487.239,18469.019,20738.529,24347.047,16571.573,0,22950.039,18868.402299999998,9809.518,18994.879,18254.179,18869.749,16887.893,16397.499,16945.3741,15209.37,13736.029,9679.789,0,9661.274,16295.18,16582.719,18939.569,9545.9,14464.716499999999,0,12434.676,14999.969,11263.949,13128.569,0,15802.269,0,12481.479,14346.739,5009.409,100,100
15-H-Perfluoropentadecanoic acid,External Targets,tentative,27403,13.241111111111111,25.9,193.90666666666667,744.9539333333333,0.6,N/A,N/A,790731.788,831127.717,805728.5769999999,816406.867,1004118.5869999998,672658.7379999999,844868.3609999999,869325.917,871383.5499999999,2237813.3069999996,885633.441,928383.6900000001,3201530.7879999997,918800.605,805655.5460000001,797090.932,792942.765,818738.8389999999,933877.7160000001,706950.168,756211.4349999998,902406.1349999999,895407.1919999999,933221.845,873237.8039999999,793899.8959999998,909098.165,981572.4979999999,828968.414,798926.848,732809.8559999999,860892.6769999999,984251.146,919495.075,942540.846,960446.5959999999,939102.185,794410.5159999998,932248.8369999999,831676.677,750504.5769999999,778093.4450000001,100,100
15-H-Perfluoropentadecanoic acid,External Targets,tentative,6047,14.846166666666667,25.831,190.44833333333338,744.9534333333332,-0.07,N/A,N/A,155874.19900000002,423701.474,719852.4419999999,89799.33800000002,693302.938,489183.626,8799.287,339999.74500000005,13275.809,0,299170.912,684849.9630000001,0,10478.839,634475.783,8732.395,15817.599,8832.511,26575.759,0,20805.629,61117.078,314595.56700000004,179199.56699999998,228621.009,385937.984,320894.116,42885.948000000004,43432.108,34153.108,7823.929,359840.67500000005,58934.24800000001,562989.24,0,0,659258.902,20111.519,0,22746.729,62698.919,14502.619,100,100
15-H-Perfluoropentadecanoic acid,External Targets,tentative,94537,12.802,30.305,222.75,744.9593,7.8,N/A,N/A,0,0,0,0,0,0,0,0,0,0,0,0,0,0,0,0,0,0,0,0,0,0,0,0,0,0,0,0,0,0,0,0,0,0,0,0,0,0,0,0,0,0,100,100
Hexacosafluoro-13-(trifluoromethyl)myristic acid or Perfluoropentadecanoic acid,External Targets,tentative,2173,13.756,29.734,218.58,762.9445,0.57,N/A,N/A,64431.099,127052.099,43826.799000000006,121228.999,214627.69900000002,12986.539,57548.65900000001,131022.099,63848.859000000004,192141.399,114427.39899999999,26715.469,64065.389,107878.299,64028.769,31964.159,31567.119,22132.289,119018.299,40693.509000000005,64872.169,95892.409,120232.699,109570.099,95080.659,133642.69900000002,185589.899,198688.299,46563.779,37234.429000000004,23458.819,84166.919,125513.099,90557.50899999999,251136.299,24218.989,79469.39899999999,33366.469000000005,152263.399,49478.22900000001,36369.90900000001,13694.589,100,100
10:2 Fluorotelomer sulfonamide betaine,External Targets,tentative,37502,3.991,34.026,250.01,769.0726,8.92,N/A,N/A,1201.832,0,0,0,0,2054.5409999999997,0,0,727.4305,0,0,0,0,0,0,0,0,0,0,0,1465.167,0,0,1833.209,0,0,0,842.1864,2793.294,0,2802.026,0,0,0,0,0,0,0,0,0,0,970.667,100,100
Bis[N-methyl(perfluorobutyl)sulfonamidoethyl]phosphoric acid,External Targets,tentative,77628,12.825,26.707,196.39,774.9609,-4.93,N/A,N/A,0,0,0,0,0,0,0,0,0,0,0,0,0,0,0,0,0,0,0,0,0,0,0,0,0,0,0,0,0,0,0,0,0,0,0,1825.194,0,0,0,0,0,0,100,100
Bis[N-methyl(perfluorobutyl)sulfonamidoethyl]phosphoric acid,External Targets,tentative,95751,10.94,31.87,234.06,774.9673,3.33,N/A,N/A,0,0,0,0,0,0,0,0,0,0,0,0,0,0,0,0,0,0,0,0,0,0,0,0,0,0,0,0,0,0,0,0,0,0,0,0,0,0,0,0,0,0,100,100
5:2/7:2 di Polyfluorinated phosphate ester or 6:2 Fluorotelomer phosphate diester,External Targets,tentative,91751,13.049,27.427,201.43,788.9772,2.73,N/A,N/A,0,0,0,0,0,0,0,0,0,759.3346,0,0,0,0,0,0,0,0,0,0,0,0,0,0,0,0,0,0,0,0,0,0,0,0,0,0,0,0,0,0,0,0,100,100
((Perfluoro-11-methyldodecyl)ethyl) dihydrogen phosphate,External Targets,tentative,78397,13.84,28.171,207.03,792.9423,-9.68,N/A,N/A,0,0,0,0,0,0,0,0,0,0,0,0,0,0,0,0,0,0,0,0,0,0,0,0,0,0,0,0,0,0,0,0,0,0,1752.1870000000001,0,0,0,0,0,0,0,100,100
((Perfluoro-11-methyldodecyl)ethyl) dihydrogen phosphate,External Targets,tentative,9347,13.820500000000001,28.621,210.4325,792.9531999999999,4.07,N/A,N/A,14534.359,8701.975999999999,12488.749,4000.3813,7137.382,7586.219,13086.269,13937.739,5820.42,16882.283,12135.805999999999,7100.666,11965.969000000001,0,9253.027,7192.7519999999995,8074.219,8401.815999999999,7191.739,0,6082.862999999999,9234.256,7269.442,7412.919,7117.553,0,8091.214,4213.045999999999,0,8167.1714,6376.5289999999995,10994.208999999999,10357.039,9530.104,7924.110000000001,0,8754.313,0,0,8295.350999999999,0,10794.039,100,100
16-H-Perfluorohexadecanoic acid,External Targets,tentative,40109,14.261625,26.863,197.02375,794.9489688,-1.67,N/A,N/A,1542384.438,1541697.6,1572992.999,1385814.068,1932478.457,1754989.8960000002,1696584.6870000002,2091538.8110000002,1769512.697,2803008.7669999995,1643562.0640000002,1802524.8460000001,3105000.9979999997,1806290.066,1699893.201,1673406.7470000002,1728242.999,1829696.025,1551898.999,1633704.827,1598832.996,1712971.077,1589256.408,1889649.5019999999,1735984.016,1825104.5800000003,1442511.999,1828380.986,1679196.8260000001,1664553.357,1749392.4840000002,1881825.784,1691753.7480000001,1715629.9170000001,1609153.997,2070809.818,1772322.075,1651341.7070000002,1784632.357,1607525.716,1655157.999,1925534.502,100,100
16-H-Perfluorohexadecanoic acid,External Targets,tentative,5147,15.818,26.804,196.96,794.9487,-2.01,N/A,N/A,0,0,0,0,0,0,53208.289000000004,85777.72899999999,0,149595.999,0,0,0,0,0,0,0,0,0,0,0,0,0,109726.39899999999,0,122141.799,0,0,0,0,0,135489.09900000002,0,0,0,0,31888.739,0,0,22767.459,0,132335.59900000002,100,100
16-H-Perfluorohexadecanoic acid,External Targets,tentative,30055,13.3135,31.326,230.32999999999998,794.9512,1.14,N/A,N/A,0,2241.319,0,0,0,0,0,3092.7709999999997,0,0,0,0,0,2365.618,0,0,0,0,0,0,0,0,3006.549,0,1822.93,0,0,12847.051,0,0,0,0,0,0,0,0,0,0,0,0,0,0,100,100
14:2 Fluorotelomer dihydrogen phosphate,External Targets,tentative,80147,12.804,29.288,214.83,842.9416,-6.15,N/A,N/A,0,0,0,0,0,0,0,0,0,1594.6770000000001,0,0,0,0,0,0,0,0,0,0,0,0,0,0,0,0,0,0,0,0,0,0,0,0,0,0,0,0,0,0,0,0,100,100
14:2 Fluorotelomer dihydrogen phosphate,External Targets,tentative,72309,14.167,26.903,197.46,842.9424,-5.2,N/A,N/A,0,1225.919,0,0,0,0,0,0,0,0,0,0,0,0,0,0,0,0,0,0,0,0,0,0,0,0,0,0,0,0,0,0,0,0,0,1150.979,0,0,0,0,0,0,100,100
14:2 Fluorotelomer dihydrogen phosphate,External Targets,tentative,82805,14.1585,29.933,220.615,842.94745,0.79,N/A,N/A,0,2829.839,5654.813,0,0,0,0,0,4706.132,0,0,4049.7479999999996,0,2187.002,4000.904,0,1418.196,4813.639,3029.4249999999997,2888.2920000000004,0,0,0,0,2342.839,0,0,0,0,0,0,1206.624,0,0,3977.276,0,0,3507.4579999999996,0,2759.0879999999997,5718.932,0,100,100
14:2 Fluorotelomer dihydrogen phosphate,External Targets,tentative,30549,14.162,29.274,214.82,842.9513,5.36,N/A,N/A,2058.509,0,0,0,1181.231,0,2037.425,3514.9689999999996,1449.81,0,0,0,2782.8529999999996,0,0,1958.847,0,0,0,1975.9470000000001,0,1080.409,0,0,0,0,532.7674000000001,0,0,0,0,0,0,1082.436,0,0,2383.0879999999997,1369.964,0,0,0,0,100,100
17-H-Perfluoroheptadecanoic acid,External Targets,tentative,38329,14.859280000000002,27.752,207.55599999999998,844.9466879999999,-0.49,N/A,N/A,2294949.072,2311621.7290000003,2294718.146,2402394.9520000005,2510682.934,2166183.441,2261185.914,2414349.9790000003,2343866.535,2816022.3,2460622.404,2532502.791,2756072.872,2371926.702,2383018.15,2473506.933,2497353.6440000003,2704773.3479999998,2125061.0209999997,2125820.628,2203215.301,2281245.282,2376070.0689999997,2437894.5100000002,2359739.2290000003,1999922.658,2191321.12,2250145.939,2309666.6010000003,2228249.583,2324354.089,2458011.7590000005,2272828.185,2542033.951,2383522.084,2823183.249,2419639.373,2181539.328,2363403.808,2485986.948,2334094.703,2233747.508,100,100
17-H-Perfluoroheptadecanoic acid,External Targets,tentative,24569,14.887666666666666,32.605,215.45333333333335,844.9469,-0.24,N/A,N/A,24044.304,20712.309,0,0,8435.124,0,0,18925.513,20488.668999999998,27094.468,0,15285.699,19519.259,0,52857.693,0,0,18883.939,47591.837,20273.129,47354.98,0,20710.3239,9030.796,17305.449,0,7898.572,81129.86899999999,19661.239,0,0,20596.429,0,10841.649,28772.43,0,0,0,2128.982,0,20774.129,13654.819,100,100
"3,6-Bis(tridecafluorohexyl)benzene-1,2,4,5-tetracarboxylic acid",External Targets,tentative,83165,11.967333333333334,28.9,211.99666666666667,888.9348333333332,-7.86,N/A,N/A,10475.628999999999,13757.689,10514.628999999999,9776.262999999999,11035.208999999999,12137.439,12330.999,10955.509,13444.169,50803.739,0,11163.839,69271.28,14642.559,0,13817.619,9391.784,10197.099,0,11363.249,12310.979,10332.319,13794.589,9808.107,14526.649,13178.199,14985.479,10860.339,9863.68,10294.289,0,14141.949,0,8376.028,10521.999,32095.759,10160.329,11182.009,10431.429,0,10157.439,0,100,100
6:2/8:2 Fluorotelomer phosphate diester or 7:2 Fluorotelomer phosphate diester,External Targets,tentative,65830,13.818,29.27,214.6,888.9712,2.86,N/A,N/A,0,0,0,0,0,0,0,0,0,0,2404.238,0,0,0,0,0,0,0,0,0,0,0,0,0,0,0,0,0,0,0,0,0,0,0,0,0,0,0,0,0,844.4756,0,100,100
(Perfluoro-13-methyltetradecyl)ethyl dihydrogen phosphate,External Targets,tentative,49049,14.441,30.231,221.63,892.946,2.7,N/A,N/A,0,0,0,0,0,1870.3990000000001,0,0,0,0,0,1620.124,0,0,0,1264.5240000000001,0,0,0,0,0,0,0,0,0,0,0,0,0,0,0,0,1216.892,0,0,0,0,0,0,0,1613.512,0,100,100
(Perfluoro-13-methyltetradecyl)ethyl dihydrogen phosphate,External Targets,tentative,17549,14.4345,31.413,230.555,892.94775,4.66,N/A,N/A,0,0,3734.5449999999996,4632.346,3296.796,0,3468.8689999999997,6846.635,3820.3979999999997,4946.166,2811.8849999999998,2535.075,2413.1029999999996,0,0,6137.826,4495.468,0,0,2836.1899999999996,0,0,2007.512,0,2288.502,0,0,0,0,3579.687,0,0,1046.5,3140.899,3670.138,0,0,4351.669,0,2785.8129999999996,4111.41,0,100,100
(Perfluoro-13-methyltetradecyl)ethyl dihydrogen phosphate,External Targets,tentative,43562,14.448,28.039,205.58,892.9485,5.5,N/A,N/A,0,971.1064,0,0,2115.6279999999997,0,0,0,2621.7679999999996,0,1329.195,0,0,0,0,0,0,0,732.8565,0,0,0,0,0,0,0,0,0,0,0,0,0,0,0,1038.77,1460.338,0,0,0,0,0,0,100,100
"2,2,3,3,4,4,5,5,6,6,7,7,8,8,9,9,10,10,11,11,12,12,13,13,14,14,15,15,16,16,17,17,18,18-tetratriacontafluorooctadecanoic acid",External Targets,tentative,30409,15.023157894736842,28.703,215.46263157894737,894.9420105263158,-2.12,N/A,N/A,2194556.998,2118287.975,2506680.9919999996,2321558.864,2296100.23,2448178.802,2335244.593,2323781.7430000002,2439217.414,2570880.8389999997,2348932.976,2283425.804,2431821.4129999997,2271112.576,2095035.026,2335854.3449999997,2388240.9949999996,2411384.003,2516451.563,2405106.8109999998,2084304.2200000002,2357855.744,2065846.459,2104401.789,2119383.492,2075152.131,1997553.193,2297897.008,2244140.358,1999404.82,2261871.605,2340753.647,2506856.874,2400755.886,2047564.536,2913165.722,2012548.585,2109469.3850000002,1978111.053,2388371.1210000003,2173318.986,2201065.338,100,100
"2,2,3,3,4,4,5,5,6,6,7,7,8,8,9,9,10,10,11,11,12,12,13,13,14,14,15,15,16,16,17,17,18,18-tetratriacontafluorooctadecanoic acid",External Targets,tentative,78496,13.72,28.771,211.02,894.9438,-0.12,N/A,N/A,0,0,0,0,0,0,0,0,0,0,0,0,0,0,0,0,0,0,0,0,0,0,0,0,988.2031000000001,0,0,0,0,0,0,0,0,0,0,0,0,754.2477,0,0,0,0,100,100
"2,2,3,3,4,4,5,5,6,6,7,7,8,8,9,9,10,10,11,11,12,12,13,13,14,14,15,15,16,16,17,17,18,18-tetratriacontafluorooctadecanoic acid",External Targets,tentative,78489,13.576,35.715,261.8,894.9515,8.48,N/A,N/A,0,0,0,0,0,0,0,0,0,0,0,0,0,0,0,0,0,0,0,0,0,0,0,0,0,0,0,0,1742.715,0,0,0,0,0,0,0,0,0,0,0,0,0,100,100
16:2 Fluorotelomer dihydrogen phosphate,External Targets,tentative,83643,14.724,32.343,238.76,942.9381,-2.43,N/A,N/A,0,0,1304.732,0,0,0,0,0,0,0,0,0,0,0,0,0,0,0,0,0,0,0,0,0,0,0,0,0,0,0,0,0,0,0,0,1367.3020000000001,0,0,0,0,0,0,100,100
No Match,None,unmatched,87435,9.048,1.885,16.96,61.9869,,,,1030.3410000000001,0,0,0,0,0,0,0,0,0,0,0,0,0,0,0,0,0,0,0,0,0,0,0,0,0,0,0,0,0,0,0,0,0,0,0,0,0,0,0,0,0,100,100
No Match,None,unmatched,72655,8.982,13.285,116.01,61.9874,,,,0,0,0,0,0,0,0,0,0,0,0,0,0,0,0,0,0,0,0,0,0,963.1233,0,0,0,0,593.0815,0,0,782.2844,0,0,0,0,0,0,0,0,0,0,0,0,100,100
No Match,None,unmatched,94423,7.515,7.731,67.83,61.9876,,,,0,0,0,0,0,0,0,0,0,0,0,0,0,0,0,0,0,0,0,0,0,0,0,0,0,0,0,0,0,0,0,547.8131000000001,0,0,0,0,0,0,0,0,0,0,100,100
No Match,None,unmatched,86896,10.611,7.614,66.81,61.9877,,,,0,0,0,0,0,0,0,0,0,0,0,0,0,0,0,0,0,0,621.482,0,0,0,0,0,0,0,0,0,0,0,0,0,0,0,0,0,0,0,0,0,0,0,100,100
No Match,None,unmatched,85719,7.1065000000000005,7.318,81.645,61.9878,,,,0,0,0,0,0,0,0,660.6506,0,638.9782,0,507.22110000000004,0,0,0,0,0,0,0,0,0,0,0,0,0,0,0,0,886.695,0,0,0,0,0,0,0,0,0,0,0,0,0,100,100
No Match,None,unmatched,92057,9.019,7.579,41.94,61.988,,,,0,0,0,0,0,0,0,0,0,0,0,0,0,0,0,0,0,0,0,0,0,0,0,0,736.8384,0,0,0,0,0,0,0,0,0,0,0,0,0,0,1134.871,0,0,100,100
No Match,None,unmatched,60834,10.9065,19.008,79.35249999999999,61.9881,,,,1307.314,0,0,0,0,612.8609,500.273,0,0,556.8521000000001,0,0,587.7879,0,0,0,525.6189,0,746.4367,0,869.0241,0,0,0,0,0,0,0,713.0823,0,0,0,634.0112,625.7058000000001,0,0,0,0,0,921.1997,0,0,100,100
No Match,None,unmatched,33914,10.125454545454547,34.458,68.02,61.9883,,,,0,0,2745.647,0,3927.4090000000006,1094.184,1975.6231,2331.1927,2789.2059,1452.073,873.8006,667.0632,1913.1755,0,3993.7839999999997,0,578.2221000000001,1011.269,2517.931712003032,0,0,1712.507,0,0,0,0,0,1604.469,0,922.0847,0,1410.104,808.4778,1078.884,0,901.0183000000001,0,0,688.1135,0,0,0,100,100
No Match,None,unmatched,78884,10.555,1.106,10.34,61.9913,,,,0,0,0,0,0,0,0,0,0,0,0,0,0,0,0,0,0,0,1705.9850000000001,0,0,0,0,0,0,0,0,0,0,0,0,0,0,0,0,0,0,0,0,0,0,0,100,100
No Match,None,unmatched,94178,10.011,3.32,29.55,61.9925,,,,0,0,0,0,0,0,0,0,0,0,0,0,0,0,0,0,0,0,0,0,0,0,0,0,0,0,0,0,0,0,0,0,0,0,0,0,0,0,0,570.1253,0,0,100,100
No Match,None,unmatched,93587,8.563,13.477,114.06,76.9694,,,,0,0,0,0,0,0,0,0,0,0,0,0,0,0,0,0,0,0,0,0,0,0,0,0,0,0,0,0,0,0,0,0,0,0,621.9623,0,0,0,0,0,0,0,100,100
No Match,None,unmatched,77886,11.924,13.394,113.19,76.97,,,,0,0,0,515.4353,756.8656,0,0,0,0,0,0,527.7458,0,0,0,0,0,0,0,0,0,0,0,0,0,0,0,0,0,0,0,0,0,0,0,0,0,0,0,0,0,0,100,100
No Match,None,unmatched,45186,10.97575,13.815,115.8625,76.971125,,,,0,666.9261,1139.368,0,0,1300.667,766.4629,1766.6956,897.2317,554.5452,0,1855.5263,2456.2153,0,0,0,0,620.8941,1144.155,1261.976,0,0,0,501.5226,0,0,0,0,649.0221,600.5386,0,0,693.8469,1008.672,985.0790000000001,0,1979.1081,1047.5330000000001,0,1001.2660000000001,0,630.5184,100,100
No Match,None,unmatched,75252,2.51125,11.069,101.46124999999999,78.91950625,,,,3041.466,2676.162,1570.1748,7357.4457,31861.919,6157.5791,8807.213,5952.061,11106.839,45278.7501,13544.709899999998,6098.045999999999,13786.541000000001,1482.106,5659.7618,4251.891,12387.5039,9399.153999999999,19622.901700000002,10170.502999999999,12380.7172,8436.8797,21506.3779,7008.8885,20623.809,21749.7298,5033.635,27070.800999999996,9384.3882,9201.646,10472.5777,18672.074,22468.272199999996,55571.039000000004,12208.604199999998,14082.687,10377.097,3529.4294999999997,6753.242199999999,13018.294,4224.757,11810.09,100,100
No Match,None,unmatched,92604,4.482,11.021,93.1,78.9186,,,,0,0,0,0,0,0,0,0,0,0,0,0,0,0,0,0,0,0,0,0,0,0,701.1781,0,0,0,0,0,0,0,0,0,0,0,0,0,0,0,0,0,0,0,100,100
No Match,None,unmatched,84248,8.6095,11.071,93.17833333333333,78.91935,,,,4972.855,5066.951,18475.619,0,14604.849999999999,7828.771,0,30530.309,7304.855,27384.264000000003,5466.853999999999,36864.889,12625.069,5724.706999999999,9375.030999999999,0,12263.429,3181.3019999999997,0,0,23570.509,0,18587.882999999998,5900.3542,1366.548,97483.669,27667.237999999998,17966.79,16848.341,53047.247,18931.071,26892.398,0,24444.9905,25124.504999999997,6774.168,0,1963.13,0,1104.27,27974.405300000002,2168.8059999999996,100,100
No Match,None,unmatched,63056,10.808,11.03,93.12,78.9206,,,,0,0,0,0,0,0,0,0,0,0,0,0,0,610.4663,0,0,0,0,0,0,0,0,0,0,0,0,0,0,0,0,0,0,0,0,0,0,0,1259.143,0,0,0,1858.712,100,100
No Match,None,unmatched,83162,4.400129032258065,12.16,102.88548387096776,78.95986129032256,,,,57138.9266,26307.5258,80296.06790000001,84006.0173,28193.934699999998,35783.197,78566.9056,9161.4401,53791.1051,67741.681,48702.16879999999,46517.9836,53441.8295,41437.9288,40211.07579999999,38486.146199999996,35427.767400000004,39918.09,53315.375499999995,33188.2995,32860.761999999995,65004.9615,37388.354999999996,59931.5041,57520.878,40367.7527,49397.9641,49244.6314,33697.005,39211.591400000005,27815.699999999997,62178.828,60085.532,27494.858,39907.96000000001,32742.250999999997,84292.43029999999,44064.26,52749.442800000004,67864.1141,28251.0841,14133.3077,100,100
No Match,None,unmatched,86249,11.0754,12.216,103.018,78.95969999999998,,,,9570.784,6067.976,685.2743,10306.14,0,6958.8009999999995,3929.8169,579.7035000000001,5750.151,4495.951,7838.964,6314.452,1919.373,0,554.2428,529.392,5436.317,0,0,7705.611,5357.447999999999,12869.878,1608.7640000000001,0,4569.463,6122.023999999999,0,0,2438.5879999999997,3951.666,5520.833,3755.5209999999997,6830.1649,0,0,5390.181,3683.5589999999997,5856.3769999999995,0,6588.657999999999,3441.513,2771.158,100,100
No Match,None,unmatched,52198,14.328,12.2,102.95,78.9603,,,,0,0,0,0,0,0,0,0,1145.486,0,0,0,0,0,0,0,0,773.0483,713.2819000000001,0,0,0,0,0,862.2939,0,589.3117,0,0,981.5663000000001,0,0,0,0,0,0,1341.882,0,0,0,0,0,100,100
No Match,None,unmatched,38402,9.487,13.334,112.38,78.966,,,,728.8113000000001,0,0,0,1377.372,2269.2729999999997,1617.282,0,0,0,0,670.1375,0,1293.086,0,0,0,1000.604,0,0,0,0,0,864.2966,0,0,0,0,0,0,0,0,771.4836,0,1746.257,0,0,0,0,0,1550.321,0,100,100
No Match,None,unmatched,60613,10.14425,13.272,112.805,78.966375,,,,2277.0568000000003,0,0,0,0,2060.1738,0,0,658.4208,767.7760000000001,1152.817,0,566.8259,757.1225000000001,0,0,0,1250.946,0,0,0,0,0,0,0,0,0,0,0,0,1130.405,578.0734,0,0,0,0,0,0,1076.03,849.5707,823.2906,0,100,100
No Match,None,unmatched,42492,8.543,13.322,112.33,78.9663,,,,0,0,0,0,0,1308.496,0,0,0,629.7443000000001,0,0,621.9004,0,0,1368.297,912.4053,884.5385,0,0,0,0,0,0,0,0,0,0,0,589.3645,0,0,0,1927.815,1477.888,0,0,1149.786,0,0,0,0,100,100
No Match,None,unmatched,53361,7.986,13.42,113.11,78.9665,,,,618.4478,0,514.3786,0,0,0,0,0,0,0,819.0135,0,675.1663,0,0,0,1037.909,0,0,0,0,0,0,0,0,0,528.8399000000001,0,0,1317.513,0,0,0,0,0,0,0,520.4262,0,0,0,0,100,100
No Match,None,unmatched,96113,3.67,13.364,112.56,78.967,,,,0,0,0,0,0,0,0,0,0,0,0,0,0,0,0,0,0,0,0,0,0,0,0,0,0,0,0,0,0,0,0,0,0,0,0,0,0,0,0,0,0,0,100,100
No Match,None,unmatched,38692,1.8475000000000001,12.989,109.55833333333334,79.95761666666667,,,,28956.847999999998,28771.168999999998,19417.355,13044.982,0,0,3375.8269999999998,2582.825,28560.049,4143.036999999999,0,15458.569,911.5252,1122.6870000000001,0,0,0,16982.789,0,0,0,0,4635.8859999999995,16571.768,0,5757.661,0,15521.008999999998,1772.256,0,1494.007,3443.7219999999998,11949.548999999999,1423.785,593.053,658.3576,29334.940000000002,1228.971,17738.335,694.0063,0,0,100,100
No Match,None,unmatched,71339,1.4815,13.021,109.34,79.9575,,,,0,0,0,0,0,0,0,608.5777,0,0,0,1714.057,0,0,0,0,0,2304.924,0,0,512.7677,0,0,0,0,1534.906,0,0,0,898.3228,0,0,0,0,0,0,1302.7806,0,3149.3082,792.0315,0,0,100,100
No Match,None,unmatched,12122,1.9398,17.578,124.91799999999998,79.9581,,,,6471.115,17381.689,6662.199,5150.364,0,5147.469999999999,14167.526,0,26816.619,5606.489,17908.457,8807.122,10981.158800000001,8851.213,0,6925.958,2167.4489999999996,0,1817.921,0,1644.048,2104.2929999999997,6652.982,3624.4390000000003,1494.587,2639.3999999999996,0,6266.290999999999,0,0,0,1212.2286,26478.099,9868.006,3087.9923,0,21391.589,0,24627.684,10000.582999999999,4881.4839999999995,0,100,100
No Match,None,unmatched,47069,1.235,13.005,109.5,79.9586,,,,0,0,1226.753,0,0,0,0,0,1813.775,0,0,0,0,0,0,1002.648,0,0,0,0,0,0,1416.292,0,0,0,0,0,0,0,0,0,0,0,0,0,706.6473,0,1895.637,0,0,0,100,100
No Match,None,unmatched,73167,8.449,11.075,93.08500000000001,80.9167,,,,0,0,0,0,0,0,574.8067,0,0,0,0,0,0,0,0,0,0,0,1295.1453000000001,0,0,0,0,0,0,0,0,988.7237,0,0,0,0,0,0,0,0,0,0,573.2489,0,1065.662,0,100,100
No Match,None,unmatched,78159,2.8750588235294114,11.082,93.13882352941175,80.91721176470588,,,,12120.2423,1230.377,15258.036,13595.431999999999,36943.816399999996,23245.663,16440.5825,25011.648100000002,570.0505,11136.868999999999,11309.247,5376.8796999999995,3531.6724000000004,18401.764,11939.129799999999,27779.056999999997,17800.279000000002,28972.854999999996,39793.335699999996,6732.7699,27992.647,32253.2203,15778.9372,34444.441600000006,35551.201100000006,45016.351,11358.4327,36125.117399999996,23152.9258,36401.50689999999,8851.992,32383.920000000002,41266.1147,41814.8729,36821.3189,2550.9125,13384.520400000001,5033.4115,40449.873,25509.020399999998,16395.4607,29421.552,100,100
No Match,None,unmatched,27496,1.5401666666666667,11.081,93.125,80.91711666666667,,,,4848.2602,2437.3289999999997,3025.8826,1602.272,2422.528,584.7654,2020.0330000000001,3993.389,1132.771,3677.1050000000005,2886.941,1348.515,1848.419,2605.586,0,3374.538,3049.189,4294.037,7540.847,3848.874,793.8485000000001,2975.2309999999998,3211.1099999999997,2006.405,0,3852.7468,2773.1405,4505.463,8357.0736,1432.219,6400.347,4466.516,975.8659,2749.085,3221.9291,1355.512,4653.802,1952.4347,0,773.1116000000001,1531.7250000000001,4572.7146999999995,100,100
No Match,None,unmatched,80601,3.8230000000000004,11.029,92.935,80.9171,,,,0,0,1481.24,0,3187.2569999999996,1282.625,1439.464,0,0,0,1633.575,638.8426000000001,0,0,1152.593,0,0,0,1044.488,0,1102.875,1637.169,0,0,1281.207,0,0,1455.061,2104.935,0,0,3859.738,0,2003.9879,997.7068,0,0,1187.492,1032.676,1537.515,0,0,100,100
No Match,None,unmatched,10585,6.1125,11.063,106.35900000000001,80.9172,,,,30709.977,5495.295999999999,18409.289,4683.811,17270.108,34593.456999999995,19020.947,31116.852000000003,0,1348.614,15259.944899999999,4918.125,5185.441999999999,55134.3015,41632.051999999996,11048.4478,15103.518,5266.289,24424.5046,35868.6322,20853.485999999997,2825.658,32607.489999999998,26872.6286,21506.676199999998,19725.921,13273.253999999999,25090.724499999997,45133.418,4336.007,12500.809,14754.397,0,15491.105,30108.8996,25489.388,7867.82,31554.887000000002,1401.714,11774.505000000001,14074.162999999999,19007.444999999996,100,100
No Match,None,unmatched,75784,12.42,11.074,93.24,80.9175,,,,0,0,0,0,0,0,0,0,0,0,0,0,0,0,0,0,0,0,0,0,0,0,0,0,0,972.1800000000001,0,0,0,1026.9,0,0,0,0,0,0,0,0,0,0,0,0,100,100
No Match,None,unmatched,74981,2.3165,11.08,93.25,80.918,,,,0,0,0,0,0,0,1692.112,1950.271,0,0,1436.827,0,0,0,0,0,0,0,1383.017,0,0,0,577.2654,1745.4370000000001,0,1418.9660000000001,0,1799.3790000000001,0,1102.684,0,1794.2698,1541.742,1662.694,2095.3399999999997,0,0,780.5374,0,0,0,0,100,100
No Match,None,unmatched,40472,2.6785,11.026,92.85,80.9181,,,,0,0,0,0,0,0,0,0,0,766.2937000000001,1103.019,0,0,0,0,0,0,0,926.1766,0,0,0,0,0,0,0,0,2070.3301,0,0,0,581.9723,2476.428,4683.874,3221.2094999999995,0,0,0,0,0,756.921,0,100,100
No Match,None,unmatched,51679,6.9965,11.08,93.215,80.9182,,,,0,0,0,0,0,0,0,0,0,0,0,0,0,0,0,0,0,642.9679,0,0,649.0221,0,0,0,0,2682.4062,0,737.9047,0,0,0,826.5976,0,0,0,762.3803,0,707.3205,0,0,0,823.3612,100,100
No Match,None,unmatched,92423,3.553,11.048,93.02,80.9231,,,,0,0,0,0,0,0,0,0,0,0,0,0,0,0,0,0,0,0,0,0,0,0,0,0,0,0,0,0,0,0,0,0,0,713.6247000000001,0,0,0,0,0,0,0,0,100,100
No Match,None,unmatched,37050,1.453,14.068,116.33,92.0513,,,,0,1071.125,0,0,0,0,0,0,0,0,6975.5869999999995,0,0,0,0,0,0,0,0,0,0,0,3493.2169999999996,0,2157.932,0,1464.67,0,0,0,0,0,0,0,0,0,0,0,0,0,0,0,100,100
No Match,None,unmatched,84989,0.648,3.805,31.82,92.927,,,,0,0,0,0,0,0,0,0,0,1201.452,0,0,0,0,0,0,0,0,0,0,0,0,0,0,0,0,0,0,0,0,0,0,0,0,0,0,0,0,0,0,0,0,100,100
No Match,None,unmatched,89668,0.694,13.237,109.44,92.9275,,,,0,0,0,0,0,0,0,0,0,0,0,0,0,0,0,0,0,0,0,0,0,0,0,0,0,0,0,0,0,0,0,0,0,0,0,0,0,0,0,887.2906,0,0,100,100
No Match,None,unmatched,87438,0.585,4.845,40.51,92.9279,,,,0,0,0,0,0,0,0,0,0,0,0,0,0,0,1030.061,0,0,0,0,0,0,0,0,0,0,0,0,0,0,0,0,0,0,0,0,0,0,0,0,0,0,0,100,100
No Match,None,unmatched,88031,0.73,9.405,77.96,92.9287,,,,0,0,0,0,0,0,0,0,0,0,0,0,0,0,0,0,0,0,0,0,0,0,0,0,0,0,0,0,0,0,990.9433,0,0,0,0,0,0,0,0,0,0,0,100,100
No Match,None,unmatched,74616,0.654,10.382,85.99,92.9289,,,,0,0,0,0,0,0,0,0,0,0,0,0,0,0,589.9256,0,0,0,0,0,0,0,0,0,0,0,0,0,0,0,0,0,0,0,0,0,0,1525.1000000000001,0,0,0,0,100,100
No Match,None,unmatched,4859,1.2346,14.028,115.79400000000001,93.03515999999999,,,,215185.69900000002,203939.799,285909.499,268478.228,28728.024,68839.22899999999,219713.899,109639.418,387245.799,49321.759000000005,45766.061,236492.899,202016.228,124404.39899999999,88708.998,149373.399,88745.338,142156.128,20064.322,66460.724,99323.888,128372.499,63518.727000000006,64289.49800000001,50883.94200000001,11307.463,3496.8677,57280.105,50970.179000000004,23975.813,26956.841,13436.702000000001,363603.499,27906.286,1233.565,54682.588,456762.858,131333.913,372784.599,214506.49800000002,106815.758,102000.39899999999,100,100
No Match,None,unmatched,32166,3.6144999999999996,14.022,126.185,93.0351,,,,16477.839,3896.1479999999997,0,3375.725,0,0,0,0,9877.704,0,1241.896,0,0,7733.785,0,11282.942,8432.869999999999,7038.1759999999995,0,964.5147000000001,0,4642.5,2302.192,2343.1139999999996,1879.435,1333.041,0,1904.544,0,2236.758,0,0,19814.589,0,0,2244.0879999999997,1127.943,6760.6759999999995,0,0,9542.205999999998,7999.071,100,100
No Match,None,unmatched,52703,0.5609999999999999,13.762,113.505,93.0466,,,,0,0,0,1538.307,1984.5849,0,0,0,0,6410.132,0,0,0,0,0,0,0,0,0,0,0,0,0,0,0,0,0,593.0561,0,0,798.5301000000001,0,0,4199.057,0,0,0,0,0,0,0,0,100,100
No Match,None,unmatched,73026,0.8206666666666665,13.873,114.17,94.03126666666667,,,,0,0,0,0,0,0,0,0,0,0,4172.1296999999995,0,0,0,0,0,0,0,0,0,0,0,0,0,0,0,0,0,0,0,0,0,0,0,0,0,0,0,0,0,0,0,100,100
No Match,None,unmatched,46094,1.23,14.046,115.77,94.03845,,,,0,0,0,0,0,0,0,0,0,0,0,0,0,0,0,0,0,0,0,0,0,0,0,0,0,0,0,0,0,0,0,0,0,0,0,0,0,0,0,0,0,0,100,100
No Match,None,unmatched,95675,5.3685,10.848,91.005,94.925,,,,0,0,0,0,0,0,0,0,0,0,0,0,0,0,0,0,0,0,0,0,0,0,0,0,0,0,0,0,0,0,0,0,0,0,0,0,0,0,586.087,0,0,0,100,100
No Match,None,unmatched,88052,0.575,12.859,106.08,94.9262,,,,0,0,0,0,0,0,0,0,0,0,0,0,0,0,0,0,0,990.2059,0,0,0,0,0,0,0,0,0,0,0,0,0,0,0,0,0,0,0,0,0,0,0,0,100,100
No Match,None,unmatched,88596,12.49,13.557,111.79,94.9799,,,,0,0,0,0,0,0,0,0,0,0,0,0,0,0,0,0,0,0,0,0,0,0,0,0,0,0,0,0,0,0,0,955.9529,0,0,0,0,0,0,0,0,0,0,100,100
No Match,None,unmatched,49233,10.988,13.71,112.91,94.9803,,,,0,0,1052.17,0,0,0,0,0,933.3143,0,0,0,0,1362.7450000000001,0,0,0,0,3682.1749999999997,0,0,0,0,0,0,0,0,0,0,0,0,0,0,0,0,0,0,0,0,0,0,0,100,100
No Match,None,unmatched,64912,11.677375,13.862,114.36875,94.98117500000001,,,,2247.534,664.1124,2319.6852,0,2582.6807,2155.193,4758.2983,4075.4192,3692.9079,3391.74,1320.1864,4959.4987,2662.7973,2813.181,2215.8788,2963.316,3457.6959000000006,7481.6061,2054.508,4582.4529,9778.751999999999,5044.307699999999,1249.3277,4001.0413,2056.1764000000003,530.4362,0,1244.549,755.1189,679.3573,5461.044,1776.3836000000001,5609.6203000000005,5735.8127,1806.2303000000002,0,5776.0868,2076.7016000000003,0,1276.14,5558.6417,2153.2017,100,100
No Match,None,unmatched,65772,8.88,13.91,114.65,94.9814,,,,0,0,0,568.9745,0,0,0,0,0,0,0,0,0,0,0,0,574.8469,0,0,0,0,0,1057.97,0,0,0,508.09680000000003,0,0,0,0,0,0,0,0,546.1144,0,0,0,0,0,0,100,100
No Match,None,unmatched,86776,7.132,12.747,104.96,95.9526,,,,0,0,548.8841,0,0,0,0,0,0,0,0,0,0,0,0,0,0,0,0,0,0,0,0,0,0,0,0,0,525.6119,0,0,0,0,0,0,0,0,0,0,0,0,0,100,100
No Match,None,unmatched,56654,4.2182,12.671,104.474,95.95295999999999,,,,852.6509,0,0,0,609.1145,0,0,3291.3913000000002,0,610.1891,729.3517,796.9858,868.1759000000001,0,0,0,0,0,913.8032000000001,565.4203,1111.4080000000001,1906.1912000000002,802.4791,2198.695,0,0,1281.222,0,0,0,839.2668,737.5576,573.2412,784.3772,1450.2585,1116.6496000000002,0,0,1354.8122,0,725.7981,993.1914,100,100
No Match,None,unmatched,41185,6.845833333333332,12.659,104.415,95.95299999999999,,,,2546.0187,1372.372,1690.0955,1844.4358000000002,1977.0216,0,1668.1974,4293.8061,1000.918,611.8871,4454.128999999999,4696.05,0,3013.1850000000004,6019.8534,788.5057,2552.4612,0,1003.464,1874.5613,2192.3786,1117.055,770.5801,2013.9706,994.7178,0,2759.0422,1463.8600000000001,722.0794000000001,991.3943,0,2860.9547000000002,2161.321,1612.1274,829.7983,4402.2943,2642.8591,1579.761,4670.748799999999,1693.316,999.3133,0,100,100
No Match,None,unmatched,28652,8.484833333333334,12.659,104.41499999999998,95.9531,,,,2624.7097,3259.197,1646.9313000000002,2134.8192,1527.021,0,1781.6494000000002,2071.5069999999996,0,1808.6499,2532.2518,802.9459,2780.782,2478.3566,1029.45,0,2052.0737,581.2777,3695.7306,2129.0448,1122.536,4550.365600000001,608.3579,1642.6602,2319.7576,1178.262,2567.8581,2161.8499,595.3387,0,2113.1156,1175.01,723.4563,2171.8326,693.6882,2206.8320000000003,602.0462,2634.9401000000003,5664.0916,0,4315.154200000001,3372.9128,100,100
No Match,None,unmatched,78520,4.589666666666667,12.646,104.27,95.9533,,,,1132.247,1288.141,0,1036.575,0,0,653.0606,0,2998.7,540.0805,777.4074,3373.138,0,1311.035,629.5191,1199.888,0,1316.67,0,1147.578,0,3010.2852,0,1754.757,984.1015,0,2104.8247,0,0,0,1734.386,0,678.3343,1855.3983,793.8193,1272.0667,1577.073,1580.249,851.1368,1876.2712999999999,859.7246,1766.5620000000001,100,100
No Match,None,unmatched,61781,4.104,12.676,104.4,95.9539,,,,0,0,0,0,0,519.1889,0,0,0,0,0,0,0,0,0,0,0,0,0,0,0,0,501.23150000000004,0,0,0,0,0,0,0,0,922.8115,1188.0720000000001,0,0,0,0,0,0,0,0,0,100,100
No Match,None,unmatched,82055,6.62,12.749,104.88,95.9551,,,,563.6145,0,0,0,0,0,0,0,0,0,0,0,868.1765,0,0,0,0,0,0,0,0,0,0,0,0,0,0,0,0,0,0,0,0,0,0,0,0,0,0,0,0,0,100,100
No Match,None,unmatched,93355,5.379,12.637,104.13,95.9564,,,,0,0,0,0,0,0,0,0,0,0,0,0,0,0,0,0,0,641.8779000000001,0,0,0,0,0,0,0,0,0,0,0,0,0,0,0,0,0,0,0,0,0,0,0,0,100,100
No Match,None,unmatched,63853,7.4353333333333325,13.177,107.96777777777778,96.95949999999999,,,,14146.016,25797.251999999997,10375.267,0,7054.085999999999,17157.046000000002,12635.076,22961.691,9460.578,16711.6916,22625.8,14935.564999999999,6596.7507000000005,6920.96,9777.548999999999,0,0,7821.891,4254.704,8672.187,0,17420.565000000002,3612.1609999999996,0,4377.6247,4809.112999999999,12097.127,6091.028,6161.739,0,0,11153.445,12507.5632,0,7376.871999999999,0,2327.0009999999997,0,0,0,2256.5009999999997,8335.918,100,100
No Match,None,unmatched,88528,12.073,13.181,108.3,96.9589,,,,0,0,0,0,0,0,0,0,960.2351,0,0,0,0,0,0,0,0,0,0,0,0,0,0,0,0,0,0,0,0,0,0,0,0,0,0,0,0,0,0,0,0,0,100,100
No Match,None,unmatched,32689,7.577434782608696,13.189,108.33782608695653,96.95954782608693,,,,47422.91899999999,75309.849,25022.184999999998,7918.874,45195.767,30646.968999999997,44777.551,68752.91899999998,50761.41279999999,80787.74799999999,84528.23800000001,17790.192,49389.967000000004,61684.977,52299.234000000004,32381.260000000002,23130.732,35883.134000000005,27270.746,32051.518000000004,6868.179,33407.22,92200.75099999999,34700.701,55568.73799999999,35392.696,33192.053,34103.296,13526.054,39590.107,64278.302,25031.466099999998,26500.531,4754.227,6706.41,2499.946,27648.379999999997,15563.982,11940.726999999999,6692.168,15995.503,3942.85,100,100
No Match,None,unmatched,52925,7.0226923076923065,13.21,108.32500000000002,96.95968846153846,,,,45625.991,78825.99100000001,35247.562999999995,49128.254,20952.970999999998,51132.068,77744.0116,74916.655,61050.38999999999,53154.632999999994,55214.556,29810.737999999998,75740.048,68021.887,23905.962,11134.728299999999,41514.11499999999,54045.289,43370.503000000004,72087.442,34648.206999999995,50670.53999999999,51796.078,11929.529999999999,57595.223,34443.185,46492.791,19243.943,16222.333999999999,53790.13,29325.478,20899.918999999998,5139.974999999999,23216.086,38632.182,60737.577,43569.494999999995,0,14126.663,9625.331,51625.133,34608.355,100,100
No Match,None,unmatched,23019,6.087733333333333,13.168,108.21333333333331,96.95978666666669,,,,59733.737,120857.128,59422.39899999999,16204.784,54236.477,58762.137,145923.63199999998,137499.23,65673.427,84073.428,79464.47200000001,13752.718,67667.632,53013.903000000006,69882.31,39597.752,53758.895000000004,74383.27799999999,135826.28399999999,17090.26,29180.738,101127.875,61467.796,15240.409,65458.307,72678.516,56014.531,46587.791999999994,70819.3,45436.786,56739.519,41340.409,25986.728000000003,91012.709,74796.167,55924.498999999996,81605.805,56096.857,26693.628,41590.918,35624.155,88043.96200000001,100,100
No Match,None,unmatched,6710,7.6034999999999995,13.183,108.35,96.95990000000002,,,,23304.216,32243.908,15992.697,71679.792,41568.85,25294.438,42403.458999999995,13857.042,58920.781,35481.426999999996,62480.206000000006,18063.167,40933.259999999995,33127.308000000005,58822.032,42950.734,27016.029000000002,46014.84,10125.021,33839.918000000005,23552.503,46002.89199999999,61114.906,51126.888,16573.292999999998,0,131576.75999999998,32916.027,52758.854,87115.446,18135.6,46137.566000000006,9437.878,2395.2419999999997,21666.974,28740.551,20727.626,27235.202999999998,11863.806,25276.961,33295.708999999995,22198.038,100,100
No Match,None,unmatched,23842,4.868315789473685,13.157,110.83,96.9602,,,,109213.138,110025.486,80426.645,66131.396,57765.539000000004,66264.41500000001,131697.07,50566.481999999996,115533.9263,89673.705,89160.62999999999,78806.322,97780.682,97582.446,81296.98000000001,46711.371999999996,121230.973,83869.037,101005.746,89552.39500000002,39757.149000000005,82580.95800000001,56421.68299999999,100241.313,81470.86,123566.205,96497.57699999999,97201.25,69334.972,72762.33,95385.308,37066.25,66912.61200000001,83273.896,82114.255,83673.65,51625.01499999999,79726.12700000001,34137.296,107434.094,53141.665,93021.214,100,100
No Match,None,unmatched,9303,2.4026666666666667,13.163,108.32000000000001,96.9603,,,,20221.129,32356.417999999998,35194.128,42668.118,17144.829,40182.997,10182.389,18297.569,24741.579,8462.105,2778.147,13713.229,0,25021.462,37453.816999999995,18741.546,42307.938,50920.685,0,11356.109,30982.679,36350.898,40943.657999999996,7106.851,16753.849,36276.407999999996,39718.128,40822.928,20570.219,33969.218,14339.289,34758.388,0,17520.339,0,41141.328,36081.788,23044.089,38100.358,62629.187,24752.828,43311.898,100,100
No Match,None,unmatched,76763,5.699,13.199,108.44,96.971,,,,0,0,0,0,0,1903.6770000000001,0,0,0,0,0,0,0,0,0,0,0,0,0,0,0,0,0,0,0,0,0,0,0,0,0,0,0,0,0,0,0,0,0,0,0,0,100,100
No Match,None,unmatched,63007,2.738,13.156,108.25,96.9723,,,,0,0,0,0,0,0,0,0,0,0,0,0,0,0,0,0,0,0,0,0,0,0,0,0,0,0,0,0,0,0,0,0,0,0,703.9031,0,0,0,0,3031.091,0,0,100,100
No Match,None,unmatched,64301,1.476,13.183,108.42,96.973,,,,0,0,0,0,0,0,0,0,0,886.3738000000001,0,0,0,0,0,0,0,0,0,0,0,0,0,0,1576.527,0,0,0,0,0,0,0,0,0,0,0,0,0,0,1035.8220000000001,0,0,100,100
No Match,None,unmatched,77685,7.238,13.206,108.58,96.9732,,,,0,0,0,0,0,0,0,1152.445,0,0,0,0,0,0,0,0,0,0,0,0,0,0,0,0,0,0,0,0,0,0,668.1410000000001,0,0,0,0,0,0,0,0,0,0,0,100,100
No Match,None,unmatched,68817,12.144,13.21,108.61,96.9733,,,,0,0,0,593.7498,0,0,0,0,0,0,827.7196,0,0,0,0,0,0,0,0,988.8648000000001,0,0,0,0,0,0,0,0,0,0,0,0,0,0,0,0,0,0,0,0,0,0,100,100
No Match,None,unmatched,34543,7.903,13.225,108.76,96.9734,,,,0,0,0,0,0,0,1220.395,3986.944,0,0,0,0,0,0,3062.1679999999997,0,0,0,2550.48,0,0,4203.901,0,0,0,0,2725.2509999999997,0,0,0,0,0,0,0,0,0,0,0,0,0,0,0,100,100
No Match,None,unmatched,18795,3.913,13.248,108.92,96.9743,,,,7377.059,2637.651,0,3412.241,0,0,3147.089,1697.89,7114.387,2407.557,0,0,0,2169.937,0,0,0,8175.706999999999,0,2472.6189999999997,0,3215.7889999999998,0,0,0,0,3663.4559999999997,4830.706999999999,0,0,0,0,0,0,0,0,0,7463.192,0,0,3618.4429999999998,3350.5769999999998,100,100
No Match,None,unmatched,20418,6.61,13.227,108.8,96.9748,,,,0,4764.353,0,0,0,0,0,2272.6099999999997,0,0,0,0,1473.765,0,0,0,0,981.2294,0,0,0,0,6977.054999999999,2538.3129999999996,2357.249,7072.822,0,0,0,3470.9779999999996,2140.682,0,1873.357,4801.942,0,7148.856,0,1123.853,0,0,0,6844.548,100,100
No Match,None,unmatched,22359,5.088,13.273,109.19,96.975,,,,3681.955,0,0,0,0,7982.432,0,0,0,0,0,0,0,0,0,0,0,0,0,0,4721.3279999999995,0,5769.047,0,0,2827.5229999999997,2636.2419999999997,0,831.3324,0,3038.5789999999997,0,0,0,3677.7309999999998,3287.067,3863.5719999999997,0,0,0,0,3374.1459999999997,100,100
No Match,None,unmatched,17548,8.687,13.275,109.15,96.9751,,,,5208.6179999999995,9117.323,0,0,2188.866,6350.0869999999995,0,5360.285,0,3191.709,1890.733,0,0,0,5295.227,0,0,0,3865.2549999999997,1121.9660000000001,7431.447,0,9944.181,0,0,0,3571.475,0,0,6872.57,4625.084999999999,6689.946,7514.088,0,0,13732.855,0,1734.2830000000001,6189.123,2476.5179999999996,1323.547,7833.53,100,100
No Match,None,unmatched,29019,8.702,13.279,109.22,96.9752,,,,0,0,0,0,0,0,0,3102.634,0,0,0,0,0,1154.883,3014.942,0,0,0,0,0,0,8144.163,0,0,1259.634,0,0,0,0,0,3932.8219999999997,0,2353.0609999999997,0,0,2245.27,0,976.6757,0,0,0,0,100,100
No Match,None,unmatched,28320,10.3555,13.31,109.31,96.9753,,,,0,2668.426,0,0,8284.385,11068.014,0,2193.7929999999997,0,0,3293.573,3464.7659999999996,0,0,0,0,0,0,2304.546,0,0,0,0,7572.082,3097.0429999999997,0,2617.1409999999996,0,0,0,5842.380999999999,0,0,0,0,0,0,0,0,0,7495.227,0,100,100
No Match,None,unmatched,31559,9.176333333333334,13.41,109.73666666666668,96.9754,,,,1772.607,3392.673,0,0,3626.348,0,0,8788.713,3623.517,0,0,0,0,0,10336.826000000001,0,0,2457.64,7927.863,0,946.9605,12459.91,16157.491999999998,0,1517.574,6825.795999999999,1692.647,0,0,0,2179.4599999999996,0,0,2179.87,5086.258,1595.84,0,2984.725,0,0,3282.183,0,100,100
No Match,None,unmatched,20360,10.708999999999998,13.276,109.84142857142855,96.97591429,,,,5644.197999999999,0,0,0,31145.431,23307.426,2740.1789999999996,0,0,2229.912,0,1516.356,3466.3289999999997,0,0,0,1865.271,3249.4779999999996,11912.287,11294.764,6707.215999999999,0,3059.18,10092.442,0,0,6043.268,0,0,885.9093,24934.283,0,2858.5699999999997,0,0,3819.356,9758.001,0,0,7024.278999999999,9758.887,0,100,100
No Match,None,unmatched,39264,9.504833333333336,13.241,110.34499999999998,96.97616666666666,,,,1146.576,4350.937,2224.002,0,2891.379,5144.028,5512.103999999999,8814.304,612.5663000000001,0,0,0,0,0,0,0,7458.719999999999,1490.618,2473.3329999999996,0,1194.915,4373.541,11587.685999999998,6798.839,0,2964.192,6784.277,1360.202,0,795.9603000000001,10067.386,0,0,2547.745,1547.46,3554.2529999999997,2201.8067,3179.052,0,0,985.8733,0,100,100
No Match,None,unmatched,61430,2.728,13.225,108.76,96.9757,,,,1084.641,0,0,0,0,0,0,0,0,0,0,0,0,0,0,0,0,0,0,0,0,0,0,0,0,0,1712.279,0,0,0,0,0,0,0,0,0,0,0,0,1236.007,0,0,100,100
No Match,None,unmatched,40591,4.9552499999999995,13.232,109.19749999999999,96.97607500000001,,,,0,8008.870999999999,0,7241.211,0,7571.420999999999,0,0,0,3348.785,0,0,6659.739,0,4516.949,0,0,2194.696,0,0,0,0,3989.8889999999997,983.9994,5367.855,0,4025.0339999999997,0,0,2018.645,0,889.2441,0,0,0,4490.704,1720.105,4190.342,0,0,8644.587,3002.9759999999997,100,100
No Match,None,unmatched,45701,5.692,13.404,110.25,96.9766,,,,0,0,2003.079,0,0,0,0,0,0,0,0,0,0,0,0,0,1314.224,0,0,0,0,0,0,0,0,0,1736.771,0,0,0,0,0,0,1705.917,0,0,0,2330.97,0,0,0,0,100,100
No Match,None,unmatched,83787,6.961,13.721,112.71,96.9771,,,,0,1292.784,0,0,0,0,0,0,0,0,0,0,0,0,0,0,0,0,0,0,0,0,0,0,0,0,0,0,0,0,0,0,0,0,0,0,0,0,0,0,0,0,100,100
No Match,None,unmatched,52430,5.039,13.302,109.45,96.9772,,,,0,0,0,0,0,0,0,0,0,0,0,0,0,0,0,0,0,0,0,0,1027.8790000000001,0,0,0,0,0,0,0,0,0,0,0,0,2142.9069999999997,0,0,0,3160.4919999999997,0,0,0,0,100,100
No Match,None,unmatched,95844,9.722,13.598,111.74,97.9292,,,,0,0,0,0,0,0,0,0,0,0,0,0,0,0,0,0,0,0,0,0,0,0,0,0,0,0,0,0,0,0,0,0,0,0,0,0,0,0,0,0,0,0,100,100
No Match,None,unmatched,82958,11.709,13.599,111.75,97.9313,,,,0,0,0,0,0,0,0,0,0,0,0,0,0,0,0,0,0,0,0,0,544.3528,0,0,0,0,0,815.336,0,0,0,0,0,0,0,0,0,0,0,0,0,0,0,100,100
No Match,None,unmatched,69491,9.603,13.597,111.74,97.932,,,,0,0,0,0,0,0,0,0,0,0,0,0,0,0,0,1032.112,0,0,1049.633,0,0,0,0,0,0,0,0,640.8698,0,0,0,0,0,0,0,0,0,0,0,0,0,0,100,100
No Match,None,unmatched,84420,11.042,13.592,111.7,97.9322,,,,0,0,0,0,0,0,0,0,0,0,0,0,0,0,621.1325,0,0,0,0,0,622.1219,0,0,0,0,0,0,0,0,0,0,0,0,0,0,0,0,0,0,0,0,0,100,100
No Match,None,unmatched,49575,9.607800000000001,12.676,104.04,98.95624000000001,,,,0,6181.461,2323.986,29491.803999999996,18967.235999999997,13398.869,15705.728,9818.243,19456.463,33722.538,7136.3769999999995,4643.994,18330.669,10451.939,16986.353,37401.91,2872.096,20405.807999999997,30302.683999999994,28826.532,33414.102,8030.482,19913.978,12372.625,26593.976000000002,0,25530.691,13216.769,26525.064,0,15687.55,0,0,14200.149,23227.708,25021.618000000002,29046.538,0,12509.609,16651.711,23694.801,52685.28600000001,100,100
No Match,None,unmatched,68501,8.421666666666667,12.748,104.20666666666666,98.95623333333333,,,,4234.09,9002.774,0,0,2498.832,6199.683,4340.806,0,0,3899.325,4106.592,7074.788,0,0,0,0,9107.057999999999,0,0,6972.599999999999,0,0,3535.365,0,1311.884,0,5078.048,3769.8319999999994,5477.965999999999,0,0,4850.976,3385.209,1158.1580000000001,7698.012,7814.01,0,0,4146.521,4711.581999999999,0,5798.329,100,100
No Match,None,unmatched,49333,9.7315,12.67,104.19,98.9558,,,,0,0,984.3056,1430.325,2231.6843,0,1556.3,0,0,0,0,0,3533.7859999999996,0,0,0,0,0,0,0,0,0,0,0,0,0,0,0,0,0,1786.228,0,0,0,2904.9649999999997,923.8481,0,0,0,0,0,0,100,100
No Match,None,unmatched,18633,7.46425,12.682,104.0725,98.956,,,,4650.5869999999995,5492.652,11257.042,6307.9929999999995,11915.989,0,16810.916,4062.576,2188.533,15116.752,0,11915.04,0,0,15205.770999999999,0,0,0,0,7100.486,0,4360.5779999999995,11862.187,0,13118.329,0,10248.949,0,0,7699.084,10264.939999999999,0,0,0,0,13411.033,0,2846.984,1615.16,0,927.3883000000001,9511.603,100,100
No Match,None,unmatched,26664,9.606230769,12.669,104.04153846153847,98.95622307692308,,,,6673.197999999999,23906.096999999998,10166.89,14869.928999999998,26173.969999999998,15836.925,10956.8787,13344.844000000001,11643.729,9728.295999999998,17144.199,7038.4,17045.057,8282.278,43498.936,1254.259,14595.596999999998,30569.813,23694.762,14976.93,44968.829,18977.114,15289.451000000001,0,47071.17,16234.821,30924.534,33015.014299999995,46841.505,13898.2176,49311.501,14196.81,16534.917,59483.575000000004,17747.12,57090.36,25419.208,25599.75,23653.792,17879.29,17115.41,26530.674,100,100
No Match,None,unmatched,17339,8.200000000000001,12.689,104.14833333333335,98.9563,,,,4821.063,7867.967,0,21174.653,8246.81,15775.128,3492.4979999999996,15498.585,6049.3279999999995,3376.854,37369.48,3822.6409999999996,9065.001,13404.869,26151.179999999997,12701.869999999999,6944.918,5057.36,15297.470999999998,41810.041,28004.038,11047.339,0,0,7197.974,4418.356,4342.211,7720.496999999999,14761.108,21662.899,45551.438,6712.951,6914.406,16459.293,10159.659,17966.845999999998,12460.359,2826.5049999999997,57161.197,5792.893,4176.625,9657.166,100,100
No Match,None,unmatched,33193,9.5485,12.642,104.18,98.9567,,,,0,0,0,0,0,0,0,0,0,0,0,0,0,0,1296.619,0,0,0,1135.813,0,0,0,0,0,2026.663,0,0,0,0,0,0,3485.33,0,0,0,10063.519,0,0,2571.752,0,0,0,100,100
No Match,None,unmatched,30019,8.249,12.671,104.02,98.9568,,,,0,0,0,0,0,2243.227,2290.196,0,0,0,0,0,0,0,2521.9779999999996,0,0,0,0,3990.698,1614.311,0,2395.4469999999997,2934.9939999999997,0,0,0,0,3783.7019999999998,0,1660.469,0,910.5849000000001,0,0,0,0,0,0,0,0,0,100,100
No Match,None,unmatched,31867,5.978,12.663,103.99,98.957,,,,0,0,0,0,0,0,0,0,0,0,0,0,0,0,0,0,0,0,0,0,0,0,0,669.2900000000001,2196.461,0,0,0,0,0,0,0,3869.4399999999996,0,2213.377,7040.6849999999995,0,0,0,3527.259,1784.967,0,100,100
No Match,None,unmatched,71186,2.709,12.639,103.79,98.9574,,,,0,0,0,0,0,0,0,0,0,0,0,0,0,0,0,0,0,0,0,0,0,0,0,0,0,0,0,0,0,0,0,0,0,0,0,2505.9379999999996,0,0,0,0,0,0,100,100
No Match,None,unmatched,38686,5.263,12.668,103.94,98.9575,,,,0,0,0,0,0,982.1911,0,0,0,2471.977,0,0,0,0,0,0,0,0,0,0,0,0,0,0,0,0,0,0,0,0,0,0,0,0,0,8103.782,0,0,0,0,0,2078.6079999999997,100,100
No Match,None,unmatched,50621,7.034666666666666,13.159,108.03333333333335,98.972,,,,0,766.1475,1858.2446,1957.777,701.4266,1430.867,976.615,0,0,0,0,0,0,1232.928,0,0,0,0,0,0,0,0,0,806.2666,0,0,0,0,0,1157.21,524.7281,0,1019.256,991.0522,0,0,0,0,0,0,0,0,100,100
No Match,None,unmatched,39554,5.381,13.146,107.86,98.9717,,,,1379.944,1080.773,1116.631,1411.704,0,0,0,0,0,0,0,0,0,727.5639,0,0,0,2107.7999999999997,0,0,0,0,1077.131,0,859.8374,0,0,0,0,1274.326,0,0,0,0,0,0,0,0,0,0,1107.843,784.1432,100,100
No Match,None,unmatched,69257,9.068999999999999,13.305,108.49000000000001,98.972,,,,0,0,0,2854.382,0,1305.6100000000001,1170.77,0,1782.505,0,0,0,0,0,0,0,0,0,0,2199.8509999999997,1046.0620000000001,0,715.3298,1568.518,0,0,0,739.8104000000001,0,1166.922,1050.306,0,0,0,2524.469,0,0,500.1372,0,0,1194.296,0,100,100
No Match,None,unmatched,40627,6.064,13.152,107.93,98.9721,,,,0,0,1215.136,1296.928,0,518.9032,0,0,0,0,0,0,0,0,0,0,0,869.6525,0,793.4306,0,1093.642,0,0,0,973.2098,0,0,1068.605,2218.3019999999997,0,0,1192.8220000000001,0,0,0,0,0,0,930.8521000000001,0,0,100,100
No Match,None,unmatched,62511,7.873666666666666,13.169,108.18333333333334,98.9722,,,,0,0,0,0,884.8163000000001,0,0,0,0,0,566.8336,950.4195,0,0,0,0,0,0,0,0,0,0,517.8026,0,534.2439,0,0,513.0058,0,694.3575000000001,0,0,691.0039,0,0,0,0,0,711.5486000000001,0,0,0,100,100
No Match,None,unmatched,28898,9.274,13.147,107.86,98.9723,,,,570.8395,0,934.1279000000001,590.4427000000001,0,1424.402,1085.095,734.1375,0,0,0,1346.104,2745.323,590.5455000000001,1339.849,544.4482,0,1826.114,0,0,0,0,0,1510.135,0,0,0,0,1964.06,1427.715,1267.672,2067.365,0,793.225,0,0,0,0,1237.489,0,2404.3059999999996,0,100,100
No Match,None,unmatched,92778,9.091833333333334,13.344,107.81500000000001,98.9724,,,,0,787.2413,1598.694,5039.0258,1028.4080000000001,3272.2172999999993,1622.9249,0,775.1079,1284.407,0,834.6562,0,1263.4370000000001,0,1727.641,642.9867,1317.945,534.7040000000001,1962.64,1375.798,739.4153,0,0,0,0,0,0,0,2601.6845,0,2205.6679,1747.431,0,524.5343,0,1020.928,0,0,2393.6077,1154.563,0,100,100
No Match,None,unmatched,93747,5.1205,13.463,109.245,98.973,,,,0,760.9162,770.3091000000001,0,0,882.7382,0,0,0,0,0,0,0,0,0,0,610.355,0,0,0,0,0,0,0,564.1497,862.4225,0,0,0,0,0,0,0,0,0,0,0,0,559.035,0,0,0,100,100
No Match,None,unmatched,93871,9.039,12.998,106.72,98.9757,,,,0,0,0,0,0,0,0,0,0,0,0,0,0,0,0,0,0,0,0,0,0,0,0,0,0,0,0,0,0,598.5304,0,0,0,0,0,0,0,0,0,0,0,0,100,100
No Match,None,unmatched,92504,7.161,13.213,108.31,98.9759,,,,0,0,0,0,0,0,0,0,0,0,0,0,708.2167000000001,0,0,0,0,0,0,0,0,0,0,0,0,0,0,0,0,0,0,0,0,0,0,0,0,0,0,0,0,0,100,100
No Match,None,unmatched,41897,4.439500000000001,13.685,112.14,99.92474999999999,,,,0,0,0,0,0,3658.0519999999997,0,0,0,0,0,0,0,0,0,0,0,0,0,5325.239,0,0,0,0,0,6165.214,0,0,0,0,0,0,0,0,0,0,0,0,0,0,0,0,100,100
No Match,None,unmatched,19245,8.405000000000001,13.637,111.54,99.92538333333334,,,,21278.009,9622.023,45999.288,11314.639,8969.645,21441.672,17008.871,18592.279,14539.509,30013.948,19256.576,8027.431,15942.479,16348.04,49505.42,18960.771999999997,32643.222,17487.985,0,8978.553,24964.088,36967.71799999999,18385.579999999998,38160.068,11976.579,35520.778999999995,33044.806,18612.349,50695.354999999996,15748.810999999998,39558.337,15216.499,15818.372,12752.047999999999,0,18379.625,5683.42,30119.795,8268.137,0,24078.227,18994.913,100,100
No Match,None,unmatched,29724,8.70825,13.705,111.59125,99.9254125,,,,0,38112.108,0,0,24977.979,35764.158,20117.209,44571.348,17790.232,0,3269.334,0,19807.049,11834.545,49409.311,34634.112,21378.325999999997,7765.4439999999995,9169.961,16928.669,16884.27,10657.929,16449.263,7562.223999999999,34160.859,39299.092000000004,16378.354,19286.325,37430.382,34161.873999999996,0,15315.419,10930.046999999999,17995.959,10242.809,6745.928,11919.699,45489.897,9570.786,0,40421.358,24433.206000000002,100,100
No Match,None,unmatched,21614,10.603,13.578,110.71000000000001,99.9251,,,,0,0,0,0,0,0,0,0,7027.2789999999995,0,6620.8099999999995,0,0,0,2586.517,6085.9486,7244.971,0,0,0,8895.056,0,5103.163,0,0,0,5968.357,0,0,0,0,0,0,0,0,0,0,0,0,0,0,3173.98,100,100
No Match,None,unmatched,19022,5.880333333333333,13.607,111.74666666666667,99.9252,,,,0,14549.315999999999,4167.419,0,0,18464.914,0,0,0,3237.738,11675.529,0,0,0,6331.7919999999995,14653.336,4235.157999999999,0,0,6636.749,0,12876.797999999999,4668.049,0,0,15588.075,0,0,6335.407,0,6693.022,15877.662999999999,0,0,4327.034,4681.8949999999995,10405.128999999999,8454.239,0,6178.182,6987.554,10794.555,100,100
No Match,None,unmatched,22989,6.809666666666666,13.594,111.74666666666667,99.92540000000001,,,,0,7173.6849999999995,0,0,3857.144,3252.095,6374.126,0,2749.0719999999997,0,6086.161,6588.666,0,0,0,4659.687,6238.142,6717.135,2897.1229999999996,0,7286.486,7347.37,0,11745.389,0,13392.082999999999,6476.945,0,0,0,0,0,0,0,3289.772,6940.072999999999,6870.124,12567.455,0,0,10747.189,0,100,100
No Match,None,unmatched,11963,7.981411764705882,13.613,111.65764705882354,99.92580588235295,,,,6884.907,111006.04400000001,133205.714,142448.603,66833.09640000001,44814.683999999994,146594.837,152211.284,95203.301,124980.779,292124.368,80125.087,115378.753,14226.475999999999,84186.089,70712.96800000001,69062.954,47852.65900000001,162696.94,16279.547,49684.25,48530.008,80929.467,22124.471999999998,56888.39199999999,117865.089,83351.128,18886.915999999997,69663.69200000001,120708.76,72236.33300000001,22473.095,119223.58600000001,52253.784,31209.542,34835.56019999999,78991.615,110565.652,251666.995,88510.476,89339.49799999999,45284.434,100,100
No Match,None,unmatched,12655,8.4925,13.625,111.575,99.92600999999999,,,,8381.946,44168.08,84615.31599999999,6069.968,33635.648,35687.531,32334.115,19554.289,0,0,7097.697,0,0,24956.722,40047.106,2807.095,15631.839,28631.478,9176.235,24599.235,47000.738,47248.989,49105.161,0,0,42287.914,33149.58,11768.378999999999,39394.251000000004,37457.182,14698.760999999999,14709.539,19716.719999999998,44512.902,2418.104,4220.684,4733.861,64394.024000000005,21044.798,10975.458999999999,69808.276,54827.73,100,100
No Match,None,unmatched,14292,7.325941176470588,13.589,111.65941176470587,99.92604705882353,,,,36041.578,159752.223,175980.19400000002,151142.897,232619.35300000003,98703.698,160065.222,126817.293,62281.998,127994.02100000001,128031.282,162987.34600000002,131267.946,74578.689,106858.44199999998,112492.34,126322.788,97591.865,41018.199,0,93048.357,77855.28,90462.719,34406.599,46927.089,83932.703,122440.916,88047.687,88718.88699999999,76748.511,17489.843,49829.657,119224.195,60969.698,43259.856999999996,103019.375,66308.166,71727.904,68626.727,172452.555,109822.911,102528.70400000001,100,100
No Match,None,unmatched,5872,7.797960000000001,13.604,111.64120000000001,99.92614400000001,,,,110929.147,605921.3870000001,713035.1529999999,143384.214,608307.175,182608.137,371387.51800000004,180581.614,68267.02900000001,364799.412,202367.467,333040.604,409381.438,189758.78600000002,213649.061,131240.835,431263.74899999995,52462.95,251593.043,106223.09,84638.59399999998,193347.153,137102.654,114945.467,69543.157,197277.81499999997,84546.664,67243.24,204603.168,123756.68600000002,87713.808,159727.025,348929.124,143106.408,96068.72700000001,220845.95500000002,220032.017,103574.66299999999,227099.32599999997,228450.563,499357.40499999997,221397.593,100,100
No Match,None,unmatched,11235,5.744941176470588,13.633,111.61470588235295,99.92635882,,,,41794.288,69513.637,299338.208,117266.66699999999,99805.10800000001,12660.899,183543.27200000003,89581.807,42687.878,96746.956,170215.61899999998,87880.80799999999,146068.458,78017.027,110855.83799999999,156188.702,229827.60199999998,152052.465,141683.732,86166.41700000002,152125.26200000002,37026.949,32394.694000000003,34328.493,105117.61499999999,128002.62400000001,57486.648,0,157560.922,0,0,72317.71800000001,125453.16,42908.337,0,58592.428,40551.816999999995,35038.199,79574.67599999999,47146.088,168587.674,63760.45999999999,100,100
No Match,None,unmatched,7533,6.383000000000001,13.613,111.72285714285714,99.92639999999999,,,,26213.499,95014.467,81549.857,60100.098,92636.85700000002,17640.439,122274.354,85202.217,37037.738,48756.148,44738.178,71406.758,28151.859,57189.778000000006,139972.442,40178.538,118432.67200000002,160610.05200000003,0,21708.309,74182.01699999999,98236.61600000001,51001.29,36004.329000000005,48960.628,105564.367,83650.176,0,91751.048,92660.246,0,73223.598,19571.409,114154.27500000001,24108.109,18190.129,85054.53,31815.156000000003,32334.079,56322.90900000001,142255.527,91712.321,100,100
No Match,None,unmatched,53176,7.882666666666666,13.645,111.69,99.9269,,,,0,0,0,0,0,0,0,0,0,0,0,0,0,0,0,1409.925,0,0,0,0,0,9230.839,0,0,0,0,0,0,0,0,0,0,0,0,0,0,0,9477.248,0,0,4680.188999999999,0,100,100
No Match,None,unmatched,95761,9.272666666666666,13.613,111.62166666666667,100.92650000000002,,,,3073.895,0,0,0,0,638.2545,0,0,0,0,3978.0225,1721.565,0,1274.698,6141.735000000001,1947.934,2110.723,3870.2469999999994,2519.421,4068.1899999999996,4019.352,4888.414,1751.365,7038.947,2982.091,1156.368,3357.538,4428.108,2423.2259999999997,2652.924,3148.857,7820.358,1480.905,5579.641,9432.419000000002,3792.6499999999996,8317.404999999999,4408.3181,4575.5185,1870.766,0,2298.566,100,100
No Match,None,unmatched,62644,12.474,13.603,111.42,100.9276,,,,0,0,0,0,0,0,0,0,0,0,0,0,0,0,0,0,0,0,752.3376000000001,1056.6580000000001,0,0,0,0,0,0,0,0,0,0,1250.354,0,0,0,0,0,0,0,0,0,0,0,100,100
No Match,None,unmatched,69243,0.643,14.77,120.28,106.0664,,,,0,0,0,0,0,0,0,0,0,0,0,0,0,0,0,0,0,0,0,0,0,0,0,0,0,2757.846,0,0,0,0,0,0,0,0,0,0,0,0,0,0,0,0,100,100
No Match,None,unmatched,1520,2.391,15.07,122.53,107.0503,,,,266168.799,428909.39900000003,243036.09900000002,244698.09900000002,0,115551.39899999999,231969.19900000002,110743.39899999999,416633.099,112537.999,225895.899,232423.999,166758.899,175785.999,75043.159,207787.399,91076.199,114405.299,0,6027.924,121385.799,124330.999,171893.69900000002,100942.89899999999,44152.199,136794.999,68573.459,171232.299,78494.519,98567.199,80918.189,25474.159,337407.39900000003,130850.699,70391.39899999999,80617.22899999999,359514.89900000003,65518.349,300420.099,129926.799,110435.39899999999,49728.709,100,100
No Match,None,unmatched,58541,1.6753333333333333,14.808,124.47166666666668,107.05073333333331,,,,56740.768,76372.58899999999,59294.218,45902.998,2823.7999999999997,9299.201,51327.388000000006,32794.208,71637.211,11607.553100000001,23989.809,47458.151900000004,36326.238,33774.231,741.5124000000001,19454.4293,10712.012999999999,22961.361999999997,1520.866,1405.157,13159.117,24615.452999999998,24825.634,14655.577000000001,4804.719999999999,7590.304,676.1058,21935.801,9728.33,4441.831,8031.26,14870.249,70664.02900000001,18210.038,10386.105,8734.998,86054.688,10791.321,63402.466,30989.187,8535.715,6783.4973,100,100
No Match,None,unmatched,13147,3.9845,14.824,120.54499999999999,107.051,,,,12432.689,3383.4269999999997,4629.184,6314.1939999999995,0,0,6872,8334.454,6817,0,0,10597.239,4632.629,0,0,2273.3109999999997,1515.585,1064.613,0,0,0,6050.446,0,0,0,0,0,0,0,0,0,0,13620.589,2288.5809999999997,0,0,17414.229,0,13587.539,23530.089,0,3399.009,100,100
No Match,None,unmatched,5419,1.190090909090909,14.265,116.6190909090909,108.02253636363635,,,,45664.946,88111.747,54986.22000000001,38885.186799999996,13122.449,9856.886,107590.938,66690.21100000001,50251.31800000001,8376.838,4537.133,57697.8318,74985.646,7418.687,7255.782,11390.969,9496.592,13378.707199999999,12645.044899999999,11359.029,6975.487,32232.448000000004,13604.349,31652.757299999997,10914.378999999999,23253.799,788.0282,15349.904,0,0,13279.369,5528.793,87499.681,2508.1059999999998,21600.139,0,111553.555,10368.619,99583.867,72026.7974,0,17078.219,100,100
No Match,None,unmatched,89420,1.96,14.224,115.63,108.0257,,,,0,0,0,0,0,0,0,0,0,0,0,0,0,0,0,0,0,0,0,0,0,0,0,0,0,0,0,0,0,0,0,0,903.5003,0,0,0,0,0,0,0,0,0,100,100
No Match,None,unmatched,82345,2.254,14.677,119.29,108.0453,,,,0,0,0,0,0,0,0,0,0,0,0,0,0,0,0,0,0,0,0,0,0,0,0,0,0,1408.548,0,0,0,0,0,0,0,0,0,0,0,0,0,0,0,0,100,100
No Match,None,unmatched,56652,1.0235,14.692,118.375,108.04750000000001,,,,0,0,0,0,0,0,1520.857,0,0,0,0,0,0,0,0,0,0,0,0,0,0,0,0,0,0,0,1507.537,0,0,0,0,0,0,0,0,0,939.3628,0,1138.18,0,0,0,100,100
No Match,None,unmatched,83631,2.367,14.666,119.21,108.0518,,,,0,0,0,0,0,0,0,0,0,0,0,0,0,0,0,0,0,0,0,0,0,0,0,0,0,1305.752,0,0,0,0,0,0,0,0,0,0,0,0,0,0,0,0,100,100
No Match,None,unmatched,58187,2.351,15.069,122.42,108.0544,,,,0,0,0,0,0,0,0,0,0,0,0,0,0,0,0,0,0,0,0,0,0,0,0,0,0,0,0,0,0,0,0,0,0,0,0,0,0,0,0,0,0,0,100,100
No Match,None,unmatched,51637,0.8895000000000001,15.165,122.9025,108.08185,,,,0,9642.287,0,0,0,0,0,0,0,0,8161.271499999999,0,0,0,0,0,0,0,0,0,0,0,3812.919,0,0,0,19492.329999999998,0,0,0,0,5728.266,0,0,0,0,0,0,0,0,0,0,100,100
No Match,None,unmatched,93563,0.601,14.311,116.23,109.026,,,,0,0,0,0,0,0,0,0,0,0,0,0,0,0,0,0,0,0,0,0,0,0,0,0,0,0,0,0,0,0,0,0,0,0,0,0,0,0,0,0,0,0,100,100
No Match,None,unmatched,5349,0.956,14.341,116.47,109.0301,,,,0,0,0,0,0,54058.303,0,0,0,46052.529,0,0,0,64487.648,74114.799,0,80952.129,0,24517.299,41630.129,0,0,67691.409,0,84616.949,82758.10800000001,34491.826,0,0,3473.861,59403.688,0,0,40623.929000000004,0,28667.879,0,82680.239,0,0,73492.658,0,100,100
No Match,None,unmatched,26195,0.88,14.341,116.47,109.0312,,,,0,0,0,0,0,0,0,0,0,0,0,0,0,0,0,0,10758.659,0,0,0,0,0,0,0,0,0,9715.978,0,10497.509,0,0,0,0,0,1213.048,0,0,0,0,0,0,0,100,100
No Match,None,unmatched,76146,1.038,14.363,116.48,109.0756,,,,0,0,0,0,0,0,0,0,0,0,0,0,0,0,0,0,0,0,0,0,0,0,0,0,0,0,0,0,0,0,0,0,0,0,0,0,0,0,0,0,0,0,100,100
No Match,None,unmatched,65192,0.954,14.357,116.38,110.0325,,,,0,0,0,0,0,0,0,0,0,0,0,0,0,0,0,0,0,0,0,0,0,0,0,0,0,0,0,0,0,0,0,0,0,0,0,0,0,0,0,0,0,0,100,100
No Match,None,unmatched,30712,0.9595,14.359,116.58500000000001,110.0342,,,,0,0,0,0,0,0,0,0,0,0,0,0,0,0,0,0,0,0,0,0,0,0,0,0,3968.343,0,0,0,0,0,0,0,0,0,0,0,0,0,0,0,0,0,100,100
No Match,None,unmatched,70656,11.817,13.956,113.07,110.9763,,,,0,0,0,0,0,0,0,0,0,0,0,902.5099,0,0,0,0,0,0,0,0,544.888,0,0,0,0,0,0,0,0,0,0,0,0,777.5417,0,0,0,0,0,0,0,0,100,100
No Match,None,unmatched,20147,0.509,14.785,119.69,112.0521,,,,0,0,0,2148.848,2073.836,2636.6749999999997,0,0,0,0,1856.384,0,0,0,0,2231.584,5871.4439999999995,6555.655,0,2186.9309999999996,2670.5519999999997,0,1766.673,0,0,1291.912,0,0,2607.582,509.795,4577.093,2158.5519999999997,1223.808,4897.221,0,1116.087,0,1440.689,0,0,0,7588.933,100,100
No Match,None,unmatched,53427,2.882,13.577,109.83,112.9386,,,,0,0,0,0,0,0,0,0,0,0,0,0,3136.312,0,0,0,0,0,0,0,0,0,0,0,0,0,0,0,0,0,0,0,0,2873.6,0,0,0,0,0,0,0,0,100,100
No Match,None,unmatched,37870,9.23825,13.407,108.385,113.92622500000002,,,,0,567.6266,0,1031.102,0,0,0,0,770.0447,0,0,0,0,0,0,0,0,0,0,1150.288,788.4508000000001,0,2996.8032000000003,0,0,1291.172,1350.2044,2469.609,725.8916,1182.012,9098.407,2688.487,0,922.2178,0,4341.474,0,9304.646999999999,607.2024,0,0,1360.243,100,100
No Match,None,unmatched,62317,7.412,13.35,107.99,113.9257,,,,0,0,0,0,0,0,0,0,0,0,0,0,0,0,0,0,0,0,0,0,0,0,0,0,0,0,2162.415,0,0,0,0,0,0,0,0,755.0606,0,940.1917,0,0,0,0,100,100
No Match,None,unmatched,57597,11.133199999999999,13.42,108.56199999999998,113.9265,,,,0,672.3595,0,0,1451.6615000000002,0,0,0,1982.4849000000002,705.0785000000001,0,0,1758.476,0,0,0,1525.579,0,0,2273.3516,2568.3959999999997,1477.487,0,813.5858000000001,1346.3319999999999,1718.8582000000001,592.5099,3535.767,2166.032,2212.2075999999997,0,0,1603.902,0,3546.001,3978.9025,945.0016,1509.0569,0,0,1916.1416,2440.0127,100,100
No Match,None,unmatched,92594,7.303,13.448,108.78,113.9271,,,,0,0,0,0,0,0,0,0,0,0,0,0,0,0,0,0,0,0,0,0,0,0,0,0,0,0,0,0,0,0,0,0,0,0,0,0,0,701.87,0,0,0,0,100,100
No Match,None,unmatched,94677,13.5565,15.034,121.15,115.05525,,,,0,0,0,0,0,1701.766,0,0,2016.9270000000001,1505.4792,0,888.8464,0,0,1773.6870000000001,0,0,661.979,0,2498.528,811.7181,0,0,0,0,0,3106.5229999999997,0,0,0,3537.6639999999998,0,0,0,0,3057.9629999999997,0,0,0,0,0,2783.461,100,100
No Match,None,unmatched,86366,3.766,14.994,120.93,115.0573,,,,0,0,0,0,0,0,1101.567,0,0,0,0,0,0,0,0,0,0,0,0,0,0,0,0,0,0,0,0,0,0,0,0,0,0,0,0,0,0,0,0,0,0,0,100,100
No Match,None,unmatched,63306,10.639,13.386,108.1,115.9156,,,,0,0,0,0,0,0,0,0,0,0,0,0,0,0,0,0,0,0,0,0,0,0,0,0,0,0,0,0,3670.776,0,0,0,0,0,0,0,0,0,0,0,0,0,100,100
No Match,None,unmatched,78713,7.450692307692307,13.553,108.57000000000001,115.91995384615385,,,,74591.769,111869.55299999999,50096.43200000001,49564.388,101434.837,113327.334,83278.04100000001,143113.67599999998,54827.599,150698.568,0,60054.568,53255.889,88749.308,17337.056,41041.569,28998.732,82871.114,35573.279,20205.159,28073.708,0,53566.121,7226.2119999999995,66943.199,50750.065,35070.428,109313.43299999999,58734.338,12231.628999999999,75479.94200000001,148447.484,46930.459,29775.085,40280.229,71485.002,58847.191,33069.437,117242.499,39212.668000000005,0,2729.127,100,100
No Match,None,unmatched,35564,7.4855,13.459,108.595,115.9194,,,,0,9496.958999999999,0,0,0,0,0,0,0,0,0,7165.034,0,0,0,0,0,0,0,0,0,0,0,0,0,4266.264999999999,0,0,0,0,0,0,0,0,0,0,0,0,0,0,0,0,100,100
No Match,None,unmatched,15338,7.557428571428572,13.487,108.4857142857143,115.91999999999999,,,,5828.267,42428.735,0,0,16870.345,13166.478,9560.892,0,0,98427.348,7754.472,0,22791.579,26182.464999999997,28870.518,0,34646.097,59482.056000000004,12496.259,0,11198.095,7126.561,22058.662,19129.82,28689.289,20566.221,0,13742.609,14510.707,4980.812,9454.923,87153.48700000001,18679.174,14259.208999999999,0,0,5106.9529999999995,4748.489,8258.385,0,11803.249,10504.798999999999,100,100
No Match,None,unmatched,10061,8.734625,13.441,108.516875,115.920425,,,,17629.679,197224.777,135904.53500000003,182887.65600000002,119320.209,48629.44,111926.35800000001,43897.088,220478.866,413193.456,118907.801,59333.719000000005,53810.801999999996,96266.946,35470.363,71285.668,324192.331,107343.126,139881.15600000002,74269.51800000001,74683.228,113384.92700000003,168298.65600000002,234965.863,57179.603,158899.826,95040.506,186146.521,199906.95500000002,50634.10800000001,64852.14,337853.379,140574.986,118482.254,259566.349,89887.073,172390.68699999998,75972.992,239766.773,30177.649,25162.199,66064.35,100,100
No Match,None,unmatched,9885,8.695133333333333,13.45,108.49700000000001,115.92043666666669,,,,21765.087999999996,389755.855,216282.55299999999,203819.032,264377.32200000004,114679.312,513872.5580000001,467453.966,565876.4299999999,308084.463,175793.78699999998,332409.009,73186.418,181557.896,192928.80200000003,205137.397,372443.84299999994,195170.335,204192.815,152760.572,191222.5845,235647.26200000002,270944.82479999994,207222.81,68702.346,460257.83900000004,327845.65900000004,274140.61199999996,203609.129,169887.50500000003,91582.095,500963.82399999996,176988.009,216219.287,560448.845,82935.375,207603.48099999997,258438.194,114502.61099999999,146746.836,110572.40699999998,180040.7381,100,100
No Match,None,unmatched,26441,6.3914,13.453,108.54,115.92105999999998,,,,4042.203,0,0,0,0,12213.239,0,0,0,29256.909,0,0,0,23861.609,16037.009,0,0,23235.799,26782.413,0,0,0,0,8711.555,34525.318999999996,16176.794,0,17683.389,16571.909,2845.783,15052.298999999999,0,0,9137.393,13983.539,0,0,19679.418999999998,21365.244,5123.116,21185.299,0,100,100
No Match,None,unmatched,27894,15.193000000000001,13.441,108.62,115.9211,,,,0,0,1700.0720000000001,0,612.3717,0,873.511,0,0,0,0,0,0,0,0,2527.9489999999996,2611.4939999999997,1106.167,887.4508000000001,1016.27,1588.723,0,0,2196.082,5405.335,2846.897,3486.0389999999998,0,0,2435.9310000000005,0,0,0,1105.428,1192.729,0,1932.972,0,0,2375.5719999999997,0,0,100,100
No Match,None,unmatched,32300,6.089,13.442,108.54,115.9212,,,,0,0,0,0,0,0,0,0,0,0,0,0,0,0,0,0,6785.625,13906.419,0,0,0,0,0,0,0,0,0,0,0,0,0,0,0,0,0,0,0,0,0,0,0,0,100,100
No Match,None,unmatched,51513,12.82,13.43,108.29,115.9213,,,,0,0,0,0,0,0,0,6655.76,0,0,0,0,0,0,0,0,0,0,0,0,0,0,0,0,0,0,0,0,0,0,0,0,0,0,0,0,0,0,0,0,0,0,100,100
No Match,None,unmatched,41089,10.718,13.48,108.85,115.924,,,,0,0,0,0,0,0,0,0,0,0,0,0,0,0,0,0,0,0,0,0,0,0,0,0,0,0,0,3033.553,0,0,0,0,0,0,0,0,0,8792.264,0,0,0,0,100,100
No Match,None,unmatched,32100,1.9665,14.889,120.20666666666666,116.05091666666668,,,,165474.6559,87111.3626,209836.999,229911.554,153141.799,103519.03799999999,236535.16400000002,288491.89900000003,222904.97,183759.299,67039.53120000001,251773.299,189032.19900000002,112119.199,130682.199,178997.18800000002,98953.988,173489.521,242493.299,105733.718,144266.665,226555.56100000002,72871.0374,244822.899,72157.90299999999,123714.464,86477.345,184589.799,123332.199,241078.499,74420.72899999999,114371.528,228954.26400000002,175162.999,259006.399,107939.008,208977.011,150106.868,202673.553,248841.30100000004,198259.74800000002,147339.499,100,100
No Match,None,unmatched,30802,2.527,14.905,120.185,116.0509,,,,0,14323.053,0,0,0,0,0,2233.9869999999996,0,0,5066.518,0,0,0,3535.372,0,2987.7375999999995,0,0,2105.4979999999996,0,1348.878,6873.4,0,660.1023,2716.8206,682.6506,0,0,10566.019,780.5025,5649.519,0,0,0,0,0,3103.46,7977.786999999999,0,0,0,100,100
No Match,None,unmatched,73323,1.705,14.884,120.1,116.0918,,,,0,0,0,0,0,0,0,0,0,0,0,0,0,0,0,0,0,0,0,0,0,0,0,0,0,0,0,0,0,0,0,0,0,0,0,0,0,0,0,0,0,0,100,100
No Match,None,unmatched,61387,6.335,13.447,108.43,116.9199,,,,0,1241.498,0,0,0,0,0,0,0,0,0,0,0,0,0,0,0,0,0,0,806.8443,0,0,0,0,0,0,0,0,0,0,0,0,0,0,0,0,0,0,692.1565,0,808.5555,100,100
No Match,None,unmatched,47755,8.058,13.458,108.46,116.92,,,,0,1420.224,875.6754,0,0,0,0,1176.6680000000001,0,0,916.0824,0,0,0,0,0,0,0,0,0,0,0,0,0,0,0,0,0,0,0,1025.957,0,0,1066.377,0,0,0,0,0,0,0,0,100,100
No Match,None,unmatched,49268,9.288,13.472,108.545,116.9201,,,,0,1605.45,0,0,1533.404,0,0,1194.776,853.8445,0,0,0,0,678.1574,0,0,0,0,0,0,0,0,0,0,1329.68,0,0,0,0,0,0,0,0,1160.715,0,0,0,0,0,0,0,0,100,100
No Match,None,unmatched,51991,11.133000000000001,13.431,108.28000000000002,116.92040000000001,,,,1473.676,886.9916000000001,0,1343.319,1049.402,0,1450.413,798.0828,3053.839,0,1189.488,1129.838,1513.5118,1552.971,0,0,0,2643.437,0,0,900.2809,0,0,0,1023.2370000000001,0,1236.548,0,0,0,0,0,0,0,0,0,0,821.5927,1091.0620000000001,0,1668.471,0,100,100
No Match,None,unmatched,31269,9.3225,13.457,108.4125,116.9206,,,,7776.539,13219.291,3642.566,5904.2699999999995,2108.826,685.6599,0,2065.8059999999996,2413.803,1662.2830000000001,12593.66,1779.472,1892.92,4832.376,0,2962.04,1474.54,9054.482,0,2240.182,3371.149,0,3440.105,2572.0517,5762.803,0,0,3056.754,0,3135.828,5119.853999999999,2525.694,6447.822999999999,2972.1499999999996,2412.468,5467.338,4219.7699999999995,3245.948,0,5454.356,5365.364,0,100,100
No Match,None,unmatched,43335,10.073857142857145,13.383,108.36428571428573,116.92122857142859,,,,2995.2610000000004,15501.827,5507.633,0,6072.266,3544.979,3485.0674999999997,9752.284,8106.434200000001,887.5171,10315.241,16929.264,3582.9298,11866.786,7601.538,1268.018,0,6814.1141,809.847,0,1235.477,8245.775,884.6011,9981.283,0,7249.997,0,0,0,0,1177.567,2948.1929999999998,2847.5299999999997,9270.505,0,766.9348,5656.9976,812.6068,0,13896.554900000001,3470.7259999999997,0,100,100
No Match,None,unmatched,17387,10.0888,13.463,108.478,116.92126,,,,1887.118,5195.446,7294.812999999999,0,6712.9283,8786.2509,996.0611,8054.322,9046.649,3695.9469999999997,11832.711999999998,9081.571,4932.604,0,1256.743,2751.321,0,4478.366,3656.1899999999996,4044.198,7062.071,4697.344,0,17737.825,9809.231,0,0,4670.266,0,0,1445.063,2982.187,6956.6230000000005,20356.167999999998,0,950.8846,0,3060.169,2151.0627,14968.778999999999,1579.621,10627.493999999999,100,100
No Match,None,unmatched,25862,11.985,13.443,108.37,116.9214,,,,1468.701,0,0,2183.107,2995.301,3434.892,919.876,3015.176,1628.489,0,0,600.1436,0,0,0,0,4396.3589999999995,0,0,0,0,0,2701.138,1540.442,0,0,0,0,0,0,0,0,0,4569.289,0,0,0,0,0,2365.5969999999998,1751.22,0,100,100
No Match,None,unmatched,40552,9.5435,13.496,108.605,116.9222,,,,0,0,0,0,0,0,0,0,1615.409,0,4909.932,960.3234,922.0091,0,0,0,0,0,0,0,0,0,0,0,0,0,0,0,0,0,0,0,0,0,0,0,0,0,0,3821.848,0,0,100,100
No Match,None,unmatched,74180,9.529,13.485,108.75,116.9232,,,,0,0,0,0,0,0,0,0,0,0,0,0,0,0,0,0,0,0,0,0,0,0,0,0,0,0,0,0,0,0,0,0,0,0,0,0,0,0,0,0,0,0,100,100
No Match,None,unmatched,77322,10.399,13.512,108.86,116.9256,,,,0,0,0,0,0,0,0,843.8655,0,0,0,0,1011.068,0,0,0,0,0,0,0,0,0,0,0,0,0,0,0,0,0,0,0,0,0,0,0,0,0,0,0,0,0,100,100
No Match,None,unmatched,93143,5.869,13.958,111.98800000000001,116.92855999999999,,,,6705.312999999999,3602.763,1949.744,0,4210.4709,0,1676.6965,8839.1667,6243.945,3245.099,2139.169,0,627.8727,0,5688.678,0,0,0,6376.2,8865.136,8865.195,1379.618,919.8573,4351.3196,7951.920999999999,4751.888999999999,6327.599999999999,8586.432,8272.994499999999,7314.49,1484.865,0,2306.513,3411.1427999999996,0,7336.101,4080.631,4791.0419999999995,5142.0419999999995,4148.794,6016.371,7050.088,100,100
No Match,None,unmatched,18071,7.547,13.768,111.47,116.9273,,,,1490.318,0,604.0621,6674.268,2227.14,3146.7019999999998,5454.576,1008.673,7538.308,2794.3219999999997,0,3075.009,0,0,0,0,2169.258,0,8382.649,14565.458999999999,0,0,0,0,4435.8369999999995,0,0,3499.625,0,0,3705.294,0,0,0,0,0,2981.738,0,0,0,0,0,100,100
No Match,None,unmatched,87592,11.578,13.509,108.83,116.9274,,,,0,0,0,0,1019.542,0,0,0,0,0,0,0,0,0,0,0,0,0,0,0,0,0,0,0,0,0,0,0,0,0,0,0,0,0,0,0,0,0,0,0,0,0,100,100
No Match,None,unmatched,70190,10.154375,13.856,111.89125,116.928875,,,,12992.977,3007.643,6155.1966999999995,3771.407,5176.606000000001,6602.413,2096.552,4466.0154,975.7419,8479.5658,1660.577,3183.3908,3534.6426,3323.553,14185.223999999998,0,4073.2509999999997,3251.365,7579.6669999999995,7376.2385,9985.204,8860.42,4633.943,8230.65,5842.852999999999,1127.574,2202.0099999999998,1616.224,6737.521,12548.736099999998,8810.428,4063.648,5860.040999999999,3535.6784,19762.783,5880.501,15389.454999999998,7002.252999999999,2572.156,550.7759,10562.564999999999,6301.6759999999995,100,100
No Match,None,unmatched,19971,7.021,13.849,111.67,116.9285,,,,0,1889.986,1917.308,0,1734.7830000000001,0,0,0,0,0,2831.788,0,2958.7799999999997,1293.963,8786.708999999999,0,0,2247.8959999999997,0,2853.163,0,2724.6679999999997,0,0,3518.359,4434.719,858.5996,2418.921,2618.716,0,994.2033,0,0,2024.689,0,0,6612.692,2709.99,0,0,0,2987.738,100,100
No Match,None,unmatched,26658,9.558250000000001,13.849,111.6825,116.92875000000001,,,,2739.8479,4574.3584,3972.7835999999998,6849.963,2456.694,1981.551,3881.6139999999996,6457.604799999999,3371.1318,4268.576,5747.277999999999,1272.617,10204.160899999999,0,1121.371,2494.4089999999997,3712.0202,6717.45,0,4984.0832,4223.706999999999,4628.936,5813.494000000001,8226.112,4520.224999999999,4265.7339999999995,6688.883,2057.0609999999997,1852.089,3703.265,6253.508,4010.227,2685.2812000000004,1016.001,3969.5269999999996,2237.7329999999997,11723.349999999999,3975.6069999999995,700.4403,5766.321,2473.528,7793.549,100,100
No Match,None,unmatched,32970,9.5614,13.867,111.856,116.92905999999998,,,,1008.196,4303.1155,7640.7359,4380.252,988.5091,3758.9361,3626.6962999999996,2949.4164,2050.946,1399.3281000000002,3188.5121,960.0251000000001,6627.5021,3137.9669999999996,2445.3796,4875.175,2579.922,4495.406999999999,2264.531,7592.440999999999,5546.885,1610.394,1880.218,2240.6969999999997,4977.374,4417.1885,3268.7729999999997,4237.0336,5253.857,7258.3727,3958.994,5680.918,5448.7862,10332.878999999999,8432.402,2217.9429999999998,9969.7683,0,5064.288,5627.808,9561.43,3017.6099999999997,100,100
No Match,None,unmatched,14202,7.258500000000001,13.858,111.8025,116.929,,,,1557.6707000000001,1635.698,6415.7245,3791.1321999999996,4144.091,4367.737,11058.4336,4145.6756,2047.767,0,3090.379,4710.388999999999,2764.8235000000004,1207.959,26055.688000000002,10257.235,3375.696,11766.035,5027.5184,8548.845399999998,2413.3129999999996,881.1441,17661.769,11699.863,3932.691,5332.43,14441.499,14540.428999999998,22396.275999999998,15561.178,1545.8220000000001,4851.331999999999,4838.83,7032.552,16985.904,10725.969000000001,11283.497,7174.5199999999995,3380.17,0,3117.781,9591.124,100,100
No Match,None,unmatched,28276,7.24025,13.878,111.7375,116.92935,,,,1416.305,2135.2508000000003,1140.785,625.2144000000001,0,1800.3621,948.0558,3655.2084999999997,0,2805.68,1463.013,0,2936.0910000000003,948.4336000000001,0,1440.3500000000001,1520.249,7003.36,1887.163,1280.069,3506.192,0,0,0,4328.916,2790.0285,5301.655,5359.6089999999995,4573.33,2056.712,1097.392,2365.5589999999997,0,1596.183,1586.367,0,0,1476.393,3608.397,1655.424,2159.5299999999997,4516.939,100,100
No Match,None,unmatched,61048,10.192,13.821,111.67500000000001,116.9299,,,,0,0,1920.8458,888.2774000000001,0,0,0,0,0,1075.4370000000001,0,0,1441.605,0,0,1657.736,0,0,0,999.1402,1239.029,0,0,1423.164,0,0,996.5334,0,0,0,0,1025.55,0,2134.7599999999998,0,0,0,853.9357,0,0,874.9298,1030.709,100,100
No Match,None,unmatched,73151,6.998,13.829,111.56,116.9309,,,,0,0,0,0,0,0,0,0,0,0,0,0,0,0,0,0,0,901.4668,0,0,0,0,0,0,0,762.3385000000001,0,0,0,0,0,0,0,0,617.4278,0,0,0,0,0,0,0,100,100
No Match,None,unmatched,96129,8.086,0.155,1.94,116.9682,,,,0,0,0,0,0,0,0,0,0,0,0,0,0,0,0,0,0,0,0,0,0,0,0,0,0,0,0,0,0,0,0,0,0,0,0,0,0,0,0,0,0,0,100,100
No Match,None,unmatched,94253,4.245,13.579,109.55,116.9685,,,,0,0,0,0,0,0,0,0,0,0,0,0,0,0,0,0,0,0,0,0,0,0,0,563.2398000000001,0,0,0,0,0,0,0,0,0,0,0,0,0,0,0,0,0,0,100,100
No Match,None,unmatched,93799,5.949,0.192,2.24,116.9689,,,,0,0,0,0,0,0,0,0,0,0,0,0,0,0,0,0,0,0,0,0,0,0,0,0,0,0,0,0,0,0,0,0,0,0,0,0,0,606.5771,0,0,0,0,100,100
No Match,None,unmatched,87955,9.161,19.052,131.27,116.969,,,,0,0,0,0,0,0,0,0,0,0,0,0,0,0,995.5721,0,0,0,0,0,0,0,0,0,0,0,0,0,0,0,0,0,0,0,0,0,0,0,0,0,0,0,100,100
No Match,None,unmatched,76364,11.334,1.809,15.2,116.9694,,,,0,0,0,0,0,0,0,0,0,0,0,0,0,0,0,0,0,0,0,0,0,0,0,0,0,0,0,0,1945.438,0,0,0,0,0,0,0,0,0,0,0,0,0,100,100
No Match,None,unmatched,80366,8.307,3.637,29.85,116.9699,,,,0,0,0,0,0,0,0,0,0,0,0,0,0,0,0,0,0,0,0,0,0,0,0,0,0,0,0,1023.5360000000001,0,0,0,0,0,0,550.8454,0,0,0,0,0,0,0,100,100
No Match,None,unmatched,95505,10.887,0.126,1.7,116.9701,,,,0,0,0,0,0,0,0,0,0,0,0,0,0,0,0,0,0,0,0,0,0,0,0,0,0,0,0,0,0,0,0,0,0,0,0,0,0,0,0,0,0,0,100,100
No Match,None,unmatched,89491,9.176,4.142,33.9,116.9704,,,,0,0,0,0,0,0,0,0,0,0,0,0,0,0,0,0,0,0,0,0,0,0,0,0,0,527.9081,0,0,0,0,0,0,0,0,0,0,0,0,0,0,0,0,100,100
No Match,None,unmatched,92157,10.8595,0.131,123.88000000000001,116.9705,,,,0,0,0,0,0,0,0,0,0,0,730.2412,0,0,0,0,0,0,0,0,0,0,0,0,0,0,0,0,831.3652000000001,655.7306,660.7455,0,0,0,0,0,0,0,0,0,0,0,1043.803,100,100
No Match,None,unmatched,88391,11.1345,2.218,124.52,116.9707,,,,0,0,0,0,0,700.1692,0,0,0,0,0,0,0,0,0,0,0,0,805.2805000000001,0,0,0,0,0,0,657.4967,0,0,0,0,1244.329,0,0,0,0,0,0,0,588.2279,0,0,0,100,100
No Match,None,unmatched,86886,10.107142857142858,1.71,79.20571429,116.97109999999999,,,,0,0,1545.041,0,0,0,0,1473.209,0,1303.313,0,0,1217.336,0,0,0,0,0,0,0,1311.06,0,0,0,0,0,0,0,0,0,0,571.6734,1066.588,0,0,0,0,0,0,2145.3264,1812.6247000000003,0,100,100
No Match,None,unmatched,69975,10.293800000000001,1.96,105.075,116.9712,,,,0,773.0671,0,0,0,0,0,0,0,0,0,776.1683,0,0,0,0,0,2102.2059999999997,0,0,0,0,0,0,0,0,0,0,0,1109.703,0,0,0,0,0,0,1417.023,0,0,0,0,0,100,100
No Match,None,unmatched,85767,9.2797,7.509,107.68500000000002,116.9713,,,,0,1435.452,3405.978,0,2254.5817,0,0,0,0,853.3658,938.4191000000001,795.0656,2813.7099999999996,0,584.8911,0,0,0,0,1428.324,0,2116.521,0,0,1362.079,0,0,1223.4041000000002,0,958.8108,899.8659,0,771.9826,0,541.3291,0,0,648.7506000000001,1340.469,0,0,3617.0330000000004,100,100
No Match,None,unmatched,55461,9.6515,5.649,89.07374999999999,116.9714,,,,0,0,653.1369,0,0,829.4651,0,808.001,0,0,528.2952,0,0,890.3482,0,1042.769,0,0,563.1021000000001,637.2447000000001,1837.788,0,0,519.2499,0,0,0,648.7512,0,0,0,1295.5033,0,0,0,0,0,0,0,659.6497,0,1305.038,100,100
No Match,None,unmatched,57344,8.3225,29.623,123.6825,116.9748,,,,0,0,0,0,0,777.8047,0,0,0,1063.806,0,0,0,0,0,0,0,0,0,868.3448000000001,862.6645,0,1642.152,0,0,694.2351,0,690.2898,0,0,0,667.2405,1015.0210000000001,0,0,0,577.5788,0,839.9554,0,0,0,100,100
No Match,None,unmatched,94952,9.984,0.649,124.42,116.9752,,,,0,0,0,0,0,0,0,0,0,0,0,0,0,0,0,0,0,634.9762000000001,0,0,0,0,0,0,0,0,0,691.7698,0,0,0,0,0,0,0,0,0,643.1489,0,0,0,0,100,100
No Match,None,unmatched,81895,9.6846,3.36,63.398,116.9757,,,,0,0,0,0,0,0,651.1682000000001,0,0,0,0,0,0,0,592.698,0,0,0,0,0,0,0,0,0,0,0,1444.766,0,0,0,0,0,709.9193,0,0,0,0,0,0,514.6333000000001,0,0,100,100
No Match,None,unmatched,92075,8.0436,12.02,103.072,116.9759,,,,0,0,0,754.7078,0,0,0,0,0,0,0,0,0,0,1024.035,0,0,0,0,0,0,617.3756000000001,0,0,0,0,0,0,0,0,0,0,0,1519.819,0,0,735.9543,0,0,0,0,0,100,100
No Match,None,unmatched,95303,10.391,0.418,4.04,116.9766,,,,0,0,0,0,0,0,0,0,0,0,0,0,0,0,0,0,0,0,0,0,0,0,0,0,0,0,0,0,0,0,0,0,0,0,0,0,0,0,0,0,0,0,100,100
No Match,None,unmatched,92948,10.376,8.089,65.53,116.9775,,,,0,0,0,0,0,0,0,0,0,0,0,0,0,0,0,0,0,0,0,0,0,0,0,0,0,0,0,0,0,0,0,0,0,0,0,0,0,0,0,675.6220000000001,0,0,100,100
No Match,None,unmatched,78384,1.5870000000000002,14.787,118.615,117.0456,,,,0,1753.457,0,0,0,0,0,0,0,0,952.7441,0,0,0,0,0,0,0,0,0,0,0,0,0,0,0,1517.674,0,0,0,0,0,0,0,0,0,0,0,0,0,0,0,100,100
No Match,None,unmatched,84719,1.662,14.898,119.95,117.0521,,,,0,0,0,0,0,0,0,0,0,0,0,0,0,0,0,0,0,0,0,0,0,0,0,0,0,0,0,0,0,0,0,0,0,0,0,0,0,0,0,0,0,0,100,100
No Match,None,unmatched,31110,1.628,14.916,120.24,117.0545,,,,0,0,0,0,0,0,0,0,0,0,0,0,0,0,0,0,0,0,0,0,0,0,1288.153,0,0,0,0,0,0,0,0,0,0,0,0,0,0,0,0,0,0,0,100,100
No Match,None,unmatched,8433,0.526,15.246,122.705,117.0556,,,,1722.91,8757.53,0,3525.714,13770.249,4987.424999999999,2604.99,14155.759,7201.956999999999,27013.229,11113.599,4466.333,1162.239,1064.891,0,21290.719,0,7419.7,11838.878999999999,13453.019,10384.739,7829.8949999999995,12899.199,23320.539,9207.826,10488.489,22475.089,6377.946,5007.114,1261.492,4135.258,10619.499,7629.132,14254.349,8508.97,2985.995,9789.467,0,3772.3819999999996,8903.385,6965.981,5610.438,100,100
No Match,None,unmatched,94728,0.528,6.522,52.97,117.0576,,,,0,0,0,0,0,0,0,0,0,0,0,0,0,0,0,0,0,0,0,518.6560000000001,0,0,0,0,0,0,0,0,0,0,0,0,0,0,0,0,0,0,0,0,0,0,100,100
No Match,None,unmatched,76144,1.484,14.719,118.43,118.0307,,,,0,0,0,0,0,0,0,0,0,0,0,0,0,0,0,0,0,0,0,0,0,0,0,0,0,0,0,0,0,0,0,0,0,0,0,0,0,0,0,0,0,0,100,100
No Match,None,unmatched,14655,2.411,15.239,122.71,118.0661,,,,0,24224.039,0,0,0,562.5478,0,0,0,0,0,0,0,0,5661.657,0,2785.087,0,0,0,0,0,23872.749,0,4286.684,0,36170.939000000006,0,0,0,0,8423.208,0,0,0,0,0,4720.647,0,0,1219.9470000000001,0,100,100
No Match,None,unmatched,64529,6.804,15.764,126.81,118.9417,,,,0,0,0,0,0,0,0,0,601.0818,0,0,0,0,0,1930.478,0,0,0,0,0,0,0,0,0,0,0,0,0,0,0,0,0,0,924.5954,0,0,0,0,0,0,0,0,100,100
No Match,None,unmatched,65176,1.58,15.775,126.91,118.9426,,,,0,0,0,0,0,0,0,604.8308000000001,0,0,0,0,0,0,1033.141,0,0,0,0,0,0,0,0,0,566.0219000000001,0,0,0,0,0,0,0,0,0,0,0,0,0,1148.736,0,0,0,100,100
No Match,None,unmatched,72526,5.7385,15.748,126.73,118.9427,,,,0,0,0,0,0,0,1098.626,0,0,0,912.8051,0,0,563.3426000000001,0,0,0,0,0,0,0,683.2229,0,0,569.4946,0,0,0,0,0,0,0,0,0,0,0,0,0,0,0,0,1490.008,100,100
No Match,None,unmatched,67812,5.477,15.74,126.67,118.9434,,,,0,0,0,0,0,0,0,0,0,0,0,0,0,0,0,0,0,0,0,0,0,0,0,0,1379.321,0,0,0,0,0,0,0,0,0,0,0,0,825.4891,753.8868,0,0,0,100,100
No Match,None,unmatched,94541,8.031,11.791,95.06,118.9664,,,,0,0,0,0,0,0,0,0,0,0,0,0,0,0,537.5205,0,0,0,0,0,0,0,0,0,0,0,0,0,0,0,0,0,0,0,0,0,0,0,0,0,0,0,100,100
No Match,None,unmatched,95905,10.194,13.341,107.47,118.9698,,,,0,0,0,0,0,0,0,0,0,0,0,0,0,0,0,0,0,0,0,0,0,0,0,0,0,0,0,0,0,0,0,0,0,0,0,0,0,0,0,0,0,0,100,100
No Match,None,unmatched,91374,10.723500000000001,10.721,107.32,118.9709,,,,0,0,891.3644,0,0,0,0,0,0,0,0,0,0,0,0,0,0,0,0,0,784.2998,0,0,0,0,0,0,0,0,0,0,0,0,0,0,0,0,0,0,0,0,0,100,100
No Match,None,unmatched,93194,9.68,16.455,132.39,118.972,,,,0,0,0,0,0,0,0,0,0,0,0,0,0,0,0,0,0,0,0,0,0,0,0,0,0,0,0,0,0,0,0,0,0,0,655.3347,0,0,0,0,0,0,0,100,100
No Match,None,unmatched,81891,0.9056666666666667,15.069,122.21666666666668,119.04983333333332,,,,4870.602,0,0,1290.63,1521.094,0,926.6467,0,5477.888,0,0,0,0,782.1796,0,1457.2740000000001,0,0,0,568.1649,0,571.9786,0,777.8056,0,0,0,0,0,0,0,0,1217.859,0,610.9449000000001,4072.171,2656.6809999999996,2031.0462,901.7816,1892.3890000000001,809.2397,0,100,100
No Match,None,unmatched,6228,3.08,15.218,122.42,119.05025,,,,37050.489,18052.479,36957.839,41154.899000000005,7223.561,0,37861.179000000004,25620.619,13715.449,0,13040.349,10945.708999999999,13545.749,29031.639,8003.562,0,665.0299,4673.8679999999995,4244.2029999999995,0,0,3575.509,1442.231,18258.039,5273.968,5400.206999999999,0,2320.066,8687.6576,4917.643,0,18991.939,42206.139,16908.449,3130.884,0,60308.969000000005,6350.644,62762.839,36930.959,0,0,100,100
No Match,None,unmatched,78451,7.606999999999999,15.202,121.79499999999999,119.0503,,,,0,0,0,0,0,0,0,0,0,0,0,2089.421,0,0,0,1746.858,0,0,0,0,0,0,0,0,0,0,0,0,0,0,0,0,0,0,0,0,0,0,0,0,0,1355.511,100,100
No Match,None,unmatched,39359,1.2692857142857144,15.095,121.36857142857141,120.0459,,,,0,16927.207,0,0,0,0,0,0,0,0,43714.066999999995,0,0,0,1007.0310000000001,0,1168.518,0,0,0,0,0,36200.05,0,11334.679,9165.061,24548.2793,998.0331,0,0,0,20089.735999999997,823.9074,0,0,0,0,0,0,0,0,0,100,100
No Match,None,unmatched,79087,8.482,14.909,119.66,121.0287,,,,0,1020.729,0,0,0,0,0,0,0,0,667.4614,0,0,0,0,0,0,0,0,0,0,0,0,0,0,0,0,0,0,0,0,0,0,0,0,0,0,0,0,0,0,0,100,100
No Match,None,unmatched,79324,0.575,14.911,119.75,121.0288,,,,0,0,0,0,0,0,0,0,0,0,0,638.0173,0,0,0,0,0,0,0,0,0,0,0,0,0,0,0,0,0,0,0,0,0,0,0,0,1028.58,0,0,0,0,0,100,100
No Match,None,unmatched,55828,2.3515555555555556,14.904,119.50555555555555,121.02992222222221,,,,85786.13799999999,535503.3634,73013.324,27282.859,27986.199,138625.91100000002,32303.178,30434.672,33332.8485,16093.348,331507.046,73195.245,23122.779,57534.083000000006,115331.80799999999,117266.48700000001,101017.538,50699.566900000005,24576.879,112603.799,96579.60699999997,16849.194,248688.5983,19672.861999999997,100780.799,78400.594,352913.805,51970.319,100613.221,68642.65599999999,19853.7573,86775.8146,71513.97400000002,10890.194,45427.755000000005,90920.783,64988.2146,117114.831,68796.08300000001,46597.9485,163444.609,78446.329,100,100
No Match,None,unmatched,40245,2.0885,14.851,119.445,121.0295,,,,0,6488.9349999999995,1191.169,0,0,0,1733.228,0,1116.951,0,1506.218,0,0,1325.211,0,0,0,0,0,0,1366.3,0,2658.37,0,0,0,13926.22,0,0,0,0,1879.1342000000002,1621.319,0,3798.209,0,0,0,0,1719.3,0,0,100,100
No Match,None,unmatched,64999,6.0955,14.886,119.68,121.0322,,,,0,1681.458,0,0,0,0,0,0,0,0,0,0,0,0,0,0,0,0,0,0,0,0,1309.342,0,0,0,0,0,0,0,0,0,0,0,0,0,0,0,0,0,0,0,100,100
No Match,None,unmatched,80837,1.435,14.811,118.88,121.0384,,,,0,0,0,0,0,0,0,0,0,0,1535.101,0,0,0,0,0,0,0,0,0,0,0,0,0,0,0,0,0,0,0,0,0,0,0,0,0,0,0,0,0,0,0,100,100
No Match,None,unmatched,93915,1.341,14.433,115.77,122.0264,,,,0,594.3545,0,0,0,0,0,0,0,0,0,0,0,0,0,0,0,0,0,0,0,0,0,0,0,0,0,0,0,0,0,0,0,0,0,0,0,0,0,0,0,0,100,100
No Match,None,unmatched,80907,2.549,14.912,119.75,122.0333,,,,0,0,0,0,0,0,0,0,0,0,0,0,0,0,0,0,0,0,0,0,0,0,0,0,0,0,0,0,0,0,0,0,0,0,0,0,0,0,0,0,0,0,100,100
No Match,None,unmatched,32346,2.0540000000000003,15.436,123.78999999999999,122.03845,,,,847.8353000000001,0,0,0,0,0,734.4758,0,0,4979.228,1842.1580000000001,0,0,0,0,0,0,0,0,0,0,0,0,0,0,2842.99,0,0,0,0,0,0,1327.117,0,2803.6009999999997,0,3875.4757,0,2881.0618000000004,0,0,0,100,100
No Match,None,unmatched,71304,0.558,15.429,123.8,122.0621,,,,0,1080.191,0,0,0,0,0,0,0,0,0,0,0,0,0,0,0,0,0,0,0,0,0,0,0,0,1413.939,0,0,0,0,0,0,0,0,0,0,0,0,0,0,0,100,100
No Match,None,unmatched,23758,1.9376666666666662,15.916,126.97333333333331,122.09826666666667,,,,0,33192.406,0,0,0,0,0,0,0,0,11885.179,0,0,0,0,0,0,0,0,0,0,0,16221.107199999999,0,7266.104,0,23585.578,0,0,0,0,9756.204,0,0,0,0,0,0,0,0,0,0,100,100
No Match,None,unmatched,79229,1.8339999999999999,15.156,121.70333333333333,123.04469999999999,,,,1548.171,2893.5649999999996,3267.674,0,0,1228.6490000000001,685.9489,806.0856,0,0,0,0,0,0,0,0,0,0,0,0,0,0,1040.153,0,0,0,0,0,0,755.5626,0,0,0,0,0,0,0,0,0,0,0,0,100,100
No Match,None,unmatched,6466,1.2516,15.204,103.454,123.04498000000001,,,,342154.83,207738.29700000002,263201.938,346339.29600000003,7699.53,77477.659,325728.548,224619.09900000002,242363.20800000004,394938.299,312595.1401,144521.331,193970.581,181278.22600000002,158010.799,154643.86119999998,123150.39899999999,172227.799,0,2654.1589999999997,136284.799,301421.12299999996,99763.151,66952.999,42801.289000000004,299904.199,251145.8091,193520.799,48777.514,82746.7019,147989.499,22802.914,286791.318,225816.899,339469.299,109413.799,529385.068,74875.049,413321.53130000003,333988.987,71940.25499999999,193838.804,100,100
No Match,None,unmatched,93348,12.165142857142857,12.155,97.42571428571429,123.90195714285713,,,,3490.705,2225.6999,3727.3229999999994,6384.3323,1116.805,1799.762,8040.004799999999,0,842.0915,9426.6186,1004.231,2004.5910000000001,1841.3120000000001,0,0,0,0,1472.798,873.8322000000001,845.3791,0,0,0,4589.1261,6851.8341,0,0,944.4455,0,752.2179,3788.8985000000002,2403.459,1350.529,1985.9125000000001,0,0,0,2747.264,986.3857,0,1959.226,2728.1270000000004,100,100
No Match,None,unmatched,20378,12.393599999999998,12.148,97.397,123.90249666666666,,,,10806.484499999999,6254.0644999999995,18563.444600000003,8045.581499999999,6437.249599999999,3067.6106,52606.80989999999,92840.599,2812.26,55469.02019999999,8816.7773,9450.438,31694.801399999997,6381.196800000001,0,86348.186,204322.91200000004,24662.839999999997,2334.023,0,0,4860.2339999999995,0,21213.5035,40325.4779,0,1005.278,0,1334.239,806.2702,26914.972999999998,17229.08,8616.4631,9281.0332,0,6976.0939,0,8406.7096,3377.8192999999997,61825.197,27340.180999999997,8822.1575,100,100
No Match,None,unmatched,94123,14.792,12.153,97.435,123.9018,,,,630.4674,0,0,0,0,0,576.4527,0,0,747.7296,0,0,0,0,0,0,0,0,0,0,0,0,0,0,0,0,0,0,0,0,0,0,0,0,0,0,0,0,0,0,0,0,100,100
No Match,None,unmatched,95249,11.289,12.047,97.26750000000001,123.902325,,,,504.37800000000004,1466.323,1413.285,1991.0889000000002,929.8529,882.3931,3515.5265,7506.9,986.7848,8647.972,1520.5796,0,8742.145,1055.377,1044.705,0,23554.561999999998,5745.9945,0,0,0,0,0,1059.963,7041.599,0,0,0,0,977.0352,7841.7337,8342.827,974.3642,0,0,0,0,1443.7214,620.1053,0,12135.448,852.7307000000001,100,100
No Match,None,unmatched,27650,12.1049,12.16,97.50555555555556,123.90209999999999,,,,12220.191567269248,0,7839.079567269249,3877.4310000000005,4936.169,0,23060.924567269245,38139.90056726925,1682.8379,23297.46056726925,2456.801,0,19826.37756726925,1786.0040000000001,1036.78,22724.67756726925,18078.0452,21533.89,0,977.993,0,1643.161,0,8204.318000000001,11404.636567269252,0,0,0,954.0468000000001,0,15692.122,11588.164,940.1315000000001,3135.7477,2853.982,640.8935,0,2280.329,664.875,37954.584,24262.693999999996,3069.5730999999996,100,100
No Match,None,unmatched,82262,14.5,12.139,97.4,123.9035,,,,0,0,0,0,0,0,0,0,0,766.2962,0,0,0,0,0,0,0,0,0,0,0,0,0,648.7274,0,0,0,0,0,0,0,0,0,0,0,0,0,0,0,0,0,0,100,100
No Match,None,unmatched,47593,11.205,12.147,97.48,123.9041,,,,0,0,0,1201.901,0,0,0,0,0,1637.468,0,0,0,0,0,0,0,0,0,0,0,0,0,683.0282,1043.21,0,0,770.4680000000001,0,0,1262.435,0,0,0,0,0,0,1142.113,0,0,0,0,100,100
No Match,None,unmatched,77691,12.629,12.155,97.53,123.9045,,,,0,0,0,0,0,506.0443,0,0,0,0,0,0,0,0,0,0,0,0,0,0,0,0,0,0,0,0,0,0,0,0,0,0,0,0,0,0,0,513.0058,0,0,0,0,100,100
No Match,None,unmatched,29244,2.0376666666666665,15.257,122.26666666666667,124.0483,,,,0,0,0,0,0,0,0,0,0,0,0,0,0,0,0,0,0,0,0,0,0,0,0,0,0,0,0,0,0,0,0,0,0,0,0,0,0,0,0,0,0,0,100,100
No Match,None,unmatched,52712,0.75,14.702,117.755,125.02485,,,,0,10769.848,0,0,0,0,0,0,0,0,7784.736999999999,0,0,0,0,0,0,0,0,0,0,0,3790.14,0,1279.519,0,14874.878999999999,0,0,0,0,7797.554999999999,0,0,0,0,0,0,0,0,0,0,100,100
No Match,None,unmatched,93320,11.99,15.742,125.93,125.0611,,,,0,0,0,0,0,0,0,0,0,0,644.9806,0,0,0,0,0,0,0,0,0,0,0,0,0,0,0,0,0,0,0,0,0,0,0,0,0,0,0,0,0,0,0,100,100
No Match,None,unmatched,49954,12.474,12.138,97.26,125.8995,,,,0,0,705.6665,0,0,0,0,0,0,1268.4560000000001,1038.314,0,0,0,0,0,0,739.5212,0,0,810.0708000000001,0,0,0,0,0,0,0,993.6749,0,871.5283000000001,0,802.196,0,0,0,0,0,0,0,0,0,100,100
No Match,None,unmatched,79425,11.688176470588235,12.158,97.41470588235293,125.90026470588236,,,,3636.1014,0,0,2240.252,1219.049,959.9292,2200.9285,23246.902000000002,2338.8163000000004,4683.0206,6246.9328000000005,0,7798.5923,0,0,31577.210999999996,61535.094,13712.589399999999,563.6220000000001,0,0,0,0,5409.879,5115.2793,0,0,603.355,0,861.784,8125.240599999999,35635.1156,875.2931,1914.774,0,2447.4309999999996,0,3518.8208,0,78235.16200000001,26366.442999999996,0,100,100
No Match,None,unmatched,59667,14.533000000000001,12.168,97.725,125.90029999999999,,,,0,0,0,0,0,502.5158,1111.3600000000001,0,0,0,0,0,3173.846,0,0,0,0,835.5802,0,0,0,0,0,0,639.1739,0,0,0,0,0,0,0,0,0,0,0,0,0,0,0,0,0,100,100
No Match,None,unmatched,37863,12.2715,12.138,97.36500000000001,125.9001,,,,0,0,0,0,0,0,6242.972,8293.31,933.8868,0,1696.438,0,9894.283,0,0,7784.272,6855.353999999999,2404.676,0,0,0,0,0,0,0,0,0,0,0,0,0,8574.663,0,0,0,0,0,892.9242,0,32331.708,1960.101,0,100,100
No Match,None,unmatched,25598,11.923124999999999,12.156,97.405,125.90035,,,,2912.629,0,0,5258.1209,1307.93,0,0,0,698.5323000000001,6599.053,4102.3449,0,12626.097,0,0,0,25368.416,1035.914,936.7452000000001,0,0,0,0,1463.824,1505.557,0,0,0,0,1738.665,7043.7069,14800.7255,0,0,0,1674.63,0,3297.563,0,44447.38,1917.163,2510.373,100,100
No Match,None,unmatched,65966,13.46,12.149,97.49,125.9003,,,,0,0,0,0,0,0,0,0,0,0,0,0,3448.6204,0,0,6454.0419999999995,7957.108,3688.3329999999996,0,0,0,0,0,2649.368,0,0,0,0,0,0,0,4020.56,0,0,0,0,0,0,0,14311.359,0,0,100,100
No Match,None,unmatched,55458,13.236,12.147,97.395,125.9026,,,,0,0,0,698.3244,0,0,0,0,0,0,0,0,0,0,0,0,0,845.0226,0,0,0,0,0,0,0,0,0,0,0,0,0,4706.961,0,555.1762,0,0,0,0,763.0832,0,0,0,100,100
No Match,None,unmatched,94637,10.766,12.151,97.43,125.9033,,,,0,0,0,0,0,0,0,0,0,0,0,0,0,0,0,0,0,0,0,0,0,0,0,0,0,0,0,0,0,0,0,527.8233,0,0,0,0,0,0,0,0,0,0,100,100
No Match,None,unmatched,95530,3.904,15.614,124.98,126.036,,,,0,0,0,0,0,0,0,0,0,0,0,0,0,0,0,0,0,0,0,0,0,0,0,0,0,0,0,0,0,0,0,0,0,0,0,0,0,0,0,0,0,0,100,100
No Match,None,unmatched,22181,0.9415,16.396,130.77499999999998,126.09305,,,,0,18140.807999999997,0,0,0,0,0,0,0,0,6726.6825,0,0,0,0,0,0,0,0,0,0,0,19122.479,0,1490.305,0,16189.741999999998,0,0,0,0,5770.067,0,0,0,0,0,0,0,0,0,0,100,100
No Match,None,unmatched,67144,7.159472222222222,11.506,91.99972222222222,126.9047027777778,,,,286353.86199999996,309280.857,85227.20899999999,222437.575,135107.467,127345.28199999999,267584.96400000004,203311.071,168922.315,79713.20999999999,231945.575,105328.375,281864.93,365301.7569,155012.812,147774.376,130388.269,83999.785,192303.58,129749.725,81897.088,295754.56700000004,249062.585,105576.16900000001,201554.4,411336.845,365944.357,246820.72,297601.631,113952.456,173155.754,287146.527,221431.398,86098.265,194926.446,212525.88999999998,144606.785,212470.359,295061.516,280585.592,146058.803,147038.815,100,100
No Match,None,unmatched,28556,7.348999999999999,11.479,91.97333333333333,126.9048111111111,,,,10376.819,45065.588,0,19689.443,51467.55099999999,36282.918000000005,61610.28200000001,0,26974.968,12409.499,33444.889,24800.784999999996,9057.835,35924.368,31846.518,42676.697,21535.709,63994.12700000001,54697.719,18304.241,12180.759,21331.77,46711.15800000001,23613.87,34856.519,13401.609,116503.008,82342.927,38527.353,34586.932,75352.27500000001,84440.541,38400.358,0,16598.139,44842.428,0,34671.598,6471.562,14454.077,13118.449,30525.971999999998,100,100
No Match,None,unmatched,23518,7.244210526315789,11.49,97.90052631578946,126.90455789473687,,,,78861.085,44955.314999999995,45262.287000000004,10567.399,68112.353,81414.008,35071.729,79111.318,49350.038,33439.24,128671.20799999998,21908.211,68476.148,57722.077,29038.254,49284.003,18956.094699999998,30960.907,104163.65,22765.158,30865.786999999997,77668.97099999999,7185.137,16842.53,89807.324,27957.863999999998,39871.786,80690.779,66992.66900000001,12825.72,91984.831,145846.682,0,10929.839,15802.219,27192.55,7924.607,86506.316,25228.318,15026.128,2436.91,3156.029,100,100
No Match,None,unmatched,15495,12.283999999999999,11.485,91.80000000000001,126.9044,,,,0,0,0,0,11534.099,0,0,0,0,0,0,0,0,11042.064999999999,0,10345.929,0,0,11327.339,0,0,7388.094,0,0,0,24138.389000000003,12179.189,0,0,0,6640.36,0,1266.33,0,0,0,10596.849,0,0,0,0,11892.819,100,100
No Match,None,unmatched,9919,8.208173913043476,11.484,91.97130434782609,126.9047,,,,313685.77,168530.082,301906.21499999997,153234.343,253705.43099999998,245054.428,390441.24100000004,291387.573,174429.229,219472.82799999998,330469.384,124035.422,390754.77700000006,541121.7,374400.606,251806.834,426234.68700000003,261522.06200000003,313488.94100000005,389485.71400000004,401201.17500000005,388446.82999999996,195632.767,232703.84600000002,203275.559,259604.381,246985.557,312350.08599999995,620152.895,495447.01399999997,495275.8339999999,292916.676,367327.26200000005,296599.881,349201.644,456505.67,237003.555,431660.40100000007,370160.42299999995,317860.3840000001,467771.15400000004,487636.36,100,100
No Match,None,unmatched,17866,6.9719999999999995,11.489,91.905,126.905,,,,0,0,10758.722999999998,1335.0140000000001,5382.924,4321.981,0,17222.439,6678.485,1541.722,9883.1743,0,0,19699.729,20336.869,35435.566,39280.457,0,0,41468.8178,0,37017.387,12920.489,19719.684999999998,22709.35,26518.489,37523.448,0,40335.746999999996,6928.071,33931.814,18633.479,38817.45,21444.059,22075.429,33183.391,29078.761,37736.864,36713.665,3588.02,37802.029,6459.949,100,100
No Match,None,unmatched,36203,11.61075,11.46,117.9775,126.9051,,,,4226.224999999999,3184.625,0,1807.748,0,0,12174.385999999999,4797.298,0,0,2112.4809999999998,3859.062,8550.831,7328.384,9003.859999999999,4859.187,3082.4109999999996,0,17118.208,1485.404,4826.07,1037.704,0,2656.159,4387.019,9314.78,0,3501.3349999999996,13285.639,8749.688999999998,13394.677,19248.999,2596.473,6454.849999999999,0,3432.1630999999998,0,4230.816,6131.929,4613.861,8555.378,0,100,100
No Match,None,unmatched,45158,2.883,15.044,120.3,126.9959,,,,0,0,0,1587.493,0,0,0,0,0,0,0,0,0,1065.34,0,0,0,0,0,0,0,0,0,0,0,0,0,0,0,0,0,0,1507.513,0,0,0,2250.517,0,2977.0299999999997,0,0,0,100,100
No Match,None,unmatched,95451,11.172,12.17,97.44,127.8976,,,,0,0,0,0,0,0,0,0,0,0,0,0,0,0,0,0,0,0,0,0,0,0,0,0,0,0,0,0,0,0,0,0,0,0,0,0,0,0,0,0,0,0,100,100
No Match,None,unmatched,90753,12.845,12.163,97.39,127.8987,,,,0,0,0,0,0,0,0,0,0,0,0,0,0,0,0,0,0,0,0,0,0,0,0,0,0,0,0,0,0,0,0,0,0,0,0,0,0,0,0,821.2412,0,0,100,100
No Match,None,unmatched,46062,1.6208571428571426,15.78,125.71000000000001,130.0668142857143,,,,13336.859,4657.6086,10952.208999999999,30244.021,7936.888,0,24507.023999999998,30539.492299999998,15646.079,10914.260999999999,0,25907.014,15298.054,5868.848,3346.982,11098.645999999999,2812.482,7576.941,6668.204,8134.466799999998,2808.4539999999997,22923.879,2370.01,19992.634,0,3656.732,602.2701000000001,7814.516,6025.717,16279.792,0,9379.413,26495.288,7200.349,11912.328,0,17816.637199999997,5662.264999999999,17286.2,31142.599,8763.311,4332.971,100,100
No Match,None,unmatched,15779,2.337,15.715,125.36,130.0668,,,,6228.695,1198.368,6127.599,0,0,0,13569.039,17551.359,0,1264.898,0,0,0,0,0,0,0,0,0,0,0,13771.469,0,1583.376,0,11660.019,0,6305.295,0,0,0,0,1558.441,6042.8859999999995,0,0,9284.492,0,0,0,0,0,100,100
No Match,None,unmatched,93526,2.426,15.718,125.46,130.0682,,,,0,0,0,0,0,0,0,0,0,0,0,0,0,0,0,0,0,0,0,0,0,0,0,0,0,0,0,0,0,0,0,0,627.8483,0,0,0,0,0,0,0,0,0,100,100
No Match,None,unmatched,85032,0.504,6.413,51.59,130.0875,,,,0,0,0,0,0,0,0,0,0,0,0,0,0,0,0,0,0,0,0,0,0,0,0,0,0,0,1198.266,0,0,0,0,0,0,0,0,0,0,0,0,0,0,0,100,100
No Match,None,unmatched,71962,0.6955,16.466,131.235,130.0878,,,,632379.35,483714.599,491329.099,276524.299,474071.6148,290218.999,359988.89900000003,511681.599,552361.999,509002.799,449985.999,441420.199,472511.199,566954.799,232930.09900000002,305407.999,227949.19900000002,288421.199,483792.299,243514.69900000002,289027.799,469545.799,450276.599,420932.999,424911.699,387114.699,371762.599,500651.199,276486.39900000003,334878.999,189000.59900000002,509945.999,326558.299,393254.799,459267.599,458983.099,280972.599,426684.999,310762.39900000003,229711.499,331595.799,255012.299,100,100
No Match,None,unmatched,75299,1.6416666666666666,15.271,121.28999999999998,131.03768333333332,,,,33577.9204,13392.134,16593.6528,23982.897,41476.328,0,5159.5717,28344.744,10275.458999999999,37053.15900000001,36293.892400000004,6683.755,5588.1849999999995,8742.84,927.6664000000001,0,0,0,5125.501,0,0,14313.094000000001,17283.597,36694.789,17681.5,22521.954999999998,10601.982,42956.309,0,0,0,0,42037.456000000006,54587.33500000001,25842.989,2660.6409999999996,14052.734,0,40293.135,22102.819,0,0,100,100
No Match,None,unmatched,11567,2.4615,15.352,122.485,131.038,,,,5662.159,7654.497899999999,8389.74,6321.7699999999995,4314.178,0,0,7125.846,6297.937,7852.893,9303.417,8166.476,4866.57,6129.344999999999,0,0,0,0,5236.912,0,0,3838.131,3512.3729999999996,12117.197999999999,6548.014,6349.423,3733.459,6533.91,0,0,0,5683.891,7649.344,8616.673999999999,10631.719,0,5250.778,0,10419.939,11386.749,0,0,100,100
No Match,None,unmatched,47238,0.871,16.082,128.18,131.0716,,,,0,829.4891,0,0,0,1389.833,0,0,0,1354.99,0,0,0,0,0,0,0,0,2061.549,0,0,0,0,0,0,0,0,0,0,0,0,0,0,0,1353.32,1395.0430000000001,0,0,0,0,0,0,100,100
No Match,None,unmatched,69760,0.872,16.098,128.39,131.0734,,,,0,0,0,0,0,0,0,0,0,0,0,0,0,0,0,0,0,0,1286.651,0,0,0,0,1089.454,0,0,0,0,0,0,0,0,0,0,0,0,0,0,0,0,0,0,100,100
No Match,None,unmatched,33817,0.5486666666666666,16.36,130.66,131.09080000000003,,,,0,0,0,0,0,0,0,0,11208.579,0,0,0,0,0,0,0,0,5989.056,0,0,0,0,0,0,0,0,0,0,0,0,0,11740.989,8852.337,0,0,0,0,0,0,0,0,8142.62,100,100
No Match,None,unmatched,2761,2.4596666666666667,15.382,129.39333333333335,132.04593333333332,,,,95875.89199999999,108398.5928,102192.499,100683.89899999999,107682.286,0,48287.419,96649.939,80995.192,96864.65259999999,103106.45,68240.239,73965.22899999999,69594.199,0,0,0,0,74449.059,0,0,73749.719,65001.251000000004,119503.699,79768.11899999999,91590.73499999999,50888.119000000006,99213.279,0,0,0,103258.39899999999,97662.538,96146.28899999999,106890.372,0,84195.829,1224.251,116437.599,97093.9258,0,0,100,100
No Match,None,unmatched,18720,1.8625,15.442,123.315,132.04605,,,,17319.139,0,0,860.3537,0,0,2056.912,0,0,0,0,0,0,0,0,0,0,1130.616,715.1314,0,0,8231.247,6304.7029999999995,1292.398,0,0,0,0,0,0,0,10727.33,12721.359,0,0,0,1146.749,0,10929.179,0,1291.855,0,100,100
No Match,None,unmatched,31461,1.8086250000000001,16.037,128.6175,132.0460875,,,,34754.786,15449.699,43960.130999999994,40417.829,81734.158,0,1701.843,54052.3737,13875.256,66543.85800000001,68697.951,17346.9585,0,12151.542000000001,0,0,0,0,11656.446,0,0,12255.82,18309.228,58553.757000000005,7406.981899999999,25119.7851,14006.168000000001,48940.14500000001,0,2026.073,0,59142.7089,58418.6519,66591.17599999999,40368.452999999994,0,17182.6587,0,72474.88600000001,21846.9765,0,0,100,100
No Match,None,unmatched,78500,1.146,15.452,123.18,132.0491,,,,0,0,0,0,0,0,0,0,0,0,0,0,0,0,0,0,0,0,0,0,0,0,0,0,0,0,0,0,0,0,0,0,1340.698,0,0,0,0,0,0,0,0,0,100,100
No Match,None,unmatched,75427,2.448,15.424,122.83,133.0496,,,,0,0,0,0,0,0,0,0,0,0,0,0,0,0,0,0,0,0,0,0,0,0,0,0,0,0,0,0,0,0,0,0,0,0,0,0,0,0,0,0,0,0,100,100
No Match,None,unmatched,92102,10.2415,16.103,127.955,133.06555,,,,0,2580.75,0,0,0,0,0,0,0,0,2995.328,0,0,0,0,0,0,0,0,0,0,0,4658.4039999999995,0,0,0,4400.4139,0,0,0,0,0,0,0,0,0,0,0,0,0,0,0,100,100
No Match,None,unmatched,81563,1.529,15.219,121.02,134.0244,,,,0,0,0,0,0,0,0,0,0,0,1473.042,0,0,0,0,0,0,0,0,0,0,0,0,0,0,0,0,0,0,0,0,0,0,0,0,0,0,0,0,0,0,0,100,100
No Match,None,unmatched,88512,3.01675,15.043,120.4675,134.04667500000002,,,,1757.603,0,8263.845,6780.255,0,0,0,0,12422.229,0,0,2658.457,10292.859,3937.962,904.1861,0,0,0,2859.583,0,687.9363000000001,9433.658,0,3272.281,0,0,0,0,0,0,0,0,0,0,5383.222,628.3812,18749.602199999998,2599.8999999999996,14461.919,3617.7875000000004,1366.267,0,100,100
No Match,None,unmatched,41024,1.7029999999999998,15.167,120.695,134.04694999999998,,,,0,0,0,0,0,0,0,0,0,1155.715,0,0,0,0,0,0,0,0,0,0,0,0,1966.401,0,1291.616,0,0,4788.607,0,0,0,0,0,3047.761,0,2763.3826999999997,0,0,0,0,0,0,100,100
No Match,None,unmatched,93982,5.208,15.161,120.72,134.0479,,,,0,0,0,0,0,0,0,0,0,0,0,0,0,0,0,0,0,0,0,0,0,0,0,0,0,0,0,0,0,0,0,0,0,0,0,0,587.3235,0,0,0,0,0,100,100
No Match,None,unmatched,93061,12.767,15.194,120.98,134.0483,,,,0,0,0,0,0,0,0,0,0,0,0,0,0,0,0,0,0,0,0,0,0,0,0,0,0,0,0,0,0,0,0,0,0,0,0,665.4772,0,0,0,0,0,0,100,100
No Match,None,unmatched,29685,2.7989999999999995,15.731,125.47666666666667,134.06166666666667,,,,0,13074.399,0,0,0,0,0,0,0,0,3117.92,914.5267,0,0,693.6842,0,0,0,0,0,0,0,1405.411,0,0,0,16077.177,0,0,0,0,0,0,0,0,639.6201,0,0,0,0,0,0,100,100
No Match,None,unmatched,76504,1.067,4.653,37.38,134.0611,,,,0,1930.693,0,0,0,0,0,0,0,0,0,0,0,0,0,0,0,0,0,0,0,0,0,0,0,0,0,0,0,0,0,0,0,0,0,0,0,0,0,0,0,0,100,100
No Match,None,unmatched,94378,5.821,13.79,109.8,134.8937,,,,0,0,0,0,0,0,0,0,0,0,0,0,0,0,0,0,0,0,0,0,0,0,0,0,0,0,551.839,0,0,0,0,0,0,0,0,0,0,0,0,0,0,0,100,100
No Match,None,unmatched,59721,2.8685263157894734,13.821,110.01315789473684,134.8950315789474,,,,1680.365,3142.6,3761.7740000000003,2954.6459999999997,2585.9289,934.0445,5750.9169999999995,30634.399,0,5248.142,0,2679.9646000000002,0,8887.3227,41365.4154,13382.162999999999,29259.469,7862.933,22554.0343,30624.2214,24197.595999999998,9722.219000000001,36831.708699999996,24557.477,16731.3763,25008.648299999997,48820.8127,26792.2015,38061.7778,32041.6242,16316.550899999998,12957.1034,14907.3412,23411.115899999997,38017.0893,27367.9891,28397.8736,27591.034,37442.8916,9794.5933,17762.645,20838.612,100,100
No Match,None,unmatched,78891,7.837,13.831,110.13,134.8941,,,,0,0,0,0,0,0,0,0,0,0,0,0,0,0,0,0,0,0,629.4519,0,631.2959000000001,0,0,0,0,0,0,0,0,0,0,0,0,0,0,0,0,0,0,0,0,0,100,100
No Match,None,unmatched,78293,5.422,13.796,110.055,134.8943,,,,0,0,729.7191,0,0,0,0,0,0,0,0,0,0,0,0,0,655.4521,0,1002.501,0,747.7396,686.7304,0,0,0,1117.24,917.0303,0,0,0,0,0,0,0,0,0,0,0,0,0,0,0,100,100
No Match,None,unmatched,70101,2.73025,13.828,110.02291666666667,134.89542500000002,,,,0,981.3648000000001,0,1596.864,2905.2268999999997,3685.1314999999995,3476.9941,0,4810.0041,557.1933,1825.719,4725.231599999999,0,2032.52,28614.9272,1621.5620000000001,2655.6233,5687.568299999999,29622.153599999998,27172.2271,23271.5992,17949.399999999998,30278.659999999996,24778.514000000003,23331.4084,19720.1054,31111.7502,19542.8272,10045.545699999999,21874.995000000003,18354.764600000002,11942.9411,11048.0478,5520.6991,34914.0828,24428.093699999998,31168.1573,29027.7182,8514.7756,2524.5319999999997,15112.306,29965.6337,100,100
No Match,None,unmatched,32119,4.6482,13.825,109.97800000000002,134.89584,,,,0,0,1161.2160000000001,0,0,755.4515,0,0,0,0,0,0,628.9178,0,1698.4562,4572.8874,1859.2947,830.2579000000001,5867.376499999999,5133.099,4514.118,2956.7010999999998,5968.95,3323.148,1843.219,3978.116,3422.7689999999993,3357.565,1877.171,3340.964,0,2265.4289999999996,3541.452,2067.066,4524.3369999999995,3161.2999999999997,2562.103,2993.2553999999996,1169.125,2175.1753,3815.5,0,100,100
No Match,None,unmatched,35724,2.2732,13.829,109.96200000000002,134.8957,,,,0,0,0,0,0,0,0,0,0,0,0,0,0,0,1160.821,5485.887,0,9077.77,6691.0931,5088.478999999999,3563.739,10521.55,6949.327099999999,0,4041.0535,5736.476,8005.266,2834.323,7978.286999999999,2367.377,1653.772,0,10653.555100000001,3671.062,4484.1415,10938.4206,14963.071,8724.238299999999,4495.528,0,4400.755,4458.5599999999995,100,100
No Match,None,unmatched,45477,4.059,13.821,110.05,134.8965,,,,0,0,0,0,0,0,0,0,0,0,0,0,0,0,802.3346,0,0,0,0,0,0,0,1568.996,587.1693,898.4502,0,0,0,1318.665,0,0,0,737.7861,0,0,1170.362,706.5931,0,0,1088.851,0,0,100,100
No Match,None,unmatched,42519,1.32,13.836,110.13,134.8971,,,,0,729.7341,0,0,0,0,658.5259,510.1163,0,0,0,0,0,0,0,0,1432.692,0,0,750.9685000000001,0,527.466,0,0,0,0,0,1380.949,1439.566,0,0,0,1022.9300000000001,0,998.5834,0,0,0,0,0,0,1015.8100000000001,100,100
No Match,None,unmatched,67444,5.768,13.822,110.06,134.8972,,,,0,0,0,0,0,0,0,0,0,0,0,0,0,0,0,515.4491,0,0,0,0,627.9005000000001,0,0,0,0,0,0,0,0,0,0,0,0,0,0,0,0,0,0,0,579.2212000000001,520.784,100,100
No Match,None,unmatched,84462,0.814,13.779,109.56,134.9012,,,,0,0,0,0,1239.308,0,0,0,0,0,0,0,0,0,0,0,0,0,0,0,0,0,0,0,0,0,0,0,0,0,0,0,0,0,0,0,0,0,0,0,0,0,100,100
No Match,None,unmatched,34241,3.048,15.787,125.53333333333335,135.04616666666666,,,,1385.945,925.0493,702.9418000000001,0,0,0,0,1216.364,0,621.716,3120.5060000000003,1635.0103,0,0,0,611.4535000000001,0,1320.936,828.9408,0,0,1165.337,2720.1374,883.5373000000001,1819.1884,3412.2219999999998,573.7384000000001,1866.147,0,1610.334,0,979.0697,0,666.8897000000001,1243.949,644.4393,0,2104.0198,0,2204.6719999999996,1529.821,0,100,100
No Match,None,unmatched,72279,8.753,15.828,125.81,135.0458,,,,0,775.6666,0,0,0,0,0,0,0,0,869.7876,0,0,0,0,0,0,0,0,0,0,0,0,0,0,0,733.8235,0,0,0,0,0,0,0,0,0,0,0,0,0,0,0,100,100
No Match,None,unmatched,92615,5.101,15.748,125.46000000000001,135.0459,,,,0,0,1724.465,0,0,936.6842,2464.336,0,0,0,5405.449,0,1312.65,0,0,4718.822,5056.362,0,0,1348.597,0,1197.739,2372.8909999999996,1646.271,0,2302.468,2059.5589999999997,0,0,3145.5657,0,0,2110.529,0,1287.0910000000001,1916.688,0,0,0,1640.6970000000001,1502.213,3313.386,100,100
No Match,None,unmatched,9147,3.99,16.3,129.59,135.0823,,,,22309.509,0,21040.499,14449.839,0,0,15455.639,16124.759,14673.319,0,0,13354.999,10113.829,13565.579,1512.292,0,2923.95,1725.9080000000001,0,0,751.0401,0,0,0,0,0,0,663.2979,2125.274,6447.879,0,0,23565.479,1070.659,0,1075.5040000000001,25971.409,3724.4019999999996,29741.899,35498.709,1170.6290000000001,8400.096,100,100
No Match,None,unmatched,41948,1.598,15.66,123.41,136.04104999999998,,,,0,0,0,0,0,0,0,0,0,0,0,0,0,0,0,0,0,0,0,0,0,0,0,0,0,0,1464.2918,0,0,0,0,9954.306,0,0,0,0,0,0,0,0,0,0,100,100
No Match,None,unmatched,94433,1.422,13.831,109.99,136.8908,,,,0,0,0,0,0,0,0,0,0,0,0,0,0,0,0,0,0,0,0,0,0,0,0,0,0,0,0,0,0,0,0,0,0,0,0,0,0,0,0,547.5607,0,0,100,100
No Match,None,unmatched,83412,0.911,13.835,110.02,136.8945,,,,0,0,0,0,0,0,0,0,0,0,0,0,0,0,1322.051,0,0,0,0,0,0,0,0,0,0,0,0,0,0,0,0,0,0,0,0,0,0,0,0,0,0,0,100,100
No Match,None,unmatched,77893,12.1515,15.4,122.92500000000001,136.93718333333337,,,,2538.2808999999997,0,956.1329000000001,0,2086.7379,1413.73,9521.207199999999,0,2715.322,0,0,1271.473,3121.9404000000004,1963.1182,617.9129,777.2434000000001,3441.6349999999998,0,0,1753.8164000000002,1125.421,631.2312000000001,0,0,0,0,0,2901.364,833.5,0,0,771.8277,3234.4966,3567.7286,0,0,843.0248,0,865.3632,0,1199.7,1052.1970000000001,100,100
No Match,None,unmatched,67171,1.98,15.204,120.83,137.0237,,,,0,0,0,0,0,0,0,0,0,0,0,0,0,0,0,0,0,0,0,0,0,0,1821.238,0,0,0,1223.729,0,0,0,0,0,0,0,0,0,0,0,0,0,0,0,100,100
No Match,None,unmatched,76351,2.024,15.188,120.71,137.0263,,,,0,0,0,0,0,0,0,0,0,0,0,0,0,0,0,0,0,0,0,0,0,0,0,0,0,0,1946.523,0,0,0,0,0,0,0,0,0,0,0,0,0,0,0,100,100
No Match,None,unmatched,81264,15.086500000000001,16.223,128.71,137.06074999999998,,,,1470.691,8040.648499999999,6658.553,0,0,1185.792,0,3239.9759999999997,0,0,1062.6490000000001,0,0,0,6612.454,4403.148999999999,6007.433,0,0,0,0,0,0,0,16679.579,5922.766299999999,6388.009,0,0,0,881.1814,12314.439,0,0,0,3020.162,0,2599.209,0,0,0,0,100,100
No Match,None,unmatched,92302,11.161,15.372,121.92,138.0167,,,,0,0,0,0,0,0,0,0,0,0,720.9347,0,0,0,0,0,0,0,0,0,0,0,0,0,0,0,0,0,0,0,0,0,0,0,0,0,0,0,0,0,0,0,100,100
No Match,None,unmatched,58481,10.299904761904763,15.255,120.58380952380953,138.01972380952384,,,,2784.853,1000.376,11223.599900000001,2389.6147,7069.1293,10759.175299999999,5121.9529999999995,7885.297800000001,3599.212,4756.264,7533.449699999999,10181.8954,9448.590400000001,8121.2178,883.8307,2862.6465,1914.8799,4079.9049,0,8009.0046999999995,8255.5379,4768.8683,5107.364100000001,5320.409,3792.7021999999997,3213.8827,4668.0948,4315.5365,4365.097,8280.705,5127.924,8552.852400000002,1402.382,8263.4822,6142.5737,4443.2053000000005,3516.7778,5441.2726999999995,1850.608,4651.215,8212.6842,4022.2202,100,100
No Match,None,unmatched,41755,9.028076923076926,15.218,120.54384615384612,138.0194846153846,,,,10398.562999999998,864.244,11047.6339,12576.9798,14751.296,8848.2608,20063.4226,15110.6107,21534.065000000002,14680.458599999998,16149.7999,21565.197399999997,12395.5095,22735.806299999997,19588.923099999996,24438.2597,16570.741199999997,15411.2492,12548.816699999998,16608.3227,10041.352,10392.895,7380.2568,15849.849,9776.0543,6365.0656,12480.867999999999,16110.3972,13751.302199999998,19359.8418,12194.6921,13856.1417,17009.605799999998,8930.4866,11720.6361,9378.551699999998,13814.964,10352.832999999999,13236.217,15685.898299999999,27476.7518,13709.613299999999,100,100
No Match,None,unmatched,63398,6.881,15.205,120.71,138.0188,,,,0,0,0,1338.417,0,0,0,0,0,0,0,0,0,0,0,0,0,0,0,0,0,0,0,0,1175.253,0,0,0,0,0,0,0,0,1139.523,0,0,0,0,0,0,0,0,100,100
No Match,None,unmatched,36545,8.328,15.18,120.4725,138.0191,,,,0,599.0879,3422.5308000000005,3450.4921,1746.3508000000002,4312.7169,1198.6204,846.2781,733.4085,1637.516,1841.5842,2881.6697000000004,761.6609,660.5366,789.729,2474.1651,3249.9019999999996,2256.7164000000002,0,0,2042.7676999999999,0,4417.273,1402.8346999999999,2690.1029999999996,1974.8167,2216.619,3007.246,668.3122000000001,0,0,4522.59,0,4193.9747,561.2156,1269.4502,3992.6037,1925.4457000000002,1457.463,851.1177,1183.058,0,100,100
No Match,None,unmatched,95972,9.781333333333334,3.41,89.54333333333334,138.0196,,,,0,0,1257.999,0,1262.756,1257.1870000000001,0,0,0,0,1079.388,0,1101.011,1179.857,1191.181,0,0,0,0,1155.425,1077.6770000000001,0,0,1525.397,0,0,740.1175000000001,1148.741,1085.593,0,903.3802000000001,1877.472,0,2358.9771,1944.071,703.3234,2194.1673,1328.234,1952.4211,1056.273,1503.5758,0,100,100
No Match,None,unmatched,30132,1.8686666666666667,16.033,126.98000000000002,138.05645,,,,912.0904,3363.013,2603.5371,1302.869,594.6792,2056.8050000000003,5802.7080000000005,9109.861,5351.3561,1174.586,4680.192999999999,14876.901699999997,0,0,0,0,1678.32,1338.347,10480.614699999998,920.2329,0,2757.4012000000002,7327.7802,946.2049000000001,1080.2939000000001,1463.8219000000001,6142.9878,3837.0388,0,1106.486,0,0,8010.554399999999,1617.7249000000002,3938.711,3603.1027000000004,15099.944,992.4598,1394.1428,0,1830.739,962.2378,100,100
No Match,None,unmatched,84196,5.219,16.042,127.21,138.0566,,,,0,0,0,1259.289,0,0,0,0,0,0,0,0,0,0,0,0,0,0,0,0,0,0,0,0,0,0,0,0,0,0,0,0,0,0,0,0,0,0,0,0,0,0,100,100
No Match,None,unmatched,13940,2.0026666666666664,16.688,132.67333333333332,138.09276666666665,,,,0,59068.362,0,0,0,0,0,0,0,0,15340.368,0,0,0,0,0,0,0,0,0,0,0,25278.977,0,0,0,36877.341,0,0,0,0,0,0,0,0,0,0,0,0,0,0,0,100,100
No Match,None,unmatched,73498,0.785,15.615,123.82,139.0408,,,,0,0,0,552.2007,0,0,0,0,702.3048,0,0,0,0,0,0,0,0,0,0,0,0,0,0,987.7482,0,0,0,0,0,0,0,0,0,0,0,0,0,0,0,0,0,0,100,100
No Match,None,unmatched,22001,1.3535,17.004,134.865,139.0761,,,,0,839.4781,0,3336.6929999999998,1323.676,0,1177.949,0,0,0,0,0,0,0,0,0,0,0,1100.907,6643.724700000001,1220.161,0,1368.251,0,1552.459,0,1542.787,13000.454,0,0,23283.662,752.5593,5478.665,0,0,0,0,1073.768,0,0,0,1064.828,100,100
No Match,None,unmatched,84169,2.099,16.491,130.83,139.0778,,,,0,0,0,0,0,0,0,0,0,0,0,0,0,0,0,0,0,0,0,0,0,0,1260.986,0,0,0,0,0,0,0,0,0,0,0,0,0,0,0,0,0,0,0,100,100
No Match,None,unmatched,90809,1.294,16.945,134.42,139.0786,,,,0,0,0,0,0,0,0,0,0,0,0,0,0,0,0,0,0,0,0,817.4213,0,0,0,0,0,0,0,0,0,0,0,0,0,0,0,0,0,0,0,0,0,0,100,100
No Match,None,unmatched,32282,0.665,16.279,129.01,140.0715,,,,0,16346.439,0,0,0,0,0,0,0,0,0,0,0,0,0,0,0,0,0,0,0,0,0,0,0,0,3509.5319999999997,0,0,0,0,0,0,0,0,0,0,0,0,0,0,0,100,100
No Match,None,unmatched,33232,1.962,17.252,136.475,140.10835,,,,0,83700.92,0,0,0,0,0,0,0,0,54977.318,0,0,0,0,0,0,0,0,0,0,0,59256.148,0,12062.0974,0,108410.79000000001,0,0,0,0,31725.846,0,0,0,0,0,0,0,0,0,0,100,100
No Match,None,unmatched,86559,10.96,1.667,13.69,141.0124,,,,0,0,0,0,0,0,0,0,0,0,0,0,1088.901,0,0,0,0,0,0,0,0,0,0,0,0,0,0,0,0,0,0,0,0,0,0,0,0,0,0,0,0,0,100,100
No Match,None,unmatched,95220,9.727,10.487,83.2,141.0126,,,,0,0,0,0,0,0,0,0,0,0,0,0,0,0,0,0,0,0,0,0,0,0,0,0,0,0,0,0,0,0,0,0,0,0,0,0,0,0,0,0,0,0,100,100
No Match,None,unmatched,95136,11.749,0.134,1.6,141.0127,,,,0,0,0,0,0,0,0,0,0,0,0,0,0,0,0,0,0,0,0,0,0,0,0,0,0,0,0,0,0,0,0,0,0,0,0,0,0,0,0,0,0,0,100,100
No Match,None,unmatched,95830,9.5775,5.903,125.1925,141.0129,,,,609.3188,0,0,0,0,0,0,0,0,0,0,0,0,0,0,0,0,0,0,0,0,0,0,0,0,0,0,0,0,0,0,0,0,511.16700000000003,0,0,0,0,0,0,0,0,100,100
No Match,None,unmatched,92966,10.8385,7.804,117.06,141.013,,,,0,0,0,0,0,0,0,0,0,0,0,0,0,0,0,0,0,0,0,0,0,0,0,0,0,0,0,0,0,0,0,0,0,0,0,0,0,674.4197,0,0,0,0,100,100
No Match,None,unmatched,91343,9.726428571428572,6.054,102.06714285714285,141.0135,,,,0,801.2051,968.9501,0,740.2953,842.0502,0,785.3908,0,800.6206,0,0,672.0355000000001,1060.035,900.9184,0,0,0,0,0,503.9024,0,0,0,0,0,927.0715,0,853.8331000000001,0,0,0,0,1003.306,907.2356,714.7077,870.0902,0,0,0,786.1059,582.6425,100,100
No Match,None,unmatched,94468,7.6930000000000005,5.319,85.50666666666666,141.0137,,,,0,1277.259,0,0,0,0,0,0,544.3769,0,0,0,0,0,0,0,0,0,0,0,0,0,0,0,0,0,0,626.9875000000001,0,0,0,0,0,0,0,0,0,0,0,0,0,0,100,100
No Match,None,unmatched,82749,9.737333333333334,38.168,109.02,141.014,,,,0,0,0,0,0,1221.252,1268.9868999999999,0,0,0,579.3009000000001,0,0,1409.121,694.5133000000001,0,642.3707,759.3633,0,913.1432,0,0,0,0,0,1277.492,0,1754.608411187286,1062.31,1441.920111187286,0,0,0,0,2467.1754,0,0,1051.355,0,0,0,0,100,100
No Match,None,unmatched,54817,9.4909,15.575,134.96117647058824,141.01475999999997,,,,0,3578.5106000000005,1873.6453000000001,725.849,0,2249.9022,505.8077,1883.0917,951.1626,511.3589,4939.673667,669.8343,767.8293,3059.570045870735,648.6424459,3303.010267,829.6699,2089.4296,0,2788.3801,2608.3869999999997,4373.937599999999,4568.779100000001,1807.8235,2950.830745870735,1877.8602,3818.9963458707352,4057.6985999999997,651.9596,1304.9708,4107.221799999999,2491.098745870735,503.1711,1497.2665000000002,1920.1529921932051,1877.9322000000002,2243.7506000000003,1564.3476458707348,5417.992,793.0381,954.3839,0,100,100
No Match,None,unmatched,63135,9.537666666666667,36.108,119.83666666666664,141.0144,,,,0,662.8453000000001,0,0,719.9637,0,0,0,0,577.6784,0,0,0,0,588.2436,0,0,0,534.2185000000001,584.4812000000001,0,0,0,704.153,0,0,1261.835,0,0,0,0,0,576.0964,0,1589.6125000000002,677.8261,0,747.3186000000001,711.5233000000001,0,0,0,100,100
No Match,None,unmatched,41873,8.464714285714285,30.562,99.82428571428571,141.0145,,,,0,1510.415,0,1442.742,825.4327000000001,697.8366,0,0,0,0,2654.047,2236.2569,0,0,1809.0011,0,0,0,839.2084,804.1737,0,0,767.3266,0,0,0,1145.579,0,0,920.2187,1196.5910000000001,887.5443,0,2752.9374,1621.8094,0,0,0,0,676.0895,1258.823,0,100,100
No Match,None,unmatched,74050,8.897888888888888,11.658,103.82444444444444,141.0147,,,,0,795.5511,2170.093,0,0,0,0,0,0,0,0,0,0,629.4961000000001,906.6031,0,999.4688,0,0,837.7596,0,0,0,1052.073,705.7025,0,1790.5416,0,0,1826.1381000000001,0,687.2644,0,0,792.2212000000001,2464.1826,0,1082.384,896.7726,0,0,0,100,100
No Match,None,unmatched,82395,8.869692307692308,28.687,97.83749999999999,141.01490000000007,,,,0,1019.857,0,813.0757,538.2803,0,0,762.4707000000001,0,1095.6118999999999,0,1775.9018999999998,669.6196,0,1136.999,1701.801,710.4739000000001,0,558.3129,0,1068.234,0,972.4757000000001,0,1203.384,0,525.1481,911.183,1105.741,0,3113.969,1015.903,0,0,3215.9025,689.5142000000001,1559.0423,1852.272,0,0,0,0,100,100
No Match,None,unmatched,78975,9.659749999999999,5.632,91.12,141.015,,,,848.6939,0,993.7094000000001,1043.003,952.9482,0,849.9778,0,0,0,0,1119.817,0,0,615.0702,1835.7744,0,1005.89,0,0,0,0,0,0,1086.363,0,0,0,581.8207,762.3912,0,0,0,0,0,0,934.9349,0,0,0,0,635.9705,100,100
No Match,None,unmatched,34790,10.220777777777776,5.743,100.41375000000001,141.0153,,,,3046.809,2889.122,1754.328,0,1697.0624,1179.924,1242.039,1865.967,0,505.89000000000004,2303.7349999999997,673.0218,1879.8371,1125.3173000000002,0,1657.1635,0,4963.040300000001,1591.465,2629.0380000000005,1636.098,3195.5831,0,1577.278,1140.277,2033.2161,1753.218,1643.2632,0,8571.3558,3583.547912807111,0,0,3897.208,928.0218,574.3827,1779.9669,6403.8584,0,1287.8574,954.5602,3267.066,100,100
No Match,None,unmatched,60674,9.973,5.466,117.42875000000001,141.0159,,,,3728.205,0,1416.0810000000001,0,1518.5447000000001,3972.047858429538,0,0,0,3590.133,897.9403,878.6501000000001,3982.152,2557.3230000000003,1526.958,1668.0479,0,0,0,1859.1919000000003,934.4818584295376,0,759.2889,2104.8112,2680.4844000000003,1994.3051,2258.1044,0,0,0,697.4258584295376,0,0,772.916,856.1131,633.8366,0,1484.833,1204.696,2557.2769999999996,0,0,100,100
No Match,None,unmatched,50528,9.082125000000001,33.889,130.09866666666667,141.0163,,,,1514.2532924070103,2323.6638000000003,4647.842,2632.064,2498.0176,3329.5898999999995,5455.8917,8215.5496,2181.0421924070106,2779.6279999999997,3595.0055,1858.5593,5238.792100000001,6882.821599999999,1856.079,1387.829,549.746,0,2376.5290999999997,0,1806.063,1786.307,2133.6972,3699.9645,6986.2429,2646.5597,0,4819.243399999999,4755.8678,3171.4429999999998,0,3336.6678,2102.3088,3601.1385,2265.5370000000003,1229.5720000000001,562.9651924070101,1049.944,0,0,4443.7178,1407.862,100,100
No Match,None,unmatched,71792,9.8028,10.171,123.63750000000002,141.0196,,,,1831.167,1090.3020000000001,0,0,709.7639,1000.496,0,0,0,0,0,767.0129000000001,0,0,0,0,0,0,857.2893,0,750.0701,1616.7063,0,0,0,1494.819,1057.662,0,0,1384.2676000000001,0,0,0,0,733.0420544204949,1346.358,0,1059.93,0,817.6917,0,0,100,100
No Match,None,unmatched,62155,11.001499999999998,13.747,114.49833333333333,141.0199,,,,0,0,0,0,778.5827,539.1966,0,555.5932,0,0,0,0,1427.5473000000002,0,0,0,1438.72,968.8818,1096.0407,0,914.4062,958.1043000000001,926.6313,0,0,0,2638.767,0,0,2036.4572000000003,638.5576,880.0213,678.7895,572.7213,0,0,0,642.6502,546.1957,615.8017,0,740.7656000000001,100,100
No Match,None,unmatched,63562,9.5225,33.717,100.48250000000002,141.0206,,,,0,0,0,0,0,0,0,0,0,0,0,0,0,0,0,0,890.7512,0,0,0,0,0,0,0,0,0,0,0,0,1368.688,0,0,0,1174.0140000000001,0,0,903.1701,0,0,0,798.2845,657.8635,100,100
No Match,None,unmatched,83084,5.0155,4.367,42.16,141.0207,,,,0,0,0,0,0,0,0,0,0,0,0,0,0,0,0,0,0,0,510.6261,0,0,0,0,0,0,0,0,0,0,0,0,0,0,0,0,0,0,0,1351.006,0,0,0,100,100
No Match,None,unmatched,93937,10.0845,4.181,83.06,141.0211,,,,0,0,0,0,0,0,0,0,0,0,0,0,0,0,0,0,0,823.4286000000001,1724.278,0,0,0,0,0,0,0,0,0,0,0,1203.464,0,777.7031000000001,0,0,0,0,0,0,0,592.3688000000001,0,100,100
No Match,None,unmatched,96088,10.367666666666667,7.241,76.40333333333334,141.0218,,,,0,579.8838000000001,0,575.8859,0,0,0,0,0,0,0,822.2498,0,0,0,0,0,0,553.4443,0,0,0,0,0,0,0,0,0,0,0,0,0,0,0,0,0,0,0,0,0,0,682.4314,100,100
No Match,None,unmatched,96137,11.002,9.752,77.41,141.0219,,,,0,0,0,0,0,0,0,0,0,0,0,0,0,0,0,0,0,0,0,0,0,0,0,0,0,0,0,0,0,0,0,0,0,0,0,0,0,0,0,0,0,0,100,100
No Match,None,unmatched,94140,8.9765,8.163,51.595,141.0221,,,,0,0,0,0,0,0,0,0,0,0,0,0,0,0,0,0,0,0,0,0,0,0,0,0,0,0,0,0,0,0,0,0,0,761.2691,0,0,0,0,0,0,0,574.4802,100,100
No Match,None,unmatched,94630,10.084,12.899,102.37,141.0229,,,,0,0,0,0,0,0,0,0,0,0,0,0,0,0,0,0,0,0,0,0,0,0,0,0,0,0,0,0,0,0,0,0,0,528.2952,0,0,0,0,0,0,0,0,100,100
No Match,None,unmatched,93059,12.297,10.752,85.44,141.023,,,,0,0,0,0,0,0,0,0,0,0,0,0,0,0,0,0,665.5553,0,0,0,0,0,0,0,0,0,0,0,0,0,0,0,0,0,0,0,0,0,0,0,0,0,100,100
No Match,None,unmatched,93483,9.2,7.488,59.57,141.0231,,,,0,0,631.0640000000001,0,0,0,0,0,0,0,0,0,0,0,0,0,0,0,0,0,0,0,0,0,0,0,0,0,0,0,0,0,0,0,0,0,0,0,0,0,0,0,100,100
No Match,None,unmatched,91342,11.669,7.906,62.86,141.0253,,,,0,0,785.3941,0,0,0,0,0,0,0,0,0,0,0,0,0,0,0,0,0,0,0,0,0,0,0,0,0,0,0,0,0,0,0,0,0,0,0,0,0,0,0,100,100
No Match,None,unmatched,89248,8.135,10.895,86.57,141.0256,,,,0,0,0,0,0,0,0,0,0,0,0,0,0,0,0,0,0,0,0,0,0,0,0,0,0,0,0,914.8620000000001,0,0,0,0,0,0,0,0,0,0,0,0,0,0,100,100
No Match,None,unmatched,80895,8.748,6.943,55.27,141.026,,,,0,0,0,0,1529.925,0,0,0,0,0,0,0,0,0,0,0,0,0,0,0,0,0,0,0,0,0,0,0,0,0,0,0,0,0,0,0,0,0,0,0,0,0,100,100
No Match,None,unmatched,93700,8.051,8.314,66.22,141.0264,,,,0,0,0,0,0,0,0,0,0,0,0,0,0,0,0,0,0,0,0,0,0,0,0,0,0,0,0,0,0,0,0,0,0,0,0,0,0,613.8947000000001,0,0,0,0,100,100
No Match,None,unmatched,90283,10.409,4.793,38.46,141.0266,,,,0,0,0,0,0,0,0,0,0,0,0,0,0,0,0,0,0,0,0,0,0,0,0,0,0,0,0,0,0,0,0,0,0,0,0,847.8619,0,0,0,0,0,0,100,100
No Match,None,unmatched,88715,8.566,7.051,56.26,141.028,,,,0,0,0,0,0,0,0,0,0,0,0,0,0,0,0,947.9512,0,0,0,0,0,0,0,0,0,0,0,0,0,0,0,0,0,0,0,0,0,0,0,0,0,0,100,100
No Match,None,unmatched,90614,9.894,14.79,117.28,141.0298,,,,0,0,0,0,0,0,0,0,0,0,0,0,0,0,0,0,0,829.3394000000001,0,0,0,0,0,0,0,0,0,0,0,0,0,0,0,0,0,0,0,0,0,0,0,0,100,100
No Match,None,unmatched,94455,13.567,16.109,127.67,141.0715,,,,0,0,0,0,0,0,0,0,0,0,0,0,0,0,0,0,0,0,0,0,0,0,0,0,0,0,0,0,0,0,545.2710000000001,0,0,0,0,0,0,0,0,0,0,0,100,100
No Match,None,unmatched,76622,5.663,17.229,136.34,141.0917,,,,0,1919.393,0,0,0,0,0,0,0,0,0,0,0,0,0,0,0,0,0,0,0,0,0,0,0,0,0,0,0,0,0,0,0,0,0,0,0,0,0,0,0,0,100,100
No Match,None,unmatched,79677,3.08,16.95,134.14,141.09210000000002,,,,0,67930.78899999999,0,0,0,0,0,0,0,0,43318.199,0,0,0,0,0,1247.777,0,0,0,0,0,20795.389,0,9692.435,28973.229,70117.86679999999,1793.27,642.9654,0,0,0,0,0,0,0,0,0,0,0,0,0,100,100
No Match,None,unmatched,73009,3.894,16.151,127.9,142.0301,,,,0,1744.781,0,5033.391,0,0,3195.7019999999998,0,0,0,0,0,505.48470000000003,0,0,0,0,0,0,0,0,0,0,0,0,0,0,0,0,0,0,0,0,0,0,0,0,0,0,0,0,0,100,100
No Match,None,unmatched,63624,6.933,15.522,122.98,142.0301,,,,0,0,0,0,0,0,0,0,0,0,0,0,0,0,0,0,0,0,0,0,0,946.0113,0,0,0,0,0,0,0,0,0,0,0,0,0,0,2669.339,0,0,0,0,0,100,100
No Match,None,unmatched,89620,2.661,15.897,125.76,142.0659,,,,0,0,0,0,0,0,890.4239,0,0,0,0,0,0,0,0,0,0,0,0,0,0,0,0,0,0,0,0,0,0,0,0,0,0,0,0,0,0,0,0,0,0,0,100,100
No Match,None,unmatched,8644,1.8112000000000001,15.973,126.524,142.06671999999998,,,,102990.699,46372.364,130902.999,127317.306,89891.148,55744.379,142038.70799999998,236376.138,125644.63799999999,99785.989,25044.162,157228.19900000002,127176.499,65165.94760000001,70386.378,87904.33899999999,46810.097,86229.525,133158.999,71473.06700000001,69099.793,158590.338,26258.159,132185.318,24441.107,108995.22099999999,30365.561999999998,103023.92799999999,69992.817,205456.838,36405.429000000004,53088.856,147518.454,84442.70899999999,144935.299,51359.960100000004,135813.575,82366.688,175661.10700000002,160243.523,107818.413,74240.728,100,100
No Match,None,unmatched,47017,13.554,16.017,126.78,143.0511,,,,0,0,0,0,0,2377.6349999999998,0,0,0,0,0,0,0,0,0,0,0,0,0,1268.814,0,0,0,0,0,0,0,0,1141.852,0,0,0,0,0,670.7356,885.3722,0,0,0,2131.8889999999997,0,0,100,100
No Match,None,unmatched,86561,1.687,16.101,126.805,143.07015,,,,0,0,0,3111.113,0,0,0,0,0,0,0,4237.954,0,0,0,0,0,0,0,0,0,0,0,0,0,0,0,0,0,0,0,0,0,0,0,0,2749.794,0,0,0,0,0,100,100
No Match,None,unmatched,70958,3.2536428571428573,15.862,127.46928571428573,144.0462428571429,,,,620038.1526,2419149.625,843595.2388999999,2086717.349,271683.78,314770.9319000001,1965518.139,365552.157,1596617.4906000001,208391.011,1614557.28,697140.5966999999,1415133.601,378760.4808,553257.7951999999,381803.749,468187.5179,311547.79319999996,571996.4859,254782.9266,363847.3039,1456014.873,1081323.252,726973.605,730932.4612,1014904.9979999999,2370809.6961000003,501819.071,338633.05999999994,461689.15310000005,55616.57400000001,419217.2911,968690.1179999999,436808.6522,385295.598,248704.187,1583121.5957999998,309738.5631,645979.677,2404294.7616999997,425463.13560000004,345251.57170000003,100,100
No Match,None,unmatched,67805,5.955,15.848,125.36,144.0448,,,,0,0,0,0,0,0,0,0,0,0,613.6793,0,0,0,0,0,0,0,0,0,0,0,1261.844,0,0,0,0,0,0,0,0,0,0,0,0,0,0,0,607.2533,0,0,0,100,100
No Match,None,unmatched,53871,5.43,15.775,124.74,144.0456,,,,0,0,0,0,0,0,0,0,1266.66,0,0,0,0,0,0,0,0,0,0,0,0,0,2323.564,0,0,0,0,0,0,0,0,0,0,0,0,0,1799.584,0,0,0,0,0,100,100
No Match,None,unmatched,29314,2.650470588235294,15.868,125.52058823529411,144.04640588235293,,,,2327.093,20912.869,12597.795,35802.8915,20334.3716,32564.1477,4706.4512,63471.517,13036.91,51910.7663,23591.390999999996,0,17562.876,12964.0675,23882.557999999997,25016.212999999996,18256.814,33389.241,35684.9622,13291.2232,22602.913999999997,7753.258,20118.256999999998,9203.375,2944.7493,40266.9599,15592.515,13868.828800000001,14290.615,3698.0829999999996,12576.997,9167.414999999999,10317.046,26366.894,46211.517,12327.41,27045.966999999997,34112.882000000005,15667.819,55575.91099999999,22155.959,40542.0069,100,100
No Match,None,unmatched,16076,1.5301111111111112,15.832,125.20444444444443,144.0464222222222,,,,2334.6279999999997,0,3189.7116,1582.242,5848.616,9987.803,7042.297999999999,3557.0370000000003,2884.9049999999997,6400.911999999999,3037.6099999999997,5750.598999999999,5185.061,3266.0656,1593.663,7767.3606,5814.0698999999995,3057.75,3216.183,3531.941,4251.766,6866.686,4263.133,5682.3696,10349.6199,1458.085,1262.306,7359.723,6636.764999999999,18001.823999999997,10171.958499999999,4773.065,2692.0860000000002,0,1491.685,572.1813000000001,5203.700999999999,4152.023999999999,7262.567,6278.387000000001,5792.762900000001,6186.0457,100,100
No Match,None,unmatched,86729,11.063,15.812,125.12,144.0471,,,,0,0,0,0,0,0,0,0,0,0,0,0,0,0,0,574.8623,0,0,0,0,0,0,0,0,0,0,0,0,0,502.29580000000004,0,0,0,0,0,0,0,0,0,0,0,0,100,100
No Match,None,unmatched,94422,8.278,15.75,124.63,144.0481,,,,0,0,0,0,0,0,0,0,0,0,0,0,0,0,0,0,0,0,0,0,0,0,0,0,0,0,0,0,0,0,0,0,0,0,548.0976,0,0,0,0,0,0,0,100,100
No Match,None,unmatched,92530,0.756,15.868,125.55,144.0518,,,,0,0,0,0,0,0,0,0,0,0,0,0,0,0,0,0,0,0,0,0,0,0,0,0,0,0,0,0,0,0,0,0,0,0,705.7876,0,0,0,0,0,0,0,100,100
No Match,None,unmatched,69930,3.909,15.768,124.77,144.0904,,,,0,0,0,0,0,0,0,0,0,0,0,0,0,0,0,0,0,0,0,0,0,0,0,0,0,0,0,0,0,0,0,0,0,0,0,0,0,0,0,0,0,0,100,100
No Match,None,unmatched,74671,2.283,15.832,125.11,144.1179,,,,0,0,0,0,0,0,0,0,0,0,0,0,0,0,0,0,0,0,0,0,0,0,0,0,0,0,0,0,0,0,0,0,0,0,0,0,0,0,0,0,0,0,100,100
No Match,None,unmatched,22072,3.907,15.792,124.84,144.1196,,,,0,0,0,0,0,0,0,0,0,0,0,0,0,0,0,0,0,0,0,0,0,0,0,0,0,0,0,0,0,0,0,0,0,0,0,0,0,0,0,0,0,0,100,100
No Match,None,unmatched,17135,1.5004285714285714,15.782,127.62285714285714,145.04138571428572,,,,6529.545,181393.49000000002,15431.7529,0,9837.538,0,0,53067.656,0,13189.029,241982.039,3471.803,0,0,0,0,0,1324.207,2140.381,0,0,0,99468.99599999998,10229.324,56803.773,49296.399000000005,133888.067,18558.418999999998,0,0,0,19797.538999999997,2385.924,1244.548,0,0,5935.571,0,14965.628999999999,4415.911,3463.5699999999997,0,100,100
No Match,None,unmatched,78914,2.81,15.767,124.53,145.0428,,,,0,0,0,0,0,0,0,0,0,0,1702.928,0,0,0,0,0,0,0,0,0,0,0,0,0,0,0,0,0,0,0,0,0,0,0,0,0,0,0,0,0,0,0,100,100
No Match,None,unmatched,65355,1.163,15.801,124.85,145.0432,,,,0,0,0,0,0,0,1057.675,0,0,0,1041.253,0,0,0,0,0,0,0,0,0,0,0,1221.395,0,0,0,0,0,0,0,0,0,0,0,0,0,0,0,0,0,0,0,100,100
No Match,None,unmatched,55602,1.396,15.827,125.11,145.0449,,,,0,0,0,0,0,0,0,0,0,0,4014.053,0,0,0,0,0,0,0,0,0,793.2394,0,0,580.9738,0,0,0,0,0,0,0,0,0,0,0,0,0,0,0,0,0,0,100,100
No Match,None,unmatched,70654,3.948,15.828,125.17,145.0489,,,,0,0,0,0,0,0,0,0,0,0,0,0,0,0,0,0,0,0,0,0,0,0,0,0,0,0,0,0,0,0,0,0,0,0,0,0,0,0,0,0,0,0,100,100
No Match,None,unmatched,37985,2.1785,15.849,125.03,145.04955,,,,0,0,0,0,0,0,0,0,0,0,0,0,0,0,0,0,0,0,0,0,0,0,0,0,0,4205.635,0,0,0,0,0,0,0,0,781.4626000000001,0,0,0,0,0,0,0,100,100
No Match,None,unmatched,31330,2.135,17.23,136.15,145.0869,,,,0,5777.2339999999995,0,0,0,0,0,0,0,984.5775,0,0,0,0,0,0,0,0,0,0,0,0,5340.275,0,0,5241.28,0,2283.97,0,0,0,702.0411,0,1805.394,0,0,0,0,0,0,0,0,100,100
No Match,None,unmatched,55425,1.2774444444444444,15.561,122.94666666666666,146.02542222222223,,,,8211.655999999999,291726.70900000003,55706.669,0,47082.35400000001,2900.258,0,6894.278,0,117319.582,406486.476,30825.589999999997,0,5199.795,12066.609,2000.133,7432.844999999999,0,28413.218999999997,0,3936.0809999999997,5080.0599,232665.496,9036.13,148291.899,66331.53,271575.90900000004,62865.54200000001,1395.0620000000001,0,1266.429,358842.509,22618.587,46524.038,39361.209,20308.5006,1604.493,10774.686,2147.353,3923.0209999999997,0,0,100,100
No Match,None,unmatched,79761,1.571,17.468,138,146.0265,,,,0,0,0,0,0,0,0,0,0,0,0,0,0,0,0,0,0,0,0,0,0,0,0,0,0,0,0,0,0,0,0,1627.846,0,0,0,0,0,0,0,0,0,0,100,100
No Match,None,unmatched,66354,0.997,15.595,123.27,146.0282,,,,0,0,0,0,0,0,0,0,0,0,0,0,0,0,0,0,0,0,0,0,0,0,1028.355,0,0,0,1650.157,0,0,0,0,0,0,0,0,0,0,0,0,0,0,0,100,100
No Match,None,unmatched,75243,3.938,15.764,124.44,146.0511,,,,0,0,0,0,0,0,0,0,0,0,2055.0009999999997,0,0,0,0,0,0,0,0,0,0,0,0,0,0,0,0,0,0,0,0,0,0,0,0,0,0,0,0,0,0,0,100,100
No Match,None,unmatched,58466,2.4065,16.61,131.60500000000002,146.06155,,,,0,0,0,0,0,0,0,0,0,0,0,0,0,0,0,0,0,0,0,0,0,0,0,0,0,0,7287.081,0,0,0,0,0,0,0,0,0,0,0,0,0,0,0,100,100
No Match,None,unmatched,35626,3.653,16.219,128.12,146.0619,,,,0,0,0,5127.538,0,0,0,0,0,0,0,0,0,0,0,0,0,0,0,0,0,0,0,0,3757.2279999999996,0,0,0,0,0,0,0,0,0,0,0,7716.121,0,0,0,0,0,100,100
No Match,None,unmatched,95284,0.51,16.53,130.61,146.0838,,,,0,0,0,0,0,0,0,0,0,0,0,0,0,0,0,0,0,0,0,0,0,0,0,0,0,0,0,0,0,0,0,0,0,0,0,0,0,0,0,0,0,0,100,100
No Match,None,unmatched,58825,1.4689999999999999,15.553,123.098,147.03272,,,,0,0,0,555.5885000000001,23807.212199999998,0,0,0,0,66882.04030000001,0,5261.021,0,0,0,0,0,0,9471.81,0,0,0,0,6110.62,14956.609,0,0,20446.113,0,0,0,38671.695,8796.824,47824.54400000001,18312.237,7937.5973,1410.797,0,0,1309.527,0,0,100,100
No Match,None,unmatched,20634,1.5459999999999998,17.733,137.53571428571428,147.0334428571429,,,,0,0,0,0,78392.024,0,0,0,0,125315,0,0,0,0,0,0,0,0,31469.452699999998,0,0,0,0,1112.488,550.7706000000001,0,0,38911.574,0,0,0,16200.2106,0,46224.513,11147.2269,8115.136,0,0,0,1147.215,0,0,100,100
No Match,None,unmatched,79124,2.348,17.323,132.775,147.0456,,,,0,7550.227,0,0,0,0,0,0,0,0,0,0,0,0,0,0,0,0,0,0,0,0,0,0,0,0,0,0,0,1685.066,0,0,0,0,0,0,0,0,0,0,0,0,100,100
No Match,None,unmatched,94508,3.579,16.352,128.99,147.0504,,,,0,0,0,0,0,0,0,0,0,0,540.0672000000001,0,0,0,0,0,0,0,0,0,0,0,0,0,0,0,0,0,0,0,0,0,0,0,0,0,0,0,0,0,0,0,100,100
No Match,None,unmatched,41173,0.524,16.262,128.44,147.0676,,,,0,0,0,0,0,0,0,0,0,0,0,0,0,0,0,0,0,1792.936,0,1551.439,0,0,0,0,0,0,0,0,0,2916.3729999999996,0,0,0,0,0,0,0,0,0,0,3034.846,2466.3709999999996,100,100
No Match,None,unmatched,36093,3.729,17.283,136.3,147.0813,,,,0,15161.649,978.6096,0,0,0,0,0,0,0,0,0,0,0,0,0,0,0,0,0,0,0,0,0,0,0,0,0,0,0,0,0,0,0,0,0,0,0,0,0,0,0,100,100
No Match,None,unmatched,95939,1.452,15.639,123.33,148.0372,,,,0,0,0,0,0,0,0,0,0,0,0,0,0,0,0,0,0,0,0,0,0,0,0,0,0,0,0,0,0,0,0,0,0,0,0,0,0,0,0,0,0,0,100,100
No Match,None,unmatched,24708,1.272,16.217,127.96,148.0408,,,,0,0,0,3246.533,0,0,2259.653,1482.743,0,0,0,0,0,0,0,0,0,0,0,0,0,2352.817,0,1236.726,0,0,0,0,0,0,0,0,0,0,0,0,8901.369,0,7071.213,10513.529,0,0,100,100
No Match,None,unmatched,77202,0.7789999999999999,14.073,113.2925,148.95235,,,,0,0,0,0,0,0,0,0,0,0,14710.949,0,0,0,0,0,0,0,0,12311.349999999999,0,0,0,0,0,0,0,0,0,13400.160999999998,0,0,0,0,0,0,0,0,31592.358,0,0,0,100,100
No Match,None,unmatched,71369,0.579,16.899,133.31,148.9524,,,,0,0,0,0,0,0,0,0,0,0,0,0,0,0,0,0,0,0,0,0,0,0,0,0,0,0,0,0,0,1274.9370000000001,0,0,0,0,0,0,0,0,1212.996,0,0,0,100,100
No Match,None,unmatched,28947,0.8206666666666668,14.057,134.60666666666665,148.9525,,,,0,0,0,0,0,0,0,0,0,0,11215.766999999998,0,0,0,0,0,0,0,0,7637.467,0,0,0,0,0,0,0,0,0,3134.4979999999996,0,0,0,0,0,0,0,0,17744.519,0,0,0,100,100
No Match,None,unmatched,48095,0.55,15.448,121.85,148.9528,,,,0,0,0,0,0,0,0,0,0,0,3355.6699999999996,0,0,0,0,0,0,0,0,0,0,0,0,0,0,0,0,0,0,0,0,0,0,0,0,0,0,0,4633.373,0,0,0,100,100
No Match,None,unmatched,574,0.55075,14.05,125.51750000000001,148.95345,,,,64620.779,133742.899,406777.199,597788.999,128559.89899999999,68334.22899999999,53111.169,96969.129,625656.899,39624.929000000004,3949224.5746000004,36995.309,25492.269,101603.199,125817.89899999999,951230.299,105705.299,938486.899,99506.28899999999,3264882.2369999997,86861.97899999999,45170.249,403549.499,158109.799,255585.59900000002,36668.319,674364.5989999999,64742.339,69122.689,3770223.037,4471331.505,1027566.999,58871.669,105486.89899999999,26840.629,39034.989,245853.59900000002,110242.599,4692692.999,66439.08899999999,192711.299,425519.89900000003,100,100
No Match,None,unmatched,75613,0.551,16.819,132.68,148.954,,,,0,0,0,0,0,0,0,0,0,0,0,0,0,0,0,0,0,0,0,0,0,0,0,0,0,0,0,0,0,0,0,0,0,0,0,0,0,0,2017.477,0,0,0,100,100
No Match,None,unmatched,55135,0.572,15.741,124.22,148.9545,,,,0,0,0,0,0,0,0,0,0,0,0,0,0,0,0,0,0,0,0,0,0,0,0,0,0,0,0,0,0,2835.479,2688.069,0,0,0,0,0,0,0,0,0,0,0,100,100
No Match,None,unmatched,45110,14.185199999999998,16.515,130.268,149.0099,,,,53377.106,0,42013.92600000001,65502.706,21359.502999999997,38414.058000000005,39966.063,43084.15900000001,15808.981,51447.978,19660.596,20688.698999999997,44350.479,23474.774,7293.428999999999,26815.826999999997,16717.703999999998,37456.486999999994,30977.209,43222.767,25392.209,9591.642,996.7157,1745.971,1511.368,13628.0688,0,15568.6422,15055.7072,45565.602,33758.011,58375.39000000001,0,7212.934,13750.769,6850.436,53129.077000000005,18968.689700000003,15330.228,8684.729,25177.408000000003,13874.962,100,100
No Match,None,unmatched,46172,15.326857142857145,16.489,130.28857142857143,149.01016666666666,,,,142096.3303,37140.39889999999,156774.6207,181624.496,39563.596999999994,52736.49399999999,46394.1097,163220.224,58870.299,142564.39380000002,317481.143,33094.917,175701.098,42112.058,50731.2399,43006.1354,135131.13,40599.777700000006,55609.224,31053.711499999994,195671.30599999998,58412.32000000001,5320.367,296437.584,25583.0035,92023.72000000002,6984.764999999999,37854.03,41820.222,40956.140999999996,35523.815,155317.3733,24511.584,43606.584,66443.79199999999,13303.168000000001,208379.8743,55271.4716,63218.226,46222.414000000004,73552.56099999999,37814.37009999999,100,100
No Match,None,unmatched,82343,15.657,16.473,129.97,149.0126,,,,0,0,0,0,0,0,0,0,0,0,0,0,0,0,0,0,0,0,0,0,0,0,0,0,0,0,0,0,0,0,0,0,0,0,0,0,0,0,0,0,0,0,100,100
No Match,None,unmatched,23258,2.441,15.809,124.50999999999999,149.0255,,,,694.8855,23856.709,2027.406,0,0,0,0,0,0,0,0,0,0,1577.325,751.2149000000001,0,0,0,0,0,0,0,3322.2491999999997,0,0,0,8084.585,0,0,805.7159,0,0,0,0,0,0,0,834.0516,0,814.6510000000001,0,0,100,100
No Match,None,unmatched,11777,0.567,14.036,110.81,149.0282,,,,0,0,0,0,0,0,0,0,0,0,0,0,0,0,0,0,0,0,0,0,0,0,0,0,0,0,0,0,0,0,0,0,0,0,0,0,0,0,0,0,0,0,100,100
No Match,None,unmatched,38730,4.432166666666667,17.502,132.4466666666667,149.0613,,,,0,113670.001,7822.812999999999,0,1277,29749.708,0,1496.262,793.514,0,113710.39899999999,0,0,2280.6389999999997,34826.76,12994.419,33672.41,8656.511,0,7382.204999999999,10271.489,1201.2403,105003.28499999999,0,54169.126000000004,31532.093,141748.0516,3222.051,7665.115,2001.896,2610.5145,74034.44399999999,1972.625,4056.8232999999996,4778.289,25288.2411,0,27220.469,954.9742,0,8054.505,9583.585,100,100
No Match,None,unmatched,79104,5.178,16.677,131.56,149.0638,,,,0,0,0,0,0,0,0,0,0,0,0,0,0,0,0,0,0,0,0,0,0,0,0,0,0,0,0,0,0,0,0,969.2937000000001,0,0,0,717.1492000000001,0,0,0,0,0,0,100,100
No Match,None,unmatched,74997,2.956,16.779,132.2,149.0732,,,,0,0,0,0,0,0,0,0,0,0,2079.294,0,0,0,0,0,0,0,0,0,0,0,0,0,0,0,0,0,0,0,0,0,0,0,0,0,0,0,0,0,0,0,100,100
No Match,None,unmatched,70661,3.472,17.222,135.83,149.0962,,,,0,0,0,0,0,0,0,0,0,0,0,0,0,0,0,0,0,0,0,0,0,0,0,0,0,0,0,0,0,0,0,0,0,0,0,0,0,0,0,2570.1409999999996,0,0,100,100
No Match,None,unmatched,8832,3.8319999999999994,17.461,137.77333333333334,149.09833333333333,,,,5084.133,8793.099,47120.399000000005,0,0,5665.581999999999,0,32591.349,0,0,26578.899,34038.659999999996,29413.249,2033.848,4675.2355,4626.528,6214.7274,7027.919,0,0,8116.391,0,0,7794.4349999999995,0,3464.6409999999996,18221.729,0,7453.629,13102.208999999999,5926.059,14964.829,3279.9269999999997,9278.887,0,1026.378,0,9649.378,2837.988,4202.821,7197.508,18760.341999999997,100,100
No Match,None,unmatched,87623,0.535,14.059,110.96,149.9569,,,,0,0,0,0,0,0,0,0,0,0,0,0,0,0,0,0,0,0,0,0,0,0,0,0,0,0,0,0,0,0,0,0,0,0,0,0,0,0,0,0,0,0,100,100
No Match,None,unmatched,72875,2.1466250000000002,15.9,128.03,150.0023875,,,,17232.862399999998,7666.995999999999,17452.180999999997,6775.673,7984.954,1064.648,9397.778,8171.218,9145.45,7388.892,652.4682,38345.097,7490.856,5704.6791,1691.755,1118.688,3199.9849999999997,1224.698,20027.373,0,0,15126.289,7422.856,27229.789,0,6753.316999999999,0,34176.012,1422.818,0,0,1337.868,48962.809,11772.802,11573.869999999999,0,16254.6858,7560.429999999999,30810.4472,19645.682,1677.624,2178.3929999999996,100,100
No Match,None,unmatched,87731,14.124,15.911,125.49,150.0026,,,,0,0,0,0,0,0,0,0,0,0,0,0,0,0,0,0,0,0,0,0,1010.6750000000001,0,0,0,0,0,0,0,0,0,0,0,0,0,0,0,0,0,0,0,0,0,100,100
No Match,None,unmatched,64776,4.829,15.788,124.43,150.0033,,,,0,0,0,0,533.158,0,0,0,0,0,557.1914,0,506.5602,0,0,0,0,0,0,0,0,0,0,0,0,724.7239000000001,0,0,0,0,0,0,0,0,0,0,0,1095.13,0,0,0,0,100,100
No Match,None,unmatched,27590,3.1112499999999996,16.365,129.48749999999998,150.05685,,,,0,26068.254,0,0,0,0,0,0,0,0,8206.387999999999,0,0,0,0,0,0,0,0,0,0,0,2078.453,0,0,0,13857.783,0,0,0,0,3985.0609999999997,0,0,0,0,0,3424.662,0,0,0,642.4101,100,100
No Match,None,unmatched,67872,4.5785,16.733,131.74,150.06445,,,,0,0,0,0,0,0,0,0,0,0,2949.2219999999998,0,0,0,0,0,0,0,0,0,0,0,0,0,0,0,0,0,0,0,0,0,0,0,0,0,0,0,0,0,0,0,100,100
No Match,None,unmatched,37426,4.681,17.346,136.63,150.0925,,,,0,6094.547,0,0,0,0,0,0,0,0,2036.6490000000001,0,0,0,0,0,0,0,0,0,0,0,0,0,0,0,6656.384,0,0,0,0,0,0,0,0,0,0,0,0,0,0,0,100,100
No Match,None,unmatched,26406,0.572,14.078,111.03,150.9502,,,,0,0,0,0,0,0,0,0,0,0,0,0,0,0,0,0,0,0,0,0,0,0,11724.169,0,0,0,0,0,0,0,0,0,0,0,0,0,0,0,0,0,0,8763.923,100,100
No Match,None,unmatched,81652,6.422,16.12,127.06,150.989,,,,0,0,0,0,0,0,0,0,0,0,0,0,0,0,0,0,0,0,0,0,0,0,1465.777,0,0,0,0,0,0,0,0,0,0,0,0,0,0,0,0,0,0,0,100,100
No Match,None,unmatched,29206,4.391,16.465,129.71,151.0403,,,,0,0,0,0,0,0,0,0,0,0,0,0,0,0,0,0,0,0,0,0,24557.689,0,0,0,0,0,0,0,0,0,0,0,0,0,0,0,0,0,0,0,0,0,100,100
No Match,None,unmatched,29223,15.166,16.871,132.88,151.0768,,,,0,5157.335,0,0,0,0,0,0,0,0,3704.977,1100.759,0,0,3217.9489999999996,0,1557.775,0,0,0,0,0,0,0,8968.873,0,1207.546,893.874,0,0,0,0,0,0,0,0,0,0,0,0,0,0,100,100
No Match,None,unmatched,94288,14.063,16.83,132.62,151.0775,,,,0,0,0,0,0,0,0,0,0,0,0,0,0,0,0,0,0,0,0,0,0,0,0,0,0,560.9308,0,0,0,0,0,0,0,0,0,0,0,0,0,0,0,0,100,100
No Match,None,unmatched,80199,1.292,16.945,133.52,151.0781,,,,0,0,0,0,0,0,0,0,0,0,0,0,0,0,0,0,0,0,0,0,0,0,0,0,0,0,1590.241,0,0,0,0,0,0,0,0,0,0,0,0,0,0,0,100,100
No Match,None,unmatched,81487,15.156,16.951,133.57,151.0808,,,,0,0,0,0,0,0,0,0,0,0,0,0,0,0,0,0,0,0,0,0,0,0,1480.489,0,0,0,0,0,0,0,0,0,0,0,0,0,0,0,0,0,0,0,100,100
No Match,None,unmatched,56137,3.163,17,133.88,151.0884,,,,0,2995.611,0,0,0,0,0,0,0,0,0,0,0,0,0,0,0,0,0,0,0,0,0,0,0,0,2238.698,0,0,0,0,0,0,0,0,0,0,0,0,0,0,0,100,100
No Match,None,unmatched,87417,6.656,17.555,138.31,151.1136,,,,0,0,0,0,0,0,0,0,0,0,0,0,0,0,0,0,0,0,0,0,0,0,0,0,0,0,0,0,0,0,0,0,0,0,0,0,0,0,0,1032.028,0,0,100,100
No Match,None,unmatched,64939,1.907,17.299,136.29,151.1143,,,,0,0,0,0,0,0,0,0,0,0,0,0,0,0,0,0,0,0,0,0,0,0,0,0,0,0,0,0,0,0,0,0,0,0,0,0,0,0,0,3389.725,0,0,100,100
No Match,None,unmatched,15479,2.7065,16.954,133.42000000000002,152.07229999999998,,,,1406.859,0,1440.573,4078.861,0,0,0,1844.106,0,0,925.5667,880.6209,0,0,12988.859,1881.214,4270.034,4371.0301,3880.2659999999996,0,0,3104.3959999999997,672.1849,6424.7,1552.916,0,7435.7029999999995,1185.13,2976.0495,4156.753,1549.944,866.1578000000001,5092.644,0,6041.458,2193.1059999999998,11256.458999999999,9342.346,6326.656999999999,5997.476,1651.617,5111.956999999999,100,100
No Match,None,unmatched,92952,2.824,16.946,133.3,152.0778,,,,0,0,0,0,0,675.2586,0,0,0,0,0,0,0,0,0,0,0,0,0,0,0,0,0,0,0,0,0,0,0,0,0,0,0,0,0,0,0,0,0,0,0,0,100,100
No Match,None,unmatched,52358,4.6735,17.607,139.01999999999998,152.1077,,,,0,4634.452,0,0,0,0,0,0,0,0,0,0,0,0,0,0,0,0,0,0,0,0,0,0,0,0,2479.5330000000004,0,0,0,0,0,0,0,0,0,0,0,0,0,0,0,100,100
No Match,None,unmatched,69813,13.455,15.725,123.78,152.996,,,,0,0,0,0,0,0,1255.0140000000001,0,0,0,0,0,0,0,0,0,680.3074,0,0,0,0,0,0,0,0,0,0,0,0,0,0,0,0,0,0,0,0,0,744.2495,0,0,0,100,100
No Match,None,unmatched,79780,13.196,15.725,123.68,152.999,,,,0,0,0,0,0,0,0,869.3354,0,0,0,756.5343,0,0,0,0,0,0,0,0,0,0,0,0,0,0,0,0,0,0,0,0,0,0,0,0,0,0,0,0,0,0,100,100
No Match,None,unmatched,27535,1.7294999999999998,16.478,129.765,153.05655000000002,,,,0,11688.878999999999,0,0,0,0,0,0,0,0,8278.4796,0,0,0,0,0,0,0,0,0,0,0,4768.648,0,0,0,9672.32,0,0,0,0,2666.8019999999997,0,0,0,0,0,0,0,0,0,0,100,100
No Match,None,unmatched,91200,1.176,16.395,129.08,153.0633,,,,0,0,0,0,0,0,0,0,0,0,0,0,0,0,0,0,0,0,0,0,0,0,0,0,0,0,0,0,0,0,0,0,0,0,0,0,793.2907,0,0,0,0,0,100,100
No Match,None,unmatched,93641,1.979,17.575,138.25,154.087,,,,0,0,0,0,0,0,0,0,0,0,0,0,0,0,0,0,0,0,0,0,0,0,617.6784,0,0,0,0,0,0,0,0,0,0,0,0,0,0,0,0,0,0,0,100,100
No Match,None,unmatched,59975,6.300666666666667,15.568,122.16333333333334,154.94703333333334,,,,0,0,0,0,0,0,0,4549.701,10590.628999999999,7375.862999999999,0,5515.170999999999,0,1800.214,0,0,548.3244,0,0,0,0,0,8526.605,0,0,5990.983,0,4369.956999999999,0,0,0,0,10980.389,0,0,13228.597,0,0,0,0,7421.9529999999995,0,100,100
No Match,None,unmatched,32756,10.732542857142858,15.493,122.3117142857143,154.94777999999997,,,,48664.074,277986.819,365838.622,493177.08,411297.51800000004,324696.78599999996,453906.645,496027.21300000005,167579.929,456319.12799999997,337411.819,560164.5,103159.45999999999,505932.7579999999,259023.36000000002,360405.49799999996,377221.37299999996,394722.103,379807.687,323013.187,236212.033,367836.311,315393.06,295279.923,313742.20000000007,26565.195,221494.288,299764.05250000005,286677.647,375290.55000000005,378167.63800000004,324601.6020000001,433981.062,346387.441,237611.113,317898.52300000004,320882.13899999997,346375.82300000003,348013.8388,43821.453,444599.567,341651.07,100,100
No Match,None,unmatched,12837,8.5295,15.511,122.11,154.9472,,,,0,0,0,0,0,0,0,0,0,3662.671,1466.615,29908.362,16073.809,0,0,0,0,0,2329.2569999999996,26952.942,9410.136,23593.149,0,0,0,13295.926,0,0,5284.744,0,25655.359,14371.829,0,0,0,0,0,0,0,6905.132,0,0,100,100
No Match,None,unmatched,30223,10.35075,15.508,121.955,154.9474,,,,13950.801,0,4179.647,0,0,0,8472.239,0,3565.8129999999996,11142.706,7645.01,15667.497,6068.504,8553.133,4382.0019999999995,11339.837,5592.883,7435.564,4585.0869999999995,0,8976.871,0,0,0,1027.728,0,4401.352,0,5949.025,0,0,9458.386,834.8561,3511.455,0,6027.288,0,0,2233.2219999999998,2549.9179999999997,0,4154.371,100,100
No Match,None,unmatched,7059,11.108928571428574,15.536,122.05500000000004,154.94785714285717,,,,7001.182,64270.948,202477.60500000004,78501.547,111179.52500000001,135130.277,184299.264,107898.94000000002,45066.377,155966.96,85586.91299999999,72917.583,0,59675.918,138502.70799999998,116526.99200000001,113763.646,122387.602,4227.581999999999,81701.208,108321.149,62037.77100000001,25376.685,145042.91700000002,80016.403,24398.367,16324.065999999999,77533.817,147799.08800000002,69510.326,49277.952000000005,67036.93800000001,76396.5,139107.647,87368.21699999999,145033.617,86592.366,103940.76800000001,96033.12899999999,61347.636999999995,68659.522,89016.72200000001,100,100
No Match,None,unmatched,26858,8.060666666666666,15.493,121.99333333333334,154.9483,,,,2773.6459999999997,0,0,0,0,0,0,0,0,0,0,0,0,0,4186.514999999999,22007.309,23970.221999999998,21255.329,0,829.693,17828.661,790.5593,24686.059,4424.969999999999,0,15462.919,13406.179,1523.6390000000001,0,4035.1409999999996,0,1736.592,6387.495,0,0,0,2253.7839999999997,0,4584.063,4396.253,20749.499,0,100,100
No Match,None,unmatched,44982,12.9145,15.502,122.145,154.9489,,,,0,4387.727,0,0,0,0,0,0,0,0,0,0,0,0,924.1957,0,0,3189.0739999999996,0,0,0,0,6627.389999999999,2769.145,0,1795.136,0,0,0,0,0,0,0,0,0,9903.078,0,0,0,0,0,0,100,100
No Match,None,unmatched,72390,3.593,15.596,122.63,154.949,,,,0,0,0,0,0,0,0,0,0,1234.471,0,0,0,0,0,0,0,0,0,0,0,0,0,0,0,0,0,1133.423,0,0,0,0,0,0,0,0,0,0,0,0,0,0,100,100
No Match,None,unmatched,87507,12.501,16.117,126.79,154.9491,,,,0,0,0,0,0,0,0,0,0,0,0,0,0,0,0,0,0,0,0,0,0,0,0,0,0,0,0,0,624.7182,0,0,0,0,0,0,0,0,0,0,0,0,0,100,100
No Match,None,unmatched,74741,4.314,15.742,123.85,154.991,,,,0,0,0,0,0,0,0,0,0,0,0,0,0,0,0,0,0,0,0,0,0,0,2105.5119999999997,0,0,0,0,0,0,0,0,0,0,0,0,0,0,0,0,0,0,0,100,100
No Match,None,unmatched,23881,1.287,16.516,129.805,155.036,,,,0,23516.168999999998,0,0,0,0,0,0,0,0,3768.2639999999997,0,0,0,0,0,0,0,0,0,0,0,853.861,0,0,0,13708.374,0,0,0,0,0,0,0,0,0,0,0,0,0,0,0,100,100
No Match,None,unmatched,85053,1.393,16.493,129.56,155.0557,,,,0,1196.441,0,0,0,0,0,0,0,0,0,0,0,0,0,0,0,0,0,0,0,0,0,0,0,0,0,0,0,0,0,0,0,0,0,0,0,0,0,0,0,0,100,100
No Match,None,unmatched,74578,1.268,16.515,129.73,155.0592,,,,0,2118.801,0,0,0,0,0,0,0,0,0,0,0,0,0,0,0,0,0,0,0,0,0,0,0,0,0,0,0,0,0,0,0,0,0,0,0,0,0,0,0,0,100,100
No Match,None,unmatched,95533,0.527,16.364,128.71,155.0666,,,,0,0,0,0,0,0,0,0,0,0,0,0,0,0,0,0,0,0,0,0,0,0,0,0,0,0,0,0,0,0,0,0,0,0,0,0,0,0,0,0,0,0,100,100
No Match,None,unmatched,40096,11.935500000000001,15.519,122.16,155.9472,,,,1209.6732000000002,0,0,0,0,0,0,0,839.8135,0,0,0,0,0,0,0,0,0,0,0,0,0,0,0,0,0,0,0,0,0,0,0,0,1383.328,0,0,0,0,0,988.7672,0,0,100,100
No Match,None,unmatched,70641,12.377,15.525,121.99,155.9492,,,,0,0,0,0,0,0,0,0,953.1155,0,0,0,0,0,0,0,0,0,0,0,0,0,0,0,0,0,0,0,0,0,0,0,0,0,0,0,0,0,0,0,0,0,100,100
No Match,None,unmatched,84574,2.4139999999999997,17.504,137.355,156.08249999999998,,,,0,2687.5546999999997,0,0,0,0,0,0,0,0,0,0,0,0,553.0641,0,0,0,0,0,0,0,0,0,0,0,11174.029,0,0,0,0,0,0,0,0,0,0,1316.464,0,0,0,0,100,100
No Match,None,unmatched,92953,10.756,15.147,119.08,156.9402,,,,0,0,0,0,0,0,0,0,0,0,0,0,0,0,0,0,0,0,0,0,0,0,0,0,0,0,0,0,0,0,0,0,675.1098000000001,0,0,0,0,0,0,0,0,0,100,100
No Match,None,unmatched,71393,8.313,15.244,119.83,156.941,,,,0,0,0,0,0,0,0,0,0,0,0,0,0,0,0,0,0,0,0,0,781.705,0,0,0,0,0,726.336,0,0,0,0,977.087,0,0,0,0,0,0,0,0,0,0,100,100
No Match,None,unmatched,92546,8.163,15.178,119.43,156.9418,,,,0,0,0,0,0,0,0,0,0,2452.6969999999997,3804.026,0,0,0,0,0,658.2645,0,0,1567.9316,1668.7250000000001,0,0,0,832.3966,1105.823,1576.996,0,0,882.1413,0,723.3909,0,0,0,3371.6389999999997,0,0,1525.797,0,0,1370.659,100,100
No Match,None,unmatched,46818,6.476,15.184,119.34,156.9419,,,,0,0,0,0,0,0,0,0,0,0,0,1085.765,0,0,1011.866,1436.954,0,0,0,0,0,0,1184.227,0,0,0,1093.66,0,0,0,0,0,0,0,1264.842,1487.094,0,0,0,0,0,0,100,100
No Match,None,unmatched,63879,5.326,15.228,119.59333333333332,156.94246666666666,,,,1442.152,0,2317.02,4033.5856999999996,4865.7339999999995,1895.467,0,0,4826.496,0,2272.145,7230.159,0,2257.386,0,1539.766,3475.899,0,2320.9093000000003,5977.659799999999,0,0,0,0,0,0,0,0,0,1675.015,1457.865,2522.9183000000003,1764.5114,1673.791,882.2370000000001,2452.384,2195.8255,0,2500.381,952.8407,0,749.6049,100,100
No Match,None,unmatched,25301,9.855799999999999,15.199,119.348,156.94312,,,,0,0,7470.04,3420.7389999999996,1028.31,0,5509.5380000000005,2029.854,5625.201999999999,3531.4449999999997,0,1538.416,9521.794,0,1007.4780000000001,0,5291.9580000000005,0,4063.615,2364.998,0,2346.9149,3285.7582999999995,4863.8868,0,2962.306,2087.6969999999997,5049.948,0,2884.881,2151.9939999999997,2908.308,8305.678,5449.3011,2276.0690999999997,2408.142,4124.9011,2169.236,2800.031,0,2613.413,6312.969,100,100
No Match,None,unmatched,42646,7.73075,15.227,119.375,156.9425,,,,6483.5705,0,4765.112999999999,5515.9699,2205.8289999999997,1690.857,0,6043.233,0,1885.469,10485.530999999999,3455.997,0,0,1192.303,0,1818.314,7008.33,0,829.6322,0,1161.843,1436.672,0,1525.0695,0,1688.4560000000001,1072.134,0,1004.619,4558.9259999999995,5721.4316,4872.9582,0,4968.1998,3419.325,683.2099000000001,3470.2278,3595.2299999999996,1249.719,6132.814,5380.598,100,100
No Match,None,unmatched,26369,7.452,15.196,119.282,156.94272,,,,5978.067999999999,4274.117,0,3055.357,869.5575,4040.178,3099.326,6342.747,0,0,7216.646999999999,5033.517,7349.365,8184.895,4896.211,2638.8489999999997,3538.4159999999997,3551.5719999999997,2368.503,2823.6733,1913.958,4036.9090000000006,1822.141,1467.5541,4672.3216999999995,1658.347,777.1885,0,6315.293,3891.612,2438.9779999999996,5688.49,4260.625099999999,4630.477,0,5065.036,4358.396,1351.807,1648.803,0,2770.723,5950.919,100,100
No Match,None,unmatched,21218,5.94525,15.201,119.4375,156.9428,,,,3922.723,5442.09,5941.639999999999,0,3636.073,0,0,2893.6139999999996,2832.8489999999997,2209.1899999999996,5359.635,5695.334,4486.25,0,4556.062,4429.9001,7223.716,7040.9299999999985,0,5520.606,3864.4402,798.0561,6079.281999999999,1921.344,4183.8147,1831.7853,2596.3399999999997,1101.676,3483.7702999999997,6868.134999999999,2051.365,1598.385,4147.181,1311.173,2947.4579,1654.3629,7694.3979,830.2879,2896.9809999999998,2830.562,4813.411,5291.2716,100,100
No Match,None,unmatched,36493,11.392,15.172,119.22,156.9431,,,,0,0,1652.657,0,0,0,1077.7,1293.702,0,0,0,501.5325,0,0,0,0,0,0,843.2123,0,0,1297.1870000000001,0,1292.821,0,0,0,0,1070.164,0,0,0,1048.842,0,1620.364,1066.592,0,1423.885,1558.501,0,0,0,100,100
No Match,None,unmatched,38217,1.437,15.172,119.24,156.9433,,,,3747.089,0,0,0,0,1310.1680000000001,0,0,0,0,0,0,0,0,0,0,0,0,0,992.9878,0,0,0,0,0,1041.152,0,1046.832,0,0,1014.39,0,0,0,0,791.2279,1325.2250000000001,0,867.2854,1931.415,0,0,100,100
No Match,None,unmatched,29329,9.1054,15.202,119.27000000000001,156.94376,,,,0,1661.034,0,1873.402,1610.3990000000001,0,0,0,0,0,2424.5899999999997,2451.6668,0,1767.073,3344.272,4071.8720000000003,3622.9283000000005,6635.361099999999,3155.84,4707.763999999999,5643.448999999999,0,1414.333,2509.826,0,0,0,0,0,1656.904,2772.2569999999996,1618.261,5638.710599999999,0,740.2942,3616.642,4235.681,4165.801,3078.2133000000003,0,0,2335.841,100,100
No Match,None,unmatched,90974,6.722,15.064,118.43,156.944,,,,0,0,0,0,0,0,0,0,0,0,0,0,0,0,0,0,0,0,0,0,0,0,0,0,0,0,0,0,0,0,0,0,0,0,0,806.9214000000001,0,0,0,0,0,0,100,100
No Match,None,unmatched,93363,3.517,15.177,119.31,156.9453,,,,0,0,0,0,0,0,0,0,0,0,0,0,0,0,0,0,0,0,0,0,0,0,0,0,0,0,0,0,0,0,0,0,641.2264,0,0,0,0,0,0,0,0,0,100,100
No Match,None,unmatched,88955,2.862,15.172,119.27,156.9481,,,,0,0,0,0,0,0,0,0,0,0,0,0,0,0,0,0,0,0,0,0,0,0,0,0,0,0,0,0,0,0,0,0,0,0,0,934.2726,0,0,0,0,0,0,100,100
No Match,None,unmatched,75540,1.633,16.467,129.31,157.0538,,,,0,0,0,0,0,0,0,885.9540000000001,0,0,0,0,0,0,0,0,0,0,0,0,0,0,0,0,0,0,0,0,0,0,0,0,1141.419,0,0,0,0,0,0,0,0,0,100,100
No Match,None,unmatched,95903,1.622,16.472,129.26,157.0574,,,,0,0,0,0,0,0,0,0,0,0,0,0,0,0,0,0,0,0,0,0,0,0,0,0,0,0,0,0,0,0,0,0,0,0,0,0,0,0,0,0,0,0,100,100
No Match,None,unmatched,35853,2.032,16.949,133.13,157.0766,,,,0,0,0,0,0,0,0,0,0,0,0,1364.6870000000001,0,0,0,0,0,0,0,0,0,0,1774.557,0,0,0,3936.866,0,0,2267.028,0,4118.813,0,0,1414.06,0,0,0,1494.15,0,0,0,100,100
No Match,None,unmatched,84281,7.469,17.004,133.59,157.0862,,,,0,0,0,0,0,0,0,0,0,0,0,0,0,0,0,0,0,0,0,0,0,0,0,0,0,0,0,0,0,0,0,0,0,1253.493,0,0,0,0,0,0,0,0,100,100
No Match,None,unmatched,24220,1.6320000000000001,16.748,131.315,158.0618,,,,12663.878999999999,1422.214,10591.659,14853.849,809.8335000000001,631.0581,15740.979,9453.564,0,1165.857,968.3069,14612.239,1880.421,3331.9219999999996,0,1052.934,0,0,3611.12,0,0,8242.434,0,10438.542000000001,0,0,0,3337.678,0,0,0,0,20670.164999999997,2575.5699999999997,0,0,16895.182,0,11726.02,23694.7851,0,0,100,100
No Match,None,unmatched,69935,1.106,17.137,134.39,158.0817,,,,0,1522.311,0,0,0,0,0,0,0,0,1140.694,0,0,0,0,0,0,0,0,0,0,0,0,0,0,0,0,0,0,0,0,0,0,0,0,0,0,0,0,0,0,0,100,100
No Match,None,unmatched,82753,1.55,17.004,133.46,159.0313,,,,0,0,0,0,0,0,0,0,0,0,0,0,0,0,0,0,0,0,0,0,0,0,0,0,0,0,0,0,0,0,0,0,0,0,0,1377.429,0,0,0,0,0,0,100,100
No Match,None,unmatched,14162,1.5036,16.462,128.85,159.03324,,,,0,0,0,0,49798.90900000001,0,0,0,0,117008.88700000002,0,0,0,0,0,0,0,0,17597.583,0,0,0,0,2499.733,6221.318,0,0,32911.876,0,0,0,24094.6351,0,42119.7034,6531.546,0,0,0,0,785.3025,0,0,100,100
No Match,None,unmatched,36503,1.582,16.903,132.67,159.0337,,,,0,0,0,0,0,0,0,0,0,0,0,0,0,0,0,0,0,0,4337.74,0,0,0,0,0,0,0,0,0,0,0,0,8445.646999999999,0,0,2034.026,920.9742,0,0,0,0,0,0,100,100
No Match,None,unmatched,38166,3.78775,16.617,130.5025,159.056875,,,,0,0,0,0,0,0,0,0,0,0,0,0,0,0,0,0,0,0,0,608.2041,0,0,18363.503,0,5972.2069,0,0,0,0,0,0,0,0,0,0,0,0,1114.694,0,0,0,0,100,100
No Match,None,unmatched,13017,4.975,16.708,131.76,159.0571,,,,0,0,0,0,0,5341.531,0,0,0,0,0,0,0,0,10593.707,7054.058999999999,0,5512.807,0,29735.645,12397.509,0,0,0,0,0,0,0,17352.672,12304.807999999999,0,0,0,0,0,29622.186999999998,0,60570.028,0,0,8626.653999999999,7576.556,100,100
No Match,None,unmatched,64237,4.511,16.769,131.63,159.0582,,,,0,0,0,0,0,0,0,0,0,0,0,0,0,0,0,0,0,0,0,1395.078,0,0,0,0,0,0,0,0,1121.7640000000001,0,0,0,0,0,0,0,0,993.7066,0,0,0,0,100,100
No Match,None,unmatched,46239,1.91,17.361,136.21,159.1033,,,,0,0,0,0,0,0,0,0,0,906.5148,0,0,0,0,0,0,0,0,0,0,0,0,849.4403,0,0,0,0,1544.582,0,0,0,2152.154,0,3382.087,0,0,0,0,0,0,0,0,100,100
No Match,None,unmatched,94764,0.53,17.547,137.69,159.1142,,,,0,0,0,0,0,0,0,0,0,0,0,0,0,0,0,0,0,515.4447,0,0,0,0,0,0,0,0,0,0,0,0,0,0,0,0,0,0,0,0,0,0,0,0,100,100
No Match,None,unmatched,51777,4.429,16.279,127.58,160.0222,,,,0,0,0,0,0,0,0,6556.71,0,0,0,0,0,0,0,0,0,0,0,0,0,0,0,0,0,0,0,0,0,0,0,0,0,0,0,0,0,0,0,0,0,0,100,100
No Match,None,unmatched,93201,2.047,16.268,127.62,160.04038333333332,,,,11455.018,23912.497,4801.7609999999995,1655.863,1795.772,0,10921.611,1467.788,2576.551,2808.216,8386.162,3129.211,8807.443,10780.503,0,0,0,0,1484.482,0,0,11252.023,5088.251,1064.76,6094.874,0,16358.689,6451.269,0,0,0,9727.667,3655.6443999999997,0,2940.4089999999997,0,9293.9205,0,6741.133,6024.2789999999995,0,0,100,100
No Match,None,unmatched,44301,2.8945,16.311,127.17,160.0401,,,,0,0,638.6056,0,1043.935,0,0,0,619.8175,0,0,0,1397.536,0,0,0,0,1078.702,772.5064,0,0,0,0,0,0,0,0,1244.692,0,0,0,957.221,1051.862,0,0,0,1031.701,0,0,0,0,0,100,100
No Match,None,unmatched,82129,5.341,16.116,126.31,160.0408,,,,0,1425.284,0,0,0,0,0,0,0,0,0,0,0,0,0,0,0,0,0,0,0,0,0,0,0,0,0,0,0,0,0,0,0,0,0,0,0,0,0,0,0,0,100,100
No Match,None,unmatched,67187,2.643,16.466,129.09,160.0419,,,,0,0,0,0,530.9679,0,0,0,0,0,807.6925,0,0,0,0,0,0,0,0,0,0,0,1703.227,0,0,0,0,0,0,0,0,0,0,0,0,0,0,0,0,0,0,0,100,100
No Match,None,unmatched,83889,5.029,16.684,130.74,160.0424,,,,0,1284.2450000000001,0,0,0,0,0,0,0,0,0,0,0,0,0,0,0,0,0,0,0,0,0,0,0,0,0,0,0,0,0,0,0,0,0,0,0,0,0,0,0,0,100,100
No Match,None,unmatched,56456,2.227,16.431,128.87,160.0515,,,,0,2572.8239999999996,0,0,0,0,0,0,0,0,0,0,0,0,0,0,0,0,0,0,0,0,2079.2599999999998,0,0,0,0,0,0,0,0,0,0,0,0,0,0,0,0,0,0,0,100,100
No Match,None,unmatched,79094,8.867,15.64,122.7,160.9567,,,,0,0,0,0,0,0,0,0,0,0,0,0,0,0,0,0,0,0,0,0,0,0,0,0,1687.609,0,0,0,0,0,0,0,0,0,0,0,0,0,0,0,0,0,100,100
No Match,None,unmatched,65525,4.464,15.642,122.71,160.957,,,,0,0,0,0,0,0,0,0,0,0,0,0,0,0,0,0,0,0,0,0,0,0,3292.676,0,0,0,0,0,0,0,0,0,0,0,0,0,0,0,0,0,0,0,100,100
No Match,None,unmatched,37216,11.365,15.81,124.02,160.9577,,,,0,0,0,0,0,0,0,0,0,0,0,0,0,0,0,0,0,0,0,0,0,0,14995.708999999999,0,0,0,0,0,0,0,0,0,0,0,0,0,0,0,0,0,0,0,100,100
No Match,None,unmatched,55102,3.501,17.908,140.39,161.0464,,,,0,0,0,0,0,0,0,0,0,0,0,0,0,0,0,0,0,0,0,0,0,0,0,0,0,0,936.8666000000001,0,0,728.5536000000001,0,0,0,0,1259.152,0,0,0,0,1731.255,0,0,100,100
No Match,None,unmatched,86203,2.266,17.887,139.575,161.09725,,,,0,0,0,0,0,0,0,0,0,0,0,0,0,0,0,0,0,0,0,0,0,0,0,0,0,2272.304,0,0,0,0,0,0,0,0,0,0,0,0,0,0,0,0,100,100
No Match,None,unmatched,59190,1.721,16.09,126.07,162.002,,,,0,0,0,0,1262.8790000000001,0,0,0,0,0,0,0,0,0,0,0,0,0,0,0,0,0,0,0,0,0,0,0,0,0,0,0,0,3235.442,0,0,0,0,0,0,0,0,100,100
No Match,None,unmatched,59701,7.215,16.298,127.61,162.018,,,,0,4388.862999999999,0,0,0,0,0,0,0,0,0,0,0,0,0,0,0,0,0,0,0,0,0,0,0,0,0,0,0,0,0,0,0,0,0,0,0,0,0,0,0,0,100,100
No Match,None,unmatched,42426,1.0500000000000003,16.281,127.57000000000001,162.02057142857143,,,,1455.196,422832.79,13696.148000000001,0,0,0,0,0,0,1015.905,581310.09,989.5619,0,743.9952000000001,0,0,0,0,0,0,0,0,211290.59000000003,0,119750.44959999999,36332.337,223324.59900000002,3950.2497000000003,0,0,904.2397,736652.9269999999,2507.5,1698.703,1997.829,0,0,1681.43,0,0,0,937.4085,100,100
No Match,None,unmatched,42673,2.3265000000000002,16.199,127.05499999999999,162.020175,,,,1899.5620000000001,18265.789,7840.505,0,0,0,0,1745.276,0,1924.665,16367.869,548.6308,0,6834.1759999999995,6333.786,0,6877.888,0,0,0,0,0,9914.27,0,13994.778,18619.349,29624.548000000003,2560.633,0,0,1739.621,11272.24,5047.754,8468.985,5056.683,0,0,0,0,0,0,0,100,100
No Match,None,unmatched,57054,10.778,16.322,127.8,162.0193,,,,0,5001.798,0,0,0,0,0,0,0,0,0,0,0,0,0,0,0,0,0,0,0,0,0,0,0,0,0,0,0,0,0,0,0,0,0,0,0,0,0,0,0,0,100,100
No Match,None,unmatched,15451,1.2228333333333332,18.76,140.41333333333333,162.0198,,,,0,40491.272,12767.149,0,0,0,0,3184.4449999999997,0,0,72057.582,2394.4449999999997,0,0,3634.701,0,0,0,0,0,0,0,105834.08799999999,0,37732.378,87590.919,149155.37,5900.139999999999,0,0,0,140620.48400000003,8078.2119999999995,4690.156,0,0,0,0,0,0,0,0,100,100
No Match,None,unmatched,91561,3.094,16.83,131.76,162.0528,,,,0,771.8388,0,0,0,0,0,0,0,0,0,0,0,0,0,0,0,0,0,0,0,0,0,0,0,0,0,0,0,0,0,0,0,0,0,0,0,0,0,0,0,0,100,100
No Match,None,unmatched,47083,5.47,16.619,130.16,162.0562,,,,0,4297.947,0,0,0,0,0,0,0,0,1906.844,0,0,0,0,0,0,0,0,0,0,0,0,0,0,0,2246.959,0,0,0,0,0,0,0,0,0,0,0,0,0,0,0,100,100
No Match,None,unmatched,23626,2.6607499999999997,17.786,138.67,162.0929,,,,0,26507.618,0,0,0,0,0,0,0,0,3781.857,0,0,0,0,0,0,0,0,0,0,0,7260.341999999999,0,0,0,26722.714,0,0,0,0,1625.575,0,0,0,0,0,0,0,0,0,0,100,100
No Match,None,unmatched,77550,5.784,17.572,137.7,162.0926,,,,0,0,0,0,0,0,0,0,0,0,0,0,0,0,0,0,0,0,0,0,0,0,0,0,0,0,1156.221,0,0,0,0,675.797,0,0,0,0,0,0,0,0,0,0,100,100
No Match,None,unmatched,57005,1.7625000000000002,16.074,125.785,163.01024999999998,,,,0,0,0,0,3947.149,0,0,0,0,0,0,0,0,0,0,0,0,0,0,0,0,0,0,0,0,0,0,2082.2659999999996,0,0,0,0,0,14114.449,0,0,0,0,0,0,0,0,100,100
No Match,None,unmatched,42636,1.3513333333333335,16.334,127.75333333333333,163.02343333333334,,,,0,0,0,0,0,0,0,0,0,0,0,0,0,0,0,0,0,0,0,0,0,0,0,0,0,0,5651.043,0,0,0,0,0,0,0,0,0,0,0,0,0,0,0,100,100
No Match,None,unmatched,52036,5.4105,16.57,129.305,163.04065,,,,0,8166.088,0,0,0,0,0,0,0,0,0,0,0,0,0,0,0,0,0,0,0,0,0,0,0,0,0,0,0,0,0,0,0,0,0,0,0,0,0,0,0,0,100,100
No Match,None,unmatched,83249,0.749,16.944,132.64499999999998,163.05124999999998,,,,0,0,0,0,0,0,0,0,0,0,0,0,0,0,0,0,0,0,0,0,0,0,0,0,0,0,0,0,0,0,0,4598.518,0,0,0,0,0,0,0,0,0,0,100,100
No Match,None,unmatched,70703,6.38,17.462,136.79,163.0791,,,,0,0,0,0,0,0,0,0,0,0,0,0,0,0,0,0,0,0,0,0,0,0,0,0,0,0,0,0,0,610.9143,0,0,0,0,0,0,0,549.1647,0,0,0,1404.405,100,100
No Match,None,unmatched,82070,2.604,16.656,130.45,164.0175,,,,0,0,0,0,0,0,0,0,0,0,0,0,0,0,0,0,0,0,0,615.6123,0,0,0,0,0,814.9376,0,0,0,0,0,0,0,0,0,0,0,0,0,0,0,0,100,100
No Match,None,unmatched,90244,1.4926666666666668,16.487,128.98333333333332,164.03574999999998,,,,0,15258.564699999999,0,0,0,0,0,0,0,0,13766.244200000001,0,0,0,0,0,0,0,0,0,0,0,5890.9957,0,0,0,9809.019,0,0,0,0,32924.119,0,0,0,0,0,0,0,0,0,0,100,100
No Match,None,unmatched,92541,1.004,5.75,45.47,164.07,,,,0,0,0,0,0,0,0,0,0,0,0,0,0,0,0,0,0,0,0,0,0,0,0,0,0,0,0,0,0,0,705.1146,0,0,0,0,0,0,0,0,0,0,0,100,100
No Match,None,unmatched,2188,1.0555,17.922,140.23,164.07175,,,,238035.49800000002,143429.588,172535.19900000002,146197.168,174769.59900000002,0,204937.19900000002,166294.499,159956.19900000002,194499.299,108373.648,195489.028,208526.848,202054.608,0,0,0,0,0,0,0,203301.95799999998,141400.17799999999,0,117576.54800000001,106207.578,109842.308,199771.399,0,172819.09900000002,1003.989,138480.69900000002,152709.499,155443.799,0,206494.763,141920.86800000002,0,230199.068,125956.499,0,0,100,100
No Match,None,unmatched,13184,4.685,17.918,140.23,164.1085,,,,0,32170.229,0,0,0,0,0,0,0,0,35768.559,0,0,0,0,0,1043.154,0,0,0,0,0,16317.319,0,5677.072,2493.2639999999997,42021.829000000005,0,0,0,0,3054.884,0,0,0,0,0,0,0,0,0,0,100,100
No Match,None,unmatched,52554,4.8335,17.894,140.59,164.1087,,,,0,7201.629999999999,0,0,0,0,0,0,0,0,0,0,0,0,0,0,0,0,0,0,0,0,1268.239,0,0,0,3983.352,0,0,0,0,2072.66,0,0,0,0,0,0,0,0,0,0,100,100
No Match,None,unmatched,11974,2.8105,17.908,140.08499999999998,164.10885000000002,,,,0,30797.464,0,0,0,0,0,0,0,0,26863.469,0,0,0,0,1027.446,9809.137,0,0,0,1824.3500000000001,0,25574.729,0,10941.269,3628.4379999999996,52724.379,2900.566,0,0,0,0,0,0,0,5658.052,0,2872.7749999999996,0,0,1876.19,0,100,100
No Match,None,unmatched,78192,2.0380000000000003,16.18,126.76666666666667,164.9784,,,,0,0,1589.407,0,0,0,0,0,0,0,0,0,0,0,0,0,0,0,1099.127,0,0,0,0,0,0,0,0,0,0,0,0,4367.1689,0,0,0,0,0,0,0,0,0,0,100,100
No Match,None,unmatched,83036,1.852,16.044,125.46,165.0189,,,,0,1354.568,0,0,0,0,0,0,0,0,0,0,0,0,0,0,0,0,0,0,0,0,0,0,0,0,0,0,0,0,0,0,0,0,0,0,0,0,0,0,0,0,100,100
No Match,None,unmatched,45442,15.487363636363636,16.918,132.04454545454547,165.04113636363638,,,,9190.317299999999,3040.03,29982.643,12283.4568,5578.4847,1407.905,7024.651,14662.904999999999,1111.403,32987.122,10496.605,3030.6130000000003,19250.0888,3920.1369999999997,0,3025.0730999999996,1717.594,3553.6699999999996,16356.038999999997,2102.1402,20667.585,937.7398000000001,0,7111.9025,0,7323.0789,0,0,808.0765,3120.2172,2576.241,15440.461,0,2296.9359999999997,4718.8047,0,31442.966500000002,8020.940500000001,1247.845,767.0821,4175.956999999999,1976.425,100,100
No Match,None,unmatched,36593,12.647,16.886,132.08,165.0414,,,,0,0,993.4313000000001,2290.924,3285.5879999999997,0,1300.898,0,0,0,0,0,1251.115,0,0,0,0,0,0,0,0,0,0,0,0,0,0,890.3497,0,0,0,0,0,0,0,0,0,0,0,867.6734,4758.955,0,100,100
No Match,None,unmatched,90291,12.632,16.849,131.72,165.046,,,,847.3506,0,0,0,0,0,0,0,0,0,0,0,0,0,0,0,0,0,0,0,0,0,0,0,0,0,0,0,0,0,0,0,0,0,0,0,0,0,0,0,0,0,100,100
No Match,None,unmatched,75918,15.359,16.867,132.03,165.0462,,,,0,0,0,0,0,0,0,0,0,0,0,0,0,0,0,0,0,1985.294,0,0,0,0,0,0,0,0,0,0,0,0,0,0,0,0,0,0,0,0,0,0,0,0,100,100
No Match,None,unmatched,68416,15.372,16.961,132.76,165.0534,,,,0,0,0,0,0,0,0,0,0,0,0,0,0,0,0,0,1002.441,0,0,0,0,0,0,0,0,0,0,0,0,0,0,0,1329.842,0,0,0,0,539.0353,0,0,0,0,100,100
No Match,None,unmatched,90731,6.684,16.724,130.75,165.0549,,,,0,0,0,0,0,0,0,0,0,0,822.6742,0,0,0,0,0,0,0,0,0,0,0,0,0,0,0,0,0,0,0,0,0,0,0,0,0,0,0,0,0,0,0,100,100
No Match,None,unmatched,53442,5.19,17,132.98,165.0559,,,,0,0,0,0,0,0,0,0,0,0,1478.923,0,0,0,0,0,0,0,0,0,0,0,0,0,0,0,4528.4039999999995,0,0,0,0,0,0,0,0,0,0,0,0,0,0,0,100,100
No Match,None,unmatched,2690,5.943,17.453,136.54,165.0561,,,,52568.799000000006,63886.499,46834.059,41825.999,59100.239,51277.759000000005,57674.539000000004,57950.509000000005,45001.709,45681.559,80129.86899999999,47503.47900000001,35733.529,66779.949,65117.499,61691.319,72363.159,74404.449,48764.309,67033.97899999999,62218.199,48009.22900000001,61729.379,43616.559,64967.679000000004,57787.519,66140.33899999999,68752.47899999999,83422.449,69379.549,50771.859000000004,77925.47899999999,68580.989,63367.769,60512.029,73097.36899999999,83569.689,80407.83899999999,55191.22900000001,57798.519,64965.569,77064.78899999999,100,100
No Match,None,unmatched,57455,1.346,17.62,137.83,165.057,,,,0,0,0,0,0,0,0,0,0,0,0,0,0,0,0,0,0,0,0,0,0,0,0,0,0,0,0,0,0,0,0,0,0,0,0,0,0,0,0,0,0,0,100,100
No Match,None,unmatched,37457,6.65,16.787,131.34,165.0571,,,,0,3838.562,0,0,0,0,0,0,0,0,3711.4719999999998,0,0,0,0,0,0,0,0,0,0,0,0,0,0,0,6281.068,0,0,0,0,0,0,0,0,0,0,0,0,0,0,0,100,100
No Match,None,unmatched,81973,0.5805,16.897,131.885,165.06645,,,,0,0,0,0,0,0,0,2728.952,0,0,0,0,0,0,0,0,0,0,0,0,0,0,0,0,0,0,0,0,0,0,0,0,0,0,0,0,0,0,0,0,0,0,100,100
No Match,None,unmatched,59349,1.0314,17.9,140.142,165.07576,,,,0,0,0,0,4163.91,12325.229,0,0,0,0,2005.328,9111.628,0,0,0,11252.329,0,0,0,15129.969,9516.818,0,0,0,0,0,0,0,12416.639,0,0,0,0,0,0,0,0,19402.349,0,0,0,0,100,100
No Match,None,unmatched,47172,2.69,17.635,137.85,165.0931,,,,0,8414.821,0,0,0,0,0,0,0,0,0,0,0,0,0,0,0,0,0,0,0,0,0,0,0,0,0,0,0,0,0,0,0,0,0,0,0,0,0,0,0,0,100,100
No Match,None,unmatched,85891,7.065,17.905,139.95,165.1023,,,,0,1134.494,0,0,0,0,0,0,0,0,0,0,0,0,0,0,0,0,0,0,0,0,0,0,0,0,0,0,0,0,0,0,0,0,0,0,0,0,0,0,0,0,100,100
No Match,None,unmatched,60374,2.931,17.917,140.12,165.1027,,,,0,2789.904,0,0,0,0,0,0,0,0,0,0,0,0,0,0,0,0,0,0,0,0,0,0,0,0,1458.816,0,0,0,0,0,0,0,0,0,0,0,0,0,0,0,100,100
No Match,None,unmatched,67320,5.782,17.905,139.15666666666667,165.10353333333333,,,,0,5719.902,0,0,0,0,0,0,0,0,3187.9809999999998,0,0,0,0,0,0,0,0,0,0,0,0,0,0,0,3419.4179999999997,0,0,0,0,0,0,0,0,0,0,0,0,0,0,0,100,100
No Match,None,unmatched,8079,4.994,17.962,140.49,165.1035,,,,0,121306.099,0,0,0,0,0,0,0,0,71229.829,0,0,0,0,0,0,0,0,0,0,0,52732.65900000001,0,8031.856,0,115027.099,0,0,0,0,0,0,0,0,0,0,0,0,0,0,0,100,100
No Match,None,unmatched,51554,3.24,16.816,131.5,166.0349,,,,0,0,0,0,0,0,0,0,0,0,0,0,685.3023000000001,0,0,0,0,0,0,0,0,0,5956.875,0,0,0,0,0,0,0,0,0,0,0,0,0,0,0,0,0,0,0,100,100
No Match,None,unmatched,62825,2.041333333333333,16.948,132.5,166.05066666666667,,,,0,8197.408,0,0,0,0,0,0,0,0,0,0,0,0,0,0,0,0,0,0,0,0,0,0,0,0,0,0,0,0,0,0,0,0,0,0,0,0,0,0,0,0,100,100
No Match,None,unmatched,56616,5.964,17.455,136.52,166.0595,,,,0,0,0,0,0,0,0,0,0,0,0,0,0,0,0,0,0,0,0,0,0,0,0,0,0,0,0,0,0,0,0,0,0,0,0,0,0,0,0,0,0,0,100,100
No Match,None,unmatched,88277,5.929,17.471,136.67,166.0619,,,,0,0,0,0,0,0,0,0,0,0,0,0,0,0,0,0,0,0,0,0,0,0,0,0,0,0,0,0,0,0,0,0,0,0,0,0,0,0,0,0,0,0,100,100
No Match,None,unmatched,89239,1.67,17.533,136.99,166.0869,,,,0,915.4372000000001,0,0,0,0,0,0,0,0,0,0,0,0,0,0,0,0,0,0,0,0,0,0,0,0,0,0,0,0,0,0,0,0,0,0,0,0,0,0,0,0,100,100
No Match,None,unmatched,88417,4.701,17.666,138.19,166.0876,,,,0,0,0,0,0,0,0,0,0,0,0,0,0,0,0,0,0,0,0,0,0,0,0,0,0,0,0,0,0,0,0,0,0,0,0,0,0,0,0,0,0,0,100,100
No Match,None,unmatched,41327,2.775,17.296,135.25,167.0201,,,,0,0,0,0,0,0,0,0,0,0,0,0,0,0,0,0,0,0,0,0,0,0,1296.227,0,0,0,0,8501.092,0,0,0,0,0,1866.3120000000001,0,0,0,0,0,0,0,0,100,100
No Match,None,unmatched,42422,15.46,16.229,126.87,167.021,,,,0,0,0,0,0,0,0,0,0,0,0,5764.416,0,0,0,0,0,0,0,0,0,0,0,0,0,0,0,0,0,0,0,0,5165.451,0,0,0,0,0,0,0,0,0,100,100
No Match,None,unmatched,40478,0.528,16.144,126.18,167.0212,,,,0,0,0,1801.262,0,734.0951,690.472,0,1008.2090000000001,0,0,2959.6569999999997,1335.5430000000001,0,0,0,0,0,0,0,0,0,1502.501,0,0,0,0,0,0,0,0,0,0,1666.1000000000001,586.1467,0,0,0,0,0,0,0,100,100
No Match,None,unmatched,17941,0.8045,16.601,129.625,167.0354,,,,9108.679,6102.923,7907.302,8489.367,0,0,5824.59,0,1339.878,0,1181.9370000000001,1479.2740000000001,5343.906,1377.84,0,0,0,0,0,0,0,5116.549,0,0,0,0,0,0,0,0,0,0,7058.3369999999995,0,0,0,8604.850999999999,0,2627.374,22463.639,0,0,100,100
No Match,None,unmatched,93144,0.787,16.53,129.29,167.04,,,,0,0,0,0,0,0,0,0,0,0,0,0,0,0,0,0,0,0,0,0,0,0,0,0,0,0,0,0,0,0,0,0,0,0,0,0,659.9623,0,0,0,0,0,100,100
No Match,None,unmatched,27673,6.961,16.851,131.59,167.0618,,,,0,37073.318,1875.286,0,0,0,0,0,0,0,4251.647,0,0,0,0,0,0,0,0,0,0,0,5078.57,0,0,1377.948,11676.15,0,0,726.8745,0,0,0,0,0,0,0,0,0,0,0,0,100,100
No Match,None,unmatched,42797,7.501,18.017,140.78,167.0717,,,,0,0,0,0,0,0,0,0,0,0,1077.169,1924.998,0,0,0,0,0,0,0,0,0,0,0,0,0,0,0,0,0,0,0,0,0,0,0,6201.528,0,0,0,0,1496.895,0,100,100
No Match,None,unmatched,28385,2.7960000000000003,18.064,141.08499999999998,167.10855,,,,0,0,0,0,0,0,0,0,0,0,0,0,0,0,0,0,0,0,0,0,0,0,0,0,0,28263.8499,0,0,0,0,0,0,0,0,0,0,0,0,0,0,0,0,100,100
No Match,None,unmatched,95052,8.333,15.983,124.99,167.9028,,,,0,0,0,0,0,0,0,0,0,0,0,0,0,0,0,0,0,0,0,0,0,0,0,0,0,0,0,0,0,0,0,0,0,0,0,0,0,0,0,0,0,0,100,100
No Match,None,unmatched,82095,4.526,15.967,124.79,167.9051,,,,0,0,0,0,0,0,0,0,0,0,0,0,0,0,0,0,0,0,0,0,0,0,0,0,0,0,0,0,0,0,966.9245000000001,0,0,0,0,0,0,0,0,0,0,0,100,100
No Match,None,unmatched,91629,6.271,15.866,123.92,167.9059,,,,0,0,0,0,0,0,0,768.2420000000001,0,0,0,0,0,0,0,0,0,0,0,0,0,0,0,0,0,0,0,0,0,0,0,0,0,0,0,0,0,0,0,0,0,0,100,100
No Match,None,unmatched,4545,5.537,15.404,120.41,167.9179,,,,37074.189000000006,63081.609000000004,35416.399000000005,30902.479,28203.829,0,38488.589,41130.999,31007.529,20434.269,46653.299000000006,13335.208999999999,32028.529,44432.109000000004,0,0,0,0,49192.179000000004,0,0,22990.849,31255.079,31855.469,42719.689000000006,46992.649000000005,33778.219000000005,47853.209,0,0,0,38765.609000000004,49148.869000000006,4623.3679999999995,98449.629,0,47875.049000000006,0,47129.839,4713.144,0,0,100,100
No Match,None,unmatched,40054,5.539,17.69,138.21,167.9186,,,,0,1853.383,0,894.7098,0,0,0,0,0,0,0,0,0,0,0,0,0,0,0,0,0,0,0,0,0,1652.137,0,1664.282,0,0,0,0,713.4837,0,5799.038,0,0,0,0,0,0,0,100,100
No Match,None,unmatched,83548,13.507,15.364,120.17,167.9198,,,,0,0,0,0,0,0,0,0,0,0,0,0,0,0,0,0,1312.184,0,0,0,0,0,0,0,0,0,0,0,0,0,0,0,0,0,0,0,0,0,0,0,0,0,100,100
No Match,None,unmatched,83283,3.38875,17.849,139.4025,168.103475,,,,0,9197.559,0,0,0,0,0,0,0,0,2739.647,0,0,0,0,0,0,0,0,0,0,0,1442.67,0,0,0,4635.5743999999995,0,0,0,0,0,0,0,0,0,0,0,0,0,0,0,100,100
No Match,None,unmatched,95239,5.517,15.429,120.63,168.9221,,,,0,0,0,0,0,0,0,0,0,0,0,0,0,0,0,0,0,0,0,0,0,0,0,0,0,0,0,0,0,0,0,0,0,0,0,0,0,0,0,0,0,0,100,100
No Match,None,unmatched,26459,11.917585365853657,16.243,126.8170731707317,168.96369268292685,,,,72491.92199999999,21975.8039,74781.489,58673.8004,69401.28409999999,57405.456099999996,107430.19699999999,71488.0222,64407.8183,63317.4571,38705.40349999999,76477.9684,70413.704,63967.7434,46724.277,54877.986899999996,43403.0628,64699.5911,40796.241500000004,39320.315800000004,25025.495799999997,47907.996,17015.031300000002,48601.8583,17929.4268,1859.4313000000002,5926.923099999999,32387.533999999996,30286.9754,35925.422999999995,45700.3748,29056.4908,54197.8061,59144.1852,17719.1407,32004.264099999997,63911.871199999994,34379.4039,39389.258,25238.732899999995,47348.39639999999,45112.788,100,100
No Match,None,unmatched,85177,10.657333333333334,16.327,127.03666666666668,168.96293333333332,,,,2953.2740000000003,0,1564.122,1571.1290000000001,0,1373.0011,0,3187.9511999999995,2337.0046,0,4418.214,0,1954.781,2128.2975,0,767.6765,1508.496,1051.211,1062.083,782.235,3267.763,0,0,0,637.7767,1354.9245,0,0,839.2779,0,0,910.5608,1197.487,0,856.0600000000001,1482.6970000000001,1207.856,0,1103.945,0,722.9402,675.0679,100,100
No Match,None,unmatched,46082,10.738,16.224,126.74,168.9655,,,,817.4864,775.0269000000001,0,0,781.8355,0,0,0,0,0,716.1146,1098.569,0,0,0,666.6975,0,0,0,0,0,0,0,904.6926,0,0,0,0,800.7273,0,0,804.1588,0,551.3620000000001,0,0,0,0,593.061,0,0,0,100,100
No Match,None,unmatched,52055,8.329,17.554,136.95,168.9901,,,,5409.941,5184.5779999999995,6219.876,6853.9,3173.912,4010.076,3551.5396999999994,0,1916.594,4445.9059,4888.464,3156.618,4439.531,6684.371999999999,5105.571,1183.609,7325.527,0,6372.1269999999995,5724.8589999999995,6806.282999999999,2189.285,8882.743,3371.984,3111.421,5124.201,9471.296,6504.393,4009.437,8440.988,0,7149.548,4649.172,6656.406,6878.889,7788.4169999999995,4862.6669999999995,8297.749,5737.794,7618.934,6284.128,6189.639,100,100
No Match,None,unmatched,42018,1.7076666666666667,16.746,130.84,169.04193333333333,,,,0,0,0,0,5988.032999999999,0,0,0,0,0,0,0,0,0,0,0,0,0,0,0,0,0,0,0,0,0,0,4009.8322,0,0,0,0,0,6257.8381,0,0,0,0,0,0,0,0,100,100
No Match,None,unmatched,42820,1.934,17.369,135.65,169.087,,,,0,0,0,0,0,0,0,0,0,833.4953,0,0,0,0,0,0,0,0,0,0,0,0,0,0,0,0,0,0,0,0,0,3043.1549999999997,0,6807.206,0,0,0,0,0,0,0,0,100,100
No Match,None,unmatched,93767,13.483,15.404,120.39,169.9147,,,,0,0,0,0,0,0,0,0,0,0,0,0,0,0,0,0,0,0,0,0,0,0,0,0,0,0,0,0,0,0,0,0,608.6782000000001,0,0,0,0,0,0,0,0,0,100,100
No Match,None,unmatched,54975,5.531,17.703,138.17,169.9161,,,,0,0,0,0,0,0,0,0,0,0,2282.2329999999997,0,0,1655.335,0,0,0,0,764.0785000000001,0,0,0,0,0,0,0,0,0,0,0,0,0,0,0,0,0,0,0,861.2235000000001,0,0,0,100,100
No Match,None,unmatched,88705,5.57,17.723,138.41,169.9193,,,,0,0,0,0,0,0,0,0,0,0,0,0,0,0,0,0,0,0,0,0,0,0,0,0,0,0,0,0,0,0,0,0,0,0,0,0,948.6077,0,0,0,0,0,100,100
No Match,None,unmatched,36129,6.715,17.053,133.14,170.0614,,,,0,9920.77,0,0,0,0,0,0,0,0,0,0,0,0,0,0,0,0,0,0,0,0,3931.475,0,0,0,2252.4309999999996,0,0,0,0,0,0,0,0,0,0,0,0,0,0,0,100,100
No Match,None,unmatched,57387,0.9139999999999999,17.797,139.065,170.08285,,,,0,40011.791,0,0,0,0,0,0,0,0,25471.2861,0,0,0,0,0,0,0,0,0,0,0,20160.4837,0,3065.406,0,34061.244999999995,0,0,0,0,8054.165,0,0,0,0,0,0,0,0,0,0,100,100
No Match,None,unmatched,95267,11.25,15.936,124.31,170.9612,,,,0,0,0,0,0,0,0,0,0,0,0,0,0,0,0,0,0,0,0,0,0,0,0,0,0,0,0,0,0,0,0,0,0,0,0,0,0,0,0,0,0,0,100,100
No Match,None,unmatched,38563,3.484,16.039,125.27,170.9855,,,,0,0,0,0,0,0,0,0,0,0,0,0,0,0,0,0,0,0,0,0,0,0,13761.509,0,0,0,0,0,0,0,0,0,0,0,0,0,0,0,0,0,0,0,100,100
No Match,None,unmatched,94117,1.522,17.292,134.84,171.0113,,,,0,576.7330000000001,0,0,0,0,0,0,0,0,0,0,0,0,0,0,0,0,0,0,0,0,0,0,0,0,0,0,0,0,0,0,0,0,0,0,0,0,0,0,0,0,100,100
No Match,None,unmatched,73118,2.6799999999999997,18.065,141.035,171.10315,,,,0,6155.097,0,0,0,0,0,0,0,0,10715.705,0,0,0,0,1052.464,4465.7339999999995,0,0,0,0,0,3662.6915,0,3402.6,2023.042,6248.661999999999,3826.6519999999996,0,0,0,0,0,680.3369,0,0,0,0,1082.037,0,10194.939,1858.663,100,100
No Match,None,unmatched,38949,13.287,18.096,141.21,171.1035,,,,0,0,0,0,0,0,0,3881.086,0,0,0,0,0,0,1144.6290000000001,5646.308,0,0,0,0,0,0,0,0,0,0,0,0,0,0,0,0,0,0,0,0,0,0,0,0,2290.125,0,100,100
No Match,None,unmatched,27167,5.55,15.435,120.42,171.9117,,,,2147.2419999999997,0,0,0,0,0,0,0,0,0,2270.5649999999996,0,0,0,0,0,0,0,0,0,0,0,0,0,0,0,0,0,0,0,0,0,0,0,25827.229,0,0,0,0,0,0,0,100,100
No Match,None,unmatched,52333,3.347,15.154,118.3,171.9432,,,,0,0,0,0,0,0,0,0,0,1855.493,0,0,0,0,0,0,0,0,0,0,0,0,0,1573.63,0,0,0,0,0,0,0,0,0,0,0,0,0,0,939.4006,1994.605,0,0,100,100
No Match,None,unmatched,88923,8.366,17.534,136.66,171.9979,,,,0,0,0,0,0,0,0,0,0,0,0,0,0,936.2462,0,0,0,0,0,0,0,0,0,0,0,0,0,0,0,0,0,0,0,0,0,0,0,0,0,0,0,0,100,100
No Match,None,unmatched,12257,8.328,17.532,136.76,172.0002,,,,0,0,2319.6139999999996,2083.7389999999996,3952.553,1846.046,0,4421.7919999999995,3496.725,4372.596,3320.415,1604.48,1908.938,1243.102,4191.014,3463.6589999999997,0,5338.8099999999995,7133.956,0,6947.748,0,5597.8589999999995,4639.704,6303.669,4331.422,5813.642,2489.392,7075.366,9792.694,5601.336,4472.477,5771.307,0,3404.089,6700.858,6897.053,5101.163,4572.262,4582.947,4284.934,5900.69,100,100
No Match,None,unmatched,77097,3.1827,16.622,130.51399999999998,172.04076,,,,0,31242.397999999997,0,0,11656.651999999998,0,0,0,0,0,7814.4801,2581.5049999999997,0,0,0,0,0,0,0,0,0,4080.1609999999996,12808.2078,2875.8509999999997,17438.8102,0,5662.458,3657.009,0,0,0,13031.838200000002,1300.76,1546.041,1042.666,9304.789999999999,0,0,682.2276,0,0,0,100,100
No Match,None,unmatched,36216,1.948285714285714,16.725,130.61285714285714,172.04095714285717,,,,59562.949,208695.499,71031.279,50015.209,101635.371,23821.906300000002,41123.049000000006,11985.099,23487.918999999998,229841.11299999998,83749.269,77860.11600000001,39579.589,45948.089,35156.209,19813.239,30193.609,22949.559,63218.980800000005,13456.369,22076.859,33512.598,77548.31489999998,26430.163,80748.367,40545.379,146308.918,146003.73460000003,17195.339,26363.229,0,96072.54699999999,79779.155,129653.73500000002,74103.6246,22639.109000000004,34745.529,27726.129,23147.089,44102.622,42757.089,25070.739,100,100
No Match,None,unmatched,68162,2.392,18.07,140.98,172.076,,,,0,0,0,0,0,0,0,0,0,0,0,0,0,0,0,0,0,0,0,0,0,0,0,0,0,0,2908.9089999999997,0,0,0,0,0,0,0,0,0,0,0,0,0,0,0,100,100
No Match,None,unmatched,74044,12.022,15.863,123.64,172.9569,,,,0,0,1181.472,0,0,0,0,0,0,0,0,0,1000.496,0,0,0,0,0,0,0,0,0,0,0,0,0,0,0,0,0,0,0,0,0,0,0,0,0,0,0,0,0,100,100
No Match,None,unmatched,69071,12.26,15.773,122.94,172.9593,,,,1280.038,0,1039.689,0,0,0,0,0,0,0,0,0,0,0,0,0,0,0,0,0,0,0,0,0,0,0,0,0,0,0,0,0,0,0,0,0,0,0,0,0,0,0,100,100
No Match,None,unmatched,93554,1.268,13.217,103.26,172.9877,,,,0,0,0,0,0,0,0,0,0,0,0,0,0,0,0,0,0,0,0,0,0,0,0,0,0,0,0,0,0,0,0,0,0,0,0,0,624.8623,0,0,0,0,0,100,100
No Match,None,unmatched,92727,1.332,7.587,59.42,172.9878,,,,0,0,0,692.0948000000001,0,0,0,0,0,0,0,0,0,0,0,0,0,0,0,0,0,0,0,0,0,0,0,0,0,0,0,0,0,0,0,0,0,0,0,0,0,0,100,100
No Match,None,unmatched,91589,1.332,3.496,37.475,172.9892,,,,0,0,0,0,0,0,0,0,1438.96,0,0,0,0,0,0,0,0,0,0,0,0,0,0,0,0,0,0,0,0,0,0,0,770.2911,0,0,0,0,0,0,0,0,0,100,100
No Match,None,unmatched,55792,1.284,17.386,135.55,172.9895,,,,973.1906,0,0,0,0,0,0,0,0,0,0,0,0,0,0,0,0,0,0,0,0,590.9461,0,0,0,0,0,0,0,0,0,0,0,0,0,0,2869.687,0,0,0,0,0,100,100
No Match,None,unmatched,79553,1.301,3.661,29.08,172.9906,,,,0,0,0,0,0,0,0,0,0,0,0,0,0,0,0,0,0,0,0,0,0,0,0,0,0,0,0,0,0,0,0,0,0,0,0,0,581.5516,0,0,1063.326,0,0,100,100
No Match,None,unmatched,82870,1.369,15.86,123.61,172.991,,,,0,0,0,0,0,0,0,0,1367.028,0,0,0,0,0,0,0,0,0,0,0,0,0,0,0,0,0,0,0,0,0,0,0,0,0,0,0,0,0,0,0,0,0,100,100
No Match,None,unmatched,84030,1.2995,8.097,101.13000000000001,172.9924,,,,0,0,0,0,0,0,680.3871,0,2604.567,0,0,0,0,0,0,0,0,0,0,0,0,0,0,0,0,0,0,0,0,0,0,0,1272.948,0,0,0,0,0,1196.508,0,0,0,100,100
No Match,None,unmatched,84697,1.298,2.719,21.77,172.9935,,,,0,0,0,0,0,0,0,0,0,0,0,0,0,0,0,0,0,0,0,0,0,0,0,0,0,0,0,0,0,0,0,0,0,0,0,0,0,0,1220.696,0,0,0,100,100
No Match,None,unmatched,69293,1.3014999999999999,11.833,132.465,172.9937,,,,0,0,0,0,0,0,0,0,0,0,0,0,0,0,0,0,0,0,0,0,0,0,0,0,0,0,0,0,0,0,0,0,0,0,0,0,4031.5289999999995,0,0,0,0,0,100,100
No Match,None,unmatched,69941,1.319,10.428,81.61,172.9948,,,,0,0,0,0,0,0,0,0,0,0,0,0,0,0,0,0,0,0,0,0,0,0,0,0,0,0,0,0,0,0,0,0,2662.249,0,0,0,0,0,0,0,0,0,100,100
No Match,None,unmatched,94776,1.326,12.267,95.73,172.9957,,,,0,0,0,514.4253,0,0,0,0,0,0,0,0,0,0,0,0,0,0,0,0,0,0,0,0,0,0,0,0,0,0,0,0,0,0,0,0,0,0,0,0,0,0,100,100
No Match,None,unmatched,25677,1.6622857142857141,16.731,130.77857142857144,173.04758571428573,,,,0,0,0,0,137140.731,0,0,0,0,243643.58499999996,0,7479.7029999999995,0,0,0,0,0,0,63926.539300000004,0,0,16976.199,0,10378.8012,36265.658,0,0,96598.76800000001,0,0,0,98021.247,0,107127.642,43042.3309,24859.739,0,0,0,0,0,0,100,100
No Match,None,unmatched,78234,3.901,16.721,130.45,173.0473,,,,0,0,0,0,0,0,0,0,0,0,0,0,0,0,0,0,0,0,0,0,0,0,0,0,0,0,0,1767.691,0,0,0,0,0,0,0,0,0,0,0,0,0,0,100,100
No Match,None,unmatched,10273,0.675,17.51,136.51,173.0825,,,,2225.4599999999996,3286.7569999999996,561.5281,4932.134,15419.149,0,4877.342,0,2151.383,26920.799,1069.236,1224.84,3272.303,3885.499,0,3746.158,0,0,3151.4339999999997,0,0,4441.217,33602.97900000001,0,0,0,788.0745000000001,37111.999,0,2083.482,2773.4379999999996,20222.709,1256.3120000000001,39912.369000000006,0,1437.948,2682.212,0,4907.342,535.3006,0,1061.622,100,100
No Match,None,unmatched,86992,0.513,17.78,138.67,173.0935,,,,0,0,0,0,0,0,0,0,0,0,0,0,0,0,0,0,0,0,0,0,0,0,0,0,0,0,0,0,0,0,0,0,0,0,0,0,0,1059.212,0,0,0,0,100,100
No Match,None,unmatched,49614,3.839,18.257,142.29,173.0979,,,,0,0,0,0,0,0,0,0,0,0,1933.859,0,0,0,0,0,0,0,0,0,0,0,0,0,0,0,5427.862,0,0,0,0,0,0,0,0,0,0,0,0,0,0,0,100,100
No Match,None,unmatched,63516,2.901,18.062,140.81,173.1189,,,,0,0,0,0,0,0,0,0,0,1060.979,0,0,0,0,0,0,0,0,0,0,0,0,0,0,0,0,0,1629.948,0,0,0,0,0,942.7673,0,0,0,0,0,0,0,0,100,100
No Match,None,unmatched,61321,0.899,17.317,135.006,174.02374,,,,0,75025.859,0,0,0,5000.532,0,0,0,0,61090.499,0,0,0,8374.925,1135.478,677.7489,0,0,0,0,0,95969.359,0,19723.912,645.8142,36880.679000000004,3932.7909999999997,0,0,0,3960.7689,0,0,0,3031.7745999999997,0,3830.622,0,0,5225.652,0,100,100
No Match,None,unmatched,65883,1.4205,16.675,129.91,174.04385000000002,,,,0,0,0,0,0,0,0,0,0,0,0,0,0,0,0,0,0,0,0,0,0,0,0,0,0,0,0,0,0,0,0,0,0,0,0,0,0,0,0,0,0,0,100,100
No Match,None,unmatched,77330,1.725,16.808,130.92,174.0517,,,,0,0,0,0,0,0,0,0,0,0,0,0,0,0,0,0,0,0,0,0,0,0,0,0,0,0,0,0,0,0,0,0,0,0,0,0,0,0,0,0,0,0,100,100
No Match,None,unmatched,14957,3.441,16.962,132.21,174.0553,,,,0,3809.212,0,0,0,585.1915,0,0,0,1480.503,0,0,0,0,0,0,0,0,0,0,0,0,1359.066,0,0,89604.25899999999,6790.7609999999995,2804.1679999999997,0,0,0,0,0,0,0,0,0,0,0,0,0,916.884,100,100
No Match,None,unmatched,86117,6.324999999999999,17.218,134.305,174.0562,,,,2464.2349999999997,34355.379,5356.349999999999,0,0,3134.533,25119.359,0,18213.779,0,37337.22900000001,13107.548999999999,3781.0269999999996,0,14436.329,0,8844.742,0,4646.308,5073.619,7623.169,3770.321,35251.139,3868.982,10961.569,12868.208999999999,32419.839,7123.085,3075.395,0,0,0,7513.196,0,4549.226,3354.042,28389.459,0,6708.483,41736.289000000004,14009.429,9138.61,100,100
No Match,None,unmatched,73729,8.556,17.131,133.5,174.0565,,,,0,0,0,0,0,0,0,0,0,0,1724.584,0,0,0,0,0,0,0,0,0,0,0,0,0,0,0,0,0,0,0,0,0,0,0,0,0,0,0,0,0,0,0,100,100
No Match,None,unmatched,53490,2.13,17.399,135.55,174.0566,,,,0,3462.4629999999997,0,0,0,0,0,0,0,0,1360.008,0,0,0,0,0,0,0,0,0,0,0,0,0,0,0,1170.064,0,0,0,0,0,0,0,0,0,0,0,0,0,0,0,100,100
No Match,None,unmatched,63940,1.205,17.338,135.1,174.0568,,,,0,2125.6699999999996,0,0,0,0,0,0,0,0,0,0,0,0,0,0,0,0,0,0,0,0,0,0,0,0,1433.089,0,0,0,0,0,0,0,0,0,0,0,0,0,0,0,100,100
No Match,None,unmatched,67015,4.23,17.334,135.07,174.0569,,,,0,1605.584,0,0,0,0,0,0,0,0,0,0,0,0,0,0,0,0,0,0,0,0,0,0,0,0,1467.573,0,0,0,0,0,0,0,0,0,0,0,0,0,0,0,100,100
No Match,None,unmatched,88379,2.2275,17.307,135.17000000000002,174.0588,,,,0,0,0,0,0,0,0,0,0,0,0,0,0,0,0,0,0,0,0,0,0,0,0,0,0,0,2851.1025,0,0,0,0,0,0,0,0,0,0,0,0,0,0,0,100,100
No Match,None,unmatched,30637,1.274,16.688,129.905,174.99025,,,,0,0,0,0,0,0,0,0,0,0,0,0,0,0,0,0,0,0,0,0,0,0,0,0,0,0,0,0,0,0,0,0,0,0,0,0,0,0,0,0,0,0,100,100
No Match,None,unmatched,51398,8.1715,16.603,129.33499999999998,174.9926,,,,621.7773,857.2717,0,0,1029.433,1344.829,0,0,0,0,774.5217,691.6456000000001,0,0,0,0,0,963.6529,0,0,0,0,0,0,0,1216.506,0,0,0,546.4939,0,0,0,0,0,0,916.8778,0,1544.221,0,903.0821,0,100,100
No Match,None,unmatched,93354,11.773,16.599,129.25,174.9929,,,,0,0,0,0,0,642.0331,0,0,0,0,0,0,0,0,0,0,0,0,0,0,0,0,0,0,0,0,0,0,0,0,0,0,0,0,0,0,0,0,0,0,0,0,100,100
No Match,None,unmatched,45567,4.634,16.609,129.42,174.9932,,,,0,0,0,643.3664,0,0,867.8022,963.1435,0,0,0,1354.406,1310.586,0,0,520.8016,0,932.0675,0,0,0,0,0,0,654.0713000000001,632.3445,0,0,0,0,0,0,511.2456,0,0,0,0,0,0,0,0,0,100,100
No Match,None,unmatched,55603,5.936999999999999,16.594,129.42000000000002,174.9934,,,,848.5608,0,0,586.2361000000001,0,735.1742,0,763.357,0,1023.068,0,866.7339000000001,1135.945,0,1692.2048,1568.7830000000001,0,0,1062.184,0,0,0,0,1110.186,0,769.7969,0,0,0,856.6984,0,0,673.8143,1359.1390000000001,0,0,0,0,589.3063000000001,0,0,0,100,100
No Match,None,unmatched,54649,3.3875,16.609,129.425,174.9935,,,,0,0,0,0,1867.7105000000001,516.1218,0,1601.0904,0,0,0,0,0,0,0,791.1077,711.6167,1265.4481,1294.688,0,0,0,0,0,968.3236,0,0,0,537.0218,0,0,0,0,0,0,0,0,0,0,0,0,0,100,100
No Match,None,unmatched,65393,7.855,16.63,129.56,174.9943,,,,0,0,0,0,0,1226.58,0,0,589.5713000000001,0,0,0,0,0,0,0,0,0,0,0,0,0,0,0,0,0,0,0,0,0,0,0,0,0,0,0,0,0,0,1096.455,0,0,100,100
No Match,None,unmatched,94733,6.288,17.19,133.83,175.0616,,,,0,0,0,0,0,0,0,0,0,0,0,0,0,0,0,0,0,0,0,0,0,0,0,0,0,0,0,0,0,0,0,0,0,0,0,0,0,0,0,0,0,0,100,100
No Match,None,unmatched,29454,5.478000000000001,17.782,138.64333333333335,175.07666666666668,,,,0,108162.8998,20647.755,0,0,0,0,1103.426,0,0,9685.267100000001,0,0,0,0,701.8735,0,0,0,0,0,0,2616.885,0,0,0,8371.118999999999,0,0,0,0,0,2108.167,0,0,0,0,0,1443.047,0,0,0,100,100
No Match,None,unmatched,31936,3.475,17.889,139.35,175.0769,,,,0,0,0,2629.5939999999996,0,0,0,0,0,0,0,0,0,0,0,0,0,0,0,0,0,5381.244,0,0,0,0,0,0,0,0,0,0,0,0,0,0,956.0671,0,5058.94,6746.817,0,0,100,100
No Match,None,unmatched,65995,2.09,18.264,142.23,175.0978,,,,0,1649.839,0,0,0,0,0,0,0,0,0,0,0,0,0,0,0,0,0,0,0,0,0,0,0,1574.374,0,0,0,0,0,0,0,0,0,0,0,0,0,0,0,0,100,100
No Match,None,unmatched,67979,2.416,16.812,131.07999999999998,176.0175,,,,0,0,0,0,809.2974,0,0,0,0,0,0,0,0,0,0,0,0,0,0,0,0,0,0,0,0,0,0,0,0,0,0,0,0,2946.7236,0,0,0,0,0,0,0,0,100,100
No Match,None,unmatched,81550,3.294,17.13,133.47,176.0191,,,,0,0,0,0,0,0,0,0,0,0,0,0,0,0,0,0,0,0,0,0,0,0,0,0,0,0,0,0,0,0,0,0,0,1474.686,0,0,0,0,0,0,0,0,100,100
No Match,None,unmatched,20709,1.7645,17.184,131.055,176.0352,,,,0,12565.089,0,1837.8790000000001,0,0,0,0,0,0,15137.119,0,2465.6429999999996,0,0,0,0,0,0,0,0,0,7777.112,0,0,0,13128.739,0,0,0,0,5687.507,0,0,0,0,0,0,0,0,0,0,100,100
No Match,None,unmatched,76014,1.2378749999999998,16.498,128.38875000000002,176.0361625,,,,0,0,0,2857.3819999999996,0,0,1658.9886000000001,0,834.9032,0,0,0,14846.0707,11120.4476,0,0,0,0,0,0,0,860.1544,0,0,0,0,0,0,0,0,0,0,0,0,0,0,0,0,885.4612000000001,7641.244100000001,0,0,100,100
No Match,None,unmatched,79949,2.674,16.914,131.72,176.0371,,,,0,1030.008,0,0,0,0,0,0,0,0,0,0,0,0,0,0,0,0,0,0,0,0,0,0,0,0,581.837,0,0,0,0,0,0,0,0,0,0,0,0,0,0,0,100,100
No Match,None,unmatched,44413,2.353,17.265,134.46,176.0373,,,,0,3732.7729999999997,0,0,0,0,0,0,0,0,0,0,0,0,0,0,0,0,0,0,0,0,0,0,3771.816,2278.276,0,0,0,0,0,0,0,0,0,0,0,0,0,0,0,0,100,100
No Match,None,unmatched,59757,4.329,17.942,139.68,176.0722,,,,0,3158.7039999999997,0,0,0,0,0,0,0,0,0,0,0,0,0,0,0,0,0,0,0,0,0,0,0,0,1218.877,0,0,0,0,0,0,0,0,0,0,0,0,0,0,0,100,100
No Match,None,unmatched,88666,7.861,17.922,139.61,176.0844,,,,0,0,0,0,0,0,0,0,0,0,0,0,0,0,0,0,0,0,0,0,0,0,0,0,0,0,0,0,0,0,0,0,0,0,0,0,0,0,0,0,951.0214,0,100,100
No Match,None,unmatched,77878,6.8088,18.213,143.07199999999997,176.10892,,,,0,6746.493699999999,0,0,0,0,0,0,0,0,13256.296199999999,0,0,0,0,0,0,0,0,0,0,0,3112.0409999999997,0,0,0,27761.712,0,0,0,0,0,0,0,0,0,0,0,0,0,0,0,100,100
No Match,None,unmatched,77724,1.56,16.718,129.565,177.0299,,,,0,0,0,0,0,0,625.5418000000001,0,0,0,1072.223,0,0,0,0,0,0,0,0,0,0,0,0,0,0,0,0,0,0,0,0,0,0,0,0,0,744.2836,0,0,0,0,0,100,100
No Match,None,unmatched,58300,3.5905,17.699,137.70999999999998,177.0677,,,,0,700.4347,0,0,0,0,0,0,0,0,1390.16,0,0,0,721.7481,0,0,0,0,0,868.2435,0,0,0,0,0,0,0,0,0,0,0,0,0,0,1253.478,0,5224.923,0,0,0,0,100,100
No Match,None,unmatched,84122,3.9945000000000004,17.921,140.05,177.09269999999998,,,,1830.917,0,0,1706.316,0,0,0,0,0,0,0,0,0,0,0,0,0,0,0,0,0,0,0,0,0,0,0,0,0,0,0,0,0,0,0,0,0,0,4936.025,3304.551,0,0,100,100
No Match,None,unmatched,68681,8.484,18.044,140.5,177.0932,,,,0,0,0,0,0,0,0,0,0,0,0,0,0,0,0,0,0,0,0,0,0,0,2836.593,0,0,0,0,0,0,0,0,0,0,0,0,0,0,0,0,0,0,0,100,100
No Match,None,unmatched,85240,7.044,18.028,140.37,177.0935,,,,0,0,0,0,0,0,0,0,0,0,0,0,0,0,0,0,0,0,0,0,0,0,1183.421,0,0,0,0,0,0,0,0,0,0,0,0,0,0,0,0,0,0,0,100,100
No Match,None,unmatched,58529,5.795,18.083,140.75,177.0936,,,,0,971.0400000000001,0,0,0,0,0,0,0,0,0,0,0,0,0,0,0,0,0,0,0,0,1140.182,0,0,2532.5069999999996,0,0,0,0,0,0,0,0,0,0,0,0,0,0,0,0,100,100
No Match,None,unmatched,92399,0.712,17.305,134.72,178.0186,,,,0,0,0,0,0,0,0,0,0,0,0,0,0,0,0,0,0,0,0,0,0,0,0,0,0,0,715.1784,0,0,0,0,0,0,0,0,0,0,0,0,0,0,0,100,100
No Match,None,unmatched,78152,1.402,17.621,136.91,178.05190000000002,,,,0,54432.269,6765.608,0,0,0,0,0,0,0,68187.45409999999,0,0,0,0,0,0,0,0,0,0,0,38475.699,0,18517.039,8323.4,51817.526300000005,0,0,0,0,51187.049000000006,0,0,0,0,0,0,0,0,0,0,100,100
No Match,None,unmatched,72518,2.808,17.728,138,178.052,,,,0,0,0,0,0,0,0,0,0,0,0,0,0,0,0,0,0,0,0,0,0,0,0,0,0,2352.3199999999997,0,0,0,0,0,0,0,0,0,0,0,0,0,0,0,0,100,100
No Match,None,unmatched,91658,1.746,18.037,140.23,178.0872,,,,0,766.0105,0,0,0,0,0,0,0,0,0,0,0,0,0,0,0,0,0,0,0,0,0,0,0,0,0,0,0,0,0,0,0,0,0,0,0,0,0,0,0,0,100,100
No Match,None,unmatched,92596,3.842,17.55,136.4,179.0399,,,,0,701.7638000000001,0,0,0,0,0,0,0,0,0,0,0,0,0,0,0,0,0,0,0,0,0,0,0,0,0,0,0,0,0,0,0,0,0,0,0,0,0,0,0,0,100,100
No Match,None,unmatched,83379,6.961,17.59,136.88,179.0727,,,,0,0,0,0,0,0,0,0,0,0,0,0,0,0,0,0,0,0,0,0,0,0,0,0,0,0,0,0,0,0,0,1325.393,0,0,0,0,0,0,0,0,0,0,100,100
No Match,None,unmatched,47201,6.387,18.552,144.21,179.108,,,,0,2996.366,0,0,0,0,0,0,0,0,2245.298,0,0,0,0,0,0,0,0,0,0,0,0,0,0,0,3159.482,0,0,0,0,0,0,0,0,0,0,0,0,0,0,0,100,100
No Match,None,unmatched,65431,6.226,18.538,144.05,179.1163,,,,0,3307.201,0,0,0,0,0,0,0,0,0,0,0,0,0,0,0,0,0,0,0,0,0,0,0,0,0,0,0,0,0,0,0,0,0,0,0,0,0,0,0,0,100,100
No Match,None,unmatched,36922,5.519,18.544,144.09,179.1188,,,,0,9085.017,0,0,0,0,0,0,0,0,6216.581999999999,0,0,0,0,0,0,0,0,0,0,0,0,0,0,0,0,0,0,0,0,0,0,0,0,0,0,0,0,0,0,0,100,100
No Match,None,unmatched,78785,2.01,17.196,133.78,180.0308,,,,0,0,0,0,0,0,0,0,0,0,0,0,0,0,0,0,0,0,0,578.6033,0,1135.923,0,0,0,0,0,0,0,0,0,0,0,0,0,0,0,0,0,0,0,0,100,100
No Match,None,unmatched,58017,2.202,18.586,144.48,180.1043,,,,0,1407.893,0,0,0,0,0,0,0,0,0,0,0,0,0,0,0,0,0,0,0,0,1524.8700000000001,0,0,0,1836.334,0,0,0,0,0,0,0,0,0,0,0,0,0,0,0,100,100
No Match,None,unmatched,51343,0.614,16.279,126.55,181.0149,,,,0,1771.087,0,0,0,0,0,0,0,0,0,0,0,0,0,0,0,0,0,0,0,0,0,0,0,0,4944.825,0,0,0,0,0,0,0,0,0,0,0,0,0,0,0,100,100
No Match,None,unmatched,20989,0.647,16.961,131.82,181.0366,,,,5214.21,0,0,4873.38,0,0,3312.9739999999997,1364.612,1389.115,0,0,1643.722,5648.425,5048.255,0,0,0,0,2071.249,0,0,5986.585,0,0,0,0,0,0,0,0,0,0,0,2862.354,926.5169000000001,0,5866.884,0,3668.9919999999997,2500.6099999999997,0,0,100,100
No Match,None,unmatched,60617,4.274,18.19,141.42,181.037,,,,0,0,0,0,0,0,0,0,0,0,0,0,0,0,0,0,0,0,0,0,0,0,1026.778,0,0,0,0,1722.92,0,0,0,0,0,1448.665,0,0,0,0,0,0,0,0,100,100
No Match,None,unmatched,66079,0.65,17.555,136.4,181.051,,,,0,0,797.482,1704.619,0,0,0,0,0,0,0,0,0,0,0,0,0,0,0,0,0,0,0,0,0,0,0,0,0,0,0,0,0,710.9798000000001,0,0,0,0,0,0,0,0,100,100
No Match,None,unmatched,8045,0.6,18.321,142.29500000000002,181.0514,,,,24693.499,6899.09,0,41165.65900000001,1044.7,17281.159,0,0,14050.739,0,2080.294,0,0,0,0,0,0,16843.519,25568.109,14372.739,11975.649,18952.949,0,21829.699,0,878.9989,1893.929,0,0,9821.333999999999,8200.474,2866.7549999999997,19113.819,8511.112,0,8776.993,42296.72900000001,0,0,40630.119000000006,0,11252.489,100,100
No Match,None,unmatched,61717,3.3434999999999997,17.711,138.265,181.05355,,,,0,5792.047999999999,0,0,0,0,0,0,0,0,0,0,0,0,0,0,0,0,0,0,0,0,0,0,0,643.9414,0,0,0,0,0,0,0,0,0,0,0,0,0,0,0,0,100,100
No Match,None,unmatched,29245,0.588,18.49,143.73,181.0697,,,,0,0,0,0,0,0,0,0,0,0,0,0,0,0,0,0,0,0,0,0,0,0,1355.68,0,0,0,0,0,0,0,0,0,0,0,0,0,0,0,0,14177.298999999999,9456.878,0,100,100
No Match,None,unmatched,64773,2.658,17.045,132.35,182.0008,,,,0,0,3416.9829999999997,0,0,0,0,0,0,0,0,0,0,0,0,0,0,0,0,0,0,0,0,0,0,0,0,0,0,0,0,0,0,0,0,0,0,0,0,0,0,0,100,100
No Match,None,unmatched,46357,1.6645,16.909,131.47500000000002,182.0463,,,,664.331,1485.731,1213.128,0,685.8011,0,3680.2392,4330.456999999999,0,3364.1980000000003,942.5754000000001,13346.22,0,1793.2528,0,0,0,0,9186.447,0,0,0,3486.1620000000003,1014.924,867.6391,1790.3700000000001,0,1124.9270000000001,0,0,0,1136.463,6080.370199999999,3351.187,924.0451,0,11832.956,0,5666.202,0,0,0,100,100
No Match,None,unmatched,71650,1.823,16.912,131.48,182.0502,,,,0,0,0,0,0,0,0,0,0,0,0,0,0,0,883.3384,0,0,0,0,0,0,0,899.7527,0,673.4214000000001,0,0,0,0,0,0,0,0,0,0,0,0,0,0,0,0,0,100,100
No Match,None,unmatched,95653,11.59,16.953,131.75,182.9779,,,,0,0,0,0,0,0,0,0,0,0,0,0,0,0,0,0,0,0,0,0,0,0,0,0,0,0,0,0,0,0,0,0,0,0,0,0,0,0,0,0,0,0,100,100
No Match,None,unmatched,44451,12.197,16.948,131.61,182.9788,,,,1006.486,0,1111.411,1290.998,0,0,0,0,0,761.2172,0,1027.345,785.302,0,866.7021,0,0,0,0,0,0,0,0,0,0,0,0,0,0,977.2587,0,0,869.1116000000001,0,0,0,0,0,0,0,0,578.609,100,100
No Match,None,unmatched,95147,11.584,16.824,130.59,182.982,,,,0,0,0,0,0,0,0,0,0,0,0,0,0,0,0,0,0,0,0,0,0,0,0,0,0,0,0,0,0,0,0,0,0,0,0,0,0,0,0,0,0,0,100,100
No Match,None,unmatched,80188,12.695,16.93,131.52,182.9821,,,,0,0,0,0,0,0,0,0,0,0,0,534.9611,0,0,0,0,0,0,0,0,0,0,0,0,0,0,0,0,676.7615000000001,0,0,0,0,0,0,0,0,0,0,0,0,0,100,100
No Match,None,unmatched,89492,2.173,16.469,128.01,183.0061,,,,0,0,0,0,0,0,0,0,0,0,0,0,0,0,0,0,0,0,0,0,0,0,0,0,0,0,0,0,0,0,0,0,0,0,0,0,0,0,0,0,898.8176,0,100,100
No Match,None,unmatched,57057,11.93975,17.671,137.15749999999997,183.01277499999998,,,,7335.655,5960.299999999999,925.6587000000001,0,1267.808,3910.2032000000004,6216.535,1461.478,5236.2429999999995,1148.204,10605.3967,4710.085,2236.5812,15430.612,13472.229,93190.228,3428.1787999999997,0,15389.183,13049.095,2316.345,0,6148.8099999999995,1400.508,14817.717,2307.6429999999996,12654.176,2862.9121,5462.9529999999995,8247.757,5541.089,8694.234,3064.388,3616.497,20028.642999999996,19113.842,11961.471,15513.719,15332.987,11878.139,16237.296999999999,19528.666,100,100
No Match,None,unmatched,25418,12.410666666666666,17.661,137.16333333333333,183.01293333333334,,,,19393.079999999998,17185.149,7882.157,13249.744999999999,7906.838,13107.0464,17555.14,12658.419,10079.499,10942.445199999998,34991.9845,17351.589,18580.089,26557.9144,20024.220999999998,128106.39600000001,10883.349,14215.819,19638.529,12035.913,16050.698,9268.698,17375.649,23897.039,36738.227000000006,19281.184400000002,17212.149,15518.269,10237.159,17185.629,10986.099,18021.149,19849.082,14429.868999999999,25901.429,33683.9926,22464.469,31360.279,35976.189000000006,26957.859,27299.949,44089.679000000004,100,100
No Match,None,unmatched,46682,13.134,17.65,137.14,183.0137,,,,0,0,0,0,0,0,0,0,0,0,0,0,0,0,0,7717.773,0,0,0,0,0,0,0,0,0,0,0,0,0,0,0,0,0,0,0,0,0,912.4407,0,0,0,0,100,100
No Match,None,unmatched,22827,0.784,16.966,131.82,183.0304,,,,0,0,0,8272.633,0,0,4752.0599999999995,0,0,0,0,0,0,0,0,0,0,0,6568.163,0,0,1901.68,0,4705.464,0,0,0,640.1581,0,0,0,0,1171.351,0,0,0,10511.309,0,976.7090000000001,4257.425,0,0,100,100
No Match,None,unmatched,66865,5.899,17.335,134.7,183.0445,,,,0,0,0,0,0,0,0,0,0,0,0,0,0,0,0,0,0,0,0,0,0,0,1367.625,0,0,0,0,1728.08,0,0,0,0,0,0,0,0,0,0,0,0,0,0,100,100
No Match,None,unmatched,31022,3.308,17.965,139.52,183.0455,,,,0,0,0,0,5487.125,0,0,0,0,0,0,0,0,0,0,0,0,0,0,0,0,0,0,0,0,15287.529,0,0,0,0,0,0,0,1886.969,0,0,0,0,0,0,0,0,100,100
No Match,None,unmatched,33250,5.876,17.818,138.43,183.046,,,,0,0,0,0,0,0,0,0,0,0,0,0,0,0,0,0,0,0,0,0,0,0,1340.344,0,0,7138.134,0,4592.772,0,0,0,0,0,6301.7609999999995,0,0,0,0,0,0,0,0,100,100
No Match,None,unmatched,83304,1.3513333333333335,17.724,137.43666666666667,183.0667,,,,2013.269,0,1184.272,5325.478,4027.8309999999997,1654.734,2716.6737000000003,0,0,2550.495,4162.2919999999995,2427.781,0,3365.515,0,2157.127,0,1319.041,1108.161,16346.117999999999,0,0,0,2087.3089999999997,0,0,2310.4979999999996,23109.995,1216.477,0,29169.019,0,11101.14,4741.5109999999995,0,2612.3445,761.3290000000001,1531.545,0,0,4103.21,0,100,100
No Match,None,unmatched,13316,2.066,18.46,144.005,183.10355,,,,0,25829.579,0,0,0,0,0,0,0,0,15028.128999999999,0,0,0,0,0,0,0,0,0,0,0,9854.876,0,0,59899.141,29475.189,2460.504,0,0,0,0,0,3185.8179999999998,0,0,0,0,0,0,0,0,100,100
No Match,None,unmatched,42377,6.428,18.208,141.58499999999998,183.1035,,,,0,5913.2449,0,0,0,0,0,0,0,0,0,0,0,0,0,0,0,0,0,0,0,0,1440.223,0,0,0,0,0,0,0,0,4314.735,0,0,0,0,0,0,0,0,0,0,100,100
No Match,None,unmatched,67427,2.829,18.463,143.42,183.1037,,,,0,0,0,0,0,0,0,0,0,0,0,0,0,0,0,0,0,0,0,0,0,0,0,0,0,3011.3129999999996,0,0,0,0,0,0,0,0,0,0,0,0,0,0,0,0,100,100
No Match,None,unmatched,74118,1.555,17.594,136.81,184.04455000000002,,,,0,0,0,0,0,0,0,0,0,0,0,0,0,0,0,0,0,0,0,0,0,0,0,0,0,4124.581,0,0,0,0,0,0,0,0,0,0,0,0,0,0,0,0,100,100
No Match,None,unmatched,70385,4.582,18.162,141.04000000000002,184.07715,,,,0,6307.353999999999,0,0,0,0,0,0,0,0,4855.906,0,0,0,0,0,0,0,0,0,0,0,1188.512,0,0,0,4810.7029999999995,0,0,0,0,0,0,0,0,0,0,0,0,0,0,0,100,100
No Match,None,unmatched,95870,2.016,13.484,104.88,184.0962,,,,0,0,0,0,0,0,0,0,0,0,0,0,0,0,0,0,0,0,0,0,0,0,0,0,0,0,0,0,0,0,0,0,0,0,0,0,0,0,0,0,0,0,100,100
No Match,None,unmatched,90751,2.131,12.563,97.62,184.0977,,,,0,821.3467,0,0,0,0,0,0,0,0,0,0,0,0,0,0,0,0,0,0,0,0,0,0,0,0,0,0,0,0,0,0,0,0,0,0,0,0,0,0,0,0,100,100
No Match,None,unmatched,6760,1.9645000000000001,18.628,144.225,184.09885,,,,0,144301.399,2104.913,0,0,0,0,0,0,0,87694.049,0,0,0,1054.648,0,0,0,0,0,0,0,85236.58899999999,0,29408.166,2086.4069999999997,123824.89899999999,0,0,0,0,43329.449,0,0,0,1020.884,0,0,0,0,0,0,100,100
No Match,None,unmatched,84179,12.425,14.913,115.9,184.9877,,,,0,0,0,0,0,0,0,0,0,0,0,0,0,0,0,0,0,0,0,0,0,0,0,0,0,0,0,0,0,0,0,0,1260.708,0,0,0,0,0,0,0,0,0,100,100
No Match,None,unmatched,83501,1.2149999999999999,16.835,130.845,184.9928,,,,0,0,0,0,0,0,0,0,0,0,0,0,0,0,0,0,0,0,0,0,2863.4719999999998,0,0,0,0,0,0,0,0,0,0,0,0,0,0,0,0,0,0,0,0,0,100,100
No Match,None,unmatched,16871,2.481,17.844,138.54,185.0283,,,,0,0,0,0,0,0,0,0,0,0,0,0,0,0,0,0,0,0,0,0,0,0,84224.879,0,0,0,0,0,0,0,0,0,0,0,0,0,0,0,0,0,0,0,100,100
No Match,None,unmatched,37912,2.644,17.516,136.225,185.03730000000002,,,,0,0,0,0,3566.9649999999997,0,0,0,0,6071.992,0,0,0,0,0,0,0,0,0,0,0,0,0,0,0,0,0,596.2937000000001,0,0,0,1993.743,0,5141.862999999999,0,0,0,0,0,0,0,0,100,100
No Match,None,unmatched,55294,2.018333333333333,18.593,144.14000000000001,185.10173333333333,,,,0,0,0,0,0,0,0,0,0,0,0,0,0,0,0,0,0,0,0,0,0,0,0,0,0,0,0,0,0,0,0,0,0,0,0,0,0,0,0,0,0,0,100,100
No Match,None,unmatched,16963,3.211,18.67,144.87,185.1186,,,,0,0,0,0,10902.589,0,0,0,0,12569.159,0,0,0,0,0,0,0,0,0,0,0,0,16983.549,0,0,0,0,21337.569,0,0,0,5932.062,0,15388.519,0,0,0,0,0,0,0,0,100,100
No Match,None,unmatched,13089,3.5,17.669,137.095,186.0565,,,,0,0,0,1625.078,0,0,5432.102,37545.519,0,0,0,0,0,0,4432.594,0,0,0,0,2026.2540000000001,0,17959.779,0,0,0,15474.889,7090.956,0,0,31661.339,0,0,0,0,0,0,0,0,18576.789,798.0571,0,0,100,100
No Match,None,unmatched,72771,3.105,18.69,144.94,186.0933,,,,0,1451.864,0,0,0,0,0,0,0,0,0,0,0,0,0,0,0,0,0,0,0,0,0,0,0,0,872.7218,0,0,0,0,0,0,0,0,0,0,0,0,0,0,0,100,100
No Match,None,unmatched,38140,2.391,15.069,116.94,187.0038,,,,3187.674,0,0,0,0,0,0,0,1861.417,0,1529.395,0,0,0,0,0,0,0,0,0,0,0,0,0,0,755.3963,0,0,0,0,0,0,5023.715999999999,1774.202,0,0,0,0,0,0,0,0,100,100
No Match,None,unmatched,78141,2.348,3.741,29.55,187.0044,,,,0,0,0,0,0,0,0,0,0,0,0,0,0,0,0,0,0,0,0,0,0,0,0,0,0,0,0,1776.1000000000001,0,0,0,0,0,0,0,0,0,0,0,0,0,0,100,100
No Match,None,unmatched,81948,2.5445,13.18,119.69500000000001,187.0054,,,,0,0,0,0,0,0,0,0,0,0,0,0,0,0,0,0,0,0,0,0,0,0,0,0,0,1440.125,0,0,0,0,0,0,0,0,0,0,0,0,0,0,0,0,100,100
No Match,None,unmatched,74990,2.389,3.357,26.59,187.0055,,,,0,0,0,0,0,0,0,0,0,0,0,0,0,0,0,0,0,0,0,0,0,0,0,0,0,0,0,0,0,2080.145,0,0,0,0,0,0,0,0,0,0,0,0,100,100
No Match,None,unmatched,47974,2.426,15.545,120.63,187.0057,,,,0,0,1341.88,4102.438,0,0,0,0,0,0,0,0,0,0,0,0,0,0,0,0,0,0,0,1711.614,0,0,0,0,0,0,569.7209,0,0,0,0,0,0,0,0,0,0,0,100,100
No Match,None,unmatched,51250,2.386,8.386,37.355,187.006,,,,0,0,0,2947.1409999999996,0,0,0,0,0,0,0,1102.778,0,0,666.4038,0,0,0,0,0,2698.567,0,0,0,0,0,0,0,0,0,0,0,0,0,0,0,0,0,0,0,0,0,100,100
No Match,None,unmatched,58008,2.39175,3.597,144.37,187.0066,,,,8079.508,5231.134,0,0,0,0,3090.97,0,4768.139,2610.567,960.7573,1619.285,2061.134,0,9679.990999999998,9419.4474,0,0,0,0,1077.554,0,3776.1079999999997,2887.468,0,0,0,0,9423.161,0,0,0,6936.907999999999,0,7133.407999999999,0,1758.645,0,0,7355.593,7194.7429999999995,0,100,100
No Match,None,unmatched,69857,2.371,7.946,62.02,187.0075,,,,0,0,0,0,0,0,0,0,0,0,0,0,0,0,0,0,565.224,0,0,0,0,0,2108.3529999999996,0,0,0,0,0,0,0,0,0,0,0,0,0,0,0,0,0,0,0,100,100
No Match,None,unmatched,30736,2.387,14.417,69.325,187.0081,,,,2203.488,3156.3028999999997,0,3280.529,0,0,2977.8779999999997,5262.8508,0,0,0,678.1597,1858.25,1589.227,0,3860.0409999999997,0,3157.9719999999998,0,0,0,3768.0696999999996,1048.228,0,0,0,1276.519,7169.675,0,0,3830.2149999999997,0,0,620.4429,0,0,2658.276,0,0,0,0,0,100,100
No Match,None,unmatched,79109,2.328,2.455,90.45666666666666,187.0086,,,,0,1328.984,0,0,0,0,0,0,0,0,0,0,0,0,0,0,1638.372,0,0,0,0,0,0,1172.8310000000001,0,0,0,0,0,0,0,0,0,0,0,0,0,0,0,0,0,1187.92,100,100
No Match,None,unmatched,58087,2.3875,14.72,66.64999999999999,187.0088,,,,0,0,0,0,0,0,0,0,0,0,0,0,0,0,0,0,0,0,0,0,0,0,1144.847,0,0,0,0,0,1599.2517,0,0,0,0,0,0,0,1784.336,0,0,0,1300.036,0,100,100
No Match,None,unmatched,84063,2.3925,19.951,138.895,187.0092,,,,0,0,0,0,0,0,0,0,0,1332.422,0,0,756.8869,0,0,0,0,799.7666,0,0,0,0,1090.428,909.4357,0,0,1091.685,0,0,0,0,0,0,0,0,0,2162.2019999999998,0,0,0,0,1557.787,100,100
No Match,None,unmatched,76359,2.4,0.523,4.58,187.0094,,,,0,0,0,0,0,0,0,0,0,0,0,0,0,1945.636,0,0,0,0,0,0,0,0,0,0,0,0,0,0,0,0,0,0,0,0,0,0,0,0,0,0,0,0,100,100
No Match,None,unmatched,95373,2.39275,13.359,103.74749999999999,187.01,,,,1229.241,0,997.8675000000001,0,0,0,2193.9559999999997,0,0,0,0,0,0,0,0,0,0,0,0,0,0,0,0,0,1078.117,0,0,0,0,0,0,0,1706.659,0,0,0,0,0,0,0,0,0,100,100
No Match,None,unmatched,46689,2.3834999999999997,4.237,49.64,187.0101,,,,0,0,812.3156,0,0,0,0,0,0,0,0,0,813.1284,0,0,0,0,677.6266,0,0,0,0,0,1284.42,0,0,0,0,1776.013,0,0,0,0,5163.49,0,0,1502.8710999999998,0,0,0,0,0,100,100
No Match,None,unmatched,62680,2.389666666666667,8.723,91.46999999999998,187.01020000000003,,,,0,0,0,0,0,0,3430.812,0,6204.874,2900.7929999999997,6168.397,3433.319,0,957.6744,0,0,0,636.4347,0,0,0,0,0,0,0,0,0,0,0,0,0,0,1250.606,2545.47,0,0,2547.5359999999996,0,5640.775,0,713.0842,0,100,100
No Match,None,unmatched,87922,2.43,5.028,39.35,187.0105,,,,0,0,0,0,0,0,0,0,998.3448000000001,0,0,0,0,0,0,0,0,0,0,0,0,0,0,0,0,0,0,0,0,0,0,0,0,0,0,0,0,0,0,0,0,0,100,100
No Match,None,unmatched,44433,2.394,10.168,79.09,187.0106,,,,2514.0829999999996,0,0,0,0,1033.738,0,0,0,0,0,0,0,0,0,0,0,2854.5519999999997,0,0,0,0,2893.4109999999996,0,0,0,0,0,0,0,0,0,0,0,0,0,0,0,0,0,0,0,100,100
No Match,None,unmatched,88200,2.339,4.661,36.65,187.0117,,,,0,0,0,0,0,0,0,0,0,0,0,0,0,0,0,981.4344,0,0,0,0,0,0,0,0,0,0,0,0,0,0,0,0,0,0,0,0,0,0,0,0,0,0,100,100
No Match,None,unmatched,74452,2.388,16.188,125.58,187.016,,,,0,0,0,0,0,0,0,0,1617.736,0,0,0,0,0,0,0,0,0,0,0,0,516.6593,0,0,0,0,0,0,0,0,0,0,0,0,0,0,0,0,0,0,0,0,100,100
No Match,None,unmatched,76316,2.378,10.182,79.13,187.0163,,,,0,0,1500.15,0,0,0,0,0,0,0,0,0,0,0,0,0,0,0,0,0,0,0,0,0,0,0,0,0,0,0,0,0,0,0,0,0,0,0,0,0,0,0,100,100
No Match,None,unmatched,94139,2.327,13.416,104.1,187.023,,,,0,574.5553,0,0,0,0,0,0,0,0,0,0,0,0,0,0,0,0,0,0,0,0,0,0,0,0,0,0,0,0,0,0,0,0,0,0,0,0,0,0,0,0,100,100
No Match,None,unmatched,95270,9.428,17.305,134.28,187.0417,,,,0,0,0,0,0,0,0,0,0,0,0,0,0,0,0,0,0,0,0,0,0,0,0,0,0,0,0,0,0,0,0,0,0,0,0,0,0,0,0,0,0,0,100,100
No Match,None,unmatched,60436,3.176,17.299,134.23,187.0524,,,,0,0,0,0,0,0,0,0,0,0,0,0,0,0,0,0,0,0,0,0,0,0,0,0,0,4236.275,0,0,0,0,0,0,0,0,0,0,0,0,0,0,0,0,100,100
No Match,None,unmatched,93293,6.867,18.359,142.42,187.0753,,,,0,0,0,0,0,0,0,0,0,0,0,0,0,0,0,0,0,0,0,0,0,0,0,0,0,0,0,0,0,0,0,0,0,0,0,647.7184,0,0,0,0,0,0,100,100
No Match,None,unmatched,16539,2.395,17.697,137.25,187.0918,,,,0,0,0,0,0,0,0,0,0,0,0,0,0,0,0,0,0,0,0,0,0,0,0,0,0,0,0,0,0,0,0,0,0,0,0,0,0,0,0,0,0,0,100,100
No Match,None,unmatched,73969,0.8995,18.164,140.675,187.098,,,,8589.488,6407.124,7157.405,4560.922,68888.159,1274.688,0,0,8927.657,88042.069,9193.264,5561.29,12961.809,13839.628999999999,0,27079.859,6187.9,0,20556.329,3362.768,5509.174,7105.365,189663.399,24873.549,2969.2819999999997,3120.814,15117.199,217314.09900000002,9845.264,10725.878999999999,16098.399,98537.169,8129.7429999999995,258339.299,16547.069,21314.139,5778.91,26633.999,9960.452,5562.116,15034.199,12056.482,100,100
No Match,None,unmatched,82428,0.518,18.399,142.64,187.1109,,,,0,0,752.0252,0,0,0,0,0,0,0,0,0,0,0,0,0,0,0,650.2959000000001,0,0,0,0,0,0,0,0,0,0,0,0,0,0,0,0,0,0,0,0,0,0,0,100,100
No Match,None,unmatched,52380,2.398,17.685,137.13,187.1196,,,,0,0,0,0,0,0,0,0,0,0,0,0,0,0,0,0,0,0,0,0,0,0,0,0,0,0,0,0,0,0,0,0,0,0,0,0,0,0,0,0,0,0,100,100
No Match,None,unmatched,95823,2.399,5.477,42.94,188.007,,,,0,0,0,0,0,0,0,0,0,0,0,0,0,0,0,0,0,0,0,0,0,0,0,0,0,0,0,0,0,0,0,0,0,0,0,0,0,0,0,0,0,0,100,100
No Match,None,unmatched,51411,3.596,17.094,132.6,188.0341,,,,0,0,0,0,0,0,0,0,0,0,0,0,0,0,0,0,0,0,0,0,0,0,0,0,0,6690.576,0,0,0,0,0,0,0,0,0,0,0,0,0,0,0,0,100,100
No Match,None,unmatched,76503,1.682,18.046,139.95,188.0389,,,,0,0,0,0,0,0,0,0,0,0,0,0,0,0,0,0,0,0,0,0,0,0,938.2926,0,0,0,0,992.4289,0,0,0,0,0,0,0,0,0,0,0,0,0,0,100,100
No Match,None,unmatched,93432,0.513,10.46,81.4,188.0421,,,,0,0,0,0,0,0,0,0,0,0,0,0,0,0,0,0,0,0,0,0,0,0,0,0,0,0,0,0,0,0,0,0,0,0,634.8061,0,0,0,0,0,0,0,100,100
No Match,None,unmatched,94874,0.628,10.107,78.53,188.045,,,,0,0,0,0,0,0,0,0,0,503.2787,0,0,0,0,0,0,0,0,0,0,0,0,0,0,0,0,0,0,0,0,0,0,0,0,0,0,0,0,0,0,0,0,100,100
No Match,None,unmatched,76523,0.628,11.085,140.64,188.0457,,,,0,0,0,0,0,0,0,1404.21,1929.45,0,0,0,0,0,0,0,0,0,0,0,0,0,0,0,0,0,0,1297.0810000000001,0,0,0,0,0,1109.794,0,1313.357,0,0,0,0,0,0,100,100
No Match,None,unmatched,76522,0.641,10.368,80.69,188.0464,,,,0,0,0,0,0,0,0,0,0,0,0,0,0,0,0,0,0,0,0,0,0,0,0,0,1253.229,0,0,0,0,0,0,0,0,0,0,0,0,676.234,0,0,0,0,100,100
No Match,None,unmatched,80368,0.595,24.226,103.48,188.0475,,,,0,0,0,0,0,0,0,0,0,0,0,0,1297.118,0,0,0,0,0,0,0,0,561.0612,0,0,0,0,0,0,0,0,0,0,0,0,1013.268,0,0,0,0,0,0,0,100,100
No Match,None,unmatched,34541,0.589,18.244,141.44,188.0484,,,,1301.858,0,0,1406.922,0,0,0,0,0,0,0,0,0,0,0,0,1155.852,867.9074,0,0,0,4271.541,0,0,0,0,0,0,0,920.1424000000001,0,0,0,0,4145.9,0,0,0,0,0,1837.243,0,100,100
No Match,None,unmatched,76772,0.64,2.223,17.82,188.0487,,,,0,0,0,0,0,0,0,0,0,0,0,0,0,0,0,0,0,0,0,0,0,0,0,0,0,0,1903.151,0,0,0,0,0,0,0,0,0,0,0,0,0,0,0,100,100
No Match,None,unmatched,93056,0.618,2.55,20.35,188.0488,,,,0,0,0,0,0,0,0,0,0,0,0,0,0,0,0,0,0,0,0,0,0,0,0,0,0,0,0,0,0,0,0,0,0,0,0,0,0,665.8501,0,0,0,0,100,100
No Match,None,unmatched,44929,2.59,17.893,138.77,188.0718,,,,0,0,0,0,0,0,0,0,0,0,0,0,0,0,0,0,0,0,0,0,0,0,0,0,0,0,0,0,0,0,0,0,0,0,0,0,0,0,0,0,0,0,100,100
No Match,None,unmatched,56695,9.051,17.962,139.19,188.0726,,,,0,1168.226,0,0,0,0,0,0,0,0,1167.924,0,0,0,0,0,0,0,0,0,0,0,0,0,0,0,2754.607,0,0,0,0,0,0,0,0,0,0,0,0,0,0,0,100,100
No Match,None,unmatched,89865,7.565,16.951,131.46,188.9372,,,,0,0,0,0,0,0,0,0,0,0,0,0,0,0,0,0,0,0,0,0,0,0,0,0,0,0,0,0,0,0,0,0,0,0,0,0,522.5365,0,0,0,0,0,100,100
No Match,None,unmatched,51434,3.13,16.972,131.58,188.9384,,,,0,0,790.583,0,0,0,0,571.647,0,0,0,0,0,0,0,0,0,1226.0430000000001,0,0,0,696.6007000000001,0,0,0,0,0,0,822.3061,890.9198,0,0,0,0,0,0,975.3896,0,0,711.3457000000001,0,0,100,100
No Match,None,unmatched,50612,4.332,16.961,131.52,188.9393,,,,0,0,0,0,0,0,773.6424000000001,0,0,0,0,0,0,0,529.0707,0,686.9217,0,0,0,0,694.7514,0,0,0,0,1094.494,0,0,0,0,1099.637,0,927.5518000000001,0,0,0,0,0,702.3729000000001,0,0,100,100
No Match,None,unmatched,45990,1.8995000000000002,16.976,131.52499999999998,188.93990000000002,,,,0,0,0,0,0,0,0,0,0,0,0,0,1064.135,0,2490.4417,0,882.7578,1378.0435000000002,570.8414,1334.711,1210.3220000000001,0,0,0,0,0,0,0,0,1934.4270000000001,0,0,0,0,0,0,0,0,0,0,529.5414000000001,764.1609,100,100
No Match,None,unmatched,96023,5.172,16.976,131.66,188.9421,,,,0,0,0,0,0,0,0,0,0,0,0,0,0,0,0,0,0,0,0,0,0,0,0,0,0,0,0,0,0,0,0,0,0,0,0,0,0,0,0,0,0,0,100,100
No Match,None,unmatched,71152,0.5916666666666667,22.786,126.96333333333332,188.98426666666668,,,,2619.667,898.6817,0,1445.513,0,0,8663.432999999999,0,956.8331000000001,0,0,2132.613,0,0,0,0,0,0,0,0,0,0,0,0,0,0,0,0,0,0,0,0,2520.8849999999998,0,0,0,3957.3399999999997,0,0,543.9972,0,0,100,100
No Match,None,unmatched,94516,0.584,2.036,141.74,188.9848,,,,1106.651,5536.86,0,0,0,0,5303.2029999999995,0,0,0,0,0,741.3334,0,539.6009,0,0,0,0,0,0,0,0,0,0,819.5642,0,0,0,0,0,0,0,0,0,0,2454.58,0,0,0,0,0,100,100
No Match,None,unmatched,75069,0.564,1.917,15.45,188.985,,,,0,0,0,0,0,0,0,0,0,0,0,0,0,0,0,0,0,0,0,0,0,0,0,0,0,0,0,2071.769,0,0,0,0,0,0,0,0,0,0,0,0,0,0,100,100
No Match,None,unmatched,18089,0.5805,26.607,132.635,188.9851,,,,4556.413,4082.182,2404.6409999999996,0,0,0,14218.399,6959.246999999999,0,0,0,6405.7339999999995,17171.057,0,621.1268,0,0,0,0,0,0,2988.9519999999998,0,0,0,0,0,0,0,0,0,0,4692.902,0,2116.2279999999996,0,5836.836,0,1813.269,0,0,0,100,100
No Match,None,unmatched,62377,0.609,8.214,63.9,188.9853,,,,0,0,0,0,0,0,0,1645.084,0,0,0,0,2205.8509999999997,0,0,0,0,0,0,0,0,0,0,0,0,0,0,0,0,0,0,0,0,0,0,0,0,0,0,0,0,0,100,100
No Match,None,unmatched,46926,0.5945,32.305,142.035,188.9856,,,,1519.371,1596.635,0,0,0,0,2311.2259999999997,2407.8559999999998,2468.8635,0,0,0,0,0,0,0,0,0,0,0,0,0,0,0,0,0,0,0,0,0,0,0,0,0,0,0,0,0,0,0,0,0,100,100
No Match,None,unmatched,55652,0.56,14.856,115.14,188.9861,,,,0,966.1251,0,0,0,0,4410.661,0,0,0,0,0,0,0,0,0,0,0,0,0,0,0,0,0,0,0,0,0,0,0,0,0,0,0,0,0,0,0,0,0,0,0,100,100
No Match,None,unmatched,51958,0.718,27.049,130.71666666666667,188.9865,,,,934616.1919999999,684770.799,962649.299,1188189.999,526849.799,217312.69900000002,1029791.635,1445028.999,1334397.962,700436.0989999999,437810.799,787382.5989999999,874667.499,259919.69900000002,289267.099,589823.0989999999,399403.799,764185.5989999999,512314.199,203345.499,341682.799,626965.0989999999,734463.6989999999,1152001.999,634818.5989999999,340530.199,194825.399,842972.299,0,0,238245.3396,526987.899,1278365.999,546885.899,0,0,2013168.999,349268.89900000003,2216205.999,764286.107,291195.799,351023.89900000003,100,100
No Match,None,unmatched,74239,0.639,8.687,88.486,188.9867,,,,1444550.999,2498684.999,1203912.999,1088797.999,643331.899,561170.299,2779843.999,2260694.999,1238971.999,565295.5989999999,455233.199,1338280.8590000002,2067750.8150000002,316098.799,529061.799,574476.899,516592.999,692307.5989999999,547773.799,646667.5989999999,315879.199,919247.0989999999,524161.499,986742.5989999999,643869.499,820425.299,93299.079,577592.5989999999,241281.698,115107.818,662992.999,329076.199,2346803.258,273884.499,1013160.5779999999,493648.708,2397813.0689999997,424890.89900000003,1705594.999,1162156.999,732858.999,636195.0989999999,100,100
No Match,None,unmatched,49420,1.008,16.718,129.62,188.9868,,,,0,0,0,0,0,0,0,0,0,0,0,0,0,0,0,0,0,0,0,0,0,0,0,0,0,0,0,0,0,0,0,0,0,0,3421.008,0,0,0,0,0,0,0,100,100
No Match,None,unmatched,22757,0.7355,17.427,137.87,188.9869,,,,0,0,0,0,0,0,0,0,0,0,0,0,0,0,0,0,0,0,0,0,0,0,0,0,0,0,0,0,0,0,0,0,0,0,0,0,1524.702,0,2003.48,767.6761,0,0,100,100
No Match,None,unmatched,76140,0.563,4.861,38.03,188.9877,,,,0,0,0,0,0,0,0,0,0,0,0,1964.657,0,0,0,0,0,0,0,0,0,0,0,0,0,0,0,0,0,0,0,0,0,0,0,0,0,0,0,0,0,0,100,100
No Match,None,unmatched,94839,0.602,2.515,19.94,188.9883,,,,0,506.7952,0,0,0,0,0,0,0,0,0,0,0,0,0,0,0,0,0,0,0,0,0,0,0,0,0,0,0,0,0,0,0,0,0,0,0,0,0,0,0,0,100,100
No Match,None,unmatched,90896,0.5825,14.402,95.15,188.9887,,,,1792.4470000000001,912.2846000000001,0,0,0,0,0,0,1106.792,0,0,0,0,0,0,0,0,0,0,0,0,0,0,0,0,0,0,0,0,0,0,0,0,0,0,0,0,0,0,812.0407,0,0,100,100
No Match,None,unmatched,55826,0.552,10.659,72.975,188.9888,,,,0,0,0,0,0,0,0,0,0,0,0,0,0,0,0,0,0,0,0,0,0,0,0,2057.845,0,0,0,0,0,0,0,0,2890.4689999999996,0,0,0,0,0,0,0,0,0,100,100
No Match,None,unmatched,83764,0.612,10.269,79.75,188.9889,,,,0,0,0,0,0,0,1294.729,0,0,0,0,0,0,0,0,0,0,0,0,0,0,0,0,0,0,0,0,0,0,0,0,0,0,0,0,0,0,0,0,0,0,0,100,100
No Match,None,unmatched,94265,0.589,8.88,69.18,188.989,,,,0,0,0,0,0,0,0,0,0,0,0,0,0,0,0,0,0,0,0,0,0,0,0,0,0,0,0,0,0,0,0,0,0,0,0,0,0,0,562.567,0,0,0,100,100
No Match,None,unmatched,81032,0.589,16.066,124.63,188.9891,,,,0,0,0,0,0,0,0,0,0,0,0,0,0,0,0,0,0,0,0,0,0,0,0,0,0,0,0,0,0,0,0,0,0,0,0,0,0,0,1519.205,0,0,0,100,100
No Match,None,unmatched,93074,0.577,2.933,23.810000000000002,188.9894,,,,0,0,0,0,0,0,0,0,0,0,0,0,0,0,0,0,0,0,0,0,0,0,586.6788,0,0,0,0,0,0,0,0,0,0,0,0,0,0,0,664.5053,0,0,0,100,100
No Match,None,unmatched,79264,0.573,6.323,49.31,188.9896,,,,0,0,0,0,0,0,1090.247,0,581.4894,0,0,0,0,0,0,0,0,0,0,0,0,0,0,0,0,0,0,0,0,0,0,0,0,0,0,0,0,0,0,0,0,0,100,100
No Match,None,unmatched,75943,0.587,18.404,142.59,188.9897,,,,0,0,0,0,0,0,0,1388.637,0,0,0,0,0,0,0,0,0,0,0,0,0,0,0,594.7191,0,0,0,0,0,0,0,0,0,0,0,0,0,0,0,0,0,0,100,100
No Match,None,unmatched,88151,0.571,4.782,37.57,188.9915,,,,0,0,0,0,0,0,0,0,0,0,0,0,0,0,0,0,0,0,0,0,0,0,0,0,0,0,0,0,0,0,0,0,984.923,0,0,0,0,0,0,0,0,0,100,100
No Match,None,unmatched,50628,2.28025,16.015,124.265,188.9959,,,,1774.167,0,853.5879,2556.5229999999997,3573.8603999999996,5098.497,0,4369.7,5237.788,2411.3192,0,1831.873,8594.445,3394.341,0,2042.172,0,1865.712,0,0,1212.0040000000001,1749.7284,0,0,0,0,0,606.1864,2962.1899999999996,2455.4765,2107.879,0,951.2926,3169.3909999999996,0,509.26070000000004,0,902.4259000000001,619.5697,0,0,3173.4849999999997,100,100
No Match,None,unmatched,95712,2.221,16.001,123.97,189.0039,,,,0,0,0,0,0,0,0,0,0,0,0,0,0,0,0,0,0,0,0,0,0,0,0,0,0,0,0,0,0,0,0,0,0,0,0,0,0,0,0,0,0,0,100,100
No Match,None,unmatched,90094,9.517,17.566,136.2,189.055,,,,0,0,0,0,0,0,0,0,0,0,0,0,0,0,0,0,0,0,0,0,0,0,0,0,0,861.937,0,0,0,0,0,0,0,0,0,0,0,0,0,0,0,0,100,100
No Match,None,unmatched,90626,5.53,17.83,137.875,189.0661,,,,0,0,0,0,2209.1884,0,0,0,0,0,0,0,0,0,0,0,0,0,0,0,0,0,0,0,0,0,0,0,0,0,0,0,0,0,0,0,0,0,0,0,0,0,100,100
No Match,None,unmatched,60601,2.292586206896552,17.905,138.00689655172414,189.0678,,,,13011.015,0,0,33828.6321,1307236.298,42750.187999999995,71736.27,38073.668000000005,5584.322999999999,2204273.775,0,244957.223,10785.703,0,2827.1789999999996,79173.1556,0,0,767042.7339999999,49217.392,14988.051,219135.87949999998,135430.62200000003,305376.78500000003,475938.33700000006,0,0,1050552.185,0,0,71319.479,1000455.9974000001,166388.661,1248258.328,653704.494,383747.42270000005,98818.543,69694.5366,9606.7933,166679.993,9760.638,1092.433,100,100
No Match,None,unmatched,36021,1.039,16.769,129.97,189.0706,,,,0,0,0,0,0,0,0,0,0,0,0,0,0,0,0,0,0,0,0,0,0,0,0,0,0,0,0,0,0,0,0,0,0,0,0,0,0,0,0,0,0,0,100,100
No Match,None,unmatched,30134,0.588,17.417,134.97,189.0714,,,,0,0,0,0,0,0,0,0,0,0,0,0,0,0,0,0,0,0,0,0,0,0,0,0,0,0,0,0,0,0,0,0,0,0,0,0,0,0,0,0,0,0,100,100
No Match,None,unmatched,88394,2.333,17.687,137.13,189.076,,,,0,0,0,0,0,0,0,0,0,0,0,0,0,0,0,0,0,0,0,0,0,0,0,0,0,0,0,0,0,0,0,0,0,968.9026,0,0,0,0,0,0,0,0,100,100
No Match,None,unmatched,81512,8.513,18.837,145.84,189.0908,,,,0,1477.576,0,0,0,0,0,0,0,0,0,0,0,0,0,0,0,0,0,0,0,0,0,0,0,0,0,0,0,0,0,0,0,0,0,0,0,0,0,0,0,0,100,100
No Match,None,unmatched,60522,6.998400000000001,18.539,143.98600000000002,189.09288,,,,1541.5053,0,0,0,1729.984,0,689.7248000000001,0,798.6413,0,0,0,0,0,0,0,0,0,0,0,991.1151,0,0,0,0,0,0,0,549.698,0,0,642.9215,0,1480.751,0,13169.5023,0,1372.017,0,0,0,0,100,100
No Match,None,unmatched,40825,3.896333333333333,18.962,145.96666666666667,189.0919666666667,,,,0,7319.786,0,1105.519,0,0,0,0,0,0,2290.4873,0,0,0,0,0,0,0,0,0,0,0,0,0,0,0,5149.561,0,0,0,0,0,0,0,0,0,0,0,2508.9559999999997,0,0,0,100,100
No Match,None,unmatched,85979,6.458,18.559,143.86,189.0963,,,,0,0,0,0,0,0,0,0,0,0,0,0,0,0,0,0,0,0,0,0,0,0,0,0,0,0,0,0,0,0,0,0,0,0,0,1126.832,0,0,0,0,0,0,100,100
No Match,None,unmatched,65689,0.59,17.396,134.73,189.1021,,,,0,0,0,0,0,0,0,0,0,0,0,0,0,0,0,0,0,0,0,0,0,0,0,0,0,0,0,0,0,0,0,0,0,0,0,0,0,0,0,0,0,0,100,100
No Match,None,unmatched,95686,6.191,17.058,132.24,189.9797,,,,0,0,0,0,0,0,0,0,0,0,0,0,0,0,0,0,0,0,0,0,0,0,0,0,0,0,0,0,0,0,0,0,0,0,0,0,0,0,0,0,0,0,100,100
No Match,None,unmatched,55459,0.8983333333333334,16.782,130.03333333333333,189.98963333333333,,,,24817.799,0,19912.279,0,0,0,0,0,0,0,0,0,0,0,0,0,0,0,0,0,0,0,0,36885.459,15127.199,0,0,0,0,0,0,0,0,0,0,0,0,0,0,0,0,0,100,100
No Match,None,unmatched,59979,1.766,17.595,136.38,190.0006,,,,0,0,0,0,0,0,0,0,0,0,0,0,0,0,0,0,0,0,0,0,0,0,4330.679,0,0,0,0,0,0,0,0,0,0,0,0,0,0,0,0,0,0,0,100,100
No Match,None,unmatched,83829,2.732,18.071,140.05,190.0517,,,,0,0,0,0,0,0,0,0,0,0,0,0,0,0,0,0,0,0,0,0,0,0,687.2613,0,0,0,0,0,0,0,0,601.3105,0,0,0,0,0,0,0,0,0,0,100,100
No Match,None,unmatched,87172,2.078,17.606,136.3,190.0519,,,,0,0,0,0,0,0,0,0,0,0,0,0,0,0,0,0,0,0,0,0,0,0,0,0,0,0,0,0,0,0,0,0,0,0,0,0,0,0,0,0,0,0,100,100
No Match,None,unmatched,56992,1.5870000000000002,17.796,137.8875,190.070625,,,,0,0,0,0,0,0,0,0,0,0,0,0,0,0,0,0,0,0,23781.649,0,0,0,0,4801.885,0,0,0,0,0,0,0,0,0,0,0,0,0,1011.657,0,0,0,0,100,100
No Match,None,unmatched,88754,1.415,17.798,137.94,190.0736,,,,0,0,0,0,0,0,0,0,0,0,0,0,0,0,0,0,0,0,0,0,0,0,0,0,0,0,0,0,0,0,0,0,0,0,0,0,0,0,0,0,0,0,100,100
No Match,None,unmatched,82010,4.982,18.58,143.98,190.0867,,,,0,0,0,0,0,0,0,0,0,0,0,0,0,0,0,0,0,0,0,0,0,0,0,0,0,0,1435.305,0,0,0,0,0,0,0,0,0,0,0,0,0,0,0,100,100
No Match,None,unmatched,93682,2.475,18.403,142.45,190.0901,,,,0,615.0024000000001,0,0,0,0,0,0,0,0,0,0,0,0,0,0,0,0,0,0,0,0,0,0,0,0,0,0,0,0,0,0,0,0,0,0,0,0,0,0,0,0,100,100
No Match,None,unmatched,24682,0.9113333333333333,16.778,130.04999999999998,190.98486666666668,,,,0,0,21415.349,0,0,0,0,0,0,0,0,0,0,0,0,0,0,0,0,0,0,0,0,0,0,0,0,0,0,0,0,0,0,0,0,0,0,0,0,0,0,0,100,100
No Match,None,unmatched,81301,0.562,17.535,135.87,190.9841,,,,0,0,0,0,0,0,0,0,0,0,0,0,0,0,0,0,0,0,0,0,0,0,0,0,0,0,0,0,0,0,0,0,0,0,0,0,0,0,0,0,0,0,100,100
No Match,None,unmatched,75492,2.663,15.87,122.88,190.9914,,,,2031.738,0,0,0,0,0,0,0,0,0,0,0,0,0,0,0,0,0,0,0,0,0,0,0,0,0,0,0,0,0,0,0,0,0,0,0,0,0,0,0,0,0,100,100
No Match,None,unmatched,94473,0.828,16.802,130.22,190.9943,,,,0,0,0,0,0,0,0,0,0,0,0,0,0,0,0,543.836,0,0,0,0,0,0,0,0,0,0,0,0,0,0,0,0,0,0,0,0,0,0,0,0,0,0,100,100
No Match,None,unmatched,7875,5.098,17.512,135.66,191.0181,,,,0,8120.304,0,0,2211,1346.825,0,0,0,3967.3379999999997,12652.729,0,0,0,13270.759,711.9857000000001,0,5179.344999999999,0,4278.311,19436.959,0,0,6838.476,6568.0019999999995,0,17267.299,0,37899.639,9546.798999999999,12102.809,23779.119,0,42662.039000000004,91357.58899999999,7072.21,0,38338.959,0,0,5622.378,14939.708999999999,100,100
No Match,None,unmatched,84150,0.881,16.519,127.96,191.0199,,,,0,0,0,0,0,0,631.6113,0,0,0,0,0,0,0,0,0,0,0,0,0,0,0,0,0,0,0,0,0,0,0,631.3987000000001,0,0,0,0,0,0,0,0,0,0,0,100,100
No Match,None,unmatched,90867,5.151,17.464,135.33,191.0205,,,,0,0,0,0,0,0,0,0,0,0,0,0,0,0,0,0,0,0,0,813.6469000000001,0,0,0,0,0,0,0,0,0,0,0,0,0,0,0,0,0,0,0,0,0,0,100,100
No Match,None,unmatched,41273,2.101,17.38,134.86599999999999,191.04772000000003,,,,0,0,0,0,0,0,0,0,0,0,0,0,0,0,0,0,0,0,0,0,0,0,0,0,0,0,0,0,0,0,42163.223,0,0,0,0,0,0,0,0,0,0,0,100,100
No Match,None,unmatched,70583,5.103,17.486,135.49,191.057,,,,0,0,0,0,0,0,0,0,0,0,0,0,0,0,0,0,0,0,0,0,0,0,0,0,0,0,0,0,0,0,0,0,0,0,2579.48,0,0,0,0,0,0,0,100,100
No Match,None,unmatched,74787,7.209,18.355,142.03,191.0578,,,,0,2099.9309999999996,0,0,0,0,0,0,0,0,0,0,0,0,0,0,0,0,0,0,0,0,0,0,0,0,0,0,0,0,0,0,0,0,0,0,0,0,0,0,0,0,100,100
No Match,None,unmatched,55276,5.433,18.285,141.49,191.071,,,,0,4615.981,866.0408,0,0,0,0,0,0,0,0,0,0,0,0,0,0,0,0,0,0,0,0,0,0,0,0,0,0,0,0,0,0,0,0,0,0,0,0,0,0,0,100,100
No Match,None,unmatched,25261,0.649,17.524,135.85,192.03185000000002,,,,0,0,0,3058.508,0,0,8461.722,0,4748.976,0,0,0,1734.511,0,0,0,0,0,0,0,0,0,0,0,0,0,0,0,0,0,0,0,0,0,0,0,11968.079,0,0,6875.534,0,0,100,100
No Match,None,unmatched,88725,1.026,17.929,138.86,192.0663,,,,0,0,0,0,0,0,0,0,0,0,0,0,0,0,0,0,0,0,0,0,0,0,0,0,0,0,947.4801,0,0,0,0,0,0,0,0,0,0,0,0,0,0,0,100,100
No Match,None,unmatched,40148,1.627,18.451,142.82,192.0666,,,,0,5310.516,0,0,0,0,0,0,0,0,1611.019,0,0,0,3576.8759999999997,0,0,0,0,0,0,0,0,0,0,0,0,0,0,0,0,0,0,0,0,1519.055,0,0,0,0,0,0,100,100
No Match,None,unmatched,17988,5.573,18.626,144.24,192.0668,,,,0,0,3401.1699999999996,0,0,997.6419000000001,0,0,0,0,0,0,581.3252,0,6136.503,0,6177.25,2025.349,10663.919,0,0,2683.033,0,4725.419,0,3033.7709999999997,14621.229,1287.412,2845.4759999999997,0,864.0663000000001,986.0400000000001,4322.7119999999995,0,0,0,0,3618.8084,4767.598,0,1578.646,0,100,100
No Match,None,unmatched,51652,1.599,18.425,142.63,192.0688,,,,0,2287.578,0,0,0,0,0,0,0,0,0,0,0,0,0,0,0,0,0,0,0,0,0,0,0,0,2088.578,0,0,0,0,0,0,0,0,0,0,0,0,0,2226.7329999999997,0,100,100
No Match,None,unmatched,60138,2.594,18.882,146.04,192.1034,,,,0,4300.1759999999995,0,0,0,0,0,0,0,0,0,0,0,0,0,0,0,0,0,0,0,0,0,0,0,0,0,0,0,0,0,0,0,0,0,0,0,0,0,0,0,0,100,100
No Match,None,unmatched,87397,7.944,18.837,145.85,192.11,,,,0,0,0,0,0,0,0,0,0,0,0,0,0,0,0,0,1033.5620000000001,0,0,0,0,0,0,0,0,0,0,0,0,0,0,0,0,0,0,0,0,0,0,0,0,0,100,100
No Match,None,unmatched,14283,7.884,18.919,146.44,192.11535,,,,2137.426,0,8611.957,2098.6679999999997,0,881.9745,3630.1059999999998,0,0,1534.699,0,1035.651,5845.634,3275.295,1060.549,6396.532999999999,5861.505999999999,3663.341,8254.455,7185.478,3197.0589999999997,3614.566,0,2366.138,0,0,0,4238.661999999999,3250.2749999999996,4253.375,1146.546,0,5419.812,5257.8679999999995,0,18340.109,929.1269,4659.4619999999995,0,2108.1139999999996,5987.28,6665.121,100,100
No Match,None,unmatched,86019,0.551,15.758,122.09,192.943,,,,0,0,0,0,0,0,0,0,0,0,0,0,0,0,0,0,0,0,0,0,0,0,0,0,0,0,0,0,0,0,1123.598,0,0,0,0,0,0,0,0,0,0,0,100,100
No Match,None,unmatched,25445,2.819,18.201,140.83,193.0336,,,,0,0,0,0,0,0,0,0,0,0,12959.409,0,0,0,0,0,0,0,0,0,0,0,0,0,0,0,0,0,0,0,0,21729.969,0,0,0,0,0,0,0,0,0,0,100,100
No Match,None,unmatched,95200,1.831,18.129,138.5625,193.06317499999997,,,,0,0,0,0,0,2778.332,0,0,0,0,0,0,0,0,2576.6099999999997,775.8315,9103.351,0,0,0,0,0,0,0,0,0,0,0,2561.404,0,0,0,0,0,0,2879.073,0,4504.0181999999995,0,0,845.5476,1964.04,100,100
No Match,None,unmatched,72563,6.481,18.341,141.99,193.0671,,,,0,0,0,0,0,0,0,0,0,0,0,0,0,0,0,0,0,0,0,0,0,0,0,0,0,0,0,0,0,0,0,0,0,2348.451,0,0,0,0,0,0,0,0,100,100
No Match,None,unmatched,94230,5.462,18.501,143.06,193.0839,,,,0,565.7561000000001,0,0,0,0,0,0,0,0,0,0,0,0,0,0,0,0,0,0,0,0,0,0,0,0,0,0,0,0,0,0,0,0,0,0,0,0,0,0,0,0,100,100
No Match,None,unmatched,41353,3.69625,18.632,144.215,193.0875,,,,0,0,0,0,0,0,0,0,0,0,3866.62,0,0,0,0,0,0,0,0,0,0,0,0,0,0,0,7559.994,0,0,831.2436,0,813.9309000000001,0,0,0,0,0,706.5288,0,1341.315,0,0,100,100
No Match,None,unmatched,83100,7.20775,18.405,146.3825,193.08765,,,,0,0,0,0,1065.974,0,0,0,0,1858.797,0,0,0,0,0,0,0,0,0,0,0,0,4943.46,0,1773.17,3610.622,0,3065.8106,0,4070.7619999999997,873.1668000000001,622.4111,0,0,0,0,0,2591.8889999999997,0,0,0,0,100,100
No Match,None,unmatched,42744,14.903,18.492,143.15,193.0878,,,,0,0,0,0,0,0,0,0,0,0,0,0,0,0,0,0,0,890.7974,0,0,0,0,1598.459,0,3601.8779999999997,0,1780.352,0,0,0,0,2862.779,0,0,0,0,0,0,0,0,0,0,100,100
No Match,None,unmatched,62809,2.152,18.989,146.82,193.0883,,,,0,3775.406,0,0,0,0,0,0,0,0,0,0,0,0,0,0,0,0,0,0,0,0,0,0,0,0,0,0,0,0,0,0,0,0,0,0,0,0,0,0,0,0,100,100
No Match,None,unmatched,86012,3.43,16.157,125.13,193.9611,,,,0,0,0,0,0,0,0,0,0,0,0,0,0,0,0,0,0,0,0,0,0,0,0,0,0,1124.026,0,0,0,0,0,0,0,0,0,0,0,0,0,0,0,0,100,100
No Match,None,unmatched,76092,7.484999999999999,17.015,132.02499999999998,193.9731,,,,0,0,0,0,0,0,57827.309,0,10173.569,0,0,0,30537.039,0,0,0,0,0,3303.3450000000003,0,0,10671.208999999999,0,4245.657,0,0,0,1870.202,0,0,0,0,0,1663.415,0,0,5499.724,0,0,4355.346,0,0,100,100
No Match,None,unmatched,60718,0.545,17.796,137.75,193.9969,,,,0,0,0,0,0,0,0,0,0,0,0,0,0,0,0,0,0,0,0,0,0,0,4177.987999999999,0,0,0,0,0,0,0,0,0,0,0,0,0,0,0,0,0,0,0,100,100
No Match,None,unmatched,54359,2.674,17.858,138.14,194.0451,,,,0,0,0,0,0,0,0,0,0,0,1921.018,0,0,0,0,0,0,0,0,0,0,0,0,0,0,0,3815.9779999999996,0,0,0,0,0,0,0,0,0,0,0,0,0,0,0,100,100
No Match,None,unmatched,92130,2.035,18.126,140.13,194.0487,,,,0,0,0,0,0,0,0,0,0,0,732.4416,0,0,0,0,0,0,0,0,0,0,0,0,0,0,0,0,0,0,0,0,0,0,0,0,0,0,0,0,0,0,0,100,100
No Match,None,unmatched,64039,0.647,18.452,142.8,194.05,,,,0,0,0,0,0,0,0,0,0,0,0,0,0,0,0,0,0,0,0,0,0,0,0,0,0,0,0,0,0,0,0,0,0,0,0,0,1632.146,0,0,1437.886,0,0,100,100
No Match,None,unmatched,24717,7.578,17.861,138.15,194.0627,,,,5323.599999999999,0,11775.149,0,0,0,0,6799.605,918.4834000000001,0,0,0,1359.663,3086.058,0,0,0,2111.788,0,0,1444.651,0,0,0,0,0,0,0,0,616.6039000000001,0,0,3604.4089999999997,0,0,0,0,0,0,0,0,0,100,100
No Match,None,unmatched,67006,1.723,18.229,141,194.0687,,,,0,0,0,0,0,0,0,0,0,0,0,0,0,0,0,0,0,0,0,0,0,0,0,0,0,0,0,0,0,0,0,0,0,0,0,0,0,0,0,2618.8779999999997,0,0,100,100
No Match,None,unmatched,45698,9.505,18.45,142.54000000000002,194.08305000000001,,,,1502.601,849.9748000000001,1458.75,1470.6643,4445.826999999999,3442.446,1956.88,661.3387,3969.174,4543.995999999999,3620.2740000000003,1878.098,1389.148,5361.242399999999,2276.2309999999998,2773.6349999999998,9580.25,4462.911999999999,799.7539,3665.442,3739.2533,1115.479,1365.7972,4013.4849999999997,0,3792.355,1733.3046,2366.4579999999996,2186.223,2137.475,0,1660.8790000000001,1130.196,0,1500.501,20121.097999999998,2577.2,0,5209.364,5828.277,6366.812,1389.127,100,100
No Match,None,unmatched,52458,2.26,18.437,142.6,194.0835,,,,0,2897.0589999999997,0,0,0,0,0,0,0,0,521.9602,0,0,0,0,0,0,0,0,0,0,0,0,0,0,2222.759,679.2597000000001,0,0,0,0,0,0,0,0,0,0,0,0,0,0,0,100,100
No Match,None,unmatched,40994,9.558,18.417,142.49,194.0852,,,,0,0,0,792.3266,0,0,0,0,671.3248,0,0,0,0,0,0,0,0,0,0,0,0,1093.698,1279.797,0,1101.648,0,0,0,0,970.6551000000001,0,0,0,0,0,3455.908,0,0,0,0,0,2066.038,100,100
No Match,None,unmatched,92849,4.282857142857143,16.093,124.02857142857144,194.90650000000002,,,,0,0,0,0,889.8966,0,0,0,0,0,0,0,0,0,4162.9439999999995,1768.5693,2138.6486,0,12043.544999999998,5734.641799999999,5685.4914,7528.1837,0,538.4594000000001,0,0,0,2746.402,3705.7623000000003,2291.9429,5082.9726,0,1962.5035,0,2706.4777000000004,1010.115,3382.5554,1903.991,5334.7534,0,4584.316,4007.1032,100,100
No Match,None,unmatched,51074,5.8045,16.006,123.97500000000001,194.9067,,,,0,0,0,0,1385.867,0,0,0,0,0,0,0,0,0,3960.7042,2184.2273,0,895.0154,4611.5671999999995,1402.0256,1924.1012,4397.3301,920.4208,1373.618,0,649.1723000000001,0,0,3162.3317,4449.826599999999,0,0,554.2233,0,3270.6858,883.6985,1815.6313,798.9375,3178.9106,0,0,0,100,100
No Match,None,unmatched,53660,6.365500000000001,15.975,123.775,194.9059,,,,0,0,0,0,0,0,0,0,0,0,0,0,0,0,796.9823,0,0,0,2987.333,2032.1970000000001,1382.9175,1176.751,0,1167.403,0,0,0,0,0,0,0,0,0,0,1048.599,0,737.8593000000001,0,1149.348,0,0,0,100,100
No Match,None,unmatched,91422,5.14,15.977,123.7,194.9151,,,,0,0,0,0,0,0,0,0,0,0,0,0,0,0,0,0,0,780.5242000000001,0,0,0,0,0,0,0,0,0,0,0,0,0,0,0,0,0,0,0,0,0,0,0,0,100,100
No Match,None,unmatched,90978,1.704,17.269,133.64,195.0492,,,,0,0,0,0,0,0,0,0,0,0,0,0,0,0,0,0,0,0,0,0,0,0,0,0,0,0,0,0,0,0,0,0,0,0,806.3915000000001,0,0,0,0,0,0,0,100,100
No Match,None,unmatched,29156,0.5509999999999999,17.235,133.37,195.05205,,,,0,0,0,0,0,0,0,0,0,0,2436.0989999999997,0,0,0,0,0,0,0,0,0,0,0,3465.4399999999996,0,9524.758,3090.785,0,0,0,0,0,1971.637,2346.2819999999997,0,1566.3098,3594.892,0,2385.026,0,0,0,0,100,100
No Match,None,unmatched,33453,0.693,17.87,138.24,195.064,,,,0,0,0,0,0,0,0,0,0,1549.548,0,0,0,0,0,0,0,0,0,0,0,0,2972.97,0,0,0,0,5080.416,0,0,0,1306.169,0,8195.134,0,0,0,0,0,0,0,0,100,100
No Match,None,unmatched,46841,2.934,18.834,145.61,195.1018,,,,0,7367.6449999999995,0,0,0,0,0,0,0,0,0,0,0,0,0,0,0,0,0,0,0,0,0,0,0,0,1189.558,0,0,0,0,0,0,0,0,0,0,0,0,0,0,0,100,100
No Match,None,unmatched,29123,3.768,18.768,145.02,195.1021,,,,0,26001.849,0,0,0,0,0,0,0,0,0,0,0,0,0,0,0,0,0,0,0,0,0,0,0,0,0,0,0,0,0,0,0,0,0,0,0,0,0,0,0,0,100,100
No Match,None,unmatched,41769,3.9035,20.74,134.01500000000001,195.1033,,,,0,14272.556,0,0,0,0,0,0,0,0,2938.1859999999997,0,0,0,0,0,0,0,0,0,0,0,0,0,0,0,5155.396,0,0,0,0,11678.47,0,0,0,0,0,0,0,1246.064,0,0,100,100
No Match,None,unmatched,91375,4.299333333333333,20.32,122.16666666666667,195.10500000000002,,,,0,784.0968,0,0,0,0,0,0,0,0,0,0,0,0,0,0,0,0,0,0,0,0,0,0,0,0,0,0,0,0,0,0,0,0,0,0,0,0,0,640.6935,0,0,100,100
No Match,None,unmatched,52843,3.689,18.791,145.25,195.1046,,,,0,3373.12,0,0,0,0,0,0,0,0,1391.925,0,0,0,0,0,0,0,0,0,0,0,0,0,0,0,1439.739,0,0,0,0,0,0,0,0,0,0,0,0,0,0,0,100,100
No Match,None,unmatched,93477,2.836,18.754,144.92,195.105,,,,0,631.226,0,0,0,0,0,0,0,0,0,0,0,0,0,0,0,0,0,0,0,0,0,0,0,0,0,0,0,0,0,0,0,0,0,0,0,0,0,0,0,0,100,100
No Match,None,unmatched,61199,3.424,16.137,124.89,195.9598,,,,0,0,0,0,0,0,0,0,0,0,0,0,0,0,0,0,0,0,0,0,0,0,0,0,1170.345,0,2910.0649999999996,0,0,0,0,0,0,0,0,0,0,0,0,0,0,0,100,100
No Match,None,unmatched,40914,1.681,17.896,138.35,196.0107,,,,0,687.7941000000001,0,0,0,0,0,0,0,0,0,0,0,0,0,0,0,0,0,0,0,0,11262.779,0,0,0,0,0,0,0,0,0,0,0,0,0,0,0,0,0,0,0,100,100
No Match,None,unmatched,63625,0.6505,18.228,140.79,196.062,,,,0,0,0,0,0,0,0,0,0,0,0,0,0,28192.539,0,0,0,0,0,0,0,0,0,0,0,0,0,0,0,0,17477.959,0,0,0,0,0,0,0,0,0,0,0,100,100
No Match,None,unmatched,94678,0.605,17.178,132.54500000000002,196.99505,,,,0,0,0,0,0,0,0,0,0,0,0,0,0,0,0,0,0,0,0,0,0,0,0,0,0,0,0,1548.1870000000001,0,0,0,0,0,1205.9164,0,0,0,0,0,0,0,0,100,100
No Match,None,unmatched,44112,2.2593333333333336,17.577,135.82000000000002,196.99536666666668,,,,2727.029,0,0,0,0,2144.6569999999997,0,0,0,0,0,0,0,0,1777.846,0,805.1009,626.8814,0,0,0,0,0,0,0,0,0,0,0,4723.7519999999995,0,0,2304.171,0,0,0,0,0,0,0,1858.4810000000002,0,100,100
No Match,None,unmatched,91710,12.057,18.688,144.48,197.0319,,,,0,0,0,0,0,0,0,0,0,0,0,0,0,0,0,762.4638,0,0,0,0,0,0,0,0,0,0,0,0,0,0,0,0,0,0,0,0,0,0,0,0,0,0,100,100
No Match,None,unmatched,37243,2.6399999999999997,17.557,135.875,197.03629999999998,,,,0,0,0,0,621.6582000000001,0,0,0,0,0,0,0,0,0,0,0,0,0,0,0,0,0,13442.714,0,3095.8149999999996,0,0,1626.94,0,0,0,0,0,0,0,0,0,0,0,0,0,0,100,100
No Match,None,unmatched,42678,1.218,17.928,138.57,197.0452,,,,0,0,0,0,0,0,0,0,0,0,0,0,0,2155.0829999999996,0,0,0,0,0,0,0,0,0,0,0,0,0,0,0,0,0,1038.434,0,0,0,0,7581.882,0,0,0,0,0,100,100
No Match,None,unmatched,66408,1.201,17.846,138,197.0475,,,,0,0,0,0,0,0,0,0,0,0,0,0,0,0,0,0,0,0,0,0,0,0,0,0,0,0,0,0,0,0,0,0,0,0,0,0,3165.267,0,0,0,0,0,100,100
No Match,None,unmatched,23389,7.033,18.922,146.23,197.0611,,,,0,0,714.0189,0,2073.312,1177.309,0,1037.648,0,0,1964.97,0,0,0,2415.2929999999997,3507.8619999999996,1753.817,0,0,2602.91,1492.486,0,0,0,0,1954.957,5332.786999999999,2092.825,0,0,0,2992.616,2277.269,0,0,3448.451,0,0,0,0,0,3979.0919999999996,100,100
No Match,None,unmatched,11924,4.5435,19.149,147.66500000000002,197.1179,,,,0,42688.35,0,0,0,0,0,0,0,0,35505.40900000001,0,0,0,3325.531,0,0,0,0,0,0,0,21331.159,0,7057.688,9405.934,47881.959,0,0,0,0,4161.724999999999,0,0,0,844.261,0,3406.1609999999996,0,0,0,0,100,100
No Match,None,unmatched,21233,5.648000000000001,18.887,147.36,197.11860000000001,,,,0,42525.785,0,0,0,0,0,0,0,0,8945.3,0,0,0,0,0,0,0,0,0,0,0,4859.3769999999995,0,0,2863.3669999999997,26192.674,0,0,0,0,19276.687,0,0,0,0,0,0,0,0,0,0,100,100
No Match,None,unmatched,78163,2.481,17.623,136.24,198.0445,,,,0,0,0,0,0,0,0,0,0,0,0,0,0,0,0,0,0,0,0,0,0,0,1773.2930000000001,0,0,0,0,0,0,0,0,0,0,0,0,0,0,0,0,0,0,0,100,100
No Match,None,unmatched,95219,0.502,14.776,114.34,198.0736,,,,0,0,0,0,0,0,0,0,0,0,0,0,0,0,0,0,0,0,0,0,0,0,0,0,0,0,0,0,0,0,0,0,0,0,0,0,0,0,0,0,0,0,100,100
No Match,None,unmatched,68402,0.612,18.685,144.33,198.0746,,,,0,0,0,0,0,0,0,0,0,1185.638,0,0,0,0,0,0,0,0,0,0,0,0,0,0,0,0,0,0,0,0,0,1687.595,0,0,0,0,0,0,0,0,0,0,100,100
No Match,None,unmatched,42113,6.636,18.001,138.95,199.0034,,,,0,3867.6569999999997,0,0,0,1748.339,0,0,0,0,3010.774,0,0,2503.18,0,0,0,0,0,0,0,0,0,0,0,0,0,0,0,0,0,0,0,0,0,0,0,0,0,0,0,0,100,100
No Match,None,unmatched,50292,8.62495,18.13,140.27550000000002,199.00661499999995,,,,211161.299,292765.088,185619.296,284614.387,29185.949,162225.723,256263.68800000002,192065.238,306303.20800000004,0,125274.33600000001,177083.288,225155.91800000003,370541.812,0,127356.75,88487.52100000001,127552.913,82607.34,116663.60800000001,43534.787,62987.948000000004,64712.367,257739.137,66330.26800000001,75755.905,450845.36400000006,82032.959,92462.489,110641.699,42568.775,231185.80500000002,335986.506,256925.21700000003,0,126693.204,287162.409,139115.955,497098.277,224066.637,80565.38,53777.699,100,100
No Match,None,unmatched,67743,4.51,17.959,138.78,199.0049,,,,0,0,0,0,0,0,0,0,0,0,0,0,0,0,0,0,0,0,0,0,0,0,0,0,0,0,0,0,0,0,0,0,0,0,0,2969.2239999999997,0,0,0,0,0,0,100,100
No Match,None,unmatched,23313,3.348,18.213,140.71,199.0058,,,,0,0,0,0,0,11356.259,0,0,0,0,0,0,0,0,0,0,10909.579,0,0,0,0,0,0,0,0,0,0,9200.357,0,0,0,0,0,0,0,6082.741,0,0,0,0,0,4348.4,100,100
No Match,None,unmatched,12511,6.804,18.162,140.32,199.0059,,,,0,10721.289,0,0,0,3918.982,0,0,0,0,0,0,0,0,0,0,0,0,0,25228.029,11925.298999999999,0,0,12976.798999999999,12284.419,0,9111.085,0,0,16852.079,15455.839,9375.423999999999,0,0,0,0,0,14516.609,0,0,0,11779.579,100,100
No Match,None,unmatched,9421,7.356230769230769,18.16,135.7276923076923,199.00692692307695,,,,520750.95700000005,576551.708,374627.17000000004,157461.687,500391.134,581446.892,349053.397,584421.7609999999,582551.8940000001,510787.608,520203.51300000004,422381.226,159493.256,393611.851,416917.48600000003,212444.82,479985.292,487597.248,792448.968,537185.538,459556.35900000005,87044.868,597266.509,522390.417,525686.873,347261.586,420472.368,644812.691,591533.497,651834.338,503022.52,660260.231,693355.04,416385.734,388997.54880000005,587463.382,423407.706,308324.1622,423878.856,69725.648,235115.513,295643.27200000006,100,100
No Match,None,unmatched,13469,4.497285714285714,18.167,140.26714285714286,199.0073,,,,74676.439,107300.959,15692.409,136975.507,23148.579,74862.278,73805.728,60756.56800000001,231521.186,0,8653.749,103410.599,0,41948.858,23258.689,108762.34599999999,40084.499,63222.35800000001,31047.559,33859.15900000001,140735.97,62582.638000000006,7079.958,43416.218,45668.199,102036.477,102293.407,36053.693,79440.83799999999,87759.748,13098.809,75850.57699999999,21444.609,73846.87800000001,48230.839,15923.019,154272.207,43903.288,159117.788,161246.16700000002,52801.246,52382.265,100,100
No Match,None,unmatched,95213,5.562,10.897,84.32,199.0079,,,,0,0,0,0,0,0,0,0,0,0,0,0,0,0,0,0,0,0,0,0,0,0,0,0,0,0,0,0,0,0,0,0,0,0,0,0,0,0,0,0,0,0,100,100
No Match,None,unmatched,95931,7.8950000000000005,2.156,108.29499999999999,199.008,,,,0,0,0,0,804.6564000000001,0,0,0,0,0,0,0,0,0,0,0,0,0,0,0,0,0,0,0,0,0,0,0,0,0,0,0,0,0,0,0,0,0,0,0,0,0,100,100
No Match,None,unmatched,89050,6.651999999999999,2.635,140.33499999999998,199.0081,,,,0,0,0,0,0,0,0,0,0,0,10556.798999999999,0,0,0,0,7982.049,0,0,0,43303.244,0,0,0,51979.40900000001,0,0,0,0,14696.899,544.7933,18768.399,14439.939,85885.808,0,771.4076,0,44255.789000000004,20215.129,0,0,0,11460.869,100,100
No Match,None,unmatched,93438,9.311,13.947,107.77,199.0084,,,,0,0,0,0,0,0,0,0,0,0,0,0,0,634.2586,0,0,0,0,0,0,0,0,0,0,0,0,0,0,0,0,0,0,0,0,0,0,0,0,0,0,0,0,100,100
No Match,None,unmatched,94060,5.719,2.515,20.01,199.0089,,,,0,0,0,0,0,0,0,0,0,0,0,0,0,0,0,0,0,0,0,0,0,0,0,0,581.2853,0,0,0,0,0,0,0,0,0,0,0,0,0,0,0,0,0,100,100
No Match,None,unmatched,94882,6.347,2.635,20.8,199.0092,,,,0,0,0,0,0,0,0,0,0,0,0,502.76370000000003,0,0,0,0,0,0,0,0,0,0,0,0,0,0,0,0,0,0,0,0,0,0,0,0,0,0,0,0,0,0,100,100
No Match,None,unmatched,92023,4.283,2.687,21.33,199.0115,,,,0,0,0,0,0,0,0,0,0,0,0,0,0,0,0,0,0,0,0,0,0,738.9858,0,0,0,0,0,0,0,0,0,0,0,0,0,0,0,0,0,0,0,0,100,100
No Match,None,unmatched,82957,9.013,2.515,20.01,199.0122,,,,0,0,0,0,0,0,0,0,0,0,0,0,0,0,0,0,0,0,0,0,0,0,0,0,0,0,0,0,0,0,0,0,0,588.9789000000001,0,0,0,0,0,0,770.745,0,100,100
No Match,None,unmatched,35447,7.199,18.321,141.56,199.013,,,,0,0,0,0,0,0,0,0,0,0,0,0,0,0,0,0,0,0,0,0,0,0,0,0,0,0,0,16775.879,0,0,0,0,0,0,0,0,0,0,0,0,0,0,100,100
No Match,None,unmatched,58164,3.282,17.969,138.86,199.0137,,,,0,0,0,0,0,0,0,0,0,0,0,0,0,0,0,0,4097.611,0,0,0,0,0,0,0,0,0,0,0,0,0,0,0,0,0,0,635.4753000000001,0,0,0,0,0,0,100,100
No Match,None,unmatched,48903,0.525,18.478,142.69,199.0471,,,,0,0,0,0,0,0,0,4513.045999999999,0,0,0,0,0,0,0,0,0,0,0,0,0,0,0,0,0,0,3136.3509999999997,0,0,0,0,0,0,0,0,0,0,0,0,0,0,0,100,100
No Match,None,unmatched,94634,2.612,17.917,138.46,199.0521,,,,0,0,0,0,0,0,0,0,0,0,0,0,0,0,0,0,0,0,0,0,0,0,0,0,527.9997000000001,0,0,0,0,0,0,0,0,0,0,0,0,0,0,0,0,0,100,100
No Match,None,unmatched,28864,0.819,19.011,146.7,199.06095,,,,4073.7,2060.4858,4994.219999999999,1265.436,0,0,4604.187,0,0,0,0,2144.671,0,0,0,0,0,0,0,0,0,2227.716,0,0,0,0,0,0,0,0,0,0,0,0,0,0,1327.371,0,5545.170999999999,4983.803,0,0,100,100
No Match,None,unmatched,72887,1.295,18.638,144,199.0987,,,,0,0,0,0,0,0,0,0,0,0,0,0,0,0,0,0,0,0,0,0,0,0,0,0,0,0,0,0,0,0,0,0,0,0,0,0,925.6656,0,0,1385.846,0,0,100,100
No Match,None,unmatched,16317,0.541,19.113,147.6,199.1087,,,,0,16677.259,0,0,0,0,0,0,0,0,11343.208999999999,0,0,0,0,0,0,0,0,0,0,0,14404.889,0,10905.949,0,20317.359,0,0,0,0,11160.329,0,0,0,3459.9489999999996,0,1418.644,0,0,0,0,100,100
No Match,None,unmatched,60259,10.649,18.143,140.1,200.0086,,,,0,0,0,0,0,0,0,0,0,0,0,0,1073.384,0,0,0,0,0,0,0,0,0,0,0,0,0,0,0,0,0,0,0,0,0,0,0,0,0,0,0,0,0,100,100
No Match,None,unmatched,67389,4.082000000000001,18.181,140.32333333333335,200.01040000000003,,,,3226.819,2388.7819999999997,0,1598.747,7243.52,0,0,4112.5289999999995,4163.303,0,0,0,5298.09,5330.0199999999995,4194.124,1761.778,6846.15,3446.355,0,0,3275.7479999999996,6289.947999999999,1790.2350000000001,830.1347000000001,2282.6856,5457.7482,6623.8009999999995,1548.631,0,3333.4469999999997,1933.7844,1878.421,0,1277.551,0,1639.105,0,0,0,2730.685,3198.2623,1527.218,100,100
No Match,None,unmatched,71632,9.530399999999998,18.145,140.3,200.01037000000002,,,,14433.000399999999,4065.957,2018.768,1041.354,3795.3629999999994,6136.2626,9840.7142,7925.102999999999,2091.6949999999997,6232.1269999999995,11026.055,6410.989,13638.8485,1290.613,14559.82,7328.474,12636.595,7341.116,6981.487999999999,8594.3764,13191.730999999998,10778.762,10865.335,17161.955,0,13233.815999999999,7932.105,4018.0899999999997,12847.760999999999,12166.826,7466.68,3459.2239999999997,9715.658,15410.039999999999,9656.791099999999,2687.267,5874.7970000000005,2137.519,5705.282999999999,4309.5779999999995,5961.928,10415.721000000001,100,100
No Match,None,unmatched,25329,10.6995,18.176,140.615,200.0099,,,,790.6363,1627.612,3172.3179999999998,0,0,1481.583,1272.382,0,0,2541.48,2522.006,0,0,939.9059,2733.926,0,0,0,0,1546.287,0,0,0,2617.3199999999997,0,4014.913,0,0,0,1457.088,0,0,0,0,3424.6459999999997,0,0,0,0,1705.699,901.5243,0,100,100
No Match,None,unmatched,23877,1.7345000000000002,18.157,140.41,200.01105,,,,0,0,0,5301.499,0,0,0,0,0,0,0,0,1272.291,0,0,1092.9950000000001,0,0,0,0,0,0,0,0,0,0,0,0,0,0,0,0,0,0,0,0,0,4805.679999999999,0,0,9444.827000000001,0,100,100
No Match,None,unmatched,75836,7.0455,18.147,140.18,200.011,,,,0,1843.652,0,0,0,771.3158,1029.469,0,0,1865.453,1526.186,0,615.8377,0,0,2081.937,0,0,1785.411,0,1822.827,0,0,0,0,0,0,0,0,1520.364,1522.222,0,0,1223.273,0,2370.946,1792.218,0,0,2193.971,1837.385,2125.361,100,100
No Match,None,unmatched,28323,8.179,18.17,140.3,200.0112,,,,0,0,1175.115,1386.761,0,0,0,0,0,0,1200.19,0,984.1061,0,0,1817.018,0,0,2357.0119999999997,0,0,0,0,1236.611,0,912.8001,1140.7740000000001,6589.849999999999,0,0,609.6523,0,0,3498.506,0,0,2322.3529999999996,0,0,0,0,1971.1000000000001,100,100
No Match,None,unmatched,32959,6.42,18.163,140.27,200.012,,,,0,0,0,2732.6079999999997,0,0,0,0,0,1380.845,0,0,0,0,0,1188.411,0,864.0158,0,0,0,1888.451,0,1102.704,0,2888.656,2729.0969999999998,0,0,0,0,0,0,0,0,0,0,0,1994.366,0,2589.468,0,100,100
No Match,None,unmatched,63704,9.481,18.108,139.83,200.0129,,,,0,0,0,0,0,0,0,0,0,0,0,0,0,0,0,0,0,0,0,0,0,0,0,0,0,0,0,0,0,0,0,0,0,1235.112,0,1290.462,0,0,0,0,0,0,100,100
No Match,None,unmatched,91092,4.197,18.706,144.48,200.074,,,,0,0,0,0,0,0,0,0,0,0,0,0,0,0,0,0,0,0,0,0,0,0,0,0,0,0,0,0,0,799.6584,0,0,0,0,0,0,0,0,0,0,0,0,100,100
No Match,None,unmatched,91723,8.822,17.547,135.53,200.9472,,,,0,0,0,0,0,0,0,0,0,0,0,0,0,0,0,0,0,0,0,0,0,0,0,0,0,0,0,0,0,0,0,0,0,761.6953,0,0,0,0,0,0,0,0,100,100
No Match,None,unmatched,67751,12.535,16.803,129.77,200.9506,,,,0,0,0,0,0,0,0,0,0,0,0,0,575.5306,0,0,0,0,0,0,0,0,0,0,1037.4850000000001,0,0,0,0,952.8293,0,0,0,0,0,0,0,0,0,0,0,0,0,100,100
No Match,None,unmatched,83899,4.939615384615384,17.643,137.25923076923075,200.98656153846156,,,,5183.608,3793.9660000000003,14946.305199999999,20346.5654,10315.029999999999,6624.3741,13159.3563,14058.9159,0,12904.1642,4493.1146,0,17678.935,13376.7688,8603.9101,14883.3972,16540.278899999998,13022.6223,11985.540799999999,17339.4962,14739.6201,15666.3319,5740.5863,1205.499,12619.9291,11097.610999999999,6038.490900000001,11703.887,3344.242,6940.340999999999,4877.109,5196.0830000000005,11575.706499999998,12735.8271,10440.1603,7228.4073,788.4986,10511.4591,0,3026.6053,7091.311299999999,9592.2421,100,100
No Match,None,unmatched,22151,2.1382000000000003,17.77,137.334,200.9871,,,,3561.145,0,3434.5269,3764.6319000000003,3233.488,5607.04,4079.192,875.3797000000001,1096.852,1776.169,1695.374,0,2201.0725,2323.0287,3026.4676,6941.902099999999,12050.224,5602.8932,0,5205.3469000000005,0,6576.9149,0,1387.731,831.1524000000001,4331.785,0,3498.258,3591.5131,0,0,0,1032.497,3570.9849999999997,3070.649,2740.6609999999996,0,3323.5060000000003,0,0,4956.514999999999,5207.8732,100,100
No Match,None,unmatched,96025,8.1645,17.784,137.38,200.9865,,,,0,0,0,2173.821,0,2429.134,768.2828000000001,687.7918000000001,1968.405,0,1932.539,2062.4089999999997,975.5367,0,0,1553.509,0,1457.21,0,1467.407,1344.726,1865.555,0,0,1157.348,0,0,0,0,2154.667,0,0,0,1872.986,0,0,0,1748.859,1753.493,887.3276000000001,1807.746,0,100,100
No Match,None,unmatched,61095,5.234,17.788,137.3425,200.9866,,,,0,0,2843.8500000000004,4382.9893,0,1537.99,3251.298,2302.326,1494.7930000000001,0,3800.5045,0,5213.1630000000005,3025.8186,1784.862,0,4123.0369,0,0,4329.044099999999,1674.364,3196.6876,3306.945,0,1859.228,0,2153.133,3110.7889,2431.0297,0,0,2542.026,2599.968,1947.161,1592.5330000000001,2823.8584,0,0,0,0,0,1363.1106,100,100
No Match,None,unmatched,33063,7.698333333333333,17.756,137.19333333333336,200.9869,,,,0,856.3833000000001,1473.9927000000002,2590.4484,0,2815.4939999999997,2226.764,0,0,0,1795.519,0,1116.78,2694.422,0,1433.305,2635.438,835.114,0,0,813.0843,790.2223,1070.573,0,1499.215,0,0,0,687.9017,0,0,0,2084.0085,1743.9,2126.1351,0,0,0,0,0,1330.828,1391.0810000000001,100,100
No Match,None,unmatched,79056,3.7063333333333333,17.842,137.32888888888886,200.9872222222222,,,,2070.5799,2218.859,3701.967,4000.8746999999994,4087.8758000000003,1995.5408000000002,3625.526,4075.7904,2948.9979999999996,1342.573,2578.2403000000004,2162.3129999999996,3737.4777000000004,5747.3728,4314.4334,961.9748000000001,4669.0854,2489.2022,809.4146000000001,6489.193,3621.9139999999998,4141.3651,1193.368,2576.747,3065.916,3532.7119999999995,3187.708,3840.8529,959.7923000000001,0,0,4044.009,4770.6422,943.5129000000001,2112.6189000000004,2695.7337,0,3915.374,0,0,6113.9292000000005,4189.833199999999,100,100
No Match,None,unmatched,39484,7.359,17.785,137.32,200.9882,,,,0,0,914.0484,0,0,551.0335,1227.738,0,0,0,0,0,0,0,1164.881,0,0,0,0,1060.133,0,993.0951,1233.536,0,1095.752,0,0,1354.874,0,0,0,1301.48,776.3133,0,832.8792,0,0,0,0,0,0,0,100,100
No Match,None,unmatched,83163,4.305,17.786,137.37,200.9904,,,,0,0,0,0,0,0,0,0,0,0,0,0,0,0,0,0,0,0,0,0,0,761.8532,0,0,0,0,0,0,0,0,0,0,0,581.5337000000001,0,0,0,0,0,0,0,0,100,100
No Match,None,unmatched,87539,2.108,17.708,136.77,200.9974,,,,0,0,0,0,0,0,0,0,0,0,0,0,0,0,0,0,0,0,0,0,0,0,0,0,0,0,0,0,0,0,0,0,0,0,0,0,0,0,0,1023.976,0,0,100,100
No Match,None,unmatched,6438,4.664,15.288,118.12,200.9975,,,,11179.929,10133.809,9453.383,8412.943,6676.228,11951.019,9643.127,9742.653,8776.847,10507.639,11420.589,9937.564,7251.353,0,14696.579,15324.309,14631.469,14361.628999999999,14775.689,16666.979,13017.878999999999,12341.048999999999,21559.249,14065.739,10588.509,19099.199,17613.949,13597.128999999999,11894.319,12204.249,13455.829,15872.539,18968.789,16111.399,12966.339,17820.659,17607.849,20569.269,14607.109,15018.869,17555.668999999998,20542.819,100,100
No Match,None,unmatched,93607,5.907,18.147,140.14,201.003,,,,0,0,0,0,0,0,0,0,0,0,0,0,0,0,0,0,0,0,0,620.3738000000001,0,0,0,0,0,0,0,0,0,0,0,0,0,0,0,0,0,0,0,0,0,0,100,100
No Match,None,unmatched,92572,3.731,18.143,140.11,201.0052,,,,0,0,0,0,0,0,0,0,0,0,0,0,0,0,0,0,0,0,0,0,0,0,0,0,0,0,702.9779,0,0,0,0,0,0,0,0,0,0,0,0,0,0,0,100,100
No Match,None,unmatched,89161,10.983,18.132,140.02,201.0053,,,,0,0,0,0,0,0,0,0,0,0,0,0,0,0,0,0,0,0,0,0,0,0,0,0,0,0,0,0,0,0,0,0,0,0,0,0,0,0,0,0,0,0,100,100
No Match,None,unmatched,46773,6.941999999999999,18.188,140.38,201.0253727272727,,,,6246.148999999999,12611.204,35796.751000000004,10799.889,6412.67,8256.978,9423.273,20406.709,28101.745,24362.483999999997,17803.253,17339.154000000002,22010.078999999998,6461.840999999999,35460,19002.943,10069.154999999999,12506.779999999999,26381.542,15736.349,13267.694,0,28702.441,15229.22,22834.846999999998,9272.866,20782.48,0,19236.484,5844.816,26673.298,25960.8,16464.642,38103.42,17619.979,14822.679,21114.798,26579.055,18867.489999999998,0,23259.999,29307.9001,100,100
No Match,None,unmatched,30984,6.783333333333332,18.186,140.53222222222223,201.02599999999998,,,,6362.777,5873.603999999999,5417.558999999999,16651.995,0,0,0,19879.933,2449.116,15524.267,0,13438.17,14941.158,14808.199999999999,10058.274,21238.174,0,0,7871.708999999999,0,0,2118.2679999999996,9465.743,7542.183999999999,20904.098,8804.155999999999,36498.86,1510.16,6351.847,5903.976,9686.438,17691.371,0,16980.519,18455.538999999997,6303.706999999999,15128.199,8218.509999999998,25364.048,0,2934.1809999999996,8294.359,100,100
No Match,None,unmatched,73485,5.742,20.695,146.80999999999997,201.0248,,,,0,4744.169,0,0,0,0,0,2243.738,0,0,3908.921,0,2882.607,0,0,0,5268.084,4015.3669999999997,0,10516.515,0,4503.297,1727.988,0,4917.17,0,0,2459.4289999999996,0,7402.764,0,0,0,3650.816,1954.457,0,0,0,1115.654,0,0,0,100,100
No Match,None,unmatched,10931,5.670333333333333,18.219,140.66666666666666,201.025,,,,0,0,0,6668.5779999999995,20523.871,1325.06,0,0,0,0,4599.389,15824.13,0,11039.859,13207.852,0,0,1461.8890000000001,13618.509,0,15177.029,6236.998,1472.147,17708.209099999996,10642.958999999999,0,11665.919,0,0,12129.45,3891.7999999999997,0,8603.506,8833.062,13663.609,0,0,0,7750.206,0,8516.583,1739.922,100,100
No Match,None,unmatched,66033,5.130321428571428,18.157,140.4592857142857,201.0257821428572,,,,34845.681,80172.002,32415.769999999997,79544.69,100641.26999999999,3815.066,59760.248999999996,130027.90290000002,63221.493,104769.19099999999,56950.274999999994,47840.518,56035.7443,52821.565,14216.272,8626.958999999999,47771.799,39574.488999999994,58990.64,118907.67699999998,61946.418999999994,24254.91,74246.782,68198.85399999999,125763.821,38670.418,129644.41399999999,33636.587999999996,44983.537,47368.49800000001,77523.02900000001,126952.304,20794.242,148192.73700000002,51514.988,93882.56199999999,92208.02399999999,41471.383,97603.74199999998,50421.041,42846.575,25218.782,100,100
No Match,None,unmatched,26436,5.874750000000001,18.188,140.40249999999997,201.0252,,,,8680.395,11167.631999999998,0,9853.738,13184.378999999999,0,10208.458999999999,0,11847.605,0,14369.339,5333.746,2029.446,0,1893.1390000000001,0,14878.421,0,19908.5588,0,7374.723,9991.057,18793.781,18911.66,9764.041000000001,10518.537,0,0,0,15578.175,0,0,9562.801,6357.69,15463.079,17500.359,12116.679,15763.189,8917.035,0,8867.610999999999,0,100,100
No Match,None,unmatched,10929,7.305499999999999,18.193,140.56333333333336,201.025725,,,,0,28651.463000000003,15353.969,25742.258,35348.378,20260.311,12673.71,11870.577,37095.004,8580.696,9193.607,19836.761,18049.796,24968.819,19401.444,13588.786,5623.611,25625.199999999997,37879.37899999999,24826.825,6366.972,19539.489,15988.896999999999,28829.063000000002,25689.871999999996,9468.4835,33631.301,20281.716,11537.979,35599.437999999995,26904.381999999998,18696.218999999997,24350.594999999998,37414.33699999999,17815.575,21542.982,24265.647999999997,15419.541999999998,50805.792,26745.682,19672.03,40956.524,100,100
No Match,None,unmatched,19343,6.260000000000001,18.192,140.40833333333333,201.0255,,,,9304.264,23383.254,24341.770999999997,7916.174,14452.047999999999,22533.479999999996,19503.756999999998,29209.288,28313.828999999998,34450.821,26132.735999999997,22827.16,27612.36,32377.953999999998,19255.606999999996,17469.216999999997,20914.645,23310.630999999998,39434.864,22698.368000000002,26092.042999999998,0,29706.102,25905.472999999998,8092.922,15482.123,21437.622,13709.942,30667.874,17477.524999999998,11163.631,20241.321,7815.999,20749.573,25561.364,32841.283,32289.541999999998,7076.804999999999,4506.126,9013.137,10342.039,16865.129999999997,100,100
No Match,None,unmatched,15648,8.906,18.2,140.37714285714287,201.02569999999997,,,,7198.79,30549.131,21311.150999999998,0,0,6517.157999999999,18577.58,28984.433,13191.990999999998,9891.374,19763.726,17173.799,18326.515,16776.302,14924.736,29109.887,7721.159,0,27572.618000000002,10028.662,25986.123999999996,29706.009000000002,40344.024000000005,37991.191000000006,33758.981999999996,34887.114,26405.593,17502.732,16967.178,12253.011999999999,0,8575.178,16681.6639,16127.98,13101.308,32967.109,29719.254999999997,25710.696,40420.242,1134.775,10108.685,15488.802,100,100
No Match,None,unmatched,22061,3.436666666666666,18.199,140.48111111111112,201.02614444444447,,,,0,0,30875.658,53850.739,69387.082,0,48045.574,183857.446,51799.649999999994,52927.084,15032.944,64423.342000000004,75663.816,60498.721999999994,15458.559000000001,44296.725,7390.089999999999,20100.806699999997,52388.96000000001,40581.682,13456.617999999999,26215.239,37117.839,67617.583,123283.583,10016.098999999998,77137.732,43168.85599999999,2474.5069999999996,10639.648,115941.46100000001,111359.167,61687.10700000001,92231.427,63320.16700000001,6092.197,48272.342,58494.687999999995,42787.318,20099.802,27069.675,15518.717,100,100
No Match,None,unmatched,58123,2.325,17.584,135.81,201.044,,,,0,0,0,0,0,0,0,0,0,0,0,0,0,0,0,0,0,0,0,0,0,0,0,0,0,0,0,0,0,0,0,0,0,0,0,0,0,0,0,0,2938.973,1803.0430000000001,100,100
No Match,None,unmatched,29694,1.5086666666666666,18.515,142.90333333333334,201.06733333333332,,,,0,0,0,0,7071.817999999999,0,0,0,0,0,0,0,0,0,0,0,0,0,0,0,0,0,17990.288999999997,0,23190.057999999997,0,2000.2725,13107.839,0,0,0,1139.218,0,0,0,0,0,0,0,0,0,0,100,100
No Match,None,unmatched,94086,1.623,18.505,142.89,201.0709,,,,0,0,0,0,0,0,0,0,0,0,0,0,0,0,0,0,0,0,0,0,0,0,0,0,0,0,0,579.6931000000001,0,0,0,0,0,0,0,0,0,0,0,0,0,0,100,100
No Match,None,unmatched,36098,7.922,18.702,144.37,201.1133,,,,0,0,0,0,0,0,0,0,0,688.9171,0,0,0,0,0,0,0,0,0,0,0,0,1595.752,0,0,0,0,5314.617,0,0,0,3483.749,0,5053.067,0,0,0,0,0,0,0,0,100,100
No Match,None,unmatched,28221,1.107,18.696,144.05,201.11435,,,,0,0,0,0,1460.979,0,0,0,0,0,0,0,0,1502.06,0,0,0,0,0,0,0,0,6943.166,0,0,0,0,1581.402,0,0,0,5386.074,0,10948.909,0,0,0,0,0,0,0,0,100,100
No Match,None,unmatched,4766,1.824,18.707,144.4,201.1136,,,,4560.605,0,5886.599999999999,5644.219999999999,84714.92899999999,0,0,0,0,80402.58899999999,1915.531,3275.756,7738.915,1115.462,5610.8369999999995,5589.431,3154.743,1714.445,9935.214,3093.9579999999996,3334.196,1837.571,164095.59900000002,4795.025,0,1726.041,0,200766.799,1819.013,2953.18,2194.187,76947.949,695.8251,239043.999,9836.421,5085.054999999999,0,3397.759,5642.822999999999,7321.142,3074.285,4555.3949999999995,100,100
No Match,None,unmatched,36824,1.294,18.186,140.29,202.0222,,,,0,9636.083,0,0,0,0,0,0,0,0,3641.479,0,0,0,0,0,0,0,0,0,0,0,2131.2,0,0,0,0,0,0,0,0,0,0,0,0,0,0,0,0,0,0,0,100,100
No Match,None,unmatched,45817,1.014,18.212,140.37,202.0267,,,,650.8634000000001,1114.925,581.5514000000001,0,0,0,0,1776.204,0,0,926.8438,0,0,0,0,0,0,0,0,0,0,949.1593,3554.9779999999996,0,0,0,0,0,0,0,0,0,0,1996.7160000000001,0,0,0,1132.73,0,0,0,0,100,100
No Match,None,unmatched,42233,0.939,18.195,140.44,202.0294,,,,0,0,0,0,0,0,0,3255.874,0,0,0,0,0,0,0,0,0,0,758.8186000000001,0,0,0,0,0,0,884.3489000000001,1421.488,0,0,997.7052,1775.97,0,0,0,0,0,1335.056,0,0,0,0,0,100,100
No Match,None,unmatched,90039,3.665,18.263,140.99,202.0316,,,,0,0,0,0,0,0,0,0,0,0,0,0,0,0,0,0,0,0,0,0,0,0,0,0,0,0,0,0,0,0,0,0,0,0,0,0,0,0,0,865.8664,0,0,100,100
No Match,None,unmatched,7882,0.5465,18.611,143.68,202.04885000000002,,,,46210.028000000006,10380.91,24938.307999999997,28933.040999999997,5920.531,16764.49,36968.338,0,34093.208,4287.339,1043.688,26993.724000000002,30727.399,24377.589,16844.589,18640.172,5418.639,13226.628999999999,13274.816,11665.675,9732.504,40288.189000000006,5267.607,22580.479,5518.716,0,1406.846,3000.671,9034.518,17544.260000000002,9695.023,3006.202,17970.146999999997,4494.674,9804.045,20833.159,17989.429,30301.998,21248.199,26842.768,19216.683,0,100,100
No Match,None,unmatched,95963,3.8096666666666668,18.273,145.57333333333332,202.05169999999998,,,,3096.696,2743.064,3646.774,6174.420999999999,0,0,0,0,0,0,2842.9829999999997,1198.786,13284.469,0,0,0,0,0,0,0,0,0,1805.753,0,0,0,4603.387,2220.207,0,0,0,0,5629.911999999999,1441.586,0,0,0,0,2403.651,3210.8770000000004,0,0,100,100
No Match,None,unmatched,6245,3.827666666666667,18.58,143.15333333333334,202.0517,,,,0,278146.099,0,0,0,0,0,0,0,0,79872.449,0,0,0,1773.6521000000002,0,6973.516,0,0,0,0,0,79192.129,0,27501.249,11214.489,109114.599,0,0,0,0,7251.512,0,0,0,0,0,0,0,0,0,0,100,100
No Match,None,unmatched,80579,1.0156666666666665,19.024,146.70333333333335,202.0547,,,,0,0,0,0,0,0,0,0,0,0,1556.926,0,0,0,0,0,1880.804,0,0,0,0,0,0,0,0,0,5925.224,0,0,0,0,0,0,0,0,0,0,0,0,0,0,0,100,100
No Match,None,unmatched,44029,1.903,18.876,146.155,202.0542,,,,0,2502.259,0,0,0,0,0,0,0,0,3553.6066,0,0,0,0,0,0,0,0,0,0,0,5701.067,0,954.7399,0,4009.3239999999996,0,0,0,0,0,0,0,0,0,0,0,0,0,0,0,100,100
No Match,None,unmatched,14982,2.1799999999999997,18.301,141.275,202.0629,,,,0,0,0,0,0,31407.588,0,0,0,0,0,0,0,14518.179,5823.652,33642.189000000006,35924.416000000005,0,0,10275.085,21063.069,0,0,0,0,0,0,0,26808.492000000002,30277.119,1403.598,0,0,0,0,0,0,9419.962,0,0,49763.028000000006,19171.312,100,100
No Match,None,unmatched,74440,5.176,18.442,142.36,202.0644,,,,0,0,0,0,0,0,0,0,0,0,0,0,0,0,0,0,0,0,0,969.5009,0,0,0,0,0,0,0,0,0,0,0,0,0,0,1166.422,0,0,0,0,0,0,0,100,100
No Match,None,unmatched,93179,11.617,16.468,127.01,202.9451,,,,0,0,0,0,0,0,656.5838,0,0,0,0,0,0,0,0,0,0,0,0,0,0,0,0,0,0,0,0,0,0,0,0,0,0,0,0,0,0,0,0,0,0,0,100,100
No Match,None,unmatched,74270,12.806,16.508,127.41,202.9461,,,,0,0,0,0,0,0,1263.354,0,0,0,0,0,0,0,0,0,0,0,0,0,0,0,0,0,0,0,0,0,0,0,0,0,0,0,0,0,0,0,0,0,0,0,100,100
No Match,None,unmatched,54968,1.7117999999999998,17.486,134.754,202.98702,,,,648.4867,2034.165,0,0,0,617.6745000000001,0,10289.9751,0,0,0,0,0,0,0,0,0,0,0,0,578.3102,0,0,0,0,0,0,0,0,0,0,0,0,0,0,0,0,0,0,0,0,0,100,100
No Match,None,unmatched,59244,6.215,17.474,134.73,202.9865,,,,0,844.8493,0,2021.025,805.9116,0,0,0,0,813.0505,0,0,0,0,0,0,0,0,0,0,0,0,0,0,0,0,0,0,0,0,0,0,0,0,0,0,0,0,0,0,0,0,100,100
No Match,None,unmatched,49236,2.8834999999999997,17.462,134.775,202.98739999999998,,,,1297.215,0,4006.9591,0,0,0,0,8209.645,550.7685,2613.7295,1092.851,1621.821,851.1839,4329.6775,0,0,782.7521,0,0,0,0,0,0,0,0,0,0,0,0,0,0,0,0,0,0,916.8776,0,0,0,0,0,0,100,100
No Match,None,unmatched,92969,10.717,17.453,134.57,202.9874,,,,0,0,0,0,0,0,0,0,0,0,674.1087,0,0,0,0,0,0,0,0,0,0,0,0,0,0,0,0,0,0,0,0,0,0,0,0,0,0,0,0,0,0,0,100,100
No Match,None,unmatched,42663,8.302,17.458,134.66,202.9878,,,,929.7939,655.6867,509.026,552.1072,0,0,0,0,1077.534,1441.035,1136.108,0,913.8935,0,0,645.0556,0,0,0,0,0,0,0,0,0,0,0,0,0,0,0,0,1340.351,554.0724,0,0,0,0,0,0,0,1030.196,100,100
No Match,None,unmatched,40351,5.6626666666666665,17.468,134.86666666666667,202.98846666666668,,,,0,2040.3070000000002,1021.818,839.1077,0,983.2024,0,808.8052,1891.9108,2037.7815,1029.14,1019.933,1193.635,2179.2038000000002,0,0,0,0,0,0,0,0,0,0,1506.625,0,0,0,0,0,0,0,0,0,0,0,0,0,0,594.8472,0,0,100,100
No Match,None,unmatched,40179,5.661,17.482,134.84,202.9883,,,,905.3509,730.7318,0,1669.041,0,1197.473,1604.526,0,0,2318.0879999999997,1177.271,0,0,0,0,0,0,668.7087,0,0,0,0,0,0,0,0,0,0,0,0,0,0,0,0,0,0,0,1075.007,0,0,1147.243,0,100,100
No Match,None,unmatched,74020,6.233333333333334,17.462,134.7,202.98889999999997,,,,672.8927,2122.622,2518.384,1551.368,0,1922.3206,0,1881.566,556.924,0,1646.223,966.7453,2847.1597,1903.2060000000001,0,0,764.5124000000001,0,0,0,0,0,0,0,1276.029,0,0,0,1729.3175,0,514.0337000000001,1097.979,0,585.1907,0,1285.52,0,0,868.7054,1183.076,824.3657000000001,0,100,100
No Match,None,unmatched,63329,1.976,17.468,134.68,202.9892,,,,0,0,578.1786000000001,0,0,0,574.5898,1813.823,0,0,698.4685000000001,0,0,0,0,0,0,0,0,0,0,0,0,0,0,0,0,0,0,0,0,0,0,0,0,0,0,0,0,0,0,0,100,100
No Match,None,unmatched,69959,7.745,17.461,134.63,202.9895,,,,0,0,0,873.7741,0,0,0,0,0,0,0,0,1347.682,0,0,0,0,0,0,0,0,0,0,0,0,0,0,0,0,0,0,0,0,0,0,0,0,0,0,0,0,0,100,100
No Match,None,unmatched,94597,11.824,17.447,134.52,202.9899,,,,0,532.4327000000001,0,0,0,0,0,0,0,0,0,0,0,0,0,0,0,0,0,0,0,0,0,0,0,0,0,0,0,0,0,0,0,0,0,0,0,0,0,0,0,0,100,100
No Match,None,unmatched,92527,0.789,18.287,140.97,203.0003,,,,0,0,0,0,0,0,0,0,0,0,0,0,0,0,0,0,0,0,0,0,0,0,0,0,0,0,0,0,0,0,0,0,0,0,0,0,0,0,0,0,0,0,100,100
No Match,None,unmatched,44871,1.9969999999999999,17.654,136.53,203.0017333333333,,,,2109120.149,1317253.9980000001,1656856.4980000001,2356524.043,337025.368,488665.478,1774190.798,1961621.898,1853409.298,2555088.098,1796472.198,1180862.898,1231287.098,993709.9979999999,866786.368,980526.798,690974.798,1088554.998,268386.588,79834.538,751000.948,1844293.398,872008.898,1301968.898,635528.098,1736123.298,1383547.999,1754202.798,312758.77800000005,385160.799,836995.3379999999,568546.298,2229096.098,1547057.298,1887193.999,691052.298,3380953.0979999998,498945.51800000004,3160692.7060000002,1663749.1380000003,461853.198,1131775.188,100,100
No Match,None,unmatched,48900,1.4986666666666666,17.704,136.34333333333333,203.00263333333336,,,,0,0,0,0,0,0,0,0,0,2186.241,0,0,0,0,4697.572999999999,16133.289,0,24587.168999999998,1376.288,1400.531,0,0,14316.439,0,0,0,34621.2114,0,0,16739.639,0,0,0,0,39096.24,0,0,5994.041,0,37516.639,1635.893,4243.4929999999995,100,100
No Match,None,unmatched,93621,2.072,18.51,142.84,203.0042,,,,0,0,0,0,0,0,0,0,0,0,0,0,0,0,0,0,0,0,0,0,0,0,0,0,0,0,0,0,0,0,0,0,0,0,618.7464,0,0,0,0,0,0,0,100,100
No Match,None,unmatched,49593,0.589,18.202,140.43,203.0237,,,,0,0,0,1827.092,0,0,0,0,0,0,0,0,0,1245.128,0,0,0,0,0,0,0,957.8753,0,0,0,0,627.0699000000001,0,0,0,1507.071,0,0,0,0,0,0,0,0,1206.166,0,0,100,100
No Match,None,unmatched,83876,3.7725,18.52,143.08999999999997,203.0549,,,,0,0,0,0,0,0,0,0,0,0,0,0,0,0,0,0,0,0,0,0,0,0,3352.18,0,0,0,0,0,0,0,0,0,0,0,0,0,0,0,0,0,0,0,100,100
No Match,None,unmatched,68234,1.669,17.669,136.22,203.0558,,,,0,0,0,0,0,0,0,0,0,0,0,0,0,0,0,0,0,0,0,0,0,0,0,0,0,0,0,0,0,0,0,0,0,0,0,0,0,0,0,0,0,0,100,100
No Match,None,unmatched,81267,2.687,19.12,147.53,203.0674,,,,0,0,0,0,0,0,0,0,0,0,0,0,0,0,0,0,0,0,0,0,0,0,0,0,0,0,0,0,0,0,0,0,0,0,0,0,0,0,0,1498.8890000000001,0,0,100,100
No Match,None,unmatched,74691,12.766,18.139,139.99,203.068,,,,0,0,0,0,0,0,0,0,0,0,0,0,0,0,0,0,0,0,0,0,0,0,0,0,0,786.3061,0,0,0,0,0,0,861.962,0,0,0,0,0,0,0,0,0,100,100
No Match,None,unmatched,64634,2.511,18.322,141.4,203.0695,,,,0,0,0,0,0,0,0,0,0,0,0,0,0,0,0,0,0,0,0,0,0,0,0,0,0,3438.942,0,0,0,0,0,0,0,0,0,0,0,0,0,0,0,0,100,100
No Match,None,unmatched,45829,2.487,19.119,147.52,203.0699,,,,0,0,0,0,0,0,0,0,0,0,0,0,0,0,0,0,0,0,0,0,0,0,0,0,0,0,0,0,0,0,0,0,0,0,0,0,3406.923,0,0,5631.581,0,0,100,100
No Match,None,unmatched,80737,2.819,19.114,147.48,203.0822,,,,0,0,0,0,0,0,0,0,0,0,0,0,0,0,0,0,0,0,0,0,0,0,585.7309,0,0,0,0,0,0,0,0,957.6973,0,0,0,0,0,0,0,0,0,0,100,100
No Match,None,unmatched,50380,5.744,19,146.565,203.0831,,,,0,0,0,0,0,0,0,0,0,0,0,0,0,0,0,0,1447.419,0,0,0,0,0,0,0,0,0,0,0,0,0,0,0,0,0,0,1072.768,0,5724.436,0,0,0,0,100,100
No Match,None,unmatched,45048,1.6388000000000003,18.573,123.066,203.0828,,,,567367.508,264722.538,694908.748,714691.116,502478.89800000004,363714.79000000004,773642.0569999999,955085.198,726026.558,611919.068,193185.518,797965.462,677868.3779999999,328012.189,436399.875,642504.277,336552.3457,559952.568,755687.9069999999,381480.725,481309.02599999995,650875.728,225177.828,759041.968,228585.771,329047.32800000004,103585.12599999999,599274.608,465103.949,860821.298,233963.838,384462.64800000004,694624.2669999999,496763.908,888435.7069999999,378244.42000000004,614278.2569999999,534622.758,644182.948,777002.598,666327.628,500471.645,100,100
No Match,None,unmatched,23689,2.073,17.771,137.03,203.0895,,,,0,0,0,0,0,0,0,0,0,0,0,0,0,0,0,0,0,0,0,0,0,0,0,0,0,0,0,0,0,0,0,0,0,0,0,0,0,0,0,0,0,0,100,100
No Match,None,unmatched,43174,0.66,18.272,141.01,203.094,,,,0,0,0,0,0,0,0,0,0,0,0,0,0,0,0,0,0,0,0,0,0,0,0,0,0,0,0,0,0,0,0,2718.435,0,7765.1269999999995,0,0,0,0,0,0,0,0,100,100
No Match,None,unmatched,87111,0.996,18.801,145.07,203.0967,,,,0,0,0,0,0,0,0,0,0,0,0,0,0,0,0,0,0,0,0,0,0,0,0,0,0,0,0,0,0,0,0,0,0,1052.153,0,0,0,0,0,0,0,0,100,100
No Match,None,unmatched,51285,7.416199999999999,19.192,148.74099999999999,203.10850000000002,,,,8934.366,13600.046499999999,9897.568,10606.081699999999,5331.278,8036.155,13096.893,8139.978999999999,6778.268,13499.944000000001,15858.9666,2009.097,12572.322,8522.607,3561.8518999999997,12610.355000000001,12399.970000000001,11166.526,8962.232399999999,12441.4285,11127.8678,11026.766,11684.918000000001,9468.625,8454.5602,9577.949,11925.194,7748.1269999999995,5895.941,7745.502999999999,10168.276,7253.012,10093.7997,9848.1768,6092.3099999999995,74395.91200000001,13264.019999999999,17944.181,11288.95,23246.852999999996,3339.9042999999997,10095.3828,100,100
No Match,None,unmatched,96063,7.301,18.993,146.55,203.1135,,,,0,0,0,0,0,0,0,0,0,0,0,0,0,0,0,0,0,0,0,0,0,0,0,0,0,0,0,0,0,0,0,0,0,0,0,0,0,0,0,0,0,0,100,100
No Match,None,unmatched,25331,1.6446666666666667,17.668,136.4933333333333,204.00643333333332,,,,0,0,0,0,0,0,0,0,0,0,0,0,0,0,0,0,0,0,0,0,0,0,0,0,0,0,0,0,0,0,0,0,0,0,0,0,0,0,0,0,0,0,100,100
No Match,None,unmatched,73740,2.754,17.772,137.14,204.0134,,,,0,0,0,0,0,0,0,0,0,0,0,0,0,0,0,0,0,0,0,0,0,0,0,0,0,0,0,2213.8729999999996,0,0,0,0,0,0,0,0,0,0,0,0,0,0,100,100
No Match,None,unmatched,61190,0.7016,18.777,143.93800000000002,204.03465999999997,,,,0,0,1532.955,0,0,3141.022,549.7011,0,2787.522,0,0,0,1365.088,0,0,0,1099.025,0,1025.263,0,0,0,2054.1666,3123.75,0,0,0,0,3146.0789999999997,3168.2639999999997,0,11196.3784,0,0,0,0,0,1295.578,0,0,3461.395,1920.604,100,100
No Match,None,unmatched,86542,5.682,18.962,146.27,204.0671,,,,0,0,0,0,0,0,0,0,0,0,0,0,0,0,0,0,0,0,0,0,0,0,0,0,0,0,0,0,0,0,1090.491,0,0,0,0,0,0,0,0,0,0,0,100,100
No Match,None,unmatched,49453,1.625,18.694,144.18,204.0672,,,,0,0,0,0,0,0,0,0,0,0,0,0,0,0,0,0,0,0,0,0,0,0,0,0,0,0,0,0,0,0,0,0,1815.459,0,0,0,0,0,2929.2819999999997,0,0,0,100,100
No Match,None,unmatched,60047,1.677,18.605,143.53,204.0862,,,,0,0,0,0,0,0,0,0,0,0,0,0,0,0,0,0,0,0,0,0,0,0,0,0,0,0,0,0,0,0,0,0,1570.126,0,0,0,0,0,0,0,0,0,100,100
No Match,None,unmatched,56841,5.637,19.023,146.58,204.1023,,,,0,0,0,0,0,0,0,0,0,0,5054.175,0,0,0,0,0,0,0,0,0,0,0,0,0,0,0,0,0,0,0,0,0,0,0,0,0,0,0,0,0,0,0,100,100
No Match,None,unmatched,49490,7.874,19.317,148.91,204.1155,,,,0,789.2061,0,0,0,0,947.159,0,0,0,0,0,0,0,0,0,0,0,0,0,0,0,0,0,0,0,676.0165000000001,0,0,0,0,0,0,0,0,5001.496,0,0,0,0,0,0,100,100
No Match,None,unmatched,40870,0.562,17.487,134.81,204.9824,,,,2631.057,0,0,1533.008,1155.396,0,981.8839,0,0,0,0,603.8198,0,0,0,0,0,0,1695.184,0,0,0,0,1337.265,0,0,0,0,0,0,0,0,0,0,0,0,2050.3819999999996,0,0,0,0,0,100,100
No Match,None,unmatched,46013,1.72,17.631,136.40666666666667,205.00126666666665,,,,0,0,0,0,0,0,0,0,0,0,0,0,0,0,0,0,0,0,0,0,0,0,0,0,0,0,0,0,0,0,0,0,0,0,0,0,0,0,0,0,0,0,100,100
No Match,None,unmatched,91900,1.76,12.875,99.5,205.0457,,,,0,0,0,0,0,0,0,0,0,0,0,0,0,0,0,0,0,0,0,0,0,0,0,0,0,0,0,0,0,0,0,0,0,748.3240000000001,0,0,0,0,0,0,0,0,100,100
No Match,None,unmatched,94710,4.383,18.755,144.64,205.0841,,,,0,0,0,0,0,0,0,0,0,0,0,0,0,0,0,0,0,0,0,0,0,0,0,0,0,0,0,0,0,0,0,0,0,0,0,519.9183,0,0,0,0,0,0,100,100
No Match,None,unmatched,88861,7.111666666666667,19.01,146.01666666666668,205.08683333333337,,,,0,0,0,0,0,0,838.8752000000001,0,0,0,1266.666,0,0,0,0,0,0,779.6605000000001,0,0,0,897.3167,0,0,1591.7259000000001,0,0,0,0,0,0,1281.598,0,0,0,4015.1537999999996,0,0,0,724.9714,1192.954,0,100,100
No Match,None,unmatched,56627,2.1325000000000003,18.909,147.565,205.1089,,,,0,0,0,0,0,0,0,0,0,1490.974,0,0,0,0,0,0,0,0,0,0,0,0,0,0,0,13790.889,0,3620.082,0,0,0,0,0,0,0,0,0,0,0,0,0,0,100,100
No Match,None,unmatched,24488,1.354,17.333,133.59,206.05,,,,0,0,0,3707.7949999999996,0,0,4142.812,0,992.6003000000001,0,0,0,6286.686,501.2282,0,0,0,0,0,0,0,0,0,0,0,0,0,0,0,0,0,0,2314.951,0,0,0,13252.639,0,4985.699,1587.94,0,0,100,100
No Match,None,unmatched,34811,2.04,18.964,145.755,206.079,,,,0,6249.264999999999,0,0,0,0,0,0,0,0,1712.6237,0,0,0,0,0,0,0,0,0,0,0,0,0,0,0,8974.809,0,0,0,0,1943.1722,0,0,0,0,0,0,0,0,0,0,100,100
No Match,None,unmatched,79577,1.959,18.745,145.5,206.0815,,,,0,3084.919,0,0,0,0,0,0,0,0,0,0,0,0,0,0,0,0,0,0,0,0,0,0,0,0,2406.595,0,0,0,0,1202.434,0,0,0,0,0,0,0,0,0,0,100,100
No Match,None,unmatched,7641,2.887,17.623,135.79,206.9533,,,,17616.809,5224.94,8831.237,43097.269,4038.4739999999997,0,2799.9889999999996,31191.089,19036.569,0,590.4493,28949.189,5590.009,33092.519,0,0,0,0,0,0,0,10748.619,0,16469.969,2373.205,0,0,0,551.8427,0,0,0,35375.499,1199.176,1969.14,0,46779.719000000005,0,47221.269,46253.429000000004,0,0,100,100
No Match,None,unmatched,51045,15.495375000000001,18.419,141.99375,206.9975,,,,893.2475000000001,0,60945.912200000006,5388.463,758.5786,0,2209.542,785.2281,0,13034.572,14616.763500000001,0,7716.741999999999,4433.2995,6936.58,0,0,4541.8287,1363.419,0,5320.597,1658.425,0,16104.435,0,3693.5825000000004,0,1587.738,0,2853.6360000000004,1386.363,4982.3859999999995,0,0,0,0,23348.17,5751.2952000000005,0,0,8330.213,1044.553,100,100
No Match,None,unmatched,93412,2.942,2.514,19.95,207.0101,,,,0,0,0,0,0,0,0,0,0,0,0,0,0,0,0,636.0807,0,0,0,0,0,0,0,0,0,0,0,0,0,0,0,0,0,0,0,0,0,0,0,0,0,0,100,100
No Match,None,unmatched,4240,2.872,18.638,142.5,207.0127,,,,22721.049,14532.839,14273.329,12780.869999999999,9624.605,15345.139,14582.249,17394.779,18556.309,14986.628999999999,51194.078,21866.839,22540.009,33182.639,23410.999,209810.228,13162.519,24259.379,62629.42800000001,19865.939,18070.699,14671.109,17831.918999999998,28396.989,54985.749,12969.329,25804.785099999997,33621.769,9484.226999999999,31351.0046,18043.609,37583.259000000005,18935.829,16226.989,36496.929000000004,20349.059,29847.069,28498.619,34928.889,20391.189,40228.701,39165.946800000005,100,100
No Match,None,unmatched,6934,1.713,18.738,144.38666666666666,207.06043333333332,,,,0,0,0,0,117089.299,0,0,0,0,1365.771,0,0,0,0,0,0,0,0,20162.9428,0,0,0,0,0,0,0,0,109013.825,0,0,0,0,0,269947.89900000003,0,0,0,0,0,0,0,0,100,100
No Match,None,unmatched,69129,3.318,19.182,147.83,207.0661,,,,0,0,0,0,0,0,0,0,0,0,0,0,0,0,0,0,0,0,0,0,0,0,0,0,0,0,0,0,0,0,0,2776.2799999999997,0,0,0,0,0,0,0,0,0,0,100,100
No Match,None,unmatched,87432,8.421,18.588,143.11,207.0667,,,,0,0,1030.8990000000001,0,0,0,0,0,0,0,0,0,0,0,0,0,0,0,0,0,0,0,0,0,0,0,0,0,0,0,0,0,0,0,0,0,0,0,0,0,0,0,100,100
No Match,None,unmatched,72946,8.3585,18.643,143.615,207.06975,,,,6398.619,0,28245.499,8805.324,0,0,0,8070.254,2899.6139999999996,0,0,10347.389,12963.759,5286.318,0,0,0,6342.906,0,673.5398,1948.383,3067.2555,0,0,0,0,0,0,4219.369,0,0,0,0,0,0,0,697.6616,0,0,0,0,0,100,100
No Match,None,unmatched,91218,3.288,19.183,147.84,207.0703,,,,0,0,0,0,0,0,0,0,0,0,0,0,0,0,0,0,0,0,0,0,0,0,792.344,0,0,0,0,0,0,0,0,0,0,0,0,0,0,0,0,0,0,0,100,100
No Match,None,unmatched,58324,5.82,18.984,146.31,207.0704,,,,0,0,0,0,0,0,0,0,0,0,0,0,0,0,0,0,0,0,0,0,0,0,4692.077,0,0,0,0,0,0,0,0,0,0,0,0,0,0,0,0,0,0,0,100,100
No Match,None,unmatched,57591,13.01,18.61,143.41,207.1008,,,,0,0,0,0,0,0,0,0,0,0,0,0,0,0,0,0,0,0,0,0,0,0,0,765.7608,0,0,0,0,0,0,1518.516,0,0,0,1105.266,0,0,1040.563,0,0,0,0,100,100
No Match,None,unmatched,74143,7.836,19.275,148.47,207.1014,,,,0,1183.019,0,0,0,0,0,0,0,0,0,0,0,0,0,0,0,0,0,0,0,0,0,0,0,0,989.9439,0,0,0,0,0,0,0,0,0,0,0,0,0,0,0,100,100
No Match,None,unmatched,87036,6.4,19.371,149.11,207.1017,,,,0,1056.81,0,0,0,0,0,0,0,0,0,0,0,0,0,0,0,0,0,0,0,0,0,0,0,0,0,0,0,0,0,0,0,0,0,0,0,0,0,0,0,0,100,100
No Match,None,unmatched,34179,9.542,19.418,149.58,207.1039,,,,0,7931.487999999999,0,0,0,0,0,0,0,0,921.8124,0,0,0,0,0,0,0,0,0,0,0,701.9446,0,0,4889.596,3759.0769999999998,0,0,0,0,0,0,0,0,0,0,0,0,0,0,0,100,100
No Match,None,unmatched,80939,1.67125,17.613,135.45,207.981475,,,,0,6780.205999999999,0,0,0,0,0,0,0,0,2842.6429999999996,0,0,0,0,0,0,0,0,0,0,0,0,0,0,0,13308.710000000001,0,0,0,0,0,0,0,0,0,0,0,0,0,0,0,100,100
No Match,None,unmatched,17716,5.725,17.925,138.07,207.99,,,,0,0,0,3651.906,0,0,17249.029,0,15702.399,0,0,0,15385.649,0,0,0,0,0,3064.7459999999996,0,0,9844.821,0,5584.938999999999,0,0,0,0,0,0,0,0,0,0,0,0,0,0,0,4734.909,0,0,100,100
No Match,None,unmatched,21615,1.7725,18.444,142.05,208.01125000000002,,,,0,0,0,0,4123.472,0,0,0,0,2928.903,0,0,0,0,0,0,0,0,946.1773000000001,0,0,0,12540.935000000001,0,0,0,0,38673.828,0,0,0,2740.982,0,36077.808,3140.6589999999997,0,0,0,0,0,0,0,100,100
No Match,None,unmatched,89508,1.856,18.384,141.67,208.0136,,,,0,0,0,0,0,0,0,0,0,0,0,0,0,0,0,0,0,0,0,0,0,0,0,0,0,0,0,0,0,0,0,0,0,0,897.7997,0,0,0,0,0,0,0,100,100
No Match,None,unmatched,82442,2.955,18.732,144.34,208.0162,,,,0,0,0,0,0,0,0,0,0,0,0,0,0,0,0,0,0,0,0,0,0,0,0,0,0,0,1400.886,0,0,0,0,0,0,0,0,0,0,0,0,0,0,0,100,100
No Match,None,unmatched,32113,1.842,18.18,140.225,208.06225,,,,0,8283.935,0,0,0,0,0,0,0,0,2284.183,0,0,0,0,0,1763.1965,730.0771,0,0,0,0,0,0,0,3408.7659999999996,5449.19,0,0,0,0,0,0,0,0,1789.5910000000001,0,2788.4669999999996,0,0,0,0,100,100
No Match,None,unmatched,36580,1.3496666666666666,19.233,148.27,208.06496666666666,,,,1431.527,0,0,1421.2740000000001,0,0,3222.868,0,0,0,0,0,3894.9599999999996,0,0,0,0,0,0,0,0,4772.5179,0,0,0,0,0,0,0,0,0,0,1290.43,0,966.9115,0,8496.59,0,0,0,0,0,100,100
No Match,None,unmatched,9199,9.077666666666666,18.496,143.13666666666666,208.07870000000003,,,,19605.239,1500.955,72880.99799999999,11929.489,0,0,4176.235,14834.628999999999,7430.601,552.4031,12739.909,15153.274,0,28048.175,1035.448,5256.83,1251.107,18563.564,0,1172.203,0,14344.567000000001,6908.8769999999995,0,0,24303.269,1088.519,5349.57,3603.618,3330.89,0,17975.499,11006.471,0,6600.420999999999,13144.594,1940.06,0,43012.518,0,0,0,100,100
No Match,None,unmatched,91119,8.996,18.536,142.83,208.0862,,,,0,0,0,0,0,0,0,0,0,0,0,0,0,0,0,0,0,0,0,0,797.7777,0,0,0,0,0,0,0,0,0,0,0,0,0,0,0,0,0,0,0,0,0,100,100
No Match,None,unmatched,81924,8.746,19.458,149.75,208.0976,,,,0,1442.086,0,0,0,0,0,0,0,0,0,0,0,0,0,0,0,0,0,0,0,0,0,0,0,0,0,0,0,0,0,0,0,0,0,0,0,0,0,0,0,0,100,100
No Match,None,unmatched,60340,7.121666666666667,19.273,149.59666666666666,208.0986,,,,0,8405.1882,0,0,0,0,0,0,0,0,0,0,0,0,0,0,0,0,0,0,0,0,0,0,0,0,2080.714,0,0,0,0,0,0,0,0,0,0,0,0,0,0,0,100,100
No Match,None,unmatched,40237,10.611,19.134,147.35,208.0983,,,,3235.4809999999998,0,0,0,0,0,0,0,0,0,0,0,0,2673.821,0,0,0,0,0,0,0,0,0,0,0,0,0,542.7470000000001,0,0,0,0,0,0,0,1667.175,0,0,0,0,4335.174,0,100,100
No Match,None,unmatched,80860,5.434,19.446,149.65,208.1041,,,,0,1532.741,0,0,0,0,0,0,0,0,0,0,0,0,0,0,0,0,0,0,0,0,0,0,0,0,0,0,0,0,0,0,0,0,0,0,0,0,0,0,0,0,100,100
No Match,None,unmatched,82282,13.536666666666667,18.11,139.53333333333333,208.97696666666664,,,,0,0,0,0,0,0,0,0,0,0,0,0,0,0,0,0,0,0,0,0,0,0,17507.603,0,0,0,0,0,0,0,0,0,0,0,0,0,0,0,0,0,0,0,100,100
No Match,None,unmatched,24904,3.437,18.697,143.91333333333333,209.04926666666665,,,,0,0,0,0,0,0,0,0,0,0,1500.983,0,0,0,0,949.1099,1423.521,0,0,0,0,0,54266.588,0,5726.92,0,11500.045,0,0,0,0,1744.6000000000001,0,0,0,0,0,0,0,0,0,0,100,100
No Match,None,unmatched,68670,6.461,18.564,143.01,209.0612,,,,0,0,0,0,0,0,0,0,0,0,0,0,0,0,0,0,0,0,0,0,0,0,0,0,0,0,0,0,0,0,0,0,0,2838.102,0,0,0,0,0,0,0,0,100,100
No Match,None,unmatched,95120,10.501,19.364,148.98,209.0706,,,,0,0,0,0,0,0,0,0,0,0,0,0,0,0,0,0,0,0,0,0,0,0,0,0,0,0,0,0,0,0,0,0,0,0,0,0,0,0,0,0,0,0,100,100
No Match,None,unmatched,13098,0.93,18.477,142.31,209.0803,,,,0,0,0,0,16416.639,0,0,0,0,15000.729,0,0,0,0,0,0,897.311,0,0,0,0,0,27534.289,0,0,0,0,36283.609000000004,0,0,0,10795.669,604.4932,31903.539,0,0,0,1043.441,0,0,0,0,100,100
No Match,None,unmatched,32084,2.839,18.793,144.805,209.0811,,,,0,31157.628,0,0,0,0,0,0,0,0,0,0,0,0,0,0,0,0,0,0,0,0,0,0,0,0,0,0,0,0,0,0,0,0,0,0,0,0,0,0,0,0,100,100
No Match,None,unmatched,88041,1.587,18.901,145.59,209.0816,,,,0,0,0,0,0,0,0,0,0,0,0,0,0,0,0,0,0,0,0,0,0,0,0,0,0,990.6455,0,0,0,0,0,0,0,0,0,0,0,0,0,0,0,0,100,100
No Match,None,unmatched,78591,5.42,19.162,147.59,209.084,,,,0,0,0,0,0,0,0,0,0,0,0,0,0,0,0,0,0,0,0,0,0,0,0,0,0,1733.449,0,0,0,0,0,0,0,0,0,0,0,0,0,0,0,0,100,100
No Match,None,unmatched,69716,1.395,19.054,146.6,209.0928,,,,0,2095.269,0,0,0,0,0,0,0,0,596.8638,0,0,0,0,0,0,0,0,0,0,0,0,0,0,0,0,0,0,0,0,0,0,0,0,0,0,0,0,0,0,0,100,100
No Match,None,unmatched,84329,9.768,19.093,146.9,209.118,,,,0,1249.888,0,0,0,0,0,0,0,0,0,0,0,0,0,0,0,0,0,0,0,0,0,0,0,0,0,0,0,0,0,0,0,0,0,0,0,0,0,0,0,0,100,100
No Match,None,unmatched,41833,4.971,16.592,127.81,209.9561,,,,0,0,0,0,0,0,0,0,0,3463.049,660.047,0,0,0,0,0,0,0,0,0,0,0,0,2131.631,0,541.8217000000001,0,0,0,0,0,2064.0229999999997,0,1781.566,0,0,0,0,664.7761,0,0,0,100,100
No Match,None,unmatched,86443,1.728,17.635,135.85,209.9794,,,,0,0,0,0,0,0,0,0,0,0,0,0,0,0,0,0,0,0,0,0,0,0,0,0,0,0,1096.433,0,0,0,0,0,0,0,0,0,0,0,0,0,0,0,100,100
No Match,None,unmatched,45576,2.607,18.707,144.07,210.0534,,,,0,0,0,0,0,0,0,0,0,0,0,0,0,0,0,0,0,0,0,0,0,0,0,0,0,0,0,0,0,8759.293,0,0,0,0,0,0,0,0,0,0,0,0,100,100
No Match,None,unmatched,86106,0.895,18.434,141.98,210.0837,,,,0,0,0,0,0,0,0,0,0,0,0,0,0,0,0,0,0,0,0,0,0,0,1117.738,0,0,0,0,0,0,0,0,0,0,0,0,0,0,0,0,0,0,0,100,100
No Match,None,unmatched,20424,7.958,19.514,150.17,210.1145,,,,0,16789.859,0,0,0,0,0,0,0,0,14377.479,0,0,0,0,0,0,0,0,0,0,0,3547.0409999999997,0,0,0,21096.859,0,0,0,0,0,0,0,0,0,0,0,0,0,0,0,100,100
No Match,None,unmatched,80356,5.912,16.927,130.39,210.9143,,,,0,0,0,0,0,0,0,0,0,0,0,0,0,0,0,0,0,0,0,0,0,0,0,0,0,0,0,0,0,0,0,0,0,0,0,0,0,0,1574.953,0,0,0,100,100
No Match,None,unmatched,79460,10.845,18.011,138.7,210.9727,,,,0,0,0,0,0,0,0,0,0,0,0,0,0,0,0,0,0,0,0,0,0,0,0,0,1654.683,0,0,0,0,0,0,0,0,0,0,0,0,0,0,0,0,0,100,100
No Match,None,unmatched,4294,2.817,19.301,148.56,211.044,,,,0,48483.239,0,0,0,0,0,0,0,0,310289.799,0,0,0,8692.878,9812.784,5017.331999999999,0,0,0,30329.189,0,0,0,150878.09900000002,0,76233.72899999999,0,8258.739,795.6286,0,499991.799,0,0,0,1166.044,0,8780.713,0,0,10426.039,1243.089,100,100
No Match,None,unmatched,95503,9.472,18.26,140.6,211.0523,,,,0,0,0,0,0,0,0,0,0,0,0,0,0,0,0,0,0,0,0,0,0,0,0,0,0,0,0,0,0,0,0,0,0,0,0,0,0,0,0,0,0,0,100,100
No Match,None,unmatched,78227,7.51,7.323,56.64,211.0607,,,,0,0,0,0,0,0,0,0,0,0,0,0,1768.307,0,0,0,0,0,0,0,0,0,0,0,0,0,0,0,0,0,0,0,0,0,0,0,0,0,0,0,0,0,100,100
No Match,None,unmatched,61450,7.663,19.61,149.67999999999998,211.06246666666667,,,,44160.519,60816.349,37045.429000000004,49230.829000000005,47664.269,42042.989,33800.999,34959.40900000001,35920.559,40113.239,50747.969000000005,41601.119000000006,38661.279,43241.419,45419.969000000005,54102.207,42211.169,45165.274000000005,47093.90900000001,50741.429000000004,51588.97900000001,47012.429000000004,55580.489,42643.599,44470.619000000006,59211.119000000006,60225.449,62829.127,55772.969000000005,44771.90900000001,54759.902,56211.519,46816.319,48161.219000000005,41590.759000000005,202044.19900000002,53435.329000000005,50813.889,45670.22900000001,47760.639,39955.989,42848.147000000004,100,100
No Match,None,unmatched,84759,7.891,19.223,147.98,211.0691,,,,0,0,0,0,0,0,0,0,0,0,0,0,0,0,0,0,0,0,0,0,0,0,0,0,0,0,0,0,0,0,0,0,0,0,0,0,0,1216.747,0,0,0,0,100,100
No Match,None,unmatched,92041,7.476,7.218,55.98,211.0756,,,,0,0,0,0,0,0,0,0,0,0,0,0,0,0,0,0,0,0,0,0,0,0,0,0,738.1149,0,0,0,0,0,0,0,0,0,0,0,0,0,0,0,0,0,100,100
No Match,None,unmatched,49804,7.395,19.276,148.39,211.0881,,,,0,0,0,0,0,0,0,0,0,0,0,0,0,0,0,0,1316.451,0,0,0,0,0,0,0,0,0,0,0,0,0,0,0,0,0,0,0,0,5464.678,0,0,0,0,100,100
No Match,None,unmatched,80449,3.994,19.079,146.88,211.0982,,,,0,0,0,0,0,0,0,0,0,0,0,0,0,0,0,0,0,0,0,0,0,0,0,0,0,0,0,0,0,0,0,0,0,0,0,0,0,1567.343,0,0,0,0,100,100
No Match,None,unmatched,77240,7.483,19.535,150.37,211.1171,,,,0,0,0,0,0,0,0,0,0,0,0,0,0,0,0,0,0,0,0,0,0,0,0,0,0,0,0,0,0,0,0,0,0,0,0,0,0,0,0,0,0,0,100,100
No Match,None,unmatched,57438,4.979,16.592,127.73,211.9552,,,,0,0,0,0,2158.104,0,0,0,0,0,0,0,0,0,0,0,0,0,0,0,0,0,0,0,0,0,0,1555.097,0,0,0,0,0,0,1199.122,0,0,0,0,0,0,0,100,100
No Match,None,unmatched,84883,1.861,5.979,46.33,211.9974,,,,0,0,0,0,1208.338,0,0,0,0,0,0,0,0,0,0,0,0,0,0,0,0,0,0,0,0,0,0,0,0,0,0,0,0,0,0,0,0,0,0,0,0,0,100,100
No Match,None,unmatched,73198,1.831,15.999,145.99,211.9995,,,,0,743.2735,0,0,0,0,0,0,0,0,0,0,0,0,0,0,0,0,0,0,0,0,0,1327.106,0,0,0,1056.753,0,0,0,0,0,0,0,0,0,0,0,0,0,0,100,100
No Match,None,unmatched,92273,1.7295,1.414,14.145,211.9996,,,,0,0,0,0,0,0,0,0,0,0,0,0,0,0,0,0,0,0,0,0,0,0,0,0,0,1396.056,0,0,0,0,0,0,0,0,0,0,0,0,0,722.6553,0,0,100,100
No Match,None,unmatched,80127,1.56,1.372,11.17,212.0001,,,,0,0,0,0,0,0,0,0,0,0,0,0,0,0,0,0,1596.2740000000001,0,0,0,0,0,0,0,0,0,0,0,0,0,0,0,0,0,0,0,0,0,0,0,0,0,100,100
No Match,None,unmatched,71513,1.744,10.331,79.67,212.0002,,,,0,0,0,0,0,0,0,0,0,0,1026.719,0,0,1443.968,0,0,0,0,0,0,0,0,0,0,0,0,0,0,0,0,0,0,0,0,0,0,0,0,0,0,0,0,100,100
No Match,None,unmatched,94794,1.9726666666666668,3.082,61.24,212.0003,,,,0,0,0,0,0,0,598.9439,0,0,0,512.234,0,763.9784000000001,0,0,0,0,0,0,0,0,0,0,0,509.79690000000005,0,0,0,0,0,0,0,0,0,511.163,0,0,0,0,0,0,0,100,100
No Match,None,unmatched,69965,1.7065000000000001,11.471,140.48499999999999,212.0004,,,,0,0,2606.3469999999998,565.2774000000001,577.1355,0,579.7589,912.4901,0,0,0,0,0,0,0,0,0,0,0,0,0,0,0,0,0,0,0,0,0,869.6534,0,837.7275000000001,877.3608,665.4368000000001,0,0,0,0,0,0,0,0,100,100
No Match,None,unmatched,72257,1.8388333333333335,7.318,128.29833333333332,212.0006,,,,0,0,2131.086,0,0,0,0,6337.027,820.8047,0,752.3765000000001,0,0,595.4359000000001,0,0,0,0,0,0,0,935.2162000000001,1443.8020000000001,4849.9853,0,521.8684000000001,839.8059000000001,2563.5559999999996,0,1309.455,0,0,1153.596,771.5484,1524.477,0,4877.642,0,0,0,0,0,100,100
No Match,None,unmatched,24126,1.7984444444444445,36.198,106.49777777777778,212.0009,,,,1755.185,2349.43,0,1875.747,620.8881,2263.9219999999996,1461.294,1730.2579,735.9588,0,2272.9869999999996,0,2525.799,880.5331,0,0,0,860.3568,0,0,594.9406,1421.182,2277.4065,690.5102,0,4759.0419999999995,0,6469.348,676.1899000000001,0,0,849.6725,0,926.6564000000001,6886.7483999999995,0,4157.977,4344.865,5461.661999999999,3153.1429999999996,0,0,100,100
No Match,None,unmatched,29918,1.72525,29.896,149.2475,212.0012,,,,7477.1539999999995,0,2312.6169999999997,1479.523,3264.977,0,0,3591.5737,0,0,1496.711,0,0,3722.02,0,0,0,1174.15,0,0,0,0,1093.05,0,1230.585,706.7738,0,0,0,0,0,0,3601.993,891.8145000000001,1811.436,2081.386,0,0,0,1253.647,0,0,100,100
No Match,None,unmatched,59871,1.5581999999999998,18.894,112.8,212.0013,,,,1173.019,0,0,0,0,1726.078,608.6943,0,1026.28,0,0,0,626.8183,0,0,846.5989000000001,693.3861,544.7395,1439.084,0,884.0655,0,802.6128,677.6786000000001,0,0,1036.068,0,785.9396,863.573,0,946.5952,0,0,0,0,2885.6576999999997,953.4658000000001,0,0,0,0,100,100
No Match,None,unmatched,3870,1.449,18.869,75.032,212.00169999999997,,,,46071.049000000006,73956.17899999999,60075.569,80882.409,48188.175,0,0,86346.22369999999,62871.109000000004,45148.309,92931.94,0,46079.309,2306.653,1127.584,2006.898,0,0,28515.399,0,1006.3870000000001,0,37838.379,78337.78649999999,25756.846299999997,45872.669,30646.671000000002,96058.17109999999,0,0,0,39140.469000000005,117048.999,33762.209,1546.08,0,56196.589,0,108187.03,58375.739,0,766.7388,100,100
No Match,None,unmatched,93146,1.8044285714285717,11.14,101.18999999999998,212.00199999999998,,,,2720.299,0,1781.2371000000003,10638.762999999999,17704.2095,932.4563,1033.6390000000001,8351.557999999999,5749.661,12421.759,1064.512,3446.723,0,757.3003,0,0,0,0,0,0,1665.4762,790.3518,0,11903.206999999999,0,0,0,17698.819,0,0,0,5193.746999999999,4897.0855,21804.998,0,0,0,0,3175.5969999999998,5837.701,0,0,100,100
No Match,None,unmatched,45671,1.8535000000000001,8.359,137.73666666666668,212.00299999999996,,,,7916.980500000001,0,0,3632.9749999999995,1726.069,0,0,10041.239,0,3610.781,897.4766000000001,990.4164000000001,938.8847000000001,1457.45,0,0,8364.402,591.2102,2016.343,7147.305,11358.925,0,8284.213,1246.7250000000001,12606.234,42695.47900000001,9402.449,2719.0939999999996,1188.41,0,1337.3020000000001,4350.023999999999,14091.212,1576.142,8392.4007,0,1348.455,1520.884,11507.128999999999,40830.521,1377.962,0,100,100
No Match,None,unmatched,66604,1.7197777777777778,0.666,136.32999999999998,212.00334444444445,,,,1460.6085,0,11671.554,9727.8612,5993.0404,2359.348,7364.239,1723.718,1373.753,18400.685,2483.914,777.2139,1305.6465,1503.198,2602.433,0,9668.317,3602.0164,8552.463,652.0523000000001,1583.799,1062.134,14785.946,1223.204,12740.592999999999,3623.8199999999997,2269.0885000000003,7713.9890000000005,16170.479,8516.042,775.1273,1877.377,10467.375,13685.548,9138.883,0,13060.385999999999,0,4207.1138,13675.873799999998,1715.3977,2438.7859999999996,100,100
No Match,None,unmatched,27768,1.664,12.741,114.61250000000001,212.0038,,,,3936.3084,926.1932,1501.09,2439.926,4177.507,2384.2349,2117.779,1525.022,1505.5620000000001,0,3279.4719999999998,1020.365,0,2761.1659999999997,3391.29,1474.401,0,897.1374000000001,1558.117,2403.2259999999997,1396.82,7841.159,2747.6429999999996,3265.3239999999996,1342.671,1221.142,862.6895000000001,3952.5999999999995,1879.392,0,0,3291.3503,7672.4130000000005,0,2159.433,0,0,0,2069.99,2525.517,1600.093,4413.95,100,100
No Match,None,unmatched,38114,1.598,19.534,122.704,212.00410000000002,,,,0,0,1627.3310000000001,1774.664,1537.397,1255.551,0,1410.5240000000001,0,0,1891.921,0,0,0,2028.202,0,0,4654.762,0,0,1931.134,0,1505.317,750.4969,881.0209,942.3051,0,2048.1859999999997,1054.035,0,0,0,1508.593,2692.68,0,0,0,0,1752.083,1091.262,669.7857,0,100,100
No Match,None,unmatched,46136,1.55975,8.662,87.7325,212.0044,,,,730.6165,0,695.8732,653.5802,0,0,0,2564.303,0,0,882.8714,0,0,0,3161.938,913.741,0,906.6462,1997.865,0,1222.9,0,1909.2024999999999,0,0,0,1535.7971000000002,851.6321,0,0,0,1180.0240000000001,0,3738.932,6276.059,0,0,2409.6719999999996,905.6184000000001,1142.788,0,0,100,100
No Match,None,unmatched,29974,1.666,3.238,25.41,212.0045,,,,0,0,0,0,0,2841.379,2020.344,1774.484,3044.837,0,520.2611,6363.547,0,0,0,0,0,0,1322.569,0,0,568.6994,0,0,0,0,0,0,0,0,0,1275.159,1428.941,0,2142.845,0,0,0,0,682.648,0,0,100,100
No Match,None,unmatched,65307,2.1239999999999997,4.85,127.84,212.0052,,,,0,0,0,0,0,0,0,0,0,0,0,0,0,0,0,0,0,0,0,0,0,0,0,0,0,0,1068.994,0,0,0,0,0,2260.7889999999998,0,0,0,0,0,0,0,0,0,100,100
No Match,None,unmatched,62154,1.679,8.223,121.255,212.0053,,,,0,0,0,0,0,0,0,1057.058,0,2023.013,0,0,0,0,0,976.5711,0,0,0,0,0,0,0,0,0,0,0,1329.222,0,0,0,1440.5910000000001,1104.517,0,0,0,0,0,0,0,0,0,100,100
No Match,None,unmatched,89174,1.6131666666666666,0.562,143.45833333333334,212.0054,,,,0,0,0,1109.053,1463.58,1411.672,0,905.1564000000001,0,0,0,0,0,0,0,0,0,0,0,0,1721.6541,1270.748,0,2721.529,0,1218.805,0,2925.174,0,703.878,0,2159.5397000000003,0,0,1245.357,0,1038.268,0,4231.3578,751.0393,749.4635000000001,0,100,100
No Match,None,unmatched,87422,1.946,0.434,3.99,212.0055,,,,0,0,0,0,0,0,0,0,0,0,0,0,0,0,0,0,0,0,0,0,0,0,0,0,0,0,0,0,0,0,0,1031.782,0,0,0,0,0,0,0,0,0,0,100,100
No Match,None,unmatched,88403,1.6770000000000003,0.918,106.62333333333332,212.0056,,,,0,0,0,0,0,0,0,0,0,0,968.3784,0,0,0,0,0,0,0,0,0,0,0,0,0,0,0,0,0,0,0,0,0,0,0,0,0,0,0,825.1214,0,0,0,100,100
No Match,None,unmatched,56268,1.63,10.018,77.42,212.0062,,,,0,0,0,0,0,0,0,0,0,0,0,0,0,0,0,986.494,0,0,0,0,0,0,0,0,889.6385,0,0,885.8374,0,0,0,0,0,0,0,1032.28,1406.214,0,0,0,0,0,100,100
No Match,None,unmatched,63391,1.561,10.289,79.49,212.0063,,,,0,0,0,0,0,0,0,0,0,0,0,0,0,0,0,0,0,3654.2309999999998,0,0,0,0,0,0,0,0,0,0,0,0,0,0,0,0,0,0,0,0,0,0,0,0,100,100
No Match,None,unmatched,93634,2.472,10.541,81.42,212.0066,,,,0,0,0,0,0,0,0,0,0,0,0,0,0,0,0,0,0,0,0,0,0,0,0,0,0,0,0,0,0,0,0,0,0,0,618.2101,0,0,0,0,0,0,0,100,100
No Match,None,unmatched,90563,1.936,14.453,111.24,212.0072,,,,0,0,0,0,0,832.5353,0,0,0,0,0,0,0,0,0,0,0,0,0,0,0,0,0,0,0,0,0,0,0,0,0,0,0,0,0,0,0,0,0,0,0,0,100,100
No Match,None,unmatched,86091,1.49,2.39,18.9,212.0073,,,,0,0,0,699.625,0,0,0,0,0,0,0,0,0,0,0,0,0,0,0,0,0,0,0,0,0,0,0,0,0,0,0,0,0,0,0,0,0,0,0,0,0,0,100,100
No Match,None,unmatched,94041,1.488,4.285,33.49,212.0097,,,,0,0,0,0,0,0,0,0,0,0,0,0,0,0,0,0,0,0,0,0,0,0,0,0,0,0,0,0,0,0,0,0,0,0,0,0,0,0,582.6224,0,0,0,100,100
No Match,None,unmatched,84100,1.567,12.507,96.49,212.0117,,,,0,0,0,0,0,0,0,0,0,0,0,0,0,0,0,0,0,0,0,0,0,0,0,0,0,0,0,0,0,0,0,0,0,0,0,0,0,0,1267.7160000000001,0,0,0,100,100
No Match,None,unmatched,59154,1.642,3.234,25.42,212.0154,,,,0,0,0,0,0,0,0,0,0,0,0,0,0,813.6101,0,0,0,0,0,0,0,0,709.8565,0,0,0,664.9526000000001,0,0,0,0,1021.438,0,0,0,0,0,0,0,0,0,1294.566,100,100
No Match,None,unmatched,82347,1.679,11.14,86.01,212.0158,,,,0,0,0,0,0,0,0,0,0,0,0,0,0,0,0,0,0,0,0,0,0,0,0,0,0,0,0,0,0,0,0,0,0,0,0,0,0,0,0,942.7309,0,0,100,100
No Match,None,unmatched,95885,1.987,17.966,138.15,212.0163,,,,0,0,0,0,0,0,0,0,0,0,0,0,0,0,0,0,0,0,0,0,0,0,0,0,0,0,0,0,0,0,0,0,0,0,0,0,0,0,0,0,0,0,100,100
No Match,None,unmatched,66054,1.75,3.234,25.37,212.025,,,,0,0,0,0,0,0,0,639.2742000000001,0,0,0,0,0,0,0,0,0,0,0,0,2577.1229999999996,0,0,0,0,0,0,0,0,0,0,0,0,0,0,0,0,0,0,0,0,0,100,100
No Match,None,unmatched,93970,7.488,19.581,150.52,212.066,,,,0,0,0,0,0,0,0,0,0,0,0,0,0,0,0,0,0,0,0,0,0,0,0,0,0,0,0,0,0,0,0,0,0,0,0,0,0,0,0,0,0,0,100,100
No Match,None,unmatched,68698,1.556,18.815,144.81,212.0676,,,,0,0,0,0,0,0,0,0,0,0,0,0,0,0,0,0,0,0,0,0,0,0,0,0,0,0,0,0,0,0,0,0,0,0,0,0,0,0,0,0,0,0,100,100
No Match,None,unmatched,65169,4.218,19.073,146.79,212.0717,,,,0,0,0,0,0,0,0,0,0,0,0,0,0,0,0,0,0,0,0,0,0,0,0,0,0,0,0,0,0,0,0,0,0,0,0,1850.992,0,1502.73,0,0,0,0,100,100
No Match,None,unmatched,83368,5.915,19.231,148,212.0731,,,,0,0,0,0,0,0,0,0,0,0,0,0,0,0,0,0,0,0,0,0,0,0,0,0,0,0,1326.009,0,0,0,0,0,0,0,0,0,0,0,0,0,0,0,100,100
No Match,None,unmatched,92928,1.143,18.803,144.72,212.0767,,,,0,0,0,0,0,0,0,0,0,0,0,0,0,0,0,0,0,0,0,0,0,0,0,0,0,0,0,0,0,0,0,0,0,0,0,0,0,0,0,0,0,0,100,100
No Match,None,unmatched,18943,5.189,18.894,145.4,212.0834,,,,0,0,0,0,0,0,0,0,0,0,8540.055,0,0,0,0,0,836.7652,0,0,0,2409.524,0,0,0,10723.099,2849.1119999999996,5121.927,0,0,0,0,28825.418999999998,0,4204.545999999999,1700.563,0,0,0,0,0,0,0,100,100
No Match,None,unmatched,35711,1.7134999999999998,18.73,144.13,212.0925,,,,0,0,0,0,0,0,0,0,0,0,0,0,0,0,0,0,0,0,0,0,0,0,0,0,0,0,0,0,0,0,0,0,0,0,0,0,0,0,0,0,0,0,100,100
No Match,None,unmatched,20403,2.478,18.069,139.03,212.0932,,,,0,0,0,0,0,0,0,0,0,0,0,0,0,0,0,0,0,0,0,0,0,0,0,0,0,0,0,0,0,0,0,0,0,0,0,0,0,0,0,0,0,0,100,100
No Match,None,unmatched,80290,2.488,18.067,138.92,212.1072,,,,0,0,0,0,0,0,0,0,0,0,0,0,0,0,0,0,0,0,0,0,0,0,0,0,0,0,0,0,0,0,0,0,0,0,0,0,0,0,0,0,0,0,100,100
No Match,None,unmatched,48863,1.828,18.716,143.94,212.1085,,,,0,0,0,0,0,0,0,0,0,0,0,0,0,0,0,0,0,0,0,0,0,0,0,0,0,0,0,0,0,0,0,0,0,0,0,0,0,0,0,0,0,0,100,100
No Match,None,unmatched,93683,5.906,16.952,130.35,212.9084,,,,614.9982,0,0,0,0,0,0,0,0,0,0,0,0,0,0,0,0,0,0,0,0,0,0,0,0,0,0,0,0,0,0,0,0,0,0,0,0,0,0,0,0,0,100,100
No Match,None,unmatched,81386,7.828,19.157,147.39,213.0556,,,,0,0,0,0,0,0,0,0,0,0,0,0,0,0,0,0,0,0,0,0,0,0,0,0,0,0,0,0,0,0,0,0,0,0,0,1489.115,0,0,0,0,0,0,100,100
No Match,None,unmatched,55484,2.9555714285714285,17.783,138.71857142857144,213.05728571428568,,,,15935.907,0,5616.385,3479.3669999999997,0,0,9926.554,0,9321.3656,0,0,909.855,36014.746,17194.467,0,0,0,0,0,1669.531,0,5638.048,0,0,0,0,0,0,0,2367.392,1053.18,0,5006.687,0,0,0,38117.289,0,0,0,0,0,100,100
No Match,None,unmatched,88422,12.139,19.615,150.74,213.0563,,,,966.9142,0,0,0,0,0,0,0,0,0,0,0,0,0,0,0,0,0,0,0,0,0,0,0,0,0,0,0,0,0,0,0,0,0,0,0,0,0,0,0,0,0,100,100
No Match,None,unmatched,72727,1.667,17.777,136.66,213.0616,,,,0,0,0,0,0,0,0,0,1843.401,0,0,0,0,0,0,0,0,0,0,0,0,0,0,0,0,0,0,0,0,0,0,0,0,0,0,0,0,0,0,0,0,0,100,100
No Match,None,unmatched,85933,7.376,19.07,146.73,213.0631,,,,0,0,0,0,0,0,0,0,0,0,0,0,0,0,0,0,0,0,0,0,0,0,0,0,0,0,0,0,0,0,0,0,0,0,0,1131.411,0,0,0,0,0,0,100,100
No Match,None,unmatched,15345,9.3505,19.096,147.055,213.0674,,,,1166.025,1678.25,2749.881,2757.7273999999998,2568.446,2140.379,3984.7219999999998,0,1484.505,3279.953,2886.5609999999997,3775.232,1426.046,0,3479.167,2642.5609999999997,0,5589.538,2684.752,4354.7919999999995,1598.598,3043.209,0,2359.7729999999997,2021.558,950.2721,0,781.6015,3131.721,0,2611.5095,1626.9080000000001,2394.423,2800.794,1661.404,22237.839,2863.6248,762.7366000000001,2812.549,2209.93,5189.451,3792.9269999999997,100,100
No Match,None,unmatched,18186,6.985666666666667,19.066,146.64333333333335,213.06713333333335,,,,0,0,0,0,0,8223.078,0,0,0,0,0,0,0,0,20292.858,8085.8369999999995,10443.55,5256.367,0,7298.362999999999,18389.400999999998,0,0,0,0,0,0,0,5540.884,9676.779,1583.998,0,0,0,0,20669.190000000002,0,41983.0303,0,0,5861.8834,0,100,100
No Match,None,unmatched,92801,1.751,17.745,136.42,213.0729,,,,0,0,0,0,0,0,686.2130000000001,0,0,0,0,0,0,0,0,0,0,0,0,0,0,0,0,0,0,0,0,0,0,0,0,0,0,0,0,0,0,0,0,0,0,0,100,100
No Match,None,unmatched,26314,1.919,19.25,148.09,213.1135,,,,0,0,0,7726.896,0,0,0,0,0,0,0,0,0,0,0,0,0,1182.963,0,0,0,5514.242,0,0,0,0,0,0,0,0,0,0,0,881.7134,0,796.7938,0,1365.13,1875.957,7921.67,0,4574.637,100,100
No Match,None,unmatched,48915,2.8369999999999997,19.448,149.145,213.114,,,,0,2714.185,0,1253.16,0,0,0,0,0,0,1762.317,0,2396.143,559.3353000000001,0,0,0,0,0,0,0,1405.378,0,0,0,0,6245.55,1980.97,0,0,0,0,0,0,0,0,0,0,0,3135.944,0,2268.1839999999997,100,100
No Match,None,unmatched,81009,2.323,18.215,140.14,213.9664,,,,0,0,0,0,0,0,0,0,0,0,0,0,0,0,0,0,0,0,0,0,0,0,0,0,0,0,0,0,0,0,0,0,0,0,0,0,0,1520.9950000000001,0,0,0,0,100,100
No Match,None,unmatched,56629,1.3216666666666665,18.867,144.47333333333333,213.99996666666667,,,,0,0,0,0,0,0,0,0,0,0,0,0,0,0,0,0,0,0,0,0,3226.4719999999998,0,0,0,0,0,0,0,0,0,0,0,0,0,0,0,0,0,0,0,0,0,100,100
No Match,None,unmatched,75577,2.56,17.996,138.38,214.0032,,,,0,0,0,0,0,0,0,0,0,0,0,0,0,0,0,0,0,0,0,0,0,0,0,0,0,0,0,0,0,0,0,0,1621.4270000000001,0,0,0,0,0,0,0,0,0,100,100
No Match,None,unmatched,67499,1.615,18.806,144.62,214.0036,,,,0,600.7581,0,0,0,0,0,0,0,0,0,0,0,0,1259.944,0,0,0,0,0,0,0,0,0,0,0,0,0,0,0,0,0,0,0,0,0,0,0,0,1140.911,0,0,100,100
No Match,None,unmatched,21313,13.993199999999998,18.447,142.004,214.04938,,,,4905.625,0,5070.739,6577.829,1670.25,1911.887,3962.7909999999997,1659.626,2080.9813000000004,0,0,8657.106,8324.649300000001,4802.726,650.3158,0,2092.247,4502.3949999999995,0,2164.299,1313.503,4386.332,0,2248.9339999999997,0,0,0,0,3100.3929999999996,3803.0359999999996,2591.5519999999997,505.8009,2184.5027,3982.451,0,0,1913.688,1159.3410000000001,2815.3501,6263.076,0,2377.526,100,100
No Match,None,unmatched,45189,8.7455,18.831,144.79,214.05124999999998,,,,954.1293000000001,0,3387.589,1956.791,0,2903.994,2117.631,3624.1420999999996,0,2345.736,1461.57,1265.068,3530.0589999999997,0,1069.575,2427.816,947.6066000000001,948.1379000000001,1909.061,0,0,1267.328,1932.5,0,1563.284,2254.298,0,0,4898.124,2405.408,0,2066.2769999999996,2529.0984000000003,3992.73,805.9737,17016.369,1346.935,1959.2930000000001,0,583.7096,2214.618,0,100,100
No Match,None,unmatched,92815,3.606,19.461,149.68,214.0541,,,,0,0,0,0,0,0,0,0,0,0,0,0,0,0,0,0,0,0,0,0,0,0,684.644,0,0,0,0,0,0,0,0,0,0,0,0,0,0,0,0,0,0,0,100,100
No Match,None,unmatched,24410,0.6391249999999999,18.861,144.85375,214.077075,,,,0,4884.5431,0,0,23993.782,29726.391000000003,0,0,0,22039.503,32036.475,0,0,0,12486.4238,9644.3123,67071.36899999999,71287.659,8956.507,9929.778999999999,60676.158,0,51360.888,5182.224,73454.278,10221.929,9666.663,50744.617000000006,73953.943,62604.702000000005,73871.049,48725.407999999996,0,59479.868,29429.144,10086.419,759.1686,69044.388,0,0,68083.698,4500.817,100,100
No Match,None,unmatched,80395,4.7665,19.227,148.08499999999998,214.07815,,,,0,0,0,0,0,0,0,0,0,0,0,0,0,0,0,0,0,0,0,0,0,0,0,0,0,0,0,0,3286.6139999999996,0,0,0,0,0,4476.142,0,0,2595.538,0,0,0,0,100,100
No Match,None,unmatched,44295,7.08,19.436,149.33,214.0869,,,,0,9838.23,0,0,0,0,0,0,0,0,0,0,0,0,0,0,0,0,0,0,0,0,0,0,0,0,0,0,0,0,0,0,0,0,0,0,0,0,0,0,0,0,100,100
No Match,None,unmatched,63622,5.567,19.245,147.86,214.0888,,,,0,0,0,0,0,0,0,0,0,0,3615.5829999999996,0,0,0,0,0,0,0,0,0,0,0,0,0,0,0,0,0,0,0,0,0,0,0,0,0,0,0,0,0,0,0,100,100
No Match,None,unmatched,18229,8.927,18.31,140.77,215.0017,,,,0,0,0,0,4881.8009999999995,0,6577.012,0,0,0,5482.922,4998.607,0,4529.423,1022.938,0,0,2070.142,0,3960.587,0,0,0,1436.242,0,6263.840999999999,0,0,0,5634.65,0,0,0,0,11009.759,9821.109,3267.2569999999996,0,0,0,0,0,100,100
No Match,None,unmatched,24382,7.828333333333333,18.309,140.62666666666667,215.0025666666667,,,,2492.3239999999996,0,6414.733,0,1968.477,3742.52,5086.8679999999995,7805.888,0,3594.99,0,0,3799.3529999999996,5209.246,3536.6679999999997,2169.149,5523.193,0,1118.727,0,3074.238,4721.931,6244.682,0,0,13178.603,19249.849,3038.97,17951.783,10282.126,3713.734,6508.947,4055.3059999999996,0,0,2409.048,8128.231999999999,0,30014.621,3912.0939999999996,5082.762,7234.249999999999,100,100
No Match,None,unmatched,20616,4.8823333333333325,18.215,140.12,215.00307777777778,,,,4829.9929999999995,8620.166799999999,2548.8239999999996,6374.5779999999995,6604.416,6140.142,5792.771,7173.2699,5442.251,4344.109,8245.501,10508.16,8586.658,2722.572,8774.651899999999,7943.107999999999,1884.6505000000002,4133.057,4678.3279999999995,5939.442999999999,5751.651999999999,5341.709,0,4474.342,17914.98,6465.618,5131.0779999999995,4982.630999999999,7564.101,1953.346,4305.898999999999,4878.687,5229.459999999999,9687.151,4680.6089999999995,14702.654999999999,0,6931.324999999999,6633.048000000001,1951.1000000000001,6444.3189999999995,10122.868999999999,100,100
No Match,None,unmatched,11927,5.6645,18.34,140.505,215.003375,,,,11722.136999999999,5496.204,5609.1849999999995,5024.603999999999,45177.34,12735.564,12053.098,12457.007,0,26838.261,16870.301,0,0,29555.889,11533.329,11253.9105,13631.792999999998,0,5492.519,35204.503,13431.066,21672.2842,5379.4259999999995,6448.897,33748.646,33056.073,3094.9489999999996,31293.291,31683.244999999995,37251.08,4724.842,6264.776,6619.004,46558.34790000001,13712.894999999999,17199.643,36216.047999999995,11783.126,13280.717999999999,17860.398999999998,11105.244999999999,11373.231,100,100
No Match,None,unmatched,21201,6.6354999999999995,18.336,140.60750000000002,215.0031,,,,3088.8619999999996,2549.4199999999996,12969.210000000001,7733.601999999999,6492.467,3345.656,0,0,0,7354.639999999999,0,0,4736.625,0,0,5881.218999999999,3106.5609999999997,5521.9259999999995,1100.018,7098.5779999999995,0,5552.012999999999,2478.9979999999996,0,2555.4379999999996,4213.66,7343.964,7170.589,9172.61,0,2091.214,5352.947,3245.213,3655.4489999999996,4006.2039999999997,7411.476,18692.889,7862.353999999999,4057.8869999999997,2141.874,0,1510.368,100,100
No Match,None,unmatched,16178,5.732333333333333,18.34,140.59666666666666,215.0032,,,,2432.395,2747.011,0,2861.3419999999996,3405.212,0,4482.116,11833.979,0,2767.627,796.5171,0,9314.7,11479.719,3036.31,0,731.9522000000001,1969.406,8443.728,1179.567,1162.3310000000001,850.2654,2494.66,4954.25,0,7424.806,1673.0040000000001,0,2080.374,22193.339,1915.806,4092.817,0,10179.825,4763.403,5050.871999999999,0,2396.3729999999996,10664.958,1372.705,0,3237.993,100,100
No Match,None,unmatched,72948,8.516,18.225,140.18,215.0039,,,,0,0,0,0,0,0,0,0,0,0,0,0,0,0,0,0,0,0,0,0,0,984.5115000000001,0,0,1321.694,0,0,0,0,0,0,0,0,0,0,0,0,0,0,0,0,0,100,100
No Match,None,unmatched,70252,2.528,17.117,131.54,215.0117,,,,0,0,0,0,0,0,2179.879,0,0,0,0,0,0,0,0,0,0,0,0,0,0,0,0,0,0,0,0,0,0,0,0,0,0,0,0,0,0,0,0,0,0,0,100,100
No Match,None,unmatched,89071,4.406,18.235,140.1,215.0427,,,,0,925.5519,0,0,0,0,0,0,0,0,0,0,0,0,0,0,0,0,0,0,0,0,0,0,0,0,0,0,0,0,0,0,0,0,0,0,0,0,0,0,0,0,100,100
No Match,None,unmatched,6437,0.6354,18.826,144.672,215.07382,,,,0,67467.219,0,0,152854.799,191718.38799999998,0,14043.855,0,146949.918,229209.168,4895.275,1287.618,0,116029.499,98874.24799999999,344549.218,384464.39900000003,129798.83799999999,99711.358,357569.998,1592.114,302168.299,49827.548,336320.798,138427.63799999998,157449.158,276567.26800000004,396160.199,316213.999,393054.599,278024.64800000004,15902.742,348159.299,181447.048,103843.108,9246.0595,362180.998,0,0,366751.998,87876.279,100,100
No Match,None,unmatched,25970,9.672,18.762,144.84,215.0861,,,,0,4118.7514,4127.471,0,0,0,0,0,0,1207.928,0,0,0,0,2517.8011,0,0,0,0,0,0,0,0,0,0,0,0,0,0,0,0,0,0,0,0,0,0,0,36193.662,0,0,0,100,100
No Match,None,unmatched,64898,0.686,18.823,144.67,215.0892,,,,0,0,0,763.36,0,0,0,0,0,0,0,0,0,0,0,0,0,0,0,0,0,2632.884,0,0,0,0,0,0,0,0,0,0,0,0,0,0,0,0,0,0,0,0,100,100
No Match,None,unmatched,95547,4.176,18.036,138.7,216.0289,,,,0,0,0,0,0,0,0,0,0,0,0,0,0,0,0,0,0,0,0,0,0,0,0,0,0,0,0,0,0,0,0,0,0,0,0,0,0,0,0,0,0,0,100,100
No Match,None,unmatched,46661,1.093,19.546,150.2,216.0353,,,,0,0,0,0,1833.03,0,0,0,0,0,0,0,0,0,0,0,0,0,0,0,0,0,0,5433.717,1373.023,0,0,0,0,0,0,0,0,0,0,0,0,0,0,0,0,0,100,100
No Match,None,unmatched,15324,0.6205,18.338,140.84,216.05722500000002,,,,2502.5499999999997,0,0,25698.700999999997,0,0,4172.5109999999995,0,7193.236,0,0,0,16332.969999999998,4714.764999999999,0,0,0,0,14351.569,0,0,66154.588,0,6184.6089999999995,0,0,0,2908.9159999999997,0,0,0,0,0,1405.705,0,0,30971.189,0,0,12756.248,0,0,100,100
No Match,None,unmatched,31924,0.6205,18.852,144.965,216.07745,,,,0,0,0,0,0,2780.205,0,0,0,0,0,0,0,0,0,0,0,0,0,0,0,0,0,0,5051.2919999999995,0,0,0,0,0,0,0,0,0,0,0,0,0,0,0,0,0,100,100
No Match,None,unmatched,45353,9.814176470588235,18.561,142.14000000000001,217.00198823529414,,,,0,0,122007.75700000001,0,83683.708,0,0,53075.134999999995,0,0,33907.547999999995,0,8480.311,39946.475,0,0,0,0,0,0,0,62031.558000000005,0,0,27912.2442,29944.594000000005,27249.868000000002,0,75217.928,43617.475000000006,0,0,0,19781.189,42822.768,32723.989,71177.236,0,70707.617,0,0,0,100,100
No Match,None,unmatched,67904,8.344999999999999,18.62,142.23142857142855,217.00105714285718,,,,0,0,38566.345,0,17594.376,0,0,30256.057999999997,0,15822.878999999999,17226.918999999998,0,11973.089,51611.734,0,0,0,0,0,0,0,36450.098,0,0,38016.32000000001,7455.361,24091.008,0,41692.825000000004,42130.026,0,0,0,12211.289,24396.529,0,64901.575,0,47408.719,0,0,0,100,100
No Match,None,unmatched,47000,6.932,18.414,141.77499999999998,216.9999,,,,0,0,0,0,3118.1169999999997,0,0,0,0,0,0,0,0,13041.185,0,0,0,0,0,0,0,6664.014,0,0,0,2240.2529999999997,9982.814,0,8908.525,0,0,0,0,10582.439,0,0,0,0,5610.093,0,0,0,100,100
No Match,None,unmatched,33582,5.823,18.537,142.142,217.00081999999998,,,,0,0,45927.114,0,0,0,0,59918.87299999999,0,0,19004.609,0,7837.666,28073.167999999998,0,0,0,0,0,0,0,13527.839,0,0,30708.093,11380.659,18924.998,0,36815.558000000005,19495.119,0,0,0,18943.524999999998,0,22012.793,12182.199,0,16732.659,0,0,0,100,100
No Match,None,unmatched,27469,7.542,18.43,141.6,217,,,,0,0,7720.755999999999,0,0,0,0,0,0,0,0,0,0,8969.110999999999,0,0,0,0,0,0,0,0,0,0,0,6514.164,6327.76,0,0,0,0,0,0,0,0,0,0,0,0,0,0,0,100,100
No Match,None,unmatched,28305,8.368500000000001,18.555,142.60000000000002,217.00075,,,,0,0,13411.079,0,16759.987,0,0,16498.458,0,0,13233.999,0,0,11295.249,0,0,0,0,0,0,0,24108.894,0,0,0,2290.2599999999998,0,0,8091.139,0,0,0,0,13715.849,0,0,1518.4850000000001,0,15590.914999999999,0,0,0,100,100
No Match,None,unmatched,38646,6.7418260869565225,18.574,142.26913043478262,217.0022478260869,,,,0,0,153742.286,0,51658.918999999994,0,0,204409.17,0,17141.539,100952.59300000001,0,29091.219,90349.685,0,0,0,111293.336,0,0,0,131353.278,0,0,98394.441,30151.989,45186.416,39824.328,166188.48899999997,58470.740999999995,0,0,0,124771.945,65889.568,96207.831,233136.92299999998,0,60228.176,0,0,0,100,100
No Match,None,unmatched,12635,5.339,18.525,142.32,217.0008,,,,0,0,11994.149,0,12239.029,0,0,12955.999,0,12216.739,10225.958999999999,0,9142.528,15965.899,0,0,0,0,0,0,0,11401.669,0,0,0,7871.005999999999,4398.724,0,0,12733.929,0,0,0,18454.559,0,11242.539,0,0,0,0,0,0,100,100
No Match,None,unmatched,11268,9.902999999999999,18.504,141.99,217.0011,,,,0,0,11774.419,0,19482.572999999997,0,0,17993.168999999998,0,0,9596.864,0,15614.208999999999,25550.539,0,0,0,0,0,0,0,13723.539,0,0,0,16289.179,0,0,20763.232,11950.128999999999,0,0,0,0,27272.129,0,0,0,24929.811,0,0,0,100,100
No Match,None,unmatched,11790,4.35,18.524,142.11499999999998,217.00327142857145,,,,0,0,4796.5199999999995,0,2208.1989999999996,0,0,107847.66900000001,148120.16100000002,0,9424.654,0,29718.869,0,0,0,0,141739.387,0,0,0,10950.221,0,0,20841.099,34194.744999999995,46957.091,140572.706,6938.491,18657.042,0,0,0,284118.62700000004,172535.756,35674.09299999999,202485.79700000002,0,6792.508,0,0,0,100,100
No Match,None,unmatched,28738,8.13475,18.515,141.95250000000001,217.003625,,,,0,0,0,0,13167.208999999999,0,0,0,0,23356.249,0,0,18988.339,0,0,0,0,0,0,0,0,13312.608,0,0,0,0,18495.059,23400.099,5936.655,0,0,0,0,0,0,0,36085.911,0,0,0,0,0,100,100
No Match,None,unmatched,8320,2.605,18.612,142.99,217.0164,,,,0,0,0,0,0,0,0,0,0,87881.33899999999,83468.08899999999,0,0,31292.899,0,0,0,0,0,0,0,0,0,0,0,126697.89899999999,0,0,9545.077,0,0,0,0,0,0,9607.997,0,0,0,0,0,0,100,100
No Match,None,unmatched,57645,1.652,18.951,145.66,217.0171,,,,0,0,0,0,0,0,0,0,0,0,0,0,0,0,0,0,0,4856.611,0,0,0,0,0,0,0,0,0,0,0,0,0,0,0,0,0,0,0,0,0,0,0,0,100,100
No Match,None,unmatched,76438,12.392,18.498,142.2,217.0482,,,,0,0,0,0,0,0,0,0,0,0,0,0,0,0,0,0,0,0,0,0,0,0,0,0,0,0,1937.338,0,0,0,0,0,0,0,0,0,0,0,0,0,0,0,100,100
No Match,None,unmatched,44422,0.6096,18.342,140.84,217.05308,,,,52893.859000000004,0,5805.7970000000005,153641.69900000002,0,0,58198.709,0,130982.299,8337.439999999999,0,3942.165,115776.89899999999,42530.948000000004,0,1044.887,0,0,104492.699,0,824.8192,337968.499,0,55910.669,0,0,0,32978.939000000006,0,0,2487.2819999999997,0,16819.11,40984.699,0,2870.9219999999996,191112.09900000002,0,15373.909,99851.209,0,0,100,100
No Match,None,unmatched,53541,2.269,18.858,145.065,217.0621,,,,0,0,0,0,0,0,0,0,0,0,0,0,0,0,0,0,0,0,0,0,0,0,819.6123,0,1275.808,0,0,0,0,0,0,6195.294,0,0,0,0,0,0,0,0,0,0,100,100
No Match,None,unmatched,45381,7.591,19,146.03,217.0664,,,,0,0,0,0,0,0,0,0,0,0,0,0,0,0,0,0,0,0,0,0,0,0,0,0,0,0,0,0,0,0,0,0,0,9256.367,0,0,0,0,0,0,0,0,100,100
No Match,None,unmatched,89737,0.793,18.643,143.3,217.0728,,,,0,0,0,0,0,0,0,0,0,0,0,0,0,0,0,0,0,0,0,0,0,0,0,0,0,0,0,0,0,0,0,0,0,0,0,0,0,0,0,0,0,0,100,100
No Match,None,unmatched,13086,12.49,18.877,145.05,217.0847,,,,0,1160.577,0,0,5942.505,25407.859,0,2032.5720000000001,4094.7419999999997,2595.897,817.4150000000001,0,0,0,2589.033,0,2400.567,3673.008,12527.269,0,4618.286,0,0,4416.112999999999,4508.197999999999,5259.651,0,3090.207,5744.291,3382.0159999999996,9300.19,0,0,2834.0099999999998,6111.456,14625.449,0,5932.067,0,1182.688,0,6110.88,100,100
No Match,None,unmatched,77693,10.341,18.937,145.55,217.0852,,,,0,0,0,0,0,0,0,0,0,0,0,0,0,0,0,0,0,0,0,0,0,0,0,0,0,1820.08,0,0,0,0,0,0,0,0,0,0,0,0,0,0,0,0,100,100
No Match,None,unmatched,88833,0.508,18.315,140.79,217.0856,,,,0,0,0,0,0,0,0,0,0,0,0,0,0,0,0,0,0,0,0,0,0,0,941.1844,0,0,0,0,0,0,0,0,0,0,0,0,0,0,0,0,0,0,0,100,100
No Match,None,unmatched,88933,5.758,19.523,149.87,217.0867,,,,0,0,0,0,0,0,0,0,0,0,0,0,0,0,0,0,0,0,0,0,0,0,0,0,0,0,0,0,0,0,0,0,0,0,0,0,0,0,0,0,0,0,100,100
No Match,None,unmatched,13697,0.802,18.938,145.51,217.108,,,,0,0,0,0,8490.896,0,0,0,0,10835.619,0,0,0,0,0,0,0,0,0,0,0,0,31345.139,0,0,0,0,28934.759,0,0,951.7884,9662.027,0,38180.449,0,0,0,0,0,0,0,0,100,100
No Match,None,unmatched,35197,8.682500000000001,17.447,134.075,217.93535000000003,,,,0,0,0,1067.228,1121.242,0,0,0,0,0,0,0,692.4241000000001,0,0,0,0,0,0,0,0,2810.006,1018.831,0,0,0,2918.6279999999997,1964.487,0,0,0,0,1662.196,0,5183.5265,0,0,0,0,0,0,0,100,100
No Match,None,unmatched,87309,1.038,17.436,134.03,217.9766,,,,0,0,0,0,0,0,0,0,0,0,0,0,0,0,0,0,0,0,0,0,0,0,0,0,0,0,0,0,0,0,0,0,0,1039.99,0,0,0,0,0,0,0,0,100,100
No Match,None,unmatched,74064,0.871,18.457,142.25333333333333,218.00676666666666,,,,0,0,0,0,0,0,0,3902.2077,0,0,0,0,0,0,0,0,0,0,0,0,0,0,0,0,0,0,0,0,0,0,0,0,0,0,0,0,0,0,0,0,0,0,100,100
No Match,None,unmatched,65271,11.681,18.534,142.39,218.0055,,,,0,0,0,0,0,0,0,0,0,0,0,1215.807,0,0,0,0,0,0,0,0,0,917.1704,0,0,0,0,841.5902,0,0,0,0,0,0,0,0,0,0,0,0,0,0,0,100,100
No Match,None,unmatched,35132,6.775,18.539,142.22500000000002,218.0065,,,,1472.136,0,586.7852,748.8000000000001,1563.7638000000002,1757.8790000000001,0,843.207,1057.662,0,0,692.0832,802.9604,0,0,0,0,0,1022.631,527.1485,863.8882,0,0,0,0,1273.089,0,0,0,680.907,969.4684,0,0,997.0955,0,0,0,0,0,1645.039,0,996.2763,100,100
No Match,None,unmatched,34774,5.297,18.518,142.26,218.0067,,,,0,1027.682,1271.334,1289.756,900.8865000000001,1036.527,0,0,0,0,0,1472.78,0,0,0,0,0,0,0,1036.366,742.3872,1567.468,0,704.3846,0,0,967.4466,0,594.9054,0,0,581.4071,528.9,0,0,0,0,0,2463.116,0,0,0,100,100
No Match,None,unmatched,53112,9.691,18.489,142.03,218.007,,,,0,0,0,0,645.5840000000001,947.0358,689.0422,0,0,0,0,0,0,0,0,0,0,0,0,0,0,0,752.2141,0,873.0824,1335.883,0,0,0,507.6508,0,0,0,0,0,0,0,0,0,0,0,0,100,100
No Match,None,unmatched,34123,6.6775,18.535,142.24,218.0075,,,,615.5651,813.0751,0,0,0,3498.2452,0,2305.2980000000002,0,0,0,0,0,0,0,0,3741.8839999999996,0,1057.734,774.0215000000001,2620.7610000000004,0,1402.826,0,1139.094,0,0,770.8172000000001,904.4546,0,1512.311,845.7998,1077.0620000000001,1794.5634,0,0,661.2837000000001,0,0,0,579.1643,0,100,100
No Match,None,unmatched,71834,2.716,18.511,142.18,218.0073,,,,0,0,0,0,0,0,604.8297,0,0,0,0,548.1581,0,0,0,0,0,0,0,0,0,0,0,0,0,0,0,0,0,0,0,0,0,0,0,0,0,0,0,0,0,0,100,100
No Match,None,unmatched,50166,3.564,18.5,142.11,218.0074,,,,784.1898,0,0,0,0,0,555.5895,0,522.4031,0,0,556.8304,0,0,0,0,0,0,0,0,0,756.3034,598.4081,0,0,0,0,0,0,0,0,0,1051.977,0,0,526.8698,0,1064.093,0,0,0,0,100,100
No Match,None,unmatched,71407,4.551,18.552,142.45,218.0075,,,,0,0,0,0,707.5489,0,0,0,723.8069,0,0,633.6274000000001,0,0,0,0,0,0,0,0,0,0,0,0,0,0,0,0,0,0,0,0,0,0,0,0,0,0,0,0,0,0,100,100
No Match,None,unmatched,67464,7.346,18.521,142.35,218.0086,,,,521.3298,0,0,0,0,0,0,1319.5911999999998,0,0,0,0,0,0,0,0,0,0,0,0,0,0,0,983.3936,0,0,0,1274.656,0,0,0,591.4129,0,588.9709,1521.371,0,0,0,0,0,0,0,100,100
No Match,None,unmatched,90632,9.023,18.465,141.91,218.0116,,,,0,0,0,0,0,0,0,0,0,0,0,0,0,0,0,0,0,0,0,0,0,0,0,0,0,0,0,0,0,0,0,828.201,0,0,0,0,0,0,0,0,0,0,100,100
No Match,None,unmatched,52082,2.574,18.64,143.24,218.0205,,,,0,0,0,0,0,0,0,0,0,0,0,0,0,0,0,0,1135.526,0,0,0,0,0,1255.988,0,0,0,4062.772,0,0,0,0,0,0,0,0,0,0,0,0,0,0,0,100,100
No Match,None,unmatched,65089,0.5765,18.989,145.97500000000002,218.0217,,,,8827.503999999999,0,1340.048,1143.661,0,859.0873,3251.6839999999997,0,1790.6011,0,0,1478.921,3798.941,4676.086,0,0,0,0,0,0,0,2771.9539999999997,0,0,0,0,0,0,0,2512.558,0,0,980.1506,0,0,0,2606.0629999999996,0,0,2558.983,0,0,100,100
No Match,None,unmatched,20097,7.926,18.805,144.39,218.0278,,,,0,0,0,0,0,0,3181.772,0,4141.8859999999995,0,0,0,28168.509,0,0,0,0,0,0,0,0,0,0,0,0,0,0,0,0,0,0,0,0,22281.879,0,0,0,0,0,0,0,0,100,100
No Match,None,unmatched,31795,0.886,19.056,146.41,218.0491,,,,0,0,0,0,0,0,0,0,0,0,0,0,2790.808,0,0,0,2665.705,0,0,0,0,1327.002,0,1036.426,0,0,0,666.5419,1120.266,573.7303,0,0,0,0,0,1729.473,0,2348.048,0,0,4469.5019999999995,2681.379,100,100
No Match,None,unmatched,64868,0.564,18.324,140.82,218.0581,,,,0,0,0,0,0,0,0,0,0,0,0,0,0,0,0,0,0,0,0,0,0,0,0,0,0,0,0,0,0,0,0,0,0,0,0,0,0,0,0,0,0,0,100,100
No Match,None,unmatched,89081,7.8485,19.716,151.155,218.09449999999998,,,,0,0,0,0,0,0,0,0,0,0,0,0,0,0,0,0,0,0,0,0,0,0,0,0,0,0,0,0,0,0,0,0,0,0,0,2429.4347,0,0,0,0,0,0,100,100
No Match,None,unmatched,39340,0.612,19.145,147.07,218.1039,,,,0,0,0,0,0,0,0,0,3318.31,0,0,1107.13,0,0,0,0,0,0,0,0,0,1078.521,0,0,0,0,0,0,0,0,1208.911,1657.125,513.0122,1758.157,1466.361,0,0,0,0,0,970.8607000000001,0,100,100
No Match,None,unmatched,33781,2.915,18.822,144.55,218.9792,,,,1031.731,0,0,0,0,0,1232.789,0,0,0,0,0,0,0,722.2420000000001,0,0,0,0,0,0,1836.718,0,0,0,0,0,0,1242.1000000000001,0,0,0,0,0,0,0,4443.5199999999995,0,8220.228,0,0,0,100,100
No Match,None,unmatched,1844,10.421,19.671,151.04,218.9864,,,,117094.89899999999,209954.399,103049.199,158607.69900000002,214723.19900000002,30458.918999999998,71335.14899999999,98739.049,89908.449,257084.59900000002,212532.899,103790.999,85484.08899999999,101611.89899999999,58747.239,41669.15900000001,44300.15900000001,32200.009,122932.499,51257.889,76988.029,141916.09900000002,118312.799,201578.299,169629.899,144312.799,294695.699,167922.59900000002,34778.029,28228.589,17797.269,162837.499,138338.09900000002,87964.129,248008.499,43808.879,122795.39899999999,48977.459,191225.799,55569.359000000004,30814.979,15048.708999999999,100,100
No Match,None,unmatched,72976,9.472,18.575,142.63,218.992,,,,700.8343,0,0,0,0,0,0,0,0,0,0,0,0,0,0,0,0,0,0,0,0,0,0,0,0,0,0,0,0,0,0,0,0,0,0,0,0,0,0,1601.784,0,0,100,100
No Match,None,unmatched,35985,0.9265,18.63,140.19833333333335,218.99738333333332,,,,18587.618000000002,2410.673,2701.1139999999996,16948.628,35328.123,0,0,33417.396,9899.099,27267.351,1823.6000000000001,2117.736,3879.6789999999996,1936.878,0,0,0,1987.83,1280.982,0,0,0,28390.672999999995,95946.641,50675.055,4375.674999999999,0,33870.971,0,0,0,73777.574,1423.64,7945.427,8386.444,0,20387.659,0,55333.581000000006,28349.868000000002,0,0,100,100
No Match,None,unmatched,52698,1.2715,17.723,136.15499999999997,218.99785,,,,2593.066,0,0,1822.7254,8991.935,0,4531.018,0,0,5795.115,6409.878,0,0,5129.816,0,0,0,0,5604.679499999999,0,0,5708.311,2918.8496999999998,9116.064,1362.017,0,0,730.7381,0,0,0,5569.9039999999995,6186.794,0,0,0,877.0404,0,5801.834,1252.784,0,0,100,100
No Match,None,unmatched,50854,5.91,18.909,145.26,219.0223,,,,0,0,0,0,0,0,0,0,0,0,0,0,0,0,0,0,0,0,0,0,0,0,2122.453,0,0,3497.026,0,1274.473,0,0,0,0,0,0,0,0,0,0,0,0,0,0,100,100
No Match,None,unmatched,82973,12.024,18.558,142.42,219.0642,,,,0,1358.8990000000001,0,0,0,0,0,0,0,0,0,0,0,0,0,0,0,0,0,0,0,0,0,0,0,0,0,0,0,0,0,0,0,0,0,0,0,0,0,0,0,0,100,100
No Match,None,unmatched,82876,3.831,19.272,148.04,219.0679,,,,0,0,0,0,0,0,0,0,0,0,0,0,0,0,0,0,0,0,0,0,0,0,0,0,0,0,1366.744,0,0,0,0,0,0,0,0,0,0,0,0,0,0,0,100,100
No Match,None,unmatched,41781,12.935333333333334,19.132,146.91666666666666,219.09976666666668,,,,0,0,0,0,0,5007.5348,0,0,1816.829,1254.7930000000001,0,0,0,0,1370.027,0,0,884.405,2393.9779999999996,627.619,0,1314.207,939.0088000000001,0,0,0,1625.367,2126.6515,0,0,4422.1894,0,0,1986.92,2249.5024,1131.114,0,0,0,0,0,2337.3527,100,100
No Match,None,unmatched,78970,5.597,19.598,150.45,219.1024,,,,0,1061.571,0,0,0,0,0,0,0,0,0,0,0,0,0,0,0,0,0,0,0,0,0,0,0,0,0,0,0,0,0,0,0,0,0,635.9742,0,0,0,0,0,0,100,100
No Match,None,unmatched,76474,8.268,19.187,149.77999999999997,219.1028,,,,0,0,0,0,0,0,0,0,0,0,0,0,0,0,0,0,0,590.9138,0,0,0,1654.683,0,0,588.8413,0,0,0,0,0,753.6745000000001,0,0,0,0,0,0,0,2193.808,0,0,0,100,100
No Match,None,unmatched,58804,6.145,19.57,150.27,219.1057,,,,0,0,815.4197,0,0,0,0,0,0,0,0,0,0,0,0,0,0,0,0,0,0,0,1861.932,0,0,0,0,0,0,0,0,1025.73,0,0,0,879.5442,0,0,0,0,0,0,100,100
No Match,None,unmatched,56745,8.666,17.434,133.88,219.9302,,,,0,0,0,0,0,0,0,1011.66,0,0,0,0,0,1980.244,0,0,0,0,0,0,0,0,0,0,0,1089.758,0,0,0,0,0,0,0,0,0,0,0,0,996.1281,0,0,0,100,100
No Match,None,unmatched,94739,8.696,17.431,133.93,219.9337,,,,0,0,0,0,0,0,0,0,0,0,0,0,0,0,0,0,0,0,0,0,0,0,0,0,0,0,0,0,0,0,0,0,0,0,0,0,0,0,517.5949,0,0,0,100,100
No Match,None,unmatched,63482,2.01,18.639,143.16,220.0556,,,,0,0,0,0,0,0,0,0,0,0,0,0,0,0,0,0,0,0,0,0,0,0,0,0,0,0,0,3640.6609999999996,0,0,0,0,0,0,0,0,0,0,0,0,0,0,100,100
No Match,None,unmatched,71681,1.8695000000000002,18.984,145.8175,220.06135,,,,0,0,0,0,0,3069.937,0,0,0,0,0,0,0,0,0,595.7779,0,4822.7970000000005,0,14056.239,6547.6072,0,0,0,0,0,0,0,6437.871,31885.238999999998,47714.449,0,0,0,0,5545.173,0,0,0,0,6807.266,9379.539999999999,100,100
No Match,None,unmatched,87737,2.492,18.235,139.91,220.0653,,,,0,0,0,0,0,0,0,0,0,0,0,0,1010.25,0,0,0,0,0,0,0,0,0,0,0,0,0,0,0,0,0,0,0,0,0,0,0,0,0,0,0,0,0,100,100
No Match,None,unmatched,57337,1.739,19.452,149.32,220.0663,,,,0,0,0,0,0,0,0,0,0,0,0,0,0,0,0,0,0,0,0,0,0,0,0,0,0,0,0,0,0,0,0,0,0,0,0,0,2965.2079999999996,0,0,1476.259,0,0,100,100
No Match,None,unmatched,76647,9.422,18.864,144.88,220.0735,,,,0,0,0,0,0,0,0,0,0,0,0,0,0,0,0,0,0,0,0,0,0,0,0,0,0,1915.681,0,0,0,0,0,0,0,0,0,0,0,0,0,0,0,0,100,100
No Match,None,unmatched,63019,0.752,18.365,141.03,221.0513,,,,0,0,0,0,0,0,0,0,0,0,0,0,0,0,0,0,0,0,0,0,0,0,0,0,0,0,0,3195.307,0,0,0,0,0,537.9991,0,0,0,0,0,0,0,0,100,100
No Match,None,unmatched,65770,3.971,19.58,150.15,221.0787,,,,0,3256.2859999999996,0,0,0,0,0,0,0,0,0,0,0,0,0,0,0,0,0,0,0,0,0,0,0,0,0,0,0,0,0,0,0,0,0,0,0,0,0,0,0,0,100,100
No Match,None,unmatched,29980,7.131333333333333,19.274,148.66666666666666,221.0829,,,,0,0,0,0,1647.595,0,0,0,0,1533.3990000000001,0,0,0,0,0,0,0,0,0,0,0,0,3212.9700000000003,0,0,1548,0,14364.529,0,0,0,3482.986,0,1493.98,0,0,0,0,0,0,0,0,100,100
No Match,None,unmatched,29151,0.505,18.783,144.18,221.0903,,,,0,5624.217,0,0,0,0,0,0,0,0,3614.0699999999997,0,0,0,0,0,0,0,0,0,0,0,6275.791,0,1713.09,0,4802.469999999999,0,0,0,0,2870.4649999999997,0,0,0,0,0,1045.938,0,0,0,0,100,100
No Match,None,unmatched,82985,0.624,19.327,148.38,221.1038,,,,0,0,0,0,0,0,0,0,0,0,0,0,0,0,0,0,0,0,0,0,0,0,0,0,0,0,0,0,0,0,1358.028,0,0,0,0,0,0,0,0,0,0,0,100,100
No Match,None,unmatched,44213,13.165,19.284,147.97,221.1163,,,,0,0,0,0,1009.412,1425.635,0,0,0,1203.469,879.2751000000001,0,0,0,0,0,0,0,1693.646,0,0,0,0,1748.203,0,0,0,1109.768,0,0,0,0,0,0,0,809.3939,0,0,0,0,0,0,100,100
No Match,None,unmatched,1311,6.949666666666666,17.15,131.61666666666667,221.95643333333336,,,,125655.199,31707.329,72764.64899999999,676662.6989999999,136069.499,0,795542.499,46113.019,417557.299,110970.499,40524.389,123757.39899999999,399356.999,25590.309,4817.422,6078.687,4475.0961,4023.687,267250.999,0,1682.4243000000001,750514.1989999999,18007.439,408359.699,38627.879,10837.769,42677.715000000004,133106.299,0,5338.378,0,14825.269,319648.999,395386.999,48686.939000000006,0,1048222.999,1859.087,271136.299,1179700.999,0,2691.3329999999996,100,100
No Match,None,unmatched,31991,4.471,17.222,132.18,221.9561,,,,0,3111.2389999999996,0,0,0,0,0,0,0,0,2538.542,0,0,0,0,0,0,0,0,0,0,0,2008.108,0,0,0,13462.439,0,0,0,0,0,0,0,0,0,0,0,0,0,0,0,100,100
No Match,None,unmatched,82459,3.67,17.327,133.06,221.9762,,,,0,0,0,0,0,0,0,0,0,0,0,0,0,0,0,0,0,0,0,0,0,0,0,0,0,0,0,0,0,0,0,0,1399.3500000000001,0,0,0,0,0,0,0,0,0,100,100
No Match,None,unmatched,50051,1.0865,19.577,150.19250000000002,222.031475,,,,800.8874000000001,0,0,0,0,3098.8529999999996,0,0,0,0,0,0,0,1061.541,0,1491.42,0,2266.834,0,4160.365,1404.806,0,0,0,0,0,0,1454.496,841.4049,0,3106.4964,0,0,0,698.6771,8779.489,0,12148.563,0,0,0,1397.426,100,100
No Match,None,unmatched,41288,6.931,17.147,131.64,222.0472,,,,0,0,0,0,0,0,0,0,0,0,0,0,0,0,0,0,0,0,0,0,0,0,0,0,0,0,0,0,0,0,0,0,0,0,0,0,0,0,0,0,0,0,100,100
No Match,None,unmatched,67509,2.375833333333333,19.816,152.47,222.08101666666667,,,,39304.039000000004,63050.038,20360.261,40173.6508,0,1793.227,44048.336,0,3979.345,0,6849.3859999999995,16742.571,63869.71400000001,38150.8317,4328.759,0,16266.182999999999,8171.914,4706.607,18671.109,3587.368,49935.639,20285.049,3630.5251,3425.4069999999997,6433.33,23353.296000000002,0,10136.829,8470.894,4438.2928,4859.7018,27946.007,1438.276,4795.128,10544.538999999999,103972.88,17087.888,32087.575,132581.09,9068.007,25389.866,100,100
No Match,None,unmatched,76084,9.521,19.855,152.38,222.0891,,,,0,0,0,0,0,0,0,0,0,0,0,0,0,0,0,0,0,0,0,0,0,0,0,0,0,1969.979,0,0,0,0,0,0,0,0,0,0,0,0,0,0,0,0,100,100
No Match,None,unmatched,3433,10.25,19.167,146.76999999999998,222.09385,,,,0,47645.641,352394.299,10196.465,0,0,145525.999,0,0,11097.069,0,0,0,0,244636.69900000002,0,0,135621.19900000002,4662.785,0,0,11258.229,0,0,0,0,0,0,0,0,25233.899,27274.179,0,0,0,0,0,0,748563.399,10539.039,0,0,100,100
No Match,None,unmatched,61006,2.683,17.686,135.72,222.9482,,,,0,0,0,0,0,0,0,803.5788,0,0,0,0,0,0,0,0,0,0,0,0,0,0,0,0,0,0,0,0,0,0,0,0,0,0,0,0,817.5519,0,0,2497.002,0,0,100,100
No Match,None,unmatched,10254,9.5,18.59,142.64,223.00060000000002,,,,3805.4519999999998,2643.8509999999997,5506.361,4067.216,4844.963,4067.019,4665.974999999999,5283.581,3281.0739999999996,0,4392.969999999999,0,1918.202,6471.014,10070.749,5884.034,7394.089,5094.077,0,7238.241,7716.523,3642.4599999999996,6048.063,6874.818,5284.721,4527.003,2763.48,6398.651,6940.413,6398.563999999999,7309.407,6844.87,8096.778,10147.669,6136.986,6568.8949999999995,9081.373,8143.355,2022.628,4600.535,9483.168,10858.869,100,100
No Match,None,unmatched,19156,10.419,19.675,150.91,223.0005,,,,1711.203,0,2700.696,0,0,1585.707,0,2868.8849999999998,0,0,2307.6479999999997,2924.504,1526.155,4247.5,0,2198.513,2093.6969999999997,0,713.0201000000001,1993.553,3164.265,2035.105,0,0,0,2158.74,0,0,2845.267,0,0,0,1228.258,1773.169,1714.229,5064.07,4814.561,3083.9919999999997,4554.806,0,1907.8120000000001,2394.017,100,100
No Match,None,unmatched,88770,4.676,15.357,117.98,223.0037,,,,0,0,0,0,0,0,0,0,0,0,0,0,0,0,0,0,0,0,0,0,0,0,0,0,0,0,0,0,0,0,0,945.2894,0,0,0,0,0,0,0,0,0,0,100,100
No Match,None,unmatched,3097,3.8465,18.903,145.535,223.00715,,,,0,0,62026.439000000006,0,0,0,423966.199,142857.999,0,250580.799,0,161533.799,88422.449,0,0,0,0,0,455531.299,0,0,99148.829,0,2107.069,28118.309,167142.69900000002,78336.999,10972.359,0,0,0,41685.179000000004,0,2822.2419999999997,0,0,43502.299000000006,0,4408.961,0,0,0,100,100
No Match,None,unmatched,2804,14.1692,19.648,152.5866666666667,223.02888,,,,1420426.0034155748,1301749.6844155747,1875641.6960000002,1601639.396,2610745.4024155745,3270118.563415575,1932824.0459155748,1371053.8532000002,1567397.3034155748,2573191.896,100783.499,937297.597,2124309.656415575,2325703.4771155748,2311534.123415575,1787562.1034155746,1851211.615,516459.0185,388091.12600000005,1856749.4810000001,514262.937,1718896.624415575,1405090.0734155746,295240.186,1257256.0734155749,659256.4550000001,989104.4324155749,388505.525,1491482.4024155748,2361304.0344155743,2357234.065,2306740.87,1319582.672415575,1063305.462415575,331614.005,1429514.3844155748,3729154.224415575,1878013.9470000002,1837513.8034155746,1623719.4044155749,527929.7199,1604266.2154155746,100,100
No Match,None,unmatched,28121,5.661,19.644,150.73,223.0292,,,,0,0,0,0,0,0,0,0,0,0,0,0,0,0,0,0,0,0,0,5516.353999999999,0,0,4295.742,0,0,0,6668.679999999999,1254.574,1272.823,0,0,0,2347.7509999999997,3008.9979999999996,3673.4849999999997,0,0,0,0,0,0,0,100,100
No Match,None,unmatched,80727,12.154,19.7,150.8275,223.0293,,,,0,0,0,0,0,9422.360999999999,0,12166.909,0,0,0,0,0,0,8767.526,0,0,0,1736.155,13052.548999999999,0,0,28440.928,4290.922,10360.429,55181.079000000005,28555.518,13838.399,8609.633,0,0,0,17054.142,23412.966999999997,19644.165999999997,0,17373.809,0,0,0,0,0,100,100
No Match,None,unmatched,67381,9.119,19.641,150.7,223.0299,,,,0,0,0,0,0,0,0,0,0,0,0,0,0,0,0,0,0,0,0,0,0,0,0,0,0,0,0,0,0,0,0,0,0,0,0,3018.1429999999996,0,0,0,0,0,0,100,100
No Match,None,unmatched,62126,11.271,19.648,150.76,223.03,,,,0,0,0,0,0,0,0,0,0,0,0,0,0,0,0,0,0,0,0,0,0,0,0,0,0,0,1077.97,0,2818.468,0,0,0,0,0,0,0,0,0,0,0,0,0,100,100
No Match,None,unmatched,48315,1.12,19.344,148.37,223.0617,,,,0,0,0,1002.0600000000001,0,0,0,0,1001.73,0,0,0,0,0,0,0,0,0,0,0,0,2080.828,0,0,0,0,0,0,0,0,0,0,0,0,0,0,0,0,1672.857,2126.852,0,0,100,100
No Match,None,unmatched,60376,0.61075,18.694,142.99,223.0653,,,,0,0,0,0,9612.022,0,0,0,0,28318.218,0,0,0,0,0,0,0,0,0,0,0,0,23637.286,0,0,0,0,22495.271,0,0,0,11688.826000000001,0,31660.943,0,0,0,0,0,0,0,0,100,100
No Match,None,unmatched,90153,2.328,19.154,146.99,223.0656,,,,0,0,0,0,0,0,0,0,0,0,0,0,0,0,0,0,0,0,0,0,0,0,858.0061000000001,0,0,0,0,0,0,0,0,0,0,0,0,0,0,0,0,0,0,0,100,100
No Match,None,unmatched,44398,4.23,19.299,148.09,223.0658,,,,0,0,0,0,0,0,0,0,0,0,0,0,0,0,0,0,0,0,0,0,0,0,9791.757,0,0,0,0,0,0,0,0,0,0,0,0,0,0,0,0,0,0,0,100,100
No Match,None,unmatched,94091,10.402,19.328,148.15,223.0913,,,,0,0,0,0,0,0,0,0,0,0,0,0,0,0,0,0,0,0,0,0,0,0,0,0,0,0,0,0,0,0,0,0,0,0,0,0,0,0,0,0,0,0,100,100
No Match,None,unmatched,17237,1.837,19.049,146.13,223.0947,,,,0,0,0,0,9949.469,0,0,0,0,9786.206,0,0,0,0,0,0,0,0,0,0,0,0,18480.939,0,0,0,0,12555.249,0,0,0,3743.6499999999996,0,25454.329,0,0,0,0,0,0,0,0,100,100
No Match,None,unmatched,69120,15.288,19.631,150.63,223.0963,,,,0,0,0,0,0,0,0,0,0,0,0,0,0,0,0,0,0,0,0,0,0,0,0,0,0,0,0,0,0,0,0,0,0,0,0,0,0,0,0,0,0,0,100,100
No Match,None,unmatched,37127,2.663,19.638,150.6,223.0969,,,,0,925.1092,0,0,0,0,0,0,0,0,0,0,0,0,0,0,0,0,0,0,0,0,0,0,0,14165.159,0,0,0,0,0,0,0,0,0,0,0,0,0,0,0,0,100,100
No Match,None,unmatched,36722,8.582,19.825,152.11,223.0977,,,,0,0,0,0,0,0,0,0,0,0,0,0,0,0,0,0,0,0,0,0,0,0,0,0,0,15499.689,0,0,0,0,0,0,0,0,0,0,0,0,0,0,0,0,100,100
No Match,None,unmatched,86501,1.476,19.691,151.09,223.1007,,,,0,0,0,0,0,0,0,0,0,0,0,0,0,0,0,0,0,0,0,0,0,0,0,0,0,1092.719,0,0,0,0,0,0,0,0,0,0,0,0,0,0,0,0,100,100
No Match,None,unmatched,91655,6.962,19.871,152.46,223.1032,,,,0,0,0,0,0,0,0,0,0,0,0,0,0,0,0,0,0,0,0,0,0,0,0,0,0,0,0,0,0,0,0,0,0,766.0732,0,0,0,0,0,0,0,0,100,100
No Match,None,unmatched,16221,7.095,17.156,131.61,223.9539,,,,0,0,82549.25899999999,0,0,0,0,0,0,0,0,0,0,0,0,0,0,0,0,0,0,0,0,0,0,0,0,0,0,0,0,0,0,0,0,0,0,0,0,0,4378.831,0,100,100
No Match,None,unmatched,65811,6.935,17.144,131.44,224.0457,,,,0,0,0,1347.952,0,0,1903.648,0,0,0,0,0,0,0,0,0,0,0,0,0,0,0,0,0,0,0,0,0,0,0,0,0,0,0,0,0,0,0,0,0,0,0,100,100
No Match,None,unmatched,89093,2.228,19.465,149.16,224.0582,,,,0,924.4562,0,0,0,0,0,0,0,0,0,0,0,0,0,0,0,0,0,0,0,0,0,0,0,0,0,0,0,0,0,0,0,0,0,0,0,0,0,0,0,0,100,100
No Match,None,unmatched,76308,11.865307692307692,19.377,149.0176923076923,225.0084153846154,,,,2973.346,4149.244,3354.026,12023.265,2251.582,3040.871,0,2717.0405,0,1219.097,5597.367,4669.9616000000005,13922.205999999998,1185.021,0,3094.3766,884.4443,9691.758,0,0,998.3707,710.8796,49466.443600000006,0,1510.749,5155.071,1265.145,0,0,4005.1220000000003,9133.027999999998,0,0,0,0,10589.3285,0,0,1321.8220000000001,1928.3980999999999,14282.418,0,100,100
No Match,None,unmatched,40289,11.9362,18.902,147.21200000000002,225.00756,,,,2246.8309,0,0,3755.9579999999996,608.0954,1241.0910000000001,0,0,0,0,0,0,2431.9437,7504.664,1498.957,595.3547,0,0,0,0,0,0,73178.36099999999,0,0,696.3503000000001,0,0,0,0,0,0,0,3836.3329999999996,0,1646.261,0,1904.255,1687.9,1529.47,0,0,100,100
No Match,None,unmatched,36288,15.995,18.912,145,225.0074,,,,1235.182,0,3726.1679999999997,2856.0879999999997,0,1063.167,0,0,0,0,0,0,0,0,0,0,1271.469,0,0,0,0,0,0,0,0,0,0,1658.454,0,0,558.9316,623.6151,0,0,0,0,1909.265,0,0,0,1027.871,0,100,100
No Match,None,unmatched,75553,7.260333333333333,19.008,148.08,225.00835000000004,,,,4556.678,3752.636,0,4355.517,6857.797,2053.4649999999997,2640.314,1937.189,10477.729,1261.116,3328.932,6529.441000000001,3093.72,0,6813.021,6148.919,4246.411999999999,0,1782.366,3485.3019999999997,3250.332,4569.041,71918.1347,1095.858,0,3622.8619999999996,4651.5199999999995,4569.414,6371.2339999999995,3840.019,0,0,0,2505.2659999999996,5094.259,8634.07,0,1012.399,4229.196,3464.736,1649.724,0,100,100
No Match,None,unmatched,39806,15.367,18.955,145.32,225.0077,,,,0,0,812.2173,2540.79,666.0082,0,868.7367,0,0,843.1081,0,0,0,0,2033.8220000000001,0,0,0,0,0,0,0,0,0,0,0,0,0,899.2788,1536.3120000000001,0,0,0,997.3635,0,0,0,0,0,879.7619,677.8022,0,100,100
No Match,None,unmatched,18081,11.3185,19.389,147.8525,225.0085,,,,1837.4374,0,3544.881,1255.364,1870.838,1528.376,6310.478,7265.245,1574.434,5266.339,0,0,3408.127,10144.469,0,0,1837.45,7993.842,0,0,0,0,11818.193,0,0,1280.036,0,0,0,0,2963.227,0,0,3323.971,0,0,0,0,0,0,2420.281,0,100,100
No Match,None,unmatched,34776,4.797,19.398,148.72500000000002,225.0087,,,,2411.1589999999997,0,0,1625.182,3643.917,2279.64,574.5881,0,1544.516,0,0,1464.882,0,0,4329.958,757.5032,3279.669,0,0,0,0,0,18567.24,0,0,0,1055.1390000000001,0,1018.171,0,0,0,714.1618,0,843.2005,0,1972.133,0,2258.8909999999996,1195.9,1069.133,0,100,100
No Match,None,unmatched,77985,9.008,19.696,151.06,225.0258,,,,0,0,0,0,0,0,0,0,0,0,0,0,0,0,1791.19,0,0,0,0,0,0,0,0,0,0,0,0,0,0,0,0,0,0,0,0,0,0,0,0,0,0,0,100,100
No Match,None,unmatched,71799,10.14,19.647,150.68,225.0507,,,,0,0,0,0,0,0,0,0,0,0,0,0,0,0,0,0,0,0,0,0,0,0,0,0,0,0,0,0,0,0,0,0,0,0,0,0,0,2017.479,0,0,0,0,100,100
No Match,None,unmatched,91831,0.945,18.992,145.68,225.0538,,,,0,0,0,0,0,0,0,0,0,0,0,0,0,0,0,0,0,0,0,0,0,0,0,0,0,0,0,0,0,0,0,0,0,753.8438,0,0,0,0,0,0,0,0,100,100
No Match,None,unmatched,43422,3.048,19.015,145.79,225.062,,,,0,0,0,0,0,0,0,0,0,0,0,0,639.6207,0,0,0,0,0,0,0,0,0,0,0,0,0,0,7083.492,0,0,0,0,0,2615.3199999999997,0,0,0,0,0,0,0,0,100,100
No Match,None,unmatched,1431,1.6966666666666665,19.159,146.83,225.06499999999997,,,,160543.899,106508.599,193234.399,196028.299,152792.999,125418.258,192965.799,224162.799,200600.09900000002,183638.799,96277.939,215797.09900000002,201070.999,126575.699,167492.59900000002,209027.69900000002,133554.048,180123.627,236051.899,125853.199,143862.499,213869.799,109808.89899999999,0,104882.248,124420.599,90721.42899999999,216014.19900000002,171398.999,240082.09900000002,88165.949,154925.19900000002,244870.899,182593.399,263667.999,158327.628,213480.59900000002,177292.899,224968.19900000002,233299.69900000002,217053.358,192118.299,100,100
No Match,None,unmatched,76069,1.682,19.904,152.64,225.0676,,,,0,0,0,0,0,0,0,0,0,0,0,0,0,0,0,0,0,509.1902,1461.919,0,0,0,0,0,0,0,0,0,0,0,0,0,0,0,0,0,0,0,0,0,0,0,100,100
No Match,None,unmatched,87716,3.8335,19.517,149.585,225.06815,,,,0,0,0,0,0,0,0,0,0,0,0,0,0,0,0,0,0,0,0,0,0,0,0,0,0,0,0,0,0,0,0,0,0,0,0,2500.248,0,2549.301,0,0,0,0,100,100
No Match,None,unmatched,58031,7.568,19.408,148.85,225.0683,,,,0,0,0,0,0,0,0,0,0,0,0,0,0,0,0,732.2726,0,0,0,0,0,0,0,0,0,0,0,0,0,0,0,0,0,0,0,0,0,4033.558,0,0,0,0,100,100
No Match,None,unmatched,3621,1.012,19.51,149.57,225.0776,,,,57759.309,4649.804999999999,40263.169,68799.17899999999,7555.1449999999995,21279.289,98019.719,20156.949,32967.379,20748.969,6244.519,52741.849,73090.639,46740.139,49616.879,16904.599,33092.199,36098.699,13051.489,45823.539000000004,36479.129,102780.499,4757.103,26867.319,0,0,0,15488.389,15123.378999999999,25493.619,40202.759000000005,8806.937,26163.879,14716.099,36343.739,20821.249,67046.579,51428.549000000006,101537.099,108158.099,41106.189000000006,81641.379,100,100
No Match,None,unmatched,94314,3.075,19.464,149.28,225.0787,,,,0,0,0,0,0,0,0,0,0,0,0,0,0,0,0,0,0,0,559.0585,0,0,0,0,0,0,0,0,0,0,0,0,0,0,0,0,0,0,0,0,0,0,0,100,100
No Match,None,unmatched,35690,0.5515,19.888,152.525,225.09955000000002,,,,21689.269,1619.8500000000001,14179.235,36771.669,17692.329,0,32402.569,14571.116,16581.6378,5883.833,0,15905.769,32207.359,19231.109,0,0,0,0,16713.269,0,0,27826.539,0,16363.359,8214.096,12414.628999999999,1076.575,4823.84,0,0,0,7889.748,18241.829,24603.494,0,0,16974.799,0,18347.189,14717.319,1121.992,0,100,100
No Match,None,unmatched,84153,1.705,19.945,152.95,225.1003,,,,0,0,0,0,0,0,0,0,0,0,0,0,0,0,0,0,0,0,0,0,0,1262.885,0,0,0,0,0,0,0,0,0,0,0,0,0,0,0,0,0,0,0,0,100,100
No Match,None,unmatched,95741,0.695,19.841,151.99,225.102,,,,0,0,0,0,0,0,0,0,0,0,0,0,0,0,0,0,0,0,0,0,0,0,0,0,0,0,0,0,0,0,0,0,0,0,0,0,0,0,0,0,0,0,100,100
No Match,None,unmatched,21842,1.4545,19.78,151.51,225.113,,,,0,0,0,0,4899.245,0,0,0,0,4574.896,0,0,0,0,0,0,0,0,0,0,0,0,11567.849,0,0,0,0,13500.765,0,0,0,5793.876,0,12381.749,0,0,0,0,0,0,0,0,100,100
No Match,None,unmatched,3834,3.654,18.956,145.3,226.0175,,,,74225.64899999999,8539.176,42161.329000000005,165569.299,120402.099,24476.129,6110.862999999999,47113.22900000001,13270.829,12835.719,33015.429000000004,92881.199,33167.719000000005,2385.075,0,0,0,1170.289,3987.567,0,8937.633,13689.899,12033.669,51189.139,113842.999,24498.119,1187.912,45430.899000000005,0,4032.499,0,24830.099,91392.949,18731.269,5391.245,0,254605.69900000002,18585.709,18896.319,17771.439,8828.682,0,100,100
No Match,None,unmatched,93520,2.949,19.655,150.54,226.0192,,,,0,0,0,0,0,628.0433,0,0,0,0,0,0,0,0,0,0,0,0,0,0,0,0,0,0,0,0,0,0,0,0,0,0,0,0,0,0,0,0,0,0,0,0,100,100
No Match,None,unmatched,89310,15.679,19.654,150.53,226.0344,,,,0,0,0,0,0,0,0,910.106,0,0,0,0,0,0,0,0,0,0,0,0,0,0,0,0,0,0,0,0,0,0,0,0,0,0,0,0,0,0,0,0,0,0,100,100
No Match,None,unmatched,95352,3.97,18.985,145.59,226.0561,,,,0,0,0,0,0,0,0,0,0,0,0,0,0,0,0,0,0,0,0,0,0,0,0,0,0,0,0,0,0,0,0,0,0,0,0,0,0,0,0,0,0,0,100,100
No Match,None,unmatched,19012,1.6075,19.15,146.925,226.068,,,,4299.347,0,0,0,0,0,4515.034,0,0,0,0,0,0,0,0,0,2534.2059999999997,0,0,0,0,0,0,1834.55,0,0,0,0,0,0,0,0,0,0,0,2686.687,0,0,0,0,0,0,100,100
No Match,None,unmatched,64066,1.028,19.492,149.37,226.0812,,,,0,0,0,0,0,0,0,0,0,0,0,0,0,0,0,0,0,0,0,0,0,0,0,0,0,0,0,0,0,0,0,0,0,0,0,0,0,0,2896.7639999999997,0,0,0,100,100
No Match,None,unmatched,45469,5.19,19.705,151.08,226.1,,,,0,0,0,0,0,0,0,0,0,0,0,0,0,0,0,0,0,0,0,0,0,0,0,0,2493.0409999999997,0,0,0,0,0,0,6720.541,0,0,0,0,0,0,0,0,0,0,100,100
No Match,None,unmatched,30472,15.865,19.682,150.82,227.0254,,,,0,0,1294.612,0,0,0,0,0,0,0,0,0,0,0,0,0,0,0,0,0,0,0,0,4101.389999999999,0,0,0,0,0,0,0,0,0,0,0,0,0,0,0,7663.387,5939.0419999999995,0,100,100
No Match,None,unmatched,83729,9.74,19.467,149.07,227.0373,,,,0,0,0,0,0,0,0,0,0,0,0,905.8793000000001,0,0,0,0,0,0,0,0,0,0,0,0,0,0,0,0,0,0,0,0,0,0,0,0,0,0,0,0,0,0,100,100
No Match,None,unmatched,28917,3.405545454545455,19.386,149.91636363636366,227.03946363636368,,,,4181.826,25973.9771,3141.3318,2448.306,4915.762,9653.146999999999,0,2056.0931,4774.201,4612.237999999999,10710.7784,4351.197,3601.0176,1031.595,2714.545,10081.383,10450.402999999998,2572.445,0,1833.2754,6339.215,1478.478,14158.197999999999,2825.0634,7273.7184,6405.2,20426.217,4211.781,5878.262,8533.598,4473.1023,7150.6449999999995,767.5667,2573.208,2293.1090000000004,7331.37,0,5291.336,2291.7265,2944.7632,2051.8379999999997,4002.2093999999997,100,100
No Match,None,unmatched,24981,7.4335,19.387,148.74,227.0393,,,,0,4209.5019999999995,916.5653,0,0,0,1268.414,0,0,0,5920.86,0,0,0,0,580.7502000000001,0,0,0,0,0,0,5580.414,0,2995.644,4896.621,7195.443,0,0,0,0,0,2362.399,0,0,0,0,2110.1809999999996,0,0,0,0,100,100
No Match,None,unmatched,75911,7.985,19.421,148.89999999999998,227.0394,,,,0,0,0,0,0,0,0,0,0,0,541.6766,0,0,0,0,0,0,0,0,714.154,0,0,0,0,0,0,0,1171.5,0,0,739.9591,0,0,1069.6680000000001,791.3876,1399.9925,758.0563000000001,633.7403,0,0,0,0,100,100
No Match,None,unmatched,85989,9.131,19.438,148.85,227.0395,,,,0,1125.8700000000001,0,0,0,0,0,0,0,0,0,0,0,0,0,0,0,0,0,0,0,0,0,0,0,0,0,0,0,0,0,0,0,0,0,0,0,0,0,0,0,0,100,100
No Match,None,unmatched,74729,6.883,19.431,148.96,227.0405,,,,0,0,0,0,0,0,0,0,0,0,0,0,0,0,0,0,0,0,0,0,0,0,0,0,0,2105.986,0,0,0,0,0,0,0,0,0,0,0,0,0,0,0,0,100,100
No Match,None,unmatched,76006,0.513,19.784,151.59,227.0545,,,,0,0,0,0,0,0,0,0,0,0,0,0,0,0,0,0,0,0,747.8992000000001,0,0,0,0,0,0,0,0,0,0,0,0,0,0,0,0,0,0,0,0,0,0,0,100,100
No Match,None,unmatched,79502,1.012,19.351,148.34,227.0548,,,,0,0,0,0,0,0,0,0,0,0,0,0,0,0,0,0,0,0,0,0,0,0,0,0,0,0,0,0,0,0,0,0,0,0,0,0,0,1650.06,0,0,0,0,100,100
No Match,None,unmatched,33707,3.1976666666666667,18.69,142.96333333333334,227.0744666666667,,,,4913.588,0,0,3373.7279999999996,0,0,2346.0499,0,637.4823,0,0,0,2224.3349999999996,5877.923,0,0,0,0,0,0,0,0,0,0,0,0,0,0,0,0,0,0,0,0,0,0,3386.9069999999997,0,0,0,0,0,100,100
No Match,None,unmatched,42353,4.77,19.564,149.97,227.0751,,,,0,0,0,0,0,0,0,0,0,0,0,0,0,0,1916.261,0,0,0,0,3290.676,848.7793,0,0,0,0,0,0,0,0,0,0,0,0,0,0,0,0,4921.999,0,0,0,0,100,100
No Match,None,unmatched,78233,3.29,18.686,143.19,227.0775,,,,0,0,0,0,0,0,0,0,0,0,0,0,743.4605,0,0,0,0,0,0,0,0,0,0,0,0,0,0,0,0,0,0,0,0,0,0,0,0,0,0,0,0,0,100,100
No Match,None,unmatched,96020,1.646,19.47,149.25,227.0915,,,,0,0,0,0,0,0,0,0,0,0,0,0,0,0,0,0,0,0,0,0,0,0,0,0,0,0,0,0,0,0,0,0,0,0,0,0,0,0,0,0,0,0,100,100
No Match,None,unmatched,76793,0.761,19.38,148.57,227.0926,,,,0,0,0,0,0,0,0,0,0,0,0,0,0,0,0,0,0,0,0,0,0,0,0,0,0,1901.15,0,0,0,0,0,0,0,0,0,0,0,0,0,0,0,0,100,100
No Match,None,unmatched,94583,6.884,19.946,152.88,227.1104,,,,0,0,0,0,0,0,0,0,0,0,0,0,0,0,0,0,0,0,0,0,0,0,0,0,0,0,0,0,0,0,0,0,0,0,533.6406000000001,0,0,0,0,0,0,0,100,100
No Match,None,unmatched,5271,1.2055714285714285,18.876,143.50142857142856,227.99712857142862,,,,60566.819,3890.8309999999997,91902.058,268315.657,3013.4629999999997,0,196802.69900000002,71560.605,137710.13799999998,0,29122.428,81345.645,99709.17800000001,67147.198,0,0,0,0,19506.764,0,0,155317.707,2608.8999999999996,195552.36800000002,0,0,0,0,0,0,0,0,99260.30099999999,25968.972999999998,23615.03,0,341433.348,0,395611.299,370325.257,0,0,100,100
No Match,None,unmatched,40996,0.9550000000000001,18.164,141.88,227.998,,,,1805.074,0,841.1308,0,0,0,0,0,0,869.7246,4793.784,0,0,0,0,0,0,0,0,0,0,0,0,0,0,0,6255.053,0,0,0,0,0,0,4056.734,2163.374,0,0,0,0,0,0,0,100,100
No Match,None,unmatched,57265,1.131,18.856,144.54,228.0007,,,,0,0,0,0,0,0,0,0,0,0,0,0,0,0,0,0,0,0,0,0,0,0,0,0,0,0,0,0,0,0,0,1539.196,0,0,3411.1659999999997,0,0,0,0,0,0,0,100,100
No Match,None,unmatched,35856,4.092,18.882,144.65,228.0125,,,,4865.23,0,0,0,0,0,0,0,0,0,0,4263.098,0,0,0,0,0,0,0,0,0,0,0,0,0,0,0,0,0,0,0,0,5355.853,0,0,0,0,0,1882.221,0,0,0,100,100
No Match,None,unmatched,15813,1.6995,19.615,150.5,228.03494999999998,,,,2463.2329999999997,1338.28,0,8839.131,0,4431.869,15240.859,2777.8439999999996,0,0,1119.233,1137.0040000000001,0,805.5516,1710.368,2147.9779999999996,1399.593,0,0,2754.8419999999996,0,7169.5689999999995,3205.7,0,0,0,0,0,0,11154.548999999999,0,0,2351.488,0,0,2574.656,13234.359,4950.5869999999995,1837.962,2837.8149999999996,0,2104.1989999999996,100,100
No Match,None,unmatched,31774,3.972,18.901,144.74,228.081,,,,0,0,0,4984.072,0,0,785.8457000000001,0,1049.578,0,0,1919.23,6069.526,6133.496999999999,0,0,0,0,0,0,0,0,0,0,0,0,0,0,0,0,0,0,0,0,506.3464,0,0,0,0,0,0,0,100,100
No Match,None,unmatched,86365,2.276,18.627,142.75,229.0216,,,,0,0,0,0,0,0,0,0,0,0,0,0,0,0,0,0,0,0,0,0,0,0,0,0,0,0,0,0,0,0,0,0,0,0,1101.771,0,0,0,0,0,0,0,100,100
No Match,None,unmatched,21914,2.3333333333333335,18.493,141.59666666666666,229.03719999999998,,,,0,0,0,0,0,26628.597999999998,0,0,0,0,0,0,0,1689.0414,2416.3669999999997,4551.704,25180.539,0,0,7321.888,1801.88,0,0,0,0,0,0,0,13685.807,14039.208999999999,0,0,0,0,0,0,0,0,0,0,76480.12499999999,32462.299,100,100
No Match,None,unmatched,6289,0.506,19.783,151.51,229.0695,,,,21492.439,12394.169,12631.899,20886.659,7356.674,11460.189,9213.779,23669.479,14129.199,35960.789000000004,11704.929,17762.239,16211.829,15837.539,728.4742,24199.509,5917.577,3936.468,27901.049,11127.079,9585.65,21024.579,20985.199,23670.729,12436.359,5511.888,20840.569,17072.329,5400.985,0,18489.239,18161.379,0,35763.459,15250.509,9602.882,13744.089,5064.151,9615.814,9661.234,6754.166,4925.431,100,100
No Match,None,unmatched,84881,12.502199999999998,19.574,149.036,229.08486,,,,5177.299,3501.3849999999998,8784.296999999999,1726.407,6966.297,25227.880999999998,6073.676,18933.192,16997.674,16437.71,8244.633,4848.059,0,9258.681,19072.824,14062.5644,14693.026,19444.398999999998,34866.808,10567.467999999999,13455.57,14490.5237,20107.072,14840.298999999999,19036.046,27640.563,11634.185,26371.411,17867.958,10737.469,25943.26,7715.209,11869.469,23505.148,20302.755,14742.889,4839.3189999999995,15261.114,6829.3243,2318.026,15326.226999999999,16902.7192,100,100
No Match,None,unmatched,16948,11.953,19.429,148.76,229.08555,,,,0,2072.3999999999996,0,0,9754.607,1034.406,0,2595.531,0,5971.494,0,6937.862,0,0,0,0,0,0,4586.5509999999995,0,0,0,11140.731,576.4680000000001,5749.825,43850.773,3375.756,10472.089,0,0,1349.598,1652.377,0,5278.996999999999,0,0,0,773.2782,0,0,0,0,100,100
No Match,None,unmatched,30958,11.173,19.454,149.02,229.0856,,,,0,0,0,0,5023.474999999999,1548.746,0,0,0,0,0,0,0,0,0,0,0,0,3023.6209999999996,0,0,0,0,1457.077,0,4496.168,0,2298.1229999999996,0,0,0,0,0,2347.908,2577.772,0,0,0,0,0,0,0,100,100
No Match,None,unmatched,64583,0.9645,19.477,149.035,229.09046666666666,,,,0,1011.385,0,0,3050.223,9919.379,0,0,0,4613.579,11637.037,0,0,0,0,0,1627.373,35091.448,0,0,881.36,0,29363.541,2036.0330000000001,26316.082000000002,0,5773.637,37627.888,16447.879,0,5745.1172,37548.027,0,55002.888000000006,29178.338,0,0,832.9482,0,0,1947.244,0,100,100
No Match,None,unmatched,94775,7.834,19.865,152.19,229.0975,,,,0,0,0,0,0,0,0,0,0,0,0,0,0,0,0,0,0,0,0,0,0,0,0,0,0,0,0,0,0,0,0,0,0,0,0,0,0,514.6123,0,0,0,0,100,100
No Match,None,unmatched,77932,0.989,19.416,148.77,229.1048,,,,0,0,0,0,0,0,0,0,0,0,0,0,0,0,1085.085,0,0,0,0,711.3973,0,0,0,0,0,0,0,0,0,0,0,0,0,0,0,0,0,0,0,0,0,0,100,100
No Match,None,unmatched,21287,1.036,19.385,148.49,229.1076,,,,0,0,0,0,0,0,2116.399,0,0,0,0,0,3762.298,5450.889,2273.2889999999998,0,3349.06,0,0,0,5466.347,5093.267,0,0,0,0,0,0,0,0,2895.024,0,0,0,0,6790.852,0,8145.849,2179.892,3391.578,0,0,100,100
No Match,None,unmatched,71075,3.081,19.767,151.44,229.1091,,,,0,0,0,0,0,0,0,0,0,0,0,0,0,0,0,0,0,0,0,0,0,0,0,0,0,2522.544,0,0,0,0,0,0,0,0,0,0,0,0,0,0,0,0,100,100
No Match,None,unmatched,69794,2.0605,19.367,147.725,229.1092,,,,0,0,0,0,0,0,2681.149,0,0,0,0,0,0,0,0,0,0,0,0,0,0,0,0,0,0,517.2467,0,0,0,0,0,0,0,0,0,0,0,0,0,0,0,0,100,100
No Match,None,unmatched,76507,7.962,17.043,130.48,229.9203,,,,0,0,0,0,0,0,1930.409,0,0,0,0,0,0,0,0,0,0,0,0,0,0,0,0,0,0,0,0,0,0,0,0,0,0,0,0,0,0,0,0,0,0,0,100,100
No Match,None,unmatched,5141,1.6861666666666666,18.704,143.21,229.95903333333334,,,,175879.06800000003,78026.48100000001,168969.59900000002,99289.113,101294.091,0,88089.75700000001,123953.799,128370.818,92170.23700000001,70592.5827,261113.89800000002,103096.248,91008.993,0,3133.16,0,4447.418,197653.298,0,0,185664.438,120116.199,224246.953,104335.58,101448.40699999999,19588.259,256862.95799999998,0,0,0,55829.189000000006,359810.048,123999.58,157266.358,0,186643.12800000003,734.4319,301631.59800000006,219765.24800000002,1653.914,0,100,100
No Match,None,unmatched,35242,2.716,19.389,148.53,230.0133,,,,0,0,0,0,0,0,0,0,0,0,0,0,0,0,0,0,0,0,0,1750.5810000000001,2119.455,0,0,0,0,0,0,0,0,2434.578,0,0,0,0,0,0,0,10661.509,0,0,0,0,100,100
No Match,None,unmatched,56568,1.582,19.371,148.31,230.0491,,,,0,3157.098,0,0,0,0,0,0,0,0,0,0,0,0,0,0,0,0,0,0,0,0,0,0,0,0,1968.686,0,0,0,0,0,0,0,0,0,0,0,0,0,0,0,100,100
No Match,None,unmatched,76089,7.738,19.777,151.49,230.0699,,,,0,0,0,0,0,0,0,0,0,0,0,0,0,0,0,0,0,0,0,0,0,0,0,0,0,0,0,0,0,0,0,0,0,0,0,0,0,1969.539,0,0,0,0,100,100
No Match,None,unmatched,74125,0.855,19.151,146.71,230.0717,,,,0,0,0,0,0,0,0,0,0,0,0,0,0,0,0,0,0,0,2174.0249999999996,0,0,0,0,0,0,0,0,0,0,0,0,0,0,0,0,0,0,0,0,0,0,0,100,100
No Match,None,unmatched,95364,13.09,19.459,149.06,230.0889,,,,0,0,0,0,0,0,0,0,0,0,0,0,0,0,0,0,0,0,0,0,0,0,0,0,0,0,0,0,0,0,0,0,0,0,0,0,0,0,0,0,0,0,100,100
No Match,None,unmatched,31631,1.771,18.704,143.24,230.962,,,,0,0,0,0,0,0,0,0,0,0,0,3167.9759999999997,0,0,0,0,0,0,0,0,0,0,0,10232.389,0,0,0,0,0,0,0,0,0,0,0,0,0,0,0,0,0,0,100,100
No Match,None,unmatched,79319,3.8845,15.876,121.9,230.9871,,,,2990.101,0,619.8446,0,0,0,0,0,0,0,0,0,0,0,809.9149,0,0,0,0,0,0,0,0,0,0,0,0,572.9853,0,0,800.0354,0,0,0,0,0,0,0,0,0,0,0,100,100
No Match,None,unmatched,87595,1.752,18.722,143.41,230.9948,,,,0,0,0,0,0,0,0,0,0,0,0,0,0,0,0,0,0,0,0,0,0,0,0,0,0,0,0,0,0,1019.173,0,0,0,0,0,0,0,0,0,0,0,0,100,100
No Match,None,unmatched,70708,1.9645,19.38,148.3833333333333,230.99778333333333,,,,166696.899,140830.318,234572.69900000002,204895.09900000002,22793.955,848.3688000000001,541765.899,147395.499,252597.299,8328.541000000001,12343.453,237580.69900000002,323394.599,55646.328,0,1668.842,1631.204,1375.6100000000001,65449.797000000006,0,17809.049,184641.76799999998,2712.544,143237.338,5808.42,0,0,0,0,0,1895.346,13057.64,496783.89900000003,14450.205000000002,75167.93200000002,0,619255.798,0,581158.899,287012.599,5211.58,2018.7385,100,100
No Match,None,unmatched,61652,1.756,18.638,142.77,230.9993,,,,0,0,0,0,0,0,0,0,0,0,0,0,0,0,0,0,0,1683.061,0,0,0,0,0,0,0,0,0,0,0,0,0,0,0,0,0,0,0,0,0,0,0,1970.023,100,100
No Match,None,unmatched,18290,12.041,19.184,146.9,231.0642,,,,0,15452.048999999999,0,0,0,0,0,0,0,0,1837.78,0,0,0,1043.931,0,0,0,0,0,0,0,9500.021999999999,0,2556.095,10892.489,7727.139999999999,0,592.5256,0,0,17912.979,0,0,0,0,0,2890.9289999999996,0,0,0,0,100,100
No Match,None,unmatched,45572,0.82075,19.114,145.9,231.068825,,,,0,0,0,1196.678,0,0,983.3734000000001,0,0,1174.453,0,0,0,0,0,0,0,0,44036.048,0,0,0,0,20820.826,0,0,0,10098.599,0,0,0,0,1429.3890000000001,30900.78,0,0,18277.441,0,0,0,0,0,100,100
No Match,None,unmatched,25742,5.122,19.627,150.10500000000002,231.07774999999998,,,,13353.009,0,4069.6579999999994,5479.33,0,0,0,0,0,0,0,1014.549,959.5677000000001,3793.076,0,0,0,0,0,0,0,2269.1038,0,0,0,1930.971,0,1700.265,0,0,0,0,902.0402,0,0,0,0,0,1719.625,28104.145999999997,0,0,100,100
No Match,None,unmatched,33623,1.959,19.462,149.05,231.0887,,,,0,0,0,0,0,0,0,0,0,0,0,0,0,0,0,0,0,0,0,0,0,0,0,0,0,0,0,2057.08,0,0,0,0,0,16853.889,0,0,0,0,0,0,0,0,100,100
No Match,None,unmatched,50631,13.962,19.611,150.1,231.1001,,,,0,0,0,0,0,1807.794,863.7566,0,0,1504.307,0,0,0,0,1323.983,0,0,0,0,0,0,0,0,0,0,0,0,0,0,0,0,0,0,0,0,1088.678,0,0,0,0,0,0,100,100
No Match,None,unmatched,33488,12.807500000000001,19.61,150.185,231.1015,,,,0,0,0,0,0,5295.8679999999995,0,0,1127.913,0,0,0,0,0,1274.109,0,0,0,4353.3466,0,0,543.8175,666.5701,0,0,0,0,793.341,0,0,4844.2029999999995,0,0,0,0,3624.656,0,0,2008.13,0,0,1336.31,100,100
No Match,None,unmatched,67377,7.151,19.777,152.005,231.1042,,,,0,0,0,0,0,0,0,0,0,0,0,0,0,0,0,0,0,0,0,0,0,0,0,0,0,6569.741999999999,0,0,0,0,0,0,0,0,0,0,0,0,0,0,0,0,100,100
No Match,None,unmatched,27773,1.7730000000000001,18.713,143.245,231.95659999999998,,,,3894.517,0,0,0,0,0,2866.9269999999997,0,0,1253.864,0,6572.090999999999,0,2061.0389999999998,0,0,0,0,0,0,0,0,0,6492.782,0,0,0,0,0,0,0,0,0,0,0,0,0,0,0,0,0,0,100,100
No Match,None,unmatched,69609,4.822,17.741,135.86,231.9707,,,,0,0,0,0,0,0,0,0,0,0,0,0,0,0,1087.523,0,0,0,0,559.3933000000001,0,0,0,0,0,0,0,0,0,0,0,0,0,0,0,0,0,0,651.5325,0,0,0,100,100
No Match,None,unmatched,35098,1.89475,19.376,148.43,232.00080000000003,,,,0,0,0,0,0,0,0,0,0,0,0,0,0,0,0,0,0,0,0,0,0,0,0,0,0,0,0,0,0,0,0,0,14991.909,0,0,0,0,0,0,0,0,0,100,100
No Match,None,unmatched,4684,2.7915,19.81,151.64,232.02974999999998,,,,19686.789,3284.388,18693.519,28800.069,13720.169,19841.509,29556.389,12611.819,16013.899,11174.069,6731.326,20446.369,10891.409,15837.499,50300.97900000001,29017.879,22177.159,36709.139,30859.019,21214.029,34194.459,0,7406.4169999999995,30611.719,14802.092,4729.623,0,27324.579,26002.249,31671.219,18571.789,12770.319,45115.499,11834.929,33265.299000000006,14889.708999999999,62990.219000000005,47559.199,40989.039000000004,48782.739,34945.799000000006,37373.289000000004,100,100
No Match,None,unmatched,65064,2.98,19.287,147.68,232.0564,,,,0,0,0,0,0,0,0,0,0,0,0,0,0,0,0,0,0,0,0,0,0,0,0,0,2697.698,0,0,673.8901000000001,0,0,0,0,0,0,0,0,0,0,0,0,0,0,100,100
No Match,None,unmatched,21111,2.53,19.907,152.33,232.0655,,,,0,17708.599,0,0,0,0,0,0,0,0,5934.936,0,0,0,0,0,0,0,0,0,0,0,16486.519,0,0,0,11791.019,0,0,0,0,0,0,0,0,0,0,0,0,0,0,0,100,100
No Match,None,unmatched,71125,1.783,19.366,148.25,232.9932,,,,0,0,0,0,0,0,0,0,0,0,0,0,0,0,0,0,0,0,0,0,0,0,0,0,0,0,0,0,0,0,0,0,0,0,0,0,0,0,0,0,0,0,100,100
No Match,None,unmatched,58830,3.063,19.747,151.15,232.996,,,,0,0,0,0,0,0,0,0,0,0,0,0,0,0,0,0,0,0,0,0,0,0,0,0,0,0,0,0,0,0,0,0,0,0,0,0,4577.315,0,0,0,0,0,100,100
No Match,None,unmatched,69805,1.901,19.43,148.66,232.9971,,,,0,0,0,0,0,0,0,0,0,0,0,0,0,0,0,0,0,0,0,0,0,0,0,0,0,0,0,0,0,0,0,0,0,0,0,0,0,0,0,0,0,0,100,100
No Match,None,unmatched,94375,2.4224,18.608,144.00799999999998,233.01198,,,,1213.788,0,0,2454.8852,0,0,769.2829,0,0,3401.105,0,0,0,0,0,0,0,0,0,0,0,1911.016,0,6274.5967,2444.0699999999997,2082.888,4665.585,1976.424,0,0,0,5158.849999999999,0,0,3676.79,0,6797.6551,0,3504.388,554.1239,0,928.7485,100,100
No Match,None,unmatched,83009,5.732,19.537,149.55,233.0742,,,,0,0,0,0,0,0,0,0,0,0,0,0,0,0,0,0,0,0,0,0,0,0,0,0,0,0,0,0,0,0,0,0,0,0,0,0,0,0,0,1356.397,0,0,100,100
No Match,None,unmatched,50114,1.304,20.05,153.42,233.0796,,,,0,0,0,0,0,0,1155.6100000000001,0,0,0,0,0,0,0,0,0,0,0,0,0,0,0,0,0,0,0,0,0,0,0,0,0,2972.828,0,0,0,0,0,1170.0430000000001,1876.622,0,0,100,100
No Match,None,unmatched,95716,6.27,20.052,153.48,233.0826,,,,0,0,0,0,0,0,0,0,0,0,0,0,0,0,0,0,0,0,0,0,0,0,0,0,0,0,0,0,0,0,0,0,0,0,0,0,0,0,0,0,0,0,100,100
No Match,None,unmatched,89669,1.6135000000000002,19.585,149.95999999999998,233.10485,,,,0,0,0,0,0,0,0,0,0,0,0,0,0,0,0,0,0,0,0,0,0,0,0,0,0,0,0,0,0,0,0,0,0,0,0,0,0,0,0,0,0,0,100,100
No Match,None,unmatched,42652,8.743,19.807,151.55,233.116,,,,0,0,0,0,1403.583,0,0,0,0,0,0,0,0,0,0,0,0,0,0,0,0,0,0,0,0,0,0,4216.873,0,0,0,0,0,5172.041,0,0,0,0,0,0,0,0,100,100
No Match,None,unmatched,19529,12.483,19.827,151.71,233.1163,,,,0,2002.577,0,0,0,7012.585,0,1152.163,0,2080.7889999999998,1162.085,0,0,0,2352.7679999999996,1155.035,0,4094.276,8355.003999999999,2417.002,4505.1359999999995,0,0,2276.7309999999998,0,1226.926,0,0,0,0,6081.107,0,0,3811.1319999999996,0,5040.164,0,0,0,1581.81,0,5024.148,100,100
No Match,None,unmatched,36482,13.31,19.858,151.74333333333334,233.1167,,,,0,0,0,0,0,0,0,732.2663,5061.757,2064.5313,1931.2262,0,0,0,1701.83,4637.6939999999995,2881.176,3962.433,2809.5389999999998,759.7045,0,0,0,7278.726,0,0,1057.779,1312.353,2604.9599999999996,0,3951.661,1036.349,741.1476,1162.911,1663.434,0,663.2398000000001,835.5310000000001,1797.214,0,819.6198,650.1817,100,100
No Match,None,unmatched,86745,1.97,18.817,144.03,233.9835,,,,0,0,0,0,0,0,0,0,0,0,0,0,0,0,0,0,0,0,0,0,0,0,0,0,0,0,0,1076.31,0,0,0,0,0,0,0,0,0,0,0,0,0,0,100,100
No Match,None,unmatched,82943,2.5546666666666664,19.694,150.35000000000002,234.07036666666667,,,,0,0,0,0,0,0,0,0,0,0,0,0,0,0,0,0,0,0,0,0,0,0,0,0,0,0,0,5779.8624,0,0,0,0,0,0,0,0,0,0,0,0,0,0,100,100
No Match,None,unmatched,16467,3.949,19.091,146.235,234.08085,,,,87577.268,4176.215999999999,73160.909,173533.57900000003,1392.09,0,117056.05399999999,7988.352,109121.799,10255.769,0,60273.959,256182.53800000003,135197.163,1284.758,1105.271,13200.639,4622.840999999999,0,6250.24,0,37282.999,0,998.0952,3886.644,7797.477,0,0,11359.439,6621.3589999999995,1582.036,0,30656.879,0,20743.659,12658.739,120640.13199999998,9157.864,45517.849,50607.429000000004,5599.379,3044.852,100,100
No Match,None,unmatched,45071,2.692,20.208,154.63,234.081,,,,0,0,0,0,0,0,0,0,0,0,0,0,0,0,847.9549000000001,0,0,0,0,0,0,0,0,0,0,0,1967.34,0,0,0,0,0,0,0,0,0,957.6120000000001,0,5668.642,0,0,0,100,100
No Match,None,unmatched,36277,1.2984000000000002,19.193,145.78400000000002,234.97420000000002,,,,64132.742999999995,3559.4597000000003,30573.9458,24767.9901,19781.112,0,55179.891,87876.55099999999,26909.29,29567.7938,2847.211,35436.608,27161.46,8905.155999999999,0,937.2959000000001,0,0,20545.422,0,0,56466.49,1937.2160000000001,45932.448000000004,4215.5687,8057.5689999999995,0,6282.531999999999,0,0,0,5549.109,51202.98300000001,5611.152,19327.67,0,87846.61099999999,0,278649.206,98002.65,0,6225.813,100,100
No Match,None,unmatched,81504,1.047,18.806,143.84,234.978,,,,0,0,0,0,0,0,0,0,0,0,0,0,0,0,0,0,0,0,0,0,0,0,0,0,0,0,0,1036.856,0,0,0,0,0,0,0,0,0,0,0,0,0,0,100,100
No Match,None,unmatched,27686,2.289,19.625,150.15,235.064,,,,0,0,0,0,0,0,0,0,0,0,0,0,0,0,0,0,0,0,0,0,0,0,0,0,0,21489.009,0,0,0,0,0,7532.737999999999,0,0,0,0,0,0,0,0,0,0,100,100
No Match,None,unmatched,39631,3.714,19.935,152.51,235.0648,,,,0,0,0,0,0,0,0,0,0,0,0,0,0,0,0,0,0,0,0,0,0,0,6952.561,0,0,0,0,5921.437,0,0,0,0,0,0,0,0,0,0,0,0,0,0,100,100
No Match,None,unmatched,27989,1.746,19.559,150.085,235.0662,,,,0,0,0,0,0,0,0,0,0,0,0,0,0,0,0,0,0,0,0,0,0,0,3482.658,0,0,14066.9187,0,0,0,0,0,11678.969,0,0,0,0,0,0,0,0,0,0,100,100
No Match,None,unmatched,91170,3.729,19.823,151.66,235.0694,,,,0,0,0,0,0,0,0,0,0,0,0,0,0,0,0,0,0,0,0,0,0,0,0,0,0,0,0,0,0,0,0,0,0,794.7069,0,0,0,0,0,0,0,0,100,100
No Match,None,unmatched,4446,0.6415,19.76,151.13,235.11935,,,,0,0,0,0,0,34823.029,0,0,0,0,0,0,0,0,93823.189,11172.719,83090.019,56507.139,0,122212.499,79197.779,0,0,0,0,0,0,0,81186.534,102182.099,78361.629,0,0,0,0,57407.124,0,58126.859000000004,910.8138,1644.851,89465.949,155803.09900000002,100,100
No Match,None,unmatched,80465,5.843,16.26,124.49,235.9482,,,,0,0,0,0,0,0,0,0,0,0,0,0,0,0,0,0,0,0,0,0,0,0,0,0,0,0,0,0,0,0,0,0,0,0,0,0,0,0,0,0,0,0,100,100
No Match,None,unmatched,79899,7.093,18.168,138.86,235.9731,,,,0,0,0,0,0,0,0,1616.09,0,0,0,0,0,0,0,0,0,0,0,0,0,0,0,0,0,0,0,0,0,0,0,0,0,0,0,0,0,0,0,0,0,0,100,100
No Match,None,unmatched,34172,4.763,19.702,150.7,236.0717,,,,0,0,0,0,0,0,0,0,0,0,0,0,0,0,1103.856,562.1147,0,0,0,0,1693.546,0,0,0,0,0,0,0,3799.0339999999997,0,1426.242,0,0,952.5256,2508.024,0,0,4947.543,0,0,1222.766,0,100,100
No Match,None,unmatched,85697,3.7935,32.876,145.005,236.0962,,,,0,0,0,0,0,0,0,0,0,0,0,0,0,0,0,0,0,0,0,0,0,0,0,0,0,0,0,523.1646000000001,0,0,0,0,0,0,0,0,0,0,2188.5488,0,0,0,100,100
No Match,None,unmatched,47054,7.751,20.215,154.61,236.0975,,,,0,0,0,0,0,0,0,0,0,0,0,0,0,0,0,1021.089,0,0,0,0,0,0,0,0,0,0,0,0,0,0,0,0,0,0,0,0,0,7442.695,0,0,0,0,100,100
No Match,None,unmatched,93484,3.865,8.744,67.11,236.0982,,,,0,0,0,0,0,0,0,0,0,0,0,0,0,631.0556,0,0,0,0,0,0,0,0,0,0,0,0,0,0,0,0,0,0,0,0,0,0,0,0,0,0,0,0,100,100
No Match,None,unmatched,92213,2.418,20.085,153.62,236.0984,,,,0,0,0,0,0,0,0,0,0,0,0,0,0,0,0,0,0,0,0,0,0,0,0,726.8716000000001,0,0,0,0,0,0,0,0,0,0,0,0,0,0,0,0,0,0,100,100
No Match,None,unmatched,91356,3.8095,14.554,112.46000000000001,236.099,,,,0,0,0,0,0,0,0,0,0,0,0,0,0,0,0,0,0,0,0,0,0,0,0,0,0,0,0,785.212,0,0,0,0,0,0,0,0,960.379,0,0,0,0,0,100,100
No Match,None,unmatched,89909,3.769,4.911,38.06,236.0988,,,,0,0,0,0,0,0,0,0,0,0,0,0,0,0,0,0,0,0,0,0,0,0,0,0,873.6091,0,0,0,0,0,0,0,0,0,0,0,0,0,0,0,0,0,100,100
No Match,None,unmatched,21280,11.338999999999999,19.579,150.83999999999997,236.10995000000003,,,,0,2963.439,31682.639,1028.825,0,0,35963.129,0,0,46384.219000000005,0,0,2411.919,6856.699,12008.609,0,0,6013.369999999999,0,24128.869,0,95271.92899999999,0,0,0,0,12795.719,0,0,0,2851.951,0,0,0,0,0,0,0,61621.089,0,0,0,100,100
No Match,None,unmatched,47011,10.605,19.1,146.06,236.1101,,,,0,0,0,0,0,0,5583.848,0,0,0,0,0,0,0,0,0,0,0,0,0,0,1275.342,0,0,0,0,0,0,0,0,1618.968,0,0,0,0,0,0,0,0,0,0,0,100,100
No Match,None,unmatched,96019,11.3,19.475,148.82,236.114,,,,0,0,0,0,0,0,0,0,0,0,0,0,0,0,0,0,0,0,0,0,0,0,0,0,0,0,0,0,0,0,0,0,0,0,0,0,0,0,0,0,0,0,100,100
No Match,None,unmatched,67568,3.86,16.993,129.89,236.9125,,,,0,0,0,0,0,0,0,0,0,0,1249.522,0,1206.736,536.8592,0,0,0,0,0,0,0,0,0,0,0,0,0,0,0,0,0,0,0,0,0,0,0,0,0,0,0,0,100,100
No Match,None,unmatched,82473,1.915153846153846,16.973,129.7676923076923,236.9156615384615,,,,10129.0644,2039.3294,5985.202,8582.1214,8658.6296,4842.968,734.5667,11638.255699999998,7601.6317,16061.1529,6271.6394,4077.535,10729.6574,3308.2059999999997,943.2558,1308.748,3193.547,4868.2128,0,2384.0251,1224.8410000000001,0,1175.929,0,0,3462.5276999999996,0,1571.0662,1135.41,0,1995.2540000000001,2653.331,2072.0319,0,0,0,2428.5372,1231.854,0,0,0,3970.3589999999995,100,100
No Match,None,unmatched,59206,2.741857142857143,16.948,129.68142857142857,236.9157,,,,9655.853,7054.669,7088.4923,5241.021999999999,1122.585,3224.478,6069.826,9210.985999999999,3427.1776999999997,8629.848,7802.3904,6094.088699999999,9701.436299999998,1793.91,544.35,1985.04,5682.348899999999,3727.1564,0,1013.986,2367.795,0,1714.1092,3744.173,1085.135,1650.0140000000001,911.2068,0,1724.872,4876.734,620.4458000000001,1017.488,0,0,1985.929,7128.897,0,2631.8137,0,1717.8990000000001,0,1637.711,100,100
No Match,None,unmatched,89490,7.872,17.037,130.23,236.915,,,,0,0,0,898.8455,0,0,0,0,0,0,0,0,0,0,0,0,0,0,0,0,0,0,0,0,0,0,0,0,0,0,0,0,0,0,0,0,0,0,0,0,0,0,100,100
No Match,None,unmatched,74148,3.986,16.985,129.91,236.9156,,,,0,0,0,0,0,0,0,0,0,0,618.749,0,0,0,519.9707000000001,0,0,0,0,0,0,0,0,0,0,0,0,0,0,0,0,564.8896,0,0,0,0,0,0,0,0,0,0,100,100
No Match,None,unmatched,72037,4.015,16.938,129.53,236.9191,,,,0,0,794.8446,0,0,0,0,0,0,0,813.2915,0,0,0,0,0,0,0,0,0,0,0,0,0,0,0,0,0,0,0,0,0,0,0,0,0,0,0,0,799.6639,0,0,100,100
No Match,None,unmatched,68466,1.528,19.243,147.1,236.9709,,,,0,0,0,0,0,0,0,0,0,0,0,0,0,0,0,0,0,0,0,0,0,0,0,0,0,0,0,0,0,0,0,0,0,0,0,0,2238.41,0,0,0,0,0,100,100
No Match,None,unmatched,85052,0.733,18.775,143.61,236.9899,,,,0,0,0,0,0,0,0,0,0,0,0,0,0,0,0,0,0,0,0,0,0,0,0,0,0,0,0,0,0,0,0,0,0,0,0,1196.498,0,0,0,0,0,0,100,100
No Match,None,unmatched,18423,0.6539999999999999,18.741,143.35000000000002,237.0446,,,,0,0,0,0,5633.918,0,0,0,0,1411.023,0,0,0,0,0,0,0,0,0,0,0,0,35723.619,0,0,0,0,9572.214,0,0,0,12116.128999999999,0,6314.915,0,0,0,0,0,0,0,0,100,100
No Match,None,unmatched,87474,0.614,19.454,148.62,237.0462,,,,0,1027.439,0,0,0,0,0,0,0,0,0,0,0,0,0,0,0,0,0,0,0,0,0,0,0,0,0,0,0,0,0,0,0,0,0,0,0,0,0,0,0,0,100,100
No Match,None,unmatched,34868,0.509,19.436,148.59,237.051,,,,0,964.3079,1404.152,0,1252.117,1163.846,0,0,0,0,1454.287,0,0,0,0,887.4434,0,0,0,0,0,1002.624,0,922.3291,0,0,678.732,1123.844,0,0,0,1417.775,0,1238.709,0,0,0,0,0,1098.012,0,0,100,100
No Match,None,unmatched,95831,5.766,18.529,141.74,237.0692,,,,0,0,0,0,0,0,0,0,0,0,0,0,0,0,0,0,0,0,0,0,0,0,0,0,0,0,0,0,0,0,0,0,0,0,0,0,0,0,0,0,0,0,100,100
No Match,None,unmatched,3339,3.0269999999999997,20.471,153.22666666666666,237.07977777777776,,,,106954.499,7176.6903,72292.519,82338.099,3984.535,4962.619,98512.609,96138.75899999999,46443.309,0,0,43118.679000000004,46147.989,63291.369000000006,12981.128999999999,4880.916,10546.729,23961.679,1428.096,12087.499,7554.356,111684.199,0,29738.309,0,70253.47200000001,0,0,3967.8379999999997,14741.419,0,3068.7529999999997,130551.299,20958.420400000003,0,0,131106.499,15177.918,264305.299,328892.499,4462.076,34864.999,100,100
No Match,None,unmatched,50526,2.3125,20.013,151.59,237.0811,,,,719.0265,0,0,0,0,0,0,0,0,0,0,0,0,0,0,0,0,0,0,0,0,0,611.7887000000001,0,0,8465.935,0,0,0,0,0,3362.612,0,7243.207999999999,0,0,0,0,0,0,0,0,100,100
No Match,None,unmatched,83675,10.663,20.313,155.32,237.1147,,,,0,0,0,0,0,0,0,0,0,0,0,0,0,0,0,0,0,0,0,0,0,0,0,0,0,1302.393,0,0,0,0,0,0,0,0,0,0,0,0,0,0,0,0,100,100
No Match,None,unmatched,79380,7.103,18.047,137.88,237.9706,,,,0,0,0,549.4045,0,0,0,1113.563,0,0,0,0,0,0,0,0,0,0,0,0,0,0,0,0,0,0,0,0,0,0,0,0,0,0,0,0,0,0,0,0,0,0,100,100
No Match,None,unmatched,24695,0.583,18.758,143.39,238.0257,,,,4499.621999999999,0,2160.0499999999997,0,0,0,0,0,2444.2659999999996,0,0,2695.676,2054.2239999999997,2961.355,0,1963.357,0,0,0,0,0,5947.545,0,1579.846,0,0,0,0,831.1249,0,0,0,0,0,0,1501.411,1655.71,4893.4529999999995,1414.949,0,0,0,100,100
No Match,None,unmatched,58991,2.5125,19.084,145.81,238.03730000000002,,,,0,0,0,0,0,13620.569,0,0,0,0,0,0,0,0,0,5395.816999999999,0,0,0,1037.628,4067.8849999999998,0,0,0,0,0,0,0,980.738,1060.01,0,0,0,0,0,0,0,0,0,0,11219.289,7222.745,100,100
No Match,None,unmatched,75087,2.537,19.102,146.07,238.0411,,,,0,0,0,0,0,0,0,0,0,0,0,0,0,0,0,0,2069.7259999999997,0,0,0,0,0,0,0,0,0,0,0,0,0,0,0,0,0,0,0,0,0,0,0,0,0,100,100
No Match,None,unmatched,86489,7.426,19.897,152.12,238.0785,,,,0,0,0,0,0,0,0,0,0,0,0,0,0,0,1093.257,0,0,0,0,0,0,0,0,0,0,0,0,0,0,0,0,0,0,0,0,0,0,0,0,0,0,0,100,100
No Match,None,unmatched,56232,1.6555,16.535,126.435,238.91264999999999,,,,1631.205,0,1128.983,3531.8679999999995,3911.9084,2919.8968,0,4382.3986,2437.5049999999997,4382.129,3226.6609999999996,1358.133,6426.4752,5125.057000000001,897.2375000000001,2475.861,0,2431.179,995.466,758.8019,0,0,0,0,0,0,0,656.3205,1177.1680000000001,1237.33,1653.14,796.6623000000001,0,0,0,0,0,0,0,0,628.9173000000001,0,100,100
No Match,None,unmatched,95693,3.047,16.537,126.36,238.9126,,,,0,0,0,0,0,0,0,0,0,0,0,0,0,0,0,0,0,0,0,0,0,0,0,0,0,0,0,0,0,0,0,0,0,0,0,0,0,0,0,0,0,0,100,100
No Match,None,unmatched,59224,4.045,16.538,126.41,238.9132,,,,2158.6929999999998,0,0,0,0,0,823.3356,0,0,0,0,0,534.711,0,0,0,0,0,0,0,0,0,0,0,0,0,0,0,0,0,0,973.1951,0,0,0,0,0,0,0,0,0,0,100,100
No Match,None,unmatched,41321,7.829666666666667,20.013,152.95333333333335,239.024,,,,0,0,0,0,0,0,0,0,0,0,0,0,0,0,0,0,0,0,0,0,0,0,138822.637,0,0,0,0,0,0,0,0,0,0,0,0,0,0,0,0,0,0,0,100,100
No Match,None,unmatched,78710,13.0305,19.985,153.04,239.0248,,,,0,0,0,0,0,0,0,0,0,0,0,0,0,0,0,0,0,0,0,0,0,0,4705.857,0,0,0,0,0,0,0,0,0,0,0,0,0,0,0,0,0,0,0,100,100
No Match,None,unmatched,78658,9.239,20.043,153.2,239.0265,,,,0,0,0,0,0,0,0,0,0,0,0,0,0,0,0,0,0,0,0,0,0,0,1727.02,0,0,0,0,0,0,0,0,0,0,0,0,0,0,0,0,0,0,0,100,100
No Match,None,unmatched,67693,15.394400000000001,19.777,151.032,239.05972000000003,,,,734.9529,0,17986.594999999998,1714.5163,0,1757.765,3886.1389999999997,5148.537,0,5275.071,0,0,2806.12,0,0,0,728.5875,0,1337.988,0,4988.5805,0,0,0,0,843.1123,0,1016.193,0,2099.413,0,4664.839,0,0,0,0,16653.346999999998,2046.721,0,0,0,0,100,100
No Match,None,unmatched,7282,0.642,18.95,144.81,239.0591,,,,0,0,0,0,34538.289000000004,0,0,0,0,31041.589,718.8269,0,0,0,0,0,0,0,0,0,0,0,141259.19900000002,0,0,0,0,53512.689000000006,0,0,0,116915.199,0,68598.249,0,0,0,0,0,0,0,0,100,100
No Match,None,unmatched,9022,7.1512,19.641,149.92000000000002,239.06862,,,,9902.235999999999,3538.1009999999997,7490.531999999999,3439.942,4855.245,11785.039,7708.728999999999,9918.369999999999,3450.2709999999997,7527.184,10414.202000000001,5897.0509999999995,0,13653.899,14054.689,5033.876,7875.919,12358.019,9676.438,7253.213,11250.206,6485.71,8474.759,9462.187,11358.164,10587.639,10225.579,5541.406,10559.904999999999,8655.421,7732.075,9335.695,11681.809,6060.197,7951.656,37896.625,8390.603,13627.989,3929.486,11689.179,10430.449,13055.519,100,100
No Match,None,unmatched,67338,3.615,20.112,153.73,239.0824,,,,0,0,0,0,0,0,0,0,0,0,0,0,0,0,0,0,0,0,0,0,0,0,0,0,0,0,0,0,0,0,0,0,0,0,0,0,0,3023.7259999999997,0,0,0,0,100,100
No Match,None,unmatched,13223,7.5245,20.165,153.96,239.08364999999998,,,,0,0,0,0,0,5066.5109999999995,0,0,0,0,0,0,0,0,12322.659,0,15560.349,5748.11,0,7107.496,18324.289,0,0,0,0,0,0,0,4203.141,11347.548999999999,0,0,0,0,0,26233.295,0,30021.119,0,0,6973.067,5952.143,100,100
No Match,None,unmatched,76953,3.976,15.262,116.82,239.0855,,,,0,0,0,0,0,0,0,0,0,0,0,0,0,0,0,0,0,0,0,0,0,0,0,0,0,0,0,0,0,0,0,0,0,0,0,0,1886.03,0,0,0,0,0,100,100
No Match,None,unmatched,95207,4.067,19.927,152.32,239.0865,,,,0,0,0,0,0,0,0,0,0,0,0,0,0,0,0,0,0,0,0,0,0,0,0,0,0,0,0,0,0,0,0,0,0,0,0,0,0,0,0,0,0,0,100,100
No Match,None,unmatched,83285,4.052,3.693,28.63,239.0882,,,,0,0,1333.472,0,0,0,0,0,0,0,0,0,0,0,0,0,0,0,0,0,0,0,0,0,0,0,0,0,0,0,0,0,0,0,0,0,0,0,0,0,0,0,100,100
No Match,None,unmatched,85903,3.998,11.486,87.92,239.0885,,,,0,0,1133.531,0,0,0,0,0,0,0,0,0,0,0,0,0,0,0,0,0,0,0,0,0,0,0,0,0,0,0,0,0,0,0,0,0,0,0,0,0,0,0,100,100
No Match,None,unmatched,52222,4.0005,5.954,31.295,239.0895,,,,0,0,0,0,0,0,0,0,0,0,0,0,0,0,0,0,0,0,0,0,0,0,0,0,0,0,0,0,831.6324000000001,0,0,0,0,0,0,0,0,0,4698.706,1700.587,0,0,100,100
No Match,None,unmatched,70127,4.013,3.887,30.17,239.0899,,,,0,0,0,0,0,0,0,0,0,0,0,0,1598.818,0,0,0,0,0,0,0,0,0,0,0,0,0,0,0,0,0,0,0,0,0,0,0,0,0,0,0,1042.017,0,100,100
No Match,None,unmatched,74557,3.9629999999999996,7.312,153.16,239.09039999999996,,,,0,0,1170.109,0,0,0,0,0,1157.148,0,0,0,0,0,0,0,0,0,0,0,0,0,0,0,0,0,0,0,0,0,0,0,1341.1605,0,0,0,2882.1459999999997,0,4291.289,2121.2799999999997,0,2493.6299999999997,100,100
No Match,None,unmatched,89425,4.018000000000001,15.974,148.38,239.0906,,,,0,0,0,0,0,2446.381,2229.029,902.9613,0,0,0,4989.416,0,8117.376,0,0,0,0,0,0,0,0,0,0,0,0,0,0,0,0,0,0,0,0,0,0,0,0,3369.5739999999996,5425.584,0,0,100,100
No Match,None,unmatched,51850,4.009,15.085,115.41,239.0911,,,,0,0,0,0,0,0,0,0,0,0,0,722.8968,0,0,0,0,0,0,0,0,0,0,0,0,0,0,0,0,0,0,0,0,5002.626,0,0,0,0,0,0,801.9529,0,0,100,100
No Match,None,unmatched,70228,4.05,18.123,138.54,239.0918,,,,0,0,0,772.4273000000001,0,0,0,0,0,0,0,0,0,0,0,0,0,0,0,0,0,0,0,0,0,0,0,0,0,0,0,0,0,0,0,0,0,0,999.3167,855.3022,0,0,100,100
No Match,None,unmatched,64285,4.003666666666667,21.615,147.48333333333332,239.0927333333333,,,,4157.874,0,2290.8439999999996,964.6836000000001,0,0,3126.6569999999997,500.1275,5705.673,0,0,1181.881,941.3396,0,0,0,0,849.0954,0,0,0,0,0,1505.3,0,0,0,0,0,0,0,0,6366.536,0,0,0,5893.893,3694.2619999999997,0,0,2740.477,924.9730000000001,100,100
No Match,None,unmatched,52732,3.998,6.299,48.51,239.0932,,,,0,0,0,0,0,0,1144.401,0,1449.57,0,0,0,0,0,0,0,0,0,0,0,0,0,0,0,0,0,0,0,0,0,0,0,3646.249,0,0,0,0,0,0,0,0,0,100,100
No Match,None,unmatched,61128,3.9989999999999997,13.762,136.72,239.0937,,,,4596.858,0,2327.8909999999996,0,0,0,1262.42,12367.409,1255.212,0,0,6019.393,0,0,0,0,0,0,0,0,0,0,0,0,0,0,0,0,0,7065.4259999999995,1831.4370000000001,0,0,2628.589,0,0,0,0,0,3246.509,0,1765.513,100,100
No Match,None,unmatched,77139,3.9875,15.556,72.525,239.0939,,,,0,0,0,0,0,0,0,0,0,0,0,0,0,0,0,0,0,0,0,0,0,1870.905,0,0,0,0,0,0,0,0,0,0,0,0,0,0,0,0,1468.959,0,0,0,100,100
No Match,None,unmatched,69945,4.013,3.404,26.57,239.094,,,,0,0,0,0,0,0,0,0,0,0,0,0,0,0,0,0,0,0,0,0,0,0,0,0,0,0,0,0,0,0,0,0,0,0,0,0,0,0,0,2661.687,0,0,100,100
No Match,None,unmatched,78034,3.961,10.659,81.71,239.0944,,,,0,0,0,0,0,0,0,0,0,0,0,0,1060.647,0,0,0,0,0,0,0,0,0,0,0,0,0,0,0,0,0,0,0,0,0,0,0,0,0,0,724.1935,0,0,100,100
No Match,None,unmatched,35089,3.979,5.408,41.82,239.0947,,,,0,0,0,0,0,0,0,0,0,0,0,0,0,0,0,0,0,0,0,0,0,0,0,0,0,0,0,0,0,0,3252.1319999999996,0,0,0,0,0,0,0,0,13870.128999999999,0,0,100,100
No Match,None,unmatched,72977,4.0005,29.697,127.165,239.0951,,,,0,0,0,0,0,0,0,0,0,0,0,0,0,1415.3951000000002,0,0,0,0,0,0,0,0,0,0,0,0,0,0,0,0,0,0,942.6454,0,0,0,0,0,0,0,742.1088,0,100,100
No Match,None,unmatched,62109,4.011,6.794,52.27,239.0958,,,,0,0,0,0,0,0,1070.521,0,0,0,0,0,0,1401.857,0,0,0,0,0,0,0,0,0,0,0,0,0,0,0,0,0,0,0,0,0,0,0,0,1427.661,0,0,0,100,100
No Match,None,unmatched,93474,3.992,4.247,27.755000000000003,239.0959,,,,0,0,631.3511,0,0,0,0,0,0,0,0,0,0,0,0,0,0,0,0,0,0,0,0,0,0,0,0,0,0,0,0,0,0,0,0,0,0,0,0,3040.493,0,0,100,100
No Match,None,unmatched,66002,4.008,6.184,47.58,239.0962,,,,0,0,0,0,0,0,0,0,0,0,0,3223.656,0,0,0,0,0,0,0,0,0,0,0,0,0,0,0,0,0,0,0,0,0,0,0,0,0,0,0,0,0,0,100,100
No Match,None,unmatched,79305,4.001,3.131,24.48,239.0983,,,,0,0,0,0,0,0,0,0,0,0,0,0,0,0,0,0,0,0,0,0,0,0,0,0,0,0,0,0,0,0,0,0,1667.917,0,0,0,0,0,0,0,0,0,100,100
No Match,None,unmatched,95050,3.942,18.498,141.44,239.1048,,,,0,0,0,0,0,0,0,0,0,0,0,0,0,0,0,0,0,0,0,0,0,0,0,0,0,0,0,0,0,0,0,0,0,0,0,0,0,0,0,0,0,0,100,100
No Match,None,unmatched,60243,3.997,5.39,41.54,239.1149,,,,0,0,0,0,0,0,0,0,4279.978,0,0,0,0,0,0,0,0,0,0,0,0,0,0,0,0,0,0,0,0,0,0,0,0,0,0,0,0,0,0,0,0,0,100,100
No Match,None,unmatched,94653,3.548,17.652,134.82,239.9508,,,,526.3682,0,0,0,0,0,0,0,0,0,0,0,0,0,0,0,0,0,0,0,0,0,0,0,0,0,0,0,0,0,0,0,0,0,0,0,0,0,0,0,0,0,100,100
No Match,None,unmatched,93499,7.425,20.233,154.61,240.0889,,,,0,0,0,0,0,0,0,0,0,0,0,0,0,0,0,0,629.6227,0,0,0,0,0,0,0,0,0,0,0,0,0,0,0,0,0,0,0,0,0,0,0,0,0,100,100
No Match,None,unmatched,87969,1.944,20.03,153.07,240.0951,,,,0,0,0,0,0,0,0,0,0,0,0,0,0,0,0,0,0,0,0,0,0,0,0,0,0,0,0,0,0,0,0,0,0,0,0,0,0,0,0,0,0,0,100,100
No Match,None,unmatched,94214,4.007,2.933,22.97,240.0988,,,,0,0,0,0,0,0,0,0,0,0,0,0,0,0,0,0,0,0,0,0,0,0,0,0,0,0,0,0,0,0,0,0,0,0,0,0,0,0,567.4876,0,0,0,100,100
No Match,None,unmatched,95395,3.979,5.39,41.54,240.1003,,,,0,0,0,0,0,0,0,0,0,0,0,0,0,0,0,0,0,0,0,0,0,0,0,0,0,0,0,0,0,0,0,0,0,0,0,0,0,0,0,0,0,0,100,100
No Match,None,unmatched,55682,1.891,19.238,146.93,240.9807,,,,0,0,0,0,0,0,1635.445,0,0,0,0,0,855.8888000000001,0,0,0,0,0,0,0,0,0,0,0,0,0,0,0,0,0,0,0,0,0,0,0,1205.643,0,0,1671.3410000000001,0,0,100,100
No Match,None,unmatched,86782,0.906,19.42,148.39,241.0203,,,,0,0,0,0,0,0,0,0,0,0,0,0,0,0,0,0,0,0,0,0,0,0,0,0,0,0,0,0,0,0,0,0,0,1074.296,0,0,0,0,0,0,0,0,100,100
No Match,None,unmatched,89015,0.718,18.972,143.976,241.02192,,,,0,0,0,0,0,0,0,0,0,0,0,0,0,0,0,0,0,0,0,0,0,0,0,0,0,0,0,0,0,0,0,0,0,10156.131,0,0,0,0,0,0,0,0,100,100
No Match,None,unmatched,89015,0.7428333333333333,18.972,144.49166666666667,241.0222,,,,0,0,0,0,0,0,0,0,0,0,0,0,0,0,0,0,0,0,0,0,0,0,0,0,0,0,0,0,0,0,0,0,0,10156.131,0,0,0,0,0,0,0,0,100,100
No Match,None,unmatched,31673,1.6623333333333334,19.443,148.4433333333333,241.0393,,,,3931.962,0,0,675.4978,2495.0299999999997,0,1989.243,0,1222.665,2853.83,2131.6531,7528.179999999999,4619.619,0,6720.385,2977.032,0,5328.197,6424.3,0,0,1040.056,3962.43,4908.062,0,2345.216,0,4214.349,0,11875.557999999999,706.3229,4073.999,10851.876,3354.1989999999996,7679.700999999999,4275.630999999999,4167.507,10251.916000000001,5392.089,10401.1247,4416.112999999999,1164.973,100,100
No Match,None,unmatched,78132,4.381,19.916,152.17,241.0421,,,,0,0,0,0,0,0,0,0,0,0,0,0,0,0,0,0,0,0,0,0,0,0,0,0,0,0,0,0,0,0,0,0,0,1776.9,0,0,0,0,0,0,0,0,100,100
No Match,None,unmatched,67032,0.637,19.532,149.25,241.0711,,,,0,0,0,0,0,0,0,0,0,0,0,0,0,0,0,0,0,0,0,0,0,2337.2929999999997,0,0,733.8268,0,0,0,0,0,0,0,0,0,0,0,0,0,0,0,0,0,100,100
No Match,None,unmatched,74994,3.3996666666666666,20.003,152.52666666666664,241.0755,,,,0,1040.773,0,0,0,0,0,0,0,0,626.1358,0,0,0,0,0,0,0,0,0,0,0,27819.298000000003,0,0,0,5955.163,0,0,0,0,0,0,0,0,0,0,0,0,0,0,0,100,100
No Match,None,unmatched,94547,9.524999999999999,18.139,138.595,241.07505,,,,0,0,0,0,0,0,0,0,0,0,0,0,0,0,0,3067.6222,0,0,0,0,0,0,0,0,0,0,0,0,0,0,0,0,0,0,0,0,0,0,0,0,0,0,100,100
No Match,None,unmatched,47257,12.123,20.019,152.95,241.0851,,,,0,0,0,0,0,0,0,0,0,0,0,0,0,0,0,0,0,0,0,0,0,0,0,0,0,6318.871,0,0,0,0,0,2057.825,0,0,0,0,0,0,0,0,0,0,100,100
No Match,None,unmatched,95817,4.696,20.29,155.02,241.0956,,,,0,0,0,0,0,0,0,0,0,0,0,0,0,0,0,0,0,0,0,0,0,0,0,0,0,0,0,0,0,0,0,0,0,0,0,0,0,0,0,0,0,0,100,100
No Match,None,unmatched,30298,1.0396666666666665,20.033,152.84333333333333,241.10920000000002,,,,0,840.7075,0,2165.9599999999996,0,0,688.4109,0,0,0,0,0,1893.983,5445.599,0,0,0,0,0,0,0,7953.382,0,0,0,30559.714,0,0,0,0,0,0,0,1439.044,0,0,2762.798,0,1149.765,0,0,0,100,100
No Match,None,unmatched,60459,1.283125,18.862,143.295,241.9763875,,,,0,76356.41000000002,0,1305.577,0,0,3408.2051999999994,0,0,0,106514.16599999998,0,0,0,0,0,0,0,0,0,0,0,38887.373,0,12054.797999999999,10187.988000000001,48928.32,0,0,0,7708.9349999999995,143385.717,0,0,0,0,1586.934,0,0,0,0,0,100,100
No Match,None,unmatched,48129,1.7733333333333334,20.466,156.1933333333333,242.04966666666667,,,,52239.139,8089.365,63999.418000000005,123019.39899999999,10861.923999999999,6032.804,116944.268,635911.399,41574.758,47161.039000000004,15193.542999999998,28670.712,46184.488,15872.195,48405.148,21883.554,8877.506,15386.738999999998,50503.438,28914.498,13925.249,329553.388,13961.289999999999,38133.168000000005,7863.695,251488.798,70493.01800000001,28987.123,993.1122,63975.549000000006,3168.3719999999994,7938.672999999999,147703.188,24184.059,101128.91799999999,5267.3303,209123.698,25224.406,165262.508,97032.438,18678.661999999997,20462.554,100,100
No Match,None,unmatched,54275,0.613,20.058,153.465,242.08155,,,,0,0,0,0,0,0,0,0,0,0,0,0,0,0,0,0,0,0,0,0,0,0,0,0,0,6706.9567,0,0,0,0,0,0,0,0,0,0,0,0,0,0,0,0,100,100
No Match,None,unmatched,35750,14.019,20.089,153.36,242.0808,,,,1124.213,0,1814.778,1319.137,0,0,1398.77,0,0,0,0,1914.852,0,0,0,0,0,0,0,0,0,0,0,0,0,2141.339,0,0,0,0,0,0,3843.2949999999996,0,0,0,2107.5119999999997,0,0,0,805.2881,0,100,100
No Match,None,unmatched,83952,14.889,20.172,153.92,242.081,,,,0,0,0,0,0,0,0,0,0,0,0,1279.991,0,0,0,0,0,0,0,0,0,0,0,0,0,0,0,0,0,0,0,0,0,0,0,0,0,0,0,0,0,0,100,100
No Match,None,unmatched,56149,1.69,19.971,152.44,243.0351,,,,0,0,0,0,0,0,0,0,0,1464.936,0,0,0,0,0,0,0,0,0,0,0,0,3765.096,0,0,0,0,0,0,0,0,0,0,0,0,0,0,0,0,0,0,0,100,100
No Match,None,unmatched,28053,1.764,19.959,152.38,243.0376,,,,0,0,0,0,3820.432,0,0,0,0,0,0,0,0,0,0,0,0,0,0,0,0,0,9280.552,0,0,0,0,15085.939,0,0,0,0,0,0,0,0,0,0,0,0,0,0,100,100
No Match,None,unmatched,81979,1.691,20.415,155.9,243.0542,,,,0,0,0,0,0,0,0,0,0,0,0,0,0,0,0,0,0,0,0,0,0,0,0,0,0,0,0,0,0,0,0,0,0,0,0,0,0,0,0,0,0,0,100,100
No Match,None,unmatched,72116,1.18,19.65,150.08,243.0545,,,,0,0,0,0,0,0,0,0,0,0,0,0,0,0,0,0,0,0,0,0,0,0,0,0,0,0,0,0,0,0,0,0,0,0,0,0,0,0,0,0,0,2397.48,100,100
No Match,None,unmatched,11600,0.525,19.491,148.81,243.0634,,,,8375.099,4662.812,2100.24,9040.944,2340.0609999999997,1535.647,11134.949,13078.169,4895.624,3575.0789999999997,4203.846,2587.232,6423.269,5053.086,2517.845,1454.135,0,1478.141,5796.245,0,0,5334.179999999999,0,11156.739,5694.201,3300.683,1824.94,1859.188,0,2407.866,0,2491.3599999999997,11527.819,0,8169.607,0,7729.513,4164.865,8551.046,8786.681,3591.493,3941.107,100,100
No Match,None,unmatched,78688,9.796,19.581,149.55,243.0643,,,,0,0,0,0,0,0,0,0,0,0,0,0,0,0,0,0,0,0,0,0,0,0,0,0,0,1724.346,0,0,0,0,0,0,0,0,0,0,0,0,0,0,0,0,100,100
No Match,None,unmatched,93210,6.858,19.801,151.23,243.0666,,,,0,0,0,0,0,0,0,0,0,0,0,0,0,0,0,0,0,0,0,0,0,0,0,0,0,0,0,0,0,0,0,0,0,0,0,654.1734,0,0,0,0,0,0,100,100
No Match,None,unmatched,64702,4.607,19.99,152.58,243.0681,,,,0,0,0,0,0,0,0,0,0,0,1796.127,0,0,0,0,0,0,0,0,0,0,0,0,0,0,0,1630.018,0,0,0,0,0,0,0,0,0,0,0,0,0,0,0,100,100
No Match,None,unmatched,17378,2.875,20.373,155.55,243.078,,,,0,0,0,0,0,0,0,0,0,1900.021,0,0,0,0,0,0,0,0,0,0,0,0,32630.879,0,12191.479,0,0,0,0,0,0,29562.929,0,0,0,0,0,0,0,0,0,0,100,100
No Match,None,unmatched,51126,13.386666666666665,20.124,153.6966666666667,243.10063333333332,,,,22519.254,51101.308000000005,26219.113,16620.417999999998,78143.748,65340.90900000001,32020.487,84714.598,53911.868,80776.628,43324.878,37338.308,22353.432399999998,38550.218,60770.658,57267.958,46110.458,59311.048,86174.928,53392.588,54919.92800000001,35320.198000000004,63105.028000000006,73867.10800000001,54215.678,87869.998,48604.758,87778.628,65847.046,42717.228,65513.89300000001,64274.03800000001,53362.768,75349.20800000001,63513.818,50097.268000000004,32616.338,65484.778000000006,38960.748,24268.939,52944.488000000005,51085.498,100,100
No Match,None,unmatched,8849,12.493,20.141,153.77,243.1007,,,,0,2452.038,0,0,14831.489,34286.899000000005,4647.896,7073.237999999999,7860.852,0,1853.424,0,0,1800.33,7198.83,4540.416,1987.91,6845.508,22820.279,8893.451,21120.079,2686.365,3197.5899999999997,11328.069,5908.124,7348.994,0,7420.891,17356.469,5953.29,19993.529,0,2752.899,5323.1759999999995,15748.589,17814.489,0,18365.499,0,0,5675.632,11741.019,100,100
No Match,None,unmatched,36705,0.529,19.981,152.5,243.1046,,,,0,0,0,0,1228.674,0,0,0,0,6081.483,934.7834,0,0,0,0,2087.877,0,0,0,0,0,0,0,5189.045999999999,0,0,0,0,0,0,0,0,0,0,0,0,0,0,0,0,0,0,100,100
No Match,None,unmatched,28088,11.807,20.078,153.25,243.118,,,,0,0,1809.33,0,0,0,15021.529,0,0,3589.7859999999996,0,0,0,0,0,0,0,0,3290.1479999999997,0,0,1920.259,0,0,0,0,0,0,0,0,2484.8639999999996,0,0,0,0,0,0,0,0,0,0,0,100,100
No Match,None,unmatched,46399,2.655,19.142,146.19,243.9777,,,,0,0,0,0,0,0,0,0,0,0,0,0,0,0,0,0,0,0,0,0,0,0,8759.886,0,0,0,0,0,0,0,0,0,0,0,0,0,0,0,0,0,0,0,100,100
No Match,None,unmatched,37348,1.5255,19.17,146.425,243.9931,,,,0,2768.89,0,0,0,0,0,0,0,0,0,0,0,0,0,0,0,0,0,0,0,0,0,0,0,0,0,0,0,0,0,13390.696,0,0,0,0,0,0,0,0,0,0,100,100
No Match,None,unmatched,53617,0.679,19.518,148.89,244.0294,,,,0,3441.3489999999997,0,0,0,0,0,0,0,0,2510.848,0,0,0,0,0,0,0,0,0,0,0,0,0,0,0,0,0,0,0,0,0,0,0,0,0,0,0,0,0,0,0,100,100
No Match,None,unmatched,15875,2.3505000000000003,20.14,154.13,244.06535,,,,0,21435.389,0,0,0,0,0,0,0,0,18346.909,0,0,0,0,0,0,0,0,0,0,0,24640.819,0,5269.099200000001,2539.37,23493.809,0,0,0,0,0,0,0,0,0,0,0,0,0,0,0,100,100
No Match,None,unmatched,62208,10.412,20.298,154.98,244.0676,,,,0,0,0,0,0,0,0,0,0,0,0,0,0,0,0,0,0,0,0,0,0,0,0,0,0,0,0,0,0,0,0,0,0,0,0,3881.183,0,0,0,0,0,0,100,100
No Match,None,unmatched,34564,9.809,19.875,151.76,244.0715,,,,0,0,0,0,0,0,0,0,0,0,0,0,0,0,0,0,0,0,0,0,0,0,0,0,0,17720.629,0,0,0,0,0,0,0,0,0,0,0,0,0,0,0,0,100,100
No Match,None,unmatched,75349,10.329,19.912,152.04,244.0727,,,,0,0,0,0,0,0,0,0,0,0,0,0,0,0,0,0,0,0,0,0,0,0,0,0,0,2045.022,0,0,0,0,0,0,0,0,0,0,0,0,0,0,0,0,100,100
No Match,None,unmatched,52102,1.7555,19.596,150.00500000000002,244.08885000000004,,,,0,0,0,0,0,0,0,0,768.1534,0,0,0,1486.191,1979.085,0,0,0,0,729.5260000000001,0,0,7988.3117999999995,0,0,0,0,0,1147.349,0,0,0,0,0,1040.352,0,0,0,0,0,0,0,0,100,100
No Match,None,unmatched,93710,13.0735,20.169,153.595,244.10444999999999,,,,0,0,0,0,0,0,0,0,0,0,0,0,0,0,0,0,0,0,0,0,0,0,0,0,0,0,0,0,0,0,0,0,0,0,0,0,0,0,0,0,0,0,100,100
No Match,None,unmatched,42225,6.333,17.929,136.9,244.9085,,,,0,0,0,0,0,0,0,0,0,0,0,0,1404.702,0,0,0,0,0,0,0,0,0,0,0,0,0,0,0,0,0,0,0,0,583.9734,0,0,4027.107,5044.871999999999,0,0,0,0,100,100
No Match,None,unmatched,89374,1.033,19.348,147.39499999999998,244.99765,,,,0,0,0,0,10419.999,0,0,0,0,4155.922,0,0,0,0,0,0,0,0,0,0,0,0,8895.652,0,0,0,0,13508.409,0,0,0,0,0,8693.193299999999,0,0,0,0,0,0,0,0,100,100
No Match,None,unmatched,83874,1.786,20.008,152.74,245.0259,,,,0,0,0,0,0,0,0,0,0,0,0,0,0,0,0,0,0,0,0,0,0,0,0,0,0,0,0,0,0,0,0,1285.117,0,0,0,0,0,0,0,0,0,0,100,100
No Match,None,unmatched,24438,3.912,19.191,146.37,245.0715,,,,0,0,0,8280.599,0,0,3765.625,0,3625.3239999999996,0,0,0,18104.899,4152.558,0,0,0,0,0,0,0,0,0,0,0,0,0,0,0,0,0,0,0,0,0,0,0,0,0,0,0,0,100,100
No Match,None,unmatched,72994,1.6343333333333334,19.628,149.585,245.08408333333333,,,,31967.579,0,8637.431999999999,25884.908,0,846.9704,13368.952999999998,0,22794.6167,5590.1641,0,5044.063999999999,23931.719,56661.60399999999,0,0,0,0,30153.404000000002,0,2984.1492000000003,85792.51800000001,0,21005.038,0,0,0,34004.831999999995,0,0,11055.987,0,10459.529,51355.253899999996,4795.632,3198.194,39193.97900000001,0,13037.138,10078.187,1212.231,0,100,100
No Match,None,unmatched,12249,9.694,19.283,147.15,245.0862,,,,0,0,0,0,0,0,96583.83899999999,0,0,2869.4739999999997,0,0,0,0,0,0,0,0,35508.459,0,0,0,0,0,0,0,0,0,0,0,26222.249,0,0,0,0,0,0,0,0,0,0,0,100,100
No Match,None,unmatched,61603,4.545,20.479,156.32,245.0945,,,,0,0,0,0,0,0,0,0,0,0,0,0,0,0,0,0,0,0,0,0,0,0,0,0,0,0,0,0,0,0,0,0,0,0,0,857.005,0,1982.957,0,0,0,1159.351,100,100
No Match,None,unmatched,83816,0.734,19.801,151.17,245.1066,,,,0,0,0,0,0,0,0,0,0,0,0,0,0,0,0,0,0,0,0,0,0,0,0,0,0,0,0,0,0,0,0,0,0,1289.741,0,0,0,0,0,0,0,0,100,100
No Match,None,unmatched,49733,13.9885,20.37,155.32999999999998,245.1166,,,,3240.4979999999996,0,0,0,1528.808,8061.468,1244.707,2146.745,1441.423,4538.235,0,0,0,2299.79,2268.598,0,4047.292,2618.6679999999997,2651.417,1011.293,3815.9717,1137.415,0,1827.012,0,6188.562,0,8594.7269,4719.313,2029.52,5906.108,0,1078.537,2248.4324,2539.076,2273.64,0,0,0,1496.347,0,4785.206999999999,100,100
No Match,None,unmatched,28166,4.9,18.262,139.43,245.8971,,,,0,0,0,0,0,0,0,0,0,0,1683.584,0,0,0,0,0,0,0,0,0,1111.921,0,0,0,2345.1079999999997,0,5740.572999999999,2108.5429999999997,2474.8709999999996,0,0,3123.0389999999998,0,0,7054.937,788.0099,0,0,0,0,1511.183,0,100,100
No Match,None,unmatched,42595,1.762,20.171,153.87,245.9908,,,,0,0,0,0,0,0,0,5320.653,0,0,0,0,0,0,0,0,0,0,0,0,0,0,0,0,0,0,0,0,0,0,0,0,0,0,0,0,0,0,5496.8369999999995,0,0,0,100,100
No Match,None,unmatched,75260,2.3510000000000004,19.578,149.38,246.03446666666665,,,,0,0,0,0,0,0,0,0,0,0,0,0,0,0,0,0,0,0,0,0,0,0,1714.938,0,2953.0159999999996,0,0,0,0,0,0,41487.266,0,0,17585.019,0,0,0,0,0,0,0,100,100
No Match,None,unmatched,90447,2.736,19.507,148.9,246.0391,,,,0,0,0,0,0,0,0,0,0,0,0,0,0,0,0,0,0,0,0,0,0,0,0,0,0,0,0,0,0,0,0,838.3784,0,0,0,0,0,0,0,0,0,0,100,100
No Match,None,unmatched,90356,6.967,19.766,150.86,246.048,,,,0,0,0,0,0,0,0,0,0,0,0,0,0,0,0,0,0,0,0,0,0,0,844.2336,0,0,0,0,0,0,0,0,0,0,0,0,0,0,0,0,0,0,0,100,100
No Match,None,unmatched,6856,3.611,20.519,156.55,246.081,,,,0,87526.719,0,0,0,3998.7529999999997,0,0,0,0,61566.799000000006,2026.438,0,0,5689.721,3517.9109999999996,0,0,0,0,571.9143,0,171158.899,0,29142.029,6485.246,86218.72899999999,7641.294,3675.4849999999997,0,0,0,1253.772,0,0,8312.033,0,6665.459,0,0,7506.755,3320.254,100,100
No Match,None,unmatched,46990,10.058,19.522,148.85,246.0933,,,,0,0,0,0,0,0,8490.051,0,0,0,0,0,0,0,0,0,0,0,0,0,0,0,0,0,0,0,0,0,0,0,0,0,0,0,0,0,0,0,0,0,0,0,100,100
No Match,None,unmatched,77726,6.332,17.947,136.86,246.9071,,,,0,0,1816.336,0,0,0,0,0,0,0,0,0,0,0,0,0,0,0,0,0,0,0,0,0,0,0,0,0,0,0,0,0,0,0,0,0,0,0,0,0,0,0,100,100
No Match,None,unmatched,12143,4.836,19.151,146.1,246.9473,,,,7970.862999999999,4705.653,8215.172,11577.699,9734.998,0,0,5529.5779999999995,4728.945,16581.159,6652.013,1889.798,0,1482.914,1297.124,0,0,0,0,0,817.3216,3837.0939999999996,0,11411.809,7557.861,8254.196,2832.9159999999997,3728.0139999999997,0,0,0,6572.65,7673.353,0,4543.09,0,13328.769,1133.426,12223.009,0,0,0,100,100
No Match,None,unmatched,39775,1.329,19.052,146.13,246.99103333333335,,,,6182.969,1896.39,2927.8925,12970.678,0,0,15094.819,0,10353.458999999999,0,0,9033.465,7473.880999999999,7234.349,0,0,0,0,0,3408.127,2474.9889999999996,16175.2463,0,0,0,0,0,0,0,0,0,0,0,0,0,0,10160.109,1600.818,11123.134999999998,17658.639,0,600.0633,100,100
No Match,None,unmatched,37206,2.549,20.558,156.76,247.0578,,,,3031.6769999999997,0,1958.906,0,0,0,2196.901,0,0,0,0,0,0,0,0,0,0,0,0,0,0,0,0,0,0,0,0,0,0,0,0,0,0,0,0,0,0,0,1118.933,6699.077,0,0,100,100
No Match,None,unmatched,92255,1.0185,19.799,151.005,247.0589,,,,1596.853,0,0,4992.847,0,0,7099.054999999999,0,0,0,0,1573.82,937.5675,0,0,0,0,0,0,0,0,758.4991,0,0,0,0,0,0,0,0,0,0,0,0,0,0,5362.888,0,5206.266,9974.007,831.8381,1835.6861,100,100
No Match,None,unmatched,32040,2.696,20.442,155.89,247.0608,,,,0,1642.865,0,2939.763,0,0,0,0,0,0,0,0,0,1470.537,0,0,0,0,0,0,0,0,0,0,0,0,0,0,0,0,0,0,4381.311,0,0,0,3988.5339999999997,0,6632.621,0,0,0,100,100
No Match,None,unmatched,58205,0.884,19.389,147.89,247.0646,,,,0,0,0,0,0,0,0,0,936.9275,0,0,0,0,0,0,0,0,0,0,0,0,3788.2219999999998,0,0,0,0,0,0,0,0,0,0,0,0,0,0,0,0,0,0,0,0,100,100
No Match,None,unmatched,18172,3.251,19.995,153.23,247.07316666666665,,,,0,0,0,13278.835,0,0,24040.495000000003,0,7616.081999999999,0,0,0,0,0,0,0,0,0,0,0,0,11509.888799999999,0,1039.934,0,0,0,0,0,0,0,0,0,0,0,0,14214.259,0,2141.2659999999996,6403.075,0,0,100,100
No Match,None,unmatched,18172,3.13725,19.995,153.8175,247.07315,,,,0,0,0,13278.835,0,0,25967.011000000002,0,7616.081999999999,0,0,0,0,0,0,0,0,0,0,0,0,14191.907799999999,0,1039.934,0,0,0,0,0,0,0,2443.883,0,3070.5629999999996,0,0,14214.259,0,2141.2659999999996,6403.075,0,0,100,100
No Match,None,unmatched,82201,1.303,20.621,157.17,247.1178,,,,0,1419.704,0,0,0,0,0,0,0,0,0,0,0,0,0,0,0,0,0,0,0,0,0,0,0,0,0,0,0,0,0,0,0,0,0,0,0,0,0,0,0,0,100,100
No Match,None,unmatched,49878,4.905,18.271,139.41,247.8934,,,,0,0,0,0,1259.997,0,0,0,0,0,0,0,0,0,0,0,1150.14,0,3427.3349999999996,0,0,0,0,0,0,1419.407,0,0,0,0,0,0,0,0,0,0,0,0,0,0,0,0,100,100
No Match,None,unmatched,67532,2.834,18.259,139.28,248.0471,,,,0,0,0,0,0,0,1730.867,0,0,0,0,0,0,0,0,0,0,0,0,0,0,0,0,0,0,0,0,0,0,0,0,0,0,0,0,0,0,0,0,1266.932,0,0,100,100
No Match,None,unmatched,86128,2.374,19.456,148.29,248.0566,,,,0,0,0,0,0,0,0,1116.641,0,0,0,0,0,0,0,0,0,0,0,0,0,0,0,0,0,0,0,0,0,0,0,0,0,0,0,0,0,0,0,0,0,0,100,100
No Match,None,unmatched,39665,9.876999999999999,18.187,138.41545454545454,248.0815090909091,,,,11257.103,7077.477999999999,3988.0509999999995,0,3758.366,4409.4538,2629.981,4137.019,1339.804,884.0014,23478.9616,6202.846,952.6261000000001,8317.419,11786.026399999997,152535.893,1670.8462,4544.482,17810.436,2467.8579999999997,4066.1369999999997,5504.151,1582.507,4433.313999999999,27321.150999999998,3627.651,4831.164,7537.803,1460.992,0,6145.3769999999995,6394.378,595.4723,5329.593199999999,27101.6,8920.481,14362.673,19803.682999999997,34934.767,14996.82,14669.8406,14331.559999999998,100,100
No Match,None,unmatched,8461,6.062333333333332,20.029,152.58,248.09799999999998,,,,25584.269,0,13186.059,32849.90900000001,0,0,37979.349,0,26382.665100000002,0,0,16688.879,74516.699,35486.639,0,0,0,0,0,0,0,2494.096,0,0,597.3431,0,0,0,0,0,0,0,7500.601,0,0,0,36402.069,0,13005.449,16767.859,0,0,100,100
No Match,None,unmatched,94131,3.148,13.345,102.01,248.9641,,,,0,0,0,0,0,0,0,0,0,0,0,0,0,0,0,575.3937,0,0,0,0,0,0,0,0,0,0,0,0,0,0,0,0,0,0,0,0,0,0,0,0,0,0,100,100
No Match,None,unmatched,33686,8.702,13.2,100.78999999999999,248.9654,,,,0,0,0,0,0,0,8187.539,0,0,0,0,0,0,0,0,0,0,0,2751.7639999999997,0,0,0,0,0,0,3915.99,0,0,0,0,0,0,0,0,0,0,0,7914.737999999999,0,0,0,0,100,100
No Match,None,unmatched,72896,8.645,13.178,100.74,248.9658,,,,0,0,0,0,0,0,0,0,0,0,0,0,0,0,0,0,0,0,0,0,0,0,0,0,0,0,0,0,0,0,0,0,2310.826,0,0,0,0,0,0,0,0,0,100,100
No Match,None,unmatched,34364,9.613,13.194,100.86,248.9697,,,,0,0,0,0,0,0,0,0,0,0,0,0,0,0,0,10220.099,0,0,0,0,0,7738.670999999999,0,0,0,0,0,0,0,0,0,0,0,0,0,0,0,0,0,0,0,0,100,100
No Match,None,unmatched,45993,10.167,13.199,100.31400000000001,248.97149999999996,,,,78669.23800000001,0,46909.969000000005,55494.689000000006,51383.509000000005,60428.888,50860.768000000004,52984.926,0,0,0,62141.518,50070.649000000005,62608.349,7390.262,15808.378999999999,37096.799000000006,0,64108.64600000001,53048.61,0,73503.028,0,53921.248,43386.039000000004,19120.609,39806.558,25760.149,2973.319,35138.759000000005,0,39424.565,32633.538,54802.188,11997.809,2495.8579999999997,0,20851.159,0,75010.038,0,62203.519,100,100
No Match,None,unmatched,39105,8.732083333333334,13.175,100.28250000000003,248.97185833333333,,,,12356.539,0,0,0,0,36961.809,8963.037,0,0,0,0,40745.019,0,92422.27600000001,11978.239,69795.25,20550.139,0,0,16418.789,0,53070.57,46898.539000000004,14899.329,27748.496,14203.509,14805.619,17978.529,4686.706999999999,0,0,30635.667999999998,26279.937,0,26475.369,13236.979,0,15881.999,0,0,0,39327.128,100,100
No Match,None,unmatched,10368,12.2148,13.109,100.292,248.97214,,,,0,0,0,0,0,53993.566999999995,3717.644,7110.657,0,0,0,23997.567,10677.179,16811.699,0,30028.726000000002,0,0,22581.862,0,0,34180.197,0,42865.950999999994,0,28836.745000000003,29042.291,29110.978,14482.891,0,0,23769.552,25264.842,8498.027,0,10686.749,0,31009.486999999997,0,605.8535,0,37931.685,100,100
No Match,None,unmatched,14575,14.180125,13.148,100.4125,248.97205,,,,189646.596,0,26283.539,78160.928,104546.886,174179.247,165127.71600000001,73219.907,0,0,0,204671.166,140696.326,156918.446,29888.719,20315.489,64079.708,0,72998.39800000002,118770.652,0,144146.706,0,66535.927,178179.78399999999,23793.049,56585.968,75134.607,93977.407,0,0,113881.89299999998,120434.476,178193.575,68998.128,138974.915,0,98325.546,0,121849.035,0,88765.732,100,100
No Match,None,unmatched,14071,8.814666666666668,13.171,100.46500000000002,248.97219999999996,,,,16351.237999999998,0,27742.378,0,24443.269999999997,0,11983.319,5587.985,0,0,0,12447.208999999999,0,24338.877999999997,2675.9599999999996,42103.228,3129.921,0,0,20941.83,0,0,79259.688,34794.134,18859.043,11544.599,4559.964,9550.596,36549.228,41764.007,18609.392,0,0,7448.947,4799.597,0,0,0,0,83203.587,0,13534.329,100,100
No Match,None,unmatched,22363,10.584,13.066,100.28750000000001,248.9724,,,,9584.530999999999,0,22821.959,0,0,0,0,21560.378,0,0,0,7660.2699999999995,0,0,30415.649,10814.579,0,0,0,0,0,14258.449,25088.519,46599.988,0,0,29899.359,0,0,9953.904,0,0,47948.258,0,37594.939000000006,0,0,10816.259,0,0,0,0,100,100
No Match,None,unmatched,57607,9.3695,13.189,100.45,248.9719,,,,0,0,0,0,0,0,4868.348,0,0,0,0,0,0,0,19553.289,0,0,0,0,0,0,0,50082.72900000001,0,0,0,0,0,0,0,0,0,13805.909,0,0,0,0,0,0,0,0,0,100,100
No Match,None,unmatched,19033,7.640333333333333,13.114,100.14,248.9723,,,,9059.529,0,6445.492,0,7097.072,0,22658.059,0,0,0,0,0,0,0,0,0,0,0,12957.349,3720.1789999999996,0,0,14654.689,0,11111.619,0,0,0,0,4495.254,0,33417.058,0,9695.176,0,24695.218,0,0,0,0,0,0,100,100
No Match,None,unmatched,21797,8.46325,13.159,100.4725,248.972625,,,,97459.75899999999,0,8839.967,112757.89899999999,105963.699,65833.629,22205.119,120295.398,0,0,0,71914.949,133250.59900000002,84642.949,43010.178,50850.859000000004,50740.499,0,44401.069,39435.309,14372.149,13433.149,35344.098,78363.04800000001,34645.519,60898.948000000004,16256.989,68550.309,0,0,155654.09900000002,0,94043.168,51593.577999999994,16523.399,23898.449,0,53427.518000000004,0,85435.328,0,50828.928,100,100
No Match,None,unmatched,10604,8.9,13.105,100.26666666666667,248.97295,,,,10159.569,0,53131.849,0,16674.989,0,0,0,0,0,0,33033.739,0,15572.488000000001,7409.909,69091.437,0,0,13400.659,0,0,0,37878.418000000005,49082.804000000004,31496.366,10951.878999999999,0,0,10654.458999999999,10511.509,1822.18,11443.421999999999,34804.651,0,0,8104.340999999999,0,21763.698,0,20646.727,0,40693.135,100,100
No Match,None,unmatched,55818,12.344,13.23,101.13,248.9794,,,,0,0,0,0,0,0,0,0,0,0,0,0,0,0,0,0,0,0,0,0,0,0,0,3356.8689999999997,0,0,0,0,0,0,0,0,0,0,0,0,0,1971.582,0,0,0,0,100,100
No Match,None,unmatched,81761,12.436,13.008,99.45,248.9826,,,,0,0,0,0,0,0,0,0,0,0,0,0,0,0,0,0,0,0,0,0,0,0,0,1456.997,0,0,0,0,0,0,0,0,0,0,0,0,0,0,0,0,0,0,100,100
No Match,None,unmatched,38856,3.271,13.139,100.45,248.9831,,,,0,0,0,0,0,0,0,0,0,0,0,0,0,0,0,0,1412.613,0,0,0,2333.145,0,0,0,0,0,0,1497.983,0,0,0,0,0,0,0,0,0,0,0,8238.925,0,0,100,100
No Match,None,unmatched,5296,3.2125000000000004,19.592,149.29,248.99075,,,,9078.161,28002.569,8073.701,14767.359,8377.485,7788.588,27291.989,117226.299,31281.649,28815.209,8073.599,7812.3,9684.123,0,34387.049000000006,25293.789,14173.059,31526.799,0,4572.396,3452.7529999999997,6944.401,14267.639,0,1481.6390000000001,15076.759,0,22181.659,0,0,29999.489,720.9165,24328.349,5801.62,0,1689.506,46020.289000000004,41185.499,123315.199,11572.089,13244.659,35136.389,100,100
No Match,None,unmatched,85101,4.026,20.341,154.98,249.0193,,,,0,0,0,0,0,0,0,1193.44,0,0,0,0,0,0,0,0,0,0,0,0,0,0,0,0,0,0,0,0,0,0,0,0,0,0,0,0,0,0,0,0,0,0,100,100
No Match,None,unmatched,9149,4.134,20.448,156.45,249.02429999999998,,,,0,0,1372.065,0,0,0,0,12183.619,0,0,66328.219,0,0,1583.886,8107.344999999999,4706.8434,619.4371,19172.719,0,0,27606.539,0,0,734.7954,943.2138,0,0,25545.618,0,0,1345.457,0,0,0,14920.419,0,0,11628.449,0,0,27407.889,72592.409,100,100
No Match,None,unmatched,64700,7.623,20.118,153.37,249.033,,,,0,0,0,0,0,0,0,0,0,0,0,0,0,0,0,0,0,0,0,0,0,0,2417.575,0,0,0,7538.257,1008.969,0,0,0,0,0,0,0,0,0,0,0,0,0,0,100,100
No Match,None,unmatched,72609,3.359,19.882,151.58,249.0347,,,,0,0,0,0,954.6584,0,0,0,0,0,0,0,0,0,0,0,0,0,0,0,0,0,0,0,0,0,0,1388.102,0,0,0,0,0,0,0,0,0,0,0,0,0,0,100,100
No Match,None,unmatched,62942,1.026076923076923,19.521,148.8976923076923,249.0446076923077,,,,2624.66,0,27041.529,0,114571.03899999999,174432.028,31293.608,0,32987.643000000004,121850.729,2290.9,3319.1522999999997,32086.106,975.8576,50357.032,74844.36499999999,200206.74800000002,185065.72699999998,114053.286,76478.9264,326214.016,12642.257,437161.86000000004,64242.31199999999,41230.543,5421.3668,0,432349.471,277175.787,212463.238,19998.659,57551.936,18018.839,59547.4435,266292.11100000003,200628.162,56769.703,159966.044,8743.9816,1218.97,323013.87600000005,45579.721999999994,100,100
No Match,None,unmatched,88281,2.0795000000000003,19.518,148.70499999999998,249.04325,,,,0,0,0,0,0,0,0,0,0,0,0,0,1746.763,0,0,0,0,0,1137.608,0,0,0,3414.9717999999993,0,0,0,0,13906.599,0,0,0,0,0,0,1039.733,0,0,0,0,0,0,0,100,100
No Match,None,unmatched,92600,2.856,20.481,156.21,249.0789,,,,0,0,0,0,0,0,0,0,0,0,0,0,0,0,0,0,0,0,0,0,0,0,0,0,0,0,701.5019,0,0,0,0,0,0,0,0,0,0,0,0,0,0,0,100,100
No Match,None,unmatched,88505,11.615,20.425,155.61,249.1176,,,,0,0,961.639,0,0,0,0,0,0,0,0,0,0,0,0,0,0,0,0,0,0,0,0,0,0,0,0,0,0,0,0,0,0,0,0,0,0,0,0,0,0,0,100,100
No Match,None,unmatched,84816,6.70625,18.032,137.8625,249.9509,,,,32508.179,1739.347,15311.219,34729.429000000004,22796.989,0,42940.609000000004,2113.0607,14747.039,35146.589,2808.7380000000003,33658.919,29459.444,6058.920999999999,0,0,0,0,27965.519,0,0,34458.149000000005,0,37730.47900000001,6232.299,0,6573.409799999999,31654.709,0,0,0,0,73184.511,79800.364,21815.709,0,44077.049000000006,0,33996.209,44842.139,1134.653,0,100,100
No Match,None,unmatched,67348,6.849,19.606,149.46,249.9529,,,,0,0,0,0,0,0,0,0,0,0,0,1110.267,0,0,0,0,0,0,0,0,0,0,0,0,0,0,0,0,0,0,0,0,0,1912.686,0,0,0,0,0,0,0,0,100,100
No Match,None,unmatched,75986,5.867,13.145,100.36,249.97463333333334,,,,800.9855,0,0,1619.0465,0,935.0887,2891.4225,597.9115,803.0879,619.9704,918.1027,0,530.7056,0,0,879.9711,0,0,0,0,0,1125.333,0,0,0,0,0,0,0,1012.861,0,0,0,0,0,0,0,0,0,0,0,0,100,100
No Match,None,unmatched,68780,6.677,13.153,100.38,249.9738,,,,0,0,804.1983,0,0,0,0,1163.0720000000001,0,0,855.3526,0,0,0,0,0,0,0,0,0,0,0,0,0,0,0,0,0,0,0,0,0,0,0,0,0,0,0,0,0,0,0,100,100
No Match,None,unmatched,80622,11.375,13.135,100.33999999999999,249.97466666666665,,,,652.722,0,0,906.3622,0,0,3053.6279,0,0,720.4794,905.1800000000001,0,0,0,0,0,0,0,0,0,0,0,0,0,0,0,0,0,0,0,0,0,0,0,0,0,0,0,0,0,0,0,100,100
No Match,None,unmatched,68569,13.158,13.137,100.29,249.9741,,,,0,0,0,679.479,0,0,0,0,0,966.3446,0,0,0,0,0,0,0,0,0,0,0,0,0,0,0,0,0,0,0,0,0,0,0,0,0,0,0,0,0,0,0,0,100,100
No Match,None,unmatched,88023,3.35,13.161,100.44,249.9746,,,,0,0,0,0,0,0,510.13480000000004,0,0,0,0,0,0,0,0,0,0,0,0,0,0,0,0,0,0,0,0,0,0,0,0,0,0,0,0,0,0,0,0,0,0,0,100,100
No Match,None,unmatched,68819,5.656,13.124,100.16,249.9747,,,,0,657.9679,1619.942,0,0,0,0,0,0,0,539.6906,0,0,0,0,0,0,0,0,0,0,0,0,0,0,0,0,0,0,0,0,0,0,0,0,0,0,0,0,0,0,0,100,100
No Match,None,unmatched,93837,14.632,13.118,100.27,249.9787,,,,0,0,0,0,0,0,0,0,0,0,0,0,0,0,0,0,0,0,0,0,0,0,0,0,0,0,0,0,0,0,0,0,0,0,0,0,0,0,0,0,0,0,100,100
No Match,None,unmatched,84653,12.324,20.348,155,250.038,,,,0,0,0,0,0,0,1224.4660000000001,0,0,0,0,0,0,0,0,0,0,0,0,0,0,0,0,0,0,0,0,0,0,0,0,0,0,0,0,0,0,0,0,0,0,0,100,100
No Match,None,unmatched,47522,0.604,20.631,157.35500000000002,250.0464,,,,2799.9626999999996,0,0,0,0,0,0,0,0,0,1198.987,606.9725,0,0,0,0,0,0,0,0,0,0,0,1689.098,0,0,0,2672.3489999999997,0,0,0,4897.958999999999,0,0,1960.743,673.3993,0,1182.538,0,0,0,0,100,100
No Match,None,unmatched,69748,1.026,19.566,149.23,250.0498,,,,0,0,0,0,0,0,0,0,0,0,0,0,0,0,0,0,0,0,0,0,0,0,0,0,0,0,0,0,0,0,0,0,0,0,0,0,0,0,0,0,0,0,100,100
No Match,None,unmatched,70831,11.895,20.369,155.33,250.0726,,,,0,0,0,0,0,0,0,0,0,0,0,0,0,0,0,0,0,0,0,0,0,0,0,0,0,0,2550.9869999999996,0,0,0,0,0,0,0,0,0,0,0,0,0,0,0,100,100
No Match,None,unmatched,78962,3.911,20.63,157.3,250.0778,,,,0,0,0,0,0,0,0,0,0,0,0,0,0,0,0,0,0,0,0,0,0,0,1698.053,0,0,0,0,0,0,0,0,0,0,0,0,0,0,0,0,0,0,0,100,100
No Match,None,unmatched,66711,0.658,20.033,152.77,250.0786,,,,0,0,0,0,0,0,0,0,0,0,0,0,0,0,0,0,0,0,0,0,0,0,0,0,1609.826,0,0,0,0,0,0,0,0,0,784.6763,0,725.7981,0,0,0,0,0,100,100
No Match,None,unmatched,31543,0.512,20.037,152.76,250.0815,,,,0,0,0,0,0,4102.956999999999,0,0,0,2858.6949999999997,0,0,0,0,1811.1200000000001,0,0,0,1014.1890000000001,0,0,0,0,0,836.25,0,0,0,2319.9429999999998,0,0,0,0,0,0,0,0,0,0,0,2638.736,6215.174,100,100
No Match,None,unmatched,11492,3.26,18.19,138.595,250.90300000000002,,,,8450.71,2599.0989999999997,24089.519,20188.019,3499.019,0,0,4777.62,6114.813999999999,0,0,9731.922999999999,0,13739.259,0,0,0,1372.577,0,0,0,2711.944,0,9549.812,0,0,0,0,0,0,0,7828.44,7727.657,4394.473,3970.6719999999996,0,14243.409,0,21542.939,20967.579,0,0,100,100
No Match,None,unmatched,90920,0.821,19.165,145.95499999999998,250.9689,,,,0,0,0,0,0,0,0,0,0,0,0,0,0,0,0,0,0,0,0,0,0,0,0,0,0,1838.8046,0,0,0,0,0,0,0,0,0,0,0,0,0,0,0,0,100,100
No Match,None,unmatched,44083,12.856,20.181,153.84,250.9761,,,,0,0,0,0,1538.148,0,0,0,0,0,0,0,0,0,0,0,0,0,0,0,0,1089.93,0,1654.971,0,0,1392.383,0,0,0,0,0,0,0,2489.765,0,0,0,1800.343,0,0,0,100,100
No Match,None,unmatched,14501,6.784000000000001,16.454,125.25999999999999,250.99615,,,,2169.4379999999996,2881.276,931.6241,0,2877.749,1981.872,3237.1169999999997,3844.707,937.9494,4708.715999999999,3291.336,0,2356.5269999999996,3455.542,3219.837,3857.682,4053.419,2444.0281,2113.388,1675.357,4487.161999999999,0,0,3596.3309999999997,0,4690.164,2752.149,1651.237,5166.781,3356.216,2878.3909999999996,3598.134,3529.198,2246.337,1482.452,6710.077,4845.153,5967.59,865.2098,1109.031,3873.689,4742.496999999999,100,100
No Match,None,unmatched,40319,1.138,19.506,148.7,251.0065,,,,0,0,840.441,0,0,0,0,0,0,0,0,0,0,0,0,1527.472,0,0,0,0,0,0,0,0,0,0,0,0,0,0,9213.589,0,0,0,0,0,0,0,0,0,0,0,100,100
No Match,None,unmatched,87646,12.985,20.32,155.195,251.0236,,,,0,0,0,0,0,0,0,0,0,0,0,0,0,0,1813.996,0,1134.95,0,0,0,1338.402,0,3381.3579999999997,0,0,1558.26,0,0,0,0,0,0,1079.24,0,0,7672.1135,4391.174,0,0,0,0,0,100,100
No Match,None,unmatched,77995,0.687,19.594,149.33,251.0565,,,,0,0,0,0,0,0,0,0,0,605.5022,0,0,0,0,0,0,0,0,0,0,0,0,0,0,0,0,0,0,0,0,0,1184.626,0,0,0,0,0,0,0,0,0,0,100,100
No Match,None,unmatched,49665,3.652,20.692,157.66,251.0723,,,,0,0,0,888.1357,0,0,0,1087.939,0,1917.14,0,0,0,0,0,0,0,1152.692,0,0,0,0,0,0,0,0,0,0,651.9324,0,0,0,0,0,0,0,0,0,0,1642.402,0,0,100,100
No Match,None,unmatched,68158,3.6500000000000004,20.478,156.075,251.09285,,,,0,940.0378000000001,0,0,0,0,0,0,0,0,1428.184,0,0,0,0,0,0,0,0,0,0,0,0,0,0,0,0,0,0,0,0,4972.805,0,0,0,0,0,0,0,0,0,0,100,100
No Match,None,unmatched,86626,7.401,20.655,157.3,251.0938,,,,0,0,0,0,0,0,0,0,0,0,0,1084.41,0,0,0,0,0,0,0,0,0,0,0,0,0,0,0,0,0,0,0,0,0,0,0,0,0,0,0,0,0,0,100,100
No Match,None,unmatched,7335,4.73,20.489,156.19,251.0945,,,,0,0,0,0,0,0,0,0,0,1862.46,3677.4869999999996,0,0,0,34070.439000000006,11850.729,19946.159,15758.458999999999,0,24878.159,46753.009000000005,0,0,0,3713.615,0,6505.6669999999995,0,71750.849,27649.019,23371.379,6264.809,0,6858.791,20118.549,20384.899,0,49547.389,0,0,23237.429,22053.299,100,100
No Match,None,unmatched,42279,2.716,19.954,152.14,251.0953,,,,0,0,0,0,0,0,0,0,0,0,0,0,0,0,0,0,0,0,0,0,0,0,10366.109,0,0,0,0,0,0,0,0,664.0852,0,0,0,0,0,0,0,0,0,0,100,100
No Match,None,unmatched,10410,9.977,18.27,139.27,251.8952,,,,3763.046,8884.932,0,8906.731,2930.4959999999996,0,10657.109,10417.878999999999,4766.5869999999995,2327.089,7553.0419999999995,0,6347.849999999999,9146.675,0,0,0,0,12893.079,0,0,9627.118,8418.68,8860.09,2760.718,14826.729,18031.649,15639.449,0,0,0,3847.5809999999997,12660.128999999999,954.2860000000001,24790.559,0,5419.599,0,9655.435,0,0,0,100,100
No Match,None,unmatched,61055,6.6739999999999995,18.037,137.74666666666667,251.9487333333333,,,,0,0,0,0,0,0,0,0,0,952.2995000000001,0,0,0,0,0,0,0,0,0,0,0,0,0,0,0,0,0,0,0,1174.079,0,0,0,79433.177,1367.523,0,2195.1639999999998,0,2240.394,5346.885,0,1261.199,100,100
No Match,None,unmatched,61694,6.832,19.668,149.94,251.9495,,,,0,0,0,0,0,0,0,0,0,0,0,0,0,0,0,0,0,0,0,0,0,0,0,0,0,0,0,0,0,0,0,0,2813.52,0,0,0,0,0,0,1170.663,0,0,100,100
No Match,None,unmatched,65936,0.6060000000000001,18.528,141.32,251.96015,,,,1543.964,0,4396.196,2523.1429999999996,1512.317,1229.325,0,0,4598.081999999999,2515.442,0,0,5580.227,2320.02,0,3003.9519999999998,1314.7250000000001,3342.7119999999995,2791.3529999999996,0,3730.3399999999997,2834.805,0,2133.848,0,0,0,781.1985,1092.729,2620.5759,815.825,0,0,1450.325,0,3479.7709999999997,0,2519.3729999999996,0,3793.4179999999997,0,0,100,100
No Match,None,unmatched,10950,6.285,18.362,139.97,251.967,,,,0,13256.679,0,0,4552.552,0,0,3682.761,0,18984.119,3187.8219999999997,0,0,0,0,0,0,0,0,0,0,0,0,0,5229.267,79173.599,55665.72900000001,13860.909,0,0,0,0,0,1802.838,1527.808,0,0,0,1774.612,0,0,0,100,100
No Match,None,unmatched,12750,9.037,18.587,141.66,251.9672,,,,0,0,0,14484.869,0,0,30093.249,0,7432.547,0,1896.767,0,3678.096,0,0,0,0,0,0,0,0,577.5387000000001,0,6598.956999999999,0,0,2126.0299999999997,0,0,0,0,0,0,0,0,0,41039.079000000005,0,0,40601.379,0,0,100,100
No Match,None,unmatched,65308,7.412,20.741,158.09,252.0912,,,,0,0,0,0,0,0,0,0,0,0,0,0,0,0,0,0,0,0,0,0,0,0,0,0,0,0,0,0,0,0,0,0,0,0,0,0,0,3329.7819999999997,0,0,0,0,100,100
No Match,None,unmatched,83079,10.496,20.614,157.12,252.0919,,,,0,0,0,0,0,0,0,0,0,0,0,0,0,0,0,0,1351.226,0,0,0,0,0,0,0,0,0,0,0,0,0,0,0,0,0,0,0,0,0,0,0,0,0,100,100
No Match,None,unmatched,84857,4.757,20.528,156.47,252.0982,,,,0,0,0,0,0,0,0,0,0,0,0,0,0,0,0,0,0,0,0,0,1209.919,0,0,0,0,0,0,0,0,0,0,0,0,0,0,0,0,0,0,0,0,0,100,100
No Match,None,unmatched,89591,3.263,18.26,139.23,252.9015,,,,0,0,0,0,0,0,0,0,0,0,0,0,0,0,0,0,0,0,0,0,0,0,0,0,0,0,0,892.0732,0,0,0,0,0,0,0,0,0,0,0,0,0,0,100,100
No Match,None,unmatched,83382,6.313,18.378,140.12,252.9703,,,,0,0,0,0,0,0,0,0,0,0,0,0,0,0,0,0,0,0,0,0,0,0,0,0,0,0,0,0,0,0,0,0,0,0,0,0,0,0,0,0,0,0,100,100
No Match,None,unmatched,61243,2.0255,20.075,152.45499999999998,253.05849999999998,,,,0,0,0,0,0,0,0,0,0,0,0,0,0,0,0,0,0,0,0,0,0,0,0,0,0,0,0,1519.603,0,0,0,0,0,3068.6376,0,0,0,0,0,0,0,0,100,100
No Match,None,unmatched,59690,2.7635,19.858,151.425,253.0716,,,,0,0,0,0,0,0,0,0,0,0,0,0,0,0,0,0,0,0,0,0,0,0,0,0,0,5253.749,0,0,0,0,0,0,0,0,0,0,0,0,0,0,0,0,100,100
No Match,None,unmatched,70973,1.244,20.277,153.37,253.07385,,,,0,0,0,0,0,0,0,0,0,0,0,0,0,2533.736,0,0,0,0,0,0,0,0,19398.269,0,2944.2259999999997,0,0,0,0,0,0,32144.559,0,13387.069,0,0,0,0,0,0,0,0,100,100
No Match,None,unmatched,40716,1.5785,20.482,157.22500000000002,253.10829999999999,,,,13979.569,5420.986,7866.012,24412.139,0,0,13406.669,0,5252.028,0,0,0,9919.071,6652.677,0,0,1199.526,4678.126,0,0,0,44839.269,0,0,0,12098.128999999999,0,0,0,0,0,0,12486.759,0,0,1223.654,39623.939000000006,0,45577.15900000001,19538.199,0,683.3904,100,100
No Match,None,unmatched,34648,2.834,20.547,156.58,253.1085,,,,0,0,0,0,0,0,0,0,0,0,0,0,0,0,0,0,0,0,0,0,0,0,0,0,0,17632.989,0,0,0,0,0,0,0,0,0,0,0,0,0,0,0,0,100,100
No Match,None,unmatched,87865,1.753,20.552,156.62,253.1116,,,,0,0,0,0,0,0,0,0,0,0,0,0,0,0,0,0,0,0,0,0,0,0,0,0,0,0,0,0,0,0,0,0,0,0,0,0,0,0,0,0,0,0,100,100
No Match,None,unmatched,27219,9.983,18.266,139.17,253.8923,,,,0,0,2576.557,0,6823.9529999999995,0,0,0,0,7874.802,0,0,0,0,0,0,0,0,0,0,0,0,0,0,10008.079,0,0,0,0,0,0,0,0,0,0,0,1521.8120000000001,0,0,1283.453,0,0,100,100
No Match,None,unmatched,48044,0.542,18.513,141,253.9586,,,,4354.545999999999,0,0,0,0,0,1478.361,0,0,0,0,1456.83,0,0,0,719.4917,0,0,0,0,0,0,0,0,0,0,0,0,0,0,0,0,0,0,0,0,0,0,0,0,0,0,100,100
No Match,None,unmatched,92356,0.531,18.569,141.55,253.9634,,,,0,0,0,0,0,0,0,0,0,0,0,0,0,0,0,0,0,0,0,0,0,0,0,0,0,0,0,0,0,0,0,0,0,0,0,0,0,0,0,0,0,718.029,100,100
No Match,None,unmatched,16677,6.299,18.345,139.79,253.9648,,,,0,0,0,0,0,0,0,0,0,0,1814.257,0,0,0,0,0,0,0,0,0,0,0,0,0,0,83875.079,0,0,0,0,0,528.3381,0,0,0,0,0,0,0,0,0,0,100,100
No Match,None,unmatched,57154,3.137,20.73,157.94,254.0943,,,,0,0,0,0,0,0,0,0,0,0,0,0,0,0,0,0,0,0,0,0,0,0,4977.482,0,0,0,0,0,0,0,0,0,0,0,0,0,0,0,0,0,0,0,100,100
No Match,None,unmatched,72422,7.818,17.955,136.86,254.9026,,,,0,0,0,0,0,0,0,0,0,0,0,0,0,0,0,0,0,0,0,0,0,0,0,0,0,0,1628.228,0,0,0,0,0,0,0,734.9245000000001,0,0,0,0,0,0,0,100,100
No Match,None,unmatched,36614,0.665,19.308,147.07,255.0004,,,,0,0,0,0,1109.488,0,0,0,0,0,0,0,0,0,0,0,0,0,0,0,0,0,0,0,0,0,0,9733.288,0,0,0,0,0,4768.139,0,0,0,0,0,0,0,0,100,100
No Match,None,unmatched,50555,3.355,20.504,156.19,255.0426,,,,0,0,0,0,0,0,0,0,0,0,0,0,0,0,0,0,0,0,0,0,0,0,0,0,0,7008.754,0,0,0,0,0,0,0,0,0,0,0,0,0,0,0,0,100,100
No Match,None,unmatched,54107,2.253,20.585,156.72,255.0501,,,,0,0,0,0,0,0,0,0,0,0,890.3107,0,0,0,0,0,0,0,0,0,0,0,0,0,0,0,0,0,0,0,0,4917.898999999999,0,0,0,0,0,0,0,0,0,0,100,100
No Match,None,unmatched,25774,2.299,20.555,156.54,255.0528,,,,0,10531.449,0,0,0,0,0,0,0,0,0,0,0,0,0,0,0,0,0,0,0,0,2811.6429999999996,0,0,0,10939.409,0,0,0,0,9509.862,0,0,0,0,0,0,0,0,0,0,100,100
No Match,None,unmatched,47210,3.379,20.825,158.56,255.0868,,,,0,0,0,0,0,0,0,0,0,1195.809,1772.329,0,0,0,0,0,0,0,0,0,0,0,1527.3890000000001,0,1182.625,0,0,2718.2909999999997,0,0,0,0,0,0,0,0,0,0,0,0,0,0,100,100
No Match,None,unmatched,24880,3.013,20.088,153.32333333333335,255.08810000000003,,,,0,0,0,0,0,0,0,0,0,0,0,0,0,0,0,0,0,0,0,0,0,0,0,0,0,42944.4568,0,0,0,0,0,0,0,0,0,0,0,0,0,0,0,0,100,100
No Match,None,unmatched,11493,0.811,20.041,152.61,255.0878,,,,12475.539,0,4059.122,12533.689,0,2849.486,11427.659,0,7973.964,0,0,9639.011,10989.059,17464.769,2600.3759999999997,0,3173.879,2283.5319999999997,0,1520.828,0,18524.889,0,0,0,0,0,0,994.7604,2965.683,2722.5899999999997,0,6953.596,0,0,0,15430.919,0,14136.619,12424.048999999999,5281.5419999999995,6172.085,100,100
No Match,None,unmatched,80260,14.039,20.773,158.23,255.1049,,,,0,0,0,0,0,0,0,0,0,0,0,0,0,0,0,0,1059.624,524.5483,0,0,0,0,0,0,0,0,0,0,0,0,0,0,0,0,0,0,0,0,0,0,0,0,100,100
No Match,None,unmatched,9286,6.63,20.247,154.13,255.105,,,,25939.799,0,8432.82,33839.629,0,0,35146.389,0,26783.979,0,0,4110.342,57432.069,14360.769,0,0,0,0,0,0,0,0,0,0,0,0,0,0,0,0,0,0,9450.355,0,0,0,31353.159,0,4879.817,28210.599,0,0,100,100
No Match,None,unmatched,59854,9.995,18.295,139.34,255.8902,,,,0,0,0,0,1727.41,0,0,0,0,0,0,0,0,0,0,0,0,0,2630.3199999999997,0,0,0,0,0,0,0,0,0,0,0,0,0,0,0,0,0,0,0,0,0,0,0,100,100
No Match,None,unmatched,93590,0.536,18.572,141.36,255.9586,,,,0,0,0,0,0,0,0,0,621.3891,0,0,0,0,0,0,0,0,0,0,0,0,0,0,0,0,0,0,0,0,0,0,0,0,0,0,0,0,0,0,0,0,0,100,100
No Match,None,unmatched,93229,1.647,19.814,150.77,256.0424,,,,0,0,0,0,0,0,0,0,0,0,0,0,0,0,0,0,0,0,0,0,0,0,0,0,0,0,0,0,0,0,0,0,0,0,0,0,0,0,0,0,0,0,100,100
No Match,None,unmatched,71859,3.658,20.798,158.29,256.0637,,,,0,688.9946,0,0,0,0,0,0,0,0,0,0,0,0,0,0,0,0,0,0,0,0,0,0,0,0,0,0,0,0,0,1267.758,0,0,0,0,0,0,0,0,0,0,100,100
No Match,None,unmatched,3470,0.575,20.616,156.89999999999998,256.09435,,,,63504.569,35854.87100000001,52591.219000000005,44114.709,59582.509000000005,33011.019,48322.619000000006,77733.878,44644.15900000001,50800.939000000006,56749.918000000005,71165.699,55940.269,62653.349,16096.489,20877.666,26283.747000000003,27711.469999999998,45012.669,9853.476999999999,16637.918999999998,45629.769,31277.149,56283.856,42944.449,46910.009000000005,48517.90900000001,33381.749,19532.857200000002,25653.579,12417.029,67978.478,63461.019,42416.987,84179.689,32231.319,52237.019,26762.909,37467.819,31089.059,14921.679,10968.179,100,100
No Match,None,unmatched,11697,10.541,20.131,153.265,256.108,,,,3328.3199999999997,0,17050.999,1302.424,3638.323,0,2825.303,11040.249,3851.0099999999998,0,3241.979,0,1399.531,10338.719,0,4734.538,0,3309.276,2046.357,0,0,1896.405,9026.354,8466.301,0,0,4178.129,19554.289,5129.907999999999,0,0,11674.979,33949.72900000001,0,18497.889,0,6778.415,0,1793.785,0,0,0,100,100
No Match,None,unmatched,90271,7.804,17.982,136.86,256.8987,,,,0,0,0,0,0,0,848.5864,0,0,0,0,0,0,0,0,0,0,0,0,0,0,0,0,0,0,0,0,0,0,0,0,0,0,0,0,0,0,0,0,0,0,0,100,100
No Match,None,unmatched,7193,0.593,19.459,148.13,257.0169,,,,0,0,0,0,104912.999,0,0,0,0,63622.47900000001,0,0,0,0,0,0,0,0,0,0,0,0,0,0,0,0,0,154699.69900000002,0,0,0,0,0,132585.499,0,0,0,0,0,0,0,0,100,100
No Match,None,unmatched,80753,1.653,19.72,150.11,257.0331,,,,0,0,0,0,0,0,0,0,0,0,0,0,0,0,0,0,0,0,0,0,0,0,0,0,0,0,0,0,0,0,0,0,0,0,0,0,0,0,0,0,0,0,100,100
No Match,None,unmatched,82146,1.208,19.356,147.43,257.0369,,,,0,0,0,0,0,0,0,0,0,0,0,0,0,0,0,0,0,0,0,0,0,0,0,0,0,0,0,0,0,0,0,0,0,0,0,0,0,0,0,0,0,0,100,100
No Match,None,unmatched,88783,3.365,20.609,156.93,257.0377,,,,0,0,0,0,0,0,0,0,0,0,0,0,0,0,0,0,0,0,0,0,0,0,0,0,0,944.2589,0,0,0,0,0,0,0,0,0,0,0,0,0,0,0,0,100,100
No Match,None,unmatched,95367,6.208500000000001,20.536,156.3,257.04885,,,,0,0,0,0,0,0,0,0,0,0,0,0,0,0,0,0,0,0,0,0,0,0,5825.491,0,0,0,0,13954.649,0,0,0,5531.339,0,5205.464,0,0,0,0,0,0,0,0,100,100
No Match,None,unmatched,81050,1.727,20.077,152.89,257.0701,,,,0,0,0,0,0,0,0,0,0,0,0,0,0,0,0,0,0,0,0,0,0,0,1517.101,0,0,0,0,0,0,0,0,0,0,0,0,0,0,0,0,0,0,0,100,100
No Match,None,unmatched,73896,0.555,20.694,157.58,257.0767,,,,0,0,0,0,0,0,0,0,0,0,0,0,0,0,0,0,0,0,0,0,0,0,0,0,0,0,0,0,0,0,0,0,0,0,2196.473,0,0,0,0,0,0,0,100,100
No Match,None,unmatched,68324,5.618,20.864,158.87,257.0824,,,,0,0,0,0,0,0,0,0,0,0,0,0,0,0,0,0,0,0,0,0,0,0,0,0,0,0,2885.3639999999996,0,0,0,0,0,0,0,0,0,0,0,0,0,0,0,100,100
No Match,None,unmatched,61713,0.609,20.624,157.04,257.0835,,,,0,0,0,0,0,0,0,0,0,0,0,0,0,0,0,0,0,0,0,0,0,0,0,0,0,0,3980.7479999999996,0,0,0,0,0,0,0,0,0,0,0,0,0,0,0,100,100
No Match,None,unmatched,14106,3.908,20.595,156.81,257.0849,,,,0,0,0,0,0,4305.089,0,0,0,0,0,0,0,0,7810.505999999999,2703.5229999999997,9357.098,1708.803,0,9620.601,13015.179,0,0,0,0,0,0,0,27717.079,0,7984.224999999999,0,0,0,3816.526,3309.546,0,14215.069,0,0,3807.761,12156.979,100,100
No Match,None,unmatched,29986,1.573,20.409,155.38,257.1039,,,,0,0,0,0,0,0,0,0,0,2913.375,0,0,0,0,0,0,0,0,0,0,0,0,0,0,0,0,0,8468.169,0,0,0,1504.332,0,11075.339,0,0,0,0,0,0,0,0,100,100
No Match,None,unmatched,4786,11.052666666666667,20.403,154.88000000000002,257.1157666666666,,,,32395.917999999998,23802.817,70325.978,29025.146999999997,26863.838,0,33140.994,22965.987999999998,46130.258,10483.003999999999,23929.976,13518.989999999998,8602.395999999999,81045.43800000001,20637.886,32445.338000000003,8358.975999999999,34122.499,35606.907999999996,15964.229,25303.667999999998,79267.198,80073.23800000001,91180.878,19167.945,27998.368000000002,62478.96800000001,95785.718,41765.228,15929.034,8558.833999999999,65839.76800000001,138652.678,1829.801,94425.628,33076.408,58784.988,12916.256,91972.808,0,24592.097999999998,0,100,100
No Match,None,unmatched,93832,6.843,20.775,158.03,257.1178,,,,0,0,0,0,0,0,0,0,0,0,0,0,602.3954,0,0,0,0,0,0,0,0,0,0,0,0,0,0,0,0,0,0,0,0,0,0,0,0,0,0,0,0,0,100,100
No Match,None,unmatched,26325,11.128250000000001,13.27,101.03750000000001,257.935625,,,,8858.461,6458.143,13872.396,27470.961999999996,0,8898.085,15438.859999999999,22181.415999999997,5218.085,6632.107,8554.201,15049.911,20631.547,10845.349,0,15403.933,4524.678,3572.0179999999996,0,4591.669,7039.795999999999,4869.482,0,0,0,0,94423.56899999999,2170.9719999999998,0,0,5216.547,5436.682,4357.697,0,0,7550.759,4703.153,0,0,8659.431,0,0,100,100
No Match,None,unmatched,25180,12.043,13.262,101.13,257.9345,,,,0,0,0,3533.2309999999998,0,4312.907,5520.949,0,0,0,0,5370.246,0,0,0,0,0,0,0,4837.1269999999995,0,0,0,0,0,0,0,0,0,0,0,1158.3890000000001,5392.956999999999,0,5409.882,0,0,0,0,0,0,0,100,100
No Match,None,unmatched,24838,11.200800000000001,13.262,100.986,257.9369,,,,16432.567,13901.382,31624.14,62332.882000000005,13284.153,2997.8269999999998,24849.642999999996,24142.862999999998,2251.8469999999998,8479.336,6902.25,1143.749,17195.319,3424.0449999999996,0,11349.999,14193.659,0,0,4363.952,0,0,0,0,0,0,66582.757,10629.377999999999,0,0,0,22629.929,0,0,20891.499,8138.452,6202.65,31411.354,0,20460.022999999997,12163.628,10858.046,100,100
No Match,None,unmatched,20115,9.834047619047618,13.231,100.88,257.93779047619046,,,,44786.611000000004,33876.428,51498.776,30052.205,59152.558,32630.281999999996,42064.965,42567.46000000001,33330.712,57141.477,59365.304,51478.388999999996,59064.297000000006,67024.10200000001,33047.499,9933.83,18848.465,7685.612,15678.612,63789.746999999996,0,0,51423.064,31016.558,13498.95,46350.65700000001,158013.771,20116.927,0,78487.06400000001,23232.218,42697.284999999996,30504.639,37501.944,40693.528,32246.28,52111.67199999999,1204.692,30696.877999999997,11802.699,24673.188,102230.881,100,100
No Match,None,unmatched,19558,8.459399999999999,13.253,100.90866666666668,257.93802666666664,,,,5371.839,26779.929,27274.720999999998,11260.738000000001,2899.5939999999996,5701.103,32185.97,3373.08,0,17568.368000000002,25089.498,30500.647,29903.571000000004,10602.972,6224.924,29673.528,25530.868000000002,0,5744.693,4082.9069999999997,4998.812,26474.69,8722.353,15647.697999999999,0,7630.57,63359.077000000005,14640.025,0,105656.91799999999,0,0,15155.034,0,60691.92199999999,12396.565999999999,31592.549,0,13492.409,6230.442,23811.259,42597.13,100,100
No Match,None,unmatched,43398,7.84416129,13.248,100.8990322580645,257.93778064516124,,,,43106.487,104643.742,96746.343,64883.102,127123.108,90918.367,155592.435,74637.864,96963.522,58569.416000000005,168535.77999999997,84278.986,115157.188,96672.07500000001,97893.888,101516.24200000001,35658.331,38353.087,59987.773,105427.442,21876.636,85136.811,90888.75699999998,76499.018,37238.328,24744.586,136280.021,21722.512000000002,19837.207,64106.78200000001,88261.438,64426.729,75753.97200000001,17505.761,39453.7104,40189.835999999996,46983.667,0,122866.45000000001,53819.12900000001,64830.412,139056.17100000003,100,100
No Match,None,unmatched,12699,7.069714285714285,13.234,100.98428571428572,257.93751428571426,,,,14148.579,42536.26699999999,7306.3279999999995,12789.679,15461.849,5472.786,35224.405,11128.431,20043.492,8829.113,0,0,4864.248,0,11143.989,13132.809,1622.194,8929.396999999999,35914.478,5438.5419999999995,0,24240.958,18496.849,0,2131.0679999999998,0,28928.89,16777.001,0,29093.571,0,11033.469,0,0,8141.009,10922.739,10698.509,0,10185.999,0,25352.057999999997,0,100,100
No Match,None,unmatched,15622,8.7345,13.233,100.965,257.9374,,,,0,0,0,13204.889,41055.618,8683.523,12253.059,17045.809,0,7680.438,0,3379.843,0,30718.813,9463.784,0,0,0,1526.705,0,0,12949.429,5856.857,0,0,0,20111.629,0,0,0,10680.329,3159.7329999999997,0,0,0,12771.789,0,0,12153.749,10807.519,0,0,100,100
No Match,None,unmatched,32972,3.19575,13.235,100.91499999999999,257.93820000000005,,,,0,8866.244,0,0,3366.27,0,3697.4026,0,4202.8369999999995,14331.621,0,0,10646.006,3542.033,0,0,0,0,8335.466,2684.2909999999997,0,0,3508.455,0,0,0,4381.017,1727.407,0,0,0,0,0,0,0,0,0,0,0,0,0,0,100,100
No Match,None,unmatched,8222,8.373866666666666,13.228,100.91866666666667,257.9382333333334,,,,29259.185999999998,132212.512,71110.552,65788.0988,71596.773,51376.178,147063.60600000003,53193.865999999995,78515.413,97381.371,110159.234,70777.267,62693.710999999996,48053.809,17604.602,84054.477,52519.136,12297.939,41545.373999999996,10363.046,10275.359,30013.570999999996,50985.16100000001,44645.537,7639.236,20645.009,19090.145,33510.476,56590.50399999999,59252.378,18547.041999999998,19450.402000000002,61983.8,46760.581,31368.458999999995,78871.609,7430.691,18801.46,39465.799999999996,43771.00399999999,88399.401,33274.868,100,100
No Match,None,unmatched,23561,9.1438,13.241,100.90400000000001,257.9381,,,,0,0,16363.844,25565.909,60230.916,9784.557999999999,26713.242,9961.722,45651.769,74724.027,0,0,18217.154,31943.909,36192.029,15857.884999999998,11167.896999999999,64633.627,34170.941999999995,0,0,15919.679,5361.331,0,36129.019,33615.419,69802.907,42960.879,39500.089,0,37513.596,23323.609,20310.037,0,0,0,37140.429000000004,31092.069,46502.054000000004,40975.873,0,69074.748,100,100
No Match,None,unmatched,19207,7.170272727272728,13.246,100.91636363636363,257.93835454545456,,,,0,106437.35199999998,31669.655,15994.404,51604.54600000001,28628.466,70610.92700000001,14462.935999999998,87976.63100000001,63680.735,46660.655,58536.87800000001,0,10023.789,76627.46299999999,78122.416,40697.11,55114.445,46198.419,91050.948,7912.205,34252.009000000005,81913.262,44646.301,0,0,70259.416,57316.652,24475.749,44698.308,33855.78,26941.858,10797.759,63104.03300000001,36331.418000000005,0,45926.879,0,89662.777,25076.826,36044.783,63586.786,100,100
No Match,None,unmatched,48642,6.324,13.249,101.11,257.9391,,,,0,0,0,0,0,0,0,0,0,0,0,0,0,0,0,0,0,0,0,3708.011,0,0,0,0,0,0,0,4048.7639999999997,0,0,0,0,0,0,0,0,0,0,0,0,0,0,100,100
No Match,None,unmatched,87962,0.642,19.333,147.07,257.9556,,,,0,0,0,0,0,0,0,995.1209,0,0,0,0,0,0,0,0,0,0,0,0,0,0,0,0,0,0,0,0,0,0,0,0,0,0,0,0,0,0,0,0,0,0,100,100
No Match,None,unmatched,23677,2.2858,20.148,153.308,257.99056,,,,37248.419,14438.798999999999,16387.449,12566.128499999999,51555.079000000005,0,12596.029,30362.339,4768.115,52935.90900000001,46517.929000000004,9060.451,10356.969,16763.199,0,0,0,0,37204.319,0,730.8098,18606.737999999998,16048.907,32128.939,31573.680999999997,40537.528999999995,24326.485999999997,43377.039000000004,0,0,0,44169.029,32287.958,57250.189000000006,31074.499,0,14287.314999999999,0,26590.479999999996,27014.069,867.2723,933.08,100,100
No Match,None,unmatched,90037,2.29,20.124,153.23,257.9959,,,,0,0,0,0,0,0,0,0,0,0,0,0,0,0,0,0,0,0,0,0,0,0,0,0,0,0,0,0,0,0,0,0,0,0,0,866.1331,0,0,0,0,0,0,100,100
No Match,None,unmatched,95343,1.7744,19.678,150.488,258.0079400000001,,,,0,66821.168,0,0,0,0,0,0,0,0,14281.162,0,0,0,0,0,0,0,0,0,0,0,3347.923,0,3986.075,0,6246.563999999999,0,0,0,0,16873.332,769.3059000000001,0,0,0,0,0,0,0,0,0,100,100
No Match,None,unmatched,4181,2.81775,20.254,156.16625,258.0087,,,,5130.983,263003.477,49297.529,0,0,0,0,1535.671,0,1539.662,282195.095,15116.279,0,6034.737,8807.600999999999,0,5418.215,0,0,0,0,0,214048.66400000002,0,112938.197,56991.379,223018.55900000004,1032.538,0,0,0,258552.44900000002,11168.932999999999,0,9974.663,0,0,5795.9439999999995,5056.733,0,0,0,100,100
No Match,None,unmatched,59862,0.898,20.922,159.27,258.0454,,,,0,0,0,0,0,0,0,0,0,0,0,0,0,0,0,0,0,0,0,0,0,0,0,0,0,0,0,0,0,0,0,0,0,0,0,0,3829.256,0,0,0,0,0,100,100
No Match,None,unmatched,88124,3.304,20.73,157.65,258.0838,,,,0,0,0,0,0,0,0,0,0,0,986.2399,0,0,0,0,0,0,0,0,0,0,0,0,0,0,0,0,0,0,0,0,0,0,0,0,0,0,0,0,0,0,0,100,100
No Match,None,unmatched,78824,3.914,20.435,155.58,258.0886,,,,0,0,0,0,0,0,0,0,0,0,0,0,0,0,0,0,0,0,0,0,0,0,0,0,0,0,0,0,1710.9560000000001,0,0,0,0,0,0,0,0,0,0,0,0,0,100,100
No Match,None,unmatched,66568,2.693,20.371,155.04,258.1034,,,,1304.619,0,0,0,0,0,0,0,0,0,0,0,0,0,0,0,0,0,0,0,0,665.4557,0,0,0,0,0,0,0,0,0,0,0,1172.358,0,0,0,0,0,0,0,0,100,100
No Match,None,unmatched,78220,2.292,20.343,154.69,259.0075,,,,0,0,0,0,0,0,0,0,0,1768.83,0,0,0,0,0,0,0,0,0,0,0,0,0,0,0,0,0,0,0,0,0,0,0,0,0,0,0,0,0,0,0,0,100,100
No Match,None,unmatched,84899,0.63,19.479,148.15,259.0123,,,,0,0,0,0,0,0,0,0,0,0,0,0,0,0,0,0,0,0,0,0,0,0,0,0,0,0,0,0,0,0,0,0,0,0,0,0,0,0,0,0,0,0,100,100
No Match,None,unmatched,71435,1.524,20.259,154.22,259.013,,,,0,0,0,0,0,0,0,0,0,0,0,0,0,0,0,0,0,0,0,0,0,0,0,0,0,0,0,0,0,0,0,0,0,0,0,0,0,0,0,0,0,0,100,100
No Match,None,unmatched,14687,2.358,20.398,155.21,259.0132,,,,0,0,0,0,27027.349,0,0,0,0,1649.473,0,0,0,0,0,0,0,0,2371.669,0,0,0,41507.619000000006,0,0,0,0,38753.699,0,0,0,0,0,0,0,0,0,0,0,0,0,0,100,100
No Match,None,unmatched,75846,0.562,19.476,148.28,259.0169,,,,0,0,0,0,0,0,0,0,0,0,0,0,0,0,0,0,0,0,0,0,0,0,0,0,0,0,0,0,0,0,0,0,0,0,0,0,0,0,0,0,0,0,100,100
No Match,None,unmatched,14916,3.1765,20.911,159.04000000000002,259.05965000000003,,,,5995.657,0,3752.281,4663.597,0,0,8723.516,8071.001,2555.08,0,0,1502.3990000000001,1188.737,2709.7659999999996,0,0,0,510.7868,0,0,0,2988.798,0,0,0,0,0,0,0,0,0,0,9220.93,0,0,0,9679.505,0,22836.749,24819.539,0,0,100,100
No Match,None,unmatched,91768,5.984,20.187,153.51,259.0892,,,,0,0,0,758.3401,0,0,0,0,0,0,0,0,0,0,0,0,0,0,0,0,0,0,0,0,0,0,0,0,0,0,0,0,0,0,0,0,0,0,0,0,0,0,100,100
No Match,None,unmatched,85512,2.546,20.351,154.75,259.1071,,,,0,0,1162.42,0,0,0,0,0,0,0,0,0,0,0,0,0,0,0,0,0,0,0,0,0,0,0,0,0,0,0,0,0,0,0,0,0,0,0,0,0,0,0,100,100
No Match,None,unmatched,88894,1.168,20.488,155.74,259.11839999999995,,,,0,0,0,0,0,0,0,0,0,0,0,0,0,0,0,0,0,0,0,0,0,0,0,0,0,0,0,0,0,0,0,0,0,1174.419,0,0,0,0,0,0,0,0,100,100
No Match,None,unmatched,71317,8.679,13.274,100.97666666666667,259.93396666666666,,,,0,2551.336,1752.778,0,0,0,0,0,0,0,0,0,0,0,0,0,0,0,967.5914,0,0,0,0,0,0,0,1565.704,0,927.7152,1218.397,0,0,0,0,0,0,0,0,0,0,0,0,100,100
No Match,None,unmatched,94390,3.716,13.237,100.83,259.9343,,,,0,0,0,0,0,0,0,0,0,0,0,0,0,0,0,0,0,0,0,0,0,0,0,0,0,0,0,0,0,0,0,0,0,0,0,0,0,0,0,0,0,0,100,100
No Match,None,unmatched,40902,8.843,13.247,100.99000000000001,259.9353,,,,0,0,0,0,0,0,0,0,0,2212.607,0,0,4307.452,1177.253,0,0,3080.365,0,0,0,0,2366.636,0,0,0,1172.8990000000001,891.5826000000001,2091.413,0,0,0,0,765.0006000000001,0,0,0,0,0,0,5034.933,0,870.6178,100,100
No Match,None,unmatched,24209,5.255,13.25,101,259.9346,,,,2056.451,0,0,2418.654,1163.703,3234.5319999999997,3477.584,3918.694,0,3608.9539999999997,3135.899,0,0,0,1712.98,0,1019.051,1630.328,0,0,0,0,0,0,0,0,1062.242,0,0,0,0,3111.388,2797.022,0,0,0,0,0,2961.776,0,1313.392,0,100,100
No Match,None,unmatched,51844,10.684111111111113,13.267,100.98666666666668,259.93505555555555,,,,15251.598999999998,4490.3009999999995,8359.632,571.6872000000001,3329.951,19440.43,2687.798,4666.249,4727.5199999999995,0,0,7678.5812000000005,1132.13,0,1031.097,0,14323.257999999998,2466.4199999999996,4393.963,0,0,7696.353999999999,0,13673.847,7058.056,4647.278,985.4601,6250.699,5335.692,15169.337,6703.862999999999,0,3548.808,1986.749,1638.143,0,0,11310.829000000002,13788.565599999998,6734.321,10005.169,9894.2195,100,100
No Match,None,unmatched,24629,10.824190476190475,13.242,100.9204761904762,259.9353666666667,,,,39676.3001,27373.2564,39221.89,10030.002,28706.933999999997,51576.789000000004,26555.450999999997,25724.909,19923.371,29141.083,33374.057,10555.869999999999,20743.253,37559.7011,26226.142,27608.718,36782.976,20572.808999999997,20834.634899999997,11113.175,15850.490000000002,21556.056,14049.785,32699.584,39596.206000000006,4085.2715,15509.548,14666.609999999997,5256.683999999999,31885.02,28347.568,19931.984,14135.874999999998,30446.021999999997,2671.9359999999997,38019.905,20930.096,33689.762,7524.3687,23415.05,30005.333999999995,25483.406000000003,100,100
No Match,None,unmatched,14210,10.638142857142856,13.238,100.94000000000001,259.9352214285714,,,,37065.951,30067.968,18533.456,38783.87409999999,15435.328,26812.8034,26196.368,48826.712999999996,37940.143000000004,30405.595999999998,21076.357,8164.08,26647.366,32986.774000000005,33603.578,26330.097,21106.931999999997,49583.884000000005,31200.396200000003,7069.565,5908.235,25145.792999999998,5631.874,31100.3236,33645.604999999996,18340.953999999998,672.2442,25135.331,34630.529,27539.514,28245.705999999995,15603.732,26131.197999999997,36350.793,19271.996099999997,55384.795,19813.513,47475.51699999999,19269.012,24093.218,48397.966,23847.1635,100,100
No Match,None,unmatched,10662,10.9886,13.24,101.008,259.93530999999996,,,,28245.856,22865.014,49960.431000000004,41589.619,14016.006,21094.903,26183.413,32648.376999999993,13375.401,48186.077,16273.619,29381.183,20669.111999999997,29853.965,18959.641,28534.848,24080.104,28128.005999999998,14127.953,7582.438999999999,8390.96,5997.763999999999,14736.610999999999,20078.119,17527.139,8461.217999999999,18690.347999999998,14773.809000000001,5988.829,20475.382999999998,17247.795,6724.201,15123.918,28419.849,6966.715999999999,42889.14199999999,4429.516,31952.124,7648.776,3455.533,17434.994,16328.167000000001,100,100
No Match,None,unmatched,59799,3.201,13.221,100.8,259.937,,,,0,0,0,0,0,0,1892.8,0,0,0,0,0,0,0,0,0,0,0,0,1103.343,0,0,0,1370.884,0,0,0,0,0,0,0,0,0,0,0,0,0,0,0,0,0,0,100,100
No Match,None,unmatched,83434,6.56,13.225,100.88,259.9404,,,,0,0,0,0,0,0,0,0,0,0,0,0,0,0,0,0,0,0,0,0,0,0,0,0,0,0,0,0,0,0,0,0,0,0,0,0,1320.6200000000001,0,0,0,0,0,100,100
No Match,None,unmatched,95665,10.819,13.24,101,259.9453,,,,0,0,0,0,0,0,0,0,0,0,0,0,0,0,0,0,0,0,0,0,0,0,0,0,0,0,0,0,0,0,0,0,0,0,0,0,0,0,0,0,0,0,100,100
No Match,None,unmatched,33051,1.759,20.132,153.285,259.9705,,,,0,0,0,0,0,0,6946.165999999999,0,0,0,0,1416.967,0,0,0,0,0,0,0,0,0,0,0,0,0,0,0,0,0,0,0,0,0,0,0,0,3100.6209999999996,0,7218.1158000000005,12914.463,0,0,100,100
No Match,None,unmatched,61233,2.337,20.157,153.31,259.9875,,,,0,0,0,0,0,0,0,0,0,1915.231,0,0,0,0,0,0,0,0,0,0,0,0,0,0,0,0,0,0,0,0,0,1230.645,0,0,0,0,0,0,0,0,0,0,100,100
No Match,None,unmatched,91837,1.067,19.942,151.76,261.0104,,,,0,0,0,0,0,0,0,0,0,0,0,0,0,0,0,0,0,0,0,0,0,0,0,0,0,0,0,0,0,0,0,0,0,0,753.631,0,0,0,0,0,0,0,100,100
No Match,None,unmatched,91316,2.345,20.423,155.41,261.0119,,,,0,0,0,0,0,0,0,0,0,0,0,0,0,0,0,0,0,0,0,0,0,0,0,0,0,0,0,787.3531,0,0,0,0,0,0,0,0,0,0,0,0,0,0,100,100
No Match,None,unmatched,11604,1.6905000000000001,19.966,151.89999999999998,261.04205,,,,3471.644,0,5107.0103,0,1464.05,3914.665,7186.9039999999995,14570.517,6325.42,3974.133,0,7409.199,8303.019,3331.321,2810.288,4448.33,2026.233,2342.096,8440.944,1618.872,7004.7429999999995,7364.138,0,8175.681,0,0,0,3611.479,3300.7749999999996,12226.635999999999,0,0,10634.619,3160.292,14539.089,2505.4591,6066.864,5853.969999999999,5828.739,10671.708999999999,9136.475,3807.687,100,100
No Match,None,unmatched,91675,3.3610000000000007,21.137,159.02666666666667,261.0738666666666,,,,1472708.967,447548.89900000003,1409776.7380000001,1371064.598,137526.84,280564.348,1424013.548,1020250.578,1069994.748,121756.772,140370.499,1012606.228,1090471.628,1130354.068,324894.748,293705.815,314356.30500000005,342074.888,119228.599,220331.388,314665.978,1472635.448,92647.969,354515.74600000004,55906.519,127442.799,100022.599,161292.816,361847.478,651967.608,292502.818,168529.399,1597295.098,366159.799,136759.799,155210.202,1666427.098,419815.678,1902509.4980000001,2239823.598,456562.198,731440.798,100,100
No Match,None,unmatched,14800,2.681,19.594,148.99,261.958,,,,14643.939,0,46765.959,0,0,0,0,0,0,0,0,28000.729,0,3679.2509999999997,0,0,0,0,0,0,0,0,0,0,0,0,0,0,0,0,0,0,15547.149,0,0,0,0,0,1164.915,0,0,0,100,100
No Match,None,unmatched,63580,2.1005,18.762,142.8,261.9781,,,,0,0,0,0,0,0,0,0,0,0,0,0,0,0,0,0,0,0,0,0,0,0,0,0,0,0,0,0,1747.9366,2505.923,0,0,0,869.477,910.2214,0,5770.007,0,0,0,0,0,100,100
No Match,None,unmatched,54017,2.959,18.773,142.87,261.9793,,,,0,0,0,0,0,0,0,0,0,0,0,0,0,0,0,0,0,0,0,0,916.4438,0,0,0,0,0,0,0,0,918.7455,0,0,0,0,1332.855,0,1456.661,0,0,1212.508,0,0,100,100
No Match,None,unmatched,50190,4.521,20.812,158.32,262.059,,,,0,0,0,0,0,0,0,0,0,0,0,0,0,0,0,0,0,0,0,0,0,0,7145.574,0,0,0,0,0,0,0,0,0,0,0,0,0,0,0,0,0,0,0,100,100
No Match,None,unmatched,36187,0.589,20.112,152.95,262.0716,,,,0,0,1055.683,0,0,0,1210.503,0,0,0,0,1291.308,1319.19,1237.522,0,0,0,0,0,0,981.3806000000001,2986.709,1401.617,0,0,0,0,0,0,1164.3220000000001,0,0,0,0,0,0,0,2301.7529999999997,0,1077.005,0,0,100,100
No Match,None,unmatched,32127,1.735,21.056,160.06,262.0745,,,,0,0,0,1886.54,0,0,0,0,0,0,0,0,12220.169,0,0,0,0,0,0,0,0,6845.148999999999,0,0,0,0,0,0,0,0,0,0,0,0,0,0,0,0,0,0,0,0,100,100
No Match,None,unmatched,59883,0.704,20.443,155.53,262.0771,,,,0,0,0,0,0,0,0,0,0,0,0,0,0,0,0,0,0,0,0,0,0,0,1917.2,0,0,0,0,0,0,0,0,2434.1279999999997,0,0,0,0,0,0,0,0,0,0,100,100
No Match,None,unmatched,94946,1.956,20.431,155.27,262.079,,,,0,0,0,0,0,0,0,0,0,0,0,0,0,0,0,0,0,0,0,0,0,0,0,0,0,0,0,0,0,0,0,0,0,0,0,0,0,0,0,0,0,0,100,100
No Match,None,unmatched,62509,5.3260000000000005,14.648,157.70499999999998,262.1114,,,,0,0,0,8183.425,0,0,0,0,0,0,0,0,1874.634,0,0,0,0,0,0,0,0,0,0,0,0,0,0,0,0,0,0,0,930.7082,0,820.0358,0,3009.9249999999997,0,0,1712.698,0,0,100,100
No Match,None,unmatched,85687,5.332,14.363,109.46,262.1148,,,,0,0,0,0,0,0,0,0,0,0,0,0,0,0,0,0,0,0,0,0,0,0,0,0,0,0,0,0,0,0,0,0,0,0,0,0,0,0,0,1148.478,0,0,100,100
No Match,None,unmatched,87676,5.349,10.118,77.31,262.1167,,,,0,0,0,0,0,0,0,0,0,0,0,0,0,0,0,0,0,0,0,0,0,0,0,0,0,0,0,0,0,0,0,0,0,0,0,0,1014.977,0,0,0,0,0,100,100
No Match,None,unmatched,83614,5.305,6.019,46.25,262.1172,,,,0,0,0,0,0,0,0,0,0,0,0,0,0,0,0,0,0,0,0,0,0,0,1306.748,0,0,0,0,0,0,0,0,0,0,0,0,0,0,0,0,0,0,0,100,100
No Match,None,unmatched,53921,5.831,20.584,156.57,263.0035,,,,0,0,0,0,0,0,0,0,0,0,0,0,0,0,0,0,0,0,0,0,0,0,0,0,0,4447.709,0,0,0,0,0,0,0,1413.64,0,0,0,0,0,0,0,0,100,100
No Match,None,unmatched,11103,4.254,20.557,156.3,263.0057,,,,4645.53,9324.982,0,960.4025,0,0,12633.659,6138.235,2276.7949999999996,5878.459,6308.286999999999,0,0,0,9045.012999999999,9874.135,7102.259,7932.804,0,0,0,6736.918,2499.024,0,0,13031.909,0,0,0,0,34682.499,0,1104.9180000000001,0,0,10999.009,12354.749,12306.109,9748.192,0,1232.942,9869.882,100,100
No Match,None,unmatched,82660,1.734,20.011,152.07,263.0407,,,,0,0,0,1384.407,0,0,0,0,0,0,0,0,0,0,0,0,0,0,0,0,0,0,0,0,0,0,0,0,0,0,0,0,0,0,0,0,0,0,0,0,0,0,100,100
No Match,None,unmatched,12622,4.693,20.424,155.28,263.0465,,,,0,18526.418999999998,4436.1359999999995,0,0,0,0,1544.266,0,0,46543.90900000001,0,0,0,0,0,0,0,0,0,0,0,21184.989,0,14106.989,9869.827,17500.699,0,0,0,0,17554.799,0,0,0,0,0,0,0,0,0,0,100,100
No Match,None,unmatched,73894,1.592,20.131,153.13,263.0644,,,,0,0,0,0,0,0,0,0,0,0,0,0,0,0,0,0,0,0,0,0,0,0,0,0,0,0,0,0,0,0,0,0,0,0,0,1484.106,0,0,0,0,0,0,100,100
No Match,None,unmatched,38477,2.956,20.884,158.81,263.0672,,,,0,0,0,0,0,0,0,0,0,0,0,0,2634.511,0,0,0,0,0,3665.4869999999996,0,0,4455.523999999999,0,1343.23,0,0,0,0,0,0,0,0,0,0,1729.2250000000001,0,0,0,0,0,0,0,100,100
No Match,None,unmatched,50615,0.601,20.902,158.78,264.0306,,,,0,0,0,0,0,0,0,6987.615,0,0,0,0,0,0,0,0,0,0,0,0,0,0,0,0,0,0,0,0,0,0,0,0,0,0,0,0,0,0,0,0,0,0,100,100
No Match,None,unmatched,91685,4.72,20.484,155.62,264.0531,,,,0,0,0,0,0,0,0,0,0,0,0,0,0,0,0,0,0,0,0,0,0,0,0,0,0,0,0,0,0,0,0,0,0,0,0,0,0,0,0,0,0,0,100,100
No Match,None,unmatched,64513,0.714,20.058,152.48,264.0544,,,,0,1660.587,0,0,0,0,0,0,0,0,0,0,0,0,0,0,0,0,0,0,0,0,1798.305,0,0,0,0,0,0,0,0,0,0,0,0,0,0,0,0,0,0,0,100,100
No Match,None,unmatched,87390,4.75,21.003,159.71,264.0878,,,,0,0,0,0,0,0,0,0,0,0,0,0,0,0,0,0,0,0,0,0,0,0,0,0,0,0,1033.943,0,0,0,0,0,0,0,0,0,0,0,0,0,0,0,100,100
No Match,None,unmatched,60347,1.674,20.779,157.9,264.0908,,,,0,0,0,2011.292,0,0,0,0,0,0,0,0,1115.842,0,0,0,0,0,0,0,0,0,0,0,0,0,0,0,0,0,0,0,0,0,0,0,1129.328,0,0,0,0,0,100,100
No Match,None,unmatched,18753,3.573,19.006,144.46,264.9173,,,,7612.264999999999,0,1665.403,10535.208999999999,0,1009.3100000000001,0,0,1768.401,0,0,16056.679,2254.758,0,0,0,0,0,0,0,0,0,0,5451.992,2781.6989999999996,0,0,0,0,0,0,0,0,0,0,0,14407.779,0,0,3510.5029999999997,0,0,100,100
No Match,None,unmatched,15981,3.349,19.317,146.84,264.9251,,,,0,596.2926,8164.308,0,9956.822,0,0,2060.6349999999998,1412.719,14443.589,1879.801,3271.783,0,0,0,0,0,0,0,0,0,0,0,9333.636,5387.666,10738.819,2121.9109999999996,0,0,0,0,0,0,10770.958999999999,0,0,870.8138,0,4241.669,8548.769,0,0,100,100
No Match,None,unmatched,41345,9.713,20.107,152.9,265.0492,,,,0,0,0,0,0,0,0,0,0,0,0,0,0,0,0,0,0,0,0,0,0,0,0,800.9322000000001,0,2447.127,0,0,0,0,0,0,0,3175.0119999999997,0,0,0,5221.112,0,0,0,0,100,100
No Match,None,unmatched,95265,1.676,19.938,151.62,265.0575,,,,0,0,0,0,0,0,0,0,0,0,0,0,0,0,0,0,0,0,0,0,0,0,0,0,0,0,0,0,0,0,0,0,0,0,0,0,0,0,0,0,0,0,100,100
No Match,None,unmatched,75620,2.918,20.509,155.94,265.0717,,,,0,0,0,0,0,0,0,0,0,0,0,0,0,0,0,0,0,0,0,0,0,0,0,0,0,2016.615,0,0,0,0,0,0,0,0,0,0,0,0,0,0,0,0,100,100
No Match,None,unmatched,89942,1.0565,20.374,154.76999999999998,265.07574999999997,,,,0,0,0,0,0,0,0,0,0,1507.921,0,0,0,0,0,0,0,0,0,0,0,0,0,0,0,0,0,0,0,0,0,2177.2536,0,2228.167,0,0,0,0,0,0,0,0,100,100
No Match,None,unmatched,77157,0.651,19.122,145.26,265.9493,,,,0,0,0,0,0,0,0,1869.459,0,0,0,0,0,0,0,0,0,0,0,0,0,0,0,0,0,0,0,0,0,0,0,0,0,0,0,0,0,0,0,0,0,0,100,100
No Match,None,unmatched,70881,1.923,18.937,143.96,265.9756,,,,0,0,0,918.0321,0,0,0,0,0,0,0,0,0,0,0,0,0,0,0,0,0,0,0,0,0,0,0,0,0,0,0,0,0,880.1224,0,0,0,0,0,746.936,0,0,100,100
No Match,None,unmatched,64876,8.687,19.731,149.86,265.9839,,,,0,0,0,3400.3269999999998,0,0,0,0,0,0,0,0,0,0,0,0,0,0,0,0,0,0,0,0,0,0,0,0,0,0,0,0,0,0,0,0,0,0,0,0,0,0,100,100
No Match,None,unmatched,47801,1.855,20.294,154.29,266.047,,,,0,0,0,0,0,0,0,0,0,0,0,0,0,0,0,0,0,0,0,0,0,0,2687.236,0,5435.23,0,0,0,0,0,0,0,0,0,0,0,0,0,0,0,0,0,100,100
No Match,None,unmatched,59982,2.652,20.772,157.9,266.065,,,,0,0,0,0,0,0,0,0,0,0,0,0,0,0,0,0,0,0,0,0,0,0,0,0,0,0,0,0,0,0,0,0,0,0,0,0,0,4329.996999999999,0,0,0,0,100,100
No Match,None,unmatched,92327,7.2,20.994,159.42,266.1027,,,,0,719.7079,0,0,0,0,0,0,0,0,0,0,0,0,0,0,0,0,0,0,0,0,0,0,0,0,0,0,0,0,0,0,0,0,0,0,0,0,0,0,0,0,100,100
No Match,None,unmatched,22138,1.7985,20.612,156.665,266.1043,,,,0,0,0,3794.0299999999997,0,0,16178.689,0,0,0,0,0,0,0,0,0,0,0,18445.168999999998,0,0,11836.392,0,6685.157999999999,0,0,0,0,0,0,0,0,0,0,0,0,2629.0159999999996,0,0,3578.0157,0,0,100,100
No Match,None,unmatched,87988,1.241,18.654,141.85,266.893,,,,0,0,0,0,0,0,0,0,0,0,0,0,0,0,0,0,0,0,0,0,0,0,0,0,0,0,0,0,0,0,0,0,0,0,0,0,0,0,993.4707000000001,0,0,0,100,100
No Match,None,unmatched,18897,1.4195,18.649,141.735,266.89779999999996,,,,2597.683,0,0,0,0,0,9223.23,3802.41,3629.5449999999996,0,0,1138.131,1486.347,0,0,0,0,0,791.7765,0,0,1237.185,0,0,0,0,0,0,0,0,0,0,9606.556,0,0,0,16082.109,0,12971.339,6855.884,0,0,100,100
No Match,None,unmatched,42671,3.574,18.964,144.13,266.9154,,,,0,1156.181,0,0,0,0,0,0,5825.851,0,0,0,0,0,0,0,0,0,0,0,0,0,0,0,0,1356.742,0,0,0,0,0,0,1220.9370000000001,0,0,0,0,0,1220.979,0,0,0,100,100
No Match,None,unmatched,17746,3.351,19.321,146.83,266.9244,,,,4469.773999999999,0,0,10871.429,0,0,0,12349.949,0,0,0,0,1642.573,4052.5429999999997,0,0,0,0,0,0,0,4285.092,858.3887,0,0,0,0,1760.0430000000001,0,0,0,3981.99,3535.7599999999998,0,1717.419,0,3785.06,0,21558.589,0,0,0,100,100
No Match,None,unmatched,88441,0.628,19.687,149.66,267.053,,,,0,0,0,0,0,0,0,0,0,0,0,0,0,0,0,0,0,0,0,0,0,0,0,0,0,0,0,0,0,0,0,965.9989,0,0,0,0,0,0,0,0,0,0,100,100
No Match,None,unmatched,21669,4.4515,21.137,160.72,267.09085000000005,,,,0,6108.290999999999,0,0,0,0,0,0,0,0,4998.443,0,0,0,0,0,0,0,0,0,0,0,31450.11,0,1195.914,0,12551.545,2128.1989999999996,0,0,0,0,0,0,0,0,0,0,0,0,0,0,100,100
No Match,None,unmatched,75308,8.682,19.665,149.47,267.9818,,,,0,0,0,0,0,0,0,0,0,0,0,0,0,0,0,0,0,0,0,0,0,0,0,0,0,0,0,0,0,0,0,0,0,0,0,0,0,0,0,2048.5969999999998,0,0,100,100
No Match,None,unmatched,25346,2.8505000000000003,21.08,159.935,268.0285,,,,0,11180.669,0,0,0,0,0,0,0,0,0,0,0,0,0,0,0,0,0,0,0,0,8165.683,0,4203.027599999999,0,9453.199999999999,0,0,0,0,2724.566,0,0,0,0,0,0,0,0,0,0,100,100
No Match,None,unmatched,73942,1.472,18.643,141.635,268.8941,,,,0,0,0,1367.983,835.5918,0,0,0,0,0,0,0,2730.1059999999998,0,0,0,0,0,0,0,0,0,0,0,0,0,0,0,0,0,0,0,0,832.1712,1341.066,0,0,0,0,554.5171,0,0,100,100
No Match,None,unmatched,61431,4.286,20.059,152.32,268.9688,,,,0,0,0,0,0,0,0,1246.2830000000001,0,0,1477.029,0,0,0,0,0,0,0,0,0,0,0,0,0,1309.253,0,0,0,0,0,0,0,0,0,0,0,0,0,0,0,0,0,100,100
No Match,None,unmatched,59132,3.466,21.234,161.32,268.9756,,,,0,0,0,0,0,0,0,0,0,0,0,0,0,0,0,0,0,0,0,0,0,0,0,0,0,0,0,0,0,0,0,0,0,0,0,0,0,0,0,0,0,0,100,100
No Match,None,unmatched,4716,11.208,20.865,158.46,268.9828,,,,19290.699,37135.22900000001,16022.759,32365.949,49826.649000000005,5494.934,11014.878999999999,21391.359,20089.339,64418.259000000005,39421.869000000006,20493.129,16666.289,22384.939,12812.208999999999,5928.883,7615.9439999999995,4323.269,40475.039000000004,13925.579,14626.109,34902.859000000004,27265.719,47794.90900000001,29448.959,28205.639,67127.449,38538.079000000005,5009.623,0,0,32017.609,32753.359,10459.849,62007.299000000006,7025.898,21121.179,7235.954,43677.789000000004,8865.907,3650.576,0,100,100
No Match,None,unmatched,5377,10.421,19.688,149.56,268.9835,,,,14969.689,34755.889,16372.249,28855.149,46474.699,1541.73,10599.289,11707.128999999999,13765.919,41847.65900000001,34557.899000000005,17047.979,15643.208999999999,18505.879,4985.206999999999,3980.2079999999996,6302.336,2263.932,26361.149,6418.673,12055.649,24376.719,23263.969,31789.869,32479.939,25357.359,55175.919,27498.059,3627.4629999999997,1939.025,1300.182,29042.019,21237.319,12041.989,48492.709,0,22188.629,7308.915,32158.929,7717.836,2831.8889999999997,0,100,100
No Match,None,unmatched,71804,0.8865000000000001,19.885,151.0975,269.015875,,,,0,0,0,0,205664.738,0,0,0,0,55061.898100000006,0,0,0,0,0,0,0,0,0,0,0,0,0,0,0,0,0,570139.399,0,0,0,0,0,217210.743,0,0,0,0,0,0,0,0,100,100
No Match,None,unmatched,27162,12.903272727272729,20.871,158.30454545454546,269.0342,,,,17659.061999999998,7203.3775,30105.653899999998,18081.911,28511.3543,37093.816,21322.588999999996,16006.201000000001,28307.675,21753.319,14703.25,28855.106,23504.5615,18928.596199999996,41305.4034,26996.122,21618.021,32370.438000000002,66597.7671,40312.423,70001.365,36283.42399999999,46541.94000000001,29774.5982,20854.39,39911.0136,16021.063,38784.5071,33933.047900000005,33071.469,27315.673300000002,22294.839,18548.392999999996,23837.4474,51393.649999999994,162696.005,62754.729199999994,28266.028,26009.7367,22994.3289,26862.203,29029.208,100,100
No Match,None,unmatched,54183,3.9756666666666667,20.933,158.72,269.05243333333334,,,,0,0,0,0,0,0,0,0,0,0,0,0,0,0,0,0,0,0,0,0,0,0,25105.26,0,0,0,0,21791.956,0,0,0,0,0,24203.613,0,0,0,0,0,0,0,0,100,100
No Match,None,unmatched,44328,2.092142857142857,20.403,155.3542857142857,269.05344285714284,,,,0,0,0,0,6043.198,0,0,0,0,2319.513,0,0,0,0,0,0,0,0,0,0,0,0,14178.349,0,0,0,0,55018.329999999994,0,0,0,13895.529,0,48829.9558,0,0,0,0,0,0,0,0,100,100
No Match,None,unmatched,56831,0.6865,20.511,155.485,269.0539,,,,0,0,0,0,0,0,0,0,0,0,0,0,0,0,0,0,0,0,0,0,0,0,0,0,0,0,0,2566.812,0,0,0,0,0,3786.676,0,0,0,0,0,0,0,0,100,100
No Match,None,unmatched,82451,0.688,20.283,153.96,269.0672,,,,0,0,0,0,0,0,0,0,0,0,0,0,0,1400.002,0,0,0,0,0,0,0,0,0,0,0,0,0,0,0,0,0,0,0,0,0,0,0,0,0,0,0,0,100,100
No Match,None,unmatched,92744,4.429,19.361,146.98,269.0704,,,,0,0,0,0,0,0,690.5057,0,0,0,0,0,0,0,0,0,0,0,0,0,0,0,0,0,0,0,0,0,0,0,0,0,0,0,0,0,0,0,0,0,0,0,100,100
No Match,None,unmatched,43541,2.48575,20.868,148.6975,269.1035,,,,119313.099,322245.5662,145922.868,233383.999,9228.739,8059.855,268579.89900000003,46039.838,110357.199,20738.849,49472.308000000005,108843.89899999999,159550.399,76314.742,28619.779,19519.839,8733.437,17262.899,13121.009,26862.579,24452.239,163423.01200000002,31112.305999999997,17787.149,8603.048,7088.6813,46989.319,18610.959,5419.197,19763.929,13492.619,35750.373999999996,73447.879,20454.599,21495.559,6336.326,126446.89899999999,22254.918999999998,242536.663,271162.374,22034.329,32051.168999999998,100,100
No Match,None,unmatched,45711,0.8005,19.938,151.35000000000002,270.02105,,,,0,0,0,0,0,0,0,0,0,0,0,0,0,0,0,0,0,0,0,0,0,0,0,0,0,0,0,0,0,0,0,0,0,0,0,0,0,0,0,0,0,0,100,100
No Match,None,unmatched,50159,2.89,20.318,154.36,270.0212,,,,0,0,0,0,0,0,0,0,0,0,0,0,0,0,0,0,0,0,0,0,0,0,0,0,0,0,0,3382.495,0,0,0,1142.402,0,2631.3379999999997,0,0,0,0,0,0,0,0,100,100
No Match,None,unmatched,62143,0.786,20.16,153.05,270.0297,,,,0,0,0,0,0,0,1092.6390000000001,0,0,0,0,0,0,0,0,0,0,0,0,0,0,2449.7599999999998,0,0,0,0,0,0,0,0,0,0,0,0,0,0,0,0,0,0,0,0,100,100
No Match,None,unmatched,50011,7.256,21.233,161.12,270.0551,,,,0,0,7212.75,0,0,0,0,0,0,0,0,0,0,0,0,0,0,0,0,0,0,0,0,0,0,0,0,0,0,0,0,0,0,0,0,0,0,0,0,0,0,0,100,100
No Match,None,unmatched,88489,2.524,20.312,154.31,270.0664,,,,0,0,0,0,0,0,0,0,0,0,0,0,0,0,0,962.5478,0,0,0,0,0,0,0,0,0,0,0,0,0,0,0,0,0,0,0,0,0,0,0,0,0,0,100,100
No Match,None,unmatched,70273,9.188,21.144,160.61,270.0901,,,,0,0,0,0,0,0,0,0,0,0,0,0,0,0,0,0,0,0,0,0,0,0,0,0,0,2619.9809999999998,0,0,0,0,0,0,0,0,0,0,0,0,0,0,0,0,100,100
No Match,None,unmatched,19373,11.724,20.625,156.66,270.9492,,,,0,0,0,0,0,0,0,0,0,0,0,0,0,0,0,0,0,0,0,0,0,0,37093.019,0,21930.229,0,0,3562.5319999999997,0,0,0,0,0,0,0,0,0,0,0,0,0,0,100,100
No Match,None,unmatched,11261,9.7445,20.615,156.59,270.9504,,,,5064.293,7530.5019999999995,2885.6719999999996,7421.655,2631.884,3318.4809999999998,6610.91,7130.2609999999995,5336.446,4671.5419999999995,6127.906,5985.1359999999995,6601.005999999999,5573.8859999999995,4354.348,6184.874,6985.0289999999995,7455.5,2820.7389999999996,3996.886,0,1912.944,13114.659,4298.86,3327.336,1533.829,4536.249,5359.558,0,4476.4,3842.8289999999997,2768.8579999999997,4434.813,0,869.317,23974.929,3052.8619999999996,4424.9529999999995,0,2088.413,3809.932,2776.4599999999996,100,100
No Match,None,unmatched,39962,7.562,20.2,153.44,270.9509,,,,0,0,0,0,0,0,0,0,0,0,0,0,0,0,0,0,0,0,0,0,0,0,11503.199,0,1142.468,0,0,0,0,0,0,0,0,0,0,0,0,0,0,0,0,0,100,100
No Match,None,unmatched,42267,6.398,21.042,159.81,271.05,,,,0,0,0,0,0,0,0,0,0,0,0,0,0,0,0,0,0,0,0,0,0,0,11036.249,0,0,0,0,0,0,0,0,0,0,0,0,0,0,0,0,0,0,0,100,100
No Match,None,unmatched,64549,1.695,20.409,154.91,271.0706,,,,0,0,0,917.6511,0,0,0,0,861.0529,0,0,0,0,0,0,0,0,0,0,0,0,0,0,0,0,0,0,0,0,1672.834,0,0,0,0,0,0,0,0,0,0,0,0,100,100
No Match,None,unmatched,94071,1.715,20.415,154.9,271.0735,,,,0,0,0,0,0,0,0,0,580.3941,0,0,0,0,0,0,0,0,0,0,0,0,0,0,0,0,0,0,0,0,0,0,0,0,0,0,0,0,0,0,0,0,0,100,100
No Match,None,unmatched,433,4.7555,21.221,113.735,271.1004,,,,0,828403.499,0,0,386339.699,1064625.999,0,240900.399,0,558004.0989999999,820479.5989999999,0,0,0,2666041.999,1441044.999,1796929.999,1554176.999,275440.599,2579481.999,2927541.999,0,0,560296.799,667519.799,55720.559,1154467.999,86416.559,4162173.597,2232775.999,1854181.999,1412588.999,0,2057950.999,4191304.999,1535790.999,0,4244125.999,0,0,2021558.999,2299547.999,100,100
No Match,None,unmatched,66189,5.021,21.259,161.45,271.1025,,,,0,0,0,0,0,0,0,0,0,0,0,0,0,0,0,0,0,0,0,0,0,0,0,0,0,0,0,0,0,0,0,0,0,0,0,0,0,0,0,0,0,0,100,100
No Match,None,unmatched,88021,1.729,20.89,158.5,271.113,,,,0,0,0,991.4891,0,0,0,0,0,0,0,0,0,0,0,0,0,0,0,0,0,0,0,0,0,0,0,0,0,0,0,0,0,0,0,0,0,0,0,0,0,0,100,100
No Match,None,unmatched,90240,1.173,20.905,158.54500000000002,271.1184,,,,0,0,0,0,0,0,0,0,0,0,0,0,0,0,0,0,0,0,0,0,0,0,0,0,0,14227.515599999999,0,0,0,0,0,0,0,0,0,0,0,0,0,2830.83,0,0,100,100
No Match,None,unmatched,47028,2.058,20.809,157.99,271.1183,,,,1101.806,0,0,0,0,0,1067.44,0,0,0,0,0,0,0,0,0,0,0,0,0,0,1698.272,0,0,0,0,0,742.5307,0,0,0,0,0,0,0,0,0,0,1508.4,2353.9869999999996,0,0,100,100
No Match,None,unmatched,49530,0.941,20.033,152.15,271.8951,,,,0,0,0,0,0,0,0,0,0,0,0,0,0,0,0,0,0,0,0,0,0,0,0,0,0,0,0,0,0,0,0,0,0,0,0,0,0,0,0,0,0,0,100,100
No Match,None,unmatched,85702,0.987,20.025,152.09,271.9194,,,,0,0,0,0,0,0,0,0,0,0,0,0,0,0,0,0,0,0,0,0,0,0,0,0,0,0,0,0,0,0,0,0,0,0,0,0,0,0,0,0,0,0,100,100
No Match,None,unmatched,94367,9.704,20.535,155.95,271.9541,,,,0,0,0,0,0,0,0,0,0,0,0,0,0,0,0,0,0,0,0,0,0,0,0,0,0,0,0,0,0,0,0,0,0,0,0,552.3798,0,0,0,0,0,0,100,100
No Match,None,unmatched,36773,6.798,16.456,125.07,271.9942,,,,1379.232,0,0,0,0,0,0,0,0,805.399,0,0,0,1085.696,0,0,1370.655,0,0,0,620.7148,0,795.4613,0,1091.119,1047.528,0,1217.801,0,0,0,0,790.6698,1132.84,713.6892,941.8009000000001,0,1978.162,0,0,0,0,100,100
No Match,None,unmatched,91853,1.595,20.637,156.72,272.0264,,,,0,0,0,0,0,0,0,0,0,0,0,0,0,0,0,0,0,0,0,0,0,0,0,0,0,0,0,0,0,0,0,0,0,0,752.6311000000001,0,0,0,0,0,0,0,100,100
No Match,None,unmatched,68877,0.8736666666666667,20.102,152.46333333333334,272.0344,,,,0,0,0,0,0,0,0,0,0,0,0,0,0,0,0,0,0,0,0,0,0,0,0,0,0,0,0,0,0,0,0,0,0,0,0,0,0,0,0,0,0,0,100,100
No Match,None,unmatched,78326,4.763,21.199,160.97,272.0458,,,,0,0,0,0,0,0,0,0,0,0,0,0,0,0,0,0,0,0,0,0,0,0,0,0,0,0,0,0,0,0,0,0,0,0,0,0,0,0,0,0,0,0,100,100
No Match,None,unmatched,61509,3.121,20.718,157.25,272.0606,,,,0,3482.788,0,0,0,0,0,0,0,0,0,0,0,0,0,0,0,0,0,0,0,0,0,0,0,0,533.7885,0,0,0,0,0,0,0,0,0,0,0,0,0,0,0,100,100
No Match,None,unmatched,35255,0.554,20.855,158.34,272.0891,,,,0,0,0,0,0,0,909.0204,0,0,0,0,0,0,1446.467,1039.549,0,0,798.0567,0,0,0,0,0,919.1943,0,0,637.5052000000001,1158.45,1371.538,0,1701.834,3653.7189999999996,0,0,3317.9289999999996,0,0,0,0,0,0,0,100,100
No Match,None,unmatched,90289,11.73,20.642,156.73,272.9478,,,,0,0,0,0,0,0,0,0,0,0,0,0,0,0,0,0,0,0,0,0,0,0,0,0,0,0,0,0,0,0,0,0,0,0,0,847.4761,0,0,0,0,0,0,100,100
No Match,None,unmatched,39249,9.757,20.598,156.34,272.9482,,,,0,0,5424.835,0,0,779.8993,0,0,0,0,0,0,0,0,0,0,0,0,0,0,0,0,0,0,0,0,0,0,2769.845,0,0,0,0,3370.038,0,0,0,0,0,0,0,822.1579,100,100
No Match,None,unmatched,39215,0.854,20.044,152.57999999999998,273.03105,,,,0,0,0,0,0,0,0,0,0,0,0,0,0,0,0,0,0,0,0,0,0,0,14861.889,0,0,0,7683.153,1046.383,0,0,0,0,0,0,0,0,0,0,0,0,0,0,100,100
No Match,None,unmatched,76878,0.67,20.293,154.09,273.0941,,,,0,0,0,0,0,0,0,0,0,0,0,0,0,0,0,0,0,0,0,0,0,0,0,0,0,0,0,0,0,0,0,0,0,1892.936,0,0,0,0,0,0,0,0,100,100
No Match,None,unmatched,58153,12.122,21.331,161.86,273.1104,,,,0,0,0,0,0,0,0,1311.075,0,0,0,0,0,0,0,0,0,0,0,0,0,0,0,0,0,3424.035,0,0,0,0,0,0,0,0,0,0,0,0,0,0,0,0,100,100
No Match,None,unmatched,36174,2.847,21.052,160.09,273.116,,,,0,0,0,0,0,0,0,0,0,0,0,0,0,0,0,0,0,0,0,0,0,0,0,0,0,0,0,10551.792,0,0,0,0,0,17546.011,2250.0975,0,0,0,0,0,1258.377,0,100,100
No Match,None,unmatched,81517,8.041,17.386,132.09,273.9725,,,,0,0,0,0,0,0,0,0,0,0,0,0,0,0,0,0,0,0,1477.064,0,0,0,0,0,0,0,0,0,0,0,0,0,0,0,0,0,0,0,0,0,0,0,100,100
No Match,None,unmatched,59741,2.5,21.029,158.465,274.00255000000004,,,,0,23535.412,0,0,0,0,0,0,0,0,12799.867999999999,0,0,0,0,0,0,0,0,0,0,0,15697.389,0,4592.746999999999,0,20438.4582,0,0,0,0,9857.282,0,0,0,0,0,0,0,0,0,0,100,100
No Match,None,unmatched,40951,0.563,21.13,160.62,274.06105,,,,0,0,0,0,0,0,0,22375.768,0,0,0,0,0,0,0,0,0,0,0,0,0,0,0,0,0,0,0,0,0,0,0,0,0,0,0,0,0,0,0,0,0,0,100,100
No Match,None,unmatched,70075,2.48,21.062,158.755,274.075,,,,0,6749.021,0,0,0,0,0,0,0,0,1057.3220000000001,0,0,0,0,0,0,0,0,0,0,0,3800.9570000000003,0,0,0,0,0,0,0,0,0,0,0,0,0,0,0,0,0,0,0,100,100
No Match,None,unmatched,48665,2.272,19.981,151.52,274.9861,,,,0,7749.436,0,0,0,0,0,0,0,0,0,0,0,0,0,0,0,0,0,0,0,0,0,0,0,0,0,0,0,0,0,0,0,0,0,0,0,0,0,0,0,0,100,100
No Match,None,unmatched,31002,0.7425,20.116,152.4,275.02815,,,,0,0,0,0,0,0,0,0,0,1463.323,0,0,0,0,0,0,0,0,0,0,0,0,0,0,0,0,0,42557.498,0,0,0,0,0,4815.559,0,0,0,0,0,0,0,0,100,100
No Match,None,unmatched,87243,0.8795,20.137,152.395,275.03635,,,,0,0,0,0,0,0,0,0,0,0,0,0,0,0,0,0,0,0,0,0,0,0,0,0,0,0,0,0,0,0,0,0,0,1880.9551999999999,0,0,0,0,0,0,0,0,100,100
No Match,None,unmatched,72261,2.633,21.039,159.89,275.0897,,,,0,0,0,10091.989,0,0,3589.651,0,3061.6839999999997,0,0,0,7310.773999999999,0,0,0,0,0,0,1701.478,0,13866.208999999999,0,0,0,0,0,0,0,0,0,0,0,0,0,0,4385.803,0,15352.489,13754.389,0,2552.4309999999996,100,100
No Match,None,unmatched,79950,4.432499999999999,21.332,162.195,275.09540000000004,,,,0,0,0,0,0,0,0,0,0,0,0,0,0,0,0,0,0,0,0,0,0,0,0,0,0,8213.931,0,0,0,0,0,0,0,0,0,0,0,0,0,0,0,0,100,100
No Match,None,unmatched,82371,2.311,20.638,156.65,275.0952,,,,0,0,0,0,0,0,0,0,0,0,0,0,0,0,0,0,0,0,0,0,0,1406.171,0,0,0,0,0,0,0,0,0,0,0,0,0,0,0,0,0,0,0,0,100,100
No Match,None,unmatched,37925,5.738,21.4,162.4,275.0955,,,,0,0,0,0,0,0,0,0,0,0,0,0,0,0,0,0,0,0,0,0,0,0,0,0,0,14319.708999999999,0,0,0,0,0,0,0,0,0,0,0,0,0,0,0,0,100,100
No Match,None,unmatched,78939,0.699,20.684,156.99,275.116,,,,0,0,0,0,0,0,0,0,0,0,0,0,0,0,0,0,0,0,0,0,0,0,0,0,0,0,0,0,0,0,0,0,0,1699.944,0,0,0,0,0,0,0,0,100,100
No Match,None,unmatched,23394,0.532,20.319,154.16,276.0789,,,,3099.533,0,0,2037.229,0,0,0,711.471,0,0,0,0,1276.678,1143.575,0,1145.104,4634.389,0,0,1319.537,0,828.5945,0,1733.781,0,0,0,0,3900.658,2016.694,881.6901,0,1521.194,0,0,4636.536999999999,1625.873,1482.819,0,0,4344.915,3304.8729999999996,100,100
No Match,None,unmatched,92910,1.89,21.257,161.13,276.0878,,,,0,0,0,677.9413000000001,0,0,0,0,0,0,0,0,0,0,0,0,0,0,0,0,0,0,0,0,0,0,0,0,0,0,0,0,0,0,0,0,0,0,0,0,0,0,100,100
No Match,None,unmatched,7384,2.0495,21.513,162.395,276.09250000000003,,,,18776.449,7837.677,19769.729,29669.513,0,0,35455.113,0,36807.044,0,0,4162.635,61552.35500000001,53803.439000000006,8083.516,0,12554.139,20452.49,0,2090.39,17669.746,56658.348000000005,0,0,0,2375.5069999999996,1607.036,643.8538,4329.9169999999995,8150.112,14659.519,0,13208.743,0,1674.5,24890.579,51288.35500000001,21308.483999999997,34107.699,17259.5004,1636.979,13848.829,100,100
No Match,None,unmatched,53515,1.923,20.789,157.65,277.0501,,,,0,0,0,1286.412,0,0,0,0,0,0,0,0,0,0,0,0,0,0,0,0,0,0,0,0,0,0,0,0,0,0,0,0,0,0,0,0,0,0,0,4696.324,0,0,100,100
No Match,None,unmatched,31881,6.49,21.134,160.34,277.0583,,,,0,0,0,0,0,0,0,0,0,0,0,0,0,0,0,0,0,0,0,0,0,0,0,0,0,0,0,3584.919,0,0,0,0,0,17690.439,0,0,0,0,0,0,0,0,100,100
No Match,None,unmatched,6006,1.305,21.439,162.58,277.0704,,,,29771.449,15341.569,41396.019,41078.90900000001,0,0,60081.47900000001,20783.668999999998,25056.749,0,2176.759,18871.499,26894.689,22584.539,724.8892000000001,3233.4739999999997,0,6151.8,0,0,1388.093,39363.569,0,6692.619,1277.613,1578.396,0,0,0,3638.0389999999998,0,3784.7149999999997,69402.659,0,0,1866.316,64478.299000000006,5039.927,61212.219000000005,46297.609000000004,3540.176,4427.816,100,100
No Match,None,unmatched,60953,0.6958333333333334,20.292,154.1966666666667,277.0742,,,,49126.293999999994,14455.489,36637.258,33642.451,15211.359999999999,41922.57400000001,18604.3567,23726.14,22949.275999999998,36023.04,15207.587,27851.758,31033.846999999998,47966.748,18397.416,36329.695,38428.884999999995,38021.238,38309.767,25570.685,32788.288,31018.227999999996,35280.814,14235.818,27345.462,13245.628,12654.918,33398.604,35523.494,22513.8259,18802.78,23456.398999999998,36021.118,20338.568,28402.823999999997,57151.742,40755.899,21771.629,16592.484,33837.445999999996,29269.415,34167.326,100,100
No Match,None,unmatched,7169,2.057,20.827,158.804,277.07554,,,,937.4845,0,13531.229,0,26403.975,0,8965.5625,0,9168.336,20184.309,0,0,13732.119,0,0,6696.001,0,10370.2956,14079.039,5543.956,772.9383,3825.9269999999997,137999.75699999998,16233.222,0,0,0,126485.767,790.2272,0,18732.839,31717.173,0,69283.711,1225.821,4974.804,0,0,0,0,1126.454,0,100,100
No Match,None,unmatched,85412,1.311,21.459,162.79,277.0754,,,,0,0,0,0,0,0,0,0,0,0,0,0,0,0,0,0,1169.307,0,0,0,0,0,0,0,0,0,0,0,0,0,0,0,0,0,0,0,0,0,0,0,0,0,100,100
No Match,None,unmatched,73413,3.819,18.607,141.24,277.1191,,,,0,0,0,0,0,0,0,0,0,0,0,0,0,0,0,0,0,0,0,0,0,0,0,0,0,0,0,0,0,0,0,0,0,0,0,0,2251.2129999999997,0,0,0,0,0,100,100
No Match,None,unmatched,75162,0.5655,20.741,157.525,278.07,,,,126541.199,75312.829,159544.299,118758.299,9143.099,5628.727,99655.069,47981.941,97228.97899999999,17829.8782,19787.339,98752.849,116421.299,242700.19900000002,13469.689,46289.679000000004,26563.639,25374.809,23071.039,13950.099,9589.378999999999,173193.999,30466.219,17179.439,40614.439000000006,20223.269,25781.069,18437.259,12745.449,14400.458999999999,95364.199,71142.159,76376.50899999999,40817.519,27477.479,18099.869,154458.299,42913.449,73765.39899999999,34379.859000000004,49265.819,14946.389,100,100
No Match,None,unmatched,95158,0.657,20.824,157.97,278.0738,,,,0,0,0,0,0,0,0,0,0,0,0,0,0,0,0,0,0,0,0,0,0,0,0,0,0,0,0,0,0,0,0,0,0,0,0,0,0,0,0,0,0,0,100,100
No Match,None,unmatched,34919,2.2384999999999997,21.317,161.59166666666667,278.1079333333333,,,,78039.39199999999,66881.755,54194.499,136605.885,1272.005,0,98940.092,18233.234999999997,43337.389,1006.464,23043.569,16689.399,115113.999,105720.88199999998,11403.708999999999,4514.361,26575.425500000005,45704.029,12141.623,43471.851,0,105096.39899999999,24369.636000000002,9911.002,17474.975,28153.052,24240.785,21854.038200000003,7279.119999999999,16371.749,15616.249,10978.071,69237.528,5328.222199999999,38766.490000000005,26484.369,147461.13700000002,29281.852,96268.782,107441.141,7095.1014,24787.164,100,100
No Match,None,unmatched,89151,0.633,20.43,154.81,279.039,,,,0,0,0,0,0,0,0,0,0,0,0,0,0,0,0,0,0,0,0,0,0,0,0,0,0,0,0,0,0,0,0,0,0,0,0,0,0,0,0,0,0,0,100,100
No Match,None,unmatched,35898,1.843,20.843,158.09,279.0526,,,,0,0,0,0,0,0,0,0,0,0,0,0,0,0,0,0,0,0,0,0,0,0,4893.169,0,11434.009,0,0,0,0,0,0,0,0,0,0,0,0,0,0,0,0,0,100,100
No Match,None,unmatched,36290,1.629,20.95,158.81,279.0901,,,,0,0,0,0,2301.653,0,0,0,0,1944.864,0,0,0,0,0,0,0,0,0,0,0,0,0,0,0,0,0,2541.6549999999997,0,0,0,0,0,9139.912,0,0,0,0,0,0,0,0,100,100
No Match,None,unmatched,86980,1.692,21.394,162.09,279.0936,,,,0,1059.907,0,0,0,0,0,0,0,0,0,0,0,0,0,0,0,0,0,0,0,0,0,0,0,0,0,0,0,0,0,0,0,0,0,0,0,0,0,0,0,0,100,100
No Match,None,unmatched,82667,7.964,20.042,152.04,279.1101,,,,0,0,0,0,0,0,0,0,0,0,0,0,0,0,0,0,0,0,0,0,0,0,0,0,0,0,0,0,0,0,0,0,0,0,0,0,1383.823,0,0,0,0,0,100,100
No Match,None,unmatched,48741,2.238,21.35,161.81,279.1112,,,,0,0,1313.171,0,0,0,0,0,0,0,0,0,0,2819.0879999999997,0,0,0,0,0,0,0,3588.392,0,0,0,0,0,0,0,0,0,0,0,0,0,0,0,0,0,0,0,0,100,100
No Match,None,unmatched,32727,8.291,19.764,149.89,279.9622,,,,0,0,0,0,0,0,0,0,0,0,0,0,4349.559,0,0,0,0,0,0,0,0,0,0,0,0,0,0,0,0,0,0,0,3652.321,8915.464,0,0,0,0,1782.191,1378.324,0,0,100,100
No Match,None,unmatched,80380,6.346,20.013,151.63,279.9644,,,,0,1573.7060000000001,0,0,0,0,0,0,0,0,0,0,0,0,0,0,0,0,0,0,0,0,0,0,0,0,0,0,0,0,0,0,0,0,0,0,0,0,0,0,0,0,100,100
No Match,None,unmatched,61904,0.5994999999999999,20.792,157.24,280.08484999999996,,,,602425.899,182157.09900000002,555996.399,593936.0989999999,20606.309,8351.945,481200.999,103510.39899999999,345997.999,38366.039000000004,44420.969000000005,299286.89900000003,654850.6989999999,1037498.999,60278.049000000006,96647.08899999999,113168.799,120737.39899999999,45017.789000000004,81129.829,66619.299,927819.399,62957.589,48046.609000000004,84869.129,45222.369000000006,51452.609000000004,39386.559,51192.359000000004,75576.83899999999,301867.999,146416.399,262876.999,81255.579,88732.209,78497.389,692036.0989999999,149033.09900000002,399986.099,182853.59900000002,106963.599,78971.33899999999,100,100
No Match,None,unmatched,37721,8.269,19.941,151.19,280.1181,,,,0,0,0,1407.939,0,0,0,0,0,0,0,0,0,2974.517,0,0,0,0,0,0,0,0,0,0,0,0,0,0,0,0,0,0,0,0,0,0,3055.6679999999997,0,5206.072999999999,1836.417,0,0,100,100
No Match,None,unmatched,46618,3.607,19.005,144.08,280.9106,,,,0,0,1047.645,0,0,0,0,0,0,0,0,0,0,2935.798,0,0,0,0,0,0,0,0,0,1561.871,0,0,0,0,0,0,0,0,0,0,3111.999,0,0,0,0,0,0,0,100,100
No Match,None,unmatched,12496,6.080625,17.118,129.72125,280.9831125,,,,66796.629,64604.8116,60480.759,58069.94500000001,62164.31300000001,56613.668000000005,64033.039000000004,62697.795900000005,60170.726,61946.511000000006,67553.53899999999,62298.173,70104.888,66810.032,51310.699,53343.327000000005,61064.136000000006,56090.268000000004,55543.386,58781.47900000001,51787.889,51517.076100000006,65679.609,57286.508,55593.569,58974.956,48702.339,48107.838,50921.948,43915.588,52043.210999999996,58727.068,55603.114,46989.05500000001,50784.109000000004,140672.54599999997,51720.2998,54429.768000000004,54879.228,60933.629,60524.709,53075.109000000004,100,100
No Match,None,unmatched,65913,3.7095000000000002,21.177,160.48,280.99235,,,,1673.048,0,3285.4019999999996,6247.865,0,0,0,2603.283,2233.5212,1741.365,0,4489.17,0,0,0,0,0,0,0,0,0,3039.27,0,0,0,0,1770.352,0,0,0,0,1088.415,10321.878999999999,2378.747,2421.8109999999997,0,7249.184,0,3974.2,3565.1029999999996,0,0,100,100
No Match,None,unmatched,14589,3.7119999999999997,19.99,151.4,280.9942,,,,0,0,0,6539.389999999999,2376.7099999999996,0,7541.128,0,0,5286.487,0,4615.13,6531.748,1499.332,0,0,0,0,0,0,0,5427.9472,1399.808,5715.29,0,2757.0389999999998,0,5950.014,0,0,0,1981.536,15668.439,7602.784,7086.456,0,9729.301,0,7615.353,9960.431,0,0,100,100
No Match,None,unmatched,61510,2.786,21.156,160.4,281.0609,,,,0,0,0,0,0,0,0,0,0,0,0,0,0,0,0,0,0,0,0,0,0,1041.593,0,0,0,1264.469,0,0,0,0,0,0,0,0,0,0,1709.888,0,0,0,0,0,100,100
No Match,None,unmatched,76881,2.6414999999999997,21.021,159.04,281.0675,,,,0,0,0,0,0,0,0,0,0,0,0,0,0,0,0,0,0,0,0,0,0,0,0,0,0,3199.248,0,0,0,0,0,0,0,0,0,0,0,0,0,0,0,0,100,100
No Match,None,unmatched,41457,0.7284999999999999,20.491,155.245,281.07075,,,,0,0,0,0,2159.453,0,0,0,0,2705.048,0,0,0,0,0,0,0,0,0,0,0,0,2497.562,0,0,0,0,9168.371,0,0,0,0,0,10492.882999999998,0,0,0,0,0,0,0,0,100,100
No Match,None,unmatched,75239,0.556,20.741,157.26,281.092,,,,0,0,0,0,0,0,0,0,0,0,0,0,0,0,0,0,0,0,0,0,0,0,0,0,0,0,0,0,0,0,0,0,0,0,0,0,0,0,0,0,0,0,100,100
No Match,None,unmatched,86344,5.082,21.602,162.59333333333333,281.10369999999995,,,,0,0,0,0,0,0,0,0,0,0,0,0,0,0,0,0,0,0,0,0,0,0,0,0,0,6306.235000000001,0,0,0,0,0,0,0,0,0,0,0,0,0,0,0,0,100,100
No Match,None,unmatched,88437,2.568,21.3,162.19,281.1039,,,,0,0,0,0,0,0,0,1723.098,0,0,4002.837,0,0,0,0,4333.851,0,0,0,7165.411999999999,0,0,2201.5029999999997,1139.656,3484.29,5825.864,0,0,0,0,0,2359.4649999999997,0,3174.348,0,0,2343.5482,0,0,0,620.1088,0,100,100
No Match,None,unmatched,45705,0.72,21.468,162.815,281.11205,,,,5119.868,0,2108.511,0,0,0,0,0,1883.25,0,0,541.672,0,6285.782,0,0,0,0,0,0,0,0,0,0,0,0,0,0,0,0,0,0,1614.973,0,3345.526,1230.0720000000001,0,0,0,0,666.0216,0,100,100
No Match,None,unmatched,53994,8.306,19.771,149.8,281.9603,,,,1349.056,0,1752.761,0,0,0,0,0,0,0,0,1246.595,0,0,0,0,0,0,0,0,0,0,0,0,0,0,0,0,0,0,0,0,0,0,0,0,1494.121,0,0,0,0,0,100,100
No Match,None,unmatched,39987,3.6985,20.94,158.6,281.97670000000005,,,,2347.529,0,3338.4019999999996,6216.562,8173.248,0,6716.616,9405.862,1237.595,6083.129,2611.727,7626.9890000000005,1329.614,0,0,0,0,0,7747.906,0,0,12642.113,7373.745999999999,16111.449,6339.813,14967.519,5847.554999999999,10338.919,0,0,0,7491.762,16865.829,14475.529,6913.232,0,17178.319,0,11377.309,15390.319,0,0,100,100
No Match,None,unmatched,87551,6.807,19.78,149.99,281.9785,,,,0,0,0,0,0,0,0,0,0,0,0,0,0,0,0,0,0,0,0,0,0,0,0,0,0,0,0,0,0,0,0,0,0,1023.0400000000001,0,0,0,0,0,0,0,0,100,100
No Match,None,unmatched,76003,1.6865,21.593,163.465,282.0985,,,,0,0,0,0,0,0,3391.9309999999996,0,1700.167,0,0,0,4684.155,0,0,0,0,0,0,0,0,827.148,0,0,0,0,0,0,0,0,0,0,0,0,0,0,0,0,0,0,0,0,100,100
No Match,None,unmatched,92298,2.466,21.514,163.08,282.1071,,,,0,0,0,0,0,0,0,0,0,0,0,0,0,0,0,0,0,0,0,0,0,0,0,0,0,0,0,0,0,0,0,0,0,0,0,0,0,721.005,0,0,0,0,100,100
No Match,None,unmatched,61201,3.611,19.004,144.06,282.9091,,,,0,0,0,903.7136,0,0,0,0,0,0,0,0,0,0,0,0,0,0,0,0,0,1151.295,0,0,0,0,0,0,0,0,0,0,0,0,0,0,0,0,0,2025.24,0,0,100,100
No Match,None,unmatched,51638,0.564,20.135,152.62,282.9572,,,,0,0,0,0,0,0,0,523.4377000000001,0,0,0,0,0,0,0,0,1206.053,0,0,0,0,0,0,631.2029,1407.607,0,0,1209.122,0,0,0,0,0,0,0,0,0,0,1632.7160000000001,0,0,0,100,100
No Match,None,unmatched,37378,7.734333333333333,21.158,160.3133333333333,282.99146666666667,,,,2679.471,0,730.6468,0,0,0,3899.962,0,0,0,1077.767,0,1297.884,0,0,0,0,0,0,0,0,0,0,0,0,2188.0469999999996,0,4156.898999999999,0,0,0,0,0,0,761.4718,0,3290.5679999999998,0,0,0,0,0,100,100
No Match,None,unmatched,30193,3.707,20.009,151.61,282.9917,,,,633.7877,0,3686.2439999999997,0,0,0,0,2375.582,8269.289,0,0,0,0,0,0,0,0,0,0,0,0,4018.9289999999996,0,0,2852.4179999999997,0,1739.836,0,0,0,0,0,0,0,0,0,0,0,0,0,0,0,100,100
No Match,None,unmatched,86252,15.119937499999999,20.983,159.505,282.995225,,,,16994.0464,2616.9043,6623.856,28440.265,19518.790100000002,20062.153,11701.128600000002,13729.984699999997,8546.797999999999,27472.200999999997,24754.479999999996,14947.491,29557.4,17679.7385,25559.841,5862.0689999999995,14111.5085,25191.854,15114.780999999999,13928.365,22910.3254,19994.376800000002,7274.6492,24623.425199999998,6081.976500000001,12184.491999999998,1130.17,2144.4487,19450.407,15683.749399999999,8524.0331,24469.703,627.3005,846.8907,4280.29,4010.1450000000004,10859.351,9728.528999999999,17202.3312,15137.7246,25855.9556,19527.182,100,100
No Match,None,unmatched,19629,14.05225,21.055,159.11,282.9954,,,,1692.5040000000001,0,12049.259,11170.710000000001,3716.718,0,0,21352.96,0,17103.26,12228.365999999998,4024.0099999999998,13127.064999999999,0,11551.464,10176.0291,9024.418,667.9966000000001,2113.4359999999997,3384.836,0,0,834.4812000000001,0,0,0,0,3524.196,0,13859.014000000001,2461.48,7825.401,0,0,0,2299.441,0,0,4548.088,4120.5419999999995,13092.434999999998,0,100,100
No Match,None,unmatched,29055,13.0225,21.028,159.37,282.9952,,,,0,0,5533.142,7133.563999999999,0,3974.783,0,4859.592,628.8639000000001,6237.94,3253.9759999999997,0,6759.469,0,3223.3399999999997,6021.599999999999,5581.911999999999,4377.929999999999,0,0,0,4660.322999999999,26123.939,6562.420999999999,0,0,0,5046.264,4848.862999999999,6589.5689999999995,0,5726.992,0,0,0,0,6457.0509999999995,0,0,5122.380999999999,6225.438,0,100,100
No Match,None,unmatched,21170,1.688,20.742,157.15,283.033,,,,0,0,0,0,3963.2239999999997,0,0,0,0,2403.903,0,0,0,0,0,0,0,0,0,0,0,0,0,0,0,0,0,33825.499,0,0,0,0,0,11389.719,0,0,0,0,0,0,0,0,100,100
No Match,None,unmatched,93758,2.808,21.262,160.365,283.0677,,,,0,0,0,0,14558.469,0,0,0,0,11249.679,0,0,0,0,0,0,0,0,0,0,0,0,48564.139,0,0,0,0,99715.6796,0,0,0,9888.505,0,65878.97899999999,0,0,0,0,0,0,0,0,100,100
No Match,None,unmatched,10115,2.5425714285714283,21.23,161.79857142857142,283.11955714285716,,,,104246.98599999999,4980.322,80515.488,173912.468,3212.461,0,164869.99199999997,3656.3076,67265.077,0,5059.512,43294.83460000001,157521.42400000006,132098.595,49384.609000000004,0,55648.633,52921.299000000006,0,73547.609,79456.265,255772.352,3701.634,2264.6586,4633.914,11243.907,4333.447,5655.416,26119.409,42949.098,43643.629,6386.027,54667.468,0,0,64238.419,195436.069,30194.739,316650.051,215367.99500000002,43198.249,101302.04299999999,100,100
No Match,None,unmatched,71093,3.694,20.974,158.79,283.9735,,,,0,0,0,0,0,0,0,0,0,0,0,0,2519.5969999999998,0,0,0,0,0,0,0,0,0,0,0,0,0,0,0,0,0,0,0,0,0,0,0,0,0,0,0,0,0,100,100
No Match,None,unmatched,78783,15.997,21.122,160.07,283.997,,,,0,0,0,0,0,0,0,0,0,0,0,0,0,0,0,0,0,0,0,0,0,0,0,0,0,0,0,0,0,768.2032,0,0,0,0,0,0,0,0,0,946.7431,0,0,100,100
No Match,None,unmatched,81923,4.45,21.051,159.53,284.0375,,,,0,0,0,0,0,0,0,0,0,0,0,0,0,0,0,0,0,0,0,0,0,0,0,0,0,0,0,0,0,0,0,0,0,1442.154,0,0,0,0,0,0,0,0,100,100
No Match,None,unmatched,46556,2.943,20.97,158.85,284.9648,,,,0,0,0,0,0,0,0,3063.2819999999997,0,0,0,0,0,0,0,0,0,0,0,0,0,0,0,0,0,0,0,0,0,0,0,0,0,0,0,0,1786.676,0,2017.6390000000001,1816.9750000000001,0,0,100,100
No Match,None,unmatched,83482,11.716,20.591,156.04,284.9729,,,,0,0,0,0,0,0,0,0,0,0,0,0,0,0,0,0,0,0,0,0,0,0,1317.214,0,0,0,0,0,0,0,0,0,0,0,0,0,0,0,0,0,0,0,100,100
No Match,None,unmatched,77998,7.473,21.495,162.86,284.9732,,,,0,0,0,0,0,0,0,0,0,0,0,0,0,0,0,0,0,0,0,0,0,0,1789.763,0,0,0,0,0,0,0,0,0,0,0,0,0,0,0,0,0,0,0,100,100
No Match,None,unmatched,64271,7.5809999999999995,20.582,155.98000000000002,284.9749,,,,0,0,0,0,0,0,0,0,0,0,0,0,0,0,0,0,0,0,0,0,0,0,4751.21,0,0,0,0,0,0,0,0,0,0,0,0,0,0,0,0,0,0,0,100,100
No Match,None,unmatched,26889,4.493,20.519,155.5,284.975,,,,0,0,0,0,0,0,0,0,0,0,0,0,0,0,0,0,0,0,0,0,0,0,30945.909,0,0,0,0,0,0,0,0,0,0,0,0,0,0,0,0,0,0,0,100,100
No Match,None,unmatched,83534,2.651,21.203,159.09,285.05045,,,,0,0,0,0,0,0,0,0,0,1313.124,0,0,0,0,0,0,0,0,0,0,0,0,0,0,0,0,0,0,0,0,0,0,0,0,0,0,0,0,0,0,0,0,100,100
No Match,None,unmatched,7046,1.6404,21.282,161.272,285.08723999999995,,,,19104.129999999997,26825.709,22546.129,23197.945,0,14732.839,23468.965,36579.739,24770.733,0,8078.514999999999,38898.878,27262.707,9084.959,21055.181,27078.907,12788.009,22073.378999999997,23410.823,13970.752999999999,15555.774999999998,20425.918999999998,16717.289,27718.1,8056.505999999999,10352.0161,11073.458999999999,0,9357.002,34536.456,1039.491,19471.871,26776.487999999998,0,29041.519,11794.943,13773.168,18222.941,17959.289,34210.976,20976.395,13137.41,100,100
No Match,None,unmatched,40602,0.707,21.012,159.11,285.0985,,,,2315.269,0,0,0,0,0,0,0,1832.539,0,0,1430.624,1425.595,0,0,0,0,0,0,0,0,0,0,0,0,0,0,0,0,0,0,0,0,0,0,0,0,0,3218.81,1970.33,0,0,100,100
No Match,None,unmatched,48875,13.894,21.497,162.87,285.1193,,,,0,0,0,0,0,0,0,0,0,0,0,0,0,0,0,0,0,0,0,0,0,0,6591.456,0,0,0,0,1069.164,0,0,0,0,0,0,0,0,0,0,0,0,0,0,100,100
No Match,None,unmatched,95169,0.839,20.897,158.93,286.05055,,,,0,0,0,0,0,0,0,0,0,0,0,0,0,0,0,0,0,0,0,0,0,0,0,0,0,0,0,0,0,0,0,0,0,2802.002,0,0,0,0,0,0,0,0,100,100
No Match,None,unmatched,44525,1.486,20.005,151.41,286.9662,,,,0,0,0,0,1550.356,0,0,0,0,8174.179,0,0,0,0,0,0,0,0,0,0,0,0,0,0,0,0,0,0,0,0,0,0,0,0,0,0,0,0,0,0,0,0,100,100
No Match,None,unmatched,40789,1.59,20.982,158.59333333333333,286.9889,,,,5232.26,0,6784.111,7585.295999999999,0,0,7214.468,4725.398,7835.88,0,0,7086.138,0,0,0,0,0,0,0,0,0,9344.9843,0,0,0,2039.147,0,0,0,2651.0849999999996,0,0,11745.429,0,2520.745,0,11711.527,0,8297.82,14599.135,0,0,100,100
No Match,None,unmatched,49481,0.932,21.028,159.2,287.0428,,,,0,0,0,0,0,0,0,0,0,0,0,0,0,0,0,0,0,0,0,0,0,0,0,0,0,0,0,0,0,0,0,0,0,0,0,0,0,0,0,0,0,0,100,100
No Match,None,unmatched,35344,2.1045,20.999,158.645,287.04535,,,,0,0,0,0,0,0,0,0,0,0,0,0,0,0,0,0,0,0,0,0,0,0,0,0,0,0,0,0,0,0,0,0,0,0,0,0,0,0,0,0,0,0,100,100
No Match,None,unmatched,9409,3.8104999999999998,21.506,163.48000000000002,287.09585,,,,0,0,0,0,0,8157.549999999999,0,0,0,0,4140.273999999999,0,0,0,32540.156,4130.822,6928.370999999999,3914.4019999999996,0,21956.749,36629.797999999995,0,0,0,0,0,1815.825,0,28562.393,11658.922999999999,13847.732,0,0,25335.405,38868.576,3511.156,0,82832.658,0,0,16779.036,16294.672999999999,100,100
No Match,None,unmatched,11177,3.119,20.908,158.27,288.0004,,,,0,0,0,0,15520.889,0,922.418,0,0,15194.569,0,0,1704.092,0,0,0,0,0,3606.5809999999997,0,0,0,0,2146.761,0,0,0,18349.389,0,0,0,0,0,137316.399,0,0,0,0,0,0,0,0,100,100
No Match,None,unmatched,42401,1.9538571428571427,21.626,163.20714285714286,288.0193428571428,,,,0,225961.12299999996,11843.463,0,0,0,0,0,0,1050.933,234891.168,1454.094,0,0,0,0,0,0,0,0,0,0,157547.96399999998,0,76949.091,25397.172000000002,128903.02799999999,7941.697,0,0,0,43777.943,3094.161,694.2943,0,0,0,0,0,0,0,0,100,100
No Match,None,unmatched,9304,2.6165000000000003,20.648,156.36,288.01890000000003,,,,0,112173.799,3397.816,0,0,0,0,0,0,0,54555.689000000006,0,0,0,0,0,0,0,0,0,0,0,27428.499,0,16716.5621,9322.094,43817.859000000004,0,0,0,0,13043.2239,0,0,0,0,0,0,0,0,0,0,100,100
No Match,None,unmatched,51536,2.075,20.896,158.21,288.0196,,,,0,0,0,0,0,0,0,0,0,0,0,0,0,0,0,0,0,0,0,0,0,0,0,0,2080.68,0,0,0,0,0,0,0,0,0,0,0,0,0,0,0,0,0,100,100
No Match,None,unmatched,51073,4.714,21.142,160.12,288.0905,,,,0,0,0,0,0,0,0,0,0,0,0,0,0,0,0,0,0,0,0,0,0,0,0,0,0,0,0,0,0,0,5035.937,0,0,0,0,0,0,1776.178,0,0,0,0,100,100
No Match,None,unmatched,41460,3.298,21.785,164.91,288.0915,,,,0,5471.547,0,0,0,0,0,0,0,0,0,0,0,0,0,0,0,0,0,0,0,0,585.6248,0,0,0,5507.643,0,0,0,0,0,0,0,0,0,0,0,0,0,0,0,100,100
No Match,None,unmatched,44763,7.507,20.06,151.83,288.1155,,,,0,0,0,2021.075,0,0,1411.295,0,0,0,0,0,4289.679,0,0,0,0,0,0,0,0,1879.499,0,0,0,0,0,0,0,0,0,0,0,0,0,0,0,0,0,0,0,0,100,100
No Match,None,unmatched,46121,4.587,20.086,152.03,288.9339,,,,0,0,0,0,0,0,0,0,0,0,0,0,0,0,0,0,0,0,0,0,0,0,22066.040999999997,0,0,0,0,0,0,0,0,0,0,0,0,0,0,0,0,0,0,0,100,100
No Match,None,unmatched,72280,3.104,20.073,152.04,288.9349,,,,0,0,0,0,0,0,0,0,0,0,0,0,0,0,0,0,0,0,0,0,0,0,2379.08,0,0,0,0,0,0,0,0,0,0,0,0,0,0,0,0,0,0,0,100,100
No Match,None,unmatched,79354,0.527,20.123,152.41,288.9986,,,,0,0,0,0,0,0,0,0,0,0,0,0,0,0,0,0,0,0,0,0,0,0,0,0,0,0,0,0,0,0,1232.3,0,0,0,0,0,0,0,0,0,0,0,100,100
No Match,None,unmatched,68141,6.47,20.989,158.94,289.0173,,,,0,0,0,0,0,0,0,0,0,0,0,0,0,0,0,0,0,0,0,0,0,0,0,0,0,0,0,0,0,0,0,0,0,2912.0269999999996,0,0,0,0,0,0,0,0,100,100
No Match,None,unmatched,94504,2.607,21.164,160.26,289.0638,,,,0,0,0,0,0,0,0,0,0,0,0,0,0,0,0,0,0,0,0,0,0,0,0,0,0,0,0,0,0,0,0,0,0,0,0,0,0,0,0,0,0,0,100,100
No Match,None,unmatched,35882,2.2595,20.829,157.70999999999998,289.0705,,,,0,0,0,0,0,0,0,0,0,0,0,21280.521999999997,0,0,0,0,0,0,0,0,0,0,0,0,0,0,0,0,0,0,0,0,0,0,0,0,0,0,0,0,0,0,100,100
No Match,None,unmatched,15192,2.91,21.716,164.37,289.075,,,,0,0,0,0,2089.093,0,0,0,0,2759.232,0,0,0,0,0,0,0,0,0,0,0,0,7591.034,0,0,0,0,3819.1169999999997,0,0,0,34764.679000000004,0,52932.929000000004,0,0,0,0,0,0,0,0,100,100
No Match,None,unmatched,54255,6.44,21.387,161.94,289.1125,,,,0,0,0,0,0,0,0,0,0,0,0,0,0,0,0,0,0,0,0,0,0,0,0,0,0,0,0,0,0,0,0,5767.035,0,0,0,0,0,0,0,0,0,0,100,100
No Match,None,unmatched,4500,4.973,19.379,146.7,289.9131,,,,30668.999,33137.049000000006,39662.679000000004,55807.329000000005,51309.059,0,0,24031.009,30533.929,90878.909,52424.569,16201.128999999999,8690.417,22004.439,0,0,0,0,21017.199,0,0,13301.208999999999,27663.949,65795.969,54240.649000000005,39374.219000000005,30941.579,44225.749,0,0,0,63456.509000000005,24298.999,69328.97899999999,53104.609000000004,0,35097.469000000005,0,39842.309,39815.959,0,0,100,100
No Match,None,unmatched,7691,2.783,20.234,153.065,289.9134,,,,14306.179,15242.949,10158.909,14545.298999999999,27744.139,0,0,15567.699,6060.629,26069.939,21146.569,8543.284,1758.006,5384.763,0,0,0,0,9324.512,0,0,3038.58,8257.622,35829.059,12341.179,22320.119,9778.739,28700.989,0,0,0,22537.909,12081.219,22221.799,19247.329,0,5555.083,0,16750.099,10479.899,0,0,100,100
No Match,None,unmatched,85353,4.063,20.068,151.81,289.9166,,,,1173.9660000000001,0,0,0,0,0,0,0,0,0,0,0,0,0,0,0,0,0,0,0,0,0,0,0,0,0,0,0,0,0,0,0,0,0,0,0,0,0,0,0,0,0,100,100
No Match,None,unmatched,57431,1.255,21.134,160.01,290.0562,,,,0,0,0,0,0,0,0,0,0,0,0,0,0,0,0,0,0,0,995.0224000000001,0,0,0,0,0,0,2599.894,0,0,0,0,0,0,0,0,1319.077,0,0,0,0,0,0,0,100,100
No Match,None,unmatched,45658,0.688,21.059,159.36,290.0701,,,,0,0,0,1266.766,0,0,1975.306,0,0,0,0,0,0,0,0,0,0,0,0,0,0,3379.104,0,0,0,0,0,0,0,0,0,0,0,0,0,0,2488.7729999999997,0,0,0,0,0,100,100
No Match,None,unmatched,6820,1.6402,21.802,164.956,290.10442,,,,92140.16799999999,0,55422.169,11183.277,0,1342.3020000000001,22630.696,0,13641.161,0,0,47062.499,14902.107,33499.596099999995,2007.636,2018.261,0,10944.0414,0,3305.979,7913.8099999999995,10907.059,0,0,0,0,7839.444,0,1675.1592,11072.679,0,0,80994.89099999999,0,1937.32,0,30170.8211,1807.092,140405.218,35706.305,3940.763,15166.216999999999,100,100
No Match,None,unmatched,78875,4.945,19.369,146.68,290.9167,,,,0,0,0,0,0,0,0,0,0,0,0,0,0,0,0,0,0,0,0,0,0,0,0,0,0,0,0,0,0,0,0,0,0,1706.6770000000001,0,0,0,0,0,0,0,0,100,100
No Match,None,unmatched,86119,8.278,21.876,165.58,291.0813,,,,0,0,0,0,0,0,0,0,0,0,0,0,0,0,0,0,0,0,0,0,0,0,0,0,0,1116.996,0,0,0,0,0,0,0,0,0,0,0,0,0,0,0,0,100,100
No Match,None,unmatched,45263,0.7818181818181817,20.441,154.47181818181818,291.08388181818185,,,,33474.636,14388.460999999998,24408.068,7447.571,2432.0879999999997,24573.269,5721.268,0,24328.685,0,65056.82200000001,16145.313,32632.612,28553.191,10497.534,38776.748999999996,44843.316,62465.225000000006,22407.587,34621.304000000004,31427.408000000003,6017.959,40627.3732,3424.7709999999997,0,25027.624,3177.6049999999996,33342.405,17397.7307,32633.582000000002,42251.234,23188.558999999997,13152.813,8696.831999999999,2228.712,56668.765,4771.889999999999,24767.71,2991.7799999999997,875.2090000000001,48296.3523,74112.41799999999,100,100
No Match,None,unmatched,87335,1.683,21.475,162.39,291.0823,,,,0,0,0,0,0,0,1038.038,0,0,0,0,0,0,0,0,0,0,0,0,0,0,0,0,0,0,0,0,0,0,0,0,0,0,0,0,0,0,0,0,0,0,0,100,100
No Match,None,unmatched,1906,3.1559999999999997,21.69,164.8,291.09125,,,,26254.269,0,223610.07800000004,40520.239,149259.298,34787.793,223097.40800000002,0,135161.948,175943.718,0,67539.778,250647.848,43491.352000000006,68291.198,210020.538,53059.93800000001,133521.038,335808.458,145324.288,63339.228,128448.80799999999,640539.898,251023.858,0,0,0,616855.7980000001,70750.778,63290.74800000001,249874.238,149178.20799999998,124695.308,797968.998,218341.288,218848.168,86208.418,54517.748,59131.899000000005,50424.149000000005,79107.808,58100.32800000001,100,100
No Match,None,unmatched,22830,11.004,20.175,152.65,291.8905,,,,0,0,2238.076,3122.153,1185.632,0,7770.299,0,10271.019,5995.6449999999995,0,4450.148999999999,0,0,0,0,0,0,0,0,0,0,0,2567.6969999999997,0,0,1807.25,0,0,0,0,0,0,0,642.9341000000001,0,0,0,2878.874,818.7812,0,0,100,100
No Match,None,unmatched,9536,4.97,19.376,146.68,291.9109,,,,0,0,0,0,52857.629,0,0,0,0,0,0,0,0,0,0,0,0,0,0,0,0,0,0,67877.949,0,0,0,0,0,0,0,68261.11899999999,0,0,0,0,36946.539000000004,0,39455.769,0,0,0,100,100
No Match,None,unmatched,26070,2.77,20.191,152.78,291.912,,,,0,0,0,0,31934.679,0,0,0,0,0,0,0,0,0,0,0,0,0,0,0,0,1024.163,0,0,0,0,0,0,0,0,0,0,0,0,0,0,0,0,0,0,0,0,100,100
No Match,None,unmatched,84951,4.027,20.073,151.89,291.9128,,,,792.0026,0,0,0,0,0,0,0,0,0,0,0,0,0,0,0,0,0,0,0,0,0,0,0,0,0,0,0,0,0,0,0,0,0,0,0,0,0,0,0,0,0,100,100
No Match,None,unmatched,15034,0.587,20.775,158.10500000000002,292.072,,,,0,0,0,0,2026.6100000000001,1412.151,0,17483.239,0,14059.2734,0,4224.083,0,0,726.3334,2619.3959999999997,0,0,0,0,0,0,0,11555.339,0,0,8177.437,5049.873,0,0,968.8016,10190.339,0,9461.408,18891.229,0,0,0,0,0,0,0,100,100
No Match,None,unmatched,89962,0.656,4.886,37.48,292.0715,,,,0,0,0,0,0,0,0,0,0,0,0,0,0,0,0,0,0,0,0,0,0,0,0,0,0,870.3222000000001,0,0,0,0,0,0,0,0,0,0,0,0,0,0,0,0,100,100
No Match,None,unmatched,91129,0.59,5.839,44.53,292.0783,,,,797.1927000000001,0,0,0,0,0,0,0,0,0,0,0,0,0,0,0,0,0,0,0,0,0,0,0,0,0,0,0,0,0,0,0,0,0,0,0,0,0,0,0,0,0,100,100
No Match,None,unmatched,39140,0.552,21.51,162.67,292.082,,,,3020.6749999999997,0,1438.308,0,1493.882,0,0,0,1669.349,0,0,0,0,2367.662,0,0,0,0,0,0,0,2157.4739999999997,0,0,0,0,0,0,0,0,0,0,0,0,0,1114.008,0,0,0,0,0,0,100,100
No Match,None,unmatched,2535,0.8543333333333334,21.274,161.47666666666666,292.08643333333333,,,,235807.83800000002,94854.097,206065.43800000002,211342.458,2841.9179999999997,7892.717999999999,214396.28800000003,41914.208,140098.468,3030.98,15940.139,117598.69799999999,257741.178,278215.028,43109.789000000004,33984.84,66405.535,76994.74799999999,20892.567,67386.238,46699.22900000001,239448.61800000002,33785.559,25974.246,0,26163.78,24487.222999999998,22901.818,53188.125,55175.771,51996.078,28179.621300000003,172079.61800000002,7627.164,62436.04800000001,60633.96200000001,320520.548,96962.198,196197.518,104614.64799999999,67500.428,55866.061,100,100
No Match,None,unmatched,76700,3.298,21.742,164.54,292.1123,,,,0,0,0,0,0,0,0,0,0,0,0,0,0,0,0,0,0,0,0,0,0,0,0,0,0,0,0,0,0,0,0,0,0,0,0,0,0,0,0,0,0,0,100,100
No Match,None,unmatched,44649,2.825,21.66,163.9,293.0478,,,,0,0,0,0,0,0,0,0,0,0,0,0,0,0,0,0,0,0,0,0,0,0,0,0,0,0,0,0,0,0,0,9662.5,0,0,0,0,0,0,0,0,0,0,100,100
No Match,None,unmatched,35070,4.089,21.546,163.04,293.0536,,,,0,0,0,0,0,0,0,0,0,0,0,0,0,0,0,0,0,0,0,0,0,0,0,0,0,0,0,9158.31,0,0,0,0,0,7984.291,0,0,0,0,0,0,0,0,100,100
No Match,None,unmatched,94047,1.289,21.261,160.89,293.0548,,,,0,0,0,0,0,0,0,0,0,0,0,0,0,0,0,0,0,0,0,0,0,0,0,0,0,582.0886,0,0,0,0,0,0,0,0,0,0,0,0,0,0,0,0,100,100
No Match,None,unmatched,73349,4.598,21.443,162.27,293.0563,,,,0,0,0,0,0,0,0,0,0,0,0,0,0,0,0,0,0,0,0,0,0,0,0,0,0,0,0,0,0,0,0,0,0,2258.296,0,0,0,0,0,0,0,0,100,100
No Match,None,unmatched,84617,0.777,21.316,161.22,293.0917,,,,0,0,0,0,0,0,0,0,0,0,0,0,0,0,0,0,0,0,0,0,0,0,0,0,0,0,0,0,0,0,0,0,0,0,0,0,0,0,0,0,0,0,100,100
No Match,None,unmatched,81546,2.448,21.544,163.03,293.1056,,,,0,0,0,0,0,0,0,0,0,0,0,0,0,0,0,0,0,0,0,0,0,0,0,0,0,0,0,0,0,0,0,0,0,1474.81,0,0,0,0,0,0,0,0,100,100
No Match,None,unmatched,78492,0.6185,20.878,157.655,294.06759999999997,,,,1600.95,0,3416.435,0,0,0,0,5458.999,0,1265.527,0,3139.296,1825.321,2992.0449999999996,0,0,672.7505,0,0,0,0,0,0,0,0,0,0,0,0,0,0,1400.256,2066.468,0,5378.137,0,0,0,0,0,0,0,100,100
No Match,None,unmatched,90023,2.492,21.895,165.65,294.0835,,,,0,0,0,0,0,0,0,0,0,0,0,0,0,0,0,0,0,0,0,0,0,0,0,0,0,0,0,0,0,0,0,0,0,0,0,0,0,0,0,0,0,0,100,100
No Match,None,unmatched,9780,0.8203333333333335,21.43,162.08666666666667,294.10190000000006,,,,29514.812,11940.619,7055.57,40045.732,2602.9399999999996,0,36370.258,4511.307,4424.208,1405.8020000000001,0,4659.873,49493.778000000006,7527.201,0,0,0,5710.516,3220.2679999999996,9985.01,2055.582,16490.380999999998,4778.294,0,2964.633,0,0,1164.363,1387.199,0,1723.124,0,33068.768000000004,0,13805.127700000001,7475.4159,70317.32800000001,12224.639,9244.597,19197.808,0,5173.573,100,100
No Match,None,unmatched,88144,1.93,19.703,149.11,294.9069,,,,0,0,0,0,0,0,0,0,0,0,0,0,0,0,0,0,0,985.4830000000001,0,0,0,0,0,0,0,0,0,0,0,0,0,0,0,0,0,0,0,0,0,0,0,0,100,100
No Match,None,unmatched,12571,4.967,19.958,150.96,294.9286,,,,7287.973,0,4410.611,3120.47,3104.9249999999997,0,0,5786.92,2568.031,2164.718,980.2343000000001,9816.258,0,2820.035,0,0,0,0,5240.616,0,0,7398.928,7448.174,16536.839,15967.619,6433.157,0,10456.089,0,0,0,4549.175,1416.492,6643.557,8157.5199999999995,0,11343.378999999999,0,3596.5319999999997,5109.382,0,0,100,100
No Match,None,unmatched,81243,1.0816666666666668,20.485,155.40333333333334,294.99586666666664,,,,0,0,2108.1859999999997,0,0,0,0,0,2921.839,1089.386,0,0,6404.353,0,0,2736.8849999999998,0,5654.121999999999,3480.7509999999997,0,0,537.9251,2728.0249999999996,0,0,0,0,0,0,0,26396.511,3387.006,0,0,0,0,0,0,0,0,0,0,100,100
No Match,None,unmatched,82066,0.88,20.611,155.95,294.9996,,,,0,0,0,0,0,0,0,0,0,0,0,0,0,0,0,0,0,0,0,0,0,0,0,0,0,0,0,0,0,0,1430.89,0,0,0,0,0,0,0,0,0,0,0,100,100
No Match,None,unmatched,35203,5.4025,21.791,165.72500000000002,295.06975,,,,0,0,0,0,0,0,0,0,0,0,0,0,0,0,0,0,0,0,0,0,0,0,0,0,0,0,0,32508.541999999998,0,0,0,0,0,23847.818,0,0,1326.501,0,0,0,0,0,100,100
No Match,None,unmatched,66881,1.452,21.179,160.23,295.0841,,,,0,0,0,0,0,0,0,0,0,0,0,0,0,0,0,0,0,0,0,0,0,0,0,0,0,0,0,0,0,0,0,0,0,0,0,0,3093.2659999999996,0,0,0,0,0,100,100
No Match,None,unmatched,85715,5.235,21.545,162.82,295.1034,,,,0,0,0,0,1146.554,0,0,0,0,0,0,0,0,0,0,0,0,0,0,0,0,0,0,0,0,0,0,0,0,0,0,0,0,0,0,0,0,0,0,0,0,0,100,100
No Match,None,unmatched,28845,5.342,21.503,162.6,295.1065,,,,0,0,0,0,3423.609,0,0,0,0,1185.142,0,0,0,0,0,0,0,0,0,0,0,0,6773.999,0,0,0,0,13689.609,0,0,0,1436.759,0,0,0,0,0,0,0,0,0,0,100,100
No Match,None,unmatched,87580,10.495,20.147,152.43,295.939,,,,0,0,0,0,0,0,0,0,0,0,0,0,0,0,0,0,0,0,0,0,0,0,0,0,0,0,0,0,0,0,0,0,0,1020.629,0,0,0,0,0,0,0,0,100,100
No Match,None,unmatched,19648,1.807,21.632,163.61,296.08052499999997,,,,0,0,0,0,3581.5609999999997,0,0,0,0,11157.798999999999,12813.92,0,0,0,0,0,0,0,0,0,0,0,101498.799,0,162200.04,0,3535.7479999999996,7843.1143999999995,0,0,0,59268.253000000004,0,6678.905,2009.828,0,0,0,0,0,0,0,100,100
No Match,None,unmatched,64582,2.555,21.987,166.18,296.1136,,,,0,0,0,0,0,0,0,0,1057.708,0,0,0,806.0987,0,0,0,0,0,0,0,0,1583.924,0,0,0,0,0,0,0,0,0,0,0,0,0,0,0,0,0,0,0,0,100,100
No Match,None,unmatched,83943,1.962,19.487,147.28,296.9054,,,,0,0,0,0,1280.477,0,0,0,0,0,0,0,0,0,0,0,0,0,0,0,0,0,0,0,0,0,0,0,0,0,0,0,0,0,0,0,0,0,0,0,0,0,100,100
No Match,None,unmatched,50488,4.976,19.936,150.66,296.9251,,,,0,1284.799,0,0,0,0,0,0,0,2415.959,3335.1459999999997,0,0,0,0,0,0,0,0,0,0,0,0,0,0,0,0,0,0,0,0,0,0,0,0,0,0,0,0,0,0,0,100,100
No Match,None,unmatched,62618,3.668,20.025,151.49,296.9355,,,,0,0,0,0,0,0,0,0,0,0,0,0,0,0,0,0,0,0,0,0,0,0,0,0,0,0,0,0,0,0,0,0,0,0,0,0,0,0,3809.086,0,0,0,100,100
No Match,None,unmatched,61662,11.874,17.664,133.65,296.9785,,,,0,0,0,0,0,0,0,0,0,1598.367,0,0,0,0,0,0,0,0,674.6459,0,0,0,0,0,0,0,0,0,0,0,0,0,0,0,1717.362,0,0,0,0,0,0,0,100,100
No Match,None,unmatched,70976,1.733,20.3,153.4,296.9802,,,,0,0,1801.278,0,0,0,0,732.2555,0,0,0,0,0,0,0,0,0,0,0,0,0,0,0,0,0,0,0,0,0,0,0,0,0,0,0,0,0,0,0,0,0,0,100,100
No Match,None,unmatched,22751,3.1334999999999997,21.177,160.185,296.99375,,,,0,0,0,0,2951.89,0,0,0,0,0,0,0,10853.345,0,0,0,0,0,4327.234399999999,0,0,0,0,0,0,0,0,8941.556799999998,0,0,0,0,0,29517.565000000002,0,0,0,0,0,0,0,0,100,100
No Match,None,unmatched,34662,14.591454545454546,21.832,165.19727272727275,297.04771363636354,,,,501548.78799999994,812379.7820000001,857098.2300000001,815033.9980000001,601152.618,521727.21700000006,364836.41300000006,554390.5090000001,542558.079,615538.148,440831.96900000004,422796.731,547440.692,739999.5380000001,564126.125,483587.152,495501.26300000004,707990.409,458762.0450000001,564360.4090000001,521137.72199999995,492549.48699999996,326016.697,531266.47,532614.272,555720.968,397792.56500000006,458821.048,511759.2298,502765.366,363873.71499999997,809216.2619999999,313677.26009999996,550791.856,484481.80199999997,345365.082,885032.196,818815.297,574800.3939999999,421242.84699999995,539799.41,657594.127,100,100
No Match,None,unmatched,6319,11.221,21.864,165.31,297.04825,,,,32588.489,13385.819,10443.779,22034.979,19050.599,16982.299,22032.379,14674.878999999999,14555.378999999999,5507.053,15156.519,14946.798999999999,26610.849,9333.145,12110.619,16767.309,16327.539,17871.629,3256.1079999999997,7110.885,16343.199,6816.782999999999,9642.417,8957.591,12218.878999999999,7987.066,12480.429,9206.712,8725.214,11404.499,31833.909,9538.835,905.2242,7491.422,9198.637,11061.509,7579.344,4087.189,16784.789,14237.859,49378.609000000004,9431.569,100,100
No Match,None,unmatched,10805,14.057333333333332,21.849,165.29,297.04906666666665,,,,0,0,0,0,0,0,0,0,0,0,0,0,1078.247,4366.8278,38112.339,34770.819,0,0,0,0,0,0,0,0,0,35987.929000000004,0,0,0,0,0,0,51772.629,2953.3149999999996,45478.629,693.6888,0,0,0,0,0,0,100,100
No Match,None,unmatched,51047,8.2155,21.048,162.51999999999998,297.0486,,,,0,2944.3419999999996,2304.23,3514.759,0,0,0,4053.3999999999996,0,0,0,0,0,0,0,0,0,1823.9850000000001,0,0,0,0,0,0,0,0,0,6607.200999999999,2562.5269999999996,0,0,758.258,0,6520.276,887.1628000000001,0,0,0,0,4091.625,0,0,100,100
No Match,None,unmatched,89126,9.477,21.942,165.93,297.0491,,,,0,0,0,0,0,0,0,0,0,0,0,0,0,0,0,0,0,922.63,0,0,0,0,0,0,0,0,0,0,0,0,0,0,0,0,0,0,0,0,0,0,0,0,100,100
No Match,None,unmatched,38026,3.217,21.984,166.25,297.0492,,,,0,0,0,0,0,0,0,0,0,0,0,0,0,0,0,0,0,0,0,0,0,0,10454.589,0,0,0,0,3780.4109999999996,0,0,0,0,0,0,0,0,0,0,0,0,0,0,100,100
No Match,None,unmatched,93252,1.47775,21.498,162.745,297.09865,,,,63661.22900000001,15192.729,47682.609000000004,95467.1357,1333.993,2594.7479999999996,69616.857,0,34237.1338,1265.266,7256.505999999999,19059.769,40207.687000000005,43981.672000000006,10849.2503,6413.275,5475.3679999999995,21631.679,723.4602,8708.044,10612.479,174479.181,650.7313,4442.565,0,0,1595.971,3761.392,4105.362,6738.264,7909.748,1474.848,62698.299000000006,0,1548.275,18426.989,148243.238,8667.858,201627.399,61790.359000000004,11946.829,12454.174,100,100
No Match,None,unmatched,25017,1.2539999999999998,21.674,163.75333333333333,297.10999999999996,,,,1615.01,0,5339.840999999999,5240.4259999999995,0,0,5661.522,0,2765.194,0,0,0,2501.4959999999996,1046.628,0,0,0,0,0,0,0,4229.915,0,0,0,0,0,0,0,0,0,0,11214.353,0,0,0,5164.187,0,29283.217999999997,7911.599,0,0,100,100
No Match,None,unmatched,80491,3,21.538,162.87,297.9314,,,,0,0,0,0,0,0,0,0,0,0,0,0,0,0,0,0,0,0,0,0,0,1564.7640000000001,0,0,0,0,0,0,0,0,0,0,0,0,0,0,0,0,0,0,0,0,100,100
No Match,None,unmatched,95370,6.403,20.214,152.9,297.9365,,,,0,0,0,0,0,0,0,0,0,0,0,0,0,0,0,0,0,0,0,0,0,0,0,0,0,0,0,0,0,0,0,0,0,0,0,0,0,0,0,0,0,0,100,100
No Match,None,unmatched,88846,1.218,20.618,155.93,297.9917,,,,0,0,0,0,0,0,0,0,0,0,0,0,0,0,0,0,0,0,0,0,0,0,0,0,0,0,0,940.5605,0,0,0,0,0,0,0,0,0,0,0,0,0,0,100,100
No Match,None,unmatched,1826,5.903,21.478,162.31,298.9789,,,,0,5451.0509999999995,0,0,146547.799,0,0,95785.569,0,131254.59900000002,0,0,0,0,0,0,0,0,0,0,0,0,1282622.999,0,0,1040903.999,0,1612475.999,0,0,0,342026.799,0,146884.59900000002,0,0,0,0,0,0,0,0,100,100
No Match,None,unmatched,87384,11.18,19.782,149.61,298.9791,,,,0,0,0,0,0,0,0,0,0,0,0,0,0,0,0,0,0,0,0,0,0,0,0,0,0,0,0,0,0,0,0,0,0,0,0,0,0,0,1034.445,0,0,0,100,100
No Match,None,unmatched,3422,3.307,22.077,166.84,298.9794,,,,0,10086.949,0,0,424023.39900000003,0,0,3657.5009999999997,0,9112.778,6698.732,0,0,0,0,0,0,0,22634.529,0,0,0,85634.299,69389.299,77717.309,552641.799,15344.749,161313.299,0,0,0,131804.899,0,175863.399,0,0,0,0,0,0,0,0,100,100
No Match,None,unmatched,14729,8.987,21.18,160.15,298.9899,,,,0,0,0,0,0,0,0,0,0,0,0,0,0,0,0,0,0,0,0,0,0,0,110656.39899999999,0,0,0,0,0,0,0,0,0,0,0,0,0,0,0,0,0,0,0,100,100
No Match,None,unmatched,56952,4.509,21.194,160.25,298.9902,,,,0,0,0,0,0,0,0,0,0,0,0,0,0,0,0,0,0,0,0,0,0,0,5025.159,0,0,0,0,0,0,0,0,0,0,0,0,0,0,0,0,0,0,0,100,100
No Match,None,unmatched,45611,10.982,21.143,159.87,298.9903,,,,0,0,0,0,0,0,0,0,0,0,0,0,0,0,0,0,0,0,0,0,0,0,9139.860999999999,0,0,0,0,0,0,0,0,0,0,0,0,0,0,0,0,0,0,0,100,100
No Match,None,unmatched,39455,7.3165,21.146,160.04,298.9905,,,,0,0,0,0,0,0,0,0,0,0,0,0,0,0,0,0,0,0,0,0,0,0,59191.468,0,0,0,0,0,0,0,0,0,0,0,0,0,0,0,0,0,0,0,100,100
No Match,None,unmatched,9796,13.527,21.8,164.495,299.0274,,,,9751.508,7587.848,2965.7389999999996,9454.234999999999,13313.039,9503.489,5580.736,3658.461,4571.162,13009.905,10109.589,11151.458999999999,17644.899999999998,11592.124,7746.307999999999,10256.298999999999,11948.949,7846.091999999999,1633.243,0,3990.5139999999997,0,25768.707300000002,0,13856.389,0,0,14343.339,5787.9169999999995,1666.164,7610.536,6659.581,3453.435,0,2886.5649999999996,6208.53,0,1958.787,3479.129,4765.376,19981.736,2174.4689999999996,100,100
No Match,None,unmatched,38015,13.328,21.821,164.88,299.0268,,,,0,0,0,0,3317.442,1007.557,0,0,0,0,0,1050.992,747.1827000000001,1004.35,0,0,867.7131,3288.1659999999997,0,0,0,0,0,0,0,0,0,0,0,0,863.7198000000001,0,0,0,0,0,0,0,0,0,2097.2549999999997,0,100,100
No Match,None,unmatched,10233,10.867666666666667,21.95,165.17999999999998,299.0278,,,,0,0,2316.4599999999996,0,0,2001.8600000000001,0,0,0,0,0,569.1972000000001,0,0,0,0,0,0,0,0,0,0,231813.899,1179.367,0,0,0,0,0,0,0,0,0,1016.0880000000001,0,0,0,0,1099.821,0,581.3605,0,100,100
No Match,None,unmatched,8260,10.1035,21.821,164.92000000000002,299.0271,,,,22091.891,6836.267,15109.127,22400.818,23865.436999999998,19193.627,14594.766,14829.707,9005.815999999999,11522.359,9532.010199999999,20219.010000000002,27863.793,9575.521,19397.553,22874.37,19237.809,28663.989,1339.9750000000001,12357.342999999999,15167.198,7782.646000000001,0,5555.721,5115.196,12472.55,2032.13,7030.358,4996.746999999999,11779.742,15000.329,10020.267,0,3477.9024,7867.852999999999,4363.585,2383.9219999999996,2227.7839999999997,17229.043999999998,14392.363000000001,16401.12,9323.875,100,100
No Match,None,unmatched,10503,11.549,21.828,164.745,299.0272,,,,19074.385,14032.355,6185.781,23211.758,16522.025999999998,7075.228999999999,4864.32,11091.184,15466.015,5307.724,11444.895,13719.436,23666.7907,3501.1899999999996,5965.153,7145.874,11014.601999999999,19121.248499999998,0,2301.0359999999996,13287.109999999999,0,99981.92700000001,3752.1769999999997,2816.282,9913.935,12116.829,7044.236999999999,1757.8907000000002,6394.924,11640.7866,7333.036999999999,0,0,6357.11,7554.071999999999,4376.829,1828.315,15518.488,9411.056,13598.659,1988.3704000000002,100,100
No Match,None,unmatched,15436,9.244,21.959,166.01,299.0273,,,,0,0,0,0,0,0,0,0,0,0,0,0,0,0,0,0,0,0,0,0,0,0,100511.299,0,0,0,0,0,0,0,0,0,0,0,0,0,0,0,0,0,0,0,100,100
No Match,None,unmatched,15745,8.348,21.816,164.88,299.0274,,,,9751.508,7587.848,2965.7389999999996,9454.234999999999,13313.039,9503.489,5580.736,3658.461,4571.162,13009.905,10109.589,11151.458999999999,17644.899999999998,11592.124,7746.307999999999,10256.298999999999,11948.949,7846.091999999999,1633.243,0,3990.5139999999997,0,25768.707300000002,0,13856.389,0,0,14343.339,5787.9169999999995,1666.164,7610.536,6659.581,3453.435,0,2886.5649999999996,6208.53,0,1958.787,3479.129,4765.376,19981.736,2174.4689999999996,100,100
No Match,None,unmatched,92367,15.881,21.64,163.61,299.0293,,,,0,0,0,0,0,0,0,0,0,0,0,0,0,0,0,0,0,0,0,0,0,0,0,0,0,0,0,0,0,0,0,0,0,0,0,0,0,0,0,0,0,0,100,100
No Match,None,unmatched,30130,14.981,21.817,164.9,299.0395,,,,0,0,0,0,0,0,0,0,0,0,0,0,3580.8979999999997,0,0,0,0,7004.413,0,0,0,0,0,0,0,0,0,0,0,0,0,0,0,0,2987.14,0,0,0,0,0,0,0,100,100
No Match,None,unmatched,82658,9.456,21.868,165.33,299.0427,,,,0,0,0,0,0,0,0,0,0,0,0,0,0,0,0,0,0,0,0,0,0,0,0,0,0,0,0,0,0,0,0,0,0,0,0,0,0,0,1384.559,0,0,0,100,100
No Match,None,unmatched,95282,15.546999999999999,21.742,164.90833333333333,299.0452666666667,,,,0,0,0,0,0,0,12053.659,0,0,8724.556,0,0,0,18935.532,0,2588.924,7549.867,0,3851.33,0,13879.439,0,0,0,4496.5779999999995,0,2110.1068,0,14420.332999999999,0,10338.319,0,10036.787,8200.665,0,7393.473999999999,21860.599,6711.398,3038.508,7699.2919999999995,7095.74,8233.725,100,100
No Match,None,unmatched,72341,3.268,21.977,166.14,299.0605,,,,0,0,0,0,0,0,0,0,0,0,0,0,0,0,0,0,0,0,0,0,0,0,0,0,0,0,0,0,0,0,0,0,0,0,0,0,0,0,0,0,0,0,100,100
No Match,None,unmatched,28140,2.7123333333333335,21.496,162.40333333333334,299.06316666666663,,,,0,0,0,0,336132.08700000006,0,0,0,0,424166.864,0,0,0,0,0,0,0,0,0,0,0,0,146317.528,0,0,0,0,543601.798,0,0,0,68680.26800000001,0,364573.793,0,0,0,0,0,0,0,0,100,100
No Match,None,unmatched,20584,1.9267499999999997,21.587,162.88,299.06435000000005,,,,0,0,0,0,45892.238,0,0,0,0,37429.686,0,0,0,0,0,0,0,0,0,0,0,0,0,0,0,0,0,36828.4994,0,0,0,0,0,10573.734,0,0,0,0,0,0,0,0,100,100
No Match,None,unmatched,19030,1.728,21.847,165.14,299.071,,,,0,0,0,0,0,0,0,58156.459,0,0,0,0,0,0,0,0,0,0,0,0,0,0,0,0,0,2400.9219999999996,0,0,0,1797.713,0,0,0,0,0,0,0,0,0,0,0,0,100,100
No Match,None,unmatched,48347,1.73025,22.038,166.41000000000003,299.1143,,,,0,16453.37,23055.725000000002,3745.895,0,0,0,0,789.6145,0,2656.8619999999996,0,0,0,868.3401,0,1938.523,1690.046,0,0,1306.849,4074.919,0,0,0,0,0,0,0,0,0,2219.99,5850.778,0,0,0,15874.189,3040.8379999999997,8079.357999999999,3701.0299999999997,1179.7540000000001,0,100,100
No Match,None,unmatched,94270,5.34,17.554,132.82,299.9481,,,,0,0,0,0,0,0,0,0,0,0,0,0,0,0,0,0,0,0,0,0,0,0,0,0,0,0,0,0,0,0,0,0,0,0,0,0,0,0,0,0,0,0,100,100
No Match,None,unmatched,85858,8.33,17.628,133.13,299.98865,,,,3677.1519999999996,0,1938.304,0,4426.889999999999,3787.8849999999998,3628.0469999999996,3213.9379999999996,1781.284,2024.867,4938.048,6347.461,4217.414,3566.8579999999997,2327.488,3940.77,8426.257,3920.3439999999996,6261.557,8098.196,6785.702,3985.326,5473.544,4248.7978,5112.99,2824.756,4431.51,3193.102,2972.792,4632.4259999999995,3175.627,5118.293,4788.267,6496.642,4158.535,3350.863,5119.998,8391.208999999999,2462.069,5119.728999999999,6602.549,6209.552,100,100
No Match,None,unmatched,67666,0.543,20.624,155.77,300.025,,,,0,0,0,0,0,0,0,0,0,0,0,0,2980.218,0,0,0,0,0,0,0,0,0,0,0,0,0,0,0,0,0,0,0,0,0,0,0,0,0,0,0,0,0,100,100
No Match,None,unmatched,81464,7.696,21.819,164.93,300.0305,,,,0,0,0,0,0,0,0,0,0,0,0,0,0,0,0,0,0,0,0,0,0,0,1085.637,0,0,0,0,0,0,0,0,0,0,0,0,0,0,0,0,0,0,0,100,100
No Match,None,unmatched,90503,0.56,21.037,159.04,300.042,,,,0,0,0,0,0,0,0,0,0,0,0,0,0,0,0,0,0,0,0,0,0,0,0,836.1149,0,0,0,0,0,0,0,0,0,0,0,0,0,0,0,0,0,0,100,100
No Match,None,unmatched,55947,0.596,21.049,158.94666666666666,300.0514,,,,2193.486,0,9893.958999999999,6112.2600999999995,0,0,0,3441.1459999999997,6167.2122,0,0,2290.8999999999996,3934.1139999999996,14783.079,0,0,0,0,0,0,0,15152.259,0,0,0,0,0,0,0,0,1993.535,0,8233.351999999999,2131.8109999999997,2005.896,0,15729.909,735.6009,9802.487,3887.5049999999997,1686.0620000000001,0,100,100
No Match,None,unmatched,90707,4.171,22.013,166.23,300.093,,,,0,823.8331000000001,0,0,0,0,0,0,0,0,0,0,0,0,0,0,0,0,0,0,0,0,0,0,0,0,0,0,0,0,0,0,0,0,0,0,0,0,0,0,0,0,100,100
No Match,None,unmatched,43517,2.114,20.782,157.195,300.9887,,,,0,0,0,0,0,0,0,0,0,1183.506,0,0,0,0,0,0,0,0,0,0,0,0,0,0,0,0,0,11187.130599999999,0,0,0,0,0,2053.5119999999997,0,0,0,0,0,0,0,0,100,100
No Match,None,unmatched,93346,5.193,21.948,165.88,301.0429,,,,0,0,0,0,0,0,0,0,0,0,0,0,0,0,0,0,0,0,0,0,0,0,0,0,0,0,0,0,0,0,0,0,0,0,642.7388,0,0,0,0,0,0,0,100,100
No Match,None,unmatched,30257,1.641,21.462,161.9025,301.05224999999996,,,,6971.036,6034.744,24618.729,25616.376,19157.479,8706.93,24409.37,70440.169,12937.9782,24752.49,2576.084,18710.679,21421.891,6910.297,6862.29,9995.0257,4561.985,9643.419,0,6178.543,6969.797,12137.944099999999,2011.842,13473.029,4340.048,3314.1535999999996,1946.519,16446.599,5432.264,10737.3211,0,8523.766,9914.988,11181.3927,10007.199,6780.1939999999995,8589.969,2862.359,12864.789,27730.459,8886.241,0,100,100
No Match,None,unmatched,54142,12.972,21.965,165.92,301.0605,,,,1382.276,0,0,0,0,0,0,0,0,0,0,1042.329,0,0,0,0,0,1958.26,0,0,0,0,0,0,0,0,0,0,0,1414.397,0,0,0,0,0,0,0,0,0,0,0,0,100,100
No Match,None,unmatched,78289,1.748,21.398,161.74,301.0612,,,,0,0,0,0,0,0,0,0,0,0,0,0,0,0,0,0,0,0,1763.363,0,0,0,0,0,0,0,0,0,0,0,0,0,0,0,0,0,0,0,0,0,0,0,100,100
No Match,None,unmatched,36104,5.329,17.695,133.84,302.0627,,,,0,0,0,0,0,0,0,0,0,0,0,0,0,0,0,0,0,0,0,0,0,0,0,0,0,0,0,0,0,0,0,0,0,0,0,0,0,0,0,0,0,0,100,100
No Match,None,unmatched,9305,3.85325,21.101,163.135,302.06804999999997,,,,56675.33,12017.8909,55814.811,79695.04800000001,0,580.4814,61913.828,4581.331,32266.933,0,0,28193.682999999997,63392.938,120386.199,12366.589,2233.855,11971.009,16986.909,0,10975.479,3445.665,93361,0,609.7511000000001,2987.135,0,1988.704,0,7617.286,2779.2279999999996,21889.289,10236.819,42792.47900000001,4776.7699999999995,9543.182,5542.638999999999,120397.799,21977.489,79343.049,30853.899,15545.908,6369.334999999999,100,100
No Match,None,unmatched,73224,1.116,21.551,162.7,302.1147,,,,0,0,0,0,0,0,0,0,0,0,0,0,0,2272.087,0,0,0,0,0,0,0,0,0,0,0,0,0,0,0,0,0,0,0,0,0,0,0,0,0,0,0,0,100,100
No Match,None,unmatched,76585,3.682,20.617,155.74,302.975,,,,0,0,0,0,831.6292,0,0,0,0,0,0,0,0,0,0,0,0,0,0,0,0,1091.372,0,0,0,0,0,0,0,0,0,0,0,0,0,0,0,0,0,0,0,0,100,100
No Match,None,unmatched,21132,2.125,22.593,167.72333333333333,303.05533333333335,,,,0,0,0,0,183140.565,0,0,0,0,149349.55500000002,0,0,0,0,0,0,0,0,0,0,0,0,337982.402,0,0,0,0,354167.433,0,0,0,252216.527,0,198313.608,0,0,0,0,0,0,0,0,100,100
No Match,None,unmatched,62011,2.434,20.859,157.62,303.9994,,,,0,0,0,0,0,0,0,0,0,0,0,0,0,0,0,0,0,0,0,0,0,0,0,0,0,0,0,2296.026,0,0,0,0,0,1624.239,0,0,0,0,0,0,0,0,100,100
No Match,None,unmatched,73339,1.330625,21.479,162.09125,304.05881250000004,,,,0,0,0,0,0,0,0,0,0,0,0,0,0,0,0,0,0,0,0,0,0,0,0,0,0,0,0,5230.16,0,0,0,10038.059,0,0,0,0,0,0,0,0,0,0,100,100
No Match,None,unmatched,29757,0.983,21.748,164.21,304.087,,,,0,0,0,3670.345,0,0,1389.554,0,0,0,0,0,8834.711,0,0,0,0,0,0,0,0,5190.420999999999,0,0,0,0,0,0,0,0,0,0,0,0,0,0,5760.215999999999,0,0,0,0,0,100,100
No Match,None,unmatched,18148,0.527,21.591,163.07,304.1093,,,,0,3084.201,0,0,3598.241,1436.8120000000001,0,2358.451,0,10201.109,2691.2439999999997,0,0,0,0,5076.849999999999,0,0,3335.1569999999997,5057.894,1146.652,3792.1749999999997,0,9347.36,2744.4339999999997,3521.912,6628.391,0,0,0,0,0,991.4416,1832.348,0,0,0,0,0,0,1810.22,0,100,100
No Match,None,unmatched,2135,9.803,21.181,159.91,304.91045,,,,107741.89899999999,107324.39899999999,106029.599,106564.39899999999,80215.609,85458.829,107690.999,105537.825,98097.22899999999,92382.06199999999,82123.33899999999,91692.579,82068.809,85430.319,81175.359,90270.92899999999,94591.449,95940.819,74798.549,87508.749,69085.639,73678.379,66912.50899999999,81951.809,85874.78899999999,59218.699,64469.819,82576.449,60554.539000000004,77837.50899999999,81521.849,63507.149000000005,89994.78899999999,74477.17899999999,84762.499,331580.89900000003,64168.929000000004,84381.949,81661.689,84102.659,99396.269,86694.67899999999,100,100
No Match,None,unmatched,8657,12.446,21.171,159.86,304.9101,,,,948.6254,5563.063,845.5498,1452.263,2937.1549999999997,0,0,1275.606,0,957.2951,11939.249,0,0,0,0,820.1433000000001,0,1116.005,0,0,0,0,184412.399,0,59388.789000000004,0,0,42096.649000000005,0,0,0,1064.571,0,0,0,5010.394,0,0,0,0,0,0,100,100
No Match,None,unmatched,62931,11.788,21.174,159.97,304.9107,,,,0,0,0,0,0,0,0,0,0,0,0,0,0,0,0,0,0,0,0,0,0,0,2552.319,0,1200.179,0,0,0,0,0,0,0,0,0,0,0,0,0,0,0,0,0,100,100
No Match,None,unmatched,90332,3.6645000000000003,20.545,155.33999999999997,304.9733,,,,0,0,0,0,0,0,0,0,0,0,0,0,0,0,0,0,0,0,0,0,0,0,0,0,0,0,0,0,0,0,0,0,4185.220499999999,0,0,0,2950.9869999999996,0,1161.8700000000001,1546.387,0,0,100,100
No Match,None,unmatched,91526,2.185,21.461,161.96,305.0516,,,,0,0,0,0,0,0,0,0,0,0,0,0,0,0,0,0,0,0,0,0,0,0,0,0,0,0,0,0,0,0,0,0,0,0,0,0,0,0,0,0,0,0,100,100
No Match,None,unmatched,88997,6.939,21.902,165.44,305.052,,,,0,0,0,0,0,0,0,0,0,0,0,0,0,0,0,0,0,0,0,0,0,0,930.9034,0,0,0,0,0,0,0,0,0,0,0,0,0,0,0,0,0,0,0,100,100
No Match,None,unmatched,80157,1.836,21.442,161.98,305.0685,,,,0,0,0,0,0,0,0,0,0,0,0,0,0,0,0,0,0,0,0,0,0,0,0,0,0,0,0,1593.407,0,0,0,0,0,0,0,0,0,0,0,0,0,0,100,100
No Match,None,unmatched,88849,1.228,22.08,166.78,305.0795,,,,0,0,0,0,0,0,0,0,0,0,0,0,0,0,0,0,0,0,0,0,0,0,0,0,0,0,0,0,0,0,0,0,0,0,0,940.5314000000001,0,0,0,0,0,0,100,100
No Match,None,unmatched,29481,2.152,21.673,163.67,305.1016,,,,0,0,0,0,0,0,0,0,0,0,0,0,1605.557,2492.017,0,0,0,0,0,934.3614,0,8867.848,0,0,0,0,0,0,0,0,0,0,0,0,0,0,2575.113,0,6551.32,2320.368,0,0,100,100
No Match,None,unmatched,62243,2.869,21.968,165.94,305.1033,,,,0,0,0,0,0,0,0,0,0,0,0,0,0,0,0,0,0,0,0,0,0,0,0,0,0,0,0,0,0,0,0,0,0,0,0,0,2058.0739999999996,0,1816.152,0,0,0,100,100
No Match,None,unmatched,4983,0.528,21.601,163.12,305.1056,,,,8488.17,17453.299,9139.198,12687.208999999999,38625.65900000001,18682.789,10223.469,15256.569,13429.259,57336.039000000004,29909.179,11254.919,6451.861,2729.352,6925.677,45157.359000000004,16742.879,15194.669,31826.449,37106.919,22144.989,15879.639,22258.509,61943.179000000004,27240.129,23989.269,53832.549000000006,20592.849,14666.439,12026.669,14651.199,27049.949,12443.769,31363.949,19356.159,7760.097,13088.929,15749.529,8122.784,20359.589,24592.649,19811.139,100,100
No Match,None,unmatched,60264,3.587,20.288,153.28,305.9098,,,,0,0,0,0,0,0,0,0,0,0,0,0,0,0,0,0,0,0,0,0,0,0,0,0,0,0,0,0,0,0,945.0688,0,0,0,0,0,0,0,3329.649,0,0,0,100,100
No Match,None,unmatched,86915,2.17,21.297,160.87,306.0856,,,,0,0,0,0,0,0,0,0,0,0,0,0,0,0,0,0,0,0,0,0,0,0,0,0,0,0,0,0,574.9381000000001,0,0,0,0,0,0,0,0,0,0,0,0,0,100,100
No Match,None,unmatched,91317,9.649,21.188,160.05,306.0866,,,,0,0,0,0,0,0,0,0,0,0,0,0,0,0,0,0,0,0,0,0,0,0,0,0,0,0,0,0,0,0,0,0,0,0,0,0,0,0,0,0,0,0,100,100
No Match,None,unmatched,54056,3.437,21.21,160.19,306.0877,,,,0,0,0,642.5609000000001,0,0,0,0,0,0,0,0,0,0,0,0,0,0,0,1203.593,979.7211,0,0,0,0,0,0,0,0,0,0,0,0,0,0,1002.936,0,0,0,0,1174.7930000000001,0,100,100
No Match,None,unmatched,95975,7.911,21.143,159.71,306.0878,,,,0,0,0,0,0,0,0,0,0,0,0,0,0,0,0,0,0,0,0,0,0,0,0,0,0,0,0,0,0,0,0,0,0,0,0,0,0,0,0,0,0,0,100,100
No Match,None,unmatched,65921,6.035,21.209,160.2,306.088,,,,0,0,0,0,0,0,0,0,0,0,0,0,0,0,0,817.5555,0,0,598.4355,0,0,0,0,0,0,0,0,0,0,0,0,0,0,0,0,0,0,830.2988,0,0,0,550.9300000000001,100,100
No Match,None,unmatched,74685,4.387,21.208,160.19,306.0883,,,,0,0,0,0,0,0,0,0,0,0,0,0,0,0,0,0,0,0,0,0,0,603.9795,0,0,0,0,0,0,651.3965000000001,0,0,0,0,0,853.8523,0,0,0,0,0,0,0,100,100
No Match,None,unmatched,62988,1.1105833333333335,21.983,165.63750000000002,306.102325,,,,847795.667,252151.80800000002,697208.3830000001,1261010.3960000002,68439.418,99671.97899999999,1142921.668,179745.758,658636.527,122729.76800000001,82579.2227,388500.42,1745276.6970000002,1181076.178,481908.9649,213536.408,557803.7279999999,709798.798,112804.818,997774.0105999999,601666.448,1359721.2678000003,66300.26000000001,142124.222,114856.76599999999,190456.047,91483.764,107714.425,372703.199,518550.851,620277.188,76234.038,408304.168,100369.71500000001,554216.887,714261.9064999999,1254326.027,972725.7779999999,964525.5979999999,542822.998,466409.76800000004,632973.092,100,100
No Match,None,unmatched,7920,9.858,21.187,159.84,306.90785,,,,0,2826.27,0,0,1976.944,0,0,0,0,0,96296.659,0,0,0,0,0,0,0,0,0,0,2799.394,96179.129,2134.567,0,0,0,0,75972.42899999999,0,0,92482.449,1931.931,0,0,0,2164.1839999999997,0,3602.379,0,0,0,100,100
No Match,None,unmatched,34186,1.665,19.455,146.85500000000002,306.90835,,,,0,0,0,0,0,2095.9959999999996,0,0,0,0,0,0,0,0,0,0,0,0,0,0,0,0,0,0,0,0,0,0,735.6106,0,0,0,0,0,0,952.4959,0,0,0,0,11842.473,5872.678,100,100
No Match,None,unmatched,87652,9.725999999999999,22.287,168.25,306.9083,,,,0,0,1596.9,0,1719.6103,0,2165.7189999999996,0,0,0,3342.163,0,0,0,1701.666,0,2180.5429999999997,0,995.3842000000001,0,852.7517,0,0,1237.193,946.2756,0,0,3351.174,1019.2520000000001,1250.483,1068.954,0,0,0,0,0,1298.661,0,0,0,0,0,100,100
No Match,None,unmatched,42866,12.439,21.188,160.01,306.909,,,,0,0,0,0,0,0,0,0,0,0,0,0,1627.892,0,0,0,1163.343,0,0,1532.133,534.8999,0,0,862.0901,0,0,0,0,0,1883.339,0,0,0,0,0,0,628.923,988.232,0,0,1438.682,0,100,100
No Match,None,unmatched,94115,9.74,22.234,167.74,306.914,,,,0,0,0,0,0,0,0,0,0,0,0,0,0,577.1838,0,0,0,0,0,0,0,0,0,0,0,0,0,0,0,0,0,0,0,0,0,0,0,0,0,0,0,0,100,100
No Match,None,unmatched,84863,1.85,21.456,162.04,307.0114,,,,0,0,0,0,0,0,0,0,0,0,0,0,0,0,0,0,0,0,0,0,0,0,0,0,0,0,0,1209.3120000000001,0,0,0,0,0,0,0,0,0,0,0,0,0,0,100,100
No Match,None,unmatched,23114,5.976,22.251,168.02,307.0681,,,,0,0,0,0,0,0,0,0,0,0,0,0,0,0,0,0,0,0,0,0,0,0,17627.359,0,0,0,0,10078.749,0,0,0,0,0,14927.789,0,0,0,0,0,0,0,0,100,100
No Match,None,unmatched,26632,1.656,21.406,161.6,307.0718,,,,0,0,7845.334,0,0,0,0,12966.769,0,0,0,0,0,0,0,0,0,0,0,0,0,0,0,0,0,0,0,0,0,0,0,0,7908.536999999999,0,2012.817,0,0,0,848.1459,0,0,0,100,100
No Match,None,unmatched,35489,1.1724999999999999,21.933,165.51999999999998,307.10605,,,,0,0,0,0,0,0,0,0,0,0,0,0,0,0,0,0,0,0,0,0,0,0,0,0,0,0,0,0,0,0,0,2157.901,0,0,28567.749,0,0,0,0,0,0,0,100,100
No Match,None,unmatched,86874,3.126,20.247,152.77,307.9063,,,,0,0,0,1067.566,0,0,0,0,0,0,0,0,0,0,0,0,0,0,0,0,0,0,0,0,0,0,0,0,0,0,0,0,0,0,0,0,0,0,0,0,0,0,100,100
No Match,None,unmatched,52324,9.731,21.207,160.15,307.9125,,,,0,0,0,0,0,0,0,0,0,0,0,0,0,0,0,0,0,0,0,1197.164,2112.2369999999996,0,0,0,0,0,0,1455.019,0,0,557.1990000000001,0,0,0,0,0,0,0,0,0,0,0,100,100
No Match,None,unmatched,54214,0.661,21.871,165.06,308.0996,,,,0,0,0,0,0,0,0,2895.384,0,0,0,0,0,0,0,0,0,0,0,0,0,0,0,0,0,0,0,0,0,0,0,0,0,0,0,0,0,0,0,0,0,0,100,100
No Match,None,unmatched,77353,5.815,20.084,151.54,308.1079,,,,0,0,0,1851.766,0,0,0,0,0,0,0,0,0,0,0,0,0,0,0,0,0,0,0,0,0,0,0,0,0,0,0,0,0,0,0,0,0,0,0,0,0,0,100,100
No Match,None,unmatched,18068,1.6549090909090907,22.17,167.06545454545454,308.11639999999994,,,,265764.271,8590.338,118961.00699999998,60437.458999999995,6160.169,14909.287999999999,70807.21,25126.112,26356.292,5113.001,5849.344,152915.26600000003,66481.64670000001,110039.78199999999,9525.038,10642.185,9654.681,30382.426,45113.485,20707.7807,24332.091,41643.248,4970.608,34331.276,4483.61,11155.956999999999,4593.08,5537.048999999999,1612.325,39343.062,12911.43,1230.559,211375.41999999998,0,55611.18,20133.166999999998,95234.25600000001,30103.04,384065.61900000006,53712.020000000004,30645.149,68646.208,100,100
No Match,None,unmatched,63335,1.324,22.131,167.1,308.1197,,,,0,0,0,0,0,0,0,0,0,0,0,0,0,0,0,0,0,0,0,846.9541,2817.538,0,0,0,0,0,0,0,0,0,0,0,0,0,0,0,0,0,0,0,0,0,100,100
No Match,None,unmatched,35508,12.442,21.185,159.96,308.9045,,,,0,0,0,0,0,0,0,0,0,0,0,0,0,0,0,0,0,0,0,0,0,0,0,0,0,0,0,16718.189,0,0,0,0,0,0,0,0,0,0,0,0,0,0,100,100
No Match,None,unmatched,15593,9.779,21.166,159.78,308.9049,,,,0,0,0,0,0,0,0,0,0,0,0,0,0,0,0,36770.579000000005,503.9023,0,0,33068.649000000005,0,0,0,0,0,0,26039.129,0,0,0,0,0,0,0,0,0,0,0,0,0,0,0,100,100
No Match,None,unmatched,9222,6.635,19.579,147.84,308.9759,,,,4453.598,18131.379,3668.6769999999997,3094.6059999999998,2623.064,2773.236,2437.1549999999997,0,2831.9829999999997,7497.532,7568.495,0,0,2176.899,8729.408,7560.634,5188.342,6333.282,7513.3769999999995,8712.762999999999,7901.678,3844.5829999999996,10668.789,4217.958,4747.675,20369.289,21406.229,8950.81,7877.821,8445.274,5670.952,5440.048,4793.846,4541.177,5829.6089999999995,15265.579,6400.315,11803.699,7286.552,4310.771,4901.59,7535.723,100,100
No Match,None,unmatched,88657,10.09,20.91,157.89,309.0391,,,,0,0,0,0,0,0,0,0,0,0,0,0,0,0,0,0,0,0,0,0,0,0,0,0,0,0,0,0,951.474,0,0,0,0,0,0,0,0,0,0,0,0,0,100,100
No Match,None,unmatched,48469,14.54,20.867,157.53,309.0409,,,,0,0,0,0,1160.614,0,0,0,0,0,0,0,0,0,1845.416,2629.336,0,0,0,0,0,0,0,0,0,0,0,0,2186.4449999999997,0,0,0,0,0,0,0,0,0,0,0,0,0,100,100
No Match,None,unmatched,15080,15.135,20.889,157.7,309.0411,,,,0,0,0,0,12004.339,6900.73,0,0,0,0,4560.34,0,0,0,12271.929,8440.804,4128.949,0,0,10860.259,0,0,3666.3709999999996,0,0,1203.999,0,5451.719,11352.719,0,0,0,0,0,1019.856,4855.356,7751.471,0,5822.0779999999995,0,5228.934,0,100,100
No Match,None,unmatched,39176,1.7365,21.734,164.335,309.10215,,,,0,0,1950.192,0,0,0,0,0,0,4049.9489999999996,0,0,0,0,0,0,0,0,5853.353,0,0,0,6054.824,1133.202,0,0,0,14517.675,0,0,0,0,0,0,0,0,0,1592.077,0,0,2960.8889999999997,0,100,100
No Match,None,unmatched,2673,3.75,22.264,168.02,309.1017,,,,110111.299,13571.319,4491.536999999999,28381.259,61942.709,55074.929000000004,1216.8600000000001,0,27852.319,42300.40900000001,7161.0509999999995,40019.309,0,93551.47899999999,155251.499,53110.109000000004,97874.989,128784.799,0,71790.219,207477.59900000002,31154.779,114673.299,0,2074.0829999999996,5491.853999999999,7434.303,107634.699,141942.899,167037.899,0,56799.829000000005,41100.249,71008.89899999999,81861.069,146328.09900000002,32348.149,54750.929000000004,28700.709,26797.219,136562.999,157294.499,100,100
No Match,None,unmatched,81175,1.137,22.066,166.42,309.1107,,,,0,0,0,0,0,0,0,0,0,0,0,0,0,1506.847,0,0,0,0,0,0,0,0,0,0,0,0,0,0,0,0,0,0,0,0,0,0,0,0,0,0,0,0,100,100
No Match,None,unmatched,95701,3.777,22.223,167.57,310.109,,,,0,0,0,0,0,0,0,0,0,0,0,0,0,0,0,0,0,0,0,0,0,0,0,0,0,0,0,0,0,0,0,0,0,0,0,0,0,0,0,0,0,0,100,100
No Match,None,unmatched,20465,9.717500000000001,21.205,160.055,310.90255,,,,4191.179999999999,0,2592.941,505.47470000000004,4383.6759999999995,3405.4869999999996,3670.62,0,0,4507.098,0,1882.731,585.0935000000001,1268.325,0,0,2157.8929999999996,3162.038,3041.778,0,0,0,2138.609,2691.705,0,0,0,2737.5939999999996,0,1996.272,553.0198,0,0,0,0,0,2208.6899999999996,0,2614.06,2571.5606,2177.651,2270.013,100,100
No Match,None,unmatched,70329,12.434,21.249,160.4,310.9033,,,,0,0,0,0,0,0,0,0,0,0,0,0,0,0,0,0,0,0,0,0,0,0,0,0,2613.8909999999996,0,0,0,0,0,0,0,0,0,0,0,0,0,0,0,0,0,100,100
No Match,None,unmatched,92072,15.135,21.184,159.91,311.0329,,,,0,0,0,0,0,0,0,0,0,0,0,0,0,0,0,0,0,0,0,0,0,0,0,0,0,0,0,0,736.0529,0,0,0,0,0,0,0,0,0,0,0,0,0,100,100
No Match,None,unmatched,24812,1.739,22.032,166.2,311.0617,,,,0,0,0,0,1783.748,0,0,0,0,1121.213,0,0,0,0,0,0,0,0,0,0,0,0,5073.7789999999995,0,0,0,0,28762.449,0,0,0,0,0,0,0,0,0,0,0,0,0,0,100,100
No Match,None,unmatched,54656,4.001,22.036,166.32,311.0649,,,,0,0,0,0,0,0,0,0,0,0,0,0,0,0,0,0,0,0,0,0,0,0,0,0,0,0,0,0,0,0,0,0,0,5654.861,0,0,0,0,0,0,0,0,100,100
No Match,None,unmatched,45073,1.668,22.044,166.32,311.0659,,,,0,0,0,0,1550.939,0,0,0,0,0,0,0,0,0,0,0,0,0,0,0,0,0,3227.06,0,0,0,0,4663.014999999999,0,0,0,0,0,0,0,0,0,0,0,0,0,0,100,100
No Match,None,unmatched,74848,3.099,22.221,167.68,312.0124,,,,0,0,0,0,0,0,0,0,0,0,0,0,0,0,0,0,0,0,0,0,0,0,0,0,0,0,0,2093.662,0,0,0,0,0,0,0,0,0,0,0,0,0,0,100,100
No Match,None,unmatched,86214,4.115,19.497,147.03,312.9031,,,,0,0,0,0,0,584.0154,0,0,0,0,0,527.7528,0,0,0,0,0,0,0,0,0,0,0,0,0,0,0,0,0,0,0,0,0,0,0,0,0,0,0,0,0,0,100,100
No Match,None,unmatched,27016,9.244,22.426,169.2,313.0422,,,,0,0,0,0,0,0,0,0,0,0,0,0,0,0,0,0,0,0,0,0,0,0,30640.329,0,0,0,0,0,0,0,0,0,0,0,0,0,0,0,0,0,0,0,100,100
No Match,None,unmatched,73079,11.817,22.21,167.58,313.0437,,,,0,0,0,0,0,0,0,0,0,0,0,0,0,0,0,0,0,0,0,0,0,0,2290.8909999999996,0,0,0,0,0,0,0,0,0,0,0,0,0,0,0,0,0,0,0,100,100
No Match,None,unmatched,34925,0.729875,21.137,159.48624999999998,313.0623875,,,,38521.725,24342.975000000002,3692.9882000000007,2263.7729999999997,3955.559,26365.766,25934.040999999997,0,28373.823999999997,10617.508,80403.77799999999,13806.8089,42261.854,56517.3187,9872.817,58092.887,63598.78400000001,52167.704,26287.453999999998,34229.694,30795.081,18902.96,58168.584,3015.508,8209.944,38869.434,15301.27,47191.486,28692.816,27135.921,80299.728,37789.341,9260.11,24591.254,0,72474.027,1330.449,30828.339,16941.539999999997,1466.237,15906.497000000001,90933.539,100,100
No Match,None,unmatched,50362,2.549,22.133,166.89,313.0772,,,,0,0,0,0,3869.7169999999996,0,0,0,0,1784.602,0,0,0,0,0,0,0,0,0,0,0,0,0,0,0,0,0,1428.791,0,0,0,0,0,0,0,0,0,0,0,0,0,0,100,100
No Match,None,unmatched,51044,3.614,22.113,166.74,313.0801,,,,0,0,0,0,3328.611,0,0,0,0,2060.91,0,0,0,0,0,0,0,0,0,0,0,0,0,0,0,0,0,1431.803,0,0,0,0,0,0,0,0,0,0,0,0,0,0,100,100
No Match,None,unmatched,94245,7.439,4.865,37.21,313.1193,,,,0,0,0,0,0,0,0,0,0,0,0,0,0,0,0,0,0,0,0,0,0,0,0,0,0,0,0,0,0,0,0,0,0,0,0,0,0,564.2362,0,0,0,0,100,100
No Match,None,unmatched,38881,0.7125,21.635,163.26,314.06855,,,,3717.337,0,0,2187.2171,0,0,3604.477,0,0,0,0,0,5384.125,7903.535,0,0,0,0,0,0,0,4395.674,0,0,0,0,0,0,0,0,0,0,2946.054,0,0,0,11181.599,0,2996.129,1337.3600000000001,0,0,100,100
No Match,None,unmatched,76589,3.2439999999999998,22.162,167.07,314.97025,,,,0,0,0,0,0,0,0,0,0,0,0,0,0,0,0,0,0,0,0,0,0,0,0,0,0,0,0,3112.179,0,0,0,0,0,0,0,0,0,0,0,0,0,0,100,100
No Match,None,unmatched,22065,4.4,22.158,167.14,314.9741,,,,0,0,0,0,0,0,0,0,0,0,0,0,0,0,0,0,0,0,0,0,0,0,10572.969,0,0,10890.628999999999,0,25576.329,0,0,0,0,0,0,0,0,0,0,0,0,0,0,100,100
No Match,None,unmatched,9911,5.544,21.633,163.15,314.9744,,,,0,0,0,0,3810.819,0,0,0,0,1281.609,0,0,0,0,0,0,0,0,0,0,0,0,79893.499,0,0,29163.389,0,122234.999,0,0,0,10067.699,0,0,0,0,0,0,0,0,0,0,100,100
No Match,None,unmatched,48249,8.166,22.513,169.81,315.0919,,,,0,0,0,0,0,0,0,0,0,0,0,0,0,0,0,0,0,0,0,0,0,0,0,0,0,0,0,1186.292,0,0,0,0,0,6730.431,0,0,0,0,0,0,0,0,100,100
No Match,None,unmatched,34588,6.97,17.469,131.74,315.8941,,,,0,0,0,0,0,0,17693.259,0,0,0,0,0,0,0,0,0,0,0,0,0,0,0,0,0,0,0,0,0,0,0,0,0,0,0,0,0,0,0,0,0,0,0,100,100
No Match,None,unmatched,65900,9.765,21.845,164.69,315.9429,,,,0,0,0,0,1932.601,0,0,0,0,0,0,0,0,0,0,0,1305.328,0,0,0,0,0,0,0,0,0,0,0,0,0,0,0,0,0,0,0,0,0,0,0,0,0,100,100
No Match,None,unmatched,6224,5.845,18.529,139.86,315.9496,,,,0,0,0,0,0,0,0,0,0,0,0,0,0,0,0,0,0,0,597794.5989999999,0,0,0,0,0,0,0,0,0,0,0,0,0,0,0,0,0,0,0,0,0,0,0,100,100
No Match,None,unmatched,69973,6.972,17.449,131.59,315.9504,,,,0,0,0,0,0,0,2659.008,0,0,0,0,0,0,0,0,0,0,0,0,0,0,0,0,0,0,0,0,0,0,0,0,0,0,0,0,0,0,0,0,0,0,0,100,100
No Match,None,unmatched,33511,5.83,22.524,169.87,316.0699,,,,0,0,0,0,0,0,0,0,0,0,0,0,0,0,0,0,0,0,0,0,0,0,0,0,0,0,0,19035.399,0,0,0,0,0,0,0,0,0,0,0,0,0,0,100,100
No Match,None,unmatched,9827,9.753,21.8,164.35,316.9365,,,,45510.059,0,0,0,0,0,0,0,0,0,0,0,0,37700.15900000001,0,0,0,0,0,0,0,0,0,0,0,0,0,0,0,0,0,37836.709,0,0,0,0,0,34620.939000000006,27900.199,0,37742.109000000004,28808.059,100,100
No Match,None,unmatched,43243,6.844,22.14,166.96,316.9654,,,,0,0,0,0,0,0,0,0,0,0,0,0,0,0,0,0,0,0,0,0,0,0,10445.009,0,0,0,0,0,0,0,0,0,0,0,0,0,0,0,0,0,0,0,100,100
No Match,None,unmatched,60406,6.004,22.122,166.83,316.9655,,,,0,0,0,0,0,0,0,0,0,0,0,0,0,0,0,0,0,0,0,0,0,0,4241.657999999999,0,0,0,0,0,0,0,0,0,0,0,0,0,0,0,0,0,0,0,100,100
No Match,None,unmatched,75787,7.484,21.59,162.83,317.0011,,,,0,0,0,0,0,0,0,0,0,0,0,0,0,0,0,0,0,0,0,0,0,0,1998.872,0,0,0,0,0,0,0,0,0,0,0,0,0,0,0,0,0,0,0,100,100
No Match,None,unmatched,36872,3.995,22.346,168.43,317.0701,,,,2237.144,0,2511.5119999999997,1695.4950000000001,0,0,2027.108,0,0,0,0,0,0,0,0,0,0,0,0,0,0,0,0,0,0,0,0,0,0,0,0,0,1780.826,0,0,0,2172.464,0,1608.1680000000001,1324.5,0,0,100,100
No Match,None,unmatched,56677,5.843,18.555,139.88,317.0997,,,,0,0,0,0,0,0,0,0,0,0,0,0,0,0,0,0,0,0,0,0,0,0,0,0,0,0,0,0,0,0,0,0,0,0,0,0,0,0,0,0,0,0,100,100
No Match,None,unmatched,17787,3.365,22.024,166.03,318.0218,,,,0,0,0,0,0,0,0,0,0,1137.6490000000001,0,0,0,0,0,0,0,0,0,0,0,0,7719.054999999999,0,0,39219.919,0,26386.139,0,0,0,0,0,0,0,0,0,0,0,0,0,0,100,100
No Match,None,unmatched,23584,0.5805,21.691,163.385,318.04325,,,,0,0,952.8482,8417.431,0,0,2014.769,0,1799.704,0,0,0,2801.7749999999996,10460.839,0,0,0,0,0,0,0,9477.814,0,0,0,0,0,0,0,0,0,0,0,0,0,0,4890.949,0,1460.442,2273.6593000000003,948.1634,0,100,100
No Match,None,unmatched,28610,0.5895,22.287,167.72,318.08925,,,,0,0,0,0,0,0,8885.4138,0,0,0,0,0,0,0,0,0,0,0,13344.339,0,0,0,0,8926.024,0,0,0,0,0,0,0,0,0,0,0,0,21945.928,0,0,6419.103,0,0,100,100
No Match,None,unmatched,46732,1.6903333333333332,22.5,169.29999999999998,318.10226666666665,,,,55163.799000000006,13927.229,32732.099,41191.204000000005,14675.369,5729.452,69182.769,41376.239,32829.179000000004,6654.208,3750.089,24532.489,73242.211,44882.609000000004,59631.009000000005,22573.149,65998.049,70811.64899999999,19929.079,64663.859000000004,93378.629,76145.484,0,32184.359,5233.768,3787.567,2736.736,7719.313999999999,70983.379,135455.499,18705.149,3751.1899999999996,66854.03899999999,24530.049,37607.349,54682.539000000004,102163.099,75992.28899999999,106447.064,55570.65900000001,77019.049,112298.799,100,100
No Match,None,unmatched,72371,3.024,22.345,168.4,318.1025,,,,0,1584.5040000000001,0,0,0,0,0,0,0,0,0,0,0,0,0,0,0,0,0,0,0,0,0,0,0,0,785.3672,0,0,0,0,0,0,0,0,0,0,0,0,0,0,0,100,100
No Match,None,unmatched,95545,9.764,21.748,164.14,318.9338,,,,0,0,1207.08,8260.13,0,6883.227,0,0,0,0,9087.502,0,0,0,0,9300.197,0,0,3023.863,0,4403.991,0,15742.079,0,9711.869,0,0,0,0,0,0,0,0,0,6625.9439999999995,0,0,0,0,0,0,0,100,100
No Match,None,unmatched,3596,11.877,22.05,166.19,318.9805,,,,26165.749,73568.569,28197.359,67237.849,76917.449,4457.853,41587.639,42348.879,34960.499,88160.299,50576.999,36802.959,34543.649000000005,37114.569,13871.009,6080.29,5985.916,4325.924,63175.97900000001,8734.536,10770.349,54520.499,44470.219000000005,66303.949,44149.099,59302.549000000006,95519.549,64976.919,7595.666,4778.813999999999,6470.132,40766.049000000006,59518.449,29354.949,96348.919,5844.696,38277.65900000001,5205.501,82151.97899999999,21392.479,5822.144,0,100,100
No Match,None,unmatched,15175,10.694666666666665,24.665,150.46666666666667,318.9806,,,,12158.949,39798.238,15427.633,29411.788,45398.698000000004,1868.151,21733.62,18706.976,10428.399,42838.258,32132.938000000002,12855.992999999999,8584.027,17641.220999999998,6062.8009999999995,5855.469,0,0,44290.508,6777.059,7305.8551,23650.727,30986.198,26382.679,19824.819,35108.148,48212.187999999995,49405.398,0,0,3550.2529999999997,21717.231999999996,23255.224,27053.377999999997,58942.988,5709.397,16131.344000000001,827.5693,48032.727,10968.028,4463.946,6436.998,100,100
No Match,None,unmatched,45484,1.408,21.898,165.07,319.082,,,,0,0,0,0,0,0,1329.9,0,0,0,0,0,0,0,0,0,0,0,0,0,0,2939.7329999999997,0,0,0,0,0,0,0,0,0,0,0,0,0,0,1840.988,0,2422.7079999999996,674.9844,0,0,100,100
No Match,None,unmatched,25673,0.594,22.254,167.86333333333334,319.08483333333334,,,,0,0,0,38704.418000000005,2411.259,0,60541.719000000005,0,5898.023999999999,0,0,0,18313.743000000002,0,0,0,0,0,104071.199,0,0,24341.139,0,87789.609,0,0,0,0,0,0,0,0,0,3209.394,0,0,158556.09900000002,0,0,60371.489,0,0,100,100
No Match,None,unmatched,69350,1.726,22.469,169.39,319.1062,,,,0,0,0,0,0,0,0,0,0,0,0,0,0,0,0,0,0,0,0,0,0,0,0,0,0,0,0,0,0,0,0,0,0,0,1817.715,0,0,0,0,0,0,0,100,100
No Match,None,unmatched,9469,5.843,18.554,139.82,319.9491,,,,0,0,0,0,0,0,269319.099,0,0,0,0,0,0,0,0,0,0,0,0,0,0,0,0,0,0,0,0,0,0,0,0,0,0,0,0,0,0,0,0,0,0,0,100,100
No Match,None,unmatched,87135,11.868,21.876,164.92,319.9851,,,,0,0,0,0,0,0,0,0,0,0,0,0,0,0,0,0,0,0,0,0,0,0,0,0,0,0,0,0,0,0,0,0,0,0,0,0,0,0,0,0,0,0,100,100
No Match,None,unmatched,75529,6.706,22.698,171.09,320.1102,,,,0,0,0,0,0,0,0,0,0,0,0,0,0,0,0,0,0,0,0,0,1065.763,0,0,0,0,0,0,0,0,0,0,0,0,0,0,0,0,962.3782,0,0,0,0,100,100
No Match,None,unmatched,59832,1.8603333333333334,22.791,170.75866666666664,320.1154466666667,,,,185089.9511,36445.416,133963.93600000002,1025657.406,2983.388,4578.959,784363.6677,6019.004999999999,550499.0059999999,9519.578,10391.473999999998,91789.67,684028.1460000001,119966.572,22726.946,8098.039,47373.76299999999,71550.94099999999,223760.905,76516.39600000001,67588.934,976149.456,10176.1827,321669.05600000004,10354.600999999999,43094.05700000001,25962.541,15853.58,33203.991,35847.1233,47482.748999999996,2297.694,224801.043,8439.866,78561.65,63027.587,1095835.3614999999,60378.162000000004,298311.39,1015664.576,48687.628,94036.22660000001,100,100
No Match,None,unmatched,16455,0.574,18.744,141.35,320.8948,,,,0,0,0,0,0,0,0,0,0,0,6418.461,0,0,0,0,0,0,0,0,6891.107,0,0,0,0,0,0,0,0,0,7848.291,14055.048999999999,0,0,0,0,0,0,0,53278.709,0,0,0,100,100
No Match,None,unmatched,94096,4.011,21.331,160.81,320.9196,,,,0,0,0,0,0,0,0,0,0,0,0,0,0,0,0,0,0,0,0,0,0,0,0,0,0,0,0,0,0,0,0,0,0,0,0,578.6435,0,0,0,0,0,0,100,100
No Match,None,unmatched,31328,3.99,20.602,155.33,320.9241,,,,0,0,0,0,0,0,0,0,0,0,0,0,0,0,0,0,816.3521000000001,0,0,0,0,0,0,0,0,0,0,0,0,0,0,0,0,0,0,0,0,0,0,0,11894.039,9429.382,100,100
No Match,None,unmatched,30494,1.6720000000000002,20.262,153.465,320.92485,,,,0,0,0,0,0,0,0,0,0,0,0,0,0,0,0,0,1036.453,0,0,0,0,0,0,0,0,0,0,0,0,0,0,0,0,0,0,1172.381,0,0,0,0,19332.136000000002,4516.217,100,100
No Match,None,unmatched,68704,4.006,21.283,160.45,320.9251,,,,0,0,0,0,0,0,0,0,0,0,0,0,0,0,0,0,0,0,0,0,0,0,0,0,0,0,0,0,0,0,0,0,0,0,0,0,0,0,0,0,2833.4249999999997,0,100,100
No Match,None,unmatched,29913,8.329,17.593,132.71,320.9878,,,,0,0,0,0,0,3481.933,0,0,0,0,0,0,0,0,0,0,0,4361.347,0,0,0,0,0,0,0,0,0,0,4057.332,6199.594999999999,0,0,0,0,0,0,0,6482.32,0,0,0,0,100,100
No Match,None,unmatched,65738,3.988,21.797,164.25,321.0093,,,,0,0,880.3161,0,0,0,0,0,0,0,0,0,0,0,0,0,0,0,0,0,0,0,0,0,0,0,0,0,0,0,0,0,0,0,0,0,1134.387,0,0,1246.9270000000001,0,0,100,100
No Match,None,unmatched,56316,5.842,18.54,139.85,321.021,,,,0,0,0,0,0,0,0,0,0,0,0,0,0,0,0,0,0,0,5189.998,0,0,0,0,0,0,0,0,0,0,0,0,0,0,0,0,0,0,0,0,0,0,0,100,100
No Match,None,unmatched,80159,0.988,21.141,159.38,321.0236,,,,0,0,0,0,0,0,0,0,0,0,0,0,0,0,0,0,0,0,0,0,0,0,0,0,0,0,0,0,0,0,1593.135,0,0,0,0,0,0,0,0,0,0,0,100,100
No Match,None,unmatched,90716,2.096,22.219,167.31,321.0264,,,,0,0,0,0,823.3298,0,0,0,0,0,0,0,0,0,0,0,0,0,0,0,0,0,0,0,0,0,0,0,0,0,0,0,0,0,0,0,0,0,0,0,0,0,100,100
No Match,None,unmatched,82163,8.273,22.702,171.1,321.0833,,,,0,0,0,0,0,0,0,0,0,0,0,0,0,0,0,0,0,0,0,0,0,0,0,0,0,0,0,0,0,0,0,0,0,1422.785,0,0,0,0,0,0,0,0,100,100
No Match,None,unmatched,26479,7.0085,22.819,170.64999999999998,321.08365000000003,,,,0,0,0,0,10256.439,0,0,0,0,14327.753,0,0,0,0,0,0,0,0,0,0,0,0,0,0,0,0,0,3964.02,0,0,0,47977.768,0,56460.658,0,0,0,0,0,0,0,0,100,100
No Match,None,unmatched,6835,5.5495,21.858,169.85500000000002,321.0837,,,,11692.269,0,13551.659,7868.681,54414.339,0,11050.919,7804.081999999999,9809.117,53114.969000000005,0,3338.332,9445.979,8055.427,0,0,0,0,0,0,0,15400.469,19123.569,0,0,0,0,27088.309,0,0,0,145911.19900000002,15172.109,199952.399,0,0,22255.339,0,18044.699,9815.918,0,0,100,100
No Match,None,unmatched,40078,3.8267499999999997,22.496,169.19,321.08714999999995,,,,0,0,0,0,0,0,0,0,0,0,0,0,0,0,2645.4849999999997,0,0,0,0,3086.0522,1806.808,0,0,0,0,0,0,0,2014.5155,2845.806,0,0,0,0,0,5694.4938999999995,0,21522.088,0,0,4110.753,0,100,100
No Match,None,unmatched,41673,8.329,19.656,148.19,321.9908,,,,0,0,0,912.253,0,0,0,0,0,0,0,538.9859,0,0,0,0,0,1107.373,1150.491,0,0,0,0,0,1012.273,0,0,1333.576,580.9023,0,1016.34,0,764.7636,876.3717,1760.878,0,0,0,0,0,0,0,100,100
No Match,None,unmatched,80456,7.136,21.747,163.74,322.0874,,,,0,0,0,0,0,0,0,0,0,1566.538,0,0,0,0,0,0,0,0,0,0,0,0,0,0,0,0,0,0,0,0,0,0,0,0,0,0,0,0,0,0,0,0,100,100
No Match,None,unmatched,16401,0.7283333333333334,22.279,167.19,322.09656666666666,,,,22421.86,4272.615,13132.580999999998,8974.373,0,0,10024.827,0,1903.15,0,0,4743.477,13930.376,19024.108,0,0,1328.285,0,0,0,0,15119.569,0,0,0,1364.64,0,0,0,0,7782.862,0,5418.2699999999995,0,2433.638,0,14653.672999999999,0,3445.9649999999997,0,971.8334,0,100,100
No Match,None,unmatched,24632,8.331,17.601,132.77,322.1025,,,,0,0,0,0,0,0,0,0,0,0,0,0,0,0,0,0,0,0,0,0,0,0,0,0,0,0,0,0,0,0,0,0,0,0,0,0,0,0,0,0,0,0,100,100
No Match,None,unmatched,19464,1.6773333333333333,21.978,165.50666666666666,323.0405,,,,2452.1929999999998,0,0,3220.4511,0,0,5473.161,0,4322.3845,4153.170999999999,0,0,5615.4490000000005,0,0,0,0,0,4712.476,925.6633,1262.564,0,0,4496.242,0,0,0,2931.4829999999997,0,2652.167,0,0,0,3592.404,4955.51,0,3968.97,1924.114,4015.3579999999997,2438.0429999999997,4627.534,0,100,100
No Match,None,unmatched,71746,3.998,22.482,169.24,323.045,,,,1056.601,0,0,1390.019,0,0,0,0,0,0,0,0,0,0,0,0,0,0,0,0,0,0,0,0,0,0,0,0,0,0,0,0,0,0,0,0,0,0,0,0,0,0,100,100
No Match,None,unmatched,85178,5.835000000000001,22.497,169.84,323.06309999999996,,,,0,0,0,0,0,0,0,0,0,0,0,0,0,0,0,0,0,0,0,0,0,0,1713.0028,0,0,0,0,0,0,0,0,0,0,0,0,0,0,0,0,0,0,0,100,100
No Match,None,unmatched,74006,11.338,22.638,170.58,323.0827,,,,0,0,0,0,0,0,0,0,0,0,0,0,0,0,0,0,0,0,826.6374000000001,0,0,0,0,642.3043,0,0,0,717.3752000000001,0,0,0,0,0,0,0,0,0,0,0,0,0,0,100,100
No Match,None,unmatched,52450,2.554,22.796,171.64,324.0228,,,,0,0,0,0,0,0,1613.622,0,0,0,0,0,0,2282.6929999999998,0,0,0,0,0,0,0,0,0,0,0,0,0,0,0,0,0,0,0,0,0,0,0,0,0,2427.299,0,0,100,100
No Match,None,unmatched,93360,4.658,22.218,167.41,324.0656,,,,0,0,0,0,0,0,0,0,0,0,0,0,0,0,0,0,0,0,0,0,0,0,0,0,0,0,0,0,0,0,0,0,0,0,0,0,0,0,0,0,0,641.2943,100,100
No Match,None,unmatched,12223,0.8625,22.551,169.5025,324.10997499999996,,,,0,0,0,43293.713,0,0,21724.569,0,16084.881000000001,0,0,0,38272.314300000005,0,0,0,0,0,0,0,0,36480.279,0,0,0,0,0,0,0,0,0,0,0,0,0,0,7417.1603,0,0,9605.217999999999,0,0,100,100
No Match,None,unmatched,67759,2.201,22.159,166.86,325.0978,,,,0,0,0,0,0,0,0,0,0,0,0,0,1507.101,0,0,0,0,0,0,0,0,0,0,0,0,0,0,0,0,0,0,0,0,0,1459.185,0,0,0,0,0,0,0,100,100
No Match,None,unmatched,19109,6.853,19.713,148.52,326.966,,,,0,1576.259,0,0,943.8448000000001,0,0,0,0,1377.901,0,2187.343,0,0,1412.214,1854.724,3645.716,897.2481,1226.986,1953.366,3234.6099999999997,1916.055,2656.5879999999997,1685.621,0,0,4495.691,2353.941,1433.087,1486.761,2171.9019999999996,0,2738.2129999999997,3572.8819999999996,3617.7349999999997,3446.774,0,3135.825,0,3430.345,3044.8729999999996,2579.8219999999997,100,100
No Match,None,unmatched,74507,2.798,21.914,165.06,327.0642,,,,0,0,0,0,0,0,0,0,0,0,0,0,0,0,0,0,0,0,0,0,0,0,0,0,0,0,2127.145,0,0,0,0,0,0,0,0,0,0,0,0,0,0,0,100,100
No Match,None,unmatched,79569,1.73,22.498,169.44,327.0977,,,,0,0,0,0,0,0,0,0,0,0,0,0,0,0,0,0,0,0,0,0,0,0,0,0,0,0,0,986.4546,0,0,0,0,0,657.4693,0,0,0,0,0,0,0,0,100,100
No Match,None,unmatched,26447,6.633,20.034,150.91,327.9791,,,,0,6128.291,0,633.2223,0,0,0,0,0,0,0,0,0,0,0,0,0,1988.066,0,1548.382,1030.192,0,3739.1749999999997,1408.035,0,4135.599,0,0,3728.8019999999997,0,0,0,0,0,0,2915.019,0,2532.1499999999996,0,0,0,2223.7349999999997,100,100
No Match,None,unmatched,40213,1.491,22.885,172.24,328.0452,,,,0,0,0,0,0,0,0,0,0,0,0,0,9761.502,0,0,0,0,0,0,0,0,0,0,0,0,0,0,0,0,0,0,0,2711.5429999999997,0,0,0,0,0,0,0,0,0,100,100
No Match,None,unmatched,93787,1.0582500000000001,22.345,168.20000000000002,328.08445,,,,16622.689,1699.31,9164.178,32241.104,0,0,23388.695999999996,1020.361,5460.585999999999,0,0,1292.886,32776.0466,27137.129,0,0,5956.715999999999,4396.943,0,11368.939,3326.2490000000003,30990.819,0,0,0,0,0,0,0,2575.1479999999997,7538.753,0,3761.743,0,4152.969,4493.582,29955.189,12145.6877,12447.859,11729.499,4004.4829999999997,5952.644,100,100
No Match,None,unmatched,81090,6.643,4.552,34.79,328.9794,,,,0,0,0,0,0,0,0,0,0,0,0,0,0,0,0,0,0,0,0,0,0,0,0,0,0,0,0,0,0,0,0,0,0,0,1512.942,0,0,0,0,0,0,0,100,100
No Match,None,unmatched,91816,11.502,22.224,167.35,328.9843,,,,0,0,0,0,0,0,0,0,0,0,0,0,0,0,0,0,0,754.8975,0,0,0,0,0,0,0,0,0,0,0,0,0,0,0,0,0,0,0,0,0,0,0,0,100,100
No Match,None,unmatched,62312,10.69,22.292,167.86,328.9854,,,,0,0,0,0,0,0,0,0,0,0,0,0,0,0,0,0,0,1248.9180000000001,0,0,0,791.2687,0,0,0,0,0,0,0,804.1411,0,0,0,0,0,1015.0210000000001,0,0,0,0,0,0,100,100
No Match,None,unmatched,84429,8.803,22.242,167.49,328.9863,,,,0,0,0,0,0,0,0,0,0,0,0,0,0,0,0,0,632.5971000000001,0,0,0,0,0,0,609.8081,0,0,0,0,0,0,0,0,0,0,0,0,0,0,0,0,0,0,100,100
No Match,None,unmatched,29587,3.416,22.866,172.16,328.988,,,,0,0,0,0,0,0,0,0,0,0,0,0,0,0,0,0,0,0,0,0,0,0,5864.702,0,0,6115.222,0,13171.579,0,0,0,0,0,0,0,0,0,0,0,0,0,0,100,100
No Match,None,unmatched,25913,1.193064516129032,21.636,162.93000000000006,329.03147741935487,,,,126112.0153,73488.074,113797.038,75092.5153,41515.524000000005,99657.852,101958.47400000002,1045.476,118792.90400000001,68306.47899999999,215698.8,133574.3315,121623.12299999999,187970.84000000003,87859.267,189873.176,144806.649,201114.10210000002,92982.484,189418.526,111838.25189999999,133705.24099999998,195381.8819,97930.6625,80269.9783,123969.657,96513.09599999999,153715.082,79624.218,97562.79819999999,232474.786,144296.0269,124108.98400000001,139131.3371,77132.50499999999,209943.6025,107277.93300000002,168091.83199999997,91905.32400000001,33166.4102,176315.5021,268084.7554,100,100
No Match,None,unmatched,27447,3.8925,21.647,166.1,329.0307,,,,0,0,3724.484,0,0,0,3696.865,1086.992,4231.719,3588.8039999999996,0,0,0,0,0,8081.458,0,0,4234.879,0,0,0,0,0,0,0,0,0,4767.5199999999995,0,0,0,3873.082,0,0,3302.575,0,27076.909,0,1473.079,0,0,100,100
No Match,None,unmatched,24546,13.732,21.32,160.57,329.047,,,,0,0,0,0,0,0,0,0,0,0,0,0,0,0,6789.446,18697.179,0,1126.457,0,0,0,0,0,0,0,0,1148.964,0,5003.677,0,0,0,0,0,0,0,0,0,1976.977,0,2832.524,0,100,100
No Match,None,unmatched,3215,13.2395,21.383,161.09,329.0474,,,,17706.09061,10616.580608807602,15625.200608807601,15193.310608807602,87113.06061,57806.16060880761,39121.96061,26183.650608807602,16686.010608807603,15580.48061,55541.52061,33650.28061,15064.71061,20713.48061,100503.29260880759,102779.9306088076,58854.330608807606,48723.290608807605,26695.470608807602,99526.63961,27309.91061,11694.880608807603,52132.470608807605,33117.400608807606,55306.830608807606,31955.14061,18851.12061,66802.20061,110626.2946088076,14872.450608807601,4749.042608807602,15695.930608807601,22766.20061,8013.5006088076025,28961.00061,61964.35061,86925.70061,27898.510608807603,61195.820608807604,73222.53061,66700.87660880761,74898.39061,100,100
No Match,None,unmatched,8930,10.0855,21.355,160.825,329.04864999999995,,,,0,0,0,0,35497.639,5658.233,0,0,0,0,7668.664,0,0,0,38678.099,23284.619,4213.706999999999,3435.596,0,41461.799000000006,0,0,3124.5959,1159.39,7557.844999999999,3471.797,0,3610.379,54416.72900000001,0,0,0,0,0,0,4662.179999999999,14636.119,0,11891.939,14758.579,20083.179,5599.102,100,100
No Match,None,unmatched,63029,10.2035,25.18,170.17000000000002,329.0943,,,,0,0,0,0,0,0,0,0,0,0,0,0,0,0,0,0,0,0,0,0,0,0,0,0,0,0,0,0,0,0,0,0,0,0,0,0,0,0,0,0,0,0,100,100
No Match,None,unmatched,91444,6.432,22.574,169.81,329.104,,,,0,0,0,0,0,0,0,0,778.8413,0,0,0,0,0,0,0,0,0,0,0,0,0,0,0,0,0,0,0,0,0,0,0,0,0,0,0,0,0,0,0,0,0,100,100
No Match,None,unmatched,83241,0.639,22.701,170.74,329.9858,,,,0,0,0,0,0,0,0,0,0,1336.9470000000001,0,0,0,0,0,0,0,0,0,0,0,0,0,0,0,0,0,0,0,0,0,0,0,0,0,0,0,0,0,0,0,0,100,100
No Match,None,unmatched,80471,0.632,21.562,162.37,330.0343,,,,0,0,0,0,0,0,0,0,0,0,0,0,0,0,0,0,0,0,0,0,0,0,0,0,0,0,0,0,0,0,0,0,0,860.9729,0,0,0,0,0,0,0,0,100,100
No Match,None,unmatched,51867,15.139,21.371,160.93,330.0502,,,,0,0,0,0,0,0,0,0,0,0,0,0,0,0,0,0,0,0,3670.1319999999996,0,0,0,0,0,0,0,0,2850.935,0,0,0,0,0,0,0,0,0,0,0,0,0,0,100,100
No Match,None,unmatched,32875,3.483,22.843,172,330.1027,,,,2816.799,0,0,1751.036,0,0,948.5958,0,0,0,0,0,0,0,0,0,0,0,0,0,0,2322.1166000000003,0,0,0,0,0,0,0,0,0,0,1750.45,0,0,0,3104.015,0,3520.31,4422.094,0,0,100,100
No Match,None,unmatched,62505,3.7935,22.322,167.69,330.9692,,,,0,0,0,0,0,0,0,0,0,0,0,0,0,0,0,0,0,0,0,0,0,0,0,0,0,0,0,4969.630999999999,0,0,0,0,0,0,0,0,0,0,0,0,0,0,100,100
No Match,None,unmatched,90696,13.496,17.786,133.87,330.9777,,,,0,0,0,0,0,0,0,0,0,0,0,0,824.475,0,0,0,0,0,0,0,0,0,0,0,0,0,0,0,0,0,0,0,0,0,0,0,0,0,0,0,0,0,100,100
No Match,None,unmatched,89394,6.1243333333333325,21.737,164.10666666666665,330.98043333333334,,,,0,0,0,0,0,0,0,0,0,0,0,0,0,0,0,0,0,0,0,0,0,0,15329.2166,0,0,0,0,0,0,0,0,0,0,0,0,0,0,0,0,0,0,0,100,100
No Match,None,unmatched,75231,6.6579999999999995,20.108,151.07999999999998,330.97905000000003,,,,0,0,0,0,0,0,0,0,0,0,0,0,0,0,0,0,0,0,0,0,0,0,0,7811.862999999999,0,0,0,0,0,0,0,0,0,0,0,0,0,0,0,0,0,0,100,100
No Match,None,unmatched,55755,8.139833333333334,17.689,141.275,330.9807333333333,,,,95123.949,100996.3154,88091.8424,86238.056,100216.235,88777.309,92960.11899999999,82650.555,95373.384,92042.7645,97852.719,88385.0128,88947.969,87637.64899999999,91105.715,83304.719,89638.559,88799.885,98021.2818,83667.389,89518.909,82919.879,120904.55799999999,92723.718,84164.785,94377.8615,90478.389,83398.61069999999,92026.25200000001,88299.8,78444.252,96757.68299999999,86169.592,84574.739,85224.689,293533.099,87977.326,84270.53899999999,83422.814,75924.091,94410.879,80648.779,100,100
No Match,None,unmatched,85098,7.632,19.486,146.77,330.979,,,,0,0,0,0,0,0,0,0,0,0,0,0,0,0,0,0,0,0,0,1193.779,0,0,0,0,0,0,0,0,0,0,0,0,0,0,0,0,0,0,0,0,0,0,100,100
No Match,None,unmatched,74056,7.8365,21.709,150.605,330.9803,,,,37173.859000000004,40870.339,34258.839,35155.039000000004,33472.319,32071.759,32515.449,35722.889,33171.149000000005,29791.719,36978.189000000006,30975.849,32770.609000000004,29513.249,38056.049000000006,26094.579,27292.899,32340.379,34101.47900000001,33855.389,41155.689000000006,33414.489,44771.985,26422.469,31265.979,35433.629,38730.019,37911.319,35057.489,34557.40900000001,39196.959,32378.349,30458.789,39492.039000000004,34254.129,110730.199,33719.249,40505.839,29204.509,33768.529,31267.099,29935.129,100,100
No Match,None,unmatched,36584,7.774,18.293,137.77,330.9804,,,,2434.711,0,0,0,0,0,2917.573,1284.1200000000001,902.1122,0,0,0,0,0,0,2248.0679999999998,0,0,0,0,0,0,0,1820.249,0,0,0,1618.931,0,0,0,0,0,0,0,0,0,810.4898000000001,0,0,0,0,100,100
No Match,None,unmatched,16491,10.423,19.832,149.3,330.9808,,,,2159.4249999999997,3506.397,1760.66,5141.655,7365.699,0,0,1707.984,1450.9,6352.657999999999,7282.33,0,1476.011,0,0,0,0,0,3495.131,0,0,2489.269,765.9856,6037.045999999999,3050.928,1833.667,7164.231,2570.977,0,0,0,2531.605,0,1327.208,8739.259,0,2917.23,0,7051.727,0,0,0,100,100
No Match,None,unmatched,78477,9.5265,22.707,143.625,330.981675,,,,6708.326,18259.794,3433.7,16235.497,22420.858999999997,1011.7760000000001,6492.735,5543.085,4531.6097,25388.228,21109.288,9486.39,9531.8,7715.509,2283.105,1495.372,673.4356,0,9911.266,0,0,11290.77,6227.111999999999,20296.096999999998,19221.373,9089.442599999998,31897.057999999997,14748.532,0,0,0,15401.89,9017.812,3626.133,30340.608,2535.764,7961.775,0,16783.207000000002,4098.0419999999995,0,0,100,100
No Match,None,unmatched,19026,7.425,17.684,133.195,330.9815,,,,0,5449.816,1975.442,0,0,0,0,3444.026,0,0,0,5431.384,2831.4809999999998,0,0,3103.816,0,0,3457.586,0,0,2508.1989999999996,0,0,5916.312,0,0,0,2634.7039999999997,0,0,0,3304.2889999999998,0,0,9187.471,6455.865,0,0,3053.446,0,0,100,100
No Match,None,unmatched,72074,12.874500000000001,18.198,135.26,330.9825,,,,0,0,0,0,0,0,0,0,0,0,0,0,0,0,0,0,0,0,0,1107.156,0,0,0,0,0,0,0,0,0,0,0,0,2619.008,0,0,0,0,0,0,1576.671,0,825.6856,100,100
No Match,None,unmatched,56782,7.627,19.515,146.99,330.9832,,,,0,0,0,0,0,0,0,0,0,0,0,0,0,0,0,0,0,0,0,0,0,0,0,0,0,0,0,0,0,0,0,0,0,0,0,2362.874,0,0,0,1036.377,0,1671.4850000000001,100,100
No Match,None,unmatched,28324,3.803,22.911,172.43,331.086,,,,0,0,0,0,2004.4270000000001,0,0,0,0,0,0,0,0,0,0,0,0,0,0,0,0,0,1610.337,0,0,0,0,4548.142,0,0,0,3817.548,0,15626.889,0,0,0,0,0,0,0,0,100,100
No Match,None,unmatched,40714,12.348,22.25,167.45,331.0963,,,,0,0,0,0,0,0,0,0,1007.806,0,1201.891,0,982.3806000000001,0,0,651.1145,0,0,0,0,0,0,0,1114.092,1621.65,0,0,2093.7969999999996,0,0,0,0,0,0,1166.439,910.3415,0,0,0,0,0,1350.5720000000001,100,100
No Match,None,unmatched,6028,4.013,18.793,141.56,331.95,,,,0,0,0,0,0,0,0,0,0,0,0,0,0,0,0,0,0,0,632006.899,0,0,0,0,0,0,0,0,0,0,0,0,0,0,0,0,0,0,0,0,0,0,0,100,100
No Match,None,unmatched,58440,2.841,21.709,163.43,332.0018,,,,0,0,0,0,0,0,0,0,0,0,0,0,0,0,0,0,0,0,0,0,0,0,0,0,0,3047.9179999999997,0,1616.117,0,0,0,0,0,0,0,0,0,0,0,0,0,0,100,100
No Match,None,unmatched,23693,0.9545999999999999,19.904,149.67199999999997,332.99482,,,,0,16211.479,0,0,0,0,0,8292.989,0,0,14904.121999999998,0,0,0,0,0,0,0,0,0,0,0,0,0,2514.495,17251.653,8676.632,0,0,0,0,0,0,0,0,0,0,0,0,0,0,0,100,100
No Match,None,unmatched,59651,4.89,23.023,173.26,333.0314,,,,0,0,0,0,0,0,0,0,0,0,0,0,0,0,0,0,0,0,0,0,0,0,4399.178,0,0,0,0,0,0,0,0,0,0,0,0,0,0,0,0,0,0,0,100,100
No Match,None,unmatched,65014,8.054,21.874,164.65,333.0353,,,,0,0,0,0,0,0,0,0,0,0,0,0,0,0,0,0,0,0,0,0,0,0,0,0,0,0,0,0,0,0,0,3378.0919999999996,0,0,0,0,0,0,0,0,0,0,100,100
No Match,None,unmatched,65602,12.985,21.974,165.39,333.0605,,,,0,0,0,0,0,0,0,0,0,0,0,0,0,0,0,0,0,0,0,0,0,631.6983,0,0,0,2649.7999999999997,0,0,0,0,0,0,0,0,0,0,0,0,0,0,0,0,100,100
No Match,None,unmatched,58623,0.834,22.772,171.38,333.1016,,,,0,0,0,0,0,0,0,0,0,0,0,0,0,0,0,0,0,0,0,0,0,0,0,1532.593,0,0,0,0,0,0,0,0,0,0,0,0,3090.667,0,0,0,0,0,100,100
No Match,None,unmatched,8349,3.98,18.799,141.42,333.9474,,,,0,0,0,0,0,0,346367.299,0,0,0,0,0,0,0,0,0,0,0,0,0,0,0,0,0,0,0,0,0,0,0,0,0,0,0,0,0,0,0,0,0,0,0,100,100
No Match,None,unmatched,86683,2.713,21.885,164.71,334.0161,,,,0,0,0,0,0,0,0,0,0,0,0,0,0,0,0,0,0,0,0,0,0,0,0,0,0,1079.8500000000001,0,0,0,0,0,0,0,0,0,0,0,0,0,0,0,0,100,100
No Match,None,unmatched,33239,0.599,22.535,169.48,334.0835,,,,0,0,0,2760.0559999999996,0,0,1556.983,0,1491.827,0,0,0,0,0,0,0,0,0,0,0,0,1552.361,0,0,0,0,0,0,0,0,0,0,0,0,0,0,12023.899,0,0,0,0,0,100,100
No Match,None,unmatched,82224,11.544,22.102,166.32,334.9201,,,,0,0,0,0,0,0,0,0,0,0,0,0,0,0,0,0,0,0,0,0,0,0,1418.186,0,0,0,0,0,0,0,0,0,0,0,0,0,0,0,0,0,0,0,100,100
No Match,None,unmatched,73193,4.003500000000001,21.327,159.98,334.93925,,,,0,0,0,0,0,0,0,0,0,0,0,0,0,0,0,0,0,0,0,0,0,0,0,0,0,0,0,0,0,0,0,0,0,0,0,0,0,0,0,0,3546.723,677.8265,100,100
No Match,None,unmatched,59968,3.983,21.926,165,334.9398,,,,0,0,0,0,0,0,0,0,0,0,0,0,0,0,0,0,0,0,0,0,0,0,0,0,0,0,0,0,0,0,0,0,0,0,0,0,0,0,0,0,4333.263,0,100,100
No Match,None,unmatched,70533,0.992,19.933,149.8,334.99465,,,,0,1575.023,0,0,0,0,0,0,0,0,0,0,0,0,0,0,0,0,0,0,0,0,0,0,2150.738,0,0,0,0,0,0,0,0,0,0,0,0,0,0,0,0,0,100,100
No Match,None,unmatched,24554,7.796,21.978,165.39,335.0165,,,,0,0,0,0,0,0,0,0,0,0,0,0,0,0,776.4455,0,0,0,2340.923,2198.625,0,0,2807.5229999999997,0,0,912.1609,1464.5520000000001,2245.111,0,3903.058,0,0,0,0,3556.725,9592.319,5733.989,0,0,0,0,2009.038,100,100
No Match,None,unmatched,92094,0.57,22.341,168.25,335.03479999999996,,,,5120.519,3146.1187,3841.171,0,2648.12,2762.239,4638.211,0,7012.7801,0,6735.0736,6985.393,2437.645,15356.219,1292.2350000000001,9270.309,3638.0699999999997,8824.594000000001,3552.207,4696.318,16960.245,3438.5209999999997,9637.244999999999,0,0,3982.4049999999997,2586.499,6290.3099999999995,17200.073,0,15860.839,9582.721,3475.2569999999996,5302.367,915.9956,6497.4349999999995,4186.234799999999,6271.057,2566.531,0,9728.916000000001,9663.434,100,100
No Match,None,unmatched,70320,0.581,22.367,168.3,335.0404,,,,0,0,0,0,0,0,0,0,0,0,0,0,0,0,0,0,766.519,0,0,0,0,0,0,0,0,0,0,0,0,853.4729,0,0,0,0,0,0,0,0,0,511.5901,0,0,100,100
No Match,None,unmatched,7127,0.835,22.551,169.21,335.07965,,,,0,0,0,73989.409,0,0,47781.099,0,33789.937999999995,0,0,0,31545.636,0,0,0,0,0,17710.762,0,0,50071.739,3816.944,19077.429,0,0,0,0,0,0,0,3386.779,0,0,0,0,128533.199,0,0,86400.659,0,0,100,100
No Match,None,unmatched,72796,1.687,22.395,168.35,335.0801,,,,0,0,0,0,2321.2599999999998,0,0,0,0,0,0,0,0,0,0,0,0,0,0,0,0,0,0,0,0,0,0,0,0,0,0,0,0,0,0,0,0,0,0,0,0,0,100,100
No Match,None,unmatched,6531,2.36,22.641,169.885,335.08185,,,,0,0,0,0,53447.749,0,0,0,0,57116.699,0,0,0,0,0,0,0,0,0,0,0,0,144415.437,0,0,0,0,143204.799,0,0,0,90420.659,0,62876.779,0,0,0,0,0,0,0,0,100,100
No Match,None,unmatched,6102,7.804,22.333,167.99,335.0995,,,,0,0,0,0,53943.15900000001,0,0,0,0,51719.599,0,0,0,0,0,0,0,0,0,0,0,0,32646.869,0,0,0,0,50735.369000000006,0,0,0,94872.139,0,336033.999,0,0,0,0,0,0,0,0,100,100
No Match,None,unmatched,32048,7.774,22.986,172.94,335.1011,,,,0,0,0,0,0,0,0,0,0,0,0,0,0,0,0,0,0,0,0,0,0,0,0,0,0,0,0,0,0,0,0,0,0,17499.879,0,1584.551,0,1962.0810000000001,0,0,0,0,100,100
No Match,None,unmatched,81672,7.399,22.949,172.67,335.1048,,,,0,0,0,0,0,0,0,0,0,0,0,0,0,0,0,0,0,0,0,0,0,0,0,0,0,0,0,0,0,0,0,0,0,0,0,0,0,1464.31,0,0,0,0,100,100
No Match,None,unmatched,71757,5.0985,18.761,157.805,335.109,,,,0,0,0,0,0,0,0,0,0,0,0,0,0,0,0,0,0,0,0,0,0,0,0,0,0,0,0,0,0,0,0,0,0,0,0,0,0,0,0,0,0,0,100,100
No Match,None,unmatched,83954,0.536,22.533,169.52,336.0837,,,,0,0,0,0,0,0,0,0,0,0,0,0,0,0,0,0,0,0,0,0,0,0,0,0,0,0,0,0,0,0,0,0,0,0,0,0,0,0,0,0,0,0,100,100
No Match,None,unmatched,16657,1.3042666666666667,22.189,166.78866666666667,336.1002666666666,,,,20224.921000000002,1445.932,10933.2905,0,11223.906599999998,13415.965,6292.557899999999,2211.8509999999997,11940.655200000001,12614.1851,18561.775,11723.1053,7519.6306,8567.435,0,12774.124399999999,14120.881,26149.917999999994,23903.989700000002,23945.552099999997,13963.1368,4629.706499999999,6620.2563,6094.895,12583.896600000002,21336.339,11277.2431,7416.285,15997.053899999999,20638.368599999998,24506.041999999998,11123.221000000001,3057.702,6402.384,18730.5532,19688.846099999995,7862.392,6828.835999999999,0,5836.831199999999,23211.8757,27586.068700000003,100,100
No Match,None,unmatched,45252,2.398,22.165,166.74,336.1001,,,,0,0,0,0,0,0,0,0,0,755.5528,0,0,0,0,0,0,1531.038,0,0,0,0,0,0,1198.627,0,0,0,0,0,1904.587,0,0,0,0,2377.5339999999997,0,1111.8410000000001,0,0,0,0,0,100,100
No Match,None,unmatched,69777,11.523,22.211,167.1,336.92,,,,0,0,0,0,0,0,0,0,0,0,0,0,0,0,0,0,0,0,0,0,0,0,2683.576,0,0,0,0,0,0,0,0,0,0,0,0,0,0,0,0,0,0,0,100,100
No Match,None,unmatched,73454,3.988,18.82,141.53,337.0232,,,,0,0,0,0,0,0,2246.9199999999996,0,0,0,0,0,0,0,0,0,0,0,0,0,0,0,0,0,0,0,0,0,0,0,0,0,0,0,0,0,0,0,0,0,0,0,100,100
No Match,None,unmatched,95739,4.576,22.237,167.13,337.0888,,,,0,0,0,0,0,0,0,0,0,0,0,0,0,0,0,0,0,0,0,0,0,0,0,0,0,0,0,0,0,0,0,0,0,0,0,0,0,0,0,0,0,0,100,100
No Match,None,unmatched,28183,2.136863636363636,22.193,166.74886363636364,337.09577272727273,,,,288467.1463,161026.864,346605.15300000005,241778.805,360325.3587,333524.562,291755.9159,153534.6423,224128.22700000004,306992.16599999997,356106.45379999996,323402.2125,322079.25800000003,297549.6211,257552.01,358798.451,292266.901,407201.43100000004,343423.719,283711.985,326638.111,241567.05440000002,226283.15399999998,308255.67459999997,306209.62,485063.3940000001,261981.992,333007.868,38235.833,423052.741,391281.5714,367009.30079999997,236554.67200000002,184593.473,325857.41699999996,322438.70200000005,394865.88899999997,330125.201,252331.258,263630.83300000004,359029.553,380579.4579999999,100,100
No Match,None,unmatched,59586,2.3785,22.166,166.535,337.0954,,,,20046.789,21214.009,11301.798999999999,0,1125.268,58654.048,0,21934.579,81095.028,82049.1442,112509.09,10470.649,29586.109,83663.53899999999,32752.2539,26706.3831,66577.909,37448.72900000001,80947.909,26544.129,0,22502.759,22795.839,0,23147.449,0,22502.128999999997,0,24745.439,69665.409,35526.609000000004,892.5102,0,96945.198,0,103001.66799999999,0,0,0,0,107695.33799999999,61300.339,100,100
No Match,None,unmatched,15822,2.786,22.138,166.61,337.096,,,,2416.127,0,5460.552,0,0,0,0,3126.624,0,0,2551.548,8122.528,0,0,0,10962.699,8803.751,0,1337.571,0,10118.509,0,0,0,0,7091.19,5979.016,11046.329,0,0,0,0,2451.7479999999996,0,0,8628.199,2230.72,12862.092999999999,0,0,0,0,100,100
No Match,None,unmatched,87681,8.026,22.362,168.23,337.0976,,,,0,0,0,0,0,0,0,0,0,0,0,0,0,0,0,0,0,0,0,0,0,1014.472,0,0,0,0,0,0,0,0,0,0,0,0,0,0,0,0,0,0,0,0,100,100
No Match,None,unmatched,27476,3.121,20.805,156.5,337.8986,,,,0,0,0,0,0,0,0,4975.938,0,0,5440.976,0,0,0,0,0,0,0,0,0,0,0,0,0,0,519.3826,997.8954,0,0,0,0,0,10276.609,0,0,0,0,0,6308.6759999999995,992.9021,0,0,100,100
No Match,None,unmatched,13117,4.537000000000001,20.683,155.64999999999998,337.89975000000004,,,,2544.999,0,6060.219,0,0,0,0,15873.309,0,0,35048.869000000006,0,0,1719.583,0,0,0,0,0,0,0,0,15290.829,0,3571.858,5071.528,6367.933,2369.4049999999997,0,0,0,1364.434,14152.639,792.1706,2897.1059999999998,0,0,0,21024.989,8592.487,0,0,100,100
No Match,None,unmatched,11211,5.486,19.931,149.92,337.8996,,,,3222.2129999999997,14013.179,13894.389,0,1699.8220000000001,0,0,15213.349,5460.827,0,26201.009,1667.928,3235.122,8678.819,0,0,0,0,0,0,0,2736.6899999999996,12799.219,1363.435,6675.434,6232.8589999999995,8976.067,3255.2039999999997,0,0,0,0,17193.259,0,7497.7339999999995,0,3073.819,0,23507.479,7091.206999999999,0,0,100,100
No Match,None,unmatched,8289,5.625,22.795,171.4,338.0827,,,,14552.798999999999,0,9180.041,20774.729,640.1578000000001,0,14988.149,0,13377.499,0,0,1685.147,35218.109000000004,22692.829,2132.5939999999996,2446.531,8549.418,4378.045999999999,0,6580.842,14248.469,46846.249,0,0,0,2424.944,0,0,14132.069,8279.112,0,0,7017.873,542.3805,11906.469,12459.189,26704.939,7152.996,20065.639,18121.369,1386.675,2691.807,100,100
No Match,None,unmatched,59436,1.1786666666666668,22.187,166.95333333333335,338.0996666666667,,,,0,0,0,0,0,0,0,0,0,0,0,0,0,0,0,0,0,2124.417,0,0,0,0,0,0,0,0,0,2512.783,0,0,0,0,0,0,0,0,0,0,0,0,2090.683,0,100,100
No Match,None,unmatched,68636,2.697,22.442,168.79,338.9776,,,,0,0,0,0,0,0,0,0,0,0,0,0,0,0,0,0,0,0,0,0,0,0,0,0,0,0,0,2842.5499999999997,0,0,0,0,0,0,0,0,0,0,0,0,0,0,100,100
No Match,None,unmatched,92748,5.654,22.774,171.28,339.0873,,,,0,0,0,0,0,0,0,0,0,0,0,0,0,0,0,0,0,0,0,0,0,0,0,0,0,0,0,0,0,0,0,0,0,0,690.4712000000001,0,0,0,0,0,0,0,100,100
No Match,None,unmatched,48804,2.0719999999999996,22.415,168.55333333333337,339.1096333333333,,,,0,0,0,0,0,0,0,0,0,0,0,0,0,0,0,0,0,0,0,0,0,0,0,0,0,10591.485,0,0,0,0,0,0,0,0,0,0,887.6342000000001,0,0,0,0,0,100,100
No Match,None,unmatched,67750,0.778,22.351,168.02,339.1089,,,,1766.184,0,0,0,0,0,0,0,0,0,0,0,0,0,0,0,0,0,0,0,0,0,0,0,0,0,0,0,0,1202.201,0,0,0,0,0,0,0,0,0,0,0,0,100,100
No Match,None,unmatched,36841,6.495,22.823,171.51,340.0981,,,,1114.586,0,0,0,0,0,4452.799,0,1160.519,0,0,0,3044.669,0,0,0,0,0,0,0,0,3427.096,0,0,0,0,0,0,0,0,0,0,0,0,0,0,2189.488,0,0,0,0,0,100,100
No Match,None,unmatched,12616,0.703,22.982,172.72,340.1033,,,,0,0,0,28558.899,0,0,18250.789,0,13882.708999999999,0,0,0,32551.329,0,0,0,0,0,0,0,0,49806.999,0,0,0,0,0,0,0,0,0,0,0,0,0,0,3269.4269999999997,0,0,5131.527,0,0,100,100
No Match,None,unmatched,27660,2.872,22.873,171.98,341.0273,,,,0,0,0,0,0,0,0,0,0,0,0,0,0,0,0,0,0,0,0,0,0,0,29078.589,0,0,0,0,0,0,0,0,0,0,0,0,0,0,0,0,0,0,0,100,100
No Match,None,unmatched,44761,3.185,23.286,174.97,341.0633,,,,0,0,849.9983,0,0,0,0,1162.73,0,0,0,0,0,1277.919,0,0,0,0,0,0,0,0,0,0,0,0,0,0,0,0,0,0,0,0,0,0,843.9709,0,0,5468.422,0,0,100,100
No Match,None,unmatched,69364,8.753,23.017,173.04,341.9507,,,,0,0,0,0,0,0,0,0,0,0,0,0,0,0,0,0,0,0,0,0,0,0,2739.8759999999997,0,0,0,0,0,0,0,0,0,0,0,0,0,0,0,0,0,0,0,100,100
No Match,None,unmatched,89447,6.289,23.262,174.87,342.0786,,,,0,0,0,0,0,0,0,0,0,0,0,0,0,0,0,0,0,0,0,0,0,0,0,0,0,901.4007,0,0,0,0,0,0,0,0,0,0,0,0,0,0,0,0,100,100
No Match,None,unmatched,85086,4.691,23.154,173.88,343.0049,,,,0,0,0,0,0,0,0,0,0,0,1194.821,0,0,0,0,0,0,0,0,0,0,0,0,0,0,0,0,0,0,0,0,0,0,0,0,0,0,0,0,0,0,0,100,100
No Match,None,unmatched,72719,3.3215000000000003,23.251,174.345,343.98395,,,,0,0,0,0,0,0,0,0,0,5621.280999999999,0,0,0,0,0,0,0,0,0,0,0,0,0,0,0,0,0,11238.119,0,0,0,0,0,1662.357,0,0,0,0,0,0,0,0,100,100
No Match,None,unmatched,52839,0.589,21.867,164.35,343.9899,,,,2319.8199999999997,0,0,0,0,0,0,0,0,0,0,0,0,0,0,0,0,0,1905.228,0,0,1103.651,0,879.0288,0,0,0,0,0,0,0,0,0,0,0,0,0,0,0,0,0,0,100,100
No Match,None,unmatched,88453,3.97,21.153,159.04,344.0007,,,,0,0,0,0,0,0,0,0,0,0,0,0,0,0,0,0,0,0,0,0,0,0,0,0,0,0,0,0,0,0,965.2734,0,0,0,0,0,0,0,0,0,0,0,100,100
No Match,None,unmatched,84251,0.562,22.97,172.65,344.0618,,,,0,0,0,0,0,0,0,0,0,0,0,0,0,0,0,0,0,0,0,0,0,1255.41,0,0,0,0,0,0,0,0,0,0,0,0,0,0,0,0,0,0,0,0,100,100
No Match,None,unmatched,52842,1.741,23.151,174.01,344.0835,,,,0,0,0,0,0,0,0,0,0,0,0,0,0,0,0,0,0,0,0,0,0,1345.3700000000001,0,0,0,0,0,0,0,0,4859.749,0,0,0,0,0,0,0,0,0,0,0,100,100
No Match,None,unmatched,51438,2.554,23.283,174.87,344.1159,,,,0,0,0,1809.2830000000001,0,0,0,0,0,0,0,0,2637.546,904.7586,0,0,0,0,0,0,0,0,0,0,0,0,0,0,0,0,0,0,0,0,0,0,1330.452,0,0,0,0,0,100,100
No Match,None,unmatched,9634,2.2756666666666665,19.96,150.03,344.8940333333333,,,,5397.183,2719.191,9391.442,7855.346,18135.319,0,4616.090399999999,13128.349,8494.217,9152.912,2630.0159999999996,3063.7259999999997,9533.442,7341.012,0,0,0,0,4172.612,0,0,8555.099,11406.1112,4456.291,1865.628,12660.319,12860.178,17061.059,0,0,0,18229.822,25747.738,19665.569,18225.649,0,9735.463,0,20213.657,23226.764,0,1328.09,100,100
No Match,None,unmatched,94298,0.8374285714285714,21.166,159.18,344.9984857142857,,,,0,0,0,0,0,0,0,0,5203.857,0,15247.119,0,0,17090.724,0,4795.7029999999995,0,0,2711.363,0,0,3609.2149999999997,4874.791,0,0,3253.0699999999997,0,0,2848.131,4017.917,0,0,0,0,0,0,0,0,0,0,0,0,100,100
No Match,None,unmatched,8475,0.55,23.141,173.82,346.0561,,,,4320.196,11502.349,0,0,32218.609,0,0,0,0,39069.019,7169.119,0,12714.269,0,0,0,0,0,1482.385,0,0,0,35355.739,0,44931.40900000001,4474.090999999999,6467.407,37143.859000000004,0,0,0,55382.90900000001,0,43650.679000000004,0,0,0,0,0,0,0,0,100,100
No Match,None,unmatched,16750,2.0235000000000003,23.064,173.26999999999998,346.09685,,,,0,0,0,8274.457,0,0,9593.679,0,1342.424,0,0,0,12725.069,4355.351,0,0,0,0,0,0,0,8309.609,0,0,0,0,0,0,0,0,0,0,0,0,0,0,17242.4028,0,17646.8948,17426.439,0,0,100,100
No Match,None,unmatched,50442,6.736,20.005,150.34,346.8991,,,,0,1864.565,0,0,0,0,0,0,0,1038.25,0,0,0,0,0,0,0,0,0,0,0,0,0,872.4521,0,0,0,0,0,0,0,0,0,0,1268.615,0,2012.8500000000001,0,0,0,0,0,100,100
No Match,None,unmatched,79683,11.879,18.792,141.24,346.9749,,,,0,0,0,0,884.9540000000001,0,0,0,0,0,0,0,0,0,0,0,0,0,0,0,0,0,0,749.8705,0,0,0,0,0,0,0,0,0,0,0,0,0,0,0,0,0,0,100,100
No Match,None,unmatched,24837,9.485,18.657,140.24,346.9757,,,,0,1326.63,0,1482.255,4141.315,0,0,0,0,3233.035,2798.674,0,0,0,0,0,0,0,0,0,0,0,1049.387,2912.1949999999997,0,0,8842.143,3004.9579999999996,0,0,0,0,945.5387000000001,625.6947,6297.112999999999,0,0,0,0,0,0,0,100,100
No Match,None,unmatched,40384,12.6268,22.973,172.918,347.01221999999996,,,,2425.3109999999997,1158.973,1353.3500000000001,0,0,0,0,1191.78,0,0,0,0,2621.651,0,0,0,0,0,2701.051,1558.4093,7927.637999999999,0,12085.082999999999,1368.3148999999999,1436.201,3202.5026,0,2377.459,0,754.9347,0,0,0,0,2043.332,13561.478000000001,6491.918999999999,0,1176.1490000000001,0,0,0,100,100
No Match,None,unmatched,51600,0.661,22.013,165.43,347.0446,,,,0,0,0,0,0,0,0,0,0,0,0,0,0,0,0,0,0,0,0,0,0,0,0,0,0,0,0,0,0,0,0,0,0,6623.103,0,0,0,0,0,0,0,0,100,100
No Match,None,unmatched,77632,1.503,23.219,174.45,347.1183,,,,0,0,0,0,0,0,0,0,0,0,0,0,0,0,0,0,0,0,0,0,0,1825.0910000000001,0,0,0,0,0,0,0,0,0,0,0,0,0,0,0,0,0,0,0,0,100,100
No Match,None,unmatched,83793,6.827,23.201,174.32,347.1193,,,,0,0,0,0,0,0,0,0,0,0,0,0,0,0,0,0,0,0,0,0,0,0,0,0,0,0,0,0,0,0,0,0,0,1292.237,0,0,0,0,0,0,0,0,100,100
No Match,None,unmatched,7492,9.769,22.334,167.695,348.90139999999997,,,,10129.489,11273.919,12580.409,10362.739,8990.789999999999,0,13615.779,9712.154999999999,10005.589,9567.118,11887.259,0,7136.19,10774.309,9259.948,7042.08,11004.869,9143.568,8872.653,11136.479,7171.263,7651.76,12145.559,8190.344,9549.724,6406.239,4941.224999999999,5933.398999999999,8978.967999999999,7174.382,6558.405,10860.449,7645.117,0,12613.249,78143.909,4723.574,5900.275,10453.729,8787.301,11047.859,7894.045999999999,100,100
No Match,None,unmatched,53632,6.921,22.574,169.59,348.9562,,,,0,0,0,0,0,0,0,0,0,0,0,0,0,0,0,0,0,0,0,0,0,0,0,0,0,0,0,0,0,0,0,0,0,0,0,838.3371000000001,0,0,0,0,3835.68,1272.905,100,100
No Match,None,unmatched,84666,4.003,21.647,162.65,348.9564,,,,0,0,0,0,0,0,0,0,0,0,0,0,0,0,0,0,0,0,0,0,0,0,0,0,0,0,0,0,0,0,0,0,0,0,0,0,0,0,0,0,1223.433,0,100,100
No Match,None,unmatched,76136,5.467,22.534,169.29,348.9568,,,,0,0,0,0,0,0,0,0,0,0,0,0,0,0,0,0,0,0,0,0,0,0,0,0,0,0,0,0,0,0,0,0,0,0,0,0,0,0,0,0,1965.366,0,100,100
No Match,None,unmatched,81320,0.741,23.063,173.6475,349.09545,,,,0,0,0,579.7947,0,0,0,0,0,0,0,0,0,0,0,0,0,0,2031.6431,0,0,0,0,3137.171,0,0,0,0,0,0,0,0,0,0,0,0,15725.635999999999,0,0,886.5297,0,0,100,100
No Match,None,unmatched,47760,6.19,19.466,146.32,349.9195,,,,0,0,0,0,0,0,0,0,0,0,0,0,0,0,0,0,0,0,8141.8369999999995,0,0,0,0,0,0,0,0,0,0,0,0,0,0,0,0,0,0,0,0,0,0,0,100,100
No Match,None,unmatched,77613,9.689,18.683,140.46,349.9708,,,,0,0,0,0,0,0,0,0,0,0,0,0,0,0,0,0,0,0,0,0,0,0,0,0,0,0,0,0,0,0,0,0,0,0,0,0,0,0,0,0,0,0,100,100
No Match,None,unmatched,90884,8.831,22.676,170.17,350.0772,,,,0,0,0,0,0,0,0,0,0,0,0,812.8844,0,0,0,0,0,0,0,0,0,0,0,0,0,0,0,0,0,0,0,0,0,0,0,0,0,0,0,0,0,0,100,100
No Match,None,unmatched,6019,9.7655,22.345,167.76999999999998,350.8976,,,,18682.829,18128.139,21330.619,19491.079,17841.579,16801.1561,14257.817200000001,20425.829,17771.449,20000.292,18258.139,20963.949,13694.789,13248.589,13070.699,17330.099,14902.519,13236.048999999999,12238.814900000001,14578.469,15770.599,14310.419,16133.249,15987.999,21876.0837,7157.0966,9410.135,14319.589,17276.379,15609.458999999999,13840.609,16815.869,12641.419,9890.985,19559.019,0,8823.223,11609.628999999999,15340.909,13659.579,17260.479,15696.458999999999,100,100
No Match,None,unmatched,61124,10.919,19.02,142.89,350.9704,,,,0,0,0,0,2543.122,0,0,0,0,0,0,0,0,0,0,0,0,0,0,0,0,0,0,0,0,0,0,0,0,0,0,0,0,0,1551.025,0,0,0,0,0,0,0,100,100
No Match,None,unmatched,67261,0.507,22.907,172.05,351.0096,,,,0,0,0,0,0,0,0,0,0,0,0,0,0,0,0,0,0,0,0,0,0,0,0,0,0,0,0,0,0,0,3034.086,0,0,0,0,0,0,0,0,0,0,0,100,100
No Match,None,unmatched,37885,1.1310434782608696,22.314,167.5791304347826,351.0136739130434,,,,96587.9792,70944.06,112249.3123,42517.948,40182.066999999995,99533.86499999999,71700.30799999999,0,112589.715,67529.27,177538.488,114720.405,122014.38240000002,147614.74899999998,77151.817,158868.002,136135.884,174778.048,99736.064,148929.861,84533.0849,100190.564,164153.81399999998,87647.075,69245.109,80067.50899999999,93209.59599999999,125629.82800000001,75882.9537,92815.49399999999,187581.8873,132223.589,38341.0652,121432.277,69584.8479,181156.77700000003,98036.4112,147265.427,106283.501,43720.338,154729.57200000001,199289.59100000001,100,100
No Match,None,unmatched,16675,9.692,18.63,140.03,351.9058,,,,0,0,0,0,0,0,0,0,0,0,0,0,0,0,0,0,0,0,0,0,0,0,0,0,0,0,0,0,0,0,0,0,0,86250.299,0,0,0,0,0,0,0,0,100,100
No Match,None,unmatched,58271,0.525,22.291,167.38,352.0174,,,,0,0,0,0,0,0,0,0,0,0,0,1171.772,0,0,0,0,0,0,0,0,0,0,0,0,0,0,0,0,0,0,0,0,0,0,0,0,0,0,1864.74,0,0,0,100,100
No Match,None,unmatched,65882,1.094,23.544,176.8,352.0386,,,,0,0,0,0,0,0,0,0,0,0,0,0,0,0,0,0,0,0,0,945.3445,1369.407,0,0,0,0,0,0,0,0,0,0,0,0,0,0,0,0,926.2298000000001,0,0,0,0,100,100
No Match,None,unmatched,67466,0.659,23.35,175.18,352.1046,,,,0,2009.691,0,0,0,0,0,0,0,0,996.4627,0,0,0,0,0,0,0,0,0,0,0,0,0,0,0,0,0,0,0,0,0,0,0,0,0,0,0,0,0,0,0,100,100
No Match,None,unmatched,93538,9.738999999999999,22.455,168.12666666666667,352.8942666666667,,,,0,5664.9169999999995,8108.998,5487.991,0,3209.8689999999997,10204.599,10298.269,4623.833,0,5497.459,6207.204,2971.8149999999996,0,3696.9289999999996,3954.683,0,4958.906,2782.415,4134.504,0,4947.864,6660.090999999999,5020.608,5253.139,2239.7749999999996,3442.091,6371.223,4800.911999999999,4121.052,4045.437,6110.7609999999995,5018.2,3557.689,5197.389,0,2257.7425000000003,7369.387,1689.134,6298.804,4185.380999999999,4680.373,100,100
No Match,None,unmatched,85201,0.675,21.356,160.25,352.9903,,,,0,0,0,0,0,0,0,0,0,0,0,0,1186.079,0,0,0,0,0,0,0,0,0,0,0,0,0,0,0,0,0,0,0,0,0,0,0,0,0,0,0,0,0,100,100
No Match,None,unmatched,65122,0.6543333333333333,21.315,159.96333333333334,352.99756666666667,,,,4792.3619,0,1165.256,0,976.7130000000001,0,0,0,0,835.8138,0,0,1185.251,2024.3510999999999,0,0,0,0,0,0,0,0,1151.018,0,0,0,0,0,0,0,1555.732,776.1759000000001,0,0,0,2032.433,0,0,0,0,0,0,100,100
No Match,None,unmatched,12804,3.568,20.804,156.17,353.894,,,,1419.615,0,10169.559,0,0,0,0,14595.679,0,0,0,2747.5829999999996,0,967.7285,0,0,0,0,0,0,0,0,0,0,0,0,0,0,0,0,0,0,11289.449,0,0,0,13080.119,0,58198.709,34770.319,0,0,100,100
No Match,None,unmatched,22275,9.69,18.657,140.21,353.9034,,,,0,0,0,0,0,0,0,0,0,0,0,0,0,0,0,0,0,0,0,0,0,0,0,0,0,0,0,0,0,0,0,0,0,0,0,0,0,0,0,46072.829000000005,0,0,100,100
No Match,None,unmatched,6885,8.037,20.067,150.59,353.9596,,,,0,0,0,0,0,0,492800.39900000003,0,0,0,0,0,0,0,0,0,0,0,0,0,0,0,0,0,0,0,0,0,0,0,0,0,0,0,0,0,0,0,0,0,0,0,100,100
No Match,None,unmatched,38636,9.691,18.649,140.14,353.9623,,,,0,0,0,0,0,0,0,0,0,0,0,0,0,0,0,0,0,0,0,0,0,0,0,0,0,0,0,0,0,0,0,0,0,0,0,0,0,0,0,13693.869,0,0,100,100
No Match,None,unmatched,95292,8.8535,22.329,167.445,353.9753,,,,0,0,0,0,0,0,0,0,0,0,0,0,0,0,0,0,0,0,1316.913,0,0,0,0,0,0,0,0,0,0,0,0,0,0,0,0,0,0,0,0,0,0,0,100,100
No Match,None,unmatched,12163,9.484,18.682,140.34,353.9986,,,,2314.3349999999996,3973.798,2891.118,2788.6609999999996,5881.639999999999,2034.088,0,3568.843,3140.37,3615.6139999999996,3651.941,1663.473,3212.971,4382.974999999999,2332.067,4903.646,6988.32,3901.625,3451.0589999999997,3959.2349999999997,5019.29,2527.8469999999998,2484.0559999999996,5237.599,0,5552.974999999999,2680.2679999999996,4390.607,5848.422,6632.157,1599.415,3879.633,3899.7659999999996,5602.177,6340.2919999999995,7381.161,5137.153,6094.003,2374.6639999999998,2822.3309999999997,5480.505999999999,4100.999,100,100
No Match,None,unmatched,68648,9.712,22.332,167.68,354.8944,,,,0,0,0,0,0,0,0,0,0,0,0,0,0,0,0,0,0,0,0,0,0,0,0,0,0,0,0,0,0,0,0,0,0,0,0,2841.0249999999996,0,0,0,0,0,0,100,100
No Match,None,unmatched,85775,9.306,18.722,140.68,354.9791,,,,0,0,0,0,0,0,0,0,0,0,0,0,0,0,0,0,0,0,0,0,0,0,0,0,0,0,0,0,0,0,0,0,0,0,0,1141.955,0,0,0,0,0,0,100,100
No Match,None,unmatched,56608,2.773,21.787,163.56,356.9257,,,,0,0,0,0,0,0,0,0,0,0,0,0,0,0,0,0,0,0,0,0,0,0,5115.26,0,0,0,0,0,0,0,0,0,0,0,0,0,0,0,0,0,0,0,100,100
No Match,None,unmatched,36069,13.185090909090912,23.597,177.30454545454543,357.01472727272727,,,,10381.806999999999,1014.4920000000001,647.1924,8694.91,10916.435,2290.3109999999997,4219.7441,1906.696,2549.8274,21054.553,6102.0217999999995,2782.5206,30238.47,8523.746,4111.777,2646.8349999999996,3626.2288,8109.488999999999,0,2374.0629999999996,745.264,1198.544,260102.8001,34213.445999999996,5482.848,962.5412,0,2639.109,1950.136,17881.4388,5028.139,13195.884,0,2176.7129999999997,0,0,938.4555,3892.3049999999994,1109.203,16835.619,8214.776,2429.0445,100,100
No Match,None,unmatched,64173,15.133894736842104,23.546,177.03105263157894,357.0143842105263,,,,37797.6617,0,32004.014499999997,25184.770999999997,18830.751,28901.899999999998,30787.848099999996,14978.5799,6408.606,27618.521999999997,13769.908800000001,14589.365999999998,34587.4704,6107.5136999999995,44396.585699999996,28299.494,14304.328300000001,23565.794599999997,16859.995,6093.789,4005.6668,24473.6996,544.8735,23025.999999999996,12448.625,1268.175,0,17634.188,23357.388399999996,30948.34,7871.554999999999,21988.928499999998,4312.671,13703.886999999999,16303.8633,2014.4180000000001,5595.467199999999,6183.8179,40320.35,36190.375,27911.992,9313.791000000001,100,100
No Match,None,unmatched,67380,10.288666666666666,23.644,177.48333333333335,357.01506666666666,,,,0,0,0,0,0,0,0,0,0,0,0,0,0,0,0,0,0,0,0,0,0,0,5624.4331999999995,0,0,0,0,0,0,0,0,0,0,0,0,0,0,0,1017.13,0,0,0,100,100
No Match,None,unmatched,73347,13.907,23.596,176.99,357.013,,,,0,0,0,1077.096,770.3718,0,0,0,0,0,0,0,0,0,0,0,0,0,0,0,0,0,0,0,0,0,0,0,0,0,0,0,0,0,0,0,0,0,0,0,0,0,100,100
No Match,None,unmatched,45642,10.987,23.617,177.17,357.0158,,,,0,0,0,0,0,0,0,0,0,0,0,0,845.8896,0,0,0,0,0,0,0,0,0,8276.813,0,0,0,0,0,0,0,0,0,0,0,0,0,0,0,0,0,0,0,100,100
No Match,None,unmatched,68207,0.7014285714285714,21.659,162.87571428571428,357.0298571428571,,,,7559.654999999999,3535.412,0,0,895.2011,4596.4345,1016.671,0,597.3703,0,16284.094000000001,4996.572,0,5791.379999999999,8512.576,612.3587,9821.759,5076.1309,5673.653,21341.027,6960.557,2314.964,9856.398,0,0,0,3148.3379999999997,8106.343999999999,9615.349,7794.264,3249.312,9617.054,6102.0323,752.2763,1983.2830000000001,13764.39,2496.502,12529.307,0,0,6236.8856000000005,12269.9273,100,100
No Match,None,unmatched,79966,0.661,21.695,162.71,357.0374,,,,0,0,0,0,0,0,0,0,0,0,0,0,1610.801,0,0,0,0,0,0,0,0,0,0,0,0,0,0,0,0,0,0,0,0,0,0,0,0,0,0,0,0,0,100,100
No Match,None,unmatched,7486,2.684,22.94,172.12,357.0615,,,,0,90515.569,0,0,0,0,0,11808.479,0,0,63178.449,0,0,0,0,0,0,0,0,0,0,0,5241.981,0,66274.749,135402.69900000002,48041.90900000001,3794.446,0,0,0,0,0,0,0,0,0,0,0,0,0,0,100,100
No Match,None,unmatched,88114,6.132,23.324,175.06,357.0867,,,,0,0,0,0,0,0,0,0,0,0,0,0,0,0,0,0,0,0,0,0,0,0,0,0,0,0,0,0,0,0,0,0,0,0,0,987.042,0,0,0,0,0,0,100,100
No Match,None,unmatched,50452,3.625,23.282,174.66,357.1031,,,,0,0,818.5998000000001,0,0,0,1204.864,0,0,0,0,0,0,0,0,0,0,0,0,0,0,3452.845,0,0,0,0,0,0,0,0,0,0,0,0,0,0,0,0,1576.089,0,0,0,100,100
No Match,None,unmatched,69200,0.548,23.583,176.83,357.1192,,,,2764.8869999999997,0,0,0,0,0,0,0,0,0,0,0,0,0,0,0,0,0,0,0,0,0,0,0,0,0,0,0,0,0,0,0,0,0,0,0,0,0,0,0,0,0,100,100
No Match,None,unmatched,91773,15.09,23.636,177.37,358.0103,,,,0,0,0,0,0,0,0,0,0,0,0,0,0,0,0,0,0,0,0,0,0,0,0,0,0,0,0,0,0,757.9427000000001,0,0,0,0,0,0,0,0,0,0,0,0,100,100
No Match,None,unmatched,85642,9.895,23.472,176.13,358.9308,,,,0,0,0,0,0,0,0,0,0,0,0,0,0,0,0,0,0,0,0,0,0,0,0,0,0,0,0,0,0,0,0,0,0,0,0,1152.241,0,0,0,0,0,0,100,100
No Match,None,unmatched,91483,10.943,23.415,175.5725,358.995275,,,,0,0,0,0,0,0,0,0,0,0,0,0,0,0,0,0,0,0,0,0,0,0,20561.2064,0,0,0,0,0,0,0,0,0,0,0,0,0,0,0,0,0,0,0,100,100
No Match,None,unmatched,26797,9.97325,23.315,174.81,358.99525,,,,0,0,0,0,0,0,0,0,0,0,0,0,0,0,0,0,0,0,0,0,0,0,62713.39199999999,0,0,0,0,0,0,0,0,0,0,0,0,0,0,0,0,0,0,0,100,100
No Match,None,unmatched,43432,7.815,23.304,174.87,358.9948,,,,0,0,0,0,0,0,0,0,0,0,0,0,0,0,0,0,0,0,0,0,0,0,10333.189,0,0,0,0,0,0,0,0,0,0,0,0,0,0,0,0,0,0,0,100,100
No Match,None,unmatched,50609,8.755,23.341,175.15,358.9951,,,,0,0,0,0,0,0,0,0,0,0,0,0,0,0,0,0,0,0,0,0,0,0,6988.57,0,0,0,0,0,0,0,0,0,0,0,0,0,0,0,0,0,0,0,100,100
No Match,None,unmatched,48239,13.590499999999999,23.278,174.8,358.9954,,,,0,0,0,0,0,0,0,0,0,0,0,0,0,0,0,0,0,0,0,0,0,0,9963.801,0,0,0,0,0,547.0857,0,0,0,0,0,0,0,0,0,0,0,0,0,100,100
No Match,None,unmatched,78537,15.005,23.284,174.72,358.9967,,,,0,0,0,0,0,0,0,0,0,0,0,0,0,0,0,0,0,0,0,0,0,0,988.7137,0,0,0,0,0,749.4982,0,0,0,0,0,0,0,0,0,0,0,0,0,100,100
No Match,None,unmatched,26588,3.261,23.517,176.39,359.0554,,,,0,0,0,9098.003999999999,0,0,5603.767,0,5903.192,0,0,0,0,0,0,0,0,0,0,0,0,1909.78,0,0,0,0,0,0,0,0,0,0,0,0,0,0,6517.325,0,0,2644.8869999999997,0,0,100,100
No Match,None,unmatched,87038,3.6726666666666667,23.925,178.1833333333333,359.05586666666665,,,,0,0,0,0,0,0,646.7693,0,0,0,0,0,0,0,0,0,0,0,0,0,0,4472.110699999999,0,0,0,0,0,0,0,0,0,0,0,0,0,0,2085.035,0,0,0,0,0,100,100
No Match,None,unmatched,65773,0.566,22.054,165.35,359.9622,,,,1372.055,0,1044.978,0,0,0,0,0,0,0,0,0,838.9555,0,0,0,0,0,0,0,0,0,0,0,0,0,0,0,0,0,0,0,0,0,0,0,0,0,0,0,0,0,100,100
No Match,None,unmatched,81519,0.522,23.35,175.04,360.0194,,,,0,0,0,0,0,0,1476.628,0,0,0,0,0,0,0,0,0,0,0,0,0,0,0,0,0,0,0,0,0,0,0,0,0,0,0,0,0,0,0,0,0,0,0,100,100
No Match,None,unmatched,34695,0.5720000000000001,22.248,167.015,360.0279,,,,0,0,0,0,0,0,0,0,0,0,15120.239,0,0,0,0,0,0,0,0,0,0,0,0,0,4234.509,0,0,0,0,0,0,0,0,0,0,0,0,0,0,0,0,0,100,100
No Match,None,unmatched,93433,2.665,23.302,174.84,360.1195,,,,0,0,0,0,0,0,0,0,0,0,0,0,0,0,0,0,0,0,0,0,0,0,0,0,0,0,0,0,0,0,0,0,0,0,0,0,634.5573,0,0,0,0,0,100,100
No Match,None,unmatched,22860,0.584,20.8,156.12,360.9282,,,,0,0,0,0,0,0,0,0,0,0,0,0,0,0,0,0,0,0,0,2611.1769999999997,0,0,0,0,0,0,0,0,0,0,5777.195,0,0,0,0,0,0,0,35218.199,0,0,0,100,100
No Match,None,unmatched,57575,13.05625,23.54,176.9575,361.02727500000003,,,,0,0,0,0,0,0,809.9039,0,0,0,0,0,1372.472,0,0,0,0,0,4340.8117999999995,0,2741.7485,0,0,0,0,0,0,0,0,0,0,0,0,559.8933000000001,0,1134.203,1181.532,0,0,0,0,0,100,100
No Match,None,unmatched,59881,4.102,23.704,177.735,361.09664999999995,,,,4061.495,1482.011,0,3595.5159999999996,0,0,6530.373,2487.16,0,0,0,0,0,0,0,0,0,0,0,0,0,2518.604,0,0,0,7832.675,3486.678,0,0,0,0,0,522.9356,772.5631000000001,687.2813,0,2588.312,13019.128999999999,7470.273999999999,4532.461,0,1588.26,100,100
No Match,None,unmatched,71840,11.185,21.509,161.41,361.9392,,,,0,0,0,0,0,0,0,0,0,0,0,0,0,0,0,0,0,0,0,0,0,0,0,0,0,0,0,0,0,0,2433.104,0,0,0,0,0,0,0,0,0,0,0,100,100
No Match,None,unmatched,90846,8.043,22.781,170.89,362.9534,,,,0,0,0,0,0,0,0,0,0,0,0,0,0,0,0,0,0,0,0,0,0,0,814.8672,0,0,0,0,0,0,0,0,0,0,0,0,0,0,0,0,0,0,0,100,100
No Match,None,unmatched,43441,10.021,22.807,171.09,363.0467,,,,0,0,0,0,0,0,0,0,0,0,0,0,0,0,1279.025,0,0,0,0,0,989.086,685.7238,1973.211,0,0,0,0,0,0,0,0,0,0,0,0,3821.6459999999997,1579.335,0,0,0,0,0,100,100
No Match,None,unmatched,69290,2.117,22.916,171.82,363.0755,,,,0,0,0,0,0,0,0,0,0,0,0,844.788,0,0,0,0,0,0,0,0,0,0,0,0,0,0,0,0,0,0,0,0,0,0,0,0,0,0,1905.886,0,0,0,100,100
No Match,None,unmatched,12002,1.723,23.548,176.28666666666666,363.11263333333335,,,,0,0,0,7469.052,24051.709,0,9717.972,0,0,24380.579999999998,0,0,817.3747000000001,0,0,0,0,0,0,0,0,0,17592.911,0,0,0,0,34153.836,0,0,0,22244.836000000003,0,60140.978,0,0,9925.377,0,0,9057.167,0,0,100,100
No Match,None,unmatched,67230,0.594,23.085,173.15,364.0965,,,,0,0,0,0,0,0,0,0,0,0,0,0,0,0,0,0,0,0,0,0,0,0,0,0,0,0,0,0,0,0,0,0,0,0,0,0,0,0,0,3037.401,0,0,100,100
No Match,None,unmatched,66611,0.7037500000000001,23.271,174.475,365.0907,,,,0,0,0,1472.689,0,0,16067.412999999999,0,0,0,0,0,0,0,0,0,0,0,727.0335,0,0,3358.5699999999997,0,0,0,0,0,0,0,0,0,0,0,0,0,0,22427.44,0,0,35236.558000000005,0,0,100,100
No Match,None,unmatched,78137,0.581,23.232,174.05,366.0382,,,,0,0,0,0,0,0,0,0,874.5027,0,0,0,902.0449,0,0,0,0,0,0,0,0,0,0,0,0,0,0,0,0,0,0,0,0,0,0,0,0,0,0,0,0,0,100,100
No Match,None,unmatched,24865,1.20025,23.173,173.66062499999998,366.10997499999996,,,,142674.351,115019.208,174672.08,121058.291,163770.03500000003,175548.9799,118192.00699999998,167998.428,128912.287,234273.10100000002,397558.08700000006,156756.19100000005,116252.697,151837.02870000002,89700.484,162416.554,217059.806,298865.9,187653.01,162278.68300000002,141750.593,79608.058,133605.9695,174192.654,189520.36100000003,328199.852,176642.875,180289.764,230148.83000000002,279521.122,122540.696,184814.933,183623.29599999997,151514.761,207924.6137,176267.949,221968.98500000002,176535.164,124239.01759999999,173883.55,241945.24500000002,285590.73,100,100
No Match,None,unmatched,93546,3.698,22.332,167.48,366.8997,,,,0,0,0,0,0,0,0,0,0,0,0,0,0,0,0,0,0,0,0,0,0,0,0,625.6267,0,0,0,0,0,0,0,0,0,0,0,0,0,0,0,0,0,0,100,100
No Match,None,unmatched,54403,0.7020000000000001,22.087,165.8183333333333,366.98656666666665,,,,16024.416000000001,11833.272,13950.664,9857.286999999998,1681.143,2817.9049999999997,12345.713999999998,0,7747.9259999999995,19316.922,8884.567,11427.623,20796.806,19123.600899999998,3540.2223999999997,0,12773.997,11982.127,3379.2783,8013.548999999999,0,1349.7,3847.4849999999997,4422.393,0,6114.894,0,2672.148,1997.334,4391.004,15336.363999999998,6423.219999999999,0,7692.673999999999,1703.74,3054.6099,1174.077,4146.1812,2920.6169999999997,1029.503,10839.753,8115.425799999999,100,100
No Match,None,unmatched,31545,0.594,22.963,172.1175,366.986525,,,,5411.586,5437.851,3668.598,7133.753,4012.816,0,1975.827,0,7162.803,4319.228,0,5337.51,5983.821,13293.759,3135.5519999999997,7470.532,0,0,0,3742.901,3373.779,7704.960999999999,7753.186,4464.7519999999995,0,4418.642,0,4082.319,0,0,12042.329,13017.159,4038.874,6052.642,0,4236.474999999999,0,5759.646,3976.066,3244.72,5748.231,5705.348,100,100
No Match,None,unmatched,77511,1.697,22.308,167.13,366.9946,,,,0,0,0,0,0,0,0,633.162,1202.017,0,0,0,0,0,0,0,0,0,0,0,0,0,0,0,0,0,0,0,0,0,0,0,0,0,0,0,0,0,0,0,0,0,100,100
No Match,None,unmatched,23629,1.6753333333333333,22.315,167.38333333333333,366.9993,,,,0,0,3885.2219999999998,0,0,0,5782.188999999999,2025.536,4218.2555999999995,0,0,2074.687,3534.0049999999997,0,0,1822.691,0,1574.987,5605.864,0,2279.908,3475.6089999999995,0,0,0,2142.909,0,0,592.5198,942.0688,0,0,1131.084,5362.724999999999,5727.942999999999,0,0,2187.48,4283.208,0,0,807.9674,100,100
No Match,None,unmatched,74859,14.544,22.73,170.45,367.0282,,,,0,0,0,0,0,0,0,0,0,0,0,0,0,0,0,0,0,0,0,1094.124,0,0,0,0,0,0,0,0,998.3202,0,0,0,0,0,0,0,0,0,0,0,0,0,100,100
No Match,None,unmatched,37538,1.7998000000000003,23.235,173.5716666666667,367.10619333333335,,,,938685.4889,788067.4349999999,1123653.5170999998,802754.5530000001,1123087.9989999998,1186705.946,768827.182,1044324.257,826594.335,1448032.073,2129826.22,997255.6736999999,812789.893,1054317.534,688142.713,993960.099,1303149.667,1755242.3530000001,1171181.92,1055304.682,980133.8439999999,676146.5329999999,916374.8309999999,1215213.0647999998,1256472.551,1907852.536,1113664.815,1197576.9849999999,1531880.2420000003,1699697.7249999999,898517.8478,1231447.1730000002,1214741.9582999998,989121.041,1538601.337,1272323.2280000001,1337691.7449999999,1178294.845,907297.6599999999,1094995.9729999998,1537592.6723999998,1704053.445,100,100
No Match,None,unmatched,87048,2.2185,23.219,173.845,367.11165,,,,0,0,0,0,0,0,0,0,0,0,0,0,1056.358,0,1059.58,0,0,1333.365,0,0,0,0,0,0,0,1151.675,0,0,0,0,0,0,1369.875,0,0,0,0,1122.04,0,0,0,0,100,100
No Match,None,unmatched,8452,1.020857142857143,23.152,173.5557142857143,368.11078571428567,,,,0,0,0,0,20406.739,0,0,0,23082.959,29102.289,0,0,0,0,0,0,79217.04800000001,142451.928,58082.068,48449.928,0,0,34348.907999999996,52933.108,64595.57800000001,0,0,52459.958,0,0,0,0,0,0,45413.869000000006,76098.76800000001,0,0,0,0,0,0,100,100
No Match,None,unmatched,10156,1.319,23.392,175.26,368.9724,,,,9116.449,0,20641.339,18467.659,0,0,18468.918999999998,0,40740.339,0,0,10636.479,0,0,0,0,0,0,0,0,0,0,0,0,0,0,0,0,0,0,0,0,28557.959,0,0,0,48653.65900000001,0,33583.65900000001,5749.544,0,0,100,100
No Match,None,unmatched,80191,11.873,18.619,139.55,368.9726,,,,0,0,0,0,0,0,0,0,0,0,769.9762000000001,0,820.5295,0,0,0,0,0,0,0,0,0,0,0,0,0,0,0,0,0,0,0,0,0,0,0,0,0,0,0,0,0,100,100
No Match,None,unmatched,52515,9.487,18.634,139.74,369.0995,,,,0,0,0,0,0,0,0,0,0,0,0,0,0,0,0,0,0,0,0,0,0,0,0,0,0,0,0,0,0,0,0,0,0,0,0,0,0,0,0,0,0,0,100,100
No Match,None,unmatched,9846,0.6525,23.651,176.935,369.10305,,,,22219.399,0,21059.289,25396.549,0,0,24876.749,10622.769,16821.699,1923.994,0,0,4672.496,0,0,0,0,0,16947.799,4622.932,0,20065.679,0,0,0,0,0,0,0,0,0,0,11495.309,0,0,0,21030.129,0,15237.719,32813.919,0,0,100,100
No Match,None,unmatched,22006,0.7749999999999999,23.192,174.135,369.11525,,,,0,0,0,0,0,0,0,0,0,0,12539.949,0,0,0,0,7335.438,0,6075.98,0,1086.195,0,0,0,0,0,7617.534,2428.8729999999996,0,0,3344.6789999999996,0,2831.1600000000003,0,2016.43,0,1038.676,0,0,0,0,2682.174,1929.922,100,100
No Match,None,unmatched,88356,9.513,18.622,139.72,369.9807,,,,0,0,0,0,0,0,0,0,0,0,0,0,0,0,0,0,0,0,0,0,0,0,0,0,0,0,0,0,0,0,0,0,0,0,0,0,0,0,0,0,0,0,100,100
No Match,None,unmatched,58170,0.571,23.658,177.25,370.0044,,,,0,0,1203.973,0,0,0,0,0,0,0,0,1064.739,0,0,0,0,0,0,0,0,0,0,0,0,0,0,0,0,0,0,0,0,796.6172,0,0,0,0,1666.7160000000001,0,0,0,0,100,100
No Match,None,unmatched,59734,9.4805,18.641,139.755,371.98655,,,,1768.2830000000001,975.3444000000001,2604.336,1433.387,1074.919,0,0,1594.3990000000001,2381.787,1307.291,4823.454,1769.825,0,3665.29,1625.837,0,3641.375,0,1600.982,4379.092,0,1024.1390000000001,3247.312,3147.216,2109.616,2254.185,3156.584,3764.096,0,2392.5769999999998,1462.64,4963.98,3282.723,3012.2369999999996,3779.365,4191.139,2383.267,4460.816,2175.901,0,0,3437.3419999999996,100,100
No Match,None,unmatched,53496,9.521,23.536,176.28,372.0182,,,,0,0,0,0,0,0,0,3829.192,0,1363.712,0,0,0,0,0,0,0,0,0,0,0,0,0,0,0,0,0,0,0,0,0,0,0,0,0,0,0,0,0,796.3933000000001,0,0,100,100
No Match,None,unmatched,32470,0.605,22.247,166.72,373.0036,,,,0,0,889.8141,0,0,0,0,0,0,0,0,0,0,2932.4539999999997,0,767.6329000000001,2844.466,0,1886.566,0,0,2726.948,1281.046,2623.2099999999996,0,0,0,0,0,1011.394,710.5236,0,0,0,0,1289.025,1505.92,0,0,0,0,0,100,100
No Match,None,unmatched,87132,11.413,23.785,178.23,373.024,,,,0,0,0,0,0,0,0,0,0,0,0,0,0,0,0,0,0,0,0,0,0,0,0,0,0,0,0,0,0,0,0,0,0,0,0,0,0,0,0,0,0,0,100,100
No Match,None,unmatched,43691,3.216,23.007,172.33,373.0574,,,,0,5873.097,0,0,0,0,0,0,0,0,0,0,0,0,0,0,0,0,0,0,0,0,0,0,0,4315.73,0,0,0,0,0,0,0,0,0,0,0,0,0,0,0,0,100,100
No Match,None,unmatched,95305,9.516,18.688,139.97500000000002,374.9969,,,,9522.184,18925.219,12865.159,13035.189,16767.649,15205.579,8522.878,11457.509,12136.019,16786.749,21396.459,15511.128999999999,0,21510.179,15540.239,20071.299,19609.999,23325.799,21077.599,20210.039,19647.039,13189.489,19680.369,23234.559,20555.709,20646.409,17444.799,23908.259,21169.279,24937.239,20024.269,18942.179,24633.299,21057.929,25068.769,26632.189,27216.469,27640.709,17981.479,22077.349,18107.219,27213.819,100,100
No Match,None,unmatched,94658,0.594,23.658,177.08,374.9973,,,,0,0,0,0,0,0,0,525.6632000000001,0,0,0,0,0,0,0,0,0,0,0,0,0,0,0,0,0,0,0,0,0,0,0,0,0,0,0,0,0,0,0,0,0,0,100,100
No Match,None,unmatched,93892,13.13,23.898,179.04,375.037,,,,0,0,0,0,0,0,0,0,0,0,0,0,0,0,0,0,0,0,0,0,0,0,0,0,0,0,0,0,0,0,0,0,0,0,0,0,0,0,597.3344000000001,0,0,0,100,100
No Match,None,unmatched,15108,0.906,24.117,180.62,376.1049,,,,28933.959,0,8060.334,0,0,0,0,0,0,0,0,0,0,9963.258,0,0,4703.339,9459.514,0,3384.511,8786.826,0,0,0,0,0,0,0,789.0918,1632.838,8127.916,0,0,0,0,1801.798,4755.572,0,8016.313,0,0,6717.579,100,100
No Match,None,unmatched,63399,9.477,18.633,139.57,376.1174,,,,0,0,0,0,0,0,0,0,0,0,0,0,0,0,0,0,0,0,0,0,0,0,0,0,0,0,0,0,0,0,0,0,0,0,0,0,0,0,0,0,0,0,100,100
No Match,None,unmatched,17112,2.9939999999999998,24.096,180.325,379.00545,,,,4761.853,0,0,4778.693,0,0,6701.580999999999,0,11418.139,0,0,0,6995.313,5261.46,0,0,0,0,0,0,0,9193.514,0,0,0,0,0,0,0,0,0,0,4001.687,0,0,0,16872.418999999998,0,11181.208999999999,5735.964,0,0,100,100
No Match,None,unmatched,36803,0.594,24.051,179.93,380.0421,,,,0,15425.589,0,0,0,0,0,0,0,0,0,0,0,0,0,0,0,0,0,0,0,0,0,0,0,0,0,0,0,0,0,0,0,0,0,0,0,0,0,0,0,0,100,100
No Match,None,unmatched,78292,4.779999999999999,18.622,139.495,380.97675000000004,,,,0,0,0,0,0,0,1299.839,0,0,2597.3394,0,0,1419.741,0,0,0,0,0,0,0,0,0,0,0,900.9203,0,0,0,0,0,0,0,0,0,0,0,0,0,0,0,1618.436,0,100,100
No Match,None,unmatched,22713,9.340571428571428,18.67,139.93142857142857,380.9776,,,,200357.92500000005,217223.97800000003,174887.06,193464.363,188246.369,180847.899,189445.539,177817.44309999997,180116.02599999998,191978.44700000004,210483.744,193319.138,169131.902,182492.17599999998,169814.68000000002,190219.799,175186.552,183515.899,171378.4,179007.299,176747.07,183708.299,202457.622,179253.31900000002,186250.81100000002,207901.485,211356.861,184542.625,171027.578,169110.96300000002,178752.999,193510.25600000002,178793.69200000004,184483.59900000002,185162.071,589106.1579999999,175470.63700000002,176331.246,184110.826,191189.81,183640.276,184930.69900000002,100,100
No Match,None,unmatched,89875,11.876999999999999,18.665,140.22,380.97720000000004,,,,0,0,0,1224.284,0,0,0,0,0,1896.6658,0,0,1083.474,0,0,0,0,0,0,0,0,0,0,0,0,0,1421.853,940.6291,0,0,0,0,1395.54,0,0,0,0,0,0,0,0,0,100,100
No Match,None,unmatched,35688,11.208,21.028,157.47,380.9771,,,,0,0,0,0,2719.316,0,0,0,0,3104.576,1582.946,0,0,0,0,0,0,0,0,0,0,0,0,1239.623,0,0,1377.656,1139.172,0,0,0,0,0,0,4575.4349999999995,0,800.9356,0,0,0,0,0,100,100
No Match,None,unmatched,3664,8.849499999999999,19.522,146.19,380.9776,,,,31152.918999999998,35584.379,35299.219000000005,34037.339,34385.529,33883.90900000001,34827.769,29961.269,30873.579,39051.47900000001,36559.999,37406.289000000004,35974.625,29774.299,31635.489,40746.929000000004,37958.679000000004,34020.469000000005,32973.239,36052.214,32731.649,33422.22900000001,40406.47900000001,37061.169,34441.70500000001,34672.789000000004,36656.129400000005,36554.929000000004,27430.659,34028.47900000001,35296.72900000001,38592.429000000004,31907.059,32358.559,30359.889,135676.399,32717.349,34752.429000000004,28731.879,35020.929000000004,36480.919,34640.739,100,100
No Match,None,unmatched,9638,8.8,20.421,153.105,380.9791,,,,7247.428,8088.574,6162.956999999999,3095.912,4276.955,7860.947999999999,7472.441,5239.624,5418.1539999999995,7277.076,7778.237999999999,10839.009,0,6163.072999999999,4954.853,4167.536999999999,0,7939.971,9286.122,6270.255999999999,6356.072999999999,2519.413,4162.57,4616.71,5520.5289999999995,8440.758,6941.132,7727.498,7679.366,7531.139999999999,3207.0609999999997,0,4328.438999999999,5766.642,4925.659,32788.679000000004,5319.492,4654.804999999999,4896.6269999999995,6558.477,4426.175,4873.349999999999,100,100
No Match,None,unmatched,18550,11.21,19.366,145.07,380.9774,,,,0,4649.233,1418.871,3674.4759999999997,5584.317,0,0,0,947.5545000000001,6533.876,5673.0419999999995,0,0,0,1355.444,0,0,0,3218.832,0,0,3491.3979999999997,0,0,3075.5049999999997,0,9327.803,3280.283,0,0,0,2155.39,0,0,8219.18,0,664.5517,0,5314.392,0,0,0,100,100
No Match,None,unmatched,95522,13.141,18.543,138.99,380.9775,,,,0,0,0,0,0,0,0,0,0,0,0,0,0,0,0,0,0,0,0,0,0,0,0,0,0,0,0,0,0,0,0,0,0,0,0,0,0,0,0,0,0,0,100,100
No Match,None,unmatched,95009,8.904,19.625,147.06,380.9847,,,,0,0,0,0,0,0,0,0,0,0,0,0,0,0,0,0,0,0,0,0,0,0,0,0,0,0,0,0,0,0,0,0,0,0,0,0,0,0,0,0,0,0,100,100
No Match,None,unmatched,5631,3.988,23.768,177.91,381.0253,,,,47492.959,7478.701,40716.999,37491.589,0,5993.094999999999,40076.949,20478.029,33408.219000000005,1999.6580000000001,0,31318.849,30446.429,29912.289,6617.133,5293.23,5717.902,5304.42,1183.151,2991.3379999999997,4344.205,45184.449,0,7411.137,0,0,0,0,9506.934,11683.019,7733.173,1108.758,44282.90900000001,5721.352,1094.0720000000001,1636.036,50943.989,12557.199,60590.019,72326.459,9987.565,20514.719,100,100
No Match,None,unmatched,37077,7.178,22.97,171.91,381.0564,,,,0,556.2239000000001,0,2197.051,0,0,3961.622,0,0,0,0,0,2576.9429999999998,0,0,0,0,0,0,0,0,2514.707,0,0,0,0,0,0,0,0,0,0,0,0,0,0,0,0,0,3328.7619999999997,0,0,100,100
No Match,None,unmatched,55478,8.788,18.726,140.26,381.9794,,,,0,0,0,0,0,0,0,0,0,0,0,0,0,0,0,0,0,0,0,0,0,0,0,0,0,0,0,0,0,0,0,0,0,0,0,0,0,0,3499.153,0,0,0,100,100
No Match,None,unmatched,89135,0.546,23.05,172.58,382.9561,,,,0,0,0,0,0,0,0,0,0,0,0,0,0,0,0,0,0,0,0,0,0,0,0,0,0,0,0,0,0,0,0,922.3224,0,0,0,0,0,0,0,0,0,0,100,100
No Match,None,unmatched,87670,10.862,23.82,178.28,385.9013,,,,0,0,0,0,0,0,0,0,0,0,0,0,0,0,0,0,0,0,0,0,0,0,0,0,0,0,0,0,0,0,0,0,0,0,1015.149,0,0,0,0,0,0,0,100,100
No Match,None,unmatched,84055,12.387,23.634,176.89,385.9051,,,,0,0,0,0,0,0,0,0,0,0,0,0,0,0,0,0,0,0,0,0,0,0,0,0,0,0,0,0,0,0,0,0,0,0,1271.002,0,0,0,0,0,0,0,100,100
No Match,None,unmatched,35816,4.8525,24.24,181.60500000000002,386.04185,,,,0,0,0,0,0,0,0,0,0,0,0,0,0,0,0,0,0,0,1276.828,0,0,0,0,7474.3369999999995,0,0,0,0,0,0,0,0,0,10656.995,0,0,0,0,0,0,0,0,100,100
No Match,None,unmatched,65323,11.397,19.617,146.93,386.9872,,,,0,0,0,0,0,0,0,0,0,0,0,0,0,0,0,0,0,0,0,0,0,0,0,0,0,3326.2099999999996,0,0,0,0,0,0,0,0,0,0,0,0,0,0,0,0,100,100
No Match,None,unmatched,9905,14.98275,23.243,174.28750000000002,387.035725,,,,1327.957,0,0,0,50711.778000000006,17853.896,4374.157999999999,0,0,0,10359.8406,2211.8599999999997,1132.63,1300.378,62503.068,66859.426,20794.309,5238.101,7333.2919999999995,52997.907999999996,3236.9139999999998,0,19463.985,6505.036999999999,16701.124,4969.822999999999,0,22699.765,72057.418,0,0,0,0,0,2580.3349999999996,10743.067,43167.478,0,13799.119,33069.418,23487.658,29391.138,100,100
No Match,None,unmatched,64074,11.444,24.157,180.78,387.0629,,,,0,0,0,0,0,0,0,0,0,0,0,0,0,0,0,0,0,0,0,0,0,0,3537.926,0,0,0,0,0,0,0,0,0,0,0,0,0,0,0,0,0,0,0,100,100
No Match,None,unmatched,80057,2.73,24.057,179.275,387.0752,,,,0,0,0,0,0,0,1484.127,0,0,0,0,0,0,0,0,0,0,0,0,0,0,0,0,0,0,3065.948,874.6813000000001,0,0,0,0,0,0,1376.301,0,1659.597,534.831,0,0,0,0,1928.4023000000002,100,100
No Match,None,unmatched,76350,10.868,23.781,177.96,387.8958,,,,0,0,0,0,0,0,0,0,0,0,0,0,0,0,0,0,0,0,0,0,0,0,0,0,0,0,0,0,0,0,0,0,0,0,1946.5520000000001,0,0,0,0,0,0,0,100,100
No Match,None,unmatched,81085,12.387,23.583,176.48,387.9011,,,,0,0,0,0,0,0,0,0,0,0,0,0,0,0,0,0,0,0,0,0,0,0,0,0,0,0,0,621.5827,0,0,0,0,0,0,891.8716000000001,0,0,0,0,0,0,0,100,100
No Match,None,unmatched,43965,3.327,24.31,181.9,388.0103,,,,0,0,0,0,0,0,0,0,0,0,0,0,0,0,0,0,0,0,0,0,0,0,0,0,0,0,0,10039.019,0,0,0,0,0,0,0,0,0,0,0,0,0,0,100,100
No Match,None,unmatched,69922,9.418,21.829,163.39,388.9635,,,,0,0,0,0,0,0,0,0,0,0,0,0,0,0,0,0,0,0,0,0,0,0,0,859.8473,932.3496,0,0,0,0,0,0,0,0,0,0,873.0821,0,0,0,0,0,0,100,100
No Match,None,unmatched,40717,1.76,23.906,178.735,389.052175,,,,0,0,0,59858.762,20778.619,0,39366.526000000005,0,9933.375,31775.944,0,0,6190.982,0,0,0,0,0,23328.1791,0,0,27587.077999999998,7007.474999999999,18557.574,0,0,0,45614.136,0,0,0,1171.907,0,7403.75,0,0,38212.115,0,0,34146.505000000005,0,0,100,100
No Match,None,unmatched,64917,2.867,23.749,178.83499999999998,389.09275,,,,1825.701,8269.386999999999,0,9104.137999999999,0,5385.871999999999,11352.169,1627.708,3636.4204000000004,2421.783,7734.346,0,10633.706999999999,6225.459999999999,7411.373,1294.496,6377.965,582.5595000000001,6710.961,4980.098,8384.3366,15123.407,7391.942,2310.0589999999997,5116.771,48960.588,19370.791,2994.928,0,5086.008,3334.2895999999996,2527.7169999999996,0,6826.767,26534.913,10571.007000000001,15759.207999999999,12311.536999999998,10328.719,12503.7,2988.357,14058.565999999999,100,100
No Match,None,unmatched,85536,11.646,23.733,177.55,391.08,,,,0,0,0,0,0,0,0,0,0,0,0,0,0,0,0,0,0,0,0,0,0,0,0,0,0,0,0,0,0,0,0,0,0,0,0,1160.114,0,0,0,0,0,0,100,100
No Match,None,unmatched,14950,0.582,22.95,171.6,392.0421,,,,18966.199,4124.861,7045.637,2745.593,0,0,20826.209,3083.0409999999997,0,0,0,7232.889999999999,15000.208999999999,0,0,0,0,0,0,0,0,8804.304,0,0,0,0,0,0,0,0,0,0,4962.017,0,0,0,7007.894,0,3254.4759999999997,4428.579,0,0,100,100
No Match,None,unmatched,40300,0.589,22.72,169.93,393.0289,,,,0,0,0,0,0,0,0,0,0,0,0,805.2389000000001,0,0,0,0,0,0,0,0,0,0,0,0,0,0,0,0,0,0,0,0,1528.138,0,0,0,6905.5199999999995,0,0,3170.843,0,0,100,100
No Match,None,unmatched,94023,3.482,24.28,181.45999999999998,395.0706,,,,0,0,0,0,0,0,0,0,0,0,0,0,0,0,0,0,0,0,0,0,0,0,0,0,0,0,0,0,0,0,0,0,0,0,0,0,0,0,1241.5853000000002,3166.263,0,0,100,100
No Match,None,unmatched,62130,0.554,24.121,180.38,395.1014,,,,0,0,0,0,0,0,0,0,0,0,0,0,0,0,0,0,0,0,0,0,0,0,0,0,0,0,0,0,0,0,0,0,0,0,0,0,2358.1389999999997,0,0,1537.5720000000001,0,0,100,100
No Match,None,unmatched,84319,6.966,19.584,146.39,396.9098,,,,0,0,0,0,0,0,1250.4470000000001,0,0,0,0,0,0,0,0,0,0,0,0,0,0,0,0,0,0,0,0,0,0,0,0,0,0,0,0,0,0,0,0,0,0,0,100,100
No Match,None,unmatched,45655,3.9935,24.658,184.525,396.9898,,,,0,0,0,3750.0741,0,0,1585.055,0,0,0,0,0,0,0,0,0,0,0,0,0,0,0,0,0,0,0,0,0,0,0,0,0,0,1698.955,0,0,0,0,0,3068.87,0,0,100,100
No Match,None,unmatched,1986,2.4,24.365,182.11,397.0038,,,,280961.099,183010.59900000002,274238.299,195684.59900000002,0,13650.639,238779.69900000002,36313.269,1059942.999,16227.229,28001.689,220748.999,95609.239,70769.209,0,82061.709,3116.1859999999997,14652.009,0,0,15323.048999999999,34199.97900000001,22885.189,11759.389,0,19385.709,0,56319.359000000004,2551.0359999999996,8610.637999999999,14440.179,0,405476.099,23615.629,1087.064,2743.0269999999996,479163.39900000003,1004.261,240923.499,26802.519,14259.719,0,100,100
No Match,None,unmatched,73420,1.324,24.147,180.38,397.0232,,,,0,0,0,0,0,0,2250.5699999999997,0,0,0,0,0,0,0,0,0,0,0,0,0,0,0,0,0,0,0,0,0,0,0,0,0,0,0,0,0,0,0,0,0,0,0,100,100
No Match,None,unmatched,93712,1.722,24.058,179.72,397.117,,,,0,0,0,0,0,0,0,0,0,0,0,0,0,612.8613,0,0,0,0,0,0,0,0,0,0,0,0,0,0,0,0,0,0,0,0,0,0,0,0,0,0,0,0,100,100
No Match,None,unmatched,68712,3.816,24.075,180.01,397.1171,,,,0,0,0,0,0,0,0,0,0,0,0,0,0,0,0,0,0,0,0,1064.193,0,0,0,0,0,0,0,0,0,818.0447,0,0,0,0,0,950.2419,0,0,0,0,0,0,100,100
No Match,None,unmatched,69562,9.215333333333334,22.664,169.59333333333333,397.9270333333333,,,,0,0,0,0,0,0,2208.7437,0,0,0,0,0,0,0,0,0,0,0,6670.8372,0,0,0,0,0,0,0,0,0,0,0,0,0,0,0,0,0,0,0,0,0,0,0,100,100
No Match,None,unmatched,92853,6.971,19.5,145.75,398.8959,,,,0,0,0,0,0,0,0,0,0,0,0,0,0,0,0,0,0,0,0,0,0,0,0,0,0,0,0,0,0,0,0,0,0,0,0,0,0,0,0,0,0,0,100,100
No Match,None,unmatched,74625,6.971,19.598,146.48,398.9421,,,,0,0,0,0,0,0,0,0,0,0,0,0,0,0,0,0,0,0,0,0,0,0,0,0,0,0,0,0,0,0,0,0,0,0,0,0,0,0,0,0,0,0,100,100
No Match,None,unmatched,55353,0.566,23.905,178.63,399.0974,,,,4091.502,0,0,0,0,0,0,0,0,0,0,0,0,0,0,0,0,0,0,0,0,1366.779,0,0,0,0,0,0,0,0,0,0,0,0,0,0,0,0,0,0,0,0,100,100
No Match,None,unmatched,43053,9.194,22.748,170,399.9242,,,,0,0,0,0,0,0,4682.144,0,0,0,0,0,0,0,0,0,0,0,5869.429,0,0,0,0,0,0,0,0,0,0,0,0,0,0,0,0,0,0,0,0,0,0,0,100,100
No Match,None,unmatched,95557,8.548,20.23,151.33,399.9448,,,,0,0,0,0,0,0,0,0,0,0,0,0,0,0,0,0,0,0,0,0,0,0,0,0,0,0,0,0,0,0,0,0,0,0,0,0,0,0,0,0,0,0,100,100
No Match,None,unmatched,92975,8.168,19.769,147.89,399.9449,,,,0,0,0,0,0,0,0,0,0,0,0,0,0,0,0,0,0,0,0,0,0,0,0,0,0,0,0,0,0,0,0,0,0,0,0,0,0,0,0,0,0,0,100,100
No Match,None,unmatched,81991,8.499,20.259,151.54,400.0341,,,,0,0,0,0,0,0,0,0,0,0,0,0,0,0,0,0,0,0,0,0,0,0,0,0,0,0,0,0,0,0,0,0,0,0,0,0,0,0,0,0,0,0,100,100
No Match,None,unmatched,50838,14.621,22.951,171.5,400.8914,,,,0,0,0,0,0,2098.8639999999996,0,0,917.0074000000001,0,0,0,0,0,0,0,0,0,0,0,0,0,0,1378.674,0,0,0,0,0,0,0,0,0,0,0,0,2504.14,0,0,0,0,0,100,100
No Match,None,unmatched,6018,0.593,22.241,166.22,400.9626,,,,23143.119,61334.629,14752.839,9599.81,0,0,129279.199,74720.00899999999,15292.859,0,0,16475.049,55556.459,0,0,2048.4379999999996,0,1925.9470000000001,0,1350.381,0,10380.289,0,4359.295,0,1803.229,0,0,0,0,0,0,68821.529,0,7301.371,0,78428.079,0,44626.259000000005,9964.342,2557.765,0,100,100
No Match,None,unmatched,13204,2.727,24.828,185.48,401.0876,,,,0,45546.889,0,0,0,0,0,3960.2239999999997,0,0,26865.629,0,0,0,0,0,0,0,0,0,0,0,0,0,26993.279,16577.129,17978.699,0,0,0,0,0,0,0,0,0,0,0,0,0,0,0,100,100
No Match,None,unmatched,11791,5.556,24.861,185.74,401.0877,,,,0,34358.539000000004,0,0,0,0,0,6158.202,0,0,47032.749,0,0,0,0,0,0,0,0,0,0,0,4437.286999999999,0,28138.999,28886.459,21773.809,3981.785,0,0,0,0,0,0,0,0,0,0,0,0,0,0,100,100
No Match,None,unmatched,11300,8.493,20.211,151.13,402.0778,,,,0,0,0,0,0,0,0,0,0,0,0,0,0,0,0,0,0,0,0,0,0,0,0,0,0,0,0,0,0,0,0,0,0,0,0,0,0,0,0,0,0,0,100,100
No Match,None,unmatched,20603,14.609,22.934,171.38,402.8908,,,,0,0,3869.825,0,0,7416.6269999999995,0,0,4932.023999999999,0,0,4229.094,1737.584,0,0,4805.891,2338.2509999999997,5702.603999999999,0,0,0,1249.201,0,4287.503,0,0,0,0,1535.894,0,0,0,7263.505999999999,0,0,0,2158.951,670.1375,0,0,2649.834,0,100,100
No Match,None,unmatched,4462,3.988,24.625,183.96,403.0063,,,,61192.799000000006,18112.949,56197.519,50494.819,5886.5689999999995,10794.159,58820.949,39100.549000000006,46692.799000000006,5879.007,0,40513.599,47618.589,42727.449,10908.798999999999,10766.159,12762.999,13467.659,8369.898,4132.8679999999995,12771.289,62633.249,3986.225,13420.149,0,3043.406,4648.938999999999,9750.679,19749.079,21547.949,12151.298999999999,7129.378,62264.349,12792.329,6231.839,7909.663,66664.939,12775.249,65510.019,91771.219,17391.259,31567.379,100,100
No Match,None,unmatched,84682,1.895,23.139,172.95,403.008,,,,0,0,0,0,0,0,0,0,0,0,0,0,0,0,0,0,0,0,0,0,0,0,0,0,0,0,0,0,0,0,0,0,0,0,0,0,0,0,0,1222.103,0,0,100,100
No Match,None,unmatched,79225,8.501,20.173,150.87,403.0246,,,,0,0,0,0,0,0,0,0,0,0,0,0,0,0,0,0,0,0,0,0,0,0,0,0,0,0,0,0,0,0,0,0,0,0,0,0,0,0,0,0,0,0,100,100
No Match,None,unmatched,71628,4.016,24.567,183.57,404.0115,,,,0,0,0,0,0,0,0,0,0,0,0,0,0,0,0,0,0,0,0,0,0,0,0,0,0,0,0,0,0,0,0,0,2459.379,0,0,0,0,0,0,0,0,0,100,100
No Match,None,unmatched,61330,9.968,19.575,146.39,404.9787,,,,0,0,0,0,0,0,0,0,0,0,0,0,0,0,0,0,0,0,0,0,0,0,0,0,0,0,0,0,0,0,0,0,0,0,0,4050.9939999999997,0,0,0,0,0,0,100,100
No Match,None,unmatched,54849,12.792769230769235,23.668,176.79538461538462,404.99575000000004,,,,22673.116499999996,3276.048,25422.205299999998,17456.4402,21228.5955,12899.534099999999,19864.424999999996,18943.3851,17696.355,35972.516,10575.1409,12727.957999999999,18128.1089,28177.961,20546.9913,31450.3149,21829.983,19119.7334,19401.261399999996,25482.7414,25027.4038,27667.509599999998,22123.369999999995,10937.677,12764.605500000001,4712.727,7431.2371,27781.822999999997,25882.0953,23426.935599999997,34159.347,24433.936999999998,23552.3901,15009.0118,27785.914,19502.7882,31798.309999999998,13728.2419,31038.826999999997,2963.3702,33514.8591,17087.4297,100,100
No Match,None,unmatched,85439,13.9476,23.83,177.12,404.99664,,,,831.9221,0,0,0,1881.691,3055.1063000000004,2497.4610000000002,2412.913,1191.791,1895.5716000000002,807.3672,1574.0646000000002,0,1016.9920000000001,1051.3120000000001,0,879.5741,0,0,944.7814000000001,957.3697000000001,767.6469000000001,0,0,0,793.8561,0,1130.748,3356.496,0,3761.1405000000004,0,3072.815,1306.144,0,1239.207,1951.538,2122.6139999999996,3295.9785,0,4063.9355999999993,0,100,100
No Match,None,unmatched,43184,10.422,19.825,148.21,404.9984,,,,1251.261,0,0,0,0,0,0,0,0,1445.0040000000001,0,0,0,0,0,0,0,532.6108,0,0,0,0,0,0,0,0,0,1405.0910000000001,0,1256.501,0,0,0,0,0,1555.041,0,1190.681,0,0,1842.992,0,100,100
No Match,None,unmatched,44084,0.575,24.456,182.6,405.1055,,,,5302.989,0,0,642.8716000000001,0,0,0,0,1785.579,0,0,0,0,0,0,0,0,0,0,0,0,2233.941,0,0,0,0,0,0,0,0,0,0,0,0,0,0,0,0,0,0,0,0,100,100
No Match,None,unmatched,68420,5.407500000000001,25.03,187.085,405.1148,,,,0,8911.591,1261.199,0,0,0,0,0,0,0,0,0,0,0,0,0,0,0,0,0,0,0,0,0,0,0,0,0,0,0,0,0,0,0,0,0,0,0,0,0,0,0,100,100
No Match,None,unmatched,81079,2.6515,24.856,186.06,406.02085,,,,0,0,0,0,0,0,0,0,0,4955.782,0,0,0,0,0,0,0,0,0,0,0,0,0,0,0,0,0,0,0,0,0,0,0,5209.366,0,0,0,0,0,0,0,0,100,100
No Match,None,unmatched,15582,0.966,25.004,186.61,406.11455,,,,15395.969,0,0,10567.999,0,0,6823.811,0,3657.509,0,0,0,15579.849,3133.3379999999997,0,0,1673.011,3389.933,0,0,8328.064,28265.029,0,0,0,0,0,0,0,0,0,0,0,0,0,543.813,0,0,0,0,0,5155.562,100,100
No Match,None,unmatched,11432,1.333,23.602,176.27,407.9832,,,,6916.726,0,0,34803.419,0,0,2626.77,1714.474,0,0,0,0,0,0,0,0,0,13877.019,0,0,0,6503.1449999999995,0,0,0,0,0,0,0,0,0,0,13114.199,0,0,0,30447.418999999998,0,61660.849,14658.559,0,0,100,100
No Match,None,unmatched,89510,1.13,23.914,178.66,407.9891,,,,0,0,0,0,0,0,0,0,0,0,0,0,0,0,0,0,0,0,0,0,0,0,0,0,0,0,0,0,0,0,0,0,897.7308,0,0,0,0,0,0,0,0,0,100,100
No Match,None,unmatched,53250,0.582,23.409,174.79,408.0175,,,,2576.5429999999997,0,0,0,0,0,0,0,0,0,0,0,2312.399,0,0,0,0,0,0,0,0,1179.02,0,0,0,0,0,0,0,0,0,0,0,0,0,0,0,0,0,0,0,0,100,100
No Match,None,unmatched,3830,9.412,21.975,164.16,408.9689,,,,25617.918999999998,53510.799000000006,21460.629,30549.529,23657.039,20372.279,20434.109,17973.168999999998,17697.259,20381.809,40087.039000000004,25529.769,26262.309,27534.199,35836.439000000006,28987.299,28990.189,25219.179,28168.939,29393.029,39981.169,28879.879,51152.169,34690.149000000005,33919.40900000001,94698.659,56484.609000000004,32830.65900000001,31783.929,36670.819,24349.739,35008.529,33925.689000000006,34925.429000000004,46522.609000000004,56688.789000000004,34041.929000000004,31542.779,35846.029,26030.649,29096.749,39012.489,100,100
No Match,None,unmatched,53942,12.1115,21.632,161.45,408.97270000000003,,,,0,0,0,0,0,0,0,0,0,0,0,0,0,0,0,0,0,0,0,0,0,0,0,0,0,0,0,0,0,0,0,0,0,0,0,2674.581,0,0,0,0,0,5523.907,100,100
No Match,None,unmatched,92424,12.106,21.607,161.615,408.973,,,,0,0,0,0,0,0,0,0,0,0,0,0,0,0,0,0,0,0,0,0,0,0,0,0,0,0,0,0,0,0,0,0,0,0,0,2841.9035,0,0,0,0,0,610.2223,100,100
No Match,None,unmatched,90090,3.459,24.601,183.75,409.0612,,,,0,0,0,0,0,0,0,0,0,0,0,0,0,0,0,0,0,0,0,0,0,0,0,0,0,0,0,0,0,0,0,0,0,0,0,0,0,0,0,862.421,0,0,100,100
No Match,None,unmatched,11848,8.987,24.232,180.96,409.0888,,,,6011.733,1971.585,0,9867.489,0,0,13367.239,3390.6719999999996,0,0,795.4814,0,16203.059,8477.437,4330.5019999999995,0,3182.421,0,0,5153.541,5132.3009999999995,9713.626,0,0,0,1124.4,2541.1479999999997,2330.3289999999997,6600.182,3148.7949999999996,0,1105.9750000000001,16855.409,1959.506,3648.0159999999996,10324.569,4565.833,0,12203.919,9881.197,8590.764,0,100,100
No Match,None,unmatched,81070,4.735,24.741,184.62,410.0397,,,,0,0,0,0,0,0,1515.053,0,0,0,0,0,0,0,0,0,0,0,0,0,0,0,0,0,0,0,0,0,0,0,0,0,0,0,0,0,0,0,0,0,0,0,100,100
No Match,None,unmatched,41823,11.455,24.857,185.565,410.98775,,,,0,0,0,0,626.9681,0,628.9873,2238.5789999999997,0,0,0,0,711.5216,0,0,561.0412,0,903.6653,1395.2963,0,527.2247,1231.768,0,712.8465,0,0,0,1110.847,1388.0810000000001,0,0,0,2049.8721,1822.314,0,1424.019,1531.578,912.8511,0,0,818.9998,0,100,100
No Match,None,unmatched,53261,10.348,24.872,185.67999999999998,410.98769999999996,,,,1009.716,0,0,0,992.2803,2426.8307,0,0,1131.64,0,0,0,0,0,2306.3118000000004,0,2699.8124000000003,0,0,1239.978,0,2303.6232,0,0,0,0,837.5938,951.8241,1817.6868000000002,0,0,0,1151.557,0,1781.0209,0,1367.877,1103.973,0,0,0,2352.2842,100,100
No Match,None,unmatched,45681,8.663499999999999,24.847,185.375,410.98895000000005,,,,0,0,0,0,0,0,947.0087,0,0,0,0,0,0,0,0,0,0,1596.411,0,0,0,0,0,0,0,0,0,1214.723,990.2951,795.4583,529.8931,0,1019.8240000000001,0,0,0,0,1749.1109000000001,0,0,0,0,100,100
No Match,None,unmatched,53812,7.273,24.881,185.81,410.9888,,,,0,0,0,0,0,0,0,0,0,0,0,0,0,0,0,0,0,0,0,0,1160.67,0,0,0,0,0,1433.851,544.4323,0,607.5047000000001,0,0,0,0,0,0,0,0,1183.646,0,0,963.0253,100,100
No Match,None,unmatched,79473,12.401,25.136,187.68,412.9053,,,,0,0,0,0,0,0,0,0,0,0,0,0,0,0,0,0,0,0,0,0,0,0,0,0,0,0,0,0,0,0,0,0,0,0,0,1653.7250000000001,0,0,0,0,0,0,100,100
No Match,None,unmatched,12101,2.395,24.42,182.26,412.9775,,,,11752.128999999999,7777.36,10777.829,9997.821,0,0,9561.355,0,40426.519,0,0,6720.418,3439.571,0,0,1687.522,0,0,0,0,0,767.0113,0,0,0,0,0,2132.281,0,0,0,0,22386.789,2144.006,0,0,23656.549,0,12087.329,0,0,0,100,100
No Match,None,unmatched,76534,9.144,19.463,145.47,412.9852,,,,0,0,0,0,0,0,0,0,0,0,0,0,0,0,0,0,0,0,0,0,0,0,0,0,0,0,0,0,0,0,0,0,0,0,0,1928.662,0,0,0,0,0,0,100,100
No Match,None,unmatched,52030,1.367,24.832,185.33,413.1065,,,,0,0,0,0,0,0,0,0,0,0,0,0,0,1579.683,0,0,0,0,0,0,0,0,0,0,0,0,0,0,0,0,0,0,0,0,0,0,4891.8189999999995,0,0,0,0,0,100,100
No Match,None,unmatched,42697,11,19.883,148.47,414.9656,,,,0,2607.086,0,1148.226,0,0,0,0,0,3152.5409999999997,0,0,0,0,0,0,0,0,0,0,0,0,0,0,0,0,1507.517,0,0,0,0,0,0,0,0,0,0,0,2346.4199999999996,0,0,0,100,100
No Match,None,unmatched,91242,5.218,19.889,148.45,415.0905,,,,0,0,0,0,0,0,790.676,0,0,0,0,0,0,0,0,0,0,0,0,0,0,0,0,0,0,0,0,0,0,0,0,0,0,0,0,0,0,0,0,0,0,0,100,100
No Match,None,unmatched,6291,0.588,22.776,169.99,416.935,,,,33064.389,78514.42899999999,14424.039,11947.089,1998.878,0,113027.799,7926.264999999999,20497.119,0,0,17128.719,70288.059,0,0,0,0,0,0,1284.058,0,7392.769,555.6896,3926.2279999999996,0,959.5721,0,0,0,0,5312.6179999999995,0,71730.949,0,4520.5109999999995,0,71640.58899999999,0,37839.249,13600.279,0,0,100,100
No Match,None,unmatched,29224,12.072,20.722,154.72,416.9771,,,,0,0,0,0,2602.464,0,0,0,0,0,1118.215,0,0,1142.247,0,0,0,0,4303.407999999999,0,0,1441.7060000000001,0,0,0,0,0,11142.599,0,0,0,0,4057.2239999999997,0,0,0,0,0,0,0,0,0,100,100
No Match,None,unmatched,11827,12.072,20.227,151.02,416.9781,,,,0,17690.289,0,882.0916,1806.385,0,1685.198,2975.2479999999996,0,18382.009,1625.222,0,1760.648,2962.2169999999996,0,0,0,0,3913.41,0,0,0,13688.378999999999,0,0,53388.049000000006,3315.9869999999996,16902.668999999998,0,0,0,0,4444.986,11764.529,14134.429,0,0,0,2142.8329999999996,0,0,0,100,100
No Match,None,unmatched,53721,0.504,24.015,179.16,417.0383,,,,972.6758,0,0,0,0,0,0,0,2626.828,0,0,1463.0330000000001,0,0,0,0,0,0,0,0,0,0,0,0,0,0,0,0,0,0,859.796,0,0,0,0,0,0,0,0,0,0,0,100,100
No Match,None,unmatched,89533,2.443,25.193,188.03,418.0199,,,,0,0,0,0,0,0,0,0,0,0,0,0,0,0,0,0,0,0,0,0,0,0,0,0,0,0,0,896.0829,0,0,0,0,0,0,0,0,0,0,0,0,0,0,100,100
No Match,None,unmatched,34202,0.585,22.748,169.72,418.9346,,,,0,10006.628999999999,0,0,0,0,0,0,0,0,0,1350.676,0,0,0,0,0,0,0,0,0,0,0,0,0,0,0,0,0,0,0,0,0,0,0,0,6820.313999999999,0,0,0,0,0,100,100
No Match,None,unmatched,66283,10.3814,36.553,177.08200000000002,418.97316,,,,1259.468,0,0,1122.5620000000001,0,0,0,0,0,1851.22,3796.8469999999998,0,0,0,0,0,0,2284230.999,0,0,0,731.7271000000001,0,11500000,0,891.3325,0,0,0,2038950.999,1303655.999,0,689.517,0,2986.7052,0,0,0,1110.682,0,2040946.999,1025459.999,100,100
No Match,None,unmatched,105,10.518285714285714,19.748,138.77857142857144,418.9730428571429,,,,6918052.398,12989679.8,5763746.7979999995,9836759.398,12968009.37,2110675.448,4565605.698,6307544.398,6124882.598,15062468.4,12879910.8,6631174.2979999995,5728960.598,6258813.998,3923613.9979999997,2562995.798,2798371.698,96523.519,8442372.598,3476735.698,4820667.098,8970362.798,7659019.2979999995,538272.563,10029073.197999999,8897613.197999999,16866824.9,10428430.9,2609456.398,79815.049,60465.949,9678687.398,8364131.098,5115534.098,15804882.1,2829752.0979999998,7741917.198,3078802.9979999997,11105370.197999999,3599369.9979999997,81975.529,41818.699,100,100
No Match,None,unmatched,94084,12.359800000000002,19.704,161.638,418.97422000000006,,,,0,908.6232,1261.3890000000001,0,0,853.3345,0,0,1062.2060000000001,0,0,6401.7585,0,4852.875,0,0,0,5449.83,3909.5299999999997,983.1261000000001,0,3977.6409999999996,1048.7640000000001,0,0,1053.381,5287.79,3801.7859999999996,0,0,5298.106,5841.518,12229.222,6002.3382,6750.816,10694.399,6878.340999999999,7629.1001,9993.5205,5275.54,7596.469,3629.9449999999997,100,100
No Match,None,unmatched,65975,10.43,25.176,187.89,418.9758,,,,0,0,0,0,0,0,0,0,0,0,0,0,0,0,0,0,0,0,0,0,0,0,0,0,0,0,0,0,0,0,0,0,0,0,3227.506,0,0,0,0,0,0,0,100,100
No Match,None,unmatched,82910,10.413,24.612,183.53,418.9759,,,,0,0,0,0,0,0,0,0,0,0,1363.385,0,0,0,0,0,0,0,0,0,0,0,0,0,0,0,0,0,0,0,0,0,0,0,0,0,0,0,0,0,0,0,100,100
No Match,None,unmatched,79954,10.411,6.708,50.53,418.9791,,,,0,0,0,0,0,0,0,0,0,0,0,0,0,0,0,0,0,0,0,0,0,0,0,1611.771,0,0,0,0,0,0,0,0,0,0,0,0,0,0,0,0,0,0,100,100
No Match,None,unmatched,74619,10.444,0.359,3.32,418.9803,,,,0,0,0,0,0,0,0,0,0,0,0,0,0,0,0,0,0,0,0,2114.7889999999998,0,0,0,0,0,0,0,0,0,0,0,0,0,0,0,0,0,0,0,0,0,0,100,100
No Match,None,unmatched,84836,10.45,8.265,62.11,419.0024,,,,0,0,0,0,0,0,0,0,0,0,0,0,0,0,0,0,0,0,0,0,0,0,0,0,0,0,0,0,0,0,0,0,0,0,0,0,0,0,1211.215,0,0,0,100,100
No Match,None,unmatched,68256,10.424,0.359,3.32,419.0086,,,,0,0,0,0,0,0,0,0,0,0,0,0,0,0,0,0,0,0,2894.0069999999996,0,0,0,0,0,0,0,0,0,0,0,0,0,0,0,0,0,0,0,0,0,0,0,100,100
No Match,None,unmatched,78786,10.41,22.235,165.85,419.0535,,,,0,0,0,0,0,0,0,0,0,0,0,0,0,0,0,0,0,0,0,0,0,0,0,0,0,0,0,0,0,0,0,0,0,0,0,0,0,0,0,0,0,0,100,100
No Match,None,unmatched,57152,10.422,19.732,147.4,419.1018,,,,0,0,0,0,0,0,0,0,0,0,0,0,0,0,0,0,0,0,0,0,0,0,0,0,0,0,0,0,0,0,0,0,0,0,0,0,0,0,0,0,0,0,100,100
No Match,None,unmatched,79173,10.429,22.177,165.58,419.1031,,,,0,0,0,0,0,0,0,0,0,0,0,0,0,0,0,0,0,0,0,0,0,0,0,0,0,0,0,0,0,0,0,0,0,0,0,0,0,0,0,0,0,0,100,100
No Match,None,unmatched,9656,10.42,19.738,147.44,419.1099,,,,0,0,0,0,0,0,0,0,0,0,0,0,0,0,0,0,0,0,0,0,100585.799,0,0,0,0,0,0,0,0,0,0,0,0,0,0,0,0,0,0,0,0,0,100,100
No Match,None,unmatched,2084,10.421,19.746,147.46,419.1166,,,,0,0,0,386568.599,0,0,0,0,204760.19900000002,0,0,0,0,205220.69900000002,0,0,0,0,324702.299,0,0,316253.599,0,0,417745.599,296070.299,0,484737.099,0,0,0,395652.799,0,132029.499,0,0,267538.39900000003,0,482107.299,0,0,0,100,100
No Match,None,unmatched,73467,10.417,19.75,147.36,420.0551,,,,0,0,0,0,0,0,0,0,0,0,0,0,0,0,0,0,0,0,0,0,0,0,0,0,0,0,0,0,0,0,0,0,0,0,0,0,0,0,0,0,0,0,100,100
No Match,None,unmatched,40208,1.07,20.061,149.83,420.099,,,,0,0,0,0,0,0,0,0,0,0,0,0,0,0,0,0,0,0,0,0,0,0,0,0,0,0,12476.029,0,0,0,0,0,0,0,0,0,0,0,0,0,0,0,100,100
No Match,None,unmatched,76153,10.424,19.747,147.33,420.9147,,,,0,0,0,0,0,0,0,0,0,0,0,0,0,0,0,0,0,0,0,0,0,0,0,0,0,0,0,0,0,0,0,0,0,0,0,0,0,0,0,0,0,0,100,100
No Match,None,unmatched,79693,9.488,20.99,156.65,420.9925,,,,0,0,0,0,0,0,0,0,0,0,0,0,0,558.9467000000001,0,0,0,0,0,0,1074.727,0,0,0,0,0,0,0,0,0,0,0,0,0,0,0,0,0,0,0,0,0,100,100
No Match,None,unmatched,18308,2.421,24.556,183.15,421.999,,,,2965.118,5470.901,6572.29,4276.876,0,0,0,0,13746.298999999999,0,0,0,0,0,0,0,0,0,0,0,0,0,0,0,0,0,0,2394.749,0,0,0,0,11224.149,0,0,0,11391.079,0,12186.109,0,0,0,100,100
No Match,None,unmatched,84634,0.6497499999999999,25.052,186.9475,422.09902500000004,,,,0,0,0,122923.338,0,0,336950.798,0,86483.138,0,0,0,130688.74799999999,0,0,0,0,0,16590.3821,0,0,54568.118,0,22440.571,0,0,0,0,0,0,0,0,0,0,0,0,287945.828,0,0,302277.138,0,0,100,100
No Match,None,unmatched,66098,2.368,23.642,176.26,422.9762,,,,0,0,3209.817,0,0,0,0,0,0,0,0,0,0,0,0,0,0,0,0,0,0,0,0,0,0,0,0,0,0,0,0,0,0,0,0,0,0,0,0,0,0,0,100,100
No Match,None,unmatched,47931,10.419,19.785,147.75,422.9881,,,,0,0,0,0,0,0,0,0,0,0,0,0,0,0,0,0,0,0,0,0,0,0,756.9665,0,0,0,0,1866.6770000000001,0,0,1328.75,0,2196.1499999999996,604.5758000000001,0,0,0,0,0,1311.012,0,0,100,100
No Match,None,unmatched,94616,0.618,24.951,186.555,424.1006,,,,0,0,0,0,0,0,0,0,0,0,0,0,0,0,0,0,0,0,0,0,0,0,0,0,0,0,0,0,0,0,0,0,0,0,0,0,0,0,0,0,0,0,100,100
No Match,None,unmatched,53124,12.393,24.197,180.53,424.9263,,,,0,0,0,0,0,0,0,0,0,0,0,0,0,0,0,0,0,0,0,0,0,0,0,0,0,0,0,0,0,0,0,0,0,0,0,0,6105.563,0,0,0,0,0,100,100
No Match,None,unmatched,47718,0.634,25.133,186.99,425.10490000000004,,,,0,0,0,2009.156,0,0,11312.785,0,0,0,0,0,0,0,0,0,0,0,0,0,0,0,0,0,0,0,0,0,0,0,0,0,0,0,0,0,2878.4649999999997,0,0,1088.413,0,0,100,100
No Match,None,unmatched,33895,12.398,24.225,180.62,426.9239,,,,0,0,0,0,0,0,0,0,0,0,0,0,0,1254.157,0,0,0,0,0,0,0,0,0,0,0,0,0,0,0,0,0,0,0,0,0,0,17331.299,0,0,0,0,0,100,100
No Match,None,unmatched,5893,10.419,22.217,165.73,427.001,,,,12363.159,11682.409,11739.809,14269.389,10114.089,13524.839,17761.539,7796.186,12052.579,11801.929,16034.819,12266.239,12539.628999999999,14058.979,15600.509,10882.529,16584.389,17810.369,11738.269,18639.069,19181.199,16920.689,11741.048999999999,14209.089,17627.789,11237.878999999999,13529.499,19694.379,15093.649,16935.979,14830.109,10122.769,24159.259,18209.179,16973.668999999998,22977.619,21765.539,23311.589,14499.298999999999,20727.609,24826.149,21909.099,100,100
No Match,None,unmatched,48526,3.8025,24.952,185.655,427.02715,,,,0,0,0,0,0,0,0,0,0,0,0,0,0,0,0,0,0,0,0,0,0,0,9932.809,0,0,0,0,0,0,0,0,0,0,0,0,0,0,0,0,0,0,0,100,100
No Match,None,unmatched,47943,0.583,25.099,187.13,427.0868,,,,0,0,2091.457,0,0,0,1310.63,0,0,0,0,0,0,0,0,0,0,0,0,0,0,3316.801,0,0,0,0,0,0,0,0,0,0,0,0,0,0,0,1339.901,0,0,0,0,100,100
No Match,None,unmatched,74843,12.381499999999999,24.102,180.18,428.92235,,,,0,0,0,0,0,0,0,0,0,0,0,0,0,0,0,0,0,0,0,0,0,0,0,0,0,0,0,0,0,0,0,0,0,0,0,0,3210.538,0,0,0,0,0,100,100
No Match,None,unmatched,59121,1.664,24.632,183.71,428.994,,,,0,0,0,0,0,0,0,0,0,0,0,0,0,0,0,0,0,0,0,0,0,0,0,1929.515,0,0,0,0,0,0,0,0,1608.519,0,0,0,972.7784,0,0,0,0,0,100,100
No Match,None,unmatched,38486,1.684,24.566,183.09,429.0735,,,,794.3967,0,0,0,0,0,0,1898.9,1518.575,0,0,1889.914,1032.383,0,0,0,0,0,0,0,0,0,0,0,0,0,0,0,0,0,0,0,3479.348,0,0,0,0,0,3206.665,0,0,0,100,100
No Match,None,unmatched,37126,9.412,22.621,168.68,429.1044,,,,0,0,0,0,0,0,0,0,0,0,0,0,0,0,0,0,0,0,0,0,0,0,0,0,0,0,0,0,0,0,0,0,0,0,0,0,0,0,0,0,0,0,100,100
No Match,None,unmatched,86496,9.887,19.725,147.22,430.9827,,,,0,0,0,0,0,0,0,0,0,0,0,0,0,0,0,0,0,0,0,0,0,0,0,0,0,0,0,0,0,0,0,0,0,0,0,0,0,0,0,0,0,0,100,100
No Match,None,unmatched,56457,9.694,21.063,157.16,431.1023,,,,0,0,0,0,0,0,0,0,0,0,0,0,0,0,0,0,0,0,0,0,0,0,0,0,0,0,0,0,0,0,0,0,0,0,0,0,0,0,0,0,0,0,100,100
No Match,None,unmatched,95738,9.689,20.662,154.17,431.9785,,,,0,0,0,0,0,0,0,0,0,0,0,0,0,0,0,0,0,0,0,0,0,0,0,0,0,0,0,0,0,0,0,0,0,0,0,0,0,0,0,0,0,0,100,100
No Match,None,unmatched,49620,7.533,21.747,162.15,432.0369,,,,0,0,0,0,0,0,923.5176,0,0,0,0,0,0,0,0,0,0,0,0,0,0,0,0,0,0,0,0,6436.889999999999,0,0,0,0,0,0,0,0,0,0,0,0,0,0,100,100
No Match,None,unmatched,37343,9.684,21.064,157.15,432.9153,,,,0,0,0,0,0,0,0,0,0,0,0,0,0,0,0,0,0,0,0,0,0,0,0,0,0,0,0,0,0,0,0,0,0,0,0,0,0,0,0,14879.239,0,0,100,100
No Match,None,unmatched,39037,13.236730769230771,24.656,183.38846153846154,432.9902384615385,,,,8568.5787,4741.4448,11785.394100000001,12617.965999999999,17578.1826,14153.439699999999,14997.4111,12419.6021,11440.706,13624.0191,5370.3231,17156.3859,10988.265599999999,14049.371,19651.9219,13170.0631,10959.258,24290.2127,19852.0442,17376.5281,9886.683500000001,25897.2212,13603.592,13218.521799999999,9262.3386,1835.7295,8327.0142,23880.324800000002,21767.4297,11738.047999999999,11807.2672,23129.441099999996,16570.5281,13648.922999999999,13711.878,15055.4985,23041.055,15640.306399999998,18006.317700000003,15262.782,12962.307200000001,2497.8124000000003,100,100
No Match,None,unmatched,65135,11.325,24.544,183,432.9897,,,,0,0,0,0,0,0,0,0,0,0,0,0,0,0,0,0,0,0,0,515.4365,0,0,0,732.8514,0,0,0,0,0,0,0,0,0,0,0,0,0,876.8526,0,888.7607,0,0,100,100
No Match,None,unmatched,64476,0.756,24.496,182.59,433.0106,,,,0,0,0,0,0,0,0,0,0,0,616.1037,0,0,0,0,0,0,0,0,1056.7250000000001,0,1793.209,0,0,0,0,0,0,0,0,0,0,0,0,0,0,0,0,0,0,0,0,100,100
No Match,None,unmatched,16414,0.6765,24.391,182.005,433.0173249999999,,,,3107.8289999999997,3678.221,3158.491,0,0,0,1732.256,0,5150.119,6858.048,572.9842,2702.4649999999997,0,865.5984,3620.1609999999996,1474.81,5497.37,4728.294,1495.3020000000001,4796.262,8759.689,0,6126.799,0,1043.7830000000001,595.2615000000001,1597.9205000000002,5966.1139,3235.921,5032.4936,3535.0371000000005,3312.685,2222.475,0,2540.7039999999997,0,5788.0998,5055.228,3042.0685999999996,0,3750.3251,6100.11,100,100
No Match,None,unmatched,45231,12.5795,25.417,189.63,433.08635000000004,,,,649.3451,0,0,1235.57,0,0,3765.951,1210.39,0,0,0,0,2297.6139999999996,4246.882,0,0,0,0,0,0,0,2283.145,0,0,0,10276.048999999999,0,0,0,0,0,0,6501.672,0,0,0,0,0,4282.691,8588.807,0,0,100,100
No Match,None,unmatched,82890,14.084,25.667,191.32,434.8922,,,,0,0,0,0,0,0,0,0,0,0,0,0,0,0,0,0,0,0,0,0,0,0,0,0,0,0,0,0,0,0,0,0,0,1365.135,0,0,0,0,0,0,0,0,100,100
No Match,None,unmatched,89352,7.852,24.622,183.55,434.9492,,,,0,0,0,0,0,0,0,0,0,0,0,0,0,0,0,0,0,0,907.6349,0,0,0,0,0,0,0,0,0,0,0,0,0,0,0,0,0,0,0,0,0,0,0,100,100
No Match,None,unmatched,65303,9.668,21.013,156.75,434.9516,,,,0,0,0,0,0,0,0,0,0,0,0,0,0,0,0,0,0,0,0,0,0,0,0,0,0,0,0,0,0,0,0,0,0,3330.12,0,0,0,0,0,0,0,0,100,100
No Match,None,unmatched,42534,1.341,25.714,191.56,435.0875,,,,0,0,0,2615.0849999999996,0,0,0,0,0,0,0,0,1831.751,0,0,0,0,0,0,0,0,0,0,0,0,0,0,0,0,0,0,0,0,0,0,0,6407.996,0,0,0,0,0,100,100
No Match,None,unmatched,22024,7.751,22.985,171.35,435.958,,,,0,0,0,0,0,0,0,0,0,0,1778.9270000000001,1168.098,0,0,0,0,0,0,0,2187.4689999999996,0,0,17786.849,0,4878.7919999999995,0,3848.52,0,0,0,0,0,3416.3639999999996,0,541.134,0,0,6724.398999999999,0,0,1501.596,3335.296,100,100
No Match,None,unmatched,16680,12.074,20.854,155.49,436.983,,,,0,6545.885,0,0,4581.407,0,2681.747,0,0,6599.6089999999995,0,0,0,0,0,0,0,0,2606.1009999999997,0,0,0,4693.545999999999,0,2914.6519999999996,21913.359,0,11140.839,0,0,0,0,3624.113,5855.306,13045.119,0,0,0,0,0,0,0,100,100
No Match,None,unmatched,77268,8.011,24.382,181.75,437.0584,,,,0,0,0,0,0,0,0,0,0,0,0,0,0,0,0,0,0,0,0,0,0,0,0,0,0,1860.515,0,0,0,0,0,0,0,0,0,0,0,0,0,0,0,0,100,100
No Match,None,unmatched,8255,1.756,23.892,178.405,437.99405,,,,39250.156,0,14652.249,33900.081,0,0,3312.2169999999996,54131.177,7361.061,4161.8876,2160.6259999999997,1469.433,1142.015,0,0,0,0,0,0,0,0,6738.634,2269.826,25308.219999999998,1080.8500000000001,0,0,8640.974999999999,0,0,0,0,19504.841999999997,7715.978999999999,5773.683,0,31879.668999999998,0,128642.81799999998,14244.400000000001,0,0,100,100
No Match,None,unmatched,8846,1.617,24.956,186.14499999999998,438.07475,,,,21979.569,0,9421.496,24249.712,4399.343,2207.069,6036.701,17997.168999999998,8424.206,1450.77,0,2131.75,3826.3709999999996,0,7280.549,4129.498,2850.185,20032.049,3557.428,1948.647,15901.659,19630.182,0,23583.133,814.1507,0,0,9346.444,7616.306,9811.563,0,0,21473.336,8547.537,12989.378999999999,0,13861.399,10850.319,42431.208,19162.339,8129.147,10400.999,100,100
No Match,None,unmatched,90550,1.525,24.921,185.74,438.0805,,,,0,0,0,0,0,0,0,0,0,0,0,0,0,0,0,0,0,0,0,0,0,0,0,0,0,0,0,0,0,0,0,0,0,0,833.3843,0,0,0,0,0,0,0,100,100
No Match,None,unmatched,71298,6.58,25.692,191.37,439.049,,,,0,0,0,1189.105,0,0,0,0,0,0,0,0,0,0,0,0,0,0,0,0,0,0,0,0,0,0,0,0,0,0,0,0,0,0,0,0,0,0,0,1305.766,0,0,100,100
No Match,None,unmatched,49655,1.576,24.845,184.99,439.0549,,,,0,0,0,7345.385,0,0,0,0,0,0,0,0,0,0,0,0,0,0,0,0,0,0,0,0,0,0,0,0,0,0,0,0,0,0,0,0,0,0,0,0,0,0,100,100
No Match,None,unmatched,28632,6.8705,25.701,191.505,439.113,,,,0,0,999.3385000000001,0,0,1365.48,0,0,3043.901,2772.336,0,2369.946,1159.385,3270.4109999999996,0,0,0,0,1182.609,0,0,0,0,0,1931.54,0,1270.448,1801.626,1476.6390000000001,0,514.4748000000001,0,751.1219,0,3208.383,964.2492,2422.7981,0,1452.612,2648.776,1850.714,0,100,100
No Match,None,unmatched,40693,7.886,25.608,190.69,440.094,,,,4295.711,0,0,0,0,0,0,0,0,0,0,740.8402,0,1536.424,0,0,0,0,0,0,0,0,0,0,0,0,0,0,0,0,0,0,0,0,0,0,0,0,0,5544.625,0,0,100,100
No Match,None,unmatched,90712,1.288,25.813,192.33,441.0757,,,,0,0,0,0,0,0,0,0,0,0,0,0,0,0,0,0,0,0,0,0,0,0,0,0,0,0,0,0,0,0,0,0,0,0,0,0,823.5016,0,0,0,0,0,100,100
No Match,None,unmatched,93714,6.8855,25.698,191.335,441.11185,,,,0,0,2987.7569999999996,654.6065,1174.006,2324.8909999999996,2655.644,0,3242.7839999999997,1485.5330000000001,0,1743.1654,0,3940.0119999999997,816.8635,0,0,4852.624,0,0,1157.913,2204.399,0,2872.8269999999998,0,0,0,2387.084,0,1988.791,0,0,3069.0069999999996,0,4789.652,1628.832,3085.144,1811.205,789.0349,0,1999.6870000000001,2987.676,100,100
No Match,None,unmatched,85378,2.987,26.03,193.92,442.1183,,,,0,0,0,0,0,0,0,0,0,0,0,0,0,0,0,0,0,0,0,0,0,0,0,0,0,0,0,0,0,0,0,0,0,0,0,0,0,1172.077,0,0,0,0,100,100
No Match,None,unmatched,83622,10.041,19.86,148.1,442.9812,,,,0,0,0,0,0,0,0,0,0,0,0,0,0,0,0,0,0,0,0,0,0,0,0,0,0,0,0,1306.268,0,0,0,0,0,0,0,0,0,0,0,0,0,0,100,100
No Match,None,unmatched,63266,0.584,25.319,188.46,443.0597,,,,927.8349000000001,0,0,0,0,0,0,0,2752.959,0,0,0,0,0,0,0,0,0,0,0,0,0,0,0,0,0,0,0,0,0,0,0,0,0,0,0,0,0,0,0,0,0,100,100
No Match,None,unmatched,72853,1.886,25.682,191.12,446.0154,,,,1637.126,0,0,0,0,0,0,678.2508,0,0,0,0,0,0,0,0,0,0,0,0,0,0,0,0,0,0,0,0,0,0,0,0,0,0,0,0,0,0,0,0,0,0,100,100
No Match,None,unmatched,90657,1.814,25.588,190.59,446.0223,,,,0,0,0,0,0,0,0,0,0,0,0,0,0,0,0,0,0,0,0,0,0,0,0,0,0,0,0,0,0,0,0,0,0,0,0,0,0,0,0,826.8531,0,0,100,100
No Match,None,unmatched,81183,1.562,24.624,183.24,448.9891,,,,0,0,0,0,0,0,0,0,0,0,0,0,0,0,0,0,0,0,0,0,0,0,0,0,0,0,0,0,0,0,0,0,0,0,0,0,0,0,0,0,0,0,100,100
No Match,None,unmatched,82405,3.972,26.214,195.2,449.0467,,,,0,0,0,0,0,0,0,0,0,0,0,0,0,0,0,0,0,0,0,0,0,0,0,0,0,0,0,0,0,0,1403.717,0,0,0,0,0,0,0,0,0,0,0,100,100
No Match,None,unmatched,39142,1.712,25.618,190.69,449.0719,,,,0,0,0,0,7123.173,0,0,0,0,0,0,0,0,0,0,0,0,0,0,0,0,0,0,0,0,0,0,6136.999,0,0,0,0,0,0,0,0,0,0,0,0,0,0,100,100
No Match,None,unmatched,62989,1.916,26.069,193.95,449.1031,,,,1037.525,0,0,0,0,0,0,0,0,0,0,0,0,2292.346,0,0,0,0,0,0,0,0,0,0,0,0,0,0,0,0,0,0,0,0,0,0,0,0,0,0,0,0,100,100
No Match,None,unmatched,46123,3.06,25.192,187.45,449.1088,,,,0,0,0,0,0,0,0,0,0,0,0,8887.048,0,0,0,0,0,0,0,0,0,0,0,0,0,0,0,0,0,0,0,0,0,0,0,0,0,0,0,0,0,0,100,100
No Match,None,unmatched,63337,11.24,25.239,187.95,449.9189,,,,0,0,0,0,0,0,0,0,0,0,0,0,0,0,0,0,0,0,0,0,0,0,0,0,0,0,0,0,0,0,0,0,0,0,0,0,3663.718,0,0,0,0,0,100,100
No Match,None,unmatched,90601,11.289,25.368,188.91,449.9243,,,,0,0,0,0,0,0,0,0,0,0,0,0,0,0,0,0,0,0,0,0,0,0,0,0,0,0,0,0,0,0,0,0,0,0,0,0,829.9350000000001,0,0,0,0,0,100,100
No Match,None,unmatched,66642,12.502,20.539,152.91,449.9718,,,,0,0,0,0,0,0,0,0,0,0,1313.513,1423.738,0,0,0,0,0,0,0,0,0,0,0,0,0,0,0,0,0,0,0,0,0,0,0,0,0,0,0,0,0,0,100,100
No Match,None,unmatched,94969,8.261,24.741,184.24,450.9784,,,,0,0,0,0,0,0,0,0,0,0,0,0,0,0,0,0,0,0,0,0,0,0,0,0,0,0,0,0,0,0,0,0,0,0,0,0,0,0,0,0,0,0,100,100
No Match,None,unmatched,38796,0.7136666666666667,25.929,192.70333333333335,451.0909,,,,0,0,0,792.2674000000001,0,0,0,0,0,0,0,0,0,0,0,0,0,0,0,0,0,2559.932,0,5270.652,0,0,0,0,0,0,0,0,0,0,0,0,17106.624,0,0,0,0,0,100,100
No Match,None,unmatched,37068,11.276,25.387,189.02,451.9205,,,,0,0,0,0,0,0,0,0,0,0,0,0,0,0,0,0,0,0,0,0,0,0,0,0,0,0,0,0,0,0,0,0,0,0,0,0,15143.389,0,0,0,0,0,100,100
No Match,None,unmatched,52858,12.408,20.397,151.93,451.9768,,,,0,1575.608,0,0,0,0,0,0,0,1599.719,0,0,0,0,0,0,0,0,0,0,0,0,0,1135.851,0,0,0,615.5594,0,0,0,0,0,0,0,0,0,0,1274.867,0,0,0,100,100
No Match,None,unmatched,35806,11.654,20.423,152.16,451.977,,,,0,0,0,0,0,0,0,0,0,5893.437,0,0,0,0,0,0,0,0,0,0,0,1062.612,0,0,0,0,2201.718,0,0,0,0,1117.386,888.3676,0,2822.825,0,0,0,2429.459,0,0,0,100,100
No Match,None,unmatched,55115,11.204,20.984,156.35,451.9865,,,,0,0,0,0,0,0,0,0,0,0,0,0,0,0,0,0,0,0,0,0,0,0,0,0,0,0,1207.744,1258.707,1036.945,0,0,0,0,2026.271,0,0,0,0,0,0,0,0,100,100
No Match,None,unmatched,40376,1.598,26.162,194.68,453.1085,,,,0,0,0,0,0,0,4717.855,0,0,0,0,0,0,0,0,0,0,0,0,0,0,0,0,0,0,0,0,0,0,0,0,0,0,0,0,0,7634.273999999999,0,0,0,0,0,100,100
No Match,None,unmatched,53962,1.568,24.3,180.815,453.96835,,,,2026.743,0,0,0,0,0,0,0,0,0,0,0,0,0,0,0,0,0,0,0,0,0,0,0,0,0,0,0,0,0,0,0,0,0,0,0,1590.801,0,11217.636,0,0,0,100,100
No Match,None,unmatched,63137,0.585,25.793,191.91,455.0282,,,,0,0,0,0,0,0,2993.3669999999997,0,0,0,0,0,0,0,0,0,0,0,0,0,0,0,0,0,0,0,0,0,0,0,0,0,0,0,0,0,0,0,0,0,0,0,100,100
No Match,None,unmatched,46290,9.563,21.475,159.94,455.9586,,,,0,0,0,0,0,0,0,0,0,0,0,0,0,1502.094,0,874.1646000000001,0,0,0,916.0524,0,0,0,0,545.5854,0,0,0,1582.701,0,0,0,916.8974000000001,1116.762,0,0,0,0,0,0,0,1355.483,100,100
No Match,None,unmatched,51223,12.069,21.256,158.32,456.9903,,,,0,0,0,0,0,0,0,0,0,0,0,0,0,0,0,0,0,0,0,0,0,0,573.3539000000001,0,0,5672.420999999999,0,0,0,0,0,0,511.1671,0,0,0,0,0,0,0,0,0,100,100
No Match,None,unmatched,37284,5.635,26.409,196.53,458.1055,,,,0,0,0,0,0,0,0,0,0,0,0,0,0,0,0,0,0,1624.162,0,4150.083,0,0,0,0,0,0,0,0,0,0,0,0,0,1924.49,2839.048,561.5429,0,0,0,1502.387,0,2329.2859999999996,100,100
No Match,None,unmatched,93800,9.488,21.497,160.07,460.9419,,,,0,0,0,0,0,0,0,0,0,0,0,0,0,0,0,0,0,0,0,0,0,0,0,0,606.5021,0,0,0,0,0,0,0,0,0,0,0,0,0,0,0,0,0,100,100
No Match,None,unmatched,58813,10.426,26.522,197.22,462.9568,,,,0,1827.009,0,0,0,0,0,0,0,0,0,0,0,0,0,0,0,0,0,0,0,0,0,0,0,0,2753.819,0,0,0,0,0,0,0,0,0,0,0,0,0,0,0,100,100
No Match,None,unmatched,93384,10.409,25.364,188.72,462.9688,,,,0,0,0,0,0,0,0,0,0,0,0,0,0,0,0,0,0,0,0,0,0,0,0,639.2787000000001,0,0,0,0,0,0,0,0,0,0,0,0,0,0,0,0,0,0,100,100
No Match,None,unmatched,58919,10.051,20.718,154.27,462.9827,,,,0,0,0,0,0,0,0,0,0,0,0,0,0,0,0,0,0,0,0,0,0,0,0,0,0,0,0,0,0,0,0,0,0,0,0,4559.391,0,0,0,0,0,0,100,100
No Match,None,unmatched,77151,10.032,20.175,150.25,462.9828,,,,0,0,0,0,0,0,0,0,0,0,0,0,0,0,0,0,0,0,0,0,0,0,0,0,0,0,0,0,0,0,0,0,0,0,0,1869.808,0,0,0,0,0,0,100,100
No Match,None,unmatched,92737,10.061,20.782,154.74,462.9941,,,,0,0,0,0,0,0,0,0,0,0,0,0,0,0,0,0,0,0,0,0,0,0,0,0,0,691.0693,0,0,0,0,0,0,0,0,0,0,0,0,0,0,0,0,100,100
No Match,None,unmatched,52975,1.569,24.918,185.33,464.9674,,,,0,0,0,0,0,0,0,0,0,0,0,0,0,875.8531,2783.8489999999997,0,0,0,0,0,0,0,0,2498.1139999999996,0,0,0,0,0,0,0,0,0,0,0,0,0,0,0,0,0,0,100,100
No Match,None,unmatched,46942,1.962,25.5,189.7,465.9881,,,,0,0,0,0,0,0,0,0,0,0,0,0,0,0,0,0,0,0,0,0,0,0,0,0,0,0,0,0,0,0,0,0,3367.638,0,0,0,1332.463,0,3818.0209999999997,0,0,0,100,100
No Match,None,unmatched,45499,3.242,26.32,195.72,466.0819,,,,0,0,0,2157.415,0,0,0,0,0,0,0,0,0,0,0,0,0,0,0,0,0,3699.558,0,0,0,0,0,0,0,0,0,0,0,0,0,0,0,0,3342.665,0,0,0,100,100
No Match,None,unmatched,91295,11.774,21.884,162.88,466.9547,,,,0,0,0,0,0,0,0,0,0,0,0,0,0,0,0,0,0,0,0,0,0,0,0,0,0,0,788.2231,0,0,0,0,0,0,0,0,0,0,0,0,0,0,0,100,100
No Match,None,unmatched,35736,12.654,21.453,159.6,466.9734,,,,0,5333.599,0,0,0,0,0,0,0,0,0,0,0,0,0,0,0,0,0,0,0,0,0,0,0,11147.869,0,0,0,0,0,0,0,0,0,0,0,0,0,0,0,0,100,100
No Match,None,unmatched,44259,12.651,21.924,163.09,466.9735,,,,0,0,0,0,1537.703,0,0,0,0,2264.8849999999998,0,0,0,0,0,0,0,0,0,0,0,0,0,0,0,3218.1589999999997,0,0,0,0,0,0,0,0,2834.4689999999996,0,0,0,0,0,0,0,100,100
No Match,None,unmatched,78082,1.725,25.683,190.88,467.1013,,,,0,0,0,0,0,0,0,1781.5040000000001,0,0,0,0,0,0,0,0,0,0,0,0,0,0,0,0,0,0,0,0,0,0,0,0,0,0,0,0,0,0,0,0,0,0,100,100
No Match,None,unmatched,30382,14.425,26.631,198,468.9005,,,,0,0,0,0,0,0,0,0,0,0,0,0,759.0334,2508.961,0,1130.175,0,0,0,0,0,0,0,0,0,0,0,0,5157.973,0,0,0,3858.6699999999996,0,0,0,0,3226.4159999999997,0,1430.518,5635.4929999999995,0,100,100
No Match,None,unmatched,880,11.100999999999999,23.462,173.655,468.97119999999995,,,,322908.199,619859.399,253956.59900000002,512778.799,669654.299,102948.099,266254.89900000003,328984.699,324688.799,872072.1989999999,615494.899,322560.499,290490.89900000003,323057.89900000003,231909.299,137414.69900000002,137772.19900000002,101779.299,548052.299,192717.19900000002,273074.999,506433.699,372530.699,649746.0989999999,429707.299,480064.699,871640.399,551507.799,158379.59900000002,134426.899,83229.25899999999,434081.39900000003,451849.099,224806.299,826463.1989999999,137007.499,322190.89900000003,131556.499,582099.6989999999,168265.69900000002,132156.19900000002,39920.65900000001,100,100
No Match,None,unmatched,81788,11.208,23.469,174.44,469.1015,,,,0,0,0,0,0,0,0,0,0,0,0,0,0,0,0,0,0,0,0,0,0,0,0,0,0,0,0,0,0,0,0,0,0,0,0,0,0,0,0,0,0,0,100,100
No Match,None,unmatched,17336,11.205,20.929,155.62,469.1128,,,,0,0,0,0,0,0,0,0,0,0,0,0,0,78895.97899999999,0,0,0,0,0,0,0,0,0,0,0,0,0,0,0,0,0,0,0,0,0,0,0,0,0,0,0,0,100,100
No Match,None,unmatched,66787,1.531,25.296,188.14,469.9667,,,,0,0,0,0,0,0,0,0,0,0,0,0,0,0,0,0,0,0,0,0,0,0,0,0,0,0,0,0,0,0,0,0,0,0,0,0,0,0,3107.18,0,0,0,100,100
No Match,None,unmatched,78632,1.596,25.518,189.78,470.0595,,,,0,0,0,0,0,0,0,0,0,0,0,0,0,0,0,0,0,0,0,0,0,0,0,0,0,0,1728.849,0,0,0,0,0,0,0,0,0,0,0,0,0,0,0,100,100
No Match,None,unmatched,12700,14.442,26.666,198.23,470.8981,,,,4108.268,0,3079.1969999999997,2313.381,0,3484.9339999999997,1169.696,0,1584.74,0,0,0,3817.5629999999996,8939.704,5231.023999999999,3851.218,8113.357,6635.505,0,8183.55,3253.194,8946.347,0,0,0,0,0,0,14468.169,7227.1849999999995,927.947,0,10819.419,0,0,0,7750.117,5568.477,4790.473,6721.642,14348.109,4288.99,100,100
No Match,None,unmatched,56335,14.727,26.181,194.58,470.9111,,,,0,0,2003.38,0,0,0,0,0,1613.173,0,0,0,0,0,0,0,0,0,0,0,0,0,0,0,0,0,0,1566.455,0,0,0,0,0,0,0,0,0,0,0,0,0,0,100,100
No Match,None,unmatched,16958,14.426,26.655,198.14,472.8961,,,,4029.2079999999996,0,0,0,0,1638.073,0,0,0,0,0,2885.841,2797.401,5013.813999999999,2711.006,1594.43,5715.954,3887.901,0,1061.136,3542.3399999999997,4992.717,0,0,0,0,0,0,7954.132,4260.116,566.5555,0,7219.141,0,0,1411.125,3528.078,0,3664.343,2593.83,8715.205,3374.156,100,100
No Match,None,unmatched,28447,14.6995,26.149,194.39999999999998,472.91035,,,,3840.314,0,659.0335,0,0,0,3673.084,0,1070.652,1742.989,0,0,1445.164,2598.837,0,0,0,0,0,0,0,1280.713,0,0,0,0,0,2825.4779999999996,0,0,912.7563,0,803.9931,1791.252,0,1810.55,3862.4049999999997,0,1739.157,0,0,0,100,100
No Match,None,unmatched,7180,1.673,25.895,192.465,473.11929999999995,,,,12278.929,0,19218.059,10158.358999999999,10121.089,6474.387,15943.559,26622.609,18086.119,15407.458999999999,0,18237.023,13692.689,4531.262,9366.228,17294.509,5020.763,13623.009,17137.969,6994.437,9449.13,14074.269,3265.0989999999997,17499.059,2719.178,0,0,13463.819,8587.297,17296.703999999998,1094.765,6403.764,20921.4803,12364.149,26840.639,2778.7239999999997,13980.953999999998,9568.535,13139.419,22865.709,16943.459,6696.829,100,100
No Match,None,unmatched,60429,14.429,26.637,198.02,474.8934,,,,0,0,0,0,0,0,0,0,0,0,0,0,0,0,0,0,0,0,0,867.1112,0,1253.333,0,0,0,0,0,0,952.9125,0,0,0,0,0,0,0,0,1163.829,0,0,0,0,100,100
No Match,None,unmatched,70288,12.874,21.093,156.93,474.9692,,,,8009.366,3701.0389999999998,8920.247,7254.869,8692.687,5062.242,7272.753,9465.241,9225.043,8697.876,8422.696,1668.881,9762.615,9401.265,0,1697.2640000000001,8880.686,9547.929,4905.3009999999995,6348.592,1856.502,8454.396,0,7267.402,4912.277,0,0,5448.699,6672.016,2782.124,10607.989,4719.825,6809.956999999999,955.1208,0,16576.399,8331.53,8184.514,7037.308,3127.0609999999997,7213.007,3253.817,100,100
No Match,None,unmatched,78217,12.870000000000001,19.896,148.015,474.9711,,,,2897.3599999999997,0,2501.9449999999997,1719.771,0,2627.069,2956.94,3785.019,3687.917,5071.295999999999,0,3279.203,0,5000.483,1395.785,4381.682,2924.883,1975.836,0,2219.7349999999997,1777.385,2036.642,0,4088.417,0,561.3003,1649.361,0,0,0,1101.1100000000001,1927.49,3033.348,0,1678.2160000000001,6978.3279999999995,0,0,0,3293.912,3397.517,0,100,100
No Match,None,unmatched,62938,12.876,18.807,140,474.9728,,,,0,0,0,0,0,0,0,0,0,0,0,0,0,0,0,0,2575.2419999999997,0,0,0,0,0,0,0,0,0,0,0,0,700.1498,0,0,0,0,0,0,0,0,0,0,0,0,100,100
No Match,None,unmatched,9788,8.701,21.449,159.52,474.9848,,,,4006.9559999999997,7226.42,2807.437,0,7324.411999999999,3396.591,2855.845,5967.933,6973.721,5477.278,6985.428,5331.299,2352.7679999999996,4552.8279999999995,8544.478,0,5201.991,4549.143,1363.969,7091.477,5093.628,4178.170999999999,4441.144,4651.419,6648.384,9747.256,5903.539,7427.6269999999995,3224.029,6814.572999999999,8312.462,9601.671,4526.163,9271.862,6445.543,33266.549000000006,3726.404,6657.827,4049.8289999999997,3615.189,5688.5689999999995,7587.687,100,100
No Match,None,unmatched,83910,1.4365,25.52,190.155,477.00635,,,,0,0,0,0,0,0,0,0,0,0,0,0,0,0,0,0,0,0,0,0,0,0,0,0,0,0,0,0,0,0,0,0,0,0,0,0,0,0,3241.3360000000002,0,0,0,100,100
No Match,None,unmatched,93196,3.47,26.568,197.31,477.0749,,,,0,0,0,0,0,0,655.2199,0,0,0,0,0,0,0,0,0,0,0,0,0,0,0,0,0,0,0,0,0,0,0,0,0,0,0,0,0,0,0,0,0,0,0,100,100
No Match,None,unmatched,36613,11.773,26.925,200.11,478.0198,,,,0,0,0,0,0,0,0,0,0,0,0,0,0,0,0,0,0,0,0,0,0,0,0,0,0,0,0,0,0,0,0,0,0,0,0,0,0,0,0,15611.048999999999,0,0,100,100
No Match,None,unmatched,32316,11.776,26.927,200.11,480.0159,,,,0,0,0,0,0,0,0,0,0,0,0,0,0,0,0,0,0,0,0,0,0,0,0,0,0,0,0,0,0,0,0,0,0,0,0,0,0,0,0,20667.329,0,0,100,100
No Match,None,unmatched,82569,0.629,25.971,193.03,480.0597,,,,0,0,0,0,0,0,0,0,0,0,0,0,0,0,0,0,0,0,0,0,0,0,0,0,0,0,0,0,0,0,0,0,0,0,0,0,0,0,0,1391.448,0,0,100,100
No Match,None,unmatched,92122,10.158,22.123,164.51,480.9348,,,,0,0,0,0,0,0,0,0,0,0,0,0,0,0,0,0,0,0,0,0,0,0,0,0,0,0,0,0,0,0,0,0,0,0,0,0,0,0,733.1882,0,0,0,100,100
No Match,None,unmatched,68770,11.274333333333333,21.287,158.01,480.9584333333333,,,,0,6329.064,0,3171.64,0,0,0,0,0,13424.181,1864.445,0,0,0,0,0,0,0,0,0,0,0,0,0,0,2200.0387,4986.565,0,0,0,0,0,0,0,2138.9599999999996,0,0,0,7087.831999999999,0,0,0,100,100
No Match,None,unmatched,80568,14.505,21.09,156.78,480.9661,,,,0,0,0,0,0,0,0,0,0,0,0,906.2099000000001,0,0,651.5711,0,0,0,0,0,0,0,0,0,0,0,0,0,0,0,0,0,0,0,0,0,0,0,0,0,0,0,100,100
No Match,None,unmatched,57506,8.541,26.427,196.4,481.0445,,,,0,0,0,0,0,0,0,0,0,0,0,0,0,0,0,1550.319,1161.641,0,0,0,0,0,0,854.3904,0,0,0,0,1324.578,0,0,0,0,0,0,0,0,0,0,0,0,0,100,100
No Match,None,unmatched,54188,11.776,26.932,200.12,482.0149,,,,0,0,0,0,0,0,0,0,0,0,0,0,0,0,0,0,0,0,0,0,0,0,0,0,0,0,0,0,0,0,0,0,0,0,0,0,0,0,0,5785.098,0,0,100,100
No Match,None,unmatched,74129,0.6265000000000001,26.086,193.58999999999997,483.05465,,,,0,0,0,0,0,0,1491.4168,0,0,0,0,0,0,0,0,0,0,0,0,0,0,0,0,0,0,0,0,0,0,0,0,0,0,0,0,0,0,0,0,1515.669,0,0,100,100
No Match,None,unmatched,73668,3.987,27.072,201.13,485.011,,,,0,0,0,0,0,0,0,0,0,0,0,0,0,0,1302.896,0,0,0,0,0,0,0,0,0,0,0,0,0,0,0,0,0,0,0,0,0,0,0,0,0,919.8741,0,100,100
No Match,None,unmatched,73563,14.526374999999998,26.184,193.59875,485.0695625,,,,17706.48,9171.918,14105.469,19620.926,192372.197,93992.59,50043.335999999996,34220.537,17804.162,23911.617,79645.107,44141.28,16320.104,24767.2808,228292.384,221306.627,105374.20100000002,76015.03700000001,51911.21,226529.39599999998,33092.933999999994,12585.045999999998,97268.46100000001,51889.653,100147.54800000001,42719.401,19262.242,107813.91700000002,247668.52899999998,20893.804,7970.93,11125.220000000001,25388.958,11841.84,31797.764,78792.01699999999,173303.553,29453.720999999998,124470.277,129842.58700000001,134372.4126,141031.015,100,100
No Match,None,unmatched,31926,12.432,26.016,193.28,485.0693,,,,0,0,0,0,2170.2799999999997,0,0,0,0,0,0,0,0,0,2553.5539999999996,3931.671,0,0,0,5456.019,0,0,0,0,0,0,0,0,6303.6179999999995,0,0,0,0,0,0,0,794.7074,0,0,0,0,0,100,100
No Match,None,unmatched,50644,13.461,26.063,193.65,485.071,,,,0,0,0,0,0,0,0,0,0,0,0,0,0,0,782.1031,1165.055,0,0,0,2344.495,0,0,0,0,0,0,0,0,1854.957,0,0,0,0,0,0,0,0,0,0,0,830.2021,0,100,100
No Match,None,unmatched,84050,8.523,26.804,199.12,486.9719,,,,0,0,0,0,0,0,0,0,0,0,0,0,0,0,0,0,0,0,0,0,0,0,0,0,0,0,0,0,0,673.4566,0,0,0,0,0,0,598.1525,0,0,0,0,0,100,100
No Match,None,unmatched,94693,7.069,26.718,198.49,486.9757,,,,0,0,0,0,0,0,0,0,0,0,0,0,0,0,0,0,0,0,0,0,0,0,0,0,0,0,0,0,0,0,0,0,0,522.4855,0,0,0,0,0,0,0,0,100,100
No Match,None,unmatched,62918,12.665,22.06,163.94,486.9809,,,,0,1176.238,0,0,0,0,0,0,0,0,0,0,0,0,0,0,0,0,0,0,0,0,0,0,0,1702.869,0,0,0,0,0,0,0,0,0,0,0,0,875.1562,0,0,0,100,100
No Match,None,unmatched,82487,14.54,26.011,193.25,487.0698,,,,0,0,0,0,0,0,0,0,0,0,0,0,0,0,0,0,0,0,0,0,0,0,0,0,0,0,0,0,0,0,0,0,0,0,0,1396.705,0,0,0,0,0,0,100,100
No Match,None,unmatched,21496,1.321,26.749,198.63,490.0782,,,,1196.773,0,0,12592.849,0,0,0,0,0,0,0,0,0,0,0,0,0,0,0,0,0,2921.151,0,0,0,0,0,0,0,0,0,0,3882.3089999999997,0,0,0,6520.769,0,19486.529,3279.9519999999998,0,0,100,100
No Match,None,unmatched,57825,0.542,24.953,185.26,492.9467,,,,832.9021,0,0,502.59880000000004,0,0,0,0,0,0,0,1778.903,0,0,0,0,0,0,0,0,0,0,615.8786,0,0,0,0,0,1080.306,0,0,0,0,0,0,0,0,0,0,0,0,0,100,100
No Match,None,unmatched,91863,12.509,27.322,202.89,492.9795,,,,0,0,0,0,0,0,0,0,0,0,0,0,0,0,0,0,0,0,0,0,0,0,751.7083,0,0,0,0,0,0,0,0,0,0,0,0,0,0,0,0,0,0,0,100,100
No Match,None,unmatched,60377,10.703,26.159,194.21,492.991,,,,0,0,0,0,0,0,0,0,0,0,0,960.0915,616.7059,0,0,0,0,0,0,0,1006.844,0,0,0,0,0,0,541.7181,0,0,0,0,0,1122.651,0,0,0,0,0,0,0,0,100,100
No Match,None,unmatched,64050,9.264,26.167,194.25,492.9919,,,,0,0,0,0,1107.571,0,1391.837,0,0,0,0,0,0,0,0,0,0,0,0,0,0,0,0,0,0,0,0,0,0,0,0,0,0,0,0,0,577.0033,0,0,0,0,0,100,100
No Match,None,unmatched,94174,8.137,26.168,194.18,492.9935,,,,0,0,0,0,0,0,0,0,0,0,0,0,0,570.6708,0,0,0,0,0,0,0,0,0,0,0,0,0,0,0,0,0,0,0,0,0,0,0,0,0,0,0,0,100,100
No Match,None,unmatched,95383,12.105,26.126,194.04,492.9938,,,,0,0,0,0,0,0,0,0,0,0,0,0,0,0,0,0,0,0,0,0,0,0,0,0,0,0,0,0,0,0,0,0,0,0,0,0,0,0,0,0,0,0,100,100
No Match,None,unmatched,92307,7.439,27.288,202.64,493.0993,,,,0,0,0,0,0,0,0,0,0,0,0,0,0,0,0,0,0,0,0,0,0,0,0,0,0,0,0,0,0,0,0,0,0,0,0,0,0,0,0,0,720.5278000000001,0,100,100
No Match,None,unmatched,79841,10.454,22.759,168.92,496.0501,,,,0,0,0,0,0,0,0,0,0,0,0,0,0,1620.326,0,0,0,0,0,0,0,0,0,0,0,0,0,0,0,0,0,0,0,0,0,0,0,0,0,0,0,0,100,100
No Match,None,unmatched,64807,10.441,22.713,168.74,496.1129,,,,0,0,0,0,0,0,0,0,0,0,0,0,0,0,0,0,0,0,0,0,0,0,0,0,0,0,0,0,0,0,0,0,3411.1079999999997,0,0,0,0,0,0,0,0,0,100,100
No Match,None,unmatched,21628,9.527,21.548,160.06,496.9348,,,,0,5602.78,0,5332.971,5020.543,0,0,0,0,11235.269,0,0,0,0,0,0,0,0,2203.9519999999998,0,0,2090.519,0,1165.367,0,992.8962,4928.066,0,0,0,0,0,990.9339,0,0,0,0,0,9605.092,0,0,0,100,100
No Match,None,unmatched,1199,11.878,22.176,164.71,496.9658,,,,195199.299,400189.699,166453.09900000002,390352.499,431318.499,40040.999,276186.39900000003,249001.09900000002,207847.999,476098.799,307283.299,216430.499,190750.299,246175.399,90320.319,50367.019,38700.749,31124.999,365617.699,64459.189000000006,98255.769,332557.799,260668.19900000002,363762.099,229568.59900000002,280703.299,503765.299,348095.499,49534.129,42034.359000000004,37392.299000000006,241748.299,356843.299,185437.999,535714.6989999999,40991.189000000006,212989.09900000002,47510.399000000005,400886.199,125475.699,52583.829000000005,17947.179,100,100
No Match,None,unmatched,94010,10.439,6.08,45.63,498.9456,,,,0,0,0,0,0,0,0,0,0,0,0,0,0,0,0,0,0,0,0,0,0,0,0,0,585.3719,0,0,0,0,0,0,0,0,0,0,0,0,0,0,0,0,0,100,100
No Match,None,unmatched,82462,10.455,3.474,26.21,498.9527,,,,0,0,0,0,0,0,0,0,0,0,0,0,1399.0040000000001,0,0,0,0,0,0,0,0,0,0,0,0,0,0,0,0,0,0,0,0,0,0,0,0,0,0,0,0,0,100,100
No Match,None,unmatched,78705,10.449,18.327,136.26,498.9543,,,,0,0,0,0,0,0,0,0,0,0,0,0,0,0,0,0,0,0,1723.223,0,0,0,0,0,0,0,0,0,0,0,0,0,0,0,0,0,0,0,0,0,0,0,100,100
No Match,None,unmatched,82815,12.477,22.433,166.48,498.9702,,,,0,0,0,0,0,0,0,0,0,1372.137,0,0,0,0,0,0,0,0,0,0,0,0,0,0,0,0,0,0,0,0,0,0,0,0,0,0,0,0,0,0,0,0,100,100
No Match,None,unmatched,93481,0.621,24.43,181.42,498.9719,,,,0,0,0,0,0,0,0,0,0,0,0,0,0,0,0,0,0,0,0,0,0,0,0,0,0,0,0,0,0,0,0,0,0,0,0,0,0,0,0,0,0,631.1469000000001,100,100
No Match,None,unmatched,67692,10.139,22.254,165.32,499.0725,,,,0,0,0,0,0,0,0,0,0,0,0,0,0,0,0,0,0,0,0,0,0,0,0,0,0,0,0,0,0,0,0,0,0,0,0,0,0,0,0,0,0,0,100,100
No Match,None,unmatched,87016,14.913,26.39,196.045,499.0851,,,,0,0,0,0,2697.0339999999997,0,0,0,0,0,0,0,0,0,4496.786,0,0,0,0,1265.474,0,0,0,0,956.6134000000001,0,0,0,0,0,0,0,0,0,0,0,0,0,0,0,0,0,100,100
No Match,None,unmatched,3558,10.45,22.749,168.9,499.0867,,,,292930.89900000003,0,241412.799,0,0,0,0,0,0,0,0,282263.699,0,0,170558.499,0,0,0,0,0,0,0,393802.299,0,0,0,0,0,0,0,0,0,0,240627.09900000002,0,0,0,0,0,0,0,0,100,100
No Match,None,unmatched,12580,10.2,22.438,166.32,499.93595,,,,0,0,0,0,0,0,0,0,0,0,0,0,0,0,0,0,0,0,0,0,0,0,0,0,0,0,0,0,0,0,0,0,0,0,0,0,0,0,0,0,0,0,100,100
No Match,None,unmatched,28778,13.226500000000001,19.339,143.68,499.97125,,,,2683.551,0,0,0,0,1598.4750000000001,0,3678.06,2377.718,1182.098,0,2874.8109999999997,3287.363,0,0,1312.388,2232.9159999999997,2415.026,0,1411.622,0,4575.755,0,0,1948.643,0,0,1720.164,1054.816,0,1097.5040000000001,2291.8619999999996,2397.2369999999996,0,697.7864000000001,2941.7439999999997,1320.263,2569.6609999999996,1239.22,0,0,0,100,100
No Match,None,unmatched,6220,13.243,21.718,161.385,499.971,,,,13731.509,13686.779,23269.306,19309.479,17871.879,17877.359,22296.139,25563.599,17138.799,22759.959,17356.639,19193.329,15669.059,10685.109,12033.899,16331.439,23371.789,15800.069,8352.298999999999,7132.866,8365.998,14376.199,8195.249,11580.139,12387.458999999999,11557.458999999999,12054.069,11700.599,13587.279,10791.378999999999,0,17643.05,25416.509,9874.735999999999,13828.455,27684.839,9608.411,13924.919,11970.878999999999,1084.396,18156.449,12703.249,100,100
No Match,None,unmatched,11311,13.2355,20.46,152.115,499.9713,,,,7754.5109999999995,4753.862999999999,0,0,6395.144,5740.688,7744.7029999999995,8214.685,0,6424.331999999999,8089.463,6274.885,6789.375,6905.518,5366.611,6694.596,9984.0734,4823.427,0,5328.708,1486.167,3395.2969999999996,0,3182.445,5459.679,3658.066,4011.5249999999996,3133.951,5512.3189999999995,1891.588,3899.468,0,8241.818,6744.735,6510.206,10745.179,5354.374,2801.0849999999996,5458.237,0,6918.4259999999995,4104.1449999999995,100,100
No Match,None,unmatched,35796,1.7389999999999999,25.984,192.95,500.028,,,,0,0,0,0,0,0,0,0,0,0,0,0,0,0,0,0,0,0,0,0,0,0,0,0,0,0,0,1472.931,0,0,0,0,0,23447.290999999997,0,0,0,0,0,0,0,0,100,100
No Match,None,unmatched,74804,10.449,22.651,168.25,500.0586,,,,0,0,0,0,0,0,0,0,0,0,0,0,0,0,0,0,0,0,0,0,0,0,0,0,0,0,0,0,0,0,0,0,0,0,0,0,0,0,0,0,0,0,100,100
No Match,None,unmatched,30813,10.444,22.692,168.55,500.1084,,,,0,0,0,0,0,0,0,0,0,0,0,0,0,0,0,0,0,0,0,0,0,0,0,0,0,0,0,0,0,0,0,0,0,0,0,0,0,0,0,0,0,0,100,100
No Match,None,unmatched,83131,15.167,27.439,203.67,500.8969,,,,0,0,0,0,0,0,0,0,0,0,0,0,0,0,0,0,0,0,0,0,0,0,0,0,0,0,0,0,0,0,0,0,0,0,0,0,0,0,0,0,1346.398,0,100,100
No Match,None,unmatched,80021,4.004,26.3,195.24,500.982,,,,0,0,0,0,0,0,0,0,0,0,0,0,0,0,0,0,0,0,0,0,0,0,0,0,0,0,0,0,0,0,0,0,0,0,0,0,0,0,0,1606.061,0,0,100,100
No Match,None,unmatched,58747,10.448,22.751,168.82,501.0699,,,,0,0,0,0,0,0,0,0,0,0,0,0,0,4595.67,0,0,0,0,0,0,0,0,0,0,0,0,0,0,0,0,0,0,0,0,0,0,0,0,0,0,0,0,100,100
No Match,None,unmatched,58425,11.707,22.969,170.5,501.9541,,,,0,0,0,0,0,0,0,0,0,0,0,0,0,1992.497,0,0,0,0,0,0,0,0,0,0,0,0,0,0,2676.2309999999998,0,0,0,0,0,0,0,0,0,0,0,0,0,100,100
No Match,None,unmatched,15434,11.706,22.923,170.19,501.9603,,,,0,2272.557,1217.726,0,0,2746.669,2067.9889999999996,2740.046,1393.067,2551.807,4290.769,2896.1139999999996,2763.2969999999996,0,3369.6059999999998,2798.392,1147.989,1371.22,3131.48,5435.324,2505.249,2298.165,1754.65,2592.355,2144.656,0,2957.705,2095.658,0,0,2254.8439999999996,4834.33,3340.5499999999997,0,0,6237.619,5522.9529999999995,4576.035,2891.872,0,5990.420999999999,6371.285,100,100
No Match,None,unmatched,72178,10.455,22.7,168.59,502.0966,,,,0,0,0,0,0,0,0,0,0,0,0,0,0,0,0,0,0,0,0,0,0,0,0,0,0,0,2391.343,0,0,0,0,0,0,0,0,0,0,0,0,0,0,0,100,100
No Match,None,unmatched,5569,10.449,22.751,168.92,502.9424,,,,15240.109,24726.509,0,19111.879,0,12597.449,18235.489,16416.719,11541.079,0,18503.879,17264.999,18621.369,19720.039,17513.999,12818.569,13784.899,18404.839,17343.149,15093.779,14667.779,19777.219,16897.179,20739.039,16167.389,16168.749,31005.119,26487.079,14240.849,17679.789,10079.369,15250.479,27921.709,20430.829,30546.959,17469.739,25062.719,17425.349,29028.809,19729.249,21209.749,18418.269,100,100
No Match,None,unmatched,7674,10.423,24.912,184.88,502.9559,,,,13685.969,17605.289,4260.928,13335.439,27977.168999999998,0,3408.575,6146.538,6718.358,47821.309,17125.679,6849.945,6371.286,9726.339,2431.7259999999997,0,0,0,9969.48,0,4234.758,13600.729,11211.159,15876.349,13045.219,11275.009,24152.369,12900.639,0,0,0,13837.649,19262.209,2551.665,28201.489,0,6259.5869999999995,0,34485.869000000006,931.0427,0,0,100,100
No Match,None,unmatched,10705,10.421,24.262,180.07,502.9565,,,,4743.105,9497.699999999999,2886.502,14999.249,17097.129,0,2424.846,7931.228,0,0,12246.029,5256.105,5737.496999999999,0,0,0,0,0,0,880.5079000000001,807.1877000000001,7705.624,7540.271,17045.589,8920.666,11757.628999999999,23111.129,7948.928,0,0,0,6463.941,0,6851.867,19398.449,0,7900.665,0,0,2924.576,0,0,100,100
No Match,None,unmatched,40146,12.938,25.77,191.24,502.9905,,,,0,0,0,0,0,0,2367.254,878.3573,0,0,0,0,0,874.9754,0,0,0,0,0,1023.109,0,0,1470.588,0,0,0,0,0,0,1174.523,0,0,2075.6229999999996,0,0,0,0,0,2009.655,642.4583,0,0,100,100
No Match,None,unmatched,29991,9.482,24.086,178.81,502.9977,,,,0,0,0,0,0,0,0,0,0,0,1926.637,0,0,2121.9539999999997,0,1057.9660000000001,0,1108.785,0,0,1216.823,0,1054.642,3675.1259999999997,0,0,0,0,0,1476.444,2375.2619999999997,0,0,0,2830.057,2164.444,1158.479,0,0,1153.617,1092.453,0,100,100
No Match,None,unmatched,39250,0.602,27.196,201.695,504.09225,,,,0,0,0,0,0,0,0,0,2356.23,0,0,0,665.9757000000001,0,0,706.3232,0,0,2558.4206000000004,0,0,0,1707.772,0,0,0,1325.394,1446.455,0,0,0,1699.663,0,0,0,2635.86,0,0,0,0,0,1346.001,100,100
No Match,None,unmatched,4222,11.705,22.929,170.21,504.9692,,,,17864.859,16283.809,25605.359,23911.519,22913.479,22654.869,20720.129,22216.659,23193.329,26538.299,27943.189,33000.389,28040.418999999998,34170.999,23110.779,20801.109,27392.918999999998,24544.379,23113.939,26345.418999999998,25927.759,20526.129,26025.859,28708.609,34093.559,20722.569,24450.769,31583.229,28543.969,27827.339,26022.509,27066.369,45139.499,34991.259000000005,36887.919,41335.22900000001,39422.439000000006,37183.72900000001,32573.749,37431.649000000005,45488.149000000005,39498.999,100,100
No Match,None,unmatched,52699,11.627,24.784,183.89,505.1064,,,,0,0,1406.305,0,1492.58,0,0,1079.805,0,0,0,0,0,0,0,0,0,0,0,0,0,0,0,0,851.3058,0,0,0,0,0,0,0,0,0,0,0,0,0,0,1418.707,0,0,100,100
No Match,None,unmatched,2786,10.45,22.756,168.92,505.9534,,,,42783.40900000001,52359.499,55415.009000000005,49736.889,54154.749,54823.799000000006,50355.22900000001,40959.22900000001,48123.239,56906.179000000004,51781.719000000005,61966.859000000004,50956.049000000006,62792.759000000005,51261.469000000005,55076.059,52012.129,52822.779,52206.949,60418.089,56732.679000000004,50172.97900000001,60125.549000000006,53428.379,52683.679000000004,55078.199,63977.369000000006,73329.11899999999,63892.549000000006,63516.22900000001,46924.969000000005,59932.189000000006,71901.629,69871.249,74155.459,77503.079,75900.809,73306.379,64633.879,57369.109000000004,71803.019,69424.529,100,100
No Match,None,unmatched,42811,11.705,22.928,170.19,506.1151,,,,0,0,0,0,0,0,0,0,0,0,0,0,0,0,0,0,0,0,0,0,0,0,0,0,0,0,0,0,0,0,0,0,0,0,0,0,0,0,0,0,0,0,100,100
No Match,None,unmatched,82116,12.434,27.699,205.53,506.9986,,,,0,0,0,0,0,0,0,0,0,0,0,0,0,0,0,0,0,0,0,0,0,0,1426.702,0,0,0,0,0,0,0,0,0,0,0,0,0,0,0,0,0,0,0,100,100
No Match,None,unmatched,63772,13.220400000000001,27.458,204.394,507.03177999999997,,,,0,0,0,0,0,0,0,0,0,0,0,0,0,0,0,0,0,0,0,0,0,0,51661.1134,0,0,0,0,0,0,0,0,0,0,0,0,0,0,0,0,0,0,0,100,100
No Match,None,unmatched,23908,3.998,27.65,205.11,507.0836,,,,1824.4750000000001,0,0,0,0,3207.0409999999997,1793.953,1073.863,1685.511,0,1427.731,5220.023999999999,0,0,0,1800.575,0,2551.5229999999997,2396.4869999999996,1959.509,0,0,0,1141.133,0,0,1444.4080000000001,0,3064.0789999999997,591.587,1388.112,1383.205,552.58,0,0,0,0,2383.7909999999997,1089.953,0,1683.263,0,100,100
No Match,None,unmatched,23850,10.448,22.72,168.7,507.1066,,,,0,0,0,0,0,0,0,0,0,0,0,0,0,0,0,0,0,0,0,0,0,0,0,0,0,0,0,0,0,0,0,0,0,0,0,0,0,0,0,0,0,0,100,100
No Match,None,unmatched,18046,11.705,22.938,170.3,507.9708,,,,0,0,0,0,0,0,0,0,0,0,0,0,0,0,30428.139,0,0,0,0,0,0,0,0,0,0,0,0,0,0,0,41915.97900000001,0,0,0,0,0,0,0,0,0,0,0,100,100
No Match,None,unmatched,76800,10.448,22.748,168.89,508.0145,,,,0,0,0,0,0,0,0,0,0,0,0,0,0,0,0,0,0,0,0,0,0,0,0,0,0,0,0,0,0,0,0,0,0,0,0,0,0,0,0,0,0,0,100,100
No Match,None,unmatched,77373,10.442,22.72,168.69,508.0455,,,,0,0,0,0,0,0,0,0,0,0,0,0,0,0,0,0,0,0,0,0,0,0,0,0,0,0,0,0,0,0,0,0,0,0,0,0,0,0,0,0,0,0,100,100
No Match,None,unmatched,2658,11.181,24.211,179.65,508.9624,,,,28340.269,67132.159,36394.869000000006,42187.629,50887.789000000004,34833.759000000005,30923.729,33079.459,28670.909,29775.559,64952.209,40922.339,42257.919,42946.15900000001,60723.139,54165.469000000005,54690.709,55945.309,55867.299000000006,60778.829000000005,78924.58899999999,51547.949,79064.28899999999,73916.819,77282.769,97409.459,75031.739,83425.61899999999,65254.889,81853.379,56558.359000000004,68627.389,77290.769,85211.449,94404.17899999999,122177.599,80964.47899999999,73917.969,72796.03899999999,68473.72899999999,68838.909,85152.859,100,100
No Match,None,unmatched,77852,10.941,26.911,199.51,509.0167,,,,0,0,1394.997,0,0,0,0,0,0,0,0,0,0,0,0,0,0,0,0,0,0,0,0,0,0,0,0,0,0,0,0,0,0,0,0,0,0,0,0,0,0,0,100,100
No Match,None,unmatched,86311,11.178,24.032,178.37,509.9683,,,,0,0,0,0,0,0,0,0,0,0,0,0,0,0,0,0,0,0,0,0,0,0,0,0,0,0,0,0,0,0,0,0,0,0,0,0,0,0,0,0,0,0,100,100
No Match,None,unmatched,88006,11.205,24.185,179.5,510.9601,,,,0,0,0,0,0,0,0,0,0,0,0,0,0,0,0,0,0,0,0,0,0,0,0,0,0,0,0,0,0,0,0,0,0,0,0,0,0,0,0,0,0,0,100,100
No Match,None,unmatched,90830,3.466,27.247,202.12,513.0426,,,,0,0,0,0,0,0,0,0,0,0,0,0,0,0,0,0,0,0,0,0,0,816.3859,0,0,0,0,0,0,0,0,0,0,0,0,0,0,0,0,0,0,0,0,100,100
No Match,None,unmatched,80823,0.51,24.82,184.16,514.9446,,,,0,0,0,0,0,0,0,0,0,0,0,0,0,0,0,0,0,0,0,0,0,0,0,0,0,0,0,0,0,0,0,0,0,0,0,0,0,0,0,0,0,1535.771,100,100
No Match,None,unmatched,67895,8.141,27.968,207.43,515.0188,,,,0,0,0,0,0,0,0,0,0,0,0,0,0,0,0,0,0,0,2945.979,0,0,0,0,0,0,0,0,0,0,0,0,0,0,0,0,0,0,0,0,0,0,0,100,100
No Match,None,unmatched,93913,11.526,23.43,173.87,515.9851,,,,0,0,0,0,0,0,0,0,0,0,0,0,0,0,0,0,0,0,0,0,0,0,0,0,0,0,0,0,0,0,0,0,0,0,0,0,0,0,0,0,0,0,100,100
No Match,None,unmatched,88369,9.669,26.337,195.35,516.9542,,,,0,0,0,0,0,0,0,0,0,0,0,0,0,0,0,0,0,0,0,0,0,0,0,0,0,0,0,0,0,970.5689,0,0,0,0,0,0,0,0,0,0,0,0,100,100
No Match,None,unmatched,49901,12.65,22.495,166.91,516.9561,,,,0,0,0,0,0,0,0,0,0,1990.9270000000001,0,0,0,0,0,0,0,0,0,0,0,0,0,0,0,0,1226.5140000000001,0,0,0,0,0,0,0,2128.417,0,0,0,1902.474,0,0,0,100,100
No Match,None,unmatched,76211,11.869,22.164,164.34,517.0829,,,,0,0,0,1959.259,0,0,0,0,0,0,0,0,0,0,0,0,0,0,0,0,0,0,0,0,0,0,0,0,0,0,0,0,0,0,0,0,0,0,0,0,0,0,100,100
No Match,None,unmatched,19215,2.835,27.079,201.255,518.0787,,,,6278.33,0,1776.077,3587.7459999999996,0,0,0,2838.35,5476.941,3037.6009999999997,0,0,4841.562,3967.0829999999996,0,0,0,0,1151.006,2464.45,0,2121.842,0,0,0,5809.026,0,0,5825.227,0,0,0,0,0,8500.472,0,0,2413.9759999999997,3318.0359999999996,1249.961,0,0,100,100
No Match,None,unmatched,80624,11.875,9.352,69.78,518.9545,,,,0,0,0,0,0,0,0,0,0,0,0,0,0,0,0,0,0,0,0,0,0,0,0,0,1552.981,0,0,0,0,0,0,0,0,0,0,0,0,0,0,0,0,0,100,100
No Match,None,unmatched,71132,11.876,7.898,59.02,518.9586,,,,0,0,0,0,0,0,0,0,0,0,0,0,0,0,0,0,0,0,0,0,0,2513.879,0,0,0,0,0,0,0,0,0,0,0,0,0,0,0,0,0,0,0,0,100,100
No Match,None,unmatched,70720,11.874,11.34,84.32,518.9615,,,,0,0,0,0,1177.383,0,0,1385.98,0,0,0,0,0,0,0,0,0,0,0,0,0,0,0,0,0,0,0,0,0,0,0,0,0,0,0,0,0,0,0,0,0,0,100,100
No Match,None,unmatched,83769,11.882,7.552,56.46,518.962,,,,0,0,0,0,0,0,0,0,0,0,0,0,0,0,0,0,0,0,0,0,0,0,0,0,0,0,0,0,0,0,0,0,0,0,1293.939,0,0,0,0,0,0,0,100,100
No Match,None,unmatched,538,11.858,24.714,183.27,518.9621,,,,0,3757591.999,0,3678799.999,4437862.999,0,0,0,0,4461560.999,0,0,0,0,0,0,0,0,0,0,0,3390692.999,0,0,0,0,4916343.999,3640534.999,0,0,0,0,0,0,44389.129,0,0,0,4148387.999,0,0,0,100,100
No Match,None,unmatched,89450,11.931,9.822,73.11,518.9625,,,,0,0,0,0,0,0,0,0,901.2416000000001,0,0,0,0,0,0,0,0,0,0,0,0,0,0,0,0,0,0,0,0,0,0,0,0,0,0,0,0,0,0,0,0,0,100,100
No Match,None,unmatched,86719,11.8714,27.122,196.848,518.96762,,,,0,3418.609,0,8717.198,5819.246999999999,0,715.2057,628.4436000000001,3066.386,7099.514,3238.2345,0,0,0,0,0,0,0,1526.326,0,0,0,0,3445.2419999999997,0,2429.5499999999997,8629.907,3130.578,0,0,0,0,5084.695,3598.057,4459.1939999999995,0,804.1696000000001,0,10585.969,0,0,0,100,100
No Match,None,unmatched,87859,11.9,22.987,170.57,518.9637,,,,0,0,0,0,0,0,0,0,0,0,0,0,0,0,0,0,0,0,0,0,0,0,0,0,0,1001.7620000000001,0,0,0,0,0,0,0,0,0,0,0,0,0,0,0,0,100,100
No Match,None,unmatched,93728,11.82,9.343,69.57,518.9652,,,,0,611.7949,0,0,0,0,0,0,0,0,0,0,0,0,0,0,0,0,0,0,0,0,0,0,0,0,0,0,0,0,0,0,0,0,0,0,0,0,0,0,0,0,100,100
No Match,None,unmatched,94166,11.8765,0.186,44.53,518.9653,,,,0,0,0,0,0,0,0,0,0,0,0,571.6354,0,0,0,0,0,0,0,0,0,0,0,0,0,0,0,1048.602,0,0,0,0,0,0,0,0,0,0,0,0,0,0,100,100
No Match,None,unmatched,89541,11.861,11.053,82.35,518.9656,,,,0,0,0,0,0,0,0,0,0,0,0,0,0,0,0,0,0,0,0,0,0,0,0,895.604,0,0,0,0,0,0,0,0,0,0,0,0,0,0,0,0,0,0,100,100
No Match,None,unmatched,343,11.751666666666667,24.709,176.75333333333333,518.9676,,,,2182587.977,307370.39900000003,1946741.7110000001,257494.799,415441.299,572831.464,2756173.3869999996,2703414.1369999996,2345293.827,447813.39900000003,3241487.347,2295083.457,2143309.617,2707746.537,1364627.337,722386.9319999999,618725.841,516674.91099999996,4145296.3469999996,989018.437,1435903.3370000003,266919.89900000003,2797408.797,3949750.857,2563933.587,2956878.377,488857.699,309316.39900000003,886707.1669999999,709472.26,534246.358,2647953.037,3646744.867,1958295.477,5483957.098,635988.115,2404076.5439999998,646900.6630000001,338970.099,1536095.5929999999,721476.1969999999,297975.74330000003,100,100
No Match,None,unmatched,41035,11.8875,31.811,206.14999999999998,518.9682,,,,0,2720.9649999999997,0,0,3538.234,0,1237.8790000000001,0,0,0,0,0,0,0,0,0,0,0,1468.321,0,0,0,0,4247.632,0,0,0,660.5395,0,0,0,0,0,0,0,0,0,0,1273.8600000000001,0,0,0,100,100
No Match,None,unmatched,86513,11.894,5.51,41.37,518.9688,,,,0,0,0,0,0,0,0,0,0,0,0,0,0,0,0,0,0,0,1092.032,0,0,0,0,0,0,0,0,0,0,0,0,0,0,0,0,0,0,0,0,0,0,0,100,100
No Match,None,unmatched,74135,11.895,12.269,91.19,518.9689,,,,0,0,0,0,2173.2659999999996,0,0,0,0,0,0,0,0,0,0,0,0,0,0,0,0,0,0,0,0,0,0,0,0,0,0,0,0,0,0,0,0,0,0,0,0,0,100,100
No Match,None,unmatched,94938,11.8835,16.291,192.915,518.9714,,,,0,0,0,0,0,0,0,0,0,0,0,0,0,0,0,0,0,0,0,0,0,0,0,0,0,0,0,0,0,0,0,0,0,0,0,0,0,0,0,934.0840000000001,0,0,100,100
No Match,None,unmatched,85184,11.875499999999999,1.557,114.245,518.9729,,,,735.7774000000001,0,0,4440.589,1187.365,0,0,0,0,2206.638,0,0,0,0,0,0,0,0,0,0,0,0,0,0,0,0,1893.3700000000001,984.6852,0,0,0,0,0,0,0,0,0,953.9854,0,0,0,0,100,100
No Match,None,unmatched,86820,11.866,5.51,41.37,518.977,,,,0,0,0,0,0,0,0,0,0,0,0,0,0,0,0,0,0,0,0,0,0,0,0,0,0,0,0,0,0,0,0,0,1071.325,0,0,0,0,0,0,0,0,0,100,100
No Match,None,unmatched,96091,11.928,17.728,131.69,518.9935,,,,0,0,0,0,0,0,0,0,0,0,0,0,0,0,0,0,0,0,0,0,0,0,0,0,0,0,0,0,0,0,0,0,0,0,0,0,0,0,0,0,0,0,100,100
No Match,None,unmatched,76242,11.88,24.712,183.32,519.1069,,,,0,0,0,0,0,0,0,0,0,0,0,0,0,0,0,0,0,0,0,0,0,0,0,0,0,0,0,0,0,0,0,0,0,0,0,0,0,0,0,0,0,0,100,100
No Match,None,unmatched,11175,11.877,24.761,183.63,519.1155,,,,0,0,0,0,0,0,0,0,0,0,0,0,0,0,0,0,0,0,0,0,0,0,0,0,0,0,112332.599,0,0,0,0,0,0,0,0,0,0,0,0,0,0,0,100,100
No Match,None,unmatched,88572,11.87,10.781,80.33,519.9747,,,,0,0,0,0,0,0,0,0,0,0,0,0,0,0,0,0,0,0,0,0,0,0,0,0,0,0,0,957.2062,0,0,0,0,0,0,0,0,0,0,0,0,0,0,100,100
No Match,None,unmatched,80145,11.876,24.725,183.24,520.0889,,,,0,0,0,0,0,0,0,0,0,0,0,0,0,0,0,0,0,0,0,0,0,0,0,0,0,0,0,0,0,0,0,0,0,0,0,0,0,0,0,0,0,0,100,100
No Match,None,unmatched,62559,11.903,24.695,183.18,520.9735,,,,0,0,0,0,0,0,0,0,0,0,0,0,0,0,0,0,0,0,0,0,0,0,0,3819.6679999999997,0,0,0,0,0,0,0,0,0,0,0,0,0,0,0,0,0,0,100,100
No Match,None,unmatched,37679,11.877,22.111,164.02,521.0589,,,,2093.548,0,0,0,0,0,0,0,0,0,0,0,0,0,0,0,0,0,0,0,0,0,6286.0109999999995,0,0,0,0,0,0,0,0,6143.937,0,0,0,0,0,0,0,0,0,0,100,100
No Match,None,unmatched,49480,11.877,22.117,164.04,521.08,,,,0,0,0,5325.427,0,0,0,0,0,0,0,0,0,0,0,0,0,0,0,0,0,0,0,0,0,0,0,0,0,0,0,0,0,0,0,0,2093.3559999999998,0,0,0,0,0,100,100
No Match,None,unmatched,54865,11.884,22.116,163.95,521.0884,,,,0,0,0,0,0,0,0,0,5595.324,0,0,0,0,0,0,0,0,0,0,0,0,0,0,0,0,0,0,0,0,0,0,0,0,0,0,0,0,0,0,0,0,0,100,100
No Match,None,unmatched,59430,11.874,22.062,163.72,521.0962,,,,0,0,0,0,0,0,0,0,0,0,0,0,0,0,0,0,0,0,0,0,0,0,0,0,0,0,0,0,0,0,0,4450.246999999999,0,0,0,0,0,0,0,0,0,0,100,100
No Match,None,unmatched,78732,11.879,22.126,164.02,521.9117,,,,0,0,0,1720.0520000000001,0,0,0,0,0,0,0,0,0,0,0,0,0,0,0,0,0,0,0,0,0,0,0,0,0,0,0,0,0,0,0,0,0,0,0,0,0,0,100,100
No Match,None,unmatched,72269,1.717,26.348,196.075,522.0113,,,,0,0,0,0,0,0,0,0,0,0,0,0,0,0,0,0,0,0,0,0,0,0,0,0,0,0,0,0,0,0,0,0,0,3773.0339999999997,0,0,0,0,0,0,0,0,100,100
No Match,None,unmatched,33687,3.988,26.597,196.635,522.9579,,,,4262.544,0,0,2764.3709999999996,0,0,3942.3223,0,0,0,0,0,2146.618,0,0,0,0,0,0,0,0,3887.017,0,0,0,0,0,0,0,0,0,0,0,0,0,0,2351.191,0,0,0,0,0,100,100
No Match,None,unmatched,90677,7.953,21.868,162.26,522.9649,,,,0,0,0,0,0,0,0,0,0,0,0,0,0,0,0,0,0,0,0,0,0,0,0,0,0,0,0,0,0,0,0,0,0,0,0,825.4662000000001,0,0,0,0,0,0,100,100
No Match,None,unmatched,78114,12.877,22.97,170.4,523.9756,,,,0,0,0,0,0,0,0,0,0,0,0,0,0,0,0,0,0,0,0,0,0,0,0,0,0,0,0,0,0,0,0,0,0,0,0,0,0,0,1778.633,0,0,0,100,100
No Match,None,unmatched,39822,11.879,22.141,164.24,523.9843,,,,0,0,733.3541,0,0,0,0,0,0,0,0,0,0,915.4837,0,0,0,0,0,0,622.7105,0,0,0,0,0,1672.959,1832.994,0,830.9033000000001,0,0,0,0,0,2031.748,0,0,2781.9889999999996,1324.426,0,0,100,100
No Match,None,unmatched,85096,11.875,22.103,164,523.9945,,,,0,0,0,0,0,0,0,0,0,0,0,0,0,0,0,0,0,0,0,0,0,0,0,0,0,0,0,0,0,0,0,0,1194.137,0,0,0,0,0,0,0,0,0,100,100
No Match,None,unmatched,95658,13.7,22.36,165.89,524.9619,,,,0,0,0,0,0,0,0,0,0,0,0,0,0,0,0,0,0,0,0,0,0,0,0,0,0,0,0,0,0,0,0,0,0,0,0,0,0,0,0,0,0,0,100,100
No Match,None,unmatched,12716,13.5735,21.029,156.04500000000002,524.9691499999999,,,,2973.459,6064.512,6247.014999999999,4828.728,7403.349999999999,0,6178.761,5425.706999999999,2336.4689999999996,1536.6100000000001,0,6065.888,1893.574,1034.111,7530.428,7559.014999999999,4605.295999999999,3580.057,2261.6409999999996,1100.204,5070.683,5313.1004,6875.702,4281.1042,1369.323,0,4640.771,5280.7,0,938.4724,2741.8575,6795.2029999999995,3638.54,4184.5019999999995,0,1590.363,1670.584,4471.4243,6748.6669999999995,3358.7149999999997,4063.716,6338.643,100,100
No Match,None,unmatched,5808,13.627333333333333,22.311,165.51333333333335,524.9695666666667,,,,8836.507,16892.779,15323.548999999999,12165.689,9766.1453,5144.892,17335.246,17674.482,13250.139,10887.735999999999,12969.7756,18650.119,10779.669,20000.999,25817.868000000002,23516.539,22551.384,25822.6705,1802.23,27714.713,17145.001,17310.115799999996,26189.899,16931.868,16777.47,16046.719,23933.959,23644.618,19411.929,18173.3083,13010.721999999998,21627.279,23090.483,28651.989,12507.199,40540.289000000004,18655.069,13393.355,19621.704,18326.0568,25717.149,23306.499,100,100
No Match,None,unmatched,65172,13.5595,19.862,147.475,524.9702,,,,0,0,0,0,0,0,0,0,0,0,0,0,0,2484.138,1186.391,2539.937,0,0,0,0,0,0,0,0,0,0,0,0,0,0,0,0,802.3455,2010.347,0,3996.388,0,0,0,0,1023.297,1327.7740000000001,100,100
No Match,None,unmatched,77513,11.876,22.154,164.36,525.0886,,,,0,0,0,0,0,0,0,0,0,0,0,0,0,0,0,0,0,0,0,0,0,0,0,0,0,0,0,0,0,0,0,0,0,0,0,0,0,0,0,0,0,0,100,100
No Match,None,unmatched,83585,11.706,25.093,185.91,525.1053,,,,0,0,834.8423,0,0,0,0,0,0,0,0,0,0,0,0,0,0,0,0,0,0,0,0,0,0,0,0,0,0,0,0,0,0,0,0,0,0,0,0,0,0,0,100,100
No Match,None,unmatched,36194,11.5855,25.083,186.10000000000002,525.1122,,,,0,9005.445,11159.579,10260.189,8835.869,11686.215100000001,9415.484,2957.0539999999996,0,7554.517,9609.108,8722.054,3971.301,11425.029,13852.548999999999,12875.909,0,11461.167000000001,8581.542,13299.048999999999,9864.339,13731.349,10315.958999999999,14093.249,0,0,9671.653199999999,10160.529,14892.619,7303.494199999999,0,10271.589,0,13289.536,0,24292,13011.139,6393.5803,9285.197,0,631.1036,0,100,100
No Match,None,unmatched,82233,6.531,26.279,194.83,526.8905,,,,0,0,0,0,0,0,0,0,0,0,0,0,0,0,0,0,0,0,0,0,0,0,0,0,0,0,0,0,0,0,0,0,0,0,1417.498,0,0,0,0,0,0,0,100,100
No Match,None,unmatched,13438,11.18,25.169,186.57,527.9667,,,,1977.2350000000001,2683.095,0,0,2197.321,1426.701,0,2419.7259999999997,1424.436,0,0,1474.411,2075.482,777.9594000000001,0,0,0,0,3900.4219999999996,4253.357,8876.35,3503.765,3867.553,3307.629,3816.133,8260.937,0,4852.130999999999,4059.8349999999996,5685.263,1601.692,3046.9649999999997,7984.4439999999995,6917.584,4988.193,10878.979,7573.561,2047.585,5507.1539999999995,2786.519,5284.383,4059.254,100,100
No Match,None,unmatched,83407,7.603,26.241,194.53,528.961,,,,0,0,0,0,0,0,0,0,0,0,0,0,0,0,0,0,0,0,1322.852,0,0,0,0,0,0,0,0,0,0,0,0,0,0,0,0,0,0,0,0,0,0,0,100,100
No Match,None,unmatched,86227,11.201,26.506,196.49,528.9688,,,,0,0,0,0,0,0,0,0,0,0,0,0,0,0,0,0,0,0,0,0,0,0,0,0,0,0,0,0,0,0,0,0,0,0,0,0,0,1110.664,0,0,0,0,100,100
No Match,None,unmatched,87171,11.1845,12.817,140.94,528.9689,,,,715491.1989999999,1430697.999,845119.799,978409.399,992920.899,877910.5989999999,795237.299,754081.6989999999,690301.5989999999,753453.6989999999,1355648.999,1036186.999,946143.5989999999,1019994.999,1351829.999,1211863.999,1196468.999,1207174.999,1365396.999,1503657.999,1803488.999,1245086.999,1873532.999,1583431.999,1713756.999,2056422.999,1721862.999,1895090.999,1469350.999,1809192.999,1157754.1630000002,1402291.999,1748739.999,1917283.999,2148352.999,2658281.999,1970957.999,1753573.999,1550988.999,1577352.999,1559175.999,1987456.999,100,100
No Match,None,unmatched,93345,13.276,28.238,209.28,529.8955,,,,0,0,0,0,0,0,0,0,0,0,0,0,0,0,0,0,0,0,0,0,0,0,0,642.8396,0,0,0,0,0,0,0,0,0,0,0,0,0,0,0,0,0,0,100,100
No Match,None,unmatched,9783,11.648,22.414,166.16,530.9566,,,,4168.7789999999995,19896.589,0,11755.208999999999,13257.409,0,3945.145,8138.53,2874.294,29047.569,9678.538,7421.637,0,6488.132,0,0,0,0,10765.519,0,0,5593.581999999999,6853.822,10286.119,0,10140.939,17894.519,11209.359,0,0,0,10169.859,9859.385,0,16992.679,0,4870.29,0,19872.809,1988.7930000000001,0,0,100,100
No Match,None,unmatched,59929,13.161,23.227,172.16,530.9583,,,,0,0,0,0,2759.544,0,0,0,0,0,0,0,0,0,0,0,0,0,0,0,0,0,0,0,0,0,0,0,0,0,0,0,0,0,0,0,0,0,0,1584.163,0,0,100,100
No Match,None,unmatched,84065,12.455636363636364,23.276,168.71636363636364,530.9672909090909,,,,23887.295000000002,36905.678,25300.882999999998,42726.446,44523.958,14070.670999999998,12508.708999999999,34229.458,23875.636,137192.738,39663.9882,17796.178,185334.63650000002,30859.05,24838.076,16322.525999999998,10127.056999999999,709.9044,38668.754499999995,16293.3355,17067.709,26635.2122,34676.023499999996,29466.798,25698.597999999998,31857.478,15142.219,43781.2907,18032.171000000002,17034.58,15629.902899999997,26269.076999999997,48824.0262,28796.952999999998,55083.128,34260.179000000004,29138.467,16422.368,25822.619,18702.119,16275.092,12756.219,100,100
No Match,None,unmatched,58104,14.678999999999998,22.348,165.33625,530.967875,,,,1806.513,1048.127,18551.427,2005.3881000000001,4958.299999999999,6333.073,3075.04,5268.743,9826.551899999999,5240.254999999999,1280.151,3526.6889999999994,15423.796999999999,13092.428000000002,14454.405999999999,3818.028,9529.328,5165.598,11187.4344,11327.894999999999,1450.1383,19738.564599999998,3064.322,1922.1079,1403.14,1191.607,849.74,9774,11471.486,7593.049999999999,7381.901,0,3067.4628999999995,2775.845,7848.378999999999,688.1134000000001,16200.749,4048.566,8587.496,8798.0538,1530.0681,0,100,100
No Match,None,unmatched,94795,11.634,21.745,161.13,530.964,,,,0,0,0,0,0,0,0,0,0,511.9331,0,0,0,0,0,0,0,0,0,0,0,0,0,0,0,0,0,0,0,0,0,0,0,0,0,0,0,0,0,0,0,0,100,100
No Match,None,unmatched,57018,11.879,22.368,165.82,530.965,,,,0,0,0,0,0,0,0,0,0,0,0,0,4176.41,0,0,0,832.9922,0,0,0,0,0,0,0,0,0,0,0,0,0,0,0,0,0,0,0,0,0,0,0,0,0,100,100
No Match,None,unmatched,59995,14.55585714285714,23.182,172.13285714285715,530.9693285714285,,,,0,0,0,0,955.0826000000001,1229.34,759.0051,584.5195,0,0,0,0,15414.689999999999,0,2784.908,0,0,0,4624.729600000001,0,0,898.7176000000001,0,0,0,0,0,0,0,0,0,0,907.5887,1721.547,1101.058,0,0,0,0,0,0,1198.805,100,100
No Match,None,unmatched,67037,13.298666666666668,22.439,165.2583333333333,530.9673666666666,,,,0,66968.109,2311.4318000000003,72122.004,4036.8979999999997,4179.486999999999,68969.613,0,52250.388000000006,277990.499,79538.1939,55729.439000000006,430733.748,52344.588,7600.879,0,48607.22900000001,0,58953.69500000001,51272.296,2032.6277,62500,53735.297000000006,59066.47600000001,0,0,3802.355,62060.699,49568.942,2797.745,39296.9398,2767.527,57839.87900000001,55999.04400000001,81618.50899999999,124445.871,57629.186,0,6221.717,50024.157,0,0,100,100
No Match,None,unmatched,49415,12.948,24.622,182.44,530.9666,,,,0,0,0,541.7256,1262.2450000000001,0,0,0,0,1276.232,0,0,0,683.0343,0,0,0,0,0,0,0,0,0,0,1054.093,0,0,2628.334,0,0,0,0,0,0,0,0,0,0,0,0,0,0,100,100
No Match,None,unmatched,4985,13.122,22.239,165.6,530.9679,,,,53966.029,0,58644.95960000001,0,58814.709,42457.819,0,59186.359000000004,0,0,0,0,60962.089,0,46650.4995,22881.889,0,44638.369000000006,0,0,44660.209,1025.888,0,706.1898,22796.329,55245.669,60234.069,673.3615,835.9447,47378.149000000005,783.9261,47100.749,0,0,0,0,0,44656.524300000005,50210.629,0,29183.189,45335.819,100,100
No Match,None,unmatched,38806,12.5405,22.324,161.9625,530.9687,,,,1205.577,981.1965,0,0,927.0597,1043.853,0,0,0,0,0,1044.457,0,0,1162.035,15649.3546,1168.1770000000001,0,0,0,731.7446,1247.785,912.951,613.9581000000001,22059.099,1866.2075,0,0,1877.3477,1138.82,0,0,949.1800000000001,0,909.4796,3928.7833,0,1173.48,0,880.609,0,0,100,100
No Match,None,unmatched,74049,11.901499999999999,22.435,165.04500000000002,530.969,,,,0,0,0,0,0,0,0,0,0,0,614.4959,0,0,0,0,0,0,0,0,0,0,0,616.0913,0,0,0,0,0,0,0,0,0,0,0,0,947.0014,0,0,0,0,0,0,100,100
No Match,None,unmatched,74000,13.917,22.282,165.26,530.9701,,,,0,0,0,0,0,0,0,0,0,0,0,0,0,0,0,0,0,0,1266.144,0,0,0,0,0,0,0,0,0,0,0,0,0,0,0,0,0,0,0,0,0,0,0,100,100
No Match,None,unmatched,68682,10.922,23.046,170.75,531.04,,,,0,0,0,0,0,0,0,0,0,0,0,0,0,0,0,0,0,0,0,0,0,0,0,0,0,0,0,0,0,0,0,0,0,0,0,0,0,0,0,0,0,0,100,100
No Match,None,unmatched,75533,10.928,23.025,170.59,531.0739,,,,0,0,0,0,0,0,0,0,0,0,0,0,0,0,0,0,0,0,0,0,0,0,0,0,0,0,0,0,0,0,0,0,0,0,0,0,0,0,0,0,0,0,100,100
No Match,None,unmatched,73255,12.283,25.764,190.98,531.9038,,,,0,0,0,0,0,0,0,0,0,0,0,0,0,0,0,0,0,0,0,0,0,0,0,0,0,0,0,0,0,0,0,0,2268.203,0,0,0,0,0,0,0,0,0,100,100
No Match,None,unmatched,54352,11.221,22.352,165.69,531.9709,,,,0,0,0,0,1617.702,0,0,0,0,0,0,0,0,0,0,0,0,1329.247,0,0,0,0,0,0,0,1956.137,0,0,0,0,0,0,0,0,0,0,0,0,0,0,0,0,100,100
No Match,None,unmatched,26199,10.923,23.047,170.9,532.8935,,,,0,0,0,0,0,0,0,0,0,0,0,0,0,0,0,0,18432.189,11080.869,0,0,0,0,0,0,0,0,0,0,0,0,0,0,0,0,0,0,0,0,0,0,0,3082.508,100,100
No Match,None,unmatched,76393,11.281272727272727,27.071,200.6918181818182,532.9836090909091,,,,1806.2623,1626.032,6416.874,0,4998.88,4501.8695,6933.1436,637.1219,757.977,3824.151,6977.0766,7796.1644,4209.454,5156.0499,3870.4987,2380.1907,5808.2186,2172.6977,10099.2123,7754.382500000001,7742.6134,12768.028699999999,3585.6989999999996,0,2074.216,0,1293.883,4224.728999999999,4434.576300000001,3565.7752,5734.863,2353.446,0,0,3182.115,1918.759,0,3859.7261,11346.047499999999,5559.441,0,1302.0330000000001,100,100
No Match,None,unmatched,63927,10.097874999999998,27.05,200.735,532.984425,,,,3142.7468999999996,0,4090.4174,1365.978,10501.925299999999,4207.974999999999,3226.1246,0,1312.3564000000001,4670.4683,1585.734,3216.1938,0,4726.9746,4747.275,1591.189,6100.3756,2818.4210000000003,9857.946799999998,4562.837799999999,6505.8899,8259.007699999998,0,2346.194,884.0247,573.8832,0,6782.777999999999,1862.761,6983.4419,3722.1133,2563.824,2961.5153,1867.858,1958.8931,4059.7765,3167.9449999999997,5956.974,5335.7863,5088.787,0,683.5683,100,100
No Match,None,unmatched,86040,5.812,27.125,201.03,532.9835,,,,0,0,0,0,0,0,0,0,0,0,0,0,0,0,0,0,0,0,0,0,0,0,0,0,0,0,0,0,0,0,0,0,0,0,624.2935,0,0,0,0,0,0,0,100,100
No Match,None,unmatched,72644,7.662,27.097,200.81,532.9858,,,,0,0,0,0,0,0,0,0,0,0,0,0,0,0,0,0,0,0,0,721.5724,0,0,0,0,0,0,0,0,0,1617.861,0,0,0,0,0,0,0,0,0,0,0,0,100,100
No Match,None,unmatched,73258,11.873,24.151,178.97,533.0074,,,,0,0,0,0,0,0,0,0,0,0,0,1777.678,0,0,0,0,0,0,0,0,0,0,0,0,0,0,0,0,0,0,0,0,0,0,0,0,0,0,0,0,0,0,100,100
No Match,None,unmatched,76764,12.378,26.054,193.1,533.9483,,,,0,0,0,0,0,0,0,0,0,0,0,0,0,0,0,0,0,0,0,0,0,0,0,0,0,0,0,0,0,0,0,0,0,0,1903.633,0,0,0,0,0,0,0,100,100
No Match,None,unmatched,64286,0.517,28.21,209.02,535.1127,,,,0,0,0,0,0,0,0,0,0,0,0,0,0,0,0,0,0,0,0,0,0,0,0,0,0,0,0,0,0,0,0,0,0,0,0,0,2059.548,0,0,1442.51,0,0,100,100
No Match,None,unmatched,33246,3.486,28.354,210,535.1169,,,,1382.8790000000001,0,0,2577.089,0,0,0,0,1334.565,0,0,0,2924.0069999999996,0,0,0,0,0,0,0,0,2258.1749999999997,0,0,0,0,0,0,0,0,0,0,0,0,0,0,1177.185,0,3579.4759999999997,4142.737,0,0,100,100
No Match,None,unmatched,86156,13.164,23.352,172.95,536.9701,,,,0,0,0,0,0,0,1114.7740000000001,0,0,0,0,0,0,0,0,0,0,0,0,0,0,0,0,0,0,0,0,0,0,0,0,0,0,0,0,0,0,0,0,0,0,0,100,100
No Match,None,unmatched,36814,13.144,28.567,211.55,536.9766,,,,0,2922.9519999999998,0,0,1032.755,0,0,0,0,3663.803,0,0,0,0,0,0,0,0,0,0,0,1028.928,0,0,0,4267.253,0,0,0,0,0,0,0,0,0,0,0,0,2504.6029999999996,0,0,0,100,100
No Match,None,unmatched,69871,12.862,22.714,168.24,537.9647,,,,0,0,0,0,0,1485.128,0,0,0,0,0,1186.421,0,0,0,0,0,0,0,0,0,0,0,0,0,0,0,0,0,0,0,0,0,0,0,0,0,0,0,0,0,0,100,100
No Match,None,unmatched,90919,12.877,21.386,158.59,537.9681,,,,0,0,0,0,0,0,0,0,0,0,0,0,0,0,0,0,0,0,0,0,0,0,0,0,0,0,0,0,0,0,0,0,0,0,0,0,0,0,0,0,810.5656,0,100,100
No Match,None,unmatched,89659,12.878,22.73,168.52,537.9712,,,,0,0,0,0,0,0,0,0,0,0,0,0,0,0,0,0,0,0,0,887.7130000000001,0,0,0,0,0,0,0,0,0,0,0,0,0,0,0,0,0,0,0,0,0,0,100,100
No Match,None,unmatched,60960,10.456,25.4,188.22,538.9261,,,,0,0,0,0,0,0,0,0,0,0,0,0,0,0,0,0,0,0,0,0,0,0,0,0,0,0,3302.5299999999997,825.2688,0,0,0,0,0,0,0,0,0,0,0,0,0,0,100,100
No Match,None,unmatched,45034,12.073,26.08,193.15,540.9939,,,,0,0,0,0,0,0,0,894.9445000000001,0,0,0,0,0,0,0,0,0,0,0,0,0,0,0,0,0,3551.906,0,0,0,0,0,0,0,0,3821.368,0,0,0,0,0,0,0,100,100
No Match,None,unmatched,8134,14.938,27.432,203.23666666666668,543.0579333333334,,,,0,2154.866,1875.739,0,20150.839,15469.829,5682.54,4108.168,2974.363,0,13658.609,3188.9719999999998,0,2059.4269999999997,26839.949,29473.671899999998,11366.069,13061.079,6008.022,23714.498600000003,5045.433,0,13051.999,0,13331.409,4946.0199999999995,2410.787,15644.739,29672.146999999997,1643.487,0,0,2992.334,1263.9370000000001,744.5776000000001,13604.819,25231.649,4661.527,14977.269,18035.899,16452.949,17683.435,100,100
No Match,None,unmatched,70671,13.593,25.198,186.52,544.93,,,,0,0,0,0,0,2569.346,0,0,0,0,0,0,0,0,0,0,0,0,0,0,0,0,0,0,0,0,0,0,0,0,0,0,0,0,0,0,0,0,0,0,0,0,100,100
No Match,None,unmatched,41075,3.987666666666667,27.219,201.75,544.9376666666667,,,,4688.651,1515.0330000000001,0,0,0,0,4142.786,3147.918,2630.961,0,0,3058.1847999999995,0,1958.8410000000001,1705.665,876.9368000000001,0,0,1424.1490000000001,0,975.8480000000001,2924.948,0,0,0,0,0,0,0,0,1401.4,0,1835.05,0,0,0,0,1714.69,5594.808,5623.728,3018.166,0,100,100
No Match,None,unmatched,90193,3.943,27.244,201.79,544.9456,,,,0,0,0,0,0,0,0,0,0,0,0,0,0,0,0,0,0,0,0,0,0,0,0,0,0,0,0,0,0,0,0,0,0,0,0,0,0,0,854.7423,0,0,0,100,100
No Match,None,unmatched,28105,10.423,25.037,185.41,546.9473,,,,0,0,0,2121.999,4226.956999999999,0,0,927.9176,0,0,1915.9270000000001,0,0,0,0,0,0,0,0,0,0,1620.935,0,2356.5469999999996,0,0,3217.355,3881.6699999999996,0,0,0,0,0,0,5588.1759999999995,0,0,0,2214.923,0,0,0,100,100
No Match,None,unmatched,74422,11.859,22.508,166.73,546.9475,,,,0,0,0,0,1318.652,0,0,0,0,0,0,0,0,0,0,0,0,0,0,0,0,0,0,0,0,0,819.6604,0,0,0,0,0,0,0,0,0,0,0,0,0,0,0,100,100
No Match,None,unmatched,61138,13.593,25.201,186.53,546.9597,,,,0,0,0,0,0,4090.7019999999998,0,0,0,0,0,0,0,0,0,0,0,0,0,0,0,0,0,0,0,0,0,0,0,0,0,0,0,0,0,0,0,0,0,0,0,0,100,100
No Match,None,unmatched,53887,13.596,25.246,186.86,546.9963,,,,0,0,0,0,0,5874.24,0,0,0,0,0,0,0,0,0,0,0,0,0,0,0,0,0,0,0,0,0,0,0,0,0,0,0,0,0,0,0,0,0,0,0,0,100,100
No Match,None,unmatched,49664,12.2785,21.834,161.505,548.96155,,,,0,0,0,0,0,0,0,0,0,1178.794,0,0,0,0,1675.095,0,0,0,0,1771.377,5361.831,0,0,0,0,0,1038.462,0,903.7693,1106.439,0,0,0,0,0,0,0,0,0,0,0,0,100,100
No Match,None,unmatched,41807,13.920250000000001,22.981,170.305,549.969325,,,,0,0,0,0,0,0,0,0,0,0,0,0,0,0,3918.066,1463.7060000000001,0,1861.0991,4060.8505,5480.889999999999,0,0,3216.587,1777.7321000000002,0,848.2276,5143.78,1782.623,1670.759,1050.295,0,2401.962,1505.575,0,1547.053,7360.5854,3476.8195,4787.537,3051.759,0,4627.113,0,100,100
No Match,None,unmatched,84224,10.671,27.227,201.61,550.9503,,,,0,0,0,0,0,0,0,0,0,0,0,0,0,0,0,0,0,0,0,0,0,0,0,0,0,0,0,0,1257.0040000000001,0,0,0,0,0,0,0,0,0,0,0,0,0,100,100
No Match,None,unmatched,39034,10.451,26.368,195.19,552.9388,,,,0,2944.444,0,0,0,0,0,0,0,4340.021,0,0,0,0,0,0,0,0,0,0,0,0,0,0,0,0,0,723.1278,0,0,0,0,2420.682,0,0,0,0,0,2930.765,0,0,0,100,100
No Match,None,unmatched,14336,11.208,25.518,188.89,552.953,,,,1782.1490000000001,5628.552,1187.3,5198.197999999999,10525.589,0,904.8207,2108.808,0,14436.479,6613.471,2183.156,1873.81,0,0,0,0,0,0,0,0,0,3305.026,8583.339,3225.8799999999997,0,12359.048999999999,0,1265.9950000000001,0,0,4274.474999999999,3149.9889999999996,0,16628.129,0,1449.74,0,10586.989,0,0,0,100,100
No Match,None,unmatched,11449,11.21,26.133,193.45,552.9534,,,,0,0,1045.671,5174.891,14494.819,0,4880.9529999999995,5244.1759999999995,2859.2369999999996,17513.809,0,0,2981.314,2689.3959999999997,1808.963,0,0,0,12927.539,0,0,8176.209,6553.156,13184.329,6134.745,11282.009,12722.519,13621.798999999999,0,0,0,2608.5989999999997,8907.301,0,19746.009,0,0,0,11356.979,0,0,0,100,100
No Match,None,unmatched,84631,12.96,28.307,209.39,554.0219,,,,0,0,0,0,0,0,0,0,0,1225.799,0,0,0,0,0,0,0,0,0,0,0,0,0,0,0,0,0,0,0,0,0,0,0,0,0,0,0,0,0,0,0,0,100,100
No Match,None,unmatched,88298,12.107,22.286,164.95,554.9696,,,,0,0,0,0,0,0,0,0,0,0,0,0,974.8749,0,0,0,0,0,0,0,0,0,0,0,0,0,0,0,0,0,0,0,0,0,0,0,0,0,0,0,0,0,100,100
No Match,None,unmatched,94143,10.826,26.597,196.74,556.9398,,,,0,0,0,0,0,574.3641,0,0,0,0,0,0,0,0,0,0,0,0,0,0,0,0,0,0,0,0,0,0,0,0,0,0,0,0,0,0,0,0,0,0,0,0,100,100
No Match,None,unmatched,55892,13.147,23.743,175.74,556.9821,,,,0,1467.509,0,0,0,0,0,0,0,1381.686,0,0,0,0,0,0,0,0,0,0,0,0,0,0,0,2459.185,0,0,0,0,0,0,0,0,0,0,0,0,0,0,0,0,100,100
No Match,None,unmatched,8800,14.542,28.243,209.03,557.1089,,,,0,0,0,0,26190.699,7893.2699999999995,0,0,0,0,5194.119,0,0,0,37155.139,34165.90900000001,9123.67,5655.946,3849.692,34341.349,546.1361,0,6859.286,1484.449,8649.778,0,0,10369.759,42617.47900000001,0,0,0,0,0,0,3394.3819999999996,19776.329,0,14864.579,14414.378999999999,13915.919,9488.083,100,100
No Match,None,unmatched,84679,13.301,28.626,211.85,560.9126,,,,0,0,0,0,0,0,0,0,0,0,0,0,0,0,0,0,0,0,0,0,0,0,0,0,0,0,0,0,0,0,0,0,0,0,1222.2350000000001,0,0,0,0,0,0,0,100,100
No Match,None,unmatched,86952,10.423,25.968,192.24,560.9622,,,,0,0,0,0,0,0,0,0,0,0,0,0,0,0,0,0,0,0,0,0,0,0,0,0,0,0,0,0,0,0,0,0,0,0,0,0,0,0,1061.123,0,0,0,100,100
No Match,None,unmatched,85124,11.908,7.816,58.3,562.9462,,,,0,0,0,0,0,0,0,0,0,0,0,0,0,0,0,0,0,0,0,0,0,0,0,0,0,0,0,0,0,0,0,0,0,0,1191.784,0,0,0,0,0,0,0,100,100
No Match,None,unmatched,84116,11.879,28.397,209.97,562.9498,,,,0,0,0,0,0,0,0,0,0,0,1265.763,0,0,0,0,0,0,0,0,0,0,0,0,0,0,0,0,0,0,0,0,0,0,0,0,0,0,0,0,0,0,0,100,100
No Match,None,unmatched,49526,13.219000000000001,23.313,172.495,562.96735,,,,0,0,0,0,2565.435,863.029,1134.508,0,0,2985.488,0,0,0,0,0,0,0,1721.585,984.7519,0,0,0,0,0,0,0,0,0,0,0,0,1446.529,0,708.998,0,4340.981,0,0,0,0,2014.53,0,100,100
No Match,None,unmatched,93971,11.869,8.505,63.38,562.9686,,,,0,0,0,0,0,0,0,0,0,0,0,0,0,0,0,0,0,0,0,0,0,0,0,0,0,0,0,0,0,0,0,0,0,0,587.8937,0,0,0,0,0,0,0,100,100
No Match,None,unmatched,89640,11.89,15.902,117.81,562.9691,,,,0,889.3101,0,0,0,0,0,0,0,0,0,0,0,0,0,0,0,0,0,0,0,0,0,0,0,0,0,0,0,0,0,0,0,0,0,0,0,0,0,0,0,0,100,100
No Match,None,unmatched,74149,11.487,22.402,165.75,562.971,,,,0,0,0,0,0,0,0,0,0,0,0,0,2172.408,0,0,0,0,0,0,0,0,0,0,0,0,0,0,0,0,0,0,0,0,0,0,0,0,0,0,0,0,0,100,100
No Match,None,unmatched,84304,11.483,23.89,176.72,562.9725,,,,0,0,0,0,0,0,0,0,0,0,0,0,1251.628,0,0,0,0,0,0,0,0,0,0,0,0,0,0,0,0,0,0,0,0,0,0,0,0,0,0,0,0,0,100,100
No Match,None,unmatched,74092,11.498,23.17,171.42,562.9749,,,,0,0,0,0,0,0,0,0,0,0,0,0,2176.2239999999997,0,0,0,0,0,0,0,0,0,0,0,0,0,0,0,0,0,0,0,0,0,0,0,0,0,0,0,0,0,100,100
No Match,None,unmatched,92151,11.854,28.509,210.96,562.9752,,,,0,0,0,0,0,0,0,0,0,0,0,0,0,0,0,0,0,0,0,0,0,0,0,0,0,0,730.741,0,0,0,0,0,0,0,0,0,0,0,0,0,0,0,100,100
No Match,None,unmatched,83705,11.863,29.143,215.47,562.9768,,,,0,0,0,0,0,0,0,1299.921,0,0,0,0,0,0,0,0,0,0,0,0,0,0,0,0,0,0,0,0,0,0,0,0,0,0,0,0,0,0,0,0,0,0,100,100
No Match,None,unmatched,79536,11.869,24.741,183.17,563.1097,,,,0,0,0,0,0,0,0,0,0,0,0,0,0,0,0,0,0,0,0,0,0,0,0,0,0,0,0,0,0,0,0,0,0,0,0,0,0,0,0,0,0,0,100,100
No Match,None,unmatched,8906,11.209,27.118,200.6,566.9687,,,,5141.463,10185.929,3940.323,10383.699,18212.799,0,5827.559,5692.065,7244.786999999999,21646.869,13432.139,6951.461,0,9431.457,1507.523,0,0,0,12941.429,0,3952.2639999999997,14375.939,10088.389,14510.079,8560.645,10006.509,20736.089,15597.539,0,0,0,13568.878999999999,9201.811,2919.9399999999996,22208.469,966.869,4674.396,0,18266.019,0,0,0,100,100
No Match,None,unmatched,1136,12.397333333333334,25.981,185.05333333333337,568.9643666666666,,,,1262511.977,2401097.757,1091356.0769999998,2481762.137,2909782.9869999997,194161.04200000002,1759771.087,1731014.127,1363676.547,2943541.837,1786386.477,1183125.797,1334989.097,1793284.467,539744.957,323501.31100000005,261254.42500000002,198046.012,2527347.267,433605.27599999995,580804.447,2292258.017,1763510.4070000001,2029006.7070000002,1439484.9470000002,2034756.7770000002,3198818.3069999996,2749558.777,385142.799,307508.855,246401.428,1414319.1870000002,2670921.347,1448659.947,3531409.707,264245.488,1731917.387,295799.77200000006,2927310.9469999997,1096521.3969999999,340043.62500000006,139850.168,100,100
No Match,None,unmatched,88622,11.386,28.405,209.97,568.9678,,,,0,0,0,0,0,0,0,953.6795000000001,0,0,0,0,0,0,0,0,0,0,0,0,0,0,0,0,0,0,0,0,0,0,0,0,0,0,0,0,0,0,0,0,0,0,100,100
No Match,None,unmatched,75871,10.587,28.483,210.72,568.9767,,,,0,0,0,0,0,0,0,0,0,0,0,0,0,0,0,0,673.8845,0,0,0,0,0,0,0,0,0,0,0,0,0,0,0,0,0,1317.468,0,0,0,0,0,0,0,100,100
No Match,None,unmatched,79710,9.157,28.443,210.34,568.9788,,,,0,0,714.7157,0,0,0,0,0,0,0,0,0,0,0,0,0,0,0,0,0,0,0,0,0,917.1182,0,0,0,0,0,0,0,0,0,0,0,0,0,0,0,0,0,100,100
No Match,None,unmatched,74818,13.229,29.225,215.62,568.99755,,,,0,0,0,0,0,0,0,0,0,0,0,0,0,0,0,0,0,0,0,0,0,0,5124.277,0,0,0,0,0,0,0,0,0,0,0,0,0,0,0,0,0,0,0,100,100
No Match,None,unmatched,61424,12.449,23.303,172.34,570.0852,,,,0,0,0,0,0,0,0,0,0,0,0,0,0,0,0,0,0,0,0,0,0,0,0,0,0,0,0,0,0,0,0,0,0,0,0,0,0,0,0,0,0,0,100,100
No Match,None,unmatched,77658,12.447,23.26,172.19,570.1124,,,,0,0,0,0,0,0,0,0,0,0,0,0,0,0,0,0,0,0,0,0,0,0,0,0,0,0,0,0,0,0,0,0,0,0,0,0,0,0,0,0,0,0,100,100
No Match,None,unmatched,77185,12.454,23.348,172.67,571.0157,,,,0,0,0,1867.247,0,0,0,0,0,0,0,0,0,0,0,0,0,0,0,0,0,0,0,0,0,0,0,0,0,0,0,0,0,0,0,0,0,0,0,0,0,0,100,100
No Match,None,unmatched,93267,1.723,28.343,209.5,571.0866,,,,0,0,0,0,0,0,0,649.1521,0,0,0,0,0,0,0,0,0,0,0,0,0,0,0,0,0,0,0,0,0,0,0,0,0,0,0,0,0,0,0,0,0,0,100,100
No Match,None,unmatched,78168,11.544,26.13,193.32,574.0714,,,,0,0,0,0,0,0,0,0,0,0,0,0,0,0,0,0,0,0,0,0,0,0,0,0,0,0,0,0,0,0,0,0,0,0,0,0,0,0,0,0,0,0,100,100
No Match,None,unmatched,81603,11.942,25.327,187.23,574.9615,,,,0,0,0,0,0,0,0,0,0,1469.646,0,0,0,0,0,0,0,0,0,0,0,0,0,0,0,0,0,0,0,0,0,0,0,0,0,0,0,0,0,0,0,0,100,100
No Match,None,unmatched,86184,10.511,23.086,170.87,574.9784,,,,0,0,0,0,0,0,0,0,0,0,0,0,0,0,0,0,0,0,0,0,0,0,0,0,0,0,0,0,0,0,0,0,0,0,0,1113.467,0,0,0,0,0,0,100,100
No Match,None,unmatched,60861,11.58175,28.49,210.1825,574.9936375,,,,6109.745,2989.841,10662.213999999998,10804.482,12858.519,13029.937,7722.422,4478.0996,21058.633,19833.625999999997,10993.121,6277.938,7990.092,12155.167999999998,16028.797999999999,11747.047999999999,15889.677,14428.769999999999,14010.625,11726.553,20060.029000000002,12742.045999999998,9964.798999999999,6168.575999999999,15535.567,0,3402.015,10947.836,22339.478000000003,12505.143,7926.838,8864.226999999999,12165.109999999999,20801.962,0,3163.8579999999997,9947.015,16495.632999999998,7895.528,6707.362999999999,6513.724,4772.937,100,100
No Match,None,unmatched,35763,6.939,28.426,209.9975,574.993925,,,,0,0,0,0,0,3523.1609999999996,1065.268,0,4191.612,0,1057.887,3889.219,0,1542.99,3165.298,6348.708999999999,1937.461,5044.012999999999,0,0,0,2487.8759999999997,0,0,5174.427,1137.069,1974.1428,0,819.1812,0,5607.7636,0,0,0,2482.598,0,0,0,1546.538,7582.589,0,1366.4470000000001,100,100
No Match,None,unmatched,60545,10.594750000000001,28.356,210.02749999999997,574.993925,,,,3652.5209999999997,1827.193,3926.62,0,10954.853,4662.619,6862.8,4123.573,0,0,5340.197,5194.313,6808.263999999999,1423.477,5594.523,9511.921,6738.709,10218.589,4622.614,3031.0009999999997,0,5961.8279999999995,4351.717,6304.208,1711.266,3140.723,5600.795999999999,0,7185.202,9744.644,0,5725.752,0,4952.371,6643.468,7773.888999999999,0,3607.933,5790.937,5173.039,8942.177,8052.32,100,100
No Match,None,unmatched,19664,9.324571429,28.417,210.21714285714285,574.9940714285714,,,,7547.732999999999,1443.811,19793.699,5727.742,6758.416,11652.448999999999,6083.513999999999,3029.964,2446.3759999999997,8501.757,12478.724999999999,6956.450999999999,5537.5869999999995,0,4561.6119,3827.656,0,9991.657,13919.641,0,0,6547.130999999999,5133.227,7615.604899999999,6216.1483,0,5566.266,0,10917.9194,19433.0816,4036.6589999999997,1187.52,4841.6299,6013.335,8480.333999999999,1971.333,4996.232,9713.673999999999,12948.939999999999,3641.509,0,6370.218,100,100
No Match,None,unmatched,87573,5.43,28.377,209.72,574.9952,,,,0,0,0,0,0,0,0,0,0,0,0,0,0,1021.232,0,0,0,0,0,0,0,0,0,0,0,0,0,0,0,0,0,0,0,0,0,0,0,0,0,0,0,0,100,100
No Match,None,unmatched,13707,10.556999999999999,25.15,185.725,575.92615,,,,2273.022,11546.659,1245.228,8032.023,10621.579,0,0,0,1776.866,14574.458999999999,5147.728,2050.6011,2581.471,838.8317000000001,0,0,0,0,1847.974,0,0,5063.606,2107.055,7902.599999999999,0,1062.032,10542.909,3391.99,0,0,0,2661.41,4538.401,0,10348.289,0,1594.3310000000001,0,16351.009,841.4497,0,0,100,100
No Match,None,unmatched,35068,11.362,25.157,186.04,579.0628,,,,0,5287.378,0,0,905.8095000000001,0,1296.169,0,0,0,0,0,0,0,0,0,0,0,0,0,0,0,0,0,0,0,0,2592.973,0,0,0,1681.46,1666.163,0,0,0,0,0,3718.4779999999996,0,0,0,100,100
No Match,None,unmatched,65664,11.368,25.187,186.34,579.0695,,,,0,0,0,0,0,0,0,0,0,0,0,0,0,0,0,0,0,0,0,0,0,0,1039.438,664.7737000000001,0,0,0,0,0,0,0,0,0,0,1568.5330000000001,0,0,0,0,0,0,0,100,100
No Match,None,unmatched,79082,1.713,28.078,207.65,579.0804,,,,0,0,0,0,0,0,0,0,0,0,0,0,0,0,0,0,0,0,0,0,0,677.7536,0,0,0,0,0,0,0,0,0,0,1010.654,0,0,0,0,0,0,0,0,0,100,100
No Match,None,unmatched,93580,1.706,28.044,207.4,579.0901,,,,0,0,0,0,0,0,0,0,0,0,0,0,0,0,0,0,0,0,0,0,0,0,0,0,0,0,0,0,0,0,0,0,0,622.6706,0,0,0,0,0,0,0,0,100,100
No Match,None,unmatched,63174,14.447,29.683,219.47,581.0533,,,,0,0,0,0,0,0,0,0,0,0,0,0,0,0,0,0,0,0,0,0,0,0,3700.77,0,0,0,0,0,0,0,0,0,0,0,0,0,0,0,0,0,0,0,100,100
No Match,None,unmatched,15906,11.825,23.128,171.08,581.9678,,,,0,5581.931,0,8258.587,0,0,12340.529,0,0,0,0,5933.996,0,0,9762.382,0,0,0,0,0,0,0,0,8242.589,0,0,0,9638.761,0,0,0,6458.785,0,4342.848,11255.969,0,0,0,12808.149,0,0,0,100,100
No Match,None,unmatched,54815,11.699,26.099,192.96,587.9773,,,,0,0,0,0,0,0,0,0,0,0,0,776.7284000000001,0,0,0,0,517.6501000000001,0,0,0,0,0,0,0,0,0,0,0,0,0,891.3872,0,0,1353.92,966.3914,0,0,0,0,0,0,1102.752,100,100
No Match,None,unmatched,31883,11.881,26.629,196.88,588.008,,,,0,0,0,0,0,0,0,0,0,0,0,0,0,1148.9080000000001,0,0,0,1569.596,0,0,0,0,0,0,0,0,0,1779.959,0,0,0,0,0,1210.821,2622.638,3201.9959999999996,2589.5469999999996,3110.404,0,1237.558,0,2800.72,100,100
No Match,None,unmatched,92740,4.038,29.77,219.71,589.0853500000001,,,,0,0,1363.6343000000002,0,0,0,0,0,0,0,0,1581.077,0,2154.207,1848.722,895.0544,0,1539.792,0,0,2554.87,0,0,0,0,862.4891,0,0,1151.405,1331.5910000000001,4081.6299999999997,0,0,1273.231,0,0,1739.226,2515.698,0,0,0,663.7101,100,100
No Match,None,unmatched,61411,12.651,27.405,202.54,590.9877,,,,0,0,0,0,910.0898,0,0,0,0,0,0,0,0,0,0,0,0,0,0,0,0,0,0,0,0,1688.898,0,1436.708,0,0,0,0,0,0,0,0,0,0,0,0,0,0,100,100
No Match,None,unmatched,94413,11.462,29.239,216.11,591.0203,,,,0,0,0,0,0,0,0,0,0,0,0,0,0,0,0,0,0,0,0,0,0,0,0,0,0,0,0,0,0,0,0,0,0,0,0,0,548.8841,0,0,0,0,0,100,100
No Match,None,unmatched,80412,3.979,29.295,216.33,593.9001,,,,0,0,0,0,0,0,1571.09,0,0,0,0,0,0,0,0,0,0,0,0,0,0,0,0,0,0,0,0,0,0,0,0,0,0,0,0,0,0,0,0,0,0,0,100,100
No Match,None,unmatched,47378,3.989,29.151,215.25,595.9029,,,,0,0,0,0,0,0,8317.828,0,0,0,0,0,0,0,0,0,0,0,0,0,0,0,0,0,0,0,0,0,0,0,0,0,0,0,0,0,0,0,0,0,0,0,100,100
No Match,None,unmatched,31041,11.211,26.295,194.28,596.9427,,,,0,3045.567,808.7726,0,4693.293,0,0,1304.334,0,3406.044,0,0,0,0,0,0,0,0,0,0,0,0,0,1481.608,1219.328,0,5188.9259999999995,0,0,0,0,0,1479.628,0,0,0,0,0,0,0,0,0,100,100
No Match,None,unmatched,34647,12.251,23.693,175.13,596.947,,,,0,3015.301,0,0,986.2198000000001,0,0,0,0,3145.269,0,0,0,0,0,0,0,0,0,0,0,0,0,745.3771,0,0,3575.519,0,0,0,0,0,0,0,3970.024,0,0,0,2196.6839999999997,0,0,0,100,100
No Match,None,unmatched,2501,12.947,24.5,181.09,596.9587,,,,63576.699,103902.799,43216.609000000004,114244.799,136975.299,7700.284,76481.359,103409.199,63917.65900000001,154390.19900000002,74678.249,48310.469000000005,69504.72899999999,94675.669,25422.409,11307.099,13780.399,6441.978,118380.299,19321.299,28783.469,100598.39899999999,77407.83899999999,94250.209,71891.949,93039.08899999999,127099.299,151734.299,25812.369,15465.878999999999,10467.589,59187.249,148392.799,95783.969,180199.59900000002,6500.687,91893.889,15013.979,139648.299,59487.029,17915.359,7607.521,100,100
No Match,None,unmatched,71249,3.994,29.151,215.23,597.9006,,,,0,0,0,0,0,0,2499.2059999999997,0,0,0,0,0,0,0,0,0,0,0,0,0,0,0,0,0,0,0,0,0,0,0,0,0,0,0,0,0,0,0,0,0,0,0,100,100
No Match,None,unmatched,57538,9.261,27.962,206.6,598.9555,,,,0,0,0,0,0,0,0,0,1048.4560000000001,0,0,0,0,0,0,0,0,0,0,0,0,1075.462,0,0,1842.505,0,0,0,0,0,0,0,0,0,0,0,0,917.142,0,0,0,0,100,100
No Match,None,unmatched,47766,10.976,27.989,206.78,598.9558,,,,0,0,0,0,1066.971,0,0,0,0,665.5642,0,0,0,550.2373,0,0,1110.339,892.2797,0,0,0,690.0454,0,0,0,0,0,0,0,0,0,1283.349,1069.067,0,0,0,0,809.9518,0,0,0,0,100,100
No Match,None,unmatched,72348,11.859,25.391,187.69,599.9297,,,,0,0,0,0,0,0,0,0,0,0,0,0,0,0,0,0,0,0,0,0,0,0,0,0,0,0,0,0,0,0,0,0,0,0,2373.122,0,0,0,0,0,0,0,100,100
No Match,None,unmatched,28550,11.834,23.94,176.83,600.9699,,,,0,0,0,0,0,0,0,0,0,11538.189,0,0,15608.269,0,0,0,0,0,0,0,0,0,0,0,0,0,0,0,0,0,0,0,0,0,0,0,0,0,0,0,0,0,100,100
No Match,None,unmatched,61863,11.205,26.558,196.17,600.9823,,,,0,0,0,0,0,1924.217,0,0,0,0,0,0,905.6839,0,0,0,0,0,0,0,0,0,0,0,0,0,0,0,0,0,0,0,0,0,0,0,0,0,0,0,0,1121.3310000000001,100,100
No Match,None,unmatched,9048,11.878,26.829,199.51999999999998,602.94935,,,,45170.519,114432.39899999999,42207.499,126868.299,149085.01799999998,4876.871999999999,84085.949,76584.889,65631.319,161810.299,83170.08899999999,58375.428,60022.418000000005,82895.739,24350.499,4046.0609999999997,5162.532,1004.857,134212.69900000002,16207.899,23845.229,115862.89899999999,74681.14899999999,118005.499,66279.889,62065.249,152836.899,130911.699,5380.995,7948.026,4000.819,58238.948000000004,114076.30799999999,54321.569,185123.19900000002,0,65327.21800000001,0,150285.899,43412.279,8143.415999999999,0,100,100
No Match,None,unmatched,49924,12.081,22.879,169.12,603.963,,,,0,0,0,0,0,0,0,0,0,1048.7,0,0,0,0,0,0,0,0,0,0,0,0,0,1897.306,0,0,852.8223,0,1325.426,0,0,0,0,0,0,0,0,0,2114.665,0,0,0,100,100
No Match,None,unmatched,65091,7.02,28.566,210.93,604.9133,,,,0,0,0,0,0,0,0,0,623.7369,0,0,1368.872,0,0,0,0,0,0,0,0,0,0,0,0,0,0,0,0,0,0,0,0,0,0,0,0,1374.2250000000001,0,0,0,0,0,100,100
No Match,None,unmatched,90923,12.601,23.056,170.3,604.96,,,,0,0,0,0,0,0,0,0,0,0,0,0,810.3619,0,0,0,0,0,0,0,0,0,0,0,0,0,0,0,0,0,0,0,0,0,0,0,0,0,0,0,0,0,100,100
No Match,None,unmatched,12566,12.873,27.294,201.58,609.0387,,,,7349.931,1438.4,4832.295,8270.957,0,3088.1719999999996,4821.996999999999,0,3146.191,3850.6009999999997,0,5199.86,6844.3769999999995,5608.552,0,0,711.6562,2244.5159999999996,0,3383.4559999999997,1561.426,3335.9959999999996,0,4318.992,0,0,1021.034,4017.3309999999997,0,6178.495,2964.2419999999997,0,7949.074,7211.9439999999995,7939.74,7299.01,3316.314,5487.313,5481.557,8834.401,7519.785,7301.016,100,100
No Match,None,unmatched,46020,11.211,27.13,200.36,610.957,,,,0,0,0,0,0,0,0,0,0,3611.3529999999996,0,0,0,0,0,0,0,0,0,0,0,0,0,0,0,0,3567.363,0,0,0,0,0,0,0,1759.134,0,0,0,0,0,0,0,100,100
No Match,None,unmatched,75842,7.831,28.351,209.33,610.9585,,,,550.8097,0,0,0,0,0,0,0,0,0,0,0,0,0,0,0,0,0,0,0,0,0,0,0,0,0,0,0,0,1443.471,0,0,0,0,0,0,0,0,0,0,0,0,100,100
No Match,None,unmatched,30520,11.067,28.358,209.305,610.9607,,,,2319.589,853.0886,994.1589,0,2239.5640000000003,2790.246,955.5709,0,2892.809,1249.496,0,562.5514000000001,1480.085,686.3641,3241.942,1836.1714,681.2629000000001,0,1586.973,712.0517,0,3382.3505999999998,0,0,0,1681.957,0,2507.1758,1131.817,0,0,0,0,725.5932,801.9798000000001,1132.76,2920.8102999999996,1115.662,2119.548,0,1094.3600000000001,0,100,100
No Match,None,unmatched,39903,9.059999999999999,28.341,208.94,610.9616000000001,,,,0,0,0,0,0,1720.512,2287.504,0,1184.468,0,0,1043.27,0,0,0,1066.961,0,0,0,0,1078.273,1011.187,0,536.7843,798.5132,0,0,0,1024.593,1871.5741,0,0,709.9494,0,0,0,0,0,0,0,0,0,100,100
No Match,None,unmatched,37376,9.989,28.339,209.27,610.9606,,,,1062.013,0,0,0,0,0,2031.715,1260.771,860.7318,0,0,0,0,0,0,0,706.1346,0,1846.8020000000001,0,0,694.6687000000001,0,783.9929000000001,1807.243,0,0,0,0,0,0,0,0,0,1605.489,0,795.0648,1390.255,0,0,0,0,100,100
No Match,None,unmatched,88107,12.007,28.287,208.85,610.9609,,,,0,0,0,0,0,0,0,0,0,0,0,522.9674,0,0,0,0,0,0,0,0,0,0,0,0,0,0,0,0,0,0,0,0,0,0,0,0,0,0,0,0,0,0,100,100
No Match,None,unmatched,89839,8.442,28.324,209.515,610.963,,,,0,0,0,0,0,0,0,0,564.6925,0,0,0,0,0,0,0,876.9014,0,0,0,0,0,0,0,0,0,0,0,0,0,0,0,0,0,0,0,1277.098,0,0,0,0,0,100,100
No Match,None,unmatched,14520,12.1245,23.639,174.4375,612.97055,,,,0,3739.618,7336.057,4010.218,3913.611,4136.1089999999995,1395.762,5081.153,2877.6029999999996,44345.56300000001,5045.038,3159.5629999999996,93735.76,2697.7129999999997,5080.715,5821.632,3781.5519999999997,3599.0539999999996,0,0,3411.134,3295.6519999999996,6440.71,0,4486.429,3962.9669999999996,4833.879,0,2176.3399999999997,3578.7889999999998,4461.74,0,3687.1059999999998,4704.465,0,1095.665,3569.055,3853.4889999999996,3941.1899999999996,0,4530.423,4492.495,100,100
No Match,None,unmatched,11097,12.15375,24.655,181.87,612.971625,,,,3772.4159999999997,3717.609,4213.021,4874.8949999999995,1433.856,0,0,5881.849999999999,0,34996.97900000001,6761.299,3195.8089999999997,74295.962,0,0,0,3117.049,3458.198,0,2398.0919999999996,5072.37,3068.4809999999998,3252.2219999999998,7038.411,0,2426.5106,2701.122,4346.358,0,2527.3149999999996,3317.732,0,4652.588,3984.522,4833.436,8813.121,0,2589.3309999999997,1944.345,2067.348,1587.213,5004.151,100,100
No Match,None,unmatched,59312,11.177,27.681,204.46,613.9501,,,,0,0,0,0,0,0,0,0,0,0,0,0,0,0,0,0,0,0,0,0,0,0,0,0,0,0,0,963.0204,0,0,0,0,747.3756000000001,1683.655,0,0,0,0,640.8421000000001,0,0,0,100,100
No Match,None,unmatched,94396,12.275,25.96,191.78,613.9604,,,,0,0,0,0,0,0,0,0,0,0,0,0,0,0,0,0,0,0,0,0,0,0,0,0,0,0,0,0,0,0,0,0,0,0,0,0,0,0,0,0,0,0,100,100
No Match,None,unmatched,84369,5.828,29.13,214.95,614.9761,,,,0,0,0,0,0,0,756.4764,0,0,0,0,0,0,0,0,0,0,0,0,0,0,0,0,0,0,0,0,0,0,0,0,0,0,0,0,0,0,0,0,0,0,0,100,100
No Match,None,unmatched,94652,10.863928571428572,29.209,214.6964285714286,614.9870642857144,,,,3423.779,1135.8890000000001,1602.779,13053.402699999999,12658.716999999999,1711.648,2014.3310000000001,3015.5600000000004,10977.535,7703.477000000001,3735.661,0,34347.312,1369.068,21118.928,11551.393,3885.792,9944.914,12003.482,5872.7705,1877.516,11136.351999999999,17041.301,9472.123,5501.9483,6489.833,10461.465,6643.224,6691.947999999999,2088.7005,4771.188999999999,4211.0523,4538.683,0,8874.41,3537.294,17569.5082,13363.505999999998,8018.9439999999995,5691.54,15704.634999999998,18547.519999999997,100,100
No Match,None,unmatched,29745,7.322,29.069,214.59,614.985,,,,2389.587,0,0,1267.838,0,0,1444.325,1357.623,2780.6059999999998,1348.287,0,3323.8559999999998,0,0,0,0,0,0,0,1069.578,0,1666.426,0,1133.314,0,0,702.9193,0,0,0,0,0,0,893.5611,2758.0229999999997,1527.805,1199.748,0,0,0,0,0,100,100
No Match,None,unmatched,30320,10.221833333333334,29.095,214.4466666666667,614.98695,,,,10194.794,0,11370.651,6252.2098,12089.713,4086.0229999999997,5066.441,1270.953,3804.9541,18290.965,0,2120.116,5373.5216,4996.985,12087.842999999999,5585.6382,4398.605,7278.288,2444.3669999999997,6819.074,3384.9719999999998,9074.626,0,7597.902999999999,8685.821,0,5669.352,1935.233,12140.401,4589.019,14242.875699999999,4102.2348999999995,1035.895,3375.3089999999997,9343.997,6022.449999999999,8127.901,1911.261,6171.644,2708.659,8897.643,2878.5519999999997,100,100
No Match,None,unmatched,94560,6.616,28.932,213.66,614.9862,,,,0,0,0,0,0,0,0,0,0,0,0,0,0,0,0,0,0,0,0,0,0,0,0,0,0,0,0,0,0,0,0,0,0,0,0,535.8480000000001,0,0,0,0,0,0,100,100
No Match,None,unmatched,55407,8.096,29.046,214.44,614.9872,,,,0,0,0,2271.493,0,0,0,0,0,0,0,0,0,0,0,1900.398,0,0,0,0,0,0,0,1270.348,0,0,0,0,0,0,0,0,0,0,0,0,0,0,0,0,0,0,100,100
No Match,None,unmatched,59366,1.705,28.545,210.75,615.0495,,,,0,0,1763.64,0,0,0,0,0,0,0,0,0,0,0,0,0,0,0,1100.538,0,0,0,0,1599.203,0,0,0,0,0,0,0,0,0,0,0,0,0,0,0,0,0,0,100,100
No Match,None,unmatched,2462,11.879,28.338,209.21,616.9649,,,,58673.249,110912.89899999999,57170.919,117014.299,153458.999,14620.378999999999,92962.629,81639.629,72975.199,164384.09900000002,79280.279,70289.159,63683.549000000006,79498.659,30438.469,10152.579,10328.099,6696.2519999999995,144172.799,23766.279,34755.089,125547.099,85650.949,121164.499,75569.809,61717.379,158462.499,132230.59900000002,20868.759,8164.268,11210.239,72274.909,122247.799,57015.019,192527.59900000002,13450.259,74120.709,16151.749,162597.69900000002,45540.40900000001,14388.399,4389.755999999999,100,100
No Match,None,unmatched,19288,11.879,27.427,202.5,616.9671,,,,1883.228,0,0,3300.372,0,0,0,2624.178,0,5828.849999999999,0,0,2081.4559999999997,2068.4599999999996,0,0,0,0,2943.7839999999997,0,0,6025.547,0,3465.352,1782.621,1726.555,5409.9619999999995,4139.2029999999995,0,0,0,0,3589.52,0,8317.1,0,1450.741,0,6578.389999999999,0,0,0,100,100
No Match,None,unmatched,76342,3.475,30.307,223.76,617.1182,,,,0,0,0,0,0,0,0,0,0,0,0,0,0,0,0,0,0,0,0,0,0,0,0,0,0,0,0,0,0,0,0,0,0,0,0,0,0,0,0,1948.135,0,0,100,100
No Match,None,unmatched,58777,12.047999999999998,27.593,203.615,617.9882500000001,,,,0,0,0,0,0,0,0,0,0,0,0,0,0,0,0,0,0,0,0,0,0,0,0,0,0,0,0,0,0,0,0,0,0,0,0,4588.32,0,0,0,0,0,0,100,100
No Match,None,unmatched,91737,5.589,28.498,210.44,618.913,,,,0,0,0,0,0,0,0,0,0,0,0,0,0,0,0,0,0,0,0,0,0,0,0,0,0,0,0,0,0,0,0,760.7564,0,0,0,0,0,0,0,0,0,0,100,100
No Match,None,unmatched,354,12.9455,24.421,95.3,618.9567,,,,3411434.999,5354880.999,0,5763723.999,7547133.999,631392.399,4142089.999,5260127.999,3449256.999,7796234.999,4144150.999,2562399.999,3435884.999,5161840.999,0,0,0,0,0,0,0,0,0,0,0,0,0,0,0,0,0,0,0,0,0,0,0,0,1315.04,0,0,0,100,100
No Match,None,unmatched,96031,12.946,5.27,39.44,618.9576,,,,0,0,0,0,0,0,0,0,0,0,0,0,0,0,0,0,0,0,0,0,0,0,0,0,0,0,0,0,0,0,0,0,0,0,0,0,0,0,0,0,0,0,100,100
No Match,None,unmatched,80672,12.944,28.99,214.06,618.9698,,,,0,0,0,0,0,0,0,0,0,0,0,0,0,0,0,0,0,0,0,0,0,785.2173,0,0,763.0653,0,0,0,0,0,0,0,0,0,0,0,0,0,0,0,0,0,100,100
No Match,None,unmatched,45852,12.946,27.219,200.85,619.1183,,,,0,0,0,0,0,0,0,0,0,0,0,0,0,0,0,0,0,0,0,0,0,0,0,0,0,0,0,0,0,0,0,0,0,0,0,0,0,0,0,0,0,0,100,100
No Match,None,unmatched,55552,12.946,27.246,201.21,620.0767,,,,0,0,0,0,0,0,0,0,0,0,0,0,0,0,0,0,0,0,0,0,0,0,0,0,0,0,0,0,0,0,0,0,0,0,0,0,0,0,0,0,0,0,100,100
No Match,None,unmatched,75483,5.601,28.546,210.68,620.9073,,,,0,0,1389.65,0,0,0,0,0,0,0,0,0,0,0,0,0,0,0,0,0,0,0,0,0,0,0,0,0,0,0,0,0,0,0,0,0,642.8380000000001,0,0,0,0,0,100,100
No Match,None,unmatched,18703,11.876,26.695,197.06,620.9156,,,,1279.3410000000001,2930.843,0,4127.84,9244.748,0,3219.917,0,0,8623.197,912.9456,0,1306.272,0,0,0,0,0,6610.103999999999,0,0,4457.455,0,4748.603,0,0,6277.331999999999,0,0,0,0,1471.104,4734.763,2569.196,0,0,0,0,4958.919,0,0,0,100,100
No Match,None,unmatched,69735,12.485,26.46,195.33,621.0631,,,,0,0,0,0,0,2188.138,0,0,0,0,0,0,0,0,0,0,0,0,0,0,0,0,0,501.2074,0,0,0,0,0,0,0,0,0,0,0,0,0,0,0,0,0,0,100,100
No Match,None,unmatched,77132,12.946,24.392,180.03,621.0866,,,,0,0,0,0,0,0,0,0,0,1871.132,0,0,0,0,0,0,0,0,0,0,0,0,0,0,0,0,0,0,0,0,0,0,0,0,0,0,0,0,0,0,0,0,100,100
No Match,None,unmatched,68835,11.876,26.655,196.75,622.911,,,,0,0,0,0,0,0,0,0,0,0,0,0,0,0,0,0,0,0,0,0,0,0,0,0,0,0,0,0,0,0,0,0,0,0,0,0,0,0,0,0,0,0,100,100
No Match,None,unmatched,91673,12.062,28.872,213.16,622.9921,,,,0,0,0,0,0,0,0,0,0,0,0,0,0,0,0,0,0,0,0,0,0,0,0,0,0,764.9817,0,0,0,0,0,0,0,0,0,0,0,0,0,0,0,0,100,100
No Match,None,unmatched,2865,12.873,28.066,207.17,623.0534,,,,54034.949,33385.629,55782.989,59095.789000000004,20637.969,46266.90900000001,56653.579000000005,19134.509,42271.039000000004,43517.739,39198.059,65393.249,63319.829000000005,72942.879,38049.669,45582.639,52222.389,50278.789000000004,36767.90900000001,46954.209,40054.15900000001,57220.149000000005,40211.879,40745.799000000006,61718.169,36945.709,44290.839,72565.559,31315.829,62817.679000000004,58389.429000000004,62345.269,90513.459,74073.58899999999,87837.889,90811.799,64968.389,79791.659,82372.22899999999,95315.67899999999,76865.22899999999,70498.739,100,100
No Match,None,unmatched,44946,13.977,29.607,218.46,624.915,,,,0,0,0,0,0,0,0,0,0,4243.483,0,0,0,0,0,0,0,0,0,0,0,0,0,0,0,0,0,0,0,0,0,0,0,0,5264.7789999999995,0,0,0,0,0,0,0,100,100
No Match,None,unmatched,74896,11.803,26.961,199.08,624.9511,,,,0,0,0,0,0,0,0,0,0,0,0,0,0,0,0,0,0,0,0,0,0,0,0,2088.9269999999997,0,0,0,0,0,0,0,0,0,0,0,0,0,0,0,0,0,0,100,100
No Match,None,unmatched,59085,11.21,23.94,176.84,624.9741,,,,0,0,0,0,0,0,0,0,0,0,0,0,0,0,0,0,0,0,0,0,0,0,0,0,893.7287,0,0,0,0,0,0,0,0,0,0,853.3887,1655.463,0,0,1115.832,0,0,100,100
No Match,None,unmatched,73147,11.803,26.987,199.26,625.0568,,,,0,0,0,0,0,0,0,0,0,0,0,0,0,0,0,0,0,0,0,0,0,0,0,2281.589,0,0,0,0,0,0,0,0,0,0,0,0,0,0,0,0,0,0,100,100
No Match,None,unmatched,72878,15.12,29.655,218.9,625.0605,,,,0,0,0,0,0,0,0,0,0,0,0,0,0,0,0,0,0,0,0,0,0,0,0,0,0,0,0,0,0,0,0,0,0,0,0,0,2312.3379999999997,0,0,0,0,0,100,100
No Match,None,unmatched,15368,13.239,27.763,204.91,625.0665,,,,7113.463,1396.779,6502.478,9002.682,2389.2419999999997,0,4880.165,1426.612,0,0,0,7198.5689999999995,2385.765,8333.258,0,3811.272,2451.872,2543.685,0,0,0,1796.49,0,0,0,0,0,0,0,0,2091.0389999999998,4824.804999999999,7151.6449999999995,4354.255999999999,634.8495,1668.55,4649.923,0,2543.279,5010.635,6110.579,1117.759,100,100
No Match,None,unmatched,40407,13.974,29.591,218.3,626.915,,,,0,0,0,0,0,0,0,0,0,5829.606,0,0,0,1124.137,0,0,0,0,0,0,0,0,0,0,0,0,0,0,0,0,0,0,0,0,5373.826,0,0,0,0,0,0,0,100,100
No Match,None,unmatched,81413,11.814,26.934,198.7,626.9753,,,,0,0,0,0,0,0,0,0,0,0,0,1486.645,0,0,0,0,0,0,0,0,0,0,0,0,0,0,0,0,0,0,0,0,0,0,0,0,0,0,0,0,0,0,100,100
No Match,None,unmatched,60324,10.565,22.831,168.67,627.0466,,,,0,0,0,0,0,0,0,0,0,0,0,0,0,0,0,0,0,0,0,0,0,0,0,0,0,0,0,0,0,0,4261.007,0,0,0,0,0,0,0,0,0,0,0,100,100
No Match,None,unmatched,66000,10.567,22.8,168.44,627.0856,,,,0,0,0,0,0,0,0,0,0,0,0,0,0,0,0,0,0,0,0,0,0,0,0,0,0,0,0,0,0,0,3223.9309999999996,0,0,0,0,0,0,0,0,0,0,0,100,100
No Match,None,unmatched,86338,13.315,30.973,228.58,627.9663,,,,0,0,0,0,0,0,0,0,0,0,0,0,0,0,0,0,0,0,0,0,0,0,1103.383,0,0,0,0,0,0,0,0,0,0,0,0,0,0,0,0,0,0,0,100,100
No Match,None,unmatched,75526,13.973,29.735,219.46,628.9152,,,,0,0,0,0,0,0,0,0,0,0,0,0,0,0,0,0,0,0,0,0,0,0,0,0,0,0,0,0,0,0,0,0,0,0,2028.6100000000001,0,0,0,0,0,0,0,100,100
No Match,None,unmatched,30677,12.349,25.136,185.45,628.964,,,,0,0,0,0,0,0,0,0,0,7480.273999999999,0,0,15708.179,0,0,0,0,0,0,0,0,0,0,0,0,0,0,0,0,0,0,0,0,0,0,0,0,0,0,0,0,0,100,100
No Match,None,unmatched,22306,11.843,26.049,192.3,629.0616,,,,0,0,0,0,3735.551,0,0,0,0,3506.453,1991.398,0,0,0,0,0,0,0,0,0,0,1536.613,0,0,2154.245,3219.5299999999997,4320.684,5744.199,0,0,0,3514.173,3623.966,4156.324,4066.3529999999996,0,1342.8700000000001,0,0,3023.0269999999996,0,0,100,100
No Match,None,unmatched,30327,15.652,24.857,183.39,630.9441,,,,0,0,0,0,0,0,0,0,0,0,0,0,0,23805.369,0,0,0,0,0,0,0,0,0,0,0,0,0,0,0,0,0,0,0,0,0,0,0,0,0,0,0,0,100,100
No Match,None,unmatched,8414,11.879,26.873,198.31,630.9445,,,,7920.282,17079.549,0,27523.089,18646.179,0,14101.569,8095.188999999999,9371.648,26886.619,15739.969,8379.215,15611.119,13255.449,0,0,0,0,13111.449,0,2244.046,10728.958999999999,7731.697999999999,14652.839,0,10225.599,17814.969,0,0,0,0,8703.677,14568.649,3504.79,24687.429,1157.034,8705.253,0,17011.319,4382.099999999999,0,0,100,100
No Match,None,unmatched,78639,13.6335,25.676,189.66,630.9532,,,,0,0,0,0,0,0,0,0,0,0,0,0,4435.6,0,0,0,0,0,0,0,0,0,0,0,0,0,0,0,0,0,0,0,0,0,0,0,0,0,0,0,0,0,100,100
No Match,None,unmatched,40779,15.697,24.009,177.445,630.9558,,,,0,0,0,0,0,0,0,0,0,0,0,0,0,0,0,0,0,0,0,0,0,0,0,0,0,0,0,0,0,1501.498,7458.306,0,0,25872.078,0,0,0,12420.048999999999,5610.273999999999,0,0,0,100,100
No Match,None,unmatched,64004,13.313,24.11,178.06,630.9551,,,,0,0,0,0,0,0,0,0,0,0,0,0,0,0,0,0,0,0,0,0,0,0,0,0,0,0,0,0,0,0,0,2078.18,1471.44,0,0,0,0,0,0,0,0,0,100,100
No Match,None,unmatched,91364,15.9035,25.743,189.915,630.95965,,,,0,0,1359.051,1013.89,1322.865,0,0,1225.007,1692.488,0,0,0,1125.717,712.4036,1865.666,0,0,1103.334,1449.219,1395.386,743.0335,0,0,0,0,0,0,0,0,0,578.2836,0,3111.8869999999997,0,0,0,727.8728,0,536.8848,0,0,0,100,100
No Match,None,unmatched,27234,14.337,23.998,179.95499999999998,630.9588,,,,0,83342.22499999999,686934.399,76211.859,111869.499,0,0,5869.664,0,0,0,470876.699,0,0,0,0,0,0,0,0,90634.779,0,113399.499,0,0,0,0,105316.199,9959.687,0,15746.729,2850.249,0,0,0,287080.199,0,0,0,0,0,0,100,100
No Match,None,unmatched,75566,14.173923076923076,25.728,187.80692307692306,630.9615769230769,,,,12409.878999999999,0,0,4761.7409,9000.541,37592.199,14515.4963,46232.97900000001,705.0227,0,0,0,550340.0192,0,28316.799,36156.456600000005,25758.373,37742.153,0,0,14238.0096,73159.898,759.1275,36448.918000000005,0,0,41441.19300000001,0,0,10901.1387,750.206,50582.22900000001,2373.197,876.9291000000001,25980.489,1536.2988,33177.469000000005,46166.969000000005,2314.9616,57064.05500000001,11794.958999999999,0,100,100
No Match,None,unmatched,1643,14.987799999999998,24.776,183.138,630.9597,,,,67637.86,1238556.136,1280248.097,0,1909495.596,679195.799,0,1586280.546,25810.959,0,957939.616,1493099.196,0,0,878393.1980000001,0,0,0,0,0,0,0,1596206.5860000001,0,0,0,1028673.597,0,0,34469.669,111804.688,959899.698,0,0,0,1409733.4960000003,0,0,132789.19900000002,229233.83699999997,54770.269,0,100,100
No Match,None,unmatched,31664,12.952800000000002,24.879,183.61399999999998,630.9602600000001,,,,13843.329,0,80531.17899999999,0,0,0,20547.154,59567.878,0,0,54524.969000000005,71452.129,0,16319.69,0,0,20253.249,14516.419,0,0,0,27948.889,0,22225.889,0,0,87514.129,0,0,0,0,74371.47899999999,0,0,26751.272999999997,90279.33899999999,0,0,0,16884.168999999998,18636.609,0,100,100
No Match,None,unmatched,11656,13.495,24.818,183.21,630.9607,,,,0,18548.379,0,0,0,0,0,21039.889,0,0,0,0,0,0,0,0,0,23232.139,0,0,0,20816.819,0,0,0,0,64374.389,0,0,0,0,0,0,0,31429.559,0,0,0,0,0,0,0,100,100
No Match,None,unmatched,4473,12.35,25.755,186.59,630.9611,,,,1033843.358,1066911.988,1058658.578,1100377.999,1189061.7480000001,1008346.4779999999,1084125.0380000002,1050742.088,1137936.5380000002,5462433.498,1282347.898,1116958.888,9197135.999,1111117.548,1104685.138,1053150.2179999999,1104524.448,1092687.308,1184602.999,1106326.958,1100959.5280000002,1176318.708,1186800.698,1196161.999,1182974.7780000002,1140053.858,1249262.0380000002,1201123.618,1127696.5380000002,1094115.999,1116968.7780000002,1156465.838,1227782.999,1156333.9880000001,1340592.058,1296082.068,1213680.088,1112273.068,1208930.938,1172528.2980000002,1108246.578,1053874.628,100,100
No Match,None,unmatched,77857,12.495,29.218,215.56,630.9618,,,,0,0,0,0,0,0,0,0,0,0,0,0,0,1126.842,0,0,0,0,0,0,0,0,0,0,0,0,0,0,0,0,0,0,676.2342,0,0,0,0,0,0,0,0,0,100,100
No Match,None,unmatched,88139,11.966999999999999,23.625,182.16000000000003,630.9703,,,,0,0,0,0,0,0,0,0,0,0,0,0,772.0021,0,0,985.5579,0,0,0,0,0,0,0,0,0,0,0,0,0,0,0,0,0,0,0,0,0,0,0,0,0,0,100,100
No Match,None,unmatched,80450,12.334,24.858,183.56,631.1194,,,,0,0,0,0,0,0,0,0,0,0,0,0,0,0,0,0,0,0,0,0,0,0,0,0,0,0,0,0,0,0,0,0,0,0,0,0,0,0,0,0,0,0,100,100
No Match,None,unmatched,37845,13.065,23.989,177.14000000000001,631.9658666666667,,,,0,0,0,0,0,0,0,0,0,3432.508,0,0,16096.787,0,0,0,0,0,0,0,0,0,0,0,0,0,0,0,0,0,0,0,0,0,0,0,0,0,0,0,0,0,100,100
No Match,None,unmatched,88648,15.618,24.055,177.65,631.9728,,,,0,0,0,0,0,0,0,0,0,0,0,0,0,0,0,0,0,0,0,0,0,952.0629,0,0,0,0,0,0,0,0,0,0,0,0,0,0,0,0,0,0,0,0,100,100
No Match,None,unmatched,88638,13.162,28.116,207.53,631.9893,,,,0,0,0,0,0,0,0,0,0,0,0,0,0,0,0,0,0,0,0,0,0,0,0,0,952.4983,0,0,0,0,0,0,0,0,0,0,0,0,0,0,0,0,0,100,100
No Match,None,unmatched,88384,12.740428571428572,12.588,190.87999999999997,632.0016714285714,,,,0,0,0,0,0,0,0,0,0,1347.958,0,0,0,0,0,6459.355,0,0,0,0,0,0,0,0,0,0,0,0,0,0,0,0,0,0,0,969.412,0,0,0,0,5176.4929999999995,47182.687,100,100
No Match,None,unmatched,84370,11.078,28.946,214.04500000000002,632.95065,,,,0,0,0,0,0,957.2189000000001,0,0,0,1041.8020000000001,0,0,0,0,0,504.744,0,896.1148000000001,0,0,0,2176.7518,0,0,0,0,0,0,0,0,899.0065000000001,0,987.818,0,0,0,0,0,0,0,0,1397.441,100,100
No Match,None,unmatched,87115,8.993,28.996,213.83,632.9528,,,,0,0,0,0,0,0,0,0,0,0,0,0,1052.023,0,0,0,0,0,0,0,0,0,0,0,0,0,0,0,0,0,0,0,0,0,0,0,0,0,0,0,0,0,100,100
No Match,None,unmatched,76193,10.427,29.039,214.32,632.9594,,,,0,0,0,0,0,0,0,0,0,0,0,0,0,0,0,0,0,0,0,0,0,0,977.4914,0,0,0,0,0,0,0,0,983.3834,0,0,0,0,0,0,0,0,0,0,100,100
No Match,None,unmatched,55730,12.362,24.055,177.47,632.9699,,,,0,0,0,0,0,0,0,0,0,0,0,0,5354.54,0,0,0,0,0,0,0,0,0,0,0,0,0,0,0,0,0,0,0,0,0,0,0,0,0,0,0,0,0,100,100
No Match,None,unmatched,82164,12.388,28.068,207.17,633.0054,,,,0,0,0,0,0,0,0,0,0,0,0,0,0,0,0,0,0,0,0,0,0,0,0,0,0,0,0,0,0,0,0,0,0,0,0,1422.738,0,0,0,0,0,0,100,100
No Match,None,unmatched,20502,0.606,29.334,216.38,635.0714,,,,0,0,0,0,0,0,24380.889,0,0,0,0,0,3484.8639999999996,0,0,0,0,0,0,0,0,0,0,0,0,0,0,0,0,0,0,0,0,0,0,0,19275.109,0,0,8234.494,0,0,100,100
No Match,None,unmatched,77237,12.106,27.595,203.66,637.002,,,,0,0,0,0,0,0,0,0,0,0,0,0,0,0,0,0,0,0,0,0,0,0,0,0,0,0,0,0,0,0,0,0,0,0,1862.638,0,0,0,0,0,0,0,100,100
No Match,None,unmatched,64609,11.067,28.586,210.9,638.9457,,,,0,0,0,0,0,0,0,0,0,0,0,0,940.3797000000001,0,676.4981,0,0,0,0,561.1765,0,0,0,0,0,0,0,0,0,1266.038,0,0,0,0,0,0,0,0,0,0,0,0,100,100
No Match,None,unmatched,2465,13.24,28.533,210.49,639.0807,,,,78803.909,49134.049000000006,77963.50899999999,86254.169,33938.279,55963.579000000005,65711.139,33515.90900000001,45496.789000000004,58635.139,47053.499,85331.939,75920.299,91777.769,43361.399000000005,69704.579,67544.33899999999,69500.269,47748.279,61499.469000000005,50928.039000000004,77325.949,61124.009000000005,56903.47900000001,69569.22899999999,56418.419,57213.599,106956.099,43845.22900000001,76250.769,67717.049,83390.199,131086.69900000002,107901.999,97587.549,79053.389,102468.099,87155.519,105660.299,99345.219,115228.099,69150.099,100,100
No Match,None,unmatched,17932,13.152,28.613,211.03,640.9849,,,,0,0,0,6304.129,6843.394,0,2772.7419999999997,3448.212,0,11815.649,3621.6789999999996,0,0,2105.366,0,0,0,0,0,0,0,0,4453.282,0,1689.338,13021.439,3081.3239999999996,0,0,0,0,0,0,0,0,0,0,0,11710.119,0,0,0,100,100
No Match,None,unmatched,61879,14.53,31.342,231.2,641.0185,,,,0,0,0,0,0,0,0,0,0,0,0,0,0,0,0,0,0,0,0,0,0,0,3948.694,0,0,0,0,0,0,0,0,0,0,0,0,0,0,0,0,0,0,0,100,100
No Match,None,unmatched,80423,13.231,28.595,210.91,641.0756,,,,0,0,0,0,0,0,0,0,0,0,0,0,0,0,0,0,0,0,0,0,0,0,0,0,0,0,0,0,0,0,0,0,0,0,0,0,0,0,0,0,0,0,100,100
No Match,None,unmatched,73590,13.238,28.525,210.48,641.0836,,,,0,0,0,0,0,0,0,0,0,0,0,0,0,0,0,0,0,0,0,0,0,0,0,0,0,0,0,0,0,0,1519.84,0,0,0,0,0,0,0,0,0,0,712.5685,100,100
No Match,None,unmatched,13198,14.941399999999998,30.272,223.558,641.0915600000001,,,,15189.149,3242.785,14189.419,9768.687,84529.63399999999,42744.039000000004,23365.389,20726.049,9897.667,9647.961,47035.679000000004,18452.599,11312.819,8624.402,96755.205,84224.418,52512.663,39626.96200000001,25017.574,88908.04199999999,20771.559,6586.614,40089.887,26928.489,46949.205,24537.089,16364.708999999999,41129.049000000006,91866.114,11357.999,4872.635,0,13367.739,5705.233,21550.013,42939.449,69920.969,15363.048999999999,51199.864,50313.559,52931.01900000001,76462.82800000001,100,100
No Match,None,unmatched,28070,13.516,30.284,223.41,641.0912,,,,0,0,0,0,0,0,0,0,0,0,0,0,0,0,5371.4439999999995,5649.568,3451.3619999999996,3570.683,0,3907.352,0,0,0,0,0,0,0,0,2278.924,0,0,0,0,0,0,1693.9,0,0,0,0,0,2239.256,100,100
No Match,None,unmatched,27854,12.24,26.729,197.2,643.0745,,,,0,5588.79,0,0,2147.435,0,2470.6549999999997,0,0,0,0,0,0,0,0,0,0,0,0,0,0,0,1053.508,0,0,2927.131,0,1961.407,0,0,0,0,0,4124.318,0,0,0,0,4761.6269999999995,3602.6209999999996,0,0,100,100
No Match,None,unmatched,91097,15.131,30.256,223.02,643.0881,,,,0,0,799.3559,0,0,0,0,0,0,0,0,0,0,0,0,0,0,0,0,0,0,0,0,0,0,0,0,0,0,0,0,0,0,0,0,0,0,0,0,0,0,0,100,100
No Match,None,unmatched,77644,12.691,25.273,186.37,643.9695,,,,0,0,0,0,0,0,0,0,0,0,0,0,1824.337,0,0,0,0,0,0,0,0,0,0,0,0,0,0,0,0,0,0,0,0,0,0,0,0,0,0,0,0,0,100,100
No Match,None,unmatched,87047,11.926,12.065,89.38,644.9474,,,,0,0,0,0,0,0,0,0,0,0,0,0,0,0,0,1056.38,0,0,0,0,0,0,0,0,0,0,0,0,0,0,0,0,0,0,0,0,0,0,0,0,0,0,100,100
No Match,None,unmatched,90086,12.988,23.958,176.85,644.9709,,,,0,0,0,0,0,0,0,0,0,0,0,0,0,0,862.6141,0,0,0,0,0,0,0,0,0,0,0,0,0,0,0,0,0,0,0,0,0,0,0,0,0,0,0,100,100
No Match,None,unmatched,93231,11.883,28.664,211.47,645.0001,,,,0,0,0,0,0,0,0,0,0,0,0,0,0,0,0,0,0,0,652.6003000000001,0,0,0,0,0,0,0,0,0,0,0,0,0,0,0,0,0,0,0,0,0,0,0,100,100
No Match,None,unmatched,81015,11.88,27.796,204.91,645.0624,,,,0,0,0,0,0,0,0,0,0,0,0,0,0,0,0,0,0,0,0,0,0,0,0,0,0,0,0,0,0,0,0,0,0,0,0,0,0,0,0,0,0,0,100,100
No Match,None,unmatched,61256,12.041,24.048,177.33499999999998,645.9628,,,,0,0,0,0,0,0,0,0,0,0,0,0,0,0,0,0,0,0,0,0,0,0,0,0,0,0,0,0,0,0,0,0,0,0,0,0,0,0,0,0,0,0,100,100
No Match,None,unmatched,5532,11.878,27.514,202.93,646.9411,,,,14022.949,28881.459,9540.827,27474.668999999998,40523.699,1835.696,22992.159,17746.359,15466.849,44544.129,23893.409,15397.458999999999,10672.519,22451.918999999998,0,1067.046,0,0,42168.859000000004,1906.1100000000001,0,32337.918999999998,16682.039,31501.539,16914.179,24249.039,42586.749,40910.849,1823.861,0,0,14583.798999999999,37072.299000000006,16476.459,52144.049000000006,1388.398,20876.469,0,42823.899000000005,9063.85,0,0,100,100
No Match,None,unmatched,70892,11.209,27.453,202.45,648.9346,,,,0,0,0,0,0,0,0,0,0,1321.167,0,0,0,0,0,0,0,0,0,0,0,0,0,0,0,0,0,1222.755,0,0,0,0,0,0,0,0,0,0,0,0,0,0,100,100
No Match,None,unmatched,95847,10.502,29.085,214.36,650.9484,,,,0,0,0,0,0,0,0,0,0,0,0,0,0,0,0,0,0,0,0,0,0,0,0,0,0,0,0,0,0,0,0,0,0,0,0,0,0,0,0,0,0,0,100,100
No Match,None,unmatched,77231,12.3645,24.931,184.09,650.9674,,,,4051.5,0,0,3741.072,0,4491.284,5073.5,4749.468,3339.096,45126.369000000006,0,4972.597,63342.879,5506.552,4536.358,3134.8379999999997,6231.079,5618.313,2947.211,3374.0179999999996,5284.0289999999995,4526.056,4860.629,4018.712,5475.312,4832.045999999999,6117.217,5991.499,4951.749,0,5031.781,9120.163,4282.612999999999,6248.428,6867.25,7646.648,4962.6449999999995,5443.536999999999,7319.678,4111.579,2942.397,4687.312,100,100
No Match,None,unmatched,80440,8.152,30.102,222.01,650.9769,,,,0,0,0,0,0,0,0,0,0,0,0,0,0,0,0,0,0,0,0,0,0,0,0,0,0,0,0,0,0,849.0931,0,0,718.8956000000001,0,0,0,0,0,0,0,0,0,100,100
No Match,None,unmatched,86818,11.24057142857143,30.196,222.14000000000001,650.9811285714286,,,,992.849,1355.563,2720.652,5407.7723,4549.1519,3693.7945,1378.517,4405.484,852.5114,3596.9739,0,0,0,0,1392.5910000000001,2497.7665,3507.283,2493.7485,4899.8597,0,656.3531,1846.087,0,4672.2171,3722.6169999999997,0,652.3178,0,0,1496.595,0,0,3742.766,3565.1527,1057.902,0,2469.5699000000004,0,2196.8506,1553.686,1237.14,1692.6643,100,100
No Match,None,unmatched,75030,7.028,30.188,222.55,650.9793,,,,0,0,0,0,0,0,0,0,0,0,0,1043.1490000000001,0,0,0,0,0,0,0,0,0,1031.691,0,0,0,0,0,0,0,0,0,0,0,0,0,0,0,0,0,0,0,0,100,100
No Match,None,unmatched,40240,9.720500000000001,30.163,222.275,650.9798,,,,0,0,1637.367,1623.455,1541.385,1631.628,1231.233,596.86,1682.934,0,1220.5620000000001,0,0,1210.958,1977.106,0,1327.632,2902.635,1385.036,2959.4289999999996,0,3448.627,0,559.4961000000001,560.4104,0,0,1328.605,3293.002,2267.7312,1903.107,702.8669,577.0667,0,0,0,1942.4676,0,2183.9809999999998,0,611.7949,1442.2179,100,100
No Match,None,unmatched,62880,0.593,29.52,217.55,651.0456,,,,0,0,0,0,0,0,3760.609,0,0,0,0,0,0,0,0,0,0,0,0,0,0,0,0,0,0,0,0,0,0,0,0,0,0,0,0,0,0,0,0,0,0,0,100,100
No Match,None,unmatched,91870,11.881,27.895,205.77,651.9883,,,,0,0,0,0,0,0,0,0,0,0,0,0,0,0,0,0,0,0,0,0,0,0,0,0,751.2982000000001,0,0,0,0,0,0,0,0,0,0,0,0,0,0,0,0,0,100,100
No Match,None,unmatched,63823,13.131,30.854,227.51,654.8969,,,,0,0,0,0,0,0,0,0,0,0,0,0,0,0,0,1594.21,0,0,0,0,0,0,0,0,1986.69,0,0,0,0,0,0,0,0,0,0,0,0,0,0,0,0,0,100,100
No Match,None,unmatched,76080,11.705,29.429,217.03,654.9804,,,,0,0,0,0,0,0,0,0,0,0,0,0,0,0,0,0,0,0,0,0,0,0,0,0,0,0,0,0,0,0,851.7652,0,0,0,0,0,0,0,0,0,0,1118.289,100,100
No Match,None,unmatched,78868,10.483,29.34,216.37,654.9806,,,,0,0,0,0,0,0,0,0,0,0,0,0,0,0,0,0,0,0,613.5696,0,0,0,0,0,0,0,0,0,0,0,1093.5240000000001,0,0,0,0,0,0,0,0,0,0,0,100,100
No Match,None,unmatched,19592,11.538,29.017,213.98,654.9895,,,,0,0,0,0,0,0,2681.5229999999997,0,0,1955.452,0,0,0,0,4362.803,3565.651,0,0,0,0,0,1305.702,0,2237.1699999999996,2281.037,0,0,4487.687,4301.057,0,2368.033,0,5880.41,4658.994,3946.307,0,1857.029,0,5050.668,0,4771.862999999999,5221.1089999999995,100,100
No Match,None,unmatched,4993,15.067499999999999,30.357,223.51,655.1065,,,,8163.214,4503.219999999999,7046.196,6487.3679999999995,41347.209,31520.299,17408.729,12966.899,0,6245.0109999999995,26690.869,14035.199,0,8199.657,52774.889,47812.869000000006,28406.229,25229.799,15360.139,54382.469000000005,16460.789,5202.432,28921.299,20452.099,26349.139,11685.449,10431.859,35760.489,56857.359000000004,3884.703,3587.031,5325.387,7385.356,0,15374.229,27305.889,51415.849,15175.039,25556.399,34580.749,36440.699,43844.179000000004,100,100
No Match,None,unmatched,84191,5.975,29.979,221.06,656.9884,,,,0,0,0,0,0,0,0,0,0,0,0,0,0,0,0,0,0,0,0,0,0,1259.7740000000001,0,0,0,0,0,0,0,0,0,0,0,0,0,0,0,0,0,0,0,0,100,100
No Match,None,unmatched,38445,10.831857142857142,29.895,220.34285714285716,656.9975142857144,,,,70739.67,23932.496999999996,28215.966999999997,33141.579999999994,27361.2758,15147.059000000001,22915.323999999997,25599.968999999997,49389.801999999996,23909.135,8689.167000000001,16829.52,31121.006,39103.647,5709.692999999999,35652.831,47654.450999999994,63475.526999999995,55517.223,14644.347999999998,2603.915,14614.802,6506.9349999999995,33124.058,25454.921000000002,5723.7519999999995,14404.276999999998,13240.339,14121.089,24008.887,25416.68,45217.168999999994,16556.615,27993.218,19812.326999999997,30333.222999999998,33299.062,20870.679,31209.834,27524.555999999997,64114.80100000001,0,100,100
No Match,None,unmatched,28110,6.782,29.924,220.6,656.9956,,,,0,0,1941.675,0,0,0,4258.103999999999,3682.682,0,0,0,0,0,2473.8689999999997,0,0,0,0,0,0,0,2888.247,0,2143.779,0,0,0,1978.827,1691.133,0,2145.06,0,0,0,0,0,1257.4660000000001,0,0,2480.1679999999997,1113.299,0,100,100
No Match,None,unmatched,27069,8.460999999999999,29.888,220.21,656.99735,,,,1764.471,0,0,0,7149.7029999999995,1701.26,1251.011,867.1114,1732.553,0,6614.307999999999,2659.2619999999997,0,0,0,0,0,0,0,0,0,0,2923.223,0,1141.5140000000001,0,2060.52,0,1526.289,0,0,0,0,2644.995,1371.644,2352.058,0,0,2034.375,0,2072.374,0,100,100
No Match,None,unmatched,14238,10.217500000000001,29.909,220.41,656.9973,,,,19188.189,2608.72,8904.044,14957.363,2737.7799999999997,5578.191,15989.983,0,5911.795999999999,15961.823,6546.682,6344.1669999999995,14213.804,3836.6809999999996,6058.2609999999995,3386.5029999999997,17737.083,14401.229,5668.621999999999,0,3462.6139999999996,16432.108,4393.713,7320.075,5655.268,0,5950.914,4718.437,7925.384,9579.141,4046.1389999999997,8426.425,10352.541000000001,0,4688.405,0,12686.249,9385.497,9984.021,10379.811,11666.119,15320.882,100,100
No Match,None,unmatched,66631,6.228,29.922,220.64,657.0027,,,,0,0,0,0,0,0,0,0,0,0,0,0,0,0,0,0,0,0,0,0,0,0,0,0,0,0,0,0,0,0,0,0,0,0,0,983.3276000000001,0,0,0,0,2148.591,0,100,100
No Match,None,unmatched,52820,11.54,28.773,212.14,657.9655,,,,0,0,0,0,0,0,0,0,0,0,0,0,1112.445,0,0,0,0,0,0,0,0,0,0,0,0,0,0,0,0,0,0,0,2114.2729999999997,0,0,0,0,0,1194.9560000000001,1791.121,0,0,100,100
No Match,None,unmatched,11592,13.128,30.895,227.74,658.8964,,,,0,0,0,0,0,0,0,1111.92,5643.505999999999,10489.219,0,8900.85,0,1921.9080000000001,0,13792.378999999999,6928.959,0,3687.3979999999997,3879.769,3263.3779999999997,0,0,17589.639,7468.903,0,3533.207,16666.539,15306.719,3612.433,0,13697.619,6233.987,0,11403.909,3050.1949999999997,1456.262,16994.729,0,0,4547.384,0,100,100
No Match,None,unmatched,70205,13.159,28.974,213.8025,659.0304,,,,0,0,0,0,0,0,0,0,0,0,0,0,0,0,0,30380.915,0,0,0,0,0,0,0,0,0,0,0,0,0,0,0,0,0,3149.0269999999996,0,72987.046,0,0,0,0,13443.416,18527.676,100,100
No Match,None,unmatched,30785,13.204,27.538,203.06,660.0693,,,,0,0,0,0,0,0,0,0,0,2381.5179999999996,0,0,0,521.0864,0,0,1792.281,0,3110.0409999999997,0,790.206,0,0,1333.739,3174.1549999999997,0,0,0,0,0,3001.028,0,0,0,0,4659.188,0,1229.167,1043.082,0,0,0,100,100
No Match,None,unmatched,80081,13.201,26.197,193.23,660.0722,,,,0,0,0,0,0,0,0,0,0,0,0,0,0,0,0,0,0,0,0,0,0,0,0,0,0,0,0,0,0,0,0,0,0,0,0,1600.537,0,0,0,0,0,0,100,100
No Match,None,unmatched,38051,13.126,30.915,227.91,660.8969,,,,0,0,0,0,0,0,0,0,0,0,0,0,0,0,0,2755.9919999999997,0,2929.48,0,0,0,0,0,2544.4939999999997,0,0,0,2354.3959999999997,0,0,0,0,0,0,725.8954,0,0,2897.7189999999996,0,0,0,0,100,100
No Match,None,unmatched,5389,11.88,28.372,209.16,660.9531,,,,13972.659,37464.40900000001,0,34705.419,45602.149000000005,0,28613.219,19040.199,21678.889,44199.769,25397.469,18484.209,0,25215.009,5815.907,1927.301,2530.1769999999997,0,41299.47900000001,6016.665,0,35233.619000000006,24182.429,35618.959,16790.989,11740.149,45031.919,39369.129,3402.153,0,0,18052.279,32162.619,16234.529,57911.65900000001,0,22530.889,0,42475.319,0,3349.6679999999997,0,100,100
No Match,None,unmatched,94935,12.614,27.058,199.55,661.1006,,,,0,0,0,0,0,0,0,0,0,0,0,0,0,0,0,0,0,0,0,0,0,0,0,0,0,0,0,0,0,0,0,0,0,0,0,0,0,0,0,0,0,0,100,100
No Match,None,unmatched,50906,14.864,24.821,182.97,662.9625,,,,0,0,1893.021,0,0,2233.354,0,0,1055.336,0,0,0,838.399,0,854.4797,0,0,0,0,0,0,0,0,0,0,0,0,0,0,0,0,0,0,0,0,0,0,0,0,0,0,0,100,100
No Match,None,unmatched,52857,15.329666666666668,24.723,182.70000000000002,662.9668666666668,,,,0,0,3777.107,0,0,845.4958,0,1292.958,0,0,0,1545.635,623.1468,0,2939.0209999999997,0,0,0,0,0,0,0,0,0,0,0,0,1017.8870000000001,0,0,0,772.546,0,0,0,0,0,0,0,0,0,0,100,100
No Match,None,unmatched,18615,12.641,24.765,182.735,662.96625,,,,21583.149,25065.949,25628.979,19468.359,21804.918999999998,23793.863999999998,24366.369,26769.68,21417.959,91392.61799999999,22736.069,30033.998999999996,149334.821,26825.002,23996.239,22420.779,23231.363999999998,28131.407999999996,22476.918999999998,25704.339,21078.469,18704.719,17763.289,22700.909,27345.809,18943.079,12278.639,18676.362,18439.409,18093.5817,23123.769,0,20569.259,28744.629,23192.742499999997,42686.69300000001,25577.227,26037.559,26581.81,22772.009,24464.875,25760.829,100,100
No Match,None,unmatched,92662,13.363,24.739,182.33,662.9661,,,,0,0,0,0,0,0,0,0,0,0,0,0,696.5823,0,0,0,0,0,0,0,0,0,0,0,0,0,0,0,0,0,0,0,0,0,0,0,0,0,0,0,0,0,100,100
No Match,None,unmatched,5021,12.721,25.738,190.20999999999998,662.9679,,,,17310.849,17780.829,17095.039,18036.399,18790.509,17885.179,17778.159,22164.099,17667.389,67394.099,16501.439,15804.229,122201.321,20055.129,21299.349,19255.289,17929.149,16101.009,14975.229,15908.059,16307.339,18592.369,15306.069,20393.179,19321.529,16087.179,19481.969,13874.069,18907.809,15509.539,21858.349,17011.119,16068.849,15831.479,21844.049,27617.679,14847.458999999999,16436.549,0,17713.089,19523.999,12917.059,100,100
No Match,None,unmatched,80434,12.706,24.702,182.23,662.9752,,,,0,0,0,0,0,0,0,0,0,0,0,0,0,0,0,0,0,0,1569.011,0,0,0,0,0,0,0,0,0,0,0,0,0,0,0,0,0,0,0,0,0,0,0,100,100
No Match,None,unmatched,83765,12.962,27.174,200.38,664.9575,,,,0,0,0,0,0,0,0,0,0,0,0,0,0,0,0,0,0,0,1294.655,0,0,0,0,0,0,0,0,0,0,0,0,0,0,0,0,0,0,0,0,0,0,0,100,100
No Match,None,unmatched,19454,12.456,29.534,217.63,666.9621,,,,1500.613,2068.595,0,5203.574,9417.77,0,5499.445,1887.549,0,0,0,0,1820.63,0,0,0,0,0,0,0,0,0,0,0,1258.108,0,7454.504,6055.237,0,0,0,1707.343,7337.187,0,7948.397,0,2806.361,0,0,0,0,0,100,100
No Match,None,unmatched,4778,13.374,28.471,209.85,669.9605,,,,0,0,50852.119000000006,0,0,54370.339,0,0,0,0,0,52532.399000000005,0,0,63380.299000000006,60345.749,54844.589,58400.449,0,60122.559,66102.75899999999,0,0,0,0,0,0,0,69528.129,61098.749,53114.259000000005,0,0,0,0,67046.39899999999,0,64806.889,0,0,68162.069,54001.059,100,100
No Match,None,unmatched,70441,13.987,31.539,232.44,670.013,,,,0,0,0,0,0,0,0,0,0,0,0,0,0,0,0,0,0,0,0,0,0,0,0,0,0,0,0,0,0,0,0,0,923.9088,0,1674.528,0,0,0,0,0,0,0,100,100
No Match,None,unmatched,69566,13.37,25.572,188.58,670.0706,,,,0,0,0,0,0,0,0,0,0,0,0,0,0,0,0,0,0,0,0,0,0,0,0,0,0,0,0,0,0,0,0,0,0,0,0,0,0,0,0,0,0,0,100,100
No Match,None,unmatched,10855,11.881,29.498,217.37,671.0181,,,,5676.57,4295.420999999999,0,4221.994,2676.0429999999997,8598.904,0,3167.586,4568.601,4267.648,3643.4599999999996,7319.503,5875.0289999999995,0,0,2932.5429999999997,4236.651,0,3993.0119999999997,3991.8559999999998,0,4474.985,4725.014,0,4190.456,5598.663,0,10019.529,6817.624,5683.539,4362.776,4439.534,9854.858,7699.695,0,16930.029,10899.119,11915.909,9306.225,0,9023.641,10837.389,100,100
No Match,None,unmatched,21791,13.993,31.578,232.66,672.007,,,,0,0,0,0,1849.694,0,0,0,3610.5249999999996,0,0,0,0,2259.644,0,973.3646,0,0,0,0,0,0,2211.442,7810.449,0,1657.541,4803.422,6817.755,0,0,0,0,9295.69,0,7076.74,0,0,0,0,0,0,0,100,100
No Match,None,unmatched,69283,10.748,23.181,170.99,672.9426,,,,0,0,0,0,0,0,0,0,0,0,0,0,0,0,0,0,0,0,0,0,0,0,0,0,0,0,0,0,0,0,2752.278,0,0,0,0,0,0,0,0,0,0,0,100,100
No Match,None,unmatched,76486,10.754,23.159,170.83,672.9843,,,,0,0,0,0,0,0,0,0,0,0,0,0,0,0,0,0,0,0,0,0,0,0,0,0,0,0,0,0,0,0,1932.765,0,0,0,0,0,0,0,0,0,0,0,100,100
No Match,None,unmatched,86539,12.53,25.538,188.15,672.9898,,,,0,0,0,0,0,0,0,0,0,0,0,0,1090.594,0,0,0,0,0,0,0,0,0,0,0,0,0,0,0,0,0,0,0,0,0,0,0,0,0,0,0,0,0,100,100
No Match,None,unmatched,64267,11.877,29.296,215.87,673.993,,,,0,0,0,0,0,0,0,0,0,0,1345.207,0,0,0,0,0,0,0,0,0,0,0,0,0,0,0,0,0,0,0,0,0,0,990.8989,0,1169.8,0,0,0,0,0,0,100,100
No Match,None,unmatched,39976,13.989,31.586,232.76,674.0053,,,,0,0,0,0,0,0,0,0,0,0,0,0,0,0,0,0,0,0,0,0,0,0,1307.288,4127.986,0,0,1869.281,0,0,0,0,0,2664.89,0,2666.549,0,0,0,0,0,0,0,100,100
No Match,None,unmatched,59970,12.694,26.458,194.9,674.9502,,,,0,0,0,0,0,0,0,0,0,1813.673,0,0,2519.307,0,0,0,0,0,0,0,0,0,0,0,0,0,0,0,0,0,0,0,0,0,0,0,0,0,0,0,0,0,100,100
No Match,None,unmatched,53731,11.83,24.88,183.41,674.9715,,,,0,0,0,0,0,0,0,0,0,764.6517,0,0,1457.23,0,0,0,0,0,0,570.1772,0,0,0,0,0,0,0,0,0,0,0,0,0,0,0,1065.276,0,914.4581000000001,0,0,1146.924,0,100,100
No Match,None,unmatched,90807,11.881,29.074,214.12,674.9722,,,,0,0,0,0,0,0,0,0,0,817.5945,0,0,0,0,0,0,0,0,0,0,0,0,0,0,0,0,0,0,0,0,0,0,0,0,0,0,0,0,0,0,0,0,100,100
No Match,None,unmatched,77579,12.756,28.918,213.14,675.0292,,,,0,0,0,0,0,0,0,0,0,0,0,0,0,0,0,0,0,0,0,0,0,0,0,0,0,0,0,0,0,0,0,0,0,0,0,1829.76,0,0,0,0,0,0,100,100
No Match,None,unmatched,95008,15.244,24.676,181.96,676.9616,,,,0,0,0,0,0,0,0,0,0,0,0,0,0,0,0,0,0,0,0,0,0,0,0,0,0,0,0,0,0,0,0,0,0,0,0,0,0,0,0,0,0,0,100,100
No Match,None,unmatched,68456,12.272,24.871,183.41333333333333,676.9654333333333,,,,7934.773999999999,7781.469999999999,8686.319,10760.119,6252.826,6101.227,6682.9039999999995,8454.708,6476.096,54801.789000000004,11261.519,7231.139,109686.481,7007.031,7105.9929999999995,10237.279,7968.170999999999,6113.188999999999,6875.906,10296.409,9146.778,10351.399,5963.0199999999995,9444.798,7739.677,5056.688999999999,8230.057999999999,8162.754,5963.419,8083.424,0,9718.891,0,8767.378999999999,8077.611,10926.499,9199.9,0,0,8368.087,6239.496,8251.717,100,100
No Match,None,unmatched,38185,13.027,27.225,200.62,678.9222,,,,0,0,0,0,3105.8529999999996,0,0,1326.284,0,0,0,0,0,0,0,0,0,0,0,0,0,0,0,0,0,761.7029,0,0,0,0,0,0,2001.092,0,5121.715,0,1772.93,0,0,0,0,0,100,100
No Match,None,unmatched,79722,12.809,25.17,185.41,678.9618,,,,0,0,0,0,0,0,0,0,0,0,0,0,1631.119,0,0,0,0,0,0,0,0,0,0,0,0,0,0,0,0,0,0,0,0,0,0,0,0,0,0,0,0,0,100,100
No Match,None,unmatched,46955,12.81,26.792,197.32,678.9625,,,,0,0,0,0,0,0,0,0,0,2145.16,0,0,6365.121999999999,0,0,0,0,0,0,0,0,0,0,0,0,0,0,0,0,0,0,0,0,0,0,0,0,0,0,0,0,0,100,100
No Match,None,unmatched,65049,12.8,26.146,192.58,678.9649,,,,0,0,0,0,0,0,0,0,0,0,0,0,3372.7369999999996,0,0,0,0,0,0,0,0,0,0,0,0,0,0,0,0,0,0,0,0,0,0,0,0,0,0,0,0,0,100,100
No Match,None,unmatched,38872,15.204,25.734,189.71,680.942,,,,0,0,0,0,0,0,0,0,0,0,0,0,0,0,0,0,0,0,0,0,0,0,0,0,0,0,0,0,0,0,0,0,0,0,0,6461.862,0,0,0,0,0,7009.442,100,100
No Match,None,unmatched,93139,13.946,25.241,186.09,680.9433,,,,0,0,0,0,0,0,0,0,0,0,0,0,0,0,0,0,0,0,0,0,0,0,0,0,0,0,0,0,0,0,0,0,0,0,0,0,0,0,660.1220000000001,0,0,0,100,100
No Match,None,unmatched,46848,15.007,25.213,185.8,680.9509,,,,0,0,0,0,0,0,2847.4469999999997,0,0,0,0,0,0,0,0,5706.567,0,0,0,0,0,0,0,0,0,0,0,0,0,0,0,0,0,0,0,0,0,0,0,0,0,0,100,100
No Match,None,unmatched,4392,14.992222222222223,25.89,191.61444444444444,680.9569444444445,,,,0,1406735.4959999998,1139844.1970000002,0,1631591.0350000001,55446.099,30965.879,1239680.5860000001,30367.179,1015933.744,713127.997,1100292.486,685.7285,83310.258,1682335.497,0,73849.75899999999,28835.349,22022.459,171287.80700000003,0,94430.11899999999,623167.399,77075.07800000001,1071787.916,700035.598,1278149.2850000001,100286.618,33468.339,56233.598,27527.529,1544645.814,0,811363.277,0,35010.47900000001,0,28247.229,50213.839,87776.528,51374.65900000001,52660.559,100,100
No Match,None,unmatched,24608,13.413000000000002,25.895,190.1888888888889,680.9579666666666,,,,1802886.8860000002,1844483.438,1964088.9762000002,1792106.268,2009168.999,1834176.036,1767842.664,1893243.999,1891682.8560000001,5002338.888,1983671.191,1882762.138,7992147.998,1873509.952,2022415.5330000003,1712651.379,1717425.999,1779367.296,1860565.4668999999,1695655.2480000001,1662711.2680000002,2007892.327,1778961.999,1860718.0180000002,1900930.4980000001,1809655.999,1928334.2170000002,1892440.533,1924431.9960000003,1711305.348,1822432.618,1837599.3630000001,1990879.2240000002,1894662.089,1983992.999,2274890.428,1918083.6837000002,1841266.7880000002,1902856.999,1865843.999,1890123.198,1735557.958,100,100
No Match,None,unmatched,78410,13.141,26.756,197.22,680.9554,,,,0,0,0,0,0,0,0,0,0,0,0,0,0,0,0,0,0,0,0,0,0,0,0,0,0,0,0,0,0,524.7867,0,0,0,0,0,0,0,0,0,0,0,0,100,100
No Match,None,unmatched,58508,15.728,26.937,198.45499999999998,680.9575500000001,,,,0,1391.772,1142.971,0,0,0,0,774.6969,0,0,0,507.49850000000004,1792.8617,0,0,0,0,701.5147000000001,0,0,0,0,0,672.5674,0,0,0,0,0,0,0,1572.373,684.8156,0,753.8302,0,0,0,0,0,0,0,100,100
No Match,None,unmatched,61557,13.78125,25.298,186.14999999999998,680.9591,,,,0,0,0,4142.8511,0,0,0,1573.27,0,0,0,0,0,0,0,1987.828,0,4036.0843999999997,0,0,10384.779999999999,0,2696.598,4516.59,0,0,0,3360.102,0,0,0,0,0,0,0,0,0,0,0,2342.0469999999996,0,991.2903,100,100
No Match,None,unmatched,83882,8.035,29.773,219.21,680.9563,,,,0,0,0,0,0,0,0,0,0,780.9655,0,0,0,503.7611,0,0,0,0,0,0,0,0,0,0,0,0,0,0,0,0,0,0,0,0,0,0,0,0,0,0,0,0,100,100
No Match,None,unmatched,68135,14.7135,26.822,198.22500000000002,680.95835,,,,0,0,0,0,0,0,0,0,0,0,0,0,2461.8266000000003,0,0,0,0,0,0,0,0,0,0,0,0,0,0,0,0,0,0,0,670.6854000000001,0,0,0,0,0,0,0,0,0,100,100
No Match,None,unmatched,10290,11.834,25.146,184.395,680.9574,,,,22246.059,678.1484,0,21828.239,21152.719,27033.915,0,0,0,65768.39,1843.8020000000001,0,2561.5879999999997,0,0,0,0,1021.294,0,0,3704.602,1969.579,22394.918999999998,0,13424.689,0,0,18840.129,0,1020.615,0,0,0,0,15065.829,6630.081,0,0,0,0,0,0,100,100
No Match,None,unmatched,58005,9.961,29.817,219.68,680.958,,,,0,0,0,0,0,0,970.5231,0,0,0,0,0,0,0,0,0,0,1276.912,0,0,0,1337.244,0,0,0,0,0,712.1336,0,0,0,0,0,0,0,0,0,0,0,0,0,0,100,100
No Match,None,unmatched,65027,11.317,29.904,220.28,680.9592,,,,0,0,0,0,837.2945,0,0,0,0,0,523.5579,0,0,0,0,853.3839,0,0,562.7409,599.4698000000001,0,0,0,0,0,0,0,0,0,0,0,0,0,0,0,0,0,0,0,0,0,0,100,100
No Match,None,unmatched,81258,15.85,25.103,184.99,680.9594,,,,0,0,0,0,0,0,0,0,0,647.1868000000001,0,0,0,0,0,0,0,852.1357,0,0,0,0,0,0,0,0,0,0,0,0,0,0,0,0,0,0,0,0,0,0,0,0,100,100
No Match,None,unmatched,90569,13.174,24.65,181.58,680.961,,,,0,0,831.9333,0,0,0,0,0,0,0,0,0,0,0,0,0,0,0,0,0,0,0,0,0,0,0,0,0,0,0,0,0,0,0,0,0,0,0,0,0,0,0,100,100
No Match,None,unmatched,89216,9.879,29.813,219.68,680.9657,,,,0,0,0,0,0,0,0,0,0,0,0,0,0,0,0,0,0,0,0,0,0,0,0,0,0,0,0,0,0,0,0,0,0,917.4143,0,0,0,0,0,0,0,0,100,100
No Match,None,unmatched,92201,14.755,27.082,199.45,680.9684,,,,0,0,0,0,0,0,0,0,0,0,0,0,727.4977,0,0,0,0,0,0,0,0,0,0,0,0,0,0,0,0,0,0,0,0,0,0,0,0,0,0,0,0,0,100,100
No Match,None,unmatched,9617,3.993,32.539,239.63,681.0543,,,,17761.089,0,15900.789,16729.559,0,0,20429.489,12625.539,0,0,0,14343.919,15586.239,13770.109,0,0,0,1294.843,0,0,0,19485.479,0,1433.26,0,0,0,0,0,3769.2839999999997,0,0,18987.149,2595.2799999999997,0,0,22609.839,2921.3039999999996,22531.509,31169.979,0,7047.722,100,100
No Match,None,unmatched,67830,13.036,25.529,188.12,681.9658,,,,0,0,0,0,0,0,0,0,0,0,0,0,0,0,0,0,0,0,0,0,0,0,0,0,0,0,0,0,0,0,0,0,0,0,0,0,0,0,0,0,0,0,100,100
No Match,None,unmatched,77059,12.805,25.783,190.06,682.0464,,,,0,0,0,0,0,0,0,0,0,0,0,0,0,0,0,0,0,0,0,0,0,0,0,0,0,0,0,0,0,0,0,0,0,0,0,0,0,0,0,0,0,0,100,100
No Match,None,unmatched,88798,13.439,26.147,192.56,684.9233,,,,0,0,0,0,0,0,0,0,0,943.178,0,0,0,0,0,0,0,0,0,0,0,0,0,0,0,0,0,0,0,0,0,0,0,0,0,0,0,0,0,0,0,0,100,100
No Match,None,unmatched,77743,13.447,26.227,193.31,684.9336,,,,0,0,0,0,0,0,0,0,0,0,0,0,0,0,0,0,0,0,0,0,0,0,0,0,0,800.2276,0,1014.248,0,0,0,0,0,0,0,0,0,0,0,0,0,0,100,100
No Match,None,unmatched,3535,3.991,32.068,236.14,687.0698,,,,94770.549,22841.059,84721.139,74515.75899999999,5313.295999999999,16072.479,98103.659,59445.399000000005,78462.319,2217.8329999999996,0,71236.519,66995.03899999999,71341.019,22367.149,16631.549,19033.309,23931.039,8104.9259999999995,0,15539.919,95745.629,0,23926.789,0,0,2071.696,7639.974,25633.699,41379.049000000006,17722.439,8808.992,92431.39899999999,19818.369,3634.134,7796.657,104008.999,26193.459,106546.699,131394.499,28234.889,47744.599,100,100
No Match,None,unmatched,81966,12.57,25.401,187.06,688.9707,,,,0,0,0,0,0,0,0,0,0,0,0,0,1439.053,0,0,0,0,0,0,0,0,0,0,0,0,0,0,0,0,0,0,0,0,0,0,0,0,0,0,0,0,0,100,100
No Match,None,unmatched,75172,3.991,32.116,236.37,689.0647,,,,0,0,0,0,0,634.836,0,0,0,0,0,0,0,0,0,0,0,0,0,0,0,0,0,0,0,0,0,0,0,0,0,0,0,0,0,0,0,0,0,0,0,0,100,100
No Match,None,unmatched,83923,7.334,26.959,198.65,692.06,,,,0,0,0,0,0,0,0,0,0,0,0,0,0,0,0,0,0,0,0,0,0,0,0,0,0,0,0,0,0,0,0,0,0,0,0,1281.808,0,0,0,0,0,0,100,100
No Match,None,unmatched,51148,3.98,32.172,236.92,695.0553,,,,0,0,0,0,0,0,0,0,0,0,0,0,0,0,1660.127,0,0,0,0,0,1514.163,0,0,0,766.5694,0,0,2093.086,0,0,0,0,0,0,0,748.5407,0,0,0,0,0,0,100,100
No Match,None,unmatched,82952,12.473,29.084,214.23,695.9588,,,,0,0,0,0,0,0,0,0,0,0,0,0,0,0,0,0,0,0,0,0,0,0,0,0,0,0,0,0,0,0,0,0,0,0,0,0,0,0,1360.068,0,0,0,100,100
No Match,None,unmatched,78776,12.449,28.74,211.7,696.9447,,,,0,0,0,0,0,0,0,0,0,0,0,0,0,0,0,0,0,0,0,0,0,0,0,0,0,0,0,0,0,0,0,0,0,0,1715.731,0,0,0,0,0,0,0,100,100
No Match,None,unmatched,11039,13.757,26.806,197.44,696.9521,,,,0,10196.458999999999,1937.345,6577.642,19912.179,0,2003.8600000000001,0,2687.872,16079.589,0,0,3268.241,6113.456,1157.2640000000001,0,0,0,0,0,982.9128000000001,6049.849,8869.358,9170.348,5370.094,6809.4259999999995,15873.159,13783.208999999999,0,0,0,4759.826,12553.519,6771.773,22268.799,0,3168.524,0,12615.189,0,0,0,100,100
No Match,None,unmatched,87086,12.459,28.953,213.26,696.9674,,,,0,0,0,0,0,0,0,0,0,0,0,0,0,0,0,0,0,0,0,0,0,0,0,0,0,0,0,0,0,0,0,0,0,0,0,0,0,1054.018,0,0,0,0,100,100
No Match,None,unmatched,91908,13.17,28.375,209.02,696.9684,,,,0,0,0,0,0,0,0,0,0,0,0,0,0,0,0,0,0,0,0,0,0,0,0,0,0,0,0,0,0,0,0,0,0,0,0,0,0,747.52,0,0,0,0,100,100
No Match,None,unmatched,40826,11.132454545454545,30.281,222.72363636363633,696.9891636363637,,,,9139.7935,5507.9,4836.7451,12251.047999999999,6386.1929,4285.881,9725.492,11289.277699999999,7510.094,15151.0974,8462.055999999999,14922.297099999998,10555.3822,0,5946.5288,1907.632,3212.9299,4698.915999999999,4313.034,16960.831,2021.7343999999998,7599.227,5326.173000000001,6078.007699999999,3405.0825999999997,0,5988.7485,1539.728,12951.560000000001,10008.813199999999,19975.876,3241.5240000000003,9769.493,6397.672,2409.284,2203.8779999999997,2819.4359999999997,10611.044599999997,8652.372,8925.2196,11671.531599999998,3598.897,100,100
No Match,None,unmatched,79451,8.105,30.184,222.22,696.9861,,,,731.8258000000001,0,0,0,0,0,0,0,0,0,0,0,0,0,0,0,0,0,0,0,0,0,0,0,0,0,0,0,0,0,0,0,0,0,0,0,0,0,923.4542,0,0,0,100,100
No Match,None,unmatched,29486,9.1685,30.253,222.845,696.98765,,,,0,1702.361,1388.045,1954.314,0,1519.555,1373.318,1706.1994000000002,0,0,0,1480.165,0,0,0,571.1155,1301.497,2301.904,0,1503.238,0,0,0,3027.25,3020.094,0,0,0,0,1724.938,0,0,0,0,1594.44,1366.713,643.058,1987.133,0,2627.013,0,1720.018,100,100
No Match,None,unmatched,95206,6.705,30.198,222.41,696.9868,,,,0,0,0,0,0,0,0,0,0,0,0,0,0,0,0,0,0,0,0,0,0,0,0,0,0,0,0,0,0,0,0,0,0,0,0,0,0,0,0,0,0,0,100,100
No Match,None,unmatched,37764,9.913,30.241,222.65,696.9883,,,,0,0,0,1425.7160000000001,1048.601,0,0,1604.13,0,0,0,1173.277,693.1534,0,0,1363.025,0,0,0,0,0,1090.448,0,0,1111.032,0,0,0,941.9913,0,1244.138,0,0,0,984.3847000000001,0,1768.6000000000001,0,0,0,0,0,100,100
No Match,None,unmatched,82611,11.84,30.32,223.3,697.0011,,,,0,0,0,0,0,0,0,0,0,0,0,0,0,0,0,0,0,0,0,0,0,0,0,0,0,0,1388.113,0,0,0,0,0,0,0,0,0,0,0,0,0,0,0,100,100
No Match,None,unmatched,53517,12.262,28.739,211.63,697.1053,,,,0,0,0,0,0,0,0,0,0,1412.7450000000001,0,1237.642,0,0,0,0,894.0014,0,0,0,903.3048,0,0,0,0,0,0,1534.112,0,0,0,0,0,0,0,0,0,0,0,0,0,0,100,100
No Match,None,unmatched,8189,11.879,28.663,211.05,698.9308,,,,5877.42,17202.149,0,17080.849,21977.609,0,13407.909,10763.199,0,26959.439,11828.659,9101.131,4532.465,11610.939,0,0,0,0,17865.089,0,1326.089,14044.208999999999,9426.958,13390.259,9075.373,13490.719,24774.739,17303.119,0,0,0,6354.0289999999995,18621.109,7961.297,24634.639,0,9828.074,0,21243.659,0,0,0,100,100
No Match,None,unmatched,62474,14.567,31.576,232.38,699.07875,,,,0,0,0,0,5318.218,1529.9080000000001,0,0,0,0,0,0,0,0,11427.95,10521.569,0,2137.6319999999996,0,7929.418,0,0,0,0,1111.262,0,0,3615.5119999999997,11491.529,0,0,0,0,0,0,1348.315,3184.54,0,0,0,5817.806,3478.325,100,100
No Match,None,unmatched,67440,15.141,31.541,232.26,699.0792,,,,0,0,0,0,0,0,0,0,0,0,0,0,0,0,3009.861,0,0,0,0,0,0,0,0,0,0,0,0,0,0,0,0,0,0,0,0,0,0,0,0,0,0,0,100,100
No Match,None,unmatched,85805,12.692,26.841,197.73,700.93,,,,0,0,0,0,0,0,0,0,0,0,0,0,0,0,0,0,0,0,0,0,1140.317,0,0,0,0,0,0,0,0,0,0,0,0,0,0,0,0,0,0,0,0,0,100,100
No Match,None,unmatched,6610,12.81,26.006,191.55,700.9648,,,,0,0,12818.829,9645.860999999999,14291.749,0,11149.729,10518.119,13180.369,45422.459,10323.949,13614.589,63702.22900000001,12736.059,12385.859,9833.567,13822.969,0,13021.389,12456.099,13833.839,12915.179,10149.729,10304.048999999999,10325.019,12334.409,13663.839,12963.179,0,11107.999,15214.529,13645.759,16142.339,10974.199,19284.039,13811.839,11646.798999999999,0,10774.149,14436.519,10364.149,12046.769,100,100
No Match,None,unmatched,25263,14.499,32.66,240.46,700.9833,,,,0,0,0,0,0,0,0,0,0,0,0,0,0,0,0,0,0,0,0,0,0,0,35319.40900000001,0,0,0,0,0,0,0,0,0,0,0,0,0,0,0,0,0,0,0,100,100
No Match,None,unmatched,60445,12.878,29.738,218.95,701.032,,,,0,0,0,0,0,0,0,0,0,0,0,0,0,801.4338,0,0,0,0,0,0,0,0,0,0,0,0,0,0,0,0,0,905.273,2528.0699999999997,0,0,0,0,0,0,0,0,0,100,100
No Match,None,unmatched,78058,12.664,28.643,210.79,701.1093,,,,0,0,0,0,0,0,0,0,1783.128,0,0,0,0,0,0,0,0,0,0,0,0,0,0,0,0,0,0,0,0,0,0,0,0,0,0,0,0,0,0,0,0,0,100,100
No Match,None,unmatched,38870,12.605,28.721,211.23000000000002,701.11705,,,,2495.04,1327.029,1350.55,0,3428.988,1302.2350000000001,2173.7007,726.9535000000001,1943.1870000000001,1985.54,1961.291,1514.113,0,0,2954.457,2873.774,6066.824,0,0,0,0,0,3102.647,0,0,0,2295.02,3376.778,0,3257.708,3932.5778999999993,3128.582,3836.7519999999995,1995.067,0,3587.819,0,3459.283,0,1242.614,0,0,100,100
No Match,None,unmatched,17056,12.948,29.489,217.1,702.944,,,,0,0,0,0,11580.669,0,0,0,616.0931,5411.924,0,0,0,6294.291,0,0,0,0,0,0,0,0,0,1785.685,0,0,0,12380.339,0,0,0,0,13031.499,3365.919,9001.405,0,4938.138,0,13673.359,0,0,0,100,100
No Match,None,unmatched,65822,14.516,32.042,235.91,702.9828,,,,0,0,0,0,0,0,0,0,0,0,0,0,0,0,0,0,0,0,0,0,0,0,3250.031,0,0,0,0,0,0,0,0,0,0,0,0,0,0,0,0,0,0,0,100,100
No Match,None,unmatched,27425,3.996,31.309,230.44,703.047,,,,0,0,3197.1259999999997,0,0,0,0,0,3413.787,0,0,0,2703.754,851.7584,0,0,0,0,0,0,0,4365.0599999999995,0,0,0,0,0,0,0,0,0,0,4747.132,0,0,0,3949.8929999999996,0,0,6415.6539999999995,0,0,100,100
No Match,None,unmatched,67728,13.52,30.465,224.15,704.9482,,,,0,2971.451,0,0,0,0,0,0,0,0,0,0,0,0,0,0,0,0,0,0,0,0,0,0,0,0,0,0,0,0,0,0,0,0,0,0,0,0,0,0,0,0,100,100
No Match,None,unmatched,75609,11.845,29.187,214.185,706.9586999999999,,,,0,0,0,0,0,0,0,0,0,0,0,0,5349.7119999999995,0,0,0,0,0,0,0,0,0,0,0,0,0,0,0,0,0,0,0,0,0,0,0,0,0,0,0,0,0,100,100
No Match,None,unmatched,61394,12.703,25.545,188.02,706.9586,,,,0,0,0,0,0,0,0,0,0,797.589,0,0,3241.624,0,0,0,0,0,0,0,0,0,0,0,0,0,0,0,0,0,0,0,0,0,0,0,0,0,0,0,0,0,100,100
No Match,None,unmatched,48816,12.454,29.634,218.14,710.9503,,,,0,0,0,0,0,0,0,0,0,2267.566,0,0,0,0,0,0,0,0,0,0,0,0,0,0,0,0,0,2328.365,0,0,0,0,0,0,2063.6609999999996,0,0,0,1026.66,0,0,0,100,100
No Match,None,unmatched,94451,12.044,30.668,208.62,712.9613,,,,0,0,0,0,0,0,0,545.5174000000001,0,0,0,0,0,0,931.2492,0,0,0,0,0,0,0,0,0,0,0,0,0,0,0,0,0,0,0,0,0,0,0,0,0,0,0,100,100
No Match,None,unmatched,65207,13.074749999999998,26.631,194.355,712.963825,,,,66409.913,58969.672000000006,64332.118,44627.297999999995,85075.85800000001,74509.098,59323.31800000001,51363.718,74424.92899999999,153737.399,61697.928,68786.68800000001,169278.299,55537.771,64698.91,69932.014,69085.428,73558.60200000001,60441.488,61471.076,67059.318,58441.839,47829.069,69453.512,73862.47899999999,39347.218,53499.598,43358.995,48525.204000000005,64489.37300000001,74714.74100000001,66417.32800000001,67923.199,65621.848,55551.568,92672.83399999999,62636.968,62936.025,64000.608,65525.059,71031.999,60356.938,100,100
No Match,None,unmatched,66516,15.946,26.029,191.65,712.9645,,,,0,0,0,0,0,0,0,0,0,0,0,0,978.6896,0,0,0,0,0,0,0,0,0,0,0,1115.772,0,0,0,0,0,0,0,0,0,0,0,0,1056.174,0,0,0,0,100,100
No Match,None,unmatched,95611,14.95,25.961,191.21,712.9708,,,,0,0,0,0,0,0,0,0,0,0,0,0,0,0,0,0,0,0,0,0,0,0,0,0,0,0,0,0,0,0,0,0,0,0,0,0,0,0,0,0,0,0,100,100
No Match,None,unmatched,70686,10.764,30.695,225.95,714.9577,,,,0,0,0,0,0,0,0,0,0,0,0,0,0,0,0,0,0,0,0,0,0,0,0,0,0,0,0,0,0,0,1420.186,0,1146.599,0,0,0,0,0,0,0,0,0,100,100
No Match,None,unmatched,35082,12.349,28.207,207.5,716.9398,,,,0,0,0,0,0,0,0,0,0,7526.7609999999995,0,0,9602.318,0,0,0,0,0,0,0,0,0,0,0,0,0,0,0,0,0,0,0,0,0,0,0,0,0,0,0,0,0,100,100
No Match,None,unmatched,24528,12.349,26.217,193.03,716.9413,,,,0,0,0,0,0,0,0,0,0,11321.839,0,0,18039.739,0,0,0,976.9872,0,1466.191,0,0,954.2503,0,949.5938,0,0,0,0,0,0,0,0,1303.664,0,0,0,0,0,1408.396,0,1220.309,0,100,100
No Match,None,unmatched,8551,12.949,30.684,225.78,716.9581,,,,7246.598,0,4022.1459999999997,5119.044,27316.909,0,10373.339,13380.439,9274.3,25953.079,2919.258,3840.171,5131.976,14654.439,0,0,0,0,24754.659,1916.541,0,15952.639,5592.969999999999,8197.394,3778.142,6390.027,0,28617.979,0,0,0,8572.335,26220.899,14929.039,17821.329,0,13651.729,0,22719.809,0,1630.9950000000001,0,100,100
No Match,None,unmatched,86505,13.705,29.347,217.185,718.9538,,,,94939.14899999999,189614.799,74503.92899999999,175646.299,307024.499,16248.339,87258.449,180168.899,92481.11899999999,271423.599,173913.899,42181.239,103361.299,168545.20100000003,95603.049,47342.789000000004,44077.069,37243.589,177907.499,64775.639,91835.639,140140.69900000002,174683.499,161089.799,148769.59900000002,183806.999,277347.299,271753.599,76095.499,58311.289000000004,33638.359000000004,121658.999,188679.09900000002,135787.499,369498.499,49503.039000000004,123977.099,57865.799000000006,221296.499,76319.819,59646.179000000004,25381.959,100,100
No Match,None,unmatched,771,13.757,26.679,196.4,718.9543,,,,326595.999,639635.799,234838.09900000002,587494.299,1007048.999,73705.499,301990.199,567283.5989999999,308787.999,839567.6989999999,532924.399,151664.499,320161.299,571840.799,310310.199,156325.299,164147.499,118662.099,596606.399,240487.899,318757.39900000003,512282.799,567789.299,519993.199,449496.699,621505.999,879315.799,923895.399,257621.19900000002,205236.899,111423.39899999999,402789.999,671349.299,460187.799,1192844.999,163457.399,469895.999,184100.999,745499.5989999999,259776.999,202975.499,92208.769,100,100
No Match,None,unmatched,8158,13.65,27.349,201.3,718.9555,,,,0,14115.189,0,15309.479,25240.719,0,5442.33,15657.279,5950.624,25730.459,14160.419,1383.035,7196.8859999999995,15808.109,5600.884,0,0,0,0,3143.037,5706.245,9242.064,14651.369,10615.548999999999,9427.764,20796.929,20732.539,19746.499,5684.8589999999995,0,0,6910.523,12001.809,12659.339,32537.349,578.7672,0,1616.163,16085.749,8260.855,0,0,100,100
No Match,None,unmatched,30879,12.438500000000001,28.865,212.975,719.1097500000001,,,,0,0,984.5273,0,2494.861,0,0,0,0,0,0,0,2051.1989999999996,0,0,0,0,1546.016,2584.644,979.1363,0,3212.928,1050.272,0,3348.115,0,0,0,0,0,1879.479,0,0,1616.654,0,5515.767,0,0,0,0,0,0,100,100
No Match,None,unmatched,85527,13.753,26.874,197.87,720.961,,,,0,0,0,0,0,0,0,0,0,0,0,0,0,0,0,0,0,0,1161.424,0,0,0,0,0,0,0,0,0,0,0,0,0,0,0,0,0,0,0,0,0,0,0,100,100
No Match,None,unmatched,18675,13.559,29.082,214.01,722.0761,,,,0,0,0,0,0,7711.218,1270.199,2640.939,2059.8849999999998,2037.407,0,1717.673,0,2553.493,3077.105,0,0,3967.676,4711.706,0,3906.519,0,597.4476000000001,0,0,0,0,0,4700.836,1957.903,3505.212,950.7475000000001,1748.035,3683.5139999999997,2187.674,7154.184,0,4287.097,0,0,1261.594,0,100,100
No Match,None,unmatched,52847,13.553,27.854,205.01,722.0771,,,,0,0,0,0,0,1215.837,0,0,0,0,0,0,0,0,0,0,0,0,0,0,0,0,0,0,0,0,0,805.131,0,0,1542.079,0,0,0,0,0,0,2641.495,0,0,0,0,100,100
No Match,None,unmatched,90319,13.571,29.066,213.78,722.0846,,,,0,0,0,0,845.7011,0,0,0,0,0,0,0,0,0,0,0,0,0,0,0,0,0,0,0,0,0,0,0,0,0,0,0,0,0,0,0,0,0,0,0,0,0,100,100
No Match,None,unmatched,59896,13.153,31.307,230.33,722.9904,,,,0,1650.5520000000001,0,0,0,0,0,0,0,0,0,0,0,0,0,0,0,0,0,0,0,0,0,0,0,1619.555,0,0,0,0,0,0,0,0,0,0,0,0,1079.728,0,0,0,100,100
No Match,None,unmatched,65860,3.466,32.669,240.33,723.0829,,,,0,0,0,0,0,0,1452.269,0,0,0,0,0,0,0,0,0,0,0,0,0,0,1064.259,0,0,0,0,0,0,0,0,0,0,0,0,0,0,0,0,727.1506,0,0,0,100,100
No Match,None,unmatched,67055,13.139,26.85,197.51,724.9414,,,,0,0,0,0,0,0,0,0,0,0,0,0,3067.075,0,0,0,0,0,0,0,0,0,0,0,0,0,0,0,0,0,0,0,0,0,0,0,0,0,0,0,0,0,100,100
No Match,None,unmatched,90339,12.378,25.766,189.55,724.9662,,,,0,0,0,0,0,0,844.8292,0,0,0,0,0,0,0,0,0,0,0,0,0,0,0,0,0,0,0,0,0,0,0,0,0,0,0,0,0,0,0,0,0,0,0,100,100
No Match,None,unmatched,29215,13.445,27.776,204.39,728.9203,,,,0,0,0,0,1588.68,0,0,1858.99,0,1362.902,2627.529,0,0,0,0,0,0,0,1368.304,0,0,0,0,2913.1029999999996,0,2318.2639999999997,0,4013.763,0,0,0,1557.089,4057.788,0,0,0,0,0,2157.357,0,0,0,100,100
No Match,None,unmatched,85339,13.207,26.427,194.55,728.9592,,,,0,0,0,0,0,0,0,0,0,0,0,0,0,0,0,0,0,0,0,0,0,0,0,0,0,0,0,0,1175.021,0,0,0,0,0,0,0,0,0,0,0,0,0,100,100
No Match,None,unmatched,30932,13.215,27.834,203.005,728.9603500000001,,,,0,0,1098.898,0,2672.508,0,0,0,0,2977.9919999999997,871.5002000000001,2678.8289999999997,0,0,0,2295.475,0,3637.4119999999994,0,0,0,2859.745,832.9329,0,0,0,0,0,0,0,0,2479.6769999999997,0,2240.7929999999997,0,0,1020.292,1400.3500000000001,0,739.9494,0,1367.265,100,100
No Match,None,unmatched,73105,12.954,29.247,215.06,730.9345,,,,912.7141,0,0,0,1374.708,0,0,0,0,0,0,0,0,0,0,0,0,0,0,0,0,0,0,0,0,0,0,0,0,0,0,0,0,0,0,0,0,0,0,0,0,0,100,100
No Match,None,unmatched,58420,14.920375,27.439,198.57999999999998,730.9526875,,,,82274.45799999998,729230.5970000001,205795.399,176235.299,171109.19900000002,23282.899,41853.069,39281.369000000006,271021.31799999997,757160.945,571251.803,0,674594.899,0,329615.89800000004,10234.599,166085.799,180782.899,0,0,144317.299,269180.989,214715.899,125775.89899999999,786430.8960000001,368687.407,486871.697,194644.771,0,238997.69900000002,41912.119000000006,708950.0970000001,140838.59900000002,185237.09900000002,0,0,608866.036,0,161050.69900000002,45520.469000000005,117012.699,217198.71800000002,100,100
No Match,None,unmatched,78354,13.3565,28.176,207.815,730.9502,,,,0,0,0,0,0,0,0,0,0,0,0,0,0,0,0,0,0,0,0,0,0,0,0,0,0,0,0,0,0,0,993.4866000000001,0,763.3959,0,0,0,0,0,0,0,0,0,100,100
No Match,None,unmatched,46954,13.706800000000001,26.853,198.00400000000002,730.95413,,,,3178513.9599999995,3105164.999,3123557.999,2750150.0779999997,3590240.7109999997,3233957.968,3214826.133,3249922.4189999998,3514425.286,5830692.276,3229878.45,3419378.516,6243039.918,3359085.144,3213126.093,3272300.721,3359966.638,3386204.5719999997,3143700.999,3129676.867,3086813.287,3326899.4779999997,3165027.778,3293312.388,3645749.257,3183504.547,3178732.397,3303889.3559999997,3120300.8449999997,3157044.84,3274322.104,3480236.5599999996,3535537.898,3229100.423,3153065.392,4128813.999,3278889.819,3184422.999,3326005.108,3198026.999,3539573.398,3024787.892,100,100
No Match,None,unmatched,3630,14.884,27.031,198.715,730.9537,,,,270066.878,114383.999,0,0,0,0,0,0,32643.989,123017.218,215901.408,0,0,0,0,5082.978,0,10379.719,0,0,0,0,0,0,248418.678,206505.19900000002,71326.359,0,0,0,0,189889.55800000002,0,0,0,0,300395.89900000003,0,0,0,0,0,100,100
No Match,None,unmatched,31196,12.955,26.327,193.7,730.9543,,,,1637.046,0,0,0,0,1505.085,0,0,1482.858,0,0,1555.722,5901.009,2758.02,0,0,0,2156.8129999999996,0,0,0,0,0,0,0,0,0,0,0,0,1306.7640000000001,0,0,0,0,0,0,1063.606,0,2532.457,0,0,100,100
No Match,None,unmatched,46954,13.79309090909091,26.853,198.82636363636365,730.9543636363636,,,,3178513.9599999995,3105164.999,3123557.999,2750150.0779999997,3590240.7109999997,3233957.968,3214826.133,3249922.4189999998,3514425.286,5830692.276,3229878.45,3419378.516,6243687.119,3359085.144,3213126.093,3272300.721,3359966.638,3386204.5719999997,3143700.999,3129676.867,3086813.287,3326899.4779999997,3165027.778,3293312.388,3645749.257,3183504.547,3178732.397,3303889.3559999997,3120300.8449999997,3157044.84,3274322.104,3480236.5599999996,3535537.898,3229100.423,3153065.392,4128813.999,3278889.819,3184422.999,3326005.108,3198026.999,3539573.398,3024787.892,100,100
No Match,None,unmatched,84658,11.146,26.298,193.59,730.9583,,,,0,0,0,0,0,0,0,0,0,0,0,0,0,0,0,0,0,0,0,0,0,0,1224.173,0,0,0,0,0,0,0,0,0,0,0,0,0,0,0,0,0,0,0,100,100
No Match,None,unmatched,20010,13.214,28.237,207.74,731.9579,,,,0,3930.9429999999998,0,0,0,4457.646,0,5541.254,8020.866,0,0,0,9776.237,0,0,0,0,0,0,0,0,4118.2789999999995,4635.465999999999,0,3948.1059999999998,0,0,0,3603.274,0,3822.8149999999996,0,0,0,0,0,0,0,0,0,3316.3599999999997,3056.303,100,100
No Match,None,unmatched,85854,15.056,27.192,200.06,731.9681,,,,0,0,0,0,0,0,0,0,0,0,0,0,0,759.0927,0,0,0,0,0,0,0,0,0,0,0,0,0,0,0,0,0,0,0,0,0,0,0,0,0,0,0,0,100,100
No Match,None,unmatched,32898,13.218,27.385,201.56,732.9618,,,,0,0,0,0,0,0,0,0,0,0,0,0,0,0,0,0,0,0,0,0,0,11161.689,0,0,0,0,0,4532.646,0,0,0,0,0,0,0,0,0,0,0,4143.474999999999,0,0,100,100
No Match,None,unmatched,58376,13.217,26.523,195.06,732.9634,,,,0,4679.816,0,0,0,0,0,0,0,0,0,0,0,0,0,0,0,0,0,0,0,0,0,0,0,0,0,0,0,0,0,0,0,0,0,0,0,0,0,0,0,0,100,100
No Match,None,unmatched,76909,11.627,31.698,233.11,732.9759,,,,787.5116,0,0,0,0,0,0,0,0,0,0,0,0,0,0,0,0,0,0,0,0,1102.145,0,0,0,0,0,0,0,0,0,0,0,0,0,0,0,0,0,0,0,0,100,100
No Match,None,unmatched,81403,8.579,31.709,233.11,732.9818,,,,0,0,693.7601000000001,0,0,0,793.4637,0,0,0,0,0,0,0,0,0,0,0,0,0,0,0,0,0,0,0,0,0,0,0,0,0,0,0,0,0,0,0,0,0,0,0,100,100
No Match,None,unmatched,42052,11.04,31.691,232.87,732.9837,,,,2454.764,0,0,0,1430.339,0,2007.4964,662.9019000000001,0,0,0,0,817.4114000000001,0,0,0,0,512.94,0,0,597.0024000000001,1757.918,0,0,997.4115,0,0,0,1248.386,0,0,0,0,0,0,0,0,0,1482.693,0,626.3316,0,100,100
No Match,None,unmatched,37425,9.924,25.947,191.02499999999998,738.9474,,,,0,0,0,1964.2635999999998,2032.679,0,0,0,2557.173,0,0,0,0,0,0,2195.5409999999997,0,0,0,0,0,0,0,0,0,0,0,0,0,0,0,0,0,0,0,6582.521,0,0,0,0,0,0,100,100
No Match,None,unmatched,40528,10.915400000000002,31.492,231.6,738.9997599999999,,,,5954.308,2571.8109999999997,1101.224,13794.748,7392.826099999999,0,1895.0435000000002,7426.759,3303.4693,816.3312,7811.000099999999,2992.9669999999996,8087.5717,4391.278,2628.629,3553.722,8851.525,5092.6990000000005,9395.4794,1523.554,1689.777,0,7648.759599999999,8503.894,5644.635,0,10686.98,7156.764999999999,2671.9309999999996,916.9084,3254.4030000000002,3496.5589999999993,1413.136,9539.222,9362.422999999999,979.2603,3915.308,5882.648999999999,12858.637,5341.4158,3125.4826000000003,6858.199,100,100
No Match,None,unmatched,58238,6.787,31.497,231.63,738.9977,,,,0,0,0,0,0,0,0,0,0,0,0,0,1721.564,0,0,0,0,0,2047.692,0,0,0,0,0,0,0,0,0,0,0,0,0,0,0,0,0,946.3697000000001,0,0,0,0,0,100,100
No Match,None,unmatched,32663,9.126,31.51,231.72,738.9984,,,,0,1045.384,0,0,1306.368,0,0,1803.526,0,1922.729,0,0,1547.71,0,0,0,0,0,1638.761,0,1786.69,0,1551.069,1019.493,600.3056,0,0,0,1822.808,0,0,0,0,0,2253.7529999999997,898.6634,0,0,0,669.6353,0,0,100,100
No Match,None,unmatched,95568,8.005,31.442,231.29,739.0026,,,,0,0,0,0,0,0,0,0,0,0,0,0,0,0,0,0,0,0,0,0,0,0,0,0,0,0,0,0,0,0,0,0,0,0,0,0,0,0,0,0,0,0,100,100
No Match,None,unmatched,49096,8.552,31.468,231.41,739.0034,,,,0,718.3684000000001,0,0,538.0172,0,1197.095,0,0,0,0,0,0,0,1040.242,0,0,0,0,0,0,0,1222.637,0,1961.635,0,0,0,0,0,0,0,0,0,887.6917,0,0,0,0,0,0,0,100,100
No Match,None,unmatched,94081,9.827,31.628,232.65,739.0106,,,,0,0,0,0,0,0,0,0,0,0,0,0,0,0,0,0,0,0,0,0,0,0,0,0,0,0,0,0,0,0,0,0,0,0,579.8749,0,0,0,0,0,0,0,100,100
No Match,None,unmatched,64943,15.86,25.757,189.55,744.9335,,,,0,0,0,0,0,0,0,0,0,0,0,0,0,0,0,0,0,0,3389.263,0,0,0,0,0,0,0,0,0,0,0,0,0,0,0,0,0,0,0,0,0,0,0,100,100
No Match,None,unmatched,71270,14.456,32.39,238.21,744.9365,,,,0,0,0,0,0,0,0,0,0,0,0,0,0,0,0,0,0,0,0,0,0,0,0,0,0,0,0,0,0,0,0,0,0,0,0,0,0,0,2496.9979999999996,0,0,0,100,100
No Match,None,unmatched,28104,12.951,29.942,220.44,746.93535,,,,0,0,0,0,7138.4,0,0,1656.267,0,6539.12,0,0,0,0,0,0,0,0,3838.1789999999996,0,0,2614.4269999999997,0,0,0,0,0,3933.013,0,0,0,0,4971.157,0,3109.185,0,0,0,4627.05,0,0,0,100,100
No Match,None,unmatched,68305,14.454,32.228,237.01,746.9411,,,,0,0,0,0,0,0,0,0,0,0,0,0,0,0,0,0,0,0,0,0,0,0,0,0,0,0,0,0,0,0,0,0,0,0,0,0,0,0,2887.627,0,0,0,100,100
No Match,None,unmatched,77294,11.204,33.383,245.3,747.1128,,,,0,0,0,0,0,0,0,0,0,0,0,0,1858.494,0,0,0,0,0,0,0,0,0,0,0,0,0,0,0,0,0,0,0,0,0,0,0,0,0,0,0,0,0,100,100
No Match,None,unmatched,59320,12.952,30.668,225.39,747.9857,,,,0,0,0,0,4470.724999999999,0,0,0,0,0,0,0,0,0,0,0,0,0,0,0,0,0,0,0,0,0,0,0,0,0,0,0,0,0,0,0,0,0,0,0,0,0,100,100
No Match,None,unmatched,77204,14.441,32.2,236.62,748.9342,,,,0,0,0,0,0,0,0,0,0,1865.428,0,0,0,0,0,0,0,0,0,0,0,0,0,0,0,0,0,0,0,0,0,0,0,0,0,0,0,0,0,0,0,0,100,100
No Match,None,unmatched,4606,13.216,26.832,197.36,750.9602,,,,22510.269,16478.539,24169.239,18989.189,22920.479,22354.679,30514.199,21691.279,20651.649,39972.47900000001,19494.489,24953.719,51300.989,26388.999,28291.939,24330.079,18997.509,27323.439,20563.859,18774.989,19751.129,21064.869,25724.099,23021.679,24550.829,23896.379,26645.159,23663.668999999998,21878.999,20350.609,19231.249,23992.879,32795.109000000004,30513.329,28542.459,30472.939,28030.789,24039.309,19886.949,21507.099,20597.229,20202.799,100,100
No Match,None,unmatched,9734,13.215,27.473,202.06,750.9613,,,,8210.462,6758.144,0,5648.392,5675.5,8553.494999999999,0,6885.182,9826.107,18365.659,0,0,14398.869,9943.696,0,0,9688.503,8884.605,8120.2119999999995,8325.901,5849.217,8697.928,6756.052,9606.678,4689.101,2917.098,0,0,0,8209.392,7868.746,9687.483,0,0,0,11796.039,7720.495,8519.065,9021.503,11225.529,9010.974,4560.571,100,100
No Match,None,unmatched,35116,11.837,26.598,195.51,754.9772,,,,0,0,0,0,0,0,0,0,0,5566.983,0,0,11523.499,0,0,0,0,0,0,0,0,0,0,0,0,0,0,0,0,0,0,0,0,0,0,0,0,0,0,0,0,0,100,100
No Match,None,unmatched,31214,12.348,30.082,221.04,756.9534,,,,0,0,0,0,0,0,0,0,0,8618.329,0,0,13715.729,0,0,0,0,0,0,0,0,0,0,0,0,0,0,0,0,0,0,0,0,0,0,0,0,0,0,0,0,0,100,100
No Match,None,unmatched,14762,12.948,30.743,225.96,760.9471,,,,0,0,1484.032,2566.4559999999997,14962.958999999999,0,6320.3679999999995,0,0,13801.659,0,0,1325.872,7971.268,0,0,0,0,11622.048999999999,0,0,0,2147.1969999999997,4113.878,0,0,0,12817.399,0,0,0,0,15144.649,5362.170999999999,8863.131,0,0,0,0,1768.645,0,0,100,100
No Match,None,unmatched,87761,13.454,27.285,200.85333333333332,762.9608333333332,,,,80890.549,75110.22899999999,61746.759000000005,65070.22900000001,107459.599,108878.799,86239.189,89885.629,102461.999,127010.199,80252.64899999999,85385.47899999999,121929.599,98692.849,93507.519,85893.22899999999,95885.78899999999,104298.999,100087.39899999999,86876.689,77549.22899999999,75165.489,71442.629,80949.78899999999,88806.949,67990.109,77153.88100000001,92673.859,79953.949,70607.799,104314.299,86883.989,68569.379,83256.379,76323.389,125261.199,84896.879,96385.83899999999,67898.129,73125.449,88562.879,76942.279,100,100
No Match,None,unmatched,81907,12.332,31.578,219.465,762.962,,,,0,0,20920.489,0,850.0248,0,0,0,0,0,0,0,0,0,0,593.4464,0,0,0,0,0,0,0,0,0,0,0,0,20998.079,0,0,0,14055.878999999999,0,0,0,0,0,16115.249,0,0,0,100,100
No Match,None,unmatched,19585,12.0085,29.639,217.89,763.0983,,,,2611.991,0,1855.426,0,3267.2943,3509.2189999999996,0,2022.8503,0,2767.1319999999996,0,1880.607,4082.055,3021.4919999999997,0,0,4076.033,0,3647.2329999999997,4338.142,0,1859.856,2209.352,0,3276.038,0,0,0,0,0,0,0,0,2631.1839999999997,0,7079.895999999999,0,0,3417.6279999999997,5797.987,1691.903,4776.888,100,100
No Match,None,unmatched,90124,13.773,29.818,219.24,763.9608,,,,0,0,0,0,0,0,0,0,0,0,0,0,0,0,0,0,0,0,0,0,0,0,0,0,0,0,0,0,0,859.9033000000001,0,0,0,0,0,0,0,0,0,0,0,0,100,100
No Match,None,unmatched,10694,12.805,27.245,200.3,766.9366,,,,2915.906,0,4539.624,1342.742,6872.365,0,2373.0469999999996,6431.802,9342.967,24435.909,4938.403,6267.791,16574.619,6259.84,6178.36,2725.504,0,0,0,4912.683,5951.054,8028.696,4496.8859999999995,4357.321,5253.659,5815.148999999999,5008.028,9505.923999999999,7702.791,3554.173,6986.219999999999,0,5870.58,7790.092,4481.23,4608.059,5725.4529999999995,4171.925,0,0,3427.0539999999996,3637.3729999999996,100,100
No Match,None,unmatched,17275,12.805,29.193,214.58,766.9369,,,,0,2793.8979999999997,970.5116,0,3739.3869999999997,0,2354.3039999999996,0,1721.545,19428.509,0,1223.741,14746.029,0,0,0,2951.3439999999996,0,3144.6139999999996,1943.869,0,0,1600.101,972.1483000000001,0,0,2310.9179999999997,0,4199.478,1584.215,1755.944,0,3368.6749999999997,5354.852,0,0,3327.1499999999996,0,0,0,0,0,100,100
No Match,None,unmatched,94458,13.407,27.302,200.59,772.9898,,,,0,0,0,0,0,0,0,0,0,545.0328000000001,0,0,0,0,0,0,0,0,0,0,0,0,0,0,0,0,0,0,0,0,0,0,0,0,0,0,0,0,0,0,0,0,100,100
No Match,None,unmatched,30164,13.53,27.453,201.78,774.9462,,,,2010.157,0,2608.4139999999998,0,0,1030.18,0,1583.403,0,2813.131,0,0,4124.168,0,0,0,1111.96,1117.119,0,0,0,0,0,0,1737.663,0,0,0,0,0,0,0,1448.173,1867.247,1714.229,0,0,0,0,0,915.4293,0,100,100
No Match,None,unmatched,74408,12.345500000000001,27.826,204.53500000000003,776.9565,,,,0,0,0,0,749.3895,0,1383.359,0,1071.026,15405.909,801.3299000000001,0,24867.719,0,0,0,0,0,0,0,0,0,0,1776.188,0,0,0,0,0,0,0,1068.521,0,0,0,0,1653.497,739.1907,0,0,0,0,100,100
No Match,None,unmatched,62088,15.752333333333333,26.67,195.76333333333332,776.9583333333334,,,,0,0,4128.882,560.474,924.9968,925.0168,1993.603,0,0,0,0,3873.5699999999997,0,0,0,0,0,0,1177.088,1027.874,0,0,833.5832,0,0,0,0,0,0,1556.228,0,0,0,0,2342.7749999999996,908.6264,0,1138.684,0,807.2515000000001,0,0,100,100
No Match,None,unmatched,2912,13.1325,26.691,195.98,776.9608,,,,52551.819,50354.029,57696.629,31982.869,62602.809,52523.629,47169.319,48294.309,59342.90900000001,110901.299,47419.069,53960.709,114617.299,50747.40900000001,55294.099,51736.139,49497.569,58481.679000000004,51773.739,46903.849,51060.749,52100.029,44219.569,50566.499,61652.919,45535.40900000001,43861.059,49648.749,55830.519,53709.709,58952.639,55561.249,44657.899000000005,53167.199,47145.139,67800.559,48087.15900000001,52654.289000000004,51711.259000000005,47508.769,49630.169,51464.722,100,100
No Match,None,unmatched,42806,12.477,26.385,193.85,776.9611,,,,0,0,0,0,0,0,0,0,0,2615.511,0,0,8077.621999999999,0,0,0,0,0,0,0,0,0,0,0,0,0,0,0,0,0,0,0,0,0,0,0,0,0,0,0,0,0,100,100
No Match,None,unmatched,75715,3.977,33.517,246.2,777.0549,,,,0,0,0,0,0,0,0,0,0,629.4802,0,0,0,0,0,0,0,1376.883,0,0,0,0,0,0,0,0,0,0,0,0,0,0,0,0,0,0,0,0,0,0,0,0,100,100
No Match,None,unmatched,41036,13.579,29.155,214.22,778.9548,,,,1398.59,0,1147.294,0,1089.896,0,0,0,0,3578.698,0,0,0,0,0,1091.685,0,0,0,0,0,0,0,0,0,0,1691.328,0,0,0,0,1320.711,0,0,0,0,0,0,0,0,0,545.4188,100,100
No Match,None,unmatched,55148,13.586,28.549,209.73,778.9552,,,,0,0,1206.178,1359.746,0,0,0,0,0,0,0,0,1032.7350000000001,0,0,0,0,0,0,0,0,0,0,0,0,0,0,0,0,0,0,0,0,0,1479.065,0,0,0,0,0,0,0,100,100
No Match,None,unmatched,93167,13.572,27.28,200.57,778.9562,,,,0,0,0,0,0,0,0,0,0,0,0,0,0,0,0,658.1256000000001,0,0,0,0,0,0,0,0,0,0,0,0,0,0,0,0,0,0,0,0,0,0,0,0,0,0,100,100
No Match,None,unmatched,71933,11.766,32.103,235.83,778.9864,,,,0,0,0,0,0,0,1238.192,0,0,0,0,0,0,0,0,0,0,0,0,0,0,0,0,0,0,0,0,0,1183.645,0,0,0,0,0,0,0,0,0,0,0,0,0,100,100
No Match,None,unmatched,58181,10.494,32.135,236.08,778.989,,,,0,0,0,1300.801,716.2760000000001,0,0,0,0,0,0,0,0,0,0,0,0,0,0,926.1271,0,0,0,773.6548,0,0,0,0,0,0,0,0,0,0,0,0,1013.498,0,0,0,0,0,100,100
No Match,None,unmatched,75815,11.349,32.019,235.3,778.9949,,,,0,0,0,0,0,0,0,0,0,0,0,0,0,0,0,0,0,0,1222.076,0,0,0,0,0,0,0,0,0,0,0,0,0,0,0,0,0,0,0,0,0,0,0,100,100
No Match,None,unmatched,72684,14.651571428571426,28.313,205.2326190476191,780.9505952380952,,,,4071360.79,4411004.437,4362087.467999999,3948363.1859999998,4499699.624,4292869.885,4066878.2479999997,4432953.485,4562279.149999999,5137721.445,4314636.399,4330845.978999999,5054501.851999999,4377711.0819999995,4042121.7529999996,4463324.821,4594253.9799999995,4324253.964,4090474.0909999995,3886071.514,3659950.361,3923744.92,4093825.054,4121105.929,4071340.932799999,3440772.341,3866469.477,3578874.7199999997,3579931.7279999997,4096140.949,4173808.982,4354359.414,4362795.2809999995,3964166.261999999,3556099.31,5237862.297,4074683.483,4047217.197,4253583.223999999,4041199.047,4444699.13,4043830.3109999998,100,100
No Match,None,unmatched,89095,12.4665,27.359,201.61,780.946,,,,0,0,0,0,0,0,0,0,2388.287,0,0,1862.147,0,0,0,0,0,0,0,0,1244.545,0,0,0,0,0,0,0,0,0,0,0,0,0,0,0,924.4518,0,0,0,1173.507,0,100,100
No Match,None,unmatched,69680,13.19,28.371,208.44,780.9461,,,,0,0,0,0,0,791.2156,0,0,0,1215.21,0,0,0,0,0,0,0,0,0,0,0,0,0,0,690.8687,0,0,0,0,0,0,0,0,0,0,0,0,0,0,0,0,0,100,100
No Match,None,unmatched,57576,13.992,29.469,216.55,780.9528,,,,0,0,0,0,0,0,0,889.1384,0,0,0,0,0,0,0,0,0,642.5264,0,0,0,0,0,0,0,0,0,519.9858,0,0,0,0,0,0,0,0,0,2038.564,0,0,0,0,100,100
No Match,None,unmatched,74328,13.178,28.554,209.9,780.956,,,,0,0,0,0,0,0,0,0,0,0,0,0,0,0,0,0,0,0,0,0,0,0,0,0,0,0,0,0,0,0,0,0,0,0,0,0,0,0,0,0,0,0,100,100
No Match,None,unmatched,81844,13.86,29.347,215.71,780.9616,,,,0,0,0,0,0,0,0,0,0,0,0,0,0,0,0,0,0,0,0,0,0,0,567.2822,0,0,0,0,0,0,0,0,0,0,0,0,0,0,882.256,0,0,0,0,100,100
No Match,None,unmatched,89954,15.309,27.604,202.93,780.9676,,,,0,0,0,0,0,0,0,0,0,0,0,0,0,0,0,0,0,0,0,0,0,0,0,0,0,0,0,0,0,0,0,0,0,0,0,0,0,0,0,0,0,0,100,100
No Match,None,unmatched,33637,14.092857142857142,27.795,206.52142857142857,781.9549428571429,,,,0,0,0,0,0,0,0,0,0,0,0,0,0,0,0,0,0,0,0,0,0,0,0,0,502039.19800000003,0,0,2824.177,2655.715,0,0,0,0,0,0,0,0,0,0,0,0,0,100,100
No Match,None,unmatched,60056,15.2,27.873,204.85,781.9567,,,,0,0,0,0,0,1999.7540000000001,0,0,0,0,0,0,0,0,0,0,0,0,0,0,0,0,0,1222.275,0,0,0,0,0,0,0,0,0,0,0,0,0,0,0,0,0,0,100,100
No Match,None,unmatched,93865,14.753,28.342,208.34,781.966,,,,0,0,0,0,0,0,0,0,0,0,0,0,0,0,0,0,0,0,0,0,0,0,0,0,0,0,0,0,0,0,0,0,0,0,0,0,0,0,0,0,0,0,100,100
No Match,None,unmatched,20406,13.585,28.653,210.59,782.9575,,,,0,0,0,0,0,8423.456,0,0,0,0,0,0,0,0,0,0,0,0,5533.331999999999,0,0,8010.86,10517.489,0,0,0,0,9048.09,0,0,0,0,0,0,0,14355.339,0,0,0,0,0,0,100,100
No Match,None,unmatched,12813,13.584,27.881,204.89,782.9598,,,,0,8394.378999999999,8063.678,5065.383,0,10487.419,0,0,8952.125,0,0,0,0,12823.139,0,0,0,14415.889,10673.628999999999,0,0,0,10080.909,0,0,6608.177,0,5963.539,0,0,0,0,0,0,8767.383,15670.369,0,9059.53,11977.559,0,0,0,100,100
No Match,None,unmatched,95828,10.592,26.968,198.07,788.9297,,,,0,0,0,0,0,0,0,0,0,0,0,0,0,0,0,0,0,0,0,0,0,0,0,0,0,0,0,0,0,0,0,0,0,0,0,0,0,0,0,0,0,0,100,100
No Match,None,unmatched,32451,10.549,26.931,197.84,788.9452,,,,1221.085,1014.107,0,0,0,0,1836.396,0,0,1536.461,944.2636,0,2693.174,0,0,0,0,0,0,0,0,0,0,0,0,0,0,0,0,0,0,0,0,0,0,9697.135,0,0,0,0,0,1546.636,100,100
No Match,None,unmatched,80274,13.427,27.231,200.16,788.9587,,,,0,0,0,0,0,0,0,0,0,0,0,0,0,0,0,0,0,0,0,0,653.1445,0,0,0,0,929.9347,0,0,0,0,0,0,0,0,0,0,0,0,0,0,0,0,100,100
No Match,None,unmatched,72557,8.852,34.681,254.75,789.1148,,,,0,0,0,0,0,0,0,0,0,0,0,0,0,0,0,0,0,0,0,0,0,0,0,0,0,0,0,0,0,0,0,0,0,0,0,0,0,2348.6479999999997,0,0,0,0,100,100
No Match,None,unmatched,43968,14.907444444444444,26.83,197.00111111111107,795.9530777777777,,,,2541.276,4101.928,14089.0717,3383.033,10941.0415,19940.862999999998,6423.958,0,13879.123999999998,1451.333,0,12423.0732,17268.0027,5844.997299999999,1420.452,1502.6487000000002,3349.6657,9862.629,9915.736,10244.238999999998,0,5749.6242,7982.416,0,5694.531,4194.701999999999,0,11625.094,8192.9676,5320.767,4229.236,4965.114,7167.517,7146.1689,0,0,11386.96,6466.3524,5592.894999999999,10539.553199999998,13631.403999999999,5376.8,100,100
No Match,None,unmatched,34077,13.598666666666666,26.811,196.89,795.9525,,,,978.5903000000001,0,0,0,0,0,0,0,0,0,0,0,0,0,0,0,0,0,0,0,0,0,0,0,0,0,0,0,0,0,0,0,0,0,0,0,0,0,0,0,1321.101,0,100,100
No Match,None,unmatched,52099,13.206,26.828,197.1,796.0751,,,,0,0,0,0,0,0,0,0,0,0,0,0,0,0,0,0,0,0,0,0,0,0,0,0,0,0,0,0,0,0,0,0,0,0,0,0,0,0,0,0,0,0,100,100
No Match,None,unmatched,55926,13.378,31.402,230.69,796.9612,,,,0,0,0,0,0,0,0,0,0,0,0,0,0,0,1126.311,0,1056.768,0,0,0,0,0,0,0,0,0,0,0,2261.2549999999997,0,0,0,854.2886,0,0,0,0,0,0,0,0,0,100,100
No Match,None,unmatched,4414,15.068000000000001,33.997,249.405,797.1139000000001,,,,11407.889,0,8494.154,0,63864.089,43010.769,22430.579,16642.549,10965.809,0,31820.659,15460.069,8889.909,0,64500.259000000005,65268.259000000005,38504.419,31143.959,17473.829,67115.61899999999,17283.989,8903.815999999999,31147.439,21689.779,37792.90900000001,22792.379,13155.839,36673.799000000006,65948.299,0,5423.33,6911.119,8509.344,4623.679,18477.799,38595.289000000004,60913.936,14763.089,45347.109000000004,44258.889,45993.669,47985.519,100,100
No Match,None,unmatched,24167,12.946,31.049,228.04,798.9266,,,,0,2603.259,0,0,1137.515,0,0,0,0,0,2873.499,0,0,2165.171,0,0,0,0,3313.841,0,0,0,2224.185,1613.8500000000001,0,0,6662.666,4664.605,0,0,0,1651.265,5996.284,0,0,0,0,0,3912.156,0,0,0,100,100
No Match,None,unmatched,32565,13.378,32.815,241.03,799.0119,,,,0,0,0,0,0,0,0,0,0,0,0,0,0,0,0,0,0,0,0,0,0,0,17442.949,0,0,2885.807,0,0,0,0,0,0,0,0,0,0,0,0,0,0,0,0,100,100
No Match,None,unmatched,9321,13.583,28.737,211.09,800.9566,,,,10362.909,7024.73,0,6661.29,7015.496999999999,0,8424.458999999999,4500.09,6914.782,10929.019,9027.208,5120.03,8984.892,10132.859,7763.025,7272.054,6338.758,5678.273999999999,7283.728,0,9414.749,7858.553,8582.548,8047.601,8016.687,5123.581999999999,13137.628999999999,7423.916,0,8433.355,9437.541,8848.738,0,0,0,13110.208999999999,11014.159,0,6138.481,7828.271,9790.592,5877.2429999999995,100,100
No Match,None,unmatched,4233,13.6345,27.809,204.20499999999998,800.9596,,,,33140.639,31559.649,26977.039,24210.019,27402.259,26220.479,30002.939,25998.159,25156.779,36235.249,33879.629,28977.859,42579.15900000001,32876.949,0,29708.239,29032.489,33628.399000000005,24697.969,32737.039,26300.918999999998,27543.139,30131.799,24458.959,31785.599,18004.703999999998,29526.089,27316.479,28370.879,28115.139,28458.829,29367.209,31113.729,32314.979,23428.649,37662.389,26990.6583,25865.369,33591.179000000004,30981.579,27257.719,23902.559,100,100
No Match,None,unmatched,27587,12.344,27.536,202.23,804.9733,,,,2434.089,0,0,0,0,0,2655.0069999999996,0,0,6097.862999999999,0,0,14147.179,0,0,0,0,0,2179.116,0,0,0,0,0,0,0,0,0,0,0,0,0,1040.827,0,0,0,676.5790000000001,0,0,0,0,0,100,100
No Match,None,unmatched,82296,3.51,33.775,247.85,805.0859,,,,0,0,0,0,0,0,1412.226,0,0,0,0,0,0,0,0,0,0,0,0,0,0,0,0,0,0,0,0,0,0,0,0,0,0,0,0,0,0,0,0,0,0,0,100,100
No Match,None,unmatched,89288,14.76925,31.002,227.195,805.98555,,,,0,0,0,0,0,0,0,0,0,0,0,0,0,0,0,3742.9367,2729.284,2202.2099999999996,0,0,0,0,0,0,0,0,0,0,0,0,0,0,0,0,0,0,0,0,0,5847.3189999999995,0,0,100,100
No Match,None,unmatched,77117,13.449,34.532,253.56,806.9079,,,,0,0,0,0,0,0,0,0,0,0,0,0,0,0,0,0,0,0,0,0,0,0,0,0,0,0,0,0,0,0,0,0,0,0,0,0,0,1872.58,0,0,0,0,100,100
No Match,None,unmatched,34569,13.496,27.37,201.11,806.9530500000001,,,,0,1832.3410000000001,0,0,1881.796,0,2048.6949999999997,0,0,0,1230.165,0,4506.279,1012.1170000000001,0,1411.8500000000001,0,0,0,1599.015,0,0,0,0,1886.6000000000001,0,0,983.4383,0,0,0,2413.185,1682.365,0,0,0,0,1413.723,1338.845,0,0,0,100,100
No Match,None,unmatched,18419,12.804,30.958,227.33,806.9524,,,,1713.627,0,2285.218,0,0,0,0,0,0,20385.289,0,0,13681.708999999999,0,0,3302.531,0,3664.011,0,0,0,0,1974.448,5879.53,0,1510,0,0,5535.713,0,0,0,0,0,0,2202.5049999999997,0,2715.2909999999997,4609.7429999999995,0,0,0,100,100
No Match,None,unmatched,48250,3.9983333333333335,35.052,257.8433333333333,807.0182666666666,,,,0,0,0,5191.696,0,0,0,2725.006,0,0,0,1871.613,3226.8019999999997,2603.464,0,0,0,0,0,0,0,0,0,0,0,0,0,0,0,0,0,0,4451.625,0,0,0,4181.505999999999,0,4404.331,0,0,0,100,100
No Match,None,unmatched,74951,13.454,34.574,253.87,808.941,,,,0,0,0,0,0,0,0,0,0,0,0,0,0,0,0,0,0,0,0,0,2083.582,0,0,0,0,0,0,0,0,0,0,0,0,0,0,0,0,0,0,0,0,0,100,100
No Match,None,unmatched,78746,13.455,34.577,253.71,808.9768,,,,0,0,0,0,0,0,0,0,0,1718.97,0,0,0,0,0,0,0,0,0,0,0,0,0,0,0,0,0,0,0,0,0,0,0,0,0,0,0,0,0,0,0,0,100,100
No Match,None,unmatched,66648,13.445,34.571,253.83,810.9178,,,,0,0,0,0,0,0,0,0,0,0,0,0,0,0,0,0,0,0,0,0,0,0,0,0,0,0,0,0,3130.111,0,0,0,0,0,0,0,0,0,0,0,0,0,100,100
No Match,None,unmatched,62122,13.838,28.448,209.01333333333332,812.9567333333333,,,,56481.408,64180.559,61172.549000000006,56829.179000000004,78426.849,88779.299,56734.129,79216.50899999999,60122.649000000005,92200.199,70828.989,61203.349,82970.056,59416.129,69511.519,74090.449,71828.909,72985.309,69342.483,59274.85600000001,57976.349,38553.268,59957.389,63809.369000000006,67480.355,47868.499,53743.15900000001,64935.33500000001,64186.719000000005,54215.469000000005,78920.269,67030.569,46098.179000000004,64751.819,56089.859000000004,106690.299,58026.349,69506.86899999999,60188.07000000001,54338.559,82950.398,65537.199,100,100
No Match,None,unmatched,9872,13.211,28.245,207.42,816.9331,,,,0,2475.8419999999996,5498.786,0,10735.219,0,4564.817,5390.471,8292.621,26099.449,0,4137.206999999999,6350.544,8670.761,7181.059,6212.211,7096.476,9091.387,11558.189,8494.55,4250.536999999999,8041.873,0,0,4728.739,3526.966,5751.670999999999,14060.499,10757.649,4727.009,9509.503999999999,6734.978,8152.059,0,0,7040.614,6768.245,9842.784,0,0,8445.282,3911.16,100,100
No Match,None,unmatched,19918,13.214,30.135,221.28,816.9345,,,,0,0,0,0,0,0,3133.915,0,2877.781,9978.202,0,0,3423.343,0,2624.4669999999996,1536.458,2884.203,1907.854,2229.865,0,1249.356,2778.4979999999996,0,1440.84,0,0,0,4943.848,1543.769,0,0,1228.691,3020.499,3495.6099999999997,0,0,0,2153.0409999999997,3882.7459999999996,0,2390.064,0,100,100
No Match,None,unmatched,53564,14.412,28.83,211.75,818.9485,,,,0,0,0,0,0,0,0,0,0,0,0,0,0,0,1448.311,0,0,0,0,0,0,0,0,2200.6719999999996,0,0,0,0,0,0,0,0,0,0,0,2319.1139999999996,0,0,0,0,0,0,100,100
No Match,None,unmatched,65780,10.945,33.264,244.15,821.0017,,,,0,0,0,0,0,0,0,0,980.139,0,0,0,0,0,1000.011,0,0,0,0,0,0,0,0,0,0,0,0,0,0,0,0,0,0,0,0,0,0,0,0,1275.336,0,0,100,100
No Match,None,unmatched,14480,13.889,28.013,205.7,824.9424,,,,0,3495.379,4030.966,0,2746.267,0,0,3295.8469999999998,0,4897.169,3981.558,3830.615,6720.352,2787.3599999999997,2243.029,3747.2729999999997,0,6014.681,952.9095,3497.7999999999997,0,5741.474,2374.2129999999997,3539.58,4512.321,3145.8109999999997,3243.6009999999997,4355.346,0,2776.1699999999996,4334.052,0,3158.339,3980.3219999999997,0,5296.469999999999,3223.4939999999997,3585.1029999999996,0,4181.538,2396.852,2753.8559999999998,100,100
No Match,None,unmatched,48855,13.244,27.654,203.06,824.9619,,,,0,0,0,0,0,0,0,2617.8399999999997,0,0,0,0,0,903.3426000000001,0,1204.727,0,0,933.8911,0,0,0,0,0,0,0,0,0,0,0,0,0,0,0,0,0,0,1236.118,0,0,771.9477,0,100,100
No Match,None,unmatched,15013,15.135,34.264,251.48,825.1067,,,,0,0,2012.913,0,0,6596.885,0,0,0,0,4560.867,897.734,0,0,13392.958999999999,0,6190.2119999999995,2264.1079999999997,0,0,0,0,0,2540.4379999999996,3364.134,1665.777,0,5473.147,12818.249,0,0,0,0,0,1349.044,5594.169,9909.028,1371.422,4981.251,5663.632,6409.683,9484.542,100,100
No Match,None,unmatched,93829,13.1805,27.172,201.38500000000002,826.957225,,,,71029.699,74972.35399999999,64548.839,64129.749,87267.319,83460.226,73809.949,83477.08899999999,76152.31099999999,102980.099,68247.739,72430.2318,107732.19699999999,74951.659,72279.39899999999,80199.769,80339.999,83318.569,77621.919,77971.799,73421.408,71264.9366,69079.819,76101.099,75291.42899999999,62181.679000000004,63177.779,79538.409,87256.769,67655.749,87660.379,81817.609,72893.549,76260.36899999999,73715.299,104168.26699999999,78915.14899999999,75916.47899999999,72593.92899999999,68480.299,76958.419,63001.90900000001,100,100
No Match,None,unmatched,5321,12.801,28.845,211.77,826.9566,,,,10047.199,10085.628999999999,6699.83,6818.3769999999995,25273.139,36185.089,15169.479,12591.628999999999,16349.929,64823.689000000006,12949.669,14412.219,49100.109000000004,12905.979,20808.729,6900.382,16328.259,17391.889,25362.219,19330.959,16371.069,0,0,20862.489,18204.889,17674.999,19038.649,19897.859,26633.389,16644.009,29604.989,12247.839,15755.989,14899.409,24086.109,41332.859000000004,11197.128999999999,25864.359,17197.589,13979.329,16544.629,14911.469,100,100
No Match,None,unmatched,94703,13.912,28.73,210.97,828.9551,,,,0,0,0,0,0,0,0,0,0,0,0,0,0,0,0,0,0,0,0,0,0,0,0,0,0,0,0,0,0,0,0,0,0,0,0,0,0,0,0,0,521.4186,0,100,100
No Match,None,unmatched,48623,4.009,35.569,260.96,829.0005,,,,2320.767,0,0,0,0,0,1728.798,0,0,0,0,0,0,0,0,0,0,0,0,0,0,0,0,0,0,0,0,0,0,0,0,0,1418.16,0,0,0,2294.89,0,0,0,0,0,100,100
No Match,None,unmatched,87987,12.816,28.652,210.23,829.9317,,,,0,0,0,0,0,0,0,0,0,0,0,0,993.4939,0,0,0,0,0,0,0,0,0,0,0,0,0,0,0,0,0,0,0,0,0,0,0,0,0,0,0,0,0,100,100
No Match,None,unmatched,68271,15.243880952380952,29.241,214.70857142857147,830.948369,,,,390950.427,226268.014,449713.657,294850.044,363303.82200000004,481234.7488,452553.8175,457136.57700000005,404260.56399999995,398999.984,363125.8855,306029.762,448428.2512,377509.56799999997,386637.15,407470.77050000004,330125.16500000004,384132.63099999994,262893.7922,300789.232,258373.29100000003,471375.3768,164406.64380000002,224857.074,423483.1370000001,298955.3483,353770.40799999994,420586.31,459968.299,223188.26009999998,388072.747,305607.8031,441873.46700000006,325438.433,365769.333,300409.58499999996,292436.046,562862.7311,471950.101,192992.098,458831.1359,264998.379,100,100
No Match,None,unmatched,33941,12.078,20.031,147.14,830.9459,,,,1062.518,1441.955,0,0,0,1447.959,1766.556,0,0,5024.273999999999,3050.5319999999997,0,2188.9359999999997,0,0,0,0,0,0,0,0,0,0,0,0,0,0,0,0,0,0,0,0,0,0,2537.6059999999998,0,0,0,0,0,0,100,100
No Match,None,unmatched,3509,12.09,28.495,209.19,830.9474,,,,40376.039000000004,42207.739,38419.309,46619.799000000006,38179.699,44595.90900000001,44394.069,37198.789000000004,42855.329000000005,108592.799,49910.339,35359.359000000004,124257.099,40437.929000000004,32488.119,38012.459,34544.789000000004,35471.799000000006,33226.72900000001,32725.029,31866.179,34786.819,30158.079,34533.969000000005,33318.859000000004,0,29787.499,25976.339,32301.909,31408.679,29530.918999999998,29586.289,38947.589,31220.869,33823.639,66808.579,33586.959,33344.539000000004,33748.449,38492.709,33326.089,38603.299000000006,100,100
No Match,None,unmatched,1800,14.665000000000001,29.667,220.75333333333333,830.9481,,,,172177.09900000002,201435.399,102859.199,162303.24800000002,139532.799,135281.999,178043.14800000002,255559.9929,589.9565,0,236835.43510000003,171194.09300000002,7750.081999999999,0,63570.366,0,134762.548,130852.723,186538.499,104761.71299999999,129594.699,8407.201,141789.68000000002,1038.608,124474.39899999999,119098.499,126923.599,181757.399,136627.69900000002,109292.89899999999,13048.919,280593.999,102078.699,181352.59900000002,136920.399,0,0,81246.889,149048.299,151614.999,217996.45570000002,210621.69900000002,100,100
No Match,None,unmatched,59109,12.950000000000001,28.581,195.8375,830.9484,,,,3038637.807,2806279.449,3110728.644,2995516.0209999997,3028308.6199999996,3069517.179,3148860.323,3073730.6149999998,3064108.761,3403451.9379999996,3034707.352,3122006.749,3340606.443,3096065.147,2735322.02,3184587.315,3212935.2399999998,3020129.577,2837531.207,2699543.718,2512399.3299999996,2850404.0489999996,2645472.2989999996,2893997.855,2836924.3899999997,2372757.999,2532068.999,2754148.999,2760334.212,2715131.5799999996,3084002.55,3019343.673,3190409.8049999997,3044937.999,2544533.672,4045829.4639999997,2855036.7229999998,2946239.7419999996,2780077.999,2915793.999,3077659.622,2907061.817,100,100
No Match,None,unmatched,54427,12.092,17.889,131.5,830.9491,,,,0,0,0,0,0,0,0,0,0,1816.434,0,0,3104.872,0,0,0,0,0,0,794.6153,0,0,0,0,0,0,0,0,0,0,0,0,0,0,0,0,0,0,0,0,0,0,100,100
No Match,None,unmatched,90577,15.194,28.79,211.41,830.9691,,,,0,0,0,0,0,0,0,0,0,0,0,0,0,0,0,0,0,0,0,0,0,0,0,0,0,0,0,0,831.3991,0,0,0,0,0,0,0,0,0,0,0,0,0,100,100
No Match,None,unmatched,95477,15.333,30.059,220.7,830.978,,,,0,0,0,0,0,0,0,0,0,0,0,0,0,0,0,0,0,0,0,0,0,0,0,0,0,0,0,0,0,0,0,0,0,0,0,0,0,0,0,0,0,0,100,100
No Match,None,unmatched,40416,13.913,30.858,226.54,831.9523,,,,0,0,0,0,0,0,0,0,0,0,0,0,0,0,0,0,0,0,0,5089.639,0,0,0,0,0,0,0,2652.426,0,0,0,0,0,0,4580.49,0,0,0,0,0,0,0,100,100
No Match,None,unmatched,63013,13.913,29.628,217.37,832.0705,,,,0,0,0,0,0,0,0,0,0,0,0,0,0,0,0,0,0,0,0,0,0,0,0,0,0,0,0,0,0,0,0,0,0,0,0,0,0,0,0,0,0,0,100,100
No Match,None,unmatched,39639,13.07,32.792,240.57,835.9483,,,,0,0,0,0,0,0,0,0,0,4046.43,2108.064,0,1474.886,0,0,0,0,0,0,0,0,0,0,1556.671,0,0,0,0,0,0,0,0,0,0,0,0,0,0,3682.669,0,0,0,100,100
No Match,None,unmatched,14051,11.121,27.904,204.81,838.9413,,,,4192.165,4140.313999999999,0,2632.2259999999997,3637.247,1598.557,0,2464.296,4596.197,17234.739,4098.665,2933.084,21055.668999999998,0,2980.2459999999996,0,0,2847.158,0,2256.828,2348.9429999999998,0,0,4768.478,2937.201,3565.491,2540.673,3234.0229999999997,0,0,0,0,3057.6609999999996,0,0,15882.579,0,2474.7,0,0,3250.236,1566.9950000000001,100,100
No Match,None,unmatched,88882,13.778,28.106,206.37,838.9575,,,,0,0,0,0,0,0,0,0,0,0,0,0,0,0,0,0,0,0,0,0,0,0,0,0,0,0,0,0,0,0,0,938.9948,0,0,0,0,0,0,0,0,0,0,100,100
No Match,None,unmatched,66654,13.447,28.302,207.68,838.9756,,,,0,0,0,1082.906,0,0,0,0,0,781.6519000000001,0,0,0,0,0,0,0,0,0,0,0,0,0,0,0,0,0,0,0,0,0,0,0,0,0,888.6236,0,0,0,0,0,0,100,100
No Match,None,unmatched,71715,13.721,35.32,259.16,842.9116,,,,0,0,0,0,0,0,0,0,0,0,0,0,0,0,2450.171,0,0,0,0,0,0,0,0,0,0,0,0,0,0,0,0,0,0,0,0,0,0,0,0,0,0,0,100,100
No Match,None,unmatched,77494,13.721,35.274,258.8,844.9273,,,,0,0,0,0,0,0,0,0,0,0,0,0,0,0,0,0,0,0,0,0,1837.256,0,0,0,0,0,0,0,0,0,0,0,0,0,0,0,0,0,0,0,0,0,100,100
No Match,None,unmatched,75480,14.419,27.728,203.41,845.9372,,,,0,0,0,0,0,0,0,0,0,0,0,0,0,0,0,0,0,0,0,0,0,0,0,0,0,0,0,0,0,0,0,0,0,0,0,0,0,0,0,0,0,0,100,100
No Match,None,unmatched,23859,14.277777777777779,27.748,203.72333333333336,845.9516,,,,6518.942,0,4748.852999999999,6855.0509999999995,2723.0559999999996,7945.495000000001,1837.442,0,9687.0238,1955.705,4550.472,7284.432000000001,15021.426,6687.3868999999995,4216.438999999999,5160.8859999999995,795.3832,0,4288.0109999999995,9416.983999999999,2116.736,2264.874,3532.179,0,3976.397,1826.468,5158.379,4472.200999999999,0,5473.433999999999,14051.801,0,2422.8419999999996,1476.847,6609.49,0,11462.432999999999,0,6016.431,9364.412,3742.669,0,100,100
No Match,None,unmatched,30981,15.646,27.748,203.63,845.9509,,,,3288.062,1198.551,5545.709,0,1232.3,1076.367,0,0,736.6813000000001,0,0,0,5379.110999999999,0,5737.659,0,0,0,0,4885.261,0,1213.751,0,2696.2749999999996,0,0,2049.348,0,0,0,0,0,0,0,0,0,0,0,0,0,0,0,100,100
No Match,None,unmatched,52226,13.585,27.796,204.07,846.094,,,,0,0,0,0,0,0,0,0,0,0,0,0,0,0,0,0,0,0,0,0,0,0,0,0,0,0,0,0,0,0,0,0,0,0,0,0,0,0,0,0,0,0,100,100
No Match,None,unmatched,3965,13.967500000000001,28.739,210.5,850.9563499999999,,,,34052.569,32261.418999999998,38414.179000000004,0,36179.449,36464.549000000006,31494.879,37830.049000000006,32103.959,38301.15900000001,32546.429,34482.749,37195.709,36355.219000000005,25654.069,37488.669,36696.65900000001,35332.269,30251.369,31779.109,27988.479,27585.579,28878.359,28919.599,33089.809,25146.249,26658.349,28240.489,27142.689,24203.329,28843.189,34958.389,32754.969,31292.529,29671.499,46019.459,32198.659,34819.039000000004,32732.219,37073.739,35871.769,29568.869,100,100
No Match,None,unmatched,10496,13.916,29.925,219.63,850.9562,,,,7840.696,5766.074,10104.739,3019.8669999999997,6864.911999999999,5192.768,8464.465,0,7462.231,7300.888,8670.417,6565.934,5670.202,6540.721,5359.099999999999,8787.9403,0,0,6202.786,7441.097,8969.072,6129.317,6709.931,8239.689,0,3765.0989999999997,0,0,5222.702,5890.2429999999995,6000.769,7743.978999999999,9030.333,7159.969,5912.847,0,4185.3949999999995,0,5225.286999999999,6917.0509999999995,6449.175,7580.589,100,100
No Match,None,unmatched,79943,4.006,35.751,262.08,851.0752,,,,0,0,0,0,0,1612.914,0,0,0,0,0,0,0,0,0,0,0,0,0,0,0,0,0,0,0,0,0,0,0,0,0,0,0,0,0,0,0,0,0,0,0,0,100,100
No Match,None,unmatched,16690,12.787,28.485,209.01,854.971,,,,3706.109,3530.017,0,3718.857,0,0,3882.872,1834.013,0,5517.75,4407.974999999999,3399.9359999999997,11413.189,1319.635,3929.98,0,0,2504.855,1923.231,2712.5,0,0,2814.1389999999997,2061.656,3398.707,1195.55,1026.6490000000001,0,3954.4559999999997,0,0,4051.9719999999998,0,0,1627.963,9244.229,0,0,0,0,2907.006,0,100,100
No Match,None,unmatched,86837,13.132,30.78,225.7,855.0952,,,,0,0,0,1070.214,0,0,0,0,0,0,0,0,0,0,0,0,0,0,0,0,0,0,0,0,0,0,0,0,0,0,0,0,0,0,0,0,0,0,0,0,0,0,100,100
No Match,None,unmatched,86061,13.16,30.713,225.38,855.1086,,,,0,0,0,0,0,0,0,0,0,0,0,0,0,0,0,0,0,0,0,0,0,0,0,0,0,0,0,0,0,0,0,0,1121.273,0,0,0,0,0,0,0,0,0,100,100
No Match,None,unmatched,22023,13.8515,28.271,207.2,856.9474,,,,2947.58,2532.175,0,1893.334,1472.628,2886.549,1964.867,0,0,0,2949.602,2867.033,0,0,2149.2309999999998,0,0,2375.533,0,1196.497,0,0,1745.34,0,0,0,914.5134,0,3454.9959999999996,0,0,3001.5409999999997,1885.29,2155.2799999999997,0,4430.719,1192.589,0,2872.9579999999996,1459.5040000000001,0,0,100,100
No Match,None,unmatched,12485,13.211,31.832,233.5,856.9479,,,,0,2292.1609999999996,2448.8729999999996,0,10902.208999999999,6114.041,4493.706999999999,0,6846.639,14534.708999999999,1725.898,3735.448,6013.451,5269.971,6503.4039999999995,4523.635,7816.827,6113.124,0,2316.357,2677.417,0,2395.009,0,4071.6029999999996,2480.236,2668.207,0,7758.263,1927.14,12236.179,5564.719,7954.501,5049.062,0,0,0,7123.665,0,1201.928,0,0,100,100
No Match,None,unmatched,93292,7.558,28.689,210.55,858.9088,,,,0,0,0,0,0,0,0,0,0,0,0,0,0,0,0,0,0,0,0,0,0,0,0,0,0,647.7372,0,0,0,0,0,0,0,0,0,0,0,0,0,0,0,0,100,100
No Match,None,unmatched,60909,13.744,28.526,209.19,858.9601,,,,0,0,0,0,0,1873.594,0,0,0,2266.374,0,0,0,0,0,0,0,0,0,0,0,0,0,0,0,0,0,0,0,0,0,0,0,0,0,0,0,0,0,0,0,0,100,100
No Match,None,unmatched,70761,14.273333333333333,29.651,218.24,862.9544,,,,61695.436,44323.109000000004,53914.639,53893.90900000001,61015.389,61381.461500000005,62407.719000000005,48970.124,50775.699,71998.959,52011.779,58903.036,56905.97920000001,50904.629,44142.97900000001,51380.889,55023.739,51555.849,45493.66900000001,44976.629,37905.169,38482.099,41779.249,45460.3578,0,33872.439000000006,30613.219,46273.929000000004,42412.469000000005,43560.529,53888.739,43930.136000000006,39422.22900000001,50358.489,37321.179000000004,76713.92899999999,37995.899000000005,51261.699,39140.219000000005,36588.879,56854.40900000001,48077.749,100,100
No Match,None,unmatched,29652,13.582,29.323,215.11,866.9298,,,,0,0,0,0,3291.2349999999997,788.0642,0,0,0,1936.827,0,0,0,1510.192,2001.644,0,2087.912,2347.9429999999998,2560.4449999999997,0,0,1176.084,0,0,0,0,0,0,1402.535,0,2028.67,3915.4739999999997,0,0,0,0,0,0,0,0,0,0,100,100
No Match,None,unmatched,14308,14.212,28.721,210.66,874.9384,,,,5256.523999999999,3032.7679999999996,6199.281,0,0,0,5741.199,0,3889.153,5359.039,0,5740.2699999999995,6773.454,4997.532999999999,0,5733.309,5662.978999999999,5731.215,0,4139.65,0,6745.4439999999995,3079.241,0,0,4898.215999999999,0,0,0,0,3064.374,4215.992,4905.163,5881.352,4497.187,0,0,2070.647,0,6217.472,3868.287,0,100,100
No Match,None,unmatched,46246,13.624,28.676,210.31,874.9564,,,,0,0,0,0,0,0,0,0,0,1770.945,0,0,2345.1839999999997,1125.261,0,0,0,0,0,0,1626.585,0,0,0,0,0,0,0,0,0,0,0,0,0,0,660.9668,1301.773,0,0,0,0,0,100,100
No Match,None,unmatched,31453,13.579666666666668,28.577,208.18999999999997,876.9548833333333,,,,54102.569,61865.989,68134.077,62197.692,78986.192,84446.42,59529.483,71238.06,61249.259000000005,82566.966,71707.569,60142.486000000004,68663.1618,61627.24,67054.437,61102.779,79060.059,63015.655,62961.148,54829.819,56417.348,45488.183000000005,59155.809,68869.138,60087.339,55753.04400000001,46253.522000000004,59018.629,70395.549,60186.936,79597.4,73777.114,54166.621,70815.355,60919.725000000006,110668.49399999999,50682.609000000004,74969.28899999999,47013.029,56597.582,76143.127,66484.095,100,100
No Match,None,unmatched,3651,13.206,29.804,218.59,876.9536,,,,19505.139,18123.039,12228.079,0,51920.22900000001,62069.939000000006,25738.299,35896.219000000005,36479.759000000005,92778.22899999999,24995.739,15219.689,36904.889,26162.668999999998,42005.419,28626.229,35001.799000000006,40874.279,58365.799000000006,35402.769,35212.619000000006,34453.199,22838.429,50098.069,32354.079,27107.109,27010.299,52080.679000000004,49939.689000000006,26485.649,62845.049000000006,37032.639,35932.22900000001,44384.019,42649.879,70373.17899999999,18583.309,60441.739,32173.099,19305.519,33180.239,33748.65900000001,100,100
No Match,None,unmatched,59733,14.966241379310345,31.176,216.58000000000004,880.9447896551724,,,,2664609.318,2146414.7388000004,2547478.922,2639044.122,2582679.394,2765995.683399999,2834557.814,2631610.55,2652653.5031000003,2953443.8318999996,2611917.749,2591280.987,2553965.327,2580391.661,2244009.101,2510094.6799999997,2373529.46,2573581.8409999995,2470439.837,2338152.8390999995,2094799.8539999998,2422573.241,2119567.825,2534523.9229999995,2283226.444,2047518.373,1981572.152,2428913.084,2465542.277,2408572.506,2535535.5304999994,2406834.8397999997,2669983.983,2603338.37,2213630.6423000004,3603399.8233000003,2227508.3123999997,2582348.158,2414225.417,2453668.0768000004,2764064.681,2453422.946,100,100
No Match,None,unmatched,43683,12.681,29.769,218.0233333333333,880.9444,,,,100349.499,88981.239,96827.819,101180.999,92991.049,83312.21299999999,89344.512,101860.799,96478.08899999999,172019.434,123976.67499999999,98380.30399999999,166239.59900000002,98234.499,73656.22899999999,88042.537,82445.14899999999,81436.389,74459.879,78691.33899999999,76567.03899999999,82465.03899999999,85861.61899999999,73358.39899999999,80865.129,70768.749,69416.849,79032.439,78978.33899999999,78844.099,75745.209,87104.00899999999,84754.049,81816.33899999999,75907.03899999999,120950.299,93318.719,74976.47899999999,81195.988,85817.58899999999,90566.83899999999,77428.489,100,100
No Match,None,unmatched,84044,14.4195,31.857,234.05,880.9473,,,,0,0,0,0,0,0,0,0,0,0,0,0,0,0,0,0,0,0,0,0,0,0,0,0,0,0,0,0,0,573.2604,0,0,0,0,0,0,0,0,0,0,0,0,100,100
No Match,None,unmatched,18053,12.509,18.43,135.51999999999998,880.9494333333333,,,,754.1733,2420.2309999999998,1737.584,4174.759,3361.1409999999996,0,0,3989.884,0,7057.608,0,4570.639,0,2631.1079999999997,0,0,1738.751,0,0,0,0,2925.522,3428.66,6649.382,3894.834,0,0,0,2332.9227,5589.009,0,0,3277.602,0,2496.133,0,2505.4869999999996,4823.824,0,4447.504,0,0,100,100
No Match,None,unmatched,2123,14.6465,30.856,226.03500000000003,880.9446,,,,244485.298,140610.19900000002,134769.299,355825.598,374552.398,129803.799,311197.598,221610.098,273603.89800000004,337730.098,142021.299,282451.198,309780.998,82221.879,363642.358,130411.099,446793.699,297882.398,298852.738,125336.39899999999,186267.298,190926.09900000002,0,290252.538,334579.228,173414.899,181379.59900000002,329600.298,313695.598,194981.799,324193.948,284964.699,291034.788,304211.058,186956.59900000002,214671.399,494493.29799999995,298505.178,93725.489,278953.788,265674.098,396868.578,100,100
No Match,None,unmatched,71074,15.59,31.255,229.18,880.9562,,,,0,0,0,0,0,0,0,0,0,0,0,0,0,0,0,1416.971,0,0,0,0,0,0,0,0,0,0,0,0,0,0,0,0,0,0,0,0,0,0,0,0,0,0,100,100
No Match,None,unmatched,94146,15.557,30.12,220.94,880.9652,,,,0,0,0,0,0,0,0,0,0,0,0,0,0,0,0,0,0,0,0,0,0,0,0,0,0,0,0,0,0,0,0,0,0,0,0,574.0257,0,0,0,0,0,0,100,100
No Match,None,unmatched,65258,10.075,30.564,224.15,891.9859,,,,0,0,0,0,0,0,0,0,0,0,0,0,0,0,0,0,0,0,0,0,0,0,0,0,0,0,0,0,0,0,0,0,0,3337.7889999999998,0,0,0,0,0,0,0,0,100,100
No Match,None,unmatched,33135,14.793454545454546,28.693,210.44454545454545,895.9470909,,,,12633.929,0,1292.354,16210.415,3779.223,0,8016.821,0,1412.005,2248.997,2817.0519999999997,1453.962,3400.6279999999997,18073.7522,4751.778,7804.849,2165.4649999999997,0,8406.743999999999,5136.277,0,895.6285,0,7839.142,6371.697,0,0,0,4260.883,1449.104,5101.598,15517.937999999998,12105.307,5586.25,3393.0119999999997,3956.7879999999996,3374.6220000000003,9800.298,8282.472,10376.163,0,9490.859,100,100
No Match,None,unmatched,62273,13.916,28.747,210.84,896.078,,,,0,0,0,0,0,0,0,0,0,0,0,0,0,0,0,0,0,0,0,0,0,0,0,0,0,0,0,0,0,0,0,0,0,0,0,0,0,0,0,0,0,0,100,100
No Match,None,unmatched,86009,14.008,28.622,209.92,896.949,,,,0,0,0,0,0,0,0,0,0,0,0,0,0,0,0,0,0,0,1124.194,0,0,0,0,0,0,0,0,0,0,0,0,0,0,0,0,0,0,0,0,0,0,0,100,100
No Match,None,unmatched,30780,13.578,35.885,262.99,896.9546,,,,0,0,0,0,0,18003.709,0,0,0,0,0,0,0,0,0,0,0,1525.685,0,0,0,0,0,744.299,0,0,0,0,2770.8529999999996,0,0,0,0,0,0,0,0,0,0,0,0,0,100,100
No Match,None,unmatched,24134,3.9879999999999995,37.152,272.16999999999996,897.11375,,,,0,0,0,0,0,3687.9359999999997,0,1442.244,1436.22,0,1431.468,1357.813,1745.767,776.1650000000001,0,2907.697,2075.595,0,1552.445,4025.7619999999997,4815.056,0,0,3919.7949999999996,0,0,0,0,4696.285,0,0,0,0,4810.7029999999995,0,0,0,0,0,0,0,906.7126000000001,100,100
No Match,None,unmatched,38655,13.577,35.845,262.64,898.9462,,,,0,0,0,0,0,12706.069,0,0,0,0,0,0,0,0,0,0,0,0,0,0,0,0,0,0,0,0,0,0,966.7115,0,0,0,0,0,0,0,0,0,0,0,0,0,100,100
No Match,None,unmatched,68638,14.2375,31.129,228.185,900.9518,,,,0,6171.103,0,6750.574,0,0,6495.987,7111.0599999999995,9074.931,8279.791,0,0,5803.711,6875.423,4369.883,6510.624,6360.615,5284.037,6190.2339999999995,0,6339.141,6150.592,0,4783.888,5608.981,4194.9,4455.2789999999995,6993.54,5185.8099999999995,5148.179999999999,6756.272,0,0,6264.696,0,12716.729,0,0,0,5712.255999999999,7567.574,0,100,100
No Match,None,unmatched,4367,14.2715,29.662,217.315,900.9528,,,,31210.079,22905.179,27642.279,28066.559,28194.009,29026.039,31278.509,29060.209,31040.029,33842.889,26047.899,32259.549,0,27315.279,23855.449,27520.329,33243.97900000001,24725.289,31411.199,28089.418999999998,27116.959,27863.079,0,26995.979,28599.809,20928.949,21410.259,26980.699,27763.769,27960.959,27792.709,27361.959,36845.489,32331.519,16324.249,40798.609000000004,26270.349,27978.5054,31046.029,29249.359,29813.379,24905.069,100,100
No Match,None,unmatched,82854,14.232,29.68,217.64,901.9627,,,,0,0,0,0,0,0,0,0,0,0,0,0,0,0,0,0,0,0,0,0,0,0,1368.303,0,0,0,0,0,0,0,0,0,0,0,0,0,0,0,0,0,0,0,100,100
No Match,None,unmatched,10554,13.187,29.457,215.93,904.969,,,,5944.295999999999,7446.01,8641.583999999999,12123.679,7328.79,7959.286,7001.672,0,8146.552,8913.882,7893.905,8555.228,11362.919,6891.702,0,0,0,7714.79,4448.501,0,6173.237999999999,0,5749.442,4953.840999999999,4884.259,0,0,5903.085,0,0,6512.885,0,5567.516,6279.206999999999,4614.25,8607.614,8641.21,5420.849,5730.361,5616.226,7297.624,5854.25,100,100
No Match,None,unmatched,84483,14.143,29.422,215.195,906.94325,,,,0,0,0,1704.7450000000001,0,0,1237.463,0,0,0,1975.308,0,0,0,0,0,0,0,0,1707.146,0,0,0,0,1493.33,0,0,0,1067.531,0,0,0,895.172,0,1292.77,716.5996,0,828.0467,0,0,0,0,100,100
No Match,None,unmatched,54202,13.583,32.671,239.46,906.9464,,,,0,0,0,0,0,0,0,0,0,0,784.789,0,0,0,0,0,699.7147,0,2233.046,0,0,0,0,0,0,0,0,0,0,568.2203000000001,1494.678,0,0,0,0,0,0,0,0,0,0,0,100,100
No Match,None,unmatched,3153,14.488499999999998,30.899,226.285,912.95125,,,,55935.289000000004,44260.749,53984.22900000001,50346.14200000001,54599.129,66447.83899999999,61812.431000000004,57278.899000000005,50065.049000000006,75869.209,59936.309,56571.689,61292.189000000006,58629.359000000004,37137.319,47868.599,47362.72900000001,52353.739,48132.299000000006,43982.209,33155.429000000004,36907.849,32750.959,46887.299000000006,43267.189000000006,34296.179000000004,34056.619000000006,37753.639,51360.046,37435.629,58766.799000000006,48199.749,47792.209,52611.97900000001,36854.279,73088.699,42505.97900000001,47054.579000000005,41316.15900000001,0,48951.869000000006,40392.749,100,100
No Match,None,unmatched,50131,13.927,30.362,222.55,916.9258,,,,0,0,0,0,0,0,0,0,0,0,0,0,0,629.6744,0,0,0,0,0,0,0,1482.951,0,0,0,0,0,0,0,0,1250.574,0,0,977.543,0,0,1421.606,0,0,0,1404.763,0,100,100
No Match,None,unmatched,91967,13.926,30.309,222.18,916.9355,,,,0,0,0,0,0,0,0,0,0,0,0,0,0,0,0,0,0,0,0,0,0,0,0,0,0,0,0,0,0,0,0,0,0,0,0,0,0,0,743.3278,0,0,0,100,100
No Match,None,unmatched,58414,11.853,29.35,214.99,920.9454,,,,0,0,0,0,0,0,0,0,0,2266.044,0,0,2404.423,0,0,0,0,0,0,0,0,0,0,0,0,0,0,0,0,0,0,0,0,0,0,0,0,0,0,0,0,0,100,100
No Match,None,unmatched,76566,14.494499999999999,29.617,216.815,924.93295,,,,5213.639999999999,0,6111.285,0,3651.6760000000004,5104.295999999999,0,0,5684.925,6204.2519999999995,0,6119.709,0,4093.549,0,6685.306,6455.561,5618.806,4941.335,3426.6279999999997,1967.8410000000001,0,4532.701,3899.9689999999996,0,0,2626.214,0,5028.876,0,4087.0159999999996,0,880.5459000000001,0,3127.3529999999996,7153.022,0,0,0,5426.365,6253.603999999999,5572.134,100,100
No Match,None,unmatched,51801,13.959,29.596,216.91,924.9567,,,,0,0,0,0,2237.6569999999997,0,0,0,0,0,0,0,0,0,0,0,0,0,0,0,0,774.0472,0,0,0,0,0,0,0,0,0,0,0,0,0,2463.553,0,0,0,1071.739,0,0,100,100
No Match,None,unmatched,57357,10.4245,32.834,240.55,926.93175,,,,0,10435.489,0,0,2804.647,0,0,0,0,7990.862999999999,5946.2919999999995,0,0,0,0,0,0,0,0,0,0,0,0,3581.345,2124.955,8438.714,19979.309,2320.4249999999997,0,0,0,0,0,0,0,0,0,0,0,0,0,0,100,100
No Match,None,unmatched,90066,13.967285714285714,29.098,214.9157142857143,926.9494142857142,,,,57436.989,45858.149000000005,54694.825,53966.15900000001,57059.823000000004,55652.0898,53940.669,53793.3617,50440.878,53131.219000000005,46984.15900000001,51388.851,63590.37,51897.589,46026.769,58206.971000000005,47867.914000000004,55313.199,50580.319,45681.2365,34832.97900000001,0,43554.319,47130.914,42789.699,27872.463,32454.359,48191.19,43463.199,48196.17,54813.406,54165.152400000006,49712.5806,53192.177,33235.559,73031.97899999999,47105.06300000001,51475.189000000006,42293.629,36756.97900000001,47603.569,42091.319,100,100
No Match,None,unmatched,94052,13.6575,30.752,225.44,926.94785,,,,20317.129,19241.079,13061.628999999999,15360.139,30545.859,27141.719,24232.049,29813.959,32582.539,35733.649000000005,24904.519,21094.619,25293.149,30787.399,27718.909,34168.459,33369.609000000004,29617.139,32877.359000000004,28869.668999999998,0,22175.709,19907.609,0,24473.799,18094.049,18914.739,30336.254999999997,30362.329,19407.079,30280.079,36701.389,25768.619,34105.149000000005,23702.849,34285.529,0,32895.259000000005,21862.149,17239.159,29071.739,25105.129,100,100
No Match,None,unmatched,53099,13.171333333333335,30.876,226.21333333333334,930.9379333333333,,,,3640.901,1836.077,1591.178,0,0,0,0,0,0,1094.9180000000001,1165.9850000000001,0,0,0,0,0,0,2718.4689999999996,3701.671,1500.4750000000001,2970.934,3316.846,0,1599.1290000000001,0,0,1682.016,0,0,0,3246.105,0,0,0,0,1585.451,0,2465.778,0,2265.602,3110.18,0,100,100
No Match,None,unmatched,92456,12.928,21.203,155.595,930.9397,,,,19713.679,15488.929,20035.059,19232.989,16260.199,19096.509,17161.079,21868.809,19861.819,22450.659,14255.429,19906.0965,20228.959,14845.229,18778.869,13624.419,18498.319,16941.918999999998,14918.149,12556.349,9802.515,14945.519,12859.139,0,12593.739,0,10606.189,11738.569,16041.839,14417.378999999999,18192.899,13975.539,17146.739,17045.429,0,0,14078.419,0,12731.359,12140.609,13169.499,14242.679,100,100
No Match,None,unmatched,54963,12.868,34.702,254.13,930.9397,,,,0,904.9732,0,0,0,1190.199,0,0,0,2199.7239999999997,0,0,0,0,0,0,0,0,0,0,798.7091,0,0,0,0,0,0,0,0,0,0,0,0,0,0,0,0,0,0,0,0,0,100,100
No Match,None,unmatched,93848,15.278636363636366,32.207,234.9,930.9424545454546,,,,1566125.337,1239053.681,1648087.0320000001,1355591.7070000002,1496609.2240000002,1764660.4780000001,1626338.504,1539395.377,1407408.773,1377853.058,1296926.8280000002,1373200.589,1276721.9770000002,1642184.23,1810386.479,1754077.2026000002,1760847.908,1763119.815,1944685.2270000002,1610469.3760000002,1471242.3830000001,1742721.57,1502927.254,1825257.198,1573847.885,1330572.625,1406823,1815393.5070000002,1892166.722,1649011.9770000002,1965165.2280000001,1653388.5650000002,1876917.7360000003,1670032.827,1422266.304,2532349.227,1606951.431,1983881.236,1650363.9710000001,1666395.2980000002,1747577.9980000001,1632676.712,100,100
No Match,None,unmatched,23133,15.417333333333334,30.871,225.93999999999997,930.9417333333334,,,,0,0,0,2681.044,0,4688.6556,4545.206,1407.457,3983.8269999999998,0,1515.105,43948.03400000001,4173.1995,54810.219000000005,1160.529,748.9778,0,0,0,44016.343,0,0,1958.0071000000003,914.9961000000001,1639.765,0,0,1870.849,0,3625.307,2615.424,0,1844.296,8954.125,1362.429,0,0,913.8580000000001,2450.4199999999996,52355.615000000005,1115.636,0,100,100
No Match,None,unmatched,1821,12.916000000000002,30.891,173.20000000000002,930.9427333333333,,,,153482.38800000004,114407.898,143589.268,150159.52800000002,143234.068,148064.698,146926.98799999998,152799.46800000002,148987.538,182326.958,146958.638,136955.248,167928.178,145423.32799999998,104892.89899999999,136060.688,129480.98799999998,113019.499,114503.74799999999,123156.77799999999,102339.86799999999,113784.778,96883.148,116835.658,113842.468,85430.873,93980.09300000001,119591.308,111103.599,108720.97799999999,137245.538,119619.938,140001.976,127335.91799999999,94687.219,185097.098,124961.578,115707.499,120358.578,124413.088,134755.018,114307.518,100,100
No Match,None,unmatched,93821,12.92,34.664,253.96,930.9571,,,,0,0,0,0,0,0,0,0,0,0,0,0,0,0,603.8290000000001,0,0,0,0,0,0,0,0,0,0,0,0,0,0,0,0,0,0,0,0,0,0,0,0,0,0,0,100,100
No Match,None,unmatched,75878,12.871,21.299,156.13,931.9404,,,,0,0,0,1278.1870000000001,0,0,0,0,0,712.1583,0,0,0,0,0,0,0,0,0,0,0,0,0,0,0,0,0,0,0,0,0,0,0,0,0,0,0,0,0,0,0,0,100,100
No Match,None,unmatched,88564,12.879,18.83,138.25,931.9417,,,,0,0,0,0,0,0,0,0,0,0,0,0,0,0,0,0,0,0,0,0,0,0,0,957.7438000000001,0,0,0,0,0,0,0,0,0,0,0,0,0,0,0,0,0,0,100,100
No Match,None,unmatched,72025,12.898,20.005,146.83,931.9432,,,,0,0,0,0,0,0,0,0,0,0,0,0,0,0,0,0,0,1645.3020000000001,0,0,0,0,0,0,0,0,0,0,0,0,0,0,0,0,0,0,0,0,764.1592,0,0,0,100,100
No Match,None,unmatched,13928,14.643,30.678,226.435,931.94665,,,,7891.786,0,1246.145,8124.026,0,0,0,1404.494,1814.464,0,8367.503999999999,11098.079,858.1888,0,0,0,0,0,0,0,9473.940999999999,0,0,0,0,0,0,13135.3433,0,0,9869.982,12926.9578,15952.109,0,9580.818,4358.54,1786.377,0,0,0,0,13354.749,100,100
No Match,None,unmatched,79585,12.489,30.484,223.31,936.9521,,,,858.7685,0,0,0,0,0,0,0,0,0,0,0,0,0,0,0,0,0,0,0,0,0,0,0,0,0,0,0,0,0,0,0,0,0,0,0,0,784.299,0,0,0,0,100,100
No Match,None,unmatched,3562,12.1725,29.938,219.375,938.9344,,,,40515.369000000006,41084.639,40298.089,40047.959,31453.619,42292.019,34249.129,38634.449,37641.779,105693.599,55679.959,41312.97900000001,123017.08499999999,43045.389,33993.809,33690.819,32078.269,35781.319,32836.119000000006,31468.559,32330.699,28890.859,36186.089,33244.97900000001,33598.22900000001,25356.449,35714.029,31827.229,26547.239,29235.109,0,41263.97900000001,32823.639,31428.409,32861.72900000001,64255.849,36807.389,28532.109,28726.619,30960.359,36804.389,32814.289000000004,100,100
No Match,None,unmatched,74499,12.077,32.642,239.07,938.9349,,,,0,0,0,0,0,0,0,0,0,0,0,0,0,635.5450000000001,0,0,0,1492.44,0,0,0,0,0,0,0,0,0,0,0,0,0,0,0,0,0,0,0,0,0,0,0,0,100,100
No Match,None,unmatched,45451,14.386,30.175,221.01,938.9488,,,,0,0,0,0,0,0,0,0,0,0,3485.1079999999997,0,2682.4719999999998,0,0,0,0,0,0,0,0,0,0,0,0,0,0,0,0,0,0,0,0,0,0,3055.812,0,0,0,0,0,0,100,100
No Match,None,unmatched,64772,15.235294117647058,29.581,217.28235294117647,944.9399588235294,,,,2363232.83,1890237.375,2075015.286,2076497.705,2381325.9220000003,2373010.1720000003,2277345.897,2419520.995,2210340.524,2352467.968,2102050.1470000003,2357096.609,2329145.275,2085275.172,2137154.6300000004,2386563.643,2091720.063,2062578.213,2242493.982,1972438.6230000001,1658985.807,1979962.1609999998,1923959.8250000002,2198155.2550000004,1992921.0010000002,1699491.9840000002,1781659.748,2006156.8380000002,2194781.3030000003,1973508.937,2128257.047,2058124.9260000002,2181658.0530000003,2169961.5749999997,1980169.759,2582739.744,2187533.029,2176458.856,1825623.549,1953699.814,2328197.472,2006577.412,100,100
No Match,None,unmatched,62939,14.223,29.65,217.27,946.0806,,,,0,0,0,0,0,0,0,0,0,0,0,0,0,0,0,0,0,0,0,0,0,0,0,0,0,0,0,0,0,0,0,0,0,0,0,0,0,0,0,0,0,0,100,100
No Match,None,unmatched,85089,11.614,31.564,231.25,946.9886,,,,0,0,0,0,0,0,0,0,0,0,0,0,0,0,0,0,0,0,0,0,0,0,0,0,0,0,0,0,0,0,0,0,0,0,0,1194.438,0,0,0,0,0,0,100,100
No Match,None,unmatched,10461,10.423,34.42,252.04,948.9149,,,,879.4568,16826.239,0,0,14531.269,0,0,0,0,19733.119,18009.079,1695.346,0,0,0,0,0,0,6307.806,0,0,8468.565,2355.955,0,0,21561.899,36242.019,11393.099,0,0,0,6487.99,7187.433,0,35628.519,0,0,0,14511.798999999999,0,0,0,100,100
No Match,None,unmatched,71425,14.571,30.69,224.6,950.9458,,,,14163.249,11964.739,20557.639,11986.458999999999,17764.979,19416.019,12595.639,16809.529,19074.709,18602.519,15411.359,16844.849,16657.139,19178.404,25027.909,20712.929,0,23229.599,26675.109,0,0,0,16454.939,21059.249,0,13188.489,0,20245.189,20522.889,20689.639,21133.279,16840.649,0,20322.279,14244.378999999999,26919.469,22564.7894,0,16085.069,18399.539,0,20741.339,100,100
No Match,None,unmatched,20214,14.511,32.246,236.16,950.9473,,,,0,0,0,0,2379.41,2005.3310000000001,0,2587.236,0,2609.999,3023.316,0,0,0,0,4643.072999999999,0,3672.015,5155.969999999999,0,0,4634.295999999999,0,2927.75,2419.6899999999996,0,0,0,0,0,4609.621,2996.1639999999998,4662.768,3878.805,4806.655,0,0,0,0,0,0,0,100,100
No Match,None,unmatched,9482,13.544,30.476,223.22,954.9648,,,,8456.994999999999,8068.035,8714.864,11038.509,8597.128999999999,8447.235,7691.6089999999995,0,7376.57,0,9279.257,8687.86,8698.296,9243.171,6433.634,8415.444,5621.121,7441.526,6388.12,0,0,0,7066.753,0,7131.226,6274.16,8285.083,0,3948.4649999999997,7641.05,0,9422.974,7022.726,5809.468,7592.842,12852.179,6860.206,6850.758,7594.677,9252.6,8194.085,7506.755999999999,100,100
No Match,None,unmatched,63655,13.923,33.619,246.17,956.9392,,,,0,0,0,0,0,0,1813.315,0,0,0,0,0,0,0,0,1098.041,0,0,0,0,0,0,0,0,0,0,0,0,0,0,0,0,0,0,0,0,0,0,0,0,699.2262000000001,0,100,100
No Match,None,unmatched,24921,14.44,30.265,221.69,956.941,,,,0,0,2782.7019999999998,0,3612.5069999999996,4412.717,0,0,0,0,0,0,0,0,1881.531,0,2322.3469999999998,0,3307.45,0,0,0,0,0,0,0,1382.674,0,0,0,0,0,0,3449.685,0,4704.803,1662.58,2355.3959999999997,0,3384.4139999999998,1115.094,0,100,100
No Match,None,unmatched,89024,14.429,30.543,223.58,958.9538,,,,928.5163,0,0,0,0,0,0,0,0,0,0,0,0,0,0,0,0,0,0,0,0,0,0,0,0,0,0,0,0,0,0,0,0,0,0,0,0,0,0,0,0,0,100,100
No Match,None,unmatched,34797,12.092,30.595,224.04,960.9123,,,,0,4605.888,0,0,0,0,0,1412.19,0,0,0,0,0,0,0,0,0,0,0,0,0,0,0,0,0,7755.885,0,0,0,0,0,0,0,0,0,3696.966,0,0,0,0,0,0,100,100
No Match,None,unmatched,31062,14.7365,31.862,233.35000000000002,962.9476500000001,,,,0,0,21011.469,16960.329,22499.609,25947.902,16905.559,17690.339,20325.479,13817.399,16325.249,25856.668999999998,15933.967999999999,27455.149,25675.899,0,24284.639,25650.259,0,21909.249,16502.149,0,15090.969,25444.909,22501.418999999998,17271.249,14183.909,23026.779,27264.355,21017.069,27780.729,18588.519,24771.039,24482.679,25162.459,41555.029,4087.1929999999998,23480.578,22086.049,21721.689,25467.729,23638.418999999998,100,100
No Match,None,unmatched,86685,14.23,31.353,229.64,966.928,,,,0,0,0,0,0,0,0,0,0,0,0,0,0,0,0,0,0,0,0,0,0,0,0,0,0,0,0,0,0,0,0,0,1079.773,0,0,0,0,0,0,0,0,0,100,100
No Match,None,unmatched,22225,12.288,30.346,222.2,970.939,,,,0,0,0,1761.334,0,2916.1389999999997,3160.158,0,0,6747.831999999999,0,1379.188,8094.478999999999,0,0,0,0,0,2326.2039999999997,0,0,2152.2219999999998,0,0,2952.85,2482.419,0,0,0,0,1928.372,0,1971.082,0,0,4173.961,0,0,1904.873,0,0,2361.2749999999996,100,100
No Match,None,unmatched,27143,14.762,30.436,222.87,974.9308,,,,0,0,0,0,0,1874.1100000000001,3992.439,0,0,0,2216.8639999999996,0,0,0,0,0,2399.848,2998.218,0,0,0,0,0,0,0,0,1924.501,2525.924,0,3123.7659999999996,1536.391,0,3599.544,0,2902.0719999999997,0,1210.89,0,0,0,0,0,100,100
No Match,None,unmatched,55275,14.267,30.597,223.96,974.9493,,,,891.4062,1065.348,0,0,0,0,0,0,0,0,0,0,2069.56,0,0,0,0,0,0,0,0,0,0,1456.138,0,0,0,0,0,0,0,0,0,0,0,0,0,0,0,0,0,0,100,100
No Match,None,unmatched,71321,14.181571428571429,30.392,220.58142857142857,976.9461,,,,60081.149000000005,60805.359000000004,63675.461,49613.849,65928.891,70757.389,67118.745,63487.696,63119.33900000001,82695.80799999999,66594.22899999999,52571.619000000006,60440.829000000005,59109.161,50557.457,46257.15900000001,62521.52100000001,56290.785,50838.279,48303.91500000001,44238.769,49147.049000000006,45472.39,57998.33400000001,52303.049000000006,38214.593,44595.779,52649.029,54370.481,42908.755000000005,58120.789000000004,57326.359000000004,57275.239,56539.119000000006,42680.429000000004,73954.65799999998,41803.589,58431.889,49091.083000000006,45062.40900000001,53031.349,54146.396,100,100
No Match,None,unmatched,3176,13.915,31.717,232.21,976.9472,,,,45321.269,25500.668999999998,42569.019,29029.549,59275.629,55194.929000000004,49237.449,52019.349,59462.469000000005,79164.39899999999,37700.319,47769.679000000004,44948.869000000006,55267.739,54051.509000000005,63228.019,55201.609000000004,51908.519,62629.769,40736.449,31108.959,50105.929000000004,28885.569,52278.259000000005,35652.72900000001,0,22500.369,55021.379,49184.72900000001,33087.969000000005,55114.279,51262.129,57550.509000000005,65966.409,36508.129,54926.989,43478.939000000006,60738.959,51586.649000000005,36734.65900000001,64758.889,36285.269,100,100
No Match,None,unmatched,69549,3.982,38.64,282.82,979.1128,,,,0,0,0,0,0,0,0,0,0,0,0,0,0,0,0,0,0,0,0,0,787.4221,0,0,0,0,0,0,0,0,0,0,0,0,1927.642,0,0,0,0,0,0,0,0,100,100
No Match,None,unmatched,78953,15.135,34.293,251.07,980.0184,,,,0,0,0,0,0,0,0,0,0,0,0,0,0,0,0,0,1698.826,0,0,0,0,0,0,0,0,0,0,0,0,0,0,0,0,0,0,0,0,0,0,0,0,0,100,100
No Match,None,unmatched,84000,13.601,31.828,233.06,980.9232,,,,0,0,0,0,0,0,0,0,0,0,0,0,0,0,0,0,0,0,1275.6490000000001,0,0,0,0,0,0,0,0,0,0,0,0,0,0,0,0,0,0,0,0,0,0,0,100,100
No Match,None,unmatched,69581,13.221,36.414,266.55,980.9306,,,,0,0,0,0,0,0,0,0,0,0,0,0,0,0,0,0,0,0,0,0,0,0,1463.093,0,0,0,0,0,0,0,0,0,0,0,1248.032,0,0,0,0,0,0,0,100,100
No Match,None,unmatched,58943,13.293,20.662,151.44,980.9335,,,,0,0,0,0,0,0,0,0,0,0,1523.868,841.4083,0,0,0,0,0,0,0,870.417,0,0,0,0,0,0,0,0,0,0,0,0,1316.155,0,0,0,0,0,0,0,0,0,100,100
No Match,None,unmatched,83214,15.927,33.183,242.96,980.9344,,,,0,0,0,0,0,0,0,0,0,0,0,0,0,0,0,0,0,0,0,0,0,0,0,0,0,0,0,0,0,0,0,0,0,0,0,809.9294,529.0711,0,0,0,0,0,100,100
No Match,None,unmatched,54775,14.992,32.09,233.185,980.9385,,,,0,0,0,0,0,7164.2429999999995,0,1658.864,0,0,4005.642,5339.298,0,7810.1179999999995,14984.798999999999,11389.149,13828.349,15188.059,18166.889,1163.588,0,13862.829,17254.699,14888.708999999999,10202.899,0,0,14328.859,22580.969,0,10687.489,11444.169,16072.233,0,0,19072.319,0,0,18381.168999999998,0,12655.849,9418.5342,100,100
No Match,None,unmatched,44818,14.533833333333334,32.86,227.85999999999999,980.9383666666668,,,,180338.96800000002,143242.27800000002,186053.75100000002,144022.53699999998,252492.207,227391.21300000002,222088.407,191435.04100000003,235440.25100000002,160986.079,114131.799,209031.09,126882.518,190925.298,453765.88800000004,350512.298,349764.468,322612.14300000004,541227.008,488418.527,413880.12200000003,498182.21400000004,387712.816,404842.237,307827.29099999997,303585.88800000004,339046.542,463411.897,465248.488,425986.38800000004,327028.805,323748.044,406666.248,364612.94800000003,473161.611,612573.1809999999,538582.106,424561.27800000005,461111.75100000005,339114.708,336069.386,402998.26,100,100
No Match,None,unmatched,1993,13.362,32.059,234.485,980.9390000000001,,,,117672.699,97667.199,105988.39899999999,90295.83899999999,90684.36899999999,113283.099,122417.999,108730.599,122008.699,119451.499,107278.799,108737.099,110057.499,116575.299,87556.959,95752.14899999999,100744.999,104651.39899999999,84409.069,87205.389,79174.92899999999,92949.92899999999,76238.42899999999,94133.129,94634.969,72776.83899999999,83156.299,91574.699,97200.219,77966.449,101192.999,101358.999,115676.099,100237.499,80435.36899999999,151536.999,91920.309,97063.709,99528.019,96516.28899999999,100254.199,96376.659,100,100
No Match,None,unmatched,10359,13.231,19.457,142.66,980.9387,,,,6739.25,7728.487,6819.955,8032.313,8280.158,9486.506,12677.449,9330.142,7055.130999999999,7149.08,0,6977.999,0,7245.723,5648.134,6052.911,8463.107,0,0,0,3696.5359999999996,6808.646,0,0,3815.466,0,4367.249,4561.991,0,5633.687,6772.6669999999995,6378.602,8486.755,8159.866,0,12658.619,6317.5779999999995,9166.676,7266.405,6307.312,0,7779.673,100,100
No Match,None,unmatched,81253,13.232,20.636,151.33,980.9524,,,,0,0,0,0,0,0,0,0,0,0,0,0,0,0,0,0,0,0,0,0,0,0,0,0,0,0,0,593.7104,0,0,0,0,0,0,0,0,0,0,0,0,906.2681,0,100,100
No Match,None,unmatched,41309,14.87,32.861,240.52,981.9385,,,,0,0,0,0,0,0,7367.463,0,0,0,0,0,0,0,0,0,0,0,0,0,0,0,0,0,0,0,0,0,0,0,0,0,0,0,0,0,0,0,0,0,0,0,100,100
No Match,None,unmatched,45455,14.874,33.607,245.98,981.9421,,,,0,0,0,0,0,0,0,0,0,0,0,5140.303,0,0,0,0,0,0,0,0,0,0,0,0,0,0,0,0,0,0,0,0,0,0,0,0,0,0,0,0,0,0,100,100
No Match,None,unmatched,95920,14.928,33.146,242.69,981.9544,,,,0,0,0,0,0,0,0,0,0,0,0,0,0,0,0,0,0,0,0,0,0,0,0,0,0,0,0,0,0,0,0,0,0,0,0,0,0,0,0,0,0,0,100,100
No Match,None,unmatched,34794,12.877,31.444,230.13,986.9492,,,,0,0,2743.5,0,0,1330.005,0,0,0,3528.8689999999997,2641.933,0,2066.8059999999996,0,0,0,0,0,0,0,0,0,0,0,0,0,0,0,0,0,0,1123.71,1367.887,0,0,0,0,0,0,0,2670.9889999999996,0,100,100
No Match,None,unmatched,78913,3.964,39.317,287.73,987.1093,,,,0,0,0,0,0,0,0,0,0,0,0,0,0,0,0,0,0,0,0,0,0,0,0,0,0,0,0,0,0,0,0,0,1703.125,0,0,0,0,0,0,0,0,0,100,100
No Match,None,unmatched,65016,12.497,33.658,246.28,988.9299,,,,0,0,0,0,0,0,0,0,1566.923,0,1131.182,0,0,0,0,0,0,0,0,0,0,0,0,0,0,0,0,0,0,0,0,0,0,0,0,0,0,0,0,679.9071,0,0,100,100
No Match,None,unmatched,2307,12.587,30.953,226.485,988.9315,,,,90634.08899999999,85916.39899999999,78185.379,89698.25899999999,79998.099,80389.269,88950.989,89400.849,81013.299,148790.499,113059.89899999999,84550.169,154350.399,78021.84999999999,74749.36899999999,81581.253,75147.569,69585.989,79347.319,67496.659,69584.219,62427.47900000001,70059.879,77506.299,73398.849,62281.269,70685.72899999999,68675.939,71128.83899999999,69003.669,71412.39899999999,78505.889,75328.469,63484.959,67260.639,107595.699,68153.129,69091.739,70489.029,73571.029,80922.36899999999,66205.239,100,100
No Match,None,unmatched,65840,14.661,31.195,228.33,988.9482,,,,1174.046,0,0,0,0,0,0,0,0,0,0,0,0,0,0,0,0,0,0,0,0,0,0,0,0,0,0,0,0,0,0,0,0,0,0,0,0,2073.7799999999997,0,0,0,0,100,100
No Match,None,unmatched,17634,15.245833333333335,30.637,224.10166666666666,994.9370749999999,,,,1530620.2780000002,1273955.1260000002,1607388.014,1390823.833,1653061.924,1752390.037,1609696.905,1547180.335,1703188.547,1512002.2010000001,1345865.7850000001,1689490.192,1394115.715,1707916.594,1737467.9070000001,1734106.931,1807810.164,1631479.465,2032138.2920000001,1784361.864,1440556.0620000002,1798861.724,1501242.47,1723539.036,1528516.016,1426309.1430000002,1549645.85,1735271.735,1972392.1160000002,1775796.6220000002,1848396.943,1680441.815,1859225.057,1933994.4800000002,1716287.994,2491765.796,1815663.702,1845444.615,1961450.4640000002,1744733.045,1768234.3490000002,1730523.915,100,100
No Match,None,unmatched,92906,14.876,30.669,224.56,995.9611,,,,0,0,0,0,0,0,0,0,0,0,0,0,0,0,0,0,0,0,0,0,0,0,0,0,0,0,0,0,0,0,0,0,0,0,0,0,0,0,0,0,0,0,100,100
No Match,None,unmatched,76272,14.509,30.609,224.11,996.084,,,,0,0,0,0,0,0,0,0,0,0,0,0,0,0,0,0,0,0,0,0,0,0,0,0,0,0,0,0,0,0,0,0,0,0,0,0,0,0,0,0,0,0,100,100
No Match,None,unmatched,38074,12.093,32.683,239.08,996.9846,,,,0,0,0,0,0,1548.803,0,0,987.7051,4433.157999999999,0,1302.528,5910.946,0,0,0,0,0,0,0,0,0,0,0,0,0,0,0,0,0,0,0,0,0,0,0,0,0,0,0,0,0,100,100
No Match,None,unmatched,27752,14.803,31.564,231.07,1000.9457,,,,0,0,0,0,0,0,0,0,0,0,0,0,0,0,3613.4889999999996,0,0,2258.249,0,0,0,4206.018,0,0,0,0,0,1886.078,2994.249,0,0,0,5114.773999999999,0,1841.4750000000001,5178.405,0,0,0,0,0,1771.036,100,100
No Match,None,unmatched,10744,13.879,31.454,230.19,1004.9637,,,,9535.018,9378.751,7917.056,0,0,8529.063,7462.687,7216.767,7917.079,5856.09,6555.121999999999,0,9046.473,5645.669,0,0,7908.494,8613.099,4650.44,6594.9529999999995,5832.977,6325.727,9314.062,5261.331999999999,0,3320.8239999999996,5473.336,8789.34,7449.129,9067.607,0,0,0,0,3615.843,13157.849,8279.59,0,5291.336,0,0,6447.754,100,100
No Match,None,unmatched,52604,14.717,31.342,229.39,1006.9412,,,,0,0,1337.257,0,0,0,0,0,0,0,0,0,0,0,0,0,1410.239,0,0,0,0,0,1583.4470000000001,0,0,0,0,0,0,0,0,0,1946.96,0,0,0,0,0,0,0,0,0,100,100
No Match,None,unmatched,76386,14.682,31.366,229.51,1008.9548,,,,0,0,0,0,0,0,0,0,0,0,0,0,0,1130.875,0,0,0,0,0,0,0,0,0,0,0,0,0,0,0,0,0,0,813.2357000000001,0,0,0,0,0,0,0,0,0,100,100
No Match,None,unmatched,9483,12.498,31.609,231.32,1010.913,,,,0,8983.333,8700.393,8515.71,7835.733,20766.999,0,0,0,16954.699,0,5263.428,15983.208999999999,0,0,8979.556,0,6749.4929999999995,10735.559,0,9903.547,3748.9399999999996,6927.6759999999995,9960.678,7498.915,6462.495,0,5217.28,8045.621,3812.6589999999997,13214.809,4023.8199999999997,5476.255999999999,0,8750.332,26558.429,0,11422.919,0,0,5781.98,11530.958999999999,100,100
No Match,None,unmatched,87734,14.961,32.815,240.17,1012.9457,,,,0,0,0,0,0,0,0,0,0,0,0,0,0,0,0,0,0,0,0,0,0,0,0,1010.477,0,0,0,0,0,0,0,0,0,0,0,0,0,0,0,0,0,0,100,100
No Match,None,unmatched,19439,12.692,31.306,229.07,1020.938,,,,5364.638,3422.473,5206.387,3584.6809999999996,2898.49,0,4839.914,0,0,0,0,3528.776,0,0,2460.8579999999997,670.3517,3001.848,2957.334,0,0,0,0,0,2025.233,0,2056.2799999999997,0,2260.473,0,0,2680.2659999999996,0,3123.5829999999996,4835.621999999999,1428.286,0,0,2619.3759999999997,3105.31,0,0,0,100,100
No Match,None,unmatched,49277,13.258,31.557,230.83,1024.9278,,,,0,0,0,0,0,0,1834.703,0,0,0,0,3597.4939999999997,0,0,0,0,0,0,0,0,0,0,0,0,0,0,0,0,0,0,0,0,0,0,0,0,0,0,0,2068.075,0,0,100,100
No Match,None,unmatched,67636,11.212,34.66,253.59,1026.927,,,,0,0,0,0,0,0,0,0,0,0,0,0,0,0,0,0,0,0,0,0,0,0,0,0,0,0,0,0,0,0,0,0,0,0,2984.305,0,0,0,0,0,0,0,100,100
No Match,None,unmatched,41410,14.753,31.431,230.08499999999998,1026.943,,,,26087.643,19899.759,31085.299,24611.909,29780.0326,35479.039000000004,23826.359,29110.709,32425.119,22900.349,25122.249,29572.699,0,36544.429000000004,0,2301.2030000000004,36967.78800000001,25366.949,0,39252.699,31092.099,34173.709,35381.629,32453.889,36217.22900000001,28410.529,29183.099,37053.129,44073.749,35666.999,0,34248.579000000005,39548.039000000004,37975.259000000005,37855.47900000001,61331.709,34707.709,41613.859000000004,43265.489,32894.939,37859.109000000004,33492.759000000005,100,100
No Match,None,unmatched,4056,14.22,32.611,238.57,1026.9432,,,,27502.879,4758.28,23858.869,20022.369,42899.169,48599.889,40571.149000000005,39117.719000000005,48552.959,45556.859000000004,14230.889,25987.668999999998,27084.899,38880.249,32846.389,36362.089,38155.249,40527.339,45725.619000000006,31007.879,0,33027.989,8748.9,37393.40900000001,16542.918999999998,0,9125.697,38126.079000000005,42691.109000000004,24584.969,50266.879,25947.649,42948.359000000004,46812.599,27817.709,47262.359000000004,30647.759,0,36843.40900000001,27414.379,38172.719000000005,28775.679,100,100
No Match,None,unmatched,92773,13.598,36.838,269.47,1030.9206,,,,0,0,0,0,0,0,0,0,0,0,0,0,0,0,0,0,0,0,0,0,0,0,0,0,0,0,0,0,0,0,0,688.4411,0,0,0,0,0,0,0,0,0,0,100,100
No Match,None,unmatched,46069,13.56,20.015,146.62,1030.9304,,,,1720.336,0,0,0,813.0506,0,0,0,0,0,0,1355.053,0,0,0,1682.7740000000001,0,0,0,0,0,0,0,0,0,0,1413.853,0,0,0,0,0,0,0,0,0,1924.128,0,0,0,0,0,100,100
No Match,None,unmatched,45839,13.741,33.29,243.25666666666666,1030.9347333333333,,,,0,51334.889,48249.542,37768.639,54131.76,40167.65900000001,59769.469000000005,55653.609000000004,58957.499,49371.829000000005,51763.379,53726.049000000006,43139.219000000005,67921.139,68353.16200000001,63835.069,60071.90900000001,58143.819,59515.789000000004,65252.249,61219.779,67027.129,68286.224,59616.331000000006,68850.296,52152.819,58038.47900000001,69332.9826,69744.90299999999,65269.422000000006,62096.429000000004,64073.111000000004,67301.16200000001,74665.409,64488.918000000005,110106.299,66857.61899999999,66782.372,67619.225,59412.439000000006,67827.209,75405.807,100,100
No Match,None,unmatched,15644,13.607,22.414,164.035,1030.93725,,,,6763.624,0,0,2282.8509999999997,1175.651,0,0,2185.993,3192.647,3685.343,0,4367,1871.547,1774.209,5764.461,5059.2609999999995,4665.385,0,3472.919,0,2836.062,0,0,0,2695.3999999999996,0,0,0,0,0,1890.622,6378.982,0,4819.593,3376.355,9020.662,6704.465,0,4999.92,3665.156,5108.728999999999,0,100,100
No Match,None,unmatched,28136,15.1065,34.533,253.43,1030.9386,,,,0,0,0,0,0,0,0,0,0,0,0,0,0,0,0,0,0,0,0,829.7469,0,2020.826,5711.445,0,0,0,0,0,1246.198,0,0,0,4234.297,2286.9379999999996,0,12392.878999999999,0,2086.653,0,0,0,0,100,100
No Match,None,unmatched,62656,9.529,41.166,300.86,1031.9266,,,,0,0,0,0,0,0,3803.08,0,0,0,0,0,0,0,0,0,0,0,0,0,0,0,0,0,0,0,0,0,0,0,0,0,0,0,0,0,0,0,0,0,0,0,100,100
No Match,None,unmatched,61853,14.838,32.438,237.34,1036.9468,,,,0,0,0,0,0,0,0,0,0,0,0,0,0,0,1392.934,0,0,0,1024.248,0,0,0,0,0,0,0,0,1022.062,0,0,0,0,0,0,0,0,0,0,0,0,0,514.3786,100,100
No Match,None,unmatched,33030,13.234,32.28,236.11,1036.9477,,,,0,1587.269,0,0,3955.0359999999996,0,0,3296.009,0,0,1024.551,0,0,0,1434.325,1615.265,0,2556.519,0,0,0,0,0,0,0,0,0,1844.213,0,0,0,0,0,2335.64,0,0,0,0,0,0,0,0,100,100
No Match,None,unmatched,59987,12.885,34.742,253.97,1038.9232,,,,0,0,0,0,0,0,1386.554,0,0,922.9961000000001,0,0,0,2019.33,0,0,0,0,0,0,0,0,0,0,0,0,0,0,0,0,0,0,0,0,0,0,0,0,0,0,0,0,100,100
No Match,None,unmatched,1887,12.972000000000001,31.944,233.675,1038.9274500000001,,,,128695.599,106810.999,113659.499,104671.299,118308.799,125920.39899999999,134006.19900000002,126454.599,131582.299,142954.299,123507.699,122101.599,122916.199,126716.299,99102.449,133961.09900000002,116784.499,117574.499,102596.799,96011.299,74143.75899999999,100671.199,94052.659,91653.279,88287.50899999999,63127.989,85100.58899999999,95980.302,105223.39899999999,93423.159,115317.499,104570.39899999999,109834.199,103348.499,79010.239,136206.59900000002,103863.099,106352.099,109747.199,96342.439,108964.699,100784.199,100,100
No Match,None,unmatched,92771,12.985,31.869,233,1039.9386,,,,0,0,0,0,0,0,0,0,0,0,0,0,0,0,0,0,0,0,0,0,0,0,0,0,0,0,0,0,0,0,0,0,0,0,0,0,0,0,0,0,0,0,100,100
No Match,None,unmatched,25333,15.292666666666667,31.56,230.81166666666664,1044.9346166666667,,,,216364.437,199353.49000000002,246898.90800000002,168999.02000000002,263978.404,266045.742,261574.296,216619.05800000002,284400.569,171199.908,160332.138,270072.128,163430.22100000002,245434.499,535693.517,431219.04600000003,426345.045,438279.85400000005,631871.799,623036.1989999999,519236.03900000005,607825.557,590773.673,490457.838,382365.548,447931.437,455538.951,584967.326,595067.147,570657.307,477711.861,427853.9860000001,548147.5480000001,495649.924,483079.735,730558.338,708709.461,505034.694,553874.106,417921.188,429996.81799999997,512077.468,100,100
No Match,None,unmatched,79255,14.669,38.262,279.8,1046.9127,,,,0,0,0,0,0,0,0,0,0,0,0,0,0,0,0,0,0,0,0,0,0,0,0,0,0,0,0,0,1672.864,0,0,0,0,0,0,0,0,0,0,0,0,0,100,100
No Match,None,unmatched,33517,12.496,33.72,246.57,1046.9843,,,,2341.5739999999996,0,0,0,0,0,2365.631,0,1561.009,1710.1290000000001,0,0,0,2620.4019999999996,0,0,0,0,1719.694,0,0,0,0,0,0,0,0,2419.6479999999997,0,0,0,1289.142,0,0,0,0,2251.8109999999997,751.7585,0,0,0,0,100,100
No Match,None,unmatched,23072,11.211,36.541,267.17,1048.9094,,,,0,3040.1659999999997,0,1381.986,0,0,0,0,0,0,1303.07,0,0,0,0,0,0,0,4497.699,0,0,0,0,5882.322,0,0,12485.599,0,0,0,0,0,0,0,10165.708999999999,0,0,0,4046.578,0,0,0,100,100
No Match,None,unmatched,92343,14.23,32.463,237.305,1054.9573,,,,0,2520.7389999999996,0,0,0,0,4759.585,4913.7595,0,5697.416,5593.670999999999,5287.294,6085.903,5443.721,3831.3019999999997,5678.139,4577.626,0,2391.35,3123.196,0,4229.714,5033.147,0,0,4475.635,0,0,0,6368.831999999999,0,0,0,0,0,0,0,9637.844,0,5830.369,0,5729.239,100,100
No Match,None,unmatched,7033,12.884,32.651,238.77,1060.909,,,,16592.229,0,15633.029,15844.849,10191.019,17131.479,0,14690.829,13823.419,15368.489,32835.289000000004,0,0,15956.619,0,17241.629,0,11494.289,0,10703.839,14538.779,8726.09,1737.655,0,19316.219,0,21308.149,14433.639,0,10751.489,11333.839,16750.719,0,13245.119,14933.048999999999,44636.949,0,15372.199,12757.599,13113.069,16786.009,17659.709,100,100
No Match,None,unmatched,32194,13.0625,32.223,235.5,1070.93495,,,,0,0,0,0,0,2468.451,0,0,0,5106.001,0,0,0,0,1830.371,2302.087,0,1732.672,1554.6770000000001,1962.936,0,0,0,0,0,0,0,0,0,0,0,2460.8419999999996,835.0858000000001,0,0,1220.584,0,935.7732,0,0,2964.8619999999996,0,100,100
No Match,None,unmatched,37130,14.968,32.393,236.9,1076.9416,,,,0,0,0,0,0,0,0,0,0,0,0,0,0,0,0,0,0,0,3519.7509999999997,0,0,0,0,0,0,1047.6100000000001,0,0,0,0,0,0,0,0,928.5093,3068.008,4695.383,0,1829.501,0,0,0,100,100
No Match,None,unmatched,30555,14.5525,33.521,244.73000000000002,1076.94355,,,,1658.017,0,0,0,0,0,0,0,0,0,0,0,0,0,2930.261,0,0,0,0,4959.851199999999,0,0,0,0,0,0,0,0,0,2184.379,786.7827,1211.645,0,0,0,0,3850.7129999999997,6590.816,0,0,0,0,100,100
No Match,None,unmatched,15770,13.911999999999999,34.391,251.49,1080.93365,,,,0,0,0,0,0,0,0,0,617.7076000000001,0,0,0,0,0,0,0,0,3896.557,0,10342.479,0,0,0,0,1574.372,0,7162.3189999999995,0,0,10009.849,0,5153.66,8105.195,0,5440.726,16403.209,9088.312,3188.073,7544.007,4079.4689,3962.6459999999997,7102.413,100,100
No Match,None,unmatched,2905,13.305,32.956,240.81,1088.92465,,,,47380.189000000006,62137.529,45841.099,37530.989,69416.359,67430.639,59461.309,86078.489,46947.669,81007.189,65182.559,45508.12000000001,37503.519,66371.172,58177.589,60905.119000000006,62061.639,69098.82,67939.629,42500.549000000006,33033.65900000001,42744.169,54884.019,55309.079000000005,49984.755,32192.459,50181.379,67336.859,57020.679000000004,39183.894,65436.849,73537.549,62343.967000000004,69003.58899999999,41205.609000000004,59497.889,50048.169,61520.859000000004,46968.149000000005,25997.559,68990.75899999999,34278.679000000004,100,100
No Match,None,unmatched,58589,3.993,41.232,301.25,1091.0811,,,,0,0,0,0,0,0,0,0,0,0,0,0,0,731.799,0,0,0,0,0,0,0,0,0,0,0,0,0,0,0,0,0,0,0,0,0,0,2758.528,0,0,1140.1770000000001,0,0,100,100
No Match,None,unmatched,73133,15.207333333333333,32.476,237.46,1094.9295333333332,,,,2789.939,2299.4869999999996,3875.8149999999996,0,0,0,8848.360999999999,7732.067,7311.468,0,0,8074.41,0,5939.4439999999995,37010.119000000006,0,0,15053.559,46223.463,28300.929,34379.15900000001,35488.849,44170.8778,12604.369,0,0,14764.699,37548.90900000001,28987.229,35213.119000000006,0,5024.629,24509.011699999995,25194.089,43181.251000000004,47989.868,45419.97900000001,12208.327,32317.079,4240.179,14953.069,4138.98,100,100
No Match,None,unmatched,32328,12.879,34.739,253.87,1096.9794,,,,0,0,0,0,0,0,4163.641,0,1847.41,3152.6549999999997,0,1265.317,0,0,0,0,0,1409.478,0,0,0,1951.162,0,0,0,0,1094.676,0,0,0,0,0,0,0,0,3457.798,2310.2619999999997,0,0,0,0,0,100,100
No Match,None,unmatched,92216,13.383,33.169,242.31,1102.9384,,,,0,0,0,0,0,0,0,0,0,0,726.6386,0,0,0,0,0,0,0,0,0,0,0,0,0,0,0,0,0,0,0,0,0,0,0,0,0,0,0,0,0,0,0,100,100
No Match,None,unmatched,74961,14.511,33.435,244.42,1104.9596,,,,0,0,0,0,0,0,0,0,0,0,0,0,0,0,0,0,0,0,0,0,0,1317.501,0,0,0,0,0,0,0,0,0,0,0,0,0,0,0,765.0631000000001,0,0,0,0,100,100
No Match,None,unmatched,94561,13.301,33.758,246.54,1110.90675,,,,0,34499.549000000006,18719.179,18901.349,0,40964.699,17461.129,26182.659,17646.809,27665.279,38304.689000000006,13888.069,16756.039,16675.189,21369.629,20443.0979,20423.429,18333.839,29360.219,0,22248.209,16078.429,31608.969,30834.819,34424.199,0,21049.489,25199.089,21608.719,18932.239,27417.299,23181.339,19645.629,0,0,56937.879,10483.829,31334.639,15545.729,13469.999,18277.119,24581.869,100,100
No Match,None,unmatched,70425,13.407,33.245,242.81,1120.9329,,,,0,0,0,0,1383.727,0,0,0,0,1216.386,0,0,0,0,0,0,0,0,0,0,0,0,0,0,0,0,0,0,0,0,0,0,0,0,0,0,0,0,0,0,0,0,100,100
No Match,None,unmatched,7403,11.879,36.441,266.26,1126.9195,,,,8101.945,100812.499,0,74882.33899999999,83154.97899999999,0,26531.269,16668.668999999998,10953.119,100633.199,41644.509000000005,14665.548999999999,13233.529,22998.429,0,0,0,0,56444.059,0,0,49248.859000000004,30222.899,60513.40900000001,21540.839,66878.08899999999,168545.499,71017.36899999999,0,0,0,18190.649,60147.15900000001,10065.479,169605.799,0,10060.639,0,86844.949,5872.945,0,0,100,100
No Match,None,unmatched,40129,11.8805,39.38,287.86,1126.9223,,,,0,3896.604,0,3437.879,5975.925,0,0,0,0,0,0,0,0,0,0,0,0,0,0,0,0,0,0,2557.6589999999997,0,3110.7369999999996,10948.189,0,0,0,0,876.8929,1755.582,0,9091.618,0,0,0,0,0,0,0,100,100
No Match,None,unmatched,5699,13.613499999999998,33.934,247.91,1138.9228,,,,10377.069,0,10349.569,0,15283.719,0,0,18815.709,17671.879,17571.378,0,9852.849,7408.961,19385.729,21909.539,25630.639,26774.619,25044.099,32119.359,22367.979,12056.869,21718.209,23501.249,17114.179,16788.739,12190.159,26808.469,27794.559,27013.649,14364.409,24267.369,31461.685999999998,27010.231,23394.079,0,29760.529,22171.539,0,25434.319,11231.419,23099.639,18114.418999999998,100,100
No Match,None,unmatched,51213,13.221,35.727,260.98,1146.9807,,,,0,0,0,0,0,0,0,999.6835,0,0,0,0,0,0,0,0,0,0,0,0,0,0,1778.884,0,0,0,0,0,1247.926,0,0,0,1259.727,0,0,0,0,1473.233,0,0,0,0,100,100
No Match,None,unmatched,2464,11.88,38.546,281.48,1148.903,,,,31887.039,192589.59900000002,23073.439,163751.69900000002,191303.399,0,64034.299000000006,0,34919.97900000001,216030.499,98175.989,41911.989,37480.059,56779.389,4008.029,0,0,0,131907.09900000002,1413.571,7512.499,105453.699,65088.269,114333.89899999999,51040.209,169351.399,302068.199,151743.399,0,632.255,0,42136.209,152104.999,29448.049,329472.39900000003,1010.61,30666.309,0,187988.399,20938.129,0,0,100,100
No Match,None,unmatched,30418,11.879,37.278,272.23,1152.9792,,,,0,2405.901,0,1661.057,0,0,0,0,0,0,1537.422,0,0,0,0,0,0,0,1011.342,0,0,0,1360.8600000000001,3403.209,0,0,0,0,0,0,0,0,4218.382,0,8050.928,0,0,0,0,0,0,0,100,100
No Match,None,unmatched,8102,13.617,34.726,253.68,1160.9025499999998,,,,6105.8279999999995,1154.593,5379.409,5670.014,10866.719,32313.379,4391.929999999999,16937.418999999998,0,0,13768.798999999999,8211.098,3131.6719999999996,787.2498,19115.719,13735.149,0,13278.939,23399.259,11269.159,13329.488,6068.963,0,0,0,0,15315.189,14642.378999999999,22339.699,8232.463,0,12978.128999999999,0,0,14600.219,37774.459,0,23997.979,7436.78,0,2794.6349999999998,0,100,100
No Match,None,unmatched,12953,11.881,39.537,288.57,1184.9733,,,,0,10814.859,0,11428.589,13126.149,0,0,862.3762,0,14913.389,2705.437,0,0,1648.204,0,0,0,0,0,0,0,6944.9619999999995,0,7544.536999999999,0,8241.533,22850.829,7368.794,0,0,0,0,0,0,22277.179,0,0,0,12975.409,0,0,0,100,100
No Match,None,unmatched,80592,11.855,37.183,271.22,1230.9002,,,,0,0,0,0,0,0,0,0,0,1556.143,0,0,0,0,0,0,0,0,0,0,0,0,0,0,0,0,0,0,0,0,0,0,0,0,0,0,0,0,0,0,0,0,100,100
No Match,None,unmatched,62594,12.952,42.233,307.88,1348.8929,,,,0,0,0,0,0,0,0,0,0,0,0,0,0,0,0,0,0,0,0,0,0,0,0,0,0,0,0,3812.779,0,0,0,0,0,0,0,0,0,0,0,0,0,0,100,100
