,Name,Classification Type,CCS,RT,m/z,ID,Average Abundance,Detection Frequency (%)
0,PFBA (M-H-CO2),likely,110.36,2.365,168.9902,45534.0,100.0,100.0
1,PMPA (M-H-CO2),likely,116.13,12.436,184.9836,59705.0,100.0,100.0
2,PMPA (M-H-CO2),likely,116.13,12.436,184.9836,59705.0,100.0,100.0
3,PMPA (M-H-CO2),likely,115.64,7.297499999999999,184.9843,71789.0,100.0,100.0
4,PMPA (M-H-CO2),likely,115.64,7.297499999999999,184.9843,71789.0,100.0,100.0
5,PFHxA (M-H-CO2),likely,125.3,10.8135,268.9836,49015.0,100.0,100.0
6,PFHxA (M-H-CO2),likely,125.21,11.876,268.9839,29683.0,100.0,100.0
7,PFBS (M-H),likely,133.83,5.333,298.9434,1377.0,100.0,100.0
8,PFHpA (M-H-CO2),likely,132.71,11.212,318.9808,35035.0,100.0,100.0
9,4:2 FTS (M-H),likely,148.43,6.845,326.9719,81564.0,100.0,100.0
10,PFPeS (M-H),likely,142.47,7.142,348.9392,50152.0,100.0,100.0
11,PFOA (M-H-CO2),likely,140.29,12.939,368.9739,68840.0,100.0,100.0
12,PFOA (M-H-CO2),likely,139.77,9.484,368.977,835.0,100.0,100.0
13,PFOA (M-H-CO2),likely,139.71,11.875,368.9773,16089.0,100.0,100.0
14,PFOA (M-H-CO2),likely,140.08,12.951,368.9787,86066.0,100.0,100.0
15,PFHxS (M-H),likely,148.605,8.197,398.9368,35568.0,100.0,100.0
16,PFHxS (M-H),likely,151.00333333333333,8.633666666666665,398.9378,636.0,100.0,100.0
17,PFNA (M-H-CO2),likely,147.51666666666665,12.080333333333334,418.9743666666666,12796.0,100.0,100.0
18,6:2 FTS (M-H),likely,168.97500000000002,9.435,426.96905,94159.0,100.0,100.0
19,PFHpS (M-H),likely,159.07000000000002,9.472666666666669,448.9352,3270.0,100.0,100.0
20,PFNA (M-H),likely,165.51,10.42,462.9641,3794.0,100.0,100.0
21,PFDA (M-H-CO2),likely,156.02,11.219333333333331,468.9705333333333,1942.0,100.0,100.0
22,PFDA (M-H),likely,173.12,11.0955,512.9603,82916.0,100.0,100.0
23,PFUdA (M-H-CO2),likely,164.1075,12.121,518.968525,14002.0,100.0,100.0
24,9Cl-PF3ONS (M-H),likely,170.85,10.926,530.8957,796.0,100.0,100.0
25,PFNS (M-H),likely,175.67,11.035000000000002,548.9287333333333,26710.0,100.0,100.0
26,PFDoA (M-H-CO2),likely,174.23,12.293,568.9642,1237.0,100.0,100.0
27,NMeFOSAA (M-H),likely,192.33,12.443,569.9676,13578.0,100.0,100.0
28,PFDS (M-H),likely,183.682,11.7154,598.9239,62254.0,100.0,100.0
29,PFDoA (M-H),likely,191.36,12.375,612.95425,2537.0,100.0,100.0
30,PFTrDA (M-H-CO2),likely,181.36333333333332,12.973333333333334,618.9618666666667,2576.0,100.0,100.0
31,11Cl-PF3OUdS (M-H),likely,186.96,12.202,630.8905,9259.0,100.0,100.0
32,PFTrDA (M-H),likely,200.14333333333332,12.857,662.9497333333333,66524.0,100.0,100.0
33,PFTeDA (M-H-CO2),likely,188.53,13.376,668.9581,906.0,100.0,100.0
34,6:6 PFPi (M-H),likely,197.44,12.696,700.9225,12233.0,100.0,100.0
35,PFTeDA (M-H),likely,209.04,13.319,712.9472499999999,2993.0,100.0,100.0
36,PFHxDA (M-H-CO2),likely,204.35,14.103,768.9513,14521.0,100.0,100.0
37,6:2 diPAP (M-H),likely,232.34,13.293,788.9759,11725.0,100.0,100.0
38,6:8 PFPi (M-H),likely,215.03,13.44,800.9174,5618.0,100.0,100.0
39,8:8 PFPi (M-H),likely,231.95,14.042,900.9033,78684.0,100.0,100.0
40,Heptafluoropropan-2-ol or Perfluoropropanol,tentative,144.86,12.431,184.9855,68508.0,100.0,100.0
41,"2,2,3,3-Tetrafluorobutanediimidic acid",tentative,22.130000000000003,2.418,187.012,94323.0,100.0,100.0
42,"2,2,3,3-Tetrafluorobutanediimidic acid",tentative,130.84,2.386,187.0121,94953.0,100.0,100.0
43,"2,2,3,3-Tetrafluorobutanediimidic acid",tentative,5.62,2.452,187.0127,86166.0,100.0,100.0
44,Tetrafluorosuccinic acid,tentative,119.5,0.552,188.9827,88203.0,100.0,100.0
45,"5-Ethyl-3-(1,1,2,2-tetrafluoroethyl)-1H-pyrazole",tentative,140.53,4.581,195.0557,87141.0,100.0,100.0
46,"4-Hexen-3-one, 1,1,2,2-tetrafluoro-5-mercapto- or 5,5,6,6-Tetrafluoro-4-sulfanylhex-3-en-2-one or 5,6,6,6-Tetrafluoro-4-sulfanylhex-3-en-2-one",tentative,139.64,4.79,201.0009,94521.0,100.0,100.0
47,"4-Hexen-3-one, 1,1,2,2-tetrafluoro-5-mercapto- or 5,5,6,6-Tetrafluoro-4-sulfanylhex-3-en-2-one or 5,6,6,6-Tetrafluoro-4-sulfanylhex-3-en-2-one",tentative,139.75,8.264,201.0015,93340.0,100.0,100.0
48,"3-(2,2,3,3-Tetrafluoropropoxy)propane-1,2-diol",tentative,138.7,12.0365,205.0478,74514.0,100.0,100.0
49,"4,4,4-Trifluoro-3-hydroxy-3-(trifluoromethyl)butanenitrile",tentative,144.24,0.501,206.0029,39053.0,100.0,100.0
50,"1,5-Pentanediamine, 2,2,3,3,4,4-hexafluoro-",tentative,138.85,1.535,209.0502,86637.0,100.0,100.0
51,"Phenol, 4-(pentafluoroethyl)-",tentative,144.41,13.021,211.0171,20475.0,100.0,100.0
52,"2,3,3,3-Tetrafluoro-2-(trifluoromethyl)propanamide or Heptafluorobutyramide",tentative,15.75,1.533,211.9945,90604.0,100.0,100.0
53,"2,3,3,3-Tetrafluoro-2-(trifluoromethyl)propanamide or Heptafluorobutyramide",tentative,1.48,1.571,211.9962,96116.0,100.0,100.0
54,"2,3,3,3-Tetrafluoro-2-(trifluoromethyl)propanamide or Heptafluorobutyramide",tentative,107.35,1.942,211.9968,91892.0,100.0,100.0
55,"2,3,3,3-Tetrafluoro-2-(trifluoromethyl)propanamide or Heptafluorobutyramide",tentative,117.54,1.938,211.9971,91501.0,100.0,100.0
56,"Ethyl 4,4,5,5-tetrafluoro-3-hydroxypent-2-enoate",tentative,27.19,0.792,215.0321,94147.0,100.0,100.0
57,"Ethyl 4,4,5,5-tetrafluoro-3-hydroxypent-2-enoate",tentative,138.65,4.828,215.0334,95135.0,100.0,100.0
58,"Ethyl 4,4,5,5-tetrafluoro-3-hydroxypent-2-enoate",tentative,141.03,0.675,215.0336,63439.0,100.0,100.0
59,"Ethyl 4,4,5,5-tetrafluoro-3-hydroxypent-2-enoate",tentative,21.04,0.687,215.0347,93609.0,100.0,100.0
60,"Methyl 3-amino-4,4,5,5,5-pentafluoropent-2-enoate",tentative,146.44,0.564,218.0244,86972.0,100.0,100.0
61,"Butanoic acid, 3,3,4,4-tetrafluoro-2-hydrazino-2-hydroxy-, hydrazide",tentative,150.98,10.423,219.0498,73746.0,100.0,100.0
62,"1,1,1-Trifluoro-4-methyl-2-(trifluoromethyl)pent-4-en-2-ol",tentative,146.43333333333334,1.8913333333333333,221.0392,36251.0,100.0,100.0
63,"(1,1,2,3,3,3-Hexafluoropropoxy)acetic acid or 3,3-Bis(trifluoromethyl)-3-hydroxypropionic acid",tentative,141.8725,1.5065,224.997725,77407.0,100.0,100.0
64,NSC213296,tentative,150.628125,14.738062500000002,225.0270563,68322.0,100.0,100.0
65,"1,1,1-Trifluoro-2-(trifluoromethyl)pentane-2,4-diol or 5,5,5-Trifluoro-4-(trifluoromethyl)pentane-1,4-diol",tentative,150.57,14.915,225.0335,94044.0,100.0,100.0
66,"2,2,3,3,4,4,4-Heptafluoro-N-methylbutanamide or Methyl 2,2,3,3,4,4,4-heptafluorobutanimidate",tentative,144.845,13.3385,226.0105,90659.0,100.0,100.0
67,"2,2,3,3,3-Pentafluoro-1-(pyridin-2-yl)propan-1-ol or 4-(Pentafluoroethoxy)aniline",tentative,150.6377777777778,15.583222222222222,226.02771111111116,38366.0,100.0,100.0
68,"4,4-Bis(trifluoromethyl)-4,5-dihydro-1H-pyrazole-3-carbonitrile or 5,5-Bis(trifluoromethyl)-4,5-dihydro-1H-pyrazole-4-carbonitrile",tentative,144.49,2.236,230.0143,83298.0,100.0,100.0
69,2H-Perfluoropropylsulfonic acid,tentative,124.66,1.925,230.9554,20849.0,100.0,100.0
70,"Ethyl 4,4,5,5,5-pentafluoro-3-hydroxy-2-pentenoate",tentative,151.15,2.824,233.026,30860.0,100.0,100.0
71,2-(Pentafluoroethyl)-1H-benzimidazole,tentative,144.585,0.676625,235.0279375,33192.0,100.0,100.0
72,"4-Methyl-5-(1,1,2,2-tetrafluoroethoxy)benzene-1,2-diamine",tentative,150.09,2.307,237.0644,71400.0,100.0,100.0
73,"4-Methyl-5-(1,1,2,2-tetrafluoroethoxy)benzene-1,2-diamine",tentative,148.38,5.641,237.0675,20898.0,100.0,100.0
74,"Imidazolidine, 2-heptafluoropropyl-",tentative,152.48,4.395,239.042,11100.0,100.0,100.0
75,"Imidazolidine, 2-heptafluoropropyl-",tentative,148.08,1.071,239.0434,50008.0,100.0,100.0
76,"2,4-Pentanediol, 4-methyl-1,1,1-trifluoro-2-(trifluoromethyl)- or 3,3,4,4,5,5-hexafluoroheptane-2,6-diol",tentative,154.41,4.335,239.0491,16561.0,100.0,100.0
77,"5,5,6,6,7,7,7-Heptafluoroheptan-3-amine",tentative,152.43,2.412,240.0651,64657.0,100.0,100.0
78,"1-Cyclohexene-1-carbonitrile, 2-amino-3,3,4,4,5,5-hexafluoro-6-imino-",tentative,149.8175,1.7845000000000002,242.013525,7191.0,100.0,100.0
79,"1-Cyclohexene-1-carbonitrile, 2-amino-3,3,4,4,5,5-hexafluoro-6-imino-",tentative,150.31,2.256,242.0144,54743.0,100.0,100.0
80,"(2,3,3,5,5,6,6-Heptafluoro-1,4-dioxan-2-yl)methanol or (Heptafluoropropoxy)acetic acid",tentative,150.41,3.622,242.9904,85293.0,100.0,100.0
81,5-fluoro-2-methyl-6-(pentafluoroethyl)pyrimidin-4(1h)-one,tentative,155.34,2.944,245.0148,70369.0,100.0,100.0
82,"1,1,1,3,4,4-Hexafluoro-2-(trifluoromethyl)but-3-en-2-ol",tentative,125.83,11.874,246.98,82175.0,100.0,100.0
83,"1,1,1,3,4,4-Hexafluoro-2-(trifluoromethyl)but-3-en-2-ol or 1H,1H,5H-Perfluoropentane-1-thiol",tentative,147.56,3.89,246.9831,94575.0,100.0,100.0
84,"5-Fluoro-6-(pentafluoroethyl)pyrimidine-2,4(1H,3H)-dione",tentative,148.37,2.359,246.9945,91287.0,100.0,100.0
85,"1-Chloro-1,1,3,3,3-pentafluoro-2-(trifluoromethyl)propan-2-ol",tentative,137.56,6.852,250.9534,95506.0,100.0,100.0
86,6-fluoro-2-(pentafluoroethyl)-1h-benzimidazole,tentative,148.42666666666665,1.7203333333333333,253.0222666666667,63917.0,100.0,100.0
87,"2-{[2-(Dimethylamino)ethyl]amino}-1,1,1,3,3,3-hexafluoropropan-2-ol",tentative,154.78,3.156,253.0765,94240.0,100.0,100.0
88,"2-{[2-(Dimethylamino)ethyl]amino}-1,1,1,3,3,3-hexafluoropropan-2-ol",tentative,151.52,1.461,253.0783,63033.0,100.0,100.0
89,"2-{[2-(Dimethylamino)ethyl]amino}-1,1,1,3,3,3-hexafluoropropan-2-ol",tentative,158.315,1.241,253.0806,66681.0,100.0,100.0
90,ST075949,tentative,149.36636363636362,1.0832727272727274,255.0373727272727,72899.0,100.0,100.0
91,"1-Ethoxy-2,2,3,3-tetrafluorospiro[3.5]nonan-1-ol",tentative,158.07666666666665,12.06,255.10041666666663,53296.0,100.0,100.0
92,"1-Ethoxy-2,2,3,3-tetrafluorospiro[3.5]nonan-1-ol",tentative,158.04999999999998,11.813333333333333,255.1009333333333,7908.0,100.0,100.0
93,"1-Ethoxy-2,2,3,3-tetrafluorospiro[3.5]nonan-1-ol",tentative,158.42,6.41,255.1005,42461.0,100.0,100.0
94,"2-[(1,2,3,3,4,4,4-Heptafluorobut-1-en-1-yl)sulfanyl]ethan-1-ol",tentative,145.8,1.637,256.9866,51494.0,100.0,100.0
95,"2-(2-aminophenyl)-1,1,1,3,3,3-hexafluoropropan-2-ol or 2-(3-Aminophenyl)-1,1,1,3,3,3-hexafluoropropan-2-ol or 2-(4-Aminophenyl)-1,1,1,3,3,3-hexafluoropropan-2-ol or 2-[(1,1,1,3,3,3-Hexafluoropropan-2-yl)amino]phenol or 4-(1,1,2,3,3,3-Hexafluoropropoxy)aniline",tentative,145.07,8.695,258.0348,89747.0,100.0,100.0
96,"2(1H)-Quinoxalinone, 3-(pentafluoroethyl)-",tentative,155.58,0.548,263.024,25062.0,100.0,100.0
97,"1H-Benzimidazole, 5,6-dimethyl-2-(pentafluoroethyl)-",tentative,160.07500000000002,6.833833333333334,263.06019999999995,89204.0,100.0,100.0
98,"1H-Benzimidazole, 5,6-dimethyl-2-(pentafluoroethyl)-",tentative,154.9425,3.1630000000000003,263.0601375,44924.0,100.0,100.0
99,"1H-Benzimidazole, 5,6-dimethyl-2-(pentafluoroethyl)-",tentative,159.89333333333337,5.110666666666666,263.0605,14836.0,100.0,100.0
100,"1H-Benzimidazole, 5,6-dimethyl-2-(pentafluoroethyl)-",tentative,153.19,2.137,263.0602,31258.0,100.0,100.0
101,"1H-Benzimidazole, 5,6-dimethyl-2-(pentafluoroethyl)-",tentative,155.39,10.106,263.0612,81699.0,100.0,100.0
102,"2-(1,1,2,2,3,3-Hexafluoropropyl)-1H-benzimidazole",tentative,156.11,2.987,267.0369,24128.0,100.0,100.0
103,"2,2,3-Trifluoro-1-methyl-3-(trifluoromethyl)-2,3-dihydro-1H-inden-1-ol or 2-(4-Ethenylphenyl)-1,1,1,3,3,3-hexafluoropropan-2-ol or 3,3,4-Trifluoro-4-(trifluoromethyl)-1,2,3,4-tetrahydronaphthalen-2-ol",tentative,158.44,12.506,269.0414,94025.0,100.0,100.0
104,"(Dichloromethyl)[3-(1,2,2,2-tetrafluoroethoxy)propyl]silane",tentative,153.47,5.128,270.97535,8497.0,100.0,100.0
105,"THIOUREA, N-(2,2,3,3,4,4,4-HEPTAFLUOROBUTYL)-N'-",tentative,155.13,5.242,271.0135333333333,79288.0,100.0,100.0
106,"4-[(2,2,3,3,3-Pentafluoropropyl)sulfanyl]benzene-1,2-diamine",tentative,159.2,0.544,271.0307,83153.0,100.0,100.0
107,"4-[(2,2,3,3,3-Pentafluoropropyl)sulfanyl]benzene-1,2-diamine",tentative,154.87208333333334,1.8829583333333333,271.03249166666666,84778.0,100.0,100.0
108,"4-[(2,2,3,3,3-Pentafluoropropyl)sulfanyl]benzene-1,2-diamine",tentative,160.85,0.77,271.0337,64471.0,100.0,100.0
109,AC1MELTU,tentative,159.68,12.122,271.0956,77663.0,100.0,100.0
110,"2,2,3,3,4,4-Hexafluoro-4-sulfobutanoic acid",tentative,157.21,11.744,274.9429,89292.0,100.0,100.0
111,"1-[4-(1,1,2,2-Tetrafluoroethoxy)phenyl]piperazine",tentative,162.13,2.198,277.0962,94046.0,100.0,100.0
112,Tetrafluron,tentative,162.37,7.673,279.074,38369.0,100.0,100.0
113,"Bis(1H,1H-perfluoropropyl)amine",tentative,161.79,8.294,280.0217,43847.0,100.0,100.0
114,"1,1,2,2,3,3,4,4-Octafluorobutane-1-sulphonic acid or 1,1,2,2-Tetrafluoro-2-(1,1,2,2-tetrafluoroethoxy)ethane-1-sulfinic acid",tentative,128.8,3.192,280.9519,59816.0,100.0,100.0
115,"1,1,2,2,3,3,4,4-Octafluorobutane-1-sulphonic acid or 1,1,2,2-Tetrafluoro-2-(1,1,2,2-tetrafluoroethoxy)ethane-1-sulfinic acid",tentative,134.06,3.513,280.9544,55328.0,100.0,100.0
116,"2,2,3,3,4,4,4-Heptafluoro-1-(piperazin-1-yl)butan-1-one",tentative,158.54,3.577,281.052,20879.0,100.0,100.0
117,"2,2,3,3,4,4,4-Heptafluoro-1-(piperazin-1-yl)butan-1-one",tentative,160.12,2.7903333333333333,281.0532666666666,21532.0,100.0,100.0
118,"2,2,3,3,4,4,4-Heptafluoro-1-(piperazin-1-yl)butan-1-one",tentative,159.3,5.442,281.0552,91970.0,100.0,100.0
119,4-Chloro-3-(heptafluoropropyl)-5-methylpyrazole,tentative,150.95,3.692,282.9883,92895.0,100.0,100.0
120,2-(Pentafluoroethyl)-4-(propan-2-yl)pyrimidine-5-carboxylic acid,tentative,162.74,13.212,283.0511,46779.0,100.0,100.0
121,Undecafluoropentan-1-amine,tentative,158.82,15.849,283.994,89177.0,100.0,100.0
122,"1,1,1,3,3,4,4,4-Octafluoro-2-(trifluoromethyl)-2-butanol",tentative,155.4933333333333,12.493666666666668,284.97565000000003,49991.0,100.0,100.0
123,"1,1,1,3,3,4,4,4-Octafluoro-2-(trifluoromethyl)-2-butanol",tentative,155.5,13.476,284.9751,46404.0,100.0,100.0
124,"1,1,1,3,3,4,4,4-Octafluoro-2-(trifluoromethyl)-2-butanol",tentative,155.61,9.892,284.9753,87901.0,100.0,100.0
125,"1,1,1,3,3,4,4,4-Octafluoro-2-(trifluoromethyl)-2-butanol",tentative,155.42,7.485,284.9755,24469.0,100.0,100.0
126,"(1z,6z)-2,2,3,3,4,4,5,5-octafluorohexanediimidamide",tentative,157.17,10.125,285.0415,49337.0,100.0,100.0
127,"3,3,3-Trifluoro-N-(4-methylpyridin-2-yl)-2-(trifluoromethyl)propanimidic acid",tentative,158.85666666666668,1.3506666666666665,285.0471222222222,62812.0,100.0,100.0
128,"3,3,3-Trifluoro-N-(4-methylpyridin-2-yl)-2-(trifluoromethyl)propanimidic acid",tentative,158.69750000000002,1.60725,285.0472,20913.0,100.0,100.0
129,"4-(1,1,1,3,3,3-hexafluoro-2-hydroxypropan-2-yl)benzoic acid or 4-Amino-2-(heptafluoropropyl)pyrimidine-5-carbonitrile or Methyl 4,4,5,5,6,6,6-heptafluoro-3,3-dihydroxyhexanoate",tentative,158.5625,1.6735,287.01672500000006,22594.0,100.0,100.0
130,"(2-Bromo-1,1,2,2-tetrafluoroethoxy)(difluoro)acetic acid",tentative,143.905,1.6404999999999998,288.8969,88675.0,100.0,100.0
131,"N-[(Chlorocarbonyl)oxy]-2,2,3,3,4,4,4-heptafluorobutanimidamide",tentative,151.0,1.61,288.9639,92191.0,100.0,100.0
132,"1,1,1,3,3,3-Hexafluoro-2-(2-mercapto-5-methylphenyl)-2-propanol",tentative,158.68,1.829,289.0135,47719.0,100.0,100.0
133,"N-(3,3,4,4,5,5,5-Heptafluoropent-1-en-2-yl)cyclohexanamine",tentative,165.5,3.002,292.0942,69954.0,100.0,100.0
134,"2-{[(2,2,3,3,3-Pentafluoro-1-phenylpropylidene)amino]oxy}acetamide",tentative,162.97500000000002,4.0125,295.05085,88046.0,100.0,100.0
135,2-(Heptafluoropropyl)-3-methyl-1H-indole,tentative,165.19615384615386,15.455538461538463,298.0486461538461,44085.0,100.0,100.0
136,"1,1,1,3,3,3-Hexafluoro-2-(1,2,3,4-tetrahydroquinolin-6-yl)propan-2-ol or 4-Methyl-5-phenyl-2,2-bis(trifluoromethyl)-1,3-oxazolidine",tentative,166.14,4.238,298.0664,85079.0,100.0,100.0
137,Perfluoro-2-(trifluoromethyl)propanesulphonic acid or Perfluorobutanesulfonic acid,tentative,163.88,8.958,298.9441,61498.0,100.0,100.0
138,5:1 Fluorotelomer alcohol,tentative,159.84,13.492,298.991,65531.0,100.0,100.0
139,5:1 Fluorotelomer alcohol,tentative,160.28,8.466,298.9912,32236.0,100.0,100.0
140,5:1 Fluorotelomer alcohol,tentative,160.005,10.26,298.99255,76464.0,100.0,100.0
141,3-(Nonafluoro-1-butyl)-5-(methyl)pyrazole,tentative,165.42,10.616,299.025,7747.0,100.0,100.0
142,"5-(1,1,1,2,3,3,3-Heptafluoropropan-2-yl)-1,3-dihydro-2H-benzimidazol-2-one",tentative,164.94,12.923,301.0243,84709.0,100.0,100.0
143,"5,5,6,6,7,7,8,8,8-Nonafluoro-2-methyloct-3-yn-2-ol",tentative,165.54,0.561,301.0279,87637.0,100.0,100.0
144,"1,1,1-Trifluoro-5-phenyl-2-(trifluoromethyl)pentane-2,4-diol or 2,2,3,3,3-pentafluoro-1,1-diphenylpropan-1-ol or 4,4,4-Trifluoro-2-methyl-1-phenyl-3-(trifluoromethyl)butane-1,3-diol",tentative,166.70999999999998,3.9935,301.06780000000003,14625.0,100.0,100.0
145,"5,6-Dichloro-2-(pentafluoroethyl)-1H-benzimidazole",tentative,163.28,8.556,302.9498,81733.0,100.0,100.0
146,"1-(2-Chlorophenyl)-4,4,4-trifluoro-3-(trifluoromethyl)but-2-en-1-ol or 1-(3-Chlorophenyl)-4,4,4-trifluoro-3-(trifluoromethyl)but-2-en-1-ol",tentative,158.63285714285715,1.4584285714285714,303.00371428571435,11837.0,100.0,100.0
147,"1-(2-Chlorophenyl)-4,4,4-trifluoro-3-(trifluoromethyl)but-2-en-1-ol or 1-(3-Chlorophenyl)-4,4,4-trifluoro-3-(trifluoromethyl)but-2-en-1-ol",tentative,158.33,2.235,303.0039,27508.0,100.0,100.0
148,"3,3,4,4,5,5,6,6,6-Nonafluoro-1-nitrohex-1-en-2-amine",tentative,158.81,1.82,305.0005,65555.0,100.0,100.0
149,"4,4'-(3,3,4,4-Tetrafluorocyclobut-1-ene-1,2-diyl)dianiline",tentative,160.86,10.12,307.0835,58794.0,100.0,100.0
150,"4,4'-(3,3,4,4-Tetrafluorocyclobut-1-ene-1,2-diyl)dianiline",tentative,160.1,4.927,307.084,19812.0,100.0,100.0
151,"4,4'-(3,3,4,4-Tetrafluorocyclobut-1-ene-1,2-diyl)dianiline",tentative,160.17100000000002,5.1633,307.08483,29194.0,100.0,100.0
152,"4,4'-(3,3,4,4-Tetrafluorocyclobut-1-ene-1,2-diyl)dianiline",tentative,160.18428571428572,5.625142857142857,307.0846000000001,21227.0,100.0,100.0
153,"N-{1-[2-(1,1,2,2-Tetrafluoro-2-phenylethyl)phenyl]ethylidene}hydroxylamine",tentative,169.175,9.978,310.08855,5609.0,100.0,100.0
154,"13,13,14,14,14-Pentafluoro-3,6,9,12-tetraoxatetradecan-1-ol",tentative,168.92,3.75,311.0939,91638.0,100.0,100.0
155,"2-Propanol, 3-(2-benzothiazolyl)-1,1,1-trifluoro-2-trifluoromethyl-",tentative,162.95,6.675,314.0091,81388.0,100.0,100.0
156,"2-(1,1,2,2,3,3,4,4-Octafluorobutyl)-1,3,6-triazocane",tentative,164.8,0.535,314.0927,24344.0,100.0,100.0
157,"3-(2,2-Dichloroethenyl)-2,2-bis(trifluoromethyl)cyclopropane-1-carboxylic acid or Nonafluorobutane-1-sulfonoperoxoic acid or Perfluoro(2-ethoxyethane)sulfonic acid",tentative,164.235,9.716,314.93895,48667.0,100.0,100.0
158,"3-(2,2-Dichloroethenyl)-2,2-bis(trifluoromethyl)cyclopropane-1-carboxylic acid or Nonafluorobutane-1-sulfonoperoxoic acid or Perfluoro(2-ethoxyethane)sulfonic acid",tentative,166.69,11.366,314.9399,45639.0,100.0,100.0
159,"1,1,1,5,6,6-Hexafluoro-3-(prop-2-en-1-yl)-2-(trifluoromethyl)hex-5-en-2-ol or 2-Pentanone, 4-hydroxy-1-phenoxy-5,5,5-trifluoro-4-(trifluoromethyl)- or 6,6,7,7,8,8,9,9,9-Nonafluoro-3-methylnon-4-yn-3-ol",tentative,158.52,0.56,315.0462,55975.0,100.0,100.0
160,"N'-(Benzenesulfonyl)-2,2,3,3,3-pentafluoropropanimidohydrazide",tentative,169.4,8.161,316.0178,6153.0,100.0,100.0
161,"3-Oxo-2-[2-(2,2,3,3-tetrafluoro-2,3-dihydro-1,4-benzodioxin-6-yl)hydrazinylidene]butanenitrile",tentative,166.36,4.1,316.0364,31400.0,100.0,100.0
162,"4,4,4-trifluoro-1-(4-fluorophenyl)-3-hydroxy-2-methyl-3-(trifluoromethyl)butan-1-one",tentative,139.92,5.834,317.0449,58954.0,100.0,100.0
163,"Benzimidazole, 5(or 6)-chloro-2-(heptafluoropropyl)-",tentative,132.6,8.353,318.9888,92430.0,100.0,100.0
164,"4-(2,2,3,3,4,4,4-Heptafluorobutoxy)benzoic acid",tentative,167.42,3.365,319.0179,32700.0,100.0,100.0
165,"4-Ethyl-2-(heptafluoropropyl)pyrimidine-5-carboxylic acid or Butanamide, N-(4-amino-2-hydroxyphenyl)-2,2,3,3,4,4,4-heptafluoro-",tentative,139.84,5.842,319.0339,54502.0,100.0,100.0
166,"4-Ethyl-2-(heptafluoropropyl)pyrimidine-5-carboxylic acid or Butanamide, N-(4-amino-2-hydroxyphenyl)-2,2,3,3,4,4,4-heptafluoro-",tentative,167.42000000000002,3.9725,319.035,65406.0,100.0,100.0
167,"4,4,4-Trifluoro-1-(4-fluorophenyl)-2-methyl-3-(trifluoromethyl)butane-1,3-diol",tentative,169.71,7.834,319.0598,84974.0,100.0,100.0
168,(4R)-1-(Trifluoroacetyl)-4-[(trifluoroacetyl)oxy]-L-proline,tentative,166.305,3.993,322.0146,92498.0,100.0,100.0
169,"Ethyl [2-(2-ethoxyethoxy)-1,1,1,3,3,3-hexafluoropropan-2-yl]carbamate",tentative,169.43,5.41,326.0842,52966.0,100.0,100.0
170,"2,2'-[(2,2,3,3,4,4-hexafluoropentane-1,5-diyl)bis(oxy)]diacetic acid or 2-Acetoxy-4-(2.2,3,3,3-pentafluoropropoxy)benzoic acid",tentative,170.055,3.0745,327.03065,19212.0,100.0,100.0
171,"4-[5-(Heptafluoropropyl)-1H-1,2,4-triazol-3-yl]aniline",tentative,170.94,11.471,327.0502,26013.0,100.0,100.0
172,"4,4,4-trifluoro-3-hydroxy-1-(4-methoxyphenyl)-2-methyl-3-(trifluoromethyl)butan-1-one",tentative,168.985,3.977,329.06165,78621.0,100.0,100.0
173,"4-(2,2,3,3,4,4,4-heptafluorobutanoylamino)benzamide",tentative,162.78,1.694,331.0297,37022.0,100.0,100.0
174,"4-(2,2,3,3,4,4,4-heptafluorobutanoylamino)benzamide",tentative,162.29,1.721,331.0332,73815.0,100.0,100.0
175,"4,4,5,5,6,6,7,7-Octafluoro-1-phenylhept-1-yn-3-ol",tentative,165.19,3.039,331.0363,52670.0,100.0,100.0
176,N-[4-(Pentafluoroethoxy)phenyl]pyridine-3-carboxamide or N-[4-(Pentafluoroethoxy)phenyl]pyridine-4-carboxamide,tentative,170.76999999999998,4.936,331.0487,74916.0,100.0,100.0
177,"2-Ethyl-4,4,4-trifluoro-1-(4-fluorophenyl)-3-(trifluoromethyl)butane-1,3-diol",tentative,141.47,3.983,333.0711,72504.0,100.0,100.0
178,"2,2-Bis(3-aminophenyl)hexafluoropropane or Benzenamine, 4,4'-[2,2,2-trifluoro-1-(trifluoromethyl)ethylidene]bis-",tentative,173.53,6.917,333.0852,38631.0,100.0,100.0
179,"1,1,1,3,4,4,4-Heptafluoro-2,3-bis(trifluoromethyl)butan-2-ol or Tridecafluorohexan-1-ol",tentative,162.745,2.653,334.97505,50527.0,100.0,100.0
180,"1-(Butylselanyl)-2,2,3,3,4,4,4-heptafluorobutan-1-ol",tentative,141.66,3.947,334.9813,86482.0,100.0,100.0
181,"3,3,4,4,5,5,6,6,6-Nonafluoro-2-hydroxy-N,N~2~-dimethylnorleucinamide or 4,4'-(1,2,2,3,3,3-Hexafluoropropane-1,1-diyl)diphenol or 4-[1,1,2,2,3,3-hexafluoro-3-(4-hydroxyphenyl)propyl]phenol or Bisphenol AF",tentative,160.83363636363637,1.2372727272727273,335.04802727272727,15925.0,100.0,100.0
182,"4,4'-(1,2,2,3,3,3-Hexafluoropropane-1,1-diyl)diphenol or 4-[1,1,2,2,3,3-hexafluoro-3-(4-hydroxyphenyl)propyl]phenol or Bisphenol AF",tentative,172.04,6.664,335.05330000000004,16869.0,100.0,100.0
183,"4,4'-(1,2,2,3,3,3-Hexafluoropropane-1,1-diyl)diphenol or 4-[1,1,2,2,3,3-hexafluoro-3-(4-hydroxyphenyl)propyl]phenol or Bisphenol AF",tentative,165.595,9.739,335.0521,8709.0,100.0,100.0
184,"4-(3,3,4,4,5,5,6,6,6-Nonafluorohexyl)aniline",tentative,174.24,12.161,338.063,53156.0,100.0,100.0
185,"4-Methyl-5,7-dinitro-2-(pentafluoroethyl)-1H-benzimidazole",tentative,172.47,3.997,339.0179,16967.0,100.0,100.0
186,"2,2-Difluoro-3-(nonafluorobutoxy)propanoic acid",tentative,136.17000000000002,8.220500000000001,342.98105,65216.0,100.0,100.0
187,7H-Perfluoroheptanamide,tentative,159.39,15.676,343.9931,78888.0,100.0,100.0
188,7H-Perfluoroheptanamide,tentative,159.24906249999998,1.6452187500000002,343.9957094,26079.0,100.0,100.0
189,7H-Perfluoroheptanamide,tentative,159.25666666666666,2.958,343.9956666666667,64608.0,100.0,100.0
190,7H-Perfluoroheptanamide,tentative,162.0666666666667,1.727666666666667,343.9955,84849.0,100.0,100.0
191,"2-Propanone, hexafluoro-, 2-(2,4-dinitrophenyl)hydrazone or 4-Chloro-3-(heptafluoropropyl)-5-phenylpyrazole",tentative,159.29,0.532,345.0037,87348.0,100.0,100.0
192,"3,3,4,4,5,5,6,6,7,7,8,8-DODECAFLUORO-2-OCTANOL or 3,3,4,4,5,5,6,6,7,7,8,8-Dodecafluorooctan-1-ol",tentative,167.00333333333333,1.6986666666666668,345.0153666666667,36040.0,100.0,100.0
193,"Ethyl 2-amino-8-(pentafluoroethyl)-3H-1-benzazepine-4-carboxylate or N-[3-(Dimethylamino)propyl]-2,2,3,3,4,4,5,5,5-nonafluoropentanamide",tentative,173.79,0.691,347.0804,61541.0,100.0,100.0
194,"2,2'-[(3,3,4,4,5,5,6,6,6-Nonafluorohexyl)azanediyl]di(ethan-1-ol)",tentative,170.33,8.867,350.0814,93815.0,100.0,100.0
195,"2-Bromo-4-(1,1,1,2,3,3,3-heptafluoropropan-2-yl)-6-methylaniline",tentative,150.62,8.04,351.9599,6397.0,100.0,100.0
196,2-(heptafluoropropyl)-6-(trifluoromethyl)-1H-benzimidazole,tentative,150.57,8.03,353.0161,71568.0,100.0,100.0
197,"4,5,6,7-Tetrafluoro-3-(heptafluoropropyl)-1H-indazole",tentative,150.54,8.038,356.9876,64906.0,100.0,100.0
198,"4,5-Pentanedione, 2-hydroxy-5-(p-nitrophenyl)-1,1,1-trifluoro-2-(trifluoromethyl)-",tentative,177.4,12.177,358.0165,74750.0,100.0,100.0
199,"5-Chloro-7-(dihydroxymethylidene)-3-(pentafluoroethyl)-3H-2-benzopyran-6,8(4H,7H)-dione",tentative,154.39,1.6760000000000002,358.9751,66384.0,100.0,100.0
200,"2-[2,3,3,3-Tetrafluoro-2-(heptafluoropropoxy)propoxy]ethan-1-ol",tentative,176.94,12.995,359.0112,92386.0,100.0,100.0
201,"2-[2,3,3,3-Tetrafluoro-2-(heptafluoropropoxy)propoxy]ethan-1-ol",tentative,177.63,0.563,359.0151,54282.0,100.0,100.0
202,"2,3,3,4,4,5,5,6,6,7,7,7-Dodecafluoro-2-hydroxyheptanoic acid or 2,3,5,6-Tetrafluoro-4-(1,1,1,2,3,3,3-heptafluoropropan-2-yl)benzoic acid",tentative,154.15,1.525,360.973,94690.0,100.0,100.0
203,"5-Chloro-6,8-dihydroxy-3-(pentafluoroethyl)-3,4-dihydro-1H-2-benzopyran-7-carboxylic acid",tentative,175.04,9.942,360.9911,85782.0,100.0,100.0
204,"2,2,3,3,4,4,5,5,6,6,7,7,7-Tridecafluoroheptanimidamide",tentative,175.44,3.994,361.0009,66326.0,100.0,100.0
205,N-[3-Borono-4-(heptafluoropropyl)phenyl]glycinamide or N-[5-Borono-2-(heptafluoropropyl)phenyl]glycinamide,tentative,175.125,1.6345,361.0624,17717.0,100.0,100.0
206,"2,2,4,4,5,5,5-Heptafluoro-3,3-bis(trifluoromethyl)pentanoic acid or Perfluoro-5-(trifluoromethyl)hexanoic acid or Perfluoroheptanoic acid",tentative,167.83,6.915,362.9716,47215.0,100.0,100.0
207,"2,2,4,4,5,5,5-Heptafluoro-3,3-bis(trifluoromethyl)pentanoic acid or Perfluoro-5-(trifluoromethyl)hexanoic acid or Perfluoroheptanoic acid",tentative,167.54,5.45,362.9729,61620.0,100.0,100.0
208,"2-{2-[(3,3,4,4,5,5,6,6,6-Nonafluorohexyl)sulfanyl]ethoxy}ethan-1-ol",tentative,179.38,3.976333333333333,367.0392,61817.0,100.0,100.0
209,"4,4'-(1,1,1,3,3,3-Hexafluoropropane-2,2-diyl)bis(2-fluorophenol)",tentative,171.93,1.747,371.029,24452.0,100.0,100.0
210,"N'-[(2Z)-5,5,6,6,7,7,7-Heptafluoro-4-oxohept-2-en-2-yl]benzohydrazide",tentative,178.22,12.737333333333334,371.0645333333334,49357.0,100.0,100.0
211,"N'-[(2Z)-5,5,6,6,7,7,7-Heptafluoro-4-oxohept-2-en-2-yl]benzohydrazide",tentative,177.9358823529412,14.998117647058825,371.0670823529412,32463.0,100.0,100.0
212,"3-Benzamido-N-(2,2,3,3,3-pentafluoropropyl)benzamide",tentative,180.03,5.46,371.0812,94851.0,100.0,100.0
213,"(3Z)-1,1,1,7,7,7-Hexafluoro-2,6-bis(trifluoromethyl)hept-3-ene-2,6-diol",tentative,179.3,8.547,373.0075,82045.0,100.0,100.0
214,"(3Z)-1,1,1,7,7,7-Hexafluoro-2,6-bis(trifluoromethyl)hept-3-ene-2,6-diol",tentative,178.62400000000002,10.7054,373.0091,66041.0,100.0,100.0
215,"(3Z)-1,1,1,7,7,7-Hexafluoro-2,6-bis(trifluoromethyl)hept-3-ene-2,6-diol",tentative,178.995,12.3785,373.009,73796.0,100.0,100.0
216,"(3Z)-1,1,1,7,7,7-Hexafluoro-2,6-bis(trifluoromethyl)hept-3-ene-2,6-diol",tentative,178.66750000000002,9.70625,373.009675,36186.0,100.0,100.0
217,"(3Z)-1,1,1,7,7,7-Hexafluoro-2,6-bis(trifluoromethyl)hept-3-ene-2,6-diol",tentative,178.21499999999995,10.951,373.0108,72385.0,100.0,100.0
218,"(2E)-4,4,5,5,6,6,7,7,8,8,9,9,9-Tridecafluoro-2-nonen-1-ol or (2Z)-4,4,5,5,6,6,7,7,8,8,9,9,9-Tridecafluoronon-2-en-1-ol or 4,4,5,5,6,6,7,7,8,8,9,9,9-Tridecafluoro-2-nonen-1-ol",tentative,177.76,3.992,375.006,37143.0,100.0,100.0
219,N-Methylperfluoroheptanamide,tentative,156.85,9.483,375.9996,5792.0,100.0,100.0
220,4-[3-(Perfluorobutyl)-1-propyloxy]benzyl alcohol,tentative,174.27,0.526,383.0673,45704.0,100.0,100.0
221,"2,2'-(1,1,2,2,3,3-Hexafluoropropane-1,3-diyl)bis(1H-benzimidazole) or 4-[3-(Perfluorobutyl)-1-propyloxy]benzyl alcohol",tentative,180.13,4.017,383.0707,55906.0,100.0,100.0
222,"4-[(4,4,5,5,6,6,6-heptafluoro-2-nitrohexan-3-yl)amino]benzoic acid or Dimethyl 2-(perfluoropropyl)-p-benzenedicarbamate",tentative,179.06,1.937,391.05,55744.0,100.0,100.0
223,"2,2,3,3-Tetrafluoro-3-({1,1,1,2,3,3-hexafluoro-3-[(trifluoroethenyl)oxy]propan-2-yl}oxy)propan-1-ol or [(Tridecafluorohexyl)oxy]acetic acid",tentative,142.37750000000003,9.40475,392.9774000000001,14799.0,100.0,100.0
224,"2-[(2,2,3,3,4,4,5,5,6,6,7,7,7-Tridecafluoroheptyl)oxy]ethan-1-ol or 4,4,5,5,6,6,7,7,8,8,9,9,9-tridecafluorononane-1,2-diol",tentative,159.26,10.835,393.0171,39964.0,100.0,100.0
225,"1,2,2,3,3,4,4,5,5,6,6,7,7,8,8-Pentadecafluorocyclooctan-1-ol or 1H,1H-Perfluoro-3,6,9-trioxadecan-1-ol",tentative,148.23,10.421,396.9718,2622.0,100.0,100.0
226,"1,2,2,3,3,4,4,5,5,6,6,7,7,8,8-Pentadecafluorocyclooctan-1-ol or 1H,1H-Perfluoro-3,6,9-trioxadecan-1-ol",tentative,148.125,13.0595,396.9722,7306.0,100.0,100.0
227,"Phenol, 4,4'-(2,2,3,3,4,4,5,5-octafluoropentylidene)bis-",tentative,151.1,8.493,399.0628,48297.0,100.0,100.0
228,Perfluoromethoxy perfluoropentane sulfonic acid,tentative,148.29,5.231,414.9278,53647.0,100.0,100.0
229,"(4-Bromophenyl){5-[difluoro(trifluoromethoxy)methyl]-5-hydroxy-3-methyl-4,5-dihydro-1H-pyrazol-1-yl}methanone",tentative,148.74,10.318,414.9691,80353.0,100.0,100.0
230,"(4-Bromophenyl){5-[difluoro(trifluoromethoxy)methyl]-5-hydroxy-3-methyl-4,5-dihydro-1H-pyrazol-1-yl}methanone",tentative,173.3,0.509,414.9745,70709.0,100.0,100.0
231,"N-(9,10-Dioxo-9,10-dihydroanthracen-1-yl)-2,2,3,3,4,4,4-heptafluorobutanamide or N-Benzyl-2,3,3,3-tetrafluoro-2-(heptafluoropropoxy)propanamide",tentative,181.9,0.531,418.0341,69206.0,100.0,100.0
232,"3-Benzamido-N-(2,2,3,3,4,4,4-heptafluorobutyl)benzamide or N-[4'-(2,2,3,3,4,4,4-Heptafluorobutanamido)[1,1'-biphenyl]-4-yl]ethanimidic acid",tentative,147.51,10.413,421.0775,74243.0,100.0,100.0
233,"3-Benzamido-N-(2,2,3,3,4,4,4-heptafluorobutyl)benzamide or N-[4'-(2,2,3,3,4,4,4-Heptafluorobutanamido)[1,1'-biphenyl]-4-yl]ethanimidic acid",tentative,185.82,0.556,421.0795,45236.0,100.0,100.0
234,"(3,3,4,4,5,5,6,6,7,7,8,8,8-Tridecafluorooctyl)silanetriol",tentative,152.56,7.534,424.9885,65976.0,100.0,100.0
235,"Octanamide, 2,2,3,3,4,4,5,5,6,6,7,7,8,8,8-pentadecafluoro-N-methyl-",tentative,147.11,10.4325,425.99745,72233.0,100.0,100.0
236,"2,2,3,3,4,4,5,5,6,6,7,7,8,8,8-Pentadecafluoro-N-hydroxyoctanimidamide",tentative,176.83,2.375,426.9901,93933.0,100.0,100.0
237,"3,3,4,4,5,5,6,6,7,7,8,8,9,9,9-Pentadecafluorononane-1-thiol",tentative,53.97,9.43,428.9774,70376.0,100.0,100.0
238,"3,3,4,4,5,5,6,6,7,7,8,8,9,9,9-Pentadecafluorononane-1-thiol",tentative,54.06,9.406,428.9828,95196.0,100.0,100.0
239,"1h,1h-perfluoro-3,6-dioxadecan-1-ol",tentative,154.76,9.7935,430.9738,3014.0,100.0,100.0
240,"1h,1h-perfluoro-3,6-dioxadecan-1-ol",tentative,146.814,9.9362,430.97462,947.0,100.0,100.0
241,"1h,1h-perfluoro-3,6-dioxadecan-1-ol",tentative,146.305,11.8765,430.97495,3622.0,100.0,100.0
242,"1h,1h-perfluoro-3,6-dioxadecan-1-ol",tentative,159.58,9.718,430.9742,4354.0,100.0,100.0
243,"1h,1h-perfluoro-3,6-dioxadecan-1-ol",tentative,159.405,11.8795,430.9743,8167.0,100.0,100.0
244,"1h,1h-perfluoro-3,6-dioxadecan-1-ol",tentative,145.745,6.207000000000001,430.975,14864.0,100.0,100.0
245,"7-(Heptafluoropropyl)-7-hydroxy-4,9-dimethoxy-6,7-dihydro-5H-furo[3,2-g][1]benzopyran-5-one",tentative,188.0,15.5615,431.03445,39733.0,100.0,100.0
246,"7-(Heptafluoropropyl)-7-hydroxy-4,9-dimethoxy-6,7-dihydro-5H-furo[3,2-g][1]benzopyran-5-one",tentative,182.97,3.48,431.0373,21232.0,100.0,100.0
247,"Diethyl N-(1,1,2,2,3,3,4,4,4-nonafluorobutane-1-sulfonyl)phosphoramidate or Glycine, N-ethyl-N-[(undecafluoropentyl)sulfonyl]-",tentative,183.47,12.252,433.9908,84041.0,100.0,100.0
248,"2-(3,3,4,4,5,5,6,6,7,7,8,8,8-Tridecafluorooctane-1-sulfinyl)ethan-1-ol or Benzoic acid, 4-(tridecafluorohexyl)-",tentative,158.93,8.068,439.0018,81675.0,100.0,100.0
249,6:2 Fluorotelomer phosphate monoester,tentative,147.89,10.176000000000002,442.9735666666667,16171.0,100.0,100.0
250,6:2 Fluorotelomer phosphate monoester,tentative,152.37,10.233,442.9764,44822.0,100.0,100.0
251,"1-Decanol, 7,7,8,8,9,9,10,10,10-nonafluoro-5-iodo- or 9-H-Perfluorononanoic acid",tentative,152.38,8.782,444.9741,80016.0,100.0,100.0
252,"1,2,3,3,4,4,5,5,6,6,7,7,8,8,9,9,9-Heptadecafluoronon-1-en-1-ol",tentative,156.38,11.207,446.968,3386.0,100.0,100.0
253,"5-[1,1,2-Trifluoro-2-(heptafluoropropoxy)ethoxy]benzene-1,3-dicarboxylic acid",tentative,183.666,1.7079999999999995,446.99374,2635.0,100.0,100.0
254,"1-Butanesulfonamide, N-ethyl-1,1,2,2,3,3,4,4,4-nonafluoro-N-[2-(phosphonooxy)ethyl]-",tentative,144.03,12.509,449.984,92627.0,100.0,100.0
255,"N-(2,2,3,3,4,4,5,5,6,6,7,7,8,8,8-Pentadecafluorooctyl)prop-2-enamide",tentative,188.89,2.535,452.0127,82281.0,100.0,100.0
256,ST50996634,tentative,191.38,0.8845000000000001,452.109775,80082.0,100.0,100.0
257,"4-(1,1,1,2,3,3,3-Heptafluoropropan-2-yl)-2-iodo-6-(trifluoromethyl)aniline",tentative,188.48,11.272,453.9178,56104.0,100.0,100.0
258,"1,2,2,3,3,4,5,5,6-nonafluoro-4,6-bis(trifluoromethyl)cyclohexane-1-sulfonic acid or Perfluoro-1-(perfluoroethyl)cyclohexanesulfonic acid or Perfluoro-4-(perfluoroethyl)cyclohexylsulfonic acid",tentative,159.88,9.476,460.9344,42974.0,100.0,100.0
259,"Perfluoro-3,5,5-trimethylhexanoic acid or Perfluoro-6-methylheptanecarboxylic acid or Perfluorononanoic acid",tentative,185.59,1.64075,462.9665,78951.0,100.0,100.0
260,"N-((2-Chloro-4-(1,1,2,2-tetrafluoroethylsulfonyl)phenyl)carbamoyl)-2,6-difluorobenzamide or N-((3-Chloro-4-(1,1,2,2-tetrafluoroethylsulfonyl)phenyl)carbamoyl)-2,6-difluorobenzamide",tentative,156.135,11.212,472.98325,73762.0,100.0,100.0
261,"4-(1,1,2,2,3,3,4,4,5,5,6,6,6-Tridecafluorohexane-1-sulfonyl)aniline",tentative,174.52,11.207,473.9877,4592.0,100.0,100.0
262,"(4S,5R)-4-(Propan-2-yl)-5-(3,3,4,4,5,5,6,6,7,7,8,8,8-tridecafluorooctyl)-1,3-oxazolidin-2-one",tentative,155.82,11.205,474.0706,69521.0,100.0,100.0
263,"2,3,4,4,5,5,6,6,7,7,8,8,9,9,10,10,10-Heptadecafluorodec-2-enoic acid",tentative,164.61,11.87,474.9638,36116.0,100.0,100.0
264,"2-[(5-chloro-1,1,2,2,3,3,4,4,5,5-decafluoropentyl)oxy]-1,1,2,2-tetrafluoroethane-1-sulfonic acid",tentative,165.28,10.136,480.8998,45622.0,100.0,100.0
265,"2,2'-(2,3,5,6-Tetrafluoro-1,4-phenylene)bis(hexafluoropropan-2-ol) or Perfluoro(2-(2-propoxypropoxy)-1H,1H-propan-1-ol)",tentative,165.35,10.5405,480.97045,54595.0,100.0,100.0
266,"2,2'-(2,3,5,6-Tetrafluoro-1,4-phenylene)bis(hexafluoropropan-2-ol) or Perfluoro(2-(2-propoxypropoxy)-1H,1H-propan-1-ol)",tentative,161.49,12.451,480.9704,68689.0,100.0,100.0
267,"2,2'-(2,3,5,6-Tetrafluoro-1,4-phenylene)bis(hexafluoropropan-2-ol) or Perfluoro(2-(2-propoxypropoxy)-1H,1H-propan-1-ol)",tentative,154.765,10.5275,480.97085,3405.0,100.0,100.0
268,"2,2'-(2,3,5,6-Tetrafluoro-1,4-phenylene)bis(hexafluoropropan-2-ol) or Perfluoro(2-(2-propoxypropoxy)-1H,1H-propan-1-ol)",tentative,154.86,12.444,480.9715,38158.0,100.0,100.0
269,"2,2'-(2,3,5,6-Tetrafluoro-1,4-phenylene)bis(hexafluoropropan-2-ol) or Perfluoro(2-(2-propoxypropoxy)-1H,1H-propan-1-ol)",tentative,154.125,9.011,480.9722,59392.0,100.0,100.0
270,"1,1,2,2,3,3,4,4,5,5,6,6,7,7,8,8,8-heptadecafluorooctane-1-sulfinic Acid",tentative,196.25333333333333,11.766666666666666,482.93576666666667,75127.0,100.0,100.0
271,"{4-[(4,4,5,5,6,6,7,7,8,8,9,9,9-Tridecafluorononyl)oxy]phenyl}methanol",tentative,194.21666666666667,1.7416666666666665,483.0660333333333,16271.0,100.0,100.0
272,"1,2,2,3,3,4,4,4a,5,5,6,6,7,7,8,8,8a-Heptadecafluorodecahydronaphthalene-1-carboxylic acid",tentative,199.13,10.791,486.9677,95819.0,100.0,100.0
273,"1,1'-Peroxybis(2,2,3,3,4,4,5,5-octafluorocyclopentan-1-ol) or Perfluorosebacic acid",tentative,157.39,4.78,488.9589,68437.0,100.0,100.0
274,"1,1'-Peroxybis(2,2,3,3,4,4,5,5-octafluorocyclopentan-1-ol) or Perfluorosebacic acid",tentative,157.3,4.767,488.9644,56576.0,100.0,100.0
275,"Butanamide, N-(4'-(acetylamino)-3,3'-dichloro(1,1'-biphenyl)-4-yl)-2,2,3,3,4,4,4-heptafluoro-",tentative,167.01,9.148,488.9997,23901.0,100.0,100.0
276,"10-H-Perfluorodecanoic acid or N-{4-[(1,1,2,2,3,3,4,4,4-Nonafluorobutane-1-sulfonyl)amino]benzene-1-sulfonyl}acetamide",tentative,159.315,9.741,494.97065,77760.0,100.0,100.0
277,"10-H-Perfluorodecanoic acid or N-{4-[(1,1,2,2,3,3,4,4,4-Nonafluorobutane-1-sulfonyl)amino]benzene-1-sulfonyl}acetamide",tentative,179.39,9.481,494.9719,69101.0,100.0,100.0
278,"1,1,2,2,3,3,4,4,5,6,6,7,7,7-tetradecafluoro-5-(trifluoromethyl)heptane-1-sulfonic acid or 1,1,2,2,3,3,4,5,5,6,6,7,7,7-tetradecafluoro-4-(trifluoromethyl)heptane-1-sulfonic acid or 1,1,2,2,3,3,5,5,6,6,6-undecafluoro-4,4-bis(trifluoromethyl)hexane-1-sulfonic acid or 1,1,2,2,3,4,4,5,5,6,6,7,7,7-tetradecafluoro-3-(trifluoromethyl)heptane-1-sulfonic acid or 1,1,2,3,3,4,4,5,5,6,6,7,7,7-tetradecafluoro-2-(trifluoromethyl)heptane-1-sulfonic acid or Heptadecafluorooctane-2-sulfonic acid or IsoPFOS or Perfluorooctanesulfonic acid",tentative,157.84090909090912,10.395,498.93033636363634,55619.0,100.0,100.0
279,"1,1,2,2,3,3,4,4,5,6,6,7,7,7-tetradecafluoro-5-(trifluoromethyl)heptane-1-sulfonic acid or 1,1,2,2,3,3,4,5,5,6,6,7,7,7-tetradecafluoro-4-(trifluoromethyl)heptane-1-sulfonic acid or 1,1,2,2,3,3,5,5,6,6,6-undecafluoro-4,4-bis(trifluoromethyl)hexane-1-sulfonic acid or 1,1,2,2,3,4,4,5,5,6,6,7,7,7-tetradecafluoro-3-(trifluoromethyl)heptane-1-sulfonic acid or 1,1,2,3,3,4,4,5,5,6,6,7,7,7-tetradecafluoro-2-(trifluoromethyl)heptane-1-sulfonic acid or Heptadecafluorooctane-2-sulfonic acid or IsoPFOS or Perfluorooctanesulfonic acid",tentative,76.87,10.454,498.9282,92507.0,100.0,100.0
280,"1,1,2,2,3,3,4,4,5,6,6,7,7,7-tetradecafluoro-5-(trifluoromethyl)heptane-1-sulfonic acid or 1,1,2,2,3,3,4,5,5,6,6,7,7,7-tetradecafluoro-4-(trifluoromethyl)heptane-1-sulfonic acid or 1,1,2,2,3,3,5,5,6,6,6-undecafluoro-4,4-bis(trifluoromethyl)hexane-1-sulfonic acid or 1,1,2,2,3,4,4,5,5,6,6,7,7,7-tetradecafluoro-3-(trifluoromethyl)heptane-1-sulfonic acid or 1,1,2,3,3,4,4,5,5,6,6,7,7,7-tetradecafluoro-2-(trifluoromethyl)heptane-1-sulfonic acid or Heptadecafluorooctane-2-sulfonic acid or IsoPFOS or Perfluorooctanesulfonic acid",tentative,39.53,10.448,498.9286,80826.0,100.0,100.0
281,"1,1,2,2,3,3,4,4,5,6,6,7,7,7-tetradecafluoro-5-(trifluoromethyl)heptane-1-sulfonic acid or 1,1,2,2,3,3,4,5,5,6,6,7,7,7-tetradecafluoro-4-(trifluoromethyl)heptane-1-sulfonic acid or 1,1,2,2,3,3,5,5,6,6,6-undecafluoro-4,4-bis(trifluoromethyl)hexane-1-sulfonic acid or 1,1,2,2,3,4,4,5,5,6,6,7,7,7-tetradecafluoro-3-(trifluoromethyl)heptane-1-sulfonic acid or 1,1,2,3,3,4,4,5,5,6,6,7,7,7-tetradecafluoro-2-(trifluoromethyl)heptane-1-sulfonic acid or Heptadecafluorooctane-2-sulfonic acid or IsoPFOS or Perfluorooctanesulfonic acid",tentative,184.99,10.4545,498.93165,16839.0,100.0,100.0
282,"1,1,2,2,3,3,4,4,5,6,6,7,7,7-tetradecafluoro-5-(trifluoromethyl)heptane-1-sulfonic acid or 1,1,2,2,3,3,4,5,5,6,6,7,7,7-tetradecafluoro-4-(trifluoromethyl)heptane-1-sulfonic acid or 1,1,2,2,3,3,5,5,6,6,6-undecafluoro-4,4-bis(trifluoromethyl)hexane-1-sulfonic acid or 1,1,2,2,3,4,4,5,5,6,6,7,7,7-tetradecafluoro-3-(trifluoromethyl)heptane-1-sulfonic acid or 1,1,2,3,3,4,4,5,5,6,6,7,7,7-tetradecafluoro-2-(trifluoromethyl)heptane-1-sulfonic acid or Heptadecafluorooctane-2-sulfonic acid or IsoPFOS or Perfluorooctanesulfonic acid",tentative,191.05,10.451,498.9307,12235.0,100.0,100.0
283,"1,1,2,2,3,3,4,4,5,6,6,7,7,7-tetradecafluoro-5-(trifluoromethyl)heptane-1-sulfonic acid or 1,1,2,2,3,3,4,5,5,6,6,7,7,7-tetradecafluoro-4-(trifluoromethyl)heptane-1-sulfonic acid or 1,1,2,2,3,3,5,5,6,6,6-undecafluoro-4,4-bis(trifluoromethyl)hexane-1-sulfonic acid or 1,1,2,2,3,4,4,5,5,6,6,7,7,7-tetradecafluoro-3-(trifluoromethyl)heptane-1-sulfonic acid or 1,1,2,3,3,4,4,5,5,6,6,7,7,7-tetradecafluoro-2-(trifluoromethyl)heptane-1-sulfonic acid or Heptadecafluorooctane-2-sulfonic acid or IsoPFOS or Perfluorooctanesulfonic acid",tentative,134.935,10.4585,498.9326,44406.0,100.0,100.0
284,PFOPA,tentative,106.1,10.428,498.9354,81698.0,100.0,100.0
285,PFOPA,tentative,136.26,10.428,498.9363,91850.0,100.0,100.0
286,PFOPA,tentative,33.32,10.463,498.9369,87517.0,100.0,100.0
287,PFOPA,tentative,26.36,10.449,498.937,86798.0,100.0,100.0
288,PFOPA,tentative,194.59,10.453,498.9442,87407.0,100.0,100.0
289,"2,2,3,3,4,4,5,5,6,6,7,7,8,8,8-Pentadecafluoro-N-[2-(2-hydroxyethoxy)ethyl]octanamide or Perfluorooctanoic acid diethanolamide",tentative,168.37,10.451,500.0345,72974.0,100.0,100.0
290,"Carbamic acid, (1-(diphenylphosphinyl)-2,2,2-trifluoro-1-(trifluoromethyl)ethyl)-, phenylmethyl ester",tentative,169.03,10.446,500.0813,26124.0,100.0,100.0
291,2-Hydroxyethyl heptadecafluorononanoate,tentative,167.24,12.648,506.9868,77269.0,100.0,100.0
292,"2,2,3,3,4,4,5,5,6,6,7,7,8,9,9,9-hexadecafluoro-8-(trifluoromethyl)nonanoic acid or Perfluoro-3,7-dimethyloctanoic acid or Perfluorodecanoic acid",tentative,206.24,11.207,512.9599,77669.0,100.0,100.0
293,"1,1,2,2-Tetrafluoro-2-[(tridecafluorohexyl)oxy]ethanesulfonic acid",tentative,172.72500000000002,10.6205,514.92265,84424.0,100.0,100.0
294,"Perfluoro(3,3'-(piperazine-1,4-diyl)dipropanoic acid)",tentative,169.70333333333335,13.15,516.9718333333334,12632.0,100.0,100.0
295,"Perfluoro(3,3'-(piperazine-1,4-diyl)dipropanoic acid)",tentative,191.99,10.421,516.9724,8786.0,100.0,100.0
296,"7,7,8,8,9,9,10,10,11,11,12,12,13,13,14,14,14-heptadecafluorotetradecan-1-ol",tentative,165.33,11.696,519.0593,79706.0,100.0,100.0
297,"(7-carboxy-1,1,2,2,3,3,4,4,5,5,6,6,7,7-tetradecafluoroheptyl)pentafluorosulfur",tentative,179.49,10.411,520.9272,72307.0,100.0,100.0
298,"((Perfluorooctyl)ethyl)silanetriol or 6-(1,1,2,2,3,3,4,4,5,5,6,6,6-tridecafluorohexylsulfonyl)naphthalen-2-ol",tentative,166.01,9.667,524.9809,8046.0,100.0,100.0
299,"((Perfluorooctyl)ethyl)silanetriol or 6-(1,1,2,2,3,3,4,4,5,5,6,6,6-tridecafluorohexylsulfonyl)naphthalen-2-ol",tentative,183.44,11.876,524.9866,4884.0,100.0,100.0
300,10-Chloro-perfluorodecanoic acid,tentative,178.95,11.343,528.9301,85540.0,100.0,100.0
301,"2,2,3,3,4,4,5,5,6,6,7,7-Dodecafluoro-7-[(1,1,1,2,3,3,3-heptafluoropropan-2-yl)oxy]heptanoic acid",tentative,194.94,10.498,528.9563,62851.0,100.0,100.0
302,"6,6,7,7,8,8,9,9,10,10,11,11,11-Tridecafluoro-4-iodoundecan-1-ol",tentative,180.34,10.423,530.9518,35820.0,100.0,100.0
303,"2,2,3,3,4,4,5,5,6,6,7,7,7-Tridecafluoro-N-[(4-sulfamoylphenyl)methyl]heptanamide",tentative,197.26,11.88,531.01,80392.0,100.0,100.0
304,8:2:1 Fluorotelomer thioether acetic acid,tentative,173.05,13.145,536.978,25428.0,100.0,100.0
305,"1-Octanesulfonamide, 1,1,2,2,3,3,4,4,5,5,6,6,7,7,8,8,8-heptadecafluoro-N-2-propenyl-",tentative,200.39,1.867,537.9802,94907.0,100.0,100.0
306,octadecafluoroundecanedioic acid,tentative,163.94,6.217,538.961,12299.0,100.0,100.0
307,4-(Heptadecafluorooctyl)benzoic acid,tentative,170.74,10.047,538.9964,66158.0,100.0,100.0
308,8:2 Fluorotelomer phosphate monoester,tentative,167.41,11.656,542.9663,49533.0,100.0,100.0
309,8:2 Fluorotelomer phosphate monoester,tentative,162.25,11.505,542.9703,92284.0,100.0,100.0
310,"1-Dodecanol, 7,7,8,8,9,9,10,10,11,11,12,12,12-tridecafluoro-5-iodo- or 11-H-Perfluoroundecanoic acid",tentative,182.53,11.572,544.964,89653.0,100.0,100.0
311,"1-Dodecanol, 7,7,8,8,9,9,10,10,11,11,12,12,12-tridecafluoro-5-iodo- or 11-H-Perfluoroundecanoic acid",tentative,187.74,10.422,544.9669,3487.0,100.0,100.0
312,"1-Dodecanol, 7,7,8,8,9,9,10,10,11,11,12,12,12-tridecafluoro-5-iodo- or 11-H-Perfluoroundecanoic acid",tentative,165.62,10.514,544.9687,59613.0,100.0,100.0
313,"1h,1h-perfluoro-3,6,9-trioxatridecan-1-ol",tentative,172.93,12.45,546.9624,6204.0,100.0,100.0
314,4-(Heptadecafluorooctyl)-N-methylbenzamide,tentative,210.62,12.948,552.0232,64998.0,100.0,100.0
315,Perfluoro-9-(trifluoromethyl)decanoic acid or Perfluoroundecanoic acid,tentative,83.1,11.885,562.9513,93232.0,100.0,100.0
316,Perfluoro-9-(trifluoromethyl)decanoic acid or Perfluoroundecanoic acid,tentative,80.6,11.867,562.9543,84503.0,100.0,100.0
317,Perfluoro-9-(trifluoromethyl)decanoic acid or Perfluoroundecanoic acid,tentative,143.76,11.874,562.9546,94828.0,100.0,100.0
318,Perfluoro-9-(trifluoromethyl)decanoic acid or Perfluoroundecanoic acid,tentative,205.11,11.877,562.9564,39569.0,100.0,100.0
319,Perfluoro-9-(trifluoromethyl)decanoic acid or Perfluoroundecanoic acid,tentative,190.8125,11.78125,562.95845,15278.0,100.0,100.0
320,Perfluoro-9-(trifluoromethyl)decanoic acid or Perfluoroundecanoic acid,tentative,197.16,11.874,562.957,21428.0,100.0,100.0
321,Perfluoro-9-(trifluoromethyl)decanoic acid or Perfluoroundecanoic acid,tentative,163.02,11.8945,562.9584,30402.0,100.0,100.0
322,Perfluoro-9-(trifluoromethyl)decanoic acid or Perfluoroundecanoic acid,tentative,120.98,11.861,562.961,80116.0,100.0,100.0
323,Perfluoro-9-(trifluoromethyl)decanoic acid or Perfluoroundecanoic acid,tentative,206.53,11.88,562.9618,79664.0,100.0,100.0
324,"2-[(1,2,3,3,4,4,5,5,6,6,7,7,8,8,9,9,9-Heptadecafluoronon-1-en-1-yl)oxy]benzoic acid or 4-[(1,2,3,3,4,4,5,5,6,6,7,7,8,8,9,9,9-Heptadecafluoronon-1-en-1-yl)oxy]benzoic acid or 4-{[1,1,1,4,5,5,5-Heptafluoro-3-(1,1,1,2,3,3,3-heptafluoropropan-2-yl)-4-(trifluoromethyl)pent-2-en-2-yl]oxy}benzoic acid",tentative,192.32,12.173,566.9903,36553.0,100.0,100.0
325,"1-(1,1,2,2,3,3,4,4,5,5,6,6,7,7,8,8,8-Heptadecafluorooctane-1-sulfonyl)piperazine or 2-{1,2,2,2-Tetrafluoro-1-[1,1,2,3,3,3-hexafluoro-2-(heptafluoropropoxy)propoxy]ethyl}-1H-benzimidazole",tentative,215.74,12.8184,566.9992,79316.0,100.0,100.0
326,"(8-carboxy-1,1,2,2,3,3,4,4,5,5,6,6,7,7,8,8-hexadecafluorooctyl)pentafluorosulfur",tentative,188.62,11.211,570.9234,82560.0,100.0,100.0
327,2-Perfluorodecyl ethanoic acid,tentative,176.02,9.723,576.9729,68201.0,100.0,100.0
328,11-Chloro-Perfluoroundecanoic acid,tentative,186.94,11.98,578.9296,80609.0,100.0,100.0
329,"1,1,2,2-Tetrahydroperfluorododecanethiol",tentative,178.48,11.82,578.9673,36795.0,100.0,100.0
330,"Bis(1,1,2,2,3,3,4,4,4-nonafluoro-1-butanesulfonyl)imide",tentative,177.85,10.371,579.9001,20174.0,100.0,100.0
331,"1,1,2,2,3,3,4,4,5,5,6,6,7,7,8,8,9,9,10,10-icosafluorodecane-1-sulfonic acid",tentative,190.83,10.451,580.9341,13055.0,100.0,100.0
332,"4-Bromo-2-[4,4,5,5,6,6,7,7,8,9,9,9-dodecafluoro-8-(trifluoromethyl)nonyl]phenol",tentative,181.97,13.757,580.9581,94512.0,100.0,100.0
333,"4-Bromo-2-[4,4,5,5,6,6,7,7,8,9,9,9-dodecafluoro-8-(trifluoromethyl)nonyl]phenol",tentative,169.848,14.07,580.9635000000001,37731.0,100.0,100.0
334,"4-Bromo-2-[4,4,5,5,6,6,7,7,8,9,9,9-dodecafluoro-8-(trifluoromethyl)nonyl]phenol",tentative,169.04,9.159,580.9624,77887.0,100.0,100.0
335,"4-Bromo-2-[4,4,5,5,6,6,7,7,8,9,9,9-dodecafluoro-8-(trifluoromethyl)nonyl]phenol",tentative,174.5075,14.78475,580.9639500000001,23498.0,100.0,100.0
336,"4-Bromo-2-[4,4,5,5,6,6,7,7,8,9,9,9-dodecafluoro-8-(trifluoromethyl)nonyl]phenol",tentative,173.75142857142853,14.409214285714286,580.9645642857142,31433.0,100.0,100.0
337,"4-Bromo-2-[4,4,5,5,6,6,7,7,8,9,9,9-dodecafluoro-8-(trifluoromethyl)nonyl]phenol",tentative,174.7875,13.546,580.9641499999999,4452.0,100.0,100.0
338,"4-Bromo-2-[4,4,5,5,6,6,7,7,8,9,9,9-dodecafluoro-8-(trifluoromethyl)nonyl]phenol",tentative,172.42,12.672,580.9653,42737.0,100.0,100.0
339,"1,1'-Peroxybis(2,2,3,3,4,4,5,5,6,6-decafluorocyclohexan-1-ol) or Perfluoro-1,10-decanedicarboxylic acid",tentative,170.41,7.361,588.9562,13021.0,100.0,100.0
340,8:2 Fluorotelomer 9-(trifluoromethyl)-dihydrogen phosphate,tentative,181.04,12.063,592.9628,31692.0,100.0,100.0
341,8:2 Fluorotelomer 9-(trifluoromethyl)-dihydrogen phosphate,tentative,175.965,12.2275,592.96455,48673.0,100.0,100.0
342,8:2 Fluorotelomer 9-(trifluoromethyl)-dihydrogen phosphate,tentative,169.68,12.1445,592.9645,34808.0,100.0,100.0
343,12-H-Perfluorododecanoic acid,tentative,196.37,11.209,594.9628,3770.0,100.0,100.0
344,12-H-Perfluorododecanoic acid,tentative,171.88,11.221,594.9635,10406.0,100.0,100.0
345,Perfluorodecylphosphonic acid,tentative,193.72,10.417,598.9378,65939.0,100.0,100.0
346,"4,4,5,5,6,6,7,7,8,8,9,9,10,10,11,11,11-Heptadecafluoro-2-iodoundecan-1-ol",tentative,211.25,7.011,602.9164,54475.0,100.0,100.0
347,"(3,3,4,4,5,5,6,6,7,7,8,8,9,9,10,10,11,11,12,12,12-Henicosafluorododecyl)phosphinic acid",tentative,204.97,11.174,610.9698,59136.0,100.0,100.0
348,"2-[(1,2,3,3,4,4,5,5,6,6,7,7,8,8,9,9,10,10,10-Nonadecafluorodec-1-en-1-yl)oxy]benzoic acid or [[4-[(Heptadecafluorononenyl)oxy]phenyl]methyl]phosphonic acid",tentative,203.821875,13.0338125,616.9830812499999,47792.0,100.0,100.0
349,1-Phenoxy(3-(perfluoro-7-methyloctyl)propan-2-ol),tentative,207.09,12.089,619.0384,76495.0,100.0,100.0
350,"N'-[(2Z)-5,5,6,6,7,7,8,8,9,9,10,10,11,11,12,12,12-Heptadecafluoro-4-oxododec-2-en-2-yl]benzohydrazide",tentative,179.97,12.958,621.0515,83216.0,100.0,100.0
351,"(3,3,4,4,5,5,6,6,7,7,8,8,9,9,10,10,11,11,12,12,12-Henicosafluorododecyl)phosphonic acid",tentative,176.66,11.5,626.9694,48273.0,100.0,100.0
352,12-Cl-Perfluorododecanoic acid,tentative,194.31,12.54,628.9254,26112.0,100.0,100.0
353,"1H,1H,13H-Perfluorotridecan-1-ol",tentative,90.38,12.604,630.9804,88138.0,100.0,100.0
354,"2,2,3,3,4,4,5,5,6,6,7,7,8,8,9,9,9-Heptadecafluoro-N-[(4-sulfamoylphenyl)methyl]nonanamide",tentative,204.04162162162163,13.463783783783782,630.9975594594597,47963.0,100.0,100.0
355,docosafluorotridecanedioic acid,tentative,177.065,8.354,638.952,92723.0,100.0,100.0
356,"10:2 Fluorotelomer dihydrogen phosphate or N,N'-(3,3'-Dichloro[1,1'-biphenyl]-4,4'-diyl)bis(heptafluorobutanimidic acid)",tentative,180.47,12.64,642.9611,45669.0,100.0,100.0
357,"10:2 Fluorotelomer dihydrogen phosphate or N,N'-(3,3'-Dichloro[1,1'-biphenyl]-4,4'-diyl)bis(heptafluorobutanimidic acid)",tentative,186.94,12.66875,642.96285,12785.0,100.0,100.0
358,"10:2 Fluorotelomer dihydrogen phosphate or N,N'-(3,3'-Dichloro[1,1'-biphenyl]-4,4'-diyl)bis(heptafluorobutanimidic acid)",tentative,175.65,12.576,642.9631,50360.0,100.0,100.0
359,13-H-Perfluorotridecanoic acid,tentative,177.33023255813953,14.662069767441862,644.9606884,90425.0,100.0,100.0
360,13-H-Perfluorotridecanoic acid,tentative,177.27,13.095666666666666,644.9609,3247.0,100.0,100.0
361,13-H-Perfluorotridecanoic acid,tentative,205.05,11.88,644.961,1096.0,100.0,100.0
362,13-H-Perfluorotridecanoic acid,tentative,87.86,11.831,644.9638,86238.0,100.0,100.0
363,"2,3,3,3-Tetrafluoro-2-{1,1,2,3,3,3-hexafluoro-2-[1,1,2,3,3,3-hexafluoro-2-(heptafluoropropoxy)propoxy]propoxy}propan-1-ol",tentative,189.4,13.378,646.957,14591.0,100.0,100.0
364,"Phosphonic acid, [3-[ethyl[(heptadecafluorooctyl)sulfonyl]amino]propyl]-",tentative,212.87,11.847,647.9951,11958.0,100.0,100.0
365,"4-[(Nonadecafluorodecenyl)oxy]benzenesulfonic acid, sodium salt",tentative,208.06,12.462,652.9476,49230.0,100.0,100.0
366,"5-Benzamido-2,4-dibromo-N-[4-(1,1,1,2,3,3,3-heptafluoropropan-2-yl)-2,6-dimethylphenyl]benzamide",tentative,200.94,11.865,666.9429,45583.0,100.0,100.0
367,"5-Benzamido-2,4-dibromo-N-[4-(1,1,1,2,3,3,3-heptafluoropropan-2-yl)-2,6-dimethylphenyl]benzamide",tentative,186.32,11.831,666.9432,39360.0,100.0,100.0
368,"N,N'-(3,4-Dioxocyclobut-1-ene-1,2-diyl)bis(1,1,2,2,3,3,4,4,4-nonafluorobutane-1-sulfonamide)",tentative,225.41,13.395,674.8934,89077.0,100.0,100.0
369,Undecafluorocyclohexanemethanol hydrogen phosphate,tentative,216.39,11.88,684.9531,54293.0,100.0,100.0
370,(Perfluoro-9-methyldecyl)ethyl dihydrogen phosphate,tentative,195.16333333333333,13.061333333333332,692.9597666666667,23980.0,100.0,100.0
371,(Perfluoro-9-methyldecyl)ethyl dihydrogen phosphate,tentative,222.965,10.976,692.96105,94088.0,100.0,100.0
372,(Perfluoro-9-methyldecyl)ethyl dihydrogen phosphate,tentative,189.03,13.074,692.96,75003.0,100.0,100.0
373,(Perfluoro-9-methyldecyl)ethyl dihydrogen phosphate,tentative,222.19,9.546,692.9617,63320.0,100.0,100.0
374,14-H-Perfluorotetradecanoic acid,tentative,183.632,12.6286,694.95646,79776.0,100.0,100.0
375,14-H-Perfluorotetradecanoic acid,tentative,183.9025,14.638749999999996,694.9563750000001,72937.0,100.0,100.0
376,14-H-Perfluorotetradecanoic acid,tentative,198.725,14.0475,694.9559,5755.0,100.0,100.0
377,14-H-Perfluorotetradecanoic acid,tentative,183.67,15.563,694.956,3107.0,100.0,100.0
378,14-H-Perfluorotetradecanoic acid,tentative,94.77,12.304,694.9636,95044.0,100.0,100.0
379,"(3,3,4,4,5,5,6,6,7,7,8,8,9,9,10,10,11,11,12,12,13,13,14,14,14-Pentacosafluorotetradecyl)phosphonic acid",tentative,189.1966666666667,14.324333333333334,726.9617666666667,75478.0,100.0,100.0
380,"(3,3,4,4,5,5,6,6,7,7,8,8,9,9,10,10,11,11,12,12,13,13,14,14,14-Pentacosafluorotetradecyl)phosphonic acid",tentative,187.63,12.063,726.9608,42879.0,100.0,100.0
381,"(3,3,4,4,5,5,6,6,7,7,8,8,9,9,10,10,11,11,12,12,13,13,14,14,14-Pentacosafluorotetradecyl)phosphonic acid",tentative,197.34,11.834,726.9612,32469.0,100.0,100.0
382,"(3,3,4,4,5,5,6,6,7,7,8,8,9,9,10,10,11,11,12,12,13,13,14,14,14-Pentacosafluorotetradecyl)phosphonic acid",tentative,189.24,15.5285,726.9635499999999,37471.0,100.0,100.0
383,"(3,3,4,4,5,5,6,6,7,7,8,8,9,9,10,10,11,11,12,12,13,13,14,14,14-Pentacosafluorotetradecyl)phosphonic acid",tentative,221.94,11.88,726.962,13139.0,100.0,100.0
384,"(3,3,4,4,5,5,6,6,7,7,8,8,9,9,10,10,11,11,12,12,13,13,14,14,14-Pentacosafluorotetradecyl)phosphonic acid",tentative,189.43,12.678,726.96335,65637.0,100.0,100.0
385,12:2 Fluorotelomer dihydrogen phosphate or 4-[(Pentacosafluorododecyl)sulfanyl]phenol,tentative,203.66000000000005,13.434,742.956375,34418.0,100.0,100.0
386,15-H-Perfluoropentadecanoic acid,tentative,193.90666666666667,13.241111111111111,744.9539333333333,27403.0,100.0,100.0
387,15-H-Perfluoropentadecanoic acid,tentative,190.44833333333335,14.846166666666669,744.9534333333332,6047.0,100.0,100.0
388,15-H-Perfluoropentadecanoic acid,tentative,222.75,12.802,744.9593,94537.0,100.0,100.0
389,Hexacosafluoro-13-(trifluoromethyl)myristic acid or Perfluoropentadecanoic acid,tentative,218.58,13.756,762.9445,2173.0,100.0,100.0
390,10:2 Fluorotelomer sulfonamide betaine,tentative,250.01,3.991,769.0726,37502.0,100.0,100.0
391,Bis[N-methyl(perfluorobutyl)sulfonamidoethyl]phosphoric acid,tentative,196.39,12.825,774.9609,77628.0,100.0,100.0
392,Bis[N-methyl(perfluorobutyl)sulfonamidoethyl]phosphoric acid,tentative,234.06,10.94,774.9673,95751.0,100.0,100.0
393,5:2/7:2 di Polyfluorinated phosphate ester or 6:2 Fluorotelomer phosphate diester,tentative,201.43,13.049,788.9772,91751.0,100.0,100.0
394,((Perfluoro-11-methyldodecyl)ethyl) dihydrogen phosphate,tentative,207.03,13.84,792.9423,78397.0,100.0,100.0
395,((Perfluoro-11-methyldodecyl)ethyl) dihydrogen phosphate,tentative,210.4325,13.8205,792.9531999999999,9347.0,100.0,100.0
396,16-H-Perfluorohexadecanoic acid,tentative,197.02375,14.261625,794.9489688,40109.0,100.0,100.0
397,16-H-Perfluorohexadecanoic acid,tentative,196.96,15.818,794.9487,5147.0,100.0,100.0
398,16-H-Perfluorohexadecanoic acid,tentative,230.33,13.3135,794.9512,30055.0,100.0,100.0
399,14:2 Fluorotelomer dihydrogen phosphate,tentative,214.83,12.804,842.9416,80147.0,100.0,100.0
400,14:2 Fluorotelomer dihydrogen phosphate,tentative,197.46,14.167,842.9424,72309.0,100.0,100.0
401,14:2 Fluorotelomer dihydrogen phosphate,tentative,220.615,14.1585,842.94745,82805.0,100.0,100.0
402,14:2 Fluorotelomer dihydrogen phosphate,tentative,214.82,14.162,842.9513,30549.0,100.0,100.0
403,17-H-Perfluoroheptadecanoic acid,tentative,207.556,14.859280000000002,844.9466879999999,38329.0,100.0,100.0
404,17-H-Perfluoroheptadecanoic acid,tentative,215.45333333333332,14.887666666666666,844.9469,24569.0,100.0,100.0
405,"3,6-Bis(tridecafluorohexyl)benzene-1,2,4,5-tetracarboxylic acid",tentative,211.99666666666667,11.967333333333334,888.9348333333332,83165.0,100.0,100.0
406,6:2/8:2 Fluorotelomer phosphate diester or 7:2 Fluorotelomer phosphate diester,tentative,214.6,13.818,888.9712,65830.0,100.0,100.0
407,(Perfluoro-13-methyltetradecyl)ethyl dihydrogen phosphate,tentative,221.63,14.441,892.946,49049.0,100.0,100.0
408,(Perfluoro-13-methyltetradecyl)ethyl dihydrogen phosphate,tentative,230.555,14.4345,892.94775,17549.0,100.0,100.0
409,(Perfluoro-13-methyltetradecyl)ethyl dihydrogen phosphate,tentative,205.58,14.448,892.9485,43562.0,100.0,100.0
410,"2,2,3,3,4,4,5,5,6,6,7,7,8,8,9,9,10,10,11,11,12,12,13,13,14,14,15,15,16,16,17,17,18,18-tetratriacontafluorooctadecanoic acid",tentative,215.46263157894737,15.023157894736842,894.9420105263158,30409.0,100.0,100.0
411,"2,2,3,3,4,4,5,5,6,6,7,7,8,8,9,9,10,10,11,11,12,12,13,13,14,14,15,15,16,16,17,17,18,18-tetratriacontafluorooctadecanoic acid",tentative,211.02,13.72,894.9438,78496.0,100.0,100.0
412,"2,2,3,3,4,4,5,5,6,6,7,7,8,8,9,9,10,10,11,11,12,12,13,13,14,14,15,15,16,16,17,17,18,18-tetratriacontafluorooctadecanoic acid",tentative,261.8,13.576,894.9515,78489.0,100.0,100.0
413,16:2 Fluorotelomer dihydrogen phosphate,tentative,238.76,14.724,942.9381,83643.0,100.0,100.0
414,No Match,unmatched,16.96,9.048,61.9869,87435.0,100.0,100.0
415,No Match,unmatched,116.01,8.982,61.9874,72655.0,100.0,100.0
416,No Match,unmatched,67.83,7.515,61.9876,94423.0,100.0,100.0
417,No Match,unmatched,66.81,10.611,61.9877,86896.0,100.0,100.0
418,No Match,unmatched,81.645,7.1065000000000005,61.9878,85719.0,100.0,100.0
419,No Match,unmatched,41.94,9.019,61.988,92057.0,100.0,100.0
420,No Match,unmatched,79.35249999999999,10.9065,61.9881,60834.0,100.0,100.0
421,No Match,unmatched,68.02,10.125454545454549,61.9883,33914.0,100.0,100.0
422,No Match,unmatched,10.34,10.555,61.9913,78884.0,100.0,100.0
423,No Match,unmatched,29.55,10.011,61.9925,94178.0,100.0,100.0
424,No Match,unmatched,114.06,8.563,76.9694,93587.0,100.0,100.0
425,No Match,unmatched,113.19,11.924,76.97,77886.0,100.0,100.0
426,No Match,unmatched,115.8625,10.97575,76.971125,45186.0,100.0,100.0
427,No Match,unmatched,101.46125,2.51125,78.91950625,75252.0,100.0,100.0
428,No Match,unmatched,93.1,4.482,78.9186,92604.0,100.0,100.0
429,No Match,unmatched,93.17833333333331,8.6095,78.91935,84248.0,100.0,100.0
430,No Match,unmatched,93.12,10.808,78.9206,63056.0,100.0,100.0
431,No Match,unmatched,102.88548387096776,4.400129032258065,78.95986129032256,83162.0,100.0,100.0
432,No Match,unmatched,103.018,11.0754,78.95969999999998,86249.0,100.0,100.0
433,No Match,unmatched,102.95,14.328,78.9603,52198.0,100.0,100.0
434,No Match,unmatched,112.38,9.487,78.966,38402.0,100.0,100.0
435,No Match,unmatched,112.805,10.14425,78.966375,60613.0,100.0,100.0
436,No Match,unmatched,112.33,8.543,78.9663,42492.0,100.0,100.0
437,No Match,unmatched,113.11,7.986,78.9665,53361.0,100.0,100.0
438,No Match,unmatched,112.56,3.67,78.967,96113.0,100.0,100.0
439,No Match,unmatched,109.55833333333334,1.8475,79.95761666666667,38692.0,100.0,100.0
440,No Match,unmatched,109.34,1.4815,79.9575,71339.0,100.0,100.0
441,No Match,unmatched,124.91799999999998,1.9398,79.9581,12122.0,100.0,100.0
442,No Match,unmatched,109.5,1.235,79.9586,47069.0,100.0,100.0
443,No Match,unmatched,93.085,8.449,80.9167,73167.0,100.0,100.0
444,No Match,unmatched,93.13882352941177,2.8750588235294114,80.91721176470588,78159.0,100.0,100.0
445,No Match,unmatched,93.125,1.540166666666667,80.91711666666667,27496.0,100.0,100.0
446,No Match,unmatched,92.935,3.823,80.9171,80601.0,100.0,100.0
447,No Match,unmatched,106.359,6.1125,80.9172,10585.0,100.0,100.0
448,No Match,unmatched,93.24,12.42,80.9175,75784.0,100.0,100.0
449,No Match,unmatched,93.25,2.3165,80.918,74981.0,100.0,100.0
450,No Match,unmatched,92.85,2.6785,80.9181,40472.0,100.0,100.0
451,No Match,unmatched,93.215,6.9965,80.9182,51679.0,100.0,100.0
452,No Match,unmatched,93.02,3.553,80.9231,92423.0,100.0,100.0
453,No Match,unmatched,116.33,1.453,92.0513,37050.0,100.0,100.0
454,No Match,unmatched,31.82,0.648,92.927,84989.0,100.0,100.0
455,No Match,unmatched,109.44,0.694,92.9275,89668.0,100.0,100.0
456,No Match,unmatched,40.51,0.585,92.9279,87438.0,100.0,100.0
457,No Match,unmatched,77.96,0.73,92.9287,88031.0,100.0,100.0
458,No Match,unmatched,85.99,0.654,92.9289,74616.0,100.0,100.0
459,No Match,unmatched,115.794,1.2346,93.03516,4859.0,100.0,100.0
460,No Match,unmatched,126.185,3.6145,93.0351,32166.0,100.0,100.0
461,No Match,unmatched,113.505,0.5609999999999999,93.0466,52703.0,100.0,100.0
462,No Match,unmatched,114.17,0.8206666666666665,94.03126666666668,73026.0,100.0,100.0
463,No Match,unmatched,115.77,1.23,94.03845,46094.0,100.0,100.0
464,No Match,unmatched,91.005,5.3685,94.925,95675.0,100.0,100.0
465,No Match,unmatched,106.08,0.575,94.9262,88052.0,100.0,100.0
466,No Match,unmatched,111.79,12.49,94.9799,88596.0,100.0,100.0
467,No Match,unmatched,112.91,10.988,94.9803,49233.0,100.0,100.0
468,No Match,unmatched,114.36875,11.677375,94.981175,64912.0,100.0,100.0
469,No Match,unmatched,114.65,8.88,94.9814,65772.0,100.0,100.0
470,No Match,unmatched,104.96,7.132,95.9526,86776.0,100.0,100.0
471,No Match,unmatched,104.474,4.2182,95.95296,56654.0,100.0,100.0
472,No Match,unmatched,104.415,6.845833333333332,95.953,41185.0,100.0,100.0
473,No Match,unmatched,104.41499999999998,8.484833333333334,95.9531,28652.0,100.0,100.0
474,No Match,unmatched,104.27,4.589666666666667,95.9533,78520.0,100.0,100.0
475,No Match,unmatched,104.4,4.104,95.9539,61781.0,100.0,100.0
476,No Match,unmatched,104.88,6.62,95.9551,82055.0,100.0,100.0
477,No Match,unmatched,104.13,5.379,95.9564,93355.0,100.0,100.0
478,No Match,unmatched,107.96777777777778,7.435333333333332,96.9595,63853.0,100.0,100.0
479,No Match,unmatched,108.3,12.073,96.9589,88528.0,100.0,100.0
480,No Match,unmatched,108.33782608695653,7.577434782608696,96.95954782608692,32689.0,100.0,100.0
481,No Match,unmatched,108.32500000000002,7.0226923076923065,96.95968846153846,52925.0,100.0,100.0
482,No Match,unmatched,108.21333333333332,6.087733333333333,96.95978666666667,23019.0,100.0,100.0
483,No Match,unmatched,108.35,7.603499999999999,96.95990000000002,6710.0,100.0,100.0
484,No Match,unmatched,110.83,4.868315789473685,96.9602,23842.0,100.0,100.0
485,No Match,unmatched,108.32,2.4026666666666667,96.9603,9303.0,100.0,100.0
486,No Match,unmatched,108.44,5.699,96.971,76763.0,100.0,100.0
487,No Match,unmatched,108.25,2.738,96.9723,63007.0,100.0,100.0
488,No Match,unmatched,108.42,1.476,96.973,64301.0,100.0,100.0
489,No Match,unmatched,108.58,7.238,96.9732,77685.0,100.0,100.0
490,No Match,unmatched,108.61,12.144,96.9733,68817.0,100.0,100.0
491,No Match,unmatched,108.76,7.903,96.9734,34543.0,100.0,100.0
492,No Match,unmatched,108.92,3.913,96.9743,18795.0,100.0,100.0
493,No Match,unmatched,108.8,6.61,96.9748,20418.0,100.0,100.0
494,No Match,unmatched,109.19,5.088,96.975,22359.0,100.0,100.0
495,No Match,unmatched,109.15,8.687,96.9751,17548.0,100.0,100.0
496,No Match,unmatched,109.22,8.702,96.9752,29019.0,100.0,100.0
497,No Match,unmatched,109.31,10.3555,96.9753,28320.0,100.0,100.0
498,No Match,unmatched,109.73666666666668,9.176333333333334,96.9754,31559.0,100.0,100.0
499,No Match,unmatched,109.84142857142857,10.708999999999998,96.97591429,20360.0,100.0,100.0
500,No Match,unmatched,110.34499999999998,9.504833333333336,96.97616666666666,39264.0,100.0,100.0
501,No Match,unmatched,108.76,2.728,96.9757,61430.0,100.0,100.0
502,No Match,unmatched,109.1975,4.95525,96.976075,40591.0,100.0,100.0
503,No Match,unmatched,110.25,5.692,96.9766,45701.0,100.0,100.0
504,No Match,unmatched,112.71,6.961,96.9771,83787.0,100.0,100.0
505,No Match,unmatched,109.45,5.039,96.9772,52430.0,100.0,100.0
506,No Match,unmatched,111.74,9.722,97.9292,95844.0,100.0,100.0
507,No Match,unmatched,111.75,11.709,97.9313,82958.0,100.0,100.0
508,No Match,unmatched,111.74,9.603,97.932,69491.0,100.0,100.0
509,No Match,unmatched,111.7,11.042,97.9322,84420.0,100.0,100.0
510,No Match,unmatched,104.04,9.6078,98.95624,49575.0,100.0,100.0
511,No Match,unmatched,104.20666666666666,8.421666666666667,98.95623333333332,68501.0,100.0,100.0
512,No Match,unmatched,104.19,9.7315,98.9558,49333.0,100.0,100.0
513,No Match,unmatched,104.0725,7.46425,98.956,18633.0,100.0,100.0
514,No Match,unmatched,104.04153846153848,9.606230769,98.95622307692308,26664.0,100.0,100.0
515,No Match,unmatched,104.14833333333335,8.200000000000001,98.9563,17339.0,100.0,100.0
516,No Match,unmatched,104.18,9.5485,98.9567,33193.0,100.0,100.0
517,No Match,unmatched,104.02,8.249,98.9568,30019.0,100.0,100.0
518,No Match,unmatched,103.99,5.978,98.957,31867.0,100.0,100.0
519,No Match,unmatched,103.79,2.709,98.9574,71186.0,100.0,100.0
520,No Match,unmatched,103.94,5.263,98.9575,38686.0,100.0,100.0
521,No Match,unmatched,108.03333333333336,7.034666666666666,98.972,50621.0,100.0,100.0
522,No Match,unmatched,107.86,5.381,98.9717,39554.0,100.0,100.0
523,No Match,unmatched,108.49,9.069,98.972,69257.0,100.0,100.0
524,No Match,unmatched,107.93,6.064,98.9721,40627.0,100.0,100.0
525,No Match,unmatched,108.18333333333334,7.873666666666666,98.9722,62511.0,100.0,100.0
526,No Match,unmatched,107.86,9.274,98.9723,28898.0,100.0,100.0
527,No Match,unmatched,107.815,9.091833333333334,98.9724,92778.0,100.0,100.0
528,No Match,unmatched,109.245,5.1205,98.973,93747.0,100.0,100.0
529,No Match,unmatched,106.72,9.039,98.9757,93871.0,100.0,100.0
530,No Match,unmatched,108.31,7.161,98.9759,92504.0,100.0,100.0
531,No Match,unmatched,112.14,4.439500000000001,99.92475,41897.0,100.0,100.0
532,No Match,unmatched,111.54,8.405000000000001,99.92538333333334,19245.0,100.0,100.0
533,No Match,unmatched,111.59125,8.70825,99.9254125,29724.0,100.0,100.0
534,No Match,unmatched,110.71,10.603,99.9251,21614.0,100.0,100.0
535,No Match,unmatched,111.74666666666668,5.880333333333333,99.9252,19022.0,100.0,100.0
536,No Match,unmatched,111.74666666666668,6.809666666666666,99.9254,22989.0,100.0,100.0
537,No Match,unmatched,111.65764705882354,7.981411764705882,99.92580588235296,11963.0,100.0,100.0
538,No Match,unmatched,111.575,8.4925,99.92601,12655.0,100.0,100.0
539,No Match,unmatched,111.65941176470588,7.325941176470588,99.92604705882351,14292.0,100.0,100.0
540,No Match,unmatched,111.6412,7.797960000000001,99.926144,5872.0,100.0,100.0
541,No Match,unmatched,111.61470588235296,5.744941176470588,99.92635882,11235.0,100.0,100.0
542,No Match,unmatched,111.72285714285714,6.383000000000001,99.9264,7533.0,100.0,100.0
543,No Match,unmatched,111.69,7.882666666666666,99.9269,53176.0,100.0,100.0
544,No Match,unmatched,111.62166666666668,9.272666666666666,100.92650000000002,95761.0,100.0,100.0
545,No Match,unmatched,111.42,12.474,100.9276,62644.0,100.0,100.0
546,No Match,unmatched,120.28,0.643,106.0664,69243.0,100.0,100.0
547,No Match,unmatched,122.53,2.391,107.0503,1520.0,100.0,100.0
548,No Match,unmatched,124.47166666666668,1.6753333333333331,107.05073333333333,58541.0,100.0,100.0
549,No Match,unmatched,120.545,3.9845,107.051,13147.0,100.0,100.0
550,No Match,unmatched,116.6190909090909,1.190090909090909,108.02253636363636,5419.0,100.0,100.0
551,No Match,unmatched,115.63,1.96,108.0257,89420.0,100.0,100.0
552,No Match,unmatched,119.29,2.254,108.0453,82345.0,100.0,100.0
553,No Match,unmatched,118.375,1.0235,108.0475,56652.0,100.0,100.0
554,No Match,unmatched,119.21,2.367,108.0518,83631.0,100.0,100.0
555,No Match,unmatched,122.42,2.351,108.0544,58187.0,100.0,100.0
556,No Match,unmatched,122.9025,0.8895000000000001,108.08185,51637.0,100.0,100.0
557,No Match,unmatched,116.23,0.601,109.026,93563.0,100.0,100.0
558,No Match,unmatched,116.47,0.956,109.0301,5349.0,100.0,100.0
559,No Match,unmatched,116.47,0.88,109.0312,26195.0,100.0,100.0
560,No Match,unmatched,116.48,1.038,109.0756,76146.0,100.0,100.0
561,No Match,unmatched,116.38,0.954,110.0325,65192.0,100.0,100.0
562,No Match,unmatched,116.585,0.9595,110.0342,30712.0,100.0,100.0
563,No Match,unmatched,113.07,11.817,110.9763,70656.0,100.0,100.0
564,No Match,unmatched,119.69,0.509,112.0521,20147.0,100.0,100.0
565,No Match,unmatched,109.83,2.882,112.9386,53427.0,100.0,100.0
566,No Match,unmatched,108.385,9.23825,113.92622500000002,37870.0,100.0,100.0
567,No Match,unmatched,107.99,7.412,113.9257,62317.0,100.0,100.0
568,No Match,unmatched,108.56199999999998,11.1332,113.9265,57597.0,100.0,100.0
569,No Match,unmatched,108.78,7.303,113.9271,92594.0,100.0,100.0
570,No Match,unmatched,121.15,13.5565,115.05525,94677.0,100.0,100.0
571,No Match,unmatched,120.93,3.766,115.0573,86366.0,100.0,100.0
572,No Match,unmatched,108.1,10.639,115.9156,63306.0,100.0,100.0
573,No Match,unmatched,108.57,7.450692307692307,115.91995384615385,78713.0,100.0,100.0
574,No Match,unmatched,108.595,7.4855,115.9194,35564.0,100.0,100.0
575,No Match,unmatched,108.4857142857143,7.557428571428572,115.92,15338.0,100.0,100.0
576,No Match,unmatched,108.516875,8.734625,115.920425,10061.0,100.0,100.0
577,No Match,unmatched,108.497,8.695133333333333,115.92043666666667,9885.0,100.0,100.0
578,No Match,unmatched,108.54,6.3914,115.92105999999998,26441.0,100.0,100.0
579,No Match,unmatched,108.62,15.193,115.9211,27894.0,100.0,100.0
580,No Match,unmatched,108.54,6.089,115.9212,32300.0,100.0,100.0
581,No Match,unmatched,108.29,12.82,115.9213,51513.0,100.0,100.0
582,No Match,unmatched,108.85,10.718,115.924,41089.0,100.0,100.0
583,No Match,unmatched,120.20666666666666,1.9665,116.05091666666668,32100.0,100.0,100.0
584,No Match,unmatched,120.185,2.527,116.0509,30802.0,100.0,100.0
585,No Match,unmatched,120.1,1.705,116.0918,73323.0,100.0,100.0
586,No Match,unmatched,108.43,6.335,116.9199,61387.0,100.0,100.0
587,No Match,unmatched,108.46,8.058,116.92,47755.0,100.0,100.0
588,No Match,unmatched,108.545,9.288,116.9201,49268.0,100.0,100.0
589,No Match,unmatched,108.28000000000002,11.133,116.9204,51991.0,100.0,100.0
590,No Match,unmatched,108.4125,9.3225,116.9206,31269.0,100.0,100.0
591,No Match,unmatched,108.36428571428571,10.073857142857143,116.9212285714286,43335.0,100.0,100.0
592,No Match,unmatched,108.478,10.0888,116.92126,17387.0,100.0,100.0
593,No Match,unmatched,108.37,11.985,116.9214,25862.0,100.0,100.0
594,No Match,unmatched,108.605,9.5435,116.9222,40552.0,100.0,100.0
595,No Match,unmatched,108.75,9.529,116.9232,74180.0,100.0,100.0
596,No Match,unmatched,108.86,10.399,116.9256,77322.0,100.0,100.0
597,No Match,unmatched,111.988,5.869,116.92856,93143.0,100.0,100.0
598,No Match,unmatched,111.47,7.547,116.9273,18071.0,100.0,100.0
599,No Match,unmatched,108.83,11.578,116.9274,87592.0,100.0,100.0
600,No Match,unmatched,111.89125,10.154375,116.928875,70190.0,100.0,100.0
601,No Match,unmatched,111.67,7.021,116.9285,19971.0,100.0,100.0
602,No Match,unmatched,111.6825,9.55825,116.92875,26658.0,100.0,100.0
603,No Match,unmatched,111.856,9.5614,116.92905999999998,32970.0,100.0,100.0
604,No Match,unmatched,111.8025,7.258500000000001,116.929,14202.0,100.0,100.0
605,No Match,unmatched,111.7375,7.24025,116.92935,28276.0,100.0,100.0
606,No Match,unmatched,111.675,10.192,116.9299,61048.0,100.0,100.0
607,No Match,unmatched,111.56,6.998,116.9309,73151.0,100.0,100.0
608,No Match,unmatched,1.94,8.086,116.9682,96129.0,100.0,100.0
609,No Match,unmatched,109.55,4.245,116.9685,94253.0,100.0,100.0
610,No Match,unmatched,2.24,5.949,116.9689,93799.0,100.0,100.0
611,No Match,unmatched,131.27,9.161,116.969,87955.0,100.0,100.0
612,No Match,unmatched,15.2,11.334,116.9694,76364.0,100.0,100.0
613,No Match,unmatched,29.85,8.307,116.9699,80366.0,100.0,100.0
614,No Match,unmatched,1.7,10.887,116.9701,95505.0,100.0,100.0
615,No Match,unmatched,33.9,9.176,116.9704,89491.0,100.0,100.0
616,No Match,unmatched,123.88,10.8595,116.9705,92157.0,100.0,100.0
617,No Match,unmatched,124.52,11.1345,116.9707,88391.0,100.0,100.0
618,No Match,unmatched,79.20571429,10.107142857142858,116.9711,86886.0,100.0,100.0
619,No Match,unmatched,105.075,10.2938,116.9712,69975.0,100.0,100.0
620,No Match,unmatched,107.68500000000002,9.2797,116.9713,85767.0,100.0,100.0
621,No Match,unmatched,89.07374999999999,9.6515,116.9714,55461.0,100.0,100.0
622,No Match,unmatched,123.6825,8.3225,116.9748,57344.0,100.0,100.0
623,No Match,unmatched,124.42,9.984,116.9752,94952.0,100.0,100.0
624,No Match,unmatched,63.398,9.6846,116.9757,81895.0,100.0,100.0
625,No Match,unmatched,103.072,8.0436,116.9759,92075.0,100.0,100.0
626,No Match,unmatched,4.04,10.391,116.9766,95303.0,100.0,100.0
627,No Match,unmatched,65.53,10.376,116.9775,92948.0,100.0,100.0
628,No Match,unmatched,118.615,1.5870000000000002,117.0456,78384.0,100.0,100.0
629,No Match,unmatched,119.95,1.662,117.0521,84719.0,100.0,100.0
630,No Match,unmatched,120.24,1.628,117.0545,31110.0,100.0,100.0
631,No Match,unmatched,122.705,0.526,117.0556,8433.0,100.0,100.0
632,No Match,unmatched,52.97,0.528,117.0576,94728.0,100.0,100.0
633,No Match,unmatched,118.43,1.484,118.0307,76144.0,100.0,100.0
634,No Match,unmatched,122.71,2.411,118.0661,14655.0,100.0,100.0
635,No Match,unmatched,126.81,6.804,118.9417,64529.0,100.0,100.0
636,No Match,unmatched,126.91,1.58,118.9426,65176.0,100.0,100.0
637,No Match,unmatched,126.73,5.7385,118.9427,72526.0,100.0,100.0
638,No Match,unmatched,126.67,5.477,118.9434,67812.0,100.0,100.0
639,No Match,unmatched,95.06,8.031,118.9664,94541.0,100.0,100.0
640,No Match,unmatched,107.47,10.194,118.9698,95905.0,100.0,100.0
641,No Match,unmatched,107.32,10.7235,118.9709,91374.0,100.0,100.0
642,No Match,unmatched,132.39,9.68,118.972,93194.0,100.0,100.0
643,No Match,unmatched,122.21666666666668,0.9056666666666668,119.04983333333332,81891.0,100.0,100.0
644,No Match,unmatched,122.42,3.08,119.05025,6228.0,100.0,100.0
645,No Match,unmatched,121.795,7.606999999999999,119.0503,78451.0,100.0,100.0
646,No Match,unmatched,121.3685714285714,1.2692857142857144,120.0459,39359.0,100.0,100.0
647,No Match,unmatched,119.66,8.482,121.0287,79087.0,100.0,100.0
648,No Match,unmatched,119.75,0.575,121.0288,79324.0,100.0,100.0
649,No Match,unmatched,119.50555555555556,2.351555555555556,121.0299222222222,55828.0,100.0,100.0
650,No Match,unmatched,119.445,2.0885,121.0295,40245.0,100.0,100.0
651,No Match,unmatched,119.68,6.0955,121.0322,64999.0,100.0,100.0
652,No Match,unmatched,118.88,1.435,121.0384,80837.0,100.0,100.0
653,No Match,unmatched,115.77,1.341,122.0264,93915.0,100.0,100.0
654,No Match,unmatched,119.75,2.549,122.0333,80907.0,100.0,100.0
655,No Match,unmatched,123.79,2.0540000000000003,122.03845,32346.0,100.0,100.0
656,No Match,unmatched,123.8,0.558,122.0621,71304.0,100.0,100.0
657,No Match,unmatched,126.97333333333331,1.9376666666666664,122.09826666666667,23758.0,100.0,100.0
658,No Match,unmatched,121.70333333333332,1.834,123.0447,79229.0,100.0,100.0
659,No Match,unmatched,103.454,1.2516,123.04498,6466.0,100.0,100.0
660,No Match,unmatched,97.42571428571428,12.165142857142856,123.90195714285711,93348.0,100.0,100.0
661,No Match,unmatched,97.397,12.393599999999998,123.90249666666666,20378.0,100.0,100.0
662,No Match,unmatched,97.435,14.792,123.9018,94123.0,100.0,100.0
663,No Match,unmatched,97.2675,11.289,123.902325,95249.0,100.0,100.0
664,No Match,unmatched,97.50555555555556,12.1049,123.9021,27650.0,100.0,100.0
665,No Match,unmatched,97.4,14.5,123.9035,82262.0,100.0,100.0
666,No Match,unmatched,97.48,11.205,123.9041,47593.0,100.0,100.0
667,No Match,unmatched,97.53,12.629,123.9045,77691.0,100.0,100.0
668,No Match,unmatched,122.26666666666668,2.0376666666666665,124.0483,29244.0,100.0,100.0
669,No Match,unmatched,117.755,0.75,125.02485,52712.0,100.0,100.0
670,No Match,unmatched,125.93,11.99,125.0611,93320.0,100.0,100.0
671,No Match,unmatched,97.26,12.474,125.8995,49954.0,100.0,100.0
672,No Match,unmatched,97.41470588235292,11.688176470588235,125.90026470588236,79425.0,100.0,100.0
673,No Match,unmatched,97.725,14.533,125.9003,59667.0,100.0,100.0
674,No Match,unmatched,97.365,12.2715,125.9001,37863.0,100.0,100.0
675,No Match,unmatched,97.405,11.923125,125.90035,25598.0,100.0,100.0
676,No Match,unmatched,97.49,13.46,125.9003,65966.0,100.0,100.0
677,No Match,unmatched,97.395,13.236,125.9026,55458.0,100.0,100.0
678,No Match,unmatched,97.43,10.766,125.9033,94637.0,100.0,100.0
679,No Match,unmatched,124.98,3.904,126.036,95530.0,100.0,100.0
680,No Match,unmatched,130.77499999999998,0.9415,126.09305,22181.0,100.0,100.0
681,No Match,unmatched,91.99972222222222,7.159472222222222,126.9047027777778,67144.0,100.0,100.0
682,No Match,unmatched,91.97333333333331,7.348999999999999,126.9048111111111,28556.0,100.0,100.0
683,No Match,unmatched,97.90052631578946,7.244210526315789,126.90455789473688,23518.0,100.0,100.0
684,No Match,unmatched,91.8,12.284,126.9044,15495.0,100.0,100.0
685,No Match,unmatched,91.97130434782608,8.208173913043476,126.9047,9919.0,100.0,100.0
686,No Match,unmatched,91.905,6.972,126.905,17866.0,100.0,100.0
687,No Match,unmatched,117.9775,11.61075,126.9051,36203.0,100.0,100.0
688,No Match,unmatched,120.3,2.883,126.9959,45158.0,100.0,100.0
689,No Match,unmatched,97.44,11.172,127.8976,95451.0,100.0,100.0
690,No Match,unmatched,97.39,12.845,127.8987,90753.0,100.0,100.0
691,No Match,unmatched,125.71,1.6208571428571426,130.0668142857143,46062.0,100.0,100.0
692,No Match,unmatched,125.36,2.337,130.0668,15779.0,100.0,100.0
693,No Match,unmatched,125.46,2.426,130.0682,93526.0,100.0,100.0
694,No Match,unmatched,51.59,0.504,130.0875,85032.0,100.0,100.0
695,No Match,unmatched,131.235,0.6955,130.0878,71962.0,100.0,100.0
696,No Match,unmatched,121.28999999999998,1.6416666666666666,131.03768333333332,75299.0,100.0,100.0
697,No Match,unmatched,122.485,2.4615,131.038,11567.0,100.0,100.0
698,No Match,unmatched,128.18,0.871,131.0716,47238.0,100.0,100.0
699,No Match,unmatched,128.39,0.872,131.0734,69760.0,100.0,100.0
700,No Match,unmatched,130.66,0.5486666666666666,131.09080000000003,33817.0,100.0,100.0
701,No Match,unmatched,129.39333333333337,2.4596666666666667,132.04593333333332,2761.0,100.0,100.0
702,No Match,unmatched,123.315,1.8625,132.04605,18720.0,100.0,100.0
703,No Match,unmatched,128.6175,1.808625,132.0460875,31461.0,100.0,100.0
704,No Match,unmatched,123.18,1.146,132.0491,78500.0,100.0,100.0
705,No Match,unmatched,122.83,2.448,133.0496,75427.0,100.0,100.0
706,No Match,unmatched,127.955,10.2415,133.06555,92102.0,100.0,100.0
707,No Match,unmatched,121.02,1.529,134.0244,81563.0,100.0,100.0
708,No Match,unmatched,120.4675,3.01675,134.04667500000002,88512.0,100.0,100.0
709,No Match,unmatched,120.695,1.7029999999999998,134.04694999999998,41024.0,100.0,100.0
710,No Match,unmatched,120.72,5.208,134.0479,93982.0,100.0,100.0
711,No Match,unmatched,120.98,12.767,134.0483,93061.0,100.0,100.0
712,No Match,unmatched,125.47666666666667,2.7989999999999995,134.06166666666667,29685.0,100.0,100.0
713,No Match,unmatched,37.38,1.067,134.0611,76504.0,100.0,100.0
714,No Match,unmatched,109.8,5.821,134.8937,94378.0,100.0,100.0
715,No Match,unmatched,110.01315789473684,2.8685263157894734,134.8950315789474,59721.0,100.0,100.0
716,No Match,unmatched,110.13,7.837,134.8941,78891.0,100.0,100.0
717,No Match,unmatched,110.055,5.422,134.8943,78293.0,100.0,100.0
718,No Match,unmatched,110.02291666666667,2.73025,134.89542500000002,70101.0,100.0,100.0
719,No Match,unmatched,109.97800000000002,4.6482,134.89584,32119.0,100.0,100.0
720,No Match,unmatched,109.96200000000002,2.2732,134.8957,35724.0,100.0,100.0
721,No Match,unmatched,110.05,4.059,134.8965,45477.0,100.0,100.0
722,No Match,unmatched,110.13,1.32,134.8971,42519.0,100.0,100.0
723,No Match,unmatched,110.06,5.768,134.8972,67444.0,100.0,100.0
724,No Match,unmatched,109.56,0.814,134.9012,84462.0,100.0,100.0
725,No Match,unmatched,125.53333333333336,3.048,135.04616666666666,34241.0,100.0,100.0
726,No Match,unmatched,125.81,8.753,135.0458,72279.0,100.0,100.0
727,No Match,unmatched,125.46,5.101,135.0459,92615.0,100.0,100.0
728,No Match,unmatched,129.59,3.99,135.0823,9147.0,100.0,100.0
729,No Match,unmatched,123.41,1.598,136.04104999999998,41948.0,100.0,100.0
730,No Match,unmatched,109.99,1.422,136.8908,94433.0,100.0,100.0
731,No Match,unmatched,110.02,0.911,136.8945,83412.0,100.0,100.0
732,No Match,unmatched,122.925,12.1515,136.93718333333337,77893.0,100.0,100.0
733,No Match,unmatched,120.83,1.98,137.0237,67171.0,100.0,100.0
734,No Match,unmatched,120.71,2.024,137.0263,76351.0,100.0,100.0
735,No Match,unmatched,128.71,15.0865,137.06074999999998,81264.0,100.0,100.0
736,No Match,unmatched,121.92,11.161,138.0167,92302.0,100.0,100.0
737,No Match,unmatched,120.58380952380952,10.299904761904765,138.01972380952384,58481.0,100.0,100.0
738,No Match,unmatched,120.54384615384612,9.028076923076926,138.0194846153846,41755.0,100.0,100.0
739,No Match,unmatched,120.71,6.881,138.0188,63398.0,100.0,100.0
740,No Match,unmatched,120.4725,8.328,138.0191,36545.0,100.0,100.0
741,No Match,unmatched,89.54333333333334,9.781333333333334,138.0196,95972.0,100.0,100.0
742,No Match,unmatched,126.98000000000002,1.8686666666666667,138.05645,30132.0,100.0,100.0
743,No Match,unmatched,127.21,5.219,138.0566,84196.0,100.0,100.0
744,No Match,unmatched,132.67333333333332,2.0026666666666664,138.09276666666665,13940.0,100.0,100.0
745,No Match,unmatched,123.82,0.785,139.0408,73498.0,100.0,100.0
746,No Match,unmatched,134.865,1.3535,139.0761,22001.0,100.0,100.0
747,No Match,unmatched,130.83,2.099,139.0778,84169.0,100.0,100.0
748,No Match,unmatched,134.42,1.294,139.0786,90809.0,100.0,100.0
749,No Match,unmatched,129.01,0.665,140.0715,32282.0,100.0,100.0
750,No Match,unmatched,136.475,1.962,140.10835,33232.0,100.0,100.0
751,No Match,unmatched,13.69,10.96,141.0124,86559.0,100.0,100.0
752,No Match,unmatched,83.2,9.727,141.0126,95220.0,100.0,100.0
753,No Match,unmatched,1.6,11.749,141.0127,95136.0,100.0,100.0
754,No Match,unmatched,125.1925,9.5775,141.0129,95830.0,100.0,100.0
755,No Match,unmatched,117.06,10.8385,141.013,92966.0,100.0,100.0
756,No Match,unmatched,102.06714285714284,9.726428571428572,141.0135,91343.0,100.0,100.0
757,No Match,unmatched,85.50666666666666,7.693,141.0137,94468.0,100.0,100.0
758,No Match,unmatched,109.02,9.737333333333334,141.014,82749.0,100.0,100.0
759,No Match,unmatched,134.96117647058824,9.4909,141.01475999999997,54817.0,100.0,100.0
760,No Match,unmatched,119.83666666666664,9.537666666666668,141.0144,63135.0,100.0,100.0
761,No Match,unmatched,99.82428571428572,8.464714285714285,141.0145,41873.0,100.0,100.0
762,No Match,unmatched,103.82444444444444,8.897888888888888,141.0147,74050.0,100.0,100.0
763,No Match,unmatched,97.8375,8.869692307692308,141.01490000000007,82395.0,100.0,100.0
764,No Match,unmatched,91.12,9.65975,141.015,78975.0,100.0,100.0
765,No Match,unmatched,100.41375,10.220777777777776,141.0153,34790.0,100.0,100.0
766,No Match,unmatched,117.42875,9.973,141.0159,60674.0,100.0,100.0
767,No Match,unmatched,130.09866666666667,9.082125,141.0163,50528.0,100.0,100.0
768,No Match,unmatched,123.63750000000002,9.8028,141.0196,71792.0,100.0,100.0
769,No Match,unmatched,114.49833333333332,11.001499999999998,141.0199,62155.0,100.0,100.0
770,No Match,unmatched,100.48250000000002,9.5225,141.0206,63562.0,100.0,100.0
771,No Match,unmatched,42.16,5.0155,141.0207,83084.0,100.0,100.0
772,No Match,unmatched,83.06,10.0845,141.0211,93937.0,100.0,100.0
773,No Match,unmatched,76.40333333333334,10.367666666666668,141.0218,96088.0,100.0,100.0
774,No Match,unmatched,77.41,11.002,141.0219,96137.0,100.0,100.0
775,No Match,unmatched,51.595,8.9765,141.0221,94140.0,100.0,100.0
776,No Match,unmatched,102.37,10.084,141.0229,94630.0,100.0,100.0
777,No Match,unmatched,85.44,12.297,141.023,93059.0,100.0,100.0
778,No Match,unmatched,59.57,9.2,141.0231,93483.0,100.0,100.0
779,No Match,unmatched,62.86,11.669,141.0253,91342.0,100.0,100.0
780,No Match,unmatched,86.57,8.135,141.0256,89248.0,100.0,100.0
781,No Match,unmatched,55.27,8.748,141.026,80895.0,100.0,100.0
782,No Match,unmatched,66.22,8.051,141.0264,93700.0,100.0,100.0
783,No Match,unmatched,38.46,10.409,141.0266,90283.0,100.0,100.0
784,No Match,unmatched,56.26,8.566,141.028,88715.0,100.0,100.0
785,No Match,unmatched,117.28,9.894,141.0298,90614.0,100.0,100.0
786,No Match,unmatched,127.67,13.567,141.0715,94455.0,100.0,100.0
787,No Match,unmatched,136.34,5.663,141.0917,76622.0,100.0,100.0
788,No Match,unmatched,134.14,3.08,141.09210000000002,79677.0,100.0,100.0
789,No Match,unmatched,127.9,3.894,142.0301,73009.0,100.0,100.0
790,No Match,unmatched,122.98,6.933,142.0301,63624.0,100.0,100.0
791,No Match,unmatched,125.76,2.661,142.0659,89620.0,100.0,100.0
792,No Match,unmatched,126.524,1.8112,142.06671999999998,8644.0,100.0,100.0
793,No Match,unmatched,126.78,13.554,143.0511,47017.0,100.0,100.0
794,No Match,unmatched,126.805,1.687,143.07015,86561.0,100.0,100.0
795,No Match,unmatched,127.46928571428572,3.2536428571428573,144.0462428571429,70958.0,100.0,100.0
796,No Match,unmatched,125.36,5.955,144.0448,67805.0,100.0,100.0
797,No Match,unmatched,124.74,5.43,144.0456,53871.0,100.0,100.0
798,No Match,unmatched,125.52058823529411,2.650470588235294,144.04640588235293,29314.0,100.0,100.0
799,No Match,unmatched,125.20444444444443,1.5301111111111112,144.0464222222222,16076.0,100.0,100.0
800,No Match,unmatched,125.12,11.063,144.0471,86729.0,100.0,100.0
801,No Match,unmatched,124.63,8.278,144.0481,94422.0,100.0,100.0
802,No Match,unmatched,125.55,0.756,144.0518,92530.0,100.0,100.0
803,No Match,unmatched,124.77,3.909,144.0904,69930.0,100.0,100.0
804,No Match,unmatched,125.11,2.283,144.1179,74671.0,100.0,100.0
805,No Match,unmatched,124.84,3.907,144.1196,22072.0,100.0,100.0
806,No Match,unmatched,127.62285714285714,1.5004285714285714,145.04138571428572,17135.0,100.0,100.0
807,No Match,unmatched,124.53,2.81,145.0428,78914.0,100.0,100.0
808,No Match,unmatched,124.85,1.163,145.0432,65355.0,100.0,100.0
809,No Match,unmatched,125.11,1.396,145.0449,55602.0,100.0,100.0
810,No Match,unmatched,125.17,3.948,145.0489,70654.0,100.0,100.0
811,No Match,unmatched,125.03,2.1785,145.04955,37985.0,100.0,100.0
812,No Match,unmatched,136.15,2.135,145.0869,31330.0,100.0,100.0
813,No Match,unmatched,122.94666666666666,1.2774444444444444,146.02542222222223,55425.0,100.0,100.0
814,No Match,unmatched,138.0,1.571,146.0265,79761.0,100.0,100.0
815,No Match,unmatched,123.27,0.997,146.0282,66354.0,100.0,100.0
816,No Match,unmatched,124.44,3.938,146.0511,75243.0,100.0,100.0
817,No Match,unmatched,131.60500000000002,2.4065,146.06155,58466.0,100.0,100.0
818,No Match,unmatched,128.12,3.653,146.0619,35626.0,100.0,100.0
819,No Match,unmatched,130.61,0.51,146.0838,95284.0,100.0,100.0
820,No Match,unmatched,123.098,1.469,147.03272,58825.0,100.0,100.0
821,No Match,unmatched,137.53571428571428,1.5459999999999998,147.0334428571429,20634.0,100.0,100.0
822,No Match,unmatched,132.775,2.348,147.0456,79124.0,100.0,100.0
823,No Match,unmatched,128.99,3.579,147.0504,94508.0,100.0,100.0
824,No Match,unmatched,128.44,0.524,147.0676,41173.0,100.0,100.0
825,No Match,unmatched,136.3,3.729,147.0813,36093.0,100.0,100.0
826,No Match,unmatched,123.33,1.452,148.0372,95939.0,100.0,100.0
827,No Match,unmatched,127.96,1.272,148.0408,24708.0,100.0,100.0
828,No Match,unmatched,113.2925,0.7789999999999999,148.95235,77202.0,100.0,100.0
829,No Match,unmatched,133.31,0.579,148.9524,71369.0,100.0,100.0
830,No Match,unmatched,134.60666666666663,0.8206666666666668,148.9525,28947.0,100.0,100.0
831,No Match,unmatched,121.85,0.55,148.9528,48095.0,100.0,100.0
832,No Match,unmatched,125.5175,0.55075,148.95345,574.0,100.0,100.0
833,No Match,unmatched,132.68,0.551,148.954,75613.0,100.0,100.0
834,No Match,unmatched,124.22,0.572,148.9545,55135.0,100.0,100.0
835,No Match,unmatched,130.268,14.185199999999998,149.0099,45110.0,100.0,100.0
836,No Match,unmatched,130.28857142857143,15.326857142857143,149.01016666666666,46172.0,100.0,100.0
837,No Match,unmatched,129.97,15.657,149.0126,82343.0,100.0,100.0
838,No Match,unmatched,124.51,2.441,149.0255,23258.0,100.0,100.0
839,No Match,unmatched,110.81,0.567,149.0282,11777.0,100.0,100.0
840,No Match,unmatched,132.4466666666667,4.432166666666667,149.0613,38730.0,100.0,100.0
841,No Match,unmatched,131.56,5.178,149.0638,79104.0,100.0,100.0
842,No Match,unmatched,132.2,2.956,149.0732,74997.0,100.0,100.0
843,No Match,unmatched,135.83,3.472,149.0962,70661.0,100.0,100.0
844,No Match,unmatched,137.77333333333334,3.832,149.09833333333333,8832.0,100.0,100.0
845,No Match,unmatched,110.96,0.535,149.9569,87623.0,100.0,100.0
846,No Match,unmatched,128.03,2.146625,150.0023875,72875.0,100.0,100.0
847,No Match,unmatched,125.49,14.124,150.0026,87731.0,100.0,100.0
848,No Match,unmatched,124.43,4.829,150.0033,64776.0,100.0,100.0
849,No Match,unmatched,129.48749999999998,3.11125,150.05685,27590.0,100.0,100.0
850,No Match,unmatched,131.74,4.5785,150.06445,67872.0,100.0,100.0
851,No Match,unmatched,136.63,4.681,150.0925,37426.0,100.0,100.0
852,No Match,unmatched,111.03,0.572,150.9502,26406.0,100.0,100.0
853,No Match,unmatched,127.06,6.422,150.989,81652.0,100.0,100.0
854,No Match,unmatched,129.71,4.391,151.0403,29206.0,100.0,100.0
855,No Match,unmatched,132.88,15.166,151.0768,29223.0,100.0,100.0
856,No Match,unmatched,132.62,14.063,151.0775,94288.0,100.0,100.0
857,No Match,unmatched,133.52,1.292,151.0781,80199.0,100.0,100.0
858,No Match,unmatched,133.57,15.156,151.0808,81487.0,100.0,100.0
859,No Match,unmatched,133.88,3.163,151.0884,56137.0,100.0,100.0
860,No Match,unmatched,138.31,6.656,151.1136,87417.0,100.0,100.0
861,No Match,unmatched,136.29,1.907,151.1143,64939.0,100.0,100.0
862,No Match,unmatched,133.42000000000002,2.7065,152.07229999999998,15479.0,100.0,100.0
863,No Match,unmatched,133.3,2.824,152.0778,92952.0,100.0,100.0
864,No Match,unmatched,139.01999999999998,4.6735,152.1077,52358.0,100.0,100.0
865,No Match,unmatched,123.78,13.455,152.996,69813.0,100.0,100.0
866,No Match,unmatched,123.68,13.196,152.999,79780.0,100.0,100.0
867,No Match,unmatched,129.765,1.7294999999999998,153.05655000000002,27535.0,100.0,100.0
868,No Match,unmatched,129.08,1.176,153.0633,91200.0,100.0,100.0
869,No Match,unmatched,138.25,1.979,154.087,93641.0,100.0,100.0
870,No Match,unmatched,122.16333333333334,6.300666666666667,154.94703333333334,59975.0,100.0,100.0
871,No Match,unmatched,122.3117142857143,10.732542857142858,154.94777999999997,32756.0,100.0,100.0
872,No Match,unmatched,122.11,8.5295,154.9472,12837.0,100.0,100.0
873,No Match,unmatched,121.955,10.35075,154.9474,30223.0,100.0,100.0
874,No Match,unmatched,122.05500000000004,11.108928571428574,154.94785714285717,7059.0,100.0,100.0
875,No Match,unmatched,121.99333333333334,8.060666666666666,154.9483,26858.0,100.0,100.0
876,No Match,unmatched,122.145,12.9145,154.9489,44982.0,100.0,100.0
877,No Match,unmatched,122.63,3.593,154.949,72390.0,100.0,100.0
878,No Match,unmatched,126.79,12.501,154.9491,87507.0,100.0,100.0
879,No Match,unmatched,123.85,4.314,154.991,74741.0,100.0,100.0
880,No Match,unmatched,129.805,1.287,155.036,23881.0,100.0,100.0
881,No Match,unmatched,129.56,1.393,155.0557,85053.0,100.0,100.0
882,No Match,unmatched,129.73,1.268,155.0592,74578.0,100.0,100.0
883,No Match,unmatched,128.71,0.527,155.0666,95533.0,100.0,100.0
884,No Match,unmatched,122.16,11.9355,155.9472,40096.0,100.0,100.0
885,No Match,unmatched,121.99,12.377,155.9492,70641.0,100.0,100.0
886,No Match,unmatched,137.355,2.414,156.08249999999998,84574.0,100.0,100.0
887,No Match,unmatched,119.08,10.756,156.9402,92953.0,100.0,100.0
888,No Match,unmatched,119.83,8.313,156.941,71393.0,100.0,100.0
889,No Match,unmatched,119.43,8.163,156.9418,92546.0,100.0,100.0
890,No Match,unmatched,119.34,6.476,156.9419,46818.0,100.0,100.0
891,No Match,unmatched,119.59333333333332,5.326,156.94246666666666,63879.0,100.0,100.0
892,No Match,unmatched,119.348,9.8558,156.94312,25301.0,100.0,100.0
893,No Match,unmatched,119.375,7.73075,156.9425,42646.0,100.0,100.0
894,No Match,unmatched,119.282,7.452,156.94272,26369.0,100.0,100.0
895,No Match,unmatched,119.4375,5.94525,156.9428,21218.0,100.0,100.0
896,No Match,unmatched,119.22,11.392,156.9431,36493.0,100.0,100.0
897,No Match,unmatched,119.24,1.437,156.9433,38217.0,100.0,100.0
898,No Match,unmatched,119.27,9.1054,156.94376,29329.0,100.0,100.0
899,No Match,unmatched,118.43,6.722,156.944,90974.0,100.0,100.0
900,No Match,unmatched,119.31,3.517,156.9453,93363.0,100.0,100.0
901,No Match,unmatched,119.27,2.862,156.9481,88955.0,100.0,100.0
902,No Match,unmatched,129.31,1.633,157.0538,75540.0,100.0,100.0
903,No Match,unmatched,129.26,1.622,157.0574,95903.0,100.0,100.0
904,No Match,unmatched,133.13,2.032,157.0766,35853.0,100.0,100.0
905,No Match,unmatched,133.59,7.469,157.0862,84281.0,100.0,100.0
906,No Match,unmatched,131.315,1.632,158.0618,24220.0,100.0,100.0
907,No Match,unmatched,134.39,1.106,158.0817,69935.0,100.0,100.0
908,No Match,unmatched,133.46,1.55,159.0313,82753.0,100.0,100.0
909,No Match,unmatched,128.85,1.5036,159.03324,14162.0,100.0,100.0
910,No Match,unmatched,132.67,1.582,159.0337,36503.0,100.0,100.0
911,No Match,unmatched,130.5025,3.78775,159.056875,38166.0,100.0,100.0
912,No Match,unmatched,131.76,4.975,159.0571,13017.0,100.0,100.0
913,No Match,unmatched,131.63,4.511,159.0582,64237.0,100.0,100.0
914,No Match,unmatched,136.21,1.91,159.1033,46239.0,100.0,100.0
915,No Match,unmatched,137.69,0.53,159.1142,94764.0,100.0,100.0
916,No Match,unmatched,127.58,4.429,160.0222,51777.0,100.0,100.0
917,No Match,unmatched,127.62,2.047,160.04038333333332,93201.0,100.0,100.0
918,No Match,unmatched,127.17,2.8945,160.0401,44301.0,100.0,100.0
919,No Match,unmatched,126.31,5.341,160.0408,82129.0,100.0,100.0
920,No Match,unmatched,129.09,2.643,160.0419,67187.0,100.0,100.0
921,No Match,unmatched,130.74,5.029,160.0424,83889.0,100.0,100.0
922,No Match,unmatched,128.87,2.227,160.0515,56456.0,100.0,100.0
923,No Match,unmatched,122.7,8.867,160.9567,79094.0,100.0,100.0
924,No Match,unmatched,122.71,4.464,160.957,65525.0,100.0,100.0
925,No Match,unmatched,124.02,11.365,160.9577,37216.0,100.0,100.0
926,No Match,unmatched,140.39,3.501,161.0464,55102.0,100.0,100.0
927,No Match,unmatched,139.575,2.266,161.09725,86203.0,100.0,100.0
928,No Match,unmatched,126.07,1.721,162.002,59190.0,100.0,100.0
929,No Match,unmatched,127.61,7.215,162.018,59701.0,100.0,100.0
930,No Match,unmatched,127.57,1.0500000000000005,162.02057142857143,42426.0,100.0,100.0
931,No Match,unmatched,127.055,2.3265,162.020175,42673.0,100.0,100.0
932,No Match,unmatched,127.8,10.778,162.0193,57054.0,100.0,100.0
933,No Match,unmatched,140.41333333333333,1.2228333333333332,162.0198,15451.0,100.0,100.0
934,No Match,unmatched,131.76,3.094,162.0528,91561.0,100.0,100.0
935,No Match,unmatched,130.16,5.47,162.0562,47083.0,100.0,100.0
936,No Match,unmatched,138.67,2.66075,162.0929,23626.0,100.0,100.0
937,No Match,unmatched,137.7,5.784,162.0926,77550.0,100.0,100.0
938,No Match,unmatched,125.785,1.7625000000000002,163.01024999999998,57005.0,100.0,100.0
939,No Match,unmatched,127.75333333333332,1.3513333333333335,163.02343333333334,42636.0,100.0,100.0
940,No Match,unmatched,129.305,5.4105,163.04065,52036.0,100.0,100.0
941,No Match,unmatched,132.64499999999998,0.749,163.05124999999998,83249.0,100.0,100.0
942,No Match,unmatched,136.79,6.38,163.0791,70703.0,100.0,100.0
943,No Match,unmatched,130.45,2.604,164.0175,82070.0,100.0,100.0
944,No Match,unmatched,128.98333333333332,1.4926666666666668,164.03574999999998,90244.0,100.0,100.0
945,No Match,unmatched,45.47,1.004,164.07,92541.0,100.0,100.0
946,No Match,unmatched,140.23,1.0555,164.07175,2188.0,100.0,100.0
947,No Match,unmatched,140.23,4.685,164.1085,13184.0,100.0,100.0
948,No Match,unmatched,140.59,4.8335,164.1087,52554.0,100.0,100.0
949,No Match,unmatched,140.08499999999998,2.8105,164.10885000000002,11974.0,100.0,100.0
950,No Match,unmatched,126.76666666666668,2.0380000000000003,164.9784,78192.0,100.0,100.0
951,No Match,unmatched,125.46,1.852,165.0189,83036.0,100.0,100.0
952,No Match,unmatched,132.04454545454547,15.487363636363636,165.04113636363638,45442.0,100.0,100.0
953,No Match,unmatched,132.08,12.647,165.0414,36593.0,100.0,100.0
954,No Match,unmatched,131.72,12.632,165.046,90291.0,100.0,100.0
955,No Match,unmatched,132.03,15.359,165.0462,75918.0,100.0,100.0
956,No Match,unmatched,132.76,15.372,165.0534,68416.0,100.0,100.0
957,No Match,unmatched,130.75,6.684,165.0549,90731.0,100.0,100.0
958,No Match,unmatched,132.98,5.19,165.0559,53442.0,100.0,100.0
959,No Match,unmatched,136.54,5.943,165.0561,2690.0,100.0,100.0
960,No Match,unmatched,137.83,1.346,165.057,57455.0,100.0,100.0
961,No Match,unmatched,131.34,6.65,165.0571,37457.0,100.0,100.0
962,No Match,unmatched,131.885,0.5805,165.06645,81973.0,100.0,100.0
963,No Match,unmatched,140.142,1.0314,165.07576,59349.0,100.0,100.0
964,No Match,unmatched,137.85,2.69,165.0931,47172.0,100.0,100.0
965,No Match,unmatched,139.95,7.065,165.1023,85891.0,100.0,100.0
966,No Match,unmatched,140.12,2.931,165.1027,60374.0,100.0,100.0
967,No Match,unmatched,139.15666666666667,5.782,165.10353333333333,67320.0,100.0,100.0
968,No Match,unmatched,140.49,4.994,165.1035,8079.0,100.0,100.0
969,No Match,unmatched,131.5,3.24,166.0349,51554.0,100.0,100.0
970,No Match,unmatched,132.5,2.041333333333333,166.05066666666667,62825.0,100.0,100.0
971,No Match,unmatched,136.52,5.964,166.0595,56616.0,100.0,100.0
972,No Match,unmatched,136.67,5.929,166.0619,88277.0,100.0,100.0
973,No Match,unmatched,136.99,1.67,166.0869,89239.0,100.0,100.0
974,No Match,unmatched,138.19,4.701,166.0876,88417.0,100.0,100.0
975,No Match,unmatched,135.25,2.775,167.0201,41327.0,100.0,100.0
976,No Match,unmatched,126.87,15.46,167.021,42422.0,100.0,100.0
977,No Match,unmatched,126.18,0.528,167.0212,40478.0,100.0,100.0
978,No Match,unmatched,129.625,0.8045,167.0354,17941.0,100.0,100.0
979,No Match,unmatched,129.29,0.787,167.04,93144.0,100.0,100.0
980,No Match,unmatched,131.59,6.961,167.0618,27673.0,100.0,100.0
981,No Match,unmatched,140.78,7.501,167.0717,42797.0,100.0,100.0
982,No Match,unmatched,141.08499999999998,2.7960000000000003,167.10855,28385.0,100.0,100.0
983,No Match,unmatched,124.99,8.333,167.9028,95052.0,100.0,100.0
984,No Match,unmatched,124.79,4.526,167.9051,82095.0,100.0,100.0
985,No Match,unmatched,123.92,6.271,167.9059,91629.0,100.0,100.0
986,No Match,unmatched,120.41,5.537,167.9179,4545.0,100.0,100.0
987,No Match,unmatched,138.21,5.539,167.9186,40054.0,100.0,100.0
988,No Match,unmatched,120.17,13.507,167.9198,83548.0,100.0,100.0
989,No Match,unmatched,139.4025,3.38875,168.103475,83283.0,100.0,100.0
990,No Match,unmatched,120.63,5.517,168.9221,95239.0,100.0,100.0
991,No Match,unmatched,126.8170731707317,11.917585365853656,168.96369268292685,26459.0,100.0,100.0
992,No Match,unmatched,127.03666666666668,10.657333333333334,168.96293333333332,85177.0,100.0,100.0
993,No Match,unmatched,126.74,10.738,168.9655,46082.0,100.0,100.0
994,No Match,unmatched,136.95,8.329,168.9901,52055.0,100.0,100.0
995,No Match,unmatched,130.84,1.7076666666666669,169.04193333333333,42018.0,100.0,100.0
996,No Match,unmatched,135.65,1.934,169.087,42820.0,100.0,100.0
997,No Match,unmatched,120.39,13.483,169.9147,93767.0,100.0,100.0
998,No Match,unmatched,138.17,5.531,169.9161,54975.0,100.0,100.0
999,No Match,unmatched,138.41,5.57,169.9193,88705.0,100.0,100.0
1000,No Match,unmatched,133.14,6.715,170.0614,36129.0,100.0,100.0
1001,No Match,unmatched,139.065,0.914,170.08285,57387.0,100.0,100.0
1002,No Match,unmatched,124.31,11.25,170.9612,95267.0,100.0,100.0
1003,No Match,unmatched,125.27,3.484,170.9855,38563.0,100.0,100.0
1004,No Match,unmatched,134.84,1.522,171.0113,94117.0,100.0,100.0
1005,No Match,unmatched,141.035,2.68,171.10315,73118.0,100.0,100.0
1006,No Match,unmatched,141.21,13.287,171.1035,38949.0,100.0,100.0
1007,No Match,unmatched,120.42,5.55,171.9117,27167.0,100.0,100.0
1008,No Match,unmatched,118.3,3.347,171.9432,52333.0,100.0,100.0
1009,No Match,unmatched,136.66,8.366,171.9979,88923.0,100.0,100.0
1010,No Match,unmatched,136.76,8.328,172.0002,12257.0,100.0,100.0
1011,No Match,unmatched,130.51399999999998,3.1827,172.04076,77097.0,100.0,100.0
1012,No Match,unmatched,130.61285714285714,1.948285714285714,172.04095714285717,36216.0,100.0,100.0
1013,No Match,unmatched,140.98,2.392,172.076,68162.0,100.0,100.0
1014,No Match,unmatched,123.64,12.022,172.9569,74044.0,100.0,100.0
1015,No Match,unmatched,122.94,12.26,172.9593,69071.0,100.0,100.0
1016,No Match,unmatched,103.26,1.268,172.9877,93554.0,100.0,100.0
1017,No Match,unmatched,59.42,1.332,172.9878,92727.0,100.0,100.0
1018,No Match,unmatched,37.475,1.332,172.9892,91589.0,100.0,100.0
1019,No Match,unmatched,135.55,1.284,172.9895,55792.0,100.0,100.0
1020,No Match,unmatched,29.08,1.301,172.9906,79553.0,100.0,100.0
1021,No Match,unmatched,123.61,1.369,172.991,82870.0,100.0,100.0
1022,No Match,unmatched,101.13,1.2995,172.9924,84030.0,100.0,100.0
1023,No Match,unmatched,21.77,1.298,172.9935,84697.0,100.0,100.0
1024,No Match,unmatched,132.465,1.3015,172.9937,69293.0,100.0,100.0
1025,No Match,unmatched,81.61,1.319,172.9948,69941.0,100.0,100.0
1026,No Match,unmatched,95.73,1.326,172.9957,94776.0,100.0,100.0
1027,No Match,unmatched,130.77857142857144,1.662285714285714,173.04758571428573,25677.0,100.0,100.0
1028,No Match,unmatched,130.45,3.901,173.0473,78234.0,100.0,100.0
1029,No Match,unmatched,136.51,0.675,173.0825,10273.0,100.0,100.0
1030,No Match,unmatched,138.67,0.513,173.0935,86992.0,100.0,100.0
1031,No Match,unmatched,142.29,3.839,173.0979,49614.0,100.0,100.0
1032,No Match,unmatched,140.81,2.901,173.1189,63516.0,100.0,100.0
1033,No Match,unmatched,135.006,0.899,174.02374,61321.0,100.0,100.0
1034,No Match,unmatched,129.91,1.4205,174.04385000000002,65883.0,100.0,100.0
1035,No Match,unmatched,130.92,1.725,174.0517,77330.0,100.0,100.0
1036,No Match,unmatched,132.21,3.441,174.0553,14957.0,100.0,100.0
1037,No Match,unmatched,134.305,6.324999999999999,174.0562,86117.0,100.0,100.0
1038,No Match,unmatched,133.5,8.556,174.0565,73729.0,100.0,100.0
1039,No Match,unmatched,135.55,2.13,174.0566,53490.0,100.0,100.0
1040,No Match,unmatched,135.1,1.205,174.0568,63940.0,100.0,100.0
1041,No Match,unmatched,135.07,4.23,174.0569,67015.0,100.0,100.0
1042,No Match,unmatched,135.17000000000002,2.2275,174.0588,88379.0,100.0,100.0
1043,No Match,unmatched,129.905,1.274,174.99025,30637.0,100.0,100.0
1044,No Match,unmatched,129.33499999999998,8.1715,174.9926,51398.0,100.0,100.0
1045,No Match,unmatched,129.25,11.773,174.9929,93354.0,100.0,100.0
1046,No Match,unmatched,129.42,4.634,174.9932,45567.0,100.0,100.0
1047,No Match,unmatched,129.42000000000002,5.936999999999999,174.9934,55603.0,100.0,100.0
1048,No Match,unmatched,129.425,3.3875,174.9935,54649.0,100.0,100.0
1049,No Match,unmatched,129.56,7.855,174.9943,65393.0,100.0,100.0
1050,No Match,unmatched,133.83,6.288,175.0616,94733.0,100.0,100.0
1051,No Match,unmatched,138.64333333333337,5.478000000000001,175.07666666666668,29454.0,100.0,100.0
1052,No Match,unmatched,139.35,3.475,175.0769,31936.0,100.0,100.0
1053,No Match,unmatched,142.23,2.09,175.0978,65995.0,100.0,100.0
1054,No Match,unmatched,131.07999999999998,2.416,176.0175,67979.0,100.0,100.0
1055,No Match,unmatched,133.47,3.294,176.0191,81550.0,100.0,100.0
1056,No Match,unmatched,131.055,1.7645,176.0352,20709.0,100.0,100.0
1057,No Match,unmatched,128.38875000000002,1.2378749999999998,176.0361625,76014.0,100.0,100.0
1058,No Match,unmatched,131.72,2.674,176.0371,79949.0,100.0,100.0
1059,No Match,unmatched,134.46,2.353,176.0373,44413.0,100.0,100.0
1060,No Match,unmatched,139.68,4.329,176.0722,59757.0,100.0,100.0
1061,No Match,unmatched,139.61,7.861,176.0844,88666.0,100.0,100.0
1062,No Match,unmatched,143.07199999999995,6.8088,176.10892,77878.0,100.0,100.0
1063,No Match,unmatched,129.565,1.56,177.0299,77724.0,100.0,100.0
1064,No Match,unmatched,137.70999999999998,3.5905,177.0677,58300.0,100.0,100.0
1065,No Match,unmatched,140.05,3.9945,177.09269999999998,84122.0,100.0,100.0
1066,No Match,unmatched,140.5,8.484,177.0932,68681.0,100.0,100.0
1067,No Match,unmatched,140.37,7.044,177.0935,85240.0,100.0,100.0
1068,No Match,unmatched,140.75,5.795,177.0936,58529.0,100.0,100.0
1069,No Match,unmatched,134.72,0.712,178.0186,92399.0,100.0,100.0
1070,No Match,unmatched,136.91,1.402,178.05190000000002,78152.0,100.0,100.0
1071,No Match,unmatched,138.0,2.808,178.052,72518.0,100.0,100.0
1072,No Match,unmatched,140.23,1.746,178.0872,91658.0,100.0,100.0
1073,No Match,unmatched,136.4,3.842,179.0399,92596.0,100.0,100.0
1074,No Match,unmatched,136.88,6.961,179.0727,83379.0,100.0,100.0
1075,No Match,unmatched,144.21,6.387,179.108,47201.0,100.0,100.0
1076,No Match,unmatched,144.05,6.226,179.1163,65431.0,100.0,100.0
1077,No Match,unmatched,144.09,5.519,179.1188,36922.0,100.0,100.0
1078,No Match,unmatched,133.78,2.01,180.0308,78785.0,100.0,100.0
1079,No Match,unmatched,144.48,2.202,180.1043,58017.0,100.0,100.0
1080,No Match,unmatched,126.55,0.614,181.0149,51343.0,100.0,100.0
1081,No Match,unmatched,131.82,0.647,181.0366,20989.0,100.0,100.0
1082,No Match,unmatched,141.42,4.274,181.037,60617.0,100.0,100.0
1083,No Match,unmatched,136.4,0.65,181.051,66079.0,100.0,100.0
1084,No Match,unmatched,142.29500000000002,0.6,181.0514,8045.0,100.0,100.0
1085,No Match,unmatched,138.265,3.3435,181.05355,61717.0,100.0,100.0
1086,No Match,unmatched,143.73,0.588,181.0697,29245.0,100.0,100.0
1087,No Match,unmatched,132.35,2.658,182.0008,64773.0,100.0,100.0
1088,No Match,unmatched,131.47500000000002,1.6645,182.0463,46357.0,100.0,100.0
1089,No Match,unmatched,131.48,1.823,182.0502,71650.0,100.0,100.0
1090,No Match,unmatched,131.75,11.59,182.9779,95653.0,100.0,100.0
1091,No Match,unmatched,131.61,12.197,182.9788,44451.0,100.0,100.0
1092,No Match,unmatched,130.59,11.584,182.982,95147.0,100.0,100.0
1093,No Match,unmatched,131.52,12.695,182.9821,80188.0,100.0,100.0
1094,No Match,unmatched,128.01,2.173,183.0061,89492.0,100.0,100.0
1095,No Match,unmatched,137.15749999999997,11.93975,183.012775,57057.0,100.0,100.0
1096,No Match,unmatched,137.16333333333333,12.410666666666666,183.0129333333333,25418.0,100.0,100.0
1097,No Match,unmatched,137.14,13.134,183.0137,46682.0,100.0,100.0
1098,No Match,unmatched,131.82,0.784,183.0304,22827.0,100.0,100.0
1099,No Match,unmatched,134.7,5.899,183.0445,66865.0,100.0,100.0
1100,No Match,unmatched,139.52,3.308,183.0455,31022.0,100.0,100.0
1101,No Match,unmatched,138.43,5.876,183.046,33250.0,100.0,100.0
1102,No Match,unmatched,137.43666666666667,1.3513333333333335,183.0667,83304.0,100.0,100.0
1103,No Match,unmatched,144.005,2.066,183.10355,13316.0,100.0,100.0
1104,No Match,unmatched,141.58499999999998,6.428,183.1035,42377.0,100.0,100.0
1105,No Match,unmatched,143.42,2.829,183.1037,67427.0,100.0,100.0
1106,No Match,unmatched,136.81,1.555,184.04455,74118.0,100.0,100.0
1107,No Match,unmatched,141.04000000000002,4.582,184.07715,70385.0,100.0,100.0
1108,No Match,unmatched,104.88,2.016,184.0962,95870.0,100.0,100.0
1109,No Match,unmatched,97.62,2.131,184.0977,90751.0,100.0,100.0
1110,No Match,unmatched,144.225,1.9645,184.09885,6760.0,100.0,100.0
1111,No Match,unmatched,115.9,12.425,184.9877,84179.0,100.0,100.0
1112,No Match,unmatched,130.845,1.215,184.9928,83501.0,100.0,100.0
1113,No Match,unmatched,138.54,2.481,185.0283,16871.0,100.0,100.0
1114,No Match,unmatched,136.225,2.644,185.0373,37912.0,100.0,100.0
1115,No Match,unmatched,144.14,2.018333333333333,185.10173333333333,55294.0,100.0,100.0
1116,No Match,unmatched,144.87,3.211,185.1186,16963.0,100.0,100.0
1117,No Match,unmatched,137.095,3.5,186.0565,13089.0,100.0,100.0
1118,No Match,unmatched,144.94,3.105,186.0933,72771.0,100.0,100.0
1119,No Match,unmatched,116.94,2.391,187.0038,38140.0,100.0,100.0
1120,No Match,unmatched,29.55,2.348,187.0044,78141.0,100.0,100.0
1121,No Match,unmatched,119.695,2.5445,187.0054,81948.0,100.0,100.0
1122,No Match,unmatched,26.59,2.389,187.0055,74990.0,100.0,100.0
1123,No Match,unmatched,120.63,2.426,187.0057,47974.0,100.0,100.0
1124,No Match,unmatched,37.355,2.386,187.006,51250.0,100.0,100.0
1125,No Match,unmatched,144.37,2.39175,187.0066,58008.0,100.0,100.0
1126,No Match,unmatched,62.02,2.371,187.0075,69857.0,100.0,100.0
1127,No Match,unmatched,69.325,2.387,187.0081,30736.0,100.0,100.0
1128,No Match,unmatched,90.45666666666666,2.328,187.0086,79109.0,100.0,100.0
1129,No Match,unmatched,66.64999999999999,2.3875,187.0088,58087.0,100.0,100.0
1130,No Match,unmatched,138.895,2.3925,187.0092,84063.0,100.0,100.0
1131,No Match,unmatched,4.58,2.4,187.0094,76359.0,100.0,100.0
1132,No Match,unmatched,103.7475,2.39275,187.01,95373.0,100.0,100.0
1133,No Match,unmatched,49.64,2.3835,187.0101,46689.0,100.0,100.0
1134,No Match,unmatched,91.46999999999998,2.389666666666667,187.01020000000003,62680.0,100.0,100.0
1135,No Match,unmatched,39.35,2.43,187.0105,87922.0,100.0,100.0
1136,No Match,unmatched,79.09,2.394,187.0106,44433.0,100.0,100.0
1137,No Match,unmatched,36.65,2.339,187.0117,88200.0,100.0,100.0
1138,No Match,unmatched,125.58,2.388,187.016,74452.0,100.0,100.0
1139,No Match,unmatched,79.13,2.378,187.0163,76316.0,100.0,100.0
1140,No Match,unmatched,104.1,2.327,187.023,94139.0,100.0,100.0
1141,No Match,unmatched,134.28,9.428,187.0417,95270.0,100.0,100.0
1142,No Match,unmatched,134.23,3.176,187.0524,60436.0,100.0,100.0
1143,No Match,unmatched,142.42,6.867,187.0753,93293.0,100.0,100.0
1144,No Match,unmatched,137.25,2.395,187.0918,16539.0,100.0,100.0
1145,No Match,unmatched,140.675,0.8995,187.098,73969.0,100.0,100.0
1146,No Match,unmatched,142.64,0.518,187.1109,82428.0,100.0,100.0
1147,No Match,unmatched,137.13,2.398,187.1196,52380.0,100.0,100.0
1148,No Match,unmatched,42.94,2.399,188.007,95823.0,100.0,100.0
1149,No Match,unmatched,132.6,3.596,188.0341,51411.0,100.0,100.0
1150,No Match,unmatched,139.95,1.682,188.0389,76503.0,100.0,100.0
1151,No Match,unmatched,81.4,0.513,188.0421,93432.0,100.0,100.0
1152,No Match,unmatched,78.53,0.628,188.045,94874.0,100.0,100.0
1153,No Match,unmatched,140.64,0.628,188.0457,76523.0,100.0,100.0
1154,No Match,unmatched,80.69,0.641,188.0464,76522.0,100.0,100.0
1155,No Match,unmatched,103.48,0.595,188.0475,80368.0,100.0,100.0
1156,No Match,unmatched,141.44,0.589,188.0484,34541.0,100.0,100.0
1157,No Match,unmatched,17.82,0.64,188.0487,76772.0,100.0,100.0
1158,No Match,unmatched,20.35,0.618,188.0488,93056.0,100.0,100.0
1159,No Match,unmatched,138.77,2.59,188.0718,44929.0,100.0,100.0
1160,No Match,unmatched,139.19,9.051,188.0726,56695.0,100.0,100.0
1161,No Match,unmatched,131.46,7.565,188.9372,89865.0,100.0,100.0
1162,No Match,unmatched,131.58,3.13,188.9384,51434.0,100.0,100.0
1163,No Match,unmatched,131.52,4.332,188.9393,50612.0,100.0,100.0
1164,No Match,unmatched,131.52499999999998,1.8995,188.9399,45990.0,100.0,100.0
1165,No Match,unmatched,131.66,5.172,188.9421,96023.0,100.0,100.0
1166,No Match,unmatched,126.96333333333332,0.5916666666666667,188.98426666666668,71152.0,100.0,100.0
1167,No Match,unmatched,141.74,0.584,188.9848,94516.0,100.0,100.0
1168,No Match,unmatched,15.45,0.564,188.985,75069.0,100.0,100.0
1169,No Match,unmatched,132.635,0.5805,188.9851,18089.0,100.0,100.0
1170,No Match,unmatched,63.9,0.609,188.9853,62377.0,100.0,100.0
1171,No Match,unmatched,142.035,0.5945,188.9856,46926.0,100.0,100.0
1172,No Match,unmatched,115.14,0.56,188.9861,55652.0,100.0,100.0
1173,No Match,unmatched,130.71666666666667,0.718,188.9865,51958.0,100.0,100.0
1174,No Match,unmatched,88.486,0.639,188.9867,74239.0,100.0,100.0
1175,No Match,unmatched,129.62,1.008,188.9868,49420.0,100.0,100.0
1176,No Match,unmatched,137.87,0.7355,188.9869,22757.0,100.0,100.0
1177,No Match,unmatched,38.03,0.563,188.9877,76140.0,100.0,100.0
1178,No Match,unmatched,19.94,0.602,188.9883,94839.0,100.0,100.0
1179,No Match,unmatched,95.15,0.5825,188.9887,90896.0,100.0,100.0
1180,No Match,unmatched,72.975,0.552,188.9888,55826.0,100.0,100.0
1181,No Match,unmatched,79.75,0.612,188.9889,83764.0,100.0,100.0
1182,No Match,unmatched,69.18,0.589,188.989,94265.0,100.0,100.0
1183,No Match,unmatched,124.63,0.589,188.9891,81032.0,100.0,100.0
1184,No Match,unmatched,23.81,0.577,188.9894,93074.0,100.0,100.0
1185,No Match,unmatched,49.31,0.573,188.9896,79264.0,100.0,100.0
1186,No Match,unmatched,142.59,0.587,188.9897,75943.0,100.0,100.0
1187,No Match,unmatched,37.57,0.571,188.9915,88151.0,100.0,100.0
1188,No Match,unmatched,124.265,2.28025,188.9959,50628.0,100.0,100.0
1189,No Match,unmatched,123.97,2.221,189.0039,95712.0,100.0,100.0
1190,No Match,unmatched,136.2,9.517,189.055,90094.0,100.0,100.0
1191,No Match,unmatched,137.875,5.53,189.0661,90626.0,100.0,100.0
1192,No Match,unmatched,138.00689655172414,2.292586206896552,189.0678,60601.0,100.0,100.0
1193,No Match,unmatched,129.97,1.039,189.0706,36021.0,100.0,100.0
1194,No Match,unmatched,134.97,0.588,189.0714,30134.0,100.0,100.0
1195,No Match,unmatched,137.13,2.333,189.076,88394.0,100.0,100.0
1196,No Match,unmatched,145.84,8.513,189.0908,81512.0,100.0,100.0
1197,No Match,unmatched,143.98600000000002,6.998400000000001,189.09288,60522.0,100.0,100.0
1198,No Match,unmatched,145.96666666666667,3.896333333333333,189.0919666666667,40825.0,100.0,100.0
1199,No Match,unmatched,143.86,6.458,189.0963,85979.0,100.0,100.0
1200,No Match,unmatched,134.73,0.59,189.1021,65689.0,100.0,100.0
1201,No Match,unmatched,132.24,6.191,189.9797,95686.0,100.0,100.0
1202,No Match,unmatched,130.03333333333333,0.8983333333333334,189.98963333333333,55459.0,100.0,100.0
1203,No Match,unmatched,136.38,1.766,190.0006,59979.0,100.0,100.0
1204,No Match,unmatched,140.05,2.732,190.0517,83829.0,100.0,100.0
1205,No Match,unmatched,136.3,2.078,190.0519,87172.0,100.0,100.0
1206,No Match,unmatched,137.8875,1.5870000000000002,190.070625,56992.0,100.0,100.0
1207,No Match,unmatched,137.94,1.415,190.0736,88754.0,100.0,100.0
1208,No Match,unmatched,143.98,4.982,190.0867,82010.0,100.0,100.0
1209,No Match,unmatched,142.45,2.475,190.0901,93682.0,100.0,100.0
1210,No Match,unmatched,130.04999999999998,0.9113333333333332,190.98486666666668,24682.0,100.0,100.0
1211,No Match,unmatched,135.87,0.562,190.9841,81301.0,100.0,100.0
1212,No Match,unmatched,122.88,2.663,190.9914,75492.0,100.0,100.0
1213,No Match,unmatched,130.22,0.828,190.9943,94473.0,100.0,100.0
1214,No Match,unmatched,135.66,5.098,191.0181,7875.0,100.0,100.0
1215,No Match,unmatched,127.96,0.881,191.0199,84150.0,100.0,100.0
1216,No Match,unmatched,135.33,5.151,191.0205,90867.0,100.0,100.0
1217,No Match,unmatched,134.866,2.101,191.04772000000003,41273.0,100.0,100.0
1218,No Match,unmatched,135.49,5.103,191.057,70583.0,100.0,100.0
1219,No Match,unmatched,142.03,7.209,191.0578,74787.0,100.0,100.0
1220,No Match,unmatched,141.49,5.433,191.071,55276.0,100.0,100.0
1221,No Match,unmatched,135.85,0.649,192.03185,25261.0,100.0,100.0
1222,No Match,unmatched,138.86,1.026,192.0663,88725.0,100.0,100.0
1223,No Match,unmatched,142.82,1.627,192.0666,40148.0,100.0,100.0
1224,No Match,unmatched,144.24,5.573,192.0668,17988.0,100.0,100.0
1225,No Match,unmatched,142.63,1.599,192.0688,51652.0,100.0,100.0
1226,No Match,unmatched,146.04,2.594,192.1034,60138.0,100.0,100.0
1227,No Match,unmatched,145.85,7.944,192.11,87397.0,100.0,100.0
1228,No Match,unmatched,146.44,7.884,192.11535,14283.0,100.0,100.0
1229,No Match,unmatched,122.09,0.551,192.943,86019.0,100.0,100.0
1230,No Match,unmatched,140.83,2.819,193.0336,25445.0,100.0,100.0
1231,No Match,unmatched,138.5625,1.831,193.063175,95200.0,100.0,100.0
1232,No Match,unmatched,141.99,6.481,193.0671,72563.0,100.0,100.0
1233,No Match,unmatched,143.06,5.462,193.0839,94230.0,100.0,100.0
1234,No Match,unmatched,144.215,3.69625,193.0875,41353.0,100.0,100.0
1235,No Match,unmatched,146.3825,7.20775,193.08765,83100.0,100.0,100.0
1236,No Match,unmatched,143.15,14.903,193.0878,42744.0,100.0,100.0
1237,No Match,unmatched,146.82,2.152,193.0883,62809.0,100.0,100.0
1238,No Match,unmatched,125.13,3.43,193.9611,86012.0,100.0,100.0
1239,No Match,unmatched,132.02499999999998,7.484999999999999,193.9731,76092.0,100.0,100.0
1240,No Match,unmatched,137.75,0.545,193.9969,60718.0,100.0,100.0
1241,No Match,unmatched,138.14,2.674,194.0451,54359.0,100.0,100.0
1242,No Match,unmatched,140.13,2.035,194.0487,92130.0,100.0,100.0
1243,No Match,unmatched,142.8,0.647,194.05,64039.0,100.0,100.0
1244,No Match,unmatched,138.15,7.578,194.0627,24717.0,100.0,100.0
1245,No Match,unmatched,141.0,1.723,194.0687,67006.0,100.0,100.0
1246,No Match,unmatched,142.54000000000002,9.505,194.08305,45698.0,100.0,100.0
1247,No Match,unmatched,142.6,2.26,194.0835,52458.0,100.0,100.0
1248,No Match,unmatched,142.49,9.558,194.0852,40994.0,100.0,100.0
1249,No Match,unmatched,124.02857142857144,4.282857142857143,194.9065,92849.0,100.0,100.0
1250,No Match,unmatched,123.975,5.8045,194.9067,51074.0,100.0,100.0
1251,No Match,unmatched,123.775,6.365500000000001,194.9059,53660.0,100.0,100.0
1252,No Match,unmatched,123.7,5.14,194.9151,91422.0,100.0,100.0
1253,No Match,unmatched,133.64,1.704,195.0492,90978.0,100.0,100.0
1254,No Match,unmatched,133.37,0.5509999999999999,195.05205,29156.0,100.0,100.0
1255,No Match,unmatched,138.24,0.693,195.064,33453.0,100.0,100.0
1256,No Match,unmatched,145.61,2.934,195.1018,46841.0,100.0,100.0
1257,No Match,unmatched,145.02,3.768,195.1021,29123.0,100.0,100.0
1258,No Match,unmatched,134.015,3.9035,195.1033,41769.0,100.0,100.0
1259,No Match,unmatched,122.16666666666669,4.299333333333333,195.105,91375.0,100.0,100.0
1260,No Match,unmatched,145.25,3.689,195.1046,52843.0,100.0,100.0
1261,No Match,unmatched,144.92,2.836,195.105,93477.0,100.0,100.0
1262,No Match,unmatched,124.89,3.424,195.9598,61199.0,100.0,100.0
1263,No Match,unmatched,138.35,1.681,196.0107,40914.0,100.0,100.0
1264,No Match,unmatched,140.79,0.6505,196.062,63625.0,100.0,100.0
1265,No Match,unmatched,132.54500000000002,0.605,196.99505,94678.0,100.0,100.0
1266,No Match,unmatched,135.82000000000002,2.2593333333333336,196.99536666666668,44112.0,100.0,100.0
1267,No Match,unmatched,144.48,12.057,197.0319,91710.0,100.0,100.0
1268,No Match,unmatched,135.875,2.64,197.0363,37243.0,100.0,100.0
1269,No Match,unmatched,138.57,1.218,197.0452,42678.0,100.0,100.0
1270,No Match,unmatched,138.0,1.201,197.0475,66408.0,100.0,100.0
1271,No Match,unmatched,146.23,7.033,197.0611,23389.0,100.0,100.0
1272,No Match,unmatched,147.66500000000002,4.5435,197.1179,11924.0,100.0,100.0
1273,No Match,unmatched,147.36,5.648000000000001,197.1186,21233.0,100.0,100.0
1274,No Match,unmatched,136.24,2.481,198.0445,78163.0,100.0,100.0
1275,No Match,unmatched,114.34,0.502,198.0736,95219.0,100.0,100.0
1276,No Match,unmatched,144.33,0.612,198.0746,68402.0,100.0,100.0
1277,No Match,unmatched,138.95,6.636,199.0034,42113.0,100.0,100.0
1278,No Match,unmatched,140.27550000000002,8.62495,199.00661499999995,50292.0,100.0,100.0
1279,No Match,unmatched,138.78,4.51,199.0049,67743.0,100.0,100.0
1280,No Match,unmatched,140.71,3.348,199.0058,23313.0,100.0,100.0
1281,No Match,unmatched,140.32,6.804,199.0059,12511.0,100.0,100.0
1282,No Match,unmatched,135.7276923076923,7.356230769230769,199.00692692307692,9421.0,100.0,100.0
1283,No Match,unmatched,140.26714285714286,4.497285714285714,199.0073,13469.0,100.0,100.0
1284,No Match,unmatched,84.32,5.562,199.0079,95213.0,100.0,100.0
1285,No Match,unmatched,108.295,7.895,199.008,95931.0,100.0,100.0
1286,No Match,unmatched,140.33499999999998,6.651999999999999,199.0081,89050.0,100.0,100.0
1287,No Match,unmatched,107.77,9.311,199.0084,93438.0,100.0,100.0
1288,No Match,unmatched,20.01,5.719,199.0089,94060.0,100.0,100.0
1289,No Match,unmatched,20.8,6.347,199.0092,94882.0,100.0,100.0
1290,No Match,unmatched,21.33,4.283,199.0115,92023.0,100.0,100.0
1291,No Match,unmatched,20.01,9.013,199.0122,82957.0,100.0,100.0
1292,No Match,unmatched,141.56,7.199,199.013,35447.0,100.0,100.0
1293,No Match,unmatched,138.86,3.282,199.0137,58164.0,100.0,100.0
1294,No Match,unmatched,142.69,0.525,199.0471,48903.0,100.0,100.0
1295,No Match,unmatched,138.46,2.612,199.0521,94634.0,100.0,100.0
1296,No Match,unmatched,146.7,0.819,199.06095,28864.0,100.0,100.0
1297,No Match,unmatched,144.0,1.295,199.0987,72887.0,100.0,100.0
1298,No Match,unmatched,147.6,0.541,199.1087,16317.0,100.0,100.0
1299,No Match,unmatched,140.1,10.649,200.0086,60259.0,100.0,100.0
1300,No Match,unmatched,140.32333333333335,4.082000000000001,200.01040000000003,67389.0,100.0,100.0
1301,No Match,unmatched,140.3,9.530399999999998,200.01037,71632.0,100.0,100.0
1302,No Match,unmatched,140.615,10.6995,200.0099,25329.0,100.0,100.0
1303,No Match,unmatched,140.41,1.7345000000000002,200.01105,23877.0,100.0,100.0
1304,No Match,unmatched,140.18,7.0455,200.011,75836.0,100.0,100.0
1305,No Match,unmatched,140.3,8.179,200.0112,28323.0,100.0,100.0
1306,No Match,unmatched,140.27,6.42,200.012,32959.0,100.0,100.0
1307,No Match,unmatched,139.83,9.481,200.0129,63704.0,100.0,100.0
1308,No Match,unmatched,144.48,4.197,200.074,91092.0,100.0,100.0
1309,No Match,unmatched,135.53,8.822,200.9472,91723.0,100.0,100.0
1310,No Match,unmatched,129.77,12.535,200.9506,67751.0,100.0,100.0
1311,No Match,unmatched,137.25923076923075,4.939615384615384,200.9865615384616,83899.0,100.0,100.0
1312,No Match,unmatched,137.334,2.1382000000000003,200.9871,22151.0,100.0,100.0
1313,No Match,unmatched,137.38,8.1645,200.9865,96025.0,100.0,100.0
1314,No Match,unmatched,137.3425,5.234,200.9866,61095.0,100.0,100.0
1315,No Match,unmatched,137.19333333333336,7.698333333333333,200.9869,33063.0,100.0,100.0
1316,No Match,unmatched,137.32888888888886,3.706333333333333,200.9872222222222,79056.0,100.0,100.0
1317,No Match,unmatched,137.32,7.359,200.9882,39484.0,100.0,100.0
1318,No Match,unmatched,137.37,4.305,200.9904,83163.0,100.0,100.0
1319,No Match,unmatched,136.77,2.108,200.9974,87539.0,100.0,100.0
1320,No Match,unmatched,118.12,4.664,200.9975,6438.0,100.0,100.0
1321,No Match,unmatched,140.14,5.907,201.003,93607.0,100.0,100.0
1322,No Match,unmatched,140.11,3.731,201.0052,92572.0,100.0,100.0
1323,No Match,unmatched,140.02,10.983,201.0053,89161.0,100.0,100.0
1324,No Match,unmatched,140.38,6.941999999999999,201.0253727272727,46773.0,100.0,100.0
1325,No Match,unmatched,140.53222222222223,6.783333333333332,201.026,30984.0,100.0,100.0
1326,No Match,unmatched,146.80999999999997,5.742,201.0248,73485.0,100.0,100.0
1327,No Match,unmatched,140.66666666666666,5.670333333333333,201.025,10931.0,100.0,100.0
1328,No Match,unmatched,140.4592857142857,5.130321428571428,201.0257821428572,66033.0,100.0,100.0
1329,No Match,unmatched,140.40249999999995,5.874750000000001,201.0252,26436.0,100.0,100.0
1330,No Match,unmatched,140.56333333333336,7.305499999999999,201.025725,10929.0,100.0,100.0
1331,No Match,unmatched,140.40833333333333,6.260000000000001,201.0255,19343.0,100.0,100.0
1332,No Match,unmatched,140.37714285714287,8.906,201.0257,15648.0,100.0,100.0
1333,No Match,unmatched,140.48111111111112,3.436666666666666,201.02614444444447,22061.0,100.0,100.0
1334,No Match,unmatched,135.81,2.325,201.044,58123.0,100.0,100.0
1335,No Match,unmatched,142.90333333333334,1.5086666666666666,201.06733333333327,29694.0,100.0,100.0
1336,No Match,unmatched,142.89,1.623,201.0709,94086.0,100.0,100.0
1337,No Match,unmatched,144.37,7.922,201.1133,36098.0,100.0,100.0
1338,No Match,unmatched,144.05,1.107,201.11435,28221.0,100.0,100.0
1339,No Match,unmatched,144.4,1.824,201.1136,4766.0,100.0,100.0
1340,No Match,unmatched,140.29,1.294,202.0222,36824.0,100.0,100.0
1341,No Match,unmatched,140.37,1.014,202.0267,45817.0,100.0,100.0
1342,No Match,unmatched,140.44,0.939,202.0294,42233.0,100.0,100.0
1343,No Match,unmatched,140.99,3.665,202.0316,90039.0,100.0,100.0
1344,No Match,unmatched,143.68,0.5465,202.04885,7882.0,100.0,100.0
1345,No Match,unmatched,145.57333333333332,3.8096666666666663,202.0517,95963.0,100.0,100.0
1346,No Match,unmatched,143.15333333333334,3.827666666666667,202.0517,6245.0,100.0,100.0
1347,No Match,unmatched,146.70333333333335,1.0156666666666665,202.0547,80579.0,100.0,100.0
1348,No Match,unmatched,146.155,1.903,202.0542,44029.0,100.0,100.0
1349,No Match,unmatched,141.275,2.18,202.0629,14982.0,100.0,100.0
1350,No Match,unmatched,142.36,5.176,202.0644,74440.0,100.0,100.0
1351,No Match,unmatched,127.01,11.617,202.9451,93179.0,100.0,100.0
1352,No Match,unmatched,127.41,12.806,202.9461,74270.0,100.0,100.0
1353,No Match,unmatched,134.754,1.7117999999999998,202.98702,54968.0,100.0,100.0
1354,No Match,unmatched,134.73,6.215,202.9865,59244.0,100.0,100.0
1355,No Match,unmatched,134.775,2.8835,202.9874,49236.0,100.0,100.0
1356,No Match,unmatched,134.57,10.717,202.9874,92969.0,100.0,100.0
1357,No Match,unmatched,134.66,8.302,202.9878,42663.0,100.0,100.0
1358,No Match,unmatched,134.86666666666667,5.6626666666666665,202.98846666666668,40351.0,100.0,100.0
1359,No Match,unmatched,134.84,5.661,202.9883,40179.0,100.0,100.0
1360,No Match,unmatched,134.7,6.233333333333334,202.9889,74020.0,100.0,100.0
1361,No Match,unmatched,134.68,1.976,202.9892,63329.0,100.0,100.0
1362,No Match,unmatched,134.63,7.745,202.9895,69959.0,100.0,100.0
1363,No Match,unmatched,134.52,11.824,202.9899,94597.0,100.0,100.0
1364,No Match,unmatched,140.97,0.789,203.0003,92527.0,100.0,100.0
1365,No Match,unmatched,136.53,1.997,203.0017333333333,44871.0,100.0,100.0
1366,No Match,unmatched,136.34333333333333,1.4986666666666666,203.00263333333336,48900.0,100.0,100.0
1367,No Match,unmatched,142.84,2.072,203.0042,93621.0,100.0,100.0
1368,No Match,unmatched,140.43,0.589,203.0237,49593.0,100.0,100.0
1369,No Match,unmatched,143.08999999999995,3.7725,203.0549,83876.0,100.0,100.0
1370,No Match,unmatched,136.22,1.669,203.0558,68234.0,100.0,100.0
1371,No Match,unmatched,147.53,2.687,203.0674,81267.0,100.0,100.0
1372,No Match,unmatched,139.99,12.766,203.068,74691.0,100.0,100.0
1373,No Match,unmatched,141.4,2.511,203.0695,64634.0,100.0,100.0
1374,No Match,unmatched,147.52,2.487,203.0699,45829.0,100.0,100.0
1375,No Match,unmatched,147.48,2.819,203.0822,80737.0,100.0,100.0
1376,No Match,unmatched,146.565,5.744,203.0831,50380.0,100.0,100.0
1377,No Match,unmatched,123.066,1.6388000000000005,203.0828,45048.0,100.0,100.0
1378,No Match,unmatched,137.03,2.073,203.0895,23689.0,100.0,100.0
1379,No Match,unmatched,141.01,0.66,203.094,43174.0,100.0,100.0
1380,No Match,unmatched,145.07,0.996,203.0967,87111.0,100.0,100.0
1381,No Match,unmatched,148.741,7.416199999999999,203.1085,51285.0,100.0,100.0
1382,No Match,unmatched,146.55,7.301,203.1135,96063.0,100.0,100.0
1383,No Match,unmatched,136.4933333333333,1.6446666666666667,204.0064333333333,25331.0,100.0,100.0
1384,No Match,unmatched,137.14,2.754,204.0134,73740.0,100.0,100.0
1385,No Match,unmatched,143.93800000000002,0.7016,204.03466,61190.0,100.0,100.0
1386,No Match,unmatched,146.27,5.682,204.0671,86542.0,100.0,100.0
1387,No Match,unmatched,144.18,1.625,204.0672,49453.0,100.0,100.0
1388,No Match,unmatched,143.53,1.677,204.0862,60047.0,100.0,100.0
1389,No Match,unmatched,146.58,5.637,204.1023,56841.0,100.0,100.0
1390,No Match,unmatched,148.91,7.874,204.1155,49490.0,100.0,100.0
1391,No Match,unmatched,134.81,0.562,204.9824,40870.0,100.0,100.0
1392,No Match,unmatched,136.40666666666667,1.72,205.00126666666665,46013.0,100.0,100.0
1393,No Match,unmatched,99.5,1.76,205.0457,91900.0,100.0,100.0
1394,No Match,unmatched,144.64,4.383,205.0841,94710.0,100.0,100.0
1395,No Match,unmatched,146.01666666666668,7.111666666666667,205.08683333333337,88861.0,100.0,100.0
1396,No Match,unmatched,147.565,2.1325000000000003,205.1089,56627.0,100.0,100.0
1397,No Match,unmatched,133.59,1.354,206.05,24488.0,100.0,100.0
1398,No Match,unmatched,145.755,2.04,206.079,34811.0,100.0,100.0
1399,No Match,unmatched,145.5,1.959,206.0815,79577.0,100.0,100.0
1400,No Match,unmatched,135.79,2.887,206.9533,7641.0,100.0,100.0
1401,No Match,unmatched,141.99375,15.495375,206.9975,51045.0,100.0,100.0
1402,No Match,unmatched,19.95,2.942,207.0101,93412.0,100.0,100.0
1403,No Match,unmatched,142.5,2.872,207.0127,4240.0,100.0,100.0
1404,No Match,unmatched,144.38666666666666,1.713,207.0604333333333,6934.0,100.0,100.0
1405,No Match,unmatched,147.83,3.318,207.0661,69129.0,100.0,100.0
1406,No Match,unmatched,143.11,8.421,207.0667,87432.0,100.0,100.0
1407,No Match,unmatched,143.615,8.3585,207.06975,72946.0,100.0,100.0
1408,No Match,unmatched,147.84,3.288,207.0703,91218.0,100.0,100.0
1409,No Match,unmatched,146.31,5.82,207.0704,58324.0,100.0,100.0
1410,No Match,unmatched,143.41,13.01,207.1008,57591.0,100.0,100.0
1411,No Match,unmatched,148.47,7.836,207.1014,74143.0,100.0,100.0
1412,No Match,unmatched,149.11,6.4,207.1017,87036.0,100.0,100.0
1413,No Match,unmatched,149.58,9.542,207.1039,34179.0,100.0,100.0
1414,No Match,unmatched,135.45,1.67125,207.981475,80939.0,100.0,100.0
1415,No Match,unmatched,138.07,5.725,207.99,17716.0,100.0,100.0
1416,No Match,unmatched,142.05,1.7725,208.01125,21615.0,100.0,100.0
1417,No Match,unmatched,141.67,1.856,208.0136,89508.0,100.0,100.0
1418,No Match,unmatched,144.34,2.955,208.0162,82442.0,100.0,100.0
1419,No Match,unmatched,140.225,1.842,208.06225,32113.0,100.0,100.0
1420,No Match,unmatched,148.27,1.3496666666666666,208.06496666666663,36580.0,100.0,100.0
1421,No Match,unmatched,143.13666666666666,9.077666666666666,208.07870000000003,9199.0,100.0,100.0
1422,No Match,unmatched,142.83,8.996,208.0862,91119.0,100.0,100.0
1423,No Match,unmatched,149.75,8.746,208.0976,81924.0,100.0,100.0
1424,No Match,unmatched,149.59666666666666,7.121666666666667,208.0986,60340.0,100.0,100.0
1425,No Match,unmatched,147.35,10.611,208.0983,40237.0,100.0,100.0
1426,No Match,unmatched,149.65,5.434,208.1041,80860.0,100.0,100.0
1427,No Match,unmatched,139.53333333333333,13.536666666666669,208.97696666666664,82282.0,100.0,100.0
1428,No Match,unmatched,143.91333333333333,3.437,209.04926666666665,24904.0,100.0,100.0
1429,No Match,unmatched,143.01,6.461,209.0612,68670.0,100.0,100.0
1430,No Match,unmatched,148.98,10.501,209.0706,95120.0,100.0,100.0
1431,No Match,unmatched,142.31,0.93,209.0803,13098.0,100.0,100.0
1432,No Match,unmatched,144.805,2.839,209.0811,32084.0,100.0,100.0
1433,No Match,unmatched,145.59,1.587,209.0816,88041.0,100.0,100.0
1434,No Match,unmatched,147.59,5.42,209.084,78591.0,100.0,100.0
1435,No Match,unmatched,146.6,1.395,209.0928,69716.0,100.0,100.0
1436,No Match,unmatched,146.9,9.768,209.118,84329.0,100.0,100.0
1437,No Match,unmatched,127.81,4.971,209.9561,41833.0,100.0,100.0
1438,No Match,unmatched,135.85,1.728,209.9794,86443.0,100.0,100.0
1439,No Match,unmatched,144.07,2.607,210.0534,45576.0,100.0,100.0
1440,No Match,unmatched,141.98,0.895,210.0837,86106.0,100.0,100.0
1441,No Match,unmatched,150.17,7.958,210.1145,20424.0,100.0,100.0
1442,No Match,unmatched,130.39,5.912,210.9143,80356.0,100.0,100.0
1443,No Match,unmatched,138.7,10.845,210.9727,79460.0,100.0,100.0
1444,No Match,unmatched,148.56,2.817,211.044,4294.0,100.0,100.0
1445,No Match,unmatched,140.6,9.472,211.0523,95503.0,100.0,100.0
1446,No Match,unmatched,56.64,7.51,211.0607,78227.0,100.0,100.0
1447,No Match,unmatched,149.67999999999998,7.663,211.0624666666667,61450.0,100.0,100.0
1448,No Match,unmatched,147.98,7.891,211.0691,84759.0,100.0,100.0
1449,No Match,unmatched,55.98,7.476,211.0756,92041.0,100.0,100.0
1450,No Match,unmatched,148.39,7.395,211.0881,49804.0,100.0,100.0
1451,No Match,unmatched,146.88,3.994,211.0982,80449.0,100.0,100.0
1452,No Match,unmatched,150.37,7.483,211.1171,77240.0,100.0,100.0
1453,No Match,unmatched,127.73,4.979,211.9552,57438.0,100.0,100.0
1454,No Match,unmatched,46.33,1.861,211.9974,84883.0,100.0,100.0
1455,No Match,unmatched,145.99,1.831,211.9995,73198.0,100.0,100.0
1456,No Match,unmatched,14.145,1.7295,211.9996,92273.0,100.0,100.0
1457,No Match,unmatched,11.17,1.56,212.0001,80127.0,100.0,100.0
1458,No Match,unmatched,79.67,1.744,212.0002,71513.0,100.0,100.0
1459,No Match,unmatched,61.24,1.9726666666666668,212.0003,94794.0,100.0,100.0
1460,No Match,unmatched,140.485,1.7065,212.0004,69965.0,100.0,100.0
1461,No Match,unmatched,128.29833333333332,1.838833333333333,212.0006,72257.0,100.0,100.0
1462,No Match,unmatched,106.49777777777778,1.7984444444444443,212.0009,24126.0,100.0,100.0
1463,No Match,unmatched,149.2475,1.72525,212.0012,29918.0,100.0,100.0
1464,No Match,unmatched,112.8,1.5581999999999998,212.0013,59871.0,100.0,100.0
1465,No Match,unmatched,75.032,1.449,212.0017,3870.0,100.0,100.0
1466,No Match,unmatched,101.18999999999998,1.804428571428572,212.002,93146.0,100.0,100.0
1467,No Match,unmatched,137.73666666666668,1.8535,212.003,45671.0,100.0,100.0
1468,No Match,unmatched,136.32999999999998,1.7197777777777778,212.00334444444445,66604.0,100.0,100.0
1469,No Match,unmatched,114.6125,1.664,212.0038,27768.0,100.0,100.0
1470,No Match,unmatched,122.704,1.598,212.0041,38114.0,100.0,100.0
1471,No Match,unmatched,87.7325,1.55975,212.0044,46136.0,100.0,100.0
1472,No Match,unmatched,25.41,1.666,212.0045,29974.0,100.0,100.0
1473,No Match,unmatched,127.84,2.124,212.0052,65307.0,100.0,100.0
1474,No Match,unmatched,121.255,1.679,212.0053,62154.0,100.0,100.0
1475,No Match,unmatched,143.45833333333334,1.6131666666666666,212.0054,89174.0,100.0,100.0
1476,No Match,unmatched,3.99,1.946,212.0055,87422.0,100.0,100.0
1477,No Match,unmatched,106.62333333333332,1.6770000000000005,212.0056,88403.0,100.0,100.0
1478,No Match,unmatched,77.42,1.63,212.0062,56268.0,100.0,100.0
1479,No Match,unmatched,79.49,1.561,212.0063,63391.0,100.0,100.0
1480,No Match,unmatched,81.42,2.472,212.0066,93634.0,100.0,100.0
1481,No Match,unmatched,111.24,1.936,212.0072,90563.0,100.0,100.0
1482,No Match,unmatched,18.9,1.49,212.0073,86091.0,100.0,100.0
1483,No Match,unmatched,33.49,1.488,212.0097,94041.0,100.0,100.0
1484,No Match,unmatched,96.49,1.567,212.0117,84100.0,100.0,100.0
1485,No Match,unmatched,25.42,1.642,212.0154,59154.0,100.0,100.0
1486,No Match,unmatched,86.01,1.679,212.0158,82347.0,100.0,100.0
1487,No Match,unmatched,138.15,1.987,212.0163,95885.0,100.0,100.0
1488,No Match,unmatched,25.37,1.75,212.025,66054.0,100.0,100.0
1489,No Match,unmatched,150.52,7.488,212.066,93970.0,100.0,100.0
1490,No Match,unmatched,144.81,1.556,212.0676,68698.0,100.0,100.0
1491,No Match,unmatched,146.79,4.218,212.0717,65169.0,100.0,100.0
1492,No Match,unmatched,148.0,5.915,212.0731,83368.0,100.0,100.0
1493,No Match,unmatched,144.72,1.143,212.0767,92928.0,100.0,100.0
1494,No Match,unmatched,145.4,5.189,212.0834,18943.0,100.0,100.0
1495,No Match,unmatched,144.13,1.7134999999999998,212.0925,35711.0,100.0,100.0
1496,No Match,unmatched,139.03,2.478,212.0932,20403.0,100.0,100.0
1497,No Match,unmatched,138.92,2.488,212.1072,80290.0,100.0,100.0
1498,No Match,unmatched,143.94,1.828,212.1085,48863.0,100.0,100.0
1499,No Match,unmatched,130.35,5.906,212.9084,93683.0,100.0,100.0
1500,No Match,unmatched,147.39,7.828,213.0556,81386.0,100.0,100.0
1501,No Match,unmatched,138.71857142857144,2.9555714285714285,213.05728571428568,55484.0,100.0,100.0
1502,No Match,unmatched,150.74,12.139,213.0563,88422.0,100.0,100.0
1503,No Match,unmatched,136.66,1.667,213.0616,72727.0,100.0,100.0
1504,No Match,unmatched,146.73,7.376,213.0631,85933.0,100.0,100.0
1505,No Match,unmatched,147.055,9.3505,213.0674,15345.0,100.0,100.0
1506,No Match,unmatched,146.64333333333337,6.985666666666667,213.06713333333332,18186.0,100.0,100.0
1507,No Match,unmatched,136.42,1.751,213.0729,92801.0,100.0,100.0
1508,No Match,unmatched,148.09,1.919,213.1135,26314.0,100.0,100.0
1509,No Match,unmatched,149.145,2.837,213.114,48915.0,100.0,100.0
1510,No Match,unmatched,140.14,2.323,213.9664,81009.0,100.0,100.0
1511,No Match,unmatched,144.47333333333333,1.3216666666666663,213.9999666666667,56629.0,100.0,100.0
1512,No Match,unmatched,138.38,2.56,214.0032,75577.0,100.0,100.0
1513,No Match,unmatched,144.62,1.615,214.0036,67499.0,100.0,100.0
1514,No Match,unmatched,142.004,13.993199999999998,214.04938,21313.0,100.0,100.0
1515,No Match,unmatched,144.79,8.7455,214.05125,45189.0,100.0,100.0
1516,No Match,unmatched,149.68,3.606,214.0541,92815.0,100.0,100.0
1517,No Match,unmatched,144.85375,0.6391249999999999,214.077075,24410.0,100.0,100.0
1518,No Match,unmatched,148.08499999999998,4.7665,214.07815,80395.0,100.0,100.0
1519,No Match,unmatched,149.33,7.08,214.0869,44295.0,100.0,100.0
1520,No Match,unmatched,147.86,5.567,214.0888,63622.0,100.0,100.0
1521,No Match,unmatched,140.77,8.927,215.0017,18229.0,100.0,100.0
1522,No Match,unmatched,140.6266666666667,7.828333333333333,215.0025666666667,24382.0,100.0,100.0
1523,No Match,unmatched,140.12,4.8823333333333325,215.00307777777775,20616.0,100.0,100.0
1524,No Match,unmatched,140.505,5.6645,215.003375,11927.0,100.0,100.0
1525,No Match,unmatched,140.60750000000002,6.6355,215.0031,21201.0,100.0,100.0
1526,No Match,unmatched,140.59666666666666,5.732333333333333,215.0032,16178.0,100.0,100.0
1527,No Match,unmatched,140.18,8.516,215.0039,72948.0,100.0,100.0
1528,No Match,unmatched,131.54,2.528,215.0117,70252.0,100.0,100.0
1529,No Match,unmatched,140.1,4.406,215.0427,89071.0,100.0,100.0
1530,No Match,unmatched,144.672,0.6354,215.07382,6437.0,100.0,100.0
1531,No Match,unmatched,144.84,9.672,215.0861,25970.0,100.0,100.0
1532,No Match,unmatched,144.67,0.686,215.0892,64898.0,100.0,100.0
1533,No Match,unmatched,138.7,4.176,216.0289,95547.0,100.0,100.0
1534,No Match,unmatched,150.2,1.093,216.0353,46661.0,100.0,100.0
1535,No Match,unmatched,140.84,0.6205,216.057225,15324.0,100.0,100.0
1536,No Match,unmatched,144.965,0.6205,216.07745,31924.0,100.0,100.0
1537,No Match,unmatched,142.14,9.814176470588237,217.0019882352941,45353.0,100.0,100.0
1538,No Match,unmatched,142.23142857142855,8.344999999999999,217.0010571428572,67904.0,100.0,100.0
1539,No Match,unmatched,141.77499999999998,6.932,216.9999,47000.0,100.0,100.0
1540,No Match,unmatched,142.142,5.823,217.00082,33582.0,100.0,100.0
1541,No Match,unmatched,141.6,7.542,217.0,27469.0,100.0,100.0
1542,No Match,unmatched,142.60000000000002,8.368500000000001,217.00075,28305.0,100.0,100.0
1543,No Match,unmatched,142.26913043478262,6.7418260869565225,217.0022478260869,38646.0,100.0,100.0
1544,No Match,unmatched,142.32,5.339,217.0008,12635.0,100.0,100.0
1545,No Match,unmatched,141.99,9.903,217.0011,11268.0,100.0,100.0
1546,No Match,unmatched,142.11499999999998,4.35,217.00327142857145,11790.0,100.0,100.0
1547,No Match,unmatched,141.9525,8.13475,217.003625,28738.0,100.0,100.0
1548,No Match,unmatched,142.99,2.605,217.0164,8320.0,100.0,100.0
1549,No Match,unmatched,145.66,1.652,217.0171,57645.0,100.0,100.0
1550,No Match,unmatched,142.2,12.392,217.0482,76438.0,100.0,100.0
1551,No Match,unmatched,140.84,0.6096,217.05308,44422.0,100.0,100.0
1552,No Match,unmatched,145.065,2.269,217.0621,53541.0,100.0,100.0
1553,No Match,unmatched,146.03,7.591,217.0664,45381.0,100.0,100.0
1554,No Match,unmatched,143.3,0.793,217.0728,89737.0,100.0,100.0
1555,No Match,unmatched,145.05,12.49,217.0847,13086.0,100.0,100.0
1556,No Match,unmatched,145.55,10.341,217.0852,77693.0,100.0,100.0
1557,No Match,unmatched,140.79,0.508,217.0856,88833.0,100.0,100.0
1558,No Match,unmatched,149.87,5.758,217.0867,88933.0,100.0,100.0
1559,No Match,unmatched,145.51,0.802,217.108,13697.0,100.0,100.0
1560,No Match,unmatched,134.075,8.682500000000001,217.93535000000003,35197.0,100.0,100.0
1561,No Match,unmatched,134.03,1.038,217.9766,87309.0,100.0,100.0
1562,No Match,unmatched,142.25333333333333,0.871,218.00676666666664,74064.0,100.0,100.0
1563,No Match,unmatched,142.39,11.681,218.0055,65271.0,100.0,100.0
1564,No Match,unmatched,142.22500000000002,6.775,218.0065,35132.0,100.0,100.0
1565,No Match,unmatched,142.26,5.297,218.0067,34774.0,100.0,100.0
1566,No Match,unmatched,142.03,9.691,218.007,53112.0,100.0,100.0
1567,No Match,unmatched,142.24,6.6775,218.0075,34123.0,100.0,100.0
1568,No Match,unmatched,142.18,2.716,218.0073,71834.0,100.0,100.0
1569,No Match,unmatched,142.11,3.564,218.0074,50166.0,100.0,100.0
1570,No Match,unmatched,142.45,4.551,218.0075,71407.0,100.0,100.0
1571,No Match,unmatched,142.35,7.346,218.0086,67464.0,100.0,100.0
1572,No Match,unmatched,141.91,9.023,218.0116,90632.0,100.0,100.0
1573,No Match,unmatched,143.24,2.574,218.0205,52082.0,100.0,100.0
1574,No Match,unmatched,145.97500000000002,0.5765,218.0217,65089.0,100.0,100.0
1575,No Match,unmatched,144.39,7.926,218.0278,20097.0,100.0,100.0
1576,No Match,unmatched,146.41,0.886,218.0491,31795.0,100.0,100.0
1577,No Match,unmatched,140.82,0.564,218.0581,64868.0,100.0,100.0
1578,No Match,unmatched,151.155,7.8485,218.0945,89081.0,100.0,100.0
1579,No Match,unmatched,147.07,0.612,218.1039,39340.0,100.0,100.0
1580,No Match,unmatched,144.55,2.915,218.9792,33781.0,100.0,100.0
1581,No Match,unmatched,151.04,10.421,218.9864,1844.0,100.0,100.0
1582,No Match,unmatched,142.63,9.472,218.992,72976.0,100.0,100.0
1583,No Match,unmatched,140.19833333333335,0.9265,218.9973833333333,35985.0,100.0,100.0
1584,No Match,unmatched,136.15499999999997,1.2715,218.99785,52698.0,100.0,100.0
1585,No Match,unmatched,145.26,5.91,219.0223,50854.0,100.0,100.0
1586,No Match,unmatched,142.42,12.024,219.0642,82973.0,100.0,100.0
1587,No Match,unmatched,148.04,3.831,219.0679,82876.0,100.0,100.0
1588,No Match,unmatched,146.91666666666666,12.935333333333334,219.09976666666668,41781.0,100.0,100.0
1589,No Match,unmatched,150.45,5.597,219.1024,78970.0,100.0,100.0
1590,No Match,unmatched,149.77999999999997,8.268,219.1028,76474.0,100.0,100.0
1591,No Match,unmatched,150.27,6.145,219.1057,58804.0,100.0,100.0
1592,No Match,unmatched,133.88,8.666,219.9302,56745.0,100.0,100.0
1593,No Match,unmatched,133.93,8.696,219.9337,94739.0,100.0,100.0
1594,No Match,unmatched,143.16,2.01,220.0556,63482.0,100.0,100.0
1595,No Match,unmatched,145.8175,1.8695,220.06135,71681.0,100.0,100.0
1596,No Match,unmatched,139.91,2.492,220.0653,87737.0,100.0,100.0
1597,No Match,unmatched,149.32,1.739,220.0663,57337.0,100.0,100.0
1598,No Match,unmatched,144.88,9.422,220.0735,76647.0,100.0,100.0
1599,No Match,unmatched,141.03,0.752,221.0513,63019.0,100.0,100.0
1600,No Match,unmatched,150.15,3.971,221.0787,65770.0,100.0,100.0
1601,No Match,unmatched,148.66666666666666,7.131333333333333,221.0829,29980.0,100.0,100.0
1602,No Match,unmatched,144.18,0.505,221.0903,29151.0,100.0,100.0
1603,No Match,unmatched,148.38,0.624,221.1038,82985.0,100.0,100.0
1604,No Match,unmatched,147.97,13.165,221.1163,44213.0,100.0,100.0
1605,No Match,unmatched,131.61666666666667,6.949666666666666,221.95643333333336,1311.0,100.0,100.0
1606,No Match,unmatched,132.18,4.471,221.9561,31991.0,100.0,100.0
1607,No Match,unmatched,133.06,3.67,221.9762,82459.0,100.0,100.0
1608,No Match,unmatched,150.19250000000002,1.0865,222.031475,50051.0,100.0,100.0
1609,No Match,unmatched,131.64,6.931,222.0472,41288.0,100.0,100.0
1610,No Match,unmatched,152.47,2.375833333333333,222.08101666666667,67509.0,100.0,100.0
1611,No Match,unmatched,152.38,9.521,222.0891,76084.0,100.0,100.0
1612,No Match,unmatched,146.76999999999998,10.25,222.09385,3433.0,100.0,100.0
1613,No Match,unmatched,135.72,2.683,222.9482,61006.0,100.0,100.0
1614,No Match,unmatched,142.64,9.5,223.0006,10254.0,100.0,100.0
1615,No Match,unmatched,150.91,10.419,223.0005,19156.0,100.0,100.0
1616,No Match,unmatched,117.98,4.676,223.0037,88770.0,100.0,100.0
1617,No Match,unmatched,145.535,3.8465,223.00715,3097.0,100.0,100.0
1618,No Match,unmatched,152.5866666666667,14.1692,223.02888,2804.0,100.0,100.0
1619,No Match,unmatched,150.73,5.661,223.0292,28121.0,100.0,100.0
1620,No Match,unmatched,150.8275,12.154,223.0293,80727.0,100.0,100.0
1621,No Match,unmatched,150.7,9.119,223.0299,67381.0,100.0,100.0
1622,No Match,unmatched,150.76,11.271,223.03,62126.0,100.0,100.0
1623,No Match,unmatched,148.37,1.12,223.0617,48315.0,100.0,100.0
1624,No Match,unmatched,142.99,0.61075,223.0653,60376.0,100.0,100.0
1625,No Match,unmatched,146.99,2.328,223.0656,90153.0,100.0,100.0
1626,No Match,unmatched,148.09,4.23,223.0658,44398.0,100.0,100.0
1627,No Match,unmatched,148.15,10.402,223.0913,94091.0,100.0,100.0
1628,No Match,unmatched,146.13,1.837,223.0947,17237.0,100.0,100.0
1629,No Match,unmatched,150.63,15.288,223.0963,69120.0,100.0,100.0
1630,No Match,unmatched,150.6,2.663,223.0969,37127.0,100.0,100.0
1631,No Match,unmatched,152.11,8.582,223.0977,36722.0,100.0,100.0
1632,No Match,unmatched,151.09,1.476,223.1007,86501.0,100.0,100.0
1633,No Match,unmatched,152.46,6.962,223.1032,91655.0,100.0,100.0
1634,No Match,unmatched,131.61,7.095,223.9539,16221.0,100.0,100.0
1635,No Match,unmatched,131.44,6.935,224.0457,65811.0,100.0,100.0
1636,No Match,unmatched,149.16,2.228,224.0582,89093.0,100.0,100.0
1637,No Match,unmatched,149.0176923076923,11.865307692307692,225.0084153846154,76308.0,100.0,100.0
1638,No Match,unmatched,147.21200000000002,11.9362,225.00756,40289.0,100.0,100.0
1639,No Match,unmatched,145.0,15.995,225.0074,36288.0,100.0,100.0
1640,No Match,unmatched,148.08,7.260333333333333,225.00835000000004,75553.0,100.0,100.0
1641,No Match,unmatched,145.32,15.367,225.0077,39806.0,100.0,100.0
1642,No Match,unmatched,147.8525,11.3185,225.0085,18081.0,100.0,100.0
1643,No Match,unmatched,148.72500000000002,4.797,225.0087,34776.0,100.0,100.0
1644,No Match,unmatched,151.06,9.008,225.0258,77985.0,100.0,100.0
1645,No Match,unmatched,150.68,10.14,225.0507,71799.0,100.0,100.0
1646,No Match,unmatched,145.68,0.945,225.0538,91831.0,100.0,100.0
1647,No Match,unmatched,145.79,3.048,225.062,43422.0,100.0,100.0
1648,No Match,unmatched,146.83,1.6966666666666663,225.065,1431.0,100.0,100.0
1649,No Match,unmatched,152.64,1.682,225.0676,76069.0,100.0,100.0
1650,No Match,unmatched,149.585,3.8335,225.06815,87716.0,100.0,100.0
1651,No Match,unmatched,148.85,7.568,225.0683,58031.0,100.0,100.0
1652,No Match,unmatched,149.57,1.012,225.0776,3621.0,100.0,100.0
1653,No Match,unmatched,149.28,3.075,225.0787,94314.0,100.0,100.0
1654,No Match,unmatched,152.525,0.5515,225.09955,35690.0,100.0,100.0
1655,No Match,unmatched,152.95,1.705,225.1003,84153.0,100.0,100.0
1656,No Match,unmatched,151.99,0.695,225.102,95741.0,100.0,100.0
1657,No Match,unmatched,151.51,1.4545,225.113,21842.0,100.0,100.0
1658,No Match,unmatched,145.3,3.654,226.0175,3834.0,100.0,100.0
1659,No Match,unmatched,150.54,2.949,226.0192,93520.0,100.0,100.0
1660,No Match,unmatched,150.53,15.679,226.0344,89310.0,100.0,100.0
1661,No Match,unmatched,145.59,3.97,226.0561,95352.0,100.0,100.0
1662,No Match,unmatched,146.925,1.6075,226.068,19012.0,100.0,100.0
1663,No Match,unmatched,149.37,1.028,226.0812,64066.0,100.0,100.0
1664,No Match,unmatched,151.08,5.19,226.1,45469.0,100.0,100.0
1665,No Match,unmatched,150.82,15.865,227.0254,30472.0,100.0,100.0
1666,No Match,unmatched,149.07,9.74,227.0373,83729.0,100.0,100.0
1667,No Match,unmatched,149.91636363636366,3.405545454545455,227.03946363636368,28917.0,100.0,100.0
1668,No Match,unmatched,148.74,7.4335,227.0393,24981.0,100.0,100.0
1669,No Match,unmatched,148.89999999999998,7.985,227.0394,75911.0,100.0,100.0
1670,No Match,unmatched,148.85,9.131,227.0395,85989.0,100.0,100.0
1671,No Match,unmatched,148.96,6.883,227.0405,74729.0,100.0,100.0
1672,No Match,unmatched,151.59,0.513,227.0545,76006.0,100.0,100.0
1673,No Match,unmatched,148.34,1.012,227.0548,79502.0,100.0,100.0
1674,No Match,unmatched,142.96333333333334,3.1976666666666667,227.0744666666667,33707.0,100.0,100.0
1675,No Match,unmatched,149.97,4.77,227.0751,42353.0,100.0,100.0
1676,No Match,unmatched,143.19,3.29,227.0775,78233.0,100.0,100.0
1677,No Match,unmatched,149.25,1.646,227.0915,96020.0,100.0,100.0
1678,No Match,unmatched,148.57,0.761,227.0926,76793.0,100.0,100.0
1679,No Match,unmatched,152.88,6.884,227.1104,94583.0,100.0,100.0
1680,No Match,unmatched,143.50142857142856,1.2055714285714283,227.99712857142865,5271.0,100.0,100.0
1681,No Match,unmatched,141.88,0.955,227.998,40996.0,100.0,100.0
1682,No Match,unmatched,144.54,1.131,228.0007,57265.0,100.0,100.0
1683,No Match,unmatched,144.65,4.092,228.0125,35856.0,100.0,100.0
1684,No Match,unmatched,150.5,1.6995,228.03495,15813.0,100.0,100.0
1685,No Match,unmatched,144.74,3.972,228.081,31774.0,100.0,100.0
1686,No Match,unmatched,142.75,2.276,229.0216,86365.0,100.0,100.0
1687,No Match,unmatched,141.59666666666666,2.333333333333333,229.0372,21914.0,100.0,100.0
1688,No Match,unmatched,151.51,0.506,229.0695,6289.0,100.0,100.0
1689,No Match,unmatched,149.036,12.502199999999998,229.08486,84881.0,100.0,100.0
1690,No Match,unmatched,148.76,11.953,229.08555,16948.0,100.0,100.0
1691,No Match,unmatched,149.02,11.173,229.0856,30958.0,100.0,100.0
1692,No Match,unmatched,149.035,0.9645,229.09046666666663,64583.0,100.0,100.0
1693,No Match,unmatched,152.19,7.834,229.0975,94775.0,100.0,100.0
1694,No Match,unmatched,148.77,0.989,229.1048,77932.0,100.0,100.0
1695,No Match,unmatched,148.49,1.036,229.1076,21287.0,100.0,100.0
1696,No Match,unmatched,151.44,3.081,229.1091,71075.0,100.0,100.0
1697,No Match,unmatched,147.725,2.0605,229.1092,69794.0,100.0,100.0
1698,No Match,unmatched,130.48,7.962,229.9203,76507.0,100.0,100.0
1699,No Match,unmatched,143.21,1.6861666666666666,229.9590333333333,5141.0,100.0,100.0
1700,No Match,unmatched,148.53,2.716,230.0133,35242.0,100.0,100.0
1701,No Match,unmatched,148.31,1.582,230.0491,56568.0,100.0,100.0
1702,No Match,unmatched,151.49,7.738,230.0699,76089.0,100.0,100.0
1703,No Match,unmatched,146.71,0.855,230.0717,74125.0,100.0,100.0
1704,No Match,unmatched,149.06,13.09,230.0889,95364.0,100.0,100.0
1705,No Match,unmatched,143.24,1.771,230.962,31631.0,100.0,100.0
1706,No Match,unmatched,121.9,3.8845,230.9871,79319.0,100.0,100.0
1707,No Match,unmatched,143.41,1.752,230.9948,87595.0,100.0,100.0
1708,No Match,unmatched,148.3833333333333,1.9645,230.99778333333333,70708.0,100.0,100.0
1709,No Match,unmatched,142.77,1.756,230.9993,61652.0,100.0,100.0
1710,No Match,unmatched,146.9,12.041,231.0642,18290.0,100.0,100.0
1711,No Match,unmatched,145.9,0.82075,231.068825,45572.0,100.0,100.0
1712,No Match,unmatched,150.10500000000002,5.122,231.07775,25742.0,100.0,100.0
1713,No Match,unmatched,149.05,1.959,231.0887,33623.0,100.0,100.0
1714,No Match,unmatched,150.1,13.962,231.1001,50631.0,100.0,100.0
1715,No Match,unmatched,150.185,12.8075,231.1015,33488.0,100.0,100.0
1716,No Match,unmatched,152.005,7.151,231.1042,67377.0,100.0,100.0
1717,No Match,unmatched,143.245,1.773,231.9566,27773.0,100.0,100.0
1718,No Match,unmatched,135.86,4.822,231.9707,69609.0,100.0,100.0
1719,No Match,unmatched,148.43,1.89475,232.00080000000003,35098.0,100.0,100.0
1720,No Match,unmatched,151.64,2.7915,232.02975,4684.0,100.0,100.0
1721,No Match,unmatched,147.68,2.98,232.0564,65064.0,100.0,100.0
1722,No Match,unmatched,152.33,2.53,232.0655,21111.0,100.0,100.0
1723,No Match,unmatched,148.25,1.783,232.9932,71125.0,100.0,100.0
1724,No Match,unmatched,151.15,3.063,232.996,58830.0,100.0,100.0
1725,No Match,unmatched,148.66,1.901,232.9971,69805.0,100.0,100.0
1726,No Match,unmatched,144.00799999999998,2.4224,233.01198,94375.0,100.0,100.0
1727,No Match,unmatched,149.55,5.732,233.0742,83009.0,100.0,100.0
1728,No Match,unmatched,153.42,1.304,233.0796,50114.0,100.0,100.0
1729,No Match,unmatched,153.48,6.27,233.0826,95716.0,100.0,100.0
1730,No Match,unmatched,149.95999999999998,1.6135000000000002,233.10485,89669.0,100.0,100.0
1731,No Match,unmatched,151.55,8.743,233.116,42652.0,100.0,100.0
1732,No Match,unmatched,151.71,12.483,233.1163,19529.0,100.0,100.0
1733,No Match,unmatched,151.74333333333334,13.31,233.1167,36482.0,100.0,100.0
1734,No Match,unmatched,144.03,1.97,233.9835,86745.0,100.0,100.0
1735,No Match,unmatched,150.35000000000002,2.5546666666666664,234.07036666666667,82943.0,100.0,100.0
1736,No Match,unmatched,146.235,3.949,234.08085,16467.0,100.0,100.0
1737,No Match,unmatched,154.63,2.692,234.081,45071.0,100.0,100.0
1738,No Match,unmatched,145.78400000000002,1.2984000000000002,234.9742,36277.0,100.0,100.0
1739,No Match,unmatched,143.84,1.047,234.978,81504.0,100.0,100.0
1740,No Match,unmatched,150.15,2.289,235.064,27686.0,100.0,100.0
1741,No Match,unmatched,152.51,3.714,235.0648,39631.0,100.0,100.0
1742,No Match,unmatched,150.085,1.746,235.0662,27989.0,100.0,100.0
1743,No Match,unmatched,151.66,3.729,235.0694,91170.0,100.0,100.0
1744,No Match,unmatched,151.13,0.6415,235.11935,4446.0,100.0,100.0
1745,No Match,unmatched,124.49,5.843,235.9482,80465.0,100.0,100.0
1746,No Match,unmatched,138.86,7.093,235.9731,79899.0,100.0,100.0
1747,No Match,unmatched,150.7,4.763,236.0717,34172.0,100.0,100.0
1748,No Match,unmatched,145.005,3.7935,236.0962,85697.0,100.0,100.0
1749,No Match,unmatched,154.61,7.751,236.0975,47054.0,100.0,100.0
1750,No Match,unmatched,67.11,3.865,236.0982,93484.0,100.0,100.0
1751,No Match,unmatched,153.62,2.418,236.0984,92213.0,100.0,100.0
1752,No Match,unmatched,112.46,3.8095,236.099,91356.0,100.0,100.0
1753,No Match,unmatched,38.06,3.769,236.0988,89909.0,100.0,100.0
1754,No Match,unmatched,150.83999999999995,11.339,236.10995000000003,21280.0,100.0,100.0
1755,No Match,unmatched,146.06,10.605,236.1101,47011.0,100.0,100.0
1756,No Match,unmatched,148.82,11.3,236.114,96019.0,100.0,100.0
1757,No Match,unmatched,129.89,3.86,236.9125,67568.0,100.0,100.0
1758,No Match,unmatched,129.7676923076923,1.915153846153846,236.9156615384615,82473.0,100.0,100.0
1759,No Match,unmatched,129.68142857142857,2.741857142857143,236.9157,59206.0,100.0,100.0
1760,No Match,unmatched,130.23,7.872,236.915,89490.0,100.0,100.0
1761,No Match,unmatched,129.91,3.986,236.9156,74148.0,100.0,100.0
1762,No Match,unmatched,129.53,4.015,236.9191,72037.0,100.0,100.0
1763,No Match,unmatched,147.1,1.528,236.9709,68466.0,100.0,100.0
1764,No Match,unmatched,143.61,0.733,236.9899,85052.0,100.0,100.0
1765,No Match,unmatched,143.35000000000002,0.6539999999999999,237.0446,18423.0,100.0,100.0
1766,No Match,unmatched,148.62,0.614,237.0462,87474.0,100.0,100.0
1767,No Match,unmatched,148.59,0.509,237.051,34868.0,100.0,100.0
1768,No Match,unmatched,141.74,5.766,237.0692,95831.0,100.0,100.0
1769,No Match,unmatched,153.22666666666666,3.027,237.07977777777776,3339.0,100.0,100.0
1770,No Match,unmatched,151.59,2.3125,237.0811,50526.0,100.0,100.0
1771,No Match,unmatched,155.32,10.663,237.1147,83675.0,100.0,100.0
1772,No Match,unmatched,137.88,7.103,237.9706,79380.0,100.0,100.0
1773,No Match,unmatched,143.39,0.583,238.0257,24695.0,100.0,100.0
1774,No Match,unmatched,145.81,2.5125,238.0373,58991.0,100.0,100.0
1775,No Match,unmatched,146.07,2.537,238.0411,75087.0,100.0,100.0
1776,No Match,unmatched,152.12,7.426,238.0785,86489.0,100.0,100.0
1777,No Match,unmatched,126.435,1.6555,238.91265,56232.0,100.0,100.0
1778,No Match,unmatched,126.36,3.047,238.9126,95693.0,100.0,100.0
1779,No Match,unmatched,126.41,4.045,238.9132,59224.0,100.0,100.0
1780,No Match,unmatched,152.95333333333335,7.829666666666667,239.024,41321.0,100.0,100.0
1781,No Match,unmatched,153.04,13.0305,239.0248,78710.0,100.0,100.0
1782,No Match,unmatched,153.2,9.239,239.0265,78658.0,100.0,100.0
1783,No Match,unmatched,151.032,15.3944,239.05972000000003,67693.0,100.0,100.0
1784,No Match,unmatched,144.81,0.642,239.0591,7282.0,100.0,100.0
1785,No Match,unmatched,149.92000000000002,7.1512,239.06862,9022.0,100.0,100.0
1786,No Match,unmatched,153.73,3.615,239.0824,67338.0,100.0,100.0
1787,No Match,unmatched,153.96,7.5245,239.08365,13223.0,100.0,100.0
1788,No Match,unmatched,116.82,3.976,239.0855,76953.0,100.0,100.0
1789,No Match,unmatched,152.32,4.067,239.0865,95207.0,100.0,100.0
1790,No Match,unmatched,28.63,4.052,239.0882,83285.0,100.0,100.0
1791,No Match,unmatched,87.92,3.998,239.0885,85903.0,100.0,100.0
1792,No Match,unmatched,31.295,4.0005,239.0895,52222.0,100.0,100.0
1793,No Match,unmatched,30.17,4.013,239.0899,70127.0,100.0,100.0
1794,No Match,unmatched,153.16,3.963,239.0904,74557.0,100.0,100.0
1795,No Match,unmatched,148.38,4.018000000000001,239.0906,89425.0,100.0,100.0
1796,No Match,unmatched,115.41,4.009,239.0911,51850.0,100.0,100.0
1797,No Match,unmatched,138.54,4.05,239.0918,70228.0,100.0,100.0
1798,No Match,unmatched,147.48333333333332,4.003666666666667,239.0927333333333,64285.0,100.0,100.0
1799,No Match,unmatched,48.51,3.998,239.0932,52732.0,100.0,100.0
1800,No Match,unmatched,136.72,3.999,239.0937,61128.0,100.0,100.0
1801,No Match,unmatched,72.525,3.9875,239.0939,77139.0,100.0,100.0
1802,No Match,unmatched,26.57,4.013,239.094,69945.0,100.0,100.0
1803,No Match,unmatched,81.71,3.961,239.0944,78034.0,100.0,100.0
1804,No Match,unmatched,41.82,3.979,239.0947,35089.0,100.0,100.0
1805,No Match,unmatched,127.165,4.0005,239.0951,72977.0,100.0,100.0
1806,No Match,unmatched,52.27,4.011,239.0958,62109.0,100.0,100.0
1807,No Match,unmatched,27.755000000000003,3.992,239.0959,93474.0,100.0,100.0
1808,No Match,unmatched,47.58,4.008,239.0962,66002.0,100.0,100.0
1809,No Match,unmatched,24.48,4.001,239.0983,79305.0,100.0,100.0
1810,No Match,unmatched,141.44,3.942,239.1048,95050.0,100.0,100.0
1811,No Match,unmatched,41.54,3.997,239.1149,60243.0,100.0,100.0
1812,No Match,unmatched,134.82,3.548,239.9508,94653.0,100.0,100.0
1813,No Match,unmatched,154.61,7.425,240.0889,93499.0,100.0,100.0
1814,No Match,unmatched,153.07,1.944,240.0951,87969.0,100.0,100.0
1815,No Match,unmatched,22.97,4.007,240.0988,94214.0,100.0,100.0
1816,No Match,unmatched,41.54,3.979,240.1003,95395.0,100.0,100.0
1817,No Match,unmatched,146.93,1.891,240.9807,55682.0,100.0,100.0
1818,No Match,unmatched,148.39,0.906,241.0203,86782.0,100.0,100.0
1819,No Match,unmatched,143.976,0.718,241.02192,89015.0,100.0,100.0
1820,No Match,unmatched,144.49166666666667,0.7428333333333333,241.0222,89015.0,100.0,100.0
1821,No Match,unmatched,148.4433333333333,1.6623333333333334,241.0393,31673.0,100.0,100.0
1822,No Match,unmatched,152.17,4.381,241.0421,78132.0,100.0,100.0
1823,No Match,unmatched,149.25,0.637,241.0711,67032.0,100.0,100.0
1824,No Match,unmatched,152.52666666666664,3.3996666666666666,241.0755,74994.0,100.0,100.0
1825,No Match,unmatched,138.595,9.525,241.07505,94547.0,100.0,100.0
1826,No Match,unmatched,152.95,12.123,241.0851,47257.0,100.0,100.0
1827,No Match,unmatched,155.02,4.696,241.0956,95817.0,100.0,100.0
1828,No Match,unmatched,152.84333333333333,1.0396666666666663,241.1092,30298.0,100.0,100.0
1829,No Match,unmatched,143.295,1.283125,241.9763875,60459.0,100.0,100.0
1830,No Match,unmatched,156.1933333333333,1.7733333333333334,242.04966666666667,48129.0,100.0,100.0
1831,No Match,unmatched,153.465,0.613,242.08155,54275.0,100.0,100.0
1832,No Match,unmatched,153.36,14.019,242.0808,35750.0,100.0,100.0
1833,No Match,unmatched,153.92,14.889,242.081,83952.0,100.0,100.0
1834,No Match,unmatched,152.44,1.69,243.0351,56149.0,100.0,100.0
1835,No Match,unmatched,152.38,1.764,243.0376,28053.0,100.0,100.0
1836,No Match,unmatched,155.9,1.691,243.0542,81979.0,100.0,100.0
1837,No Match,unmatched,150.08,1.18,243.0545,72116.0,100.0,100.0
1838,No Match,unmatched,148.81,0.525,243.0634,11600.0,100.0,100.0
1839,No Match,unmatched,149.55,9.796,243.0643,78688.0,100.0,100.0
1840,No Match,unmatched,151.23,6.858,243.0666,93210.0,100.0,100.0
1841,No Match,unmatched,152.58,4.607,243.0681,64702.0,100.0,100.0
1842,No Match,unmatched,155.55,2.875,243.078,17378.0,100.0,100.0
1843,No Match,unmatched,153.6966666666667,13.386666666666663,243.1006333333333,51126.0,100.0,100.0
1844,No Match,unmatched,153.77,12.493,243.1007,8849.0,100.0,100.0
1845,No Match,unmatched,152.5,0.529,243.1046,36705.0,100.0,100.0
1846,No Match,unmatched,153.25,11.807,243.118,28088.0,100.0,100.0
1847,No Match,unmatched,146.19,2.655,243.9777,46399.0,100.0,100.0
1848,No Match,unmatched,146.425,1.5255,243.9931,37348.0,100.0,100.0
1849,No Match,unmatched,148.89,0.679,244.0294,53617.0,100.0,100.0
1850,No Match,unmatched,154.13,2.3505000000000003,244.06535,15875.0,100.0,100.0
1851,No Match,unmatched,154.98,10.412,244.0676,62208.0,100.0,100.0
1852,No Match,unmatched,151.76,9.809,244.0715,34564.0,100.0,100.0
1853,No Match,unmatched,152.04,10.329,244.0727,75349.0,100.0,100.0
1854,No Match,unmatched,150.00500000000002,1.7555,244.08885000000004,52102.0,100.0,100.0
1855,No Match,unmatched,153.595,13.0735,244.10445,93710.0,100.0,100.0
1856,No Match,unmatched,136.9,6.333,244.9085,42225.0,100.0,100.0
1857,No Match,unmatched,147.39499999999998,1.033,244.99765,89374.0,100.0,100.0
1858,No Match,unmatched,152.74,1.786,245.0259,83874.0,100.0,100.0
1859,No Match,unmatched,146.37,3.912,245.0715,24438.0,100.0,100.0
1860,No Match,unmatched,149.585,1.6343333333333334,245.08408333333333,72994.0,100.0,100.0
1861,No Match,unmatched,147.15,9.694,245.0862,12249.0,100.0,100.0
1862,No Match,unmatched,156.32,4.545,245.0945,61603.0,100.0,100.0
1863,No Match,unmatched,151.17,0.734,245.1066,83816.0,100.0,100.0
1864,No Match,unmatched,155.32999999999998,13.9885,245.1166,49733.0,100.0,100.0
1865,No Match,unmatched,139.43,4.9,245.8971,28166.0,100.0,100.0
1866,No Match,unmatched,153.87,1.762,245.9908,42595.0,100.0,100.0
1867,No Match,unmatched,149.38,2.3510000000000004,246.03446666666665,75260.0,100.0,100.0
1868,No Match,unmatched,148.9,2.736,246.0391,90447.0,100.0,100.0
1869,No Match,unmatched,150.86,6.967,246.048,90356.0,100.0,100.0
1870,No Match,unmatched,156.55,3.611,246.081,6856.0,100.0,100.0
1871,No Match,unmatched,148.85,10.058,246.0933,46990.0,100.0,100.0
1872,No Match,unmatched,136.86,6.332,246.9071,77726.0,100.0,100.0
1873,No Match,unmatched,146.1,4.836,246.9473,12143.0,100.0,100.0
1874,No Match,unmatched,146.13,1.329,246.99103333333332,39775.0,100.0,100.0
1875,No Match,unmatched,156.76,2.549,247.0578,37206.0,100.0,100.0
1876,No Match,unmatched,151.005,1.0185,247.0589,92255.0,100.0,100.0
1877,No Match,unmatched,155.89,2.696,247.0608,32040.0,100.0,100.0
1878,No Match,unmatched,147.89,0.884,247.0646,58205.0,100.0,100.0
1879,No Match,unmatched,153.23,3.251,247.07316666666665,18172.0,100.0,100.0
1880,No Match,unmatched,153.8175,3.13725,247.07315,18172.0,100.0,100.0
1881,No Match,unmatched,157.17,1.303,247.1178,82201.0,100.0,100.0
1882,No Match,unmatched,139.41,4.905,247.8934,49878.0,100.0,100.0
1883,No Match,unmatched,139.28,2.834,248.0471,67532.0,100.0,100.0
1884,No Match,unmatched,148.29,2.374,248.0566,86128.0,100.0,100.0
1885,No Match,unmatched,138.41545454545454,9.877,248.0815090909091,39665.0,100.0,100.0
1886,No Match,unmatched,152.58,6.062333333333332,248.098,8461.0,100.0,100.0
1887,No Match,unmatched,102.01,3.148,248.9641,94131.0,100.0,100.0
1888,No Match,unmatched,100.79,8.702,248.9654,33686.0,100.0,100.0
1889,No Match,unmatched,100.74,8.645,248.9658,72896.0,100.0,100.0
1890,No Match,unmatched,100.86,9.613,248.9697,34364.0,100.0,100.0
1891,No Match,unmatched,100.314,10.167,248.9715,45993.0,100.0,100.0
1892,No Match,unmatched,100.28250000000004,8.732083333333334,248.97185833333333,39105.0,100.0,100.0
1893,No Match,unmatched,100.292,12.2148,248.97214,10368.0,100.0,100.0
1894,No Match,unmatched,100.4125,14.180125,248.97205,14575.0,100.0,100.0
1895,No Match,unmatched,100.46500000000002,8.814666666666668,248.9722,14071.0,100.0,100.0
1896,No Match,unmatched,100.2875,10.584,248.9724,22363.0,100.0,100.0
1897,No Match,unmatched,100.45,9.3695,248.9719,57607.0,100.0,100.0
1898,No Match,unmatched,100.14,7.640333333333333,248.9723,19033.0,100.0,100.0
1899,No Match,unmatched,100.4725,8.46325,248.972625,21797.0,100.0,100.0
1900,No Match,unmatched,100.26666666666668,8.9,248.97295,10604.0,100.0,100.0
1901,No Match,unmatched,101.13,12.344,248.9794,55818.0,100.0,100.0
1902,No Match,unmatched,99.45,12.436,248.9826,81761.0,100.0,100.0
1903,No Match,unmatched,100.45,3.271,248.9831,38856.0,100.0,100.0
1904,No Match,unmatched,149.29,3.2125000000000004,248.99075,5296.0,100.0,100.0
1905,No Match,unmatched,154.98,4.026,249.0193,85101.0,100.0,100.0
1906,No Match,unmatched,156.45,4.134,249.0243,9149.0,100.0,100.0
1907,No Match,unmatched,153.37,7.623,249.033,64700.0,100.0,100.0
1908,No Match,unmatched,151.58,3.359,249.0347,72609.0,100.0,100.0
1909,No Match,unmatched,148.8976923076923,1.026076923076923,249.0446076923077,62942.0,100.0,100.0
1910,No Match,unmatched,148.70499999999998,2.0795000000000003,249.04325,88281.0,100.0,100.0
1911,No Match,unmatched,156.21,2.856,249.0789,92600.0,100.0,100.0
1912,No Match,unmatched,155.61,11.615,249.1176,88505.0,100.0,100.0
1913,No Match,unmatched,137.8625,6.70625,249.9509,84816.0,100.0,100.0
1914,No Match,unmatched,149.46,6.849,249.9529,67348.0,100.0,100.0
1915,No Match,unmatched,100.36,5.867,249.97463333333332,75986.0,100.0,100.0
1916,No Match,unmatched,100.38,6.677,249.9738,68780.0,100.0,100.0
1917,No Match,unmatched,100.34,11.375,249.97466666666665,80622.0,100.0,100.0
1918,No Match,unmatched,100.29,13.158,249.9741,68569.0,100.0,100.0
1919,No Match,unmatched,100.44,3.35,249.9746,88023.0,100.0,100.0
1920,No Match,unmatched,100.16,5.656,249.9747,68819.0,100.0,100.0
1921,No Match,unmatched,100.27,14.632,249.9787,93837.0,100.0,100.0
1922,No Match,unmatched,155.0,12.324,250.038,84653.0,100.0,100.0
1923,No Match,unmatched,157.35500000000002,0.604,250.0464,47522.0,100.0,100.0
1924,No Match,unmatched,149.23,1.026,250.0498,69748.0,100.0,100.0
1925,No Match,unmatched,155.33,11.895,250.0726,70831.0,100.0,100.0
1926,No Match,unmatched,157.3,3.911,250.0778,78962.0,100.0,100.0
1927,No Match,unmatched,152.77,0.658,250.0786,66711.0,100.0,100.0
1928,No Match,unmatched,152.76,0.512,250.0815,31543.0,100.0,100.0
1929,No Match,unmatched,138.595,3.26,250.903,11492.0,100.0,100.0
1930,No Match,unmatched,145.95499999999998,0.821,250.9689,90920.0,100.0,100.0
1931,No Match,unmatched,153.84,12.856,250.9761,44083.0,100.0,100.0
1932,No Match,unmatched,125.26,6.784000000000001,250.99615,14501.0,100.0,100.0
1933,No Match,unmatched,148.7,1.138,251.0065,40319.0,100.0,100.0
1934,No Match,unmatched,155.195,12.985,251.0236,87646.0,100.0,100.0
1935,No Match,unmatched,149.33,0.687,251.0565,77995.0,100.0,100.0
1936,No Match,unmatched,157.66,3.652,251.0723,49665.0,100.0,100.0
1937,No Match,unmatched,156.075,3.65,251.09285,68158.0,100.0,100.0
1938,No Match,unmatched,157.3,7.401,251.0938,86626.0,100.0,100.0
1939,No Match,unmatched,156.19,4.73,251.0945,7335.0,100.0,100.0
1940,No Match,unmatched,152.14,2.716,251.0953,42279.0,100.0,100.0
1941,No Match,unmatched,139.27,9.977,251.8952,10410.0,100.0,100.0
1942,No Match,unmatched,137.74666666666667,6.674,251.9487333333333,61055.0,100.0,100.0
1943,No Match,unmatched,149.94,6.832,251.9495,61694.0,100.0,100.0
1944,No Match,unmatched,141.32,0.6060000000000001,251.96015,65936.0,100.0,100.0
1945,No Match,unmatched,139.97,6.285,251.967,10950.0,100.0,100.0
1946,No Match,unmatched,141.66,9.037,251.9672,12750.0,100.0,100.0
1947,No Match,unmatched,158.09,7.412,252.0912,65308.0,100.0,100.0
1948,No Match,unmatched,157.12,10.496,252.0919,83079.0,100.0,100.0
1949,No Match,unmatched,156.47,4.757,252.0982,84857.0,100.0,100.0
1950,No Match,unmatched,139.23,3.263,252.9015,89591.0,100.0,100.0
1951,No Match,unmatched,140.12,6.313,252.9703,83382.0,100.0,100.0
1952,No Match,unmatched,152.45499999999998,2.0255,253.0585,61243.0,100.0,100.0
1953,No Match,unmatched,151.425,2.7635,253.0716,59690.0,100.0,100.0
1954,No Match,unmatched,153.37,1.244,253.07385,70973.0,100.0,100.0
1955,No Match,unmatched,157.22500000000002,1.5785,253.1083,40716.0,100.0,100.0
1956,No Match,unmatched,156.58,2.834,253.1085,34648.0,100.0,100.0
1957,No Match,unmatched,156.62,1.753,253.1116,87865.0,100.0,100.0
1958,No Match,unmatched,139.17,9.983,253.8923,27219.0,100.0,100.0
1959,No Match,unmatched,141.0,0.542,253.9586,48044.0,100.0,100.0
1960,No Match,unmatched,141.55,0.531,253.9634,92356.0,100.0,100.0
1961,No Match,unmatched,139.79,6.299,253.9648,16677.0,100.0,100.0
1962,No Match,unmatched,157.94,3.137,254.0943,57154.0,100.0,100.0
1963,No Match,unmatched,136.86,7.818,254.9026,72422.0,100.0,100.0
1964,No Match,unmatched,147.07,0.665,255.0004,36614.0,100.0,100.0
1965,No Match,unmatched,156.19,3.355,255.0426,50555.0,100.0,100.0
1966,No Match,unmatched,156.72,2.253,255.0501,54107.0,100.0,100.0
1967,No Match,unmatched,156.54,2.299,255.0528,25774.0,100.0,100.0
1968,No Match,unmatched,158.56,3.379,255.0868,47210.0,100.0,100.0
1969,No Match,unmatched,153.32333333333335,3.013,255.08810000000005,24880.0,100.0,100.0
1970,No Match,unmatched,152.61,0.811,255.0878,11493.0,100.0,100.0
1971,No Match,unmatched,158.23,14.039,255.1049,80260.0,100.0,100.0
1972,No Match,unmatched,154.13,6.63,255.105,9286.0,100.0,100.0
1973,No Match,unmatched,139.34,9.995,255.8902,59854.0,100.0,100.0
1974,No Match,unmatched,141.36,0.536,255.9586,93590.0,100.0,100.0
1975,No Match,unmatched,150.77,1.647,256.0424,93229.0,100.0,100.0
1976,No Match,unmatched,158.29,3.658,256.0637,71859.0,100.0,100.0
1977,No Match,unmatched,156.89999999999998,0.575,256.09435,3470.0,100.0,100.0
1978,No Match,unmatched,153.265,10.541,256.108,11697.0,100.0,100.0
1979,No Match,unmatched,136.86,7.804,256.8987,90271.0,100.0,100.0
1980,No Match,unmatched,148.13,0.593,257.0169,7193.0,100.0,100.0
1981,No Match,unmatched,150.11,1.653,257.0331,80753.0,100.0,100.0
1982,No Match,unmatched,147.43,1.208,257.0369,82146.0,100.0,100.0
1983,No Match,unmatched,156.93,3.365,257.0377,88783.0,100.0,100.0
1984,No Match,unmatched,156.3,6.208500000000001,257.04885,95367.0,100.0,100.0
1985,No Match,unmatched,152.89,1.727,257.0701,81050.0,100.0,100.0
1986,No Match,unmatched,157.58,0.555,257.0767,73896.0,100.0,100.0
1987,No Match,unmatched,158.87,5.618,257.0824,68324.0,100.0,100.0
1988,No Match,unmatched,157.04,0.609,257.0835,61713.0,100.0,100.0
1989,No Match,unmatched,156.81,3.908,257.0849,14106.0,100.0,100.0
1990,No Match,unmatched,155.38,1.573,257.1039,29986.0,100.0,100.0
1991,No Match,unmatched,154.88000000000002,11.052666666666669,257.1157666666666,4786.0,100.0,100.0
1992,No Match,unmatched,158.03,6.843,257.1178,93832.0,100.0,100.0
1993,No Match,unmatched,101.0375,11.12825,257.935625,26325.0,100.0,100.0
1994,No Match,unmatched,101.13,12.043,257.9345,25180.0,100.0,100.0
1995,No Match,unmatched,100.986,11.2008,257.9369,24838.0,100.0,100.0
1996,No Match,unmatched,100.88,9.834047619047618,257.93779047619046,20115.0,100.0,100.0
1997,No Match,unmatched,100.90866666666668,8.459399999999999,257.93802666666664,19558.0,100.0,100.0
1998,No Match,unmatched,100.8990322580645,7.84416129,257.93778064516124,43398.0,100.0,100.0
1999,No Match,unmatched,100.98428571428572,7.069714285714285,257.93751428571426,12699.0,100.0,100.0
2000,No Match,unmatched,100.965,8.7345,257.9374,15622.0,100.0,100.0
2001,No Match,unmatched,100.915,3.19575,257.93820000000005,32972.0,100.0,100.0
2002,No Match,unmatched,100.91866666666668,8.373866666666666,257.9382333333334,8222.0,100.0,100.0
2003,No Match,unmatched,100.904,9.1438,257.9381,23561.0,100.0,100.0
2004,No Match,unmatched,100.91636363636364,7.170272727272728,257.93835454545456,19207.0,100.0,100.0
2005,No Match,unmatched,101.11,6.324,257.9391,48642.0,100.0,100.0
2006,No Match,unmatched,147.07,0.642,257.9556,87962.0,100.0,100.0
2007,No Match,unmatched,153.308,2.2858,257.99056,23677.0,100.0,100.0
2008,No Match,unmatched,153.23,2.29,257.9959,90037.0,100.0,100.0
2009,No Match,unmatched,150.488,1.7744,258.0079400000001,95343.0,100.0,100.0
2010,No Match,unmatched,156.16625,2.81775,258.0087,4181.0,100.0,100.0
2011,No Match,unmatched,159.27,0.898,258.0454,59862.0,100.0,100.0
2012,No Match,unmatched,157.65,3.304,258.0838,88124.0,100.0,100.0
2013,No Match,unmatched,155.58,3.914,258.0886,78824.0,100.0,100.0
2014,No Match,unmatched,155.04,2.693,258.1034,66568.0,100.0,100.0
2015,No Match,unmatched,154.69,2.292,259.0075,78220.0,100.0,100.0
2016,No Match,unmatched,148.15,0.63,259.0123,84899.0,100.0,100.0
2017,No Match,unmatched,154.22,1.524,259.013,71435.0,100.0,100.0
2018,No Match,unmatched,155.21,2.358,259.0132,14687.0,100.0,100.0
2019,No Match,unmatched,148.28,0.562,259.0169,75846.0,100.0,100.0
2020,No Match,unmatched,159.04000000000002,3.1765,259.05965000000003,14916.0,100.0,100.0
2021,No Match,unmatched,153.51,5.984,259.0892,91768.0,100.0,100.0
2022,No Match,unmatched,154.75,2.546,259.1071,85512.0,100.0,100.0
2023,No Match,unmatched,155.74,1.168,259.11839999999995,88894.0,100.0,100.0
2024,No Match,unmatched,100.97666666666667,8.679,259.93396666666666,71317.0,100.0,100.0
2025,No Match,unmatched,100.83,3.716,259.9343,94390.0,100.0,100.0
2026,No Match,unmatched,100.99,8.843,259.9353,40902.0,100.0,100.0
2027,No Match,unmatched,101.0,5.255,259.9346,24209.0,100.0,100.0
2028,No Match,unmatched,100.98666666666668,10.684111111111111,259.93505555555555,51844.0,100.0,100.0
2029,No Match,unmatched,100.9204761904762,10.824190476190475,259.9353666666667,24629.0,100.0,100.0
2030,No Match,unmatched,100.94,10.638142857142856,259.9352214285714,14210.0,100.0,100.0
2031,No Match,unmatched,101.008,10.9886,259.93531,10662.0,100.0,100.0
2032,No Match,unmatched,100.8,3.201,259.937,59799.0,100.0,100.0
2033,No Match,unmatched,100.88,6.56,259.9404,83434.0,100.0,100.0
2034,No Match,unmatched,101.0,10.819,259.9453,95665.0,100.0,100.0
2035,No Match,unmatched,153.285,1.759,259.9705,33051.0,100.0,100.0
2036,No Match,unmatched,153.31,2.337,259.9875,61233.0,100.0,100.0
2037,No Match,unmatched,151.76,1.067,261.0104,91837.0,100.0,100.0
2038,No Match,unmatched,155.41,2.345,261.0119,91316.0,100.0,100.0
2039,No Match,unmatched,151.89999999999998,1.6905,261.04205,11604.0,100.0,100.0
2040,No Match,unmatched,159.02666666666667,3.3610000000000007,261.0738666666666,91675.0,100.0,100.0
2041,No Match,unmatched,148.99,2.681,261.958,14800.0,100.0,100.0
2042,No Match,unmatched,142.8,2.1005,261.9781,63580.0,100.0,100.0
2043,No Match,unmatched,142.87,2.959,261.9793,54017.0,100.0,100.0
2044,No Match,unmatched,158.32,4.521,262.059,50190.0,100.0,100.0
2045,No Match,unmatched,152.95,0.589,262.0716,36187.0,100.0,100.0
2046,No Match,unmatched,160.06,1.735,262.0745,32127.0,100.0,100.0
2047,No Match,unmatched,155.53,0.704,262.0771,59883.0,100.0,100.0
2048,No Match,unmatched,155.27,1.956,262.079,94946.0,100.0,100.0
2049,No Match,unmatched,157.70499999999998,5.3260000000000005,262.1114,62509.0,100.0,100.0
2050,No Match,unmatched,109.46,5.332,262.1148,85687.0,100.0,100.0
2051,No Match,unmatched,77.31,5.349,262.1167,87676.0,100.0,100.0
2052,No Match,unmatched,46.25,5.305,262.1172,83614.0,100.0,100.0
2053,No Match,unmatched,156.57,5.831,263.0035,53921.0,100.0,100.0
2054,No Match,unmatched,156.3,4.254,263.0057,11103.0,100.0,100.0
2055,No Match,unmatched,152.07,1.734,263.0407,82660.0,100.0,100.0
2056,No Match,unmatched,155.28,4.693,263.0465,12622.0,100.0,100.0
2057,No Match,unmatched,153.13,1.592,263.0644,73894.0,100.0,100.0
2058,No Match,unmatched,158.81,2.956,263.0672,38477.0,100.0,100.0
2059,No Match,unmatched,158.78,0.601,264.0306,50615.0,100.0,100.0
2060,No Match,unmatched,155.62,4.72,264.0531,91685.0,100.0,100.0
2061,No Match,unmatched,152.48,0.714,264.0544,64513.0,100.0,100.0
2062,No Match,unmatched,159.71,4.75,264.0878,87390.0,100.0,100.0
2063,No Match,unmatched,157.9,1.674,264.0908,60347.0,100.0,100.0
2064,No Match,unmatched,144.46,3.573,264.9173,18753.0,100.0,100.0
2065,No Match,unmatched,146.84,3.349,264.9251,15981.0,100.0,100.0
2066,No Match,unmatched,152.9,9.713,265.0492,41345.0,100.0,100.0
2067,No Match,unmatched,151.62,1.676,265.0575,95265.0,100.0,100.0
2068,No Match,unmatched,155.94,2.918,265.0717,75620.0,100.0,100.0
2069,No Match,unmatched,154.76999999999998,1.0565,265.07575,89942.0,100.0,100.0
2070,No Match,unmatched,145.26,0.651,265.9493,77157.0,100.0,100.0
2071,No Match,unmatched,143.96,1.923,265.9756,70881.0,100.0,100.0
2072,No Match,unmatched,149.86,8.687,265.9839,64876.0,100.0,100.0
2073,No Match,unmatched,154.29,1.855,266.047,47801.0,100.0,100.0
2074,No Match,unmatched,157.9,2.652,266.065,59982.0,100.0,100.0
2075,No Match,unmatched,159.42,7.2,266.1027,92327.0,100.0,100.0
2076,No Match,unmatched,156.665,1.7985,266.1043,22138.0,100.0,100.0
2077,No Match,unmatched,141.85,1.241,266.893,87988.0,100.0,100.0
2078,No Match,unmatched,141.735,1.4195,266.8978,18897.0,100.0,100.0
2079,No Match,unmatched,144.13,3.574,266.9154,42671.0,100.0,100.0
2080,No Match,unmatched,146.83,3.351,266.9244,17746.0,100.0,100.0
2081,No Match,unmatched,149.66,0.628,267.053,88441.0,100.0,100.0
2082,No Match,unmatched,160.72,4.4515,267.09085000000005,21669.0,100.0,100.0
2083,No Match,unmatched,149.47,8.682,267.9818,75308.0,100.0,100.0
2084,No Match,unmatched,159.935,2.8505000000000003,268.0285,25346.0,100.0,100.0
2085,No Match,unmatched,141.635,1.472,268.8941,73942.0,100.0,100.0
2086,No Match,unmatched,152.32,4.286,268.9688,61431.0,100.0,100.0
2087,No Match,unmatched,161.32,3.466,268.9756,59132.0,100.0,100.0
2088,No Match,unmatched,158.46,11.208,268.9828,4716.0,100.0,100.0
2089,No Match,unmatched,149.56,10.421,268.9835,5377.0,100.0,100.0
2090,No Match,unmatched,151.0975,0.8865000000000001,269.015875,71804.0,100.0,100.0
2091,No Match,unmatched,158.30454545454546,12.903272727272729,269.0342,27162.0,100.0,100.0
2092,No Match,unmatched,158.72,3.9756666666666662,269.05243333333334,54183.0,100.0,100.0
2093,No Match,unmatched,155.3542857142857,2.092142857142857,269.05344285714284,44328.0,100.0,100.0
2094,No Match,unmatched,155.485,0.6865,269.0539,56831.0,100.0,100.0
2095,No Match,unmatched,153.96,0.688,269.0672,82451.0,100.0,100.0
2096,No Match,unmatched,146.98,4.429,269.0704,92744.0,100.0,100.0
2097,No Match,unmatched,148.6975,2.48575,269.1035,43541.0,100.0,100.0
2098,No Match,unmatched,151.35000000000002,0.8005,270.02105,45711.0,100.0,100.0
2099,No Match,unmatched,154.36,2.89,270.0212,50159.0,100.0,100.0
2100,No Match,unmatched,153.05,0.786,270.0297,62143.0,100.0,100.0
2101,No Match,unmatched,161.12,7.256,270.0551,50011.0,100.0,100.0
2102,No Match,unmatched,154.31,2.524,270.0664,88489.0,100.0,100.0
2103,No Match,unmatched,160.61,9.188,270.0901,70273.0,100.0,100.0
2104,No Match,unmatched,156.66,11.724,270.9492,19373.0,100.0,100.0
2105,No Match,unmatched,156.59,9.7445,270.9504,11261.0,100.0,100.0
2106,No Match,unmatched,153.44,7.562,270.9509,39962.0,100.0,100.0
2107,No Match,unmatched,159.81,6.398,271.05,42267.0,100.0,100.0
2108,No Match,unmatched,154.91,1.695,271.0706,64549.0,100.0,100.0
2109,No Match,unmatched,154.9,1.715,271.0735,94071.0,100.0,100.0
2110,No Match,unmatched,113.735,4.7555,271.1004,433.0,100.0,100.0
2111,No Match,unmatched,161.45,5.021,271.1025,66189.0,100.0,100.0
2112,No Match,unmatched,158.5,1.729,271.113,88021.0,100.0,100.0
2113,No Match,unmatched,158.54500000000002,1.173,271.1184,90240.0,100.0,100.0
2114,No Match,unmatched,157.99,2.058,271.1183,47028.0,100.0,100.0
2115,No Match,unmatched,152.15,0.941,271.8951,49530.0,100.0,100.0
2116,No Match,unmatched,152.09,0.987,271.9194,85702.0,100.0,100.0
2117,No Match,unmatched,155.95,9.704,271.9541,94367.0,100.0,100.0
2118,No Match,unmatched,125.07,6.798,271.9942,36773.0,100.0,100.0
2119,No Match,unmatched,156.72,1.595,272.0264,91853.0,100.0,100.0
2120,No Match,unmatched,152.46333333333334,0.8736666666666667,272.0344,68877.0,100.0,100.0
2121,No Match,unmatched,160.97,4.763,272.0458,78326.0,100.0,100.0
2122,No Match,unmatched,157.25,3.121,272.0606,61509.0,100.0,100.0
2123,No Match,unmatched,158.34,0.554,272.0891,35255.0,100.0,100.0
2124,No Match,unmatched,156.73,11.73,272.9478,90289.0,100.0,100.0
2125,No Match,unmatched,156.34,9.757,272.9482,39249.0,100.0,100.0
2126,No Match,unmatched,152.57999999999998,0.854,273.03105,39215.0,100.0,100.0
2127,No Match,unmatched,154.09,0.67,273.0941,76878.0,100.0,100.0
2128,No Match,unmatched,161.86,12.122,273.1104,58153.0,100.0,100.0
2129,No Match,unmatched,160.09,2.847,273.116,36174.0,100.0,100.0
2130,No Match,unmatched,132.09,8.041,273.9725,81517.0,100.0,100.0
2131,No Match,unmatched,158.465,2.5,274.00255000000004,59741.0,100.0,100.0
2132,No Match,unmatched,160.62,0.563,274.06105,40951.0,100.0,100.0
2133,No Match,unmatched,158.755,2.48,274.075,70075.0,100.0,100.0
2134,No Match,unmatched,151.52,2.272,274.9861,48665.0,100.0,100.0
2135,No Match,unmatched,152.4,0.7425,275.02815,31002.0,100.0,100.0
2136,No Match,unmatched,152.395,0.8795,275.03635,87243.0,100.0,100.0
2137,No Match,unmatched,159.89,2.633,275.0897,72261.0,100.0,100.0
2138,No Match,unmatched,162.195,4.432499999999999,275.09540000000004,79950.0,100.0,100.0
2139,No Match,unmatched,156.65,2.311,275.0952,82371.0,100.0,100.0
2140,No Match,unmatched,162.4,5.738,275.0955,37925.0,100.0,100.0
2141,No Match,unmatched,156.99,0.699,275.116,78939.0,100.0,100.0
2142,No Match,unmatched,154.16,0.532,276.0789,23394.0,100.0,100.0
2143,No Match,unmatched,161.13,1.89,276.0878,92910.0,100.0,100.0
2144,No Match,unmatched,162.395,2.0495,276.09250000000003,7384.0,100.0,100.0
2145,No Match,unmatched,157.65,1.923,277.0501,53515.0,100.0,100.0
2146,No Match,unmatched,160.34,6.49,277.0583,31881.0,100.0,100.0
2147,No Match,unmatched,162.58,1.305,277.0704,6006.0,100.0,100.0
2148,No Match,unmatched,154.1966666666667,0.6958333333333334,277.0742,60953.0,100.0,100.0
2149,No Match,unmatched,158.804,2.057,277.07554,7169.0,100.0,100.0
2150,No Match,unmatched,162.79,1.311,277.0754,85412.0,100.0,100.0
2151,No Match,unmatched,141.24,3.819,277.1191,73413.0,100.0,100.0
2152,No Match,unmatched,157.525,0.5655,278.07,75162.0,100.0,100.0
2153,No Match,unmatched,157.97,0.657,278.0738,95158.0,100.0,100.0
2154,No Match,unmatched,161.59166666666667,2.2385,278.1079333333333,34919.0,100.0,100.0
2155,No Match,unmatched,154.81,0.633,279.039,89151.0,100.0,100.0
2156,No Match,unmatched,158.09,1.843,279.0526,35898.0,100.0,100.0
2157,No Match,unmatched,158.81,1.629,279.0901,36290.0,100.0,100.0
2158,No Match,unmatched,162.09,1.692,279.0936,86980.0,100.0,100.0
2159,No Match,unmatched,152.04,7.964,279.1101,82667.0,100.0,100.0
2160,No Match,unmatched,161.81,2.238,279.1112,48741.0,100.0,100.0
2161,No Match,unmatched,149.89,8.291,279.9622,32727.0,100.0,100.0
2162,No Match,unmatched,151.63,6.346,279.9644,80380.0,100.0,100.0
2163,No Match,unmatched,157.24,0.5994999999999999,280.08485,61904.0,100.0,100.0
2164,No Match,unmatched,151.19,8.269,280.1181,37721.0,100.0,100.0
2165,No Match,unmatched,144.08,3.607,280.9106,46618.0,100.0,100.0
2166,No Match,unmatched,129.72125,6.080625,280.9831125,12496.0,100.0,100.0
2167,No Match,unmatched,160.48,3.7095,280.99235,65913.0,100.0,100.0
2168,No Match,unmatched,151.4,3.712,280.9942,14589.0,100.0,100.0
2169,No Match,unmatched,160.4,2.786,281.0609,61510.0,100.0,100.0
2170,No Match,unmatched,159.04,2.6415,281.0675,76881.0,100.0,100.0
2171,No Match,unmatched,155.245,0.7284999999999999,281.07075,41457.0,100.0,100.0
2172,No Match,unmatched,157.26,0.556,281.092,75239.0,100.0,100.0
2173,No Match,unmatched,162.59333333333333,5.082,281.10369999999995,86344.0,100.0,100.0
2174,No Match,unmatched,162.19,2.568,281.1039,88437.0,100.0,100.0
2175,No Match,unmatched,162.815,0.72,281.11205,45705.0,100.0,100.0
2176,No Match,unmatched,149.8,8.306,281.9603,53994.0,100.0,100.0
2177,No Match,unmatched,158.6,3.6985,281.97670000000005,39987.0,100.0,100.0
2178,No Match,unmatched,149.99,6.807,281.9785,87551.0,100.0,100.0
2179,No Match,unmatched,163.465,1.6865,282.0985,76003.0,100.0,100.0
2180,No Match,unmatched,163.08,2.466,282.1071,92298.0,100.0,100.0
2181,No Match,unmatched,144.06,3.611,282.9091,61201.0,100.0,100.0
2182,No Match,unmatched,152.62,0.564,282.9572,51638.0,100.0,100.0
2183,No Match,unmatched,160.3133333333333,7.734333333333333,282.99146666666667,37378.0,100.0,100.0
2184,No Match,unmatched,151.61,3.707,282.9917,30193.0,100.0,100.0
2185,No Match,unmatched,159.505,15.1199375,282.995225,86252.0,100.0,100.0
2186,No Match,unmatched,159.11,14.05225,282.9954,19629.0,100.0,100.0
2187,No Match,unmatched,159.37,13.0225,282.9952,29055.0,100.0,100.0
2188,No Match,unmatched,157.15,1.688,283.033,21170.0,100.0,100.0
2189,No Match,unmatched,160.365,2.808,283.0677,93758.0,100.0,100.0
2190,No Match,unmatched,161.79857142857142,2.5425714285714283,283.1195571428572,10115.0,100.0,100.0
2191,No Match,unmatched,158.79,3.694,283.9735,71093.0,100.0,100.0
2192,No Match,unmatched,160.07,15.997,283.997,78783.0,100.0,100.0
2193,No Match,unmatched,159.53,4.45,284.0375,81923.0,100.0,100.0
2194,No Match,unmatched,158.85,2.943,284.9648,46556.0,100.0,100.0
2195,No Match,unmatched,156.04,11.716,284.9729,83482.0,100.0,100.0
2196,No Match,unmatched,162.86,7.473,284.9732,77998.0,100.0,100.0
2197,No Match,unmatched,155.98000000000002,7.580999999999999,284.9749,64271.0,100.0,100.0
2198,No Match,unmatched,155.5,4.493,284.975,26889.0,100.0,100.0
2199,No Match,unmatched,159.09,2.651,285.05045,83534.0,100.0,100.0
2200,No Match,unmatched,161.272,1.6404,285.08723999999995,7046.0,100.0,100.0
2201,No Match,unmatched,159.11,0.707,285.0985,40602.0,100.0,100.0
2202,No Match,unmatched,162.87,13.894,285.1193,48875.0,100.0,100.0
2203,No Match,unmatched,158.93,0.839,286.05055,95169.0,100.0,100.0
2204,No Match,unmatched,151.41,1.486,286.9662,44525.0,100.0,100.0
2205,No Match,unmatched,158.59333333333333,1.59,286.9889,40789.0,100.0,100.0
2206,No Match,unmatched,159.2,0.932,287.0428,49481.0,100.0,100.0
2207,No Match,unmatched,158.645,2.1045,287.04535,35344.0,100.0,100.0
2208,No Match,unmatched,163.48000000000002,3.8105,287.09585,9409.0,100.0,100.0
2209,No Match,unmatched,158.27,3.119,288.0004,11177.0,100.0,100.0
2210,No Match,unmatched,163.20714285714286,1.9538571428571427,288.0193428571428,42401.0,100.0,100.0
2211,No Match,unmatched,156.36,2.6165000000000003,288.01890000000003,9304.0,100.0,100.0
2212,No Match,unmatched,158.21,2.075,288.0196,51536.0,100.0,100.0
2213,No Match,unmatched,160.12,4.714,288.0905,51073.0,100.0,100.0
2214,No Match,unmatched,164.91,3.298,288.0915,41460.0,100.0,100.0
2215,No Match,unmatched,151.83,7.507,288.1155,44763.0,100.0,100.0
2216,No Match,unmatched,152.03,4.587,288.9339,46121.0,100.0,100.0
2217,No Match,unmatched,152.04,3.104,288.9349,72280.0,100.0,100.0
2218,No Match,unmatched,152.41,0.527,288.9986,79354.0,100.0,100.0
2219,No Match,unmatched,158.94,6.47,289.0173,68141.0,100.0,100.0
2220,No Match,unmatched,160.26,2.607,289.0638,94504.0,100.0,100.0
2221,No Match,unmatched,157.70999999999998,2.2595,289.0705,35882.0,100.0,100.0
2222,No Match,unmatched,164.37,2.91,289.075,15192.0,100.0,100.0
2223,No Match,unmatched,161.94,6.44,289.1125,54255.0,100.0,100.0
2224,No Match,unmatched,146.7,4.973,289.9131,4500.0,100.0,100.0
2225,No Match,unmatched,153.065,2.783,289.9134,7691.0,100.0,100.0
2226,No Match,unmatched,151.81,4.063,289.9166,85353.0,100.0,100.0
2227,No Match,unmatched,160.01,1.255,290.0562,57431.0,100.0,100.0
2228,No Match,unmatched,159.36,0.688,290.0701,45658.0,100.0,100.0
2229,No Match,unmatched,164.956,1.6402,290.10442,6820.0,100.0,100.0
2230,No Match,unmatched,146.68,4.945,290.9167,78875.0,100.0,100.0
2231,No Match,unmatched,165.58,8.278,291.0813,86119.0,100.0,100.0
2232,No Match,unmatched,154.47181818181818,0.7818181818181817,291.08388181818185,45263.0,100.0,100.0
2233,No Match,unmatched,162.39,1.683,291.0823,87335.0,100.0,100.0
2234,No Match,unmatched,164.8,3.156,291.09125,1906.0,100.0,100.0
2235,No Match,unmatched,152.65,11.004,291.8905,22830.0,100.0,100.0
2236,No Match,unmatched,146.68,4.97,291.9109,9536.0,100.0,100.0
2237,No Match,unmatched,152.78,2.77,291.912,26070.0,100.0,100.0
2238,No Match,unmatched,151.89,4.027,291.9128,84951.0,100.0,100.0
2239,No Match,unmatched,158.10500000000002,0.587,292.072,15034.0,100.0,100.0
2240,No Match,unmatched,37.48,0.656,292.0715,89962.0,100.0,100.0
2241,No Match,unmatched,44.53,0.59,292.0783,91129.0,100.0,100.0
2242,No Match,unmatched,162.67,0.552,292.082,39140.0,100.0,100.0
2243,No Match,unmatched,161.47666666666666,0.8543333333333334,292.08643333333333,2535.0,100.0,100.0
2244,No Match,unmatched,164.54,3.298,292.1123,76700.0,100.0,100.0
2245,No Match,unmatched,163.9,2.825,293.0478,44649.0,100.0,100.0
2246,No Match,unmatched,163.04,4.089,293.0536,35070.0,100.0,100.0
2247,No Match,unmatched,160.89,1.289,293.0548,94047.0,100.0,100.0
2248,No Match,unmatched,162.27,4.598,293.0563,73349.0,100.0,100.0
2249,No Match,unmatched,161.22,0.777,293.0917,84617.0,100.0,100.0
2250,No Match,unmatched,163.03,2.448,293.1056,81546.0,100.0,100.0
2251,No Match,unmatched,157.655,0.6185,294.0676,78492.0,100.0,100.0
2252,No Match,unmatched,165.65,2.492,294.0835,90023.0,100.0,100.0
2253,No Match,unmatched,162.08666666666667,0.8203333333333335,294.10190000000006,9780.0,100.0,100.0
2254,No Match,unmatched,149.11,1.93,294.9069,88144.0,100.0,100.0
2255,No Match,unmatched,150.96,4.967,294.9286,12571.0,100.0,100.0
2256,No Match,unmatched,155.40333333333334,1.0816666666666668,294.99586666666664,81243.0,100.0,100.0
2257,No Match,unmatched,155.95,0.88,294.9996,82066.0,100.0,100.0
2258,No Match,unmatched,165.72500000000002,5.4025,295.06975,35203.0,100.0,100.0
2259,No Match,unmatched,160.23,1.452,295.0841,66881.0,100.0,100.0
2260,No Match,unmatched,162.82,5.235,295.1034,85715.0,100.0,100.0
2261,No Match,unmatched,162.6,5.342,295.1065,28845.0,100.0,100.0
2262,No Match,unmatched,152.43,10.495,295.939,87580.0,100.0,100.0
2263,No Match,unmatched,163.61,1.807,296.080525,19648.0,100.0,100.0
2264,No Match,unmatched,166.18,2.555,296.1136,64582.0,100.0,100.0
2265,No Match,unmatched,147.28,1.962,296.9054,83943.0,100.0,100.0
2266,No Match,unmatched,150.66,4.976,296.9251,50488.0,100.0,100.0
2267,No Match,unmatched,151.49,3.668,296.9355,62618.0,100.0,100.0
2268,No Match,unmatched,133.65,11.874,296.9785,61662.0,100.0,100.0
2269,No Match,unmatched,153.4,1.733,296.9802,70976.0,100.0,100.0
2270,No Match,unmatched,160.185,3.1335,296.99375,22751.0,100.0,100.0
2271,No Match,unmatched,165.19727272727275,14.591454545454546,297.04771363636354,34662.0,100.0,100.0
2272,No Match,unmatched,165.31,11.221,297.04825,6319.0,100.0,100.0
2273,No Match,unmatched,165.29,14.057333333333332,297.04906666666665,10805.0,100.0,100.0
2274,No Match,unmatched,162.51999999999998,8.2155,297.0486,51047.0,100.0,100.0
2275,No Match,unmatched,165.93,9.477,297.0491,89126.0,100.0,100.0
2276,No Match,unmatched,166.25,3.217,297.0492,38026.0,100.0,100.0
2277,No Match,unmatched,162.745,1.47775,297.09865,93252.0,100.0,100.0
2278,No Match,unmatched,163.75333333333333,1.2539999999999998,297.11,25017.0,100.0,100.0
2279,No Match,unmatched,162.87,3.0,297.9314,80491.0,100.0,100.0
2280,No Match,unmatched,152.9,6.403,297.9365,95370.0,100.0,100.0
2281,No Match,unmatched,155.93,1.218,297.9917,88846.0,100.0,100.0
2282,No Match,unmatched,162.31,5.903,298.9789,1826.0,100.0,100.0
2283,No Match,unmatched,149.61,11.18,298.9791,87384.0,100.0,100.0
2284,No Match,unmatched,166.84,3.307,298.9794,3422.0,100.0,100.0
2285,No Match,unmatched,160.15,8.987,298.9899,14729.0,100.0,100.0
2286,No Match,unmatched,160.25,4.509,298.9902,56952.0,100.0,100.0
2287,No Match,unmatched,159.87,10.982,298.9903,45611.0,100.0,100.0
2288,No Match,unmatched,160.04,7.3165,298.9905,39455.0,100.0,100.0
2289,No Match,unmatched,164.495,13.527,299.0274,9796.0,100.0,100.0
2290,No Match,unmatched,164.88,13.328,299.0268,38015.0,100.0,100.0
2291,No Match,unmatched,165.17999999999998,10.867666666666668,299.0278,10233.0,100.0,100.0
2292,No Match,unmatched,164.92000000000002,10.1035,299.0271,8260.0,100.0,100.0
2293,No Match,unmatched,164.745,11.549,299.0272,10503.0,100.0,100.0
2294,No Match,unmatched,166.01,9.244,299.0273,15436.0,100.0,100.0
2295,No Match,unmatched,164.88,8.348,299.0274,15745.0,100.0,100.0
2296,No Match,unmatched,163.61,15.881,299.0293,92367.0,100.0,100.0
2297,No Match,unmatched,164.9,14.981,299.0395,30130.0,100.0,100.0
2298,No Match,unmatched,165.33,9.456,299.0427,82658.0,100.0,100.0
2299,No Match,unmatched,164.90833333333333,15.547,299.0452666666667,95282.0,100.0,100.0
2300,No Match,unmatched,166.14,3.268,299.0605,72341.0,100.0,100.0
2301,No Match,unmatched,162.40333333333334,2.712333333333333,299.06316666666663,28140.0,100.0,100.0
2302,No Match,unmatched,162.88,1.92675,299.06435000000005,20584.0,100.0,100.0
2303,No Match,unmatched,165.14,1.728,299.071,19030.0,100.0,100.0
2304,No Match,unmatched,166.41000000000005,1.73025,299.1143,48347.0,100.0,100.0
2305,No Match,unmatched,132.82,5.34,299.9481,94270.0,100.0,100.0
2306,No Match,unmatched,133.13,8.33,299.98865,85858.0,100.0,100.0
2307,No Match,unmatched,155.77,0.543,300.025,67666.0,100.0,100.0
2308,No Match,unmatched,164.93,7.696,300.0305,81464.0,100.0,100.0
2309,No Match,unmatched,159.04,0.56,300.042,90503.0,100.0,100.0
2310,No Match,unmatched,158.94666666666666,0.596,300.0514,55947.0,100.0,100.0
2311,No Match,unmatched,166.23,4.171,300.093,90707.0,100.0,100.0
2312,No Match,unmatched,157.195,2.114,300.9887,43517.0,100.0,100.0
2313,No Match,unmatched,165.88,5.193,301.0429,93346.0,100.0,100.0
2314,No Match,unmatched,161.9025,1.641,301.05225,30257.0,100.0,100.0
2315,No Match,unmatched,165.92,12.972,301.0605,54142.0,100.0,100.0
2316,No Match,unmatched,161.74,1.748,301.0612,78289.0,100.0,100.0
2317,No Match,unmatched,133.84,5.329,302.0627,36104.0,100.0,100.0
2318,No Match,unmatched,163.135,3.85325,302.06805,9305.0,100.0,100.0
2319,No Match,unmatched,162.7,1.116,302.1147,73224.0,100.0,100.0
2320,No Match,unmatched,155.74,3.682,302.975,76585.0,100.0,100.0
2321,No Match,unmatched,167.72333333333333,2.125,303.0553333333333,21132.0,100.0,100.0
2322,No Match,unmatched,157.62,2.434,303.9994,62011.0,100.0,100.0
2323,No Match,unmatched,162.09125,1.330625,304.05881250000004,73339.0,100.0,100.0
2324,No Match,unmatched,164.21,0.983,304.087,29757.0,100.0,100.0
2325,No Match,unmatched,163.07,0.527,304.1093,18148.0,100.0,100.0
2326,No Match,unmatched,159.91,9.803,304.91045,2135.0,100.0,100.0
2327,No Match,unmatched,159.86,12.446,304.9101,8657.0,100.0,100.0
2328,No Match,unmatched,159.97,11.788,304.9107,62931.0,100.0,100.0
2329,No Match,unmatched,155.33999999999995,3.6645,304.9733,90332.0,100.0,100.0
2330,No Match,unmatched,161.96,2.185,305.0516,91526.0,100.0,100.0
2331,No Match,unmatched,165.44,6.939,305.052,88997.0,100.0,100.0
2332,No Match,unmatched,161.98,1.836,305.0685,80157.0,100.0,100.0
2333,No Match,unmatched,166.78,1.228,305.0795,88849.0,100.0,100.0
2334,No Match,unmatched,163.67,2.152,305.1016,29481.0,100.0,100.0
2335,No Match,unmatched,165.94,2.869,305.1033,62243.0,100.0,100.0
2336,No Match,unmatched,163.12,0.528,305.1056,4983.0,100.0,100.0
2337,No Match,unmatched,153.28,3.587,305.9098,60264.0,100.0,100.0
2338,No Match,unmatched,160.87,2.17,306.0856,86915.0,100.0,100.0
2339,No Match,unmatched,160.05,9.649,306.0866,91317.0,100.0,100.0
2340,No Match,unmatched,160.19,3.437,306.0877,54056.0,100.0,100.0
2341,No Match,unmatched,159.71,7.911,306.0878,95975.0,100.0,100.0
2342,No Match,unmatched,160.2,6.035,306.088,65921.0,100.0,100.0
2343,No Match,unmatched,160.19,4.387,306.0883,74685.0,100.0,100.0
2344,No Match,unmatched,165.63750000000002,1.1105833333333337,306.102325,62988.0,100.0,100.0
2345,No Match,unmatched,159.84,9.858,306.90785,7920.0,100.0,100.0
2346,No Match,unmatched,146.85500000000002,1.665,306.90835,34186.0,100.0,100.0
2347,No Match,unmatched,168.25,9.726,306.9083,87652.0,100.0,100.0
2348,No Match,unmatched,160.01,12.439,306.909,42866.0,100.0,100.0
2349,No Match,unmatched,167.74,9.74,306.914,94115.0,100.0,100.0
2350,No Match,unmatched,162.04,1.85,307.0114,84863.0,100.0,100.0
2351,No Match,unmatched,168.02,5.976,307.0681,23114.0,100.0,100.0
2352,No Match,unmatched,161.6,1.656,307.0718,26632.0,100.0,100.0
2353,No Match,unmatched,165.51999999999998,1.1725,307.10605,35489.0,100.0,100.0
2354,No Match,unmatched,152.77,3.126,307.9063,86874.0,100.0,100.0
2355,No Match,unmatched,160.15,9.731,307.9125,52324.0,100.0,100.0
2356,No Match,unmatched,165.06,0.661,308.0996,54214.0,100.0,100.0
2357,No Match,unmatched,151.54,5.815,308.1079,77353.0,100.0,100.0
2358,No Match,unmatched,167.06545454545454,1.6549090909090909,308.11639999999994,18068.0,100.0,100.0
2359,No Match,unmatched,167.1,1.324,308.1197,63335.0,100.0,100.0
2360,No Match,unmatched,159.96,12.442,308.9045,35508.0,100.0,100.0
2361,No Match,unmatched,159.78,9.779,308.9049,15593.0,100.0,100.0
2362,No Match,unmatched,147.84,6.635,308.9759,9222.0,100.0,100.0
2363,No Match,unmatched,157.89,10.09,309.0391,88657.0,100.0,100.0
2364,No Match,unmatched,157.53,14.54,309.0409,48469.0,100.0,100.0
2365,No Match,unmatched,157.7,15.135,309.0411,15080.0,100.0,100.0
2366,No Match,unmatched,164.335,1.7365,309.10215,39176.0,100.0,100.0
2367,No Match,unmatched,168.02,3.75,309.1017,2673.0,100.0,100.0
2368,No Match,unmatched,166.42,1.137,309.1107,81175.0,100.0,100.0
2369,No Match,unmatched,167.57,3.777,310.109,95701.0,100.0,100.0
2370,No Match,unmatched,160.055,9.7175,310.90255,20465.0,100.0,100.0
2371,No Match,unmatched,160.4,12.434,310.9033,70329.0,100.0,100.0
2372,No Match,unmatched,159.91,15.135,311.0329,92072.0,100.0,100.0
2373,No Match,unmatched,166.2,1.739,311.0617,24812.0,100.0,100.0
2374,No Match,unmatched,166.32,4.001,311.0649,54656.0,100.0,100.0
2375,No Match,unmatched,166.32,1.668,311.0659,45073.0,100.0,100.0
2376,No Match,unmatched,167.68,3.099,312.0124,74848.0,100.0,100.0
2377,No Match,unmatched,147.03,4.115,312.9031,86214.0,100.0,100.0
2378,No Match,unmatched,169.2,9.244,313.0422,27016.0,100.0,100.0
2379,No Match,unmatched,167.58,11.817,313.0437,73079.0,100.0,100.0
2380,No Match,unmatched,159.48624999999998,0.729875,313.0623875,34925.0,100.0,100.0
2381,No Match,unmatched,166.89,2.549,313.0772,50362.0,100.0,100.0
2382,No Match,unmatched,166.74,3.614,313.0801,51044.0,100.0,100.0
2383,No Match,unmatched,37.21,7.439,313.1193,94245.0,100.0,100.0
2384,No Match,unmatched,163.26,0.7125,314.06855,38881.0,100.0,100.0
2385,No Match,unmatched,167.07,3.244,314.97025,76589.0,100.0,100.0
2386,No Match,unmatched,167.14,4.4,314.9741,22065.0,100.0,100.0
2387,No Match,unmatched,163.15,5.544,314.9744,9911.0,100.0,100.0
2388,No Match,unmatched,169.81,8.166,315.0919,48249.0,100.0,100.0
2389,No Match,unmatched,131.74,6.97,315.8941,34588.0,100.0,100.0
2390,No Match,unmatched,164.69,9.765,315.9429,65900.0,100.0,100.0
2391,No Match,unmatched,139.86,5.845,315.9496,6224.0,100.0,100.0
2392,No Match,unmatched,131.59,6.972,315.9504,69973.0,100.0,100.0
2393,No Match,unmatched,169.87,5.83,316.0699,33511.0,100.0,100.0
2394,No Match,unmatched,164.35,9.753,316.9365,9827.0,100.0,100.0
2395,No Match,unmatched,166.96,6.844,316.9654,43243.0,100.0,100.0
2396,No Match,unmatched,166.83,6.004,316.9655,60406.0,100.0,100.0
2397,No Match,unmatched,162.83,7.484,317.0011,75787.0,100.0,100.0
2398,No Match,unmatched,168.43,3.995,317.0701,36872.0,100.0,100.0
2399,No Match,unmatched,139.88,5.843,317.0997,56677.0,100.0,100.0
2400,No Match,unmatched,166.03,3.365,318.0218,17787.0,100.0,100.0
2401,No Match,unmatched,163.385,0.5805,318.04325,23584.0,100.0,100.0
2402,No Match,unmatched,167.72,0.5895,318.08925,28610.0,100.0,100.0
2403,No Match,unmatched,169.29999999999998,1.6903333333333332,318.10226666666665,46732.0,100.0,100.0
2404,No Match,unmatched,168.4,3.024,318.1025,72371.0,100.0,100.0
2405,No Match,unmatched,164.14,9.764,318.9338,95545.0,100.0,100.0
2406,No Match,unmatched,166.19,11.877,318.9805,3596.0,100.0,100.0
2407,No Match,unmatched,150.46666666666667,10.694666666666665,318.9806,15175.0,100.0,100.0
2408,No Match,unmatched,165.07,1.408,319.082,45484.0,100.0,100.0
2409,No Match,unmatched,167.86333333333334,0.594,319.08483333333334,25673.0,100.0,100.0
2410,No Match,unmatched,169.39,1.726,319.1062,69350.0,100.0,100.0
2411,No Match,unmatched,139.82,5.843,319.9491,9469.0,100.0,100.0
2412,No Match,unmatched,164.92,11.868,319.9851,87135.0,100.0,100.0
2413,No Match,unmatched,171.09,6.706,320.1102,75529.0,100.0,100.0
2414,No Match,unmatched,170.75866666666664,1.8603333333333332,320.1154466666667,59832.0,100.0,100.0
2415,No Match,unmatched,141.35,0.574,320.8948,16455.0,100.0,100.0
2416,No Match,unmatched,160.81,4.011,320.9196,94096.0,100.0,100.0
2417,No Match,unmatched,155.33,3.99,320.9241,31328.0,100.0,100.0
2418,No Match,unmatched,153.465,1.6720000000000002,320.92485,30494.0,100.0,100.0
2419,No Match,unmatched,160.45,4.006,320.9251,68704.0,100.0,100.0
2420,No Match,unmatched,132.71,8.329,320.9878,29913.0,100.0,100.0
2421,No Match,unmatched,164.25,3.988,321.0093,65738.0,100.0,100.0
2422,No Match,unmatched,139.85,5.842,321.021,56316.0,100.0,100.0
2423,No Match,unmatched,159.38,0.988,321.0236,80159.0,100.0,100.0
2424,No Match,unmatched,167.31,2.096,321.0264,90716.0,100.0,100.0
2425,No Match,unmatched,171.1,8.273,321.0833,82163.0,100.0,100.0
2426,No Match,unmatched,170.64999999999998,7.0085,321.08365000000003,26479.0,100.0,100.0
2427,No Match,unmatched,169.85500000000002,5.5495,321.0837,6835.0,100.0,100.0
2428,No Match,unmatched,169.19,3.82675,321.08714999999995,40078.0,100.0,100.0
2429,No Match,unmatched,148.19,8.329,321.9908,41673.0,100.0,100.0
2430,No Match,unmatched,163.74,7.136,322.0874,80456.0,100.0,100.0
2431,No Match,unmatched,167.19,0.7283333333333334,322.09656666666666,16401.0,100.0,100.0
2432,No Match,unmatched,132.77,8.331,322.1025,24632.0,100.0,100.0
2433,No Match,unmatched,165.50666666666666,1.6773333333333331,323.0405,19464.0,100.0,100.0
2434,No Match,unmatched,169.24,3.998,323.045,71746.0,100.0,100.0
2435,No Match,unmatched,169.84,5.835000000000001,323.0631,85178.0,100.0,100.0
2436,No Match,unmatched,170.58,11.338,323.0827,74006.0,100.0,100.0
2437,No Match,unmatched,171.64,2.554,324.0228,52450.0,100.0,100.0
2438,No Match,unmatched,167.41,4.658,324.0656,93360.0,100.0,100.0
2439,No Match,unmatched,169.5025,0.8625,324.109975,12223.0,100.0,100.0
2440,No Match,unmatched,166.86,2.201,325.0978,67759.0,100.0,100.0
2441,No Match,unmatched,148.52,6.853,326.966,19109.0,100.0,100.0
2442,No Match,unmatched,165.06,2.798,327.0642,74507.0,100.0,100.0
2443,No Match,unmatched,169.44,1.73,327.0977,79569.0,100.0,100.0
2444,No Match,unmatched,150.91,6.633,327.9791,26447.0,100.0,100.0
2445,No Match,unmatched,172.24,1.491,328.0452,40213.0,100.0,100.0
2446,No Match,unmatched,168.20000000000002,1.05825,328.08445,93787.0,100.0,100.0
2447,No Match,unmatched,34.79,6.643,328.9794,81090.0,100.0,100.0
2448,No Match,unmatched,167.35,11.502,328.9843,91816.0,100.0,100.0
2449,No Match,unmatched,167.86,10.69,328.9854,62312.0,100.0,100.0
2450,No Match,unmatched,167.49,8.803,328.9863,84429.0,100.0,100.0
2451,No Match,unmatched,172.16,3.416,328.988,29587.0,100.0,100.0
2452,No Match,unmatched,162.93000000000006,1.193064516129032,329.03147741935487,25913.0,100.0,100.0
2453,No Match,unmatched,166.1,3.8925,329.0307,27447.0,100.0,100.0
2454,No Match,unmatched,160.57,13.732,329.047,24546.0,100.0,100.0
2455,No Match,unmatched,161.09,13.2395,329.0474,3215.0,100.0,100.0
2456,No Match,unmatched,160.825,10.0855,329.04864999999995,8930.0,100.0,100.0
2457,No Match,unmatched,170.17000000000002,10.2035,329.0943,63029.0,100.0,100.0
2458,No Match,unmatched,169.81,6.432,329.104,91444.0,100.0,100.0
2459,No Match,unmatched,170.74,0.639,329.9858,83241.0,100.0,100.0
2460,No Match,unmatched,162.37,0.632,330.0343,80471.0,100.0,100.0
2461,No Match,unmatched,160.93,15.139,330.0502,51867.0,100.0,100.0
2462,No Match,unmatched,172.0,3.483,330.1027,32875.0,100.0,100.0
2463,No Match,unmatched,167.69,3.7935,330.9692,62505.0,100.0,100.0
2464,No Match,unmatched,133.87,13.496,330.9777,90696.0,100.0,100.0
2465,No Match,unmatched,164.10666666666663,6.1243333333333325,330.98043333333334,89394.0,100.0,100.0
2466,No Match,unmatched,151.07999999999998,6.658,330.97905000000003,75231.0,100.0,100.0
2467,No Match,unmatched,141.275,8.139833333333334,330.9807333333333,55755.0,100.0,100.0
2468,No Match,unmatched,146.77,7.632,330.979,85098.0,100.0,100.0
2469,No Match,unmatched,150.605,7.8365,330.9803,74056.0,100.0,100.0
2470,No Match,unmatched,137.77,7.774,330.9804,36584.0,100.0,100.0
2471,No Match,unmatched,149.3,10.423,330.9808,16491.0,100.0,100.0
2472,No Match,unmatched,143.625,9.5265,330.981675,78477.0,100.0,100.0
2473,No Match,unmatched,133.195,7.425,330.9815,19026.0,100.0,100.0
2474,No Match,unmatched,135.26,12.8745,330.9825,72074.0,100.0,100.0
2475,No Match,unmatched,146.99,7.627,330.9832,56782.0,100.0,100.0
2476,No Match,unmatched,172.43,3.803,331.086,28324.0,100.0,100.0
2477,No Match,unmatched,167.45,12.348,331.0963,40714.0,100.0,100.0
2478,No Match,unmatched,141.56,4.013,331.95,6028.0,100.0,100.0
2479,No Match,unmatched,163.43,2.841,332.0018,58440.0,100.0,100.0
2480,No Match,unmatched,149.67199999999997,0.9546,332.99482,23693.0,100.0,100.0
2481,No Match,unmatched,173.26,4.89,333.0314,59651.0,100.0,100.0
2482,No Match,unmatched,164.65,8.054,333.0353,65014.0,100.0,100.0
2483,No Match,unmatched,165.39,12.985,333.0605,65602.0,100.0,100.0
2484,No Match,unmatched,171.38,0.834,333.1016,58623.0,100.0,100.0
2485,No Match,unmatched,141.42,3.98,333.9474,8349.0,100.0,100.0
2486,No Match,unmatched,164.71,2.713,334.0161,86683.0,100.0,100.0
2487,No Match,unmatched,169.48,0.599,334.0835,33239.0,100.0,100.0
2488,No Match,unmatched,166.32,11.544,334.9201,82224.0,100.0,100.0
2489,No Match,unmatched,159.98,4.003500000000001,334.93925,73193.0,100.0,100.0
2490,No Match,unmatched,165.0,3.983,334.9398,59968.0,100.0,100.0
2491,No Match,unmatched,149.8,0.992,334.99465,70533.0,100.0,100.0
2492,No Match,unmatched,165.39,7.796,335.0165,24554.0,100.0,100.0
2493,No Match,unmatched,168.25,0.57,335.0348,92094.0,100.0,100.0
2494,No Match,unmatched,168.3,0.581,335.0404,70320.0,100.0,100.0
2495,No Match,unmatched,169.21,0.835,335.07965,7127.0,100.0,100.0
2496,No Match,unmatched,168.35,1.687,335.0801,72796.0,100.0,100.0
2497,No Match,unmatched,169.885,2.36,335.08185,6531.0,100.0,100.0
2498,No Match,unmatched,167.99,7.804,335.0995,6102.0,100.0,100.0
2499,No Match,unmatched,172.94,7.774,335.1011,32048.0,100.0,100.0
2500,No Match,unmatched,172.67,7.399,335.1048,81672.0,100.0,100.0
2501,No Match,unmatched,157.805,5.0985,335.109,71757.0,100.0,100.0
2502,No Match,unmatched,169.52,0.536,336.0837,83954.0,100.0,100.0
2503,No Match,unmatched,166.78866666666667,1.304266666666667,336.1002666666666,16657.0,100.0,100.0
2504,No Match,unmatched,166.74,2.398,336.1001,45252.0,100.0,100.0
2505,No Match,unmatched,167.1,11.523,336.92,69777.0,100.0,100.0
2506,No Match,unmatched,141.53,3.988,337.0232,73454.0,100.0,100.0
2507,No Match,unmatched,167.13,4.576,337.0888,95739.0,100.0,100.0
2508,No Match,unmatched,166.74886363636364,2.136863636363636,337.0957727272728,28183.0,100.0,100.0
2509,No Match,unmatched,166.535,2.3785,337.0954,59586.0,100.0,100.0
2510,No Match,unmatched,166.61,2.786,337.096,15822.0,100.0,100.0
2511,No Match,unmatched,168.23,8.026,337.0976,87681.0,100.0,100.0
2512,No Match,unmatched,156.5,3.121,337.8986,27476.0,100.0,100.0
2513,No Match,unmatched,155.64999999999998,4.537000000000001,337.89975000000004,13117.0,100.0,100.0
2514,No Match,unmatched,149.92,5.486,337.8996,11211.0,100.0,100.0
2515,No Match,unmatched,171.4,5.625,338.0827,8289.0,100.0,100.0
2516,No Match,unmatched,166.95333333333335,1.1786666666666668,338.0996666666667,59436.0,100.0,100.0
2517,No Match,unmatched,168.79,2.697,338.9776,68636.0,100.0,100.0
2518,No Match,unmatched,171.28,5.654,339.0873,92748.0,100.0,100.0
2519,No Match,unmatched,168.55333333333337,2.072,339.1096333333333,48804.0,100.0,100.0
2520,No Match,unmatched,168.02,0.778,339.1089,67750.0,100.0,100.0
2521,No Match,unmatched,171.51,6.495,340.0981,36841.0,100.0,100.0
2522,No Match,unmatched,172.72,0.703,340.1033,12616.0,100.0,100.0
2523,No Match,unmatched,171.98,2.872,341.0273,27660.0,100.0,100.0
2524,No Match,unmatched,174.97,3.185,341.0633,44761.0,100.0,100.0
2525,No Match,unmatched,173.04,8.753,341.9507,69364.0,100.0,100.0
2526,No Match,unmatched,174.87,6.289,342.0786,89447.0,100.0,100.0
2527,No Match,unmatched,173.88,4.691,343.0049,85086.0,100.0,100.0
2528,No Match,unmatched,174.345,3.3215000000000003,343.98395,72719.0,100.0,100.0
2529,No Match,unmatched,164.35,0.589,343.9899,52839.0,100.0,100.0
2530,No Match,unmatched,159.04,3.97,344.0007,88453.0,100.0,100.0
2531,No Match,unmatched,172.65,0.562,344.0618,84251.0,100.0,100.0
2532,No Match,unmatched,174.01,1.741,344.0835,52842.0,100.0,100.0
2533,No Match,unmatched,174.87,2.554,344.1159,51438.0,100.0,100.0
2534,No Match,unmatched,150.03,2.2756666666666665,344.8940333333333,9634.0,100.0,100.0
2535,No Match,unmatched,159.18,0.8374285714285714,344.9984857142857,94298.0,100.0,100.0
2536,No Match,unmatched,173.82,0.55,346.0561,8475.0,100.0,100.0
2537,No Match,unmatched,173.26999999999998,2.0235000000000003,346.09685,16750.0,100.0,100.0
2538,No Match,unmatched,150.34,6.736,346.8991,50442.0,100.0,100.0
2539,No Match,unmatched,141.24,11.879,346.9749,79683.0,100.0,100.0
2540,No Match,unmatched,140.24,9.485,346.9757,24837.0,100.0,100.0
2541,No Match,unmatched,172.918,12.6268,347.01222,40384.0,100.0,100.0
2542,No Match,unmatched,165.43,0.661,347.0446,51600.0,100.0,100.0
2543,No Match,unmatched,174.45,1.503,347.1183,77632.0,100.0,100.0
2544,No Match,unmatched,174.32,6.827,347.1193,83793.0,100.0,100.0
2545,No Match,unmatched,167.695,9.769,348.9014,7492.0,100.0,100.0
2546,No Match,unmatched,169.59,6.921,348.9562,53632.0,100.0,100.0
2547,No Match,unmatched,162.65,4.003,348.9564,84666.0,100.0,100.0
2548,No Match,unmatched,169.29,5.467,348.9568,76136.0,100.0,100.0
2549,No Match,unmatched,173.6475,0.741,349.09545,81320.0,100.0,100.0
2550,No Match,unmatched,146.32,6.19,349.9195,47760.0,100.0,100.0
2551,No Match,unmatched,140.46,9.689,349.9708,77613.0,100.0,100.0
2552,No Match,unmatched,170.17,8.831,350.0772,90884.0,100.0,100.0
2553,No Match,unmatched,167.76999999999998,9.7655,350.8976,6019.0,100.0,100.0
2554,No Match,unmatched,142.89,10.919,350.9704,61124.0,100.0,100.0
2555,No Match,unmatched,172.05,0.507,351.0096,67261.0,100.0,100.0
2556,No Match,unmatched,167.5791304347826,1.1310434782608696,351.0136739130434,37885.0,100.0,100.0
2557,No Match,unmatched,140.03,9.692,351.9058,16675.0,100.0,100.0
2558,No Match,unmatched,167.38,0.525,352.0174,58271.0,100.0,100.0
2559,No Match,unmatched,176.8,1.094,352.0386,65882.0,100.0,100.0
2560,No Match,unmatched,175.18,0.659,352.1046,67466.0,100.0,100.0
2561,No Match,unmatched,168.1266666666667,9.739,352.8942666666667,93538.0,100.0,100.0
2562,No Match,unmatched,160.25,0.675,352.9903,85201.0,100.0,100.0
2563,No Match,unmatched,159.96333333333334,0.6543333333333333,352.99756666666667,65122.0,100.0,100.0
2564,No Match,unmatched,156.17,3.568,353.894,12804.0,100.0,100.0
2565,No Match,unmatched,140.21,9.69,353.9034,22275.0,100.0,100.0
2566,No Match,unmatched,150.59,8.037,353.9596,6885.0,100.0,100.0
2567,No Match,unmatched,140.14,9.691,353.9623,38636.0,100.0,100.0
2568,No Match,unmatched,167.445,8.8535,353.9753,95292.0,100.0,100.0
2569,No Match,unmatched,140.34,9.484,353.9986,12163.0,100.0,100.0
2570,No Match,unmatched,167.68,9.712,354.8944,68648.0,100.0,100.0
2571,No Match,unmatched,140.68,9.306,354.9791,85775.0,100.0,100.0
2572,No Match,unmatched,163.56,2.773,356.9257,56608.0,100.0,100.0
2573,No Match,unmatched,177.30454545454543,13.185090909090912,357.01472727272727,36069.0,100.0,100.0
2574,No Match,unmatched,177.03105263157894,15.133894736842104,357.0143842105263,64173.0,100.0,100.0
2575,No Match,unmatched,177.48333333333335,10.288666666666666,357.01506666666666,67380.0,100.0,100.0
2576,No Match,unmatched,176.99,13.907,357.013,73347.0,100.0,100.0
2577,No Match,unmatched,177.17,10.987,357.0158,45642.0,100.0,100.0
2578,No Match,unmatched,162.87571428571428,0.7014285714285714,357.0298571428571,68207.0,100.0,100.0
2579,No Match,unmatched,162.71,0.661,357.0374,79966.0,100.0,100.0
2580,No Match,unmatched,172.12,2.684,357.0615,7486.0,100.0,100.0
2581,No Match,unmatched,175.06,6.132,357.0867,88114.0,100.0,100.0
2582,No Match,unmatched,174.66,3.625,357.1031,50452.0,100.0,100.0
2583,No Match,unmatched,176.83,0.548,357.1192,69200.0,100.0,100.0
2584,No Match,unmatched,177.37,15.09,358.0103,91773.0,100.0,100.0
2585,No Match,unmatched,176.13,9.895,358.9308,85642.0,100.0,100.0
2586,No Match,unmatched,175.5725,10.943,358.995275,91483.0,100.0,100.0
2587,No Match,unmatched,174.81,9.97325,358.99525,26797.0,100.0,100.0
2588,No Match,unmatched,174.87,7.815,358.9948,43432.0,100.0,100.0
2589,No Match,unmatched,175.15,8.755,358.9951,50609.0,100.0,100.0
2590,No Match,unmatched,174.8,13.5905,358.9954,48239.0,100.0,100.0
2591,No Match,unmatched,174.72,15.005,358.9967,78537.0,100.0,100.0
2592,No Match,unmatched,176.39,3.261,359.0554,26588.0,100.0,100.0
2593,No Match,unmatched,178.1833333333333,3.6726666666666663,359.05586666666665,87038.0,100.0,100.0
2594,No Match,unmatched,165.35,0.566,359.9622,65773.0,100.0,100.0
2595,No Match,unmatched,175.04,0.522,360.0194,81519.0,100.0,100.0
2596,No Match,unmatched,167.015,0.5720000000000001,360.0279,34695.0,100.0,100.0
2597,No Match,unmatched,174.84,2.665,360.1195,93433.0,100.0,100.0
2598,No Match,unmatched,156.12,0.584,360.9282,22860.0,100.0,100.0
2599,No Match,unmatched,176.9575,13.05625,361.027275,57575.0,100.0,100.0
2600,No Match,unmatched,177.735,4.102,361.09665,59881.0,100.0,100.0
2601,No Match,unmatched,161.41,11.185,361.9392,71840.0,100.0,100.0
2602,No Match,unmatched,170.89,8.043,362.9534,90846.0,100.0,100.0
2603,No Match,unmatched,171.09,10.021,363.0467,43441.0,100.0,100.0
2604,No Match,unmatched,171.82,2.117,363.0755,69290.0,100.0,100.0
2605,No Match,unmatched,176.28666666666666,1.723,363.11263333333335,12002.0,100.0,100.0
2606,No Match,unmatched,173.15,0.594,364.0965,67230.0,100.0,100.0
2607,No Match,unmatched,174.475,0.7037500000000001,365.0907,66611.0,100.0,100.0
2608,No Match,unmatched,174.05,0.581,366.0382,78137.0,100.0,100.0
2609,No Match,unmatched,173.66062499999998,1.20025,366.109975,24865.0,100.0,100.0
2610,No Match,unmatched,167.48,3.698,366.8997,93546.0,100.0,100.0
2611,No Match,unmatched,165.8183333333333,0.7020000000000001,366.98656666666665,54403.0,100.0,100.0
2612,No Match,unmatched,172.1175,0.594,366.986525,31545.0,100.0,100.0
2613,No Match,unmatched,167.13,1.697,366.9946,77511.0,100.0,100.0
2614,No Match,unmatched,167.38333333333333,1.6753333333333331,366.9993,23629.0,100.0,100.0
2615,No Match,unmatched,170.45,14.544,367.0282,74859.0,100.0,100.0
2616,No Match,unmatched,173.5716666666667,1.7998000000000005,367.10619333333335,37538.0,100.0,100.0
2617,No Match,unmatched,173.845,2.2185,367.11165,87048.0,100.0,100.0
2618,No Match,unmatched,173.5557142857143,1.020857142857143,368.11078571428567,8452.0,100.0,100.0
2619,No Match,unmatched,175.26,1.319,368.9724,10156.0,100.0,100.0
2620,No Match,unmatched,139.55,11.873,368.9726,80191.0,100.0,100.0
2621,No Match,unmatched,139.74,9.487,369.0995,52515.0,100.0,100.0
2622,No Match,unmatched,176.935,0.6525,369.10305,9846.0,100.0,100.0
2623,No Match,unmatched,174.135,0.7749999999999999,369.11525,22006.0,100.0,100.0
2624,No Match,unmatched,139.72,9.513,369.9807,88356.0,100.0,100.0
2625,No Match,unmatched,177.25,0.571,370.0044,58170.0,100.0,100.0
2626,No Match,unmatched,139.755,9.4805,371.98655,59734.0,100.0,100.0
2627,No Match,unmatched,176.28,9.521,372.0182,53496.0,100.0,100.0
2628,No Match,unmatched,166.72,0.605,373.0036,32470.0,100.0,100.0
2629,No Match,unmatched,178.23,11.413,373.024,87132.0,100.0,100.0
2630,No Match,unmatched,172.33,3.216,373.0574,43691.0,100.0,100.0
2631,No Match,unmatched,139.97500000000002,9.516,374.9969,95305.0,100.0,100.0
2632,No Match,unmatched,177.08,0.594,374.9973,94658.0,100.0,100.0
2633,No Match,unmatched,179.04,13.13,375.037,93892.0,100.0,100.0
2634,No Match,unmatched,180.62,0.906,376.1049,15108.0,100.0,100.0
2635,No Match,unmatched,139.57,9.477,376.1174,63399.0,100.0,100.0
2636,No Match,unmatched,180.325,2.994,379.00545,17112.0,100.0,100.0
2637,No Match,unmatched,179.93,0.594,380.0421,36803.0,100.0,100.0
2638,No Match,unmatched,139.495,4.779999999999999,380.97675,78292.0,100.0,100.0
2639,No Match,unmatched,139.93142857142857,9.340571428571428,380.9776,22713.0,100.0,100.0
2640,No Match,unmatched,140.22,11.877,380.9772,89875.0,100.0,100.0
2641,No Match,unmatched,157.47,11.208,380.9771,35688.0,100.0,100.0
2642,No Match,unmatched,146.19,8.849499999999999,380.9776,3664.0,100.0,100.0
2643,No Match,unmatched,153.105,8.8,380.9791,9638.0,100.0,100.0
2644,No Match,unmatched,145.07,11.21,380.9774,18550.0,100.0,100.0
2645,No Match,unmatched,138.99,13.141,380.9775,95522.0,100.0,100.0
2646,No Match,unmatched,147.06,8.904,380.9847,95009.0,100.0,100.0
2647,No Match,unmatched,177.91,3.988,381.0253,5631.0,100.0,100.0
2648,No Match,unmatched,171.91,7.178,381.0564,37077.0,100.0,100.0
2649,No Match,unmatched,140.26,8.788,381.9794,55478.0,100.0,100.0
2650,No Match,unmatched,172.58,0.546,382.9561,89135.0,100.0,100.0
2651,No Match,unmatched,178.28,10.862,385.9013,87670.0,100.0,100.0
2652,No Match,unmatched,176.89,12.387,385.9051,84055.0,100.0,100.0
2653,No Match,unmatched,181.605,4.8525,386.04185,35816.0,100.0,100.0
2654,No Match,unmatched,146.93,11.397,386.9872,65323.0,100.0,100.0
2655,No Match,unmatched,174.28750000000002,14.98275,387.035725,9905.0,100.0,100.0
2656,No Match,unmatched,180.78,11.444,387.0629,64074.0,100.0,100.0
2657,No Match,unmatched,179.275,2.73,387.0752,80057.0,100.0,100.0
2658,No Match,unmatched,177.96,10.868,387.8958,76350.0,100.0,100.0
2659,No Match,unmatched,176.48,12.387,387.9011,81085.0,100.0,100.0
2660,No Match,unmatched,181.9,3.327,388.0103,43965.0,100.0,100.0
2661,No Match,unmatched,163.39,9.418,388.9635,69922.0,100.0,100.0
2662,No Match,unmatched,178.735,1.76,389.052175,40717.0,100.0,100.0
2663,No Match,unmatched,178.83499999999998,2.867,389.09275,64917.0,100.0,100.0
2664,No Match,unmatched,177.55,11.646,391.08,85536.0,100.0,100.0
2665,No Match,unmatched,171.6,0.582,392.0421,14950.0,100.0,100.0
2666,No Match,unmatched,169.93,0.589,393.0289,40300.0,100.0,100.0
2667,No Match,unmatched,181.46,3.482,395.0706,94023.0,100.0,100.0
2668,No Match,unmatched,180.38,0.554,395.1014,62130.0,100.0,100.0
2669,No Match,unmatched,146.39,6.966,396.9098,84319.0,100.0,100.0
2670,No Match,unmatched,184.525,3.9935,396.9898,45655.0,100.0,100.0
2671,No Match,unmatched,182.11,2.4,397.0038,1986.0,100.0,100.0
2672,No Match,unmatched,180.38,1.324,397.0232,73420.0,100.0,100.0
2673,No Match,unmatched,179.72,1.722,397.117,93712.0,100.0,100.0
2674,No Match,unmatched,180.01,3.816,397.1171,68712.0,100.0,100.0
2675,No Match,unmatched,169.59333333333333,9.215333333333334,397.9270333333333,69562.0,100.0,100.0
2676,No Match,unmatched,145.75,6.971,398.8959,92853.0,100.0,100.0
2677,No Match,unmatched,146.48,6.971,398.9421,74625.0,100.0,100.0
2678,No Match,unmatched,178.63,0.566,399.0974,55353.0,100.0,100.0
2679,No Match,unmatched,170.0,9.194,399.9242,43053.0,100.0,100.0
2680,No Match,unmatched,151.33,8.548,399.9448,95557.0,100.0,100.0
2681,No Match,unmatched,147.89,8.168,399.9449,92975.0,100.0,100.0
2682,No Match,unmatched,151.54,8.499,400.0341,81991.0,100.0,100.0
2683,No Match,unmatched,171.5,14.621,400.8914,50838.0,100.0,100.0
2684,No Match,unmatched,166.22,0.593,400.9626,6018.0,100.0,100.0
2685,No Match,unmatched,185.48,2.727,401.0876,13204.0,100.0,100.0
2686,No Match,unmatched,185.74,5.556,401.0877,11791.0,100.0,100.0
2687,No Match,unmatched,151.13,8.493,402.0778,11300.0,100.0,100.0
2688,No Match,unmatched,171.38,14.609,402.8908,20603.0,100.0,100.0
2689,No Match,unmatched,183.96,3.988,403.0063,4462.0,100.0,100.0
2690,No Match,unmatched,172.95,1.895,403.008,84682.0,100.0,100.0
2691,No Match,unmatched,150.87,8.501,403.0246,79225.0,100.0,100.0
2692,No Match,unmatched,183.57,4.016,404.0115,71628.0,100.0,100.0
2693,No Match,unmatched,146.39,9.968,404.9787,61330.0,100.0,100.0
2694,No Match,unmatched,176.79538461538462,12.792769230769236,404.99575,54849.0,100.0,100.0
2695,No Match,unmatched,177.12,13.9476,404.99664,85439.0,100.0,100.0
2696,No Match,unmatched,148.21,10.422,404.9984,43184.0,100.0,100.0
2697,No Match,unmatched,182.6,0.575,405.1055,44084.0,100.0,100.0
2698,No Match,unmatched,187.085,5.407500000000001,405.1148,68420.0,100.0,100.0
2699,No Match,unmatched,186.06,2.6515,406.02085,81079.0,100.0,100.0
2700,No Match,unmatched,186.61,0.966,406.11455,15582.0,100.0,100.0
2701,No Match,unmatched,176.27,1.333,407.9832,11432.0,100.0,100.0
2702,No Match,unmatched,178.66,1.13,407.9891,89510.0,100.0,100.0
2703,No Match,unmatched,174.79,0.582,408.0175,53250.0,100.0,100.0
2704,No Match,unmatched,164.16,9.412,408.9689,3830.0,100.0,100.0
2705,No Match,unmatched,161.45,12.1115,408.9727,53942.0,100.0,100.0
2706,No Match,unmatched,161.615,12.106,408.973,92424.0,100.0,100.0
2707,No Match,unmatched,183.75,3.459,409.0612,90090.0,100.0,100.0
2708,No Match,unmatched,180.96,8.987,409.0888,11848.0,100.0,100.0
2709,No Match,unmatched,184.62,4.735,410.0397,81070.0,100.0,100.0
2710,No Match,unmatched,185.565,11.455,410.98775,41823.0,100.0,100.0
2711,No Match,unmatched,185.68,10.348,410.9877,53261.0,100.0,100.0
2712,No Match,unmatched,185.375,8.663499999999999,410.9889500000001,45681.0,100.0,100.0
2713,No Match,unmatched,185.81,7.273,410.9888,53812.0,100.0,100.0
2714,No Match,unmatched,187.68,12.401,412.9053,79473.0,100.0,100.0
2715,No Match,unmatched,182.26,2.395,412.9775,12101.0,100.0,100.0
2716,No Match,unmatched,145.47,9.144,412.9852,76534.0,100.0,100.0
2717,No Match,unmatched,185.33,1.367,413.1065,52030.0,100.0,100.0
2718,No Match,unmatched,148.47,11.0,414.9656,42697.0,100.0,100.0
2719,No Match,unmatched,148.45,5.218,415.0905,91242.0,100.0,100.0
2720,No Match,unmatched,169.99,0.588,416.935,6291.0,100.0,100.0
2721,No Match,unmatched,154.72,12.072,416.9771,29224.0,100.0,100.0
2722,No Match,unmatched,151.02,12.072,416.9781,11827.0,100.0,100.0
2723,No Match,unmatched,179.16,0.504,417.0383,53721.0,100.0,100.0
2724,No Match,unmatched,188.03,2.443,418.0199,89533.0,100.0,100.0
2725,No Match,unmatched,169.72,0.585,418.9346,34202.0,100.0,100.0
2726,No Match,unmatched,177.08200000000002,10.3814,418.97316,66283.0,100.0,100.0
2727,No Match,unmatched,138.77857142857144,10.518285714285714,418.9730428571429,105.0,100.0,100.0
2728,No Match,unmatched,161.638,12.359800000000002,418.97422000000006,94084.0,100.0,100.0
2729,No Match,unmatched,187.89,10.43,418.9758,65975.0,100.0,100.0
2730,No Match,unmatched,183.53,10.413,418.9759,82910.0,100.0,100.0
2731,No Match,unmatched,50.53,10.411,418.9791,79954.0,100.0,100.0
2732,No Match,unmatched,3.32,10.444,418.9803,74619.0,100.0,100.0
2733,No Match,unmatched,62.11,10.45,419.0024,84836.0,100.0,100.0
2734,No Match,unmatched,3.32,10.424,419.0086,68256.0,100.0,100.0
2735,No Match,unmatched,165.85,10.41,419.0535,78786.0,100.0,100.0
2736,No Match,unmatched,147.4,10.422,419.1018,57152.0,100.0,100.0
2737,No Match,unmatched,165.58,10.429,419.1031,79173.0,100.0,100.0
2738,No Match,unmatched,147.44,10.42,419.1099,9656.0,100.0,100.0
2739,No Match,unmatched,147.46,10.421,419.1166,2084.0,100.0,100.0
2740,No Match,unmatched,147.36,10.417,420.0551,73467.0,100.0,100.0
2741,No Match,unmatched,149.83,1.07,420.099,40208.0,100.0,100.0
2742,No Match,unmatched,147.33,10.424,420.9147,76153.0,100.0,100.0
2743,No Match,unmatched,156.65,9.488,420.9925,79693.0,100.0,100.0
2744,No Match,unmatched,183.15,2.421,421.999,18308.0,100.0,100.0
2745,No Match,unmatched,186.9475,0.6497499999999999,422.099025,84634.0,100.0,100.0
2746,No Match,unmatched,176.26,2.368,422.9762,66098.0,100.0,100.0
2747,No Match,unmatched,147.75,10.419,422.9881,47931.0,100.0,100.0
2748,No Match,unmatched,186.555,0.618,424.1006,94616.0,100.0,100.0
2749,No Match,unmatched,180.53,12.393,424.9263,53124.0,100.0,100.0
2750,No Match,unmatched,186.99,0.634,425.1049,47718.0,100.0,100.0
2751,No Match,unmatched,180.62,12.398,426.9239,33895.0,100.0,100.0
2752,No Match,unmatched,165.73,10.419,427.001,5893.0,100.0,100.0
2753,No Match,unmatched,185.655,3.8025,427.02715,48526.0,100.0,100.0
2754,No Match,unmatched,187.13,0.583,427.0868,47943.0,100.0,100.0
2755,No Match,unmatched,180.18,12.3815,428.92235,74843.0,100.0,100.0
2756,No Match,unmatched,183.71,1.664,428.994,59121.0,100.0,100.0
2757,No Match,unmatched,183.09,1.684,429.0735,38486.0,100.0,100.0
2758,No Match,unmatched,168.68,9.412,429.1044,37126.0,100.0,100.0
2759,No Match,unmatched,147.22,9.887,430.9827,86496.0,100.0,100.0
2760,No Match,unmatched,157.16,9.694,431.1023,56457.0,100.0,100.0
2761,No Match,unmatched,154.17,9.689,431.9785,95738.0,100.0,100.0
2762,No Match,unmatched,162.15,7.533,432.0369,49620.0,100.0,100.0
2763,No Match,unmatched,157.15,9.684,432.9153,37343.0,100.0,100.0
2764,No Match,unmatched,183.38846153846157,13.236730769230771,432.9902384615385,39037.0,100.0,100.0
2765,No Match,unmatched,183.0,11.325,432.9897,65135.0,100.0,100.0
2766,No Match,unmatched,182.59,0.756,433.0106,64476.0,100.0,100.0
2767,No Match,unmatched,182.005,0.6765,433.0173249999999,16414.0,100.0,100.0
2768,No Match,unmatched,189.63,12.5795,433.08635,45231.0,100.0,100.0
2769,No Match,unmatched,191.32,14.084,434.8922,82890.0,100.0,100.0
2770,No Match,unmatched,183.55,7.852,434.9492,89352.0,100.0,100.0
2771,No Match,unmatched,156.75,9.668,434.9516,65303.0,100.0,100.0
2772,No Match,unmatched,191.56,1.341,435.0875,42534.0,100.0,100.0
2773,No Match,unmatched,171.35,7.751,435.958,22024.0,100.0,100.0
2774,No Match,unmatched,155.49,12.074,436.983,16680.0,100.0,100.0
2775,No Match,unmatched,181.75,8.011,437.0584,77268.0,100.0,100.0
2776,No Match,unmatched,178.405,1.756,437.99405,8255.0,100.0,100.0
2777,No Match,unmatched,186.145,1.617,438.07475,8846.0,100.0,100.0
2778,No Match,unmatched,185.74,1.525,438.0805,90550.0,100.0,100.0
2779,No Match,unmatched,191.37,6.58,439.049,71298.0,100.0,100.0
2780,No Match,unmatched,184.99,1.576,439.0549,49655.0,100.0,100.0
2781,No Match,unmatched,191.505,6.8705,439.113,28632.0,100.0,100.0
2782,No Match,unmatched,190.69,7.886,440.094,40693.0,100.0,100.0
2783,No Match,unmatched,192.33,1.288,441.0757,90712.0,100.0,100.0
2784,No Match,unmatched,191.335,6.8855,441.11185,93714.0,100.0,100.0
2785,No Match,unmatched,193.92,2.987,442.1183,85378.0,100.0,100.0
2786,No Match,unmatched,148.1,10.041,442.9812,83622.0,100.0,100.0
2787,No Match,unmatched,188.46,0.584,443.0597,63266.0,100.0,100.0
2788,No Match,unmatched,191.12,1.886,446.0154,72853.0,100.0,100.0
2789,No Match,unmatched,190.59,1.814,446.0223,90657.0,100.0,100.0
2790,No Match,unmatched,183.24,1.562,448.9891,81183.0,100.0,100.0
2791,No Match,unmatched,195.2,3.972,449.0467,82405.0,100.0,100.0
2792,No Match,unmatched,190.69,1.712,449.0719,39142.0,100.0,100.0
2793,No Match,unmatched,193.95,1.916,449.1031,62989.0,100.0,100.0
2794,No Match,unmatched,187.45,3.06,449.1088,46123.0,100.0,100.0
2795,No Match,unmatched,187.95,11.24,449.9189,63337.0,100.0,100.0
2796,No Match,unmatched,188.91,11.289,449.9243,90601.0,100.0,100.0
2797,No Match,unmatched,152.91,12.502,449.9718,66642.0,100.0,100.0
2798,No Match,unmatched,184.24,8.261,450.9784,94969.0,100.0,100.0
2799,No Match,unmatched,192.70333333333332,0.7136666666666667,451.0909,38796.0,100.0,100.0
2800,No Match,unmatched,189.02,11.276,451.9205,37068.0,100.0,100.0
2801,No Match,unmatched,151.93,12.408,451.9768,52858.0,100.0,100.0
2802,No Match,unmatched,152.16,11.654,451.977,35806.0,100.0,100.0
2803,No Match,unmatched,156.35,11.204,451.9865,55115.0,100.0,100.0
2804,No Match,unmatched,194.68,1.598,453.1085,40376.0,100.0,100.0
2805,No Match,unmatched,180.815,1.568,453.96835,53962.0,100.0,100.0
2806,No Match,unmatched,191.91,0.585,455.0282,63137.0,100.0,100.0
2807,No Match,unmatched,159.94,9.563,455.9586,46290.0,100.0,100.0
2808,No Match,unmatched,158.32,12.069,456.9903,51223.0,100.0,100.0
2809,No Match,unmatched,196.53,5.635,458.1055,37284.0,100.0,100.0
2810,No Match,unmatched,160.07,9.488,460.9419,93800.0,100.0,100.0
2811,No Match,unmatched,197.22,10.426,462.9568,58813.0,100.0,100.0
2812,No Match,unmatched,188.72,10.409,462.9688,93384.0,100.0,100.0
2813,No Match,unmatched,154.27,10.051,462.9827,58919.0,100.0,100.0
2814,No Match,unmatched,150.25,10.032,462.9828,77151.0,100.0,100.0
2815,No Match,unmatched,154.74,10.061,462.9941,92737.0,100.0,100.0
2816,No Match,unmatched,185.33,1.569,464.9674,52975.0,100.0,100.0
2817,No Match,unmatched,189.7,1.962,465.9881,46942.0,100.0,100.0
2818,No Match,unmatched,195.72,3.242,466.0819,45499.0,100.0,100.0
2819,No Match,unmatched,162.88,11.774,466.9547,91295.0,100.0,100.0
2820,No Match,unmatched,159.6,12.654,466.9734,35736.0,100.0,100.0
2821,No Match,unmatched,163.09,12.651,466.9735,44259.0,100.0,100.0
2822,No Match,unmatched,190.88,1.725,467.1013,78082.0,100.0,100.0
2823,No Match,unmatched,198.0,14.425,468.9005,30382.0,100.0,100.0
2824,No Match,unmatched,173.655,11.101,468.9712,880.0,100.0,100.0
2825,No Match,unmatched,174.44,11.208,469.1015,81788.0,100.0,100.0
2826,No Match,unmatched,155.62,11.205,469.1128,17336.0,100.0,100.0
2827,No Match,unmatched,188.14,1.531,469.9667,66787.0,100.0,100.0
2828,No Match,unmatched,189.78,1.596,470.0595,78632.0,100.0,100.0
2829,No Match,unmatched,198.23,14.442,470.8981,12700.0,100.0,100.0
2830,No Match,unmatched,194.58,14.727,470.9111,56335.0,100.0,100.0
2831,No Match,unmatched,198.14,14.426,472.8961,16958.0,100.0,100.0
2832,No Match,unmatched,194.4,14.6995,472.91035,28447.0,100.0,100.0
2833,No Match,unmatched,192.465,1.673,473.1193,7180.0,100.0,100.0
2834,No Match,unmatched,198.02,14.429,474.8934,60429.0,100.0,100.0
2835,No Match,unmatched,156.93,12.874,474.9692,70288.0,100.0,100.0
2836,No Match,unmatched,148.015,12.87,474.9711,78217.0,100.0,100.0
2837,No Match,unmatched,140.0,12.876,474.9728,62938.0,100.0,100.0
2838,No Match,unmatched,159.52,8.701,474.9848,9788.0,100.0,100.0
2839,No Match,unmatched,190.155,1.4365,477.00635,83910.0,100.0,100.0
2840,No Match,unmatched,197.31,3.47,477.0749,93196.0,100.0,100.0
2841,No Match,unmatched,200.11,11.773,478.0198,36613.0,100.0,100.0
2842,No Match,unmatched,200.11,11.776,480.0159,32316.0,100.0,100.0
2843,No Match,unmatched,193.03,0.629,480.0597,82569.0,100.0,100.0
2844,No Match,unmatched,164.51,10.158,480.9348,92122.0,100.0,100.0
2845,No Match,unmatched,158.01,11.274333333333333,480.9584333333333,68770.0,100.0,100.0
2846,No Match,unmatched,156.78,14.505,480.9661,80568.0,100.0,100.0
2847,No Match,unmatched,196.4,8.541,481.0445,57506.0,100.0,100.0
2848,No Match,unmatched,200.12,11.776,482.0149,54188.0,100.0,100.0
2849,No Match,unmatched,193.59,0.6265000000000001,483.05465,74129.0,100.0,100.0
2850,No Match,unmatched,201.13,3.987,485.011,73668.0,100.0,100.0
2851,No Match,unmatched,193.59875,14.526374999999998,485.0695625,73563.0,100.0,100.0
2852,No Match,unmatched,193.28,12.432,485.0693,31926.0,100.0,100.0
2853,No Match,unmatched,193.65,13.461,485.071,50644.0,100.0,100.0
2854,No Match,unmatched,199.12,8.523,486.9719,84050.0,100.0,100.0
2855,No Match,unmatched,198.49,7.069,486.9757,94693.0,100.0,100.0
2856,No Match,unmatched,163.94,12.665,486.9809,62918.0,100.0,100.0
2857,No Match,unmatched,193.25,14.54,487.0698,82487.0,100.0,100.0
2858,No Match,unmatched,198.63,1.321,490.0782,21496.0,100.0,100.0
2859,No Match,unmatched,185.26,0.542,492.9467,57825.0,100.0,100.0
2860,No Match,unmatched,202.89,12.509,492.9795,91863.0,100.0,100.0
2861,No Match,unmatched,194.21,10.703,492.991,60377.0,100.0,100.0
2862,No Match,unmatched,194.25,9.264,492.9919,64050.0,100.0,100.0
2863,No Match,unmatched,194.18,8.137,492.9935,94174.0,100.0,100.0
2864,No Match,unmatched,194.04,12.105,492.9938,95383.0,100.0,100.0
2865,No Match,unmatched,202.64,7.439,493.0993,92307.0,100.0,100.0
2866,No Match,unmatched,168.92,10.454,496.0501,79841.0,100.0,100.0
2867,No Match,unmatched,168.74,10.441,496.1129,64807.0,100.0,100.0
2868,No Match,unmatched,160.06,9.527,496.9348,21628.0,100.0,100.0
2869,No Match,unmatched,164.71,11.878,496.9658,1199.0,100.0,100.0
2870,No Match,unmatched,45.63,10.439,498.9456,94010.0,100.0,100.0
2871,No Match,unmatched,26.21,10.455,498.9527,82462.0,100.0,100.0
2872,No Match,unmatched,136.26,10.449,498.9543,78705.0,100.0,100.0
2873,No Match,unmatched,166.48,12.477,498.9702,82815.0,100.0,100.0
2874,No Match,unmatched,181.42,0.621,498.9719,93481.0,100.0,100.0
2875,No Match,unmatched,165.32,10.139,499.0725,67692.0,100.0,100.0
2876,No Match,unmatched,196.045,14.913,499.0851,87016.0,100.0,100.0
2877,No Match,unmatched,168.9,10.45,499.0867,3558.0,100.0,100.0
2878,No Match,unmatched,166.32,10.2,499.93595,12580.0,100.0,100.0
2879,No Match,unmatched,143.68,13.2265,499.97125,28778.0,100.0,100.0
2880,No Match,unmatched,161.385,13.243,499.971,6220.0,100.0,100.0
2881,No Match,unmatched,152.115,13.2355,499.9713,11311.0,100.0,100.0
2882,No Match,unmatched,192.95,1.739,500.028,35796.0,100.0,100.0
2883,No Match,unmatched,168.25,10.449,500.0586,74804.0,100.0,100.0
2884,No Match,unmatched,168.55,10.444,500.1084,30813.0,100.0,100.0
2885,No Match,unmatched,203.67,15.167,500.8969,83131.0,100.0,100.0
2886,No Match,unmatched,195.24,4.004,500.982,80021.0,100.0,100.0
2887,No Match,unmatched,168.82,10.448,501.0699,58747.0,100.0,100.0
2888,No Match,unmatched,170.5,11.707,501.9541,58425.0,100.0,100.0
2889,No Match,unmatched,170.19,11.706,501.9603,15434.0,100.0,100.0
2890,No Match,unmatched,168.59,10.455,502.0966,72178.0,100.0,100.0
2891,No Match,unmatched,168.92,10.449,502.9424,5569.0,100.0,100.0
2892,No Match,unmatched,184.88,10.423,502.9559,7674.0,100.0,100.0
2893,No Match,unmatched,180.07,10.421,502.9565,10705.0,100.0,100.0
2894,No Match,unmatched,191.24,12.938,502.9905,40146.0,100.0,100.0
2895,No Match,unmatched,178.81,9.482,502.9977,29991.0,100.0,100.0
2896,No Match,unmatched,201.695,0.602,504.09225,39250.0,100.0,100.0
2897,No Match,unmatched,170.21,11.705,504.9692,4222.0,100.0,100.0
2898,No Match,unmatched,183.89,11.627,505.1064,52699.0,100.0,100.0
2899,No Match,unmatched,168.92,10.45,505.9534,2786.0,100.0,100.0
2900,No Match,unmatched,170.19,11.705,506.1151,42811.0,100.0,100.0
2901,No Match,unmatched,205.53,12.434,506.9986,82116.0,100.0,100.0
2902,No Match,unmatched,204.394,13.2204,507.03178,63772.0,100.0,100.0
2903,No Match,unmatched,205.11,3.998,507.0836,23908.0,100.0,100.0
2904,No Match,unmatched,168.7,10.448,507.1066,23850.0,100.0,100.0
2905,No Match,unmatched,170.3,11.705,507.9708,18046.0,100.0,100.0
2906,No Match,unmatched,168.89,10.448,508.0145,76800.0,100.0,100.0
2907,No Match,unmatched,168.69,10.442,508.0455,77373.0,100.0,100.0
2908,No Match,unmatched,179.65,11.181,508.9624,2658.0,100.0,100.0
2909,No Match,unmatched,199.51,10.941,509.0167,77852.0,100.0,100.0
2910,No Match,unmatched,178.37,11.178,509.9683,86311.0,100.0,100.0
2911,No Match,unmatched,179.5,11.205,510.9601,88006.0,100.0,100.0
2912,No Match,unmatched,202.12,3.466,513.0426,90830.0,100.0,100.0
2913,No Match,unmatched,184.16,0.51,514.9446,80823.0,100.0,100.0
2914,No Match,unmatched,207.43,8.141,515.0188,67895.0,100.0,100.0
2915,No Match,unmatched,173.87,11.526,515.9851,93913.0,100.0,100.0
2916,No Match,unmatched,195.35,9.669,516.9542,88369.0,100.0,100.0
2917,No Match,unmatched,166.91,12.65,516.9561,49901.0,100.0,100.0
2918,No Match,unmatched,164.34,11.869,517.0829,76211.0,100.0,100.0
2919,No Match,unmatched,201.255,2.835,518.0787,19215.0,100.0,100.0
2920,No Match,unmatched,69.78,11.875,518.9545,80624.0,100.0,100.0
2921,No Match,unmatched,59.02,11.876,518.9586,71132.0,100.0,100.0
2922,No Match,unmatched,84.32,11.874,518.9615,70720.0,100.0,100.0
2923,No Match,unmatched,56.46,11.882,518.962,83769.0,100.0,100.0
2924,No Match,unmatched,183.27,11.858,518.9621,538.0,100.0,100.0
2925,No Match,unmatched,73.11,11.931,518.9625,89450.0,100.0,100.0
2926,No Match,unmatched,196.848,11.8714,518.96762,86719.0,100.0,100.0
2927,No Match,unmatched,170.57,11.9,518.9637,87859.0,100.0,100.0
2928,No Match,unmatched,69.57,11.82,518.9652,93728.0,100.0,100.0
2929,No Match,unmatched,44.53,11.8765,518.9653,94166.0,100.0,100.0
2930,No Match,unmatched,82.35,11.861,518.9656,89541.0,100.0,100.0
2931,No Match,unmatched,176.75333333333333,11.751666666666669,518.9676,343.0,100.0,100.0
2932,No Match,unmatched,206.15,11.8875,518.9682,41035.0,100.0,100.0
2933,No Match,unmatched,41.37,11.894,518.9688,86513.0,100.0,100.0
2934,No Match,unmatched,91.19,11.895,518.9689,74135.0,100.0,100.0
2935,No Match,unmatched,192.915,11.8835,518.9714,94938.0,100.0,100.0
2936,No Match,unmatched,114.245,11.8755,518.9729,85184.0,100.0,100.0
2937,No Match,unmatched,41.37,11.866,518.977,86820.0,100.0,100.0
2938,No Match,unmatched,131.69,11.928,518.9935,96091.0,100.0,100.0
2939,No Match,unmatched,183.32,11.88,519.1069,76242.0,100.0,100.0
2940,No Match,unmatched,183.63,11.877,519.1155,11175.0,100.0,100.0
2941,No Match,unmatched,80.33,11.87,519.9747,88572.0,100.0,100.0
2942,No Match,unmatched,183.24,11.876,520.0889,80145.0,100.0,100.0
2943,No Match,unmatched,183.18,11.903,520.9735,62559.0,100.0,100.0
2944,No Match,unmatched,164.02,11.877,521.0589,37679.0,100.0,100.0
2945,No Match,unmatched,164.04,11.877,521.08,49480.0,100.0,100.0
2946,No Match,unmatched,163.95,11.884,521.0884,54865.0,100.0,100.0
2947,No Match,unmatched,163.72,11.874,521.0962,59430.0,100.0,100.0
2948,No Match,unmatched,164.02,11.879,521.9117,78732.0,100.0,100.0
2949,No Match,unmatched,196.075,1.717,522.0113,72269.0,100.0,100.0
2950,No Match,unmatched,196.635,3.988,522.9579,33687.0,100.0,100.0
2951,No Match,unmatched,162.26,7.953,522.9649,90677.0,100.0,100.0
2952,No Match,unmatched,170.4,12.877,523.9756,78114.0,100.0,100.0
2953,No Match,unmatched,164.24,11.879,523.9843,39822.0,100.0,100.0
2954,No Match,unmatched,164.0,11.875,523.9945,85096.0,100.0,100.0
2955,No Match,unmatched,165.89,13.7,524.9619,95658.0,100.0,100.0
2956,No Match,unmatched,156.04500000000002,13.5735,524.9691499999999,12716.0,100.0,100.0
2957,No Match,unmatched,165.51333333333335,13.627333333333333,524.9695666666667,5808.0,100.0,100.0
2958,No Match,unmatched,147.475,13.5595,524.9702,65172.0,100.0,100.0
2959,No Match,unmatched,164.36,11.876,525.0886,77513.0,100.0,100.0
2960,No Match,unmatched,185.91,11.706,525.1053,83585.0,100.0,100.0
2961,No Match,unmatched,186.1,11.5855,525.1122,36194.0,100.0,100.0
2962,No Match,unmatched,194.83,6.531,526.8905,82233.0,100.0,100.0
2963,No Match,unmatched,186.57,11.18,527.9667,13438.0,100.0,100.0
2964,No Match,unmatched,194.53,7.603,528.961,83407.0,100.0,100.0
2965,No Match,unmatched,196.49,11.201,528.9688,86227.0,100.0,100.0
2966,No Match,unmatched,140.94,11.1845,528.9689,87171.0,100.0,100.0
2967,No Match,unmatched,209.28,13.276,529.8955,93345.0,100.0,100.0
2968,No Match,unmatched,166.16,11.648,530.9566,9783.0,100.0,100.0
2969,No Match,unmatched,172.16,13.161,530.9583,59929.0,100.0,100.0
2970,No Match,unmatched,168.71636363636364,12.455636363636364,530.9672909090909,84065.0,100.0,100.0
2971,No Match,unmatched,165.33625,14.678999999999998,530.967875,58104.0,100.0,100.0
2972,No Match,unmatched,161.13,11.634,530.964,94795.0,100.0,100.0
2973,No Match,unmatched,165.82,11.879,530.965,57018.0,100.0,100.0
2974,No Match,unmatched,172.13285714285715,14.55585714285714,530.9693285714285,59995.0,100.0,100.0
2975,No Match,unmatched,165.2583333333333,13.298666666666668,530.9673666666666,67037.0,100.0,100.0
2976,No Match,unmatched,182.44,12.948,530.9666,49415.0,100.0,100.0
2977,No Match,unmatched,165.6,13.122,530.9679,4985.0,100.0,100.0
2978,No Match,unmatched,161.9625,12.5405,530.9687,38806.0,100.0,100.0
2979,No Match,unmatched,165.04500000000002,11.9015,530.969,74049.0,100.0,100.0
2980,No Match,unmatched,165.26,13.917,530.9701,74000.0,100.0,100.0
2981,No Match,unmatched,170.75,10.922,531.04,68682.0,100.0,100.0
2982,No Match,unmatched,170.59,10.928,531.0739,75533.0,100.0,100.0
2983,No Match,unmatched,190.98,12.283,531.9038,73255.0,100.0,100.0
2984,No Match,unmatched,165.69,11.221,531.9709,54352.0,100.0,100.0
2985,No Match,unmatched,170.9,10.923,532.8935,26199.0,100.0,100.0
2986,No Match,unmatched,200.6918181818182,11.281272727272729,532.9836090909091,76393.0,100.0,100.0
2987,No Match,unmatched,200.735,10.097874999999998,532.984425,63927.0,100.0,100.0
2988,No Match,unmatched,201.03,5.812,532.9835,86040.0,100.0,100.0
2989,No Match,unmatched,200.81,7.662,532.9858,72644.0,100.0,100.0
2990,No Match,unmatched,178.97,11.873,533.0074,73258.0,100.0,100.0
2991,No Match,unmatched,193.1,12.378,533.9483,76764.0,100.0,100.0
2992,No Match,unmatched,209.02,0.517,535.1127,64286.0,100.0,100.0
2993,No Match,unmatched,210.0,3.486,535.1169,33246.0,100.0,100.0
2994,No Match,unmatched,172.95,13.164,536.9701,86156.0,100.0,100.0
2995,No Match,unmatched,211.55,13.144,536.9766,36814.0,100.0,100.0
2996,No Match,unmatched,168.24,12.862,537.9647,69871.0,100.0,100.0
2997,No Match,unmatched,158.59,12.877,537.9681,90919.0,100.0,100.0
2998,No Match,unmatched,168.52,12.878,537.9712,89659.0,100.0,100.0
2999,No Match,unmatched,188.22,10.456,538.9261,60960.0,100.0,100.0
3000,No Match,unmatched,193.15,12.073,540.9939,45034.0,100.0,100.0
3001,No Match,unmatched,203.23666666666668,14.938,543.0579333333334,8134.0,100.0,100.0
3002,No Match,unmatched,186.52,13.593,544.93,70671.0,100.0,100.0
3003,No Match,unmatched,201.75,3.987666666666667,544.9376666666667,41075.0,100.0,100.0
3004,No Match,unmatched,201.79,3.943,544.9456,90193.0,100.0,100.0
3005,No Match,unmatched,185.41,10.423,546.9473,28105.0,100.0,100.0
3006,No Match,unmatched,166.73,11.859,546.9475,74422.0,100.0,100.0
3007,No Match,unmatched,186.53,13.593,546.9597,61138.0,100.0,100.0
3008,No Match,unmatched,186.86,13.596,546.9963,53887.0,100.0,100.0
3009,No Match,unmatched,161.505,12.2785,548.96155,49664.0,100.0,100.0
3010,No Match,unmatched,170.305,13.92025,549.969325,41807.0,100.0,100.0
3011,No Match,unmatched,201.61,10.671,550.9503,84224.0,100.0,100.0
3012,No Match,unmatched,195.19,10.451,552.9388,39034.0,100.0,100.0
3013,No Match,unmatched,188.89,11.208,552.953,14336.0,100.0,100.0
3014,No Match,unmatched,193.45,11.21,552.9534,11449.0,100.0,100.0
3015,No Match,unmatched,209.39,12.96,554.0219,84631.0,100.0,100.0
3016,No Match,unmatched,164.95,12.107,554.9696,88298.0,100.0,100.0
3017,No Match,unmatched,196.74,10.826,556.9398,94143.0,100.0,100.0
3018,No Match,unmatched,175.74,13.147,556.9821,55892.0,100.0,100.0
3019,No Match,unmatched,209.03,14.542,557.1089,8800.0,100.0,100.0
3020,No Match,unmatched,211.85,13.301,560.9126,84679.0,100.0,100.0
3021,No Match,unmatched,192.24,10.423,560.9622,86952.0,100.0,100.0
3022,No Match,unmatched,58.3,11.908,562.9462,85124.0,100.0,100.0
3023,No Match,unmatched,209.97,11.879,562.9498,84116.0,100.0,100.0
3024,No Match,unmatched,172.495,13.219,562.96735,49526.0,100.0,100.0
3025,No Match,unmatched,63.38,11.869,562.9686,93971.0,100.0,100.0
3026,No Match,unmatched,117.81,11.89,562.9691,89640.0,100.0,100.0
3027,No Match,unmatched,165.75,11.487,562.971,74149.0,100.0,100.0
3028,No Match,unmatched,176.72,11.483,562.9725,84304.0,100.0,100.0
3029,No Match,unmatched,171.42,11.498,562.9749,74092.0,100.0,100.0
3030,No Match,unmatched,210.96,11.854,562.9752,92151.0,100.0,100.0
3031,No Match,unmatched,215.47,11.863,562.9768,83705.0,100.0,100.0
3032,No Match,unmatched,183.17,11.869,563.1097,79536.0,100.0,100.0
3033,No Match,unmatched,200.6,11.209,566.9687,8906.0,100.0,100.0
3034,No Match,unmatched,185.05333333333337,12.397333333333334,568.9643666666666,1136.0,100.0,100.0
3035,No Match,unmatched,209.97,11.386,568.9678,88622.0,100.0,100.0
3036,No Match,unmatched,210.72,10.587,568.9767,75871.0,100.0,100.0
3037,No Match,unmatched,210.34,9.157,568.9788,79710.0,100.0,100.0
3038,No Match,unmatched,215.62,13.229,568.99755,74818.0,100.0,100.0
3039,No Match,unmatched,172.34,12.449,570.0852,61424.0,100.0,100.0
3040,No Match,unmatched,172.19,12.447,570.1124,77658.0,100.0,100.0
3041,No Match,unmatched,172.67,12.454,571.0157,77185.0,100.0,100.0
3042,No Match,unmatched,209.5,1.723,571.0866,93267.0,100.0,100.0
3043,No Match,unmatched,193.32,11.544,574.0714,78168.0,100.0,100.0
3044,No Match,unmatched,187.23,11.942,574.9615,81603.0,100.0,100.0
3045,No Match,unmatched,170.87,10.511,574.9784,86184.0,100.0,100.0
3046,No Match,unmatched,210.1825,11.58175,574.9936375,60861.0,100.0,100.0
3047,No Match,unmatched,209.9975,6.939,574.993925,35763.0,100.0,100.0
3048,No Match,unmatched,210.0275,10.59475,574.993925,60545.0,100.0,100.0
3049,No Match,unmatched,210.21714285714285,9.324571429,574.9940714285714,19664.0,100.0,100.0
3050,No Match,unmatched,209.72,5.43,574.9952,87573.0,100.0,100.0
3051,No Match,unmatched,185.725,10.557,575.92615,13707.0,100.0,100.0
3052,No Match,unmatched,186.04,11.362,579.0628,35068.0,100.0,100.0
3053,No Match,unmatched,186.34,11.368,579.0695,65664.0,100.0,100.0
3054,No Match,unmatched,207.65,1.713,579.0804,79082.0,100.0,100.0
3055,No Match,unmatched,207.4,1.706,579.0901,93580.0,100.0,100.0
3056,No Match,unmatched,219.47,14.447,581.0533,63174.0,100.0,100.0
3057,No Match,unmatched,171.08,11.825,581.9678,15906.0,100.0,100.0
3058,No Match,unmatched,192.96,11.699,587.9773,54815.0,100.0,100.0
3059,No Match,unmatched,196.88,11.881,588.008,31883.0,100.0,100.0
3060,No Match,unmatched,219.71,4.038,589.0853500000001,92740.0,100.0,100.0
3061,No Match,unmatched,202.54,12.651,590.9877,61411.0,100.0,100.0
3062,No Match,unmatched,216.11,11.462,591.0203,94413.0,100.0,100.0
3063,No Match,unmatched,216.33,3.979,593.9001,80412.0,100.0,100.0
3064,No Match,unmatched,215.25,3.989,595.9029,47378.0,100.0,100.0
3065,No Match,unmatched,194.28,11.211,596.9427,31041.0,100.0,100.0
3066,No Match,unmatched,175.13,12.251,596.947,34647.0,100.0,100.0
3067,No Match,unmatched,181.09,12.947,596.9587,2501.0,100.0,100.0
3068,No Match,unmatched,215.23,3.994,597.9006,71249.0,100.0,100.0
3069,No Match,unmatched,206.6,9.261,598.9555,57538.0,100.0,100.0
3070,No Match,unmatched,206.78,10.976,598.9558,47766.0,100.0,100.0
3071,No Match,unmatched,187.69,11.859,599.9297,72348.0,100.0,100.0
3072,No Match,unmatched,176.83,11.834,600.9699,28550.0,100.0,100.0
3073,No Match,unmatched,196.17,11.205,600.9823,61863.0,100.0,100.0
3074,No Match,unmatched,199.52,11.878,602.94935,9048.0,100.0,100.0
3075,No Match,unmatched,169.12,12.081,603.963,49924.0,100.0,100.0
3076,No Match,unmatched,210.93,7.02,604.9133,65091.0,100.0,100.0
3077,No Match,unmatched,170.3,12.601,604.96,90923.0,100.0,100.0
3078,No Match,unmatched,201.58,12.873,609.0387,12566.0,100.0,100.0
3079,No Match,unmatched,200.36,11.211,610.957,46020.0,100.0,100.0
3080,No Match,unmatched,209.33,7.831,610.9585,75842.0,100.0,100.0
3081,No Match,unmatched,209.305,11.067,610.9607,30520.0,100.0,100.0
3082,No Match,unmatched,208.94,9.06,610.9616000000001,39903.0,100.0,100.0
3083,No Match,unmatched,209.27,9.989,610.9606,37376.0,100.0,100.0
3084,No Match,unmatched,208.85,12.007,610.9609,88107.0,100.0,100.0
3085,No Match,unmatched,209.515,8.442,610.963,89839.0,100.0,100.0
3086,No Match,unmatched,174.4375,12.1245,612.97055,14520.0,100.0,100.0
3087,No Match,unmatched,181.87,12.15375,612.971625,11097.0,100.0,100.0
3088,No Match,unmatched,204.46,11.177,613.9501,59312.0,100.0,100.0
3089,No Match,unmatched,191.78,12.275,613.9604,94396.0,100.0,100.0
3090,No Match,unmatched,214.95,5.828,614.9761,84369.0,100.0,100.0
3091,No Match,unmatched,214.6964285714286,10.863928571428572,614.9870642857144,94652.0,100.0,100.0
3092,No Match,unmatched,214.59,7.322,614.985,29745.0,100.0,100.0
3093,No Match,unmatched,214.4466666666667,10.221833333333334,614.98695,30320.0,100.0,100.0
3094,No Match,unmatched,213.66,6.616,614.9862,94560.0,100.0,100.0
3095,No Match,unmatched,214.44,8.096,614.9872,55407.0,100.0,100.0
3096,No Match,unmatched,210.75,1.705,615.0495,59366.0,100.0,100.0
3097,No Match,unmatched,209.21,11.879,616.9649,2462.0,100.0,100.0
3098,No Match,unmatched,202.5,11.879,616.9671,19288.0,100.0,100.0
3099,No Match,unmatched,223.76,3.475,617.1182,76342.0,100.0,100.0
3100,No Match,unmatched,203.615,12.047999999999998,617.9882500000001,58777.0,100.0,100.0
3101,No Match,unmatched,210.44,5.589,618.913,91737.0,100.0,100.0
3102,No Match,unmatched,95.3,12.9455,618.9567,354.0,100.0,100.0
3103,No Match,unmatched,39.44,12.946,618.9576,96031.0,100.0,100.0
3104,No Match,unmatched,214.06,12.944,618.9698,80672.0,100.0,100.0
3105,No Match,unmatched,200.85,12.946,619.1183,45852.0,100.0,100.0
3106,No Match,unmatched,201.21,12.946,620.0767,55552.0,100.0,100.0
3107,No Match,unmatched,210.68,5.601,620.9073,75483.0,100.0,100.0
3108,No Match,unmatched,197.06,11.876,620.9156,18703.0,100.0,100.0
3109,No Match,unmatched,195.33,12.485,621.0631,69735.0,100.0,100.0
3110,No Match,unmatched,180.03,12.946,621.0866,77132.0,100.0,100.0
3111,No Match,unmatched,196.75,11.876,622.911,68835.0,100.0,100.0
3112,No Match,unmatched,213.16,12.062,622.9921,91673.0,100.0,100.0
3113,No Match,unmatched,207.17,12.873,623.0534,2865.0,100.0,100.0
3114,No Match,unmatched,218.46,13.977,624.915,44946.0,100.0,100.0
3115,No Match,unmatched,199.08,11.803,624.9511,74896.0,100.0,100.0
3116,No Match,unmatched,176.84,11.21,624.9741,59085.0,100.0,100.0
3117,No Match,unmatched,199.26,11.803,625.0568,73147.0,100.0,100.0
3118,No Match,unmatched,218.9,15.12,625.0605,72878.0,100.0,100.0
3119,No Match,unmatched,204.91,13.239,625.0665,15368.0,100.0,100.0
3120,No Match,unmatched,218.3,13.974,626.915,40407.0,100.0,100.0
3121,No Match,unmatched,198.7,11.814,626.9753,81413.0,100.0,100.0
3122,No Match,unmatched,168.67,10.565,627.0466,60324.0,100.0,100.0
3123,No Match,unmatched,168.44,10.567,627.0856,66000.0,100.0,100.0
3124,No Match,unmatched,228.58,13.315,627.9663,86338.0,100.0,100.0
3125,No Match,unmatched,219.46,13.973,628.9152,75526.0,100.0,100.0
3126,No Match,unmatched,185.45,12.349,628.964,30677.0,100.0,100.0
3127,No Match,unmatched,192.3,11.843,629.0616,22306.0,100.0,100.0
3128,No Match,unmatched,183.39,15.652,630.9441,30327.0,100.0,100.0
3129,No Match,unmatched,198.31,11.879,630.9445,8414.0,100.0,100.0
3130,No Match,unmatched,189.66,13.6335,630.9532,78639.0,100.0,100.0
3131,No Match,unmatched,177.445,15.697,630.9558,40779.0,100.0,100.0
3132,No Match,unmatched,178.06,13.313,630.9551,64004.0,100.0,100.0
3133,No Match,unmatched,189.915,15.9035,630.95965,91364.0,100.0,100.0
3134,No Match,unmatched,179.95499999999998,14.337,630.9588,27234.0,100.0,100.0
3135,No Match,unmatched,187.80692307692303,14.173923076923076,630.9615769230769,75566.0,100.0,100.0
3136,No Match,unmatched,183.138,14.987799999999998,630.9597,1643.0,100.0,100.0
3137,No Match,unmatched,183.614,12.952800000000002,630.9602600000001,31664.0,100.0,100.0
3138,No Match,unmatched,183.21,13.495,630.9607,11656.0,100.0,100.0
3139,No Match,unmatched,186.59,12.35,630.9611,4473.0,100.0,100.0
3140,No Match,unmatched,215.56,12.495,630.9618,77857.0,100.0,100.0
3141,No Match,unmatched,182.16000000000005,11.967,630.9703,88139.0,100.0,100.0
3142,No Match,unmatched,183.56,12.334,631.1194,80450.0,100.0,100.0
3143,No Match,unmatched,177.14,13.065,631.9658666666667,37845.0,100.0,100.0
3144,No Match,unmatched,177.65,15.618,631.9728,88648.0,100.0,100.0
3145,No Match,unmatched,207.53,13.162,631.9893,88638.0,100.0,100.0
3146,No Match,unmatched,190.88,12.740428571428572,632.0016714285714,88384.0,100.0,100.0
3147,No Match,unmatched,214.045,11.078,632.95065,84370.0,100.0,100.0
3148,No Match,unmatched,213.83,8.993,632.9528,87115.0,100.0,100.0
3149,No Match,unmatched,214.32,10.427,632.9594,76193.0,100.0,100.0
3150,No Match,unmatched,177.47,12.362,632.9699,55730.0,100.0,100.0
3151,No Match,unmatched,207.17,12.388,633.0054,82164.0,100.0,100.0
3152,No Match,unmatched,216.38,0.606,635.0714,20502.0,100.0,100.0
3153,No Match,unmatched,203.66,12.106,637.002,77237.0,100.0,100.0
3154,No Match,unmatched,210.9,11.067,638.9457,64609.0,100.0,100.0
3155,No Match,unmatched,210.49,13.24,639.0807,2465.0,100.0,100.0
3156,No Match,unmatched,211.03,13.152,640.9849,17932.0,100.0,100.0
3157,No Match,unmatched,231.2,14.53,641.0185,61879.0,100.0,100.0
3158,No Match,unmatched,210.91,13.231,641.0756,80423.0,100.0,100.0
3159,No Match,unmatched,210.48,13.238,641.0836,73590.0,100.0,100.0
3160,No Match,unmatched,223.558,14.941399999999998,641.0915600000001,13198.0,100.0,100.0
3161,No Match,unmatched,223.41,13.516,641.0912,28070.0,100.0,100.0
3162,No Match,unmatched,197.2,12.24,643.0745,27854.0,100.0,100.0
3163,No Match,unmatched,223.02,15.131,643.0881,91097.0,100.0,100.0
3164,No Match,unmatched,186.37,12.691,643.9695,77644.0,100.0,100.0
3165,No Match,unmatched,89.38,11.926,644.9474,87047.0,100.0,100.0
3166,No Match,unmatched,176.85,12.988,644.9709,90086.0,100.0,100.0
3167,No Match,unmatched,211.47,11.883,645.0001,93231.0,100.0,100.0
3168,No Match,unmatched,204.91,11.88,645.0624,81015.0,100.0,100.0
3169,No Match,unmatched,177.33499999999998,12.041,645.9628,61256.0,100.0,100.0
3170,No Match,unmatched,202.93,11.878,646.9411,5532.0,100.0,100.0
3171,No Match,unmatched,202.45,11.209,648.9346,70892.0,100.0,100.0
3172,No Match,unmatched,214.36,10.502,650.9484,95847.0,100.0,100.0
3173,No Match,unmatched,184.09,12.3645,650.9674,77231.0,100.0,100.0
3174,No Match,unmatched,222.01,8.152,650.9769,80440.0,100.0,100.0
3175,No Match,unmatched,222.14,11.24057142857143,650.9811285714286,86818.0,100.0,100.0
3176,No Match,unmatched,222.55,7.028,650.9793,75030.0,100.0,100.0
3177,No Match,unmatched,222.275,9.7205,650.9798,40240.0,100.0,100.0
3178,No Match,unmatched,217.55,0.593,651.0456,62880.0,100.0,100.0
3179,No Match,unmatched,205.77,11.881,651.9883,91870.0,100.0,100.0
3180,No Match,unmatched,227.51,13.131,654.8969,63823.0,100.0,100.0
3181,No Match,unmatched,217.03,11.705,654.9804,76080.0,100.0,100.0
3182,No Match,unmatched,216.37,10.483,654.9806,78868.0,100.0,100.0
3183,No Match,unmatched,213.98,11.538,654.9895,19592.0,100.0,100.0
3184,No Match,unmatched,223.51,15.0675,655.1065,4993.0,100.0,100.0
3185,No Match,unmatched,221.06,5.975,656.9884,84191.0,100.0,100.0
3186,No Match,unmatched,220.3428571428572,10.831857142857142,656.9975142857144,38445.0,100.0,100.0
3187,No Match,unmatched,220.6,6.782,656.9956,28110.0,100.0,100.0
3188,No Match,unmatched,220.21,8.460999999999999,656.99735,27069.0,100.0,100.0
3189,No Match,unmatched,220.41,10.2175,656.9973,14238.0,100.0,100.0
3190,No Match,unmatched,220.64,6.228,657.0027,66631.0,100.0,100.0
3191,No Match,unmatched,212.14,11.54,657.9655,52820.0,100.0,100.0
3192,No Match,unmatched,227.74,13.128,658.8964,11592.0,100.0,100.0
3193,No Match,unmatched,213.8025,13.159,659.0304,70205.0,100.0,100.0
3194,No Match,unmatched,203.06,13.204,660.0693,30785.0,100.0,100.0
3195,No Match,unmatched,193.23,13.201,660.0722,80081.0,100.0,100.0
3196,No Match,unmatched,227.91,13.126,660.8969,38051.0,100.0,100.0
3197,No Match,unmatched,209.16,11.88,660.9531,5389.0,100.0,100.0
3198,No Match,unmatched,199.55,12.614,661.1006,94935.0,100.0,100.0
3199,No Match,unmatched,182.97,14.864,662.9625,50906.0,100.0,100.0
3200,No Match,unmatched,182.7,15.329666666666668,662.9668666666668,52857.0,100.0,100.0
3201,No Match,unmatched,182.735,12.641,662.96625,18615.0,100.0,100.0
3202,No Match,unmatched,182.33,13.363,662.9661,92662.0,100.0,100.0
3203,No Match,unmatched,190.21,12.721,662.9679,5021.0,100.0,100.0
3204,No Match,unmatched,182.23,12.706,662.9752,80434.0,100.0,100.0
3205,No Match,unmatched,200.38,12.962,664.9575,83765.0,100.0,100.0
3206,No Match,unmatched,217.63,12.456,666.9621,19454.0,100.0,100.0
3207,No Match,unmatched,209.85,13.374,669.9605,4778.0,100.0,100.0
3208,No Match,unmatched,232.44,13.987,670.013,70441.0,100.0,100.0
3209,No Match,unmatched,188.58,13.37,670.0706,69566.0,100.0,100.0
3210,No Match,unmatched,217.37,11.881,671.0181,10855.0,100.0,100.0
3211,No Match,unmatched,232.66,13.993,672.007,21791.0,100.0,100.0
3212,No Match,unmatched,170.99,10.748,672.9426,69283.0,100.0,100.0
3213,No Match,unmatched,170.83,10.754,672.9843,76486.0,100.0,100.0
3214,No Match,unmatched,188.15,12.53,672.9898,86539.0,100.0,100.0
3215,No Match,unmatched,215.87,11.877,673.993,64267.0,100.0,100.0
3216,No Match,unmatched,232.76,13.989,674.0053,39976.0,100.0,100.0
3217,No Match,unmatched,194.9,12.694,674.9502,59970.0,100.0,100.0
3218,No Match,unmatched,183.41,11.83,674.9715,53731.0,100.0,100.0
3219,No Match,unmatched,214.12,11.881,674.9722,90807.0,100.0,100.0
3220,No Match,unmatched,213.14,12.756,675.0292,77579.0,100.0,100.0
3221,No Match,unmatched,181.96,15.244,676.9616,95008.0,100.0,100.0
3222,No Match,unmatched,183.41333333333333,12.272,676.9654333333333,68456.0,100.0,100.0
3223,No Match,unmatched,200.62,13.027,678.9222,38185.0,100.0,100.0
3224,No Match,unmatched,185.41,12.809,678.9618,79722.0,100.0,100.0
3225,No Match,unmatched,197.32,12.81,678.9625,46955.0,100.0,100.0
3226,No Match,unmatched,192.58,12.8,678.9649,65049.0,100.0,100.0
3227,No Match,unmatched,189.71,15.204,680.942,38872.0,100.0,100.0
3228,No Match,unmatched,186.09,13.946,680.9433,93139.0,100.0,100.0
3229,No Match,unmatched,185.8,15.007,680.9509,46848.0,100.0,100.0
3230,No Match,unmatched,191.61444444444444,14.992222222222225,680.9569444444445,4392.0,100.0,100.0
3231,No Match,unmatched,190.1888888888889,13.413000000000002,680.9579666666666,24608.0,100.0,100.0
3232,No Match,unmatched,197.22,13.141,680.9554,78410.0,100.0,100.0
3233,No Match,unmatched,198.455,15.728,680.9575500000001,58508.0,100.0,100.0
3234,No Match,unmatched,186.15,13.78125,680.9591,61557.0,100.0,100.0
3235,No Match,unmatched,219.21,8.035,680.9563,83882.0,100.0,100.0
3236,No Match,unmatched,198.225,14.7135,680.95835,68135.0,100.0,100.0
3237,No Match,unmatched,184.395,11.834,680.9574,10290.0,100.0,100.0
3238,No Match,unmatched,219.68,9.961,680.958,58005.0,100.0,100.0
3239,No Match,unmatched,220.28,11.317,680.9592,65027.0,100.0,100.0
3240,No Match,unmatched,184.99,15.85,680.9594,81258.0,100.0,100.0
3241,No Match,unmatched,181.58,13.174,680.961,90569.0,100.0,100.0
3242,No Match,unmatched,219.68,9.879,680.9657,89216.0,100.0,100.0
3243,No Match,unmatched,199.45,14.755,680.9684,92201.0,100.0,100.0
3244,No Match,unmatched,239.63,3.993,681.0543,9617.0,100.0,100.0
3245,No Match,unmatched,188.12,13.036,681.9658,67830.0,100.0,100.0
3246,No Match,unmatched,190.06,12.805,682.0464,77059.0,100.0,100.0
3247,No Match,unmatched,192.56,13.439,684.9233,88798.0,100.0,100.0
3248,No Match,unmatched,193.31,13.447,684.9336,77743.0,100.0,100.0
3249,No Match,unmatched,236.14,3.991,687.0698,3535.0,100.0,100.0
3250,No Match,unmatched,187.06,12.57,688.9707,81966.0,100.0,100.0
3251,No Match,unmatched,236.37,3.991,689.0647,75172.0,100.0,100.0
3252,No Match,unmatched,198.65,7.334,692.06,83923.0,100.0,100.0
3253,No Match,unmatched,236.92,3.98,695.0553,51148.0,100.0,100.0
3254,No Match,unmatched,214.23,12.473,695.9588,82952.0,100.0,100.0
3255,No Match,unmatched,211.7,12.449,696.9447,78776.0,100.0,100.0
3256,No Match,unmatched,197.44,13.757,696.9521,11039.0,100.0,100.0
3257,No Match,unmatched,213.26,12.459,696.9674,87086.0,100.0,100.0
3258,No Match,unmatched,209.02,13.17,696.9684,91908.0,100.0,100.0
3259,No Match,unmatched,222.72363636363636,11.132454545454545,696.9891636363637,40826.0,100.0,100.0
3260,No Match,unmatched,222.22,8.105,696.9861,79451.0,100.0,100.0
3261,No Match,unmatched,222.845,9.1685,696.98765,29486.0,100.0,100.0
3262,No Match,unmatched,222.41,6.705,696.9868,95206.0,100.0,100.0
3263,No Match,unmatched,222.65,9.913,696.9883,37764.0,100.0,100.0
3264,No Match,unmatched,223.3,11.84,697.0011,82611.0,100.0,100.0
3265,No Match,unmatched,211.63,12.262,697.1053,53517.0,100.0,100.0
3266,No Match,unmatched,211.05,11.879,698.9308,8189.0,100.0,100.0
3267,No Match,unmatched,232.38,14.567,699.07875,62474.0,100.0,100.0
3268,No Match,unmatched,232.26,15.141,699.0792,67440.0,100.0,100.0
3269,No Match,unmatched,197.73,12.692,700.93,85805.0,100.0,100.0
3270,No Match,unmatched,191.55,12.81,700.9648,6610.0,100.0,100.0
3271,No Match,unmatched,240.46,14.499,700.9833,25263.0,100.0,100.0
3272,No Match,unmatched,218.95,12.878,701.032,60445.0,100.0,100.0
3273,No Match,unmatched,210.79,12.664,701.1093,78058.0,100.0,100.0
3274,No Match,unmatched,211.23,12.605,701.11705,38870.0,100.0,100.0
3275,No Match,unmatched,217.1,12.948,702.944,17056.0,100.0,100.0
3276,No Match,unmatched,235.91,14.516,702.9828,65822.0,100.0,100.0
3277,No Match,unmatched,230.44,3.996,703.047,27425.0,100.0,100.0
3278,No Match,unmatched,224.15,13.52,704.9482,67728.0,100.0,100.0
3279,No Match,unmatched,214.185,11.845,706.9586999999999,75609.0,100.0,100.0
3280,No Match,unmatched,188.02,12.703,706.9586,61394.0,100.0,100.0
3281,No Match,unmatched,218.14,12.454,710.9503,48816.0,100.0,100.0
3282,No Match,unmatched,208.62,12.044,712.9613,94451.0,100.0,100.0
3283,No Match,unmatched,194.355,13.074749999999998,712.963825,65207.0,100.0,100.0
3284,No Match,unmatched,191.65,15.946,712.9645,66516.0,100.0,100.0
3285,No Match,unmatched,191.21,14.95,712.9708,95611.0,100.0,100.0
3286,No Match,unmatched,225.95,10.764,714.9577,70686.0,100.0,100.0
3287,No Match,unmatched,207.5,12.349,716.9398,35082.0,100.0,100.0
3288,No Match,unmatched,193.03,12.349,716.9413,24528.0,100.0,100.0
3289,No Match,unmatched,225.78,12.949,716.9581,8551.0,100.0,100.0
3290,No Match,unmatched,217.185,13.705,718.9538,86505.0,100.0,100.0
3291,No Match,unmatched,196.4,13.757,718.9543,771.0,100.0,100.0
3292,No Match,unmatched,201.3,13.65,718.9555,8158.0,100.0,100.0
3293,No Match,unmatched,212.975,12.4385,719.1097500000001,30879.0,100.0,100.0
3294,No Match,unmatched,197.87,13.753,720.961,85527.0,100.0,100.0
3295,No Match,unmatched,214.01,13.559,722.0761,18675.0,100.0,100.0
3296,No Match,unmatched,205.01,13.553,722.0771,52847.0,100.0,100.0
3297,No Match,unmatched,213.78,13.571,722.0846,90319.0,100.0,100.0
3298,No Match,unmatched,230.33,13.153,722.9904,59896.0,100.0,100.0
3299,No Match,unmatched,240.33,3.466,723.0829,65860.0,100.0,100.0
3300,No Match,unmatched,197.51,13.139,724.9414,67055.0,100.0,100.0
3301,No Match,unmatched,189.55,12.378,724.9662,90339.0,100.0,100.0
3302,No Match,unmatched,204.39,13.445,728.9203,29215.0,100.0,100.0
3303,No Match,unmatched,194.55,13.207,728.9592,85339.0,100.0,100.0
3304,No Match,unmatched,203.005,13.215,728.9603500000001,30932.0,100.0,100.0
3305,No Match,unmatched,215.06,12.954,730.9345,73105.0,100.0,100.0
3306,No Match,unmatched,198.58,14.920375,730.9526875,58420.0,100.0,100.0
3307,No Match,unmatched,207.815,13.3565,730.9502,78354.0,100.0,100.0
3308,No Match,unmatched,198.004,13.7068,730.95413,46954.0,100.0,100.0
3309,No Match,unmatched,198.715,14.884,730.9537,3630.0,100.0,100.0
3310,No Match,unmatched,193.7,12.955,730.9543,31196.0,100.0,100.0
3311,No Match,unmatched,198.82636363636365,13.79309090909091,730.9543636363636,46954.0,100.0,100.0
3312,No Match,unmatched,193.59,11.146,730.9583,84658.0,100.0,100.0
3313,No Match,unmatched,207.74,13.214,731.9579,20010.0,100.0,100.0
3314,No Match,unmatched,200.06,15.056,731.9681,85854.0,100.0,100.0
3315,No Match,unmatched,201.56,13.218,732.9618,32898.0,100.0,100.0
3316,No Match,unmatched,195.06,13.217,732.9634,58376.0,100.0,100.0
3317,No Match,unmatched,233.11,11.627,732.9759,76909.0,100.0,100.0
3318,No Match,unmatched,233.11,8.579,732.9818,81403.0,100.0,100.0
3319,No Match,unmatched,232.87,11.04,732.9837,42052.0,100.0,100.0
3320,No Match,unmatched,191.025,9.924,738.9474,37425.0,100.0,100.0
3321,No Match,unmatched,231.6,10.915400000000002,738.9997599999999,40528.0,100.0,100.0
3322,No Match,unmatched,231.63,6.787,738.9977,58238.0,100.0,100.0
3323,No Match,unmatched,231.72,9.126,738.9984,32663.0,100.0,100.0
3324,No Match,unmatched,231.29,8.005,739.0026,95568.0,100.0,100.0
3325,No Match,unmatched,231.41,8.552,739.0034,49096.0,100.0,100.0
3326,No Match,unmatched,232.65,9.827,739.0106,94081.0,100.0,100.0
3327,No Match,unmatched,189.55,15.86,744.9335,64943.0,100.0,100.0
3328,No Match,unmatched,238.21,14.456,744.9365,71270.0,100.0,100.0
3329,No Match,unmatched,220.44,12.951,746.93535,28104.0,100.0,100.0
3330,No Match,unmatched,237.01,14.454,746.9411,68305.0,100.0,100.0
3331,No Match,unmatched,245.3,11.204,747.1128,77294.0,100.0,100.0
3332,No Match,unmatched,225.39,12.952,747.9857,59320.0,100.0,100.0
3333,No Match,unmatched,236.62,14.441,748.9342,77204.0,100.0,100.0
3334,No Match,unmatched,197.36,13.216,750.9602,4606.0,100.0,100.0
3335,No Match,unmatched,202.06,13.215,750.9613,9734.0,100.0,100.0
3336,No Match,unmatched,195.51,11.837,754.9772,35116.0,100.0,100.0
3337,No Match,unmatched,221.04,12.348,756.9534,31214.0,100.0,100.0
3338,No Match,unmatched,225.96,12.948,760.9471,14762.0,100.0,100.0
3339,No Match,unmatched,200.85333333333327,13.454,762.9608333333332,87761.0,100.0,100.0
3340,No Match,unmatched,219.465,12.332,762.962,81907.0,100.0,100.0
3341,No Match,unmatched,217.89,12.0085,763.0983,19585.0,100.0,100.0
3342,No Match,unmatched,219.24,13.773,763.9608,90124.0,100.0,100.0
3343,No Match,unmatched,200.3,12.805,766.9366,10694.0,100.0,100.0
3344,No Match,unmatched,214.58,12.805,766.9369,17275.0,100.0,100.0
3345,No Match,unmatched,200.59,13.407,772.9898,94458.0,100.0,100.0
3346,No Match,unmatched,201.78,13.53,774.9462,30164.0,100.0,100.0
3347,No Match,unmatched,204.53500000000005,12.3455,776.9565,74408.0,100.0,100.0
3348,No Match,unmatched,195.7633333333333,15.752333333333333,776.9583333333334,62088.0,100.0,100.0
3349,No Match,unmatched,195.98,13.1325,776.9608,2912.0,100.0,100.0
3350,No Match,unmatched,193.85,12.477,776.9611,42806.0,100.0,100.0
3351,No Match,unmatched,246.2,3.977,777.0549,75715.0,100.0,100.0
3352,No Match,unmatched,214.22,13.579,778.9548,41036.0,100.0,100.0
3353,No Match,unmatched,209.73,13.586,778.9552,55148.0,100.0,100.0
3354,No Match,unmatched,200.57,13.572,778.9562,93167.0,100.0,100.0
3355,No Match,unmatched,235.83,11.766,778.9864,71933.0,100.0,100.0
3356,No Match,unmatched,236.08,10.494,778.989,58181.0,100.0,100.0
3357,No Match,unmatched,235.3,11.349,778.9949,75815.0,100.0,100.0
3358,No Match,unmatched,205.2326190476191,14.651571428571426,780.9505952380952,72684.0,100.0,100.0
3359,No Match,unmatched,201.61,12.4665,780.946,89095.0,100.0,100.0
3360,No Match,unmatched,208.44,13.19,780.9461,69680.0,100.0,100.0
3361,No Match,unmatched,216.55,13.992,780.9528,57576.0,100.0,100.0
3362,No Match,unmatched,209.9,13.178,780.956,74328.0,100.0,100.0
3363,No Match,unmatched,215.71,13.86,780.9616,81844.0,100.0,100.0
3364,No Match,unmatched,202.93,15.309,780.9676,89954.0,100.0,100.0
3365,No Match,unmatched,206.52142857142857,14.092857142857142,781.9549428571429,33637.0,100.0,100.0
3366,No Match,unmatched,204.85,15.2,781.9567,60056.0,100.0,100.0
3367,No Match,unmatched,208.34,14.753,781.966,93865.0,100.0,100.0
3368,No Match,unmatched,210.59,13.585,782.9575,20406.0,100.0,100.0
3369,No Match,unmatched,204.89,13.584,782.9598,12813.0,100.0,100.0
3370,No Match,unmatched,198.07,10.592,788.9297,95828.0,100.0,100.0
3371,No Match,unmatched,197.84,10.549,788.9452,32451.0,100.0,100.0
3372,No Match,unmatched,200.16,13.427,788.9587,80274.0,100.0,100.0
3373,No Match,unmatched,254.75,8.852,789.1148,72557.0,100.0,100.0
3374,No Match,unmatched,197.00111111111107,14.907444444444444,795.9530777777777,43968.0,100.0,100.0
3375,No Match,unmatched,196.89,13.598666666666666,795.9525,34077.0,100.0,100.0
3376,No Match,unmatched,197.1,13.206,796.0751,52099.0,100.0,100.0
3377,No Match,unmatched,230.69,13.378,796.9612,55926.0,100.0,100.0
3378,No Match,unmatched,249.405,15.068,797.1139000000001,4414.0,100.0,100.0
3379,No Match,unmatched,228.04,12.946,798.9266,24167.0,100.0,100.0
3380,No Match,unmatched,241.03,13.378,799.0119,32565.0,100.0,100.0
3381,No Match,unmatched,211.09,13.583,800.9566,9321.0,100.0,100.0
3382,No Match,unmatched,204.205,13.6345,800.9596,4233.0,100.0,100.0
3383,No Match,unmatched,202.23,12.344,804.9733,27587.0,100.0,100.0
3384,No Match,unmatched,247.85,3.51,805.0859,82296.0,100.0,100.0
3385,No Match,unmatched,227.195,14.76925,805.98555,89288.0,100.0,100.0
3386,No Match,unmatched,253.56,13.449,806.9079,77117.0,100.0,100.0
3387,No Match,unmatched,201.11,13.496,806.9530500000001,34569.0,100.0,100.0
3388,No Match,unmatched,227.33,12.804,806.9524,18419.0,100.0,100.0
3389,No Match,unmatched,257.8433333333333,3.9983333333333335,807.0182666666666,48250.0,100.0,100.0
3390,No Match,unmatched,253.87,13.454,808.941,74951.0,100.0,100.0
3391,No Match,unmatched,253.71,13.455,808.9768,78746.0,100.0,100.0
3392,No Match,unmatched,253.83,13.445,810.9178,66648.0,100.0,100.0
3393,No Match,unmatched,209.0133333333333,13.838,812.9567333333333,62122.0,100.0,100.0
3394,No Match,unmatched,207.42,13.211,816.9331,9872.0,100.0,100.0
3395,No Match,unmatched,221.28,13.214,816.9345,19918.0,100.0,100.0
3396,No Match,unmatched,211.75,14.412,818.9485,53564.0,100.0,100.0
3397,No Match,unmatched,244.15,10.945,821.0017,65780.0,100.0,100.0
3398,No Match,unmatched,205.7,13.889,824.9424,14480.0,100.0,100.0
3399,No Match,unmatched,203.06,13.244,824.9619,48855.0,100.0,100.0
3400,No Match,unmatched,251.48,15.135,825.1067,15013.0,100.0,100.0
3401,No Match,unmatched,201.385,13.1805,826.957225,93829.0,100.0,100.0
3402,No Match,unmatched,211.77,12.801,826.9566,5321.0,100.0,100.0
3403,No Match,unmatched,210.97,13.912,828.9551,94703.0,100.0,100.0
3404,No Match,unmatched,260.96,4.009,829.0005,48623.0,100.0,100.0
3405,No Match,unmatched,210.23,12.816,829.9317,87987.0,100.0,100.0
3406,No Match,unmatched,214.70857142857147,15.243880952380952,830.948369,68271.0,100.0,100.0
3407,No Match,unmatched,147.14,12.078,830.9459,33941.0,100.0,100.0
3408,No Match,unmatched,209.19,12.09,830.9474,3509.0,100.0,100.0
3409,No Match,unmatched,220.75333333333333,14.665,830.9481,1800.0,100.0,100.0
3410,No Match,unmatched,195.8375,12.95,830.9484,59109.0,100.0,100.0
3411,No Match,unmatched,131.5,12.092,830.9491,54427.0,100.0,100.0
3412,No Match,unmatched,211.41,15.194,830.9691,90577.0,100.0,100.0
3413,No Match,unmatched,220.7,15.333,830.978,95477.0,100.0,100.0
3414,No Match,unmatched,226.54,13.913,831.9523,40416.0,100.0,100.0
3415,No Match,unmatched,217.37,13.913,832.0705,63013.0,100.0,100.0
3416,No Match,unmatched,240.57,13.07,835.9483,39639.0,100.0,100.0
3417,No Match,unmatched,204.81,11.121,838.9413,14051.0,100.0,100.0
3418,No Match,unmatched,206.37,13.778,838.9575,88882.0,100.0,100.0
3419,No Match,unmatched,207.68,13.447,838.9756,66654.0,100.0,100.0
3420,No Match,unmatched,259.16,13.721,842.9116,71715.0,100.0,100.0
3421,No Match,unmatched,258.8,13.721,844.9273,77494.0,100.0,100.0
3422,No Match,unmatched,203.41,14.419,845.9372,75480.0,100.0,100.0
3423,No Match,unmatched,203.72333333333336,14.27777777777778,845.9516,23859.0,100.0,100.0
3424,No Match,unmatched,203.63,15.646,845.9509,30981.0,100.0,100.0
3425,No Match,unmatched,204.07,13.585,846.094,52226.0,100.0,100.0
3426,No Match,unmatched,210.5,13.9675,850.9563499999999,3965.0,100.0,100.0
3427,No Match,unmatched,219.63,13.916,850.9562,10496.0,100.0,100.0
3428,No Match,unmatched,262.08,4.006,851.0752,79943.0,100.0,100.0
3429,No Match,unmatched,209.01,12.787,854.971,16690.0,100.0,100.0
3430,No Match,unmatched,225.7,13.132,855.0952,86837.0,100.0,100.0
3431,No Match,unmatched,225.38,13.16,855.1086,86061.0,100.0,100.0
3432,No Match,unmatched,207.2,13.8515,856.9474,22023.0,100.0,100.0
3433,No Match,unmatched,233.5,13.211,856.9479,12485.0,100.0,100.0
3434,No Match,unmatched,210.55,7.558,858.9088,93292.0,100.0,100.0
3435,No Match,unmatched,209.19,13.744,858.9601,60909.0,100.0,100.0
3436,No Match,unmatched,218.24,14.273333333333332,862.9544,70761.0,100.0,100.0
3437,No Match,unmatched,215.11,13.582,866.9298,29652.0,100.0,100.0
3438,No Match,unmatched,210.66,14.212,874.9384,14308.0,100.0,100.0
3439,No Match,unmatched,210.31,13.624,874.9564,46246.0,100.0,100.0
3440,No Match,unmatched,208.19,13.579666666666668,876.9548833333333,31453.0,100.0,100.0
3441,No Match,unmatched,218.59,13.206,876.9536,3651.0,100.0,100.0
3442,No Match,unmatched,216.58000000000004,14.966241379310343,880.9447896551724,59733.0,100.0,100.0
3443,No Match,unmatched,218.0233333333333,12.681,880.9444,43683.0,100.0,100.0
3444,No Match,unmatched,234.05,14.4195,880.9473,84044.0,100.0,100.0
3445,No Match,unmatched,135.51999999999998,12.509,880.9494333333333,18053.0,100.0,100.0
3446,No Match,unmatched,226.03500000000005,14.6465,880.9446,2123.0,100.0,100.0
3447,No Match,unmatched,229.18,15.59,880.9562,71074.0,100.0,100.0
3448,No Match,unmatched,220.94,15.557,880.9652,94146.0,100.0,100.0
3449,No Match,unmatched,224.15,10.075,891.9859,65258.0,100.0,100.0
3450,No Match,unmatched,210.44454545454545,14.793454545454546,895.9470909,33135.0,100.0,100.0
3451,No Match,unmatched,210.84,13.916,896.078,62273.0,100.0,100.0
3452,No Match,unmatched,209.92,14.008,896.949,86009.0,100.0,100.0
3453,No Match,unmatched,262.99,13.578,896.9546,30780.0,100.0,100.0
3454,No Match,unmatched,272.17,3.988,897.11375,24134.0,100.0,100.0
3455,No Match,unmatched,262.64,13.577,898.9462,38655.0,100.0,100.0
3456,No Match,unmatched,228.185,14.2375,900.9518,68638.0,100.0,100.0
3457,No Match,unmatched,217.315,14.2715,900.9528,4367.0,100.0,100.0
3458,No Match,unmatched,217.64,14.232,901.9627,82854.0,100.0,100.0
3459,No Match,unmatched,215.93,13.187,904.969,10554.0,100.0,100.0
3460,No Match,unmatched,215.195,14.143,906.94325,84483.0,100.0,100.0
3461,No Match,unmatched,239.46,13.583,906.9464,54202.0,100.0,100.0
3462,No Match,unmatched,226.285,14.488499999999998,912.95125,3153.0,100.0,100.0
3463,No Match,unmatched,222.55,13.927,916.9258,50131.0,100.0,100.0
3464,No Match,unmatched,222.18,13.926,916.9355,91967.0,100.0,100.0
3465,No Match,unmatched,214.99,11.853,920.9454,58414.0,100.0,100.0
3466,No Match,unmatched,216.815,14.4945,924.93295,76566.0,100.0,100.0
3467,No Match,unmatched,216.91,13.959,924.9567,51801.0,100.0,100.0
3468,No Match,unmatched,240.55,10.4245,926.93175,57357.0,100.0,100.0
3469,No Match,unmatched,214.9157142857143,13.967285714285714,926.9494142857142,90066.0,100.0,100.0
3470,No Match,unmatched,225.44,13.6575,926.94785,94052.0,100.0,100.0
3471,No Match,unmatched,226.2133333333333,13.171333333333337,930.9379333333331,53099.0,100.0,100.0
3472,No Match,unmatched,155.595,12.928,930.9397,92456.0,100.0,100.0
3473,No Match,unmatched,254.13,12.868,930.9397,54963.0,100.0,100.0
3474,No Match,unmatched,234.9,15.278636363636366,930.9424545454546,93848.0,100.0,100.0
3475,No Match,unmatched,225.94,15.417333333333334,930.9417333333334,23133.0,100.0,100.0
3476,No Match,unmatched,173.20000000000002,12.916000000000002,930.9427333333332,1821.0,100.0,100.0
3477,No Match,unmatched,253.96,12.92,930.9571,93821.0,100.0,100.0
3478,No Match,unmatched,156.13,12.871,931.9404,75878.0,100.0,100.0
3479,No Match,unmatched,138.25,12.879,931.9417,88564.0,100.0,100.0
3480,No Match,unmatched,146.83,12.898,931.9432,72025.0,100.0,100.0
3481,No Match,unmatched,226.435,14.643,931.94665,13928.0,100.0,100.0
3482,No Match,unmatched,223.31,12.489,936.9521,79585.0,100.0,100.0
3483,No Match,unmatched,219.375,12.1725,938.9344,3562.0,100.0,100.0
3484,No Match,unmatched,239.07,12.077,938.9349,74499.0,100.0,100.0
3485,No Match,unmatched,221.01,14.386,938.9488,45451.0,100.0,100.0
3486,No Match,unmatched,217.28235294117647,15.235294117647058,944.9399588235294,64772.0,100.0,100.0
3487,No Match,unmatched,217.27,14.223,946.0806,62939.0,100.0,100.0
3488,No Match,unmatched,231.25,11.614,946.9886,85089.0,100.0,100.0
3489,No Match,unmatched,252.04,10.423,948.9149,10461.0,100.0,100.0
3490,No Match,unmatched,224.6,14.571,950.9458,71425.0,100.0,100.0
3491,No Match,unmatched,236.16,14.511,950.9473,20214.0,100.0,100.0
3492,No Match,unmatched,223.22,13.544,954.9648,9482.0,100.0,100.0
3493,No Match,unmatched,246.17,13.923,956.9392,63655.0,100.0,100.0
3494,No Match,unmatched,221.69,14.44,956.941,24921.0,100.0,100.0
3495,No Match,unmatched,223.58,14.429,958.9538,89024.0,100.0,100.0
3496,No Match,unmatched,224.04,12.092,960.9123,34797.0,100.0,100.0
3497,No Match,unmatched,233.35,14.7365,962.94765,31062.0,100.0,100.0
3498,No Match,unmatched,229.64,14.23,966.928,86685.0,100.0,100.0
3499,No Match,unmatched,222.2,12.288,970.939,22225.0,100.0,100.0
3500,No Match,unmatched,222.87,14.762,974.9308,27143.0,100.0,100.0
3501,No Match,unmatched,223.96,14.267,974.9493,55275.0,100.0,100.0
3502,No Match,unmatched,220.58142857142855,14.181571428571427,976.9461,71321.0,100.0,100.0
3503,No Match,unmatched,232.21,13.915,976.9472,3176.0,100.0,100.0
3504,No Match,unmatched,282.82,3.982,979.1128,69549.0,100.0,100.0
3505,No Match,unmatched,251.07,15.135,980.0184,78953.0,100.0,100.0
3506,No Match,unmatched,233.06,13.601,980.9232,84000.0,100.0,100.0
3507,No Match,unmatched,266.55,13.221,980.9306,69581.0,100.0,100.0
3508,No Match,unmatched,151.44,13.293,980.9335,58943.0,100.0,100.0
3509,No Match,unmatched,242.96,15.927,980.9344,83214.0,100.0,100.0
3510,No Match,unmatched,233.185,14.992,980.9385,54775.0,100.0,100.0
3511,No Match,unmatched,227.86,14.533833333333334,980.9383666666668,44818.0,100.0,100.0
3512,No Match,unmatched,234.485,13.362,980.939,1993.0,100.0,100.0
3513,No Match,unmatched,142.66,13.231,980.9387,10359.0,100.0,100.0
3514,No Match,unmatched,151.33,13.232,980.9524,81253.0,100.0,100.0
3515,No Match,unmatched,240.52,14.87,981.9385,41309.0,100.0,100.0
3516,No Match,unmatched,245.98,14.874,981.9421,45455.0,100.0,100.0
3517,No Match,unmatched,242.69,14.928,981.9544,95920.0,100.0,100.0
3518,No Match,unmatched,230.13,12.877,986.9492,34794.0,100.0,100.0
3519,No Match,unmatched,287.73,3.964,987.1093,78913.0,100.0,100.0
3520,No Match,unmatched,246.28,12.497,988.9299,65016.0,100.0,100.0
3521,No Match,unmatched,226.485,12.587,988.9315,2307.0,100.0,100.0
3522,No Match,unmatched,228.33,14.661,988.9482,65840.0,100.0,100.0
3523,No Match,unmatched,224.10166666666663,15.245833333333335,994.937075,17634.0,100.0,100.0
3524,No Match,unmatched,224.56,14.876,995.9611,92906.0,100.0,100.0
3525,No Match,unmatched,224.11,14.509,996.084,76272.0,100.0,100.0
3526,No Match,unmatched,239.08,12.093,996.9846,38074.0,100.0,100.0
3527,No Match,unmatched,231.07,14.803,1000.9457,27752.0,100.0,100.0
3528,No Match,unmatched,230.19,13.879,1004.9637,10744.0,100.0,100.0
3529,No Match,unmatched,229.39,14.717,1006.9412,52604.0,100.0,100.0
3530,No Match,unmatched,229.51,14.682,1008.9548,76386.0,100.0,100.0
3531,No Match,unmatched,231.32,12.498,1010.913,9483.0,100.0,100.0
3532,No Match,unmatched,240.17,14.961,1012.9457,87734.0,100.0,100.0
3533,No Match,unmatched,229.07,12.692,1020.938,19439.0,100.0,100.0
3534,No Match,unmatched,230.83,13.258,1024.9278,49277.0,100.0,100.0
3535,No Match,unmatched,253.59,11.212,1026.927,67636.0,100.0,100.0
3536,No Match,unmatched,230.085,14.753,1026.943,41410.0,100.0,100.0
3537,No Match,unmatched,238.57,14.22,1026.9432,4056.0,100.0,100.0
3538,No Match,unmatched,269.47,13.598,1030.9206,92773.0,100.0,100.0
3539,No Match,unmatched,146.62,13.56,1030.9304,46069.0,100.0,100.0
3540,No Match,unmatched,243.25666666666663,13.741,1030.9347333333333,45839.0,100.0,100.0
3541,No Match,unmatched,164.035,13.607,1030.93725,15644.0,100.0,100.0
3542,No Match,unmatched,253.43,15.1065,1030.9386,28136.0,100.0,100.0
3543,No Match,unmatched,300.86,9.529,1031.9266,62656.0,100.0,100.0
3544,No Match,unmatched,237.34,14.838,1036.9468,61853.0,100.0,100.0
3545,No Match,unmatched,236.11,13.234,1036.9477,33030.0,100.0,100.0
3546,No Match,unmatched,253.97,12.885,1038.9232,59987.0,100.0,100.0
3547,No Match,unmatched,233.675,12.972,1038.92745,1887.0,100.0,100.0
3548,No Match,unmatched,233.0,12.985,1039.9386,92771.0,100.0,100.0
3549,No Match,unmatched,230.81166666666664,15.292666666666667,1044.934616666667,25333.0,100.0,100.0
3550,No Match,unmatched,279.8,14.669,1046.9127,79255.0,100.0,100.0
3551,No Match,unmatched,246.57,12.496,1046.9843,33517.0,100.0,100.0
3552,No Match,unmatched,267.17,11.211,1048.9094,23072.0,100.0,100.0
3553,No Match,unmatched,237.305,14.23,1054.9573,92343.0,100.0,100.0
3554,No Match,unmatched,238.77,12.884,1060.909,7033.0,100.0,100.0
3555,No Match,unmatched,235.5,13.0625,1070.93495,32194.0,100.0,100.0
3556,No Match,unmatched,236.9,14.968,1076.9416,37130.0,100.0,100.0
3557,No Match,unmatched,244.73,14.5525,1076.94355,30555.0,100.0,100.0
3558,No Match,unmatched,251.49,13.912,1080.93365,15770.0,100.0,100.0
3559,No Match,unmatched,240.81,13.305,1088.92465,2905.0,100.0,100.0
3560,No Match,unmatched,301.25,3.993,1091.0811,58589.0,100.0,100.0
3561,No Match,unmatched,237.46,15.207333333333333,1094.9295333333332,73133.0,100.0,100.0
3562,No Match,unmatched,253.87,12.879,1096.9794,32328.0,100.0,100.0
3563,No Match,unmatched,242.31,13.383,1102.9384,92216.0,100.0,100.0
3564,No Match,unmatched,244.42,14.511,1104.9596,74961.0,100.0,100.0
3565,No Match,unmatched,246.54,13.301,1110.90675,94561.0,100.0,100.0
3566,No Match,unmatched,242.81,13.407,1120.9329,70425.0,100.0,100.0
3567,No Match,unmatched,266.26,11.879,1126.9195,7403.0,100.0,100.0
3568,No Match,unmatched,287.86,11.8805,1126.9223,40129.0,100.0,100.0
3569,No Match,unmatched,247.91,13.613499999999998,1138.9228,5699.0,100.0,100.0
3570,No Match,unmatched,260.98,13.221,1146.9807,51213.0,100.0,100.0
3571,No Match,unmatched,281.48,11.88,1148.903,2464.0,100.0,100.0
3572,No Match,unmatched,272.23,11.879,1152.9792,30418.0,100.0,100.0
3573,No Match,unmatched,253.68,13.617,1160.9025499999998,8102.0,100.0,100.0
3574,No Match,unmatched,288.57,11.881,1184.9733,12953.0,100.0,100.0
3575,No Match,unmatched,271.22,11.855,1230.9002,80592.0,100.0,100.0
3576,No Match,unmatched,307.88,12.952,1348.8929,62594.0,100.0,100.0
3577,PFDoS,External Standard,203.67,12.83,698.9174,0.0,0.0,0.0
3578,PFDS,External Standard,186.21,11.76,598.9238,0.0,0.0,0.0
3579,PFNS,External Standard,177.24,11.1,548.927,0.0,0.0,0.0
3580,PFOS,External Standard,168.27,10.12,498.9302,0.0,0.0,0.0
3581,PFHpS,External Standard,159.24,9.2,448.9334,0.0,0.0,0.0
3582,PFHxS,External Standard,150.51,8.38,398.9366,0.0,0.0,0.0
3583,PFPeS,External Standard,142.2,7.03,348.9398,0.0,0.0,0.0
3584,PFBS,External Standard,133.62,5.2,298.943,0.0,0.0,0.0
3585,PFPrS,External Standard,125.1,3.2,248.9462,0.0,0.0,0.0
3586,PFEtS,External Standard,117.4,1.3,198.9494,0.0,0.0,0.0
3587,TFMS(1),External Standard,109.59,0.38,148.9526,0.0,0.0,0.0
3588,TFMS(2),External Standard,111.32,0.38,148.9526,0.0,0.0,0.0
3589,8Cl-PFOS,External Standard,173.33,10.68,514.9007,0.0,0.0,0.0
3590,PFECHS,External Standard,153.34,9.02,460.9334,0.0,0.0,0.0
3591,PFODA,External Standard,243.5,14.29,912.9339,0.0,0.0,0.0
3592,PFODA,External Standard,222.2,14.29,868.9441,0.0,0.0,0.0
3593,PFHxDA,External Standard,226.12,14.02,812.9409,0.0,0.0,0.0
3594,PFHxDA,External Standard,203.67,14.02,768.951,0.0,0.0,0.0
3595,PFTeDA,External Standard,209.19,13.3,712.9473,0.0,0.0,0.0
3596,PFTeDA,External Standard,187.62,13.3,668.9574,0.0,0.0,0.0
3597,PFTrDA,External Standard,200.76,12.86,662.9505,0.0,0.0,0.0
3598,PFTrDA,External Standard,179.65,12.86,618.9606,0.0,0.0,0.0
3599,PFDoA,External Standard,191.37,12.36,612.9537,0.0,0.0,0.0
3600,PFDoA,External Standard,171.5,12.36,568.9638,0.0,0.0,0.0
3601,PFUdA,External Standard,182.86,11.77,562.9568,0.0,0.0,0.0
3602,PFUdA,External Standard,163.36,11.77,518.967,0.0,0.0,0.0
3603,PFDA,External Standard,174.21,11.1,512.96,0.0,0.0,0.0
3604,PFDA,External Standard,155.28,11.1,468.9702,0.0,0.0,0.0
3605,PFNA,External Standard,165.15,10.3,462.9632,0.0,0.0,0.0
3606,PFNA,External Standard,147.02,10.3,418.9734,0.0,0.0,0.0
3607,PFOA,External Standard,139.5,9.37,368.9766,0.0,0.0,0.0
3608,PFHpA,External Standard,132.38,8.21,318.9798,0.0,0.0,0.0
3609,PFHxA,External Standard,125.1,6.66,268.983,0.0,0.0,0.0
3610,PFPeA,External Standard,117.43,4.52,218.9862,0.0,0.0,0.0
3611,PFBA,External Standard,110.76,2.26,168.9894,0.0,0.0,0.0
3612,PFPrA(1),External Standard,119.28,10.47,118.992,0.0,0.0,0.0
3613,PFPrA(2),External Standard,115.1,0.82,162.9818,0.0,0.0,0.0
3614,PFPrA(2),External Standard,104.5986,0.82,118.992,0.0,0.0,0.0
3615,TFA(1),External Standard,106.25,0.36,112.985,0.0,0.0,0.0
3616,TFA(2),External Standard,122.14,0.36,112.985,0.0,0.0,0.0
3617,TFA(1),External Standard,96.52,0.36,68.9952,0.0,0.0,0.0
3618,9Cl-PFNA,External Standard,168.64,7.99,478.9331,0.0,0.0,0.0
3619,9Cl-PFNA,External Standard,150.52,7.99,434.9433,0.0,0.0,0.0
3620,5H-PFPeA,External Standard,142.99,1.19,244.9854,0.0,0.0,0.0
3621,diPFHxA,External Standard,130.67,0.37,288.9747,0.0,0.0,0.0
3622,10:2 FTS,External Standard,203.62,12.37,626.9551,0.0,0.0,0.0
3623,8:2 FTS,External Standard,185.8,11.08,526.9615,0.0,0.0,0.0
3624,6:2 FTS,External Standard,168.13,9.31,426.9679,0.0,0.0,0.0
3625,4:2 FTS,External Standard,150.39,6.51,326.9743,0.0,0.0,0.0
3626,5:2 FTCA,External Standard,157.54,8.44,341.0036,0.0,0.0,0.0
3627,8:2 FTUCA,External Standard,192.4,10.25,456.9727,0.0,0.0,0.0
3628,8:2 FTPA,External Standard,188.22,11.08,526.9705,0.0,0.0,0.0
3629,"1H,1H,5H-Perfluoropentanol",External Standard,124.5,4.8,231.0056,0.0,0.0,0.0
3630,11:1 FTOH,External Standard,179.62,13.98,598.9738,0.0,0.0,0.0
3631,HFPO-TeA (dimer),External Standard,278.77,12.43,1322.884,0.0,0.0,0.0
3632,PFO3TrDA (dimer),External Standard,257.43,11.78,1122.896,0.0,0.0,0.0
3633,PFO2NA (dimer),External Standard,240.87,10.7,990.9128,0.0,0.0,0.0
3634,PFO5DoA (dimer),External Standard,233.35,10.15,886.8951,0.0,0.0,0.0
3635,PFO4DA (dimer),External Standard,217.05,8.86,754.9117,0.0,0.0,0.0
3636,PFO3OA (dimer),External Standard,198.95,6.95,622.9282,0.0,0.0,0.0
3637,NFDHA (dimer),External Standard,195.5,6.49,590.9384,0.0,0.0,0.0
3638,PFMBA (dimer),External Standard,183.5,5.38,558.9486,0.0,0.0,0.0
3639,Hydro-EVE,External Standard,151.2,8.28,426.9651,0.0,0.0,0.0
3640,EVE acid,External Standard,146.26,8.8,406.9589,0.0,0.0,0.0
3641,R-EVE,External Standard,146.3,2.37,404.9632,0.0,0.0,0.0
3642,PFO4DA,External Standard,146.66,6.68,376.9525,0.0,0.0,0.0
3643,PFO3DoDA,External Standard,149.52,10.07,366.9645,0.0,0.0,0.0
3644,PFECA G,External Standard,138.97,4.24,334.9747,0.0,0.0,0.0
3645,ADONA,External Standard,139.58,10.95,332.979,0.0,0.0,0.0
3646,HFPO-DA,External Standard,127.46,7.14,284.9779,0.0,0.0,0.0
3647,PEPA,External Standard,120.92,5.01,234.9811,0.0,0.0,0.0
3648,PEPA*,External Standard,190.2,5.01,234.9811,0.0,0.0,0.0
3649,PFMOBA (dimer),External Standard,184.7,5.18,558.938,0.0,0.0,0.0
3650,PFMOBA*,External Standard,187.9,5.18,278.9694,0.0,0.0,0.0
3651,PMPA,External Standard,115.2,2.56,184.9843,0.0,0.0,0.0
3652,PMPA (dimer),External Standard,167.9,2.56,458.9471,0.0,0.0,0.0
3653,PMPA*,External Standard,173.9,2.56,184.9843,0.0,0.0,0.0
3654,PFMPA (dimer),External Standard,115.45,2.95,458.9461,0.0,0.0,0.0
3655,PFMPA*,External Standard,174.9,2.95,228.9738,0.0,0.0,0.0
3656,Nafion Byproduct 1,External Standard,156.2,9.06,442.9264,0.0,0.0,0.0
3657,Nafion Byproduct 2,External Standard,155.21,8.46,462.9327,0.0,0.0,0.0
3658,Nafion Byproduct 4,External Standard,151.27,2.8,440.9308,0.0,0.0,0.0
3659,Nafion Byproduct 5,External Standard,152.91,3.04,438.9351,0.0,0.0,0.0
3660,Nafion Byproduct 6,External Standard,146.16,8.55,396.9409,0.0,0.0,0.0
3661,PFEESA,External Standard,137.99,6.31,314.9379,0.0,0.0,0.0
3662,NVHOS,External Standard,132.93,3.41,296.9473,0.0,0.0,0.0
3663,9Cl-PF3ONS,External Standard,170.24,10.82,530.8956,0.0,0.0,0.0
3664,11Cl-PF3OUdS,External Standard,186.52,12.1,630.8892,0.0,0.0,0.0
3665,NEtFOSAA,External Standard,197.2,11.79,583.983,0.0,0.0,0.0
3666,EtFOSE,External Standard,197.38,12.01,570.0037,0.0,0.0,0.0
3667,FDSA,External Standard,188.12,12.54,597.9398,0.0,0.0,0.0
3668,NMeFOSAA,External Standard,190.01,10.94,569.9673,0.0,0.0,0.0
3669,N-CMAmP-6:2FOSA,External Standard,215.21,9.95,569.0785,0.0,0.0,0.0
3670,NMeFOSE,External Standard,193.03,12.92,555.9881,0.0,0.0,0.0
3671,FOSAA,External Standard,181.66,10.51,555.9517,0.0,0.0,0.0
3672,NEtFOSA,External Standard,179.41,12.26,525.9775,0.0,0.0,0.0
3673,NMeFOSA,External Standard,169.15,11.86,511.9619,0.0,0.0,0.0
3674,N_AP_FHxSA,External Standard,182.79,9.27,483.0417,0.0,0.0,0.0
3675,MeFHxSA,External Standard,152.91,10.47,411.9682,0.0,0.0,0.0
3676,FHxSA,External Standard,151.96,9.78,397.9526,0.0,0.0,0.0
3677,FBSEE,External Standard,163.84,8.78,386.0114,0.0,0.0,0.0
3678,MeFBSAA,External Standard,158.42,7.56,369.9801,0.0,0.0,0.0
3679,FBSAA,External Standard,147.21,6.86,355.9645,0.0,0.0,0.0
3680,FBSE,External Standard,146.83,8.51,341.9852,0.0,0.0,0.0
3681,MeFBSA,External Standard,138.88,7.69,311.9746,0.0,0.0,0.0
3682,FBSA,External Standard,134.99,6.68,297.959,0.0,0.0,0.0
3683,diSAmPAP,External Standard,307.21,14.74,1202.9705,0.0,0.0,0.0
3684,8:8 PFPi,External Standard,233.99,14.13,900.9098,0.0,0.0,0.0
3685,6:8 PFPi,External Standard,213.25,13.06,800.9162,0.0,0.0,0.0
3686,6:6 PFPi,External Standard,195.4,12.28,700.9226,0.0,0.0,0.0
3687,8:2 diPAP,External Standard,262.86,14.27,988.9623,0.0,0.0,0.0
3688,6:2/8:2 diPAP,External Standard,247.12,13.51,888.9687,0.0,0.0,0.0
3689,6:2 diPAP,External Standard,233.93,13.39,788.9751,0.0,0.0,0.0
3690,PFDPA,External Standard,188.12,10.31,598.9333,0.0,0.0,0.0
3691,PFOPA,External Standard,169.83,7.81,498.9397,0.0,0.0,0.0
3692,Cl-PFOPA,External Standard,174.95,8.48,514.9102,0.0,0.0,0.0
3693,Cl-PFHxPA,External Standard,156.12,5.54,414.9166,0.0,0.0,0.0
3694,PFHxPA,External Standard,152.88,4.55,398.9461,0.0,0.0,0.0
3695,PFBPA,External Standard,135.68,0.66,298.9525,0.0,0.0,0.0
