ID,RT,DT,CCS,m/z,Z,Ions,Freq.,Q Score,Sat.,Mark, 222 B3 305.d.DeMP
1,3.23,21.095,161.62,227.2004,-1,5,21,100.0,x,False,317820.793170138
2,3.718,23.177,175.81,279.2322,-1,4,19,100.0,x,False,334290.4857992858
3,2.762,28.515,212.31,476.2792,-1,6,14,100.0,x,False,417515.55566666665
5,2.814,29.218,217.26,500.2803,-1,4,16,100.0,x,False,412809.66184747464
6,3.786,33.197,246.45,539.4331,-1,4,17,100.0,x,False,417214.06370289583
8,2.872,28.224,210.45,452.2791,-1,6,15,100.0,x,False,250651.999
9,3.36,29.205,217.41,480.311,-1,6,18,100.0,x,False,416859.21474204666
10,2.952,29.366,218.6,480.309,-1,5,16,100.0,x,False,351508.5535105834
11,2.771,22.868,169.88,505.9739,-1,5,22,100.0,x,False,332431.5584620457
12,3.299,23.153,175.68,277.2155,-1,4,14,100.0,x,False,407372.2780890487
13,0.403,17.668,136.86,187.0056,-1,5,16,100.0,x,False,257054.22233333334
14,3.44,22.056,168.06,253.2156,-1,4,16,100.0,x,False,190728.86809782428
15,2.269,22.692,168.62,498.9308,-1,4,21,100.0,x,False,394233.8553439367
16,3.519,28.985,215.97,464.3157,-1,5,16,100.0,x,False,391248.05044223665
17,4.593,34.263,253.79,595.4959,-1,6,18,100.0,x,False,370063.89676055015
21,2.234,22.398,166.43,498.9311,-1,5,16,100.0,x,False,378115.7753782548
24,1.071,26.23,196.85,367.1582,-1,7,16,100.0,x,False,422876.5403309379
26,4.165,39.869,293.34,861.5564,-1,6,18,100.0,x,False,287090.21609301976
27,2.514,22.643,171.97,271.2261,-1,5,13,100.0,x,False,353333.4445555555
28,3.273,27.998,208.97,436.284,-1,5,17,100.0,x,False,393905.83993294596
30,1.722,18.393,142.91,179.0692,-1,4,13,100.0,x,False,427529.999
31,4.081,38.989,287.01,833.5248,-1,6,14,100.0,x,False,358525.999
32,3.814,24.203,182.9,305.248,-1,4,23,100.0,x,False,843.7449543133371
33,3.593,32.262,240.44,465.3047,-1,6,11,100.0,x,False,423703.999
34,3.423,25.186,189.81,327.2318,-1,5,13,100.0,x,False,284884.999
35,2.966,32.677,242.42,554.3485,-1,4,15,100.0,x,False,335043.999
37,3.499,32.61,242.11,537.4173,-1,4,14,100.0,x,False,292655.739051145
38,2.196,20.887,155.39,473.9876,-1,4,24,100.0,x,False,11182.077989500249
39,4.25,40.496,297.85,885.5554,-1,7,15,100.0,x,False,410803.15042493545
40,3.378,30.379,225.82,508.3425,-1,5,14,100.0,x,False,322943.999
41,2.396,22.065,163.74,524.9887,-1,4,24,100.0,x,False,140825.11293607525
44,2.154,21.85,166.11,265.1463,-1,6,16,100.0,x,False,187824.5833506962
45,4.118,40.327,296.6,883.5404,-1,5,16,100.0,x,False,235968.56805385134
46,2.962,28.953,215.55,478.294,-1,4,13,100.0,x,False,419603.999
47,4.09,39.632,291.62,857.5256,-1,7,12,100.0,x,False,374407.999
48,3.48,30.743,229.06,467.3742,-1,4,11,100.0,x,False,413805.999
49,2.327,32.351,239.39,619.2918,-1,6,15,100.0,x,False,349239.999
50,3.525,24.133,182.41,303.2333,-1,5,14,100.0,x,False,416529.24680029997
51,4.309,34.131,252.84,593.4808,-1,5,12,100.0,x,False,419624.55566666665
52,2.586,23.22,171.99,569.9689,-1,4,24,100.0,x,False,225511.3805285109
54,0.635,21.078,160.4,259.0267,-1,5,15,100.0,x,False,248285.999
55,1.796,20.196,151.02,398.9362,-1,3,14,100.0,x,False,406012.999
56,3.213,28.726,214.06,462.2994,-1,4,19,100.0,x,False,354035.9848793322
58,2.486,27.892,207.9,457.2363,-1,5,12,100.0,x,False,415535.999
59,3.414,33.714,249.85,582.3797,-1,5,13,100.0,x,False,332130.999
60,3.65,25.212,189.97,329.2476,-1,5,15,100.0,x,False,239890.7778888889
61,2.519,20.089,155.08,199.1684,-1,4,14,100.0,x,False,264244.1112222222
62,0.96,17.971,137.06,244.9059,-1,9,13,100.0,x,False,359003.0001111111
63,1.213,26.169,196.36,369.1737,-1,6,13,100.0,x,False,406568.999
64,3.432,23.45,174.13,514.9818,-1,5,15,100.0,x,False,340400.999
65,2.774,32.911,243.91,578.3487,-1,4,14,100.0,x,False,300489.999
66,2.995,33.264,246.52,580.3653,-1,4,15,100.0,x,False,289298.999
68,3.49,30.114,224.67,445.3327,-1,3,15,99.8,x,False,366883.7469620214
69,2.77,29.924,222.26,524.2796,-1,4,11,100.0,x,False,299365.999
71,3.972,33.824,250.56,591.4662,-1,8,14,100.0,x,False,340075.2851697385
73,2.478,24.103,181.8,319.2273,-1,3,13,100.0,x,False,342629.999
74,2.882,32.691,242.53,554.3478,-1,4,11,100.0,x,False,212590.999
75,2.801,29.767,221.31,504.3111,-1,5,14,100.0,x,False,269767.999
76,3.025,24.841,187.2,327.29,-1,5,15,100.0,x,False,246825.55566666665
77,3.769,22.648,172.13,267.2313,-1,4,16,100.0,x,False,155625.27556509804
78,3.25,32.21,239.43,511.4004,-1,4,9,100.0,x,False,247700.999
79,2.756,32.509,240.74,599.3222,-1,6,12,100.0,x,False,260296.999
80,4.56,24.327,183.73,309.2789,-1,4,21,100.0,x,False,81409.86401807342
81,3.424,24.105,182.25,301.2169,-1,4,15,100.0,x,False,193520.4734631158
82,1.281,27.7,207.36,397.2055,-1,5,14,100.0,x,False,334380.999
83,1.497,26.877,200.43,448.3067,-1,5,13,100.0,x,False,276747.999
84,1.741,18.646,139.75,368.9756,-1,3,12,100.0,x,False,270115.999
85,4.197,39.155,288.23,835.5402,-1,5,15,100.0,x,False,175124.999
86,3.664,28.344,249.04,59.0124,-1,3,16,100.0,x,False,259024.40238274095
89,2.904,29.921,222.22,526.2946,-1,4,13,100.0,x,False,237417.999
90,2.453,27.135,202.56,433.2369,-1,5,19,100.0,x,False,341001.91035241605
91,3.584,24.13,179.06,531.0103,-1,5,14,100.0,x,False,283914.999
92,1.389,26.95,200.98,448.3065,-1,5,10,100.0,x,False,404759.999
95,4.482,23.412,177.48,283.2635,-1,5,11,100.0,x,False,166649.1783087813
96,3.529,31.423,234.46,445.3335,-1,5,14,93.7,x,False,299826.613416035
97,2.309,31.711,234.85,595.2909,-1,5,12,100.0,x,False,273428.999
98,3.313,28.703,214.58,415.3221,-1,4,13,100.0,x,False,260797.999
99,4.176,24.291,183.51,307.263,-1,4,17,100.0,x,False,116447.96494768461
100,3.495,32.004,237.89,511.4018,-1,5,15,100.0,x,False,237782.22233333334
101,1.66,23.259,175.56,313.1181,-1,4,10,100.0,x,False,361774.999
102,3.172,21.212,161.7,250.1437,-1,4,21,100.0,x,False,165235.47728512896
103,1.544,23.855,180.12,311.2212,-1,4,12,100.0,x,False,228420.999
104,2.896,23.77,179.77,299.2579,-1,4,10,100.0,x,False,77890.999
105,1.865,23.056,172.97,366.8995,-1,10,13,100.0,x,False,401652.999
106,2.541,25.805,194.54,325.1833,-1,5,14,82.4,x,False,15404.032383384736
107,1.337,26.105,195.88,369.1743,-1,6,12,100.0,x,False,206286.2429903591
108,2.394,24.725,183.54,524.9876,-1,3,19,100.0,x,False,108447.60125214496
109,4.187,22.851,173.62,269.246,-1,4,15,100.0,x,False,110557.89296417698
110,2.546,25.98,192.5,569.9692,-1,4,18,100.0,x,False,166508.18419169352
111,4.034,28.605,213.68,425.3638,-1,4,17,100.0,x,False,209526.65197025184
112,2.583,22.931,173.56,293.1775,-1,5,18,100.0,x,False,101015.72022809362
113,4.411,37.203,274.36,746.5173,-1,10,12,100.0,x,False,38944.999
115,1.626,23.282,175.73,313.1179,-1,5,10,100.0,x,False,243052.999
116,3.612,30.703,228.77,467.3742,-1,4,12,100.0,x,False,211865.999
117,3.176,30.009,223.09,506.327,-1,3,16,100.0,x,False,34263.00011111111
118,2.842,28.298,211.01,452.2781,-1,5,7,100.0,x,False,399329.999
119,4.262,37.45,276.08,762.513,-1,10,10,100.0,x,False,74405.999
120,2.514,32.045,237.31,597.3063,-1,5,13,100.0,x,False,271017.999
121,3.576,31.902,238.06,445.3322,-1,5,11,82.4,x,False,301042.1447676704
122,2.761,20.838,159.72,225.1847,-1,4,20,100.0,x,False,23270.39799503962
124,3.81,33.784,250.45,573.4541,-1,4,11,100.0,x,False,263083.999
125,2.634,27.663,206.69,421.2273,-1,6,20,100.0,x,False,17647.96658907496
126,2.304,24.093,178.78,531.0107,-1,5,23,100.0,x,False,151035.7514098573
127,2.94,30.008,222.87,526.2947,-1,4,12,100.0,x,False,154003.66677777778
128,2.885,29.408,218.92,480.3099,-1,5,10,97.9,x,False,228084.6733193562
130,4.331,31.315,232.95,495.4069,-1,5,18,100.0,x,False,256222.9946632767
132,2.386,28.904,216.84,374.2444,-1,5,18,100.0,x,False,63134.85838309361
133,3.073,30.259,224.96,506.326,-1,3,5,100.0,x,False,294541.999
134,4.041,36.543,269.7,714.512,-1,5,12,100.0,x,False,228686.999
136,3.861,30.338,225.51,509.332,-1,2,14,100.0,x,False,165060.999
137,3.343,23.25,175.78,301.1646,-1,6,20,100.0,x,False,201260.0638079429
138,3.529,28.516,210.81,639.0833,-1,5,12,100.0,x,False,170407.999
139,2.677,29.828,221.71,509.2896,-1,5,12,100.0,x,False,282637.999
142,2.356,27.529,205.57,429.3016,-1,4,15,100.0,x,False,290726.999
143,2.35,23.526,177.97,297.2423,-1,4,11,100.0,x,False,142764.999
144,3.745,29.942,223.36,447.3476,-1,4,12,100.0,x,False,47993.00011111111
145,3.405,30.709,228.86,463.3434,-1,3,12,100.0,x,False,234468.999
146,4.28,36.809,271.5,738.5132,-1,8,15,100.0,x,False,61532.33513966249
147,2.194,23.471,174.68,473.9874,-1,3,19,100.0,x,False,12855.913079228398
148,2.016,19.729,147.28,418.9726,-1,3,14,100.0,x,False,158765.8016559924
149,3.047,23.806,180.04,299.258,-1,4,16,100.0,,False,173890.82231110125
150,3.707,19.717,151.19,223.027,-1,5,11,100.0,x,False,330479.9351870332
152,3.598,21.673,165.53,241.2161,-1,4,17,100.0,x,False,12495.197894999525
153,3.462,27.804,244.28,59.0126,-1,3,17,100.0,x,False,116516.79720398346
155,3.455,32.724,242.96,537.4175,-1,4,5,100.0,x,False,411904.999
156,2.783,24.794,186.9,325.1813,-1,2,8,97.4,x,False,432.999
159,2.758,23.64,178.78,299.2584,-1,4,22,100.0,,False,68950.28764020641
161,3.717,31.406,234.31,447.3487,-1,5,11,94.7,x,False,212803.66677777778
162,1.552,26.132,196.08,369.1736,-1,4,13,100.0,x,False,249281.999
163,2.671,23.597,178.51,297.2431,-1,4,8,100.0,x,False,69044.999
164,1.205,17.998,135.8,308.8384,-1,7,13,100.0,x,False,255544.999
165,3.639,33.842,250.8,581.4575,-1,4,17,100.0,x,False,72396.75650727334
166,1.568,27.531,206.13,395.1894,-1,4,13,100.0,x,False,241161.999
167,4.206,33.721,249.76,593.4825,-1,5,12,100.0,x,False,250765.17770873295
168,3.286,29.991,223.47,465.3599,-1,3,18,98.3,x,False,240662.80857055917
170,3.818,33.832,250.63,591.4652,-1,6,10,100.0,,False,165083.44455555556
171,0.443,23.674,178.75,311.1388,-1,4,12,100.0,x,False,65636.999
172,0.484,20.558,156.86,245.0469,-1,5,12,100.0,x,False,333924.999
173,2.892,29.373,218.4,502.2946,-1,4,15,100.0,,False,151455.3854376206
174,0.402,15.068,122.18,107.0482,-1,3,14,100.0,x,False,39435.999
175,0.923,17.141,131.43,220.9387,-1,7,13,100.0,x,False,192135.999
176,3.032,30.107,224.35,465.3589,-1,3,11,95.1,x,False,214426.33344444443
177,4.215,33.359,247.28,573.4556,-1,4,9,100.0,x,False,287011.55566666665
178,3.063,30.147,223.88,528.31,-1,4,11,100.0,x,False,144350.999
179,4.247,19.731,151.3,223.0263,-1,4,9,100.0,x,False,286019.22233333334
180,1.6,29.041,216.17,481.2811,-1,4,13,100.0,x,False,31757.999
181,1.978,22.222,165.86,427.0,-1,1,19,96.5,,False,21090.24744036785
182,2.616,27.557,205.53,447.2521,-1,3,15,100.0,x,False,159433.889
183,3.024,20.855,159.56,233.153,-1,4,16,100.0,x,False,133026.44455555556
184,3.27,29.449,219.11,489.2788,-1,4,16,100.0,,False,131492.68945889658
185,3.771,30.433,226.75,467.3739,-1,4,11,100.0,x,False,111799.68127464532
186,0.382,16.771,129.79,188.9839,-1,4,13,100.0,x,False,48789.999
187,3.948,38.444,283.14,807.5108,-1,5,15,100.0,x,False,59365.55566666667
188,4.195,33.797,250.36,591.465,-1,8,14,98.1,x,False,203227.51992942125
189,2.785,33.497,248.04,602.3493,-1,4,15,100.0,,False,99680.999
191,0.635,18.378,142.79,179.0696,-1,3,15,100.0,,False,68633.999
192,1.839,28.587,213.2,449.255,-1,4,14,100.0,x,False,107516.999
195,3.313,33.665,249.49,582.3794,-1,4,11,100.0,x,False,136275.999
196,3.866,30.067,223.66,495.3155,-1,3,14,100.0,x,False,83210.889
197,3.462,33.123,245.37,591.3915,-1,5,10,100.0,,False,104881.999
198,3.953,37.164,274.06,746.5182,-1,8,9,97.3,,False,112350.999
201,3.211,32.341,240.11,537.4179,-1,4,7,100.0,x,False,112723.999
203,2.21,23.442,174.07,514.9817,-1,4,24,100.0,,False,79631.60667023162
204,2.046,21.426,159.66,448.9334,-1,5,15,100.0,,False,70901.999
205,0.379,16.638,129.53,172.9897,-1,4,16,100.0,,False,46831.33344444444
206,3.57,31.487,233.97,517.3912,-1,2,13,96.6,,False,151601.999
208,3.914,32.039,238.66,473.3643,-1,4,14,97.4,,False,140852.91606466428
209,2.246,22.79,169.29,505.9539,-1,1,17,96.5,,False,34695.97158863605
210,4.187,41.013,301.53,909.5571,-1,4,13,100.0,x,False,51543.999
212,1.512,27.973,208.01,498.2894,-1,6,9,100.0,x,False,351107.999
213,3.864,30.391,226.34,473.3646,-1,5,16,97.3,,False,136234.40868501848
214,2.92,32.542,242.31,480.3109,-1,4,8,100.0,,False,45569.999
215,1.062,17.593,133.64,264.8887,-1,7,12,100.0,x,False,192409.999
216,4.354,40.116,295.15,863.5709,-1,5,15,100.0,x,False,58615.00011111111
217,3.06,21.946,167.28,251.201,-1,4,21,100.0,,False,15236.719061919306
218,1.895,27.091,202.89,391.2849,-1,4,12,100.0,x,False,34119.999
219,3.44,31.991,237.8,511.4013,-1,5,15,100.0,,False,103391.32013837624
220,4.036,40.162,295.4,881.5252,-1,2,13,100.0,,False,139643.999
222,0.552,19.214,147.7,213.0203,-1,4,13,100.0,x,False,27310.999
223,2.303,23.393,177.01,295.2271,-1,4,14,100.0,x,False,59448.33344444445
224,2.093,24.185,179.66,508.9631,-1,4,19,100.0,,False,57505.86745486024
225,0.404,17.685,136.29,203.0001,-1,5,15,100.0,,False,12544.999
226,4.475,37.433,276.04,750.5471,-1,4,7,100.0,x,False,160750.55566666665
227,2.911,30.717,228.62,485.3855,-1,4,15,100.0,,False,134195.999
228,3.774,29.961,223.5,447.347,-1,4,6,82.4,x,False,247574.22233333334
232,4.001,29.764,221.99,449.365,-1,4,10,100.0,,False,85615.78527454197
233,3.693,28.143,210.58,403.3577,-1,5,13,100.0,x,False,184379.999
234,2.37,23.607,178.64,295.2263,-1,3,8,100.0,x,False,63264.999
236,2.681,23.669,179.05,297.242,-1,3,13,100.0,,False,86300.24728836524
237,1.246,20.365,155.14,253.0811,-1,4,12,100.0,,False,75997.999
238,4.208,39.816,293.21,816.582,-1,6,13,86.6,,False,40749.999
240,3.093,28.746,214.16,466.2942,-1,5,11,93.7,x,False,12630.999
242,0.648,17.296,131.06,278.9136,-1,4,13,100.0,x,False,187399.999
243,2.473,29.492,219.23,507.274,-1,4,13,100.0,,False,128380.999
244,4.285,37.128,273.79,748.5338,-1,3,4,100.0,x,False,105889.999
245,2.471,26.145,195.87,386.2365,-1,5,13,100.0,x,False,60191.999
247,2.699,26.409,197.82,388.252,-1,5,13,100.0,x,False,42826.999
249,1.392,27.769,207.85,399.2203,-1,6,11,100.0,x,False,22161.999
252,3.298,29.327,218.88,439.3428,-1,4,13,100.0,,False,68493.889
254,2.377,31.546,233.85,571.2899,-1,6,9,100.0,x,False,9888.999
255,3.768,32.952,245.2,493.3363,-1,5,11,100.0,,False,48860.999
256,3.186,28.11,210.21,411.2902,-1,4,14,100.0,x,False,62323.79811186095
257,2.744,29.282,217.75,500.2789,-1,4,7,99.5,x,False,32609.999
259,2.784,27.201,203.2,423.2519,-1,4,16,100.0,x,False,68373.66677777778
262,2.446,32.426,239.93,621.3061,-1,5,13,100.0,,False,76647.999
263,1.625,21.949,164.04,408.9681,-1,4,19,100.0,,False,58587.19907647353
264,0.594,16.886,130.03,204.9439,-1,6,13,100.0,x,False,253307.999
265,3.753,39.931,294.08,816.5805,-1,5,8,99.7,x,False,83696.999
267,3.061,32.979,245.08,517.3915,-1,4,12,100.0,,False,83989.999
268,2.79,32.874,244.47,504.311,-1,4,13,100.0,,False,24208.999
269,2.435,25.445,191.44,342.2649,-1,3,12,100.0,x,False,88734.8075527231
270,1.549,27.65,206.95,399.2213,-1,5,13,100.0,x,False,17796.999
272,3.385,33.567,249.58,508.3426,-1,4,15,100.0,,False,17013.999
273,2.855,31.059,231.2,483.3696,-1,4,8,99.2,,False,100258.999
274,3.294,30.612,227.79,489.3599,-1,2,11,97.5,,False,134540.999
275,3.276,25.65,192.64,359.2203,-1,4,14,100.0,,False,21682.999
276,4.332,37.205,274.37,747.5211,-1,3,8,96.5,,False,85192.999
277,2.66,32.303,239.66,552.333,-1,3,15,100.0,,False,5934.999
278,3.063,33.211,246.96,506.327,-1,4,15,100.0,,False,58628.999
279,3.637,25.291,190.52,331.2631,-1,4,13,100.0,,False,88935.77788888889
280,4.534,28.403,212.64,397.3682,-1,4,15,100.0,,False,18026.999
281,3.806,31.797,236.28,517.3917,-1,2,15,88.6,,False,122951.10240855145
282,2.621,28.652,213.34,476.2774,-1,2,8,96.5,x,False,2951.999
283,0.38,16.957,130.57,204.9785,-1,4,10,100.0,x,False,3674.999
284,0.748,19.82,151.75,229.0519,-1,4,12,100.0,x,False,7949.999
286,3.837,31.462,234.1,491.3761,-1,2,12,100.0,,False,77137.999
287,2.866,33.018,244.72,578.3484,-1,3,7,100.0,x,False,722.999
289,2.469,24.393,184.0,319.2265,-1,3,11,100.0,x,False,1922.5369467698442
290,2.788,27.468,205.02,435.2526,-1,3,20,100.0,,False,123628.96520805858
294,2.794,30.453,226.15,528.3101,-1,4,12,100.0,,False,63539.999
295,2.879,27.857,207.74,449.2684,-1,3,16,100.0,x,False,39061.44455555556
296,2.873,25.738,193.72,339.1979,-1,4,13,82.4,x,False,20280.916316947376
298,2.972,32.703,243.52,480.311,-1,4,7,100.0,,False,95991.999
299,3.373,29.32,218.83,439.3426,-1,4,9,100.0,,False,50101.889
302,3.986,39.877,293.67,816.5807,-1,5,8,100.0,x,False,64618.999
303,3.369,25.383,192.47,283.2415,-1,3,12,100.0,,False,518.999
305,3.418,30.18,224.88,465.3597,-1,2,13,96.8,,False,127401.75855294727
306,1.197,26.084,195.75,367.1598,-1,2,5,100.0,x,False,76120.999
307,3.913,37.269,274.84,748.5329,-1,4,9,100.0,,False,11917.00011111112
308,2.576,26.833,200.66,409.2358,-1,3,15,100.0,,False,113915.03208055935
309,3.199,29.605,220.9,443.3175,-1,3,14,100.0,,False,120329.999
310,3.192,31.458,233.85,509.3867,-1,2,12,97.1,,False,111939.999
311,3.048,23.586,178.43,297.2422,-1,2,11,100.0,,False,52578.96205818542
312,1.834,29.611,221.13,431.3167,-1,4,13,100.0,,False,35434.999
314,1.734,18.596,144.89,171.9968,-1,1,16,98.1,,False,7418.622419440871
315,3.032,29.009,216.03,473.3493,-1,4,13,100.0,x,False,7237.999
316,2.64,29.228,217.61,478.2932,-1,3,7,100.0,,False,103415.999
317,3.048,30.146,224.63,465.358,-1,2,8,99.9,,False,91248.33344444445
318,3.882,31.964,237.5,519.4062,-1,2,8,100.0,,False,72294.33344444445
319,3.306,30.4,225.99,508.3407,-1,4,9,96.0,,False,127519.44455555556
320,2.482,26.684,200.31,365.2686,-1,4,15,98.4,,False,71002.77788888889
321,3.194,32.252,239.47,535.402,-1,4,13,100.0,,False,103932.999
322,3.374,28.011,207.18,623.055,-1,4,13,100.0,,False,52865.11122222222
323,3.123,29.898,222.4,494.3267,-1,3,13,100.0,,False,82788.999
324,1.326,29.739,221.07,507.2245,-1,5,13,100.0,x,False,37298.999
326,2.523,22.637,171.93,271.2258,-1,4,11,100.0,x,False,16164.999
327,1.622,27.5,205.86,397.2049,-1,5,11,99.8,x,False,19349.999
328,2.578,29.269,217.85,483.2732,-1,4,7,100.0,,False,131300.999
332,3.857,28.824,215.36,423.3478,-1,5,12,100.0,,False,64973.44455555556
333,2.747,30.776,229.09,483.3707,-1,4,9,99.9,,False,114162.999
336,2.473,25.324,190.51,343.2268,-1,3,7,100.0,x,False,47986.999
337,2.953,28.361,212.01,415.3258,-1,4,5,100.0,x,False,1848.999
338,3.418,30.09,224.88,421.332,-1,4,12,90.0,,False,94754.999
339,4.041,36.895,272.12,740.5276,-1,5,8,98.5,,False,141645.999
340,2.191,20.919,155.67,468.9696,-1,4,15,100.0,,False,53667.24274704857
343,3.021,28.398,212.71,391.2839,-1,2,9,100.0,,False,114515.55566666667
344,2.432,20.861,159.99,223.1685,-1,3,15,100.0,,False,17868.999
345,2.465,21.154,162.16,225.2208,-1,3,13,100.0,,False,36851.999
349,2.479,24.407,184.45,305.2147,-1,4,18,100.0,,False,165627.41449800797
350,2.28,22.794,169.39,499.0554,-1,4,7,52.5,,False,47357.999
352,3.254,32.827,244.06,509.3855,-1,2,11,77.3,,False,128368.999
353,3.14,29.541,220.0,473.2842,-1,4,22,100.0,,False,55788.504742528436
354,4.041,40.36,297.09,840.5807,-1,8,7,99.9,x,False,34327.999
355,4.297,23.787,180.0,295.2624,-1,4,17,100.0,,False,20063.177201723833
356,2.358,31.476,233.33,571.2898,-1,5,13,100.0,,False,156578.999
358,4.132,37.123,273.82,740.5263,-1,3,9,100.0,,False,15510.999
359,1.579,21.68,320.85,294.6181,-2,5,11,100.0,,False,86245.999
360,2.229,26.161,194.66,482.9361,-1,4,24,100.0,,False,39239.581540761224
361,2.486,24.74,185.9,353.199,-1,5,16,100.0,x,False,98111.07182890634
362,3.424,32.432,240.87,529.4258,-1,4,17,100.0,,False,4063.188089550302
365,3.165,29.144,217.54,437.3275,-1,2,16,100.0,,False,87366.889
366,4.099,33.476,248.22,567.4652,-1,5,7,98.5,x,False,86876.999
368,2.453,33.542,249.79,479.2842,-1,5,12,100.0,,False,148554.999
369,3.85,33.331,247.16,565.4496,-1,7,13,100.0,,False,68868.999
370,3.651,30.928,230.1,493.3918,-1,4,17,100.0,,False,77032.90375822314
371,3.056,22.111,168.48,253.2145,-1,5,6,99.2,x,False,1161.999
372,4.76,33.302,246.86,575.4697,-1,3,8,92.3,,False,54365.999
373,3.62,33.288,246.48,605.4074,-1,6,7,99.7,,False,8656.999
376,2.138,19.674,149.73,256.9799,-1,5,11,100.0,x,False,49219.999
377,4.443,31.694,235.69,503.4112,-1,4,12,100.0,,False,71154.08546218881
378,3.662,24.301,183.64,305.247,-1,4,9,100.0,x,False,315381.20504641486
379,3.188,31.325,233.09,491.3735,-1,3,9,82.4,,False,85609.999
382,3.721,33.659,249.63,563.4328,-1,2,10,100.0,,False,96146.999
383,3.939,31.723,236.06,491.3741,-1,2,4,97.4,,False,120696.999
384,2.458,27.359,205.39,365.2688,-1,4,11,89.4,,False,61376.999
385,2.637,32.047,238.5,489.359,-1,4,12,100.0,,False,99085.999
386,4.338,39.662,291.86,857.5247,-1,6,6,100.0,x,False,192124.999
388,2.896,26.757,200.09,409.2362,-1,4,15,100.0,,False,26365.77788888889
391,2.149,22.513,170.99,271.2264,-1,3,15,100.0,,False,30946.000125764884
394,3.206,24.215,182.89,309.2044,-1,4,20,100.0,,False,25932.64288597479
395,4.573,40.551,298.26,885.5543,-1,7,5,82.1,x,False,17572.999
397,2.627,33.59,248.91,583.2586,-1,4,11,100.0,,False,83474.999
398,1.693,24.522,184.62,335.2214,-1,2,9,100.0,x,False,2873.999
399,3.542,24.169,184.0,259.2419,-1,3,15,100.0,,False,32838.999
400,2.291,25.56,192.29,343.2277,-1,4,5,99.9,x,False,1676.999
401,1.998,17.825,134.18,326.7645,-1,8,14,100.0,,False,72272.999
402,4.095,33.549,248.52,591.4661,-1,3,17,96.1,,False,94550.59779213206
406,2.12,23.276,176.42,284.2223,-1,3,15,100.0,,False,31411.999
407,3.266,28.564,213.02,450.2991,-1,3,8,98.0,,False,56257.999
408,2.583,26.015,192.43,614.9623,-1,3,19,100.0,,False,48868.098339687
409,4.24,37.167,273.98,762.5139,-1,7,11,100.0,,False,33487.33344444445
410,2.959,28.139,210.76,391.285,-1,2,11,98.9,,False,52064.999
411,3.138,31.542,234.48,509.3863,-1,5,12,98.4,,False,37517.999
412,4.159,33.783,250.22,594.4851,-1,4,11,99.2,,False,111069.59036819014
413,4.489,33.899,251.27,577.4845,-1,4,12,100.0,,False,44682.22233333333
414,2.313,23.669,178.48,321.1723,-1,4,11,100.0,x,False,28411.666777777777
415,4.018,31.252,232.51,493.3913,-1,5,8,97.8,,False,56023.999
416,4.617,24.497,184.98,311.2945,-1,3,16,100.0,,False,10365.410396738687
417,1.525,29.803,221.19,540.2648,-1,5,13,100.0,,False,120229.999
418,4.144,40.013,294.35,871.5418,-1,3,11,100.0,,False,23362.999
419,3.969,35.358,261.4,653.4097,-1,4,16,100.0,,False,31257.111222222222
421,4.338,40.325,296.61,883.5397,-1,6,7,100.0,,False,143461.999
422,2.567,25.633,192.45,362.2364,-1,4,13,100.0,,False,599.999
423,3.402,39.754,292.75,816.5827,-1,6,11,99.0,,False,47436.999
424,2.693,23.236,176.09,285.242,-1,3,11,100.0,,False,30857.999
425,4.142,36.817,271.72,716.5265,-1,3,9,100.0,,False,72102.999
427,2.558,26.349,197.73,368.28,-1,4,13,100.0,x,False,30508.999
428,4.036,33.104,245.46,567.4653,-1,4,13,100.0,,False,40804.97063507509
430,3.92,25.954,193.09,485.0701,-1,5,14,100.0,,False,128351.49116418512
432,1.494,18.202,138.34,262.8375,-1,11,12,100.0,,False,97568.999
433,2.303,26.596,197.9,482.9353,-1,4,19,100.0,,False,41983.44068670644
434,3.38,31.578,234.75,509.3859,-1,2,9,83.4,x,False,201214.999
437,2.488,31.735,235.72,526.3161,-1,4,11,100.0,,False,49738.999
439,4.061,39.045,287.87,761.5879,-1,3,10,100.0,,False,15595.999
441,2.695,28.981,215.92,466.294,-1,4,11,100.0,,False,53112.999
442,0.402,17.612,142.91,107.0485,-1,3,15,100.0,,False,13609.999
443,2.989,30.963,230.47,485.3844,-1,3,9,100.0,,False,85669.999
444,3.105,33.226,246.24,580.3633,-1,3,5,100.0,x,False,195.5556666666667
445,1.691,25.582,192.13,359.2213,-1,4,6,98.0,x,False,1993.999
446,3.412,31.016,230.78,491.3741,-1,2,11,97.7,,False,52638.22985394953
447,3.666,30.272,225.56,465.3598,-1,2,9,97.6,,False,80933.999
448,4.112,31.13,231.6,493.3909,-1,5,17,100.0,,False,47669.08540893146
449,0.634,21.014,163.36,179.0691,-1,3,15,100.0,,False,25392.999
450,4.24,37.898,279.32,773.5376,-1,3,10,93.7,,False,82766.999
452,2.475,28.515,212.63,452.2782,-1,4,5,100.0,,False,101421.999
453,0.514,17.351,133.39,211.0229,-1,4,15,100.0,,False,24534.999
455,3.542,34.761,257.17,629.4583,-1,4,15,100.0,,False,45918.999
456,0.299,13.156,107.75,96.9584,-1,3,19,100.0,,False,28006.723417725763
457,3.531,28.872,215.75,421.3318,-1,4,12,96.7,,False,60167.00011111111
458,4.543,31.653,235.37,503.412,-1,4,13,100.0,,False,20188.222333333335
459,1.779,29.272,217.97,475.3276,-1,4,9,100.0,x,False,1008.999
463,3.552,26.466,198.3,385.2352,-1,4,13,100.0,,False,27517.999
465,2.526,26.268,196.61,397.2259,-1,4,16,100.0,,False,30999.517832452177
466,4.375,36.433,268.85,720.501,-1,8,10,100.0,,False,12117.444555555554
469,3.968,29.977,223.01,492.3472,-1,2,15,100.0,,False,58656.102031481954
470,2.889,29.247,218.31,437.3269,-1,2,10,90.9,,False,63831.999
471,3.209,31.003,230.39,515.3748,-1,4,12,100.0,,False,2145.999
472,3.046,30.012,223.64,465.3582,-1,2,7,87.2,,False,54293.66677777778
473,3.204,33.267,246.66,568.3648,-1,3,12,100.0,,False,73769.999
475,3.095,29.916,222.94,463.3428,-1,2,8,100.0,,False,124519.51636778894
476,2.252,28.085,209.7,431.3168,-1,3,14,100.0,,False,61611.999
477,2.662,26.989,201.86,407.1455,-1,6,7,100.0,,False,176159.999
478,3.291,28.776,215.06,419.3166,-1,3,12,97.7,,False,93340.999
479,3.277,33.586,248.94,577.4254,-1,4,9,100.0,,False,9299.999
480,3.121,21.447,163.88,239.2008,-1,3,24,100.0,,False,7483.480140780437
481,3.644,32.563,241.75,537.4174,-1,3,17,100.0,,False,86819.70396414015
483,3.153,29.152,217.57,439.3439,-1,4,15,99.3,,False,23085.186958450948
484,4.044,38.227,281.79,766.5434,-1,4,11,100.0,,False,61246.993001275434
486,3.614,33.143,246.47,505.3365,-1,4,11,100.0,,False,97673.999
487,3.415,39.586,291.77,776.5852,-1,5,10,100.0,,False,23798.999
488,3.867,31.351,233.9,447.349,-1,4,16,92.9,,False,41707.19196448981
489,2.714,29.166,217.64,441.3588,-1,4,14,100.0,,False,86075.999
491,3.744,39.747,292.68,816.5848,-1,6,7,98.0,,False,58120.999
492,1.842,26.753,199.72,432.3111,-1,4,13,100.0,x,False,14815.999
495,3.304,23.44,177.69,283.2631,-1,3,13,100.0,,False,38041.999
496,4.001,37.519,276.68,750.5466,-1,3,6,87.7,,False,117120.999
498,0.402,24.319,181.98,397.0033,-1,5,13,100.0,,False,3420.999
499,4.463,36.659,270.39,738.5135,-1,7,6,93.7,,False,7899.999
500,0.712,28.064,209.82,413.2,-1,5,13,100.0,,False,50269.999
501,3.997,31.581,234.96,493.3915,-1,4,13,82.4,,False,68661.66677777778
502,3.617,36.637,270.35,722.5155,-1,7,8,96.6,,False,27263.000111111112
504,3.198,30.873,230.58,431.3166,-1,4,13,100.0,,False,81272.999
506,4.108,30.258,223.71,641.0915,-1,6,9,100.0,,False,1181.999
507,2.039,23.971,180.9,315.2533,-1,4,13,100.0,,False,27323.999
508,3.038,30.861,229.26,522.3204,-1,4,5,100.0,x,False,16961.999
510,1.793,26.215,196.29,393.2305,-1,4,5,100.0,x,False,153.999
511,4.172,40.513,298.2,842.5965,-1,6,9,100.0,,False,28422.999
512,3.797,34.281,253.96,593.4794,-1,6,7,100.0,x,False,184342.999
513,3.079,30.13,224.17,492.3113,-1,2,5,98.9,x,False,2596.999
516,3.92,28.156,210.55,411.3471,-1,4,13,100.0,,False,44154.46027675809
517,3.088,31.655,235.33,509.3853,-1,4,6,93.9,,False,92034.999
518,2.63,29.844,222.01,494.2902,-1,4,9,100.0,x,False,11585.999
519,3.616,29.705,221.01,490.3322,-1,3,12,100.0,x,False,18775.999
521,3.293,20.162,155.36,205.1577,-1,3,14,100.0,,False,71232.11122222221
522,3.657,32.509,242.08,479.3209,-1,5,15,100.0,,False,30271.999
523,2.863,30.921,230.17,483.369,-1,4,8,99.5,,False,59333.999
524,0.596,15.779,123.45,160.9547,-1,6,15,100.0,,False,139291.999
526,2.865,30.769,229.04,483.3693,-1,4,10,100.0,,False,46711.999
529,3.145,31.862,236.84,511.4005,-1,4,13,83.1,,False,9068.029760526559
531,0.77,23.487,177.33,311.1421,-1,4,7,100.0,,False,126.999
534,1.688,29.846,221.35,556.3322,-1,5,12,100.0,,False,169610.999
535,3.748,30.756,229.63,435.3478,-1,4,13,99.4,,False,67570.999
536,0.392,19.205,146.96,230.9948,-1,3,13,100.0,,False,3982.999
537,2.696,29.075,216.65,464.2775,-1,2,8,100.0,x,False,2961.999
538,3.726,21.362,160.88,329.046,-1,4,6,100.0,,False,130207.999
539,4.381,32.358,240.66,501.3953,-1,2,12,98.2,,False,97557.33344444445
540,2.611,27.865,207.79,450.2635,-1,3,13,100.0,,False,28915.999
542,2.702,28.979,216.3,437.3276,-1,2,15,100.0,,False,51591.999
543,4.496,30.979,230.69,477.3957,-1,4,15,100.0,,False,34737.00011111111
544,2.64,23.884,180.39,309.1714,-1,5,4,100.0,x,False,310046.4445555555
545,3.646,25.869,194.25,361.2361,-1,4,23,100.0,,False,16096.897663507714
547,3.253,32.319,240.05,527.4098,-1,4,14,100.0,,False,12961.999
549,3.557,30.51,227.35,465.3579,-1,2,10,80.0,,False,55984.55566666667
550,1.722,14.025,115.44,93.0328,-1,3,14,100.0,,False,53648.999
551,1.953,24.066,181.67,313.238,-1,2,12,100.0,,False,44938.22233333333
552,4.127,32.375,240.27,545.4232,-1,4,10,100.0,,False,40568.999
553,0.549,15.827,124.9,144.0435,-1,3,12,100.0,,False,2186.999
554,2.772,27.102,202.31,433.2364,-1,2,14,100.0,,False,14598.48858054296
555,3.569,22.594,171.97,259.2417,-1,3,15,100.0,,False,24135.889
556,3.042,29.535,220.26,451.3435,-1,4,12,100.0,,False,53991.999
557,2.941,29.948,223.18,463.3442,-1,2,11,96.7,,False,50752.12952582035
560,1.944,29.276,217.85,487.3287,-1,4,15,100.0,,False,16702.999
561,0.382,14.353,116.14,109.0272,-1,3,13,100.0,,False,12933.999
562,3.371,33.526,248.62,565.3649,-1,3,14,100.0,,False,32745.999
563,3.267,22.809,172.9,283.1092,-1,3,10,100.0,,False,50867.22233333333
564,3.919,33.09,245.72,533.4567,-1,4,14,100.0,,False,22104.939624720573
565,2.736,24.092,182.16,301.216,-1,3,7,100.0,,False,46321.68989939278
566,4.213,32.074,238.29,521.4233,-1,3,12,100.0,,False,81893.18703272214
567,3.02,33.012,244.67,578.348,-1,4,6,100.0,x,False,257.999
570,3.394,29.655,221.24,445.3341,-1,3,7,97.1,,False,41193.999
571,4.187,37.539,276.88,742.5432,-1,3,5,98.4,,False,71018.999
572,2.637,31.219,231.69,543.354,-1,5,11,100.0,x,False,2170.999
574,3.369,32.411,240.66,535.4011,-1,4,6,84.1,,False,150022.999
575,4.253,41.197,302.88,911.5709,-1,7,12,100.0,,False,15832.999
576,1.883,29.421,218.7,507.2249,-1,4,14,100.0,,False,29086.999
577,3.585,32.297,240.7,465.4288,-1,3,5,59.4,,False,84549.999
578,4.184,36.974,272.68,745.507,-1,3,9,100.0,,False,58707.999
579,3.625,29.904,222.25,511.3112,-1,4,10,100.0,,False,52840.999
580,2.395,24.762,183.45,569.9809,-1,3,19,100.0,,False,25521.509827582086
581,4.328,30.614,228.47,441.3954,-1,4,15,100.0,,False,791.999
582,2.36,24.657,186.0,319.2268,-1,2,3,85.7,x,False,13294.555666666667
588,2.933,44.74,328.32,1049.6884,-1,5,13,100.0,,False,25967.999
589,2.514,30.393,226.26,481.2992,-1,4,12,100.0,,False,89859.77788888889
591,2.341,26.049,195.51,366.2656,-1,3,9,100.0,,False,32537.999
592,3.103,30.219,225.15,467.374,-1,2,10,80.2,,False,26673.999
593,2.476,28.44,212.06,452.2786,-1,3,11,100.0,,False,19081.35292022002
594,3.252,32.208,239.13,535.4012,-1,4,8,99.3,,False,39132.00011111111
595,3.073,23.979,180.96,315.2534,-1,3,13,100.0,,False,72300.999
597,1.734,18.611,142.67,222.9972,-1,1,16,96.5,,False,2713.9638481136135
598,4.272,40.506,298.16,842.5982,-1,5,12,80.8,,False,24532.111222222222
599,3.814,33.386,248.25,507.3525,-1,5,11,100.0,,False,33186.999
601,2.624,29.198,217.14,498.2633,-1,3,11,100.0,,False,22900.999
603,3.494,30.864,230.47,433.3325,-1,4,12,98.9,,False,61466.999
605,3.453,31.417,233.75,493.3904,-1,4,10,82.2,,False,33364.999
607,1.673,26.318,196.99,397.2226,-1,4,13,100.0,,False,31308.999
610,2.202,22.371,166.23,499.0544,-1,1,6,41.8,,False,23008.999
612,2.87,20.588,158.3,213.184,-1,3,14,100.0,,False,15404.34496716997
613,3.221,26.012,193.53,485.0692,-1,5,12,100.0,,False,82971.0001111111
614,3.515,36.533,269.57,722.5179,-1,4,5,93.7,,False,13118.999
615,2.725,21.941,167.31,249.1848,-1,3,16,100.0,,False,14618.555666666667
618,3.995,32.266,239.78,517.3902,-1,2,9,98.8,,False,47258.999
619,1.73,21.415,163.13,254.1039,-1,4,10,100.0,,False,56654.999
620,3.877,33.243,246.27,589.45,-1,2,13,100.0,,False,65220.785921048235
622,3.383,30.459,226.93,467.3759,-1,4,5,100.0,,False,57237.22233333333
623,3.152,27.393,205.1,394.3323,-1,2,12,100.0,,False,1020.999
624,3.796,27.843,208.65,385.332,-1,4,13,100.0,,False,34744.999
625,2.775,22.919,170.26,504.9692,-1,1,13,96.5,,False,19270.999
626,2.816,26.54,199.13,370.2956,-1,4,12,100.0,,False,10953.999
627,3.18,29.586,219.96,504.3112,-1,2,11,100.0,,False,48473.22233333333
628,2.529,30.782,229.14,483.3697,-1,4,8,99.6,,False,55636.999
629,1.527,24.651,185.59,335.2216,-1,2,7,90.0,x,False,759.0001111111111
630,3.014,23.004,174.61,275.1998,-1,3,13,100.0,,False,1682.999
631,0.754,15.794,124.23,149.9993,-1,4,10,100.0,x,False,56.77788888888904
632,4.129,28.165,208.85,557.11,-1,6,14,100.0,,False,82877.999
633,2.857,30.308,225.84,465.3587,-1,2,8,93.0,,False,73508.999
634,0.778,15.798,124.67,144.043,-1,3,12,100.0,,False,38503.999
635,3.97,34.518,255.51,613.5069,-1,3,14,100.0,,False,21019.222333333335
636,2.393,22.108,164.1,518.9673,-1,3,13,100.0,,False,13929.999
638,4.29,36.985,272.89,726.5483,-1,4,8,100.0,,False,24026.999
639,1.735,18.658,139.76,374.9953,-1,1,16,97.6,,False,2903.4862210922583
640,3.448,31.957,237.46,519.4052,-1,2,7,87.3,,False,42227.999
641,2.544,24.084,182.1,301.2162,-1,3,14,100.0,,False,53536.00011111111
642,4.256,33.533,248.63,569.4777,-1,4,11,100.0,,False,55659.061877992506
643,4.021,31.255,233.15,449.3638,-1,4,8,93.2,,False,47459.999
644,2.479,30.475,226.87,481.3545,-1,3,14,94.6,,False,48343.999
646,4.014,27.107,203.01,391.1499,-1,6,9,100.0,,False,58524.999
647,4.275,39.009,287.16,833.5234,-1,5,6,100.0,x,False,180176.999
648,3.523,31.111,231.67,477.3912,-1,3,6,100.0,,False,1066.999
649,3.829,32.492,241.42,521.421,-1,4,9,92.5,,False,36939.33344444444
653,2.957,33.598,248.77,604.3648,-1,3,13,100.0,,False,23773.999
654,3.167,35.818,265.7,561.3818,-1,4,14,100.0,,False,21998.999
656,4.537,29.893,221.98,528.274,-1,4,11,100.0,,False,906.624269380348
659,3.076,31.054,231.09,489.3587,-1,3,10,90.2,,False,30331.999
660,3.03,23.823,177.56,450.9266,-1,7,11,100.0,x,False,206508.999
662,0.459,18.059,139.35,199.0053,-1,3,23,100.0,,False,52673.35541325746
663,3.866,33.521,248.34,589.4498,-1,6,10,87.2,,False,22573.767466091995
664,0.493,26.624,199.53,383.1522,-1,4,11,100.0,,False,45581.999
666,4.04,31.898,237.01,519.4068,-1,2,9,92.6,,False,9974.999
667,2.848,32.594,242.0,537.3312,-1,3,11,100.0,,False,30927.999
668,2.017,22.251,166.18,418.9728,-1,3,16,100.0,,False,25350.000111111112
670,2.43,29.436,218.78,509.2946,-1,4,4,100.0,,False,719.999
671,2.701,32.252,239.42,540.3315,-1,4,11,100.0,,False,33517.999
673,3.321,37.286,274.97,748.535,-1,5,5,82.4,,False,54319.999
674,2.604,27.665,206.41,441.2528,-1,4,17,100.0,,False,14685.028681395313
675,3.227,29.582,220.58,453.3602,-1,2,8,99.6,,False,75233.66677777778
676,2.196,25.036,188.42,339.2534,-1,4,15,100.0,,False,34304.999
677,0.38,14.017,115.38,93.0328,-1,2,14,100.0,,False,10912.999
678,3.026,28.657,213.49,466.2945,-1,3,8,93.7,,False,109035.999
679,3.073,30.617,228.17,463.344,-1,2,9,83.0,,False,47610.999
681,4.148,33.416,247.69,575.4694,-1,4,15,86.2,,False,26863.945496224616
682,0.402,17.592,147.67,79.9556,-1,1,15,98.7,,False,7719.999
683,3.619,40.36,297.09,840.5816,-1,8,11,87.9,,False,20731.999
685,2.485,30.031,223.88,457.3533,-1,4,8,100.0,,False,34540.999
686,2.57,33.361,247.06,600.3327,-1,4,13,100.0,,False,19708.999
687,0.25,18.18,138.38,254.9804,-1,4,15,100.0,,False,9550.999
688,2.345,26.037,195.2,378.2415,-1,3,12,100.0,,False,59288.999
689,1.679,28.788,214.51,463.3069,-1,3,14,100.0,,False,17973.999
690,3.953,32.156,238.93,519.4074,-1,4,10,92.1,,False,30213.999
691,3.93,33.739,250.12,573.4549,-1,8,13,98.3,,False,33237.61296807217
692,3.355,32.911,244.58,517.3915,-1,4,10,83.9,,False,55422.999
693,2.528,30.698,228.54,481.353,-1,2,9,97.8,,False,22460.999
695,3.452,30.207,225.11,463.3438,-1,2,7,97.7,,False,77899.11122222223
696,3.815,36.979,272.74,742.5445,-1,4,9,88.3,,False,12846.999
697,2.484,28.511,212.22,481.2361,-1,3,12,100.0,,False,46678.999
698,0.467,22.016,167.32,267.1226,-1,4,15,100.0,,False,6711.999
699,0.375,18.741,144.09,211.9998,-1,4,12,100.0,,False,18233.999
700,4.254,33.542,248.71,567.4656,-1,6,8,96.9,,False,23034.111222222222
702,4.164,39.501,290.71,847.5411,-1,5,13,100.0,,False,13278.999
703,2.943,28.436,209.74,714.957,-1,4,21,100.0,,False,5926.296587628779
704,3.298,23.398,177.37,283.2631,-1,3,13,100.0,,False,23425.291257539335
705,4.519,28.581,213.76,409.3683,-1,4,11,100.0,,False,18023.999
706,3.47,31.98,237.7,513.4147,-1,2,7,95.0,,False,60906.999
707,0.516,17.037,131.69,193.0121,-1,3,13,100.0,,False,13380.999
708,2.326,25.387,190.03,395.2442,-1,4,22,100.0,,False,38593.7281818093
709,3.846,27.919,208.55,425.1119,-1,7,12,100.0,,False,65871.999
710,2.272,22.779,169.24,502.9434,-1,3,13,100.0,,False,14490.211260516837
711,1.52,23.223,175.29,313.1183,-1,3,10,100.0,,False,11660.999
712,3.904,29.75,222.04,439.38,-1,3,14,100.0,,False,31840.999
713,2.68,26.659,199.26,415.2247,-1,4,13,100.0,,False,43242.999
714,2.794,32.727,242.72,561.3332,-1,3,15,100.0,,False,19387.999
715,0.463,18.619,142.96,217.0151,-1,4,9,100.0,,False,5916.999
716,2.974,29.4,218.66,496.3058,-1,4,12,100.0,,False,12549.999
717,2.216,22.478,170.78,269.21,-1,2,7,100.0,,False,27978.999
718,3.156,30.217,225.19,463.3429,-1,2,7,85.5,,False,61789.777888888886
719,3.638,29.488,219.62,472.3493,-1,3,10,100.0,,False,32772.999
720,2.557,30.911,229.61,524.3017,-1,4,6,88.5,,False,85149.999
721,0.704,26.508,198.91,369.1724,-1,4,11,100.0,,False,25690.111222222222
722,3.786,31.367,233.41,491.374,-1,2,5,97.8,,False,21991.999
723,3.678,34.298,253.9,611.4911,-1,4,13,98.4,,False,21119.666777777777
724,0.386,15.447,121.31,153.0172,-1,3,15,100.0,,False,22183.999
725,2.937,28.427,209.94,669.9637,-1,3,14,100.0,,False,20480.85360730422
727,2.666,27.181,202.91,433.2354,-1,4,13,100.0,,False,21330.268374735177
728,2.61,26.479,198.04,407.2196,-1,2,10,100.0,,False,9555.999
729,2.182,23.382,176.98,293.2105,-1,2,7,100.0,,False,5193.999
730,2.452,25.081,188.68,343.2272,-1,4,13,100.0,,False,1610.999
731,1.722,28.856,214.92,471.2966,-1,2,8,100.0,x,False,1356.999
732,2.042,23.112,174.59,307.1577,-1,4,12,100.0,,False,98451.33381895312
736,4.353,30.159,224.93,451.3785,-1,4,8,100.0,,False,36410.999
737,2.972,31.564,234.67,507.3697,-1,2,12,99.1,,False,48315.999
739,4.058,32.381,240.31,545.4234,-1,4,9,99.9,,False,24818.000111111112
740,1.417,27.965,208.82,430.296,-1,3,12,100.0,,False,25008.999
741,3.727,24.607,185.4,329.0459,-1,4,14,100.0,,False,87687.999
743,2.924,30.242,224.77,511.3053,-1,3,9,100.0,,False,22756.999
744,3.887,35.931,265.29,698.5174,-1,4,9,98.4,,False,18352.999
745,2.714,25.83,194.13,352.2851,-1,2,12,100.0,,False,21917.999
746,1.094,25.298,189.33,397.1773,-1,5,12,100.0,,False,26733.999
747,1.738,18.59,145.03,168.9866,-1,3,12,100.0,,False,24394.999
748,2.328,32.95,243.64,643.2913,-1,5,13,100.0,,False,31266.999
749,3.997,28.563,213.6,411.3473,-1,4,12,100.0,,False,23301.999
750,3.417,30.479,227.09,467.3743,-1,3,11,100.0,,False,35846.230203958316
754,3.06,33.163,245.94,563.3485,-1,3,13,100.0,,False,22893.999
756,1.089,24.719,186.24,329.174,-1,3,13,100.0,,False,24556.999
757,1.471,38.797,285.28,897.626,-1,6,3,100.0,x,False,182698.999
758,1.096,27.758,207.89,391.2857,-1,4,12,100.0,,False,7787.999
759,2.451,28.691,213.59,479.2835,-1,4,8,100.0,,False,78992.999
761,3.479,31.47,234.19,489.3598,-1,2,12,100.0,,False,42253.999
762,1.578,19.982,150.07,351.826,-1,8,7,100.0,,False,719.999
763,3.715,24.9,187.6,329.1898,-1,4,16,100.0,,False,9482.67436783128
765,3.392,29.268,217.86,481.314,-1,3,9,75.7,,False,83307.46402977435
766,2.516,29.542,219.64,504.2742,-1,3,11,100.0,,False,17461.222333333335
767,1.716,18.336,145.4,137.0221,-1,3,12,100.0,,False,34262.999
769,2.776,28.539,212.48,476.4051,-1,2,4,60.8,,False,55048.999
770,2.503,24.561,185.44,312.2526,-1,3,9,100.0,,False,16556.999
771,1.444,26.995,201.31,448.4246,-1,2,3,42.6,,False,122958.999
772,0.525,19.207,147.04,229.0153,-1,4,10,100.0,,False,3040.999
773,4.028,38.264,281.99,778.5231,-1,3,5,100.0,,False,50425.999
774,4.459,32.519,241.32,547.4388,-1,2,13,98.8,,False,10243.999
775,3.133,24.294,185.02,257.2262,-1,3,13,100.0,,False,10019.999
777,3.996,38.24,281.74,790.543,-1,4,9,97.9,,False,12066.444555555556
778,2.667,29.222,218.38,421.3304,-1,4,11,100.0,,False,9020.999
779,3.047,27.774,207.99,393.3007,-1,2,12,95.9,,False,8471.999
781,3.354,22.588,171.74,265.2156,-1,3,16,100.0,,False,10223.85101595993
782,3.399,35.278,269.14,253.2162,-1,3,13,100.0,,False,4803.999
783,3.225,22.8,172.83,283.1096,-1,3,22,100.0,,False,9569.609975190142
784,4.196,36.563,269.95,700.5318,-1,4,11,100.0,,False,4920.999
785,2.607,25.121,189.01,341.2698,-1,2,19,100.0,,False,42226.481709571206
787,1.942,25.035,188.32,343.2845,-1,3,11,100.0,,False,21355.999
788,2.34,32.836,244.36,491.2838,-1,5,10,100.0,,False,86359.999
789,0.82,27.002,201.36,448.3067,-1,4,12,100.0,,False,86637.999
791,0.444,19.741,151.01,232.9927,-1,4,10,100.0,,False,6935.999
793,2.888,25.339,190.54,347.2588,-1,3,15,100.0,,False,13791.999
794,2.776,31.296,232.67,507.3704,-1,3,13,99.2,,False,28766.999
795,2.981,27.502,205.28,435.2521,-1,3,12,96.5,,False,12901.029620908717
796,3.665,21.843,166.7,245.1898,-1,3,15,100.0,,False,35074.999
798,2.775,34.111,252.39,626.3484,-1,4,12,100.0,,False,14773.999
800,2.523,28.474,212.03,474.2619,-1,3,12,100.0,,False,23114.999
802,4.092,38.6,284.28,809.525,-1,4,12,100.0,,False,8229.999
803,2.926,25.845,193.7,381.2314,-1,4,20,100.0,,False,29993.439392798056
804,0.389,17.769,136.33,218.9951,-1,2,15,100.0,,False,4794.999
806,1.751,22.514,171.06,269.1281,-1,3,10,100.0,,False,40361.999
807,4.78,29.088,217.53,411.3839,-1,4,10,100.0,,False,10474.999
808,3.429,34.376,254.56,603.441,-1,6,11,100.0,,False,5804.999
811,4.069,37.757,278.3,769.5072,-1,5,7,100.0,,False,39877.999
813,2.702,32.491,241.25,535.4012,-1,2,9,98.5,,False,56378.999
814,2.633,32.441,240.69,552.331,-1,2,7,100.0,,False,79461.999
815,4.059,33.647,248.71,655.4242,-1,4,14,100.0,,False,49320.33344444445
817,1.975,19.753,147.38,425.996,-1,1,16,96.5,,False,11642.27020965016
823,1.596,22.824,173.01,283.1083,-1,3,13,100.0,,False,4098.995203036808
824,3.926,32.249,239.45,535.4016,-1,3,12,91.6,,False,26310.666777777777
825,0.406,15.197,121.56,123.0428,-1,3,15,100.0,,False,2411.999
826,2.803,20.88,160.05,225.1839,-1,2,17,100.0,,False,13317.542260578357
832,3.075,30.903,229.65,515.376,-1,4,9,96.0,,False,126280.999
834,1.243,24.446,184.09,333.2054,-1,2,4,98.3,,False,7162.999
835,3.945,25.937,194.29,387.0344,-1,4,10,100.0,,False,55633.999
836,4.475,32.978,244.71,549.4548,-1,6,13,88.9,,False,43999.999
837,3.179,33.024,244.88,566.384,-1,5,10,100.0,,False,22278.999
838,2.787,31.201,232.19,489.3593,-1,4,6,96.6,,False,80105.999
839,1.305,24.984,187.28,378.1003,-1,4,6,100.0,,False,11263.999
840,2.731,27.132,203.68,365.2694,-1,3,14,100.0,,False,11118.999
844,2.303,26.624,197.62,531.0095,-1,4,19,100.0,,False,17016.568039949932
845,1.208,28.212,210.71,427.2157,-1,4,13,100.0,,False,13156.999
846,4.054,30.071,224.44,439.3789,-1,2,12,100.0,,False,27380.999
848,0.882,27.139,202.18,464.3017,-1,4,6,100.0,,False,133224.999
849,2.568,30.237,224.51,531.274,-1,4,13,100.0,,False,28404.999
851,2.207,37.702,276.29,1146.9882,-1,5,11,100.0,,False,46445.08019348587
853,3.534,28.715,214.67,415.3214,-1,4,13,100.0,,False,10920.999
854,1.719,19.228,149.89,171.1366,-1,3,12,100.0,,False,7243.999
858,2.912,13.124,99.85,248.9704,-1,2,5,72.5,,False,39671.999
861,2.666,27.941,208.23,459.2522,-1,3,13,100.0,,False,41567.999
862,4.496,30.237,225.48,453.3941,-1,4,9,100.0,,False,10812.999
863,4.376,32.909,244.59,515.4112,-1,3,12,100.0,,False,63143.999
865,2.07,23.069,174.5,297.1506,-1,4,7,93.3,,False,11818.999
866,2.175,31.102,230.57,569.2746,-1,4,12,100.0,,False,15387.999
867,3.131,29.695,221.43,453.3584,-1,3,11,98.1,,False,23861.999
868,2.214,19.714,147.17,418.973,-1,2,21,100.0,,False,13304.695620492323
870,2.633,32.243,240.1,478.2948,-1,4,13,100.0,,False,16729.999
872,1.918,21.397,163.15,249.1599,-1,3,15,100.0,,False,32889.74725443216
873,2.105,19.958,154.16,197.1524,-1,2,13,100.0,,False,6110.999
874,2.618,25.143,189.1,345.2435,-1,4,12,100.0,,False,22038.999
876,4.507,38.087,280.71,776.5611,-1,3,7,100.0,,False,31467.999
878,0.432,18.57,142.77,212.0026,-1,3,5,100.0,,False,386.999
879,2.887,13.146,100.02,248.9701,-1,2,5,85.2,,False,38998.999
880,1.937,29.164,217.45,453.3234,-1,4,9,97.8,,False,42022.999
881,2.569,24.301,183.26,321.2429,-1,2,11,99.1,,False,29576.111222222222
883,3.281,31.385,234.22,443.3167,-1,2,12,93.5,,False,39678.999
885,1.599,27.341,204.62,400.248,-1,4,8,100.0,,False,53144.999
886,2.479,25.701,192.62,381.2047,-1,3,12,100.0,,False,12955.999
887,3.492,28.723,214.63,421.3335,-1,4,7,96.4,,False,56208.66677777778
888,3.218,24.714,186.28,325.2739,-1,2,15,100.0,,False,5178.480263760515
889,2.539,32.763,242.84,576.332,-1,3,13,100.0,,False,22505.999
892,2.196,23.461,174.18,518.9813,-1,2,22,100.0,,False,6448.25494603363
894,3.243,32.086,238.57,507.3695,-1,2,7,93.7,,False,66567.999
896,3.3,33.074,245.4,551.4083,-1,4,12,100.0,,False,21542.471142812745
897,4.3,30.09,223.3,543.0573,-1,4,7,100.0,,False,720.999
899,3.214,31.038,231.11,478.3973,-1,2,8,100.0,,False,22587.999
900,2.573,30.353,225.43,526.2942,-1,2,10,100.0,,False,14548.999
901,0.396,13.055,109.43,79.9554,-1,1,13,96.6,,False,5484.999
902,2.038,21.611,164.99,243.1952,-1,3,12,100.0,,False,14707.999
903,3.342,31.494,234.03,517.3918,-1,4,11,74.8,,False,29901.27846801396
904,3.695,29.059,217.15,421.3321,-1,3,7,90.4,,False,38959.999
905,2.528,23.148,175.53,281.1724,-1,4,16,100.0,,False,8624.666777777778
906,2.7,27.851,207.81,441.1076,-1,7,5,100.0,,False,108710.999
907,1.734,20.966,157.21,368.9742,-1,2,13,100.0,,False,15888.222333333333
908,3.845,29.385,219.37,435.3489,-1,3,13,96.7,,False,22627.999
910,3.18,31.416,233.13,546.3217,-1,3,9,100.0,,False,15684.999
912,3.909,38.252,281.85,786.514,-1,6,12,100.0,,False,22997.999
914,2.786,33.437,248.37,528.3115,-1,4,15,100.0,,False,5643.999
916,3.287,30.481,227.07,469.3895,-1,3,10,97.7,,False,21464.999
918,0.442,28.216,218.9,187.0064,-1,4,5,100.0,,False,2019.999
919,4.192,33.189,246.05,571.4395,-1,5,12,100.0,,False,10021.999
920,3.152,37.331,275.3,748.5341,-1,5,3,73.0,,False,34980.999
921,2.988,26.507,198.91,368.3164,-1,1,15,96.9,,False,10736.11098156161
922,0.937,16.344,127.03,176.9491,-1,6,12,100.0,,False,28968.999
923,4.106,30.326,226.32,441.3947,-1,4,13,100.0,,False,13358.999
924,0.841,22.489,170.36,287.1844,-1,4,10,100.0,,False,2762.999
925,0.246,16.427,132.76,111.0072,-1,2,22,100.0,,False,4800.784634665475
926,3.44,31.848,236.65,519.4051,-1,3,8,71.3,,False,24556.000111111112
927,4.293,31.315,232.88,501.3964,-1,4,11,95.3,,False,5619.709832324582
928,3.287,36.597,270.06,722.5161,-1,8,4,84.8,,False,22498.999
929,3.982,34.491,255.48,595.4956,-1,4,12,96.3,,False,24344.010337558062
930,4.365,32.161,238.96,521.4216,-1,4,10,86.1,,False,9431.889
931,3.023,27.847,208.53,393.3,-1,3,10,92.1,,False,20699.999
932,4.375,38.366,282.75,778.548,-1,4,6,100.0,,False,31189.999
935,2.228,26.124,195.19,418.9736,-1,2,24,100.0,,False,12087.475184510107
936,1.967,21.888,167.34,237.1477,-1,3,12,100.0,,False,11066.999
938,4.235,27.351,202.93,543.0576,-1,4,8,100.0,,False,21514.999
939,2.704,20.438,157.23,211.1682,-1,3,17,100.0,,False,11098.450183784867
940,1.843,25.384,190.64,359.279,-1,3,9,100.0,,False,31544.999
942,2.99,27.309,204.39,399.3121,-1,3,14,100.0,,False,25146.999
944,0.377,17.608,261.78,238.0759,-2,5,14,100.0,,False,7312.999
945,3.176,31.068,230.7,532.3423,-1,2,3,100.0,,False,12210.999
946,1.806,24.068,181.69,313.2367,-1,2,8,100.0,,False,11291.889
947,4.278,30.861,229.83,475.3801,-1,4,12,96.5,,False,14681.222333333333
950,2.799,26.804,200.44,409.2359,-1,3,18,98.1,,False,14350.96821096332
951,0.448,29.013,215.62,510.2546,-1,4,15,100.0,,False,5165.999
952,3.588,37.128,273.81,746.5175,-1,7,6,87.8,,False,6702.999
955,3.607,30.546,227.43,479.3747,-1,3,12,97.6,,False,14069.999
956,2.295,22.43,170.41,269.2106,-1,2,11,99.9,,False,3620.888999999999
957,2.802,26.133,195.7,391.2251,-1,3,12,100.0,,False,7586.999
958,1.091,36.009,270.46,367.1565,-1,4,11,100.0,,False,30273.999
959,3.519,35.765,272.87,253.2158,-1,3,14,100.0,,False,5402.999
961,3.028,22.84,170.64,414.9487,-1,2,8,100.0,,False,128760.999
962,4.439,32.328,240.19,521.4215,-1,4,10,94.4,,False,23319.000111111112
963,3.045,29.42,219.61,437.3264,-1,2,7,75.4,,False,24723.999
964,3.257,27.589,206.2,417.3016,-1,2,11,80.1,,False,47939.999
966,3.425,32.771,242.89,577.3763,-1,3,11,100.0,,False,6416.999
967,4.052,33.595,248.9,588.4694,-1,3,11,100.0,,False,6963.555666666667
970,3.344,38.319,282.38,782.5034,-1,5,8,100.0,,False,40625.777888888886
971,4.382,41.188,303.04,868.6126,-1,3,8,85.5,,False,14194.999
973,2.732,30.372,225.64,520.3062,-1,3,11,100.0,,False,1232.999
974,1.899,29.426,219.42,453.3218,-1,4,8,98.9,,False,23705.999
977,2.499,24.52,184.92,321.2394,-1,2,8,100.0,,False,22711.999
978,2.259,30.642,228.12,481.3532,-1,4,9,92.8,,False,21236.999
979,1.092,25.499,190.87,395.1623,-1,2,13,100.0,,False,21477.999
982,4.2,31.798,236.49,501.3954,-1,4,14,82.4,,False,23721.951504830027
985,2.032,28.611,213.06,473.232,-1,4,11,100.0,,False,44077.11122222222
986,4.501,32.967,244.63,549.4529,-1,4,10,82.0,,False,4021.1386070965227
987,0.374,17.067,254.14,224.0591,-2,5,11,100.0,,False,16644.999
990,2.304,38.833,284.5,1179.0454,-1,5,10,100.0,,False,39948.22834292669
991,2.496,24.667,185.89,327.1822,-1,3,4,75.0,,False,560.999
992,2.581,26.813,200.49,410.2376,-1,4,14,100.0,,False,14637.492174977255
993,1.048,28.134,210.97,378.1008,-1,3,13,100.0,,False,6736.999
996,3.041,39.748,292.71,816.582,-1,4,10,92.2,,False,17193.999
998,2.701,20.465,156.18,244.0318,-1,5,7,100.0,,False,71980.999
999,3.99,38.945,286.7,831.5093,-1,5,12,100.0,,False,14899.999
1000,1.69,26.517,198.14,419.3166,-1,4,15,100.0,,False,11843.999
1001,3.75,26.348,197.78,365.3417,-1,4,15,95.0,,False,1235.5310080701156
1002,3.559,13.127,99.88,248.9708,-1,2,6,66.4,,False,28362.444555555558
1005,4.229,35.913,265.34,674.516,-1,4,12,100.0,,False,7931.999
1007,0.594,16.848,131.85,160.9539,-1,6,13,100.0,,False,63478.999
1008,3.26,16.616,130.8,149.0078,-1,4,16,100.0,,False,45627.30006555924
1009,2.101,25.164,186.78,527.9657,-1,1,19,96.5,,False,12967.324357208712
1010,0.448,19.339,287.1,254.6217,-2,4,15,100.0,,False,5239.999
1012,2.627,28.606,213.7,425.3352,-1,5,5,100.0,,False,36789.999
1013,0.992,23.497,176.03,382.8942,-1,9,12,100.0,,False,96215.999
1014,3.435,27.204,203.44,409.2358,-1,4,13,100.0,,False,8015.999
1015,2.948,25.502,188.28,669.9636,-1,3,15,100.0,,False,29877.66562631881
1016,2.288,22.096,168.24,257.2105,-1,3,11,100.0,,False,14906.999
1018,2.512,30.046,223.24,518.2899,-1,3,9,100.0,,False,29309.999
1019,4.015,38.416,283.05,788.5278,-1,3,11,95.9,,False,19005.111222222222
1020,2.141,30.653,227.51,540.2747,-1,4,12,100.0,,False,9563.999
1021,2.786,23.236,176.25,279.2313,-1,2,6,98.8,,False,31361.999
1022,1.626,22.566,168.43,426.968,-1,2,24,100.0,,False,10083.436660235951
1024,2.694,32.508,240.74,599.3211,-1,4,10,100.0,,False,36294.57952702806
1025,3.598,28.506,212.97,423.3501,-1,4,7,100.0,,False,1603.6667777777777
1027,3.013,30.519,226.62,530.3261,-1,4,15,100.0,,False,15510.999
1028,3.928,36.846,271.78,736.5343,-1,4,7,97.3,,False,19149.999
1029,1.372,23.65,178.43,317.1751,-1,4,11,100.0,,False,120877.999
1030,1.074,36.209,266.95,757.3097,-1,6,12,100.0,,False,40862.999
1032,2.523,24.241,182.5,335.1891,-1,4,18,100.0,,False,92931.6154387884
1033,3.62,31.559,235.27,459.3488,-1,2,15,99.7,,False,24533.999
1034,2.197,20.883,155.37,472.9837,-1,1,22,96.5,,False,9179.587821833344
1035,3.096,31.324,232.76,517.3921,-1,3,10,62.3,,False,36374.999
1037,4.367,32.262,239.73,519.4057,-1,2,8,82.4,,False,29940.999
1038,2.65,30.694,228.52,481.3537,-1,2,5,73.1,,False,76799.999
1039,2.663,25.206,186.54,598.9248,-1,4,14,100.0,,False,4174.444555555556
1043,0.387,14.714,117.5,125.0227,-1,3,7,100.0,,False,916.999
1044,2.931,22.274,169.72,253.2523,-1,2,11,100.0,,False,8221.999
1045,2.748,26.968,201.71,407.1451,-1,6,9,100.0,,False,21373.999
1046,3.189,30.492,227.28,461.3266,-1,2,10,99.6,,False,31744.999
1047,3.174,30.581,227.55,489.2787,-1,4,19,100.0,,False,643.9039060882678
1048,3.995,40.998,301.46,901.5522,-1,6,5,100.0,,False,1120.999
1049,3.841,29.676,220.91,481.3008,-1,4,10,100.0,,False,6703.111222222222
1050,2.595,26.981,202.54,365.2709,-1,3,5,100.0,,False,43858.999
1051,4.443,29.424,219.88,421.369,-1,3,15,99.4,,False,14887.999
1052,4.304,29.321,218.83,439.38,-1,5,10,100.0,,False,11014.999
1054,0.77,23.608,177.39,352.0847,-1,4,12,100.0,,False,11975.999
1055,2.2,24.089,181.75,317.2111,-1,2,15,100.0,,False,4000.999
1060,2.494,28.203,210.41,443.2662,-1,4,12,100.0,,False,14423.999
1061,0.468,21.88,167.83,223.1326,-1,3,15,100.0,,False,3960.999
1062,2.146,25.747,193.54,351.1625,-1,4,13,100.0,,False,22386.999
1065,3.443,31.851,236.33,550.3537,-1,2,4,100.0,,False,877.999
1066,4.315,38.462,283.35,794.5415,-1,4,11,100.0,,False,5120.999
1067,3.68,28.268,211.42,409.3323,-1,4,11,100.0,,False,12810.999
1069,0.369,23.493,186.0,141.0152,-1,3,15,100.0,,False,1041.2223333333334
1072,2.024,28.029,209.31,429.3014,-1,3,12,100.0,,False,14212.999
1073,2.902,28.388,211.57,460.2841,-1,3,9,100.0,,False,20318.999
1074,4.043,27.853,208.37,405.3733,-1,3,10,100.0,,False,16716.999
1076,2.56,25.886,195.11,327.1832,-1,3,6,77.9,,False,764.4445555555557
1077,3.421,41.264,303.7,850.602,-1,4,11,100.0,,False,11334.999
1078,4.509,29.116,217.48,427.3798,-1,4,15,100.0,,False,5514.999
1079,3.517,25.053,188.63,335.2198,-1,3,18,100.0,,False,4754.429609218275
1080,2.308,26.56,198.46,418.9729,-1,2,20,100.0,,False,11365.361024135891
1082,2.605,24.713,182.88,598.9242,-1,4,10,91.4,,False,3556.999
1083,2.513,30.206,224.38,522.285,-1,4,13,100.0,,False,16991.999
1085,4.453,36.911,272.51,702.5479,-1,4,9,100.0,,False,9499.999
1087,2.954,24.536,184.99,323.2586,-1,2,14,100.0,,False,8679.555666666667
1088,2.505,24.222,182.8,315.2523,-1,3,8,100.0,,False,42627.999
1090,0.748,17.746,134.2,292.8439,-1,7,15,100.0,,False,8437.999
1091,0.403,17.599,147.5,80.9635,-1,3,15,100.0,,False,4453.999
1092,3.972,34.328,254.38,585.4875,-1,3,12,100.0,,False,9314.222333333333
1093,4.638,32.639,242.42,529.4271,-1,3,9,82.4,,False,23664.999
1094,3.849,45.247,332.21,1012.8023,-1,6,17,100.0,,False,9617.568720205218
1095,2.208,26.138,193.67,569.969,-1,3,14,100.0,,False,16938.666777777777
1096,1.241,18.69,146.59,157.1207,-1,3,15,100.0,,False,910.9002719759583
1097,3.083,30.318,226.66,417.3004,-1,3,12,98.3,,False,2613.999
1098,3.092,36.546,269.67,722.5165,-1,4,7,78.5,,False,10340.999
1099,1.192,24.479,184.35,333.2048,-1,2,7,100.0,,False,4942.999
1100,3.4,40.315,296.75,840.5819,-1,7,9,98.3,,False,15149.999
1101,0.448,15.2,121.96,119.0478,-1,2,13,100.0,,False,25627.999
1103,3.301,40.012,294.76,800.5845,-1,3,8,100.0,,False,12809.999
1104,4.011,30.265,225.46,469.389,-1,4,12,100.0,,False,29077.999
1105,2.572,29.682,220.7,502.2942,-1,3,11,100.0,,False,20313.999
1107,0.383,20.803,158.94,239.0897,-1,2,10,100.0,,False,1571.999
1108,3.896,34.697,257.01,595.4942,-1,4,11,94.5,,False,3803.000111111111
1109,0.771,19.3,286.49,255.6293,-2,4,12,100.0,,False,1683.999
1110,3.495,27.588,206.66,389.3417,-1,3,10,98.6,,False,36212.999
1111,2.106,28.424,211.88,457.3169,-1,4,13,100.0,,False,11408.222333333333
1114,1.406,29.481,218.9,530.3104,-1,3,13,100.0,,False,39498.999
1116,3.096,26.277,197.16,369.3018,-1,3,19,100.0,,False,9976.446015380772
1118,4.058,27.25,204.49,369.3368,-1,3,13,100.0,,False,11710.999
1119,1.055,27.729,207.13,425.1172,-1,4,14,100.0,,False,21256.999
1120,3.245,24.733,186.43,325.2739,-1,2,16,100.0,,False,3497.598641074328
1121,0.38,20.738,160.31,195.1004,-1,3,9,100.0,,False,1361.999
1123,2.914,34.129,252.51,628.364,-1,4,12,100.0,,False,15263.999
1125,2.844,28.466,212.1,464.2782,-1,4,11,100.0,,False,1262.999
1126,3.478,26.382,198.03,365.3419,-1,3,10,82.6,,False,7001.999
1128,0.407,22.741,172.55,277.1535,-1,4,11,100.0,,False,3584.999
1129,4.177,33.392,247.61,567.4649,-1,5,4,98.2,,False,27769.999
1131,2.431,27.693,207.67,377.2697,-1,3,15,100.0,,False,20152.999
1132,1.522,21.458,317.73,287.6104,-2,4,11,100.0,,False,13863.999
1133,3.75,27.842,208.42,397.3322,-1,4,13,100.0,,False,9882.999
1135,4.355,34.268,253.85,593.6139,-1,2,3,59.0,,False,45805.999
1137,1.726,26.391,197.74,385.2585,-1,4,13,100.0,,False,21157.889
1138,2.013,23.309,176.87,277.1834,-1,4,22,90.2,,False,569.7851534587317
1139,0.382,16.701,135.23,109.0271,-1,2,13,100.0,,False,5225.999
1140,3.092,32.055,238.22,517.3898,-1,2,5,56.3,,False,33823.999
1141,2.6,29.008,216.5,439.3417,-1,3,10,94.3,,False,18097.999
1144,3.22,30.706,228.76,469.3903,-1,3,7,80.5,,False,42829.999
1145,2.7,29.857,222.5,463.3434,-1,3,8,82.4,,False,25075.999
1146,3.178,27.18,203.11,419.2568,-1,2,13,100.0,,False,16125.333444444444
1147,4.355,40.075,294.73,883.5412,-1,3,7,100.0,,False,4909.111222222222
1148,2.577,30.781,228.85,505.354,-1,3,13,100.0,,False,20446.999
1150,4.737,33.236,246.56,555.4438,-1,4,9,89.1,,False,22271.999
1151,2.724,32.933,244.91,504.3094,-1,4,5,100.0,,False,65263.999
1153,1.905,23.113,174.55,309.1729,-1,3,6,98.5,,False,128.889
1154,2.089,24.635,182.61,555.952,-1,4,12,100.0,,False,6185.999
1155,2.452,32.149,238.79,527.3955,-1,4,11,100.0,,False,31818.999
1156,3.642,16.639,130.98,149.0076,-1,4,7,100.0,,False,43460.11122222222
1158,2.482,26.726,200.17,390.265,-1,3,11,100.0,,False,11665.999
1159,4.074,40.932,300.94,907.5416,-1,6,11,100.0,,False,9532.999
1160,2.862,25.915,194.73,354.3008,-1,1,16,96.5,,False,4969.777888888889
1161,3.884,30.281,225.28,493.39,-1,3,9,53.6,,False,33042.00011111111
1162,2.831,24.599,185.38,327.252,-1,2,14,100.0,,False,10277.822042159736
1164,2.908,28.241,210.95,425.3294,-1,4,8,100.0,,False,4107.444555555556
1165,2.482,40.252,296.02,891.4845,-1,5,11,100.0,,False,68383.999
1167,3.068,37.201,274.32,748.5337,-1,5,6,72.9,,False,15617.999
1168,1.461,17.148,131.45,221.9531,-1,5,11,100.0,,False,8023.999
1169,2.868,31.902,237.16,509.3856,-1,4,7,76.6,,False,16507.999
1171,2.27,19.702,147.08,418.9734,-1,2,19,100.0,,False,13959.352721448091
1172,3.494,31.082,231.3,489.3583,-1,2,13,84.0,,False,17685.999
1173,1.075,36.155,266.73,729.3714,-1,5,13,100.0,,False,24879.999
1175,2.59,23.237,176.26,279.2309,-1,2,12,90.0,,False,2533.1112222222223
1176,3.493,31.146,231.76,491.3761,-1,2,8,75.4,,False,24306.333444444444
1177,1.568,25.037,188.14,353.2327,-1,3,10,100.0,,False,345.999
1178,3.64,39.042,287.54,810.5339,-1,3,11,100.0,,False,28385.111222222222
1179,3.22,25.995,194.73,387.0335,-1,4,11,100.0,,False,35497.999
1180,2.739,25.558,192.07,353.1735,-1,5,6,100.0,,False,87522.999
1182,4.155,35.014,259.59,573.4549,-1,3,11,62.2,,False,16641.999
1183,0.495,19.88,294.48,279.6132,-2,4,15,100.0,,False,8523.999
1184,2.394,22.093,163.95,523.9846,-1,1,20,98.4,,False,11620.386811450864
1185,2.845,27.974,209.52,391.2847,-1,3,8,92.3,,False,9524.999
1186,0.37,25.642,193.81,305.0222,-1,3,14,100.0,,False,1022.999
1187,2.1,23.287,176.59,281.1384,-1,3,13,100.0,,False,5815.999
1192,3.08,32.159,239.34,489.3587,-1,4,10,63.4,,False,24625.999
1193,3.847,26.181,196.76,353.3413,-1,3,12,93.7,,False,7801.421267525776
1194,2.192,23.483,174.82,468.9698,-1,3,13,100.0,,False,10361.999
1197,4.334,41.258,303.31,913.587,-1,4,14,100.0,,False,4466.999
1198,3.467,32.796,243.5,537.5434,-1,3,6,76.4,,False,33780.999
1200,3.161,33.23,246.53,555.4289,-1,3,8,99.6,,False,24380.999
1202,2.944,25.536,192.15,341.2696,-1,3,11,100.0,,False,6103.999
1203,0.48,18.562,143.16,201.0206,-1,3,13,100.0,,False,10012.999
1204,1.736,18.696,140.33,353.9965,-1,1,16,96.5,,False,7454.442057072871
1205,3.183,31.339,233.17,493.3896,-1,3,6,71.2,,False,18262.999
1207,3.239,25.225,191.27,283.2435,-1,3,9,97.0,,False,30381.999
1208,3.303,29.898,222.95,453.3578,-1,2,5,78.8,,False,40326.999
1210,3.427,32.543,241.64,535.4007,-1,2,5,77.9,,False,31860.999
1211,2.632,25.505,191.98,338.2683,-1,1,6,96.5,,False,19198.999
1212,4.451,40.026,294.63,838.566,-1,6,12,100.0,,False,2558.555666666666
1213,3.54,36.166,266.92,714.5118,-1,5,8,91.8,,False,3575.999
1214,2.415,32.992,243.94,645.3069,-1,4,13,100.0,,False,14403.999
1215,1.673,26.038,194.68,410.1636,-1,3,12,100.0,,False,27714.999
1216,4.454,32.508,241.5,523.4376,-1,4,10,100.0,,False,12552.444555555556
1217,3.305,37.116,273.72,746.5177,-1,5,7,74.9,,False,6523.999
1219,2.57,24.943,188.0,326.2689,-1,3,12,100.0,,False,11532.999
1220,4.096,33.453,248.62,517.3902,-1,3,7,73.7,,False,12621.999
1221,2.501,30.864,228.97,552.2744,-1,3,8,100.0,,False,5066.999
1222,1.741,18.606,142.78,218.984,-1,3,13,100.0,,False,12578.999
1223,3.537,36.772,271.23,740.5274,-1,5,4,92.8,,False,9246.999
1225,0.25,16.501,127.61,191.0182,-1,3,20,100.0,,False,3167.261951667326
1227,3.365,32.897,244.07,553.4122,-1,3,11,100.0,,False,28323.999
1228,4.003,36.403,268.68,712.4971,-1,3,12,100.0,,False,11697.00011111111
1229,2.302,26.67,197.49,588.009,-1,1,18,98.6,,False,9796.337316583184
1230,2.39,33.738,249.55,635.3821,-1,3,12,100.0,,False,12485.999
1232,3.475,34.966,258.86,611.4909,-1,4,7,97.3,,False,18195.999
1233,3.006,30.736,228.72,489.3582,-1,3,8,69.1,,False,18192.889
1235,3.069,30.036,223.87,461.327,-1,2,11,82.4,,False,5143.999
1236,3.077,32.585,241.92,538.3521,-1,5,10,100.0,,False,10892.999
1237,0.478,19.448,148.43,242.9948,-1,3,12,100.0,,False,2210.999
1238,2.654,29.178,217.83,435.3111,-1,2,8,82.8,,False,29172.444555555554
1239,3.287,29.386,218.67,488.3155,-1,1,11,96.5,,False,15569.999
1240,3.39,24.931,187.88,327.2912,-1,3,6,91.9,,False,15463.999
1241,3.408,34.746,257.24,611.4903,-1,4,10,82.3,,False,9410.999
1242,3.752,34.803,257.67,609.4755,-1,8,10,91.1,,False,5758.999
1244,3.175,33.943,251.32,606.38,-1,3,8,100.0,,False,18320.999
1245,2.902,26.778,200.56,390.2676,-1,3,12,100.0,,False,9743.999
1246,2.487,40.747,299.55,915.4856,-1,6,8,100.0,,False,72545.999
1247,2.774,25.204,190.29,313.2377,-1,3,14,100.0,,False,478.999
1250,2.071,29.74,221.77,453.3214,-1,4,7,81.8,,False,44948.999
1251,3.078,31.311,232.45,536.3388,-1,3,5,93.7,,False,254.999
1252,2.599,31.063,230.93,507.3699,-1,3,11,75.9,,False,10979.999
1255,1.976,19.684,153.41,171.9968,-1,1,14,97.8,,False,5778.439445767297
1256,4.65,34.123,252.89,579.501,-1,4,12,90.3,,False,8676.213212230346
1258,3.725,37.829,278.81,772.5331,-1,6,9,72.3,,False,8271.111222222222
1259,2.945,26.151,195.93,385.24,-1,4,9,100.0,,False,733.999
1260,3.561,33.034,244.7,591.3932,-1,3,5,100.0,,False,1619.999
1261,4.263,37.633,277.38,769.5092,-1,5,3,100.0,,False,70248.999
1262,0.652,19.527,149.58,227.0369,-1,3,15,100.0,,False,882.999
1263,2.58,32.0,237.09,585.3063,-1,4,10,100.0,,False,6970.999
1265,2.747,23.482,177.39,307.1936,-1,4,21,100.0,,False,17974.778425979966
1267,2.48,31.649,236.06,452.2784,-1,3,11,100.0,,False,13124.999
1268,1.622,22.632,168.92,427.97,-1,1,13,96.5,,False,9321.773883101207
1269,4.131,38.386,282.78,795.5247,-1,4,10,93.7,,False,19164.999
1271,2.821,27.661,206.6,426.3015,-1,3,10,100.0,,False,5108.999
1274,0.465,16.462,129.44,151.0378,-1,2,11,100.0,,False,4165.999
1276,3.436,33.023,245.14,539.4336,-1,4,8,99.2,,False,32597.3389338454
1277,3.94,31.918,237.91,461.3647,-1,4,8,99.5,,False,17376.999
1279,2.04,24.926,187.54,341.2692,-1,2,13,100.0,,False,7743.222333333333
1281,2.04,29.06,217.0,431.318,-1,4,7,92.4,,False,9501.999
1282,2.775,24.517,184.94,319.226,-1,2,6,100.0,,False,1518.4445555555556
1284,4.114,39.22,289.17,761.584,-1,3,7,87.2,,False,16342.555666666667
1285,3.315,31.107,231.39,497.3861,-1,3,14,100.0,,False,15145.999
1287,2.653,25.617,192.51,353.2684,-1,3,10,86.5,,False,1529.889
1288,2.125,28.757,214.73,431.3166,-1,2,14,98.1,,False,7995.999
1289,4.049,34.279,254.18,569.4784,-1,3,5,100.0,,False,35161.999
1290,2.022,21.349,158.96,460.9331,-1,3,13,100.0,,False,7137.999
1291,2.53,26.547,198.55,407.2189,-1,2,7,100.0,,False,23759.999
1293,3.422,34.011,252.02,582.4571,-1,4,6,100.0,,False,9446.111222222222
1294,2.951,29.507,220.05,451.3432,-1,2,10,97.4,,False,14595.999
1295,1.527,21.162,313.82,269.6264,-2,4,11,100.0,,False,18627.999
1296,4.461,36.429,268.83,718.4859,-1,4,10,100.0,,False,2060.999
1297,2.962,31.912,237.21,511.401,-1,4,11,99.4,,False,3035.852220939102
1299,0.534,16.77,128.26,230.9277,-1,5,15,100.0,,False,22883.999
1302,3.307,25.627,192.54,355.2857,-1,3,15,100.0,,False,2913.7871122902384
1303,4.623,33.977,252.38,529.4272,-1,4,8,93.7,,False,32529.999
1304,2.839,30.983,230.54,491.374,-1,3,9,79.8,,False,21217.666777777777
1305,0.368,27.859,208.73,387.0264,-1,4,11,100.0,,False,714.999
1306,0.773,28.945,215.09,512.2701,-1,4,14,100.0,,False,1613.999
1307,2.604,29.949,223.22,461.3268,-1,2,7,97.6,,False,28922.999
1309,2.425,25.261,190.05,342.2695,-1,4,9,100.0,,False,1144.8518351206508
1311,1.281,33.795,249.76,661.3872,-1,4,12,100.0,,False,6049.999
1312,3.842,39.204,289.04,761.5873,-1,4,6,88.4,,False,18519.999
1313,2.787,31.08,230.57,552.3113,-1,3,11,100.0,,False,6625.999
1315,2.78,31.151,231.19,543.3196,-1,3,11,100.0,,False,12809.999
1320,2.53,29.189,217.25,483.2731,-1,3,10,100.0,,False,12393.999
1321,2.967,28.77,214.3,469.2836,-1,4,15,100.0,,False,14345.468791096231
1324,2.405,30.424,226.82,457.3533,-1,3,4,100.0,,False,51404.999
1325,0.362,16.457,131.02,130.0852,-1,2,14,100.0,,False,9564.999
1326,2.397,28.89,215.24,465.2862,-1,4,10,100.0,,False,927.999
1328,3.356,28.788,215.15,419.3168,-1,2,9,87.8,,False,10874.999
1329,3.3,30.403,226.69,455.3734,-1,3,7,99.8,,False,35288.999
1330,4.096,29.436,219.72,437.3631,-1,2,7,97.4,,False,11591.999
1335,2.335,24.832,186.76,345.2066,-1,4,8,100.0,,False,85311.999
1339,3.335,33.696,250.55,508.3417,-1,4,3,100.0,,False,64355.999
1340,2.166,22.785,172.94,275.1664,-1,2,4,92.7,,False,717.999
1341,2.942,24.908,187.81,323.2572,-1,3,3,100.0,,False,1342.999
1342,1.986,19.706,151.1,223.0257,-1,4,18,100.0,,False,16116.37862814865
1343,2.505,28.538,212.44,479.2849,-1,4,14,100.0,,False,17730.999
1345,2.826,33.327,246.8,600.3971,-1,2,10,99.4,,False,25026.999
1346,4.117,33.464,248.21,559.4738,-1,4,11,100.0,,False,3378.222333333333
1347,4.13,36.173,267.14,690.5111,-1,3,12,100.0,,False,8569.999
1349,0.649,19.386,148.35,231.0313,-1,4,13,100.0,,False,3135.999
1350,1.118,24.479,184.47,327.1583,-1,2,13,100.0,,False,518.999
1353,2.261,29.141,216.61,507.2786,-1,3,7,100.0,,False,815.999
1355,2.931,29.673,221.33,449.3271,-1,2,11,99.9,,False,13713.999
1358,2.393,24.733,183.66,518.9664,-1,3,13,100.0,,False,4509.999
1359,2.26,24.34,183.81,310.2372,-1,3,11,100.0,,False,11169.999
1360,3.358,36.856,271.85,740.5252,-1,5,3,70.5,,False,15404.666777777778
1363,4.52,34.139,253.04,577.4865,-1,3,8,83.4,,False,31949.46398289636
1364,2.506,30.377,225.6,528.2731,-1,3,5,100.0,,False,14711.999
1365,2.607,30.183,224.94,463.3424,-1,2,7,62.3,,False,28774.999
1366,0.36,23.585,178.22,305.0222,-1,3,15,100.0,,False,624.889
1368,3.603,31.711,235.66,515.3756,-1,2,11,94.5,,False,22089.40205333349
1369,0.64,24.846,186.78,349.2004,-1,2,9,100.0,,False,164.999
1371,3.313,36.757,271.12,740.5272,-1,4,4,72.4,,False,5614.999
1373,2.381,21.289,160.32,329.0463,-1,4,16,100.0,,False,21370.24401489519
1374,2.476,30.821,228.62,555.2741,-1,4,11,100.0,,False,6625.999
1375,2.336,25.403,192.27,295.2263,-1,2,8,99.0,,False,1686.999
1376,1.324,29.678,220.38,529.2064,-1,4,11,100.0,,False,8213.999
1377,3.253,26.269,196.86,383.2196,-1,3,13,100.0,,False,6211.000111111111
1378,2.137,25.061,188.65,337.2367,-1,4,6,91.0,,False,10570.999
1379,2.747,28.196,210.85,411.313,-1,2,8,87.7,,False,8146.999
1380,3.753,33.853,250.99,569.4806,-1,4,9,98.7,,False,33398.11122222222
1384,0.439,18.147,139.39,215.0,-1,2,12,100.0,,False,5103.999
1386,2.212,25.471,191.45,351.2533,-1,2,12,100.0,,False,10412.999
1388,3.471,33.966,251.64,589.4491,-1,6,9,77.6,,False,32541.111222222222
1390,1.976,22.276,165.77,471.993,-1,1,15,96.5,,False,2281.0000484270367
1391,3.806,36.905,272.18,742.5442,-1,4,6,63.1,,False,18581.999
1392,4.047,29.364,219.18,437.3639,-1,3,15,99.9,,False,7438.999
1393,1.725,14.252,115.43,108.0199,-1,2,12,100.0,,False,15569.999
1394,3.947,39.489,290.58,855.5095,-1,5,13,100.0,,False,10068.999
1395,2.881,22.265,169.59,255.2308,-1,2,4,100.0,,False,22715.999
1396,3.989,33.199,251.99,281.2478,-1,3,15,100.0,,False,5153.999
1397,2.715,32.498,241.28,537.3302,-1,3,9,100.0,,False,13524.999
1398,3.4,29.597,220.15,494.3273,-1,3,9,93.7,,False,12908.999
1400,2.698,31.326,232.92,505.3536,-1,2,10,98.0,,False,16988.999
1401,3.779,32.033,237.75,543.408,-1,3,14,96.4,,False,14098.999
1403,3.831,33.788,250.92,533.3858,-1,2,11,100.0,,False,10988.999
1404,3.478,34.245,253.54,608.3951,-1,3,12,100.0,,False,10111.999
1406,3.058,27.819,208.12,405.3,-1,2,8,100.0,,False,25162.999
1407,2.997,30.88,229.76,491.3757,-1,2,7,73.0,,False,23096.999
1408,3.376,23.427,177.71,279.2313,-1,2,6,95.8,,False,5346.999
1409,2.635,26.917,201.87,375.29,-1,2,15,100.0,,False,2098.999
1410,1.587,27.204,203.18,426.2651,-1,3,15,100.0,,False,2034.999
1411,0.937,27.067,202.61,397.2047,-1,4,12,100.0,,False,10053.999
1412,2.593,25.752,193.53,353.2697,-1,3,12,94.3,,False,30838.999
1414,3.154,34.261,253.57,619.4593,-1,2,9,99.7,,False,46874.999
1416,3.975,26.823,201.05,381.3371,-1,3,12,100.0,,False,10481.999
1417,3.386,31.912,237.19,513.4143,-1,2,11,86.2,,False,3470.907853018923
1419,3.968,29.547,220.58,435.3478,-1,2,7,87.9,,False,31972.999
1421,4.724,38.16,281.51,733.5556,-1,3,11,100.0,,False,10046.999
1422,1.351,35.357,260.63,761.341,-1,5,9,100.0,,False,19674.999
1423,0.409,24.133,187.15,187.0059,-1,3,12,100.0,,False,2345.000111111111
1424,2.826,24.043,181.45,315.253,-1,3,10,100.0,,False,18444.999
1426,1.735,31.959,238.89,420.9917,-1,1,11,96.5,,False,18711.999
1427,1.344,35.06,258.79,705.4141,-1,4,13,100.0,,False,5104.999
1428,1.724,18.336,145.48,136.0142,-1,1,10,97.3,,False,13795.999
1429,2.472,27.902,208.67,409.3048,-1,4,8,88.4,,False,8415.999
1430,3.521,38.936,286.76,808.5188,-1,4,11,100.0,,False,9624.555666666667
1431,1.243,19.607,149.77,239.0657,-1,3,13,100.0,,False,12901.999
1434,2.35,29.77,221.61,481.3001,-1,4,9,96.5,,False,20767.999
1437,2.855,32.037,237.61,559.3807,-1,2,8,100.0,,False,16753.999
1438,3.308,29.852,222.75,443.3161,-1,2,4,100.0,,False,39065.999
1441,3.477,29.303,218.78,433.333,-1,4,16,100.0,,False,12413.8912516046
1442,3.38,28.062,210.12,395.3157,-1,2,9,96.5,,False,353.999
1443,1.569,24.547,184.77,337.2368,-1,3,11,100.0,,False,1269.999
1444,1.45,27.611,206.13,433.281,-1,3,11,100.0,,False,2828.999
1446,2.881,28.34,211.3,453.2837,-1,4,5,93.7,,False,65924.999
1447,3.004,29.138,218.12,399.327,-1,4,13,82.4,,False,23432.999
1448,4.146,21.941,165.94,297.0456,-1,2,8,100.0,,False,26471.999
1449,2.58,29.391,218.56,500.2789,-1,2,4,93.1,,False,7681.999
1450,2.713,24.036,181.4,315.2521,-1,3,7,100.0,,False,24398.999
1451,3.689,30.755,228.99,479.3738,-1,2,9,76.2,,False,8683.999
1452,0.371,17.95,140.31,164.0693,-1,2,13,100.0,,False,9939.999
1453,3.556,32.746,243.69,491.3205,-1,4,10,98.4,,False,17996.999
1454,3.94,33.111,245.46,571.4426,-1,6,4,100.0,,False,18987.999
1460,3.052,23.432,177.31,295.2261,-1,2,7,100.0,,False,7809.999
1461,2.784,45.539,334.02,1097.6869,-1,4,11,100.0,,False,11910.999
1462,1.494,26.63,198.96,421.2256,-1,5,14,100.0,,False,3642.999
1463,3.074,26.497,198.84,368.3162,-1,1,18,96.5,,False,6742.0592330124855
1465,3.877,23.761,179.86,293.247,-1,2,11,100.0,,False,4464.999
1468,4.179,32.463,240.92,545.4234,-1,4,13,99.6,,False,8532.80845348137
1469,3.713,25.214,191.13,285.2566,-1,3,13,100.0,,False,6222.999
1470,2.774,26.123,196.32,353.2691,-1,3,10,94.2,,False,7945.999
1472,4.004,29.114,217.31,437.367,-1,2,8,98.4,,False,11075.155212176312
1473,2.793,31.241,232.83,463.344,-1,2,8,81.2,,False,30055.999
1475,2.87,29.095,216.47,490.2941,-1,2,10,100.0,,False,19690.999
1478,1.536,28.265,208.17,775.6824,-1,3,15,100.0,,False,5135.999
1482,2.245,27.83,207.46,455.2202,-1,2,10,100.0,,False,7586.999
1483,2.175,27.781,207.79,407.282,-1,3,15,100.0,,False,17851.999
1484,4.076,31.755,236.51,475.3773,-1,4,8,69.8,,False,14865.92897328778
1485,2.674,30.166,225.04,447.3842,-1,3,13,100.0,,False,20554.999
1486,1.216,32.476,240.33,617.36,-1,4,12,100.0,,False,5389.999
1487,2.336,28.96,215.59,479.3381,-1,3,11,74.8,,False,15366.999
1489,3.411,26.372,197.96,365.3417,-1,3,12,95.5,,False,7293.3662502178195
1490,1.98,19.68,151.05,218.9841,-1,3,12,100.0,,False,8843.999
1491,4.33,38.416,283.05,790.5415,-1,3,3,98.9,,False,27316.999
1493,3.006,29.361,218.54,483.2976,-1,4,8,100.0,,False,15599.111222222222
1494,4.17,38.887,286.33,821.5301,-1,3,8,100.0,,False,1721.999
1495,2.096,23.322,176.68,287.2223,-1,3,12,100.0,,False,12309.333444444444
1496,1.624,24.308,183.14,329.2312,-1,4,6,100.0,,False,1431.999
1497,3.744,33.802,250.64,567.4651,-1,3,8,86.2,,False,29982.222333333335
1499,1.051,22.141,167.61,291.0353,-1,5,11,100.0,,False,2340.999
1500,3.062,27.968,208.87,428.3169,-1,2,13,100.0,,False,3670.999
1501,3.014,32.411,240.6,540.3672,-1,4,9,100.0,,False,134.999
1502,0.943,17.107,132.99,176.9486,-1,5,12,100.0,,False,13485.999
1503,3.902,39.678,292.01,849.5187,-1,3,9,100.0,,False,1406.999
1504,2.575,28.955,214.94,534.9481,-1,7,9,100.0,,False,970.999
1505,2.208,26.109,193.94,514.9812,-1,3,18,100.0,,False,4950.965887974684
1507,2.329,34.503,254.7,701.2951,-1,4,15,100.0,,False,7869.999
1509,3.767,30.153,223.77,543.0575,-1,5,11,100.0,,False,1575.999
1510,1.717,18.291,150.93,92.0246,-1,1,12,97.3,,False,13103.999
1512,2.399,27.41,204.91,414.265,-1,3,11,100.0,,False,4535.999
1513,0.389,19.161,150.76,151.0372,-1,3,11,100.0,,False,1061.999
1515,2.697,26.15,196.25,367.2856,-1,3,13,77.9,,False,19539.222333333335
1516,3.383,46.401,340.32,1105.7501,-1,5,11,100.0,,False,12173.999
1518,2.415,28.966,216.24,435.311,-1,2,12,90.1,,False,12988.999
1519,3.787,45.692,335.37,1036.8029,-1,8,12,100.0,,False,8276.999
1521,0.363,25.697,192.49,387.0256,-1,3,14,100.0,,False,713.999
1522,3.387,37.415,275.92,748.5325,-1,5,3,89.9,,False,58035.999
1525,2.046,21.96,325.2,287.1415,-2,4,11,100.0,,False,18474.999
1527,2.482,23.969,186.4,179.1063,-1,3,10,100.0,,False,14693.999
1528,3.56,23.634,178.95,291.2319,-1,3,15,100.0,,False,1637.999
1529,3.176,27.779,207.29,439.275,-1,3,18,100.0,,False,23600.822494402604
1531,3.971,45.921,337.05,1038.8194,-1,6,14,100.0,,False,5864.999
1532,4.036,36.27,267.8,698.5166,-1,4,6,100.0,,False,20615.999
1533,2.164,31.997,237.38,553.2864,-1,5,12,100.0,,False,4520.418227118783
1534,2.651,25.38,192.51,281.2266,-1,2,7,100.0,,False,1547.999
1535,3.137,34.071,252.25,609.4747,-1,3,7,94.1,,False,24989.999
1536,4.482,31.244,232.41,497.4196,-1,4,9,100.0,,False,20941.999
1537,1.678,27.549,205.7,430.2982,-1,3,6,100.0,,False,5117.999
1538,3.091,31.883,237.05,507.3694,-1,2,6,82.4,,False,6048.999
1540,1.202,26.938,200.92,446.2899,-1,4,9,100.0,,False,3495.999
1541,3.933,30.171,224.87,461.3641,-1,3,11,97.0,,False,8744.999
1542,4.208,36.678,270.64,722.516,-1,9,5,87.1,,False,17815.999
1543,1.183,29.198,217.12,499.2921,-1,3,14,100.0,,False,2109.999
1545,2.327,30.544,226.66,544.2691,-1,4,10,100.0,,False,16297.999
1546,0.458,26.65,206.73,187.0057,-1,3,10,100.0,,False,2034.999
1548,3.686,33.373,247.09,606.4124,-1,2,3,96.5,,False,49551.999
1552,3.503,34.11,253.09,553.4115,-1,3,8,100.0,,False,19270.999
1553,1.967,21.467,163.96,241.1796,-1,2,10,100.0,,False,1187.999
1554,4.032,38.573,284.18,794.5105,-1,4,3,100.0,,False,28194.999
1556,3.011,31.971,237.4,533.3858,-1,2,10,78.8,,False,13299.999
1557,3.309,27.038,202.65,382.3326,-1,3,15,99.7,,False,6413.999
1558,4.389,33.923,251.4,581.4809,-1,2,13,100.0,,False,4787.999
1559,2.674,28.927,215.27,485.2799,-1,4,21,100.0,,False,3228.438578252477
1560,3.039,28.777,215.11,417.3003,-1,2,11,47.5,,False,13978.999
1562,3.046,32.028,237.83,533.3851,-1,2,7,98.5,,False,15022.999
1564,4.179,29.841,222.57,449.365,-1,3,12,94.8,,False,7181.17484563339
1565,3.432,34.165,252.94,609.4757,-1,5,8,91.9,,False,19839.999
1566,2.626,28.309,210.83,471.2517,-1,3,7,100.0,,False,9725.999
1567,3.948,27.028,202.41,391.1509,-1,6,8,100.0,,False,1824.999
1568,3.32,29.346,218.67,463.3449,-1,2,9,67.3,,False,15999.111222222222
1569,0.655,26.267,197.43,352.0848,-1,4,12,100.0,,False,4689.999
1572,1.093,23.354,176.28,313.118,-1,4,13,100.0,,False,6618.999
1573,2.242,27.821,208.71,373.2738,-1,3,11,100.0,,False,8807.999
1574,3.328,33.542,248.74,565.3644,-1,3,8,100.0,,False,9104.999
1576,1.83,22.989,174.38,279.1943,-1,3,10,100.0,,False,10795.999
1577,4.325,40.66,299.05,888.5668,-1,4,3,87.0,,False,811.999
1578,3.325,30.142,224.17,499.3272,-1,4,10,100.0,,False,2355.999
1579,1.706,24.049,181.54,313.1176,-1,2,6,70.3,,False,19846.999
1580,2.403,25.247,190.07,336.2528,-1,2,7,100.0,,False,10916.999
1581,0.525,16.671,131.23,149.0584,-1,2,11,100.0,,False,860.999
1588,3.925,28.491,212.96,417.3741,-1,3,14,100.0,,False,12007.999
1590,3.012,27.301,203.92,425.2577,-1,4,20,100.0,,False,859.0748098585354
1592,2.59,24.57,185.39,317.2097,-1,2,11,99.8,,False,2620.3048214440996
1593,2.092,25.142,186.63,526.9626,-1,2,17,100.0,,False,11737.097995187305
1594,2.916,25.561,192.29,343.284,-1,3,10,100.0,,False,3803.999
1595,2.527,23.564,178.36,293.2115,-1,2,7,100.0,,False,8500.999
1597,2.812,29.958,222.58,517.3078,-1,4,7,100.0,,False,20727.999
1598,1.979,33.533,248.39,594.3423,-1,4,4,100.0,,False,336.999
1599,3.321,27.879,208.08,437.2662,-1,3,10,100.0,,False,10128.889
1601,4.085,29.445,219.79,437.3631,-1,2,9,82.4,,False,15222.999
1602,4.206,27.904,208.64,411.351,-1,4,10,100.0,,False,75.17272865781956
1603,2.816,30.686,228.35,489.358,-1,4,8,72.3,,False,5577.889
1604,0.38,16.565,136.46,93.0327,-1,2,14,100.0,,False,3624.999
1605,1.454,28.422,211.27,506.266,-1,5,15,100.0,,False,9801.999
1608,3.206,34.016,252.08,583.4588,-1,4,9,79.8,,False,6166.999
1609,0.559,17.11,131.53,210.9442,-1,6,11,100.0,,False,9107.999
1610,0.748,21.087,160.41,261.0202,-1,3,12,100.0,,False,304.9221032540747
1611,3.71,27.411,203.37,543.0575,-1,5,11,100.0,,False,9446.999
1614,3.45,29.467,220.01,433.3329,-1,3,10,100.0,,False,20749.358203360993
1615,2.604,27.993,209.7,389.2689,-1,2,13,86.0,,False,15684.999
1616,3.749,30.222,224.66,508.3413,-1,2,10,96.5,,False,10217.555666666667
1617,2.514,26.656,199.78,382.2953,-1,2,12,100.0,,False,5807.999
1618,2.195,20.921,155.64,474.1104,-1,2,3,50.4,,False,29560.999
1621,2.833,29.59,220.42,469.3534,-1,2,9,99.7,,False,15734.999
1622,3.123,24.006,181.16,315.2527,-1,3,9,100.0,,False,12805.999
1624,2.328,32.325,239.19,619.432,-1,4,4,55.8,,False,21770.999
1625,2.435,23.522,178.4,280.2626,-1,3,10,100.0,,False,8934.999
1626,3.412,22.456,170.99,257.2257,-1,3,11,100.0,,False,4041.999
1627,3.134,34.223,253.18,630.3807,-1,3,15,100.0,,False,9286.999
1628,3.322,28.144,210.16,430.3328,-1,1,13,96.5,,False,7314.999
1629,3.259,27.759,207.46,418.3011,-1,1,12,96.5,,False,10417.999
1630,0.768,16.14,125.94,167.0193,-1,3,14,100.0,,False,293.999
1631,3.146,23.44,177.69,283.2622,-1,3,10,93.7,,False,5836.999
1632,1.499,24.213,182.73,315.1812,-1,3,9,100.0,,False,9518.999
1634,4.312,37.624,277.49,744.5575,-1,2,6,93.1,,False,10549.999
1635,3.647,27.844,208.44,397.3319,-1,3,12,97.4,,False,8221.999
1636,1.432,17.591,132.54,318.9783,-1,3,15,100.0,,False,8531.77788888889
1637,3.31,22.943,173.86,285.1335,-1,4,22,100.0,,False,13451.42056755886
1641,1.467,22.306,169.24,277.1432,-1,3,9,100.0,,False,372.999
1642,0.461,24.99,193.82,187.0042,-1,4,6,100.0,,False,2484.999
1644,2.648,32.097,238.11,555.3183,-1,3,10,100.0,,False,10742.999
1646,3.407,25.431,190.99,359.153,-1,5,15,100.0,,False,11532.601361231558
1647,1.852,29.622,220.44,487.3278,-1,2,8,93.9,,False,2119.999
1648,1.651,25.318,190.14,359.2794,-1,3,8,100.0,,False,5304.999
1649,3.694,33.557,248.94,557.4526,-1,4,8,91.5,,False,14139.999
1650,2.922,32.184,238.91,540.3317,-1,4,13,100.0,,False,5093.999
1652,2.198,30.148,224.46,479.338,-1,2,7,82.4,,False,14823.999
1653,2.23,25.134,189.07,343.2845,-1,3,13,99.9,,False,6932.999
1654,3.325,32.233,239.35,533.3852,-1,2,7,78.4,,False,21198.999
1655,2.777,29.779,221.95,461.3271,-1,2,10,82.4,,False,12522.999
1656,2.773,22.895,170.12,501.9595,-1,3,14,100.0,,False,3853.999
1657,1.443,39.454,290.01,919.6087,-1,5,4,100.0,,False,52132.999
1658,4.77,28.31,211.21,443.248,-1,4,15,100.0,,False,4099.999
1659,4.139,26.229,197.04,357.2788,-1,3,13,100.0,,False,3691.999
1660,4.301,28.69,214.52,413.3639,-1,3,12,100.0,,False,6990.999
1662,3.139,31.403,233.83,479.3386,-1,3,7,98.7,,False,17467.999
1663,3.025,23.832,178.08,414.9492,-1,2,6,100.0,,False,57483.999
1664,1.202,23.651,178.62,309.2066,-1,2,11,90.1,,False,7248.999
1665,1.093,23.667,177.31,382.8942,-1,8,5,97.6,,False,59057.999
1666,2.861,27.846,208.15,416.3164,-1,1,11,96.5,,False,9155.999
1667,0.762,29.353,217.91,534.2514,-1,4,12,100.0,,False,2003.999
1670,3.513,32.012,237.94,513.4175,-1,2,3,90.4,,False,34593.33344444444
1672,3.132,33.142,246.6,494.3262,-1,4,12,100.0,,False,11329.999
1674,0.247,24.676,360.98,617.7395,-2,5,14,100.0,,False,6196.999
1676,3.204,30.629,228.12,474.2859,-1,3,6,100.0,,False,56920.44455555556
1679,1.475,24.519,184.64,333.2046,-1,2,9,100.0,,False,968.999
1680,1.599,23.297,176.34,293.2106,-1,2,12,100.0,,False,6829.999
1683,4.376,28.162,210.83,397.3317,-1,4,5,71.6,,False,36868.999
1684,2.124,19.643,152.32,185.1523,-1,2,13,100.0,,False,8268.333444444444
1685,2.182,20.819,159.83,218.9845,-1,2,22,100.0,,False,5658.1313674596195
1691,3.211,31.758,236.3,493.3893,-1,4,4,85.2,,False,37564.999
1692,3.17,27.364,204.42,423.2512,-1,3,13,100.0,,False,8336.999
1693,2.294,31.21,231.46,560.2843,-1,4,9,100.0,,False,10168.999
1694,3.41,28.072,210.08,401.3424,-1,3,12,97.7,,False,12665.999
1697,3.854,32.888,244.07,547.4376,-1,5,10,84.5,,False,7816.999
1701,4.012,28.374,212.38,399.3475,-1,3,14,100.0,,False,5887.999
1702,3.402,27.459,205.58,395.3171,-1,2,10,97.4,,False,7802.111222222222
1703,2.723,26.535,198.94,378.3,-1,1,11,96.5,,False,6757.999
1704,3.191,29.129,216.95,471.3346,-1,4,19,100.0,,False,2370.107475169618
1706,0.462,16.044,126.08,152.0336,-1,2,12,100.0,,False,8273.999
1710,3.711,33.345,247.36,557.459,-1,6,9,98.5,,False,4588.999
1711,4.14,40.859,300.61,866.5977,-1,5,8,100.0,,False,4808.999
1713,3.865,32.122,244.92,255.2299,-1,2,13,100.0,,False,5241.777888888889
1717,2.197,20.824,158.15,269.9849,-1,2,22,100.0,,False,4568.779212445532
1718,1.276,34.811,257.01,697.3641,-1,6,12,100.0,,False,4790.999
1720,1.699,24.757,186.36,337.235,-1,2,7,97.9,,False,4906.999
1723,2.709,24.577,185.95,297.2417,-1,2,10,83.2,,False,18230.999
1725,3.223,29.864,222.72,451.3432,-1,2,5,56.8,,False,22765.999
1727,1.796,14.889,119.26,121.027,-1,2,13,100.0,,False,11380.929393589275
1730,0.67,17.326,132.01,248.8936,-1,6,12,100.0,,False,14866.999
1731,1.352,26.241,195.96,427.1325,-1,5,13,100.0,,False,9229.999
1732,2.167,20.82,159.68,222.9976,-1,1,17,98.1,,False,2888.0823358293082
1733,4.194,33.321,247.07,567.4662,-1,5,15,90.5,,False,10152.713265009172
1734,0.415,17.704,135.76,221.0067,-1,3,9,100.0,,False,2680.999
1735,4.524,29.868,221.8,528.2746,-1,4,15,100.0,,False,269.6959450570098
1736,1.559,30.04,223.33,505.3388,-1,3,10,100.0,,False,4934.999
1737,3.19,25.194,189.44,347.2214,-1,3,13,100.0,,False,2741.999
1738,4.075,30.029,223.81,461.3648,-1,3,7,90.9,,False,1242.999
1739,2.083,25.732,192.94,376.2254,-1,3,12,100.0,,False,20897.444555555554
1740,1.677,19.136,149.17,171.1368,-1,2,16,100.0,,False,1436.392490693227
1741,4.06,32.659,242.63,523.4371,-1,4,11,96.6,,False,13142.222333333333
1742,2.191,20.827,158.06,273.9982,-1,1,23,98.4,,False,3522.0130321831894
1744,4.429,37.856,279.14,754.5486,-1,3,7,98.0,,False,5677.999
1745,2.92,28.071,209.31,451.2857,-1,2,4,100.0,,False,15691.999
1746,2.5,30.686,227.74,542.2903,-1,4,10,100.0,,False,12355.999
1747,2.383,25.629,192.64,351.2524,-1,2,9,96.5,,False,17580.999
1748,0.378,16.852,134.66,125.0224,-1,3,7,100.0,,False,195.999
1749,1.811,26.727,200.19,389.2696,-1,2,10,100.0,,False,2416.999
1750,2.518,31.284,231.95,566.2901,-1,4,10,100.0,,False,5628.999
1751,1.507,22.665,172.2,269.1295,-1,3,21,100.0,,False,1938.5871735628343
1752,2.893,31.173,231.24,554.3261,-1,3,12,100.0,,False,7688.999
1755,2.23,23.481,178.24,275.1999,-1,2,3,100.0,,False,230.999
1756,2.69,26.28,196.73,395.2197,-1,3,11,100.0,,False,5800.999
1757,2.096,23.248,177.31,249.112,-1,2,15,100.0,,False,3096.999
1758,3.101,33.522,248.43,581.4445,-1,3,11,76.5,,False,10567.999
1760,2.192,29.926,222.36,516.2753,-1,4,10,100.0,,False,482.999
1761,3.35,27.808,207.82,418.3023,-1,1,8,96.5,,False,5009.999
1765,1.06,28.409,211.88,449.1611,-1,3,13,100.0,,False,9808.999
1766,3.537,33.185,246.14,561.4165,-1,6,10,89.6,,False,15807.999
1768,3.546,31.447,234.1,483.3701,-1,3,9,82.4,,False,9077.999
1769,4.136,38.271,282.05,776.5265,-1,6,5,90.8,,False,12759.999
1773,1.258,27.905,208.41,427.218,-1,4,7,100.0,,False,312.999
1774,3.629,28.1,209.99,419.3526,-1,3,6,67.4,,False,3185.999
1775,1.625,22.5,170.95,269.1281,-1,3,16,100.0,,False,2580.4062650917167
1777,3.723,23.685,179.5,285.2575,-1,3,14,100.0,,False,4335.999
1779,4.41,26.269,197.3,359.2942,-1,3,12,100.0,,False,4602.999
1780,0.373,19.733,152.14,203.0804,-1,2,13,100.0,,False,8566.999
1781,2.749,28.722,214.57,425.3284,-1,4,9,100.0,,False,9105.999
1782,2.462,32.499,241.13,552.3368,-1,3,10,93.7,,False,27881.999
1783,3.334,22.571,171.6,265.216,-1,2,11,100.0,,False,277.30481912911307
1786,3.06,46.0,337.39,1101.718,-1,5,11,100.0,,False,9527.999
1787,2.052,24.916,187.56,337.237,-1,2,10,85.8,,False,5142.999
1788,3.08,23.506,178.25,281.2823,-1,2,10,100.0,,False,5566.999
1791,3.001,32.21,238.92,557.3353,-1,4,4,100.0,,False,11356.999
1792,3.6,38.427,283.03,805.4968,-1,3,12,100.0,,False,9371.738698329209
1793,3.693,30.135,225.52,403.3578,-1,3,10,82.5,,False,11125.999
1794,2.001,24.346,183.51,325.237,-1,2,16,97.3,,False,5573.769415726699
1796,2.873,31.896,236.88,530.3029,-1,4,11,98.7,,False,5462.999
1797,4.093,39.07,287.63,833.6839,-1,2,4,59.1,,False,22175.999
1798,2.264,25.696,192.93,362.2379,-1,3,7,100.0,,False,50748.999
1799,4.137,38.03,280.54,737.54,-1,3,13,100.0,,False,4871.999
1801,2.899,26.875,200.85,417.2405,-1,3,11,99.9,,False,6661.999
1803,2.749,31.852,237.41,463.3426,-1,3,10,98.4,,False,6047.999
1804,2.467,25.147,189.21,341.2682,-1,2,7,100.0,,False,7843.889
1807,2.621,32.73,242.17,623.322,-1,3,12,100.0,,False,8987.999
1808,3.827,32.759,243.1,547.4389,-1,5,10,67.0,,False,12493.555666666667
1809,2.34,28.243,211.24,409.2946,-1,2,10,92.9,,False,11222.999
1811,1.136,31.134,230.77,573.3328,-1,4,10,100.0,,False,5042.999
1813,1.052,24.792,185.81,380.1153,-1,4,10,100.0,,False,434.999
1814,2.547,27.909,208.72,409.2968,-1,2,11,88.4,,False,8609.999
1815,3.883,26.225,197.05,355.2633,-1,3,11,99.3,,False,3579.999
1817,4.366,40.686,299.22,889.5816,-1,3,9,100.0,,False,12199.77788888889
1818,2.284,25.642,192.54,361.2372,-1,2,19,100.0,,False,1819.571397047404
1819,1.993,23.287,176.26,293.1765,-1,3,9,100.0,,False,9762.222333333333
1820,2.75,25.436,191.35,343.2839,-1,3,9,100.0,,False,22223.999
1821,2.51,27.144,202.66,431.2186,-1,2,13,100.0,,False,6311.999
1822,4.157,40.108,295.06,869.562,-1,2,7,96.8,,False,842.999
1823,1.51,24.589,185.13,335.2204,-1,2,9,100.0,,False,3327.999
1824,2.851,37.254,274.73,748.5338,-1,4,3,52.5,,False,14184.999
1825,1.334,36.043,265.82,741.3905,-1,5,12,100.0,,False,3576.999
1827,3.624,29.815,222.32,453.3589,-1,2,7,98.8,,False,12123.999
1830,2.42,31.264,232.2,526.319,-1,3,6,100.0,,False,5505.777888888889
1831,3.01,36.619,270.22,722.5177,-1,4,3,94.5,,False,13527.999
1832,2.808,23.112,175.43,275.2,-1,3,3,100.0,,False,11021.999
1833,3.558,33.244,246.12,607.3915,-1,4,4,99.2,,False,22696.999
1834,2.673,23.032,174.59,283.2256,-1,2,13,98.2,,False,5880.164890154369
1835,3.539,35.559,271.97,241.2153,-1,3,11,100.0,,False,6202.999
1836,1.635,19.373,150.33,183.1368,-1,2,13,100.0,,False,5288.999
1837,3.016,24.045,181.93,296.2409,-1,1,12,97.6,,False,1537.999
1839,1.476,18.897,141.92,348.9389,-1,3,8,100.0,,False,8630.999
1842,2.205,35.677,265.16,518.9799,-1,2,12,99.1,,False,15060.741368877894
1843,2.821,27.507,205.51,422.2676,-1,1,12,97.3,,False,6122.999
1844,3.005,26.115,196.24,354.3002,-1,1,10,96.5,,False,5430.999
1847,3.492,32.983,244.64,559.4007,-1,4,12,90.7,,False,5660.999
1849,4.297,29.979,223.57,451.3795,-1,3,11,99.6,,False,3654.1800882871166
1852,3.141,28.277,211.42,413.3076,-1,3,12,93.7,,False,3024.999
1853,4.36,33.469,248.28,557.4592,-1,5,7,88.8,,False,7233.999
1855,1.956,27.832,207.13,482.2942,-1,4,13,100.0,,False,3035.999
1856,4.501,41.013,301.76,866.5951,-1,5,7,99.3,,False,3848.999
1857,1.887,29.231,217.49,489.2665,-1,3,6,100.0,,False,867.999
1858,4.234,30.657,228.8,441.3955,-1,3,9,100.0,,False,42797.999
1859,3.717,27.372,204.67,411.2514,-1,3,13,100.0,,False,4511.999
1860,3.738,29.348,218.74,460.3477,-1,3,9,100.0,,False,8630.999
1861,2.653,22.936,170.38,506.0975,-1,1,4,42.1,,False,17596.999
1862,0.468,16.847,129.69,205.9394,-1,5,13,100.0,,False,6875.999
1865,1.456,21.397,162.32,277.0298,-1,5,13,100.0,,False,16029.999
1866,0.965,26.172,195.67,411.2028,-1,4,12,100.0,,False,465.77788888888887
1867,0.912,22.752,172.2,293.0457,-1,4,3,100.0,,False,47830.999
1869,1.482,25.509,191.25,377.1998,-1,4,13,100.0,,False,15617.999
1870,2.508,23.974,181.12,307.1912,-1,2,7,100.0,,False,8035.889
1874,0.529,25.023,188.89,314.1013,-1,3,8,100.0,,False,1827.999
1875,2.84,27.588,205.93,435.2511,-1,3,10,88.5,,False,9749.54176632654
1877,3.389,31.104,232.05,447.3127,-1,3,11,100.0,,False,11772.999
1878,0.489,14.865,119.07,121.0273,-1,2,17,100.0,,False,4491.684498052394
1879,2.503,25.577,192.27,350.2692,-1,1,12,96.5,,False,4622.999
1881,0.856,20.528,156.7,243.0675,-1,3,12,100.0,,False,10107.999
1882,2.258,30.215,224.52,516.2732,-1,4,5,100.0,,False,12847.999
1883,2.392,26.293,197.25,371.3152,-1,2,13,99.5,,False,6224.999
1884,2.314,30.243,224.47,539.3426,-1,4,14,100.0,,False,2651.999
1886,3.919,36.486,269.25,720.4994,-1,6,8,92.5,,False,18003.222333333335
1887,2.694,26.805,200.9,382.2956,-1,3,8,100.0,,False,6390.999
1888,0.477,17.407,137.5,143.106,-1,2,12,100.0,,False,3266.999
1889,1.937,33.765,251.24,495.2788,-1,4,11,100.0,,False,13771.999
1890,3.036,22.914,171.17,416.9456,-1,3,4,100.0,,False,47922.999
1891,3.979,23.295,174.45,387.0342,-1,4,6,100.0,,False,18186.999
1893,1.092,35.907,264.9,727.3556,-1,5,12,100.0,,False,11092.999
1894,1.974,19.713,149.58,273.9975,-1,1,15,97.7,,False,2297.9640977424306
1895,2.942,23.243,176.25,281.2467,-1,2,10,88.7,,False,7424.999
1897,2.847,33.01,244.23,625.3385,-1,3,10,100.0,,False,2053.999
1898,1.079,16.773,128.59,220.899,-1,5,12,100.0,,False,12927.999
1899,4.34,28.025,210.05,383.3519,-1,3,7,100.0,,False,3031.999
1901,3.253,32.598,241.66,571.3534,-1,2,7,98.4,,False,9807.999
1902,4.193,39.742,292.47,849.5558,-1,4,11,100.0,,False,4635.111222222222
1904,3.032,28.909,215.63,447.3115,-1,2,10,98.9,,False,7063.999
1905,0.243,37.531,275.74,942.3516,-1,4,14,89.9,,False,3590.999
1906,0.772,19.671,150.27,239.0653,-1,3,13,100.0,,False,8734.999
1907,1.363,26.35,197.04,409.1661,-1,3,10,100.0,,False,9862.999
1908,2.863,28.772,215.13,413.3268,-1,3,7,100.0,,False,11971.999
1909,2.712,32.083,239.08,466.2944,-1,3,13,100.0,,False,7375.999
1910,2.768,28.762,214.87,425.3264,-1,2,9,98.7,,False,3601.999
1911,2.585,23.332,172.99,547.9661,-1,2,19,100.0,,False,6469.478278036503
1913,4.127,34.671,256.69,609.475,-1,4,8,97.1,,False,3729.999
1914,4.623,25.301,190.5,335.2944,-1,3,17,100.0,,False,1888.9440073496492
1915,3.009,31.945,237.23,531.3699,-1,2,12,89.3,,False,4932.999
1916,1.843,33.312,246.39,635.2854,-1,2,5,100.0,,False,5298.999
1918,3.458,32.833,243.98,519.407,-1,2,3,64.2,,False,30442.999
1919,2.889,22.645,171.99,271.2253,-1,2,13,87.9,,False,40.32427825499508
1921,2.485,24.439,186.13,257.2259,-1,3,6,98.3,,False,7332.999
1922,0.897,19.904,294.8,280.6203,-2,4,10,100.0,,False,1759.999
1924,2.327,29.355,218.66,470.2586,-1,4,11,100.0,,False,21089.999
1925,2.569,25.03,188.43,336.2555,-1,1,9,96.5,,False,53.88900000000001
1926,3.653,30.516,228.07,421.3312,-1,3,8,66.4,,False,12288.999
1927,4.454,33.594,249.27,551.4687,-1,5,6,96.5,,False,13442.889
1928,2.395,22.155,164.59,502.9857,-1,2,19,100.0,,False,4960.936959647219
1929,3.23,26.888,203.37,301.2149,-1,2,10,99.0,,False,2906.999
1930,1.718,18.572,139.2,368.9755,-1,2,13,100.0,,False,3525.3387450715145
1931,3.599,32.237,239.25,545.4215,-1,4,3,93.7,,False,9139.999
1932,2.451,28.899,214.97,493.2989,-1,3,13,100.0,,False,10063.999
1933,2.799,33.318,246.88,585.3332,-1,3,13,100.0,,False,5305.999
1934,0.492,16.316,126.35,186.978,-1,4,12,100.0,,False,9569.999
1936,3.453,24.659,186.11,315.2316,-1,2,12,100.0,,False,1528.999
1937,2.197,20.939,155.98,451.9851,-1,2,23,100.0,,False,3792.4391433854107
1938,1.873,23.01,174.32,286.9415,-1,7,10,100.0,,False,15647.999
1939,3.345,33.11,245.5,568.3648,-1,4,14,100.0,,False,4402.999
1940,3.503,26.244,197.49,341.2689,-1,3,13,99.1,,False,6660.999
1941,2.755,30.525,226.61,535.3051,-1,3,14,100.0,,False,4318.999
1944,0.698,20.772,157.78,269.0752,-1,3,7,100.0,,False,5539.999
1945,3.544,24.118,185.95,205.1944,-1,2,14,100.0,,False,4056.999
1946,1.847,33.123,246.29,507.279,-1,3,12,100.0,,False,13268.999
1947,3.722,27.24,204.01,391.3573,-1,2,10,96.5,,False,7667.666777777778
1948,1.976,25.662,192.74,359.2209,-1,2,9,100.0,,False,432.999
1949,3.62,33.032,244.62,599.3824,-1,4,11,100.0,,False,5504.999
1950,4.048,36.184,267.04,716.5236,-1,4,7,100.0,,False,2367.999
1951,0.398,23.542,180.62,223.0183,-1,3,13,100.0,,False,945.999
1952,2.458,33.656,249.41,583.258,-1,4,12,100.0,,False,8550.00011111111
1953,1.049,29.678,220.37,529.3066,-1,4,12,100.0,,False,5089.999
1954,3.883,38.915,286.56,817.5089,-1,4,9,100.0,,False,16329.999
1955,4.091,29.977,223.93,427.3793,-1,3,10,100.0,,False,1849.999
1956,3.435,33.777,250.61,553.4136,-1,3,8,99.7,,False,17440.999
1958,3.003,34.214,253.14,628.3636,-1,5,7,100.0,,False,11927.999
1959,2.4,30.369,225.41,539.2405,-1,3,15,100.0,,False,6727.999
1960,0.582,16.445,130.66,133.0634,-1,2,8,100.0,,False,4560.999
1961,1.004,26.382,197.93,371.188,-1,3,9,100.0,,False,4420.999
1962,4.052,33.106,245.76,541.4456,-1,3,7,74.9,,False,13770.555666666667
1963,3.131,26.258,196.55,395.2491,-1,4,5,100.0,,False,15740.286107183085
1964,4.544,28.808,215.68,397.368,-1,3,5,87.2,,False,24944.999
1965,2.467,29.11,217.6,417.3367,-1,3,12,100.0,,False,12838.999
1966,3.48,19.364,148.4,225.0059,-1,4,17,100.0,,False,17313.92199598613
1967,4.736,28.568,213.63,411.3851,-1,3,9,98.2,,False,8681.999
1968,2.82,30.667,227.6,541.3064,-1,2,8,100.0,,False,12039.999
1969,4.15,25.485,191.59,349.2745,-1,3,15,100.0,,False,1652.999
1970,1.958,30.008,223.91,443.2804,-1,4,8,100.0,,False,24390.999
1972,1.509,23.398,176.94,299.2218,-1,3,17,100.0,,False,1329.2665275706288
1976,2.561,23.563,178.55,286.193,-1,3,6,100.0,,False,42010.999
1977,3.845,19.678,150.89,223.0273,-1,4,15,100.0,,False,4521.43971912249
1978,2.0,26.962,202.04,384.2757,-1,1,11,97.0,,False,8654.999
1979,2.714,31.587,234.13,573.333,-1,4,14,100.0,,False,579.2222010906189
1980,2.61,27.342,204.03,439.2268,-1,2,14,100.0,,False,9273.999
1981,3.186,31.069,231.85,443.3179,-1,2,8,83.0,,False,1992.999
1982,2.77,43.775,321.47,995.617,-1,4,11,100.0,,False,9596.999
1983,2.23,26.081,218.2,82.9594,-1,1,23,98.6,,False,4642.041743943099
1984,1.815,24.665,185.7,335.2207,-1,2,13,93.7,,False,875.999
1985,3.015,30.837,229.08,522.3214,-1,3,12,100.0,,False,649.999
1987,3.606,32.687,242.71,535.4016,-1,2,8,61.8,,False,11051.999
1989,2.845,25.663,193.13,340.2839,-1,2,11,97.8,,False,1893.2223333333334
1991,2.66,27.982,209.59,391.2841,-1,3,9,98.5,,False,9832.999
1992,3.17,31.14,230.81,573.3335,-1,4,11,100.0,,False,5950.999
1994,1.386,36.359,268.11,749.4394,-1,4,11,100.0,,False,4209.999
1996,1.169,24.086,181.37,333.2058,-1,3,5,100.0,,False,1729.999
1997,3.335,34.396,254.89,583.4594,-1,3,4,62.9,,False,13496.999
1998,3.383,28.154,210.6,407.316,-1,2,12,87.1,,False,1552.999
2000,3.203,16.899,132.01,165.0387,-1,3,19,100.0,,False,14819.462691414537
2001,3.33,34.065,252.27,601.4236,-1,4,9,100.0,,False,1563.999
2004,1.406,27.406,204.1,470.2881,-1,3,14,100.0,,False,13569.999
2006,2.618,27.709,209.15,317.2113,-1,3,11,100.0,,False,1391.999
2007,1.212,33.545,247.97,653.3374,-1,5,12,100.0,,False,3772.999
2011,3.45,30.892,227.09,880.9501,-1,3,10,92.1,,False,4956.555666666667
2012,3.961,35.183,260.12,651.3936,-1,2,15,100.0,,False,880.3334444444445
2013,3.703,31.689,235.73,497.4208,-1,3,9,82.4,,False,7608.999
2014,4.739,30.996,230.79,479.4106,-1,3,14,99.9,,False,4421.999
2015,4.183,41.537,305.48,892.6126,-1,4,13,97.6,,False,2187.000111111111
2016,3.883,13.125,99.86,248.971,-1,1,5,43.3,,False,16809.999
2018,3.774,39.958,294.25,817.5854,-1,3,4,80.8,,False,2516.999
2019,4.317,25.285,190.42,333.2788,-1,3,16,100.0,,False,3171.203891616321
2021,2.069,24.324,183.58,315.1953,-1,2,11,99.8,,False,293.999
2022,3.542,26.181,196.75,353.3421,-1,3,11,93.7,,False,11210.779312459996
2024,2.248,31.418,233.37,525.3804,-1,3,15,93.6,,False,14621.999
2027,1.849,23.882,180.32,311.2206,-1,2,8,93.7,,False,6196.000111111111
2028,1.583,21.515,163.89,254.1038,-1,3,6,100.0,,False,10417.999
2029,2.112,20.958,160.38,232.1681,-1,2,10,100.0,,False,14157.999
2031,4.609,28.518,212.74,445.3682,-1,3,11,100.0,,False,3071.222333333333
2032,2.453,24.512,185.04,313.2373,-1,2,8,93.0,,False,5588.999
2034,0.372,18.417,143.15,178.0482,-1,2,9,100.0,,False,9980.999
2035,2.64,24.254,183.34,303.2307,-1,2,11,100.0,,False,4726.555666666667
2036,4.257,36.201,267.36,687.5472,-1,3,10,97.1,,False,3681.999
2037,2.812,22.385,170.44,257.2256,-1,3,9,100.0,,False,2748.999
2038,2.59,33.087,244.62,647.323,-1,3,12,100.0,,False,6572.999
2039,4.265,39.936,293.73,881.5277,-1,3,8,100.0,,False,14386.999
2040,2.219,26.039,195.45,365.2691,-1,3,9,53.9,,False,2297.999
2041,1.978,22.153,169.93,222.9978,-1,1,18,98.8,,False,1209.7444187076107
2043,3.108,36.172,266.97,714.5122,-1,4,4,80.3,,False,2493.999
2045,3.294,33.75,250.07,587.4334,-1,5,11,96.5,,False,11403.999
2047,2.956,30.461,226.75,483.3682,-1,2,4,77.0,,False,12529.999
2048,0.377,19.412,148.0,248.0544,-1,3,12,100.0,,False,1008.999
2050,2.837,24.15,182.25,315.2526,-1,3,9,100.0,,False,7004.999
2052,4.294,31.97,237.87,493.3903,-1,2,7,86.6,,False,8738.999
2053,0.558,18.451,140.85,240.9109,-1,5,11,100.0,,False,7314.999
2054,3.532,32.764,243.4,525.4167,-1,4,11,100.0,,False,4689.999
2055,2.307,33.925,250.6,677.2941,-1,3,12,100.0,,False,5986.999
2057,4.346,39.425,290.12,853.5295,-1,3,10,100.0,,False,599.999
2059,1.681,26.409,197.6,401.3059,-1,3,15,100.0,,False,3766.999
2061,2.933,30.824,229.29,495.3694,-1,3,8,98.8,,False,6651.999
2062,3.542,23.146,175.75,273.2212,-1,3,15,97.6,,False,3604.999
2064,4.202,33.291,246.83,569.4819,-1,3,6,98.6,,False,11499.999
2065,2.842,29.664,220.43,514.2957,-1,3,11,100.0,,False,6973.999
2067,2.58,28.903,215.33,466.2962,-1,3,9,100.0,,False,4899.999
2070,1.94,32.287,239.29,577.3756,-1,3,12,100.0,,False,5877.999
2073,2.202,29.997,223.33,479.3383,-1,4,10,68.4,,False,7176.999
2074,1.72,25.417,191.47,331.1896,-1,2,11,100.0,,False,910.999
2078,1.58,31.952,236.49,612.2298,-1,4,11,100.0,,False,9724.999
2079,2.069,28.954,215.2,509.2947,-1,4,12,100.0,,False,9917.999
2081,1.563,21.079,161.06,239.1632,-1,2,14,100.0,,False,3280.999
2082,3.17,29.458,219.15,492.3102,-1,3,11,67.2,,False,8546.999
2083,2.517,23.931,180.64,313.237,-1,2,12,87.7,,False,237.22233333333338
2085,3.117,36.835,271.69,740.5273,-1,4,4,96.7,,False,4109.999
2086,3.595,46.214,339.11,1060.8038,-1,8,9,100.0,,False,3304.999
2087,3.892,34.501,255.4,613.5056,-1,3,10,98.1,,False,4226.777888888889
2089,3.864,34.385,254.49,618.4814,-1,3,14,100.0,,False,6844.777888888889
2090,3.974,34.962,258.17,691.4019,-1,5,12,100.0,,False,6322.999
2091,2.746,32.054,238.02,533.3848,-1,2,8,96.7,,False,11520.999
2092,3.977,21.816,164.95,299.0263,-1,5,14,100.0,,False,17551.72094314392
2096,3.906,27.288,204.37,391.3581,-1,3,15,99.9,,False,4407.999
2098,1.437,34.012,255.43,366.9814,-1,3,9,100.0,,False,25180.999
2099,1.104,31.211,234.34,367.1582,-1,4,11,98.0,,False,2233.999
2100,1.74,13.14,99.98,248.9709,-1,2,8,44.8,,False,4143.751737163266
2102,3.428,36.107,266.76,677.4582,-1,4,10,100.0,,False,1535.999
2103,2.652,32.172,238.95,528.1776,-1,4,9,100.0,,False,4194.999
2104,4.429,35.233,260.22,685.4858,-1,4,13,100.0,,False,3737.9620395785223
2106,2.93,28.755,214.48,447.3117,-1,2,14,100.0,,False,7409.007038945522
2108,3.373,37.486,276.35,764.526,-1,4,5,68.1,,False,6879.999
2109,4.25,37.111,273.88,718.5425,-1,2,7,100.0,,False,1868.8890000000001
2110,3.152,25.527,191.6,365.2361,-1,3,19,100.0,,False,9567.508958597971
2111,4.606,24.038,181.86,297.2776,-1,3,7,88.3,,False,7147.999
2113,3.938,36.002,266.1,661.442,-1,4,13,98.5,,False,5205.999
2116,4.294,38.947,286.89,802.5464,-1,2,6,97.7,,False,7481.999
2117,1.741,18.35,151.23,93.0323,-1,2,10,100.0,,False,8350.999
2118,2.08,29.852,221.76,521.2377,-1,4,10,100.0,,False,14579.999
2119,3.222,23.591,178.46,297.2423,-1,2,15,82.4,,False,4010.217150953813
2122,3.905,33.501,248.45,563.4331,-1,3,9,96.5,,False,4673.999
2124,3.132,24.422,183.14,373.0461,-1,5,9,100.0,,False,15273.066948818121
2125,4.475,34.633,254.86,839.1279,-1,4,16,100.0,,False,3674.555666666667
2126,4.356,38.619,284.57,784.5533,-1,2,5,100.0,,False,665.0001111111105
2127,2.626,33.786,250.16,605.2393,-1,3,9,100.0,,False,6601.999
2128,4.055,31.288,232.71,499.3806,-1,3,8,68.8,,False,10584.999
2129,0.676,19.57,151.65,187.1314,-1,3,10,100.0,,False,1679.999
2130,2.316,23.27,176.57,277.2159,-1,2,9,100.0,,False,4213.999
2134,1.907,26.556,198.52,413.2666,-1,3,13,100.0,,False,2100.999
2136,1.891,24.677,185.63,343.2485,-1,3,9,100.0,,False,6639.999
2139,1.98,19.751,147.4,422.9859,-1,3,16,100.0,,False,2637.7788198546186
2142,1.518,28.973,215.68,480.2784,-1,3,12,100.0,,False,6572.999
2143,3.771,28.286,211.56,409.3317,-1,2,11,99.5,,False,3637.999
2145,1.102,33.351,250.45,367.1593,-1,3,13,95.9,,False,2427.999
2146,3.992,34.033,252.0,604.4644,-1,2,6,100.0,,False,1014.999
2147,3.73,24.238,182.74,323.1518,-1,4,9,98.7,,False,2971.3334444444445
2148,4.403,34.198,253.38,589.4487,-1,4,4,73.5,,False,22940.999
2150,1.108,23.313,175.66,327.159,-1,2,14,100.0,,False,5442.999
2151,3.927,39.721,292.28,858.5316,-1,2,7,96.5,,False,1182.5283568079637
2152,1.644,29.477,218.63,554.3168,-1,2,11,99.4,,False,26473.999
2153,1.633,21.816,163.31,388.9612,-1,3,21,100.0,,False,2221.912339828408
2155,2.549,29.119,216.65,489.2239,-1,3,14,100.0,,False,4237.999
2157,3.028,27.436,205.07,416.2846,-1,1,13,96.5,,False,1568.999
2158,2.027,28.11,209.64,449.23,-1,3,6,100.0,,False,475.999
2161,2.469,28.306,210.21,523.9325,-1,6,11,100.0,,False,846.999
2162,3.945,40.359,296.89,873.5222,-1,5,8,100.0,,False,788.999
2165,2.172,32.263,238.75,617.2752,-1,4,13,100.0,,False,1821.999
2166,2.633,31.519,234.09,528.2878,-1,5,12,100.0,,False,4020.999
2167,3.039,28.645,213.99,425.327,-1,2,11,92.9,,False,3785.999
2169,1.648,21.376,162.99,249.1493,-1,3,12,100.0,,False,1680.3334444444445
2171,4.338,38.05,280.72,731.5385,-1,4,12,100.0,,False,5360.999
2172,1.376,25.14,189.08,345.1446,-1,3,10,100.0,,False,5676.999
2173,3.526,38.353,282.61,784.5201,-1,3,6,100.0,,False,4831.889
2174,3.535,30.08,223.77,494.362,-1,3,6,80.0,,False,9331.999
2175,3.062,29.601,220.73,453.3583,-1,2,5,91.2,,False,6799.999
2178,0.961,28.205,209.88,485.2797,-1,3,12,100.0,,False,3879.999
2180,3.709,34.711,257.0,607.4625,-1,6,5,82.1,,False,12653.999
2181,2.693,27.731,206.95,438.2637,-1,3,12,100.0,,False,7446.999
2182,4.152,34.776,257.44,613.5053,-1,3,9,99.0,,False,4630.999
2183,1.068,20.122,154.42,220.1455,-1,2,22,93.1,,False,618.0684730402086
2184,3.63,33.004,250.59,279.2318,-1,3,10,100.0,,False,4196.999
2185,3.92,30.398,226.46,469.3853,-1,3,7,74.4,,False,1020.999
2187,2.394,24.725,183.55,523.9837,-1,1,19,97.7,,False,3620.047833438156
2188,1.738,31.886,239.23,375.9983,-1,1,9,96.7,,False,9840.999
2189,1.385,37.275,274.65,785.4177,-1,6,12,100.0,,False,3243.999
2190,2.991,29.862,222.74,449.3273,-1,2,4,99.2,,False,21190.999
2192,2.051,21.464,159.87,455.9561,-1,1,16,96.5,,False,2747.8146285403245
2193,2.333,28.788,214.29,481.2578,-1,4,10,100.0,,False,8486.999
2195,3.523,36.02,265.11,833.2898,-1,3,13,100.0,,False,2139.999
2196,1.951,27.066,202.16,425.2303,-1,3,10,100.0,,False,5380.999
2198,3.046,30.454,227.68,417.3009,-1,3,3,64.0,,False,23129.999
2199,2.927,43.154,317.12,947.6173,-1,4,11,100.0,,False,5938.999
2200,3.754,38.524,283.87,786.5355,-1,3,4,100.0,,False,5542.999
2201,0.405,17.629,141.11,123.0432,-1,2,15,100.0,,False,836.999
2204,0.728,18.462,142.79,192.0642,-1,2,13,100.0,,False,3131.999
2205,1.684,19.075,282.49,280.1224,-2,4,11,100.0,,False,8218.999
2206,2.965,31.937,237.18,530.3034,-1,4,13,100.0,,False,2811.999
2207,1.955,33.195,245.52,635.2863,-1,6,6,100.0,,False,113.999
2208,2.392,28.671,213.47,476.2789,-1,2,9,100.0,,False,12167.444555555556
2209,3.856,35.774,264.22,686.4802,-1,4,8,100.0,,False,10585.999
2211,2.537,25.059,188.85,327.2517,-1,3,6,93.1,,False,5866.999
2213,0.436,21.397,162.9,257.1742,-1,2,17,100.0,,False,1255.977705059151
2214,3.138,24.148,182.06,323.1528,-1,3,10,86.5,,False,3704.999
2215,4.1,40.737,299.85,845.6165,-1,3,4,79.7,,False,6635.999
2216,1.415,28.608,213.72,425.1994,-1,2,11,100.0,,False,2074.999
2217,3.379,37.742,278.22,766.5428,-1,5,5,73.9,,False,2928.889
2218,3.294,39.25,289.39,761.5864,-1,3,4,83.9,,False,5877.999
2219,2.779,38.317,282.61,744.5219,-1,3,9,100.0,,False,1420.999
2221,4.291,38.505,283.65,797.5388,-1,4,10,94.8,,False,8988.999
2224,1.981,19.824,148.15,404.9973,-1,1,17,97.0,,False,2896.719117087474
2225,1.936,30.522,226.4,555.2994,-1,3,8,100.0,,False,2319.999
2226,3.355,32.413,240.24,576.3681,-1,2,8,100.0,,False,472.999
2230,3.175,28.18,209.7,485.2793,-1,3,14,100.0,,False,4527.999
2231,2.503,29.508,220.09,449.327,-1,2,12,82.4,,False,10173.999
2232,3.914,21.345,160.75,329.045,-1,3,9,100.0,,False,9289.999
2233,2.877,26.474,198.69,367.2839,-1,2,8,86.0,,False,3714.999
2234,3.705,16.925,132.21,165.0383,-1,3,7,100.0,,False,15016.999
2235,2.619,27.398,204.62,427.2701,-1,3,6,99.8,,False,252.999
2236,2.51,24.692,186.07,327.2531,-1,3,13,99.2,,False,659.4957094141421
2237,3.269,31.561,234.95,483.3691,-1,4,11,65.4,,False,7296.999
2238,0.529,17.275,132.59,216.9631,-1,3,12,100.0,,False,18025.999
2239,4.626,31.465,234.01,501.3944,-1,2,9,86.6,,False,7594.111222222222
2240,2.692,35.22,260.32,660.3529,-1,4,15,100.0,,False,2842.999
2242,2.571,32.996,244.02,638.3333,-1,3,11,100.0,,False,12099.999
2243,1.55,23.264,177.43,249.221,-1,3,15,100.0,,False,4303.999
2244,4.257,39.859,293.29,861.5513,-1,2,5,98.1,,False,31507.905224283997
2245,0.713,18.863,144.99,213.0221,-1,3,4,100.0,,False,363.999
2246,3.137,26.405,198.21,365.3411,-1,3,4,98.7,,False,4993.999
2249,3.072,35.653,263.51,662.3684,-1,3,15,100.0,,False,2817.999
2251,3.065,36.642,270.37,722.5166,-1,6,6,92.4,,False,5150.999
2252,2.213,29.998,223.84,443.3376,-1,3,13,100.0,,False,9275.999
2253,3.407,32.68,242.58,541.443,-1,2,5,74.0,,False,17635.999
2254,2.682,29.755,221.09,515.2412,-1,3,13,100.0,,False,4743.999
2255,3.243,38.926,286.68,806.5068,-1,3,8,100.0,,False,5366.6667777777775
2257,3.863,26.24,197.16,355.3205,-1,3,10,100.0,,False,4996.999
2258,3.435,32.369,240.37,533.3856,-1,3,8,73.2,,False,5581.999
2260,4.13,23.734,180.35,269.2466,-1,2,8,98.0,,False,4357.999
2261,0.389,17.093,132.77,179.0544,-1,2,11,100.0,,False,2041.999
2262,2.95,28.074,213.98,255.2318,-1,2,14,100.0,,False,2499.999
2263,2.24,23.867,176.42,626.9712,-1,2,24,100.0,,False,44.50441258778483
2264,3.693,33.188,245.92,583.4602,-1,4,9,75.4,,False,1474.999
2265,3.397,24.246,182.8,323.1515,-1,4,8,93.0,,False,3671.999
2267,3.115,28.02,209.48,414.3037,-1,3,9,100.0,,False,4964.999
2269,3.167,40.304,296.68,840.582,-1,4,6,82.4,,False,3834.999
2270,2.201,35.686,261.65,1092.9805,-1,3,14,100.0,,False,8658.322140509717
2271,2.489,41.734,306.77,924.5429,-1,4,11,100.0,,False,10272.999
2272,1.519,26.052,194.85,406.1322,-1,3,12,100.0,,False,5453.999
2274,2.346,26.286,197.35,363.2532,-1,3,13,97.4,,False,3705.8780714634195
2275,1.933,32.33,239.62,577.3755,-1,4,12,100.0,,False,5662.999
2276,3.446,33.919,251.76,545.4218,-1,3,8,93.7,,False,7827.999
2277,0.579,25.953,194.74,369.1731,-1,3,11,100.0,,False,3889.999
2278,2.901,29.52,220.39,435.3114,-1,2,8,73.7,,False,8157.999
2279,4.156,13.131,99.91,248.9702,-1,2,6,44.7,,False,6822.999
2280,3.999,26.442,198.49,365.3412,-1,2,9,82.1,,False,2184.999
2281,4.017,33.204,246.23,565.4481,-1,4,9,95.9,,False,3663.3334444444445
2285,0.622,20.173,153.55,257.0111,-1,2,8,100.0,,False,3385.999
2286,0.782,20.59,156.56,262.9996,-1,4,9,100.0,,False,1599.999
2287,3.134,33.861,250.4,642.3672,-1,3,8,100.0,,False,6944.999
2288,0.351,16.239,126.83,165.0394,-1,3,13,100.0,,False,3017.999
2291,2.932,28.176,210.57,419.3523,-1,2,9,100.0,,False,4066.999
2293,2.522,25.759,193.6,352.2849,-1,2,11,100.0,,False,727.3334444444445
2294,1.589,26.568,198.87,397.2215,-1,4,10,75.2,,False,1325.999
2295,1.183,24.829,186.12,378.1008,-1,3,14,100.0,,False,1438.999
2297,3.074,21.779,166.14,247.1687,-1,2,13,100.0,,False,8769.062041540456
2298,1.36,29.727,220.74,530.3094,-1,3,10,100.0,,False,3234.999
2299,3.454,26.141,196.45,353.3426,-1,3,8,98.5,,False,737.324728473206
2301,1.43,37.469,276.02,793.4674,-1,4,12,100.0,,False,2887.999
2302,0.373,16.936,131.4,182.0431,-1,2,10,100.0,,False,1499.999
2303,2.193,23.308,176.58,287.2228,-1,4,9,100.0,,False,5266.777888888889
2305,3.953,35.045,259.47,609.4744,-1,4,6,82.8,,False,8112.999
2306,2.54,31.694,235.08,557.3659,-1,4,13,100.0,,False,6751.999
2307,3.818,26.653,199.68,387.2509,-1,3,13,100.0,,False,2837.999
2308,3.704,35.233,260.66,631.4726,-1,4,12,100.0,,False,1040.999
2309,2.181,23.371,176.84,295.2285,-1,2,9,100.0,,False,11176.52874225442
2310,3.377,32.915,244.14,558.3359,-1,5,10,100.0,,False,2268.999
2311,2.13,27.752,207.27,427.2339,-1,2,10,100.0,,False,9636.999
2312,1.979,24.87,187.21,337.2375,-1,2,12,98.1,,False,4846.999
2313,2.482,28.159,210.57,411.3105,-1,2,9,71.1,,False,5072.999
2315,3.724,28.547,213.13,433.334,-1,2,12,64.3,,False,1955.999
2316,0.366,16.017,126.85,138.0536,-1,2,11,100.0,,False,1320.999
2318,1.437,34.211,251.87,816.3001,-1,3,9,100.0,,False,23311.999
2319,3.562,32.955,244.39,563.4333,-1,4,5,93.8,,False,7029.999
2321,2.536,21.994,167.59,253.216,-1,2,13,100.0,,False,3095.999
2322,2.46,26.543,198.52,407.2192,-1,2,11,100.0,,False,4603.999
2324,2.301,29.512,217.97,671.0198,-1,4,16,100.0,,False,3232.6290471863995
2325,1.879,24.127,182.13,313.2367,-1,2,6,91.3,,False,7138.999
2326,2.029,26.445,199.53,319.2626,-1,3,12,99.8,,False,5164.999
2327,3.972,33.269,246.88,549.4543,-1,4,14,83.1,,False,9856.046810736643
2328,2.486,27.636,217.48,152.9939,-1,2,13,98.2,,False,8600.999
2329,3.519,33.394,247.6,568.4007,-1,3,11,92.3,,False,3838.999
2331,1.775,29.34,218.36,485.312,-1,2,9,98.0,,False,3148.999
2333,2.544,30.304,225.62,479.3378,-1,2,10,59.5,,False,6650.999
2336,4.482,32.818,243.55,547.439,-1,4,5,97.3,,False,32509.999
2338,2.369,27.351,204.74,397.3063,-1,4,9,93.4,,False,6206.999
2339,2.208,28.984,214.17,654.9909,-1,3,15,100.0,,False,3395.5405627350074
2340,3.39,34.579,256.03,607.4578,-1,4,7,74.5,,False,9307.666777777778
2341,3.228,24.212,182.55,323.1518,-1,3,8,97.1,,False,3587.999
2344,3.993,36.064,266.36,688.4959,-1,4,8,99.8,,False,6036.999
2346,1.455,29.621,219.99,526.2488,-1,4,10,100.0,,False,12484.999
2347,1.476,27.036,202.47,391.2857,-1,3,9,82.4,,False,7248.999
2349,3.044,33.338,246.85,604.3639,-1,3,10,100.0,,False,8078.999
2352,4.086,38.319,282.31,791.5472,-1,3,9,93.7,,False,920.0197089997091
2353,3.555,40.885,300.8,866.5999,-1,6,8,100.0,,False,3258.999
2355,3.527,29.898,223.16,439.3419,-1,2,6,69.9,,False,7495.999
2356,2.483,39.586,291.7,786.5331,-1,4,12,100.0,,False,4229.999
2359,3.564,29.353,219.05,441.3585,-1,3,10,91.4,,False,12484.999
2360,0.383,21.593,164.46,255.1119,-1,2,9,100.0,,False,4769.999
2362,2.741,27.799,207.42,441.1074,-1,6,10,100.0,,False,7282.999
2364,4.302,40.983,301.32,909.5585,-1,4,4,100.0,,False,23042.999
2365,4.241,37.463,276.21,756.5254,-1,3,7,93.2,,False,5096.999
2366,2.16,13.167,100.18,248.9688,-1,2,5,73.5,,False,12192.555666666665
2367,4.03,34.999,258.71,657.5008,-1,6,11,98.9,,False,544.666777777778
2369,3.836,30.874,229.88,479.3733,-1,2,8,74.8,,False,3591.999
2370,2.583,30.055,223.19,528.2757,-1,3,10,93.7,,False,9446.069710811887
2371,4.001,30.864,229.53,499.3856,-1,2,5,94.3,,False,6039.999
2372,2.305,26.512,221.82,82.9589,-1,1,17,98.9,,False,3191.5885421771427
2373,4.222,38.788,285.56,831.5074,-1,2,7,100.0,,False,18242.999
2376,0.437,15.511,123.05,135.0426,-1,2,8,100.0,,False,2619.999
2377,0.657,23.585,177.14,356.1162,-1,4,12,100.0,,False,650.999
2378,2.874,31.347,232.73,536.337,-1,3,8,100.0,,False,2471.999
2379,2.171,30.508,226.49,534.2691,-1,4,12,100.0,,False,5350.999
2380,2.085,25.206,189.7,339.2519,-1,3,6,99.0,,False,881.999
2382,2.483,28.344,211.2,463.2083,-1,3,14,100.0,,False,1810.999
2384,4.352,40.696,299.42,865.5858,-1,3,7,89.6,,False,773.4445555555556
2385,3.993,40.404,297.18,883.5393,-1,4,10,100.0,,False,6259.999
2386,3.029,33.519,248.2,602.4126,-1,3,10,96.5,,False,4236.999
2387,1.578,27.915,209.88,351.2532,-1,3,12,100.0,,False,6737.999
2388,3.801,32.452,240.85,545.4226,-1,4,8,85.1,,False,5547.999
2389,1.131,21.224,162.62,227.1052,-1,3,9,100.0,,False,15985.999
2391,3.141,27.791,207.42,437.2649,-1,3,14,82.4,,False,6251.613438996792
2392,2.688,30.689,228.39,487.3433,-1,4,9,100.0,,False,979.999
2394,0.382,16.623,139.51,79.9555,-1,3,14,100.0,,False,1526.999
2395,2.783,28.274,210.81,452.2793,-1,3,12,99.2,,False,8668.936462729645
2397,0.713,22.672,171.21,309.0417,-1,4,5,100.0,,False,29376.999
2399,1.119,23.423,176.45,329.1747,-1,3,14,100.0,,False,5404.999
2400,3.317,19.828,152.28,217.0704,-1,3,16,100.0,,False,6699.868109491402
2402,0.389,26.885,201.45,385.1682,-1,3,14,100.0,,False,6005.999
2404,2.796,32.503,240.74,594.3417,-1,3,10,100.0,,False,808.999
2406,3.008,28.782,214.86,435.3106,-1,2,10,94.0,,False,8806.999
2407,3.096,35.284,260.87,652.4267,-1,4,7,100.0,,False,1134.999
2408,1.542,27.174,203.62,385.2048,-1,4,3,100.0,,False,34762.999
2409,1.743,18.707,140.53,346.9725,-1,2,10,100.0,,False,5195.999
2410,2.627,32.098,238.32,535.3175,-1,3,13,100.0,,False,363.999
2412,2.422,36.224,267.51,693.4737,-1,3,5,100.0,,False,11131.999
2413,2.486,28.549,212.76,461.3264,-1,2,9,100.0,,False,14931.999
2414,2.594,30.344,225.29,533.2887,-1,3,10,100.0,,False,9021.999
2415,2.959,36.817,271.56,740.5262,-1,5,7,96.7,,False,5830.999
2416,4.66,38.891,286.74,759.5707,-1,3,10,100.0,,False,2300.999
2420,2.903,30.059,223.39,513.3105,-1,4,6,100.0,,False,6404.222333333333
2424,3.147,30.177,224.55,489.2787,-1,3,6,100.0,,False,234.999
2425,3.304,22.835,173.44,271.2255,-1,2,10,91.5,,False,4351.999
2426,2.845,29.575,220.58,449.3269,-1,2,6,69.7,,False,5105.999
2430,4.017,30.799,229.02,502.3955,-1,3,11,100.0,,False,5276.999
2433,2.432,25.69,190.42,560.9407,-1,3,15,100.0,,False,3737.9435967710137
2434,3.281,33.034,245.0,561.4173,-1,4,11,72.5,,False,5252.999
2435,2.789,28.028,208.89,459.2509,-1,3,7,87.1,,False,3523.999
2436,4.444,40.366,297.12,840.5815,-1,3,3,91.5,,False,16447.444555555558
2437,2.969,26.267,197.41,353.2116,-1,3,12,100.0,,False,2828.755465543028
2439,2.952,30.405,226.02,508.3058,-1,3,6,93.7,,False,7646.999
2440,2.569,33.291,246.46,608.3601,-1,2,9,100.0,,False,230.999
2441,2.747,30.011,223.39,483.2971,-1,3,7,99.1,,False,5637.999
2442,3.05,40.624,299.02,844.6125,-1,4,5,73.6,,False,5065.999
2443,0.45,22.516,170.67,283.1896,-1,2,12,100.0,,False,3517.999
2444,3.042,32.569,241.02,617.3605,-1,4,14,100.0,,False,3146.6801110469805
2446,4.946,34.302,254.46,557.4604,-1,3,6,82.4,,False,2741.999
2448,2.116,28.971,215.48,495.2783,-1,3,12,100.0,,False,2084.999
2449,1.609,21.584,164.58,249.2204,-1,3,11,100.0,,False,4042.999
2450,2.451,38.502,283.71,783.4323,-1,4,10,100.0,,False,11662.999
2452,1.965,32.097,238.23,543.3911,-1,3,12,100.0,,False,7725.999
2453,1.809,21.269,315.3,273.1261,-2,4,8,100.0,,False,2794.999
2454,1.765,32.95,243.53,658.3623,-1,4,9,100.0,,False,11562.999
2455,0.63,22.427,180.53,116.9703,-1,3,12,82.1,,False,356.2223333333334
2456,3.189,27.268,204.51,375.3257,-1,3,12,82.5,,False,6076.999
2457,4.476,33.783,254.74,329.046,-1,3,15,100.0,,False,3706.889
2461,1.513,21.816,164.46,320.9788,-1,5,11,100.0,,False,6095.999
2464,0.473,22.892,173.21,295.1895,-1,2,12,100.0,,False,1293.999
2465,3.531,37.714,278.06,758.5053,-1,3,5,100.0,,False,4196.999
2466,2.085,28.895,215.62,441.2322,-1,3,12,100.0,,False,3397.999
2470,4.009,46.025,337.81,1040.8325,-1,6,12,100.0,,False,2013.7107018261509
2473,2.153,31.222,231.36,579.3915,-1,3,11,100.0,,False,5932.999
2474,2.837,28.383,212.25,411.3111,-1,2,10,66.8,,False,889.999
2475,3.22,23.35,174.86,387.0334,-1,3,8,100.0,,False,12714.999
2478,4.095,38.622,284.48,804.5277,-1,4,7,95.0,,False,5507.777888888889
2479,2.289,30.327,225.8,479.3369,-1,2,5,51.8,,False,13421.999
2480,2.74,28.609,213.95,411.3102,-1,2,6,74.9,,False,9262.999
2482,3.378,33.037,245.01,563.4314,-1,5,8,52.5,,False,8085.999
2484,2.343,27.337,204.6,399.216,-1,3,6,96.9,,False,895.6267186470948
2485,2.443,31.401,234.19,452.2793,-1,3,8,100.0,,False,1478.999
2487,3.897,41.363,304.07,917.5468,-1,6,7,100.0,,False,1042.999
2488,3.742,30.856,229.71,481.3899,-1,3,9,83.4,,False,8321.999
2490,2.74,25.628,192.55,355.2849,-1,2,15,98.0,,False,4051.4163951917503
2491,2.496,27.799,207.23,455.2206,-1,2,13,100.0,,False,641.999
2494,3.177,24.457,184.63,313.2732,-1,2,13,100.0,,False,3441.444555555556
2496,2.989,30.154,224.75,461.327,-1,2,3,72.3,,False,28399.999
2497,1.599,31.965,236.6,611.3816,-1,3,10,100.0,,False,5173.999
2498,3.399,35.476,261.18,817.2624,-1,4,11,100.0,,False,977.999
2499,0.486,17.939,139.37,179.0689,-1,3,12,100.0,,False,1660.4445555555556
2500,3.904,29.792,222.55,427.3785,-1,2,11,100.0,,False,1834.999
2502,2.512,29.509,219.71,477.3586,-1,2,9,100.0,,False,2910.889
2505,3.929,28.098,210.21,405.3724,-1,4,7,100.0,,False,2940.999
2506,1.551,28.218,210.31,459.2573,-1,4,4,90.0,,False,108.999
2507,4.417,30.28,225.63,465.3953,-1,3,9,93.7,,False,1865.999
2508,4.446,35.792,264.28,694.4858,-1,6,13,100.0,,False,659.0001111111111
2509,1.974,29.161,216.9,495.2209,-1,4,10,100.0,,False,15464.999
2510,1.599,27.91,208.2,445.2401,-1,4,7,99.9,,False,782.999
2512,2.763,28.152,210.48,413.3263,-1,3,8,92.8,,False,4303.999
2514,3.319,23.834,180.25,299.2575,-1,2,10,72.2,,False,11576.231292620845
2516,0.839,26.345,196.72,428.1746,-1,3,12,100.0,,False,2893.999
2517,4.622,28.013,209.34,419.3536,-1,4,10,100.0,,False,1251.3334444444445
2520,3.143,33.261,246.66,565.4468,-1,2,9,66.9,,False,5209.999
2521,3.697,36.686,271.06,674.4858,-1,4,12,100.0,,False,9654.999
2522,4.47,29.729,220.78,527.2451,-1,1,10,90.5,,False,112.33344444444447
2523,2.759,32.416,240.38,564.3315,-1,2,10,100.0,,False,3659.999
2524,3.551,23.441,177.64,285.2214,-1,3,14,100.0,,False,3389.999
2526,2.744,27.373,204.3,435.2554,-1,3,8,100.0,,False,7486.38764554669
2527,2.769,26.948,202.03,379.2845,-1,3,11,96.1,,False,6173.999
2528,3.262,29.244,218.23,441.3005,-1,4,5,100.0,,False,1430.999
2531,2.962,24.853,186.78,351.2217,-1,2,11,100.0,,False,5658.778758880985
2533,2.88,25.617,192.55,351.2174,-1,4,12,100.0,,False,4419.000111111111
2535,3.9,32.851,243.73,553.449,-1,4,11,82.4,,False,4915.999
2536,2.546,25.933,194.83,356.2802,-1,3,12,100.0,,False,3453.000111111111
2538,3.95,36.755,271.55,677.4366,-1,3,12,100.0,,False,3708.3334444444445
2543,1.565,28.404,211.7,459.2967,-1,2,12,100.0,,False,3335.999
2544,1.486,27.992,208.8,445.295,-1,5,10,100.0,,False,5279.999
2545,1.019,26.337,197.55,373.2023,-1,2,9,100.0,,False,1000.999
2546,3.147,35.908,265.24,683.404,-1,4,9,100.0,,False,5605.999
2547,1.353,27.097,202.04,451.177,-1,2,9,100.0,,False,6166.999
2550,4.203,39.96,294.01,861.7144,-1,4,4,57.1,,False,13296.999
2551,2.449,25.813,194.7,321.2788,-1,3,13,94.5,,False,5276.999
2552,3.426,25.41,196.81,191.1784,-1,2,12,97.6,,False,1872.999
2553,2.224,25.69,192.98,357.3014,-1,3,12,100.0,,False,252.999
2556,2.919,29.651,220.56,495.2732,-1,2,9,96.5,,False,4697.999
2557,3.976,40.254,296.38,826.5986,-1,4,5,93.7,,False,3369.999
2559,3.547,36.98,272.86,726.5468,-1,4,6,73.8,,False,8655.999
2560,2.867,35.122,259.8,636.3515,-1,3,11,100.0,,False,3703.999
2561,3.843,21.334,160.65,330.0471,-1,2,6,97.6,,False,23953.999
2563,3.645,30.376,226.43,459.3477,-1,2,10,52.4,,False,3538.999
2565,3.39,30.762,228.53,521.338,-1,4,9,98.8,,False,6585.999
2568,3.406,30.315,226.6,419.3163,-1,3,4,52.5,,False,9709.999
2569,2.893,28.367,212.03,417.3013,-1,2,12,77.1,,False,5393.999
2570,3.453,28.664,214.43,407.3154,-1,2,6,97.7,,False,8493.999
2571,4.033,40.104,294.98,881.5254,-1,4,10,100.0,,False,1324.999
2573,4.118,29.055,217.06,425.3628,-1,3,9,87.4,,False,3412.999
2575,2.114,19.033,148.02,177.1262,-1,2,12,100.0,,False,1701.999
2579,1.228,18.904,147.48,169.1208,-1,2,11,100.0,,False,1133.999
2580,3.734,28.229,211.1,411.3465,-1,3,3,100.0,,False,1640.999
2581,2.465,27.268,203.69,424.2467,-1,3,11,100.0,,False,3705.999
2582,2.741,27.832,207.44,457.237,-1,2,12,100.0,,False,990.030728721149
2583,2.638,21.489,164.28,237.1848,-1,2,15,100.0,,False,1733.999
2585,0.498,19.388,147.91,245.0106,-1,3,7,100.0,,False,2026.999
2588,0.404,24.21,182.35,331.129,-1,2,11,100.0,,False,3004.999
2589,2.677,23.126,175.31,283.2262,-1,2,7,98.1,,False,2910.999
2590,1.396,28.246,211.18,413.2909,-1,3,13,100.0,,False,1792.999
2592,0.557,19.143,152.2,133.0632,-1,2,12,100.0,,False,1426.999
2593,1.926,27.551,206.06,408.2778,-1,1,10,96.5,,False,5601.999
2594,2.667,31.146,231.0,558.285,-1,2,12,96.5,,False,3302.999
2596,4.388,33.103,245.92,525.4525,-1,2,11,98.6,,False,9341.999
2597,0.378,18.898,144.64,230.0101,-1,1,11,96.5,,False,359.999
2598,2.939,26.408,198.23,365.341,-1,3,4,97.2,,False,4598.999
2599,3.889,32.376,240.3,543.4066,-1,3,8,95.9,,False,8943.999
2601,3.085,30.05,224.06,455.3732,-1,3,8,82.4,,False,6604.999
2602,2.739,16.584,130.55,149.008,-1,3,13,100.0,,False,4055.522404008099
2603,4.254,29.581,218.8,625.0617,-1,5,8,100.0,,False,4328.999
2604,0.696,20.932,158.78,277.0183,-1,4,10,100.0,,False,690.999
2607,2.065,27.116,202.84,405.266,-1,2,13,100.0,,False,3243.999
2609,1.889,22.545,169.7,335.0436,-1,3,10,100.0,,False,4740.999
2612,1.953,22.259,166.15,425.9959,-1,1,15,97.4,,False,1040.916932714771
2613,3.437,24.92,187.81,327.2892,-1,3,9,100.0,,False,988.5556666666666
2614,0.417,24.356,183.16,345.2259,-1,3,6,100.0,,False,1038.999
2618,2.617,26.808,200.87,385.3312,-1,3,10,93.2,,False,4220.999
2619,3.703,37.692,277.76,779.4822,-1,3,5,94.8,,False,6903.444555555556
2620,1.462,27.659,206.59,426.2648,-1,3,13,100.0,,False,6062.999
2621,3.005,22.264,169.65,253.2529,-1,2,12,100.0,,False,2802.999
2625,0.441,17.967,144.27,119.0475,-1,2,11,100.0,,False,7174.999
2626,3.289,26.528,198.66,391.2518,-1,2,22,100.0,,False,9364.789184815789
2627,4.208,38.103,280.87,768.556,-1,3,5,92.4,,False,14612.999
2629,1.222,29.044,216.03,495.2962,-1,4,9,100.0,,False,200.999
2630,2.396,22.04,167.41,269.9844,-1,1,15,98.0,,False,3395.482337173382
2633,2.126,24.822,187.2,321.2174,-1,3,7,100.0,,False,5161.000111111111
2634,2.498,29.827,222.31,461.3265,-1,2,6,70.7,,False,4786.999
2636,2.756,29.053,216.96,431.3159,-1,3,12,100.0,,False,3307.999
2637,2.597,26.459,199.68,317.2109,-1,2,11,99.2,,False,1378.999
2638,0.408,23.691,176.86,426.9888,-1,3,13,100.0,,False,672.999
2639,0.614,14.049,115.64,93.0327,-1,2,12,100.0,,False,2028.999
2640,2.842,23.21,175.89,285.2417,-1,2,11,93.7,,False,1584.5556666666666
2641,2.873,30.168,224.25,509.3457,-1,2,4,74.4,,False,238.999
2644,3.943,30.298,225.46,488.3788,-1,3,11,100.0,,False,4517.999
2646,0.457,18.618,142.42,231.9897,-1,2,12,100.0,,False,5192.999
2647,2.393,22.032,167.24,273.9975,-1,1,15,97.7,,False,2919.1836440294774
2648,2.655,34.021,251.81,616.391,-1,3,9,100.0,,False,9112.999
2649,2.189,13.228,108.33,96.9572,-1,1,6,98.6,,False,3030.444555555556
2650,3.137,24.237,183.01,311.2575,-1,2,12,92.7,,False,2505.1112222222223
2651,4.128,35.535,262.38,693.4768,-1,4,8,100.0,,False,5167.999
2652,1.381,24.922,187.73,331.1898,-1,2,8,99.2,,False,470.999
2653,2.743,30.812,227.67,660.8458,-1,6,9,100.0,,False,589.999
2654,3.003,28.395,212.17,421.3691,-1,3,11,98.7,,False,8392.999
2656,3.618,45.92,337.07,1036.8012,-1,8,8,100.0,,False,4087.999
2657,3.668,32.097,238.53,515.3755,-1,2,9,77.9,,False,8484.1693024016
2658,3.045,44.269,325.08,999.6486,-1,4,11,100.0,,False,7398.999
2662,1.281,29.266,218.2,455.1638,-1,5,12,100.0,,False,6269.999
2663,3.528,28.516,210.82,638.0763,-1,1,13,96.5,,False,3789.999
2664,1.908,25.627,192.51,357.2635,-1,3,8,100.0,,False,1759.999
2665,3.654,30.964,231.23,433.3321,-1,2,9,97.5,,False,2541.999
2667,4.896,42.986,316.03,913.5901,-1,4,10,100.0,,False,373.999
2669,2.543,32.747,242.78,570.3436,-1,3,12,100.0,,False,5336.999
2670,2.484,26.907,201.34,401.2315,-1,3,8,100.0,,False,6706.999
2671,3.054,26.068,195.52,373.1842,-1,3,12,100.0,,False,6141.999
2672,1.08,17.54,134.51,220.8988,-1,6,11,100.0,,False,7958.999
2674,4.175,39.367,289.7,855.5059,-1,2,6,100.0,,False,14131.999
2677,0.578,17.702,134.57,260.9132,-1,4,13,100.0,,False,3765.999
2681,1.335,24.348,183.48,327.1608,-1,2,10,100.0,,False,13607.666777777778
2683,3.372,44.676,328.06,1003.6803,-1,4,11,100.0,,False,5739.999
2684,2.781,27.885,207.85,457.2357,-1,2,4,96.5,,False,7830.999
2686,0.255,17.244,133.2,195.049,-1,2,16,100.0,,False,812.2223333333334
2687,2.582,23.23,172.07,568.9647,-1,1,18,97.5,,False,2948.9022448108167
2688,1.914,30.862,229.79,479.3378,-1,2,10,78.3,,False,4585.999
2690,3.772,37.003,273.03,726.5477,-1,4,6,75.7,,False,8729.999
2691,3.094,33.888,251.14,581.4436,-1,5,8,93.3,,False,8027.999
2692,1.723,23.634,178.35,315.1352,-1,3,8,100.0,,False,13376.412760660713
2693,1.391,29.321,217.5,551.1884,-1,3,12,100.0,,False,3035.999
2701,2.352,24.72,186.36,324.2536,-1,2,13,100.0,,False,2487.999
2703,2.902,25.366,190.42,363.2216,-1,3,21,100.0,,False,8971.346517812804
2706,3.319,38.747,285.73,750.5714,-1,4,10,98.0,,False,2453.999
2708,2.869,25.857,194.44,347.2932,-1,2,10,81.6,,False,7126.999
2709,2.606,25.527,191.83,353.2692,-1,3,7,68.2,,False,11487.999
2710,3.42,24.725,186.37,325.2728,-1,2,14,87.0,,False,3234.9415866876852
2711,4.349,19.637,150.57,223.0278,-1,3,9,87.7,,False,7773.4016371439
2712,4.121,34.868,258.16,609.4746,-1,4,9,78.8,,False,2793.999
2716,3.282,37.573,276.99,764.5267,-1,7,4,71.5,,False,3564.999
2717,0.422,21.226,161.65,255.158,-1,2,11,100.0,,False,3391.999
2718,1.253,32.258,238.64,627.3764,-1,4,11,100.0,,False,3753.999
2719,1.46,13.186,100.33,248.9703,-1,2,7,44.0,,False,1929.4445555555558
2723,2.357,28.2,211.18,393.2284,-1,3,18,100.0,,False,1974.550434598347
2724,1.915,29.777,221.11,529.206,-1,4,11,100.0,,False,3650.999
2725,2.568,32.722,243.37,502.294,-1,3,11,100.0,,False,4662.999
2727,2.448,24.962,188.98,293.2107,-1,2,3,82.4,,False,513.999
2729,3.517,38.255,281.86,790.5404,-1,4,6,73.8,,False,5411.999
2730,2.633,28.01,208.7,463.2256,-1,3,11,100.0,,False,5082.999
2733,3.753,25.62,192.61,349.235,-1,3,13,100.0,,False,1327.999
2735,4.447,36.884,272.1,732.5019,-1,4,8,100.0,,False,878.999
2736,0.465,19.41,287.91,263.6272,-2,3,11,100.0,,False,3833.999
2740,4.074,38.955,286.83,819.5243,-1,5,5,94.3,,False,9875.999
2743,1.543,23.827,179.95,309.2056,-1,2,12,97.4,,False,812.2223333333334
2744,1.651,30.244,224.74,515.3236,-1,4,13,100.0,,False,1146.999
2746,2.481,23.947,180.63,319.1586,-1,3,8,100.0,,False,5017.999
2747,3.008,31.606,235.11,497.3838,-1,3,7,100.0,,False,8324.999
2748,2.954,27.03,202.25,402.3016,-1,3,12,100.0,,False,1353.999
2750,2.651,22.15,168.84,251.2366,-1,2,13,100.0,,False,2599.999
2751,1.428,38.469,283.2,829.4443,-1,5,12,100.0,,False,1191.999
2752,2.413,30.104,223.74,511.3053,-1,3,12,100.0,,False,5309.999
2756,3.456,27.489,205.78,396.3503,-1,1,11,70.2,,False,2328.2495186798074
2759,3.183,26.712,199.28,441.2527,-1,3,12,100.0,,False,3364.999
2760,2.883,32.487,243.06,409.2351,-1,3,12,100.0,,False,2205.999
2761,3.257,32.142,238.25,574.3529,-1,3,9,96.8,,False,803.999
2763,2.849,45.228,331.93,1049.6855,-1,4,9,98.2,,False,5586.999
2765,2.138,27.38,204.67,415.234,-1,3,9,100.0,,False,4812.999
2768,2.794,44.279,325.07,1019.6174,-1,4,11,100.0,,False,5052.999
2769,2.972,33.777,250.11,604.3624,-1,4,5,97.7,,False,884.999
2772,3.957,27.863,208.48,403.3575,-1,2,8,92.8,,False,4966.999
2773,2.372,23.117,175.18,285.2414,-1,2,14,99.1,,False,3270.332125243255
2774,3.119,32.368,240.27,540.3681,-1,4,6,100.0,,False,8319.999
2777,2.598,26.881,202.17,347.2945,-1,3,13,83.5,,False,5466.999
2778,3.886,30.784,229.08,489.3581,-1,2,8,99.3,,False,5501.999
2779,3.006,31.248,231.8,554.3263,-1,3,10,100.0,,False,6189.999
2782,1.401,23.992,180.74,329.1602,-1,2,8,100.0,,False,3273.999
2783,2.561,19.215,148.4,197.0941,-1,2,6,100.0,,False,360.999
2785,1.834,25.731,193.84,331.2264,-1,3,12,100.0,,False,2116.999
2786,3.61,24.131,181.98,321.2422,-1,3,11,100.0,,False,1078.999
2787,3.763,33.521,248.63,561.4148,-1,2,6,82.4,,False,4549.999
2788,2.753,32.876,243.31,617.3599,-1,3,15,100.0,,False,860.5807606422595
2791,3.845,38.757,285.42,810.5267,-1,3,6,97.5,,False,6246.999
2792,1.55,27.668,207.09,399.2206,-1,4,7,100.0,,False,209.999
2793,2.753,20.443,156.02,244.0307,-1,4,6,100.0,,False,6868.999
2794,3.42,23.413,177.16,295.2273,-1,2,12,98.0,,False,8789.005655732382
2796,3.521,31.984,238.31,469.3894,-1,3,8,82.4,,False,7998.999
2797,2.652,25.796,193.78,357.3009,-1,3,6,100.0,,False,2854.999
2798,2.881,29.065,216.98,435.3106,-1,2,6,82.4,,False,8117.999
2799,3.044,33.878,250.36,661.3874,-1,3,14,100.0,,False,2656.0497690839707
2800,2.924,28.619,213.76,427.3421,-1,3,12,98.6,,False,5173.999
2802,3.514,29.055,217.16,419.3167,-1,2,4,74.7,,False,20217.999
2804,0.58,20.09,152.86,259.0264,-1,3,11,100.0,,False,267.999
2807,0.748,23.564,177.48,331.124,-1,4,3,100.0,,False,581.999
2809,2.61,24.587,185.2,331.1882,-1,2,11,100.0,,False,540.999
2812,1.851,27.697,206.5,453.1411,-1,4,12,100.0,,False,3894.999
2814,3.339,31.231,232.59,475.3433,-1,2,11,100.0,,False,8527.999
2815,1.866,27.861,207.46,473.289,-1,3,12,97.2,,False,186.999
2816,3.15,30.724,228.66,487.3423,-1,2,10,80.0,,False,5049.999
2818,3.669,39.641,291.82,834.5349,-1,3,7,91.3,,False,6195.999
2820,2.776,34.053,252.68,552.3101,-1,3,12,100.0,,False,2288.999
2821,4.392,31.221,232.33,489.3958,-1,2,13,98.2,,False,3032.999
2823,3.773,38.34,282.47,793.5085,-1,3,3,96.5,,False,21237.999
2824,0.492,19.011,145.75,223.0039,-1,3,11,100.0,,False,961.999
2826,3.854,31.152,232.6,435.3468,-1,3,8,84.5,,False,7617.999
2827,2.062,24.417,183.85,334.2057,-1,3,13,100.0,,False,3995.999
2829,1.929,19.668,153.47,168.9865,-1,1,11,98.4,,False,2874.000111111111
2832,3.462,29.838,219.33,880.9497,-1,2,11,93.9,,False,3098.4345660025383
2833,1.553,22.721,172.69,267.2306,-1,2,10,100.0,,False,3860.999
2836,2.62,25.306,191.06,313.2377,-1,3,8,100.0,,False,22102.222333333335
2837,3.17,25.674,193.23,339.3253,-1,3,10,86.5,,False,869.000111111111
2839,1.147,28.649,215.06,367.157,-1,3,8,80.1,,False,2796.999
2840,1.525,31.061,230.33,562.2463,-1,3,13,100.0,,False,3736.999
2842,1.35,27.57,205.82,433.2803,-1,3,12,100.0,,False,2338.999
2843,2.192,23.472,174.7,472.9836,-1,1,17,97.7,,False,288.31931793185777
2845,1.07,28.054,209.86,407.15,-1,3,11,100.0,,False,4527.999
2846,2.122,28.118,210.14,419.2886,-1,4,12,100.0,,False,3281.999
2847,1.282,27.167,203.19,407.2798,-1,3,9,100.0,,False,6312.999
2848,4.277,34.368,254.96,555.4433,-1,4,4,75.7,,False,23445.941524325375
2850,3.908,46.363,340.2,1062.8182,-1,7,13,100.0,,False,679.999
2855,0.363,21.861,166.25,263.1016,-1,3,10,100.0,,False,1619.999
2857,3.402,30.548,226.91,523.3058,-1,3,13,100.0,,False,3321.999
2859,0.408,23.591,180.73,228.9938,-1,2,11,100.0,,False,575.999
2864,3.14,33.909,251.05,607.4599,-1,4,11,69.1,,False,10862.222333333333
2865,0.383,24.661,184.91,375.1179,-1,3,9,100.0,,False,4123.999
2867,4.374,25.97,193.21,485.0699,-1,4,12,100.0,,False,1693.999
2869,3.707,24.189,182.9,301.2155,-1,2,13,100.0,,False,430.69310841131914
2870,2.79,45.941,336.87,1121.6869,-1,4,12,100.0,,False,4207.999
2871,2.763,30.439,226.06,528.3108,-1,2,3,100.0,,False,19026.999
2873,2.526,27.958,208.84,425.2313,-1,3,9,100.0,,False,890.999
2874,3.256,33.986,251.65,605.4444,-1,4,6,69.8,,False,8556.999
2875,0.933,16.85,129.83,202.9281,-1,5,10,100.0,,False,5100.999
2876,2.424,35.356,260.94,713.3578,-1,4,3,100.0,,False,469.999
2877,3.661,27.128,203.17,391.1496,-1,5,7,100.0,,False,215.999
2878,0.247,39.237,287.91,1040.3211,-1,4,12,88.0,,False,1803.999
2879,0.293,16.089,128.63,124.0133,-1,2,14,100.0,,False,701.999
2880,2.099,19.322,149.42,193.0847,-1,2,10,100.0,,False,5443.999
2881,3.433,30.339,226.63,427.3222,-1,3,10,100.0,,False,1635.999
2882,2.784,30.362,225.59,518.3244,-1,2,8,100.0,,False,3639.999
2883,3.171,39.192,288.97,761.5845,-1,2,6,68.1,,False,1753.999
2886,0.365,24.767,186.89,317.146,-1,3,10,100.0,,False,3422.999
2887,2.769,32.868,243.56,582.3454,-1,2,5,100.0,,False,5176.999
2888,0.479,36.501,269.1,757.4039,-1,5,11,100.0,,False,382.999
2892,3.2,37.023,273.07,742.5446,-1,4,3,61.5,,False,12190.999
2894,3.18,20.477,155.37,274.9823,-1,6,11,100.0,,False,2437.999
2895,2.109,25.788,193.64,361.2368,-1,2,9,99.9,,False,6471.555666666667
2899,4.762,30.046,224.52,423.3834,-1,3,6,92.8,,False,2790.999
2900,3.998,35.78,264.19,697.3797,-1,8,9,100.0,,False,8713.999
2902,4.074,32.239,238.82,589.3444,-1,7,12,100.0,,False,5313.999
2903,3.323,26.634,200.18,353.2687,-1,2,12,100.0,,False,5556.999
2904,1.047,25.534,191.3,385.2381,-1,3,13,100.0,,False,2062.999
2906,1.632,21.812,322.64,301.6259,-2,4,6,100.0,,False,6756.999
2908,1.977,30.005,223.89,443.2802,-1,3,11,100.0,,False,881.999
2910,2.062,28.91,215.03,495.2791,-1,3,15,100.0,,False,11739.999
2911,4.285,29.21,217.21,500.2772,-1,2,4,82.0,,False,270.999
2912,3.469,23.27,175.33,327.0581,-1,5,7,100.0,,False,26077.06711405569
2915,3.581,33.708,249.85,577.4844,-1,3,11,66.5,,False,1483.0109185258138
2916,1.74,17.117,129.53,287.001,-1,1,17,98.0,,False,2613.4523620027635
2917,3.373,37.243,274.7,742.5459,-1,4,3,85.6,,False,17440.666777777777
2918,3.273,29.369,222.79,283.1088,-1,2,12,100.0,,False,3243.222333333333
2920,3.54,33.723,250.03,571.4376,-1,2,9,100.0,,False,6633.999
2923,3.314,39.64,291.8,832.522,-1,2,8,100.0,,False,4659.999
2928,0.37,17.916,141.23,147.0426,-1,2,13,100.0,,False,3374.999
2929,3.59,33.771,250.65,545.4235,-1,3,10,53.4,,False,5308.999
2930,3.533,32.842,244.4,491.3751,-1,2,9,64.1,,False,8436.999
2931,3.289,25.169,190.06,311.2587,-1,2,12,93.3,,False,2112.999
2936,0.439,17.227,130.65,273.848,-1,5,11,100.0,,False,6091.999
2937,2.13,22.076,164.24,476.9284,-1,3,13,100.0,,False,2051.999
2938,1.739,18.701,141.57,287.0008,-1,1,14,98.2,,False,807.1699573152073
2939,2.863,33.299,247.07,553.4117,-1,1,3,89.6,,False,13685.999
2940,1.714,21.051,160.38,253.096,-1,1,10,97.6,,False,5448.999
2942,3.574,39.251,289.22,790.5633,-1,2,3,96.6,,False,436.999
2943,1.23,16.033,125.99,152.0334,-1,2,12,100.0,,False,4207.999
2944,3.98,32.706,242.54,563.4326,-1,2,15,99.0,,False,4564.124233790357
2945,3.87,22.085,168.84,237.2198,-1,2,10,100.0,,False,1982.2223333333332
2946,2.69,32.932,244.37,550.4125,-1,3,6,90.4,,False,16353.999
2947,3.248,30.602,227.9,475.3438,-1,2,11,89.6,,False,6384.999
2950,1.375,21.601,164.39,259.1357,-1,3,7,100.0,,False,3331.999
2953,1.638,22.292,169.13,277.1422,-1,2,7,100.0,,False,241.999
2954,1.603,29.11,216.4,506.3488,-1,3,7,100.0,,False,17436.999
2955,2.601,34.138,252.45,643.408,-1,4,3,100.0,,False,311.999
2956,2.286,27.004,201.61,431.2216,-1,2,6,100.0,,False,4595.999
2957,2.036,26.284,196.56,407.2491,-1,2,5,100.0,,False,6551.999
2958,2.886,32.75,243.0,551.3963,-1,3,8,98.5,,False,7739.999
2959,2.563,24.274,183.41,306.2792,-1,2,13,100.0,,False,1806.999
2960,4.137,27.909,208.79,405.3744,-1,3,10,100.0,,False,2703.3334444444445
2961,0.373,14.901,119.84,116.0478,-1,2,10,100.0,,False,3586.999
2962,4.32,40.158,295.44,871.5402,-1,4,3,93.7,,False,10903.999
2963,2.722,28.665,214.24,419.3523,-1,2,11,96.4,,False,2747.999
2966,1.892,24.958,187.6,350.2083,-1,3,10,100.0,,False,8101.999
2967,2.936,29.731,221.97,435.3114,-1,2,7,82.4,,False,6770.999
2972,3.892,36.107,266.59,698.5159,-1,6,5,70.9,,False,4613.999
2973,2.155,31.614,234.15,593.2742,-1,3,11,100.0,,False,2581.999
2974,3.061,30.267,224.84,521.29,-1,1,14,96.5,,False,2701.999
2975,0.876,26.782,199.81,441.2517,-1,3,10,100.0,,False,2807.999
2976,2.304,26.012,194.91,384.2207,-1,3,12,100.0,,False,1458.999
2977,1.869,24.02,181.27,315.2529,-1,2,12,99.5,,False,3694.5976289382543
2981,2.772,32.759,244.66,433.2363,-1,3,11,100.0,,False,1368.999
2982,3.716,26.791,235.37,59.0123,-1,1,14,99.4,,False,2883.222333333333
2983,2.019,32.503,240.84,583.3286,-1,3,11,100.0,,False,3551.999
2984,3.381,27.316,204.61,389.3432,-1,3,8,97.5,,False,6283.999
2985,1.806,31.24,232.52,485.2594,-1,3,11,100.0,,False,1783.999
2986,3.857,41.636,306.21,892.6127,-1,6,9,92.9,,False,583.3334444444445
2987,2.89,27.159,203.62,379.2844,-1,2,9,100.0,,False,7723.999
2990,3.886,36.383,268.21,760.5219,-1,2,9,100.0,,False,4012.999
2991,3.347,35.948,265.68,664.3838,-1,3,14,100.0,,False,2111.999
2992,1.055,30.329,225.27,525.1477,-1,3,11,100.0,,False,2608.999
2993,2.586,27.595,206.02,431.3189,-1,3,5,74.2,,False,4250.999
2994,3.941,29.691,221.31,459.3488,-1,2,12,86.5,,False,4839.999
2996,1.88,24.977,187.89,343.2474,-1,2,10,98.7,,False,1430.7778888888888
2998,1.739,31.922,238.76,412.9645,-1,2,9,100.0,,False,4873.999
2999,3.889,44.804,329.21,957.8087,-1,4,7,100.0,,False,4485.999
3002,0.262,16.167,126.26,165.0381,-1,2,12,100.0,,False,1057.999
3003,2.275,26.481,198.82,363.2526,-1,2,9,96.6,,False,6847.999
3004,1.461,23.37,176.73,299.1405,-1,2,14,100.0,,False,1732.3414331173071
3005,3.504,34.422,255.24,569.479,-1,3,9,78.8,,False,9202.999
3006,3.592,24.12,178.99,530.0035,-1,1,13,96.5,,False,3981.999
3007,2.355,24.831,187.13,327.2526,-1,2,8,90.6,,False,3606.999
3009,1.327,27.959,208.82,427.2155,-1,3,9,98.6,,False,1854.999
3012,1.746,15.34,126.32,93.0326,-1,2,12,100.0,,False,4756.999
3015,3.923,28.031,209.79,399.3493,-1,3,6,100.0,,False,5335.999
3016,3.159,26.857,201.27,383.3245,-1,1,10,96.5,,False,3202.151229368477
3020,2.999,32.732,242.41,598.3438,-1,1,6,96.5,,False,2818.999
3021,1.18,23.623,178.41,309.2059,-1,2,9,99.0,,False,1240.999
3022,3.264,44.664,328.06,984.7703,-1,4,11,100.0,,False,3517.999
3023,2.642,30.488,226.42,527.3248,-1,3,4,97.2,,False,7601.889
3025,4.74,29.46,220.12,423.3833,-1,3,9,73.1,,False,1397.999
3026,0.65,30.434,231.85,259.0269,-1,3,12,86.9,,False,2912.999
3027,2.873,32.865,243.7,566.3482,-1,4,7,99.2,,False,3718.999
3032,2.421,23.035,170.91,530.8954,-1,5,13,100.0,,False,1013.3334444444445
3033,0.906,30.153,223.38,584.2348,-1,4,12,100.0,,False,1101.999
3034,2.355,33.289,246.2,638.3337,-1,4,6,100.0,,False,16163.999
3036,1.797,18.229,144.54,137.0234,-1,2,5,100.0,,False,497.999
3037,0.783,17.803,138.1,183.0422,-1,3,9,100.0,,False,1144.999
3040,2.89,28.804,215.72,393.2988,-1,3,6,86.7,,False,9402.999
3041,2.754,28.679,213.45,483.252,-1,2,13,100.0,,False,6277.999
3044,2.373,28.899,215.77,433.3288,-1,4,8,74.2,,False,4366.999
3047,2.858,25.734,193.66,340.2842,-1,1,8,76.2,,False,1794.999
3049,2.428,29.073,216.6,466.2917,-1,3,5,100.0,,False,2633.999
3050,3.913,46.59,341.87,1064.833,-1,6,12,100.0,,False,2606.999
3051,3.206,26.981,201.77,409.2624,-1,3,18,99.4,,False,3649.461251946106
3053,1.077,23.325,176.34,301.1804,-1,2,13,100.0,,False,2836.999
3054,2.103,22.772,173.61,251.2353,-1,2,3,100.0,,False,564.999
3056,3.474,36.231,267.93,646.4529,-1,4,8,100.0,,False,8067.999
3057,2.871,33.731,249.96,583.2578,-1,3,11,100.0,,False,4612.222333333333
3058,1.882,26.739,199.38,449.2431,-1,5,10,100.0,,False,1053.999
3059,2.499,30.328,225.71,485.3859,-1,3,4,74.6,,False,5254.999
3060,3.442,25.473,191.67,341.305,-1,2,12,95.1,,False,1190.000111111111
3061,4.226,30.4,226.55,463.3792,-1,3,9,81.1,,False,2113.999
3062,3.449,45.194,331.83,1010.7876,-1,5,13,100.0,,False,1120.999
3063,3.988,45.562,334.66,983.8233,-1,4,8,100.0,,False,3039.999
3065,3.074,33.101,247.19,435.2522,-1,3,15,100.0,,False,1118.999
3071,3.284,27.916,209.06,393.2998,-1,2,9,94.3,,False,4207.999
3072,2.712,33.403,247.83,554.353,-1,3,7,94.9,,False,10001.999
3073,4.722,28.868,215.69,423.383,-1,3,9,82.4,,False,1951.999
3075,3.769,27.373,203.07,543.0593,-1,4,6,100.0,,False,3678.889
3077,1.395,28.666,213.09,506.2652,-1,4,10,100.0,,False,3643.999
3078,2.571,33.299,247.36,526.2944,-1,3,10,100.0,,False,3776.999
3079,3.987,29.505,220.02,451.382,-1,3,4,93.0,,False,1698.999
3080,2.063,28.0,209.44,407.28,-1,2,6,93.7,,False,5639.999
3081,0.556,20.223,165.2,101.0002,-1,1,12,98.9,,False,1487.999
3082,3.833,34.552,256.46,545.4214,-1,2,8,54.8,,False,4355.999
3084,2.408,23.443,173.8,548.9278,-1,3,12,100.0,,False,1291.999
3085,1.339,22.809,172.79,287.2211,-1,2,13,100.0,,False,1968.999
3086,0.71,29.034,215.77,511.2916,-1,3,12,100.0,,False,745.999
3087,3.74,29.012,216.92,413.3633,-1,2,10,100.0,,False,1503.999
3089,3.22,29.06,216.37,477.2641,-1,1,7,96.5,,False,3197.999
3090,2.916,27.267,203.99,404.2845,-1,1,12,98.9,,False,1111.999
3092,2.096,30.97,229.7,558.2687,-1,3,10,100.0,,False,3394.999
3093,3.211,26.108,196.21,353.3419,-1,3,10,86.9,,False,3632.3334444444445
3095,2.493,27.264,205.05,347.2945,-1,2,13,93.7,,False,6207.999
3099,1.041,23.921,180.13,333.1695,-1,2,12,100.0,,False,3524.000111111111
3101,2.259,25.526,192.58,319.2627,-1,3,11,100.0,,False,5993.999
3102,2.856,33.346,247.39,555.4284,-1,2,3,87.4,,False,10093.999
3105,3.254,26.339,197.75,363.3264,-1,2,13,100.0,,False,4987.999
3106,0.509,19.126,148.31,185.1153,-1,2,10,100.0,,False,2221.999
3107,1.463,30.95,229.06,612.314,-1,3,13,100.0,,False,4940.999
3110,2.309,26.624,197.17,583.9836,-1,3,13,100.0,,False,2284.999
3111,1.717,25.985,194.97,369.2633,-1,2,12,100.0,,False,3185.999
3116,0.411,30.181,234.19,187.004,-1,2,8,98.3,,False,1469.999
3117,1.249,21.437,316.51,328.1612,-2,4,11,100.0,,False,1586.999
3124,4.371,35.633,263.09,697.489,-1,1,12,96.5,,False,4264.778387423278
3125,2.404,24.337,181.03,484.8869,-1,7,11,100.0,,False,5366.999
3126,3.464,26.309,384.34,720.9006,-2,5,11,100.0,,False,4713.999
3128,3.096,36.91,272.23,742.5436,-1,3,5,67.6,,False,6434.999
3129,3.115,29.129,217.75,417.3003,-1,2,5,43.5,,False,11406.999
3130,3.539,33.576,249.37,531.3703,-1,3,12,99.9,,False,2949.999
3131,4.282,30.363,226.26,465.3943,-1,2,6,93.7,,False,5163.999
3132,3.0,20.739,159.16,220.1683,-1,2,12,100.0,,False,2555.999
3133,3.775,25.45,190.5,395.2429,-1,3,10,100.0,,False,473.2223333333333
3134,4.502,35.886,264.97,696.5005,-1,6,6,100.0,,False,151.44455555555555
3135,0.527,17.66,133.52,293.8389,-1,5,14,100.0,,False,5762.999
3136,3.77,30.699,228.3,501.3362,-1,4,10,100.0,,False,5335.999
3138,4.302,26.173,196.69,353.3416,-1,3,9,87.1,,False,2660.4523184380537
3140,0.978,22.135,167.8,282.0755,-1,2,11,100.0,,False,3479.999
3141,2.803,19.617,151.06,207.1368,-1,3,12,84.3,,False,303.0612432806802
3142,1.121,25.419,190.34,391.1782,-1,3,11,100.0,,False,5361.999
3144,3.271,34.014,251.8,611.3814,-1,4,6,75.1,,False,8220.999
3145,3.478,32.867,243.65,573.393,-1,4,9,100.0,,False,4761.999
3146,0.448,29.176,216.61,532.2365,-1,3,15,100.0,,False,686.999
3147,2.745,32.735,244.49,433.2354,-1,3,11,100.0,,False,1877.999
3148,3.462,36.978,272.84,726.5468,-1,4,4,66.5,,False,5272.999
3149,3.223,33.089,245.5,553.4125,-1,2,5,69.6,,False,8293.999
3150,1.628,33.627,247.25,880.9429,-1,3,16,100.0,,False,3608.3471249983922
3155,0.457,35.275,260.33,713.377,-1,5,11,100.0,,False,341.999
3156,0.804,24.201,182.24,333.2081,-1,3,5,99.6,,False,2157.999
3158,2.436,29.709,221.45,459.2307,-1,3,11,100.0,,False,3986.999
3159,2.97,35.01,258.95,636.354,-1,3,10,100.0,,False,1937.999
3160,2.401,22.013,165.87,324.9992,-1,1,21,97.9,,False,2232.141719487363
3161,3.205,29.818,221.41,529.3061,-1,3,9,96.5,,False,215.6257006329256
3162,3.061,32.517,242.36,464.3145,-1,2,12,100.0,,False,2127.999
3163,1.23,27.584,206.01,427.132,-1,4,10,100.0,,False,5112.999
3164,2.795,29.749,221.26,497.2895,-1,2,12,95.3,,False,3932.222333333333
3165,2.502,33.157,245.16,645.3056,-1,4,8,99.2,,False,6222.999
3167,4.886,28.135,210.05,433.3671,-1,3,5,100.0,,False,1693.999
3168,3.504,39.362,290.0,792.5377,-1,5,7,72.0,,False,1415.999
3169,3.142,39.326,289.74,792.5376,-1,6,12,72.5,,False,887.2223333333334
3170,2.325,26.691,200.14,377.2679,-1,1,9,96.5,,False,7031.999
3172,4.672,33.73,250.26,553.4837,-1,2,6,83.4,,False,6085.999
3175,3.59,32.531,241.3,557.4592,-1,3,10,82.5,,False,3500.626185856082
3176,0.48,27.24,202.39,513.086,-1,4,4,100.0,,False,8246.999
3177,3.358,37.862,279.07,772.5322,-1,4,4,77.9,,False,5199.999
3179,0.48,16.163,127.64,143.0481,-1,2,18,100.0,,False,1135.7637170182697
3180,2.646,28.085,209.67,433.2156,-1,2,14,99.8,,False,2454.506761302791
3181,3.507,39.85,293.57,799.5646,-1,3,7,80.6,,False,2468.999
3182,1.978,23.775,179.51,311.2211,-1,2,12,93.7,,False,443.12766970830126
3183,0.484,27.014,201.96,413.1997,-1,3,13,100.0,,False,2317.999
3189,1.912,29.638,220.18,519.223,-1,3,9,100.0,,False,9297.999
3191,3.218,26.94,201.93,381.3008,-1,2,10,96.7,,False,2919.999
3192,1.149,29.385,218.54,497.2757,-1,3,9,100.0,,False,1759.999
3193,2.962,25.364,190.77,345.2418,-1,2,8,98.9,,False,1448.999
3196,0.382,29.274,217.26,539.251,-1,5,12,100.0,,False,2003.999
3197,3.54,35.78,263.42,821.2886,-1,3,11,100.0,,False,2818.999
3199,2.397,24.137,182.02,321.2085,-1,2,8,90.7,,False,920.4445555555556
3200,1.712,21.464,163.6,251.1167,-1,2,8,100.0,,False,5504.999
3201,1.407,25.61,191.69,396.148,-1,3,12,100.0,,False,3272.999
3202,2.053,26.695,200.02,385.2946,-1,2,11,98.5,,False,7253.999
3204,4.109,30.205,224.96,473.3634,-1,2,9,82.2,,False,2399.222333333333
3206,4.06,30.83,229.51,481.3904,-1,4,8,85.7,,False,1291.999
3207,2.663,31.463,234.14,489.2778,-1,3,12,100.0,,False,2872.2470249176085
3210,2.548,28.465,212.03,468.2735,-1,3,11,96.5,,False,2828.999
3211,2.165,31.745,235.11,595.2883,-1,4,6,100.0,,False,748.999
3212,3.034,31.529,235.21,449.3266,-1,3,6,100.0,,False,6860.999
3215,3.734,21.129,159.52,309.0391,-1,4,5,100.0,,False,10283.999
3216,2.575,29.689,220.83,496.3042,-1,2,8,98.9,,False,4019.999
3219,2.663,33.559,248.67,584.363,-1,3,10,98.7,,False,1007.999
3220,2.805,33.54,249.14,528.3113,-1,3,4,100.0,,False,14973.999
3221,0.751,20.17,153.46,259.0589,-1,3,10,100.0,,False,1740.999
3222,2.924,24.042,181.53,311.2581,-1,2,17,88.4,,False,1632.3159345455629
3223,4.063,33.375,244.51,1144.9358,-1,3,18,100.0,,False,2080.8971210135933
3224,2.535,27.232,203.32,431.3158,-1,2,7,100.0,,False,6575.999
3225,2.291,27.98,208.95,429.2502,-1,3,5,100.0,,False,4542.999
3226,2.208,29.717,221.57,455.3371,-1,4,6,88.5,,False,10063.999
3227,2.697,33.637,248.93,618.4074,-1,3,10,92.6,,False,6250.999
3228,2.876,29.6,220.18,495.2734,-1,2,10,96.5,,False,2408.999
3229,2.527,32.282,239.07,598.3818,-1,4,8,84.7,,False,7718.999
3230,3.99,16.641,130.99,149.007,-1,3,7,100.0,,False,6469.999
3234,2.759,24.397,180.41,618.962,-1,2,12,100.0,,False,710.999
3235,2.852,29.182,217.78,440.3452,-1,1,7,42.0,,False,6879.999
3239,2.483,35.589,263.06,661.4477,-1,3,7,100.0,,False,1539.999
3240,3.203,27.288,203.88,421.2714,-1,2,11,98.0,,False,2851.000111111111
3242,2.436,27.62,206.2,433.3315,-1,2,9,84.2,,False,550.999
3243,2.882,31.012,230.0,559.3029,-1,3,7,96.5,,False,5595.999
3244,4.499,21.924,165.82,297.0461,-1,3,4,100.0,,False,4834.999
3245,3.378,34.276,254.18,567.463,-1,4,8,52.7,,False,9429.999
3246,1.839,26.848,200.89,401.2905,-1,3,9,100.0,,False,1917.999
3248,2.351,23.59,177.54,337.132,-1,3,14,100.0,,False,3706.5556666666666
3249,1.084,31.072,233.3,367.1586,-1,3,8,98.5,,False,2635.999
3252,2.21,27.974,206.84,630.9472,-1,4,21,100.0,,False,1466.840472580811
3253,1.916,23.66,178.69,309.206,-1,2,14,90.2,,False,143.17133853197578
3254,3.12,28.1,210.23,405.3003,-1,2,7,59.7,,False,6315.999
3256,1.029,27.996,208.01,514.285,-1,4,11,100.0,,False,12661.999
3257,3.292,27.074,202.92,382.3322,-1,2,8,98.7,,False,5293.999
3260,1.094,24.866,186.85,353.2321,-1,2,10,98.9,,False,251.999
3261,2.393,22.018,169.07,218.984,-1,2,15,100.0,,False,2041.4763884872648
3262,2.97,29.9,222.48,489.3598,-1,2,4,44.0,,False,12691.999
3264,0.626,17.992,142.14,143.1056,-1,2,11,100.0,,False,1198.999
3266,2.179,21.597,165.17,235.1688,-1,2,7,100.0,,False,143.999
3268,3.419,37.748,278.3,761.5268,-1,3,3,92.7,,False,20106.999
3269,3.022,23.838,178.09,416.9463,-1,3,4,100.0,,False,20409.999
3271,2.585,26.971,202.12,384.3126,-1,2,4,96.5,,False,1916.999
3273,1.534,24.675,185.65,341.2316,-1,2,10,100.0,,False,1990.999
3274,0.385,14.375,116.43,108.0195,-1,1,11,98.9,,False,1041.999
3275,2.791,25.347,190.73,341.2686,-1,2,11,90.6,,False,1987.420042840115
3276,1.306,23.346,176.55,299.1847,-1,3,9,99.1,,False,1991.999
3277,3.707,32.984,245.49,489.3589,-1,3,11,100.0,,False,3684.999
3280,1.886,31.794,235.46,595.387,-1,3,13,100.0,,False,3531.999
3282,2.904,26.967,201.7,407.1445,-1,4,9,98.6,,False,5932.999
3283,3.611,31.004,230.19,534.3581,-1,1,10,97.4,,False,1083.999
3285,2.159,28.707,214.71,409.2948,-1,2,7,98.4,,False,4321.999
3286,2.148,25.742,193.22,365.2319,-1,2,8,89.9,,False,4343.999
3290,1.256,32.231,238.2,657.3331,-1,4,13,100.0,,False,1493.999
3291,1.501,18.538,144.61,169.1213,-1,2,12,100.0,,False,1932.999
3294,2.466,26.028,195.95,337.1825,-1,2,11,96.1,,False,702.976880007589
3295,2.39,22.035,166.12,320.9849,-1,2,17,100.0,,False,2090.740059109619
3296,2.492,30.627,228.09,475.2616,-1,3,12,100.0,,False,110.55566666666618
3297,4.101,40.633,298.8,895.5422,-1,2,10,100.0,,False,2687.999
3298,1.954,29.568,219.47,538.32,-1,3,7,100.0,,False,15690.999
3303,3.368,33.025,244.98,558.3344,-1,4,11,97.6,,False,3053.999
3306,0.298,13.045,109.35,79.9556,-1,1,12,98.9,,False,1526.6667777777777
3307,3.342,40.958,301.36,866.5979,-1,4,8,80.9,,False,2574.999
3309,1.716,29.005,216.01,473.3112,-1,3,9,100.0,,False,2108.999
3310,3.39,32.536,241.53,538.4216,-1,2,9,89.6,,False,1272.3603563487231
3311,2.742,28.245,210.18,485.0564,-1,6,9,100.0,,False,7590.999
3312,0.605,27.15,202.26,464.3021,-1,3,9,100.0,,False,4264.999
3313,2.374,22.473,170.5,277.1929,-1,2,5,93.7,,False,8223.00011111111
3315,4.149,26.91,201.75,379.3572,-1,2,11,83.9,,False,4836.999
3316,2.953,24.753,186.56,326.2739,-1,1,10,96.5,,False,386.6667777777777
3317,4.376,33.244,246.47,571.4383,-1,4,10,98.9,,False,632.999
3321,2.414,27.96,208.85,425.328,-1,2,9,94.3,,False,5262.000111111111
3323,4.261,37.457,276.22,750.6945,-1,3,6,53.8,,False,2173.999
3327,3.159,31.274,231.97,556.3421,-1,3,9,97.7,,False,4793.999
3329,3.486,37.35,275.35,760.5351,-1,6,6,75.2,,False,2252.999
3330,3.242,27.929,208.95,405.2992,-1,2,7,62.9,,False,4274.999
3331,0.405,32.748,254.17,187.004,-1,3,7,99.2,,False,1226.999
3332,3.5,27.372,205.15,383.3159,-1,3,10,93.7,,False,3230.999
3333,1.578,24.178,182.51,313.1184,-1,2,8,82.5,,False,5366.999
3334,2.505,32.716,242.85,541.3889,-1,3,8,100.0,,False,1765.999
3336,2.005,25.995,195.04,369.3007,-1,2,8,63.4,,False,3143.999
3341,3.575,26.989,202.37,377.3423,-1,3,14,97.6,,False,2579.1020370223264
3342,0.988,27.687,206.99,413.2023,-1,2,5,100.0,,False,1281.999
3343,2.449,28.178,210.31,437.1458,-1,4,9,100.0,,False,4347.999
3345,2.853,37.807,279.0,720.5222,-1,3,13,100.0,,False,823.999
3346,2.291,30.942,230.1,501.3804,-1,2,12,100.0,,False,4659.999
3347,4.151,40.723,299.44,897.5561,-1,4,10,100.0,,False,1221.999
3348,4.134,29.386,217.61,593.0862,-1,6,11,100.0,,False,6957.999
3349,1.443,27.308,203.59,452.2781,-1,3,14,100.0,,False,4132.999
3350,2.296,28.854,215.59,423.3109,-1,2,4,100.0,,False,5929.999
3351,1.769,25.526,191.81,354.2645,-1,2,13,98.3,,False,4488.999
3353,2.715,33.143,245.63,579.4279,-1,3,7,57.7,,False,3726.999
3355,2.635,34.705,256.72,634.3366,-1,3,12,100.0,,False,2029.999
3357,3.374,28.979,216.49,425.3628,-1,5,7,96.7,,False,4793.999
3358,2.364,25.28,190.01,351.2552,-1,3,6,90.0,,False,3608.3334444444445
3359,2.009,25.727,193.42,349.1468,-1,2,11,100.0,,False,3430.999
3361,3.087,27.597,206.62,395.2633,-1,3,17,99.4,,False,9.004225227206007
3363,2.519,21.658,161.33,454.9717,-1,1,11,97.9,,False,3221.999
3366,0.442,22.312,168.96,289.1049,-1,2,13,100.0,,False,444.999
3370,3.815,26.191,196.76,357.1892,-1,3,11,100.0,,False,1222.999
3371,2.754,28.212,211.35,389.2692,-1,2,7,77.7,,False,9620.999
3373,3.591,24.725,186.27,330.0475,-1,4,5,100.0,,False,15685.999
3374,2.182,30.184,224.68,483.3126,-1,3,6,96.5,,False,2445.999
3375,3.166,24.092,181.96,309.2414,-1,2,11,77.5,,False,5423.999
3376,2.661,28.325,211.85,409.2948,-1,2,9,60.6,,False,215.999
3379,2.378,38.937,286.81,804.5593,-1,3,5,100.0,,False,9838.999
3381,2.314,25.696,192.58,381.2053,-1,2,13,98.1,,False,2469.999
3384,2.129,26.097,196.09,355.2113,-1,3,9,100.0,,False,3377.999
3385,2.335,29.429,218.79,505.2586,-1,3,12,100.0,,False,3350.999
3387,3.221,24.017,181.58,301.3294,-1,3,9,99.3,,False,2805.999
3388,1.922,28.372,211.67,444.3108,-1,1,8,98.5,,False,5214.999
3389,3.119,28.827,218.74,281.2466,-1,2,11,100.0,,False,3325.999
3393,0.917,22.763,172.49,285.2054,-1,2,14,95.9,,False,588.8206863338919
3398,3.922,37.943,279.97,725.4309,-1,3,13,100.0,,False,1185.999
3401,2.921,41.697,306.59,904.5749,-1,4,12,100.0,,False,819.999
3403,4.136,19.705,151.09,223.0269,-1,3,13,97.3,,False,6235.054967650967
3407,3.24,34.748,256.79,666.0616,-1,4,11,100.0,,False,4424.999
3408,1.281,29.939,222.91,479.2086,-1,3,12,100.0,,False,4174.999
3409,3.55,23.699,179.44,291.2318,-1,3,11,100.0,,False,1781.999
3412,2.574,31.696,235.44,525.3809,-1,2,12,84.6,,False,4912.999
3413,4.416,45.545,334.52,985.8383,-1,4,10,100.0,,False,996.999
3414,3.815,29.291,218.76,429.3732,-1,3,9,87.7,,False,6283.999
3415,2.395,27.823,205.59,651.985,-1,2,13,100.0,,False,2488.4765953640226
3418,0.97,25.24,188.92,395.1658,-1,2,6,100.0,,False,329.999
3419,2.214,26.617,199.51,381.2986,-1,2,8,98.3,,False,1375.999
3420,4.059,46.746,343.01,1066.8494,-1,5,10,100.0,,False,1386.999
3422,2.116,25.314,190.31,349.2373,-1,2,12,82.4,,False,3704.999
3424,4.05,33.942,251.57,578.4877,-1,3,9,66.0,,False,419.35555041598724
3425,2.188,30.114,224.37,467.3376,-1,4,6,73.1,,False,8599.999
3426,3.381,32.009,237.86,518.3932,-1,1,4,41.3,,False,868.999
3427,3.467,29.872,222.81,449.4002,-1,2,8,86.8,,False,8538.999
3430,3.534,29.831,222.51,449.3983,-1,3,8,82.4,,False,3768.999
3431,0.348,24.559,191.62,171.0256,-1,2,11,100.0,,False,972.999
3432,1.983,33.509,247.75,647.3517,-1,4,11,100.0,,False,3504.999
3434,1.485,23.338,176.49,299.2211,-1,2,11,98.5,,False,1733.9111406528325
3435,3.111,37.842,278.92,772.5318,-1,4,6,59.9,,False,1754.999
3438,4.14,31.435,232.03,699.0809,-1,4,11,100.0,,False,4599.999
3440,3.685,34.111,252.5,613.3965,-1,3,8,63.5,,False,4795.999
3443,1.076,35.707,263.37,735.3266,-1,5,3,100.0,,False,7686.999
3445,3.349,33.831,250.74,579.4326,-1,3,9,79.2,,False,2788.999
3446,3.04,24.61,185.5,325.2736,-1,2,11,96.9,,False,5260.9275644995605
3448,2.697,29.697,221.93,421.368,-1,2,9,99.4,,False,5872.999
3449,1.66,27.607,205.92,445.2959,-1,2,8,100.0,,False,4620.999
3454,4.794,27.694,207.11,409.3678,-1,2,6,100.0,,False,1207.999
3455,1.357,34.821,256.81,739.3594,-1,4,7,100.0,,False,4333.999
3456,2.488,37.911,279.5,759.433,-1,4,8,100.0,,False,6253.999
3457,1.139,32.27,238.87,609.3104,-1,5,12,100.0,,False,1725.999
3459,0.375,20.821,159.45,229.1528,-1,2,5,100.0,,False,240.999
3460,2.614,33.681,248.91,662.3331,-1,4,10,100.0,,False,5566.999
3461,3.719,30.644,228.19,477.3588,-1,4,8,85.1,,False,4694.999
3462,2.586,29.019,214.16,696.9655,-1,2,12,100.0,,False,2487.777888888889
3465,2.812,30.69,228.4,487.3433,-1,2,10,78.3,,False,4342.999
3466,2.141,27.261,204.57,369.2431,-1,3,7,100.0,,False,2851.999
3467,3.114,20.057,153.51,231.0326,-1,5,10,100.0,,False,3230.999
3469,3.023,31.241,231.7,557.3382,-1,3,15,100.0,,False,2607.691433450502
3472,2.813,26.893,201.49,386.2728,-1,2,10,100.0,,False,1096.999
3475,1.486,24.098,188.33,167.0329,-1,2,9,100.0,,False,2902.999
3476,2.596,28.125,210.38,407.279,-1,2,6,100.0,,False,8891.999
3477,0.443,19.57,149.18,248.9883,-1,3,13,98.9,,False,509.999
3478,2.251,25.724,193.36,351.2518,-1,2,6,60.9,,False,5405.999
3480,1.876,32.591,241.62,570.3434,-1,3,9,100.0,,False,586.999
3481,4.608,40.341,296.98,837.5929,-1,3,9,96.5,,False,861.999
3482,2.626,30.952,229.57,557.2892,-1,3,8,100.0,,False,5920.999
3483,1.897,28.328,211.29,447.3109,-1,3,9,100.0,,False,5693.999
3485,2.849,28.479,216.15,279.231,-1,2,10,100.0,,False,2542.999
3487,1.697,20.839,159.15,241.0964,-1,2,11,100.0,,False,4143.999
3488,2.589,21.147,162.11,225.2201,-1,2,9,93.7,,False,2210.999
3491,2.077,20.909,160.44,221.1523,-1,2,10,100.0,,False,977.999
3492,3.363,34.326,254.1,613.3386,-1,3,8,93.7,,False,1247.999
3493,2.394,29.82,222.34,455.3381,-1,2,5,79.3,,False,6990.999
3495,4.396,40.212,296.04,830.5971,-1,3,6,98.8,,False,2658.999
3501,1.664,29.662,220.96,469.2973,-1,3,8,97.7,,False,1755.999
3503,3.116,32.899,244.11,551.3958,-1,2,7,67.5,,False,7597.999
3507,1.4,28.929,215.42,475.2911,-1,3,12,100.0,,False,3219.999
3509,0.36,23.564,178.64,283.1621,-1,2,9,100.0,,False,3022.999
3510,0.385,20.585,157.2,241.1422,-1,2,8,100.0,,False,1853.000111111111
3511,2.331,28.259,211.56,397.2957,-1,2,12,99.9,,False,2462.999
3512,3.321,30.786,228.99,497.3872,-1,3,6,95.9,,False,4363.999
3513,2.437,27.635,207.05,387.2514,-1,2,11,99.4,,False,2167.999
3514,1.415,18.478,140.17,273.8614,-1,7,7,100.0,,False,769.999
3517,0.399,22.492,178.05,141.0147,-1,1,10,72.1,,False,1001.999
3518,0.561,28.558,211.53,583.0287,-1,8,4,100.0,,False,250.999
3519,2.37,26.559,199.14,377.2689,-1,2,11,65.2,,False,3663.999
3521,1.072,26.337,198.42,331.1906,-1,2,12,100.0,,False,1953.999
3524,1.458,29.76,221.29,501.3068,-1,3,9,100.0,,False,507.999
3526,2.095,29.833,222.13,477.3221,-1,2,10,67.8,,False,3421.999
3527,1.488,24.458,183.93,345.145,-1,2,9,91.2,,False,2544.999
3529,2.691,21.766,166.33,239.236,-1,2,11,100.0,,False,1797.999
3530,0.608,18.307,145.16,137.0224,-1,1,13,99.1,,False,1311.999
3532,4.226,28.368,212.2,407.3518,-1,3,9,86.7,,False,1775.999
3533,4.401,32.116,236.97,713.1332,-1,5,9,100.0,,False,1451.999
3536,0.985,21.915,165.71,299.0213,-1,3,6,100.0,,False,1723.999
3537,0.443,26.392,197.61,393.1423,-1,3,12,100.0,,False,1228.999
3542,3.258,25.564,192.15,351.2901,-1,2,14,93.5,,False,1391.999
3543,2.574,38.336,282.63,763.4645,-1,4,3,100.0,,False,17987.999
3546,0.374,18.443,146.52,134.0587,-1,3,5,100.0,,False,2421.999
3547,3.987,27.412,206.54,331.2635,-1,2,12,93.7,,False,1500.999
3550,0.493,37.795,278.4,801.4295,-1,6,9,100.0,,False,362.999
3551,2.665,23.952,180.8,313.2375,-1,2,12,83.6,,False,9686.84341933956
3555,4.746,35.3,260.92,659.5154,-1,3,8,79.7,,False,3578.222333333333
3556,2.917,20.135,154.51,220.1457,-1,1,15,62.5,,False,1108.459126576424
3557,3.542,19.808,148.13,396.9697,-1,2,6,100.0,,False,3358.999
3558,2.646,28.641,214.05,419.3532,-1,2,6,99.7,,False,9038.999
3559,1.47,38.842,285.61,897.627,-1,5,3,100.0,,False,1072.999
3560,2.06,22.585,170.1,330.0134,-1,3,3,77.9,,False,251.999
3561,0.482,28.84,223.77,187.0043,-1,2,8,95.6,,False,2432.999
3562,4.072,32.097,238.1,554.4262,-1,3,10,98.5,,False,3781.999
3563,2.155,34.648,256.23,642.3428,-1,2,6,100.0,,False,492.999
3564,2.569,24.935,188.06,321.2769,-1,2,8,85.3,,False,4380.999
3565,3.349,31.14,231.25,530.326,-1,2,8,100.0,,False,1266.999
3567,3.297,23.201,177.57,233.2253,-1,2,10,100.0,,False,1352.999
3568,2.684,29.788,222.61,421.3683,-1,2,9,94.5,,False,5522.999
3571,2.088,28.442,211.68,483.242,-1,3,10,100.0,,False,1578.999
3574,0.442,25.379,190.41,369.0977,-1,4,11,100.0,,False,1536.999
3575,3.531,37.312,275.29,730.5066,-1,3,6,100.0,,False,3077.999
3576,0.726,19.465,148.88,233.0433,-1,3,7,100.0,,False,1694.999
3577,2.072,32.173,238.28,595.3855,-1,3,11,100.0,,False,3407.999
3578,2.306,33.023,244.1,653.2505,-1,4,13,100.0,,False,1765.999
3579,3.722,36.37,268.45,710.4802,-1,3,8,100.0,,False,5307.000111111111
3580,3.49,23.805,180.3,289.1796,-1,2,15,100.0,,False,1758.2223333333334
3581,2.636,32.178,240.78,407.2192,-1,3,12,100.0,,False,1849.999
3582,2.821,24.489,184.99,308.294,-1,4,10,100.0,,False,1026.999
3584,2.478,30.857,229.47,502.2706,-1,4,10,100.0,,False,1594.999
3585,3.248,31.292,232.87,489.2611,-1,3,7,93.7,,False,3938.999
3586,1.675,32.138,237.0,735.1228,-1,3,10,100.0,,False,4457.999
3590,2.497,31.482,234.03,509.3002,-1,3,12,100.0,,False,2561.999
3592,0.774,20.713,157.07,278.9944,-1,3,7,100.0,,False,526.999
3593,2.451,19.7,151.06,223.0266,-1,3,14,82.4,,False,3771.163896149707
3594,3.156,35.181,259.7,705.4129,-1,4,9,100.0,,False,2765.999
3595,3.795,38.717,285.26,792.553,-1,4,4,53.3,,False,1045.999
3597,1.812,24.55,184.96,329.2678,-1,3,10,100.0,,False,473.999
3598,1.557,30.482,225.77,590.248,-1,4,11,100.0,,False,4630.999
3599,3.406,33.818,250.36,609.474,-1,3,6,91.6,,False,913.889
3601,2.806,31.302,232.09,565.3059,-1,3,8,100.0,,False,3173.999
3602,2.053,30.342,225.49,513.3422,-1,3,12,89.7,,False,1984.999
3603,1.732,21.521,164.38,241.1786,-1,2,8,100.0,,False,3773.999
3604,2.022,32.123,237.84,603.3249,-1,4,10,100.0,,False,3065.999
3606,2.028,22.479,170.79,269.2094,-1,2,11,64.0,,False,2022.999
3607,1.665,20.431,156.2,236.102,-1,2,6,91.2,,False,3191.999
3609,2.811,31.424,233.66,505.3524,-1,2,5,55.1,,False,5777.999
3610,2.901,24.284,183.56,303.2309,-1,2,7,97.7,,False,1616.999
3612,0.589,27.778,207.71,411.1847,-1,2,9,100.0,,False,1880.999
3613,3.387,26.918,201.88,375.3264,-1,2,13,98.5,,False,3526.999
3614,3.636,26.953,202.1,377.342,-1,2,10,98.4,,False,2176.777888888889
3616,4.236,37.291,275.3,705.5225,-1,3,11,100.0,,False,2455.999
3618,1.801,27.507,205.31,435.2061,-1,3,9,100.0,,False,2720.6278647085733
3619,0.459,18.553,145.89,152.0327,-1,1,10,98.7,,False,3071.999
3622,2.484,29.551,219.58,515.1958,-1,4,9,88.3,,False,1627.999
3626,2.018,28.8,215.12,427.2857,-1,2,3,65.5,,False,4558.999
3628,0.503,16.141,125.96,167.0194,-1,2,7,91.0,,False,13227.555666666667
3632,2.58,27.791,205.6,614.9615,-1,2,16,100.0,,False,1976.789573330249
3633,1.72,19.351,150.38,179.069,-1,2,7,87.3,,False,4501.999
3634,3.575,27.506,205.99,392.3539,-1,3,10,76.4,,False,792.9499014139146
3635,3.704,34.945,258.75,607.4587,-1,4,5,56.5,,False,12494.999
3636,3.739,28.921,215.93,433.3325,-1,2,8,61.8,,False,5154.999
3638,3.972,39.55,291.1,841.5091,-1,2,9,97.4,,False,5658.999
3639,3.741,45.356,333.16,981.8075,-1,4,9,100.0,,False,2826.999
3640,1.223,17.965,136.43,266.8459,-1,3,9,100.0,,False,6309.999
3642,1.26,17.458,136.4,165.0534,-1,2,13,100.0,,False,3844.999
3643,1.464,26.787,200.68,387.2531,-1,2,12,100.0,,False,3083.999
3644,2.572,25.498,191.93,338.2685,-1,1,9,97.9,,False,3717.999
3646,2.472,30.73,228.94,469.3521,-1,3,5,93.7,,False,8441.999
3647,2.574,29.846,221.9,505.2783,-1,2,7,100.0,,False,2083.999
3653,2.364,29.934,223.02,467.3379,-1,2,8,53.0,,False,5615.999
3654,2.711,32.85,243.14,614.3332,-1,2,11,100.0,,False,3879.999
3657,1.584,25.006,187.94,351.216,-1,2,11,92.2,,False,915.999
3659,1.526,28.691,213.68,471.2954,-1,3,12,98.4,,False,1198.999
3662,0.377,14.872,118.85,124.0133,-1,1,5,97.7,,False,591.999
3663,1.848,29.15,216.97,483.2961,-1,2,10,93.4,,False,810.999
3664,0.56,14.898,119.34,121.0274,-1,2,15,79.8,,False,28.40262897726143
3668,3.274,25.303,190.22,349.2395,-1,2,13,98.3,,False,2681.8672748958616
3669,3.607,27.406,205.95,355.2849,-1,2,13,100.0,,False,3776.999
3670,1.549,21.92,167.5,239.1631,-1,2,9,99.4,,False,889.999
3671,2.348,21.356,163.8,223.1682,-1,2,11,96.9,,False,1498.999
3672,0.968,17.7,133.72,298.9411,-1,3,8,100.0,,False,1734.999
3673,3.596,33.107,245.29,587.4336,-1,3,12,86.8,,False,2835.999
3674,1.836,31.005,230.23,531.2578,-1,4,12,100.0,,False,2055.999
3675,2.975,31.508,233.68,560.2987,-1,2,11,100.0,,False,2692.999
3676,0.445,33.969,250.98,669.35,-1,5,12,100.0,,False,501.999
3677,0.363,24.729,361.76,617.7374,-2,4,10,100.0,,False,563.999
3681,1.528,39.668,291.81,873.4719,-1,5,13,100.0,,False,1170.999
3683,0.5,18.975,145.37,226.0148,-1,3,10,100.0,,False,1058.999
3684,2.095,26.888,199.1,586.9282,-1,3,20,100.0,,False,925.2783634173729
3685,3.804,27.5,205.85,397.3345,-1,2,5,82.4,,False,5467.3334444444445
3686,0.869,20.969,158.96,280.9754,-1,5,8,100.0,,False,1267.999
3687,1.446,38.883,286.35,816.4766,-1,4,5,100.0,,False,14613.999
3688,3.579,29.852,222.61,453.3597,-1,3,6,95.1,,False,3801.999
3691,2.677,21.123,160.84,256.0957,-1,2,10,100.0,,False,92.47673927761252
3692,3.155,37.812,279.01,722.5389,-1,3,7,96.8,,False,778.999
3693,2.144,30.445,226.58,487.3418,-1,3,6,76.3,,False,6611.999
3694,1.807,21.694,165.63,243.1947,-1,2,10,100.0,,False,1606.6667777777777
3695,2.425,18.391,142.15,194.0801,-1,2,11,100.0,,False,2030.999
3696,4.855,42.044,309.09,915.6009,-1,4,10,100.0,,False,275.2223333333333
3697,3.71,39.434,290.52,792.5378,-1,6,5,52.5,,False,2972.999
3702,3.517,19.682,146.93,418.9727,-1,2,11,100.0,,False,2028.999
3704,4.074,35.747,264.13,672.4995,-1,2,10,99.9,,False,1225.999
3706,3.276,22.872,173.78,269.2457,-1,2,10,92.4,,False,2523.3334444444445
3708,3.004,45.375,332.88,1075.7033,-1,3,11,100.0,,False,1393.999
3709,1.464,38.726,285.06,837.493,-1,4,10,100.0,,False,1810.999
3710,3.474,35.283,261.0,636.4337,-1,2,6,100.0,,False,6245.999
3711,1.834,28.609,212.95,480.2828,-1,3,6,100.0,,False,127.999
3715,2.799,26.401,197.93,378.3005,-1,1,11,98.9,,False,511.999
3716,0.353,16.44,129.07,154.0597,-1,1,13,98.8,,False,1836.999
3719,3.793,29.629,219.16,625.0613,-1,4,11,100.0,,False,2798.999
3720,2.438,23.778,179.96,294.2423,-1,1,10,76.7,,False,3791.999
3721,3.252,32.611,241.34,617.2183,-1,5,14,100.0,,False,5640.8774483821335
3724,2.035,25.022,188.53,329.2322,-1,3,8,98.2,,False,2380.999
3726,2.934,44.385,325.78,1032.6715,-1,3,13,100.0,,False,1666.999
3729,3.309,29.079,220.58,283.2635,-1,2,12,99.4,,False,2398.999
3730,2.542,26.92,202.59,341.2099,-1,2,8,98.8,,False,2634.999
3731,3.036,29.223,217.42,490.2952,-1,2,10,89.9,,False,1314.999
3733,2.759,28.449,211.86,473.2679,-1,3,6,100.0,,False,2235.999
3735,3.399,30.063,223.59,497.3215,-1,2,12,93.8,,False,3518.8606722610743
3736,2.175,31.135,230.73,577.3764,-1,5,14,100.0,,False,1273.999
3737,2.921,33.416,247.12,640.3516,-1,4,7,100.0,,False,280.999
3738,2.979,25.803,194.04,347.2933,-1,2,8,72.9,,False,3457.999
3739,1.832,29.021,215.97,485.3172,-1,2,6,98.9,,False,177.999
3740,0.445,17.269,133.31,197.0181,-1,3,12,100.0,,False,3270.5556666666666
3741,1.522,21.425,163.2,254.1041,-1,2,12,100.0,,False,1268.999
3742,2.079,28.571,213.41,427.2866,-1,2,7,86.8,,False,1912.999
3743,3.536,34.029,252.42,559.4743,-1,4,8,71.2,,False,2444.777888888889
3744,4.37,32.763,243.0,559.4757,-1,2,6,48.7,,False,116.88899999999995
3745,3.051,32.345,241.04,466.3307,-1,2,12,100.0,,False,1210.999
3746,2.704,32.292,239.33,576.3335,-1,3,6,100.0,,False,456.999
3747,3.339,36.032,266.05,698.5155,-1,5,6,52.5,,False,1134.999
3749,2.996,31.36,232.55,562.3169,-1,3,12,100.0,,False,3009.999
3751,1.614,24.165,182.19,323.2216,-1,2,14,87.8,,False,1438.000111111111
3752,1.736,25.496,191.48,359.279,-1,3,6,100.0,,False,2172.999
3755,1.231,17.24,130.95,264.8474,-1,3,9,97.9,,False,6699.999
3757,2.086,29.678,221.6,433.3314,-1,2,8,100.0,,False,456.999
3758,2.064,30.397,225.58,543.2592,-1,2,12,100.0,,False,3556.999
3760,0.275,27.436,201.97,794.4265,-1,1,15,96.5,,False,995.999
3761,2.606,26.944,201.31,421.2356,-1,3,12,100.0,,False,1959.999
3762,2.754,34.336,254.07,624.3931,-1,5,7,98.1,,False,1364.999
3763,0.507,17.073,132.88,174.0536,-1,2,12,99.8,,False,788.999
3765,3.023,26.528,198.63,393.2398,-1,5,14,100.0,,False,932.4445555555556
3766,2.531,30.449,226.71,479.3379,-1,2,3,43.0,,False,11684.999
3767,2.428,23.744,179.23,313.2394,-1,2,5,96.1,,False,2379.3334444444445
3768,1.834,23.041,174.68,282.2068,-1,2,20,98.9,,False,324.68715671774
3770,1.351,29.491,219.0,527.1641,-1,2,12,100.0,,False,1917.999
3771,3.438,29.65,220.55,494.3267,-1,3,9,82.4,,False,3326.999
3773,1.909,26.097,195.74,373.2949,-1,3,11,97.7,,False,2159.999
3775,2.648,24.612,184.94,353.1455,-1,3,9,100.0,,False,1627.999
3776,2.259,30.789,228.51,542.2885,-1,3,9,92.4,,False,2228.999
3777,3.011,27.976,208.5,459.2518,-1,1,13,97.5,,False,1284.999
3781,4.082,34.125,252.7,602.4849,-1,3,10,100.0,,False,1400.999
3786,0.478,16.111,127.68,137.0581,-1,2,6,100.0,,False,606.999
3787,0.852,18.043,137.36,253.8715,-1,7,10,100.0,,False,2587.999
3789,2.507,36.383,268.89,666.4734,-1,3,10,100.0,,False,3643.999
3790,1.387,27.031,202.27,401.2903,-1,2,11,100.0,,False,4978.999
3793,2.759,29.076,219.9,303.2323,-1,2,9,100.0,,False,2291.999
3796,2.393,28.205,210.66,427.2866,-1,3,3,82.4,,False,275.999
3797,1.91,25.444,191.17,355.2491,-1,2,11,94.8,,False,64.33344444444447
3798,4.649,32.223,239.01,557.459,-1,3,9,76.6,,False,471.91392360436794
3799,1.902,28.439,211.61,487.1021,-1,5,9,100.0,,False,183.999
3801,1.837,30.185,224.4,507.2136,-1,4,11,100.0,,False,1649.999
3802,2.347,13.815,109.54,134.8919,-1,4,11,78.9,,False,200.35172153547842
3803,2.816,34.944,276.95,141.0151,-1,1,15,99.4,,False,783.889
3805,3.378,33.214,246.51,545.4234,-1,3,8,57.0,,False,4628.999
3806,3.242,34.113,252.59,605.4438,-1,4,6,55.9,,False,3279.999
3808,2.85,23.532,174.69,521.9431,-1,1,11,97.9,,False,2478.999
3809,1.628,24.291,183.32,315.1951,-1,2,4,95.9,,False,658.999
3810,0.696,26.188,196.24,383.1541,-1,2,6,100.0,,False,1799.999
3811,3.186,25.305,189.38,397.2266,-1,3,12,100.0,,False,2300.999
3812,0.93,27.205,202.68,464.3019,-1,3,10,100.0,,False,157.999
3814,3.849,28.218,210.18,469.0629,-1,6,5,100.0,,False,4747.999
3815,2.407,21.848,166.67,247.1684,-1,2,11,100.0,,False,635.999
3816,1.091,23.098,174.68,299.1636,-1,2,12,100.0,,False,2313.999
3817,3.054,30.445,226.19,519.321,-1,2,6,84.8,,False,8996.999
3818,2.092,24.3,180.71,488.9561,-1,2,18,99.4,,False,58.76476654243561
3820,0.376,15.981,126.26,142.0636,-1,2,12,99.7,,False,2315.999
3821,2.175,24.635,185.65,327.2519,-1,2,10,98.0,,False,134.11122222222252
3822,4.343,27.239,204.14,383.3526,-1,2,16,93.7,,False,1736.681033739105
3824,3.087,24.222,182.61,323.1526,-1,3,7,92.3,,False,1719.999
3826,2.221,26.119,195.94,371.28,-1,2,16,100.0,,False,456.01676886334764
3827,2.663,21.427,163.87,235.168,-1,2,7,100.0,,False,280.999
3828,2.378,25.624,192.5,356.2841,-1,2,8,96.5,,False,435.999
3830,2.787,34.113,252.11,661.3863,-1,3,15,100.0,,False,961.0335937172129
3831,3.076,29.288,218.56,441.3573,-1,2,5,48.3,,False,6102.999
3832,3.049,26.758,200.56,381.3009,-1,2,11,74.8,,False,3034.999
3836,2.059,34.816,257.1,691.3789,-1,4,10,100.0,,False,2532.999
3837,2.82,33.376,247.1,607.4592,-1,4,12,69.9,,False,5494.999
3839,3.67,24.065,181.61,315.2523,-1,1,7,58.1,,False,6549.999
3840,2.45,26.035,195.32,371.2437,-1,3,9,82.4,,False,3674.222333333333
3843,4.003,37.003,280.0,303.2306,-1,1,4,91.7,,False,9829.222333333333
3844,4.448,32.578,241.98,527.4137,-1,2,4,67.5,,False,7757.999
3847,2.412,28.54,213.21,425.3259,-1,3,10,71.5,,False,409.999
3848,0.747,26.144,195.25,426.1595,-1,3,13,100.0,,False,1361.999
3849,2.449,24.959,192.46,205.1212,-1,2,11,100.0,,False,1497.999
3850,1.978,22.384,170.37,259.1896,-1,3,12,100.0,,False,1618.999
3851,3.932,31.174,231.54,526.3958,-1,2,12,100.0,,False,3245.999
3853,3.212,29.711,220.93,501.2649,-1,3,9,100.0,,False,3150.999
3854,3.73,30.227,224.71,507.3149,-1,2,8,100.0,,False,2002.999
3855,1.43,24.9,187.99,313.1183,-1,2,8,100.0,,False,1821.999
3857,3.718,41.657,306.37,892.6134,-1,4,7,82.4,,False,988.889
3859,2.192,25.704,193.17,353.1777,-1,2,11,100.0,,False,2203.999
3861,2.959,31.743,235.69,534.3202,-1,3,11,100.0,,False,586.999
3862,4.468,34.681,256.71,615.4616,-1,4,5,95.2,,False,3431.999
3864,0.247,21.52,315.76,470.6699,-2,4,11,100.0,,False,983.999
3866,2.86,35.276,261.02,627.4859,-1,4,9,93.3,,False,6317.999
3867,3.539,45.639,335.0,1034.7855,-1,4,13,100.0,,False,281.999
3869,0.815,25.944,195.04,350.0698,-1,3,11,100.0,,False,1870.999
3873,4.322,37.106,273.76,728.5614,-1,3,4,84.0,,False,6064.999
3877,2.995,26.07,196.5,327.2531,-1,2,12,100.0,,False,1597.999
3878,2.08,26.344,198.76,319.2645,-1,3,4,99.3,,False,14421.999
3880,2.937,26.639,200.34,347.2939,-1,2,8,61.6,,False,2711.999
3881,4.145,22.165,183.26,91.02,-1,2,6,100.0,,False,5184.999
3885,1.978,22.271,165.83,462.9623,-1,2,10,100.0,,False,2186.999
3886,4.379,31.105,230.91,536.3741,-1,3,12,100.0,,False,4310.999
3888,3.295,32.879,243.73,573.3939,-1,3,8,94.0,,False,5205.999
3889,1.35,27.885,207.68,470.2869,-1,3,8,100.0,,False,1602.999
3890,2.511,28.105,210.39,398.2909,-1,2,11,100.0,,False,3693.999
3892,3.536,27.454,203.1,615.039,-1,4,13,100.0,,False,3148.999
3893,1.044,27.815,207.99,411.1845,-1,3,10,100.0,,False,4219.999
3894,2.467,30.897,229.56,519.3696,-1,3,6,78.9,,False,4174.999
3895,4.669,28.28,211.14,433.3677,-1,2,9,100.0,,False,1872.999
3897,3.054,26.857,201.33,380.3156,-1,1,11,97.4,,False,1266.999
3898,0.382,15.735,125.25,130.0639,-1,2,12,100.0,,False,2193.999
3899,2.55,28.476,212.75,423.3112,-1,2,10,82.4,,False,258.999
3902,0.387,15.433,124.92,109.027,-1,2,12,100.0,,False,1887.999
3903,0.636,20.976,166.21,139.0047,-1,1,12,99.3,,False,1309.999
3905,2.688,26.549,198.79,393.2401,-1,2,10,100.0,,False,2755.999
3906,2.722,26.27,196.99,376.2528,-1,2,12,99.5,,False,2477.999
3907,2.973,30.067,223.4,517.2559,-1,2,11,100.0,,False,702.999
3908,2.651,28.506,212.86,431.315,-1,2,9,74.2,,False,1832.999
3910,3.824,38.746,285.76,747.5687,-1,4,7,98.9,,False,2119.999
3911,4.403,28.112,209.9,431.3522,-1,3,8,99.6,,False,1246.1112222222223
3914,2.855,26.93,201.81,384.3127,-1,3,9,96.5,,False,933.999
3916,0.64,15.166,120.08,138.0172,-1,3,9,100.0,,False,2645.999
3917,1.81,24.892,187.51,331.1889,-1,2,8,100.0,,False,3892.999
3919,3.08,30.57,227.51,487.342,-1,2,5,75.9,,False,9293.999
3920,1.692,25.591,192.24,357.2641,-1,2,10,96.9,,False,3923.999
3921,1.782,27.689,206.49,449.3264,-1,3,7,100.0,,False,2941.999
3922,2.426,25.892,194.45,360.2538,-1,3,11,100.0,,False,2819.999
3925,2.12,29.597,220.45,471.3695,-1,3,9,99.3,,False,5057.999
3927,4.487,30.643,228.7,441.336,-1,3,8,100.0,,False,526.999
3928,2.192,20.834,162.61,168.9864,-1,1,12,98.8,,False,1040.651496749372
3929,0.494,26.55,219.12,92.9248,-1,1,12,44.0,,False,1407.3334444444445
3931,3.096,34.265,253.54,625.4111,-1,3,7,97.5,,False,2587.999
3935,0.368,22.974,174.21,281.0985,-1,2,8,100.0,,False,5072.999
3941,1.745,25.975,194.72,379.2153,-1,3,8,100.0,,False,3266.444555555556
3943,2.196,23.419,179.86,218.9844,-1,1,17,98.6,,False,257.9828854319894
3944,3.383,22.805,173.06,276.1586,-1,2,9,100.0,,False,2827.999
3945,0.363,18.638,144.77,180.0636,-1,2,11,100.0,,False,2018.999
3949,1.961,22.11,167.38,291.1075,-1,3,7,100.0,,False,4066.999
3951,0.276,27.44,201.99,796.4234,-1,1,15,96.5,,False,909.999
3952,0.303,22.127,172.88,167.019,-1,2,12,98.3,,False,307.999
3953,4.006,38.846,286.06,812.5296,-1,4,6,93.7,,False,2485.999
3954,2.387,31.587,234.31,555.3506,-1,3,9,100.0,,False,1609.999
3955,3.99,25.518,192.01,341.3056,-1,3,8,96.8,,False,365.39046158016174
3956,1.953,28.767,213.74,515.3037,-1,4,6,93.0,,False,11443.999
3957,4.298,25.915,194.13,387.0342,-1,3,12,100.0,,False,1057.999
3959,1.632,22.683,171.89,285.2051,-1,2,13,93.2,,False,1413.197614660616
3961,1.626,37.414,279.6,428.9744,-1,3,10,100.0,,False,1722.0001111111112
3963,3.261,25.115,189.01,339.2892,-1,2,10,93.1,,False,2144.999
3964,3.764,19.783,151.12,239.0588,-1,3,8,100.0,,False,5822.999
3966,3.353,33.757,249.73,630.3796,-1,3,10,100.0,,False,465.55566666666664
3967,3.303,31.819,236.09,549.4149,-1,2,9,54.8,,False,4059.709138820986
3968,0.357,12.192,98.85,105.9174,-1,1,9,98.9,,False,1880.999
3970,4.155,40.363,297.18,830.5954,-1,5,3,75.9,,False,1137.999
3971,4.421,23.181,176.26,265.2519,-1,2,11,100.0,,False,745.999
3972,1.947,20.885,160.34,218.9836,-1,2,7,100.0,,False,215.44455555555555
3973,3.5,23.739,179.59,297.2406,-1,2,6,86.7,,False,4449.999
3974,2.411,27.995,209.28,415.2839,-1,2,9,93.5,,False,6048.999
3976,2.758,26.407,198.22,365.3416,-1,2,6,76.9,,False,3959.999
3977,1.979,19.714,149.71,268.9806,-1,1,11,98.5,,False,2087.999
3978,3.45,27.827,208.05,413.3266,-1,2,8,100.0,,False,4260.999
3979,1.74,32.549,241.11,591.355,-1,3,10,100.0,,False,830.999
3980,2.648,26.025,195.11,378.2418,-1,2,14,98.1,,False,2351.11893075185
3981,2.398,24.628,187.01,273.9977,-1,1,17,98.2,,False,1179.5455082361066
3983,2.97,30.453,226.78,475.3436,-1,2,12,93.7,,False,3009.999
3984,1.378,23.375,176.73,301.1103,-1,3,6,100.0,,False,690.999
3985,4.559,38.249,283.26,607.4231,-1,3,11,100.0,,False,1445.999
3986,1.65,24.356,183.63,323.2207,-1,2,10,97.5,,False,1365.999
3987,1.78,26.838,200.47,424.1787,-1,2,10,100.0,,False,2508.999
3989,0.572,26.013,200.16,213.0212,-1,2,9,88.6,,False,1870.999
3991,3.879,33.936,251.59,573.5791,-1,2,3,64.0,,False,9871.999
3992,1.638,22.128,164.83,455.9574,-1,2,11,100.0,,False,1322.999
3993,4.779,28.099,209.87,427.2167,-1,3,12,100.0,,False,997.999
3997,4.311,29.629,220.81,461.3646,-1,2,8,90.4,,False,2539.999
3998,2.428,25.663,193.28,333.278,-1,3,9,94.8,,False,3310.999
3999,1.842,29.888,222.62,471.2367,-1,3,11,100.0,,False,1809.999
4000,2.898,29.401,218.74,491.24,-1,3,13,100.0,,False,1540.000111111111
4001,2.557,26.013,192.75,568.964,-1,1,14,97.3,,False,1342.889
4002,3.43,32.517,241.41,537.5712,-1,3,6,98.1,,False,6139.999
4003,1.443,28.162,209.82,465.3219,-1,3,6,100.0,,False,7784.999
4004,3.017,33.368,247.22,587.3501,-1,2,14,100.0,,False,1433.999
4005,4.009,31.657,234.98,540.4109,-1,2,8,97.5,,False,4152.999
4008,2.837,32.053,238.11,525.3794,-1,4,7,93.4,,False,3588.999
4009,3.269,33.632,249.67,541.4458,-1,2,5,82.4,,False,6062.999
4010,2.358,24.281,183.52,304.263,-1,3,12,100.0,,False,1698.999
4011,4.439,32.559,241.86,525.4533,-1,2,7,97.7,,False,2211.999
4015,3.096,28.696,213.9,457.3165,-1,2,6,93.7,,False,3503.666777777778
4016,3.647,40.34,297.03,823.5648,-1,3,4,87.0,,False,653.999
4017,3.092,37.312,275.02,766.5431,-1,4,7,64.1,,False,2597.999
4020,2.85,45.162,331.33,1073.6869,-1,4,11,99.9,,False,2340.999
4024,2.718,32.145,238.63,538.3546,-1,2,8,91.9,,False,620.999
4025,1.451,29.523,219.0,552.2919,-1,3,12,100.0,,False,2863.999
4029,2.39,26.574,196.92,569.9799,-1,1,15,98.2,,False,343.6488223452284
4030,2.176,27.867,208.4,410.2964,-1,1,9,97.3,,False,3712.999
4033,1.363,28.247,210.34,473.1583,-1,3,10,100.0,,False,2710.999
4034,2.222,32.094,239.01,477.2679,-1,3,12,100.0,,False,580.999
4035,1.976,27.441,204.81,436.1808,-1,2,10,100.0,,False,2886.999
4036,3.35,34.007,252.27,559.4737,-1,3,5,52.5,,False,1988.999
4037,3.399,22.373,170.35,257.2278,-1,2,5,100.0,,False,2152.999
4040,1.312,31.129,233.69,369.1738,-1,2,10,98.3,,False,2529.999
4041,1.421,24.554,184.99,329.2321,-1,2,12,100.0,,False,2083.1112222222223
4042,3.095,33.182,246.52,525.3801,-1,2,9,93.7,,False,5660.999
4044,1.549,21.859,165.84,277.0294,-1,4,11,100.0,,False,3441.999
4045,2.782,27.231,203.56,414.2678,-1,2,10,66.1,,False,668.999
4046,4.399,33.912,251.3,583.4938,-1,4,8,90.5,,False,350.55566666666664
4047,1.066,24.701,185.42,363.1796,-1,2,11,100.0,,False,411.999
4048,0.483,17.338,135.51,164.0817,-1,2,10,100.0,,False,6713.999
4049,2.964,32.562,243.62,409.2349,-1,2,10,98.8,,False,912.999
4052,0.841,22.86,173.23,285.2049,-1,2,10,93.7,,False,680.0001111111111
4054,3.443,29.66,221.06,461.326,-1,2,6,67.0,,False,4950.999
4055,2.969,36.966,272.65,742.542,-1,2,4,46.1,,False,5489.999
4057,2.912,37.805,278.64,772.5314,-1,4,8,66.6,,False,3604.999
4058,2.334,25.14,189.27,336.2532,-1,1,9,97.7,,False,3510.999
4059,2.41,33.609,248.44,653.2945,-1,4,13,100.0,,False,2446.999
4060,4.496,16.656,131.11,149.0072,-1,3,8,100.0,,False,2860.999
4061,1.968,31.754,236.23,495.2792,-1,3,12,100.0,,False,4024.999
4062,2.588,23.16,174.66,319.9813,-1,2,15,98.7,,False,1734.4521456717525
4063,2.772,44.711,328.15,1043.6187,-1,4,11,100.0,,False,2080.999
4069,0.356,19.562,155.86,130.0849,-1,2,13,100.0,,False,1960.999
4071,0.475,21.738,164.14,309.0055,-1,2,10,100.0,,False,249.999
4074,2.129,29.579,220.0,496.3064,-1,2,9,74.8,,False,335.999
4076,1.964,27.441,204.79,438.1988,-1,4,6,100.0,,False,5326.999
4077,2.719,29.831,221.67,515.2387,-1,3,8,97.0,,False,1800.999
4079,2.776,31.338,232.7,532.305,-1,3,9,97.2,,False,1553.999
4082,1.977,22.161,172.79,171.997,-1,1,13,99.1,,False,353.2349343120177
4083,2.69,27.994,209.27,415.2848,-1,3,8,91.4,,False,5705.999
4084,1.725,15.416,122.15,137.022,-1,2,9,100.0,,False,3036.999
4085,0.813,11.464,91.3,126.9023,-1,1,14,99.5,,False,4049.0201191295896
4086,2.432,23.481,177.43,305.1727,-1,2,10,99.5,,False,558.999
4088,2.148,25.625,192.49,357.3005,-1,2,11,96.6,,False,2481.999
4089,2.588,29.531,219.45,513.2246,-1,2,15,100.0,,False,1482.999
4090,1.255,31.062,233.17,369.1749,-1,2,12,99.5,,False,2264.999
4091,0.371,16.91,133.96,138.0532,-1,2,9,100.0,,False,502.999
4093,2.375,24.397,184.13,315.2521,-1,2,5,83.1,,False,5631.999
4094,2.753,28.602,214.0,405.2997,-1,2,7,95.1,,False,5393.999
4095,2.776,24.083,181.84,311.2579,-1,2,14,78.2,,False,186.31244976374524
4096,2.878,28.191,214.88,255.2303,-1,2,7,100.0,,False,2868.999
4097,2.818,32.581,241.77,549.3806,-1,3,8,62.3,,False,5045.999
4098,3.006,27.328,204.45,404.2845,-1,1,6,96.9,,False,2064.999
4100,3.113,25.459,191.4,349.2742,-1,2,10,92.5,,False,800.999
4101,3.61,31.565,235.28,461.3293,-1,3,8,92.0,,False,3691.999
4102,3.681,27.506,206.11,385.3352,-1,3,5,100.0,,False,416.999
4103,0.541,17.576,135.44,203.033,-1,2,8,100.0,,False,1751.999
4104,2.585,25.925,192.08,570.0951,-1,1,6,77.2,,False,9117.078663672459
4106,2.445,28.737,214.06,469.2574,-1,2,5,100.0,,False,1439.999
4107,3.919,39.406,290.33,792.5357,-1,4,7,52.5,,False,1966.999
4111,1.506,19.89,149.34,353.8243,-1,4,8,100.0,,False,1612.999
4112,2.697,19.256,148.72,197.0717,-1,4,6,100.0,,False,8370.999
4113,1.47,33.257,249.69,369.173,-1,3,6,100.0,,False,5315.999
4118,2.622,30.87,228.95,557.2903,-1,3,9,100.0,,False,1786.999
4119,0.364,21.779,171.99,145.0593,-1,2,10,98.1,,False,891.999
4120,2.126,23.274,175.86,305.1783,-1,3,13,98.3,,False,1957.5556666666666
4121,0.498,16.665,132.25,135.079,-1,2,10,100.0,,False,406.999
4122,2.897,34.391,254.72,598.3756,-1,3,14,100.0,,False,637.999
4125,0.464,16.811,131.44,163.0383,-1,2,8,100.0,,False,674.999
4126,3.871,34.865,258.11,612.4941,-1,2,5,84.2,,False,560.999
4127,0.393,23.787,178.2,382.9872,-1,3,10,100.0,,False,379.999
4130,2.972,26.405,198.21,365.3415,-1,3,7,80.4,,False,3886.999
4132,2.782,28.932,215.26,489.2222,-1,3,9,100.0,,False,437.999
4135,2.305,24.094,178.8,530.0035,-1,1,15,97.6,,False,1686.3331093366457
4136,2.486,24.918,188.65,293.2106,-1,2,9,97.5,,False,434.999
4139,2.402,31.366,233.25,502.3541,-1,1,9,98.1,,False,8194.999
4140,2.629,24.805,183.16,662.9673,-1,2,7,96.6,,False,2580.5556666666666
4142,2.878,31.99,237.57,531.3679,-1,2,4,78.8,,False,3236.999
4143,2.097,28.632,213.22,473.231,-1,3,12,100.0,,False,1065.999
4144,2.12,31.078,230.86,523.3652,-1,3,9,96.7,,False,1863.999
4145,1.346,25.096,188.74,345.1459,-1,2,8,100.0,,False,3431.999
4147,2.978,33.261,246.39,592.3663,-1,2,5,100.0,,False,188.999
4148,3.261,28.261,214.49,279.2318,-1,2,9,100.0,,False,2692.999
4150,2.3,24.029,181.38,313.2377,-1,2,13,70.8,,False,2140.52368061544
4151,3.284,33.144,245.83,561.4173,-1,3,7,89.7,,False,1990.999
4152,1.428,26.343,196.98,409.1665,-1,3,13,100.0,,False,2269.999
4153,0.825,18.199,141.3,181.063,-1,2,5,100.0,,False,356.999
4160,3.61,33.899,251.19,585.4751,-1,2,8,100.0,,False,2117.999
4165,4.554,27.167,203.57,385.3108,-1,2,10,100.0,,False,1442.999
4169,2.188,29.279,218.32,453.3223,-1,2,7,91.1,,False,4249.999
4170,3.016,31.112,231.33,505.3551,-1,2,6,86.4,,False,5141.999
4175,1.857,29.189,216.97,507.2347,-1,3,9,96.5,,False,1581.999
4176,2.093,27.764,205.43,610.9723,-1,3,15,100.0,,False,248.7459156604118
4177,1.983,28.011,209.14,432.2768,-1,2,12,97.7,,False,2616.999
4179,2.681,32.182,239.02,529.4117,-1,2,9,100.0,,False,4145.999
4180,1.228,17.987,136.65,264.8476,-1,6,8,98.4,,False,3218.999
4181,2.503,21.113,161.76,227.1995,-1,2,10,96.5,,False,965.999
4182,2.765,42.379,311.38,952.5752,-1,4,13,100.0,,False,876.999
4184,3.35,30.082,225.05,407.3158,-1,3,9,84.9,,False,4111.999
4185,3.176,23.722,178.16,357.0124,-1,3,6,100.0,,False,5574.999
4187,2.331,28.675,213.62,467.2412,-1,2,11,100.0,,False,169.999
4188,4.351,30.164,224.47,487.38,-1,2,10,98.8,,False,5307.999
4191,0.544,18.99,145.05,238.9995,-1,2,11,100.0,,False,3476.999
4192,3.449,30.932,229.79,522.357,-1,2,8,99.5,,False,1340.999
4193,3.468,33.251,246.71,553.4125,-1,2,4,79.4,,False,6016.999
4194,0.65,26.498,198.55,385.1676,-1,2,10,100.0,,False,2197.999
4196,3.558,26.286,199.28,285.2207,-1,2,13,100.0,,False,1748.999
4197,0.546,19.555,149.94,223.0596,-1,2,12,100.0,,False,1046.999
4199,1.943,29.935,222.46,514.2572,-1,2,6,99.0,,False,377.999
4202,2.084,23.253,175.95,295.1538,-1,2,10,100.0,,False,2060.999
4203,3.144,28.166,210.06,449.2677,-1,1,9,91.9,,False,2336.999
4204,1.976,22.765,173.99,239.1632,-1,2,12,99.3,,False,1906.999
4208,2.901,30.682,228.03,513.3581,-1,2,8,81.1,,False,3847.999
4209,3.131,28.709,214.08,451.3431,-1,4,5,60.4,,False,4196.610258429442
4211,2.702,32.04,238.03,523.3158,-1,3,11,98.3,,False,2010.999
4212,2.956,31.409,234.31,449.327,-1,3,11,100.0,,False,2547.999
4213,1.963,18.015,140.07,177.0894,-1,2,14,100.0,,False,1091.5529169313322
4214,0.738,25.301,189.62,381.1941,-1,2,6,99.9,,False,409.999
4222,3.638,33.791,250.47,577.484,-1,3,7,55.9,,False,1411.1190797565173
4223,2.833,30.92,229.57,534.2819,-1,3,11,100.0,,False,1009.999
4224,4.183,29.533,220.48,435.3474,-1,2,6,98.7,,False,3087.999
4226,1.225,27.252,203.71,415.2152,-1,3,13,100.0,,False,2826.999
4227,2.656,31.305,232.84,499.3641,-1,2,10,94.4,,False,2971.999
4230,2.181,25.456,191.42,347.2578,-1,2,8,100.0,,False,1114.999
4232,1.742,23.924,195.54,101.0001,-1,1,15,99.3,,False,686.7501921111389
4233,3.321,25.176,190.39,301.1646,-1,3,14,99.5,,False,2148.170616690765
4237,3.635,28.535,210.95,639.0834,-1,3,5,99.7,,False,239.999
4239,2.927,34.773,257.1,650.4081,-1,3,6,55.5,,False,262.999
4240,2.731,29.254,218.02,461.3277,-1,2,7,37.8,,False,1660.999
4241,3.424,19.819,148.21,396.9704,-1,1,10,97.4,,False,1032.999
4243,0.413,23.907,180.15,327.2161,-1,4,10,100.0,,False,945.999
4244,1.723,27.198,203.08,430.296,-1,2,8,94.7,,False,880.999
4247,2.226,27.652,206.77,411.3102,-1,2,8,93.7,,False,2174.999
4248,3.408,30.592,228.11,455.3738,-1,3,3,70.6,,False,5175.999
4251,0.665,24.039,180.64,352.0846,-1,3,9,97.5,,False,865.999
4252,2.194,23.417,177.79,273.998,-1,1,17,99.0,,False,156.5188060878536
4253,2.593,26.703,200.22,377.2687,-1,2,11,43.0,,False,3129.999
4254,3.014,31.029,231.1,475.3419,-1,2,8,93.7,,False,1870.999
4255,1.083,28.258,212.07,369.1731,-1,3,12,90.8,,False,3438.999
4256,1.738,31.866,239.23,368.9752,-1,2,10,100.0,,False,2519.999
4257,3.245,29.979,224.32,405.2997,-1,3,4,67.8,,False,7241.999
4259,3.425,23.099,176.95,229.1942,-1,2,12,99.9,,False,718.999
4260,3.436,22.079,168.37,249.1837,-1,2,11,100.0,,False,910.999
4262,1.287,29.317,218.84,437.1976,-1,3,10,100.0,,False,2860.999
4264,4.829,39.786,293.0,816.5813,-1,2,5,47.3,,False,2301.999
4266,0.571,24.273,186.74,213.0209,-1,2,12,96.9,,False,1988.999
4267,3.049,29.197,217.28,486.2995,-1,2,10,91.1,,False,1476.999
4269,2.161,22.027,168.96,222.9996,-1,1,13,98.1,,False,1446.704634242679
4274,0.791,29.017,216.2,465.2491,-1,3,10,100.0,,False,1100.999
4276,2.514,29.766,221.87,459.2309,-1,3,8,100.0,,False,3266.1112222222223
4277,1.882,22.722,335.81,315.6424,-2,4,7,100.0,,False,3409.999
4278,3.529,26.571,199.5,363.326,-1,2,13,100.0,,False,3604.444555555556
4279,3.001,29.643,221.5,423.3834,-1,3,7,93.7,,False,3561.999
4280,2.471,17.642,136.86,183.0102,-1,3,12,100.0,,False,1288.2514751463214
4281,2.486,27.049,202.37,403.187,-1,2,11,100.0,,False,390.999
4282,0.388,23.084,173.18,367.1046,-1,2,14,98.3,,False,1840.999
4284,3.396,30.696,228.77,463.4835,-1,3,8,72.8,,False,4287.999
4285,2.199,27.463,203.98,518.9846,-1,1,6,96.5,,False,5940.649512746551
4286,0.374,17.67,262.47,246.0728,-2,3,8,100.0,,False,2445.999
4289,2.322,32.813,243.75,526.3214,-1,3,9,100.0,,False,5704.999
4293,2.193,26.625,197.06,600.9837,-1,2,14,100.0,,False,1456.4177174205865
4294,4.474,33.943,249.98,797.1176,-1,5,12,100.0,,False,1610.2223333333332
4295,3.33,33.595,248.62,618.3802,-1,3,13,93.5,,False,1285.5404643443032
4296,2.748,34.839,257.88,616.3904,-1,3,9,100.0,,False,5058.999
4297,1.754,26.807,200.92,382.2589,-1,3,4,97.1,,False,1241.999
4298,1.959,24.396,184.12,315.2522,-1,3,3,72.8,,False,3550.999
4300,1.21,28.185,210.17,451.1765,-1,2,11,100.0,,False,2983.999
4302,0.37,18.032,139.23,197.0651,-1,2,9,100.0,,False,1241.999
4303,2.124,31.234,231.56,569.273,-1,3,7,100.0,,False,1428.999
4305,2.069,22.265,169.21,267.1962,-1,2,9,87.0,,False,693.999
4308,0.646,17.26,131.9,234.9232,-1,2,8,100.0,,False,4172.999
4309,3.981,32.371,240.94,487.3784,-1,2,8,100.0,,False,2951.999
4310,4.339,27.565,206.43,392.3529,-1,2,9,68.8,,False,325.6667777777777
4311,0.634,27.603,210.23,259.0269,-1,2,6,72.1,,False,3454.999
4312,4.242,24.303,183.76,301.2528,-1,2,12,100.0,,False,1683.999
4313,3.943,40.03,294.51,865.5088,-1,3,10,100.0,,False,3174.999
4314,2.189,23.417,177.91,269.985,-1,1,18,99.3,,False,155.0178344764986
4315,2.58,29.321,218.14,491.3383,-1,2,10,99.5,,False,1977.999
4316,1.111,24.447,183.54,361.1648,-1,2,12,100.0,,False,1850.999
4318,2.19,23.409,179.61,222.9971,-1,1,13,98.6,,False,350.8343566151243
4319,4.669,33.707,250.36,529.429,-1,3,5,82.4,,False,9478.999
4320,3.158,20.877,160.7,209.1889,-1,2,13,100.0,,False,1287.999
4321,3.252,26.853,201.28,381.3355,-1,2,9,96.0,,False,102.71686407441172
4322,1.766,27.4,204.05,471.1697,-1,3,11,100.0,,False,3951.999
4323,0.711,26.945,217.03,116.9703,-1,1,11,70.8,,False,341.33344444444447
4324,3.958,22.468,170.94,261.2201,-1,2,9,100.0,,False,1592.999
4326,2.587,20.283,155.06,236.1045,-1,1,10,55.8,,False,468.33344444444447
4327,1.993,29.165,217.49,451.3065,-1,2,12,88.5,,False,2282.777888888889
4328,2.892,22.233,169.35,255.2327,-1,4,7,93.7,,False,2379.999
4332,1.441,29.487,218.79,546.2775,-1,3,9,100.0,,False,5323.999
4334,2.763,41.371,304.44,858.5366,-1,4,6,100.0,,False,917.999
4336,3.643,36.487,277.08,279.2332,-1,1,9,94.5,,False,101.999
4337,2.057,18.291,139.31,251.8923,-1,5,8,100.0,,False,721.999
4338,0.24,37.953,278.76,964.3322,-1,3,14,96.3,,False,991.999
4339,3.144,25.481,191.53,351.2896,-1,2,8,93.0,,False,2060.999
4341,2.516,13.819,109.58,134.8918,-1,4,9,65.8,,False,329.77788888888915
4343,2.291,25.618,192.44,357.2271,-1,2,13,100.0,,False,2224.777888888889
4346,2.998,28.259,210.76,448.2826,-1,1,10,98.7,,False,1179.999
4347,0.96,13.222,108.28,96.9574,-1,1,11,99.6,,False,2376.999
4348,3.573,32.525,240.81,604.3641,-1,2,10,98.0,,False,584.6667777777777
4349,2.636,27.915,208.46,429.2019,-1,2,9,100.0,,False,974.999
4350,2.698,30.114,224.47,459.3126,-1,2,7,100.0,,False,6469.999
4351,1.975,18.566,141.41,251.9645,-1,4,10,100.0,,False,4559.999
4353,1.507,31.967,236.61,611.3811,-1,3,10,96.8,,False,1650.999
4356,2.231,29.407,219.28,453.3218,-1,2,5,65.8,,False,5596.999
4360,2.591,23.161,174.68,318.9789,-1,1,13,98.8,,False,1862.000111111111
4362,1.058,25.075,189.7,298.144,-1,3,10,100.0,,False,962.999
4363,0.373,26.092,195.07,410.9874,-1,2,14,100.0,,False,335.2223333333333
4365,3.303,34.055,252.18,603.4305,-1,4,4,82.1,,False,12597.999
4366,4.154,40.775,299.81,901.5529,-1,3,11,100.0,,False,602.999
4367,3.626,39.737,292.71,800.5757,-1,4,5,52.7,,False,1162.999
4368,0.404,12.543,104.95,80.9639,-1,1,11,99.5,,False,527.999
4369,2.762,27.185,201.08,618.9619,-1,2,12,100.0,,False,485.999
4370,3.013,22.526,171.33,263.1997,-1,3,11,100.0,,False,63.666777777777725
4372,3.413,30.472,226.9,477.3578,-1,3,5,56.8,,False,1934.999
4374,0.376,24.978,187.58,359.2036,-1,2,3,100.0,,False,216.999
4375,2.713,32.223,239.21,540.3313,-1,3,7,97.6,,False,2945.999
4376,2.508,23.18,176.1,269.9848,-1,1,15,98.5,,False,1140.3365857162187
4377,2.322,30.337,224.91,566.2503,-1,2,11,100.0,,False,1892.999
4379,3.399,27.077,202.92,383.3162,-1,3,10,68.2,,False,1231.1112222222223
4383,2.238,24.275,183.4,307.2265,-1,2,4,96.4,,False,1118.999
4384,3.928,36.777,271.42,714.6571,-1,2,3,44.0,,False,8882.999
4386,3.183,33.919,251.92,532.3414,-1,3,9,100.0,,False,2526.999
4388,2.994,35.031,277.63,141.0153,-1,1,13,99.1,,False,853.3334444444445
4389,3.053,32.378,239.96,578.3471,-1,2,6,100.0,,False,284.6667777777777
4392,2.657,28.869,215.02,471.1074,-1,5,9,100.0,,False,2934.999
4397,2.247,29.942,222.55,510.2891,-1,3,8,100.0,,False,4144.999
4399,3.374,19.452,149.87,205.1574,-1,2,11,84.9,,False,2443.999
4402,4.362,21.287,160.31,329.0459,-1,3,6,100.0,,False,2058.999
4403,1.737,30.763,229.92,420.992,-1,1,14,97.5,,False,1767.6286960553891
4405,3.634,23.51,178.9,261.2203,-1,2,11,88.3,,False,1313.999
4406,1.94,22.787,172.68,285.1154,-1,3,13,100.0,,False,841.7996134127882
4409,3.49,31.685,235.09,550.3524,-1,3,8,100.0,,False,272.999
4410,2.988,31.079,230.74,534.3238,-1,3,7,100.0,,False,411.999
4411,3.137,28.935,216.16,425.3265,-1,2,4,79.6,,False,7892.999
4413,0.281,27.447,202.06,792.4294,-1,1,15,96.9,,False,919.999
4416,2.606,30.152,224.05,516.3103,-1,2,11,100.0,,False,1801.999
4417,3.835,37.798,278.62,769.5609,-1,3,5,54.6,,False,1940.999
4421,3.398,29.19,217.35,476.3159,-1,1,11,97.9,,False,1111.999
4423,4.499,27.639,206.73,407.3526,-1,2,9,87.2,,False,594.999
4426,1.894,22.9,173.54,285.2057,-1,2,7,100.0,,False,1150.999
4427,2.179,24.04,181.47,313.2367,-1,2,7,46.7,,False,1621.666777777778
4431,2.987,36.281,267.78,714.5113,-1,4,3,57.1,,False,3531.999
4432,2.565,26.253,196.53,395.2193,-1,3,8,100.0,,False,1567.999
4433,2.053,27.403,204.5,438.1948,-1,3,7,100.0,,False,2617.999
4434,3.439,30.548,227.6,467.5157,-1,3,6,76.0,,False,431.999
4436,3.465,32.39,241.02,491.3755,-1,2,9,43.5,,False,3288.999
4437,0.251,16.423,136.36,87.0073,-1,1,14,97.1,,False,322.139450141824
4439,3.317,26.425,198.33,366.344,-1,1,9,56.9,,False,31.49128225068307
4442,0.839,21.93,166.21,283.0266,-1,3,5,100.0,,False,359.999
4443,2.271,26.693,200.05,383.3135,-1,3,4,56.3,,False,2490.999
4444,1.359,26.909,200.7,446.2907,-1,2,10,98.4,,False,4713.999
4445,2.565,32.45,240.8,549.3804,-1,5,9,60.1,,False,2522.999
4446,2.892,35.326,261.4,625.4702,-1,5,10,93.7,,False,1366.999
4447,3.085,33.857,250.34,645.3886,-1,3,10,100.0,,False,3517.999
4450,2.112,22.273,169.65,255.2322,-1,2,7,49.9,,False,2691.999
4451,1.862,25.662,191.82,413.267,-1,2,12,100.0,,False,1664.999
4453,2.588,23.164,176.01,268.9813,-1,1,13,99.0,,False,1673.999
4454,2.151,30.797,228.65,534.2688,-1,3,11,100.0,,False,4135.999
4455,2.842,24.593,185.38,325.236,-1,2,6,62.7,,False,3334.999
4457,3.775,30.281,226.2,427.3219,-1,3,12,100.0,,False,1146.999
4461,2.476,31.702,235.4,533.3839,-1,2,8,50.5,,False,1274.2223333333334
4462,0.374,19.092,146.3,225.0645,-1,2,4,100.0,,False,3884.999
4463,1.739,18.572,148.92,120.9968,-1,1,14,99.7,,False,55.57551897004396
4464,3.605,32.578,242.63,477.3037,-1,3,10,100.0,,False,2920.999
4465,2.861,27.456,205.4,405.3003,-1,2,4,80.5,,False,3188.999
4468,2.753,25.499,191.89,340.2862,-1,1,7,75.2,,False,1909.000111111111
4470,3.555,32.662,242.08,576.3699,-1,2,3,92.4,,False,212.999
4471,3.73,24.057,181.95,299.2364,-1,2,7,85.6,,False,1421.999
4473,2.62,28.931,215.18,495.2533,-1,3,6,100.0,,False,1298.999
4474,1.819,28.43,211.68,476.247,-1,3,12,100.0,,False,300.4445555555556
4475,2.724,26.275,197.13,370.3013,-1,1,12,96.5,,False,714.999
4476,1.072,32.068,237.4,607.1521,-1,3,13,100.0,,False,1266.999
4477,4.037,33.896,251.14,587.4333,-1,4,6,52.8,,False,4621.999
4478,0.843,27.836,208.15,411.184,-1,2,13,100.0,,False,1320.999
4480,3.637,22.503,171.22,261.22,-1,2,11,96.6,,False,1023.999
4481,1.593,26.421,198.51,356.2571,-1,2,7,99.5,,False,4530.999
4482,0.905,18.029,137.2,255.8689,-1,3,11,100.0,,False,3195.999
4483,3.206,38.443,283.62,734.574,-1,5,5,99.9,,False,3030.999
4484,2.924,20.328,155.41,236.1028,-1,1,8,63.0,,False,1753.999
4485,2.427,25.1,189.86,299.2372,-1,2,6,96.7,,False,334.999
4486,1.834,29.909,222.41,501.3008,-1,2,4,98.7,,False,2892.999
4488,0.408,31.731,246.26,187.0051,-1,2,7,98.3,,False,1424.999
4489,2.361,27.684,207.41,387.2538,-1,2,11,82.4,,False,1528.999
4491,4.123,32.538,241.73,524.4399,-1,3,6,96.5,,False,4135.999
4493,3.277,29.84,222.52,452.346,-1,1,6,53.6,,False,4121.999
4496,2.823,24.521,184.92,321.2411,-1,2,7,80.9,,False,441.0001111111111
4499,0.53,19.163,150.93,149.0582,-1,2,9,100.0,,False,61.999
4500,3.467,31.999,237.42,551.3599,-1,4,5,93.7,,False,1382.999
4501,0.47,29.296,217.32,550.2469,-1,3,13,100.0,,False,1047.999
4502,0.419,26.015,214.16,94.9233,-1,1,15,50.2,,False,628.1112222222223
4504,4.189,28.268,211.45,407.3543,-1,2,8,98.2,,False,4598.999
4505,2.454,22.221,169.26,255.2311,-1,2,9,62.2,,False,541.1112222222223
4506,2.076,32.931,243.72,617.306,-1,4,8,100.0,,False,4696.999
4508,1.513,20.906,159.66,241.0956,-1,2,10,100.0,,False,1803.999
4509,2.104,23.241,179.17,205.1214,-1,2,10,100.0,,False,971.999
4512,1.94,25.17,189.22,349.2365,-1,2,8,91.7,,False,2481.999
4513,2.179,24.098,181.89,314.2386,-1,2,9,96.5,,False,2365.999
4514,4.003,33.911,251.09,604.4646,-1,2,8,96.5,,False,1224.999
4517,1.82,26.536,198.74,390.2312,-1,2,8,98.7,,False,6575.999
4518,3.634,32.26,239.63,525.4187,-1,4,7,90.4,,False,1042.999
4519,2.777,31.657,234.79,560.3349,-1,2,6,92.0,,False,4867.999
4520,2.316,30.568,227.28,505.354,-1,2,5,63.2,,False,2934.999
4521,1.587,23.38,176.47,313.2354,-1,2,6,70.5,,False,3925.000111111111
4522,1.742,22.551,171.4,267.1131,-1,2,12,100.0,,False,2039.709956112008
4523,2.299,27.127,202.54,431.2193,-1,2,4,100.0,,False,8315.999
4526,2.35,37.33,275.68,695.4705,-1,4,4,100.0,,False,1908.999
4528,1.017,27.055,201.76,448.3058,-1,3,10,100.0,,False,344.999
4529,0.464,17.252,130.79,275.8466,-1,4,9,98.1,,False,96.999
4530,2.428,30.561,226.87,537.3252,-1,4,3,100.0,,False,6889.999
4531,2.396,24.675,187.5,269.9844,-1,1,16,98.7,,False,956.4242402282048
4534,0.366,24.45,184.51,316.115,-1,1,9,97.6,,False,3719.999
4538,3.705,35.12,259.5,669.4051,-1,3,9,100.0,,False,1819.999
4539,2.071,31.03,230.42,531.3682,-1,2,7,82.4,,False,3895.999
4540,3.614,34.511,255.9,569.4796,-1,3,5,64.8,,False,5572.999
4541,2.24,26.565,200.44,319.2621,-1,2,11,96.9,,False,829.999
4542,2.683,33.462,247.46,640.3481,-1,3,6,100.0,,False,6104.999
4549,0.368,20.81,162.77,164.0688,-1,2,13,100.0,,False,1234.999
4551,0.245,24.008,197.12,96.9583,-1,1,13,98.9,,False,1253.4445555555556
4552,1.873,19.183,146.9,228.0401,-1,4,9,100.0,,False,2444.999
4556,0.421,21.855,166.03,269.1738,-1,2,11,100.0,,False,1539.3334444444445
4557,1.742,29.74,220.7,543.0264,-1,4,9,100.0,,False,3946.999
4558,1.135,29.128,218.67,367.1577,-1,2,5,66.3,,False,2715.999
4560,3.099,25.744,193.75,339.3262,-1,2,6,84.4,,False,653.2223333333334
4563,2.149,20.557,155.7,286.0237,-1,3,3,52.5,,False,114.999
4564,0.943,23.312,175.19,350.0688,-1,2,9,100.0,,False,1887.999
4566,0.466,20.089,153.34,243.0307,-1,2,8,100.0,,False,366.999
4567,0.386,23.235,174.42,361.1035,-1,2,9,100.0,,False,2122.999
4568,3.817,34.7,256.85,615.4632,-1,3,9,85.2,,False,1281.999
4570,3.432,28.346,211.64,432.3166,-1,1,10,98.0,,False,1644.999
4571,3.961,31.492,233.88,528.4121,-1,3,10,100.0,,False,2132.999
4573,2.383,27.94,208.3,454.2902,-1,3,5,82.4,,False,142.999
4574,2.804,30.004,223.66,459.3459,-1,2,9,53.9,,False,1984.999
4575,2.597,27.389,205.41,375.2919,-1,2,4,98.2,,False,1277.999
4578,4.084,35.357,261.05,697.3805,-1,7,10,99.3,,False,2215.999
4580,1.542,28.933,214.92,520.2719,-1,3,9,100.0,,False,5582.999
4582,3.192,35.901,264.87,726.1059,-1,3,11,100.0,,False,2432.999
4583,2.163,33.908,250.95,618.3431,-1,2,6,100.0,,False,1121.999
4585,3.337,31.532,233.97,548.3376,-1,3,5,96.0,,False,420.999
4586,0.55,18.11,139.26,211.0341,-1,2,6,98.8,,False,2483.999
4589,3.215,25.847,193.6,388.0371,-1,1,3,97.8,,False,7566.999
4591,3.154,36.96,272.71,726.5481,-1,2,5,49.1,,False,2434.999
4593,1.954,30.34,225.8,487.3424,-1,2,6,98.0,,False,3592.999
4594,1.854,22.286,169.75,255.2314,-1,1,7,39.9,,False,2868.999
4595,0.321,28.213,223.49,141.0156,-1,1,13,95.4,,False,484.889
4596,2.217,32.026,238.5,477.2696,-1,4,6,98.3,,False,10761.999
4597,3.326,26.853,202.09,341.2677,-1,2,10,100.0,,False,3063.999
4599,2.566,33.396,247.25,607.4596,-1,3,9,87.0,,False,1409.999
4601,2.526,26.252,196.89,374.2686,-1,2,10,97.7,,False,2635.999
4603,2.377,31.043,230.79,507.3695,-1,2,5,60.8,,False,2811.999
4604,1.177,32.589,244.71,367.1573,-1,2,7,91.7,,False,1357.999
4607,4.609,34.437,255.12,591.4642,-1,2,6,67.0,,False,3095.777888888889
4610,2.785,35.808,264.48,684.3529,-1,3,12,100.0,,False,743.999
4611,2.035,25.4,190.83,355.2841,-1,2,8,48.3,,False,1682.999
4612,2.828,29.844,222.49,457.3324,-1,2,9,100.0,,False,1427.999
4613,3.374,33.207,246.09,581.4438,-1,2,3,65.0,,False,1307.999
4614,0.786,24.425,184.02,329.2319,-1,2,9,98.7,,False,1985.999
4615,2.045,12.13,96.85,123.9,-1,1,10,79.3,,False,983.999
4617,2.441,34.413,272.72,141.0149,-1,1,17,95.9,,False,131.33320414558375
4618,2.9,30.334,225.32,523.3063,-1,2,10,100.0,,False,2237.999
4619,2.651,27.671,206.72,423.1417,-1,5,11,100.0,,False,2570.999
4620,2.71,21.856,165.3,297.0467,-1,3,24,100.0,,False,1814.354310995166
4621,2.426,30.959,230.19,505.3533,-1,2,5,65.0,,False,5386.999
4622,1.314,34.937,262.33,369.1746,-1,2,11,100.0,,False,2811.999
4625,1.579,28.946,215.83,453.1482,-1,5,11,100.0,,False,2131.999
4628,4.148,19.802,151.27,239.0579,-1,3,7,100.0,,False,3854.999
4629,0.381,15.366,121.9,135.0061,-1,2,8,98.2,,False,1747.999
4630,2.642,26.817,200.94,385.3295,-1,2,9,77.3,,False,1845.999
4633,1.088,23.695,178.46,331.1541,-1,2,12,100.0,,False,1819.999
4634,3.892,31.018,230.51,514.3952,-1,1,10,97.7,,False,2529.999
4635,3.207,38.193,281.49,776.5626,-1,2,3,67.2,,False,5417.999
4636,2.464,27.425,204.56,445.2344,-1,3,7,100.0,,False,771.0001111111111
4638,1.666,23.526,178.13,291.1589,-1,2,10,100.0,,False,1617.999
4644,1.482,24.919,187.45,343.2479,-1,2,10,100.0,,False,664.999
4645,3.152,32.449,240.84,544.3192,-1,3,10,98.5,,False,2080.999
4648,3.773,46.321,339.91,1060.8002,-1,7,10,100.0,,False,369.999
4650,2.649,35.499,277.95,165.0385,-1,3,10,100.0,,False,1661.999
4651,3.166,26.068,195.04,401.1303,-1,3,12,82.4,,False,236.33344444444447
4652,2.491,21.26,163.06,223.2048,-1,2,6,100.0,,False,1916.999
4653,2.867,27.013,202.0,409.1437,-1,2,8,99.2,,False,1342.999
4654,2.495,28.436,211.97,457.2805,-1,2,9,100.0,,False,1240.6667777777777
4655,4.456,29.427,219.6,441.3933,-1,2,6,89.4,,False,1570.999
4658,3.006,28.759,214.81,427.341,-1,3,7,97.3,,False,4264.999
4661,0.655,16.433,125.55,234.9242,-1,2,11,98.0,,False,3589.999
4662,3.763,33.913,251.45,570.4826,-1,1,8,90.5,,False,988.999
4665,4.291,40.84,300.27,907.5414,-1,5,8,99.0,,False,4182.999
4666,1.006,13.651,106.35,168.833,-1,1,6,89.3,,False,1281.999
4668,0.475,29.082,215.95,528.2644,-1,3,8,100.0,,False,1863.999
4673,1.978,19.856,149.34,338.0014,-1,1,14,98.1,,False,667.220556320786
4674,0.962,24.726,186.3,329.1734,-1,2,4,100.0,,False,273.999
4675,3.73,28.547,213.42,415.3213,-1,2,10,97.2,,False,1577.1112222222223
4676,2.257,22.216,165.24,480.9388,-1,2,8,100.0,,False,949.999
4677,2.214,27.511,205.39,432.215,-1,1,7,97.2,,False,766.0001111111111
4678,3.54,29.58,221.62,389.3415,-1,3,6,82.4,,False,5458.999
4679,3.674,27.816,208.16,401.3424,-1,2,13,92.7,,False,1925.999
4681,3.721,37.852,279.0,770.5717,-1,2,7,51.7,,False,2291.999
4682,2.421,37.667,277.8,745.4143,-1,3,7,100.0,,False,1273.7778888888888
4683,0.991,26.527,197.63,462.9758,-1,7,7,100.0,,False,5573.999
4687,1.507,29.738,222.05,433.2951,-1,3,6,100.0,,False,1052.999
4688,3.329,38.21,281.62,776.5637,-1,2,3,71.3,,False,8313.999
4693,2.642,24.696,186.25,321.2777,-1,2,8,97.7,,False,2949.999
4697,1.358,23.476,177.15,315.2175,-1,3,8,93.7,,False,517.999
4700,2.083,26.077,195.66,369.2999,-1,2,7,66.7,,False,2947.999
4701,3.908,32.121,238.95,497.42,-1,2,4,38.6,,False,5010.999
4702,3.084,23.893,180.92,291.1964,-1,2,16,100.0,,False,1101.7981534733635
4703,1.359,25.028,187.81,367.2136,-1,2,9,99.3,,False,1309.999
4704,2.231,25.777,193.45,367.1936,-1,3,7,99.4,,False,524.999
4705,2.164,23.881,180.04,323.1061,-1,3,21,100.0,,False,191.99327862756763
4706,3.163,31.156,232.26,459.311,-1,2,8,100.0,,False,2495.999
4707,4.018,33.625,248.9,611.4927,-1,2,3,73.9,,False,337.999
4708,1.069,24.671,185.83,331.1894,-1,2,9,99.4,,False,258.999
4709,3.528,28.304,248.65,59.0611,-1,1,5,77.0,,False,4522.999
4710,1.586,31.586,234.26,559.3485,-1,3,5,100.0,,False,191.999
4713,2.804,29.667,222.01,403.2854,-1,2,11,99.6,,False,2483.999
4714,2.502,28.46,212.64,423.3104,-1,2,8,81.6,,False,3505.999
4715,3.935,33.909,255.7,329.0456,-1,3,10,100.0,,False,2971.999
4716,0.437,18.122,143.87,135.0425,-1,2,8,100.0,,False,996.999
4717,2.962,33.542,248.6,579.4289,-1,2,9,52.9,,False,1123.999
4720,1.867,24.681,186.09,323.2205,-1,2,11,93.7,,False,1549.7778888888888
4721,3.907,39.011,287.74,745.5728,-1,3,9,74.2,,False,659.4625545670627
4722,3.07,31.888,236.47,562.3162,-1,2,9,100.0,,False,181.999
4723,4.542,29.604,221.01,435.3845,-1,2,11,72.8,,False,335.999
4724,2.135,25.695,190.38,569.9665,-1,3,5,91.2,,False,1432.999
4726,1.615,22.295,169.82,255.2314,-1,2,6,45.1,,False,2742.999
4729,2.029,24.908,187.74,326.2683,-1,3,6,100.0,,False,6179.3334444444445
4730,2.687,30.576,226.97,537.3252,-1,3,10,100.0,,False,2313.999
4732,1.472,23.506,177.03,331.1907,-1,2,11,100.0,,False,2649.999
4734,0.709,25.095,207.08,92.9257,-1,1,11,86.2,,False,667.5065217309827
4735,3.608,25.225,189.89,337.1915,-1,4,11,100.0,,False,479.999
4736,0.386,23.527,176.59,363.0142,-1,2,8,99.6,,False,700.999
4739,2.643,34.08,266.81,165.0388,-1,2,11,100.0,,False,1279.999
4741,4.054,21.777,164.65,299.0246,-1,3,12,97.7,,False,355.58800969455956
4743,2.465,27.107,203.91,345.2781,-1,2,8,92.0,,False,2971.999
4744,1.46,25.434,191.06,357.2062,-1,2,8,89.3,,False,522.999
4745,2.752,42.766,318.68,476.2787,-1,2,12,99.1,,False,2893.999
4747,1.122,13.623,111.22,99.9246,-1,2,11,48.1,,False,296.9756651653379
4748,1.98,22.182,170.33,218.9839,-1,1,10,98.5,,False,1493.999
4749,1.542,26.262,196.81,383.1881,-1,2,8,100.0,,False,1397.999
4750,2.404,29.534,219.58,503.2646,-1,2,11,100.0,,False,1984.999
4753,2.638,31.847,235.98,582.2829,-1,2,10,100.0,,False,223.999
4754,3.818,29.328,218.97,433.3327,-1,2,5,58.3,,False,1227.999
4755,2.458,30.386,225.97,499.4036,-1,3,4,99.1,,False,3426.999
4757,2.405,19.614,150.86,211.1319,-1,2,14,100.0,,False,568.6165708949625
4761,1.45,31.895,235.89,634.2962,-1,3,14,100.0,,False,1510.999
4762,2.889,41.858,307.79,904.573,-1,3,8,95.3,,False,1631.999
4763,2.954,26.772,200.69,380.3154,-1,1,7,96.5,,False,1318.999
4764,0.681,27.182,202.73,446.2916,-1,3,10,100.0,,False,1256.999
4767,2.94,25.352,190.8,339.2543,-1,2,8,96.3,,False,1209.4445555555556
4768,1.991,32.167,239.34,493.2643,-1,3,8,100.0,,False,1804.999
4770,2.878,27.842,207.74,441.1067,-1,5,11,100.0,,False,3157.999
4771,1.46,29.655,220.52,501.3065,-1,3,10,62.3,,False,736.999
4772,2.465,30.889,229.69,503.3376,-1,2,10,84.5,,False,1829.999
4774,3.72,33.285,247.05,545.422,-1,2,4,47.6,,False,3289.999
4776,1.532,25.325,189.73,385.1697,-1,3,9,100.0,,False,3907.999
4778,0.926,29.28,217.25,546.3048,-1,2,8,100.0,,False,7603.999
4779,2.93,25.259,190.32,329.2477,-1,2,9,99.4,,False,809.999
4780,1.502,24.068,181.78,309.2051,-1,2,4,85.5,,False,629.999
4782,0.368,25.9,194.69,351.1314,-1,3,10,100.0,,False,1342.999
4784,0.393,29.845,220.53,657.0,-1,3,12,100.0,,False,498.999
4787,0.45,19.273,163.52,74.023,-1,1,12,98.6,,False,560.999
4788,1.065,28.315,212.51,369.1731,-1,3,11,91.2,,False,2411.999
4789,4.218,40.363,296.94,873.5525,-1,3,4,93.7,,False,3422.999
4790,4.296,37.538,276.76,759.5236,-1,3,6,100.0,,False,194.44455555555555
4791,4.589,32.014,238.05,505.4252,-1,3,10,90.6,,False,2076.499768423296
4792,2.547,20.976,160.87,223.167,-1,2,8,100.0,,False,1256.999
4793,3.138,28.375,212.03,421.3667,-1,3,6,76.0,,False,3908.999
4794,1.973,28.11,210.58,389.3055,-1,2,13,98.7,,False,1710.999
4795,2.589,37.64,277.67,735.4309,-1,3,6,100.0,,False,1087.999
4798,3.452,40.142,295.56,823.567,-1,3,6,77.3,,False,676.999
4799,2.11,32.329,240.04,535.3122,-1,3,8,100.0,,False,2163.999
4800,4.141,29.059,217.12,423.3478,-1,2,9,75.1,,False,1402.999
4801,4.108,30.661,228.83,441.3368,-1,2,11,100.0,,False,1195.999
4802,3.651,27.952,209.04,409.3342,-1,3,7,79.6,,False,2658.5703860321332
4803,2.279,13.211,108.19,96.9573,-1,1,13,99.7,,False,158.47829256332273
4805,2.778,22.881,170.04,497.9458,-1,2,15,100.0,,False,538.2223333333334
4807,0.514,20.034,296.54,288.6181,-2,3,6,100.0,,False,2818.999
4808,0.402,28.351,210.07,574.9939,-1,2,14,100.0,,False,54.777888888888896
4810,3.382,30.072,224.98,407.3159,-1,2,11,82.4,,False,2187.999
4811,4.015,32.717,242.37,589.3452,-1,5,10,100.0,,False,3309.999
4812,3.107,26.969,201.71,407.1454,-1,4,7,98.4,,False,4167.999
4813,1.99,36.24,267.63,693.4375,-1,1,3,96.5,,False,111.999
4814,2.796,28.685,213.5,483.2508,-1,2,10,91.3,,False,1348.999
4815,1.876,21.577,164.09,263.1315,-1,2,17,99.1,,False,1136.889097006108
4816,3.299,32.092,238.54,511.5507,-1,3,6,90.2,,False,1184.999
4817,1.833,21.383,163.32,241.1789,-1,2,10,100.0,,False,527.999
4818,2.471,29.068,216.25,491.1955,-1,4,11,100.0,,False,1276.1112222222223
4821,2.692,31.01,230.13,544.3076,-1,3,9,98.9,,False,1433.999
4822,0.661,19.421,149.22,215.0358,-1,3,10,100.0,,False,710.999
4823,2.193,20.837,162.43,171.9963,-1,1,12,98.6,,False,582.0655456297366
4824,3.221,24.091,184.66,227.2003,-1,2,11,99.5,,False,1245.999
4831,1.064,28.342,211.33,452.137,-1,3,12,100.0,,False,2087.999
4834,3.223,34.504,255.1,650.4049,-1,2,6,96.6,,False,515.999
4837,2.038,23.008,173.94,301.1101,-1,2,12,100.0,,False,2373.999
4838,0.942,24.569,185.11,329.2317,-1,2,11,98.4,,False,939.4445555555556
4839,3.715,25.338,189.66,395.2459,-1,3,6,100.0,,False,947.999
4841,3.777,46.351,340.12,1062.8184,-1,5,9,98.3,,False,533.999
4842,0.274,23.632,175.12,560.5921,-1,1,16,98.0,,False,571.5556666666666
4845,3.899,39.723,292.37,843.5189,-1,6,5,62.5,,False,5805.999
4846,4.1,31.745,236.82,449.3624,-1,2,6,77.0,,False,2055.999
4847,0.862,16.174,125.7,176.9502,-1,5,8,99.0,,False,231.999
4849,4.669,25.492,191.45,359.1523,-1,3,10,100.0,,False,764.999
4851,2.798,34.186,253.01,618.4076,-1,3,7,70.5,,False,3945.999
4853,0.34,20.905,159.62,242.0987,-1,2,9,100.0,,False,2340.999
4856,1.303,32.041,240.54,369.1722,-1,2,10,95.1,,False,347.999
4858,2.767,43.002,315.87,977.5718,-1,3,9,100.0,,False,2432.999
4859,1.63,24.417,181.6,486.9333,-1,1,18,98.6,,False,441.732882455801
4860,2.56,36.935,272.91,673.3599,-1,4,6,97.3,,False,200.999
4861,2.001,30.667,227.42,559.2984,-1,3,9,100.0,,False,2510.999
4862,3.995,22.793,173.37,263.2365,-1,2,16,100.0,,False,605.889
4863,1.597,24.146,182.13,319.1924,-1,2,10,100.0,,False,4114.999
4865,1.6,21.127,160.96,253.0959,-1,1,9,97.9,,False,1839.999
4868,2.127,21.65,165.51,237.149,-1,2,6,90.2,,False,154.999
4870,2.394,24.782,183.65,562.9567,-1,2,11,100.0,,False,671.999
4874,2.467,22.234,169.35,255.2308,-1,2,7,72.1,,False,2537.999
4876,2.519,34.196,252.6,679.3094,-1,3,10,100.0,,False,1575.999
4877,3.098,24.098,185.91,203.1783,-1,2,11,98.9,,False,725.999
4878,1.187,27.191,238.88,59.0128,-1,1,15,95.8,,False,3891.8028561135743
4881,2.074,36.069,266.06,735.4051,-1,3,10,100.0,,False,1808.999
4882,2.83,26.993,202.04,398.2741,-1,3,10,100.0,,False,572.999
4884,2.614,29.045,216.45,462.2064,-1,3,13,100.0,,False,1073.5049016530752
4885,3.253,31.282,232.28,533.2819,-1,5,9,100.0,,False,2161.999
4886,3.933,26.828,201.31,369.338,-1,3,6,100.0,,False,4091.999
4887,0.885,23.371,188.16,116.9704,-1,1,13,49.4,,False,392.4017130474417
4888,0.805,25.335,189.61,397.2258,-1,3,9,100.0,,False,1443.999
4890,0.247,24.8,362.53,661.2567,-2,4,10,100.0,,False,792.999
4893,2.912,29.307,223.4,255.2316,-1,2,12,100.0,,False,1367.999
4895,1.73,29.134,216.36,525.2903,-1,3,11,100.0,,False,2923.999
4900,2.479,31.407,235.51,381.2048,-1,2,11,100.0,,False,698.999
4905,2.731,21.122,161.83,227.2001,-1,2,6,100.0,,False,6942.222333333333
4906,1.315,20.427,156.2,235.1325,-1,1,11,86.8,,False,620.0001111111111
4908,2.449,23.967,187.63,163.1103,-1,2,10,100.0,,False,1740.999
4909,4.219,40.993,301.57,876.5833,-1,2,4,100.0,,False,2763.999
4910,2.839,23.541,206.73,59.0127,-1,1,12,99.8,,False,475.999
4911,3.548,26.532,199.11,368.2196,-1,2,12,100.0,,False,777.999
4912,0.401,19.195,146.88,231.1218,-1,2,5,100.0,,False,319.999
4913,2.752,30.732,227.76,576.2037,-1,3,9,100.0,,False,1010.999
4914,2.755,30.951,229.99,516.3111,-1,4,10,98.2,,False,591.999
4915,3.454,29.291,218.18,470.3323,-1,1,10,65.8,,False,1770.999
4917,3.181,32.387,240.48,534.3888,-1,1,5,52.4,,False,5848.999
4918,0.503,21.55,163.13,291.0181,-1,3,3,100.0,,False,2718.999
4921,3.546,31.754,235.48,562.3526,-1,2,11,97.4,,False,1874.999
4922,2.308,30.728,228.47,505.3519,-1,2,4,70.0,,False,3918.999
4923,2.706,29.688,220.24,550.9433,-1,6,4,100.0,,False,965.999
4924,1.601,21.475,163.69,251.1169,-1,2,7,100.0,,False,2091.999
4926,0.381,19.101,145.59,249.0037,-1,2,7,98.6,,False,353.999
4927,3.35,33.75,249.94,601.4137,-1,4,10,82.4,,False,2173.999
4928,0.355,15.604,125.52,116.0695,-1,1,14,99.4,,False,1018.999
4929,2.325,28.67,213.68,460.2436,-1,2,8,96.7,,False,3512.999
4930,4.291,25.958,194.55,381.228,-1,3,11,100.0,,False,1027.871407438125
4931,2.583,41.341,304.0,900.5439,-1,5,10,100.0,,False,220.999
4935,2.479,23.965,194.67,107.0847,-1,1,10,99.2,,False,1702.999
4937,2.504,23.224,176.22,277.2153,-1,2,12,97.3,,False,449.889
4939,0.376,20.754,158.43,243.1575,-1,2,7,100.0,,False,820.999
4941,3.821,28.734,214.72,421.3324,-1,2,6,75.5,,False,5898.77407158077
4943,1.54,30.212,223.87,578.2784,-1,4,3,97.1,,False,10570.999
4945,2.052,29.502,220.32,431.3173,-1,2,5,93.1,,False,4898.999
4946,0.557,18.406,144.1,160.9538,-1,1,6,97.5,,False,1784.999
4947,4.485,28.309,210.81,472.2478,-1,3,8,94.9,,False,392.999
4948,3.142,23.014,174.18,293.2109,-1,2,9,92.6,,False,1018.999
4949,3.375,29.192,221.44,283.2626,-1,2,8,99.4,,False,1261.999
4952,0.37,24.377,183.32,345.0142,-1,2,13,100.0,,False,483.999
4953,0.445,25.006,187.97,350.1495,-1,2,9,100.0,,False,570.999
4957,3.144,33.817,250.59,584.4621,-1,3,8,56.1,,False,3178.999
4958,3.896,28.378,211.38,469.0601,-1,6,9,100.0,,False,201.999
4959,3.136,27.411,205.59,375.3265,-1,2,4,81.8,,False,9407.999
4960,0.374,19.147,146.45,233.0095,-1,3,6,99.0,,False,1115.999
4962,4.366,33.365,247.35,573.5783,-1,3,5,52.5,,False,10701.999
4963,3.547,46.464,340.96,1062.8158,-1,7,6,100.0,,False,2998.999
4964,3.302,28.432,212.29,432.3173,-1,1,11,76.8,,False,1655.999
4965,1.826,22.713,172.69,265.2148,-1,2,11,98.8,,False,1869.999
4966,0.402,17.189,133.32,183.0271,-1,2,4,96.5,,False,589.999
4969,2.627,31.924,237.08,531.3692,-1,2,7,63.3,,False,1645.999
4970,3.252,28.42,212.9,389.2701,-1,2,3,100.0,,False,4821.999
4972,3.825,34.678,257.41,545.422,-1,2,4,87.7,,False,5787.999
4973,1.521,31.612,234.1,598.2137,-1,3,9,100.0,,False,1242.999
4974,2.319,34.411,254.67,619.2917,-1,2,10,89.0,,False,1533.999
4976,1.978,19.844,148.39,396.9697,-1,2,10,100.0,,False,1490.999
4977,2.544,30.549,226.61,552.275,-1,3,11,100.0,,False,1639.999
4978,1.875,23.338,176.32,306.173,-1,2,10,100.0,,False,1361.999
4979,0.864,28.804,214.51,473.2744,-1,2,3,100.0,,False,1967.999
4980,3.622,29.972,222.86,502.3304,-1,3,8,99.5,,False,809.999
4982,3.522,46.691,342.51,1084.8043,-1,7,10,100.0,,False,1321.999
4983,4.184,41.141,302.47,909.7137,-1,3,4,55.6,,False,1160.999
4986,3.233,34.82,257.68,623.4538,-1,7,6,94.7,,False,3030.999
4987,0.836,20.552,154.83,324.9021,-1,3,11,100.0,,False,2464.999
4988,1.436,19.731,152.5,195.1368,-1,2,10,100.0,,False,1534.999
4989,3.535,28.056,210.32,381.3,-1,2,11,100.0,,False,2589.999
4990,3.806,28.711,214.99,395.3154,-1,2,8,89.5,,False,2504.999
4991,2.532,25.745,194.02,328.1841,-1,2,6,83.2,,False,377.6667777777777
4992,0.511,17.109,131.07,224.0597,-1,3,4,97.5,,False,80.999
4994,1.564,26.069,195.57,371.278,-1,2,10,98.4,,False,3653.999
4996,3.17,34.701,257.16,583.4629,-1,2,3,52.3,,False,5865.999
4997,0.918,28.894,215.27,465.2505,-1,2,12,100.0,,False,681.999
4998,0.371,25.469,190.73,390.142,-1,2,9,100.0,,False,1707.999
5000,2.007,27.069,202.66,395.2805,-1,2,10,100.0,,False,2277.999
5001,0.557,28.634,220.4,213.0202,-1,2,6,62.7,,False,1639.999
5004,4.227,46.407,340.52,1064.8335,-1,7,12,100.0,,False,534.999
5005,3.873,36.636,270.26,732.5031,-1,4,9,78.6,,False,261.44455555555555
5006,4.611,32.39,240.42,541.4483,-1,2,6,81.3,,False,318.999
5007,1.975,27.364,204.74,403.2839,-1,2,9,100.0,,False,2695.999
5009,1.335,24.986,188.63,313.1178,-1,2,7,100.0,,False,1438.999
5010,2.068,26.545,199.55,351.2521,-1,2,6,82.0,,False,3466.999
5011,3.148,33.576,249.05,559.4718,-1,3,6,52.5,,False,1802.4445555555556
5012,2.867,20.32,155.34,236.1033,-1,2,6,60.2,,False,1575.999
5013,3.19,30.35,225.42,525.2648,-1,3,7,100.0,,False,1234.999
5014,0.483,17.225,131.72,231.868,-1,3,10,98.8,,False,529.999
5015,4.631,34.712,256.88,621.5112,-1,2,10,93.3,,False,1600.999
5018,3.488,36.186,267.16,700.5292,-1,2,6,53.7,,False,1408.999
5019,4.521,44.347,325.7,984.7505,-1,7,18,88.2,,False,613.2846417711785
5020,2.563,26.876,211.48,152.9937,-1,1,11,91.8,,False,1244.999
5023,0.573,20.376,154.93,263.0032,-1,3,11,100.0,,False,410.999
5024,1.341,15.05,120.02,126.9931,-1,4,5,100.0,,False,3322.999
5027,2.094,37.109,272.15,1080.932,-1,3,9,100.0,,False,1999.4445555555558
5028,2.343,23.885,180.59,301.2363,-1,3,7,62.4,,False,2576.999
5029,2.014,26.578,199.18,383.2801,-1,2,11,81.9,,False,2264.666777777778
5034,1.879,24.566,185.13,327.2162,-1,2,11,100.0,,False,1197.999
5037,0.331,23.479,185.27,146.9812,-1,1,14,96.7,,False,533.999
5041,0.379,20.379,155.49,245.0463,-1,2,8,97.5,,False,546.999
5042,2.508,29.233,217.64,478.2006,-1,3,14,97.7,,False,819.953272740782
5043,1.586,32.368,239.23,656.3464,-1,3,7,100.0,,False,2913.999
5044,0.756,19.98,150.43,329.0979,-1,2,9,91.6,,False,61.11670983382601
5045,0.414,20.717,158.72,227.126,-1,2,10,100.0,,False,803.999
5048,2.487,12.231,102.65,78.9569,-1,1,11,99.6,,False,2268.999
5050,4.391,39.136,288.28,804.5604,-1,6,3,93.7,,False,2624.999
5051,2.587,28.368,211.39,462.2629,-1,3,7,100.0,,False,2333.999
5055,3.322,33.146,245.77,568.3633,-1,3,5,93.7,,False,1713.999
5059,3.002,33.771,250.11,598.3755,-1,3,9,85.2,,False,1539.999
5060,1.979,32.457,240.43,591.2897,-1,4,8,100.0,,False,4353.999
5062,4.52,31.854,236.74,515.4117,-1,2,8,80.4,,False,900.999
5063,2.565,27.688,206.4,455.2222,-1,2,6,93.7,,False,3385.999
5064,2.703,27.506,205.37,431.3164,-1,2,11,97.7,,False,1767.999
5067,2.762,24.36,183.75,319.2269,-1,2,16,88.4,,False,1085.3804322535093
5068,3.3,26.001,195.48,349.3102,-1,2,13,93.7,,False,2958.999
5072,0.366,24.358,182.98,355.1295,-1,1,4,96.5,,False,2043.999
5073,3.635,31.687,235.55,510.3888,-1,1,6,43.1,,False,2385.999
5074,4.038,31.877,236.5,552.4116,-1,2,9,98.3,,False,2296.999
5078,3.116,30.975,229.95,537.3206,-1,3,8,100.0,,False,2821.999
5080,2.399,24.629,189.18,218.9839,-1,1,18,99.4,,False,598.276738359687
5083,0.552,19.103,160.41,79.9548,-1,2,11,99.1,,False,564.999
5084,2.007,28.188,209.96,469.2265,-1,3,10,100.0,,False,647.7778888888889
5085,2.058,20.626,155.26,331.8492,-1,5,8,100.0,,False,511.999
5086,0.715,25.903,193.32,435.1819,-1,3,13,100.0,,False,1796.999
5088,1.583,25.485,191.48,355.2474,-1,2,9,77.9,,False,948.3334444444445
5090,4.081,30.764,229.03,481.3897,-1,2,11,89.2,,False,1331.999
5093,3.17,24.667,185.98,323.2569,-1,2,9,89.7,,False,1788.999
5095,0.373,23.215,174.3,359.0792,-1,3,8,100.0,,False,604.999
5096,3.48,23.283,174.36,387.0335,-1,3,11,100.0,,False,1662.5556666666666
5097,1.826,23.138,175.29,287.2213,-1,2,14,90.2,,False,1695.897161282285
5099,2.577,29.721,221.54,459.3111,-1,2,6,50.4,,False,3437.999
5100,2.43,28.424,211.8,463.2071,-1,2,10,100.0,,False,1001.999
5103,2.932,29.799,222.12,459.3113,-1,2,9,72.4,,False,1130.999
5105,3.868,42.046,309.34,871.6938,-1,4,8,98.0,,False,3349.999
5107,2.603,34.2,252.58,686.3324,-1,3,8,100.0,,False,1959.999
5108,1.458,20.928,310.53,262.6181,-2,2,6,100.0,,False,1556.999
5109,2.773,28.94,215.69,460.2601,-1,2,10,95.2,,False,832.999
5111,2.137,30.26,225.06,497.3495,-1,2,10,91.8,,False,2885.999
5114,2.566,24.013,180.73,337.1535,-1,3,4,100.0,,False,2215.999
5115,2.762,30.337,225.92,475.3421,-1,2,7,98.1,,False,1450.999
5116,3.093,24.343,183.77,313.273,-1,2,10,92.8,,False,1130.1112222222223
5119,3.702,30.189,224.53,498.3655,-1,3,6,75.1,,False,2632.999
5121,3.188,25.104,189.24,325.2154,-1,2,11,99.7,,False,1309.999
5122,1.482,30.832,228.79,546.3122,-1,3,10,97.3,,False,4921.999
5123,3.109,36.3,267.67,749.4408,-1,3,9,100.0,,False,1618.999
5124,2.208,26.067,195.55,371.2789,-1,2,7,86.9,,False,1752.999
5125,3.263,23.669,179.27,289.2157,-1,2,11,100.0,,False,731.999
5128,2.079,23.413,177.22,293.2096,-1,2,8,82.4,,False,1650.999
5130,1.73,17.104,129.56,280.9803,-1,1,12,98.8,,False,1694.999
5131,3.241,32.302,239.89,531.3693,-1,2,4,50.0,,False,5284.999
5132,3.723,28.403,212.47,407.3155,-1,2,9,89.1,,False,2033.999
5133,3.912,41.949,308.65,869.6789,-1,7,5,52.5,,False,1227.999
5137,3.376,45.594,334.65,1034.787,-1,6,11,98.9,,False,1064.999
5139,1.335,36.924,272.58,705.4137,-1,3,12,100.0,,False,701.999
5141,2.803,35.319,261.06,660.3517,-1,3,7,100.0,,False,1519.999
5142,3.633,28.616,214.2,399.3454,-1,2,6,97.7,,False,1866.999
5143,2.574,27.565,206.04,416.2824,-1,2,8,96.5,,False,420.999
5145,0.447,18.485,141.56,227.0289,-1,2,9,100.0,,False,6026.999
5147,2.434,24.032,185.14,208.1084,-1,2,9,100.0,,False,1769.999
5151,4.121,33.134,245.91,547.4381,-1,4,5,89.3,,False,3031.999
5152,3.085,30.065,223.9,475.3427,-1,2,7,52.2,,False,2186.999
5155,3.302,30.531,227.24,485.3253,-1,3,11,99.0,,False,1816.999
5156,2.771,29.2,220.84,303.232,-1,2,8,100.0,,False,1570.999
5158,0.468,20.448,161.62,143.1059,-1,2,11,99.1,,False,744.999
5160,2.63,43.749,320.94,1076.5784,-1,4,9,100.0,,False,2365.999
5161,2.152,31.014,231.44,443.3165,-1,2,11,100.0,,False,1279.999
5164,4.663,33.91,295.74,61.9878,-1,1,9,99.0,,False,312.6606175081479
5169,1.663,25.901,194.9,341.2093,-1,2,3,99.1,,False,286.999
5171,3.445,34.18,252.84,634.4085,-1,2,5,100.0,,False,560.999
5177,1.756,33.158,245.09,656.3465,-1,2,6,100.0,,False,3437.999
5178,3.872,40.669,299.02,905.5264,-1,5,10,100.0,,False,3486.999
5179,2.889,31.893,236.28,586.3163,-1,4,7,100.0,,False,1003.999
5183,4.087,35.876,264.93,693.4749,-1,3,10,82.4,,False,1141.999
5185,2.997,20.23,154.83,231.0563,-1,4,6,100.0,,False,2199.999
5186,3.185,20.302,155.28,234.1121,-1,1,11,98.5,,False,1309.999
5187,3.253,26.502,198.47,391.3211,-1,2,11,100.0,,False,2519.999
5188,2.901,20.425,155.88,244.0314,-1,3,9,100.0,,False,2961.999
5189,4.725,34.305,253.66,645.4069,-1,6,8,100.0,,False,3203.999
5192,2.798,35.396,261.29,705.4133,-1,4,11,100.0,,False,425.5699331203232
5194,2.181,27.978,243.92,61.9868,-1,1,11,99.6,,False,1002.1112222222223
5195,4.547,33.435,248.4,525.4508,-1,2,7,82.4,,False,1865.999
5196,3.055,26.822,201.31,367.2828,-1,2,8,87.9,,False,2683.444555555556
5197,3.841,38.962,287.8,687.5489,-1,3,8,82.4,,False,719.999
5198,3.055,30.645,227.64,522.324,-1,3,5,100.0,,False,608.999
5199,2.685,33.212,245.89,606.3462,-1,4,5,100.0,,False,1661.999
5200,3.694,25.231,189.88,339.2899,-1,2,16,66.3,,False,579.9350368837052
5201,2.255,22.86,172.97,295.148,-1,2,8,100.0,,False,2084.999
5204,1.475,27.206,203.64,398.2321,-1,1,9,96.5,,False,2251.999
5205,3.945,34.602,304.18,59.0121,-1,1,7,97.9,,False,382.889
5207,3.613,33.363,247.06,601.2243,-1,4,15,100.0,,False,1125.6667777777777
5209,0.534,19.47,152.18,165.0901,-1,2,10,100.0,,False,550.999
5210,3.677,27.345,204.84,389.342,-1,2,11,98.4,,False,431.999
5211,2.837,28.922,215.38,474.2999,-1,2,7,100.0,,False,1007.999
5213,0.394,22.297,169.06,281.1738,-1,2,10,100.0,,False,988.999
5217,2.065,27.811,207.57,437.2197,-1,1,4,92.9,,False,62.88900000000001
5218,1.162,25.653,192.32,378.1004,-1,3,9,100.0,,False,1154.999
5220,3.1,28.849,215.49,427.3417,-1,3,8,96.5,,False,875.999
5221,1.393,25.196,188.93,375.1833,-1,3,9,100.0,,False,951.999
5222,4.087,28.295,211.49,417.3,-1,2,5,100.0,,False,2726.999
5224,2.683,26.949,201.67,400.2844,-1,2,8,97.9,,False,1285.999
5226,1.174,32.253,238.6,627.3761,-1,2,9,100.0,,False,2454.999
5227,2.99,25.42,191.58,327.2517,-1,2,5,100.0,,False,1829.999
5232,2.284,28.104,210.39,397.2943,-1,2,5,94.7,,False,1839.999
5233,2.486,40.048,294.73,848.5113,-1,3,10,100.0,,False,1204.999
5234,1.635,28.356,211.37,457.2804,-1,2,6,94.1,,False,750.999
5235,3.493,33.509,248.48,566.4521,-1,1,5,42.9,,False,3860.999
5237,3.536,27.719,205.0,625.0667,-1,2,10,100.0,,False,980.999
5240,1.28,35.696,263.84,661.3864,-1,3,11,100.0,,False,706.999
5242,3.79,29.134,216.94,475.3428,-1,3,6,97.8,,False,1250.8697560965302
5244,1.924,27.214,203.57,406.2617,-1,1,8,97.8,,False,435.999
5245,2.566,30.763,228.33,540.3098,-1,2,10,100.0,,False,1387.999
5247,2.79,34.136,252.73,608.3585,-1,1,7,96.5,,False,1473.999
5248,3.542,32.94,244.49,543.4438,-1,3,7,68.9,,False,99.66677777777775
5249,4.162,31.334,232.54,544.3788,-1,1,12,98.0,,False,1042.999
5250,4.202,38.625,284.34,829.4954,-1,2,7,96.5,,False,3356.444555555556
5252,0.276,27.44,201.98,798.4198,-1,1,15,96.5,,False,555.999
5257,2.336,33.954,250.94,662.3332,-1,3,5,100.0,,False,7349.999
5262,2.688,29.523,219.6,495.2746,-1,1,6,88.5,,False,1544.999
5264,4.144,31.817,237.17,461.3634,-1,3,8,92.1,,False,1613.999
5265,3.103,30.739,228.68,492.3814,-1,1,4,38.8,,False,3043.999
5267,3.008,26.791,200.57,395.3164,-1,2,8,99.1,,False,2109.4513400725273
5272,4.747,35.802,264.42,685.5333,-1,2,9,100.0,,False,782.999
5273,2.907,24.528,184.93,323.2572,-1,2,9,85.4,,False,1509.9025532408
5274,2.85,26.271,197.4,355.2877,-1,2,3,94.0,,False,3275.999
5275,2.861,31.191,232.67,449.3284,-1,3,10,100.0,,False,2766.999
5278,3.749,22.063,168.11,253.2149,-1,2,6,90.5,,False,1127.999
5279,1.475,23.581,176.67,382.894,-1,6,5,100.0,,False,4491.999
5280,3.187,34.902,258.49,600.3965,-1,3,8,99.1,,False,3426.999
5281,2.781,27.024,202.32,395.3152,-1,2,8,96.5,,False,2167.999
5283,0.316,24.483,358.08,628.7302,-2,4,9,100.0,,False,803.999
5284,3.715,18.147,139.62,208.9737,-1,3,6,100.0,,False,2671.999
5285,1.655,23.796,177.62,428.9759,-1,2,9,46.6,,False,2042.55231935551
5286,1.214,27.706,207.21,409.1668,-1,3,10,100.0,,False,2152.999
5287,2.294,22.696,172.04,283.1067,-1,2,8,79.3,,False,822.999
5288,2.462,29.361,218.9,455.3397,-1,2,6,82.4,,False,676.999
5289,1.077,29.721,220.44,555.1268,-1,3,12,100.0,,False,1367.999
5290,3.311,28.286,211.56,409.2766,-1,2,7,100.0,,False,822.5556666666666
5291,2.711,18.374,141.18,213.9853,-1,3,5,100.0,,False,6134.999
5292,4.628,24.857,187.37,325.3101,-1,2,13,100.0,,False,505.7174963714803
5295,1.115,27.476,206.19,369.1743,-1,2,11,91.2,,False,2589.999
5298,0.357,22.692,182.68,116.9697,-1,1,7,64.6,,False,953.777888888889
5299,3.012,29.826,222.28,462.3302,-1,1,8,59.2,,False,382.999
5301,3.303,39.915,294.06,799.5639,-1,3,6,52.5,,False,1746.7778888888888
5306,2.082,29.664,220.91,475.304,-1,2,5,100.0,,False,2900.999
5307,2.196,20.882,158.62,268.9802,-1,1,8,98.9,,False,1441.999
5308,2.387,30.094,224.09,477.3212,-1,2,6,60.3,,False,3571.999
5309,1.736,24.15,179.46,502.9964,-1,1,13,98.3,,False,381.278731673578
5311,2.506,26.88,201.43,384.3107,-1,2,8,98.8,,False,1436.999
5315,3.244,24.49,183.52,381.1938,-1,3,9,100.0,,False,1661.999
5317,3.515,21.638,165.23,242.2192,-1,2,14,99.5,,False,6876.716101103137
5319,1.306,24.387,183.4,345.1443,-1,3,7,98.2,,False,1200.999
5321,2.222,31.612,234.23,582.2693,-1,3,9,100.0,,False,1042.999
5322,3.678,35.774,264.12,699.4389,-1,3,4,85.5,,False,92.999
5323,3.225,33.666,249.53,577.4853,-1,3,8,77.0,,False,1286.7191791139367
5325,3.282,22.809,173.61,259.2055,-1,2,12,97.2,,False,623.999
5327,2.53,42.225,310.21,965.5238,-1,3,5,100.0,,False,6933.999
5331,3.183,25.731,192.16,425.2217,-1,2,11,100.0,,False,1569.999
5333,3.101,38.121,280.87,790.5427,-1,4,5,52.5,,False,1326.999
5334,0.843,21.223,167.97,141.0144,-1,2,9,70.6,,False,882.999
5335,3.721,25.182,189.73,329.3661,-1,2,3,69.5,,False,4221.999
5336,2.715,25.903,194.25,375.2528,-1,2,9,100.0,,False,3132.999
5339,2.587,25.983,194.79,378.2413,-1,2,11,65.1,,False,947.8932613017844
5340,2.408,25.336,190.73,337.194,-1,2,3,99.3,,False,9937.999
5341,3.691,37.519,276.73,739.4699,-1,3,7,100.0,,False,2555.999
5342,2.657,36.597,286.57,165.0386,-1,2,8,99.4,,False,1326.999
5343,2.899,28.167,210.28,434.2671,-1,1,5,96.5,,False,2341.999
5344,3.064,29.432,220.05,415.3214,-1,2,11,99.6,,False,1030.999
5347,1.286,28.276,208.81,673.9797,-1,3,9,100.0,,False,368.999
5349,2.472,29.944,223.29,453.3218,-1,2,9,84.6,,False,1281.999
5350,2.693,26.439,198.17,381.3003,-1,1,11,75.6,,False,1867.6667777777777
5353,1.481,29.928,222.41,513.3077,-1,2,12,92.8,,False,425.999
5354,2.783,31.742,236.59,463.3418,-1,2,4,44.7,,False,584.999
5355,1.472,23.718,178.99,315.2158,-1,2,4,97.6,,False,3425.999
5356,2.899,24.836,187.04,333.2043,-1,2,10,94.6,,False,327.999
5358,3.027,43.289,322.55,478.2943,-1,2,10,100.0,,False,3086.999
5359,2.611,28.183,210.19,448.2843,-1,2,7,99.0,,False,367.999
5360,2.551,32.356,239.87,570.3466,-1,3,7,100.0,,False,2048.999
5361,4.723,31.968,237.45,527.4111,-1,2,8,92.1,,False,2247.999
5362,2.214,27.417,239.0,61.9869,-1,1,12,90.6,,False,1277.999
5363,1.582,27.712,206.89,433.2805,-1,2,10,100.0,,False,446.999
5366,0.667,23.539,178.77,272.1275,-1,2,8,100.0,,False,728.999
5368,3.734,26.49,198.84,365.342,-1,2,13,82.0,,False,2358.5275996265927
5369,2.997,33.776,250.29,583.4609,-1,3,4,56.5,,False,1142.999
5371,3.551,28.011,209.46,411.3489,-1,2,10,93.4,,False,1827.2183741665667
5375,2.068,28.329,211.14,458.2302,-1,2,10,100.0,,False,2336.999
5376,2.183,34.828,265.11,265.1449,-1,3,12,100.0,,False,1966.565326566967
5377,1.389,20.921,159.2,259.0617,-1,4,6,100.0,,False,921.999
5378,0.367,20.88,159.3,246.0722,-1,2,13,99.1,,False,980.999
5379,3.151,39.189,288.86,772.5519,-1,3,11,100.0,,False,960.999
5380,1.757,25.953,194.96,357.2633,-1,3,6,90.2,,False,3187.999
5382,3.655,33.942,251.56,578.4884,-1,2,4,98.8,,False,347.90239144193254
5384,3.691,41.849,307.9,869.678,-1,4,8,73.8,,False,1411.999
5386,4.461,30.406,225.58,550.2581,-1,1,7,99.1,,False,179.999
5387,2.785,27.148,203.13,402.3003,-1,2,11,100.0,,False,1614.999
5388,3.008,34.4,254.57,621.4393,-1,5,12,80.9,,False,1479.999
5389,2.009,29.234,218.16,441.3215,-1,2,10,92.4,,False,3097.999
5391,3.649,31.705,236.16,472.3532,-1,3,6,52.5,,False,4774.999
5393,2.305,31.496,234.0,521.3495,-1,2,11,84.4,,False,2389.999
5394,2.156,31.105,230.71,556.2518,-1,2,10,98.9,,False,1224.999
5395,3.7,18.174,139.83,208.9743,-1,3,5,98.4,,False,5114.999
5397,1.602,30.652,227.52,539.2399,-1,4,8,100.0,,False,280.999
5398,1.469,25.02,187.22,399.1935,-1,4,9,100.0,,False,1802.999
5400,3.38,29.706,219.74,625.0607,-1,4,6,100.0,,False,3390.999
5402,2.276,24.139,179.42,498.931,-1,2,7,95.5,,False,1210.999
5404,2.326,33.652,248.57,679.2497,-1,3,11,100.0,,False,865.999
5405,3.604,32.935,244.86,509.3336,-1,3,8,100.0,,False,1402.999
5407,3.729,37.646,277.51,768.5557,-1,3,3,52.5,,False,2526.999
5409,3.494,40.092,294.94,866.5248,-1,2,4,60.7,,False,56.88900000000001
5410,2.729,34.566,255.32,681.3261,-1,3,9,100.0,,False,312.999
5411,4.139,16.923,132.2,165.0382,-1,3,8,99.2,,False,2404.999
5412,3.526,32.623,242.96,477.3045,-1,2,7,100.0,,False,2339.999
5413,1.011,13.514,105.56,162.8365,-1,1,8,89.7,,False,1165.6667777777777
5415,4.146,37.218,274.49,745.5604,-1,2,6,41.5,,False,1803.999
5416,3.351,28.296,211.76,401.3434,-1,3,3,52.5,,False,9638.999
5417,1.399,22.624,172.01,265.2154,-1,2,11,100.0,,False,1528.999
5418,1.7,24.057,181.14,334.1686,-1,3,4,99.6,,False,307.999
5419,2.336,27.593,206.92,377.2694,-1,2,4,100.0,,False,1973.999
5420,4.723,32.19,239.13,524.4403,-1,2,8,57.1,,False,724.999
5421,0.832,21.823,165.51,279.1237,-1,2,5,100.0,,False,719.3334444444445
5424,3.767,18.523,142.61,206.9949,-1,3,5,100.0,,False,4220.999
5425,2.9,30.114,225.13,417.3003,-1,2,9,98.8,,False,1967.999
5426,3.801,33.329,246.95,585.4183,-1,4,9,89.9,,False,3726.999
5428,2.398,20.828,154.87,481.9735,-1,2,15,96.5,,False,941.8876766991933
5433,2.436,31.349,233.91,445.3681,-1,3,10,99.3,,False,2652.999
5434,2.209,28.221,210.41,453.262,-1,2,6,80.3,,False,2637.999
5437,1.355,35.622,262.38,797.411,-1,3,5,100.0,,False,2255.999
5440,1.927,21.689,321.36,280.1334,-2,3,3,100.0,,False,3286.999
5442,2.586,26.551,198.94,385.2941,-1,2,5,82.4,,False,2249.666777777778
5444,3.384,30.784,228.68,522.3598,-1,2,5,96.5,,False,1657.999
5446,0.247,13.192,107.8,98.9545,-1,1,6,43.9,,False,1641.999
5447,1.527,24.086,182.11,301.2006,-1,3,8,100.0,,False,837.999
5449,0.654,17.223,130.91,260.9022,-1,2,8,98.6,,False,3123.999
5455,0.7,26.295,197.38,365.1417,-1,2,12,100.0,,False,2187.999
5457,3.054,26.123,195.46,401.1299,-1,3,9,93.7,,False,955.999
5460,1.39,29.126,217.13,457.179,-1,4,7,100.0,,False,282.999
5462,2.262,20.594,158.43,211.2044,-1,2,10,100.0,,False,840.999
5465,2.054,26.905,201.39,397.2948,-1,2,10,82.4,,False,1790.999
5466,3.078,23.249,176.35,279.2309,-1,2,6,59.4,,False,831.1891818028184
5467,1.591,22.114,165.85,368.8288,-1,3,10,100.0,,False,1263.999
5468,0.427,18.868,144.24,234.9713,-1,1,11,98.1,,False,545.999
5470,3.668,31.402,233.49,505.3908,-1,3,10,74.2,,False,1618.999
5471,2.776,29.937,222.43,517.2575,-1,3,10,98.6,,False,849.999
5472,3.042,37.495,276.41,764.5253,-1,5,4,52.5,,False,3557.999
5473,2.328,26.6,199.11,397.218,-1,3,9,100.0,,False,732.999
5476,2.702,34.284,253.69,622.3782,-1,2,5,92.8,,False,202.999
5478,2.196,20.855,157.14,323.9949,-1,1,16,97.8,,False,710.5972153263538
5479,2.334,28.067,209.49,436.1997,-1,3,9,100.0,,False,2294.999
5480,3.771,24.697,186.35,317.2479,-1,2,12,100.0,,False,620.999
5482,3.421,35.128,259.56,671.4035,-1,3,8,100.0,,False,1504.999
5485,2.566,41.232,303.19,900.5444,-1,4,9,100.0,,False,1393.999
5487,2.834,29.528,220.97,403.286,-1,2,12,95.5,,False,2698.999
5488,1.937,29.718,221.3,475.3041,-1,2,7,99.1,,False,1735.999
5491,2.261,26.894,201.11,409.2955,-1,2,6,68.9,,False,1982.999
5492,3.273,29.306,218.68,442.3617,-1,2,6,83.5,,False,1788.999
5494,3.994,40.948,301.09,901.5513,-1,4,11,100.0,,False,1110.999
5497,2.663,26.179,196.38,372.257,-1,3,9,100.0,,False,1484.999
5498,1.521,26.226,195.84,427.1333,-1,3,12,100.0,,False,1268.999
5499,1.074,30.203,224.51,509.1697,-1,3,10,100.0,,False,1980.999
5502,3.376,36.045,266.4,664.3823,-1,3,9,97.5,,False,715.999
5503,0.834,24.91,186.96,365.031,-1,3,5,100.0,,False,148.999
5504,1.863,23.202,175.78,287.2214,-1,2,12,91.5,,False,304.2506822203691
5506,2.49,23.753,179.2,317.1602,-1,3,14,100.0,,False,361.1704169928523
5507,2.206,28.319,228.9,112.983,-1,1,12,99.7,,False,1418.4739250565417
5510,2.302,28.983,234.28,112.9832,-1,1,13,99.8,,False,554.1112222222223
5512,4.174,36.057,266.19,701.5366,-1,3,7,52.5,,False,230.71002060304136
5516,3.126,27.067,202.71,391.3572,-1,3,7,58.3,,False,2491.999
5518,0.775,22.006,166.54,293.0106,-1,3,6,100.0,,False,198.999
5524,2.542,31.599,234.43,552.3359,-1,3,8,56.6,,False,600.999
5525,2.846,25.777,194.0,339.3259,-1,2,5,91.6,,False,783.2223333333334
5527,3.57,29.56,220.44,451.3426,-1,2,6,47.1,,False,2563.999
5529,1.716,23.052,174.58,289.1788,-1,2,7,100.0,,False,915.999
5530,1.09,26.388,197.14,421.2228,-1,2,11,100.0,,False,1078.999
5531,1.465,21.265,161.59,267.0748,-1,2,7,100.0,,False,1277.999
5532,3.905,21.353,160.81,329.0455,-1,3,11,100.0,,False,1612.999
5533,1.558,20.971,158.75,290.0311,-1,3,7,100.0,,False,489.999
5534,1.263,23.004,182.12,141.0139,-1,1,12,44.0,,False,666.999
5536,0.676,16.271,125.27,204.9043,-1,3,9,100.0,,False,2342.999
5539,1.394,17.259,134.32,174.0534,-1,2,11,100.0,,False,2088.999
5540,0.458,26.811,200.86,387.1828,-1,3,10,98.4,,False,1263.999
5543,4.357,40.595,298.51,898.5532,-1,1,6,96.2,,False,948.999
5544,2.803,26.772,200.6,385.2946,-1,3,7,74.2,,False,4197.999
5545,1.155,22.343,168.13,336.9373,-1,4,8,100.0,,False,911.999
5547,2.034,22.164,168.24,273.998,-1,1,15,99.3,,False,394.860528297997
5548,2.089,28.738,213.98,475.2441,-1,3,4,96.6,,False,1021.999
5549,2.07,26.987,201.98,399.3101,-1,2,8,82.4,,False,1042.999
5550,1.603,22.845,172.91,293.0832,-1,2,10,100.0,,False,570.999
5551,2.196,20.979,157.08,384.9892,-1,2,16,100.0,,False,712.2527630959696
5552,1.196,25.274,189.97,351.2169,-1,2,6,80.1,,False,256.889
5553,3.252,25.702,193.43,339.3264,-1,3,9,52.5,,False,205.661490412514
5554,3.01,32.802,243.3,559.4726,-1,3,5,53.3,,False,780.1112222222225
5555,3.112,24.816,186.76,339.2524,-1,2,7,93.3,,False,3657.666777777778
5560,2.312,31.551,233.76,583.2895,-1,3,10,100.0,,False,1415.999
5565,2.017,24.196,182.4,324.2535,-1,1,10,97.9,,False,1662.999
5566,3.964,34.263,254.06,569.4782,-1,3,4,70.0,,False,3797.999
5567,3.242,23.101,173.85,337.1678,-1,2,11,100.0,,False,1481.999
5568,0.367,24.881,186.91,356.157,-1,3,7,100.0,,False,1405.999
5569,0.275,23.633,175.11,562.5895,-1,1,14,98.1,,False,571.999
5571,0.446,19.413,144.74,435.221,-1,2,14,100.0,,False,421.999
5574,1.741,18.706,141.75,280.9807,-1,2,10,100.0,,False,1228.999
5575,1.927,22.817,172.75,291.1572,-1,2,4,100.0,,False,6585.999
5576,2.065,26.7,199.87,396.2756,-1,2,13,98.2,,False,769.4445555555556
5577,2.468,34.898,258.34,613.4471,-1,2,7,100.0,,False,801.999
5578,1.738,20.913,163.23,168.9859,-1,1,8,98.3,,False,1252.999
5579,0.564,33.266,246.09,631.2425,-1,2,10,100.0,,False,1018.999
5580,3.578,32.526,241.62,525.4169,-1,5,10,99.6,,False,1381.999
5581,0.324,28.958,216.47,417.0373,-1,3,4,100.0,,False,116.999
5582,0.243,26.323,384.66,697.2679,-2,4,9,98.9,,False,956.999
5585,1.259,25.706,192.52,389.1355,-1,2,11,100.0,,False,1407.999
5588,2.457,26.014,194.99,380.2561,-1,2,8,51.7,,False,5251.862939317059
5589,0.578,23.196,174.27,353.0321,-1,3,10,100.0,,False,1434.999
5591,2.561,41.213,303.05,900.5422,-1,3,7,100.0,,False,3606.999
5593,1.741,24.096,181.85,315.2501,-1,2,5,66.3,,False,4383.999
5594,2.442,34.614,255.51,703.3105,-1,2,13,100.0,,False,997.999
5595,3.613,27.654,207.03,396.3479,-1,1,12,97.9,,False,1173.6667777777777
5596,2.64,24.9,187.35,341.2097,-1,2,7,89.0,,False,872.999
5599,3.112,26.411,198.23,366.3007,-1,2,18,100.0,,False,22.42240767754606
5600,0.376,27.071,211.64,167.0195,-1,2,8,80.4,,False,498.999
5601,1.25,30.271,226.66,397.2036,-1,2,10,89.5,,False,1529.999
5602,2.211,28.204,210.26,455.2417,-1,2,4,61.4,,False,4286.999
5604,2.42,30.049,223.19,523.3101,-1,3,10,97.7,,False,2747.999
5605,2.726,31.167,231.24,550.3164,-1,2,5,95.0,,False,942.999
5606,2.954,45.663,334.91,1099.7034,-1,4,12,100.0,,False,1122.999
5609,3.483,34.196,253.95,534.3573,-1,3,11,100.0,,False,1326.999
5611,2.037,24.299,183.29,319.2264,-1,2,7,93.7,,False,228.33344444444447
5612,0.743,19.66,149.35,266.9805,-1,1,10,97.9,,False,143.999
5613,0.405,24.31,186.17,231.1112,-1,2,8,100.0,,False,773.999
5615,2.21,23.5,174.53,511.962,-1,2,9,100.0,,False,1664.999
5617,2.847,32.799,244.07,492.3096,-1,3,11,100.0,,False,1040.999
5618,0.389,19.61,150.8,212.0887,-1,1,12,99.4,,False,811.1112222222222
5621,0.617,19.621,149.39,254.9957,-1,2,6,100.0,,False,313.999
5623,2.375,24.033,181.48,310.2417,-1,1,7,96.5,,False,245.999
5624,1.811,13.838,111.17,116.9265,-1,2,9,49.4,,False,503.6317517118805
5627,2.398,24.674,186.0,324.9979,-1,1,16,98.4,,False,630.3136776242474
5628,2.917,32.727,243.08,529.4132,-1,2,8,88.0,,False,2184.999
5630,1.212,34.426,254.79,617.3596,-1,2,12,100.0,,False,704.999
5631,2.534,28.392,212.22,417.2192,-1,3,11,99.2,,False,1295.999
5633,0.926,28.414,211.04,522.2592,-1,4,5,100.0,,False,6187.999
5634,0.712,29.42,219.13,471.1596,-1,4,11,100.0,,False,1537.999
5635,2.352,33.489,247.82,621.3654,-1,3,11,100.0,,False,1323.999
5636,1.677,30.361,225.34,541.2717,-1,3,5,100.0,,False,746.3334444444445
5637,1.853,22.023,167.03,279.1263,-1,3,5,100.0,,False,4702.000111111111
5641,2.395,24.703,186.3,320.9844,-1,1,13,98.2,,False,965.0200144495167
5642,0.579,17.713,134.61,262.9112,-1,2,7,100.0,,False,3466.999
5643,1.568,27.336,204.84,385.2036,-1,3,6,100.0,,False,1334.999
5647,2.758,28.985,215.68,488.2778,-1,2,8,100.0,,False,1015.999
5648,2.631,31.716,235.6,524.3959,-1,1,10,88.8,,False,4621.999
5649,2.25,27.527,205.58,427.2358,-1,2,8,98.3,,False,784.999
5650,0.413,18.507,155.14,80.9643,-1,1,6,97.1,,False,111.999
5651,3.374,29.358,218.99,447.3832,-1,2,5,64.4,,False,2072.999
5652,2.23,22.067,168.71,237.2199,-1,2,7,100.0,,False,880.999
5653,3.063,20.155,154.67,220.1442,-1,2,8,57.5,,False,552.999
5654,2.387,25.786,193.26,381.2035,-1,2,10,100.0,,False,3053.999
5658,3.252,28.517,212.94,431.3165,-1,2,10,63.4,,False,1583.999
5659,3.72,34.753,256.85,662.4237,-1,3,5,100.0,,False,4885.999
5660,1.889,13.675,111.65,99.9234,-1,2,6,93.3,,False,1673.999
5663,3.977,30.273,223.82,641.0935,-1,3,5,100.0,,False,2268.999
5664,4.614,39.47,290.46,853.5293,-1,3,4,74.9,,False,1175.999
5671,1.631,25.665,192.46,375.2734,-1,2,7,100.0,,False,757.999
5675,3.483,32.011,237.35,566.347,-1,2,11,100.0,,False,1301.999
5676,1.961,30.225,224.42,532.2526,-1,3,8,100.0,,False,1049.999
5678,3.008,30.741,228.91,477.3578,-1,1,4,61.3,,False,3875.999
5682,3.49,29.574,220.48,456.3721,-1,2,8,96.5,,False,1681.999
5684,1.874,25.774,193.28,375.1795,-1,4,8,100.0,,False,1593.0001111111112
5687,0.8,24.792,186.38,349.0357,-1,2,10,100.0,,False,2298.999
5693,2.891,42.222,310.39,918.589,-1,3,9,100.0,,False,840.999
5694,2.372,28.95,216.03,441.3218,-1,2,6,58.8,,False,944.999
5696,2.213,35.744,265.02,572.9872,-1,2,12,98.8,,False,1081.6807728589731
5701,2.401,28.238,210.94,425.3258,-1,2,6,82.4,,False,2801.999
5707,0.307,19.206,147.43,218.1019,-1,2,7,99.5,,False,154.999
5709,2.357,33.835,250.53,605.2386,-1,3,8,100.0,,False,988.999
5710,3.218,29.852,222.38,469.3346,-1,2,3,61.3,,False,2931.999
5711,3.063,42.939,315.49,956.6069,-1,3,11,100.0,,False,625.999
5712,1.422,36.621,275.02,369.1713,-1,2,6,89.8,,False,770.999
5713,3.034,32.454,240.95,537.5368,-1,2,7,90.2,,False,539.999
5716,3.866,27.547,204.39,543.0566,-1,3,7,100.0,,False,1642.999
5717,1.527,37.074,272.98,818.4919,-1,4,7,100.0,,False,6331.999
5720,1.505,40.775,299.74,917.4977,-1,4,11,100.0,,False,748.999
5721,2.937,31.509,234.39,497.3851,-1,2,6,93.0,,False,2474.999
5722,1.726,13.634,111.94,95.0119,-1,1,11,99.4,,False,1653.999
5723,2.799,30.785,229.72,443.3167,-1,2,9,97.6,,False,325.999
5725,1.977,25.839,194.14,355.258,-1,2,4,50.4,,False,3694.999
5726,2.487,34.133,252.71,608.3192,-1,2,10,100.0,,False,849.999
5729,0.922,21.491,175.6,100.9999,-1,1,13,99.2,,False,428.6190643516634
5730,2.877,23.257,175.98,295.1527,-1,2,9,100.0,,False,1166.999
5732,1.171,21.665,174.38,116.9696,-1,1,10,70.2,,False,1221.999
5734,2.316,25.183,189.42,344.2875,-1,2,9,98.6,,False,2632.999
5735,1.917,31.456,233.31,557.3321,-1,2,6,100.0,,False,249.7778888888889
5736,2.396,22.207,165.64,435.9896,-1,2,15,100.0,,False,953.2401419110233
5738,2.596,29.144,216.82,491.195,-1,4,12,100.0,,False,298.999
5739,1.435,27.459,205.91,377.2694,-1,2,9,100.0,,False,368.999
5740,3.252,31.226,231.82,537.3575,-1,4,10,100.0,,False,2059.999
5741,3.698,23.694,179.25,297.2409,-1,2,3,60.1,,False,5001.999
5745,2.635,27.973,209.85,373.3103,-1,2,9,93.1,,False,3189.999
5746,2.422,31.189,232.37,469.2629,-1,3,8,100.0,,False,107.999
5752,3.446,29.504,221.05,389.342,-1,2,9,66.7,,False,1051.999
5753,2.956,24.213,182.78,313.2723,-1,2,6,85.3,,False,1068.999
5754,2.319,26.587,198.96,400.2232,-1,2,12,98.7,,False,1846.999
5757,3.018,32.036,237.58,562.3523,-1,3,4,76.0,,False,1502.999
5759,0.723,18.651,139.52,389.8109,-1,2,9,100.0,,False,2098.999
5761,1.741,21.003,156.89,412.9641,-1,2,11,100.0,,False,835.999
5762,1.839,30.764,229.17,471.2359,-1,3,9,89.7,,False,887.999
5763,1.895,30.423,226.07,515.3222,-1,3,7,100.0,,False,426.999
5765,3.943,39.93,294.25,787.6007,-1,3,4,81.3,,False,3405.999
5766,2.757,36.046,266.36,670.4391,-1,3,11,100.0,,False,1275.1112222222223
5767,2.728,36.033,266.22,677.478,-1,3,4,99.0,,False,3823.999
5768,2.915,22.452,170.76,263.2013,-1,2,12,100.0,,False,37.820628208238986
5769,3.51,31.785,235.56,578.3492,-1,3,7,95.3,,False,255.999
5771,2.831,28.376,212.04,421.3672,-1,3,5,72.5,,False,3117.999
5772,0.592,27.302,225.33,92.9259,-1,1,9,51.9,,False,812.999
5776,2.975,33.214,246.4,556.4326,-1,1,5,64.4,,False,3964.999
5777,1.228,17.222,130.72,268.8435,-1,2,7,99.2,,False,3358.999
5778,0.49,27.543,210.36,245.0476,-1,2,7,86.9,,False,2932.999
5779,1.577,29.623,220.57,477.1927,-1,3,9,100.0,,False,2182.999
5780,3.235,39.765,292.93,800.5777,-1,4,7,61.3,,False,289.999
5784,3.207,30.286,232.29,227.1992,-1,2,7,99.5,,False,1153.999
5786,3.174,24.003,181.19,313.2356,-1,1,5,74.6,,False,1726.999
5787,2.748,31.674,233.28,788.9786,-1,2,10,100.0,,False,557.999
5788,3.542,25.747,192.78,392.1657,-1,4,14,100.0,,False,554.999
5789,3.449,27.155,203.55,381.3004,-1,2,9,93.4,,False,781.999
5790,0.372,22.403,174.75,171.0254,-1,2,11,100.0,,False,315.999
5791,1.417,22.368,169.94,269.1278,-1,2,13,100.0,,False,554.999
5793,2.755,32.08,237.69,584.338,-1,2,12,100.0,,False,2087.999
5794,1.35,23.734,179.5,299.1485,-1,2,9,89.7,,False,664.999
5795,0.434,19.332,150.23,179.1421,-1,2,11,99.5,,False,290.999
5798,3.071,24.46,183.43,373.0445,-1,4,18,100.0,,False,1104.7755676274824
5800,0.304,28.62,223.77,167.0185,-1,2,11,91.2,,False,755.999
5801,2.07,26.339,197.53,375.2529,-1,2,7,97.7,,False,3103.999
5802,0.486,17.183,131.46,229.8711,-1,1,9,97.7,,False,434.999
5803,4.466,28.331,211.76,417.3362,-1,2,6,99.5,,False,1744.999
5804,3.663,27.34,204.8,389.3413,-1,2,8,92.4,,False,2023.999
5805,4.428,39.497,290.7,847.541,-1,3,3,81.1,,False,3335.999
5807,1.487,27.096,202.03,451.177,-1,2,12,98.6,,False,1188.999
5808,4.123,27.098,202.95,391.1492,-1,4,9,95.5,,False,650.999
5810,2.532,31.792,235.85,554.2874,-1,2,9,98.7,,False,785.999
5812,0.373,18.424,142.01,202.9999,-1,2,7,89.3,,False,1123.999
5814,2.74,33.144,245.31,615.3775,-1,3,3,87.6,,False,2168.999
5816,1.199,27.877,208.39,415.216,-1,2,11,100.0,,False,1100.999
5820,3.071,32.91,243.82,588.3675,-1,2,4,81.2,,False,682.999
5822,2.791,33.777,250.39,574.4119,-1,1,5,65.1,,False,2378.999
5823,1.44,27.522,206.22,386.3055,-1,3,7,100.0,,False,5381.999
5824,2.587,23.388,173.98,481.9734,-1,2,15,100.0,,False,1172.294570371752
5825,3.28,23.273,176.47,281.3516,-1,1,4,87.9,,False,201.999
5827,1.878,23.458,174.27,505.9544,-1,3,9,100.0,,False,489.999
5829,3.078,28.888,215.3,460.2827,-1,1,5,56.4,,False,3673.999
5832,2.57,32.494,241.01,559.32,-1,3,11,100.0,,False,1273.999
5834,2.08,32.799,243.12,575.3609,-1,2,9,100.0,,False,1912.999
5835,3.719,24.682,185.92,331.0441,-1,2,3,100.0,,False,6319.999
5841,1.567,27.769,208.56,361.2737,-1,2,7,100.0,,False,2027.999
5843,4.757,33.153,246.11,541.4468,-1,4,4,63.6,,False,310.999
5845,1.143,23.644,177.92,339.0164,-1,2,10,100.0,,False,535.999
5848,0.322,18.09,149.85,89.0219,-1,1,10,99.6,,False,922.999
5849,1.952,33.305,246.19,653.3942,-1,3,9,100.0,,False,2734.999
5850,0.274,22.979,170.73,502.632,-1,1,15,98.1,,False,434.999
5851,3.728,25.738,193.41,353.3087,-1,2,6,56.9,,False,2150.444555555556
5853,0.423,23.11,173.37,367.1049,-1,3,11,100.0,,False,388.1112222222223
5855,0.28,22.863,173.72,268.7992,-1,1,14,97.9,,False,650.999
5860,2.636,26.532,198.56,399.2539,-1,1,6,98.3,,False,1344.999
5861,4.061,35.959,265.55,688.5532,-1,3,4,64.9,,False,702.7778888888888
5862,1.525,27.235,203.76,404.3158,-1,3,7,100.0,,False,1451.999
5864,1.832,30.206,224.18,541.2429,-1,3,10,100.0,,False,1327.999
5866,3.312,29.322,219.06,425.269,-1,3,4,100.0,,False,1674.999
5868,0.279,21.09,160.21,268.799,-1,1,13,93.9,,False,684.999
5872,1.152,27.284,204.58,378.1012,-1,3,7,98.1,,False,864.999
5875,4.147,38.894,286.5,800.5298,-1,6,4,59.5,,False,2143.999
5876,1.528,31.213,231.02,612.3126,-1,3,5,95.6,,False,2225.999
5878,4.049,39.549,291.09,845.5286,-1,3,3,52.5,,False,4150.999
5880,1.916,22.375,170.31,259.1897,-1,3,3,93.7,,False,8374.999
5881,2.397,24.634,189.03,222.9974,-1,1,16,98.5,,False,354.24773000964615
5883,4.135,29.318,218.2,485.068,-1,3,6,100.0,,False,3089.999
5889,2.23,30.21,225.4,445.2959,-1,3,5,100.0,,False,626.999
5891,0.381,21.611,164.99,243.1704,-1,2,9,100.0,,False,801.999
5893,3.446,32.009,238.58,463.2888,-1,3,10,100.0,,False,1817.999
5894,1.626,26.457,198.2,387.2731,-1,2,7,100.0,,False,264.999
5895,2.455,28.899,216.01,417.3392,-1,2,5,95.3,,False,1891.999
5897,0.428,15.207,120.48,137.0217,-1,1,11,98.6,,False,629.999
5899,2.037,18.393,142.86,180.0723,-1,1,9,79.0,,False,1407.999
5900,1.254,25.828,193.44,389.1352,-1,2,8,100.0,,False,1466.999
5901,3.279,31.375,233.28,505.3896,-1,2,7,57.2,,False,1973.999
5907,2.945,25.535,188.54,668.9588,-1,1,12,97.5,,False,470.999
5908,0.803,16.178,126.25,167.0183,-1,3,9,65.9,,False,200.999
5909,2.168,26.034,195.46,363.2525,-1,2,6,82.4,,False,155.999
5913,1.373,24.518,184.59,335.2206,-1,2,9,100.0,,False,360.2982425286209
5917,2.76,29.776,224.51,327.2325,-1,2,11,100.0,,False,590.999
5918,3.647,39.552,291.2,826.5292,-1,2,3,61.2,,False,1228.1112222222223
5920,0.491,15.234,120.63,138.0168,-1,1,7,99.2,,False,860.999
5921,1.36,27.14,202.63,431.1482,-1,2,9,100.0,,False,1708.999
5923,0.373,18.675,143.61,211.081,-1,2,9,98.8,,False,348.999
5924,3.726,13.233,100.47,259.9325,-1,1,12,88.0,,False,696.999
5928,2.875,26.95,201.77,395.2073,-1,2,9,100.0,,False,1028.999
5932,0.382,26.1,195.55,385.2212,-1,2,5,99.4,,False,240.999
5933,2.914,34.182,253.62,554.3278,-1,3,5,87.0,,False,1814.999
5934,2.477,28.794,214.66,455.2187,-1,2,11,98.8,,False,946.2078417201125
5936,3.861,38.871,286.36,796.519,-1,4,5,62.3,,False,1313.999
5937,4.429,36.68,270.58,732.503,-1,4,7,69.6,,False,1925.999
5938,3.223,26.008,196.37,313.2736,-1,2,11,98.7,,False,499.999
5939,2.919,31.989,238.22,477.3228,-1,2,12,100.0,,False,1457.999
5940,1.628,26.236,196.2,408.1476,-1,2,10,100.0,,False,1222.999
5942,2.502,23.095,178.37,199.1678,-1,2,10,99.3,,False,787.999
5943,3.853,40.179,295.54,881.5229,-1,3,5,100.0,,False,5767.999
5944,2.479,26.161,196.3,369.2995,-1,2,8,98.1,,False,1431.7778888888888
5946,2.423,33.079,244.84,614.3339,-1,3,8,99.1,,False,5284.999
5954,2.363,23.176,176.16,267.1944,-1,2,12,98.7,,False,1045.999
5955,2.385,23.311,172.73,560.9262,-1,3,8,100.0,,False,398.999
5958,3.661,25.987,195.48,344.2195,-1,2,10,100.0,,False,565.999
5960,2.993,31.139,231.14,539.3399,-1,2,6,100.0,,False,2069.999
5962,3.876,28.197,210.75,417.3719,-1,2,10,94.7,,False,24.800730334380262
5963,2.332,31.143,230.88,568.2698,-1,3,8,99.9,,False,1527.999
5964,1.117,24.426,183.81,339.2158,-1,2,6,100.0,,False,600.999
5968,2.93,31.204,232.6,461.3266,-1,1,5,35.6,,False,2335.999
5970,3.017,21.701,165.52,248.1641,-1,2,14,100.0,,False,300.9251797572547
5971,1.991,18.349,141.87,193.0847,-1,1,13,98.0,,False,287.20871218104276
5972,2.259,29.617,220.88,451.3057,-1,2,5,100.0,,False,2446.999
5975,1.352,31.212,231.03,609.1676,-1,3,8,100.0,,False,1035.999
5978,0.759,29.094,223.03,229.0509,-1,2,6,93.8,,False,202.999
5979,1.349,24.822,187.02,329.1738,-1,2,11,99.0,,False,1426.999
5980,2.779,38.804,286.04,768.5233,-1,3,10,99.3,,False,498.999
5984,0.924,29.581,220.02,497.2761,-1,2,5,97.9,,False,349.999
5986,2.575,23.212,176.5,265.179,-1,2,11,100.0,,False,493.999
5988,3.198,20.689,159.08,213.1834,-1,2,10,99.3,,False,523.2539509068961
5989,2.087,32.874,243.5,594.3426,-1,2,4,99.0,,False,203.999
5991,2.616,29.148,217.56,438.33,-1,1,4,54.7,,False,2629.999
5993,4.143,21.908,168.05,223.0265,-1,3,4,100.0,,False,2939.999
5995,2.322,32.342,240.84,479.2824,-1,2,8,100.0,,False,1576.999
5996,0.886,26.633,214.51,116.9689,-1,1,10,42.9,,False,271.33344444444447
5998,3.108,24.993,188.13,337.2733,-1,2,11,82.4,,False,593.999
6002,0.239,20.431,168.47,92.9261,-1,1,17,60.0,,False,84.62081889925776
6003,0.337,18.493,140.93,248.97,-1,1,5,99.6,,False,312.999
6004,3.757,40.178,295.84,824.5852,-1,3,7,61.2,,False,2235.999
6008,4.258,29.845,221.66,524.2778,-1,2,12,88.6,,False,119.77059072992978
6012,1.128,19.537,150.28,211.0738,-1,2,5,100.0,,False,4157.999
6013,2.741,29.787,222.13,452.3456,-1,1,7,82.9,,False,810.999
6014,1.052,13.647,106.23,170.8303,-1,1,6,71.7,,False,1119.999
6016,1.948,13.866,111.39,116.9262,-1,2,8,55.1,,False,149.44455555555555
6017,0.399,29.478,230.5,167.0196,-1,1,12,99.1,,False,493.999
6018,0.275,23.634,175.15,558.595,-1,1,15,98.1,,False,479.999
6019,0.828,29.861,221.89,515.2859,-1,3,6,100.0,,False,156.999
6020,0.945,21.0,159.46,271.0262,-1,3,5,100.0,,False,611.999
6023,2.077,24.893,186.12,408.9206,-1,6,6,100.0,,False,4947.999
6024,2.192,20.869,157.31,320.9838,-1,1,14,99.2,,False,671.996490627078
6025,2.431,19.692,152.09,197.152,-1,2,9,100.0,,False,1903.999
6028,2.586,25.944,195.71,319.9815,-1,1,13,99.0,,False,1053.53512088583
6029,2.1,26.539,199.26,363.1411,-1,2,9,100.0,,False,430.999
6031,3.959,22.887,173.3,290.174,-1,2,7,100.0,,False,2122.999
6032,3.994,25.78,191.59,504.2184,-1,2,13,100.0,,False,358.999
6034,0.932,16.438,124.65,273.1022,-1,2,10,82.8,,False,1152.8990004042475
6036,0.34,18.662,150.24,116.0692,-1,1,12,99.3,,False,650.999
6037,1.462,19.62,151.08,207.137,-1,2,9,87.7,,False,953.999
6038,2.782,25.299,190.37,340.2879,-1,1,7,72.1,,False,1502.5556666666666
6039,3.221,34.818,257.71,617.219,-1,5,10,100.0,,False,2728.999
6040,2.062,22.302,169.87,255.2305,-1,1,5,68.3,,False,2981.999
6041,3.962,32.387,240.37,544.4482,-1,2,8,96.5,,False,771.0667423056319
6044,1.978,18.261,137.29,338.0014,-1,1,12,97.8,,False,835.3829157468306
6045,3.888,40.737,299.53,905.5234,-1,4,8,100.0,,False,901.999
6051,1.546,26.12,195.99,369.263,-1,2,4,100.0,,False,4451.999
6052,0.799,26.197,200.76,229.0539,-1,2,3,64.0,,False,117.999
6053,3.207,26.921,201.41,403.2839,-1,2,10,99.0,,False,1975.999
6054,2.382,24.603,188.98,219.1364,-1,2,5,100.0,,False,548.999
6055,2.356,29.114,216.65,487.2609,-1,4,11,100.0,,False,1254.999
6058,2.158,29.307,218.56,451.3063,-1,2,8,93.7,,False,1684.999
6060,2.088,22.318,169.27,279.1244,-1,1,6,71.8,,False,9.33344444444424
6064,1.32,23.68,178.47,325.1638,-1,2,11,100.0,,False,629.999
6065,0.243,43.843,321.1,1236.4913,-1,3,12,77.5,,False,843.999
6066,2.686,27.187,203.4,403.286,-1,2,9,80.4,,False,2401.999
6068,2.189,23.549,174.89,512.9598,-1,2,6,100.0,,False,1216.999
6069,3.773,38.463,283.53,769.6249,-1,3,10,52.5,,False,503.999
6074,2.937,33.581,249.42,530.3251,-1,3,9,83.4,,False,1100.999
6076,2.31,24.043,181.44,315.2543,-1,2,8,78.5,,False,1174.8890000000001
6077,1.333,29.969,222.38,545.1742,-1,3,8,100.0,,False,806.999
6078,1.144,27.95,209.67,373.9648,-1,1,10,99.0,,False,245.33344444444452
6081,0.369,27.202,201.74,550.9511,-1,1,14,97.1,,False,500.999
6083,2.976,21.774,166.14,246.1481,-1,2,14,99.0,,False,304.89964460087526
6085,1.365,36.001,270.35,369.1719,-1,2,8,93.4,,False,1908.999
6087,3.298,37.276,274.84,755.4404,-1,3,9,100.0,,False,1599.999
6088,1.073,39.086,287.7,839.3141,-1,4,7,100.0,,False,2644.999
6090,0.375,26.459,197.02,471.1119,-1,3,12,100.0,,False,992.999
6091,0.363,23.06,174.83,282.1335,-1,1,3,96.5,,False,2735.999
6093,3.473,30.218,224.76,497.3139,-1,5,6,97.2,,False,1194.999
6094,3.804,46.944,344.38,1086.8163,-1,7,10,100.0,,False,129.999
6095,2.586,25.934,195.67,318.978,-1,1,12,98.1,,False,1176.889
6096,2.31,35.952,266.37,589.0161,-1,3,10,100.0,,False,1020.40785396452
6097,3.368,34.984,258.47,674.4072,-1,4,7,81.2,,False,338.999
6098,2.277,25.696,193.07,355.2468,-1,2,7,98.9,,False,1390.999
6099,2.002,27.08,202.69,398.2649,-1,1,8,95.2,,False,1558.999
6101,4.259,38.385,282.84,784.5515,-1,2,4,95.6,,False,2681.000111111111
6102,1.085,17.612,133.73,266.992,-1,3,6,98.8,,False,2988.999
6103,3.516,34.489,255.76,567.464,-1,2,5,39.6,,False,3023.999
6104,2.723,24.097,183.81,249.184,-1,2,11,99.9,,False,358.999
6105,2.051,28.565,212.63,480.2115,-1,3,12,100.0,,False,1578.999
6106,2.891,33.512,248.25,593.4429,-1,3,6,90.1,,False,4894.999
6107,1.881,26.585,199.16,387.3093,-1,2,9,100.0,,False,737.999
6109,2.542,29.94,222.24,537.2232,-1,2,13,100.0,,False,578.999
6110,1.363,27.154,202.49,449.1142,-1,4,10,100.0,,False,1329.999
6111,2.942,26.375,198.06,361.3098,-1,3,9,95.3,,False,2333.999
6112,0.382,28.55,212.61,473.1919,-1,2,8,100.0,,False,792.999
6114,4.482,27.98,208.91,431.3546,-1,2,5,99.5,,False,2228.999
6116,1.777,26.997,202.01,401.2905,-1,2,5,99.8,,False,5574.999
6118,3.552,25.92,194.45,371.2197,-1,2,10,100.0,,False,314.999
6119,3.811,35.91,265.27,681.4286,-1,4,7,92.6,,False,2437.999
6123,2.924,34.898,276.59,141.0148,-1,1,9,91.2,,False,982.999
6125,1.759,21.071,161.36,229.1792,-1,2,11,100.0,,False,969.999
6126,3.197,28.976,216.5,423.3816,-1,2,6,79.1,,False,1277.999
6128,0.437,11.051,92.39,80.9147,-1,1,10,99.5,,False,155.999
6129,1.764,22.244,166.03,426.9584,-1,2,11,99.6,,False,478.2928317546857
6130,1.535,26.918,198.14,797.6627,-1,2,11,100.0,,False,683.999
6131,0.278,24.401,182.16,428.9306,-1,2,11,69.7,,False,51.02872062560073
6132,3.391,28.702,213.88,463.2833,-1,2,5,96.5,,False,1911.999
6136,4.122,38.464,283.34,798.5394,-1,2,6,80.9,,False,676.999
6140,2.929,44.544,326.95,1035.6704,-1,3,11,100.0,,False,1044.999
6143,1.721,26.838,200.47,424.1789,-1,3,8,100.0,,False,872.999
6144,2.501,28.231,210.84,428.2831,-1,3,8,80.0,,False,536.999
6145,2.972,27.634,206.73,405.3359,-1,2,6,56.2,,False,865.999
6148,2.779,32.934,244.0,588.3332,-1,3,10,100.0,,False,541.999
6149,0.553,19.208,146.41,248.9876,-1,1,9,98.3,,False,354.999
6150,3.732,26.197,196.02,401.0864,-1,3,5,99.9,,False,3518.999
6151,2.565,25.561,192.15,350.2721,-1,1,5,96.5,,False,70.999
6153,3.711,31.749,236.56,469.3288,-1,2,8,99.2,,False,425.999
6154,4.104,40.763,300.02,847.5682,-1,3,7,70.9,,False,1245.999
6155,3.276,28.264,210.72,453.2902,-1,2,16,97.8,,False,2488.646003059649
6157,3.788,40.505,298.24,825.5824,-1,2,5,44.0,,False,650.2223333333334
6159,2.384,25.103,188.37,367.2273,-1,2,8,100.0,,False,1147.999
6162,0.343,18.664,143.91,202.0457,-1,2,9,99.8,,False,1149.999
6164,2.309,33.921,251.26,595.2901,-1,2,10,97.9,,False,1301.999
6166,2.138,19.631,151.08,209.1527,-1,1,10,98.9,,False,1109.999
6167,3.677,27.857,205.67,678.9827,-1,3,8,100.0,,False,3697.999
6171,2.916,27.696,208.32,347.2938,-1,2,8,82.4,,False,2089.999
6172,1.67,28.26,210.02,509.3139,-1,3,8,100.0,,False,4127.999
6173,0.48,20.654,156.05,303.0055,-1,4,8,99.7,,False,2545.999
6177,3.82,30.6,227.28,525.3289,-1,2,6,100.0,,False,778.999
6179,2.914,31.597,234.6,534.265,-1,2,12,83.6,,False,1007.4769228592215
6181,3.146,35.55,262.85,650.3676,-1,3,10,100.0,,False,1498.999
6182,2.271,33.32,246.44,637.3958,-1,2,6,100.0,,False,2001.999
6183,0.376,24.72,185.27,380.1694,-1,2,6,97.7,,False,407.999
6185,1.869,28.874,215.23,457.3537,-1,2,9,90.7,,False,1486.999
6187,1.435,19.449,146.8,308.8328,-1,7,8,100.0,,False,1749.999
6191,1.387,38.116,281.09,749.4397,-1,3,11,100.0,,False,666.999
6194,2.091,28.678,213.52,477.3212,-1,2,8,89.3,,False,1996.999
6195,3.278,24.247,183.04,313.1768,-1,2,9,100.0,,False,299.999
6199,3.119,33.151,245.9,559.3998,-1,2,6,48.5,,False,1557.999
6200,1.988,30.76,228.82,495.2798,-1,2,11,97.9,,False,1845.999
6206,3.699,35.408,261.48,690.4393,-1,2,5,97.6,,False,322.999
6207,1.969,28.787,214.13,493.2052,-1,3,11,100.0,,False,2017.999
6210,2.925,27.637,207.1,385.3312,-1,2,9,82.4,,False,1183.999
6211,4.17,28.109,209.87,431.3556,-1,3,6,93.7,,False,2769.777888888889
6216,2.744,32.17,238.17,606.2821,-1,2,10,100.0,,False,615.999
6219,3.522,28.921,216.32,409.3316,-1,2,3,62.5,,False,4914.999
6220,1.609,29.814,221.68,503.3219,-1,1,4,57.8,,False,2102.999
6221,2.544,31.975,236.95,580.3275,-1,2,7,97.6,,False,2328.999
6222,1.733,22.227,169.37,253.1402,-1,2,10,99.4,,False,384.999
6224,0.443,32.437,245.11,311.1383,-1,2,9,98.2,,False,181.999
6225,3.067,33.889,250.94,603.427,-1,5,8,52.8,,False,1494.999
6226,0.856,26.655,219.45,94.9223,-1,1,12,80.2,,False,967.4445555555556
6227,1.298,31.826,238.93,369.1722,-1,3,7,82.8,,False,1387.999
6228,1.357,17.972,137.01,246.9035,-1,2,9,97.8,,False,677.999
6231,3.214,24.141,182.77,292.1886,-1,1,11,99.0,,False,596.999
6234,2.291,23.305,176.56,287.2213,-1,2,11,92.7,,False,955.4445555555556
6237,3.201,20.372,156.98,205.1571,-1,2,8,100.0,,False,1275.999
6241,1.427,21.818,172.7,141.0142,-1,2,8,60.1,,False,578.999
6242,2.397,32.747,243.7,491.2844,-1,3,6,100.0,,False,3032.999
6243,4.451,37.767,278.72,719.5416,-1,3,11,79.5,,False,1290.999
6246,0.334,24.528,186.96,253.0293,-1,1,6,96.5,,False,110.999
6247,3.952,27.085,202.85,391.15,-1,3,9,84.0,,False,487.999
6250,2.952,27.182,203.09,421.2716,-1,2,12,99.6,,False,504.999
6252,2.541,31.638,234.47,578.3104,-1,3,6,98.1,,False,2928.999
6254,2.475,24.152,183.35,275.2364,-1,2,9,100.0,,False,1176.999
6256,0.946,24.299,200.48,92.9254,-1,1,15,66.0,,False,364.8646263648436
6257,3.102,29.654,221.19,449.3271,-1,2,3,44.6,,False,3583.999
6261,1.371,27.885,207.38,496.2735,-1,3,10,100.0,,False,731.999
6262,0.251,13.9,112.24,111.0066,-1,1,11,96.8,,False,450.33344444444447
6263,3.527,29.468,219.07,505.2647,-1,3,6,100.0,,False,2710.999
6265,2.841,43.424,318.98,971.6174,-1,3,12,100.0,,False,919.999
6269,1.617,25.191,189.42,347.2202,-1,2,7,93.7,,False,476.999
6271,0.252,18.159,141.31,175.022,-1,2,5,89.1,,False,1061.999
6274,0.401,18.666,143.59,210.0521,-1,2,6,100.0,,False,208.999
6277,3.919,38.97,286.9,829.4949,-1,2,5,99.8,,False,2730.999
6280,2.229,33.735,249.85,598.3752,-1,3,11,100.0,,False,1513.999
6283,0.365,19.594,150.28,222.029,-1,1,10,99.4,,False,921.999
6285,2.955,25.875,194.37,357.2986,-1,2,9,93.2,,False,1290.999
6286,1.796,28.92,215.67,451.305,-1,2,7,84.4,,False,1409.999
6287,3.783,32.392,239.97,588.3692,-1,2,9,99.9,,False,1285.999
6289,3.946,25.746,191.72,469.0387,-1,3,5,100.0,,False,2771.999
6290,2.134,25.088,188.43,358.2049,-1,3,11,100.0,,False,300.999
6291,3.819,32.234,239.65,508.4742,-1,2,9,100.0,,False,1277.999
6294,2.577,28.166,210.05,450.2605,-1,1,5,80.0,,False,825.999
6297,2.074,31.313,232.03,580.2518,-1,2,10,100.0,,False,983.999
6299,0.372,18.647,156.32,80.9629,-1,1,10,98.3,,False,749.999
6301,2.635,34.519,255.19,650.3698,-1,3,6,99.1,,False,146.999
6303,1.355,25.154,187.87,423.1451,-1,3,9,100.0,,False,1495.999
6304,3.774,41.784,307.26,898.5872,-1,5,8,71.4,,False,623.999
6305,1.019,23.341,176.18,313.1181,-1,4,7,93.7,,False,1545.999
6306,0.373,18.587,143.27,203.0797,-1,2,8,99.6,,False,1411.999
6309,2.704,27.457,204.94,436.246,-1,3,6,100.0,,False,661.1813439178854
6310,3.837,31.418,233.6,505.3905,-1,2,6,71.3,,False,1232.999
6311,1.442,34.15,257.74,321.9873,-1,1,4,96.5,,False,5387.999
6312,3.427,37.237,275.02,690.4809,-1,4,9,100.0,,False,2135.999
6315,3.26,44.955,330.07,1008.7709,-1,6,11,100.0,,False,873.999
6316,2.18,19.654,150.86,218.9843,-1,1,16,98.1,,False,589.5556666666668
6318,3.464,33.413,248.35,515.3744,-1,3,7,52.5,,False,946.999
6320,0.488,23.662,194.74,94.9233,-1,1,11,74.9,,False,348.01616870864075
6322,2.684,31.247,231.84,550.3155,-1,4,8,97.1,,False,375.999
6324,3.663,29.431,219.73,433.3351,-1,2,9,95.2,,False,5186.667898966032
6327,1.396,26.792,199.73,453.1575,-1,2,10,96.2,,False,1334.999
6329,2.764,27.102,202.79,402.2676,-1,2,11,98.3,,False,735.999
6330,3.602,29.409,220.25,394.2747,-1,2,9,100.0,,False,2322.999
6331,3.435,24.973,188.18,328.2915,-1,2,5,65.7,,False,151.999
6336,1.096,30.474,225.88,571.1576,-1,2,12,99.8,,False,1062.999
6340,2.765,42.83,314.63,966.5924,-1,3,14,100.0,,False,380.999
6346,4.64,41.94,308.56,871.6942,-1,3,7,56.4,,False,2212.999
6347,3.381,33.528,250.35,437.268,-1,2,11,100.0,,False,402.999
6348,0.826,16.962,133.39,151.0739,-1,1,11,99.4,,False,351.0001111111111
6351,1.914,27.839,208.27,405.2652,-1,2,8,84.0,,False,2377.999
6352,4.761,38.106,281.24,716.539,-1,3,10,100.0,,False,752.0001111111111
6355,3.604,39.383,290.14,798.5209,-1,2,3,96.5,,False,3254.999
6357,3.119,34.219,253.86,556.3422,-1,2,13,100.0,,False,1044.999
6358,4.014,40.075,294.78,879.5089,-1,2,10,100.0,,False,1148.999
6360,3.456,28.582,213.11,453.263,-1,5,6,98.6,,False,1029.999
6361,3.29,27.036,202.02,419.2584,-1,2,5,98.8,,False,500.999
6363,3.217,35.495,281.34,141.0141,-1,1,10,99.4,,False,1094.999
6364,2.781,24.809,183.62,594.9055,-1,1,9,96.8,,False,264.999
6367,4.298,42.047,309.35,871.6939,-1,4,6,52.5,,False,1653.999
6369,0.65,33.605,256.06,259.0283,-1,2,6,99.5,,False,1367.999
6372,4.364,34.845,257.88,619.4962,-1,6,9,83.8,,False,1439.999
6374,0.36,22.222,168.63,276.0843,-1,2,8,99.5,,False,1017.999
6375,0.252,16.42,136.73,85.0276,-1,1,11,99.7,,False,791.999
6376,3.586,33.28,246.77,567.4658,-1,3,5,77.4,,False,4747.000111111111
6377,2.695,31.209,231.67,539.3597,-1,2,6,94.8,,False,281.999
6378,3.018,29.174,222.39,255.2317,-1,2,10,99.0,,False,833.999
6379,3.929,39.097,287.79,834.5284,-1,2,7,67.9,,False,705.999
6382,4.452,28.363,211.9,422.3692,-1,2,13,89.3,,False,1032.4535617857628
6383,0.385,22.718,171.79,299.1837,-1,2,10,100.0,,False,459.999
6386,2.761,43.51,319.5,1001.5711,-1,4,7,100.0,,False,2087.999
6388,0.809,14.81,114.22,197.8058,-1,1,9,85.3,,False,1931.8890000000001
6390,1.428,25.178,189.36,345.2092,-1,2,9,100.0,,False,421.999
6393,1.23,24.045,180.38,369.1731,-1,3,9,96.7,,False,603.999
6394,0.41,23.548,177.57,321.1683,-1,2,7,99.8,,False,849.999
6398,2.36,30.399,225.91,513.3223,-1,2,9,100.0,,False,1450.7546986791199
6399,3.724,29.519,219.69,485.2957,-1,2,7,100.0,,False,458.999
6401,1.826,28.21,210.41,447.2555,-1,2,6,100.0,,False,2630.999
6403,2.682,24.207,182.88,307.2631,-1,2,10,96.2,,False,1438.999
6405,2.61,32.983,244.57,567.3901,-1,4,7,80.0,,False,1694.999
6408,0.554,20.325,152.67,349.9952,-1,1,13,97.6,,False,177.22233333333332
6409,1.301,32.441,239.69,667.1836,-1,5,8,100.0,,False,2805.999
6410,0.38,26.117,195.2,415.1966,-1,2,9,100.0,,False,1415.999
6413,1.985,25.362,188.03,553.9966,-1,1,13,95.9,,False,673.9104250355555
6414,3.087,31.151,231.24,539.3348,-1,2,6,100.0,,False,1082.999
6415,1.365,23.157,175.6,281.1743,-1,2,10,100.0,,False,421.999
6416,1.901,26.243,196.7,381.2632,-1,2,10,94.3,,False,1293.999
6417,2.289,37.331,276.63,589.0173,-1,3,8,100.0,,False,790.999
6419,2.146,24.597,185.54,319.2621,-1,2,10,88.5,,False,1749.999
6420,2.657,38.073,280.39,809.4272,-1,4,10,100.0,,False,1078.999
6422,3.149,31.406,233.59,499.4008,-1,3,7,81.9,,False,1520.999
6423,3.373,27.393,205.1,394.3319,-1,1,13,98.1,,False,509.70931195762444
6427,1.206,29.123,218.58,369.1743,-1,2,11,96.6,,False,2311.999
6428,2.741,33.866,250.94,586.3784,-1,2,8,91.7,,False,2218.999
6430,0.374,17.681,134.83,245.0651,-1,1,9,97.6,,False,1152.999
6432,4.561,25.888,192.6,485.0717,-1,3,7,100.0,,False,1957.5556666666666
6433,1.591,24.732,185.61,365.1644,-1,3,9,100.0,,False,13.222333333333324
6437,1.658,29.458,219.09,497.3119,-1,2,6,76.6,,False,1627.999
6438,1.656,27.604,207.32,361.274,-1,2,11,100.0,,False,1662.999
6441,2.901,27.544,205.9,415.2851,-1,1,6,87.5,,False,3284.999
6442,1.841,31.184,231.33,553.2403,-1,3,7,100.0,,False,1041.999
6444,2.664,29.37,218.51,491.281,-1,1,3,44.0,,False,5612.999
6445,2.695,33.803,250.46,587.4174,-1,2,5,92.9,,False,1975.999
6446,2.786,46.424,340.34,1145.6875,-1,3,10,100.0,,False,882.999
6448,3.09,26.52,199.04,367.2844,-1,1,7,60.2,,False,981.3334444444445
6449,2.78,27.767,208.3,373.3089,-1,2,10,85.9,,False,1668.999
6450,1.924,22.227,168.98,265.1789,-1,2,8,99.0,,False,894.999
6452,0.566,21.197,160.85,275.0208,-1,2,8,100.0,,False,403.999
6453,0.396,20.527,157.11,231.112,-1,3,6,99.9,,False,812.999
6454,2.875,27.321,204.17,419.2564,-1,2,9,92.1,,False,614.7778888888889
6456,1.558,29.658,219.96,556.2502,-1,5,8,97.0,,False,3204.999
6457,1.05,22.317,169.04,287.1873,-1,2,5,100.0,,False,731.999
6458,2.752,24.182,182.65,309.2416,-1,2,9,100.0,,False,578.999
6459,2.706,35.118,259.87,624.3933,-1,3,9,100.0,,False,1570.999
6460,2.967,32.553,240.97,610.3163,-1,3,9,99.3,,False,853.999
6462,1.436,24.937,190.57,241.0952,-1,2,6,98.4,,False,1172.999
6464,0.777,27.704,206.64,446.2908,-1,2,6,100.0,,False,399.999
6466,2.637,44.281,324.97,1045.6551,-1,3,10,99.2,,False,1142.999
6469,4.26,37.207,274.31,761.4835,-1,1,7,91.7,,False,1041.000111111111
6471,1.751,28.744,214.49,441.329,-1,3,8,100.0,,False,1348.999
6472,2.821,27.398,204.99,403.2847,-1,2,6,93.7,,False,2568.999
6473,2.165,18.794,145.41,191.1047,-1,2,6,100.0,,False,1606.999
6474,3.165,30.949,230.13,503.3743,-1,3,10,93.7,,False,512.999
6476,2.162,20.335,156.7,205.1216,-1,1,10,97.4,,False,310.999
6479,1.486,26.183,196.5,367.2482,-1,2,11,83.4,,False,529.999
6481,3.189,30.208,443.76,465.4973,-2,3,6,52.5,,False,3369.999
6482,3.528,32.504,240.51,621.4024,-1,3,7,97.2,,False,943.999
6484,2.457,23.906,189.96,135.1162,-1,1,7,98.7,,False,1650.999
6485,2.585,23.232,174.25,369.978,-1,1,10,98.1,,False,1073.999
6486,2.359,37.034,273.31,719.4,-1,4,4,100.0,,False,295.999
6487,2.28,30.119,223.78,518.2902,-1,2,10,100.0,,False,1708.999
6488,2.417,30.742,228.21,537.0818,-1,3,6,100.0,,False,1231.999
6494,4.414,27.626,206.6,409.3681,-1,2,10,96.5,,False,1315.442181841554
6495,3.026,31.949,236.96,560.3382,-1,3,5,62.3,,False,1153.999
6496,2.316,29.117,217.01,460.3118,-1,1,11,77.0,,False,1584.999
6504,1.208,25.485,190.82,392.1173,-1,3,9,91.9,,False,1221.999
6510,1.284,31.769,235.67,555.1947,-1,3,10,100.0,,False,1222.999
6511,0.692,18.662,142.66,235.0229,-1,2,5,100.0,,False,288.999
6512,4.076,34.775,257.41,615.4627,-1,6,11,71.6,,False,453.999
6513,2.034,27.504,205.46,424.2474,-1,1,3,96.5,,False,668.999
6514,3.132,31.008,230.01,554.3256,-1,3,10,100.0,,False,883.999
6517,2.295,31.788,235.48,589.0161,-1,3,8,100.0,,False,1409.999
6518,3.204,37.579,276.99,768.5577,-1,4,6,52.5,,False,2686.999
6519,1.323,31.317,231.62,633.1894,-1,3,8,100.0,,False,823.999
6521,3.183,35.163,259.9,659.4309,-1,3,8,100.0,,False,158.999
6522,2.571,28.386,211.48,465.1799,-1,3,12,100.0,,False,227.999
6524,1.424,19.751,151.64,218.0937,-1,2,16,100.0,,False,319.8711609256081
6528,1.388,32.906,247.05,369.1726,-1,2,7,94.0,,False,1191.999
6529,1.422,27.746,207.45,413.1989,-1,3,6,100.0,,False,1283.999
6532,1.831,27.812,207.43,447.3112,-1,2,7,97.4,,False,3140.999
6536,2.612,25.779,194.44,321.2785,-1,1,9,97.6,,False,1547.999
6538,1.998,18.813,144.89,206.0622,-1,3,8,100.0,,False,2984.999
6541,0.322,26.532,207.07,171.0249,-1,1,6,96.7,,False,134.999
6542,3.378,30.625,227.5,523.3035,-1,3,6,100.0,,False,1188.999
6544,0.939,16.302,131.51,112.9773,-1,1,8,99.1,,False,1686.999
6548,1.372,19.326,152.91,141.0142,-1,1,11,70.2,,False,890.999
6549,3.969,40.235,295.99,870.5368,-1,2,6,60.0,,False,1179.999
6550,3.246,32.646,242.16,557.3821,-1,2,10,75.3,,False,810.999
6552,2.055,30.541,228.32,417.3368,-1,2,8,92.5,,False,2831.999
6557,0.484,22.654,170.26,349.033,-1,3,9,100.0,,False,2208.999
6562,3.957,29.633,220.95,454.3918,-1,1,10,96.5,,False,876.7778888888889
6563,3.317,26.845,201.08,389.2318,-1,2,8,100.0,,False,347.999
6564,2.842,32.999,245.1,529.4128,-1,2,5,80.6,,False,2632.999
6566,1.264,27.803,223.95,116.9707,-1,1,11,50.2,,False,305.1112222222223
6567,2.772,21.593,160.54,485.9665,-1,1,11,96.9,,False,483.999
6568,2.579,35.66,263.41,682.3369,-1,3,10,100.0,,False,687.999
6571,2.571,41.365,304.36,866.5058,-1,3,9,100.0,,False,674.999
6576,1.805,21.399,160.05,398.9358,-1,2,5,93.4,,False,1285.999
6577,2.573,26.317,197.25,381.3,-1,2,8,54.2,,False,950.889
6578,0.242,40.132,294.31,1089.4216,-1,4,12,76.3,,False,309.999
6582,2.195,32.714,243.03,524.3064,-1,4,9,100.0,,False,1910.999
6583,0.56,18.418,144.06,162.9505,-1,1,5,99.1,,False,1309.999
6584,0.687,19.33,147.4,246.979,-1,1,15,64.3,,False,90.91175682000141
6587,1.373,26.691,198.96,454.1529,-1,2,9,100.0,,False,1729.999
6591,1.977,25.135,205.47,100.9999,-1,1,10,99.5,,False,854.7659874920657
6592,2.915,34.896,258.24,623.4542,-1,4,6,78.8,,False,2003.999
6594,2.326,36.065,265.72,783.2986,-1,4,10,100.0,,False,649.999
6596,2.656,37.854,296.43,165.0381,-1,2,7,99.1,,False,1351.999
6597,3.79,34.678,256.73,610.4114,-1,2,9,66.0,,False,1571.999
6599,3.332,32.589,241.3,602.3494,-1,2,7,98.7,,False,131.999
6601,2.906,25.91,191.07,712.9671,-1,2,7,97.6,,False,988.4432673797153
6602,2.654,36.963,272.47,765.3998,-1,3,9,100.0,,False,1071.999
6603,3.214,31.642,235.37,497.2966,-1,3,9,100.0,,False,563.6667777777777
6608,2.433,38.145,281.17,769.4154,-1,3,8,100.0,,False,1685.999
6609,0.483,16.531,127.63,195.9103,-1,3,10,100.0,,False,704.999
6614,3.004,31.101,231.16,513.3587,-1,2,4,82.4,,False,4126.999
6615,1.329,31.28,231.72,587.1656,-1,4,7,100.0,,False,868.999
6618,4.468,33.92,249.72,815.0848,-1,5,5,100.0,,False,974.999
6619,3.819,31.589,231.86,980.9447,-1,2,15,98.7,,False,701.3146290233899
6622,1.081,28.949,214.68,557.1435,-1,2,10,100.0,,False,1544.999
6625,2.673,30.877,229.46,513.4195,-1,2,3,82.4,,False,2681.999
6627,2.16,19.643,149.25,265.9804,-1,3,8,100.0,,False,1179.999
6628,1.524,25.585,191.47,398.163,-1,3,10,100.0,,False,949.999
6630,0.351,24.484,188.42,212.0886,-1,2,10,100.0,,False,723.999
6631,2.681,35.592,262.85,690.4004,-1,1,3,43.9,,False,136.999
6633,2.293,32.412,240.66,535.3118,-1,2,6,100.0,,False,4334.999
6634,2.488,34.999,258.7,658.3368,-1,3,11,100.0,,False,694.999
6636,1.195,13.614,111.15,99.9247,-1,1,5,53.3,,False,1882.999
6638,1.336,32.474,243.8,369.1717,-1,2,9,97.0,,False,1552.999
6641,2.55,33.738,251.09,491.2833,-1,2,9,100.0,,False,742.999
6646,1.417,20.952,159.44,259.0441,-1,3,8,100.0,,False,1508.999
6648,2.59,19.127,147.23,208.095,-1,1,8,99.1,,False,587.5556666666666
6649,0.755,26.447,198.49,367.1564,-1,2,7,99.7,,False,1280.999
6652,4.017,28.373,211.58,451.3417,-1,2,5,99.5,,False,1988.7778888888888
6654,1.839,32.852,243.17,613.2625,-1,3,9,100.0,,False,857.999
6655,3.934,22.518,171.24,264.158,-1,2,6,100.0,,False,640.999
6657,0.638,18.323,145.38,136.0146,-1,1,11,99.4,,False,387.999
6660,1.56,20.278,300.26,285.1147,-2,3,4,100.0,,False,3208.999
6661,1.066,32.328,239.28,613.1698,-1,2,12,100.0,,False,1065.999
6662,2.204,31.119,230.65,572.9902,-1,2,11,99.8,,False,510.4327051444082
6663,3.31,30.14,224.15,499.3279,-1,3,8,82.4,,False,1815.999
6667,1.96,27.731,208.96,331.2629,-1,2,5,100.0,,False,2844.999
6668,2.072,29.514,219.57,492.275,-1,2,10,98.2,,False,1379.999
6669,3.076,37.528,276.46,793.4669,-1,3,11,100.0,,False,420.1112222222223
6670,0.459,20.205,166.19,94.9237,-1,1,12,66.1,,False,1544.4939950723037
6671,0.388,33.706,249.79,583.2568,-1,3,8,98.8,,False,1003.999
6675,2.654,32.707,243.53,481.2985,-1,4,8,82.4,,False,552.999
6679,4.251,34.133,252.5,631.4849,-1,2,11,100.0,,False,755.7778888888888
6681,3.267,32.014,238.62,463.3416,-1,2,6,79.7,,False,2788.999
6683,3.795,40.467,298.07,806.6325,-1,3,8,88.7,,False,2585.999
6686,2.714,32.286,239.82,527.3946,-1,2,6,58.0,,False,1297.999
6687,2.481,23.347,205.02,59.0125,-1,1,11,98.1,,False,297.5556666666667
6695,2.5,35.53,262.5,675.4629,-1,3,10,100.0,,False,2709.999
6698,4.291,21.92,165.79,297.0457,-1,3,9,100.0,,False,1169.7778888888888
6700,3.669,28.725,215.27,385.3464,-1,2,10,98.4,,False,1812.999
6701,0.394,21.156,161.18,253.1421,-1,1,6,93.8,,False,637.999
6702,4.452,26.058,193.65,506.234,-1,2,9,100.0,,False,321.999
6703,1.68,31.353,232.49,563.2838,-1,3,9,100.0,,False,841.999
6704,1.619,24.873,187.93,307.1532,-1,3,3,100.0,,False,6658.999
6708,2.347,29.907,222.53,489.156,-1,3,9,100.0,,False,385.999
6711,0.802,28.092,209.82,427.131,-1,4,10,100.0,,False,867.999
6713,3.301,31.789,236.48,497.2918,-1,2,6,100.0,,False,1227.999
6714,2.299,27.233,204.34,370.2594,-1,2,8,100.0,,False,1959.999
6715,0.968,29.031,217.45,392.1166,-1,2,7,100.0,,False,372.999
6716,2.582,38.219,281.93,738.5321,-1,3,11,100.0,,False,597.2534248188202
6718,2.123,30.904,229.58,521.3491,-1,2,9,75.9,,False,1342.999
6720,3.01,39.815,293.32,799.5646,-1,3,7,54.8,,False,954.999
6721,2.766,27.434,204.68,441.2425,-1,3,12,100.0,,False,487.999
6723,2.489,30.157,224.52,480.3417,-1,1,7,81.2,,False,1899.999
6724,2.729,33.334,246.48,640.3518,-1,3,3,100.0,,False,6777.999
6726,1.392,24.438,184.14,328.2476,-1,1,9,98.1,,False,950.999
6727,1.883,31.251,232.63,483.244,-1,3,10,100.0,,False,305.999
6729,2.345,24.389,183.99,318.2425,-1,1,6,98.6,,False,812.999
6730,1.156,27.749,207.87,389.2695,-1,2,9,98.1,,False,399.999
6732,2.808,30.99,229.85,556.3068,-1,1,12,96.6,,False,371.999
6734,0.497,19.941,151.66,261.0414,-1,2,6,100.0,,False,1540.999
6735,2.483,26.465,198.82,357.2638,-1,2,6,86.9,,False,2677.999
6736,0.777,21.298,163.36,222.9348,-1,1,13,90.5,,False,357.41804252151394
6739,1.685,23.411,179.89,217.0855,-1,2,10,99.0,,False,843.999
6743,1.45,21.419,317.55,272.6514,-2,3,3,100.0,,False,3963.999
6749,3.497,27.318,204.52,395.3899,-1,2,7,54.3,,False,1266.999
6750,3.162,26.078,196.07,349.3089,-1,2,8,82.4,,False,960.999
6751,2.323,25.079,188.55,348.2209,-1,1,11,98.6,,False,869.9647609971489
6752,4.574,37.814,278.92,740.5987,-1,2,5,74.7,,False,958.999
6753,3.151,25.078,189.38,311.257,-1,2,8,92.2,,False,715.999
6755,1.139,19.69,149.86,256.9798,-1,4,8,100.0,,False,1038.999
6756,2.715,21.892,167.36,237.2212,-1,1,11,98.4,,False,787.999
6757,3.297,24.034,181.38,315.2525,-1,2,5,82.6,,False,555.999
6760,2.048,18.276,139.14,253.8904,-1,2,8,98.9,,False,1284.999
6762,2.424,21.128,161.88,227.1992,-1,2,8,59.8,,False,1086.999
6763,0.513,25.649,192.45,369.228,-1,2,6,81.1,,False,262.999
6767,0.642,24.185,181.74,352.0841,-1,3,5,82.4,,False,889.999
6768,2.727,24.278,183.37,309.278,-1,2,7,90.1,,False,895.999
6769,3.551,36.278,267.76,713.3734,-1,6,5,100.0,,False,3004.999
6770,2.09,37.28,274.72,779.4332,-1,3,9,100.0,,False,1009.999
6773,4.108,27.712,207.52,393.3727,-1,2,5,92.4,,False,1776.999
6776,1.454,28.063,208.82,486.2552,-1,2,11,100.0,,False,1458.999
6777,0.46,25.261,207.94,94.9227,-1,1,10,83.4,,False,683.5556666666666
6780,0.445,26.318,198.78,311.1389,-1,2,10,100.0,,False,450.999
6782,0.391,30.584,227.85,469.2263,-1,2,12,100.0,,False,275.999
6784,3.48,37.741,278.21,768.5586,-1,4,3,52.5,,False,5160.999
6785,1.073,30.565,226.96,531.1644,-1,3,10,100.0,,False,1089.999
6787,2.34,28.802,214.47,475.247,-1,1,3,97.0,,False,424.999
6788,3.116,33.423,247.38,616.3647,-1,4,7,62.1,,False,1608.999
6789,3.541,40.528,298.49,812.621,-1,3,6,98.3,,False,1647.999
6792,2.305,27.923,209.21,387.2529,-1,2,10,72.9,,False,1315.999
6793,2.904,32.976,244.08,613.3404,-1,2,8,100.0,,False,514.999
6797,1.141,22.666,182.47,116.9697,-1,1,8,50.8,,False,315.1112222222223
6799,2.218,31.44,233.53,526.3818,-1,2,6,41.8,,False,684.999
6803,2.299,23.062,171.25,514.9019,-1,3,7,93.7,,False,932.999
6806,2.842,30.334,226.44,437.3279,-1,2,5,94.2,,False,384.999
6808,2.525,39.137,288.44,778.4742,-1,4,9,100.0,,False,620.999
6809,2.926,42.235,310.5,918.5893,-1,3,11,100.0,,False,506.999
6810,3.701,28.36,211.82,427.3584,-1,2,5,100.0,,False,2374.999
6812,1.378,21.145,162.78,209.1168,-1,2,10,100.0,,False,1699.999
6813,0.358,12.171,98.88,103.9182,-1,1,9,96.7,,False,793.999
6817,2.383,26.158,196.13,377.1851,-1,4,8,97.1,,False,675.999
6820,2.971,31.455,233.99,497.386,-1,3,7,82.4,,False,1534.999
6822,3.718,41.889,308.16,871.6958,-1,4,7,86.0,,False,2029.999
6823,3.172,38.801,285.65,831.3692,-1,5,10,100.0,,False,622.999
6824,0.609,12.045,96.85,114.9339,-1,1,10,54.0,,False,270.3738837128317
6825,1.291,29.756,222.12,437.1976,-1,2,8,98.4,,False,2694.999
6829,0.469,24.578,183.87,401.1269,-1,2,9,100.0,,False,136.999
6832,3.661,26.682,204.7,225.0043,-1,3,4,97.1,,False,2365.999
6833,1.982,26.595,199.31,383.2787,-1,1,7,93.0,,False,1206.999
6835,3.251,28.304,211.18,443.2469,-1,3,7,100.0,,False,2327.999
6837,2.159,31.512,233.48,582.2714,-1,4,9,100.0,,False,349.999
6838,3.481,24.245,182.21,351.1465,-1,3,8,100.0,,False,1256.7778888888888
6841,3.757,32.097,238.81,493.3922,-1,2,4,44.0,,False,4238.999
6842,0.63,18.054,138.12,230.9789,-1,1,7,98.3,,False,1262.999
6843,0.492,25.886,197.66,245.0483,-1,3,7,76.0,,False,3580.999
6845,1.955,27.127,202.75,416.2485,-1,2,5,100.0,,False,2861.999
6846,2.577,32.229,239.14,549.3845,-1,4,5,62.5,,False,3282.999
6848,1.014,28.008,208.27,498.2903,-1,3,8,100.0,,False,2703.999
6849,4.568,36.126,266.97,669.5324,-1,3,6,97.3,,False,164.999
6852,2.22,27.306,203.94,426.2317,-1,2,6,96.5,,False,46.22233333333334
6857,2.93,31.636,234.66,555.3209,-1,2,5,100.0,,False,272.999
6858,1.574,27.548,206.25,395.3172,-1,2,4,86.2,,False,4430.999
6860,3.199,28.258,210.97,433.3306,-1,2,7,82.4,,False,938.999
6863,2.681,33.324,246.97,579.4319,-1,2,4,42.9,,False,656.999
6865,4.072,31.065,231.19,487.3803,-1,3,6,93.4,,False,564.999
6869,2.878,26.349,197.67,371.2582,-1,2,5,83.6,,False,373.999
6873,2.407,32.693,241.85,629.2499,-1,5,9,100.0,,False,823.999
6874,0.275,19.542,148.41,268.7991,-1,1,13,98.5,,False,312.999
6875,2.216,32.491,240.27,638.3365,-1,3,5,100.0,,False,2025.999
6876,2.472,25.107,189.17,329.1858,-1,3,11,99.2,,False,111.7778888888889
6879,0.662,28.032,230.81,94.9235,-1,1,13,99.8,,False,373.4445555555556
6880,1.198,24.529,185.08,317.1754,-1,2,4,89.6,,False,6574.999
6882,3.929,35.878,264.96,691.46,-1,3,8,57.7,,False,1295.999
6883,2.363,19.721,147.04,435.9896,-1,2,10,99.7,,False,1057.685985586032
6884,0.432,23.13,173.53,367.1033,-1,3,7,100.0,,False,1856.999
6885,3.976,33.536,248.71,564.4375,-1,1,4,84.9,,False,1750.999
6887,4.148,18.533,142.68,206.9949,-1,2,6,100.0,,False,2449.999
6888,2.258,24.057,181.74,307.2266,-1,2,10,88.3,,False,427.999
6891,1.11,22.349,171.27,227.1048,-1,2,5,100.0,,False,3490.999
6894,4.405,31.968,244.25,245.0626,-1,2,7,100.0,,False,585.999
6895,2.127,21.113,161.85,225.2201,-1,2,10,100.0,,False,553.999
6896,1.976,22.233,165.99,422.9855,-1,3,13,100.0,,False,80.13046708045931
6898,2.955,32.791,242.91,590.3482,-1,3,9,94.3,,False,1045.999
6900,4.291,41.039,301.79,899.5724,-1,3,3,100.0,,False,2202.999
6903,2.786,34.405,254.84,596.455,-1,2,5,99.2,,False,2213.999
6904,3.912,32.063,238.84,473.5056,-1,3,5,52.5,,False,1775.999
6907,2.381,30.769,228.85,498.3535,-1,1,9,72.5,,False,1625.999
6909,2.208,24.125,181.58,337.2042,-1,2,5,100.0,,False,20.777888888888896
6914,3.324,19.083,147.76,189.1254,-1,2,8,100.0,,False,1914.999
6915,1.599,26.111,195.71,381.2632,-1,2,9,86.4,,False,293.999
6917,2.477,31.632,234.58,562.3001,-1,4,7,97.4,,False,814.999
6918,3.449,33.897,250.75,632.3952,-1,2,5,69.6,,False,253.999
6919,4.037,30.028,224.31,427.3782,-1,2,9,98.5,,False,142.999
6921,1.683,26.455,197.9,404.2474,-1,2,9,100.0,,False,792.999
6924,2.867,34.89,258.17,625.471,-1,4,10,67.5,,False,1062.999
6925,1.208,23.075,190.35,92.926,-1,1,16,44.3,,False,397.5286939426544
6926,3.292,28.33,212.09,397.3304,-1,3,6,72.3,,False,2349.999
6927,3.56,32.995,244.65,567.2632,-1,3,11,100.0,,False,388.999
6928,1.477,33.004,244.4,601.3601,-1,3,7,98.7,,False,1102.999
6929,2.395,27.626,225.9,100.9994,-1,1,10,99.5,,False,863.999
6933,3.065,31.936,237.18,529.3548,-1,2,10,89.8,,False,1190.999
6939,0.783,28.012,209.47,411.1838,-1,2,8,100.0,,False,1433.999
6941,3.118,36.196,267.35,687.5452,-1,2,6,82.0,,False,1611.999
6942,3.483,24.826,186.9,336.1444,-1,2,12,81.6,,False,11.666777777777952
6945,3.855,37.161,274.08,740.6695,-1,2,3,56.0,,False,4379.999
6946,0.249,16.497,128.43,173.0074,-1,1,12,96.8,,False,764.999
6947,0.493,26.649,204.97,215.03,-1,3,10,66.2,,False,1260.999
6948,3.39,24.97,187.92,339.2893,-1,2,11,99.0,,False,129.73946182948066
6949,4.164,23.303,174.51,387.0335,-1,3,10,100.0,,False,344.999
6951,2.459,30.707,227.86,546.2844,-1,2,11,100.0,,False,957.999
6957,2.486,29.64,220.22,517.1945,-1,2,11,99.4,,False,471.999
6958,1.576,29.233,218.24,435.1817,-1,3,8,100.0,,False,1542.999
6960,3.352,30.438,226.94,456.377,-1,2,7,86.2,,False,895.999
6962,1.588,23.46,179.23,241.1069,-1,1,10,98.5,,False,650.999
6963,2.748,24.987,204.69,99.0796,-1,1,7,98.2,,False,1676.999
6964,1.527,28.756,214.78,427.3057,-1,2,8,100.0,,False,833.999
6966,0.765,18.26,139.9,225.0379,-1,2,5,100.0,,False,804.999
6971,2.408,28.774,214.93,427.2617,-1,3,14,99.6,,False,492.81724904771613
6972,2.123,28.146,209.7,464.2156,-1,3,9,100.0,,False,1715.999
6974,2.779,24.061,181.68,311.2587,-1,2,10,63.6,,False,817.004594955331
6975,3.093,32.234,239.92,487.3432,-1,2,6,68.3,,False,3615.999
6977,4.583,24.171,182.87,297.278,-1,2,3,86.4,,False,2287.999
6979,0.508,24.986,201.2,116.9694,-1,1,10,60.9,,False,8.333444444444467
6981,3.087,32.137,238.12,583.2577,-1,3,12,100.0,,False,1695.6667777777777
6983,0.767,23.628,190.23,116.9699,-1,1,8,53.9,,False,309.3021477876214
6987,3.592,34.119,252.82,586.4491,-1,1,4,49.5,,False,2503.999
6988,2.16,22.317,169.73,263.163,-1,2,6,100.0,,False,290.06947448919504
6989,2.691,26.51,208.6,152.9939,-1,1,11,99.3,,False,629.999
6990,2.122,21.882,167.18,240.2314,-1,1,11,99.3,,False,659.999
6992,3.925,27.077,202.75,393.1483,-1,3,12,96.2,,False,147.999
6994,2.533,26.993,202.09,395.3149,-1,2,7,74.2,,False,1466.999
6997,0.652,26.259,216.18,94.9225,-1,1,10,76.4,,False,457.7778888888889
7008,0.357,15.008,119.05,135.0278,-1,1,10,99.1,,False,212.999
7010,4.467,30.306,224.91,542.2536,-1,2,9,74.2,,False,10.00011111111111
7011,2.494,28.842,215.4,429.3007,-1,2,5,88.6,,False,641.999
7016,3.999,27.99,209.09,425.1109,-1,3,11,94.9,,False,728.999
7018,3.192,24.001,180.33,353.199,-1,2,10,100.0,,False,1155.999
7021,1.316,26.991,201.46,435.3094,-1,2,10,99.1,,False,1053.999
7022,0.451,19.571,149.84,229.0475,-1,2,4,93.8,,False,214.999
7024,3.151,23.649,178.95,295.1877,-1,2,11,99.0,,False,533.999
7027,1.717,25.985,194.24,413.1605,-1,3,6,100.0,,False,2801.999
7029,4.312,35.237,260.86,613.5047,-1,2,5,93.7,,False,1152.999
7030,3.252,38.452,283.69,732.5588,-1,2,11,100.0,,False,627.999
7031,1.929,33.36,246.61,653.3919,-1,3,8,100.0,,False,257.999
7032,0.749,30.823,236.32,229.0509,-1,2,7,99.6,,False,284.999
7034,3.335,32.689,242.25,581.3401,-1,3,8,100.0,,False,2016.999
7035,3.648,25.202,189.1,368.166,-1,3,10,100.0,,False,687.999
7037,2.548,27.068,213.0,152.9934,-1,1,6,92.6,,False,3432.999
7039,4.215,39.185,289.02,744.5675,-1,3,6,67.8,,False,424.000111111111
7040,0.75,16.734,127.42,250.8509,-1,3,4,98.6,,False,670.999
7041,0.553,20.215,155.02,222.998,-1,1,12,96.3,,False,381.6667777777777
7043,1.343,29.361,217.98,533.182,-1,2,11,100.0,,False,1178.999
7046,1.743,30.755,228.36,532.3311,-1,3,8,99.1,,False,2903.999
7047,0.486,29.751,227.27,245.047,-1,2,5,97.9,,False,1898.999
7049,2.205,34.854,259.03,518.9812,-1,2,4,98.0,,False,1203.999
7052,1.681,30.991,229.98,545.3306,-1,3,6,90.2,,False,192.999
7053,2.144,27.782,207.73,412.3154,-1,3,9,98.1,,False,1511.999
7055,2.616,27.537,208.98,279.2318,-1,2,5,100.0,,False,675.999
7056,2.47,30.483,226.99,477.3211,-1,2,4,100.0,,False,2002.999
7057,1.983,18.792,145.4,191.1047,-1,2,9,100.0,,False,847.999
7058,2.397,26.888,202.25,345.2794,-1,2,9,88.4,,False,751.999
7059,1.077,40.137,301.53,367.1517,-1,2,3,69.2,,False,2999.999
7060,0.537,28.176,226.97,116.9698,-1,1,9,89.7,,False,353.999
7061,1.816,26.72,199.86,406.2267,-1,3,7,98.3,,False,2169.999
7064,2.924,33.18,246.12,559.4737,-1,3,5,52.5,,False,597.4445555555556
7065,3.183,27.205,202.61,469.2472,-1,2,9,100.0,,False,920.999
7066,2.196,26.451,216.27,100.9994,-1,1,9,99.7,,False,925.999
7069,0.549,23.28,175.91,305.1728,-1,2,11,100.0,,False,593.999
7071,1.075,35.827,269.07,368.1612,-1,1,3,96.5,,False,6167.999
7072,1.916,30.651,227.34,555.2369,-1,3,8,98.6,,False,3041.999
7073,1.826,26.546,198.87,387.3096,-1,2,6,99.3,,False,891.999
7074,0.491,28.097,209.65,441.1114,-1,3,8,100.0,,False,868.999
7076,0.425,26.562,197.94,458.1003,-1,2,11,100.0,,False,430.999
7077,0.494,17.271,131.56,249.8888,-1,3,9,100.0,,False,2026.999
7081,1.068,29.582,221.01,425.1165,-1,3,11,100.0,,False,978.999
7083,2.144,22.357,170.16,259.1901,-1,1,12,99.0,,False,557.999
7087,2.599,26.147,196.29,364.2842,-1,1,10,98.1,,False,510.999
7088,2.323,34.554,254.93,723.2774,-1,3,11,100.0,,False,514.999
7090,2.451,24.849,187.22,329.2668,-1,2,6,99.2,,False,864.999
7091,4.335,47.024,344.96,1088.8352,-1,6,8,99.7,,False,1128.999
7095,2.637,29.617,220.2,503.2398,-1,1,8,97.7,,False,836.999
7096,1.577,27.37,204.72,407.2419,-1,2,6,100.0,,False,1041.999
7097,1.076,30.538,227.79,449.1611,-1,2,13,98.7,,False,822.999
7098,0.762,26.631,204.1,229.0509,-1,2,8,96.9,,False,163.999
7100,1.945,30.275,224.68,543.2239,-1,3,5,100.0,,False,4066.999
7105,1.279,31.4,232.18,639.1464,-1,3,11,100.0,,False,1176.999
7106,4.134,39.082,287.81,814.5411,-1,2,5,72.5,,False,1540.999
7107,1.982,35.762,263.84,727.357,-1,4,11,100.0,,False,1100.999
7108,0.527,22.384,170.78,247.0936,-1,2,8,100.0,,False,453.999
7109,2.746,26.449,199.01,342.2013,-1,2,9,83.0,,False,208.800797731055
7110,3.025,29.03,216.57,445.3672,-1,2,5,45.8,,False,2686.999
7111,1.597,27.926,208.65,422.23,-1,2,6,100.0,,False,2506.999
7112,0.39,26.099,194.08,492.9916,-1,2,14,97.3,,False,28.322636235107325
7113,2.606,31.884,236.7,538.3168,-1,2,10,100.0,,False,1293.999
7114,3.212,25.865,193.72,389.0342,-1,3,3,100.0,,False,3829.999
7115,3.946,30.955,229.93,524.3814,-1,2,8,73.2,,False,1577.7778888888888
7117,3.71,26.856,201.3,381.3351,-1,2,13,50.4,,False,306.13197539392934
7118,0.496,22.521,170.48,291.9752,-1,3,6,100.0,,False,318.999
7119,1.854,31.443,232.72,611.221,-1,3,10,97.6,,False,564.999
7120,2.243,29.621,220.31,497.2316,-1,2,7,73.6,,False,353.999
7121,2.468,41.658,306.14,941.5234,-1,4,3,100.0,,False,4992.999
7122,1.818,30.055,222.72,577.2742,-1,4,10,99.2,,False,389.999
7124,4.705,33.319,247.15,557.4601,-1,2,5,91.7,,False,1728.5265500704784
7125,2.441,29.658,221.07,459.3108,-1,3,8,55.8,,False,685.999
7126,2.93,25.68,189.74,647.9613,-1,2,8,100.0,,False,850.999
7127,3.504,36.137,267.25,644.4906,-1,2,9,94.7,,False,1668.999
7128,1.187,21.345,161.98,275.0581,-1,3,7,100.0,,False,3684.999
7129,2.869,28.724,214.05,462.205,-1,2,11,100.0,,False,1027.999
7130,1.064,24.841,186.36,369.1725,-1,3,10,79.0,,False,653.999
7131,0.398,24.39,185.36,269.1277,-1,1,7,97.6,,False,794.999
7132,2.685,31.588,234.37,551.2934,-1,1,7,55.6,,False,1309.999
7133,3.302,26.231,199.12,277.2147,-1,2,3,100.0,,False,1575.999
7134,1.493,33.217,246.17,581.2408,-1,2,7,100.0,,False,451.999
7136,2.583,25.93,197.07,269.9841,-1,1,10,98.3,,False,831.0001111111111
7137,1.898,31.715,235.13,569.3306,-1,4,9,99.4,,False,128.999
7143,1.101,32.472,240.15,637.1301,-1,2,11,100.0,,False,963.999
7145,1.488,30.131,223.18,588.2688,-1,3,8,99.4,,False,1559.999
7146,1.914,33.667,248.82,659.2857,-1,2,6,97.2,,False,331.999
7148,4.618,34.117,252.97,569.4803,-1,3,3,80.3,,False,5198.999
7149,0.363,28.304,211.66,410.9872,-1,1,12,97.8,,False,189.55566666666667
7152,4.128,29.025,216.74,431.3888,-1,2,8,86.7,,False,686.999
7153,1.333,32.137,237.88,611.207,-1,3,7,98.3,,False,572.999
7155,2.989,33.477,247.72,622.3759,-1,3,8,99.7,,False,233.999
7156,0.376,19.39,148.86,218.0436,-1,2,8,98.6,,False,164.999
7157,3.659,30.32,225.09,535.2964,-1,5,7,99.2,,False,1995.999
7159,3.166,34.824,257.7,623.4536,-1,6,5,61.3,,False,1446.999
7161,0.925,19.845,149.79,308.8513,-1,3,8,100.0,,False,2059.999
7163,4.251,39.739,292.27,879.5129,-1,2,5,100.0,,False,1908.999
7164,0.333,26.65,198.14,499.0392,-1,2,7,95.1,,False,85.999
7165,2.584,39.191,295.74,325.1819,-1,3,10,96.6,,False,219.9203477676025
7168,3.316,21.615,163.98,277.1629,-1,2,6,100.0,,False,612.999
7170,2.056,24.839,184.47,516.7403,-1,5,8,100.0,,False,341.999
7172,0.467,23.495,182.19,187.0064,-1,1,7,65.3,,False,1710.999
7173,1.949,29.739,222.09,431.3157,-1,2,4,82.5,,False,2277.999
7175,2.292,28.635,212.93,499.3098,-1,3,6,100.0,,False,3473.999
7176,3.425,28.169,210.7,408.3198,-1,3,6,80.3,,False,3973.999
7177,1.957,26.178,195.87,401.2375,-1,2,7,71.0,,False,1041.999
7180,3.611,30.372,225.95,492.3813,-1,1,4,37.8,,False,2178.999
7181,3.424,27.063,202.49,403.2617,-1,2,5,100.0,,False,2124.999
7182,3.649,28.32,210.74,485.2788,-1,3,8,100.0,,False,915.5556666666666
7184,2.069,22.014,167.3,267.1116,-1,2,9,97.4,,False,745.999
7185,2.776,27.132,202.54,433.3328,-1,2,6,100.0,,False,489.999
7187,2.472,32.589,241.59,572.3639,-1,4,9,87.1,,False,1444.999
7189,2.583,31.487,233.4,572.3006,-1,3,8,96.6,,False,1604.999
7190,2.724,29.455,219.09,495.2752,-1,1,5,97.8,,False,800.999
7193,4.317,42.01,309.39,818.7645,-1,3,11,100.0,,False,120.999
7198,3.88,28.253,210.68,451.3438,-1,2,7,100.0,,False,1511.999
7199,1.614,37.762,277.59,911.2681,-1,3,7,100.0,,False,423.999
7200,3.14,22.585,171.66,267.1148,-1,1,12,99.3,,False,994.999
7204,2.592,26.613,199.42,384.3169,-1,1,6,97.6,,False,935.999
7205,1.276,21.849,166.96,239.1638,-1,1,10,99.2,,False,754.999
7206,0.316,18.189,140.27,201.036,-1,1,9,98.4,,False,915.999
7207,3.212,25.255,190.11,337.2734,-1,2,9,93.7,,False,753.999
7208,1.48,20.498,157.51,215.1633,-1,1,9,98.9,,False,969.2223333333334
7210,3.021,27.126,203.37,379.2856,-1,1,9,65.9,,False,879.999
7216,2.489,38.721,285.18,811.4504,-1,4,3,100.0,,False,5634.999
7217,2.005,23.221,172.95,460.9467,-1,1,13,97.5,,False,540.2954996821884
7219,0.501,22.18,170.18,222.1127,-1,2,8,100.0,,False,118.999
7221,3.124,30.206,224.44,517.2553,-1,2,7,100.0,,False,803.999
7223,2.664,35.765,264.22,677.4788,-1,3,7,82.4,,False,789.999
7224,3.923,46.767,342.84,1151.7155,-1,4,8,99.9,,False,1286.999
7228,3.367,26.996,202.15,393.1398,-1,4,7,100.0,,False,3428.999
7229,2.866,28.719,213.72,485.2674,-1,2,7,98.4,,False,719.999
7233,0.484,22.024,168.1,245.0476,-1,2,6,99.2,,False,2633.999
7236,4.131,27.058,202.44,403.2624,-1,2,10,99.4,,False,464.6634766956337
7237,3.437,27.947,208.96,412.3498,-1,3,6,82.4,,False,378.999
7238,1.917,27.347,204.51,409.2604,-1,1,4,78.0,,False,3817.999
7240,0.276,22.097,166.47,326.7585,-1,1,13,98.2,,False,363.999
7241,1.403,23.2,175.71,289.1785,-1,2,7,99.4,,False,422.999
7242,2.633,26.668,199.78,387.2507,-1,2,8,97.2,,False,965.999
7247,2.824,30.493,226.91,488.3465,-1,1,10,74.2,,False,1293.999
7248,0.733,23.538,178.77,272.1265,-1,2,9,98.7,,False,558.999
7251,0.748,17.754,135.28,248.8529,-1,6,6,97.7,,False,398.999
7252,2.048,22.685,172.6,261.1838,-1,2,6,100.0,,False,980.999
7254,2.149,30.532,226.49,553.321,-1,2,8,97.6,,False,1302.999
7255,1.791,23.988,180.7,330.1744,-1,2,11,99.4,,False,496.999
7256,3.626,18.986,145.49,225.0053,-1,3,8,61.6,,False,1162.999
7257,0.593,23.781,177.24,450.8966,-1,1,16,96.5,,False,382.6039223955228
7258,1.331,24.908,190.34,241.0955,-1,2,8,100.0,,False,418.999
7259,3.505,39.025,287.84,744.5696,-1,3,7,67.4,,False,1092.5639777100105
7261,3.876,30.1,224.0,486.3978,-1,2,5,69.0,,False,719.5556666666666
7264,3.384,28.02,207.25,622.0477,-1,1,10,97.7,,False,641.999
7265,1.798,26.389,197.75,383.2792,-1,2,10,82.4,,False,1089.999
7266,2.517,23.209,178.24,218.9842,-1,2,15,98.9,,False,364.4401577746096
7267,1.156,19.785,156.55,141.0144,-1,2,7,41.8,,False,435.999
7268,3.269,35.886,265.18,669.4943,-1,3,9,98.0,,False,1207.889
7269,0.642,14.301,115.81,108.0191,-1,1,8,97.9,,False,770.999
7270,2.769,33.32,248.46,457.2367,-1,2,12,99.0,,False,382.999
7272,2.582,25.941,197.19,268.9808,-1,1,10,97.8,,False,1042.1112222222223
7274,3.326,39.329,289.88,774.5702,-1,3,6,82.4,,False,1905.999
7275,1.725,23.584,178.76,284.2209,-1,2,9,100.0,,False,922.999
7276,0.25,21.917,164.66,351.0566,-1,2,6,88.5,,False,337.999
7277,4.499,22.145,183.1,91.0202,-1,1,5,97.0,,False,1540.999
7278,2.709,33.582,249.1,559.4738,-1,3,5,57.6,,False,1248.999
7281,4.113,40.228,295.89,881.6839,-1,2,6,66.8,,False,4770.999
7283,3.134,20.201,155.02,220.1445,-1,2,5,90.4,,False,1242.999
7284,1.924,22.588,171.68,267.194,-1,2,5,97.7,,False,3890.999
7285,0.531,29.15,217.44,447.2749,-1,2,11,100.0,,False,1197.999
7288,3.578,31.154,231.19,544.3433,-1,2,9,97.2,,False,1538.999
7290,2.382,25.155,186.33,575.9233,-1,2,9,95.8,,False,510.999
7291,4.721,29.762,222.51,415.3219,-1,2,8,97.6,,False,596.999
7297,2.495,26.051,194.92,401.1318,-1,3,6,52.5,,False,1312.999
7298,1.565,29.809,221.18,545.2061,-1,2,9,100.0,,False,900.999
7299,2.422,13.837,109.58,136.8894,-1,1,9,96.6,,False,87.33344444444447
7300,1.213,35.33,265.29,369.1728,-1,3,7,99.5,,False,1143.999
7301,2.408,24.988,191.25,234.1237,-1,2,8,100.0,,False,574.999
7302,2.494,43.164,316.99,993.6222,-1,3,6,100.0,,False,1127.999
7306,1.375,31.939,236.65,583.2579,-1,3,6,100.0,,False,2652.999
7307,0.755,32.826,251.72,229.0511,-1,2,6,97.0,,False,97.999
7309,1.25,33.733,249.17,679.3154,-1,3,11,100.0,,False,632.999
7310,0.321,25.968,204.96,146.9812,-1,1,9,96.0,,False,538.999
7313,0.4,19.234,146.32,258.9899,-1,2,7,100.0,,False,366.999
7316,0.456,28.134,216.42,215.0302,-1,2,11,69.9,,False,112.999
7317,1.475,21.257,161.53,267.0757,-1,2,11,100.0,,False,772.999
7318,3.831,13.233,100.51,257.9356,-1,1,4,75.2,,False,1163.999
7321,3.628,32.87,243.89,551.4323,-1,3,4,52.5,,False,2262.999
7327,2.144,29.743,221.63,465.3217,-1,2,4,82.4,,False,2176.999
7330,2.01,28.347,211.0,480.2792,-1,3,11,100.0,,False,1181.999
7335,0.551,31.464,242.24,213.0208,-1,3,4,87.1,,False,1334.999
7337,3.817,32.355,239.77,580.4164,-1,3,6,97.2,,False,517.5556666666666
7339,3.943,41.155,303.25,790.7341,-1,3,12,100.0,,False,355.44455555555555
7340,3.684,27.071,203.73,341.3052,-1,2,10,97.3,,False,673.999
7341,1.473,27.635,205.73,477.2607,-1,2,9,100.0,,False,593.999
7342,3.481,33.709,249.32,636.3777,-1,3,8,100.0,,False,1335.999
7343,2.062,31.246,231.71,561.2694,-1,3,7,97.5,,False,2072.999
7345,2.207,31.412,232.83,572.9877,-1,2,8,100.0,,False,1873.999
7346,2.232,27.846,207.63,451.247,-1,2,13,100.0,,False,668.999
7347,1.943,30.552,226.62,555.3366,-1,2,7,88.1,,False,397.999
7349,0.855,20.417,156.34,229.0519,-1,2,10,99.1,,False,2270.999
7351,0.76,24.802,725.16,328.9809,-4,2,6,93.7,,False,1551.999
7352,3.799,32.242,240.15,475.3432,-1,2,4,93.7,,False,2557.999
7353,2.978,31.114,230.95,540.31,-1,2,8,97.8,,False,378.999
7355,3.657,24.554,185.31,315.1928,-1,2,10,97.2,,False,329.999
7357,3.383,36.444,269.26,675.4791,-1,4,8,97.6,,False,2415.999
7358,3.263,28.72,214.94,401.3421,-1,2,7,58.2,,False,2149.999
7360,1.069,38.034,280.22,793.3771,-1,3,6,100.0,,False,1849.999
7361,2.838,26.138,196.09,371.2788,-1,3,5,82.4,,False,571.0092991407614
7364,2.777,28.683,214.3,423.3115,-1,2,6,46.2,,False,1926.999
7366,2.39,23.209,174.09,368.9747,-1,1,11,99.3,,False,307.3273693401129
7369,2.401,23.701,179.28,298.2413,-1,1,7,64.5,,False,861.6329386765397
7372,2.047,32.768,242.52,615.2893,-1,3,7,100.0,,False,2408.999
7373,2.052,31.262,232.26,521.3489,-1,3,10,95.3,,False,281.999
7374,0.279,27.767,204.35,810.401,-1,1,14,96.5,,False,455.999
7375,4.243,27.108,203.14,383.354,-1,2,12,75.9,,False,71.49627354468385
7376,2.938,32.705,243.33,495.2729,-1,2,11,100.0,,False,418.999
7377,2.032,27.394,204.64,424.2457,-1,3,8,100.0,,False,1213.999
7378,3.817,34.12,252.53,617.3641,-1,3,8,100.0,,False,2218.999
7379,0.835,28.116,210.19,415.2147,-1,3,6,100.0,,False,541.999
7381,3.075,26.128,196.34,354.3001,-1,1,10,97.9,,False,833.1112222222222
7390,1.389,29.401,219.44,439.2133,-1,3,6,100.0,,False,217.999
7393,1.498,28.426,211.45,492.2711,-1,2,7,99.4,,False,1432.999
7394,3.195,33.734,249.93,589.3648,-1,2,8,100.0,,False,1337.999
7397,1.074,13.54,105.76,162.8367,-1,1,6,77.0,,False,1562.999
7399,3.215,27.207,203.66,397.3325,-1,2,14,81.1,,False,716.5295000961172
7401,3.094,26.346,198.09,349.3097,-1,2,5,82.4,,False,1856.999
7404,3.531,28.084,207.73,622.0673,-1,2,11,100.0,,False,765.999
7406,0.402,20.003,152.14,261.0386,-1,2,8,100.0,,False,115.999
7407,2.645,32.988,243.92,640.353,-1,2,4,100.0,,False,259.999
7408,2.651,36.686,270.47,757.3491,-1,4,8,100.0,,False,725.999
7411,3.267,40.636,298.77,905.5122,-1,4,5,100.0,,False,1511.999
7414,2.484,26.967,203.97,301.2158,-1,2,5,89.3,,False,648.999
7415,2.345,31.479,233.85,523.3659,-1,2,6,48.3,,False,1658.999
7416,0.383,23.719,178.81,323.184,-1,2,7,99.8,,False,604.999
7417,3.072,43.33,318.29,970.6223,-1,3,12,98.7,,False,494.999
7419,1.415,25.631,191.88,394.1324,-1,2,7,100.0,,False,1419.999
7420,1.498,27.671,206.58,433.2802,-1,3,6,100.0,,False,2965.999
7421,2.225,26.564,199.21,375.2532,-1,1,10,86.0,,False,1682.999
7423,2.27,25.831,191.31,580.9348,-1,1,9,98.4,,False,483.999
7424,3.145,24.818,187.15,322.2737,-1,1,10,97.3,,False,309.999
7425,2.69,26.956,202.12,377.2691,-1,2,6,78.1,,False,3559.999
7427,2.185,19.836,152.21,220.0773,-1,2,5,100.0,,False,2935.999
7428,2.048,34.45,254.44,683.3295,-1,4,12,100.0,,False,794.999
7430,1.864,22.778,170.61,383.853,-1,7,6,100.0,,False,498.999
7431,3.265,24.944,187.81,335.1748,-1,4,12,97.0,,False,128.999
7432,2.378,34.358,254.48,597.2724,-1,2,8,100.0,,False,944.999
7434,2.52,33.326,246.94,585.4008,-1,3,7,100.0,,False,1390.999
7438,1.627,17.883,135.21,293.9842,-1,1,13,98.9,,False,467.2223333333334
7440,2.343,23.169,178.94,199.1695,-1,1,4,96.5,,False,882.999
7442,3.905,41.671,306.66,857.6795,-1,2,7,40.2,,False,436.66677777777784
7443,2.498,37.31,275.11,753.4737,-1,3,11,55.1,,False,710.999
7444,2.142,30.538,227.51,469.3523,-1,2,5,59.5,,False,1869.999
7447,2.211,22.605,168.83,418.9718,-1,2,8,97.3,,False,1372.999
7448,1.467,25.271,189.86,355.2475,-1,2,9,84.4,,False,1131.999
7449,2.529,29.195,217.14,496.2494,-1,3,5,85.1,,False,3956.999
7450,0.816,26.497,198.87,367.1559,-1,2,6,98.9,,False,1487.999
7453,2.987,23.984,181.25,305.0301,-1,3,4,100.0,,False,2213.999
7457,1.437,28.613,214.79,366.9814,-1,1,11,97.7,,False,241.42317086423827
7458,2.299,28.323,211.43,435.2647,-1,2,4,89.7,,False,269.999
7460,2.255,25.223,187.22,528.9675,-1,2,5,94.6,,False,2024.999
7463,1.794,32.752,242.17,643.3534,-1,3,9,100.0,,False,1211.999
7464,3.713,44.724,328.63,955.7926,-1,6,8,100.0,,False,272.999
7467,3.313,27.12,205.18,299.2008,-1,2,10,100.0,,False,652.999
7468,3.05,31.468,233.57,541.3757,-1,2,10,69.6,,False,91.22233333333334
7471,0.603,21.557,162.43,324.9887,-1,3,5,100.0,,False,1316.999
7475,2.068,25.873,194.11,370.2604,-1,1,11,98.9,,False,372.33344444444447
7476,0.519,28.247,211.2,413.1992,-1,2,10,95.0,,False,299.999
7477,3.641,25.594,190.23,502.2024,-1,2,11,100.0,,False,338.999
7478,2.405,27.367,202.41,622.9844,-1,2,12,98.0,,False,1012.889
7481,3.16,19.612,150.9,210.0686,-1,1,17,99.1,,False,453.1138654286219
7482,1.445,28.806,213.7,548.2316,-1,4,4,100.0,,False,5278.999
7483,0.671,17.334,133.42,206.9005,-1,3,7,100.0,,False,1619.999
7486,2.671,41.762,307.03,914.558,-1,4,10,100.0,,False,820.999
7487,0.521,19.22,146.5,249.0391,-1,2,5,100.0,,False,934.999
7488,2.089,21.887,166.7,255.1942,-1,2,7,98.2,,False,79.33344444444447
7490,2.677,33.148,245.74,572.3638,-1,3,6,71.5,,False,2078.999
7493,3.384,46.067,337.93,1088.733,-1,3,11,100.0,,False,924.999
7494,2.65,35.598,262.66,721.3727,-1,3,9,100.0,,False,999.999
7497,2.661,28.851,215.56,423.3109,-1,2,3,50.4,,False,3986.999
7499,3.524,32.222,240.17,463.2877,-1,1,6,99.0,,False,1571.999
7501,1.841,24.209,182.47,325.2365,-1,2,9,71.0,,False,541.3875665920011
7502,2.224,29.545,219.45,523.3107,-1,2,10,96.9,,False,1546.999
7507,2.294,28.752,214.51,444.3121,-1,1,8,99.2,,False,2303.999
7508,2.635,32.382,240.72,511.342,-1,2,9,95.4,,False,1157.999
7509,0.345,23.842,179.64,328.1497,-1,2,7,98.0,,False,1096.999
7514,3.589,34.178,253.15,596.3952,-1,2,8,77.4,,False,1247.999
7515,0.68,16.727,130.27,172.0376,-1,2,7,99.0,,False,820.999
7516,0.48,27.36,210.45,215.0301,-1,1,7,70.5,,False,1238.999
7517,0.516,16.984,133.71,149.0216,-1,1,7,97.5,,False,461.999
7518,1.165,21.643,164.77,257.137,-1,2,8,93.4,,False,417.999
7519,3.228,35.573,281.95,141.0147,-1,1,10,99.1,,False,367.999
7524,0.607,12.253,97.22,132.8653,-1,1,8,48.0,,False,159.889
7525,2.207,25.454,188.79,544.9641,-1,1,12,97.0,,False,486.44455555555555
7531,1.27,28.698,236.89,92.9253,-1,1,14,98.3,,False,527.4038548398222
7534,2.518,30.021,222.78,544.2665,-1,2,9,100.0,,False,632.999
7537,0.971,23.438,176.56,329.176,-1,2,5,100.0,,False,631.999
7540,3.786,29.352,219.48,413.3631,-1,2,8,97.7,,False,933.999
7544,0.279,21.132,160.47,270.7959,-1,1,14,99.3,,False,530.999
7546,2.039,21.752,165.67,255.1951,-1,1,16,96.8,,False,297.20742941768356
7548,1.82,35.159,259.81,669.2791,-1,3,5,100.0,,False,394.999
7549,3.258,32.884,243.93,558.3326,-1,3,6,84.6,,False,333.999
7552,3.359,29.746,221.5,476.345,-1,1,7,68.8,,False,1696.999
7553,3.98,34.705,256.65,642.4879,-1,3,11,98.1,,False,549.999
7554,2.094,32.309,240.64,475.252,-1,3,8,99.4,,False,1123.999
7555,2.705,34.415,254.67,623.4545,-1,3,8,70.1,,False,1925.999
7556,1.086,18.313,141.64,192.0659,-1,1,6,97.7,,False,189.999
7557,0.443,22.689,175.92,187.004,-1,2,5,95.2,,False,1879.999
7563,3.346,31.249,231.7,564.3331,-1,2,10,97.0,,False,254.999
7564,1.336,20.293,153.92,277.0019,-1,3,7,97.3,,False,1651.999
7566,2.399,24.789,183.66,568.977,-1,1,12,97.5,,False,949.6667777777777
7567,3.344,30.445,226.31,508.4891,-1,2,4,57.3,,False,1442.999
7568,1.91,32.394,240.83,509.2591,-1,3,8,100.0,,False,1157.999
7569,3.128,27.989,209.0,430.3018,-1,1,7,87.2,,False,870.999
7570,2.772,31.784,236.05,529.3549,-1,1,9,68.9,,False,1556.999
7575,3.37,33.589,248.64,610.4783,-1,2,6,67.3,,False,138.999
7576,2.644,22.626,171.85,271.172,-1,2,6,100.0,,False,2048.999
7577,3.045,23.13,177.1,231.2098,-1,2,9,99.1,,False,187.999
7578,0.738,21.414,161.45,319.953,-1,5,6,100.0,,False,1682.999
7579,1.564,22.978,174.07,287.2219,-1,2,11,81.5,,False,154.52823242717366
7583,0.633,21.952,165.89,303.0524,-1,2,8,100.0,,False,175.999
7587,1.88,32.262,239.57,533.295,-1,4,10,100.0,,False,270.999
7588,2.496,25.301,187.27,594.6525,-1,7,5,100.0,,False,447.999
7595,3.031,24.93,187.97,323.2926,-1,2,8,93.0,,False,298.999
7596,3.535,18.211,137.03,330.9779,-1,1,6,98.1,,False,1161.999
7603,0.407,21.915,166.98,253.133,-1,2,8,100.0,,False,1004.999
7605,0.469,23.557,180.74,223.0193,-1,2,10,100.0,,False,261.999
7608,1.293,33.355,249.81,397.2065,-1,3,8,94.7,,False,1009.999
7611,1.198,27.164,218.8,116.9702,-1,1,11,56.7,,False,32.00011111111121
7614,4.092,28.404,212.05,433.3683,-1,2,8,65.3,,False,536.999
7620,1.82,31.642,234.86,541.3752,-1,3,8,100.0,,False,842.999
7621,0.436,19.707,152.94,183.1004,-1,2,7,100.0,,False,302.999
7622,2.493,42.345,315.92,457.2351,-1,2,8,99.2,,False,2898.999
7625,2.088,25.552,192.06,351.1654,-1,2,7,98.5,,False,73.7778888888889
7626,1.795,32.306,238.6,680.3428,-1,2,4,100.0,,False,2123.999
7629,3.477,17.647,132.77,330.9786,-1,1,17,97.6,,False,668.1916661105824
7633,0.276,22.973,170.71,500.6351,-1,1,14,99.0,,False,345.999
7635,0.831,20.87,157.51,310.9778,-1,2,3,100.0,,False,3677.999
7636,1.577,21.309,315.81,276.6347,-2,2,4,98.1,,False,2176.999
7639,2.544,33.469,247.74,613.4099,-1,2,11,97.2,,False,559.4308092501486
7640,2.308,27.857,207.91,436.2032,-1,3,3,99.8,,False,1959.999
7641,1.415,21.974,166.83,273.1144,-1,3,7,99.6,,False,914.999
7642,2.656,38.989,286.95,845.4051,-1,4,10,100.0,,False,574.999
7643,0.274,22.986,170.76,504.6299,-1,1,15,88.0,,False,314.999
7644,2.49,31.168,231.66,512.3005,-1,2,10,99.0,,False,694.999
7645,0.371,22.985,173.1,331.0579,-1,2,8,99.4,,False,670.999
7646,2.082,27.688,206.69,434.185,-1,3,8,99.9,,False,1380.999
7647,1.071,31.883,236.17,591.1738,-1,3,11,100.0,,False,1241.999
7648,1.35,22.634,171.33,292.1572,-1,1,9,97.9,,False,956.999
7649,4.363,16.898,132.0,165.0386,-1,2,5,98.5,,False,1420.999
7650,3.102,26.664,196.62,718.9554,-1,2,9,100.0,,False,748.999
7651,1.358,19.516,150.19,209.1528,-1,2,15,98.8,,False,139.22248225659888
7652,2.554,30.98,230.45,497.3463,-1,2,5,56.1,,False,1727.999
7653,3.352,31.503,234.24,505.3912,-1,2,8,77.5,,False,1379.999
7654,0.326,27.834,219.74,146.9808,-1,1,12,99.5,,False,536.999
7656,2.59,27.836,206.29,569.9691,-1,1,9,96.5,,False,1726.3784984484103
7657,4.236,24.493,183.68,373.0447,-1,3,6,100.0,,False,1259.000111111111
7658,3.312,30.647,227.57,530.328,-1,2,5,95.1,,False,1135.999
7661,1.084,33.188,245.32,653.1631,-1,2,11,100.0,,False,727.999
7662,3.938,27.762,207.65,407.355,-1,2,4,63.5,,False,1370.999
7663,2.194,19.359,144.91,384.9889,-1,2,12,99.1,,False,746.1838938238295
7664,2.038,30.473,226.37,522.3212,-1,2,8,92.9,,False,1532.999
7665,4.26,35.167,259.85,669.4617,-1,4,11,100.0,,False,192.999
7666,4.438,24.342,184.52,284.2668,-1,1,6,71.7,,False,728.999
7668,4.353,36.951,272.96,682.5918,-1,6,6,71.7,,False,297.6667777777777
7669,2.548,25.425,190.79,367.1775,-1,2,8,98.7,,False,929.999
7674,2.489,12.176,97.07,125.8966,-1,1,7,78.5,,False,938.999
7675,3.453,27.931,208.64,425.2913,-1,2,7,99.9,,False,462.999
7677,3.736,40.79,300.34,827.5979,-1,3,4,52.5,,False,1132.999
7679,1.069,37.78,278.21,815.2681,-1,5,8,100.0,,False,1732.999
7680,3.13,23.152,175.29,291.1582,-1,2,9,85.6,,False,361.44455555555555
7683,0.334,26.057,215.03,92.9259,-1,1,13,99.6,,False,571.8341654174301
7692,3.575,39.171,288.32,842.4905,-1,5,7,75.1,,False,218.999
7693,3.061,33.962,251.51,600.3973,-1,2,9,82.9,,False,1231.999
7697,2.783,29.793,222.23,447.3862,-1,2,4,82.4,,False,1458.999
7700,2.347,27.264,205.1,345.2784,-1,2,3,73.1,,False,4806.999
7701,3.461,32.684,243.25,489.3043,-1,2,10,100.0,,False,1099.999
7704,2.485,30.073,223.04,557.1617,-1,3,6,100.0,,False,2742.999
7707,2.252,28.782,214.55,457.2421,-1,1,8,98.5,,False,1338.5556666666666
7708,2.752,40.295,296.76,816.4881,-1,3,6,100.0,,False,302.999
7709,0.424,26.626,199.55,383.1512,-1,2,7,92.8,,False,852.999
7710,1.969,29.447,218.44,551.1883,-1,3,9,100.0,,False,622.999
7712,2.05,31.949,237.71,493.2647,-1,2,10,98.8,,False,968.999
7714,3.096,20.488,156.36,244.0314,-1,1,5,91.7,,False,2090.999
7715,3.637,29.951,223.11,470.3852,-1,1,9,82.3,,False,1206.999
7716,3.585,30.956,229.97,522.3577,-1,3,5,99.4,,False,2676.999
7717,3.035,27.543,206.08,403.2475,-1,2,9,97.9,,False,694.999
7720,1.486,27.335,204.56,401.29,-1,2,4,100.0,,False,1992.999
7721,3.276,34.737,257.04,625.4707,-1,4,9,60.7,,False,1268.2223333333334
7725,2.738,19.207,148.33,197.0719,-1,1,10,99.2,,False,1076.999
7728,2.658,39.257,288.88,853.4543,-1,4,10,100.0,,False,824.999
7729,1.71,29.893,222.75,465.3226,-1,2,3,93.7,,False,4066.999
7730,3.173,31.644,234.9,539.3626,-1,2,7,91.6,,False,438.999
7733,0.869,28.394,234.37,92.9257,-1,1,10,83.9,,False,326.55566666666664
7735,2.642,37.646,277.83,718.5062,-1,3,10,100.0,,False,231.999
7736,2.189,17.809,134.03,328.7625,-1,1,10,97.9,,False,459.999
7739,2.602,33.083,245.0,598.3799,-1,2,6,97.7,,False,2304.999
7740,2.606,31.545,233.89,566.3117,-1,4,7,100.0,,False,1132.999
7742,1.126,26.236,196.16,411.1572,-1,3,6,100.0,,False,3150.999
7743,2.786,23.828,179.64,323.1846,-1,2,6,67.3,,False,1361.8890000000001
7744,1.436,19.475,146.95,310.8308,-1,3,7,96.5,,False,2307.999
7745,1.572,33.333,246.18,683.3027,-1,4,7,100.0,,False,3306.999
7746,2.297,29.053,215.9,513.2175,-1,3,10,100.0,,False,825.999
7747,3.7,29.985,224.74,385.346,-1,2,7,98.8,,False,1254.999
7749,1.732,20.402,154.99,268.0032,-1,1,11,99.1,,False,982.999
7750,3.455,26.872,200.85,416.2903,-1,2,8,100.0,,False,1637.999
7751,2.931,28.588,213.62,421.3674,-1,2,5,82.4,,False,1675.999
7752,2.646,35.428,261.47,713.3231,-1,3,8,100.0,,False,668.999
7755,0.965,13.661,106.25,172.8283,-1,1,6,85.3,,False,1637.999
7760,4.154,38.452,283.29,794.5731,-1,3,5,52.5,,False,427.999
7763,1.74,32.136,237.04,727.0936,-1,2,5,100.0,,False,1150.999
7765,2.45,33.127,251.86,271.227,-1,2,8,100.0,,False,493.999
7766,2.682,32.561,241.02,611.323,-1,3,9,99.4,,False,686.999
7767,3.173,37.601,277.04,787.3418,-1,5,8,100.0,,False,903.999
7768,0.557,22.42,172.44,213.0196,-1,1,4,89.9,,False,515.999
7769,2.035,30.735,228.65,494.3496,-1,1,8,91.6,,False,2310.999
7770,3.785,30.577,227.34,504.3748,-1,2,7,96.5,,False,1240.999
7774,2.479,40.223,295.7,913.466,-1,2,10,100.0,,False,1750.999
7775,2.858,23.529,174.65,523.9405,-1,1,9,98.3,,False,1003.999
7779,2.895,33.259,246.43,584.3928,-1,1,5,48.8,,False,203.999
7780,0.906,16.082,125.5,167.0197,-1,2,6,75.3,,False,1096.999
7781,1.831,25.76,195.46,279.1944,-1,2,7,99.1,,False,711.999
7783,2.923,32.204,239.37,513.4121,-1,2,5,70.7,,False,1861.999
7786,2.53,33.321,246.85,590.3753,-1,2,6,100.0,,False,2082.999
7791,1.114,32.971,247.56,368.1607,-1,2,9,82.3,,False,868.999
7799,1.068,25.198,207.93,92.9259,-1,1,13,99.7,,False,141.05188289588529
7800,1.331,19.071,146.59,213.0645,-1,2,8,98.8,,False,983.999
7801,1.599,22.086,165.67,366.8313,-1,1,9,98.5,,False,881.999
7807,0.454,16.597,128.07,197.9074,-1,1,8,98.6,,False,722.7778888888889
7808,3.847,34.464,255.1,616.4683,-1,2,7,80.7,,False,847.999
7810,3.146,22.307,169.98,253.2511,-1,2,9,81.6,,False,669.999
7811,1.594,21.835,323.55,279.6592,-2,3,4,100.0,,False,2849.999
7815,3.555,12.095,96.57,123.9,-1,1,5,76.7,,False,1326.999
7818,2.544,22.004,168.23,237.22,-1,2,10,100.0,,False,158.999
7824,2.276,22.416,170.43,265.1782,-1,2,7,96.5,,False,71.999
7827,0.917,20.799,171.52,92.9258,-1,1,14,44.0,,False,255.92877306714536
7829,2.262,29.799,222.04,465.3218,-1,2,4,61.9,,False,1715.999
7831,0.614,20.848,171.51,94.9237,-1,1,9,48.7,,False,560.5695575384831
7833,1.565,18.942,141.54,404.8107,-1,1,9,97.5,,False,1705.999
7834,4.349,35.052,259.18,647.4928,-1,6,9,98.5,,False,590.999
7835,4.362,40.871,300.51,900.5706,-1,2,5,82.2,,False,555.999
7836,2.974,34.938,258.13,672.393,-1,2,5,71.3,,False,598.999
7837,0.444,28.669,214.14,427.2142,-1,2,8,100.0,,False,466.999
7838,2.704,30.902,229.99,487.2621,-1,2,10,100.0,,False,1019.999
7841,1.65,27.472,205.42,411.1846,-1,2,8,100.0,,False,1459.999
7842,3.199,31.438,233.34,542.3266,-1,3,7,96.5,,False,1807.999
7843,1.575,22.989,173.65,307.1567,-1,2,7,100.0,,False,1110.2223333333334
7849,2.093,24.172,179.58,507.9587,-1,1,12,98.5,,False,464.19951088815196
7851,3.38,35.442,262.25,626.4071,-1,2,11,100.0,,False,289.999
7852,0.385,23.29,175.79,313.1997,-1,2,8,100.0,,False,595.999
7853,3.371,30.387,226.34,472.3505,-1,2,6,61.7,,False,3150.999
7854,1.895,25.688,192.63,375.184,-1,3,6,100.0,,False,2258.999
7857,3.543,35.927,265.53,664.4646,-1,3,6,82.8,,False,1578.999
7858,3.36,31.794,235.71,569.3356,-1,3,10,98.2,,False,526.999
7859,2.516,27.007,201.91,412.2503,-1,3,5,85.1,,False,9.333444444444439
7860,3.312,22.459,170.07,289.1645,-1,3,10,99.3,,False,1356.999
7863,3.577,33.599,249.5,535.3476,-1,3,7,99.0,,False,2469.999
7866,3.995,40.572,298.54,862.5645,-1,2,6,88.9,,False,372.999
7869,3.705,36.494,269.63,677.4957,-1,2,9,82.4,,False,1078.999
7871,3.484,27.717,206.58,457.238,-1,2,7,82.9,,False,1005.2223333333334
7873,3.829,36.236,267.63,688.5499,-1,2,4,40.4,,False,2650.999
7874,3.363,26.158,196.55,354.3464,-1,2,10,82.4,,False,2366.28118518182
7876,1.022,13.667,106.22,174.8257,-1,1,9,80.4,,False,440.999
7878,2.618,30.784,232.48,315.2523,-1,2,10,100.0,,False,1477.999
7879,0.406,16.751,130.21,177.0167,-1,2,7,100.0,,False,236.999
7880,3.465,26.755,200.59,379.3194,-1,2,6,82.4,,False,336.999
7881,3.769,38.913,287.0,744.5705,-1,3,5,53.7,,False,1113.0001111111112
7882,3.555,33.396,247.39,590.451,-1,2,9,98.5,,False,2156.153118084022
7884,1.292,24.916,187.23,353.2319,-1,2,11,93.7,,False,278.999
7886,2.971,28.664,213.34,483.2508,-1,2,7,100.0,,False,750.999
7890,2.755,25.878,194.44,355.2839,-1,2,5,61.1,,False,1473.999
7892,1.643,26.559,198.2,437.126,-1,3,3,100.0,,False,1255.999
7894,3.158,28.145,210.27,423.3457,-1,2,6,68.1,,False,1081.999
7896,1.6,25.744,193.41,356.2467,-1,1,5,72.9,,False,2146.999
7897,0.773,22.433,177.58,141.0148,-1,1,8,46.2,,False,406.999
7902,2.029,30.821,229.0,519.3335,-1,2,8,97.5,,False,1500.999
7905,1.335,34.269,253.06,689.3819,-1,2,11,100.0,,False,346.999
7906,2.335,13.869,111.42,116.9263,-1,1,9,46.1,,False,24.552978116838858
7909,3.65,30.45,226.98,460.3509,-1,1,5,41.9,,False,1930.999
7910,2.974,13.248,100.62,257.9343,-1,1,6,51.0,,False,1125.999
7911,0.377,22.162,165.22,443.8592,-1,2,13,98.9,,False,738.999
7914,3.191,24.929,187.61,339.2527,-1,2,4,46.0,,False,987.999
7915,4.63,25.333,190.25,359.155,-1,3,5,100.0,,False,817.999
7919,3.718,25.154,192.65,231.2099,-1,1,10,99.5,,False,530.999
7922,3.681,34.043,252.16,593.4805,-1,2,4,68.1,,False,5071.929786901734
7923,3.018,23.946,180.76,313.2369,-1,1,11,66.0,,False,52.88900000000001
7926,3.067,45.347,332.76,1059.7072,-1,5,7,100.0,,False,964.999
7931,0.374,16.044,127.38,134.0589,-1,1,5,97.9,,False,921.999
7932,2.785,34.566,255.79,624.3964,-1,5,9,84.8,,False,1294.999
7936,2.675,28.706,214.81,403.285,-1,2,8,82.4,,False,1728.999
7940,3.73,31.599,233.25,699.0811,-1,4,6,98.5,,False,652.999
7942,3.17,40.023,294.43,875.3943,-1,5,9,100.0,,False,549.999
7944,2.448,24.719,186.36,324.255,-1,2,5,100.0,,False,471.999
7946,0.676,25.489,209.81,94.9238,-1,1,10,97.9,,False,156.889
7948,2.076,36.979,272.54,771.3839,-1,4,10,96.7,,False,774.999
7962,1.604,28.725,213.97,469.2788,-1,2,8,51.8,,False,156.999
7963,0.274,22.109,166.52,328.7558,-1,1,14,98.8,,False,318.999
7965,2.977,28.577,213.79,406.3031,-1,1,8,68.6,,False,1369.999
7967,2.265,12.173,97.05,125.8966,-1,1,7,85.0,,False,381.0001111111111
7968,2.377,37.391,276.0,712.4019,-1,3,8,100.0,,False,1253.999
7971,1.987,25.679,192.63,371.2812,-1,2,6,86.4,,False,879.7778888888889
7972,0.421,24.831,204.88,92.9258,-1,1,8,73.5,,False,896.8813566553075
7976,3.62,34.768,257.53,596.4995,-1,3,8,96.6,,False,1933.4742714208276
7980,1.815,28.655,213.35,477.3213,-1,3,7,92.8,,False,397.999
7982,2.062,23.177,175.75,281.2102,-1,2,5,97.2,,False,595.999
7983,1.016,13.652,106.27,170.8309,-1,1,5,84.5,,False,2233.999
7984,0.275,20.973,159.38,266.8015,-1,1,14,96.7,,False,362.999
7985,3.545,25.69,192.96,358.2378,-1,1,11,98.8,,False,504.999
7990,0.484,30.671,234.32,245.0462,-1,1,5,69.9,,False,1734.999
7992,2.618,26.04,195.48,364.2866,-1,1,6,90.9,,False,724.999
7993,3.438,29.968,223.3,465.4721,-1,3,7,73.9,,False,1400.9014202836966
7994,0.678,16.297,125.41,206.9016,-1,1,8,97.2,,False,2516.999
7997,3.623,26.053,195.76,355.3208,-1,2,13,91.5,,False,110.1160734618934
7999,2.889,19.887,152.2,231.0565,-1,3,5,82.4,,False,1556.999
8002,3.41,35.017,258.74,671.4651,-1,3,8,77.5,,False,389.999
8003,3.002,38.197,281.52,776.5621,-1,2,3,45.2,,False,2611.999
8005,2.596,27.227,205.0,337.1833,-1,2,7,70.7,,False,217.44455555555558
8009,3.613,26.427,198.34,367.3209,-1,2,5,70.4,,False,1335.999
8010,1.823,20.128,155.09,205.1585,-1,1,13,99.5,,False,401.9075580074789
8013,2.598,24.573,185.29,322.2438,-1,1,6,94.2,,False,573.999
8014,3.277,31.7,235.79,499.399,-1,3,5,53.5,,False,1809.999
8015,3.678,12.072,97.06,114.9334,-1,1,5,46.2,,False,1026.999
8016,0.327,22.69,179.02,146.9804,-1,1,10,83.6,,False,394.999
8017,3.221,25.809,192.19,469.0373,-1,3,7,100.0,,False,1797.999
8018,1.261,22.027,166.85,287.0574,-1,1,5,97.3,,False,1211.999
8019,2.44,26.435,200.53,281.2255,-1,2,8,93.3,,False,1046.999
8021,3.209,32.802,243.36,554.3486,-1,2,6,67.1,,False,62.66677777777778
8022,1.824,30.311,225.46,497.2923,-1,3,7,79.6,,False,2562.999
8023,2.682,29.697,221.62,441.3022,-1,2,8,95.4,,False,552.999
8026,4.32,36.302,268.13,686.5177,-1,1,8,96.5,,False,695.999
8027,1.0,16.184,126.29,167.0183,-1,2,8,59.5,,False,212.999
8029,0.374,22.495,172.57,223.0181,-1,1,14,98.7,,False,62.183880162488336
8030,2.64,32.927,257.77,165.0393,-1,2,7,98.8,,False,1239.999
8031,2.184,28.133,209.65,461.3266,-1,3,5,98.0,,False,286.999
8033,2.037,23.795,179.62,313.1657,-1,2,3,82.4,,False,2287.999
8035,4.335,25.403,190.15,395.2433,-1,2,6,100.0,,False,475.999
8038,2.759,22.628,171.98,267.2313,-1,2,8,66.6,,False,265.91077357208144
8039,2.329,33.29,246.17,641.2742,-1,2,11,98.8,,False,593.999
8041,3.041,27.716,206.57,457.2373,-1,2,7,100.0,,False,18.866606685525085
8042,2.474,19.413,148.62,229.0826,-1,2,11,98.8,,False,559.999
8044,2.031,27.754,207.05,444.2128,-1,2,8,100.0,,False,764.999
8045,1.008,18.014,137.27,249.0028,-1,3,3,97.0,,False,2654.999
8048,0.759,28.902,215.4,461.2907,-1,3,6,100.0,,False,3467.999
8049,3.591,26.867,200.44,441.2513,-1,2,9,99.7,,False,871.999
8050,2.779,24.051,178.69,505.9756,-1,1,10,95.5,,False,471.999
8051,2.189,25.751,193.09,376.2248,-1,2,9,97.3,,False,939.999
8053,2.226,29.286,218.55,441.3224,-1,2,7,89.4,,False,1698.999
8055,1.558,27.658,206.16,457.1801,-1,4,6,100.0,,False,224.999
8057,4.072,27.031,202.19,406.2889,-1,1,4,39.7,,False,437.999
8059,1.966,31.311,232.36,546.3488,-1,2,7,98.2,,False,1970.999
8062,2.866,33.818,250.35,611.3494,-1,2,10,100.0,,False,919.999
8065,2.796,28.153,209.47,487.0556,-1,3,9,100.0,,False,384.999
8069,2.252,37.328,275.23,753.4729,-1,3,9,68.5,,False,576.999
8071,1.151,22.298,167.75,338.9362,-1,2,7,100.0,,False,1094.999
8072,0.533,30.091,248.41,92.926,-1,1,8,66.4,,False,299.66677777777784
8077,3.297,24.863,188.66,278.2199,-1,1,3,45.8,,False,2540.999
8080,1.153,33.545,251.87,369.1746,-1,2,6,82.8,,False,1285.999
8081,3.859,40.619,298.94,850.5995,-1,2,5,41.5,,False,1325.999
8084,1.514,30.204,223.87,572.3271,-1,3,4,95.4,,False,2764.999
8085,2.436,27.951,208.85,421.151,-1,2,7,100.0,,False,683.999
8089,1.729,20.591,157.76,227.1171,-1,2,6,100.0,,False,1290.999
8094,0.381,25.962,193.97,420.0863,-1,3,8,100.0,,False,1689.999
8095,3.708,29.236,217.93,458.3639,-1,1,10,98.6,,False,700.999
8098,2.495,27.821,205.67,639.012,-1,2,11,97.6,,False,338.6667777777778
8101,3.686,27.469,205.76,389.3424,-1,2,6,82.4,,False,2030.999
8103,0.613,26.43,197.37,427.2182,-1,3,8,100.0,,False,735.999
8104,2.347,30.415,225.78,537.3259,-1,3,9,100.0,,False,951.999
8105,3.031,26.568,199.72,351.2522,-1,2,5,93.7,,False,278.999
8109,1.17,17.988,137.49,234.9543,-1,3,6,100.0,,False,804.999
8110,1.608,33.073,245.56,537.2515,-1,3,7,100.0,,False,1011.999
8113,1.128,33.185,246.01,573.3333,-1,2,9,100.0,,False,465.999
8114,2.514,30.086,223.32,537.224,-1,2,13,98.3,,False,532.999
8115,2.033,28.718,213.8,477.2502,-1,3,5,83.9,,False,853.999
8116,3.483,29.0,216.16,458.3317,-1,1,8,97.7,,False,830.999
8119,2.214,23.112,174.92,293.2131,-1,1,3,72.9,,False,1623.999
8122,3.468,31.358,233.62,469.3333,-1,2,8,97.8,,False,1266.999
8124,2.624,30.568,228.43,423.3101,-1,2,8,100.0,,False,1906.999
8125,2.103,22.135,168.59,255.2342,-1,2,3,44.0,,False,1956.999
8128,2.35,30.593,227.04,542.2916,-1,2,8,100.0,,False,186.999
8135,1.615,22.965,173.48,307.062,-1,2,7,100.0,,False,1457.999
8136,1.191,30.45,226.15,527.1634,-1,2,8,100.0,,False,784.999
8137,1.157,21.867,178.68,100.9996,-1,1,8,99.0,,False,618.999
8142,1.289,38.026,280.01,817.4032,-1,4,8,100.0,,False,1667.999
8145,2.255,31.731,235.12,582.2657,-1,2,5,100.0,,False,1483.999
8147,2.08,30.212,224.45,520.2902,-1,2,5,96.5,,False,1796.999
8150,1.439,26.729,199.24,454.1527,-1,2,8,100.0,,False,389.999
8151,1.916,22.415,171.15,243.194,-1,2,5,100.0,,False,259.999
8154,2.483,29.158,217.12,475.3423,-1,2,8,98.4,,False,1010.1112222222222
8155,0.551,29.807,229.33,215.0306,-1,1,8,91.6,,False,566.999
8159,4.382,44.065,323.76,960.7483,-1,4,11,67.7,,False,287.8889999999999
8161,2.188,38.744,294.99,265.1457,-1,2,9,98.5,,False,1551.2318364582618
8162,1.23,17.975,136.46,268.844,-1,2,5,97.9,,False,2760.999
8163,3.422,20.147,154.61,220.1443,-1,1,6,69.4,,False,381.999
8165,3.535,27.192,204.02,371.3156,-1,2,7,100.0,,False,899.999
8166,1.434,18.482,140.16,275.859,-1,1,8,98.9,,False,1196.999
8167,2.62,25.68,192.64,371.243,-1,3,4,52.5,,False,1963.999
8168,0.585,16.415,128.87,154.0602,-1,1,13,92.2,,False,269.999
8169,0.335,24.368,192.3,146.9807,-1,1,8,73.5,,False,711.999
8172,1.355,22.633,172.14,263.2006,-1,1,11,98.2,,False,1184.999
8173,2.107,39.864,296.19,528.9665,-1,1,10,88.6,,False,1221.0390691278437
8174,1.354,37.678,277.3,843.344,-1,3,6,100.0,,False,1436.999
8180,3.67,29.149,216.58,515.2736,-1,3,10,100.0,,False,605.999
8181,1.997,26.76,200.48,387.3087,-1,2,6,94.5,,False,1111.999
8184,0.717,21.498,172.75,118.9671,-1,1,11,53.9,,False,69.70352467971907
8187,2.444,26.891,200.85,425.2327,-1,2,4,100.0,,False,1077.999
8192,1.25,28.985,215.59,495.2971,-1,2,11,96.7,,False,254.999
8194,0.559,25.173,186.95,516.8698,-1,1,16,97.5,,False,153.86959978019206
8196,1.07,27.523,206.18,389.1404,-1,2,11,100.0,,False,967.999
8201,1.488,31.164,231.03,569.3017,-1,3,11,98.2,,False,934.999
8202,3.153,32.988,244.65,562.4213,-1,1,8,73.7,,False,542.999
8203,1.528,20.998,178.22,74.0226,-1,1,7,78.3,,False,1333.999
8206,2.855,26.605,209.34,152.9933,-1,1,10,99.5,,False,609.999
8207,0.376,27.598,205.2,499.1448,-1,3,9,100.0,,False,302.999
8210,3.011,27.843,207.75,441.1061,-1,4,7,96.9,,False,2383.999
8212,3.537,26.707,197.83,579.0603,-1,2,10,99.1,,False,644.999
8216,0.345,23.493,188.84,118.9671,-1,1,10,50.5,,False,149.77788888888892
8219,1.976,32.795,244.33,471.9926,-1,1,9,96.5,,False,1140.3858958266414
8220,2.95,34.483,255.65,574.4116,-1,2,6,98.0,,False,1546.999
8222,2.889,29.172,218.38,399.3262,-1,2,6,78.3,,False,2026.999
8224,1.41,30.6,226.63,593.1442,-1,7,5,100.0,,False,2036.999
8226,3.091,34.805,257.58,621.4388,-1,9,4,71.4,,False,1880.999
8229,2.057,21.881,324.05,286.1334,-2,2,3,98.7,,False,2013.999
8230,3.487,34.651,256.08,663.407,-1,3,6,100.0,,False,1708.999
8233,1.863,23.751,180.07,283.1895,-1,2,5,100.0,,False,787.999
8234,1.081,27.247,204.36,375.1793,-1,2,9,100.0,,False,1525.878115995206
8236,3.988,39.309,289.27,853.4955,-1,4,6,76.8,,False,52.000111111111096
8239,2.984,34.147,253.36,554.3266,-1,2,5,74.0,,False,1566.999
8245,4.336,37.539,276.74,759.527,-1,1,5,91.6,,False,633.1261847334692
8248,1.483,24.493,184.36,337.2361,-1,2,6,96.9,,False,1016.999
8249,2.104,38.795,288.24,528.9691,-1,2,11,97.7,,False,341.2442942969253
8250,3.346,33.594,249.52,529.3539,-1,2,9,100.0,,False,911.999
8252,0.456,20.511,168.72,94.9225,-1,1,9,69.0,,False,213.11303659985913
8253,2.688,28.491,212.76,430.3001,-1,1,9,83.6,,False,709.999
8255,0.484,27.046,206.55,245.0464,-1,1,5,84.9,,False,2959.999
8258,3.946,29.305,218.84,431.3877,-1,2,7,77.5,,False,779.999
8261,3.725,31.122,231.14,527.3606,-1,2,5,82.4,,False,1291.999
8264,2.356,29.521,219.54,499.2484,-1,1,6,96.9,,False,1287.999
8266,3.012,27.774,207.68,411.3459,-1,2,5,48.1,,False,1819.999
8267,3.216,30.435,226.22,511.3413,-1,2,6,92.4,,False,1553.999
8271,2.24,29.948,222.48,520.2697,-1,1,8,97.9,,False,982.999
8272,2.562,30.711,227.81,553.3192,-1,3,5,100.0,,False,1823.999
8273,2.589,38.099,278.99,1230.9359,-1,2,6,94.8,,False,1022.999
8275,2.464,27.105,202.95,394.2974,-1,1,4,96.5,,False,747.999
8276,3.031,29.627,221.35,425.3272,-1,2,3,53.5,,False,2154.999
8278,1.985,12.659,99.01,158.9088,-1,1,9,92.5,,False,689.999
8279,1.398,17.996,137.25,244.9051,-1,1,8,98.9,,False,688.999
8280,4.14,35.884,264.96,697.4835,-1,1,6,57.8,,False,481.999
8281,1.567,31.317,232.25,560.3287,-1,3,10,92.4,,False,2524.999
8283,1.817,26.655,199.01,430.2958,-1,2,7,82.4,,False,240.999
8286,0.375,25.077,187.9,383.1916,-1,3,6,100.0,,False,798.999
8289,2.061,29.045,216.63,449.2921,-1,2,8,98.7,,False,477.999
8291,2.57,25.989,194.66,389.208,-1,2,5,95.5,,False,957.999
8293,1.62,32.15,236.47,858.9607,-1,3,8,99.7,,False,738.3955993000238
8295,1.791,24.643,185.45,339.2517,-1,2,6,82.0,,False,479.999
8298,0.3,30.322,237.13,167.0177,-1,2,6,72.6,,False,326.999
8301,3.22,39.11,288.59,727.5874,-1,3,8,100.0,,False,601.999
8305,2.355,23.04,171.08,514.9232,-1,1,7,98.5,,False,667.999
8315,1.321,18.429,140.31,253.9627,-1,1,9,99.2,,False,635.999
8316,2.572,32.69,243.2,496.305,-1,2,9,100.0,,False,738.999
8319,2.515,28.406,211.87,447.3134,-1,2,5,82.9,,False,909.999
8321,1.763,21.657,165.34,243.1946,-1,1,10,99.0,,False,100.77788888888888
8322,1.459,30.824,228.14,610.2525,-1,4,10,100.0,,False,574.999
8326,2.49,41.309,308.17,457.2353,-1,2,7,89.8,,False,2358.999
8329,2.207,26.258,196.92,375.2529,-1,2,9,85.5,,False,1061.999
8331,3.565,24.802,188.9,257.2256,-1,1,11,88.6,,False,543.999
8333,1.743,24.674,185.64,341.1511,-1,2,10,98.4,,False,533.889
8336,0.774,26.63,199.8,371.1878,-1,2,6,100.0,,False,1402.999
8337,3.721,31.498,235.0,447.4848,-1,1,3,48.4,,False,3029.999
8338,2.943,26.296,196.95,389.2375,-1,2,8,100.0,,False,1167.999
8339,2.196,21.93,167.03,255.1938,-1,1,8,93.2,,False,811.1112222222222
8343,1.675,29.135,216.42,520.2707,-1,2,8,97.1,,False,1117.999
8344,0.804,24.496,183.57,381.1932,-1,2,8,100.0,,False,828.999
8346,0.472,18.575,147.29,137.0584,-1,1,5,98.3,,False,177.999
8352,1.471,29.304,218.04,489.3066,-1,2,11,83.3,,False,152.999
8356,2.49,41.077,301.82,946.5259,-1,3,11,100.0,,False,677.999
8357,1.075,27.482,206.25,368.1614,-1,2,5,92.2,,False,1015.999
8364,4.125,39.448,290.76,775.6041,-1,2,7,72.7,,False,880.999
8366,3.007,32.232,238.97,569.3376,-1,4,6,64.6,,False,261.999
8367,2.634,33.786,249.77,651.3434,-1,4,7,100.0,,False,223.7778888888889
8368,4.117,32.76,243.67,500.3828,-1,2,6,50.2,,False,2576.999
8369,3.509,34.765,257.4,608.4622,-1,3,4,52.5,,False,1648.999
8370,2.219,23.835,183.46,211.1311,-1,2,6,100.0,,False,315.999
8373,2.646,26.136,195.86,383.2428,-1,4,7,98.2,,False,862.999
8374,2.87,25.314,190.3,349.2725,-1,2,7,72.8,,False,610.999
8377,2.37,26.984,202.02,395.315,-1,2,5,66.3,,False,1326.999
8379,3.674,27.657,207.06,396.319,-1,1,5,41.5,,False,342.999
8381,3.142,22.997,174.55,275.1998,-1,2,9,98.2,,False,915.6784644386304
8383,2.69,28.998,214.06,689.01,-1,2,12,97.6,,False,594.2223333333334
8384,3.242,26.774,201.07,361.3102,-1,2,5,98.4,,False,2702.999
8387,3.359,40.426,297.68,824.5847,-1,2,3,50.6,,False,1914.999
8391,0.712,14.851,114.53,197.8052,-1,1,7,66.2,,False,768.999
8392,0.189,27.12,201.35,526.9678,-1,1,13,98.0,,False,143.4445555555556
8393,3.112,25.458,191.2,359.152,-1,3,10,99.9,,False,143.62232390033762
8394,2.054,27.907,208.15,447.3103,-1,2,8,89.6,,False,1009.999
8395,1.998,22.289,170.12,245.1896,-1,2,7,100.0,,False,1456.999
8397,1.075,16.121,125.74,167.9834,-1,1,6,98.9,,False,1372.999
8398,2.352,28.648,213.5,460.245,-1,3,7,82.4,,False,1485.999
8404,1.579,25.362,190.46,360.2206,-1,2,6,99.0,,False,1429.999
8408,1.468,20.913,159.72,241.096,-1,2,10,99.1,,False,822.999
8416,2.366,27.691,207.33,395.2805,-1,2,7,93.7,,False,640.999
8419,4.532,28.787,214.92,433.4027,-1,1,6,61.5,,False,405.999
8420,1.477,32.263,238.86,605.2391,-1,2,7,100.0,,False,1148.999
8421,2.487,42.572,313.0,915.6004,-1,4,7,100.0,,False,2471.999
8423,0.739,26.024,194.78,397.1784,-1,3,10,98.5,,False,716.999
8426,1.88,29.831,222.15,475.3039,-1,2,7,92.3,,False,653.999
8428,2.896,27.398,205.53,373.3097,-1,2,7,85.2,,False,1749.999
8429,4.39,40.785,300.12,860.5977,-1,2,5,68.1,,False,709.999
8431,0.318,26.853,221.61,92.9257,-1,1,9,70.9,,False,231.17439471520896
8432,2.952,34.293,253.5,654.3803,-1,3,8,100.0,,False,177.999
8433,2.935,28.5,212.77,434.3358,-1,1,7,51.7,,False,1344.999
8434,2.372,28.218,210.87,420.2429,-1,2,9,99.7,,False,1432.999
8435,2.961,30.792,452.22,473.4268,-2,4,3,52.5,,False,1501.3334444444445
8440,1.358,31.222,231.05,615.1851,-1,2,12,100.0,,False,749.999
8441,1.345,32.016,236.63,655.1757,-1,2,9,97.7,,False,568.999
8442,2.848,27.256,203.87,407.318,-1,2,6,61.3,,False,831.999
8446,2.355,21.723,166.96,215.1639,-1,2,6,100.0,,False,1870.999
8450,2.589,21.673,161.18,481.9723,-1,1,10,97.0,,False,821.999
8452,3.317,33.535,248.09,628.3701,-1,3,8,69.5,,False,260.999
8454,3.098,37.577,277.01,766.5405,-1,3,4,88.0,,False,1425.999
8455,3.093,29.452,220.59,393.3007,-1,2,6,82.4,,False,974.999
8462,0.495,32.409,249.39,215.0291,-1,1,7,77.0,,False,865.999
8463,1.798,29.56,219.78,503.2625,-1,1,4,97.2,,False,292.999
8464,0.55,21.607,164.57,255.1127,-1,2,8,79.8,,False,832.999
8465,3.473,27.052,203.0,369.2995,-1,2,5,90.5,,False,253.999
8472,0.375,27.845,207.37,471.2446,-1,2,6,98.2,,False,916.999
8479,2.939,36.011,265.89,698.5146,-1,2,5,44.0,,False,1041.999
8481,2.49,27.689,206.62,439.1628,-1,3,9,100.0,,False,205.999
8482,0.891,19.878,150.08,306.8541,-1,1,8,97.4,,False,1448.999
8483,1.725,14.722,117.75,123.0069,-1,1,9,99.6,,False,1190.999
8490,1.486,29.344,218.08,511.1866,-1,3,14,100.0,,False,426.1461805825727
8491,1.303,23.96,180.96,309.205,-1,2,3,92.0,,False,1464.999
8493,1.503,28.97,215.8,469.3161,-1,2,7,83.9,,False,907.999
8494,0.276,22.895,173.91,270.7954,-1,1,12,99.4,,False,361.999
8496,1.689,28.71,213.83,471.2548,-1,2,6,95.3,,False,2193.999
8498,2.403,28.188,212.07,345.2788,-1,1,8,96.3,,False,639.999
8499,2.777,29.199,217.27,488.2786,-1,2,5,85.3,,False,1398.999
8500,0.446,18.026,138.57,211.9998,-1,2,7,98.4,,False,650.999
8501,1.721,27.647,206.18,449.254,-1,3,8,99.0,,False,528.999
8502,0.387,22.245,184.42,89.0226,-1,1,10,99.3,,False,287.999
8503,2.518,33.536,248.83,552.3381,-1,2,4,45.4,,False,3196.999
8504,0.618,16.886,132.03,162.9518,-1,1,6,99.6,,False,282.999
8506,3.698,31.012,230.87,482.3929,-1,2,7,67.4,,False,491.999
8513,0.438,18.224,139.29,234.9722,-1,1,6,97.3,,False,299.999
8515,2.193,18.679,139.79,384.9882,-1,2,9,92.4,,False,582.6667777777777
8517,3.003,26.411,198.34,361.3099,-1,2,5,94.1,,False,1605.999
8520,1.52,21.233,158.06,465.2322,-1,3,7,96.9,,False,1126.999
8521,3.8,35.237,260.09,708.491,-1,2,8,93.6,,False,756.999
8523,0.609,17.656,135.15,227.9887,-1,2,3,99.9,,False,4240.999
8527,0.371,23.23,179.04,206.0796,-1,1,7,99.4,,False,1064.999
8530,2.532,39.452,290.69,792.5363,-1,3,6,81.0,,False,837.999
8534,3.108,24.727,186.15,336.1446,-1,2,10,67.9,,False,232.2251444169209
8535,2.845,34.77,257.38,614.3746,-1,3,9,100.0,,False,1829.999
8537,3.566,22.724,172.59,271.2254,-1,2,5,99.0,,False,1423.5556666666666
8538,2.239,26.988,203.01,345.2789,-1,2,12,99.6,,False,686.999
8543,2.536,31.909,237.06,523.3656,-1,2,5,90.8,,False,1683.999
8545,3.932,34.07,250.93,797.1157,-1,3,8,100.0,,False,1343.999
8549,4.039,33.959,251.69,580.5001,-1,3,6,52.5,,False,580.999
8552,2.677,34.316,254.15,599.4171,-1,2,9,98.6,,False,868.999
8553,0.524,33.14,255.03,215.0309,-1,1,8,64.9,,False,739.999
8554,1.831,26.632,199.34,397.2941,-1,2,8,70.6,,False,724.999
8557,3.068,22.632,171.89,271.2259,-1,2,5,43.4,,False,1676.2574829283594
8558,2.951,40.09,295.23,820.5704,-1,3,4,52.5,,False,1482.999
8560,4.614,28.881,215.91,415.3214,-1,2,10,82.1,,False,212.00053472214364
8561,2.567,33.932,251.07,624.3969,-1,4,9,97.6,,False,1704.999
8564,2.586,23.175,177.94,219.9869,-1,1,9,99.4,,False,717.5556666666666
8567,1.083,29.306,217.91,501.1032,-1,3,10,100.0,,False,607.999
8568,2.724,40.94,301.18,876.5413,-1,4,9,97.8,,False,107.22233333333332
8569,0.631,17.801,138.4,177.0533,-1,1,5,97.9,,False,440.999
8570,0.718,19.48,148.94,234.982,-1,1,7,98.2,,False,247.999
8571,1.554,29.595,220.12,496.274,-1,2,8,96.8,,False,877.999
8572,2.136,27.101,203.45,365.1963,-1,2,4,100.0,,False,1147.999
8573,2.805,30.229,225.54,445.368,-1,2,5,82.4,,False,1140.999
8576,2.971,38.947,287.08,770.5383,-1,3,9,100.0,,False,534.999
8577,0.398,27.612,205.0,529.0568,-1,3,4,99.5,,False,1449.999
8578,2.219,20.097,154.22,220.1461,-1,1,5,55.1,,False,994.999
8579,1.126,20.142,154.94,211.074,-1,2,4,92.3,,False,2564.999
8580,2.987,24.041,179.81,403.0655,-1,3,4,100.0,,False,1902.999
8583,4.384,39.37,289.74,851.5219,-1,2,3,62.7,,False,1680.999
8584,3.592,41.267,303.31,931.5285,-1,4,3,97.8,,False,171.999
8586,2.01,30.807,228.39,567.2589,-1,3,10,97.0,,False,1074.999
8587,2.32,23.368,173.46,522.9265,-1,1,10,99.2,,False,292.0724303563403
8595,2.666,31.686,235.36,526.3164,-1,2,12,98.9,,False,424.999
8596,1.562,28.076,209.42,446.2921,-1,1,9,99.1,,False,527.999
8598,2.735,25.035,188.53,333.2429,-1,2,9,99.5,,False,294.999
8602,0.372,20.048,152.4,264.0476,-1,2,6,100.0,,False,436.999
8604,2.015,22.154,172.95,168.9864,-1,1,9,99.5,,False,552.999
8606,2.056,12.06,96.97,114.9339,-1,2,8,72.5,,False,75.77788888888892
8607,3.278,33.646,248.94,626.371,-1,2,6,62.1,,False,1207.999
8608,4.326,27.975,209.24,407.3895,-1,2,8,50.1,,False,1283.015266918659
8610,3.302,40.325,296.75,853.528,-1,3,5,100.0,,False,597.999
8611,2.275,22.221,168.94,265.1791,-1,2,7,97.0,,False,375.999
8612,1.518,28.288,210.5,486.2539,-1,2,8,100.0,,False,871.999
8613,2.602,28.5,210.47,672.9808,-1,2,10,98.9,,False,871.999
8614,3.661,26.886,200.51,447.0638,-1,3,4,100.0,,False,2107.999
8615,2.52,33.199,245.39,655.2666,-1,3,12,100.0,,False,410.999
8616,2.574,26.831,201.03,386.3339,-1,1,6,96.5,,False,844.999
8622,1.265,23.355,176.86,290.1747,-1,2,8,100.0,,False,695.999
8624,3.5,19.866,149.54,330.9776,-1,1,9,98.9,,False,612.999
8625,0.501,19.892,151.96,238.9994,-1,2,7,100.0,,False,636.999
8627,3.699,31.989,237.42,544.4079,-1,2,6,90.3,,False,139.999
8629,3.59,29.405,219.16,460.3494,-1,1,7,49.8,,False,365.999
8631,1.022,24.799,186.15,363.181,-1,2,4,100.0,,False,2294.999
8632,2.403,31.178,231.87,501.3794,-1,3,5,76.7,,False,1708.999
8634,0.671,17.291,133.17,204.9035,-1,1,6,98.2,,False,1506.999
8635,2.672,26.5,201.1,279.2302,-1,1,7,97.4,,False,1041.999
8640,0.531,31.403,241.63,215.031,-1,1,9,71.2,,False,900.999
8641,3.38,41.264,303.59,871.6296,-1,2,6,43.1,,False,405.999
8645,3.071,35.326,260.9,686.4083,-1,4,6,70.8,,False,672.999
8650,1.338,29.381,217.91,555.163,-1,2,8,100.0,,False,1096.999
8651,1.708,34.382,253.75,711.3361,-1,3,3,100.0,,False,655.999
8659,4.444,31.799,235.81,562.3892,-1,2,10,99.1,,False,538.999
8663,3.454,39.249,289.16,796.5043,-1,3,3,70.2,,False,1429.999
8666,2.944,30.191,224.3,519.2739,-1,2,8,93.8,,False,953.5556666666666
8667,0.545,16.448,128.82,159.0429,-1,2,3,98.1,,False,1163.999
8668,2.809,33.576,248.39,628.4259,-1,3,8,82.4,,False,1102.999
8674,2.868,31.928,237.1,532.3726,-1,1,8,87.4,,False,1064.999
8675,1.815,27.88,207.41,489.2539,-1,3,8,100.0,,False,212.999
8681,2.308,33.166,245.69,592.3263,-1,2,3,88.1,,False,717.999
8685,2.534,26.068,196.34,333.2781,-1,2,8,82.4,,False,1237.999
8686,2.398,20.52,153.01,435.9889,-1,2,11,99.6,,False,690.7778888888889
8688,2.486,40.761,299.55,937.4671,-1,4,9,100.0,,False,1405.999
8690,2.851,29.746,221.91,445.3696,-1,2,6,54.5,,False,1870.999
8692,3.451,32.314,240.68,475.2881,-1,2,10,100.0,,False,1626.999
8695,2.161,27.904,208.1,449.253,-1,2,5,98.1,,False,354.999
8696,0.383,22.11,167.53,285.169,-1,2,11,99.4,,False,214.889
8697,0.626,15.797,123.48,162.9521,-1,1,6,99.3,,False,93.999
8701,3.002,25.895,194.19,375.2295,-1,1,10,99.0,,False,339.999
8704,2.433,24.503,185.12,307.2625,-1,2,6,61.5,,False,507.999
8706,1.516,30.014,222.46,572.3269,-1,4,4,100.0,,False,3132.999
8708,2.492,30.972,230.47,489.2788,-1,3,11,100.0,,False,893.7623743564245
8711,1.912,23.913,181.36,281.2102,-1,2,5,100.0,,False,1096.999
8712,3.561,23.429,177.5,287.2011,-1,2,11,99.2,,False,320.999
8713,3.13,28.898,215.53,449.1921,-1,4,4,100.0,,False,1144.999
8715,3.234,21.915,166.55,267.0773,-1,2,8,99.3,,False,291.999
8716,0.933,28.951,238.4,94.9234,-1,1,9,98.6,,False,316.999
8719,3.421,19.731,147.29,418.9723,-1,1,7,97.6,,False,488.999
8720,4.268,33.532,248.33,599.4912,-1,2,7,99.9,,False,1051.999
8725,2.733,27.138,206.84,255.2306,-1,2,6,100.0,,False,579.999
8728,1.384,19.655,149.54,258.9785,-1,1,8,98.7,,False,877.999
8731,3.472,30.703,227.98,530.3621,-1,2,9,98.2,,False,298.33818614680484
8733,1.078,24.77,185.87,367.1587,-1,3,5,72.1,,False,565.999
8737,3.774,33.81,250.46,591.592,-1,4,6,75.7,,False,909.999
8739,3.108,45.836,336.23,1089.7164,-1,3,9,100.0,,False,1080.999
8744,2.35,31.692,235.46,521.3497,-1,2,5,88.4,,False,2040.999
8745,4.197,35.823,264.86,651.5217,-1,2,8,99.5,,False,472.999
8746,2.389,37.559,278.55,569.9815,-1,1,8,96.5,,False,1275.7778888888888
8748,1.374,38.993,292.92,367.1586,-1,3,5,100.0,,False,2770.999
8752,2.263,26.901,201.25,404.2473,-1,2,8,100.0,,False,804.999
8754,1.962,29.202,217.18,497.2938,-1,2,6,98.4,,False,2029.999
8756,2.228,27.879,208.31,421.2951,-1,2,8,83.4,,False,899.999
8759,4.522,31.163,232.37,455.4105,-1,3,5,99.5,,False,331.999
8761,1.462,25.519,191.35,375.2754,-1,2,3,100.0,,False,1290.999
8765,2.49,40.514,298.11,862.5265,-1,3,8,99.9,,False,552.999
8768,2.427,32.168,238.68,550.3176,-1,2,11,97.4,,False,659.999
8771,2.347,30.828,228.68,554.2804,-1,2,7,100.0,,False,1291.999
8773,0.376,16.435,129.3,150.0538,-1,1,8,99.3,,False,31.666777777777753
8774,1.429,17.432,133.34,230.8726,-1,1,6,97.8,,False,1554.999
8775,0.419,11.453,91.2,126.9018,-1,1,12,99.4,,False,18.282797683807473
8776,0.743,21.235,161.59,259.1312,-1,2,5,71.5,,False,4182.999
8777,1.485,23.116,174.52,311.1013,-1,2,5,99.0,,False,390.999
8778,2.119,32.847,244.27,505.2627,-1,3,8,100.0,,False,1502.999
8780,3.185,25.537,191.99,349.2749,-1,2,6,88.8,,False,1829.999
8781,1.236,30.264,224.83,521.3325,-1,2,7,100.0,,False,358.999
8782,0.352,27.987,207.1,608.9116,-1,1,14,98.2,,False,161.55566666666664
8786,0.989,22.065,165.74,352.9443,-1,2,9,68.5,,False,337.1112222222223
8787,1.462,30.639,227.33,548.2303,-1,2,9,100.0,,False,564.999
8791,2.481,32.772,242.94,572.3649,-1,2,6,86.3,,False,1537.999
8792,2.476,23.995,190.21,139.1106,-1,1,9,97.9,,False,899.999
8793,2.505,27.028,202.15,407.2792,-1,2,3,55.3,,False,2719.999
8794,3.992,36.186,267.41,667.5172,-1,3,5,97.3,,False,1897.999
8797,1.422,39.415,290.4,793.4665,-1,2,10,100.0,,False,389.999
8802,1.81,21.703,165.42,251.2359,-1,2,8,99.2,,False,754.999
8803,0.755,29.757,220.38,592.2099,-1,4,8,100.0,,False,275.999
8804,1.89,32.318,240.23,511.2754,-1,3,7,100.0,,False,501.999
8806,2.557,28.396,211.56,465.1796,-1,2,10,98.5,,False,452.999
8811,2.312,30.359,225.86,493.3556,-1,2,3,65.4,,False,1414.999
8813,2.183,31.22,231.93,523.3636,-1,2,5,76.0,,False,1390.999
8817,2.65,28.147,210.84,390.2725,-1,1,8,50.2,,False,179.999
8818,3.223,23.391,175.15,388.0345,-1,1,3,96.8,,False,3044.999
8821,0.366,21.299,163.28,225.0614,-1,1,9,99.3,,False,696.999
8823,0.489,15.477,122.19,142.9876,-1,1,5,99.2,,False,1340.999
8827,2.918,34.106,252.19,646.374,-1,2,7,85.3,,False,219.999
8828,1.637,32.423,239.87,626.2438,-1,3,8,100.0,,False,1660.999
8830,2.19,28.021,209.6,407.2784,-1,2,3,58.1,,False,1508.999
8832,1.104,23.338,176.18,312.136,-1,2,11,99.3,,False,628.999
8834,0.247,38.136,279.73,1062.3019,-1,3,10,77.0,,False,514.999
8835,2.382,21.005,158.58,309.0389,-1,3,6,100.0,,False,1474.1294383104594
8836,2.541,20.824,158.84,247.1164,-1,1,6,99.5,,False,1543.999
8839,3.99,35.226,261.17,571.4398,-1,2,8,81.7,,False,735.8463994242671
8841,0.436,11.465,91.31,126.9019,-1,1,8,98.7,,False,622.0001111111111
8844,1.62,27.515,205.68,415.3053,-1,2,8,99.8,,False,708.999
8845,3.563,34.025,252.28,569.4239,-1,3,3,52.5,,False,1680.999
8850,4.687,36.169,267.13,688.5481,-1,2,5,51.1,,False,2931.666777777778
8851,1.719,13.708,111.92,99.9234,-1,2,5,54.7,,False,547.889
8855,4.359,29.515,220.38,433.3673,-1,2,5,63.0,,False,905.999
8856,2.575,33.175,247.42,455.221,-1,2,7,100.0,,False,494.999
8857,2.292,24.327,183.6,315.2518,-1,2,6,82.4,,False,997.999
8860,2.694,24.983,188.11,335.2573,-1,2,7,97.9,,False,698.999
8863,3.329,23.776,179.52,311.2207,-1,2,8,56.9,,False,847.999
8864,3.643,29.674,221.17,460.351,-1,1,5,61.4,,False,2323.999
8866,1.917,30.277,225.17,499.362,-1,2,5,43.4,,False,1784.999
8867,1.448,33.329,246.08,694.3163,-1,2,8,100.0,,False,840.999
8872,1.071,31.274,234.79,368.1621,-1,1,9,87.8,,False,565.999
8873,2.196,34.773,255.11,1038.9728,-1,2,6,98.8,,False,1314.999
8877,2.369,27.549,206.19,399.3109,-1,2,7,84.4,,False,2742.999
8878,2.489,27.643,204.42,626.9572,-1,3,11,100.0,,False,354.999
8879,1.563,21.518,164.35,241.1786,-1,1,9,97.6,,False,555.1112222222223
8880,3.204,31.097,231.91,453.2985,-1,2,9,100.0,,False,1338.999
8882,1.899,22.8,170.75,385.8518,-1,5,6,96.6,,False,603.999
8886,1.78,20.201,155.66,205.1568,-1,1,7,98.7,,False,816.999
8887,2.112,26.388,197.53,395.282,-1,2,4,67.4,,False,1499.999
8890,2.621,20.782,159.97,209.189,-1,2,7,100.0,,False,506.999
8891,3.337,36.716,271.36,667.348,-1,3,4,100.0,,False,772.999
8895,2.026,24.961,187.85,339.2518,-1,2,3,51.3,,False,1591.999
8899,4.102,36.021,265.91,705.4895,-1,3,9,75.3,,False,251.00011111111115
8904,3.35,28.837,216.52,365.2686,-1,2,11,95.1,,False,459.999
8905,1.057,27.453,204.53,464.3019,-1,2,6,92.0,,False,2689.999
8906,2.926,25.794,194.14,339.3241,-1,2,3,43.3,,False,1757.999
8907,1.444,25.37,190.24,375.1835,-1,4,8,99.0,,False,462.999
8908,3.926,29.305,218.74,438.3667,-1,1,5,71.5,,False,1134.999
8910,1.39,33.973,250.69,715.3752,-1,3,8,100.0,,False,316.999
8911,2.918,32.843,243.65,556.3662,-1,2,6,59.4,,False,1319.999
8913,2.994,26.828,200.49,417.2414,-1,2,11,97.7,,False,406.999
8914,1.386,30.438,225.59,574.2747,-1,2,9,100.0,,False,971.999
8915,2.213,37.702,276.31,1143.9673,-1,3,6,83.9,,False,902.999
8917,3.404,26.973,202.29,375.3257,-1,2,9,94.7,,False,383.999
8918,1.885,31.681,234.86,569.3332,-1,2,7,87.3,,False,620.999
8920,0.924,14.834,114.47,195.808,-1,1,7,87.0,,False,553.999
8921,4.244,29.687,221.64,435.3481,-1,2,4,79.4,,False,1473.999
8922,1.998,23.067,174.25,307.1554,-1,1,9,98.0,,False,252.99544680284964
8924,2.646,34.353,253.77,677.3459,-1,3,8,100.0,,False,778.999
8925,1.702,27.946,208.44,447.1345,-1,2,4,100.0,,False,141.33344444444444
8926,1.087,17.567,133.44,264.9949,-1,1,4,69.5,,False,2180.999
8928,2.07,24.209,182.82,310.2378,-1,1,10,98.5,,False,426.999
8929,0.88,25.774,192.49,425.221,-1,2,8,100.0,,False,561.999
8930,2.61,31.087,230.89,527.3579,-1,2,4,70.0,,False,430.999
8933,2.633,31.985,237.58,526.384,-1,1,7,83.9,,False,1015.999
8935,3.269,46.231,339.25,1058.7868,-1,5,5,98.5,,False,333.999
8938,3.03,23.972,184.93,203.1796,-1,1,8,99.2,,False,461.999
8950,1.4,22.495,169.17,342.9822,-1,3,3,100.0,,False,726.999
8952,1.693,28.658,213.76,447.2389,-1,2,7,98.3,,False,651.999
8954,0.289,21.502,161.21,370.8882,-1,1,4,51.8,,False,1357.999
8955,3.523,33.298,247.76,494.3629,-1,2,10,100.0,,False,366.999
8956,0.51,30.245,232.69,215.0317,-1,1,11,79.8,,False,1112.999
8958,0.558,23.858,180.09,313.1177,-1,2,9,100.0,,False,538.999
8959,3.744,32.319,239.72,557.4581,-1,3,8,52.5,,False,772.3059656202013
8961,1.998,33.388,248.4,495.2827,-1,2,4,98.0,,False,285.999
8962,2.487,23.795,176.3,564.923,-1,1,10,98.0,,False,383.999
8963,3.394,34.308,254.25,584.461,-1,3,4,86.5,,False,3901.999
8964,2.776,42.833,314.61,976.5754,-1,3,11,97.0,,False,373.999
8966,1.595,22.084,165.59,370.8266,-1,3,7,98.5,,False,994.999
8968,2.721,35.595,262.62,725.3759,-1,5,7,100.0,,False,1749.999
8970,1.131,29.345,220.29,368.1599,-1,2,6,82.4,,False,424.999
8972,2.75,28.028,209.86,395.241,-1,2,8,98.3,,False,1104.999
8974,1.626,21.969,164.2,407.9631,-1,1,12,97.6,,False,572.2997988287339
8976,3.751,24.632,186.06,309.2203,-1,2,8,98.9,,False,634.999
8977,3.633,33.229,246.0,609.4042,-1,3,4,52.5,,False,1206.999
8978,2.035,19.491,149.52,221.047,-1,2,5,100.0,,False,1223.999
8980,2.992,24.79,188.21,275.2001,-1,2,7,82.4,,False,434.999
8981,1.071,36.773,271.03,773.2831,-1,4,8,100.0,,False,1542.999
8982,0.279,27.757,204.28,808.4038,-1,1,13,97.8,,False,256.999
8983,2.059,27.167,203.33,399.3097,-1,2,6,88.5,,False,1038.999
8984,1.128,22.399,169.32,301.1416,-1,2,3,100.0,,False,2439.999
8995,2.781,32.925,244.66,519.2741,-1,2,12,98.7,,False,383.999
8998,1.645,28.671,213.7,459.2955,-1,2,3,96.5,,False,1430.999
9000,2.541,37.539,277.06,716.4898,-1,2,8,100.0,,False,693.999
9003,2.29,28.042,209.23,441.2508,-1,2,6,100.0,,False,1769.999
9006,4.11,32.669,242.7,524.4411,-1,2,4,45.3,,False,2770.999
9010,2.785,22.254,169.64,251.1996,-1,1,8,99.1,,False,454.999
9011,2.591,24.491,181.14,612.971,-1,1,9,64.7,,False,340.96411553412844
9014,1.314,33.268,249.78,369.1736,-1,2,3,77.9,,False,1430.999
9021,0.385,15.053,124.26,91.0169,-1,1,11,84.0,,False,535.999
9023,2.789,25.816,193.36,388.1594,-1,3,4,100.0,,False,664.999
9027,2.487,33.882,250.73,620.3587,-1,2,7,98.7,,False,512.999
9029,1.492,22.525,171.26,265.1551,-1,1,8,99.1,,False,619.999
9030,2.09,26.885,201.28,395.2811,-1,2,6,82.9,,False,757.999
9032,0.439,23.738,179.23,311.2539,-1,1,3,73.3,,False,652.999
9033,1.292,34.86,261.11,397.2035,-1,2,6,86.9,,False,1365.999
9035,3.466,31.998,237.45,547.3289,-1,2,6,78.0,,False,679.999
9036,2.772,34.061,252.18,608.3576,-1,2,7,95.3,,False,955.999
9039,3.294,33.262,246.39,592.4669,-1,2,5,60.0,,False,643.873590092191
9041,0.958,27.571,205.14,486.2842,-1,2,4,98.1,,False,3698.999
9042,0.921,30.884,228.45,628.3075,-1,2,7,100.0,,False,2762.999
9043,3.201,29.283,218.55,439.4784,-1,2,5,97.7,,False,167.999
9045,2.562,30.455,226.44,504.3388,-1,2,6,92.1,,False,1138.999
9049,1.704,23.111,174.72,301.1563,-1,2,8,99.7,,False,365.999
9050,0.634,35.376,269.6,259.0281,-1,2,6,81.9,,False,421.999
9051,2.641,32.775,243.45,526.2999,-1,3,4,100.0,,False,90.999
9054,0.366,20.28,161.71,129.0545,-1,1,7,98.9,,False,455.999
9055,3.581,24.355,183.95,309.2785,-1,2,14,77.1,,False,117.78679733089945
9057,1.403,25.981,195.22,355.248,-1,2,5,54.8,,False,311.999
9058,3.441,34.19,253.58,563.4312,-1,2,4,39.1,,False,1636.999
9062,3.74,26.679,204.67,225.0037,-1,2,5,99.6,,False,1364.999
9069,2.66,32.807,243.27,565.3722,-1,1,4,84.2,,False,638.999
9070,2.116,23.445,177.73,283.261,-1,2,6,82.4,,False,492.11622357873216
9072,3.159,30.853,229.6,488.3465,-1,1,8,58.6,,False,1205.999
9073,1.734,27.741,207.05,437.1978,-1,3,4,100.0,,False,265.999
9076,2.75,25.179,193.73,213.1471,-1,1,7,96.7,,False,1003.999
9080,2.168,24.912,187.79,325.2364,-1,2,5,79.1,,False,844.999
9081,3.125,33.33,247.23,558.4607,-1,3,5,52.5,,False,209.00011111111112
9082,1.198,27.416,204.91,417.2634,-1,2,6,100.0,,False,910.999
9083,2.985,25.237,191.61,275.2001,-1,2,6,70.3,,False,389.999
9085,1.471,31.068,229.81,628.2815,-1,2,10,98.3,,False,898.999
9086,4.128,28.454,212.16,453.3583,-1,2,5,86.5,,False,1423.999
9088,4.222,30.182,225.57,421.3673,-1,2,7,100.0,,False,1464.999
9089,0.367,28.343,210.01,574.997,-1,1,14,96.7,,False,226.26348768422503
9090,4.038,35.046,259.16,646.4856,-1,2,4,99.6,,False,846.999
9094,1.567,34.471,258.19,397.2017,-1,1,3,56.3,,False,336.999
9095,2.496,38.316,282.24,799.4565,-1,3,13,100.0,,False,647.6445233070393
9098,2.367,23.614,175.19,533.9677,-1,1,10,81.7,,False,250.59267457565954
9099,2.292,28.255,208.78,652.012,-1,1,15,97.9,,False,72.53612689548743
9100,3.826,36.223,267.45,699.437,-1,3,5,79.8,,False,1297.999
9103,1.84,19.586,150.86,206.1524,-1,1,12,96.9,,False,5.69212728069931
9104,1.005,19.05,145.32,244.9063,-1,1,4,55.2,,False,681.999
9106,3.819,27.763,208.15,379.3205,-1,2,5,58.1,,False,1454.999
9114,1.776,27.67,207.0,405.2636,-1,2,6,100.0,,False,537.999
9118,1.625,21.94,163.99,406.962,-1,2,8,100.0,,False,806.999
9119,0.765,20.131,154.22,227.072,-1,1,8,99.1,,False,906.999
9121,2.026,22.168,168.79,257.2099,-1,2,5,65.6,,False,652.999
9122,3.429,36.19,267.09,715.3719,-1,3,6,98.8,,False,894.999
9123,1.368,25.273,189.85,357.2628,-1,2,8,84.5,,False,537.999
9127,1.648,28.29,212.4,365.2694,-1,2,7,100.0,,False,1190.999
9128,2.531,25.738,193.15,367.2838,-1,2,9,100.0,,False,91.16406278557292
9137,1.449,40.366,296.37,1001.6157,-1,3,7,100.0,,False,2426.999
9139,2.108,29.061,216.6,460.3076,-1,2,6,67.5,,False,256.999
9140,2.082,24.746,186.23,339.1439,-1,2,7,100.0,,False,773.999
9142,0.51,20.014,153.62,219.1131,-1,2,7,100.0,,False,205.999
9148,2.391,34.715,256.6,657.3648,-1,3,8,100.0,,False,415.999
9149,0.372,29.85,220.34,690.9144,-1,3,14,98.4,,False,15.134322853651156
9151,2.785,21.342,163.14,237.1852,-1,1,12,92.3,,False,135.999
9152,2.6,32.647,243.05,483.3163,-1,2,7,100.0,,False,974.999
9157,1.431,26.255,197.49,345.1447,-1,2,6,84.6,,False,417.999
9162,0.781,26.628,198.65,442.1899,-1,1,11,97.9,,False,447.999
9163,1.624,20.221,154.49,239.0804,-1,2,7,97.2,,False,908.999
9165,4.334,34.853,258.15,598.5099,-1,2,4,93.7,,False,2551.999
9166,2.854,27.603,207.06,373.3109,-1,2,4,75.6,,False,2382.999
9168,3.042,26.823,201.2,373.3099,-1,2,6,51.5,,False,1094.999
9171,4.306,37.264,275.17,698.5613,-1,2,4,44.1,,False,247.999
9173,0.377,34.655,255.53,747.3728,-1,3,7,99.1,,False,271.999
9177,3.081,33.798,250.47,583.4586,-1,2,5,75.7,,False,1097.999
9178,3.413,33.203,245.77,612.3705,-1,3,7,69.4,,False,511.999
9179,3.031,20.039,153.9,217.1215,-1,1,8,98.2,,False,739.999
9180,1.343,31.709,234.4,649.1606,-1,3,9,99.1,,False,476.999
9181,3.615,32.135,238.3,563.3311,-1,5,4,93.7,,False,773.999
9182,2.856,31.724,235.14,574.296,-1,2,4,82.4,,False,426.999
9183,2.82,24.592,185.48,320.2579,-1,1,10,96.9,,False,282.999
9184,4.271,33.718,255.85,283.2622,-1,2,7,100.0,,False,367.999
9185,2.099,38.545,283.8,823.46,-1,3,9,100.0,,False,636.999
9186,1.621,19.42,150.7,183.1734,-1,2,9,100.0,,False,327.999
9187,2.32,21.881,164.72,333.0587,-1,1,10,98.8,,False,382.999
9189,1.708,28.508,212.1,489.321,-1,3,6,100.0,,False,2017.999
9197,1.429,21.135,161.42,241.1784,-1,2,7,95.5,,False,9.444555555555553
9199,2.391,28.257,211.05,427.285,-1,2,7,75.5,,False,1853.999
9200,2.379,36.806,271.84,690.4189,-1,3,6,100.0,,False,988.999
9203,4.018,35.025,259.42,598.5131,-1,2,7,77.7,,False,475.999
9204,2.584,25.945,194.66,369.9782,-1,1,9,98.9,,False,709.999
9210,1.002,15.984,125.47,154.0043,-1,1,5,99.2,,False,1115.999
9212,1.776,21.184,162.08,233.1528,-1,2,11,100.0,,False,496.02442025267726
9214,2.116,19.769,152.32,205.1211,-1,1,9,98.6,,False,330.999
9220,1.563,28.877,214.68,504.3325,-1,2,3,98.5,,False,3544.999
9222,1.496,24.212,185.01,241.1054,-1,1,8,99.3,,False,661.999
9223,3.898,36.217,267.57,676.4993,-1,2,5,74.1,,False,1182.999
9224,1.378,30.983,229.3,612.3136,-1,3,6,100.0,,False,688.999
9225,3.176,29.179,218.64,387.3272,-1,2,4,100.0,,False,386.999
9229,0.51,24.712,184.41,434.9478,-1,1,5,51.0,,False,993.999
9232,2.042,24.996,187.77,356.1891,-1,2,8,99.5,,False,483.999
9234,3.324,24.064,181.95,301.1622,-1,2,5,71.9,,False,605.8292624234475
9238,0.372,19.288,147.56,232.0255,-1,1,7,98.3,,False,649.999
9239,3.689,28.796,215.24,417.3386,-1,2,4,82.4,,False,2444.999
9240,2.077,23.27,175.83,305.1796,-1,2,7,92.7,,False,596.999
9244,1.4,18.362,161.1,59.0125,-1,1,7,68.2,,False,728.999
9245,3.638,34.884,257.86,658.4478,-1,1,4,43.6,,False,1376.999
9248,2.731,33.112,245.52,568.4211,-1,1,6,92.2,,False,1572.999
9252,2.455,27.062,202.14,425.2299,-1,2,4,100.0,,False,1594.999
9253,1.079,18.22,140.51,201.0225,-1,3,7,73.2,,False,79.33344444444447
9258,1.132,23.211,175.58,297.2054,-1,1,10,78.9,,False,159.999
9259,1.496,26.76,199.94,420.1481,-1,2,10,100.0,,False,278.999
9263,3.212,22.135,169.58,228.2034,-1,1,6,90.4,,False,793.999
9268,0.567,24.438,182.79,403.0958,-1,3,4,100.0,,False,322.999
9275,1.093,31.34,232.21,583.1063,-1,3,9,100.0,,False,589.999
9276,0.394,27.558,205.08,483.1765,-1,3,6,100.0,,False,1761.999
9278,4.019,31.21,232.29,487.3791,-1,2,5,67.9,,False,1155.999
9280,0.41,14.646,118.62,108.0425,-1,1,5,98.9,,False,269.44455555555555
9281,3.064,39.93,294.24,789.6168,-1,3,5,57.2,,False,1222.999
9284,2.215,29.237,218.58,415.3217,-1,2,5,70.4,,False,2269.999
9285,1.732,30.822,230.51,412.9652,-1,2,7,100.0,,False,705.999
9286,3.198,36.387,268.35,743.3138,-1,4,9,100.0,,False,452.55566666666664
9288,1.297,32.472,243.19,397.2016,-1,2,4,66.6,,False,1474.999
9291,3.885,19.081,146.22,225.0055,-1,2,7,64.3,,False,185.15361087130918
9292,3.812,41.325,303.74,929.5259,-1,3,7,100.0,,False,1197.999
9293,0.404,23.693,177.43,386.9421,-1,1,15,98.2,,False,63.378380985001854
9296,0.553,24.053,181.25,327.2155,-1,1,8,96.6,,False,850.999
9298,3.342,34.101,252.3,627.4257,-1,3,6,76.7,,False,1592.999
9300,1.054,31.067,230.35,565.2831,-1,3,8,100.0,,False,306.999
9303,0.441,28.121,209.71,450.2058,-1,2,7,100.0,,False,295.999
9310,2.288,31.84,237.14,475.2519,-1,2,8,99.1,,False,1700.999
9311,0.738,34.284,283.11,92.9256,-1,1,12,95.8,,False,79.22233333333332
9317,0.585,30.035,222.59,575.181,-1,5,6,100.0,,False,1029.999
9318,3.568,38.263,282.48,708.6525,-1,4,4,60.8,,False,256.999
9319,3.112,32.566,241.28,586.3537,-1,3,6,93.5,,False,763.999
9321,3.168,20.721,158.64,230.1531,-1,2,9,100.0,,False,1132.5556666666666
9322,3.43,38.432,283.5,737.5406,-1,4,6,88.2,,False,707.6953245888951
9323,0.39,29.478,219.06,513.2686,-1,2,8,100.0,,False,232.999
9324,0.253,16.474,131.25,129.0172,-1,1,9,97.2,,False,156.2223333333333
9325,2.75,39.839,300.16,339.1982,-1,3,6,100.0,,False,143.7778888888889
9326,1.331,33.343,246.04,715.196,-1,3,8,100.0,,False,416.999
9328,1.805,23.251,173.94,398.9352,-1,3,6,82.6,,False,713.999
9329,2.184,31.344,233.88,445.3324,-1,2,11,98.9,,False,386.999
9330,2.865,40.933,301.18,866.5944,-1,3,5,82.6,,False,849.999
9333,1.187,20.365,155.45,243.0654,-1,2,6,97.5,,False,791.999
9334,0.371,19.621,149.31,258.0047,-1,2,3,100.0,,False,107.999
9336,2.389,27.404,205.11,399.3108,-1,1,7,74.3,,False,1332.999
9337,2.414,29.218,218.38,419.3517,-1,2,6,63.0,,False,1686.999
9340,0.88,18.384,151.17,94.9235,-1,1,15,97.9,,False,36.79530354659096
9341,4.368,41.923,308.51,859.6927,-1,3,8,77.4,,False,495.999
9346,0.378,29.208,217.03,515.2716,-1,2,6,100.0,,False,718.999
9347,0.624,22.99,173.47,315.0969,-1,2,7,98.5,,False,185.999
9348,0.936,28.831,214.24,513.2732,-1,2,14,100.0,,False,349.999
9349,2.569,12.664,99.06,158.9085,-1,1,7,86.7,,False,833.999
9350,1.592,23.063,174.29,304.1578,-1,2,11,100.0,,False,571.999
9351,0.901,14.821,114.37,195.8085,-1,1,6,86.3,,False,1945.999
9352,2.291,30.219,224.46,523.255,-1,1,7,75.2,,False,1871.999
9353,1.764,30.603,227.26,529.3367,-1,2,7,88.7,,False,474.999
9355,0.369,25.187,189.76,330.0937,-1,2,5,98.5,,False,1212.999
9356,2.677,33.548,248.61,582.3434,-1,2,8,92.8,,False,859.999
9360,4.322,35.907,265.11,699.3951,-1,7,7,100.0,,False,1420.999
9362,4.319,34.114,253.06,557.4601,-1,2,6,47.1,,False,1457.7724855434847
9363,2.532,33.197,246.84,507.3152,-1,2,10,100.0,,False,742.999
9369,3.059,45.628,334.72,1084.702,-1,3,11,95.9,,False,637.999
9370,4.156,40.9,300.81,890.5669,-1,2,4,82.4,,False,1012.999
9373,3.487,46.722,342.75,1084.8033,-1,5,10,98.1,,False,356.999
9374,1.14,30.178,223.81,557.3019,-1,2,10,99.5,,False,489.999
9375,3.585,35.379,261.18,702.4034,-1,3,7,82.4,,False,230.999
9376,2.809,33.491,248.25,577.415,-1,2,6,41.7,,False,989.999
9378,4.562,23.99,181.46,298.2827,-1,1,8,83.6,,False,100.05577726391613
9380,3.026,36.408,268.58,733.4419,-1,2,9,94.8,,False,957.6506918603385
9384,0.364,24.395,182.13,427.0189,-1,2,7,100.0,,False,285.999
9385,3.665,32.162,238.14,603.3251,-1,2,6,98.9,,False,798.999
9388,0.352,23.157,174.61,320.97,-1,1,11,88.0,,False,252.999
9391,2.978,31.705,235.7,509.5046,-1,3,4,65.5,,False,2155.999
9393,2.697,26.818,200.42,417.2308,-1,2,6,83.9,,False,1647.999
9396,1.302,25.173,190.45,298.1427,-1,2,4,98.0,,False,380.999
9400,3.444,33.905,251.24,585.4734,-1,2,5,97.3,,False,966.999
9402,2.413,27.107,202.93,396.3121,-1,1,7,98.5,,False,445.999
9406,2.529,34.097,252.3,624.3954,-1,4,7,94.0,,False,683.999
9408,4.208,36.409,268.87,693.497,-1,2,7,99.3,,False,533.999
9412,2.096,35.953,263.72,1058.9491,-1,2,6,85.3,,False,1038.999
9413,2.948,26.964,202.12,381.2991,-1,2,3,56.6,,False,1199.999
9415,1.629,31.343,232.75,531.3174,-1,2,3,91.8,,False,89.999
9418,4.381,26.709,200.2,381.3363,-1,2,7,88.4,,False,372.6619849230253
9419,2.579,27.86,208.25,416.2874,-1,1,8,93.5,,False,1156.999
9421,1.799,20.579,157.3,237.1067,-1,2,4,62.5,,False,1838.999
9422,1.894,32.378,240.4,535.3111,-1,2,10,100.0,,False,815.999
9426,1.981,24.749,185.96,353.1724,-1,2,7,88.7,,False,522.7576095756996
9429,0.281,19.495,148.2,262.985,-1,2,5,97.7,,False,1368.999
9432,2.185,30.942,227.09,988.9338,-1,2,12,83.5,,False,151.07403298963845
9436,2.092,34.455,255.94,528.965,-1,1,9,88.6,,False,170.9850463469179
9437,2.619,25.899,194.19,377.2684,-1,1,6,97.9,,False,647.999
9439,1.273,21.062,166.7,141.0145,-1,1,5,49.9,,False,906.999
9442,2.513,26.484,198.21,399.1831,-1,2,4,97.2,,False,506.999
9443,2.428,32.976,244.23,596.3642,-1,1,10,98.4,,False,1410.999
9444,1.7,23.216,176.9,254.103,-1,2,5,100.0,,False,1209.999
9451,4.738,33.863,251.36,543.4418,-1,3,8,92.9,,False,348.11122222222224
9452,2.727,44.945,329.81,1059.6708,-1,3,8,99.3,,False,1267.999
9455,0.632,28.471,212.42,443.2114,-1,3,8,99.9,,False,509.999
9456,2.864,34.361,254.5,598.3757,-1,2,6,100.0,,False,602.999
9457,0.371,19.28,153.7,129.0526,-1,1,9,99.6,,False,907.999
9459,0.365,17.04,134.43,145.0952,-1,1,11,99.6,,False,319.999
9460,2.724,27.426,204.49,451.0955,-1,4,6,100.0,,False,1716.999
9461,0.566,33.301,256.4,213.0219,-1,1,7,98.7,,False,367.999
9464,4.525,44.875,329.48,1008.7533,-1,4,14,99.7,,False,266.9980656638844
9470,2.369,39.171,288.23,859.6149,-1,3,5,100.0,,False,1932.999
9472,2.707,32.045,240.02,395.2182,-1,2,8,97.8,,False,267.999
9474,3.068,33.238,247.03,515.3752,-1,2,3,41.4,,False,1010.999
9475,2.493,32.791,243.25,556.3281,-1,2,9,100.0,,False,548.999
9477,1.957,12.616,98.69,158.9099,-1,1,7,65.3,,False,872.999
9478,2.986,30.753,228.85,489.2769,-1,3,6,99.3,,False,180.75956994941816
9483,3.649,31.145,230.85,573.333,-1,2,8,100.0,,False,714.999
9489,2.151,28.801,214.7,456.276,-1,2,7,77.7,,False,847.999
9492,3.735,15.929,125.1,152.9817,-1,1,4,99.4,,False,2038.999
9494,1.492,27.654,206.35,440.1931,-1,3,6,100.0,,False,1013.999
9501,2.735,33.336,247.02,585.3332,-1,2,6,98.7,,False,346.999
9503,3.674,29.616,217.46,944.9469,-1,2,11,82.4,,False,17.333444444444467
9505,0.417,28.094,231.32,94.9234,-1,1,8,97.5,,False,478.999
9510,0.635,22.446,170.2,280.8937,-1,1,10,96.2,,False,497.999
9513,4.515,39.18,288.98,745.5682,-1,2,7,73.4,,False,273.73190995943946
9515,1.479,29.99,223.67,451.2156,-1,2,11,100.0,,False,917.999
9516,3.431,24.728,189.46,229.1954,-1,2,5,98.1,,False,1015.999
9518,2.654,29.196,217.76,449.1605,-1,2,8,100.0,,False,476.999
9522,4.277,29.649,258.52,61.9869,-1,1,8,87.6,,False,755.8887647988936
9523,2.26,19.625,150.63,218.985,-1,1,9,98.9,,False,841.1434964577146
9525,2.317,31.544,234.69,494.3508,-1,1,6,83.8,,False,1700.999
9527,0.333,23.454,178.04,275.0103,-1,1,9,98.3,,False,284.999
9528,0.596,21.773,178.72,96.9198,-1,1,10,55.7,,False,476.999
9532,3.579,34.501,256.07,547.3084,-1,2,8,98.5,,False,848.999
9534,2.335,34.533,255.05,686.3333,-1,3,3,100.0,,False,3052.999
9536,4.413,34.784,257.18,647.4905,-1,3,8,97.7,,False,573.5556666666666
9537,2.906,44.293,325.13,1025.6445,-1,4,12,96.5,,False,435.999
9539,1.579,29.878,223.74,395.1889,-1,3,7,77.6,,False,1175.999
9541,1.355,37.731,277.52,877.4087,-1,3,5,100.0,,False,857.999
9542,1.577,19.369,153.25,141.0144,-1,1,6,57.2,,False,730.999
9543,2.721,30.595,227.07,541.2566,-1,2,8,98.1,,False,402.999
9545,2.873,37.693,278.25,708.5231,-1,2,7,100.0,,False,765.999
9548,1.495,34.628,259.33,399.2208,-1,3,4,100.0,,False,262.999
9549,2.833,33.954,251.42,603.4291,-1,5,4,92.1,,False,639.999
9550,3.869,31.182,231.97,495.3482,-1,2,5,62.5,,False,703.999
9551,1.971,30.69,227.65,554.2361,-1,1,9,97.8,,False,331.999
9552,2.445,21.5,164.43,235.1683,-1,1,8,98.7,,False,700.999
9553,2.051,20.582,154.89,333.8481,-1,1,6,96.4,,False,933.999
9555,1.559,28.704,213.72,476.2483,-1,2,7,99.9,,False,1151.999
9557,2.712,33.667,249.38,594.4419,-1,2,8,70.2,,False,467.999
9563,3.136,32.995,246.6,423.2518,-1,2,11,97.7,,False,470.999
9564,1.677,31.413,232.64,595.3857,-1,2,8,96.7,,False,691.999
9565,2.506,23.468,175.4,410.7866,-1,1,9,98.9,,False,305.999
9567,0.457,14.996,120.51,117.0319,-1,2,6,98.8,,False,813.999
9568,4.492,32.452,240.71,558.4628,-1,2,4,56.0,,False,624.4445555555556
9571,4.453,24.531,183.97,373.0441,-1,3,6,100.0,,False,1307.999
9572,0.492,29.583,221.39,403.2845,-1,2,6,100.0,,False,551.999
9576,3.199,21.691,164.14,293.1416,-1,1,8,96.7,,False,759.999
9577,3.208,28.21,211.18,397.3319,-1,2,5,62.0,,False,1544.999
9578,2.867,24.432,202.61,89.022,-1,1,7,99.6,,False,639.999
9582,0.844,12.144,96.96,123.9,-1,1,7,64.0,,False,15.444555555555553
9584,0.612,23.771,178.02,386.94,-1,1,12,89.2,,False,349.77788888888887
9585,2.319,28.994,215.67,493.2608,-1,2,8,96.1,,False,830.999
9586,2.221,21.959,163.22,492.9047,-1,1,7,98.4,,False,519.999
9588,0.358,24.541,184.21,362.9804,-1,1,10,97.8,,False,515.999
9589,3.618,35.509,262.53,653.4075,-1,3,7,89.7,,False,721.999
9590,0.378,28.379,211.09,492.9917,-1,1,10,97.5,,False,215.999
9595,3.384,29.888,223.67,403.3207,-1,2,6,99.9,,False,1249.999
9596,2.119,27.805,207.82,417.322,-1,2,7,92.8,,False,1189.999
9597,3.674,33.075,245.96,505.3374,-1,2,6,93.4,,False,170.999
9598,4.433,37.47,276.54,716.5693,-1,3,7,100.0,,False,336.999
9599,2.746,33.254,246.46,577.4855,-1,2,7,37.6,,False,899.7413325773455
9600,2.794,27.297,214.81,152.9931,-1,1,9,98.2,,False,1118.999
9603,2.884,30.017,223.78,457.2914,-1,2,9,86.1,,False,369.999
9607,3.204,33.716,249.81,587.4333,-1,2,6,74.5,,False,598.999
9609,2.208,27.664,204.51,635.9833,-1,1,14,98.3,,False,191.67142867663574
9611,2.064,33.541,247.88,661.2806,-1,2,9,67.1,,False,1117.999
9612,2.482,30.715,228.44,499.4005,-1,2,3,53.5,,False,1814.999
9615,4.099,36.057,266.25,696.4992,-1,2,3,61.8,,False,1121.999
9621,2.673,20.26,155.48,220.1449,-1,2,6,65.5,,False,386.4920141286834
9623,4.015,39.937,294.18,801.6342,-1,3,6,52.5,,False,195.999
9626,2.5,23.534,175.93,408.7889,-1,1,7,96.5,,False,406.999
9634,3.934,30.672,227.46,559.297,-1,2,8,100.0,,False,623.999
9635,0.45,17.615,135.59,206.951,-1,1,8,99.0,,False,393.999
9640,3.969,32.988,244.56,572.4407,-1,1,4,49.1,,False,2182.999
9641,2.245,29.031,216.01,489.2743,-1,3,7,99.4,,False,849.999
9642,1.489,24.359,183.19,345.17,-1,2,4,100.0,,False,2770.999
9644,2.164,31.396,232.9,555.3365,-1,3,5,100.0,,False,2126.999
9645,1.722,24.118,181.74,327.1818,-1,2,6,94.1,,False,817.999
9646,3.081,32.197,239.06,535.5512,-1,3,6,73.8,,False,2054.999
9649,0.368,22.856,182.33,129.0529,-1,1,7,97.6,,False,1301.999
9650,2.504,21.656,166.45,215.1628,-1,1,7,97.4,,False,865.999
9653,1.961,30.962,229.45,577.2176,-1,3,8,100.0,,False,1264.999
9655,2.679,25.095,193.4,207.1367,-1,2,7,99.5,,False,443.999
9657,1.838,27.128,202.74,418.262,-1,3,7,99.5,,False,952.999
9659,1.694,20.32,155.24,239.0805,-1,2,4,99.6,,False,1308.999
9660,2.193,26.896,201.49,387.2545,-1,2,8,74.0,,False,932.999
9664,2.737,34.137,252.52,633.3994,-1,4,8,100.0,,False,305.999
9667,0.713,23.987,180.23,353.1996,-1,2,11,100.0,,False,248.22233333333332
9674,1.915,25.045,188.2,353.1614,-1,2,6,95.1,,False,892.999
9683,1.761,22.463,167.51,440.9461,-1,1,4,97.4,,False,1147.999
9686,3.73,24.456,184.73,309.0359,-1,1,3,98.4,,False,2577.999
9691,4.547,34.773,303.3,61.9873,-1,1,8,72.3,,False,292.1732518440905
9692,4.153,19.762,151.38,227.022,-1,1,4,96.9,,False,1704.999
9693,1.955,25.22,189.56,351.252,-1,2,5,82.4,,False,433.999
9694,2.786,41.225,302.6,1025.3117,-1,2,9,99.6,,False,466.999
9695,4.081,24.829,187.3,319.2626,-1,1,8,99.0,,False,339.999
9696,3.034,24.382,184.1,311.2585,-1,1,7,49.1,,False,802.3334444444445
9697,2.589,39.404,289.2,1025.2138,-1,2,5,99.6,,False,1223.999
9698,3.246,33.721,249.81,592.4031,-1,1,9,96.8,,False,817.999
9699,2.499,32.36,239.61,602.3108,-1,3,8,100.0,,False,1246.999
9700,4.031,35.689,263.84,655.4621,-1,3,3,71.7,,False,1170.999
9701,1.579,34.006,254.74,395.1874,-1,2,7,98.8,,False,760.999
9704,2.31,32.626,241.44,617.2734,-1,2,9,96.6,,False,483.999
9706,4.542,40.167,295.71,831.6,-1,2,5,58.9,,False,792.999
9708,3.143,28.568,213.54,417.3316,-1,2,4,38.8,,False,899.999
9709,1.25,24.579,184.92,341.2332,-1,2,9,98.4,,False,491.999
9711,3.264,30.695,227.99,524.334,-1,2,8,97.9,,False,997.8485481623228
9714,2.259,26.759,200.28,398.2964,-1,1,6,79.9,,False,10.444555555555581
9715,0.408,18.668,156.75,79.9552,-1,1,8,99.6,,False,123.999
9716,2.211,28.06,209.25,450.2628,-1,2,9,100.0,,False,375.999
9717,3.047,42.096,309.49,915.5901,-1,3,7,95.2,,False,1098.999
9721,2.248,23.646,176.68,414.8005,-1,3,7,98.8,,False,99.999
9723,1.39,24.363,183.5,331.2471,-1,1,9,98.7,,False,641.999
9724,2.116,26.648,199.37,403.2518,-1,2,9,90.5,,False,686.999
9727,3.61,29.846,222.14,484.349,-1,2,6,72.5,,False,1068.999
9731,1.434,31.748,234.86,627.1737,-1,3,7,98.4,,False,523.999
9733,2.179,31.123,230.83,559.2857,-1,3,3,79.6,,False,185.999
9736,2.97,31.212,232.37,482.3565,-1,1,3,43.2,,False,533.999
9738,3.249,36.686,270.61,734.4461,-1,2,7,99.1,,False,1316.0343041372628
9742,1.603,29.41,218.74,497.1683,-1,4,3,100.0,,False,2457.999
9743,3.03,26.652,199.42,401.245,-1,2,5,96.7,,False,636.999
9744,1.87,27.24,204.19,381.2636,-1,2,8,82.4,,False,968.999
9745,2.141,32.234,239.55,517.1725,-1,2,8,100.0,,False,832.999
9748,2.0,19.301,148.41,212.0724,-1,1,12,99.7,,False,77.97388761696811
9753,3.826,36.793,271.8,682.5928,-1,3,7,57.7,,False,107.22233333333332
9758,2.728,29.269,221.37,303.2297,-1,2,5,100.0,,False,335.999
9764,3.563,36.732,278.97,279.2294,-1,2,5,97.6,,False,328.999
9765,3.193,41.947,308.48,898.5818,-1,4,8,80.5,,False,671.999
9767,1.451,32.556,240.52,670.2735,-1,4,8,100.0,,False,395.999
9768,2.996,28.95,216.71,399.3257,-1,2,7,82.2,,False,152.999
9770,3.704,35.249,260.86,623.4894,-1,5,4,64.1,,False,1347.999
9771,3.22,35.202,260.0,684.3915,-1,4,4,92.6,,False,758.999
9772,0.388,22.795,172.33,301.2006,-1,1,8,98.5,,False,513.999
9782,2.209,36.27,266.78,871.1486,-1,3,6,100.0,,False,186.0001111111111
9786,1.577,28.975,216.97,395.1893,-1,3,5,73.4,,False,1111.999
9789,4.809,38.73,285.66,742.5556,-1,3,7,100.0,,False,312.999
9790,3.182,28.78,213.86,513.2739,-1,2,7,100.0,,False,671.999
9793,1.932,32.748,243.62,497.2942,-1,2,8,98.8,,False,733.999
9794,2.926,23.811,180.08,299.2002,-1,2,6,100.0,,False,208.999
9795,3.105,29.748,221.9,448.3163,-1,1,4,70.7,,False,2873.999
9796,0.49,29.987,222.17,582.2181,-1,2,10,100.0,,False,382.999
9803,2.86,28.752,214.05,479.009,-1,1,3,39.5,,False,549.999
9806,3.207,30.502,227.11,478.3613,-1,1,9,60.1,,False,599.999
9810,4.131,18.562,142.09,228.9803,-1,5,4,100.0,,False,1397.999
9811,1.847,27.611,205.9,449.2326,-1,2,7,100.0,,False,439.999
9815,2.258,29.521,219.6,494.2901,-1,2,9,89.8,,False,472.999
9817,3.324,33.495,250.11,437.2671,-1,2,9,99.1,,False,441.999
9819,1.629,31.76,235.32,583.2574,-1,3,7,99.5,,False,731.999
9822,1.754,26.843,200.65,414.2321,-1,1,7,97.5,,False,1146.999
9830,2.207,12.668,99.0,160.9089,-1,1,6,48.8,,False,894.999
9832,1.225,36.389,268.26,761.3402,-1,3,6,100.0,,False,1074.999
9835,2.06,24.065,181.86,305.2105,-1,2,12,98.5,,False,158.34541927630107
9840,1.702,30.971,229.05,633.192,-1,3,9,97.5,,False,220.999
9844,3.118,29.541,220.41,444.3199,-1,1,7,97.1,,False,434.999
9846,2.395,26.273,197.03,375.2531,-1,1,7,94.5,,False,896.999
9847,1.968,30.767,228.84,498.2853,-1,2,6,97.9,,False,582.999
9848,3.214,27.29,204.39,391.3574,-1,1,4,76.3,,False,1148.999
9849,2.785,34.81,257.6,622.3752,-1,2,9,70.3,,False,446.999
9853,1.564,23.795,179.28,328.1588,-1,2,11,97.7,,False,186.999
9854,0.481,25.767,198.16,215.0317,-1,1,10,57.8,,False,1046.999
9855,1.888,12.682,99.1,160.9084,-1,1,6,50.3,,False,850.999
9856,3.434,27.746,207.57,405.2468,-1,2,9,97.7,,False,575.999
9858,1.187,15.795,124.64,144.0432,-1,1,7,50.5,,False,616.999
9860,0.699,22.77,172.55,285.205,-1,2,4,75.6,,False,1802.999
9861,3.981,36.807,271.53,731.5039,-1,2,4,75.4,,False,1006.999
9862,3.161,41.246,303.21,919.4227,-1,5,9,97.6,,False,460.999
9863,2.151,26.166,196.05,385.2236,-1,2,4,91.1,,False,1298.999
9864,3.108,31.868,237.51,464.3454,-1,1,6,85.2,,False,2190.999
9867,4.424,36.053,266.14,705.4888,-1,3,10,84.8,,False,238.73809808609502
9871,1.293,18.864,146.37,183.1365,-1,1,9,97.5,,False,572.999
9874,0.941,26.93,222.25,92.9257,-1,1,10,90.1,,False,641.3441293444118
9878,2.36,27.744,207.67,398.2959,-1,2,8,92.0,,False,237.999
9879,2.24,31.585,234.41,544.3323,-1,2,5,68.6,,False,2139.999
9880,2.302,30.158,224.03,521.2948,-1,2,4,82.4,,False,1908.999
9881,2.343,31.062,230.48,548.2979,-1,3,5,76.4,,False,599.999
9882,1.684,26.901,201.31,400.3073,-1,2,7,98.8,,False,691.999
9884,0.376,23.63,177.81,339.1652,-1,2,6,97.5,,False,455.999
9887,0.288,26.789,198.43,580.9059,-1,1,10,97.2,,False,190.999
9890,2.195,23.367,182.45,168.9872,-1,1,11,99.8,,False,420.33344444444447
9891,0.642,17.318,131.22,279.0208,-1,1,4,99.5,,False,2483.999
9894,1.545,28.387,211.5,465.2332,-1,2,7,100.0,,False,777.999
9897,2.661,39.151,306.6,165.0394,-1,2,6,99.0,,False,743.999
9898,2.797,35.237,260.56,646.4376,-1,3,7,85.8,,False,695.999
9904,1.331,29.58,220.43,463.2339,-1,2,6,100.0,,False,517.999
9905,2.5,24.703,185.61,353.3217,-1,2,4,82.4,,False,2251.1801978836625
9906,1.539,41.859,307.51,961.5246,-1,4,10,100.0,,False,263.999
9912,2.632,35.361,260.94,716.3386,-1,2,9,99.2,,False,370.999
9917,3.079,30.394,225.52,548.233,-1,5,3,100.0,,False,817.999
9922,2.591,25.864,198.65,219.9873,-1,1,10,98.4,,False,535.999
9926,1.281,30.14,223.78,532.2961,-1,2,9,98.2,,False,1220.999
9927,4.455,33.615,249.51,544.437,-1,1,7,98.7,,False,979.999
9928,2.878,29.482,219.62,469.2811,-1,2,5,100.0,,False,719.999
9929,3.377,38.784,285.57,824.478,-1,3,4,54.4,,False,246.999
9934,2.441,21.716,166.91,215.1641,-1,1,6,88.4,,False,2138.999
9937,2.603,31.516,234.23,515.3388,-1,3,3,89.9,,False,414.999
9938,2.106,26.487,198.73,370.2596,-1,2,10,96.5,,False,232.55566666666667
9943,1.349,30.193,223.83,567.1552,-1,3,7,100.0,,False,609.999
9946,3.845,35.618,263.45,640.4809,-1,3,4,70.7,,False,1781.999
9948,0.701,23.125,174.03,337.1676,-1,2,8,100.0,,False,489.999
9949,2.708,26.854,207.63,197.0709,-1,3,6,100.0,,False,1794.999
9952,1.635,18.257,137.37,330.9786,-1,1,13,97.3,,False,413.6667777777777
9957,2.523,29.373,218.07,533.1617,-1,3,4,100.0,,False,2036.999
9959,4.436,35.514,262.66,641.5385,-1,2,8,97.6,,False,1302.999
9962,1.297,22.881,173.39,285.124,-1,1,9,98.7,,False,47.47512895126522
9963,0.717,20.703,157.69,254.0563,-1,2,3,74.0,,False,205.999
9965,1.691,27.424,204.44,454.2638,-1,2,7,96.5,,False,266.999
9967,2.426,25.144,188.76,363.192,-1,2,7,98.1,,False,766.999
9971,3.973,34.68,256.32,661.4037,-1,5,5,52.5,,False,1704.999
9972,0.46,25.11,188.91,342.2385,-1,1,6,98.6,,False,683.999
9974,2.534,22.643,171.91,273.2317,-1,1,7,67.1,,False,731.999
9977,1.357,35.276,259.95,777.3144,-1,3,6,100.0,,False,1021.999
9981,3.105,34.541,255.34,654.3794,-1,3,8,62.7,,False,368.999
9982,2.221,17.489,138.15,143.1053,-1,1,5,93.7,,False,634.999
9984,1.779,30.432,226.4,493.3168,-1,3,7,86.6,,False,719.999
9986,0.488,23.686,180.82,245.046,-1,1,7,73.8,,False,2001.999
9987,1.9,27.101,202.97,391.4129,-1,3,3,52.5,,False,196.999
9989,0.53,18.181,136.24,369.8214,-1,1,8,98.2,,False,419.999
9990,2.325,30.023,223.07,518.2875,-1,2,5,98.1,,False,1248.999
9991,1.576,22.084,165.89,352.9444,-1,1,8,45.0,,False,442.999
9993,2.247,24.451,181.31,547.9831,-1,1,10,96.8,,False,374.89231881690097
9995,3.876,29.374,219.27,436.351,-1,1,9,93.2,,False,657.999
9996,1.818,20.76,155.05,414.9064,-1,3,4,98.9,,False,2590.999
9997,2.414,24.381,183.96,317.2099,-1,1,10,72.8,,False,250.8466178947287
9999,0.982,24.169,182.03,331.2479,-1,2,6,100.0,,False,239.999
10001,3.561,34.857,257.56,669.3987,-1,2,8,72.5,,False,272.999
10003,3.443,20.315,155.31,236.1026,-1,1,5,46.8,,False,834.999
10004,2.513,20.424,156.78,219.1375,-1,1,12,99.5,,False,352.37854781488625
10007,2.256,30.057,223.93,468.3405,-1,1,6,77.7,,False,1338.999
10009,0.631,23.164,174.27,340.0855,-1,1,7,99.1,,False,268.999
10012,0.568,16.662,129.76,172.0394,-1,1,8,99.4,,False,490.999
10014,3.672,27.738,206.74,457.2381,-1,2,3,57.7,,False,1913.999
10016,1.984,23.882,179.63,343.1661,-1,1,6,98.8,,False,1308.4445555555556
10019,2.195,21.01,156.57,446.967,-1,1,7,98.2,,False,475.999
10021,1.112,26.993,201.45,437.0541,-1,3,4,100.0,,False,914.999
10024,3.862,34.295,253.86,613.4476,-1,3,4,52.5,,False,1211.999
10029,0.49,16.251,128.34,142.988,-1,1,7,99.2,,False,930.999
10034,1.851,24.335,183.27,332.1928,-1,2,6,89.1,,False,857.999
10036,3.36,30.687,228.69,464.4607,-1,1,3,88.0,,False,2725.999
10037,1.297,26.372,213.12,113.0219,-1,1,7,87.2,,False,1322.999
10041,0.387,23.509,177.39,316.1661,-1,2,7,99.4,,False,484.999
10042,3.663,30.453,226.54,494.3921,-1,1,5,58.4,,False,1900.1112222222223
10045,4.129,22.951,172.18,367.0273,-1,3,3,99.9,,False,1756.999
10050,3.81,35.44,261.9,665.5045,-1,4,5,52.5,,False,1002.999
10051,3.416,26.11,195.36,401.1299,-1,1,9,97.8,,False,186.88899999999995
10052,3.194,29.534,221.2,393.2996,-1,2,4,59.3,,False,1728.999
10054,2.5,32.701,242.02,615.3195,-1,2,9,100.0,,False,481.999
10056,2.929,31.435,233.54,522.3862,-1,1,5,42.0,,False,1245.999
10059,3.249,23.31,177.19,267.192,-1,1,9,99.0,,False,259.44455555555555
10061,1.124,27.875,229.52,94.9237,-1,1,9,82.2,,False,507.33344444444447
10063,2.978,28.259,210.59,461.2665,-1,1,3,96.5,,False,1458.999
10064,2.741,29.887,223.27,427.2842,-1,3,5,100.0,,False,789.999
10065,2.752,18.455,141.8,213.9836,-1,1,6,98.8,,False,796.999
10067,2.805,30.133,224.03,505.2759,-1,3,6,100.0,,False,378.999
10068,0.269,25.122,187.99,398.1698,-1,2,8,94.5,,False,231.999
10070,2.044,20.359,156.24,220.1443,-1,1,7,62.8,,False,515.0001111111112
10074,0.778,28.946,238.93,92.9263,-1,1,13,96.0,,False,199.3865027615094
10075,2.495,33.888,250.31,679.3147,-1,3,6,100.0,,False,917.999
10078,1.079,28.956,215.52,483.136,-1,5,8,100.0,,False,445.999
10080,3.063,32.218,239.15,542.3403,-1,2,7,97.8,,False,614.999
10082,2.651,39.769,292.65,857.4961,-1,3,4,97.4,,False,529.999
10086,0.514,18.556,142.32,220.9658,-1,1,7,99.0,,False,814.999
10093,2.535,24.871,187.41,328.256,-1,1,5,55.0,,False,768.999
10097,2.153,21.226,161.91,247.1321,-1,2,4,100.0,,False,239.999
10100,1.474,25.179,189.23,352.2494,-1,1,4,98.5,,False,1369.999
10102,1.797,33.154,246.65,497.2937,-1,2,6,92.8,,False,1388.999
10103,0.546,34.214,263.32,215.0278,-1,1,7,61.4,,False,508.999
10105,3.387,36.23,275.24,277.2159,-1,2,6,71.0,,False,602.999
10108,2.995,28.157,211.01,385.2358,-1,2,3,100.0,,False,287.999
10112,3.875,30.48,226.96,476.3822,-1,1,5,57.1,,False,2609.889
10113,3.061,27.95,208.01,482.3281,-1,2,6,100.0,,False,352.999
10116,3.126,35.499,262.07,702.4044,-1,4,6,66.8,,False,249.999
10121,2.853,25.034,190.97,249.1848,-1,1,10,99.4,,False,292.999
10126,3.629,33.124,245.66,562.4205,-1,1,6,75.4,,False,923.999
10127,3.144,34.287,254.36,557.4477,-1,2,4,98.7,,False,1140.889
10128,1.762,21.834,166.23,257.2095,-1,1,11,97.0,,False,100.08477646382113
10132,2.058,20.558,156.65,251.8921,-1,1,7,99.0,,False,216.999
10133,2.142,33.577,248.15,659.2861,-1,2,4,82.6,,False,239.999
10137,3.003,28.058,208.98,469.2459,-1,2,4,98.6,,False,533.999
10141,3.351,32.802,242.87,604.3647,-1,2,7,71.2,,False,279.999
10142,3.868,30.473,226.81,484.4007,-1,1,5,64.7,,False,1279.3334444444445
10143,0.668,25.435,188.76,532.9003,-1,1,12,97.1,,False,320.44455555555555
10144,1.358,21.664,164.14,285.0426,-1,2,4,100.0,,False,244.999
10146,0.606,21.435,169.66,141.0139,-1,1,5,59.9,,False,1011.999
10147,1.064,28.042,208.7,483.0766,-1,3,9,100.0,,False,611.999
10148,1.28,29.912,222.66,482.1865,-1,2,8,100.0,,False,776.999
10150,3.537,29.19,218.26,413.3632,-1,2,7,99.2,,False,802.999
10152,2.375,27.869,207.81,451.281,-1,1,7,97.1,,False,1095.999
10153,2.135,27.358,205.9,341.16,-1,2,7,100.0,,False,547.999
10159,4.149,36.135,266.75,707.498,-1,2,6,82.8,,False,75.66677777777784
10161,4.615,33.447,247.99,569.4801,-1,3,5,55.6,,False,1355.7778888888888
10162,1.051,31.775,235.99,529.3066,-1,2,9,98.0,,False,358.999
10163,3.409,32.719,242.31,596.3773,-1,1,4,96.0,,False,122.999
10164,1.338,28.124,209.55,463.2341,-1,2,6,100.0,,False,258.999
10165,3.354,39.197,288.58,830.5049,-1,2,3,73.0,,False,1476.999
10167,2.569,31.595,234.9,507.2896,-1,2,8,91.7,,False,567.999
10172,2.66,40.334,296.64,889.4301,-1,4,8,100.0,,False,360.999
10173,2.925,12.222,102.57,78.9566,-1,1,12,85.9,,False,218.11122222222224
10175,2.299,26.529,210.11,141.0358,-1,1,9,99.1,,False,674.7778888888889
10177,4.003,32.01,237.48,553.3687,-1,3,4,98.1,,False,1170.999
10181,0.581,33.586,248.28,653.2241,-1,3,9,100.0,,False,331.999
10182,2.424,31.182,231.22,564.2951,-1,2,6,100.0,,False,1222.999
10183,1.766,27.99,209.11,423.2733,-1,2,10,88.3,,False,552.999
10186,0.372,22.853,171.86,343.0827,-1,2,7,90.0,,False,172.999
10190,2.956,44.896,329.82,968.6219,-1,2,10,100.0,,False,449.999
10191,2.903,32.419,240.62,543.3892,-1,2,3,94.6,,False,596.999
10194,1.968,24.805,186.69,338.2407,-1,1,8,89.3,,False,233.999
10195,1.598,26.995,201.56,430.2939,-1,2,7,98.9,,False,232.999
10198,1.941,22.445,170.47,271.1887,-1,2,4,77.6,,False,719.999
10199,2.206,31.622,233.09,753.0527,-1,1,8,93.6,,False,800.999
10201,0.922,31.46,232.86,610.3604,-1,3,4,100.0,,False,919.999
10203,3.108,28.254,211.93,375.3259,-1,2,4,86.9,,False,390.999
10204,3.758,40.545,298.92,764.7192,-1,3,6,99.8,,False,358.999
10206,3.569,45.934,337.29,1005.8076,-1,3,5,100.0,,False,868.999
10207,1.369,29.683,220.78,496.3289,-1,1,6,96.9,,False,1969.999
10210,3.631,33.968,252.29,531.3694,-1,2,4,50.4,,False,1266.999
10212,1.195,29.407,218.14,551.1245,-1,2,6,98.0,,False,440.999
10213,2.399,38.146,288.32,311.1704,-1,2,9,100.0,,False,234.34937738432927
10216,1.623,27.516,206.02,395.1908,-1,2,6,70.9,,False,205.999
10217,0.57,27.104,201.92,464.3029,-1,2,6,99.2,,False,2222.999
10221,2.5,33.693,249.33,621.402,-1,2,8,88.7,,False,752.999
10224,0.171,21.849,163.5,392.8781,-1,1,10,95.0,,False,389.999
10227,0.719,19.328,152.92,141.0146,-1,1,8,44.0,,False,623.999
10234,3.732,45.66,335.2,1024.803,-1,3,9,97.6,,False,249.999
10236,0.62,34.793,287.33,92.926,-1,1,13,99.7,,False,337.07051178910194
10238,0.369,21.446,161.96,307.066,-1,1,9,97.7,,False,780.999
10239,2.783,45.168,331.35,1080.6716,-1,3,8,99.4,,False,752.999
10244,2.3,25.984,194.97,369.2631,-1,1,8,92.1,,False,489.44455555555555
10247,2.237,30.857,229.13,530.3574,-1,2,5,96.8,,False,616.999
10250,3.388,26.104,193.48,563.0319,-1,1,8,98.5,,False,355.999
10251,2.454,28.23,210.5,451.3043,-1,2,5,100.0,,False,949.999
10252,3.069,37.649,277.5,770.574,-1,2,6,44.0,,False,483.999
10253,3.002,25.799,193.46,375.2322,-1,2,6,100.0,,False,780.999
10254,0.657,26.826,198.74,574.9121,-1,1,10,94.5,,False,450.999
10255,2.613,29.991,222.74,525.3254,-1,1,4,79.9,,False,1585.999
10262,2.442,32.143,238.09,591.2931,-1,2,9,99.4,,False,526.999
10265,3.139,34.068,252.51,577.484,-1,3,3,52.5,,False,2018.999
10267,3.717,27.803,208.15,396.3448,-1,1,7,74.7,,False,576.999
10269,3.413,33.35,248.16,493.3891,-1,2,4,88.2,,False,1649.999
10270,2.405,24.405,184.59,299.2208,-1,2,7,100.0,,False,318.999
10271,3.418,36.565,269.96,702.5023,-1,3,3,52.5,,False,1348.999
10272,1.914,21.735,165.74,249.1844,-1,2,7,87.4,,False,156.999
10274,1.398,22.183,167.09,328.1628,-1,1,5,97.4,,False,1382.999
10276,0.446,17.258,132.37,219.9097,-1,1,8,98.5,,False,641.999
10279,1.083,13.665,106.46,168.8332,-1,1,5,78.9,,False,438.999
10284,2.697,34.454,255.06,612.3588,-1,3,9,100.0,,False,1328.999
10286,2.988,43.734,321.27,973.6319,-1,2,8,100.0,,False,862.999
10288,1.758,23.291,176.59,282.2512,-1,2,6,70.9,,False,428.999
10291,1.079,28.521,214.08,368.1589,-1,2,4,86.9,,False,564.999
10296,1.084,31.41,232.46,613.0863,-1,2,11,97.4,,False,532.999
10299,2.185,29.499,219.34,501.2611,-1,2,3,65.5,,False,1963.999
10300,4.133,23.177,175.03,309.0046,-1,3,4,99.6,,False,1516.999
10305,0.479,22.923,188.2,96.919,-1,1,9,99.7,,False,130.999
10306,1.839,32.434,240.12,607.2436,-1,3,7,99.2,,False,373.999
10313,1.382,23.742,182.25,221.1521,-1,1,8,96.7,,False,420.999
10314,2.842,29.149,217.98,411.3122,-1,2,3,35.7,,False,1326.999
10315,0.535,15.989,123.81,186.9371,-1,1,5,98.6,,False,1320.999
10316,3.337,24.862,187.09,339.291,-1,2,7,99.2,,False,1146.9564931277034
10317,2.645,20.174,154.81,220.1448,-1,1,5,65.7,,False,300.77788888888904
10326,3.172,35.369,261.21,685.4277,-1,2,4,97.0,,False,158.999
10327,1.343,29.213,217.85,451.177,-1,2,8,97.2,,False,617.999
10328,3.047,28.865,215.15,458.2672,-1,1,9,98.6,,False,441.999
10330,0.466,33.616,258.7,215.0303,-1,1,8,83.2,,False,514.999
10331,3.039,28.47,213.25,391.4118,-1,2,4,63.1,,False,1342.999
10333,1.97,26.462,198.32,382.2023,-1,2,8,100.0,,False,660.999
10335,1.855,30.615,227.28,535.2535,-1,3,5,100.0,,False,1957.999
10337,1.973,19.705,151.14,221.9934,-1,1,11,98.7,,False,422.8996991743054
10343,3.578,34.973,258.28,686.4082,-1,3,10,67.9,,False,399.6878318458112
10345,2.938,29.342,218.29,491.242,-1,2,14,99.3,,False,88.66425324418003
10346,0.728,25.75,192.47,414.1592,-1,2,8,98.2,,False,249.999
10348,1.451,24.699,185.18,376.085,-1,2,5,98.3,,False,793.999
10349,1.179,18.016,137.64,236.9513,-1,1,6,99.1,,False,673.999
10351,1.358,30.855,228.19,633.1291,-1,3,6,100.0,,False,621.999
10353,2.031,31.115,230.57,578.3146,-1,2,5,100.0,,False,1495.999
10359,2.991,33.44,247.54,612.3328,-1,2,8,96.1,,False,538.999
10362,2.326,34.168,252.12,719.2155,-1,3,7,100.0,,False,1270.999
10363,4.359,36.97,272.89,712.5341,-1,1,4,71.1,,False,582.999
10367,3.225,26.421,198.4,361.3106,-1,2,8,72.6,,False,845.999
10372,3.177,27.456,205.71,387.3258,-1,2,9,92.0,,False,472.999
10375,2.134,30.796,228.43,555.2334,-1,1,8,79.3,,False,243.999
10376,1.784,29.062,216.26,487.2498,-1,3,3,100.0,,False,287.999
10382,0.748,22.611,185.62,96.9201,-1,1,11,47.5,,False,367.999
10384,2.318,32.93,245.01,495.276,-1,3,5,98.0,,False,650.999
10385,0.566,16.403,128.46,159.0432,-1,2,5,100.0,,False,82.999
10387,2.3,28.01,209.62,401.3268,-1,2,6,99.0,,False,2094.999
10388,1.331,32.165,238.66,551.1876,-1,2,7,100.0,,False,543.999
10390,3.044,29.088,217.26,428.2836,-1,2,6,99.5,,False,672.999
10391,0.377,25.183,189.28,351.1625,-1,3,8,99.3,,False,654.999
10394,2.327,28.518,212.38,471.1094,-1,3,6,97.9,,False,1062.999
10399,1.891,27.432,204.89,426.2338,-1,1,7,98.3,,False,773.999
10400,1.415,25.493,191.7,347.2204,-1,2,5,97.6,,False,875.999
10403,3.491,21.195,162.72,219.1731,-1,1,7,98.1,,False,159.999
10406,1.502,19.582,147.78,309.8738,-1,1,6,96.7,,False,381.999
10408,2.625,31.833,236.1,558.3556,-1,2,3,48.9,,False,251.999
10412,3.114,35.049,258.84,689.4174,-1,4,9,100.0,,False,1517.4445555555556
10417,1.946,28.799,213.93,519.074,-1,3,7,100.0,,False,705.999
10419,3.829,30.911,230.15,480.3771,-1,1,6,58.2,,False,1758.999
10422,1.406,24.306,183.08,331.2475,-1,2,7,87.5,,False,214.999
10427,2.684,25.033,189.45,295.2283,-1,2,6,99.0,,False,210.999
10431,2.846,29.927,222.06,546.218,-1,5,3,100.0,,False,521.999
10434,3.717,22.1,168.46,251.1996,-1,2,9,99.4,,False,387.999
10439,1.968,30.954,229.68,547.2719,-1,3,6,97.9,,False,1056.999
10442,3.367,27.579,206.34,404.324,-1,1,7,85.6,,False,868.999
10443,2.674,20.054,153.63,227.0463,-1,1,9,99.4,,False,555.7778888888889
10444,4.162,38.597,284.34,795.5795,-1,3,4,52.5,,False,750.999
10445,1.936,30.811,228.88,523.3638,-1,3,4,69.0,,False,1557.999
10447,0.957,20.837,157.46,301.9505,-1,1,7,98.0,,False,437.999
10450,2.636,31.315,245.12,165.0386,-1,1,7,98.1,,False,810.999
10451,1.846,22.917,173.66,285.2041,-1,2,6,85.8,,False,481.0001111111111
10452,4.306,28.312,211.35,435.3471,-1,2,6,69.8,,False,294.39565287974835
10468,1.69,25.056,188.37,349.1663,-1,2,7,100.0,,False,400.0001111111111
10471,3.668,31.901,237.2,505.337,-1,2,5,97.0,,False,947.999
10475,0.94,16.333,129.13,140.9722,-1,1,5,99.4,,False,744.999
10476,1.329,33.941,250.5,709.1792,-1,2,7,96.5,,False,293.999
10477,1.081,32.622,241.32,629.1181,-1,3,7,100.0,,False,588.999
10479,4.027,34.857,257.99,617.4784,-1,3,6,58.4,,False,512.999
10482,1.445,18.03,136.01,310.8365,-1,3,7,96.9,,False,148.999
10485,3.608,20.096,154.21,220.1447,-1,1,6,60.6,,False,323.999
10488,0.329,17.308,132.65,222.9116,-1,1,8,98.6,,False,136.5046954666759
10493,1.606,35.231,259.85,735.4144,-1,3,6,100.0,,False,670.999
10494,0.626,24.314,180.62,508.855,-1,1,11,98.1,,False,317.999
10497,2.484,34.376,254.35,626.4088,-1,2,7,69.1,,False,1122.999
10499,2.614,28.936,216.46,407.2208,-1,1,8,98.8,,False,492.999
10503,2.314,31.382,232.69,564.2319,-1,2,8,100.0,,False,418.999
10505,3.063,40.223,296.18,822.5706,-1,3,7,57.0,,False,353.4445555555556
10506,1.837,22.42,169.48,301.1105,-1,2,5,99.0,,False,918.999
10510,2.275,19.686,149.83,256.9795,-1,1,5,75.8,,False,808.999
10515,1.732,23.174,175.35,295.1064,-1,2,5,98.0,,False,848.999
10519,3.068,33.566,248.45,614.3828,-1,2,4,63.1,,False,1368.999
10525,3.441,32.874,243.38,606.3774,-1,3,8,93.7,,False,79.44455555555561
10526,2.473,19.373,150.56,179.1058,-1,1,5,99.4,,False,967.999
10527,2.891,24.947,187.83,335.2573,-1,2,6,97.4,,False,550.999
10528,0.39,26.83,201.45,362.981,-1,1,7,98.6,,False,489.999
10533,3.476,25.558,192.39,337.3122,-1,2,7,100.0,,False,359.7778888888889
10534,1.866,24.335,182.57,368.8969,-1,3,4,84.4,,False,1470.999
10536,0.337,16.611,129.21,174.9901,-1,1,9,98.5,,False,110.44455555555555
10537,3.87,27.59,402.9,757.9203,-2,3,6,100.0,,False,678.999
10538,2.974,33.842,250.76,585.3622,-1,4,4,93.7,,False,1038.999
10540,3.489,34.244,253.37,626.4177,-1,4,5,76.1,,False,1070.999
10543,2.121,28.369,212.52,389.3063,-1,2,7,97.5,,False,1592.999
10547,1.869,22.398,169.18,307.0828,-1,1,5,96.5,,False,242.999
10548,0.657,21.696,165.0,262.9275,-1,1,13,98.3,,False,78.75227304937368
10551,1.99,21.839,165.44,286.1342,-1,1,7,96.5,,False,863.999
10558,0.878,24.657,198.22,118.9665,-1,1,7,98.0,,False,642.999
10566,2.396,28.351,212.54,381.2035,-1,2,9,98.4,,False,289.999
10568,1.466,27.142,202.66,430.1686,-1,3,4,99.0,,False,2063.999
10569,1.381,38.173,281.13,809.4618,-1,3,9,99.8,,False,399.999
10570,3.235,38.087,281.09,720.5565,-1,4,7,98.7,,False,817.999
10571,2.191,19.297,150.13,176.1422,-1,1,6,98.8,,False,1211.999
10572,1.948,31.33,232.63,533.3258,-1,4,8,76.0,,False,932.999
10573,2.848,27.981,208.98,427.2482,-1,3,8,88.4,,False,463.999
10576,3.525,33.26,247.34,505.3357,-1,2,6,85.3,,False,746.999
10579,2.819,42.192,310.14,928.572,-1,3,9,100.0,,False,494.999
10580,2.324,30.802,226.24,930.9472,-1,1,10,97.9,,False,290.999
10581,1.302,19.961,157.95,141.0144,-1,1,6,44.0,,False,647.999
10588,2.05,32.348,239.87,565.3748,-1,2,10,88.0,,False,693.999
10594,3.636,34.025,251.61,642.3805,-1,4,7,63.8,,False,372.999
10595,0.341,26.969,204.6,280.9781,-1,3,4,99.1,,False,105.999
10596,1.226,17.846,134.95,292.8251,-1,1,7,98.5,,False,1058.999
10606,1.017,22.416,180.15,118.9667,-1,1,7,59.0,,False,255.889
10607,0.351,19.999,152.11,261.0046,-1,2,6,97.1,,False,469.999
10611,4.23,33.274,247.03,538.5202,-1,2,9,89.9,,False,283.6392452683648
10613,3.068,31.208,232.92,441.2998,-1,2,7,69.5,,False,573.999
10617,1.68,21.574,164.78,241.1323,-1,2,6,100.0,,False,259.999
10619,3.027,24.072,181.81,309.242,-1,1,9,72.9,,False,399.999
10620,2.326,32.49,240.25,641.2718,-1,2,9,97.0,,False,442.999
10621,1.956,27.481,204.93,449.3283,-1,2,6,98.3,,False,351.999
10622,1.868,20.985,161.1,219.1735,-1,1,9,97.2,,False,588.999
10623,0.406,33.382,246.88,639.3441,-1,2,7,100.0,,False,104.999
10624,3.353,40.765,300.03,850.6002,-1,2,5,49.7,,False,904.999
10625,3.062,33.309,247.5,521.2892,-1,2,10,98.5,,False,461.999
10627,0.356,24.55,186.2,280.9762,-1,1,8,92.1,,False,483.999
10630,2.402,27.328,204.14,424.2481,-1,1,8,80.1,,False,793.999
10631,1.863,27.798,207.67,423.1445,-1,2,7,99.8,,False,434.999
10637,2.809,30.708,228.36,501.3231,-1,3,5,90.9,,False,1399.999
10638,3.374,43.416,318.98,960.6362,-1,2,11,97.3,,False,273.999
10639,0.375,23.165,173.8,366.1072,-1,1,10,98.4,,False,498.999
10640,4.518,27.349,204.6,405.3355,-1,2,3,71.1,,False,418.999
10641,1.626,24.45,181.83,488.931,-1,1,8,98.1,,False,496.999
10643,2.504,32.58,240.9,643.2254,-1,2,10,99.1,,False,184.999
10648,0.487,29.345,224.16,245.0493,-1,1,5,95.1,,False,2112.999
10650,3.696,33.278,246.35,611.3809,-1,3,4,93.7,,False,508.999
10652,2.533,33.111,245.51,567.3935,-1,3,4,52.5,,False,1482.999
10654,0.367,21.138,160.14,285.0868,-1,1,4,98.1,,False,725.999
10657,1.517,31.757,234.81,643.2597,-1,3,6,100.0,,False,224.999
10659,3.111,31.761,235.64,552.3326,-1,2,3,72.3,,False,1378.999
10661,2.571,33.455,247.83,592.3928,-1,1,5,92.4,,False,1977.999
10664,2.567,22.458,171.2,251.2356,-1,1,8,81.7,,False,475.999
10669,4.468,29.442,220.09,417.3366,-1,2,6,75.1,,False,589.999
10670,3.687,42.107,309.8,872.6997,-1,3,4,77.9,,False,1749.999
10672,2.703,28.496,213.03,415.2839,-1,2,5,68.4,,False,456.999
10676,1.26,29.926,221.74,579.1241,-1,1,9,96.7,,False,675.999
10678,1.636,33.573,248.29,639.4123,-1,2,9,89.5,,False,431.999
10681,1.702,34.336,254.37,593.3705,-1,2,9,97.4,,False,235.999
10682,0.531,15.982,123.66,188.9346,-1,1,8,99.7,,False,1433.999
10686,2.278,19.516,152.4,167.1417,-1,1,8,97.1,,False,350.999
10687,0.584,37.278,274.69,781.4483,-1,3,6,100.0,,False,86.999
10688,2.869,28.286,211.24,429.2999,-1,1,3,54.3,,False,942.999
10690,2.685,32.191,239.1,528.1768,-1,2,8,100.0,,False,314.999
10691,4.351,40.265,296.26,863.5669,-1,2,6,46.7,,False,598.3334444444445
10692,0.344,22.584,171.25,280.9769,-1,1,8,99.0,,False,520.999
10693,2.05,26.369,197.36,398.207,-1,3,6,100.0,,False,1429.999
10696,2.327,31.942,234.29,1038.9332,-1,1,12,96.5,,False,196.51392777144252
10697,3.206,20.475,156.26,244.0307,-1,1,9,96.5,,False,486.999
10702,3.036,31.748,235.29,577.3356,-1,1,6,81.4,,False,159.999
10704,1.433,32.694,242.21,589.3624,-1,3,8,100.0,,False,1174.999
10706,1.924,25.419,190.94,357.1341,-1,2,7,100.0,,False,1185.999
10711,2.427,25.051,188.6,336.2531,-1,1,8,96.5,,False,449.0001111111111
10714,1.587,26.435,198.16,380.2455,-1,1,8,96.9,,False,460.999
10716,1.16,31.056,255.78,94.9232,-1,1,10,96.8,,False,393.999
10717,3.086,29.592,221.4,406.3049,-1,2,7,92.9,,False,1031.999
10726,0.918,27.111,223.21,94.9233,-1,1,9,97.8,,False,157.999
10729,0.775,25.023,187.43,386.9422,-1,1,10,82.5,,False,248.66677777777775
10730,0.483,17.223,131.65,233.8656,-1,1,5,98.8,,False,292.999
10732,3.465,36.105,266.66,688.5497,-1,2,4,66.9,,False,1241.3334444444445
10733,2.417,23.11,202.93,59.0127,-1,1,10,88.1,,False,249.999
10735,3.015,36.367,268.29,731.386,-1,5,6,100.0,,False,1206.999
10738,1.72,28.581,213.0,461.3099,-1,2,5,74.7,,False,147.999
10739,3.467,32.014,237.58,546.3178,-1,2,8,100.0,,False,555.999
10741,0.423,25.906,192.49,508.9402,-1,1,14,84.6,,False,28.05841747641466
10742,1.077,27.395,220.31,118.9398,-1,1,10,98.8,,False,551.999
10744,2.378,27.481,205.63,402.2687,-1,1,4,80.5,,False,386.999
10745,2.283,34.273,253.03,699.2742,-1,2,6,100.0,,False,478.999
10746,0.708,30.187,223.77,569.2511,-1,4,5,100.0,,False,165.999
10748,1.228,30.263,225.67,453.2332,-1,2,9,91.0,,False,341.999
10751,1.146,30.984,234.92,286.9839,-1,1,9,92.8,,False,142.5556666666667
10752,1.922,17.006,130.45,218.9073,-1,3,6,100.0,,False,1569.999
10755,3.866,34.086,252.57,585.4199,-1,1,4,96.5,,False,614.999
10757,2.776,33.627,249.26,576.4264,-1,1,4,98.6,,False,1316.999
10758,2.096,38.192,281.24,815.4112,-1,3,9,100.0,,False,456.999
10759,2.704,34.899,258.09,642.4061,-1,6,6,89.1,,False,1511.999
10760,0.601,23.672,178.89,304.9383,-1,1,10,77.4,,False,158.6261291234323
10761,2.159,31.397,233.08,537.3814,-1,2,10,93.7,,False,527.999
10764,2.451,31.532,235.05,461.3276,-1,2,4,49.7,,False,1249.999
10765,0.627,29.417,242.25,94.9233,-1,1,10,99.7,,False,337.4513671716275
10769,4.665,43.389,318.94,929.5825,-1,3,6,100.0,,False,109.999
10770,4.015,39.117,288.53,744.5695,-1,1,3,35.2,,False,1125.999
10771,1.944,25.372,190.55,359.2222,-1,2,8,72.7,,False,576.999
10774,3.304,39.202,288.56,840.4728,-1,6,4,60.7,,False,163.999
10778,0.402,27.265,204.1,397.1695,-1,2,7,100.0,,False,358.999
10779,2.189,31.255,231.79,560.2867,-1,2,5,99.8,,False,1178.999
10780,2.083,28.512,212.53,457.3158,-1,2,7,65.3,,False,117.7778888888889
10782,1.328,28.114,209.05,499.1998,-1,2,7,97.7,,False,338.999
10785,1.603,33.309,246.29,645.2874,-1,2,7,99.9,,False,210.999
10786,0.712,30.218,224.79,495.2034,-1,2,7,100.0,,False,841.999
10789,2.886,21.72,164.89,273.1328,-1,2,8,96.0,,False,465.999
10791,0.48,54.675,450.73,94.9243,-1,1,14,99.1,,False,154.98389887169924
10792,2.398,25.484,191.61,348.256,-1,1,5,95.1,,False,252.999
10795,1.144,27.999,225.53,116.9709,-1,1,5,44.0,,False,1166.999
10798,1.97,28.203,210.32,450.1953,-1,2,5,100.0,,False,147.999
10801,1.885,22.991,174.23,285.2046,-1,2,4,76.5,,False,1107.999
10804,3.416,31.484,234.74,457.3324,-1,2,8,98.7,,False,995.999
10807,1.356,27.304,203.03,497.1207,-1,2,9,99.2,,False,681.999
10811,0.651,18.905,144.86,225.0492,-1,1,5,98.8,,False,562.999
10812,0.588,21.005,172.39,96.9192,-1,1,9,67.6,,False,648.999
10818,1.988,31.988,236.97,589.2741,-1,3,8,99.9,,False,699.999
10819,0.413,30.374,233.69,215.0303,-1,1,5,65.5,,False,1053.999
10821,1.551,24.673,186.27,313.1788,-1,2,3,91.9,,False,363.999
10822,1.472,17.422,133.33,228.8763,-1,1,6,98.4,,False,1265.999
10823,0.747,21.943,164.29,386.9389,-1,1,6,98.2,,False,533.999
10829,1.439,37.053,273.14,765.4351,-1,2,9,100.0,,False,332.999
10834,2.89,26.776,200.6,387.3097,-1,2,6,99.5,,False,482.999
10840,1.517,21.336,171.73,116.9694,-1,1,6,42.7,,False,276.999
10842,1.6,28.108,209.86,432.1925,-1,2,8,98.8,,False,619.999
10845,4.182,28.465,212.23,453.3591,-1,2,5,96.2,,False,2080.999
10846,3.958,31.561,234.3,538.3956,-1,2,3,73.0,,False,1923.999
10849,1.446,37.518,276.15,838.4587,-1,4,5,100.0,,False,1974.999
10851,0.639,17.611,136.23,191.0323,-1,2,5,100.0,,False,209.999
10852,2.493,25.397,187.96,598.6489,-1,3,6,100.0,,False,513.999
10853,0.753,22.416,169.97,280.8936,-1,1,9,84.3,,False,467.999
10854,2.929,33.901,250.7,642.3656,-1,2,4,65.9,,False,1614.999
10858,2.956,25.649,192.75,353.214,-1,2,6,96.8,,False,552.6667777777777
10859,3.19,30.008,224.4,413.3058,-1,2,7,100.0,,False,550.999
10860,2.981,34.342,254.89,546.4159,-1,2,7,99.8,,False,823.999
10861,1.379,29.785,221.27,519.3227,-1,1,6,82.6,,False,114.999
10862,0.436,29.058,214.87,632.9545,-1,1,7,98.5,,False,409.999
10863,0.246,27.625,205.26,513.1959,-1,2,6,90.6,,False,547.999
10865,3.529,34.691,256.33,668.3976,-1,3,9,90.0,,False,638.999
10868,2.58,24.163,181.75,343.1548,-1,2,5,84.6,,False,2184.999
10869,2.306,38.798,284.25,1178.0352,-1,1,8,96.5,,False,774.999
10870,1.64,21.586,164.4,255.1119,-1,1,7,90.7,,False,901.999
10871,2.238,23.296,176.63,282.2491,-1,1,8,60.0,,False,402.999
10873,0.375,30.532,226.43,559.297,-1,2,6,97.9,,False,749.999
10875,2.147,28.462,212.04,466.2288,-1,2,5,100.0,,False,568.999
10877,3.277,26.124,198.17,281.2255,-1,2,5,91.9,,False,582.999
10879,2.632,44.287,324.82,1098.5612,-1,4,6,100.0,,False,769.999
10882,2.235,26.358,197.87,364.2567,-1,1,7,89.4,,False,947.999
10886,2.884,24.74,186.18,339.1433,-1,1,7,92.7,,False,557.999
10888,1.202,28.91,216.99,369.1744,-1,1,3,66.1,,False,654.999
10892,2.441,28.674,214.64,399.2503,-1,2,9,99.6,,False,362.999
10895,3.539,25.172,191.18,273.2213,-1,1,6,65.8,,False,358.999
10896,3.5,32.699,242.14,599.3623,-1,3,6,87.6,,False,508.55566666666664
10897,1.983,24.022,181.46,308.2224,-1,1,10,99.5,,False,228.999
10899,2.007,33.611,249.16,575.3603,-1,2,7,100.0,,False,964.999
10901,1.346,33.592,248.46,637.1991,-1,3,6,100.0,,False,613.999
10903,2.421,30.551,227.28,493.3538,-1,2,4,36.4,,False,1549.999
10908,1.578,32.554,243.84,395.1883,-1,2,6,83.1,,False,615.999
10913,1.979,33.082,244.88,613.2715,-1,2,7,97.9,,False,1104.999
10916,2.838,26.098,195.91,364.2871,-1,1,9,96.5,,False,33.44455555555558
10918,1.186,24.786,186.24,353.2337,-1,2,6,90.6,,False,883.999
10920,1.546,26.934,200.9,445.1531,-1,3,5,98.9,,False,944.999
10921,1.969,32.866,243.66,570.3439,-1,3,4,96.6,,False,2124.999
10924,2.568,22.515,169.57,330.0138,-1,3,4,62.2,,False,370.999
10925,0.509,27.304,209.9,217.0283,-1,1,9,88.3,,False,585.999
10926,2.314,25.061,187.2,420.8242,-1,1,5,98.0,,False,1052.999
10935,1.953,25.865,194.4,352.2847,-1,2,4,98.7,,False,2329.999
10936,3.445,19.839,148.47,387.9805,-1,1,7,94.5,,False,673.999
10937,2.677,26.507,198.32,402.2149,-1,2,8,98.8,,False,892.999
10938,3.385,33.555,249.31,523.3062,-1,2,9,97.9,,False,367.999
10944,2.074,28.999,215.76,490.2586,-1,2,3,65.0,,False,157.999
10945,3.164,25.805,194.49,327.2539,-1,2,5,100.0,,False,789.999
10946,0.545,23.723,178.06,362.8989,-1,1,11,77.4,,False,264.999
10952,0.605,28.089,208.7,514.2851,-1,3,6,100.0,,False,491.999
10956,2.611,31.127,230.94,550.2939,-1,3,4,72.4,,False,260.999
10957,0.365,24.548,195.87,129.0529,-1,1,6,92.1,,False,1047.999
10958,4.435,42.143,310.07,872.6965,-1,3,3,52.5,,False,1486.999
10966,3.694,36.008,265.77,707.4007,-1,5,5,100.0,,False,393.999
10967,0.385,22.156,167.83,287.1842,-1,1,8,98.9,,False,200.999
10969,2.846,24.963,187.91,337.2738,-1,2,3,67.0,,False,982.999
10974,3.033,27.028,202.59,381.3714,-1,2,3,70.0,,False,375.999
10976,2.465,30.295,225.64,473.2467,-1,2,5,93.2,,False,702.999
10978,2.256,29.528,220.13,456.3405,-1,1,6,65.7,,False,1041.999
10979,3.089,28.848,214.68,485.2686,-1,2,9,97.9,,False,324.33344444444447
10980,2.546,22.402,170.77,251.2354,-1,2,7,98.9,,False,346.999
10981,1.054,29.96,222.42,535.1881,-1,3,5,100.0,,False,651.999
10982,2.532,22.543,171.45,263.2013,-1,2,12,99.0,,False,166.64223313956091
10983,3.265,40.157,295.7,824.5856,-1,2,4,44.0,,False,693.999
10987,2.233,22.444,167.62,418.9697,-1,1,5,95.8,,False,815.999
10990,1.268,32.608,244.2,397.2063,-1,1,5,96.5,,False,746.999
10993,3.267,37.039,273.35,719.5153,-1,1,3,96.5,,False,976.999
10994,0.518,26.038,200.15,217.028,-1,1,9,88.6,,False,413.999
10998,2.981,27.892,209.21,375.3254,-1,2,5,70.6,,False,1338.999
11003,0.678,14.002,109.74,155.8628,-1,1,7,98.3,,False,500.999
11004,3.581,31.756,236.6,469.3315,-1,2,4,73.8,,False,1724.999
11006,0.354,20.723,157.75,257.0758,-1,1,8,80.8,,False,427.999
11007,3.898,36.523,269.57,714.8329,-1,1,3,42.3,,False,1619.999
11008,0.731,21.483,161.1,368.8927,-1,1,11,99.1,,False,342.999
11012,2.508,27.776,208.32,375.2914,-1,2,5,92.1,,False,879.999
11013,2.093,25.076,188.31,359.1869,-1,2,4,82.4,,False,2042.999
11016,1.12,30.931,229.22,577.1094,-1,2,11,98.7,,False,446.999
11021,4.361,27.807,207.83,417.3378,-1,2,6,82.4,,False,573.999
11025,1.9,24.84,186.78,347.2203,-1,2,7,99.1,,False,736.999
11026,1.075,40.023,294.2,921.3162,-1,3,8,100.0,,False,973.999
11027,3.215,26.109,381.48,706.8847,-2,3,5,99.7,,False,1060.999
11028,1.477,23.693,178.72,318.1736,-1,2,5,99.6,,False,562.999
11029,1.542,33.097,244.65,654.3299,-1,2,5,100.0,,False,1112.999
11033,2.678,29.656,221.44,433.2963,-1,2,4,100.0,,False,1490.999
11034,2.319,13.84,109.61,136.8887,-1,1,4,60.1,,False,562.999
11037,1.5,32.63,242.14,549.2898,-1,2,7,97.8,,False,416.999
11038,0.899,29.759,245.07,94.9242,-1,1,7,98.0,,False,704.999
11042,3.191,33.315,246.9,580.4307,-1,1,6,52.0,,False,1008.999
11043,0.683,11.053,92.42,80.9148,-1,1,12,96.6,,False,415.999
11044,1.286,32.029,237.54,561.2122,-1,2,8,99.5,,False,594.999
11050,2.92,34.735,257.01,624.3961,-1,3,5,100.0,,False,804.999
11052,3.372,26.001,195.45,351.2893,-1,2,5,98.3,,False,360.999
11053,3.257,35.033,258.94,658.5046,-1,1,6,42.9,,False,360.999
11056,2.663,40.37,296.85,897.4799,-1,3,8,100.0,,False,455.999
11058,2.098,22.335,169.14,289.1037,-1,1,7,99.2,,False,189.999
11059,2.048,20.6,154.99,335.8447,-1,1,7,97.6,,False,397.999
11061,2.719,34.856,257.54,672.4533,-1,3,3,96.6,,False,1241.999
11062,0.873,21.586,177.18,96.9194,-1,1,8,51.1,,False,427.999
11063,0.675,21.394,161.61,304.9379,-1,1,11,98.9,,False,70.33344444444447
11064,0.665,23.318,175.45,339.0534,-1,2,6,100.0,,False,852.999
11066,1.583,28.946,215.43,484.2997,-1,1,9,92.7,,False,371.999
11067,0.845,34.491,284.13,94.9236,-1,1,14,97.2,,False,146.44455555555558
11071,2.608,35.45,262.34,624.3945,-1,2,5,99.8,,False,1179.999
11074,2.636,23.951,181.27,294.2783,-1,1,7,99.2,,False,358.999
11075,0.7,27.992,208.12,501.1436,-1,5,5,99.0,,False,1649.999
11078,1.802,23.496,179.14,251.2359,-1,2,6,98.3,,False,570.999
11080,0.507,19.098,149.13,167.105,-1,1,5,96.8,,False,558.999
11082,0.489,16.43,129.39,148.0504,-1,1,4,98.0,,False,1126.999
11084,2.495,26.563,198.89,393.1293,-1,3,4,100.0,,False,2393.999
11087,0.305,26.978,212.96,146.9804,-1,1,7,95.6,,False,518.999
11089,1.645,32.461,240.48,587.383,-1,2,7,97.2,,False,631.999
11092,3.359,43.627,325.06,480.3073,-1,2,6,75.5,,False,1068.999
11097,2.993,19.136,146.57,227.0015,-1,2,5,98.4,,False,1209.999
11098,1.079,29.631,219.85,547.113,-1,2,9,98.7,,False,572.999
11100,0.326,21.932,173.02,146.9804,-1,1,8,82.6,,False,324.999
11103,3.765,36.078,266.3,708.502,-1,3,6,52.5,,False,432.55566666666664
11104,3.332,26.898,201.54,385.3323,-1,2,7,68.7,,False,639.999
11107,0.346,28.451,211.13,540.1042,-1,3,5,100.0,,False,244.999
11109,1.471,28.546,211.96,528.2478,-1,3,5,100.0,,False,643.999
11112,0.548,27.059,223.31,92.9274,-1,1,9,78.8,,False,629.0337098730263
11113,0.564,23.117,177.72,215.0297,-1,1,8,86.8,,False,564.999
11114,3.203,36.518,269.62,702.5024,-1,3,4,52.5,,False,1521.999
11116,1.565,21.762,322.09,293.6099,-2,2,3,99.7,,False,1663.999
11120,2.291,27.75,206.71,467.2663,-1,2,11,100.0,,False,200.3618610710028
11124,2.113,31.851,236.38,544.3324,-1,2,5,77.2,,False,1502.999
11126,0.673,24.104,181.55,331.192,-1,2,5,98.3,,False,210.999
11127,0.381,30.935,241.32,172.9902,-1,1,8,96.9,,False,261.999
11129,1.884,27.942,208.31,454.1962,-1,2,9,97.7,,False,767.999
11130,2.297,36.794,277.77,321.1722,-1,2,6,100.0,,False,598.2223333333334
11132,2.866,32.602,241.29,614.3379,-1,2,6,100.0,,False,513.999
11133,2.571,30.866,229.63,493.3545,-1,2,3,39.1,,False,1608.999
11134,0.275,22.179,168.51,268.7995,-1,1,9,80.9,,False,270.7778888888889
11136,2.485,25.335,187.51,596.6509,-1,1,9,99.2,,False,647.999
11137,2.381,37.287,275.25,709.4856,-1,2,6,94.0,,False,390.999
11140,1.674,30.885,228.99,565.3031,-1,2,4,100.0,,False,1828.999
11142,2.522,24.274,183.49,303.2307,-1,1,8,48.0,,False,261.7778888888889
11147,1.685,23.477,183.0,173.0951,-1,1,7,85.9,,False,418.999
11152,2.406,26.547,198.46,413.2094,-1,1,8,95.9,,False,462.999
11154,2.037,26.192,196.06,396.2152,-1,4,4,97.5,,False,902.999
11157,2.322,23.427,177.56,284.2657,-1,1,8,63.4,,False,363.999
11159,4.898,38.842,286.35,762.5483,-1,3,5,70.6,,False,235.999
11160,3.347,30.414,227.17,429.264,-1,2,7,98.8,,False,1047.999
11162,1.455,17.629,132.63,330.9792,-1,1,12,99.2,,False,422.04709387908076
11163,2.881,23.395,177.47,279.2669,-1,1,3,79.8,,False,1502.999
11165,1.705,28.077,209.01,479.2096,-1,3,4,97.0,,False,267.999
11168,1.713,19.302,152.71,141.0134,-1,1,6,53.5,,False,463.999
11169,1.23,25.058,187.89,375.1816,-1,2,10,98.3,,False,438.999
11172,3.807,27.984,209.01,427.1081,-1,1,8,74.7,,False,603.999
11173,3.82,36.308,268.21,681.4916,-1,2,7,88.7,,False,349.999
11174,4.406,41.487,305.23,873.5208,-1,4,7,91.6,,False,232.999
11176,1.249,25.05,206.19,94.9233,-1,1,10,68.4,,False,271.72102263501046
11179,0.529,23.787,178.55,362.8973,-1,1,10,97.1,,False,357.999
11181,0.436,23.681,177.35,386.9433,-1,1,11,79.8,,False,307.2223333333333
11183,2.444,31.62,235.65,465.2684,-1,2,6,100.0,,False,1207.999
11184,3.752,30.661,1116.08,467.5144,-5,4,3,82.9,,False,773.999
11185,2.931,46.233,338.98,1131.6914,-1,3,10,93.3,,False,227.999
11189,2.888,30.952,229.61,552.312,-1,2,4,98.0,,False,810.999
11190,1.177,21.744,165.02,275.037,-1,2,6,100.0,,False,642.999
11191,1.621,29.372,219.07,449.291,-1,2,7,95.4,,False,595.999
11193,0.828,13.642,106.11,172.8291,-1,1,6,73.4,,False,697.999
11194,1.819,24.269,184.18,277.1429,-1,2,5,100.0,,False,1741.2223333333334
11196,1.394,32.101,237.61,611.3796,-1,2,5,98.2,,False,1216.999
11199,4.31,30.586,228.67,417.3352,-1,2,5,100.0,,False,530.999
11201,1.395,32.334,238.97,657.3352,-1,2,4,100.0,,False,1835.999
11206,1.572,28.95,214.82,542.2541,-1,3,6,88.6,,False,1823.999
11207,1.529,40.86,300.14,969.5906,-1,4,3,99.2,,False,1863.999
11208,0.472,22.697,171.26,315.0942,-1,2,7,98.6,,False,513.999
11210,3.012,19.605,150.84,210.0707,-1,1,9,99.3,,False,133.77788888888892
11218,1.73,19.946,152.68,230.067,-1,1,6,88.4,,False,870.999
11219,3.439,26.739,197.93,596.9838,-1,1,8,97.7,,False,584.999
11220,3.891,37.833,278.86,771.5746,-1,1,3,41.0,,False,1215.999
11223,3.42,40.432,297.52,856.5426,-1,2,4,83.6,,False,332.999
11225,3.453,28.994,217.49,375.3255,-1,2,7,89.3,,False,878.999
11226,3.443,19.817,149.16,330.9789,-1,1,9,97.8,,False,241.999
11232,4.23,34.584,255.74,642.4894,-1,3,8,83.4,,False,93.55566666666664
11234,2.795,34.502,255.22,632.3613,-1,2,7,81.3,,False,464.999
11237,2.76,35.964,265.65,684.3504,-1,2,6,96.7,,False,561.999
11239,1.48,30.313,240.18,141.0128,-1,1,10,89.8,,False,249.999
11240,0.496,28.357,211.3,462.2693,-1,2,9,97.8,,False,365.999
11242,2.241,22.118,168.53,253.2154,-1,1,6,54.3,,False,570.999
11245,1.619,24.55,184.32,361.1656,-1,2,4,87.1,,False,529.999
11246,0.646,53.92,445.59,92.9282,-1,1,12,86.6,,False,338.3388758590295
11247,1.659,23.251,175.46,315.1254,-1,1,6,98.3,,False,725.999
11250,1.927,26.654,199.68,387.3094,-1,2,6,80.8,,False,862.999
11251,4.587,35.509,262.37,670.5233,-1,5,5,97.0,,False,534.999
11255,1.413,23.096,174.37,311.1022,-1,2,9,98.1,,False,531.999
11256,2.432,27.104,202.79,403.1879,-1,1,8,96.3,,False,571.999
11257,0.634,27.73,211.16,260.0285,-1,2,7,97.9,,False,416.999
11258,0.683,16.432,129.01,154.0593,-1,1,10,81.4,,False,465.999
11260,1.166,26.09,196.6,329.1756,-1,1,6,93.2,,False,606.999
11261,1.7,24.584,184.93,343.1907,-1,1,8,96.7,,False,779.999
11263,1.31,23.606,178.48,301.1637,-1,1,6,87.9,,False,331.999
11264,0.373,17.125,128.53,351.1611,-1,2,8,76.7,,False,273.999
11265,4.466,26.034,195.03,387.0326,-1,1,7,98.4,,False,752.999
11266,3.422,31.688,236.74,427.3577,-1,1,4,79.3,,False,2169.999
11271,3.156,26.718,199.93,401.2453,-1,2,8,53.9,,False,520.999
11273,0.833,23.461,175.35,410.903,-1,1,7,72.5,,False,216.44455555555555
11274,3.895,35.572,262.78,679.4766,-1,3,11,82.2,,False,94.22233333333332
11278,3.983,33.421,247.58,590.4545,-1,1,7,98.0,,False,249.3878561591522
11280,0.748,16.708,127.28,248.8533,-1,1,4,96.5,,False,457.999
11282,3.386,27.235,201.52,609.038,-1,1,7,98.1,,False,296.999
11286,3.648,31.486,233.6,550.3553,-1,2,7,98.8,,False,244.999
11290,2.437,26.839,197.88,726.9649,-1,1,9,98.0,,False,239.889
11294,2.651,17.739,137.61,183.0094,-1,1,6,96.8,,False,602.999
11296,2.699,35.984,265.38,742.3556,-1,2,12,98.7,,False,246.999
11301,0.374,29.237,217.13,526.2473,-1,2,7,100.0,,False,312.999
11308,0.514,18.619,143.87,195.0641,-1,1,9,99.4,,False,500.999
11310,3.757,30.69,227.61,559.2975,-1,2,5,100.0,,False,1080.999
11312,2.901,25.131,208.42,89.0232,-1,1,3,99.1,,False,520.999
11313,3.049,42.57,318.04,436.2838,-1,2,7,94.7,,False,828.999
11314,2.424,26.546,199.28,365.3407,-1,2,3,64.3,,False,1371.999
11315,1.882,31.156,231.41,527.2697,-1,2,8,96.6,,False,635.999
11321,1.56,30.357,224.75,602.2749,-1,3,5,99.1,,False,1583.999
11323,1.732,22.879,173.6,277.1428,-1,1,9,98.2,,False,478.4679896410487
11324,2.082,25.014,188.03,350.2085,-1,2,8,92.5,,False,535.999
11326,3.148,27.542,206.35,387.3264,-1,2,5,67.0,,False,1323.999
11328,2.787,33.378,247.77,542.3262,-1,2,9,97.9,,False,271.999
11333,2.049,28.454,212.43,433.2153,-1,2,7,100.0,,False,521.999
11334,0.25,24.073,180.47,376.1343,-1,2,7,80.4,,False,282.999
11336,0.372,25.823,192.8,429.1537,-1,2,7,97.3,,False,491.999
11343,1.065,38.963,286.84,833.2971,-1,3,4,100.0,,False,516.999
11344,1.169,29.809,221.52,514.3018,-1,2,6,100.0,,False,448.999
11345,2.313,29.809,222.07,468.3407,-1,1,6,67.8,,False,1110.999
11346,2.461,31.252,232.36,506.3581,-1,1,6,73.5,,False,714.999
11347,3.181,27.412,205.0,409.331,-1,2,6,94.9,,False,670.1112222222223
11350,3.865,45.591,334.88,985.8384,-1,3,6,95.0,,False,658.999
11354,0.784,14.867,114.59,199.8025,-1,1,6,75.3,,False,907.999
11356,1.588,23.419,177.05,301.2376,-1,2,7,99.0,,False,492.999
11357,4.754,38.113,281.75,659.5173,-1,2,7,99.9,,False,387.999
11358,2.94,32.786,481.5,480.4519,-2,3,3,74.9,,False,1013.999
11360,0.535,16.754,129.75,186.9368,-1,1,6,98.4,,False,958.999
11363,1.317,28.853,213.9,564.2268,-1,3,5,99.7,,False,367.999
11365,1.82,27.032,202.04,416.2482,-1,2,8,96.0,,False,448.999
11367,2.434,29.193,217.11,498.2634,-1,1,4,98.7,,False,410.999
11369,1.774,26.983,201.58,422.1635,-1,2,7,100.0,,False,651.999
11370,1.182,24.409,184.22,315.1931,-1,2,3,50.9,,False,84.999
11371,1.867,27.35,204.05,442.2955,-1,3,3,99.3,,False,1029.999
11377,0.276,19.53,148.37,266.8019,-1,1,8,99.4,,False,379.999
11378,1.507,19.55,152.55,168.9877,-1,1,8,98.7,,False,288.44455555555555
11379,1.425,25.28,189.89,357.262,-1,2,6,66.4,,False,390.999
11381,1.043,20.866,159.43,239.0355,-1,1,7,99.3,,False,816.999
11385,1.6,18.267,139.23,248.0786,-1,1,5,98.9,,False,640.999
11388,1.583,32.552,240.82,628.2021,-1,3,7,100.0,,False,722.999
11391,0.919,31.518,233.29,610.3625,-1,2,4,100.0,,False,1076.999
11392,2.829,32.422,240.42,565.3723,-1,1,3,61.6,,False,516.999
11394,2.908,26.241,196.93,367.2884,-1,2,5,71.4,,False,419.4025347979457
11395,0.381,18.527,143.75,183.0994,-1,2,5,98.8,,False,184.999
11401,3.435,29.28,218.27,457.3307,-1,2,6,59.9,,False,1179.999
11407,1.533,30.449,225.47,596.2578,-1,3,7,97.7,,False,1263.999
11413,2.502,36.546,269.47,753.3884,-1,3,4,100.0,,False,124.999
11415,2.562,34.641,256.17,642.4063,-1,3,8,84.8,,False,886.999
11416,0.388,31.512,232.35,739.0031,-1,1,9,94.1,,False,222.999
11417,1.0,31.779,261.73,94.9242,-1,1,14,96.8,,False,106.10479150732488
11419,1.228,22.475,177.92,141.0148,-1,1,4,45.4,,False,1115.999
11424,2.507,31.869,236.68,528.1821,-1,3,4,100.0,,False,127.999
11428,3.346,33.224,246.58,546.4224,-1,1,4,91.4,,False,304.999
11430,4.384,35.613,263.49,631.496,-1,3,4,61.9,,False,553.999
11435,1.399,19.454,147.84,264.9228,-1,1,9,69.9,,False,168.77788888888887
11437,2.708,46.03,337.64,1097.6862,-1,3,4,79.4,,False,1424.999
11440,2.188,25.651,192.98,343.1555,-1,2,6,100.0,,False,58.11122222222224
11445,1.084,18.926,147.65,169.1209,-1,1,7,98.6,,False,273.999
11446,4.009,39.548,291.03,855.5069,-1,4,3,90.4,,False,1174.999
11449,1.584,29.831,222.25,467.3021,-1,3,9,94.4,,False,568.999
11455,0.358,25.4,200.47,146.981,-1,1,7,53.7,,False,606.999
11459,3.482,32.409,240.1,588.3689,-1,2,11,96.9,,False,71.79227330474168
11461,2.206,20.378,152.39,397.9516,-1,1,6,90.7,,False,550.999
11464,4.463,23.221,173.89,387.0342,-1,2,6,100.0,,False,292.999
11465,3.676,21.726,165.8,245.1912,-1,2,4,81.1,,False,49.999
11468,3.565,41.251,303.43,881.5586,-1,2,6,97.0,,False,575.999
11469,4.443,21.934,168.25,223.0266,-1,1,6,99.0,,False,567.999
11472,3.874,35.208,260.42,637.5076,-1,3,7,88.2,,False,661.999
11473,1.853,27.523,205.8,411.2203,-1,2,3,98.1,,False,1366.999
11475,1.419,24.27,200.25,92.9254,-1,1,8,98.5,,False,369.33344444444447
11476,2.142,29.819,222.06,475.2529,-1,2,7,100.0,,False,627.999
11480,3.55,20.507,157.42,219.1727,-1,1,7,98.2,,False,428.999
11481,3.796,32.199,238.55,586.3537,-1,2,11,66.9,,False,240.0001111111111
11483,2.757,34.963,258.46,654.4422,-1,1,9,78.6,,False,612.999
11486,2.986,21.411,161.74,305.03,-1,2,4,100.0,,False,1117.999
11487,3.396,31.757,235.34,578.3489,-1,1,12,95.2,,False,268.8963967299594
11488,1.92,16.991,130.41,216.9106,-1,1,4,97.8,,False,1726.999
11492,1.974,25.687,192.94,358.1587,-1,3,8,96.0,,False,621.999
11498,1.713,29.533,219.55,505.2453,-1,2,4,100.0,,False,494.999
11499,1.309,21.117,160.5,265.6428,-1,1,6,88.0,,False,1055.999
11500,2.214,23.514,177.95,294.2135,-1,1,5,79.5,,False,609.999
11505,3.232,34.622,255.82,668.3977,-1,3,7,100.0,,False,535.999
11506,2.546,28.101,210.45,393.3364,-1,2,6,66.0,,False,449.999
11507,3.13,38.155,281.03,801.479,-1,3,8,96.5,,False,362.4163959941702
11508,3.458,21.521,163.1,283.0686,-1,4,4,96.8,,False,396.999
11513,3.911,27.037,202.47,392.1526,-1,1,7,79.7,,False,73.999
11515,0.276,27.516,202.54,800.4176,-1,1,9,97.8,,False,200.999
11518,3.061,32.014,238.45,474.3598,-1,2,9,99.4,,False,275.999
11520,2.433,23.325,177.83,251.2369,-1,1,6,97.8,,False,158.999
11523,3.248,41.766,307.23,882.5898,-1,4,10,93.7,,False,176.889
11525,1.074,33.501,247.69,647.1438,-1,2,7,100.0,,False,328.999
11526,0.438,29.116,223.87,217.0288,-1,1,10,96.2,,False,457.999
11528,2.399,19.856,151.86,234.0305,-1,3,4,86.8,,False,1047.999
11529,2.195,30.742,228.66,497.3482,-1,1,5,50.5,,False,662.999
11532,1.734,30.861,227.03,842.9982,-1,1,7,96.9,,False,626.4445555555556
11533,2.833,31.102,231.37,496.3731,-1,1,6,80.9,,False,1202.999
11534,1.599,30.099,223.13,568.2621,-1,2,7,100.0,,False,865.999
11535,3.249,28.131,209.82,447.2869,-1,2,5,97.0,,False,786.999
11536,2.838,31.066,231.92,437.3275,-1,2,6,97.0,,False,875.999
11538,3.931,33.476,247.54,642.4189,-1,2,7,98.5,,False,515.999
11548,3.208,25.507,191.97,339.2147,-1,2,6,94.4,,False,226.999
11549,2.47,28.954,215.71,467.2813,-1,2,3,54.2,,False,273.999
11551,3.736,32.204,239.36,513.3605,-1,2,7,68.1,,False,539.999
11554,2.912,33.853,250.41,634.3758,-1,3,4,93.7,,False,686.999
11561,4.092,40.539,298.87,768.5586,-1,5,6,52.5,,False,192.7778888888889
11565,4.294,34.272,253.55,629.4002,-1,2,7,88.2,,False,1062.999
11572,3.61,40.276,296.92,767.5339,-1,3,8,100.0,,False,428.999
11575,0.446,18.297,139.99,230.9959,-1,1,5,80.2,,False,669.999
11578,0.39,18.083,141.69,159.1011,-1,1,7,99.6,,False,514.999
11579,1.355,28.323,210.77,485.1528,-1,4,5,98.9,,False,428.999
11589,1.639,28.176,210.02,457.2807,-1,2,9,95.8,,False,276.6667777777778
11592,3.091,20.79,159.56,220.1682,-1,2,8,90.4,,False,337.999
11593,0.395,29.033,216.12,481.2426,-1,2,5,93.7,,False,221.999
11594,1.753,32.206,239.4,511.2749,-1,1,7,98.2,,False,187.999
11595,3.452,21.747,166.32,235.2047,-1,1,7,94.9,,False,297.999
11600,0.379,18.716,144.49,198.0713,-1,1,8,99.5,,False,181.999
11602,1.383,36.903,277.13,369.1757,-1,2,7,78.6,,False,586.999
11603,2.42,30.869,229.31,523.3644,-1,1,4,41.4,,False,1453.999
11606,0.509,24.632,189.4,215.0307,-1,1,6,90.9,,False,729.999
11608,0.98,26.089,214.78,94.9226,-1,1,8,83.1,,False,265.33344444444447
11610,3.921,29.703,221.5,453.3594,-1,1,3,42.8,,False,1166.999
11611,2.964,30.171,224.18,517.2561,-1,2,6,97.0,,False,605.889
11612,0.927,29.918,221.47,604.2623,-1,4,4,99.0,,False,2138.999
11613,4.492,32.606,241.08,645.1335,-1,6,3,100.0,,False,883.999
11614,1.88,21.762,165.68,257.1732,-1,2,4,100.0,,False,79.999
11617,4.72,38.654,286.12,621.4402,-1,2,9,98.8,,False,335.999
11620,2.417,32.107,238.47,528.3355,-1,2,4,46.9,,False,1267.999
11623,2.846,33.326,248.05,489.359,-1,2,3,58.6,,False,1581.999
11625,1.72,21.987,165.26,346.9266,-1,1,6,77.4,,False,324.999
11626,1.086,34.007,250.96,713.1176,-1,2,8,100.0,,False,312.999
11628,1.67,27.734,206.87,446.3251,-1,1,3,88.4,,False,1595.999
11629,2.456,22.537,172.8,225.2205,-1,1,4,66.6,,False,716.999
11630,0.938,28.02,209.5,413.1976,-1,2,6,96.8,,False,443.999
11631,1.344,23.393,176.22,329.113,-1,2,6,99.2,,False,552.999
11635,3.191,35.088,259.06,699.2896,-1,4,6,99.9,,False,455.999
11642,0.491,24.845,185.82,405.1328,-1,2,6,100.0,,False,433.999
11643,1.078,34.82,256.93,719.1349,-1,2,10,97.2,,False,395.999
11645,4.616,32.019,238.07,506.4287,-1,1,5,92.9,,False,708.2223333333334
11647,2.913,44.259,324.89,1021.6348,-1,3,8,88.2,,False,484.999
11649,1.925,30.807,228.62,545.2857,-1,4,7,97.3,,False,192.999
11652,0.68,25.391,188.22,556.8634,-1,1,16,88.3,,False,105.06408113956206
11657,1.615,16.855,131.61,166.0484,-1,1,7,99.4,,False,512.999
11658,1.272,13.598,106.11,164.8335,-1,1,5,65.8,,False,563.999
11660,1.202,22.49,170.29,290.1401,-1,1,6,87.4,,False,373.999
11661,1.51,25.331,189.94,375.1842,-1,1,7,87.6,,False,958.999
11664,2.709,33.938,250.92,648.355,-1,3,7,91.1,,False,242.999
11665,0.455,25.045,192.59,215.0313,-1,2,4,72.7,,False,1068.999
11666,2.787,31.509,233.59,570.323,-1,1,10,82.3,,False,283.999
11667,3.193,26.688,199.33,425.2193,-1,2,7,98.5,,False,423.999
11673,0.771,17.926,137.99,207.0278,-1,2,4,98.5,,False,341.999
11679,2.362,29.233,217.61,481.3513,-1,3,4,61.1,,False,1315.1112222222223
11680,2.315,31.451,233.46,539.3595,-1,1,4,69.7,,False,449.999
11681,2.707,23.534,178.03,297.3536,-1,2,4,82.8,,False,1265.999
11682,0.832,26.517,210.02,141.0144,-1,1,6,53.7,,False,579.999
11683,0.583,20.843,159.77,225.108,-1,1,6,99.6,,False,681.999
11686,2.641,25.762,193.89,339.3263,-1,1,3,38.6,,False,874.999
11689,0.482,35.329,271.91,215.033,-1,1,7,90.4,,False,755.999
11691,2.945,44.015,323.24,997.6311,-1,2,7,100.0,,False,606.999
11693,1.635,28.527,213.11,425.2897,-1,2,6,65.1,,False,517.999
11694,3.317,36.38,268.52,713.3748,-1,2,3,98.5,,False,641.999
11695,3.975,30.319,225.62,488.3795,-1,1,5,99.1,,False,336.999
11698,1.448,38.507,282.95,941.5886,-1,3,4,100.0,,False,1875.999
11699,2.47,26.929,202.66,341.2079,-1,2,7,99.1,,False,944.999
11701,2.469,22.963,174.51,268.263,-1,1,4,97.6,,False,429.999
11702,3.927,32.272,239.94,508.4732,-1,3,4,97.0,,False,550.999
11704,2.03,32.685,243.01,507.2807,-1,3,6,97.4,,False,190.999
11707,2.145,22.457,167.72,418.9729,-1,1,9,89.6,,False,418.79939737152773
11708,0.826,21.601,163.46,293.0112,-1,2,5,100.0,,False,143.999
11709,2.459,33.572,248.39,627.2209,-1,2,5,99.7,,False,650.999
11714,1.257,26.341,196.88,415.2175,-1,1,8,97.2,,False,356.999
11715,1.581,31.176,230.57,634.2114,-1,2,7,100.0,,False,642.999
11716,3.837,26.592,199.4,377.1344,-1,2,3,100.0,,False,1999.999
11717,3.848,35.951,265.59,679.4688,-1,3,4,67.2,,False,1071.999
11721,0.23,19.208,150.54,158.9599,-1,1,15,99.7,,False,30.990202554719758
11722,0.92,24.258,195.01,118.9666,-1,1,7,43.6,,False,217.11122222222235
11729,0.375,29.443,218.84,508.292,-1,2,5,100.0,,False,125.999
11732,3.041,27.684,207.0,411.3508,-1,2,3,75.2,,False,1251.7778888888888
11733,2.419,30.444,226.52,491.3373,-1,1,5,87.8,,False,857.999
11736,2.722,27.735,207.64,396.2671,-1,1,6,97.7,,False,764.999
11740,0.509,29.971,246.82,94.9234,-1,1,7,50.4,,False,160.999
11745,1.459,29.784,221.41,507.369,-1,2,4,59.3,,False,171.999
11749,3.302,46.749,342.89,1105.7485,-1,3,7,92.3,,False,885.999
11752,0.665,12.626,98.76,158.9094,-1,1,8,67.4,,False,179.66677777777784
11760,3.013,29.039,216.09,487.2817,-1,2,5,90.3,,False,1812.999
11762,4.464,43.226,317.14,1063.3836,-1,4,5,100.0,,False,539.999
11764,2.635,31.928,237.8,475.3425,-1,2,7,88.9,,False,866.999
11766,0.302,24.082,193.9,116.9695,-1,1,4,62.8,,False,614.6667777777778
11767,1.48,32.607,241.23,627.222,-1,1,5,97.4,,False,712.999
11772,1.445,39.91,293.11,977.5667,-1,4,4,100.0,,False,959.999
11773,3.724,33.41,247.13,632.3978,-1,3,8,97.5,,False,79.7778888888889
11774,2.681,31.911,236.42,587.2676,-1,6,7,98.2,,False,1314.999
11777,3.715,33.628,248.63,647.3536,-1,2,6,100.0,,False,572.999
11780,0.545,33.971,261.43,215.0316,-1,1,7,85.6,,False,520.999
11783,4.007,33.752,249.82,615.3869,-1,2,7,99.0,,False,621.999
11789,2.055,22.046,167.98,253.2155,-1,1,7,72.4,,False,405.999
11791,0.781,25.639,192.13,383.1516,-1,2,5,96.5,,False,538.999
11793,3.228,32.768,243.09,555.3579,-1,1,4,46.2,,False,1324.999
11794,0.588,23.481,192.78,96.9202,-1,1,9,89.3,,False,432.999
11795,1.687,31.585,233.91,595.3858,-1,2,6,99.3,,False,483.999
11805,0.52,25.409,195.4,215.0324,-1,1,6,81.2,,False,1134.999
11807,2.542,42.668,313.36,989.5263,-1,4,4,100.0,,False,1927.999
11808,0.35,31.498,232.06,772.9187,-1,3,9,97.3,,False,177.999
11810,1.859,32.764,243.26,537.3259,-1,2,8,97.9,,False,125.999
11812,2.048,32.255,239.07,575.3632,-1,2,6,91.9,,False,539.999
11816,3.109,34.024,251.69,632.3909,-1,2,4,66.5,,False,274.999
11820,1.698,24.83,186.66,349.1636,-1,2,4,96.6,,False,68.999
11822,3.045,26.462,197.34,447.1701,-1,2,7,99.9,,False,370.999
11823,2.48,41.715,311.7,433.2362,-1,2,6,98.0,,False,1172.999
11824,2.815,31.604,234.8,522.3897,-1,1,4,42.0,,False,1329.999
11825,1.359,37.665,282.17,397.2058,-1,2,5,74.4,,False,744.999
11827,3.268,35.706,263.89,665.5131,-1,2,4,100.0,,False,1237.999
11828,1.965,25.484,191.42,357.1335,-1,2,3,100.0,,False,842.999
11833,0.617,33.026,272.7,92.9262,-1,1,11,95.8,,False,233.88899999999998
11834,3.813,33.56,248.76,576.4749,-1,3,4,66.3,,False,270.6667777777778
11835,2.116,20.042,154.81,197.1885,-1,1,5,98.5,,False,639.999
11837,2.544,30.97,229.8,548.2995,-1,1,8,98.3,,False,582.999
11840,1.461,24.531,184.91,325.1556,-1,2,4,99.7,,False,586.999
11841,1.076,30.068,222.93,565.0776,-1,3,5,100.0,,False,580.999
11842,0.522,30.28,224.19,600.2302,-1,2,8,100.0,,False,495.999
11844,3.355,39.615,291.53,854.5069,-1,2,4,66.3,,False,1402.999
11845,3.513,33.056,244.82,597.3479,-1,2,4,100.0,,False,219.999
11846,2.436,21.563,165.35,224.1724,-1,1,5,72.4,,False,326.999
11848,1.856,31.481,233.2,589.2181,-1,3,8,99.3,,False,409.999
11851,2.597,26.804,200.65,396.2578,-1,1,8,98.4,,False,374.999
11852,1.146,26.89,202.58,331.9754,-1,1,8,88.1,,False,45.44455555555558
11853,4.475,34.623,256.4,601.4868,-1,3,9,92.4,,False,119.10372523790113
11856,1.317,22.711,179.79,141.0133,-1,1,5,43.4,,False,512.999
11859,0.442,27.928,207.13,551.0345,-1,1,9,96.9,,False,412.999
11862,3.732,21.355,160.82,329.1629,-1,1,3,67.5,,False,1657.999
11863,1.524,33.367,246.61,658.3628,-1,2,6,100.0,,False,805.999
11868,2.798,31.742,235.32,570.3221,-1,1,4,54.0,,False,1298.999
11869,3.704,25.503,190.9,395.2437,-1,3,6,99.2,,False,371.999
11871,3.01,30.074,224.12,463.4825,-1,2,4,100.0,,False,1811.999
11872,3.374,41.316,303.96,870.622,-1,2,4,73.3,,False,261.999
11874,3.734,26.124,196.86,329.0456,-1,2,4,100.0,,False,1103.999
11875,2.511,28.442,211.82,472.2475,-1,1,5,99.5,,False,395.999
11878,1.269,26.973,201.14,448.4449,-1,1,3,75.8,,False,882.999
11880,1.681,19.835,152.49,213.1009,-1,1,6,88.3,,False,403.999
11884,3.042,27.889,208.07,443.1044,-1,1,6,85.4,,False,604.999
11886,1.077,29.585,219.92,507.1204,-1,3,5,100.0,,False,734.999
11887,2.738,42.269,310.94,882.5369,-1,4,3,100.0,,False,342.999
11888,1.28,36.63,275.13,367.1566,-1,2,7,98.5,,False,122.999
11892,3.562,27.032,202.68,378.3438,-1,1,10,96.6,,False,141.999
11893,2.944,42.642,317.74,478.2906,-1,2,6,81.3,,False,105.999
11896,0.799,19.137,145.64,256.9313,-1,1,6,98.5,,False,119.999
11897,1.739,30.927,227.55,834.97,-1,1,5,96.5,,False,819.999
11899,2.411,22.107,165.69,375.9477,-1,5,3,100.0,,False,2578.999
11902,2.935,29.913,222.26,516.3126,-1,2,5,71.3,,False,671.999
11913,2.05,31.171,231.15,562.2156,-1,2,8,100.0,,False,887.999
11914,2.297,32.043,236.11,769.0806,-1,1,7,91.5,,False,554.999
11915,4.078,35.773,264.15,694.4842,-1,3,6,67.7,,False,67.95997838777049
11916,2.781,30.369,225.99,488.3458,-1,1,6,45.1,,False,363.999
11917,0.569,22.206,182.29,96.92,-1,1,8,73.2,,False,499.999
11918,2.091,30.164,223.99,528.9692,-1,2,8,96.8,,False,311.0670530851802
11919,2.449,22.218,168.86,267.1142,-1,1,8,97.2,,False,585.999
11920,2.127,22.019,163.93,464.9271,-1,1,7,98.7,,False,111.999
11921,1.409,26.99,201.67,420.2425,-1,2,9,100.0,,False,353.999
11926,2.305,39.344,291.58,589.0182,-1,1,6,72.2,,False,907.5402133317547
11930,0.554,23.033,173.09,349.9959,-1,1,8,97.8,,False,244.999
11931,3.716,41.042,302.06,853.6162,-1,1,5,44.0,,False,526.999
11934,0.657,23.797,178.22,386.9416,-1,1,10,71.1,,False,301.889
11937,0.432,24.976,185.97,468.9465,-1,1,11,94.4,,False,205.999
11938,1.951,27.248,203.59,420.2798,-1,2,4,97.7,,False,552.999
11940,3.329,23.375,175.02,389.0334,-1,2,3,100.0,,False,1931.999
11941,3.279,33.503,248.03,609.3982,-1,2,3,47.1,,False,1835.999
11943,1.366,25.418,189.63,439.1198,-1,2,8,98.4,,False,619.999
11944,2.487,22.228,169.45,251.1997,-1,1,9,99.6,,False,578.999
11947,1.326,36.271,267.39,759.3201,-1,2,5,98.7,,False,765.999
11954,0.277,27.512,202.81,734.4706,-1,1,13,92.2,,False,197.999
11955,3.413,31.666,235.9,470.3965,-1,2,5,68.1,,False,1766.999
11961,2.91,34.328,254.0,626.4105,-1,4,5,52.5,,False,937.999
11962,3.176,36.206,267.34,698.4033,-1,6,3,82.9,,False,86.999
11964,2.128,23.716,180.34,265.1492,-1,1,8,74.3,,False,55.466974893687166
11966,1.54,20.521,155.98,264.8344,-1,1,5,95.3,,False,524.999
11970,1.521,30.036,223.25,510.3424,-1,1,5,93.2,,False,1444.999
11975,0.371,24.07,180.24,389.089,-1,2,5,100.0,,False,368.999
11978,3.561,34.329,253.85,644.3958,-1,3,8,98.6,,False,428.1112222222222
11981,3.639,27.133,203.21,391.2471,-1,2,9,93.2,,False,246.999
11987,2.149,25.742,193.43,354.2656,-1,1,7,81.8,,False,48.88899999999998
11988,1.402,30.368,225.46,534.3107,-1,2,5,86.9,,False,1036.999
11990,2.664,34.288,254.0,594.4391,-1,1,5,74.3,,False,1021.999
11998,4.065,21.091,159.84,282.9936,-1,2,4,100.0,,False,679.999
12001,0.755,29.755,220.74,550.2264,-1,1,9,96.5,,False,89.999
12002,2.751,29.36,218.66,473.348,-1,2,6,67.4,,False,573.999
12004,2.156,29.802,222.82,415.3218,-1,2,8,90.1,,False,674.999
12007,1.664,35.558,286.59,116.9695,-1,1,10,98.9,,False,337.999
12008,1.218,30.349,224.94,573.1725,-1,2,9,97.6,,False,556.999
12011,2.051,30.37,225.87,499.2383,-1,2,4,86.8,,False,1139.999
12014,1.854,20.42,156.67,221.1508,-1,1,4,63.8,,False,728.999
12016,1.282,35.754,263.82,721.4081,-1,2,8,100.0,,False,249.999
12021,2.37,31.509,234.5,487.3465,-1,2,7,99.5,,False,520.999
12022,1.176,32.294,238.64,660.3435,-1,3,5,100.0,,False,483.999
12025,3.41,35.067,259.48,626.4736,-1,2,7,84.7,,False,534.999
12026,1.966,28.704,213.89,463.2692,-1,2,5,75.3,,False,214.999
12027,1.075,34.524,254.91,695.1724,-1,1,9,98.8,,False,426.999
12028,1.958,28.681,214.01,442.296,-1,2,5,71.0,,False,212.999
12030,1.864,31.625,235.26,495.2815,-1,2,6,99.4,,False,341.999
12033,3.244,31.656,235.91,465.2993,-1,2,6,95.7,,False,1051.999
12037,0.25,16.065,135.95,75.0068,-1,1,8,99.4,,False,58.999
12040,0.515,21.471,162.02,313.0018,-1,1,5,97.3,,False,310.999
12043,3.331,39.038,287.84,759.5725,-1,1,7,49.1,,False,514.6667777777777
12044,0.356,20.654,157.73,241.0672,-1,1,4,90.4,,False,1087.999
12046,1.349,23.629,182.74,195.0272,-1,1,6,98.8,,False,162.999
12047,2.757,28.818,214.99,445.3669,-1,2,5,53.7,,False,394.999
12048,2.216,28.877,214.97,479.2218,-1,2,6,100.0,,False,198.999
12049,1.682,33.053,245.15,561.2571,-1,2,5,100.0,,False,967.999
12050,3.861,41.659,306.53,859.694,-1,3,8,81.1,,False,185.66677777777784
12051,2.33,24.755,183.35,575.9242,-1,2,6,92.6,,False,499.999
12052,3.811,36.008,267.04,567.3714,-1,2,6,100.0,,False,368.999
12055,1.901,25.458,191.44,347.1299,-1,2,5,96.9,,False,470.999
12059,3.106,20.88,160.13,223.1679,-1,2,6,99.7,,False,161.999
12065,2.982,28.194,210.1,461.3631,-1,2,6,98.2,,False,328.999
12072,2.204,19.735,147.14,435.9869,-1,1,6,98.0,,False,466.999
12075,1.506,15.776,124.49,144.0426,-1,1,5,50.8,,False,708.999
12077,1.866,24.236,181.85,366.9004,-1,1,5,88.5,,False,1550.999
12079,3.111,29.68,218.92,718.957,-1,2,7,97.3,,False,259.999
12085,1.271,25.473,191.39,355.2469,-1,2,3,79.8,,False,870.999
12089,2.928,25.492,188.21,670.1,-1,2,3,58.7,,False,714.999
12094,3.003,28.641,214.19,411.3106,-1,2,3,62.4,,False,1239.999
12097,3.612,25.429,190.61,379.1578,-1,3,4,100.0,,False,122.999
12098,3.797,28.21,208.7,618.0035,-1,1,7,92.3,,False,540.999
12100,1.6,37.925,279.38,797.4359,-1,2,5,100.0,,False,148.999
12103,3.804,24.303,184.95,261.2574,-1,1,8,99.5,,False,295.999
12104,2.478,29.181,218.11,418.3403,-1,1,5,78.2,,False,694.999
12105,2.54,24.835,186.99,335.2567,-1,2,8,73.0,,False,466.999
12106,1.184,18.199,140.3,202.0261,-1,1,10,99.6,,False,241.999
12108,2.206,28.624,211.3,686.9791,-1,2,8,98.3,,False,613.999
12109,0.821,22.22,182.4,96.9199,-1,1,8,52.3,,False,352.999
12114,1.265,29.5,221.42,369.1731,-1,2,3,52.6,,False,2289.999
12117,0.37,17.81,145.1,103.0533,-1,1,8,95.4,,False,416.999
12118,3.872,32.191,238.49,587.3297,-1,4,8,97.5,,False,751.999
12121,1.359,30.496,225.67,615.102,-1,3,9,99.1,,False,540.999
12127,4.405,30.57,228.35,429.3363,-1,2,8,98.0,,False,317.999
12128,1.99,29.221,217.96,448.3086,-1,1,5,82.9,,False,531.999
12129,2.615,30.952,229.88,526.385,-1,1,5,62.4,,False,1715.999
12130,0.426,18.575,155.96,79.9549,-1,1,7,98.8,,False,149.999
12132,2.042,28.932,216.17,423.2544,-1,2,5,99.5,,False,485.999
12134,1.112,18.351,139.76,251.9641,-1,1,7,98.7,,False,618.999
12135,3.628,34.032,251.84,622.4111,-1,1,3,51.7,,False,167.999
12136,1.836,23.03,179.09,179.1045,-1,1,5,99.0,,False,923.999
12137,1.983,16.471,124.88,273.9981,-1,1,8,90.1,,False,281.889
12141,2.618,35.958,265.42,709.4257,-1,3,5,82.4,,False,1193.999
12143,3.6,46.091,338.21,1058.7842,-1,7,8,89.2,,False,108.999
12145,2.469,32.047,238.09,522.3811,-1,1,6,79.0,,False,1258.999
12146,1.98,19.797,153.74,181.1575,-1,1,7,95.6,,False,732.999
12147,1.753,20.342,154.19,281.1306,-1,1,7,95.7,,False,737.999
12153,0.379,30.605,225.78,714.9596,-1,2,8,88.7,,False,258.999
12154,1.077,40.174,295.34,915.299,-1,3,5,99.6,,False,517.999
12156,4.295,27.935,209.13,397.3675,-1,2,3,92.8,,False,1057.999
12157,3.009,25.36,190.61,351.2898,-1,2,4,49.0,,False,601.999
12159,2.522,19.766,153.51,181.1575,-1,1,9,90.2,,False,564.999
12160,1.016,29.587,220.51,461.2897,-1,2,5,99.3,,False,1774.999
12164,3.552,33.28,246.86,557.4599,-1,2,5,98.9,,False,1300.2302230459031
12165,4.361,46.306,340.01,1011.853,-1,3,8,98.7,,False,310.999
12169,2.056,29.706,220.71,517.2623,-1,2,5,86.4,,False,820.999
12172,0.681,13.977,109.55,155.8636,-1,1,8,88.9,,False,167.999
12178,2.567,31.617,234.41,568.3073,-1,2,4,100.0,,False,1212.999
12179,3.643,39.622,291.53,861.3612,-1,4,7,96.7,,False,569.999
12183,1.887,26.39,197.95,373.2372,-1,1,6,87.3,,False,314.999
12186,3.731,24.658,184.47,401.086,-1,2,4,99.9,,False,1446.999
12187,2.718,33.996,252.19,559.4738,-1,2,3,43.1,,False,1394.999
12188,0.963,28.189,209.96,469.247,-1,2,9,97.9,,False,267.999
12192,3.443,23.461,174.23,513.9749,-1,1,6,99.0,,False,705.999
12193,2.736,30.684,228.38,486.2858,-1,1,4,48.2,,False,251.999
12197,2.232,27.057,202.57,395.2797,-1,2,5,89.2,,False,758.999
12199,0.575,34.789,267.74,215.0314,-1,1,9,92.9,,False,552.999
12200,4.169,31.95,236.55,603.3258,-1,2,7,97.6,,False,499.999
12205,2.169,31.879,236.81,525.2857,-1,3,6,100.0,,False,964.999
12208,2.384,32.513,241.25,550.3197,-1,2,5,97.6,,False,1194.999
12210,1.056,24.383,182.02,428.9312,-1,2,7,85.8,,False,102.999
12211,4.575,33.633,248.59,655.4236,-1,2,7,97.4,,False,710.3534551921549
12213,1.258,28.356,211.25,466.2582,-1,2,6,98.9,,False,278.999
12214,0.347,17.641,145.02,94.9243,-1,1,9,99.7,,False,622.999
12218,2.609,29.232,217.75,469.2342,-1,2,8,100.0,,False,302.889
12221,3.787,31.631,235.16,508.4075,-1,1,5,52.6,,False,862.999
12222,4.29,28.474,212.53,436.3496,-1,1,5,54.4,,False,1732.8844843919726
12226,3.711,41.042,301.95,871.6306,-1,1,3,51.0,,False,303.999
12230,2.813,43.084,316.66,931.6285,-1,2,6,76.1,,False,336.999
12231,0.599,24.112,181.49,337.0367,-1,2,6,100.0,,False,1865.999
12233,0.276,21.617,164.28,266.8027,-1,1,7,96.4,,False,360.999
12236,0.519,25.175,188.57,386.9417,-1,1,9,97.3,,False,299.55662571665823
12241,0.872,20.646,159.11,204.9675,-1,1,6,74.2,,False,491.999
12243,2.426,40.069,295.07,820.5724,-1,3,3,52.5,,False,731.999
12244,3.633,30.435,445.53,609.865,-2,3,4,98.7,,False,755.999
12246,2.247,25.906,194.42,367.2843,-1,1,4,88.2,,False,1296.6667777777777
12248,2.332,21.997,171.72,168.9861,-1,1,7,97.6,,False,594.889
12251,0.533,19.211,148.86,187.1315,-1,1,6,99.5,,False,370.999
12252,0.579,22.457,170.28,280.8947,-1,1,10,61.4,,False,330.999
12253,1.692,28.961,215.66,474.3145,-1,1,5,87.0,,False,211.999
12263,2.603,33.58,248.88,580.4278,-1,1,4,82.2,,False,1077.999
12264,3.613,40.537,298.56,814.6385,-1,2,4,99.9,,False,644.999
12265,3.598,31.092,455.18,609.8645,-2,3,5,100.0,,False,632.999
12266,2.575,12.193,102.33,78.9569,-1,1,10,66.4,,False,237.55566666666667
12268,2.544,30.071,223.68,496.3357,-1,2,6,91.3,,False,622.999
12269,1.736,24.169,179.68,494.9681,-1,1,7,98.4,,False,247.999
12270,2.912,32.131,238.14,576.3312,-1,2,8,83.0,,False,243.999
12271,1.098,16.771,131.36,159.0537,-1,1,6,99.4,,False,533.999
12273,0.845,28.644,235.87,94.9219,-1,1,6,96.5,,False,299.999
12274,4.288,32.265,238.08,713.133,-1,3,5,100.0,,False,859.999
12275,3.434,18.232,137.19,330.9789,-1,1,7,98.8,,False,334.999
12276,0.506,23.618,178.43,306.9346,-1,1,13,99.5,,False,267.999
12278,1.895,30.556,226.63,556.3335,-1,1,6,69.1,,False,807.999
12280,0.248,28.15,207.98,656.8349,-1,1,13,86.0,,False,5.44455555555561
12282,4.028,25.403,190.57,370.1816,-1,1,9,98.7,,False,44.22233333333331
12283,2.746,33.838,250.62,598.3791,-1,2,5,95.1,,False,547.999
12284,4.335,27.092,202.65,406.2876,-1,3,3,52.5,,False,339.999
12285,2.192,20.918,155.64,471.9778,-1,1,9,96.6,,False,388.2223333333333
12288,0.552,23.628,178.7,299.1383,-1,2,5,99.1,,False,453.999
12292,1.289,31.323,232.07,585.1732,-1,2,6,98.2,,False,739.999
12294,2.152,28.325,211.36,441.3226,-1,2,5,87.6,,False,574.7778888888889
12295,2.534,23.486,178.05,283.2612,-1,2,4,82.4,,False,110.11122222222218
12297,3.691,35.262,260.49,679.4174,-1,1,6,69.3,,False,903.999
12300,1.364,21.72,162.51,394.8495,-1,1,8,95.8,,False,393.999
12303,0.465,17.263,132.34,221.9076,-1,1,8,97.5,,False,343.999
12304,0.377,16.762,131.35,158.0582,-1,2,7,95.4,,False,358.999
12305,1.974,32.847,241.26,944.9986,-1,1,4,77.7,,False,801.5556666666666
12306,1.531,22.026,167.51,263.1999,-1,1,6,98.0,,False,365.999
12307,3.495,30.298,229.85,283.2624,-1,1,8,99.3,,False,437.999
12312,4.162,27.901,208.42,425.1121,-1,3,6,82.9,,False,333.999
12316,1.083,30.817,230.26,425.1168,-1,2,8,94.3,,False,378.999
12317,2.127,25.532,192.95,306.2039,-1,2,8,99.0,,False,327.999
12320,2.906,42.797,319.4,452.2763,-1,2,6,89.9,,False,775.999
12323,1.253,21.21,162.51,227.1052,-1,1,6,93.8,,False,1201.999
12326,2.269,27.414,204.8,423.2509,-1,2,5,99.4,,False,537.7778888888888
12328,0.888,17.011,131.66,188.9358,-1,1,7,82.9,,False,474.999
12331,0.539,32.538,241.11,583.2562,-1,2,5,100.0,,False,842.999
12333,0.551,17.49,136.41,169.063,-1,1,5,98.4,,False,370.999
12338,1.849,31.276,231.94,560.2622,-1,2,6,95.4,,False,537.999
12344,3.125,25.31,190.61,333.2413,-1,1,9,97.4,,False,28.777888888888896
12345,0.463,25.071,187.79,386.9409,-1,1,7,73.9,,False,365.999
12346,1.218,25.837,193.97,363.2177,-1,2,6,100.0,,False,908.999
12347,0.853,23.804,179.83,307.1541,-1,1,9,99.2,,False,249.999
12348,2.075,30.231,224.39,539.3071,-1,1,7,97.1,,False,802.1112222222222
12349,1.516,29.502,219.38,501.3064,-1,2,4,89.6,,False,705.999
12352,1.418,20.941,160.21,233.1525,-1,1,10,97.7,,False,336.999
12355,3.069,28.522,213.92,376.3296,-1,1,9,74.8,,False,171.44455555555555
12358,3.631,31.479,230.91,1026.9491,-1,2,9,99.5,,False,364.7109732160728
12362,2.482,29.867,221.98,511.2089,-1,2,8,97.0,,False,404.999
12367,2.16,21.565,164.44,249.1115,-1,1,7,99.4,,False,218.999
12368,1.479,19.299,148.0,222.0916,-1,1,3,97.9,,False,909.999
12369,3.106,28.259,211.22,417.3362,-1,2,5,55.8,,False,814.999
12370,1.148,27.949,210.66,328.9708,-1,1,6,86.9,,False,178.999
12371,0.567,23.452,175.28,410.9054,-1,1,6,86.4,,False,244.77788888888887
12374,0.513,27.573,205.54,455.2296,-1,2,7,98.8,,False,448.999
12375,1.848,27.83,208.2,405.265,-1,2,6,78.6,,False,527.999
12378,0.399,22.788,172.13,307.1265,-1,1,6,98.0,,False,610.999
12379,0.905,23.633,178.03,329.1122,-1,2,6,100.0,,False,665.999
12380,3.292,23.247,176.7,267.2669,-1,1,8,98.5,,False,262.999
12381,1.992,20.94,160.59,223.1678,-1,2,8,85.3,,False,273.999
12383,4.445,47.257,346.65,1092.8633,-1,4,6,97.0,,False,502.999
12385,1.087,25.007,186.79,421.1299,-1,1,9,98.9,,False,516.999
12387,4.001,25.663,191.1,469.0368,-1,2,9,98.9,,False,418.999
12389,1.905,26.56,198.59,411.2027,-1,2,7,98.6,,False,237.889
12391,2.747,42.907,315.22,966.5924,-1,4,4,100.0,,False,438.999
12392,3.322,35.881,263.42,988.9693,-1,2,4,100.0,,False,129.999
12395,1.214,20.868,156.99,336.8891,-1,1,7,97.4,,False,512.999
12396,3.532,27.365,201.91,697.9595,-1,1,7,98.3,,False,465.999
12399,1.283,31.988,236.86,601.2048,-1,2,8,98.6,,False,600.999
12401,3.093,26.736,200.02,403.263,-1,1,3,69.9,,False,467.889
12402,1.136,26.231,196.68,377.2087,-1,3,5,99.2,,False,558.999
12405,3.226,29.138,428.35,439.4806,-2,3,3,70.6,,False,674.999
12409,2.513,32.124,238.25,560.2042,-1,2,7,98.0,,False,126.999
12410,0.387,24.191,182.04,339.2146,-1,2,6,98.9,,False,282.999
12411,2.47,39.693,291.92,889.4659,-1,2,6,91.2,,False,883.999
12412,2.867,23.61,177.7,337.1313,-1,2,9,99.6,,False,447.0001111111111
12414,2.095,29.904,222.69,475.305,-1,1,6,86.0,,False,735.999
12416,2.669,37.28,274.88,753.4748,-1,3,5,52.5,,False,453.999
12420,0.596,15.728,125.64,124.9766,-1,1,4,98.7,,False,1869.999
12421,1.669,23.167,176.52,254.1035,-1,1,8,83.9,,False,445.999
12422,1.353,32.845,242.31,721.1495,-1,2,6,99.5,,False,605.999
12425,0.573,31.662,243.63,215.0303,-1,1,6,76.1,,False,455.999
12432,2.733,42.196,310.17,928.5734,-1,2,7,98.2,,False,576.999
12433,3.675,27.695,207.13,409.2745,-1,2,5,100.0,,False,401.999
12434,3.448,35.946,266.06,620.5999,-1,2,4,60.3,,False,277.999
12441,3.96,27.474,203.84,543.058,-1,3,8,98.7,,False,594.999
12445,2.921,28.464,212.04,468.2491,-1,1,9,89.7,,False,320.999
12448,0.389,24.451,185.27,287.1375,-1,2,5,98.5,,False,370.999
12449,4.455,32.282,239.87,520.4094,-1,1,3,36.4,,False,268.999
12451,1.866,33.975,250.91,687.3425,-1,3,4,100.0,,False,1251.999
12453,2.496,19.874,151.99,234.0575,-1,2,4,97.4,,False,955.999
12454,1.077,17.415,133.27,228.8759,-1,1,5,99.2,,False,739.999
12457,3.23,41.24,303.53,848.6421,-1,3,6,66.6,,False,7.2223333333332675
12458,2.572,28.87,214.83,487.2106,-1,2,6,97.2,,False,386.999
12459,1.745,27.732,207.6,397.2737,-1,2,5,97.1,,False,437.999
12461,3.423,33.099,245.14,596.3718,-1,2,5,72.1,,False,166.999
12465,1.84,31.583,235.12,483.243,-1,2,4,95.2,,False,466.999
12466,3.521,37.539,276.64,779.4348,-1,5,4,100.0,,False,134.999
12467,2.539,24.08,181.92,307.2256,-1,2,7,92.1,,False,230.999
12469,4.257,21.106,159.95,282.9937,-1,2,6,99.9,,False,1322.999
12476,2.432,27.873,208.88,385.2955,-1,2,10,87.9,,False,777.7454541171389
12485,2.666,28.316,211.08,456.2732,-1,1,6,94.0,,False,594.999
12490,3.122,23.566,178.77,279.2661,-1,2,4,98.9,,False,418.999
12494,0.381,20.722,171.74,89.0221,-1,1,5,98.8,,False,538.999
12495,2.781,30.567,227.58,480.3409,-1,1,3,53.8,,False,1781.999
12497,3.34,30.946,229.76,533.2864,-1,3,6,84.0,,False,1313.999
12505,2.326,15.587,124.79,122.0699,-1,1,7,68.2,,False,296.999
12506,3.555,32.599,242.53,495.3169,-1,2,6,100.0,,False,395.999
12508,3.179,26.264,197.0,373.0451,-1,3,4,99.0,,False,808.999
12509,4.158,35.874,264.97,686.5367,-1,2,4,58.7,,False,1077.6667777777777
12513,2.863,29.67,225.21,279.2325,-1,1,9,98.0,,False,174.999
12514,1.942,23.173,175.45,291.0673,-1,2,5,100.0,,False,180.999
12516,3.458,31.262,231.88,556.3426,-1,2,8,99.8,,False,575.999
12518,2.688,21.691,165.75,239.2376,-1,1,8,99.6,,False,238.999
12523,2.272,25.914,195.56,317.211,-1,2,7,98.6,,False,482.999
12525,3.275,20.882,159.15,251.0455,-1,1,7,97.1,,False,451.999
12527,3.035,32.099,238.47,523.3983,-1,3,3,82.4,,False,1726.999
12531,3.244,31.285,232.26,535.2808,-1,2,4,92.7,,False,1343.999
12535,1.944,30.197,224.43,512.3305,-1,1,8,98.1,,False,466.999
12537,1.732,32.346,240.68,493.263,-1,4,4,75.1,,False,1175.999
12541,2.146,30.112,223.69,521.3095,-1,1,3,96.5,,False,168.999
12544,3.237,21.834,165.93,267.0789,-1,1,3,98.2,,False,1314.999
12546,2.068,33.182,245.6,613.399,-1,2,3,100.0,,False,147.999
12548,1.66,31.526,233.34,611.2104,-1,2,7,98.9,,False,298.999
12550,4.43,32.498,240.73,591.3596,-1,3,6,92.8,,False,1133.999
12551,4.15,40.607,298.56,905.5278,-1,5,5,99.2,,False,662.999
12556,1.933,28.136,209.97,439.3059,-1,2,7,91.2,,False,959.999
12559,2.63,24.541,359.59,537.7843,-2,3,4,98.5,,False,624.999
12560,2.518,28.18,211.49,369.1927,-1,1,8,96.0,,False,374.999
12565,3.161,27.873,207.76,457.2362,-1,1,3,40.7,,False,1423.999
12566,0.632,29.576,219.5,541.0456,-1,3,6,100.0,,False,215.999
12567,0.627,22.235,169.36,255.2311,-1,1,3,48.5,,False,588.999
12572,2.745,34.677,256.62,623.4546,-1,3,4,52.5,,False,995.999
12573,2.205,35.646,265.02,512.9619,-1,2,4,96.6,,False,812.999
12575,3.181,24.448,183.63,357.0135,-1,3,3,85.2,,False,1036.999
12578,1.818,22.608,171.37,283.1084,-1,1,5,71.6,,False,428.1112222222223
12579,3.161,37.514,277.46,643.3864,-1,2,7,100.0,,False,354.999
12582,3.282,27.751,207.63,403.3216,-1,2,4,55.7,,False,1556.999
12583,2.604,27.616,206.82,392.2881,-1,2,3,44.9,,False,607.999
12584,2.4,36.426,266.94,1140.9739,-1,2,5,97.6,,False,1395.999
12585,0.47,29.392,217.07,672.9456,-1,1,9,98.2,,False,253.999
12586,2.094,20.392,152.55,393.9803,-1,1,4,92.6,,False,804.999
12587,2.415,24.721,184.45,436.8192,-1,1,6,97.7,,False,740.999
12592,1.472,23.364,175.88,335.1858,-1,1,8,89.3,,False,670.999
12598,2.608,19.884,152.7,217.0713,-1,2,7,86.2,,False,330.77788888888887
12603,1.103,17.418,133.24,230.8734,-1,1,5,99.3,,False,778.999
12606,0.894,18.229,140.5,203.0219,-1,1,6,99.6,,False,311.999
12610,1.695,29.69,220.81,498.3418,-1,1,4,89.3,,False,1328.999
12611,0.43,24.608,185.06,345.1685,-1,1,3,92.1,,False,497.999
12612,0.335,21.321,162.23,260.0554,-1,1,8,91.4,,False,627.999
12613,1.008,30.024,247.26,94.9227,-1,1,7,72.7,,False,74.33344444444444
12622,1.954,20.401,158.45,181.1579,-1,1,6,97.4,,False,707.999
12624,2.737,31.089,231.52,476.2788,-1,2,5,97.9,,False,517.999
12625,0.566,23.059,174.0,315.0977,-1,1,5,99.1,,False,321.999
12628,1.328,17.961,136.87,248.9002,-1,1,7,72.0,,False,216.999
12629,2.52,25.29,189.98,357.1588,-1,2,7,95.2,,False,338.999
12634,2.18,24.44,183.55,358.1094,-1,2,3,95.0,,False,293.999
12635,0.705,25.334,188.0,532.901,-1,1,11,92.7,,False,94.60245719832778
12637,4.507,45.478,333.79,1034.7662,-1,3,10,93.7,,False,35.7706251684987
12641,0.517,23.678,182.05,215.0311,-1,1,5,73.6,,False,185.999
12643,1.413,21.06,159.18,300.635,-1,1,5,96.9,,False,712.999
12644,2.424,38.132,281.12,763.4583,-1,3,5,99.8,,False,595.999
12646,3.354,43.412,318.94,961.6357,-1,2,5,100.0,,False,918.999
12647,1.072,39.141,287.81,897.2746,-1,4,6,88.2,,False,986.999
12651,1.59,20.253,153.41,285.1158,-1,1,5,74.9,,False,434.999
12653,2.393,29.531,219.58,501.1483,-1,1,3,96.7,,False,2308.8612745081373
12654,0.591,15.81,123.69,161.0356,-1,1,3,82.3,,False,2084.999
12659,1.98,17.691,132.99,338.0014,-1,1,8,77.8,,False,445.44455555555555
12660,3.224,31.452,233.81,509.5304,-1,2,4,95.9,,False,1228.999
12663,0.752,28.753,214.41,451.1773,-1,2,9,97.8,,False,327.999
12666,2.649,29.788,222.05,458.3378,-1,1,4,53.7,,False,411.999
12669,0.552,27.195,201.69,550.9524,-1,1,7,94.4,,False,124.999
12670,2.537,29.718,221.89,433.2384,-1,1,7,98.8,,False,620.999
12671,3.027,27.342,204.26,423.2503,-1,2,5,98.6,,False,416.999
12675,2.412,21.854,165.64,283.0839,-1,1,7,66.5,,False,361.999
12677,3.754,38.505,283.53,817.3352,-1,4,8,98.2,,False,537.999
12679,0.565,26.711,205.33,217.0273,-1,1,9,73.0,,False,439.999
12681,2.843,42.647,313.42,942.5896,-1,3,8,98.2,,False,249.999
12682,1.427,29.865,220.09,756.9602,-1,1,7,94.9,,False,117.11122222222224
12684,2.316,30.633,227.42,535.3112,-1,2,4,98.2,,False,879.999
12685,1.272,27.841,207.12,489.282,-1,2,4,100.0,,False,714.999
12694,0.246,18.932,142.48,330.8409,-1,1,6,62.0,,False,614.999
12699,2.294,26.664,199.9,379.3192,-1,2,4,54.1,,False,752.999
12703,3.373,32.816,243.51,550.418,-1,1,4,46.6,,False,1495.999
12704,0.708,29.145,216.37,533.2736,-1,1,6,97.2,,False,127.999
12706,0.276,27.627,203.65,736.4663,-1,1,9,94.0,,False,293.999
12707,1.046,14.009,109.9,153.8655,-1,1,4,99.3,,False,814.999
12713,0.562,36.095,277.83,215.0293,-1,1,7,99.2,,False,440.999
12715,1.836,30.409,226.19,496.3644,-1,1,3,60.3,,False,1338.999
12716,3.136,27.76,207.38,423.3491,-1,2,4,51.7,,False,754.1112222222222
12717,0.304,22.007,164.16,434.8423,-1,1,8,90.4,,False,52.53520915968227
12719,0.877,2.629,21.1,94.9249,-1,1,6,89.9,,False,401.2223333333333
12722,1.838,20.18,154.86,220.1447,-1,1,5,43.8,,False,375.4445555555556
12727,3.149,23.935,181.95,267.1929,-1,1,8,94.8,,False,387.999
12731,1.579,35.572,262.57,709.3196,-1,2,3,100.0,,False,881.999
12733,1.204,32.127,237.82,609.1643,-1,2,5,99.5,,False,343.999
12734,1.685,27.467,205.38,411.2209,-1,2,8,77.0,,False,548.999
12735,2.114,39.43,290.13,859.4373,-1,4,9,100.0,,False,322.999
12737,1.399,28.079,209.35,453.1559,-1,2,4,100.0,,False,536.999
12740,0.7,21.693,164.98,262.927,-1,1,11,80.3,,False,140.66677777777775
12742,2.045,32.236,238.74,597.2764,-1,2,4,96.5,,False,1316.999
12746,1.177,25.411,209.18,94.9231,-1,1,11,96.6,,False,11.302457675777305
12750,3.679,25.697,193.16,351.2171,-1,2,4,100.0,,False,482.999
12751,3.828,29.729,222.13,423.3463,-1,1,4,97.4,,False,1098.999
12752,2.634,33.712,249.43,626.4111,-1,3,6,72.8,,False,202.999
12754,1.214,16.711,130.89,159.0536,-1,1,6,98.3,,False,337.999
12756,0.256,16.698,130.38,166.0168,-1,1,5,99.3,,False,516.999
12757,0.536,25.317,188.26,492.9082,-1,1,7,61.1,,False,397.0001111111111
12760,3.947,41.437,304.58,925.5557,-1,1,7,67.7,,False,127.999
12762,0.482,26.421,217.52,94.9224,-1,1,7,76.6,,False,336.73470655953656
12766,3.124,27.23,203.93,391.358,-1,2,4,54.8,,False,518.1112222222223
12768,1.429,39.387,289.84,853.4893,-1,2,7,95.5,,False,330.999
12770,2.093,35.515,262.16,707.4112,-1,4,6,89.5,,False,748.999
12773,4.237,34.908,258.26,628.5478,-1,2,7,89.8,,False,136.8979758383665
12776,3.731,20.807,159.27,231.0102,-1,2,3,86.3,,False,1288.999
12777,1.345,28.524,211.7,537.2038,-1,2,5,100.0,,False,247.999
12780,2.118,23.349,195.89,80.9633,-1,1,5,87.2,,False,198.999
12783,2.429,20.625,156.17,287.9636,-1,1,5,95.2,,False,763.999
12785,0.675,18.491,140.98,246.972,-1,1,4,93.1,,False,1344.999
12788,0.443,14.774,119.23,112.0497,-1,1,9,93.9,,False,137.1112222222222
12790,1.918,22.426,171.03,249.1465,-1,2,3,99.4,,False,2096.999
12793,2.773,24.358,184.4,293.2097,-1,2,6,93.8,,False,637.999
12795,2.878,27.053,202.53,395.3168,-1,2,5,97.2,,False,671.3334444444445
12796,0.379,24.222,182.31,337.1217,-1,1,6,99.1,,False,477.999
12797,1.077,36.135,271.36,369.1567,-1,2,3,100.0,,False,1960.999
12798,2.957,29.503,219.52,490.2943,-1,1,3,57.8,,False,1299.999
12800,2.262,24.187,182.14,333.1692,-1,2,5,99.5,,False,950.999
12801,4.092,29.607,219.06,617.0774,-1,3,4,99.9,,False,1083.999
12803,0.733,25.957,192.86,508.9389,-1,1,8,61.9,,False,152.7778888888889
12809,1.353,33.44,247.01,679.3158,-1,2,7,100.0,,False,419.999
12813,1.291,33.916,250.8,643.2157,-1,2,8,93.3,,False,647.999
12818,2.747,43.114,320.84,500.2794,-1,2,6,81.7,,False,734.999
12820,1.925,25.316,190.2,355.2501,-1,2,7,63.7,,False,613.1102477546817
12821,2.016,26.206,195.87,415.1768,-1,3,4,100.0,,False,182.999
12825,3.909,30.551,228.09,436.3514,-1,2,3,76.1,,False,1230.999
12828,3.287,26.356,385.01,719.8923,-2,3,4,98.5,,False,1042.999
12829,2.568,22.168,168.91,253.2505,-1,1,6,51.4,,False,374.999
12832,4.615,34.659,256.45,625.5057,-1,2,4,95.3,,False,368.999
12833,2.464,32.473,240.96,550.317,-1,1,7,84.5,,False,514.999
12834,3.174,36.717,271.39,662.4491,-1,2,7,97.6,,False,796.999
12838,1.863,30.812,228.56,553.3218,-1,2,7,82.8,,False,818.999
12841,4.176,30.244,226.07,419.3529,-1,2,5,60.7,,False,949.999
12842,0.777,24.817,184.2,526.8219,-1,1,12,77.9,,False,99.45299389024379
12843,2.606,42.435,311.81,950.56,-1,2,6,98.6,,False,527.999
12846,1.073,27.163,202.86,427.1789,-1,2,6,88.2,,False,1292.999
12850,1.671,29.693,220.51,527.247,-1,2,3,100.0,,False,726.999
12852,2.347,39.117,288.05,820.4853,-1,3,3,100.0,,False,1831.999
12853,2.624,25.116,191.27,258.2291,-1,1,5,89.6,,False,773.999
12854,3.672,27.063,202.65,393.1449,-1,2,8,95.2,,False,211.999
12861,0.366,20.647,164.65,129.0528,-1,1,6,72.9,,False,615.999
12862,1.739,18.644,139.67,373.9922,-1,1,8,98.9,,False,278.3688681150102
12863,4.127,41.768,307.36,857.6805,-1,3,4,52.5,,False,1255.999
12866,2.77,32.346,240.1,540.4331,-1,2,4,82.7,,False,638.999
12867,2.979,28.245,210.85,435.2521,-1,1,3,39.0,,False,1306.999
12876,0.367,27.537,204.82,492.0863,-1,1,8,98.2,,False,174.999
12878,0.824,16.916,132.5,159.0531,-1,1,5,98.2,,False,354.999
12879,0.295,24.542,358.95,628.7289,-2,3,5,82.4,,False,409.999
12880,4.283,41.026,301.71,895.5806,-1,3,3,57.1,,False,695.999
12886,0.611,23.409,176.34,328.9001,-1,1,11,83.6,,False,271.999
12887,3.67,35.424,261.68,681.41,-1,3,5,100.0,,False,530.999
12890,3.337,42.888,319.52,480.3104,-1,1,5,74.3,,False,625.999
12892,0.375,17.57,144.09,96.9578,-1,1,6,99.5,,False,177.999
12894,3.84,44.975,330.61,928.8768,-1,3,6,100.0,,False,257.999
12895,1.116,22.992,172.45,369.1736,-1,2,6,78.0,,False,328.999
12897,0.562,31.898,262.72,94.9234,-1,1,11,86.6,,False,70.00855186913577
12898,0.524,17.246,132.27,219.9102,-1,1,8,98.5,,False,459.999
12901,2.642,31.385,232.69,568.3071,-1,3,6,98.5,,False,719.999
12902,3.239,35.174,259.82,681.4106,-1,3,8,66.6,,False,683.999
12903,0.694,25.943,192.76,508.9401,-1,1,14,97.3,,False,7.336044900290631
12904,0.331,24.57,182.75,486.8707,-1,1,5,52.8,,False,72.22233333333338
12906,3.879,27.491,205.87,393.3385,-1,1,3,89.7,,False,1658.999
12908,0.809,25.268,188.9,410.904,-1,1,12,92.0,,False,235.11122222222224
12910,1.867,26.556,198.66,404.2478,-1,2,8,88.8,,False,256.999
12916,1.35,28.509,211.65,531.1177,-1,1,7,97.7,,False,567.999
12918,1.739,18.707,140.44,352.9936,-1,1,6,90.3,,False,346.0474074749291
12922,0.381,16.476,128.98,160.0383,-1,1,7,96.2,,False,407.999
12927,1.209,22.916,173.58,288.1583,-1,2,4,98.2,,False,362.999
12930,3.392,33.992,251.39,641.3165,-1,3,4,94.9,,False,855.999
12932,3.282,32.889,243.42,615.353,-1,3,4,99.5,,False,90.999
12933,2.036,19.843,151.76,234.0311,-1,1,6,89.7,,False,515.999
12935,2.825,25.187,189.59,337.2769,-1,2,4,90.8,,False,769.999
12936,1.459,18.491,140.6,260.8823,-1,1,5,89.9,,False,541.999
12937,2.129,28.715,213.81,475.3445,-1,2,4,100.0,,False,1049.999
12938,1.48,31.216,231.05,611.2535,-1,2,3,97.5,,False,1325.999
12940,1.646,31.096,231.38,491.3384,-1,2,5,86.4,,False,489.999
12943,0.28,23.923,177.17,576.568,-1,1,10,98.4,,False,182.999
12946,2.775,32.814,244.0,504.4573,-1,1,6,87.3,,False,549.999
12948,3.419,21.042,161.55,219.1722,-1,2,5,97.3,,False,208.999
12949,2.533,30.634,227.17,561.2219,-1,3,6,98.2,,False,499.999
12953,4.663,33.224,246.34,569.4821,-1,1,3,38.4,,False,1257.999
12954,3.471,31.455,234.55,455.314,-1,2,6,99.9,,False,830.999
12958,1.352,38.808,291.45,369.1749,-1,2,8,71.6,,False,672.999
12959,1.128,30.189,224.06,541.2669,-1,2,7,83.4,,False,133.999
12963,0.572,24.26,199.2,96.9197,-1,1,8,60.5,,False,445.999
12964,0.746,22.609,175.17,189.0396,-1,1,10,60.0,,False,174.999
12965,1.217,21.669,165.65,237.1835,-1,2,7,98.9,,False,116.999
12966,3.138,31.172,232.41,457.3902,-1,2,4,50.8,,False,1091.999
12967,0.372,19.157,147.72,202.1056,-1,1,5,99.1,,False,784.999
12968,0.368,17.937,137.49,222.9896,-1,1,5,92.6,,False,126.999
12971,0.619,27.802,205.55,632.8726,-1,1,9,91.1,,False,290.999
12974,3.22,23.242,175.53,309.005,-1,2,4,98.8,,False,1006.999
12976,1.434,21.258,162.29,243.1938,-1,1,3,97.6,,False,940.999
12977,3.519,36.949,272.74,709.527,-1,3,9,88.9,,False,143.999
12979,3.184,41.36,304.36,860.6104,-1,2,4,68.6,,False,61.999
12981,3.353,34.413,254.89,598.4367,-1,2,3,73.1,,False,784.999
12985,2.724,30.828,229.1,515.3149,-1,2,3,60.1,,False,1430.999
12989,4.033,44.634,327.83,984.7492,-1,5,6,73.7,,False,88.22233333333332
12996,2.755,27.389,204.19,453.0934,-1,2,7,97.5,,False,311.999
12998,2.191,23.599,175.39,498.9308,-1,1,4,70.4,,False,551.999
12999,0.301,25.614,197.77,201.0353,-1,1,5,98.1,,False,275.999
13001,4.409,36.599,270.37,680.5695,-1,2,9,67.1,,False,42.000111111111096
13009,3.195,36.955,273.72,601.4113,-1,2,5,97.8,,False,285.999
13013,0.599,14.833,114.47,195.8082,-1,1,5,92.6,,False,574.999
13017,1.562,22.439,171.13,249.1469,-1,2,5,100.0,,False,933.999
13018,0.58,13.651,106.35,168.834,-1,1,6,81.2,,False,354.999
13020,1.459,22.158,168.17,275.13,-1,2,3,99.1,,False,586.999
13022,0.17,22.291,168.41,304.9178,-1,1,11,83.9,,False,52.777888888888924
13026,2.911,30.545,227.47,476.3447,-1,1,6,97.1,,False,639.999
13028,3.058,31.701,235.2,552.3303,-1,2,4,99.0,,False,776.999
13029,4.896,29.931,223.43,437.398,-1,2,4,75.6,,False,212.999
13030,0.517,16.94,133.22,151.0016,-1,1,4,89.9,,False,206.999
13032,3.836,21.314,165.96,175.0183,-1,1,4,99.6,,False,1619.999
13037,3.788,45.588,334.68,1020.8051,-1,4,6,100.0,,False,414.999
13038,2.66,41.402,304.29,933.4585,-1,4,7,82.4,,False,315.999
13039,2.456,32.998,241.9,1088.9289,-1,2,11,85.2,,False,260.0001111111111
13043,2.682,29.948,223.43,445.3693,-1,2,3,83.5,,False,909.999
13046,3.992,24.407,183.91,328.0833,-1,1,6,98.2,,False,282.999
13047,1.873,21.6,163.78,280.1329,-1,1,5,97.8,,False,99.999
13049,3.087,31.184,232.1,486.3883,-1,1,4,63.7,,False,1431.999
13051,1.45,34.116,251.59,740.2597,-1,2,8,99.0,,False,342.999
13052,0.745,21.717,167.49,203.0545,-1,1,9,93.0,,False,111.999
13053,2.892,25.279,191.21,299.2586,-1,1,8,79.6,,False,306.999
13054,2.847,37.488,276.44,751.426,-1,2,3,100.0,,False,413.44455555555555
13055,2.43,30.182,224.79,473.2472,-1,2,8,98.5,,False,379.2223333333333
13056,3.882,26.237,197.12,356.325,-1,2,8,89.5,,False,56.88900000000001
13057,2.095,27.085,202.6,406.2625,-1,1,7,98.7,,False,566.999
13060,2.641,34.136,252.23,669.2974,-1,3,5,97.5,,False,408.999
13063,2.759,28.154,209.75,465.2416,-1,2,7,93.8,,False,411.999
13067,0.377,23.548,177.71,315.1325,-1,1,6,97.3,,False,392.999
13069,2.551,21.655,165.4,241.1792,-1,1,6,99.5,,False,638.999
13073,1.591,23.356,184.92,141.0148,-1,1,6,44.0,,False,56.999
13074,1.957,28.576,215.34,331.2622,-1,1,6,90.0,,False,1056.999
13075,3.793,47.131,345.73,1088.8334,-1,5,4,90.9,,False,401.999
13076,1.388,25.199,189.21,361.2005,-1,1,6,89.7,,False,390.999
13084,2.792,29.525,220.96,403.1935,-1,2,5,96.2,,False,133.999
13085,3.522,42.035,309.28,871.6927,-1,3,3,52.5,,False,587.999
13087,3.737,26.873,200.42,447.064,-1,3,4,95.9,,False,715.999
13090,2.359,26.052,195.61,362.2685,-1,1,6,94.8,,False,611.999
13092,3.882,20.706,158.79,223.0265,-1,3,3,55.3,,False,1427.999
13093,3.846,27.514,204.12,545.0549,-1,1,4,96.5,,False,379.999
13095,2.214,37.316,274.39,893.1302,-1,2,7,100.0,,False,55.44455555555558
13098,1.351,33.541,247.4,731.1634,-1,3,7,100.0,,False,288.999
13100,2.328,31.724,235.49,539.3949,-1,2,7,82.4,,False,247.999
13101,3.731,21.23,162.44,233.1885,-1,1,6,77.6,,False,506.999
13106,1.901,29.961,222.07,571.2577,-1,2,6,90.3,,False,217.999
13107,3.81,23.674,179.36,287.2376,-1,1,7,99.5,,False,256.999
13108,3.833,37.081,273.84,694.5845,-1,1,5,53.6,,False,316.999
13114,0.662,25.601,189.65,574.8289,-1,1,9,97.4,,False,326.999
13117,1.921,32.123,238.1,575.3583,-1,2,6,74.3,,False,814.999
13118,3.88,29.457,219.58,458.3684,-1,1,6,97.0,,False,1080.999
13120,2.264,23.118,171.28,562.9757,-1,1,7,51.2,,False,104.35240307986146
13122,2.724,24.443,184.31,322.2463,-1,1,4,87.1,,False,531.999
13125,2.584,24.786,186.6,336.1444,-1,1,4,42.4,,False,599.999
13130,0.668,19.914,150.94,280.6199,-1,1,5,85.8,,False,284.999
13132,2.423,28.534,213.03,434.2574,-1,3,4,98.9,,False,789.999
13133,3.548,40.431,297.8,810.607,-1,2,4,100.0,,False,1017.999
13135,2.819,33.701,249.66,591.3914,-1,1,5,81.7,,False,988.999
13136,4.137,12.859,108.51,75.9603,-1,1,3,98.0,,False,1055.999
13138,1.399,26.623,199.02,413.2668,-1,2,6,97.7,,False,158.999
13139,2.447,31.477,236.04,381.2054,-1,2,6,100.0,,False,349.999
13143,1.314,27.869,209.02,376.084,-1,2,4,97.2,,False,407.999
13144,0.384,24.348,185.24,263.0117,-1,1,6,98.5,,False,139.999
13145,2.406,23.61,174.86,574.9736,-1,1,11,97.0,,False,110.0001111111111
13150,4.129,25.938,195.95,309.0053,-1,3,3,100.0,,False,956.999
13159,2.034,18.318,139.41,255.8869,-1,1,4,97.4,,False,514.999
13162,2.353,27.516,205.2,449.2101,-1,1,7,98.0,,False,332.999
13163,2.589,25.921,199.15,218.984,-1,1,6,94.6,,False,601.999
13164,1.327,33.876,250.13,693.2083,-1,3,6,99.2,,False,357.999
13165,1.289,21.455,163.05,267.0746,-1,2,4,98.5,,False,449.999
13168,2.105,23.346,173.48,500.989,-1,1,7,97.0,,False,336.0001111111111
13171,1.215,30.092,223.18,557.1425,-1,2,6,97.7,,False,704.999
13173,2.552,25.279,190.38,333.2788,-1,3,6,97.2,,False,103.999
13174,2.789,22.181,166.83,340.8674,-1,1,8,98.8,,False,252.999
13175,0.621,26.859,200.74,417.2116,-1,2,4,98.8,,False,304.999
13179,3.297,35.1,259.33,673.3973,-1,2,5,50.6,,False,92.999
13183,2.179,29.38,218.38,507.2774,-1,2,5,100.0,,False,380.999
13187,2.083,29.626,220.67,471.3674,-1,2,3,46.1,,False,1016.999
13190,2.448,32.047,237.39,589.3346,-1,2,6,96.3,,False,101.999
13192,1.854,32.725,243.47,496.3032,-1,1,6,97.6,,False,409.999
13193,2.707,23.71,179.31,299.3669,-1,1,4,78.5,,False,708.999
13195,0.299,27.527,212.58,201.0363,-1,1,6,92.9,,False,311.999
13200,2.002,28.049,209.08,457.2367,-1,1,4,92.1,,False,638.999
13203,3.77,17.795,139.04,165.038,-1,1,4,81.4,,False,1112.999
13204,1.752,28.676,213.65,465.3197,-1,2,4,66.4,,False,793.999
13206,2.524,29.24,217.62,485.256,-1,3,4,94.1,,False,1131.999
13207,1.896,27.333,204.21,422.26,-1,1,6,88.2,,False,142.999
13209,1.49,19.255,144.18,380.9441,-1,1,5,98.8,,False,268.999
13210,2.133,33.86,251.07,569.317,-1,2,4,100.0,,False,289.999
13212,2.574,38.788,287.17,614.9623,-1,1,6,97.1,,False,513.999
13213,1.435,24.226,182.51,329.2346,-1,2,4,72.9,,False,849.999
13215,2.283,27.969,210.2,355.1754,-1,1,6,98.8,,False,495.999
13216,1.907,28.7,214.8,401.3052,-1,2,8,99.2,,False,136.33344444444444
13217,0.442,19.976,151.6,273.0053,-1,1,5,84.5,,False,60.999
13218,3.827,32.062,237.76,563.3293,-1,1,7,84.6,,False,533.999
13219,3.282,31.266,232.52,501.3607,-1,2,5,65.9,,False,578.999
13220,2.303,29.595,219.98,509.2952,-1,2,5,98.8,,False,838.999
13224,0.639,30.844,234.93,260.0299,-1,1,5,99.2,,False,373.999
13226,4.016,36.537,269.99,670.5926,-1,4,5,62.9,,False,221.889
13227,0.381,28.606,213.35,449.1287,-1,2,7,97.1,,False,204.999
13228,1.277,34.388,253.81,709.3792,-1,2,7,100.0,,False,316.999
13231,0.248,21.117,159.98,285.0716,-1,2,7,83.6,,False,626.999
13233,0.33,26.947,199.84,550.9296,-1,1,6,81.0,,False,287.4445555555556
13235,0.991,19.072,145.67,239.0529,-1,1,5,96.6,,False,350.999
13237,3.762,35.208,260.36,643.4639,-1,3,7,66.8,,False,681.999
13242,2.529,34.132,253.1,568.4219,-1,1,4,82.4,,False,511.999
13252,3.743,31.824,236.73,498.4219,-1,1,7,63.0,,False,514.999
13255,1.849,23.068,176.47,235.1312,-1,2,6,98.9,,False,419.999
13257,1.481,33.603,248.44,648.3458,-1,2,9,97.1,,False,263.999
13263,1.358,29.777,221.67,481.1875,-1,2,5,96.9,,False,944.999
13265,2.07,27.363,204.48,419.2801,-1,2,7,93.3,,False,660.999
13266,4.018,26.688,200.37,363.3617,-1,2,5,99.0,,False,479.999
13274,2.212,29.845,219.94,756.9846,-1,1,9,96.5,,False,515.999
13278,3.155,24.04,180.94,337.1665,-1,1,6,99.3,,False,359.999
13282,2.299,31.705,235.82,499.3635,-1,2,3,87.0,,False,1020.999
13291,0.657,21.385,164.92,203.0545,-1,1,11,90.6,,False,165.999
13293,1.735,31.893,238.41,419.9896,-1,1,5,98.4,,False,660.999
13295,2.135,32.119,238.4,543.3909,-1,2,4,100.0,,False,911.999
13297,0.616,26.164,195.89,393.1466,-1,2,3,100.0,,False,281.999
13300,1.208,24.496,184.53,330.2357,-1,1,9,99.4,,False,424.999
13305,0.844,22.91,173.35,295.1894,-1,1,9,91.7,,False,160.999
13312,1.529,27.746,207.32,421.2584,-1,2,7,100.0,,False,157.999
13313,3.649,33.462,248.71,516.3775,-1,1,4,41.7,,False,157.999
13315,4.148,40.33,296.65,878.7085,-1,1,3,37.2,,False,116.999
13318,1.833,28.646,215.08,365.2676,-1,2,4,69.8,,False,812.999
13321,0.562,20.25,153.82,267.993,-1,1,7,89.0,,False,193.999
13325,0.394,20.541,155.75,279.0158,-1,2,3,93.7,,False,1608.999
13328,2.445,29.426,219.15,473.3276,-1,2,4,54.1,,False,988.999
13329,2.847,24.447,184.29,324.2618,-1,1,6,97.2,,False,336.999
13331,2.435,24.478,184.94,307.2255,-1,1,5,87.0,,False,378.999
13335,0.376,29.306,218.2,478.1976,-1,2,4,84.3,,False,516.999
13338,4.572,34.532,254.75,727.138,-1,5,3,100.0,,False,801.999
13340,0.394,20.95,158.79,281.9744,-1,3,8,93.7,,False,289.999
13341,1.148,27.168,203.11,413.1978,-1,2,5,96.6,,False,284.999
13343,1.759,30.611,242.54,141.0129,-1,1,9,88.7,,False,23.988192944360918
13352,0.548,22.415,169.91,282.8916,-1,1,11,81.5,,False,10.111222222222224
13353,1.985,30.706,229.02,451.2503,-1,2,6,100.0,,False,1195.999
13354,2.023,30.478,226.7,497.3469,-1,2,5,70.8,,False,650.999
13364,1.992,29.174,217.51,455.2449,-1,2,5,73.0,,False,172.999
13367,3.73,46.147,338.68,1046.8214,-1,4,6,93.1,,False,192.999
13370,2.472,40.42,302.02,433.2348,-1,3,3,89.0,,False,1167.999
13373,1.36,30.462,225.98,552.3009,-1,2,7,94.7,,False,621.999
13375,2.032,23.309,176.73,282.2514,-1,1,5,53.3,,False,261.999
13377,2.591,29.171,217.34,466.295,-1,1,3,65.0,,False,1180.999
13378,2.058,33.523,249.13,519.2796,-1,2,5,97.7,,False,454.999
13380,3.995,25.372,192.27,287.2727,-1,1,6,86.8,,False,396.999
13381,1.499,29.204,216.51,564.2264,-1,3,5,99.9,,False,253.999
13382,1.481,26.208,196.23,393.1944,-1,2,6,100.0,,False,331.999
13385,3.104,33.778,250.3,585.469,-1,2,3,46.6,,False,784.999
13387,2.181,26.531,200.18,319.2622,-1,2,5,83.8,,False,729.999
13391,0.787,22.306,167.78,340.9741,-1,3,3,100.0,,False,1073.999
13393,3.447,34.613,255.8,662.408,-1,1,6,72.0,,False,226.999
13394,3.563,33.419,248.37,517.337,-1,2,6,97.0,,False,693.999
13396,3.662,32.229,238.96,567.3698,-1,3,5,84.5,,False,898.999
13399,2.49,30.888,229.67,504.2684,-1,2,4,98.5,,False,615.999
13403,3.451,33.988,251.36,641.316,-1,4,4,95.5,,False,1003.999
13405,1.384,18.519,140.39,277.856,-1,1,6,79.8,,False,575.999
13410,2.553,25.974,194.83,372.2574,-1,2,7,97.3,,False,299.999
13411,2.0,28.64,213.35,468.2742,-1,2,7,97.8,,False,368.999
13413,1.496,34.142,255.68,399.2208,-1,2,4,100.0,,False,69.999
13415,2.87,26.759,201.2,349.3097,-1,1,6,94.0,,False,767.999
13418,0.855,14.008,109.9,153.8665,-1,1,6,79.2,,False,272.999
13419,2.3,30.308,223.27,773.0121,-1,1,8,98.0,,False,458.999
13421,2.651,31.074,231.15,496.3738,-1,1,5,92.6,,False,1328.999
13424,0.49,28.847,214.94,465.1555,-1,2,4,98.2,,False,518.999
13429,1.15,31.795,238.74,367.1594,-1,1,4,96.9,,False,1528.5556666666666
13434,0.584,20.432,167.67,96.9194,-1,1,6,84.6,,False,105.999
13435,4.079,35.718,263.64,710.5371,-1,2,3,79.6,,False,1015.999
13436,4.045,32.389,240.59,526.456,-1,1,8,47.3,,False,298.999
13439,4.063,40.92,300.88,902.559,-1,3,5,93.2,,False,187.999
13440,2.478,37.196,274.38,737.446,-1,3,3,90.1,,False,253.999
13441,3.463,36.55,269.9,692.4945,-1,3,6,61.0,,False,584.999
13442,3.073,42.81,314.59,944.6079,-1,3,8,100.0,,False,198.999
13445,3.683,25.787,192.59,425.2203,-1,1,6,97.5,,False,415.999
13448,3.642,25.569,190.49,461.0531,-1,3,4,98.7,,False,1286.999
13450,3.011,27.663,206.99,403.2484,-1,1,6,81.0,,False,251.999
13453,0.322,29.145,230.12,146.9811,-1,1,5,99.7,,False,322.999
13455,2.635,28.052,209.55,425.2667,-1,2,3,92.3,,False,973.999
13458,3.414,27.833,207.94,423.2389,-1,2,6,96.9,,False,397.999
13459,1.639,28.015,209.23,427.3068,-1,1,5,97.1,,False,708.999
13466,2.846,27.394,204.91,406.3053,-1,1,4,41.0,,False,329.999
13470,1.802,28.754,215.1,407.2794,-1,2,5,88.9,,False,151.999
13474,1.679,26.717,199.73,413.2153,-1,1,6,79.4,,False,483.999
13479,3.419,24.297,183.46,311.2572,-1,1,6,89.4,,False,71.07012150575474
13481,2.167,32.356,239.89,569.2605,-1,3,4,100.0,,False,213.11122222222224
13492,2.75,29.794,222.54,429.3003,-1,2,7,99.6,,False,450.999
13496,2.53,31.06,230.37,558.2843,-1,2,7,99.5,,False,423.999
13498,3.467,35.015,259.67,567.3697,-1,2,6,100.0,,False,289.55566666666664
13499,1.395,21.161,160.81,266.651,-1,1,5,97.1,,False,493.999
13500,0.853,19.894,149.39,352.8608,-1,1,11,99.3,,False,126.67114883344408
13501,3.89,41.421,304.43,931.5404,-1,4,6,87.7,,False,539.999
13503,4.809,32.635,241.85,579.3953,-1,3,5,59.9,,False,312.999
13505,4.062,33.485,247.58,647.3504,-1,2,5,100.0,,False,357.999
13507,0.584,22.81,172.49,299.0215,-1,2,3,99.1,,False,500.999
13508,0.594,24.518,183.74,380.9723,-1,1,6,98.9,,False,379.999
13512,0.403,28.045,207.53,608.9105,-1,1,9,96.9,,False,164.999
13514,0.742,24.557,184.37,361.2032,-1,2,6,99.1,,False,366.999
13515,2.316,25.07,187.25,422.8211,-1,1,5,98.3,,False,588.999
13516,2.071,23.675,179.0,301.1786,-1,2,4,100.0,,False,930.999
13517,2.208,28.496,212.97,419.2779,-1,2,3,89.0,,False,743.999
13519,3.578,19.166,146.15,247.0417,-1,1,4,92.0,,False,1118.999
13522,1.675,29.134,217.41,441.2661,-1,2,6,100.0,,False,272.999
13523,1.78,23.679,180.47,253.1073,-1,1,6,99.1,,False,333.999
13525,3.035,35.215,260.31,658.4126,-1,2,3,44.5,,False,78.999
13527,0.276,25.325,187.28,618.5521,-1,1,11,90.3,,False,131.999
13529,1.515,29.507,219.13,527.1633,-1,2,4,100.0,,False,392.999
13531,1.783,30.306,224.67,568.3332,-1,2,3,100.0,,False,1775.999
13533,0.747,28.045,208.37,514.2842,-1,2,8,100.0,,False,766.999
13534,1.839,34.658,255.91,695.2647,-1,2,8,94.3,,False,347.999
13538,1.622,29.54,219.09,555.2972,-1,2,3,97.0,,False,690.999
13540,2.349,30.891,229.38,532.3719,-1,1,7,97.6,,False,273.999
13544,1.673,26.653,199.64,389.3041,-1,2,4,79.2,,False,356.999
13547,1.213,32.576,240.9,639.1446,-1,2,8,98.5,,False,541.999
13548,2.188,30.793,228.46,549.2858,-1,2,4,97.6,,False,319.999
13549,2.536,26.387,197.93,373.294,-1,2,4,67.6,,False,540.999
13551,0.366,22.177,168.55,267.0834,-1,2,4,82.4,,False,746.999
13553,2.655,41.865,307.71,926.5594,-1,3,6,97.6,,False,600.999
13554,1.272,25.953,193.77,429.2602,-1,2,4,100.0,,False,698.999
13557,2.713,43.173,317.13,969.6032,-1,2,9,83.4,,False,190.999
13563,2.02,23.716,179.58,291.2312,-1,1,7,99.1,,False,406.999
13566,1.337,19.901,153.92,193.1215,-1,1,5,96.9,,False,479.999
13568,1.545,25.328,189.66,391.1637,-1,1,7,98.8,,False,256.999
13571,3.741,28.426,212.03,447.0632,-1,3,3,100.0,,False,705.999
13574,0.703,21.609,163.62,289.071,-1,1,5,96.3,,False,91.999
13575,0.831,23.708,177.55,386.9424,-1,1,10,90.3,,False,80.66677777777775
13576,0.441,17.681,135.52,222.9444,-1,3,4,100.0,,False,304.999
13577,4.409,34.739,256.87,645.499,-1,2,5,96.7,,False,154.55566666666664
13578,1.76,22.569,171.44,270.2069,-1,1,3,97.2,,False,62.11122222222235
13579,1.467,40.409,297.47,837.4923,-1,2,8,100.0,,False,199.999
13583,0.327,23.96,192.91,116.9721,-1,1,3,43.7,,False,60.111222222222295
13584,4.051,27.442,204.81,437.0983,-1,1,6,97.4,,False,504.999
13591,2.65,27.312,204.35,403.2833,-1,2,4,74.1,,False,679.999
13594,3.853,38.919,286.53,826.4929,-1,3,6,52.5,,False,352.33344444444447
13596,4.224,35.298,261.11,633.5089,-1,3,8,82.5,,False,411.2477369328166
13598,3.24,28.62,214.49,385.3297,-1,2,6,99.3,,False,277.999
13600,1.979,14.036,115.53,93.0319,-1,1,5,95.6,,False,538.999
13605,2.502,24.463,184.87,305.3256,-1,1,3,65.4,,False,2039.999
13607,1.448,25.544,191.77,363.2175,-1,1,7,81.9,,False,257.999
13610,1.785,26.278,196.63,401.1992,-1,2,9,98.8,,False,249.11122222222224
13611,0.837,20.675,156.72,281.0107,-1,1,5,99.1,,False,631.999
13612,2.439,25.214,190.21,319.2652,-1,2,4,98.8,,False,323.999
13613,2.483,28.467,212.25,452.418,-1,2,3,45.5,,False,1152.999
13617,1.882,26.907,201.22,408.1706,-1,1,6,98.0,,False,539.999
13618,1.942,33.076,245.61,535.3112,-1,2,5,95.9,,False,699.999
13619,2.731,26.88,205.32,244.0319,-1,1,4,99.2,,False,316.999
13623,2.481,22.957,174.46,268.2633,-1,1,6,90.2,,False,389.999
13626,2.735,26.3,199.45,283.2047,-1,2,5,98.6,,False,853.999
13627,1.975,20.82,160.94,195.1734,-1,1,5,96.4,,False,659.999
13628,2.624,41.633,310.79,447.2509,-1,2,5,98.6,,False,435.999
13629,2.603,30.083,224.06,473.3263,-1,3,5,82.4,,False,424.999
13630,1.292,32.128,241.24,367.1563,-1,1,5,88.5,,False,961.999
13631,2.904,30.527,226.62,536.303,-1,2,7,89.0,,False,251.999
13635,2.038,25.328,190.26,357.1817,-1,1,6,78.8,,False,416.0001111111111
13636,0.411,35.891,265.83,600.2856,-1,2,7,94.5,,False,424.999
13639,2.635,22.106,168.58,249.2202,-1,1,6,99.4,,False,412.999
13646,0.286,21.645,164.39,270.7956,-1,1,7,93.2,,False,265.999
13648,1.179,22.964,173.7,297.2078,-1,1,4,95.6,,False,479.999
13649,3.994,33.651,249.03,617.3719,-1,2,5,92.8,,False,486.999
13650,3.136,39.058,287.49,840.4721,-1,3,6,53.5,,False,254.999
13651,2.585,33.674,249.37,600.394,-1,1,6,88.9,,False,371.999
13654,0.971,16.621,130.84,149.0582,-1,1,6,98.5,,False,615.999
13655,3.975,29.831,222.5,449.5028,-1,3,4,52.5,,False,781.999
13656,1.713,24.711,185.98,338.2402,-1,1,7,92.8,,False,296.999
13659,1.474,32.241,238.03,692.2552,-1,4,7,92.5,,False,183.999
13660,1.826,30.086,223.81,493.3184,-1,1,5,82.8,,False,686.999
13662,3.214,39.832,293.19,836.5477,-1,2,6,70.6,,False,1945.3596852097246
13666,0.63,21.906,166.48,267.1568,-1,2,4,96.7,,False,391.999
13667,1.08,22.265,168.82,281.1175,-1,1,8,99.2,,False,308.999
13668,2.229,33.266,246.38,595.2987,-1,3,4,84.6,,False,771.999
13670,0.626,27.011,199.94,598.8713,-1,1,8,89.2,,False,317.999
13672,0.368,17.864,152.1,72.0069,-1,1,7,96.6,,False,621.999
13675,1.359,36.658,269.9,819.2991,-1,4,6,89.8,,False,595.999
13676,0.276,20.211,154.76,228.9297,-1,1,6,96.9,,False,292.999
13678,2.274,28.024,209.43,419.2786,-1,2,7,48.5,,False,355.999
13680,2.689,23.104,175.2,281.2089,-1,2,5,94.3,,False,610.2223333333333
13683,2.39,22.095,163.97,522.9815,-1,1,7,97.3,,False,557.999
13684,1.898,29.154,217.59,439.3056,-1,2,5,93.7,,False,436.999
13691,3.356,39.454,290.32,858.4857,-1,4,5,70.5,,False,81.999
13693,0.457,36.117,266.4,737.4181,-1,2,4,100.0,,False,67.999
13696,2.985,37.26,274.56,781.3046,-1,3,8,99.1,,False,266.999
13698,3.607,33.25,245.93,636.4322,-1,3,3,97.0,,False,315.999
13700,0.9,22.135,166.27,352.9437,-1,1,4,44.8,,False,650.999
13701,2.314,24.326,182.97,343.1562,-1,2,4,80.0,,False,1690.999
13705,2.242,22.558,171.32,271.3309,-1,1,5,99.5,,False,174.999
13706,0.693,23.818,179.79,313.1188,-1,1,8,98.7,,False,262.999
13707,2.574,26.07,195.54,373.2366,-1,2,5,94.6,,False,422.999
13708,2.507,28.827,214.46,491.2826,-1,1,4,98.9,,False,974.999
13710,0.661,21.418,169.53,141.0144,-1,1,4,38.7,,False,714.999
13713,2.776,43.203,317.25,990.5957,-1,2,7,98.1,,False,50.999
13714,3.222,26.933,200.4,485.0682,-1,2,4,71.4,,False,1253.999
13722,1.441,25.143,188.9,355.1883,-1,1,5,96.3,,False,84.999
13727,3.503,29.999,227.64,281.2481,-1,1,9,87.7,,False,310.2223333333333
13728,1.414,31.374,232.5,579.282,-1,2,5,100.0,,False,760.999
13732,3.609,36.711,270.81,732.5039,-1,1,3,46.5,,False,923.999
13734,2.511,27.896,208.41,423.3129,-1,1,4,63.7,,False,588.7778888888888
13736,2.574,39.564,291.41,809.459,-1,1,3,57.6,,False,119.999
13737,0.592,22.702,175.11,203.055,-1,1,7,95.4,,False,254.999
13742,2.711,29.374,219.1,448.3471,-1,1,4,51.0,,False,528.999
13744,3.028,28.724,213.99,467.3025,-1,3,3,92.6,,False,284.999
13751,3.233,31.099,231.4,491.4902,-1,2,4,66.2,,False,438.999
13752,1.977,22.287,165.87,470.9885,-1,1,9,97.9,,False,378.889
13753,1.457,27.17,202.71,441.2646,-1,2,6,100.0,,False,325.999
13767,0.489,28.984,214.45,614.9899,-1,1,8,99.2,,False,274.999
13775,0.485,29.967,230.43,217.0276,-1,1,8,87.8,,False,161.999
13777,2.319,26.025,195.12,377.1863,-1,1,7,97.5,,False,226.999
13780,1.554,32.781,242.69,607.3498,-1,3,8,100.0,,False,163.999
13782,2.393,24.753,183.72,528.8365,-1,5,3,92.3,,False,651.999
13790,2.263,31.294,232.0,568.2952,-1,3,6,80.0,,False,777.999
13794,1.519,22.477,170.88,265.2179,-1,1,4,43.0,,False,602.999
13797,0.372,17.185,131.41,232.0568,-1,2,5,99.8,,False,677.999
13798,2.402,30.193,224.23,528.2757,-1,2,4,60.3,,False,1305.4445555555556
13799,4.123,28.047,210.25,381.3363,-1,2,4,63.2,,False,397.999
13801,1.575,31.655,234.84,553.1784,-1,2,3,100.0,,False,583.999
13802,0.502,18.967,145.88,211.0043,-1,1,3,98.4,,False,1518.999
13806,2.366,35.356,261.24,673.448,-1,2,3,98.2,,False,1737.999
13813,2.559,27.707,218.04,152.9935,-1,1,8,99.5,,False,113.999
13814,1.844,29.921,223.21,447.2387,-1,2,5,87.4,,False,488.999
13821,2.211,26.036,208.38,125.0076,-1,1,7,99.7,,False,444.999
13824,0.58,24.268,186.6,215.0306,-1,1,6,59.7,,False,616.999
13827,2.887,29.086,223.75,215.1625,-1,1,6,98.2,,False,521.999
13830,1.205,39.48,296.52,369.1733,-1,2,8,93.9,,False,955.999
13832,0.548,30.925,237.82,217.0274,-1,1,7,85.6,,False,286.999
13836,1.989,25.308,190.18,353.2309,-1,2,5,69.8,,False,507.999
13840,3.578,30.646,228.93,427.3214,-1,2,4,47.4,,False,779.999
13847,0.667,26.662,197.17,622.8331,-1,1,8,74.3,,False,390.999
13849,0.1,25.306,187.27,600.7633,-1,1,12,66.3,,False,112.54002375632354
13850,2.996,31.954,236.56,605.3353,-1,2,8,91.0,,False,398.999
13852,1.572,21.744,162.69,394.8488,-1,1,7,91.4,,False,252.999
13858,3.123,35.629,263.05,699.4357,-1,2,7,96.9,,False,183.999
13859,2.076,21.818,166.8,237.1475,-1,1,7,98.5,,False,376.999
13863,0.76,26.413,195.54,592.8557,-1,1,9,86.8,,False,240.999
13866,2.04,29.87,221.7,538.1729,-1,1,6,98.9,,False,365.999
13871,0.374,23.219,174.52,348.9984,-1,2,7,93.7,,False,122.999
13875,3.312,17.784,138.95,165.038,-1,1,5,99.5,,False,917.999
13876,4.299,35.901,265.05,701.393,-1,3,5,71.2,,False,1192.4445555555556
13882,0.585,28.752,212.28,680.8773,-1,1,8,80.5,,False,271.999
13883,1.403,30.297,249.51,94.9229,-1,1,11,96.5,,False,7.793591856878237
13902,1.071,28.292,211.62,408.1525,-1,2,3,96.7,,False,993.999
13904,1.622,36.049,264.95,917.0149,-1,1,6,92.0,,False,165.00011111111115
13910,1.536,19.77,147.46,430.9723,-1,1,6,86.7,,False,462.999
13917,3.548,35.368,261.72,625.4682,-1,2,5,36.1,,False,506.999
13919,1.448,27.959,208.19,474.2594,-1,2,6,96.9,,False,441.999
13926,2.828,43.082,316.5,969.6102,-1,2,4,100.0,,False,714.999
13930,0.716,22.226,166.42,386.8589,-1,1,8,87.9,,False,301.999
13931,1.145,26.371,197.63,383.1883,-1,1,6,88.0,,False,169.999
13933,2.658,30.907,229.32,548.3017,-1,2,6,77.1,,False,734.999
13935,3.9,35.204,260.2,661.4641,-1,3,7,52.5,,False,516.999
13938,2.303,26.744,201.17,345.2788,-1,1,7,87.9,,False,401.999
13941,0.526,25.011,186.23,468.9466,-1,1,10,92.7,,False,147.999
13943,3.088,34.5,255.25,628.4269,-1,2,5,42.2,,False,653.999
13947,2.601,26.468,198.39,381.298,-1,1,4,81.0,,False,534.889
13948,2.77,28.158,209.54,485.057,-1,5,4,98.3,,False,892.999
13951,0.789,27.472,203.24,614.9056,-1,1,9,89.6,,False,204.999
13952,2.7,31.213,232.93,443.2798,-1,2,6,99.7,,False,709.999
13953,0.245,30.683,226.96,627.241,-1,1,7,92.5,,False,157.999
13955,1.181,16.061,126.21,152.0327,-1,1,6,90.0,,False,767.999
13957,2.618,34.346,253.98,644.3599,-1,3,3,52.5,,False,301.999
13962,0.711,22.73,169.57,434.8656,-1,1,8,97.3,,False,107.0001111111111
13964,3.444,22.906,175.38,231.2099,-1,1,5,97.6,,False,375.999
13966,2.877,29.32,219.45,401.2314,-1,2,4,100.0,,False,1013.999
13967,1.916,28.814,213.91,533.0502,-1,2,4,100.0,,False,378.999
13972,2.206,38.218,281.67,777.4578,-1,3,3,95.5,,False,193.999
13974,1.736,23.032,173.37,335.0994,-1,1,7,98.1,,False,638.999
13975,1.383,29.711,221.62,448.306,-1,1,6,82.7,,False,164.999
13980,1.698,21.488,164.13,241.1327,-1,1,5,97.5,,False,1115.999
13981,3.389,33.228,246.66,542.4479,-1,1,3,56.0,,False,937.999
13982,1.283,25.164,188.59,381.194,-1,1,8,97.2,,False,378.999
13983,1.843,28.47,212.13,463.3277,-1,2,4,76.6,,False,686.999
13989,1.105,25.753,193.54,353.2321,-1,2,6,82.4,,False,309.999
13993,2.739,25.402,191.04,346.2441,-1,1,5,98.7,,False,284.999
13994,1.087,27.97,208.02,495.1058,-1,1,10,96.8,,False,438.999
13996,3.202,23.221,176.9,255.2097,-1,1,7,87.9,,False,81.999
14000,0.404,26.933,200.14,509.0237,-1,1,6,99.3,,False,311.999
14017,2.966,35.946,265.5,686.3684,-1,2,6,96.9,,False,248.999
14018,2.521,31.701,235.97,485.3314,-1,2,4,87.8,,False,691.999
14019,2.621,24.926,183.89,695.0977,-1,1,5,83.1,,False,414.6667777777778
14023,1.579,30.752,227.84,583.1565,-1,1,6,98.5,,False,550.999
14024,2.18,28.292,211.08,443.278,-1,2,6,97.7,,False,588.999
14026,0.278,31.762,232.98,1030.2565,-1,1,9,98.2,,False,228.999
14031,1.801,49.859,402.1,116.9688,-1,1,9,99.7,,False,105.999
14033,2.883,34.297,253.64,641.442,-1,2,6,98.3,,False,408.999
14041,3.024,28.076,209.79,420.3558,-1,1,4,55.8,,False,913.999
14043,1.085,34.289,253.17,695.0907,-1,1,7,97.4,,False,343.999
14044,0.355,24.41,192.43,148.9785,-1,1,8,98.3,,False,80.999
14045,3.392,35.882,264.8,713.3792,-1,4,5,98.0,,False,550.999
14048,2.143,24.369,181.05,506.9558,-1,1,6,97.1,,False,322.2223333333333
14049,3.014,25.063,184.67,742.9551,-1,1,7,90.8,,False,245.999
14050,3.179,36.193,267.32,688.3828,-1,2,7,100.0,,False,485.999
14054,2.943,44.024,323.38,975.647,-1,2,7,79.0,,False,363.999
14057,0.608,19.719,149.86,264.9819,-1,1,12,99.0,,False,68.56393788063212
14059,3.24,29.864,223.51,402.3455,-1,2,6,59.5,,False,500.999
14063,2.277,23.185,172.15,516.8979,-1,1,6,91.8,,False,475.999
14064,1.95,24.064,181.85,305.2117,-1,1,10,97.2,,False,128.88899999999998
14067,3.161,26.603,199.63,369.2275,-1,2,6,93.5,,False,224.999
14071,2.072,29.01,215.93,482.2242,-1,2,6,82.8,,False,309.999
14073,1.246,22.17,168.17,278.1419,-1,1,5,96.9,,False,268.999
14076,1.128,21.19,161.58,249.0867,-1,1,4,98.8,,False,1008.999
14078,2.554,28.026,209.15,439.2297,-1,2,3,99.6,,False,332.999
14083,0.934,27.295,203.3,468.2712,-1,1,3,96.5,,False,1614.999
14084,0.372,19.721,151.29,221.0899,-1,1,5,98.1,,False,242.999
14086,0.364,23.882,179.83,333.1411,-1,1,4,97.9,,False,778.999
14087,2.441,23.489,175.38,424.7771,-1,1,8,86.8,,False,317.999
14089,2.39,27.818,208.19,400.2222,-1,1,7,94.7,,False,463.999
14092,2.334,30.473,226.45,514.3239,-1,1,4,51.4,,False,815.999
14094,3.3,32.909,244.02,567.4648,-1,2,3,44.0,,False,1310.999
14095,1.934,22.052,168.03,253.2159,-1,1,4,88.0,,False,476.999
14096,3.957,37.561,277.99,624.4643,-1,2,5,98.9,,False,205.999
14098,0.453,18.973,144.73,244.9567,-1,1,4,98.1,,False,183.999
14099,3.37,41.141,302.82,843.6616,-1,1,5,38.4,,False,96.12732334651639
14102,0.345,26.527,204.19,212.0882,-1,2,7,99.5,,False,309.999
14104,2.158,27.219,204.8,343.2645,-1,2,4,80.3,,False,1316.999
14105,0.96,24.383,183.32,347.1849,-1,1,7,99.2,,False,223.999
14107,0.94,17.162,131.52,223.0303,-1,2,3,67.4,,False,1616.999
14111,2.994,21.567,164.45,249.2194,-1,1,6,98.7,,False,647.999
14114,1.148,30.543,226.77,533.1802,-1,1,8,94.6,,False,490.999
14117,0.893,24.409,183.2,364.0841,-1,1,4,95.7,,False,246.999
14118,0.376,17.628,136.23,194.0448,-1,2,4,100.0,,False,53.999
14124,0.37,17.466,136.83,159.1,-1,1,6,90.7,,False,433.999
14128,0.361,25.361,196.64,188.0436,-1,1,7,93.1,,False,357.999
14129,2.194,23.375,182.28,171.9967,-1,1,9,96.6,,False,373.418567334442
14130,0.464,19.866,149.18,352.8623,-1,1,8,98.1,,False,221.88899999999998
14131,3.683,36.798,271.82,683.5965,-1,2,7,65.2,,False,172.0001111111111
14133,3.401,39.492,291.09,776.7337,-1,3,3,58.4,,False,261.999
14134,1.389,20.43,157.92,195.1364,-1,1,6,97.3,,False,380.999
14135,1.773,33.723,249.14,673.3295,-1,2,8,89.8,,False,227.999
14138,2.862,30.078,223.59,508.3062,-1,3,5,93.5,,False,648.999
14141,2.074,24.197,182.73,310.2391,-1,1,7,99.6,,False,401.999
14152,1.919,27.32,204.55,395.2374,-1,1,6,91.9,,False,548.999
14157,1.976,27.767,206.91,461.3262,-1,2,3,97.0,,False,1198.999
14161,2.362,33.264,246.82,552.3375,-1,2,4,91.9,,False,1036.999
14166,4.13,23.287,175.92,307.0095,-1,2,3,100.0,,False,842.999
14167,1.073,37.522,276.41,797.301,-1,2,4,93.7,,False,821.999
14170,2.799,31.052,230.92,502.3584,-1,1,6,63.3,,False,621.999
14171,0.304,29.008,224.05,201.0365,-1,1,5,94.4,,False,207.999
14172,0.455,35.14,289.5,94.923,-1,1,8,96.5,,False,92.11122222222222
14174,3.428,24.582,182.57,514.9824,-1,1,6,95.7,,False,510.999
14175,2.884,23.452,177.41,297.1488,-1,1,4,79.1,,False,733.5571092825279
14176,1.843,19.965,152.08,253.021,-1,1,6,99.3,,False,390.999
14182,1.736,21.278,162.02,256.0821,-1,2,3,86.8,,False,1127.999
14183,2.797,32.126,237.99,588.3187,-1,3,7,72.1,,False,352.999
14184,2.512,31.804,236.47,507.2881,-1,2,3,99.1,,False,539.999
14188,3.559,47.166,345.9,1110.8198,-1,2,9,97.7,,False,183.999
14189,2.69,24.315,181.31,444.7473,-1,1,4,98.0,,False,332.999
14196,3.446,28.035,209.73,405.3015,-1,2,4,74.7,,False,729.999
14198,0.629,30.082,229.13,260.0287,-1,1,4,83.9,,False,379.999
14204,0.417,17.699,136.05,212.0045,-1,2,3,74.1,,False,431.999
14205,2.324,25.892,194.25,370.3038,-1,1,5,70.9,,False,361.999
14208,2.584,32.832,243.66,546.3831,-1,1,5,94.8,,False,917.999
14210,0.34,25.362,199.95,148.9787,-1,1,9,98.2,,False,123.999
14211,2.963,31.449,233.16,567.3238,-1,2,4,90.8,,False,486.999
14216,3.298,26.353,197.98,357.2994,-1,1,5,99.1,,False,543.999
14217,4.21,45.494,334.02,1014.7948,-1,4,6,69.8,,False,406.999
14218,0.666,16.328,125.57,208.8993,-1,1,3,98.7,,False,645.999
14221,3.605,29.235,217.38,500.2809,-1,2,7,61.6,,False,118.17014441669016
14222,1.307,28.279,210.17,508.266,-1,2,4,84.2,,False,974.999
14231,2.02,31.767,235.6,560.3632,-1,2,5,99.7,,False,1075.999
14232,1.552,29.915,221.89,555.1486,-1,5,3,99.3,,False,600.999
14235,1.085,30.735,228.03,549.1642,-1,2,6,100.0,,False,597.999
14236,3.154,33.15,246.07,542.4512,-1,1,5,57.4,,False,347.999
14239,1.784,23.244,176.23,282.2507,-1,1,5,88.0,,False,398.999
14241,0.431,16.159,125.53,178.0123,-1,1,6,97.8,,False,397.999
14242,1.681,27.19,203.23,416.303,-1,1,5,97.4,,False,501.999
14243,3.79,32.376,240.55,521.5399,-1,3,4,57.8,,False,87.999
14244,3.734,23.421,176.44,329.0456,-1,2,3,81.8,,False,1296.999
14246,3.097,28.847,253.48,59.0123,-1,1,7,85.2,,False,336.999
14253,2.805,35.021,259.03,639.4484,-1,3,7,62.1,,False,463.999
14255,3.228,27.377,204.68,413.2308,-1,1,6,99.1,,False,194.999
14259,1.473,25.982,194.08,423.2371,-1,1,5,97.9,,False,701.999
14262,2.46,33.576,248.66,598.381,-1,2,7,97.4,,False,491.999
14271,2.729,21.762,167.26,215.1631,-1,1,7,77.1,,False,461.999
14280,0.464,16.986,132.63,166.0484,-1,1,3,97.6,,False,386.999
14281,3.572,46.247,339.33,1071.7279,-1,3,3,99.9,,False,1559.999
14283,2.116,26.449,198.53,365.3424,-1,1,3,48.2,,False,1079.999
14284,2.102,28.358,211.37,458.2283,-1,2,4,81.5,,False,324.999
14286,3.999,32.296,239.37,577.317,-1,1,7,84.8,,False,285.999
14289,4.587,37.546,275.64,998.13,-1,4,3,100.0,,False,305.999
14290,3.255,27.684,203.91,768.9553,-1,2,8,93.4,,False,398.999
14294,1.445,27.439,205.29,404.3152,-1,2,3,88.4,,False,1653.999
14299,3.653,33.45,245.51,995.9324,-1,1,6,88.5,,False,474.999
14300,2.138,27.668,206.78,418.2644,-1,1,4,97.9,,False,874.999
14302,1.845,33.569,248.14,654.3306,-1,3,3,97.8,,False,769.999
14304,3.49,22.325,169.92,259.2059,-1,1,6,91.4,,False,502.999
14305,3.312,32.457,241.07,529.3548,-1,3,4,52.5,,False,878.999
14310,0.443,27.68,213.9,199.0041,-1,1,5,86.8,,False,629.999
14313,4.149,23.84,178.64,381.0291,-1,2,3,100.0,,False,1005.999
14315,1.894,22.767,170.47,387.8491,-1,1,7,91.7,,False,338.999
14323,2.688,20.488,156.36,244.0302,-1,1,4,76.6,,False,806.999
14331,2.495,42.599,312.94,969.5777,-1,3,6,98.3,,False,273.999
14340,3.536,28.238,211.3,402.3463,-1,1,7,69.1,,False,447.999
14342,0.952,13.628,106.17,168.8336,-1,1,4,71.9,,False,651.999
14343,3.555,21.256,162.71,231.2098,-1,1,7,98.0,,False,313.999
14347,1.32,20.326,160.85,141.0142,-1,1,4,47.8,,False,55.999
14348,3.508,35.213,260.06,686.409,-1,3,4,52.5,,False,671.999
14349,2.579,41.104,302.77,809.5627,-1,2,4,98.8,,False,226.999
14354,0.463,22.431,170.09,280.8927,-1,1,8,90.9,,False,280.999
14356,2.002,29.586,220.93,432.3194,-1,1,5,69.0,,False,425.999
14357,0.372,23.297,174.95,357.1003,-1,1,4,99.0,,False,302.999
14364,3.458,36.679,271.0,676.4869,-1,1,4,55.1,,False,1479.999
14368,0.73,20.693,157.84,246.8949,-1,1,8,84.6,,False,336.999
14371,0.865,31.835,235.62,613.3616,-1,2,3,100.0,,False,669.999
14374,0.257,28.414,209.81,674.8409,-1,1,8,90.2,,False,330.999
14378,1.496,21.605,163.48,293.6113,-1,1,6,99.0,,False,903.999
14384,1.149,27.219,203.72,399.2203,-1,1,4,99.3,,False,160.999
14388,4.062,39.726,292.75,783.5695,-1,2,7,45.4,,False,107.25414468844019
14391,0.758,29.751,220.98,523.2112,-1,3,7,99.8,,False,255.999
14392,4.423,24.659,185.96,321.2783,-1,1,7,83.5,,False,272.999
14399,0.48,16.566,127.74,199.9048,-1,1,6,94.3,,False,281.999
14403,3.679,27.691,206.22,471.2457,-1,1,7,93.9,,False,330.999
14404,2.572,30.439,226.69,475.3046,-1,2,4,37.7,,False,1115.999
14405,1.072,29.007,215.36,531.0821,-1,2,6,98.8,,False,537.999
14406,0.41,20.852,157.37,311.6657,-1,1,5,96.5,,False,311.999
14408,3.857,31.804,236.77,483.4034,-1,2,4,78.6,,False,375.999
14409,1.567,25.423,201.33,141.0145,-1,1,4,43.4,,False,310.999
14415,0.331,25.642,200.1,171.025,-1,1,4,83.7,,False,77.999
14417,2.306,28.706,213.89,464.2114,-1,2,4,98.8,,False,465.999
14418,0.366,26.663,200.15,365.1112,-1,2,4,82.8,,False,417.999
14421,3.882,46.538,341.55,1052.8338,-1,3,5,99.0,,False,116.999
14422,1.676,29.536,219.53,509.2317,-1,2,7,68.5,,False,106.999
14424,0.376,26.186,201.03,222.028,-1,1,8,97.0,,False,386.999
14429,2.94,26.389,197.93,374.2732,-1,1,5,86.0,,False,707.999
14430,1.42,35.414,261.05,761.3424,-1,2,5,100.0,,False,594.999
14432,1.274,34.989,262.72,369.1777,-1,2,6,90.8,,False,407.999
14435,1.385,32.068,237.66,577.3616,-1,1,6,91.6,,False,163.999
14437,2.031,28.716,213.81,475.3029,-1,2,4,75.6,,False,585.999
14438,4.409,39.303,289.76,765.565,-1,2,3,71.7,,False,202.999
14442,1.301,24.218,182.2,341.1754,-1,2,9,97.5,,False,170.33344444444444
14447,2.644,33.096,244.81,633.3185,-1,2,6,94.1,,False,410.999
14450,2.169,21.723,178.3,96.9574,-1,1,5,99.3,,False,308.77788888888887
14452,3.418,25.569,192.48,337.31,-1,1,8,86.0,,False,340.999
14454,4.638,33.882,250.76,619.3906,-1,5,5,82.8,,False,753.999
14456,1.069,35.26,260.13,729.1493,-1,2,7,98.8,,False,169.999
14460,0.539,28.23,210.16,478.1903,-1,2,4,97.9,,False,740.999
14461,0.508,18.062,138.11,232.976,-1,1,5,97.0,,False,336.999
14462,2.639,43.846,321.88,1021.6069,-1,4,7,69.1,,False,352.999
14465,3.507,38.56,284.46,737.5396,-1,1,3,56.0,,False,570.999
14466,3.579,34.481,255.04,637.4032,-1,3,4,60.3,,False,1078.999
14468,2.308,31.874,236.13,588.2949,-1,1,6,96.6,,False,734.999
14473,2.521,30.875,229.59,502.3206,-1,1,6,93.8,,False,540.999
14476,0.276,22.954,170.51,506.6271,-1,1,9,87.4,,False,124.999
14478,3.548,36.624,270.48,690.4837,-1,4,6,93.6,,False,438.999
14482,3.504,46.817,343.43,1087.8223,-1,2,6,98.5,,False,106.999
14489,1.458,29.259,217.22,533.287,-1,1,4,53.6,,False,977.999
14490,2.678,31.561,234.4,528.3367,-1,1,6,85.1,,False,725.999
14491,1.551,23.972,180.29,344.1527,-1,2,5,99.2,,False,50.999
14492,1.463,31.041,229.9,593.1901,-1,3,6,98.7,,False,332.999
14496,0.79,25.56,209.91,96.9206,-1,1,9,90.1,,False,140.999
14498,0.74,17.797,135.56,250.8506,-1,1,4,98.6,,False,699.999
14506,0.588,19.082,144.75,274.8893,-1,1,5,97.8,,False,317.999
14508,1.346,17.518,136.99,163.074,-1,1,4,97.2,,False,756.999
14510,2.706,26.046,192.29,674.5616,-1,1,6,96.7,,False,536.999
14511,3.362,36.609,270.34,693.5,-1,2,4,71.2,,False,890.999
14513,2.566,36.999,273.23,692.4905,-1,1,5,96.9,,False,330.999
14517,0.885,24.996,187.79,355.2475,-1,2,4,97.2,,False,596.999
14518,2.528,23.117,176.31,249.2207,-1,1,6,94.9,,False,588.999
14519,1.88,29.162,217.45,452.3101,-1,1,7,65.4,,False,383.999
14520,3.08,33.849,250.32,640.3651,-1,3,6,94.5,,False,261.999
14524,1.386,35.643,262.93,733.4074,-1,2,7,98.3,,False,243.999
14531,0.532,26.047,193.34,528.9035,-1,1,11,80.4,,False,180.999
14534,3.812,25.969,192.09,614.9771,-1,1,7,92.9,,False,335.999
14535,4.525,43.737,321.34,958.7335,-1,5,10,89.0,,False,100.60272838230651
14536,2.322,22.715,172.47,273.2322,-1,1,4,52.3,,False,641.999
14539,1.911,29.428,219.2,470.3251,-1,2,5,88.5,,False,780.999
14540,1.616,20.614,157.93,227.1166,-1,1,5,98.0,,False,527.999
14541,2.33,28.671,214.01,436.316,-1,1,4,84.1,,False,349.999
14544,1.991,28.267,210.78,451.2659,-1,1,4,76.9,,False,220.999
14545,3.029,30.168,661.51,465.4967,-3,3,4,40.4,,False,901.999
14547,0.927,29.527,218.88,568.2862,-1,2,4,96.5,,False,1442.999
14548,1.77,22.976,171.32,442.9621,-1,1,5,98.7,,False,724.999
14549,3.45,32.96,244.23,582.3992,-1,1,3,62.5,,False,1702.999
14550,3.416,23.773,179.5,311.2197,-1,2,4,50.6,,False,444.999
14551,1.441,28.669,216.29,321.9855,-1,1,3,93.8,,False,699.999
14561,2.342,33.456,248.43,535.3093,-1,3,4,100.0,,False,275.999
14562,0.669,26.914,199.44,568.8961,-1,1,10,89.3,,False,1.0001111111110959
14565,2.531,31.569,234.02,572.2986,-1,2,3,59.4,,False,541.999
14566,2.113,39.174,288.33,845.5498,-1,3,3,99.8,,False,191.999
14567,0.345,21.477,162.55,292.0791,-1,1,6,97.7,,False,464.999
14576,3.945,35.532,262.85,635.4942,-1,5,3,62.1,,False,708.999
14577,2.628,32.51,240.9,583.2554,-1,2,4,62.3,,False,954.999
14586,3.685,34.731,257.07,615.511,-1,1,4,36.2,,False,103.999
14587,1.832,32.888,244.46,513.3206,-1,2,8,97.8,,False,204.999
14588,3.43,42.403,311.63,938.6913,-1,2,7,100.0,,False,510.33344444444447
14594,3.433,26.316,196.15,455.0489,-1,3,3,100.0,,False,934.999
14600,1.27,37.067,277.67,397.2083,-1,2,6,89.5,,False,554.999
14603,0.539,33.306,256.17,217.028,-1,1,7,95.1,,False,260.999
14606,1.143,22.32,169.89,258.9783,-1,1,4,97.3,,False,264.999
14608,3.498,40.279,296.39,857.6192,-1,2,4,100.0,,False,406.999
14612,2.953,31.269,232.04,546.3209,-1,3,3,75.5,,False,602.999
14613,2.332,28.054,209.37,438.1986,-1,1,5,97.6,,False,731.999
14614,1.361,8.869,69.85,141.0161,-1,1,7,99.7,,False,142.999
14619,1.438,19.418,150.06,195.0992,-1,1,4,94.4,,False,280.999
14620,2.6,33.133,246.39,505.2996,-1,2,7,98.3,,False,329.999
14623,3.919,34.128,252.41,637.4034,-1,1,5,61.4,,False,690.999
14625,4.346,40.625,298.93,855.6036,-1,3,4,52.5,,False,661.999
14627,1.415,30.173,224.17,519.3172,-1,1,6,96.7,,False,188.999
14628,1.442,19.447,146.7,312.8274,-1,1,3,97.5,,False,1366.999
14629,3.261,35.182,260.21,638.4569,-1,1,5,60.8,,False,767.2223333333334
14634,0.34,18.047,139.71,188.936,-1,1,7,89.6,,False,284.999
14635,3.121,32.275,239.68,532.3728,-1,1,3,38.8,,False,443.999
14638,1.058,33.128,244.73,673.1794,-1,2,7,98.8,,False,455.999
14640,2.429,25.465,191.59,342.3841,-1,2,3,78.3,,False,880.999
14642,1.054,32.206,238.25,627.3753,-1,2,7,98.4,,False,350.999
14645,1.518,23.129,174.79,304.1568,-1,2,11,96.7,,False,209.999
14646,2.465,29.564,219.75,507.4204,-1,2,3,63.0,,False,1629.999
14649,0.587,23.481,181.14,203.0544,-1,1,8,70.3,,False,199.999
14654,4.126,28.957,216.32,424.3541,-1,1,5,66.9,,False,446.999
14658,3.576,30.459,226.54,499.3227,-1,2,3,62.6,,False,1076.999
14660,2.056,23.089,174.89,288.2261,-1,1,5,79.3,,False,169.999
14661,2.282,31.839,235.98,576.2955,-1,2,5,78.5,,False,321.999
14662,3.609,35.21,260.57,621.4774,-1,2,4,36.4,,False,793.999
14664,2.203,35.765,262.25,1086.9615,-1,3,5,96.6,,False,578.999
14668,2.358,34.398,254.68,607.3861,-1,2,4,100.0,,False,938.999
14672,1.798,28.567,213.23,437.2899,-1,2,7,97.1,,False,209.999
14674,1.364,21.452,163.02,267.0763,-1,2,6,98.6,,False,288.999
14680,1.494,33.105,244.26,716.3016,-1,3,5,86.9,,False,476.999
14681,3.813,41.702,306.84,867.6616,-1,1,4,37.8,,False,367.999
14682,2.435,32.039,237.78,545.1456,-1,2,5,99.8,,False,468.999
14683,0.343,26.503,200.66,294.0914,-1,2,4,97.7,,False,267.999
14685,3.648,30.783,448.95,917.4855,-2,3,4,95.0,,False,603.999
14687,2.445,23.472,175.27,422.7794,-1,1,6,92.1,,False,345.999
14688,3.911,35.37,261.8,617.4819,-1,1,5,57.9,,False,262.999
14689,0.568,14.822,114.24,199.8033,-1,1,5,69.3,,False,65.55566666666667
14692,3.328,28.141,210.18,427.2173,-1,3,3,85.4,,False,769.999
14700,0.603,27.844,205.71,656.8311,-1,1,8,80.7,,False,238.999
14703,1.851,33.019,243.83,687.1487,-1,5,5,100.0,,False,880.999
14708,1.75,29.942,222.42,521.3483,-1,2,7,97.2,,False,436.999
14709,0.552,17.521,134.15,226.9927,-1,1,5,80.9,,False,341.999
14710,1.961,33.303,246.29,639.2953,-1,2,3,95.3,,False,887.999
14712,0.832,27.619,206.39,419.2799,-1,1,5,76.1,,False,426.999
14715,2.582,33.002,244.78,560.4765,-1,1,4,38.5,,False,502.999
14716,2.534,27.888,208.74,399.2526,-1,2,5,97.5,,False,188.999
14719,1.929,24.732,185.88,351.1834,-1,2,7,86.7,,False,421.2223333333333
14720,2.027,29.235,218.98,391.3218,-1,1,4,90.5,,False,1242.999
14721,1.887,31.114,230.76,559.2528,-1,1,3,75.0,,False,1007.999
14724,3.562,34.867,257.76,654.4168,-1,2,5,89.6,,False,173.999
14725,0.653,16.845,131.94,159.043,-1,1,3,97.0,,False,145.999
14731,2.397,22.54,170.57,294.0889,-1,1,3,97.9,,False,764.999
14733,4.184,37.088,273.71,716.5847,-1,3,7,52.5,,False,228.4445555555556
14737,1.43,41.819,345.47,92.9255,-1,1,11,98.7,,False,181.7778888888889
14738,1.922,26.887,201.54,381.2623,-1,1,5,82.2,,False,433.999
14747,0.665,20.93,159.45,253.0149,-1,1,5,99.4,,False,419.999
14748,0.698,18.471,140.09,274.9287,-1,1,4,94.0,,False,565.999
14750,2.24,23.651,176.7,416.7966,-1,1,4,93.3,,False,111.999
14752,2.839,24.058,181.65,311.2212,-1,1,4,60.9,,False,636.7778888888889
14754,2.434,36.672,270.68,713.4445,-1,4,3,100.0,,False,96.999
14758,2.274,19.566,153.72,154.0615,-1,1,7,93.0,,False,248.999
14759,4.396,40.057,294.74,862.559,-1,1,3,44.0,,False,946.999
14760,2.481,25.585,201.3,152.9938,-1,1,5,71.5,,False,438.999
14762,0.338,25.779,194.04,338.9346,-1,1,7,82.9,,False,289.999
14763,2.407,24.669,183.08,530.8337,-1,1,4,89.6,,False,1050.999
14766,0.6,23.537,177.9,303.1352,-1,2,4,97.6,,False,394.999
14771,1.071,30.973,229.63,567.1314,-1,4,6,98.3,,False,508.999
14776,3.391,45.997,337.4,1091.7358,-1,2,7,84.4,,False,370.999
14777,3.677,40.064,294.9,839.5657,-1,1,4,76.9,,False,400.889
14780,0.876,21.95,165.63,314.0116,-1,2,4,100.0,,False,1202.999
14781,3.731,23.88,178.94,381.0789,-1,2,4,100.0,,False,883.999
14785,1.88,19.241,147.27,230.0378,-1,1,4,99.3,,False,783.999
14791,1.976,29.784,221.3,517.2029,-1,1,4,97.3,,False,900.999
14795,0.549,24.406,181.03,540.8296,-1,1,7,78.8,,False,288.999
14797,3.534,31.536,234.22,528.3497,-1,1,5,98.9,,False,618.999
14801,1.679,28.051,208.9,472.3059,-1,1,5,86.2,,False,145.999
14802,3.205,29.804,226.24,279.232,-1,1,6,70.6,,False,364.999
14809,4.18,33.215,246.04,593.3592,-1,1,4,74.8,,False,714.999
14811,3.121,38.372,282.52,825.3292,-1,3,7,91.0,,False,324.999
14813,1.884,31.09,230.64,553.2428,-1,1,7,96.2,,False,370.999
14815,1.356,19.226,145.11,308.8982,-1,1,5,98.3,,False,430.999
14818,4.469,34.276,252.3,822.1134,-1,3,4,100.0,,False,386.999
14820,1.911,32.043,238.42,493.2618,-1,1,7,87.3,,False,431.999
14822,3.313,30.845,228.99,535.2813,-1,2,4,64.8,,False,869.999
14823,1.738,20.938,156.9,376.1216,-1,1,6,97.5,,False,196.4202616464313
14824,0.561,37.548,289.03,215.0307,-1,1,6,99.4,,False,90.999
14827,2.394,31.463,233.11,583.2696,-1,4,5,94.2,,False,798.999
14829,1.519,26.01,194.82,388.2173,-1,2,7,98.1,,False,285.999
14831,0.275,22.123,166.71,324.7609,-1,1,8,91.7,,False,205.999
14835,1.954,22.37,169.67,279.1725,-1,1,3,56.0,,False,511.999
14838,0.639,18.393,140.53,236.9603,-1,1,7,99.2,,False,620.999
14839,1.328,19.517,149.29,233.0125,-1,1,4,78.3,,False,659.999
14841,2.906,26.947,201.94,384.3144,-1,1,6,74.5,,False,382.999
14842,0.425,30.049,223.0,543.2831,-1,2,6,91.7,,False,312.999
14843,1.7,24.481,185.06,303.1035,-1,2,3,97.2,,False,168.999
14844,3.406,18.519,141.69,230.9769,-1,1,5,90.2,,False,748.999
14852,0.384,19.562,149.24,245.0112,-1,1,6,92.8,,False,426.999
14859,2.712,26.026,192.13,676.5595,-1,3,3,99.9,,False,808.999
14860,2.932,20.418,156.09,236.1051,-1,1,3,53.1,,False,4.7778888888888105
14864,2.488,43.055,316.44,939.6011,-1,4,3,82.4,,False,1384.999
14866,1.921,26.99,201.64,422.2044,-1,1,4,97.2,,False,1166.999
14867,4.007,24.313,184.33,283.2561,-1,1,6,84.3,,False,345.999
14868,4.336,32.53,241.44,543.4064,-1,2,3,40.4,,False,614.999
14870,2.494,28.067,209.26,453.1813,-1,2,6,92.0,,False,136.999
14876,1.943,20.252,156.54,195.1731,-1,1,6,90.0,,False,583.999
14883,1.884,23.223,175.26,314.1201,-1,1,6,91.1,,False,298.999
14884,0.451,23.073,174.29,307.1525,-1,2,3,90.8,,False,856.999
14890,3.629,40.916,300.84,905.3889,-1,3,5,95.5,,False,683.999
14894,3.012,30.896,230.53,445.2956,-1,2,4,96.5,,False,852.999
14897,3.664,26.434,198.47,363.3267,-1,1,7,90.2,,False,203.44455555555555
14898,1.284,33.681,248.88,667.1776,-1,2,6,100.0,,False,565.999
14900,1.332,34.085,251.73,685.338,-1,3,9,86.7,,False,131.999
14905,3.438,46.569,341.72,1066.778,-1,4,3,90.8,,False,85.999
14906,3.368,43.614,320.36,974.6549,-1,2,9,96.6,,False,135.999
14909,2.606,23.504,177.63,304.2027,-1,1,3,59.8,,False,614.3334444444445
14916,4.082,27.313,202.64,543.0594,-1,2,5,98.1,,False,437.999
14918,2.376,32.408,240.16,579.3538,-1,2,7,98.4,,False,317.999
14923,1.287,32.584,241.13,619.1714,-1,1,6,98.4,,False,629.999
14925,2.266,26.506,198.95,366.3449,-1,1,4,70.7,,False,232.999
14926,2.54,27.742,206.94,445.3312,-1,1,5,64.8,,False,596.999
14928,1.438,23.845,178.91,366.9827,-1,1,8,91.2,,False,121.89014150529042
14930,0.469,19.303,148.15,219.0644,-1,2,4,95.2,,False,1193.999
14936,2.342,39.487,290.93,794.5382,-1,3,4,52.5,,False,537.999
14937,2.518,35.489,262.26,668.4214,-1,5,4,93.7,,False,1137.999
14938,1.576,28.883,215.9,417.17,-1,2,4,100.0,,False,667.999
14939,1.294,27.41,204.68,429.2461,-1,1,6,81.3,,False,131.999
14941,2.246,32.692,242.51,557.4562,-1,3,4,52.5,,False,324.999
14942,3.258,25.707,194.09,313.2725,-1,1,3,51.5,,False,346.999
14947,2.653,37.996,279.87,803.3772,-1,3,4,97.1,,False,456.999
14950,3.802,38.141,281.64,699.5209,-1,2,7,91.6,,False,206.999
14951,1.355,30.181,223.54,591.1403,-1,3,3,97.2,,False,652.999
14954,1.587,27.275,203.8,420.2403,-1,1,3,64.7,,False,215.999
14957,1.359,30.483,225.82,585.1223,-1,2,6,98.7,,False,304.999
14958,1.978,26.86,200.91,406.226,-1,1,5,86.5,,False,638.999
14970,4.569,34.012,252.06,581.5136,-1,2,3,81.5,,False,1259.2223333333334
14971,2.911,44.54,326.98,1021.6319,-1,3,7,99.6,,False,479.999
14972,4.258,29.715,221.79,438.3677,-1,1,5,74.8,,False,636.999
14973,2.567,23.235,176.37,275.1992,-1,1,5,98.7,,False,442.999
14979,0.455,14.749,117.78,125.0222,-1,1,6,96.6,,False,367.1112222222222
14981,0.26,26.633,197.35,568.8748,-1,1,6,60.3,,False,551.999
14982,0.347,22.095,169.97,212.089,-1,1,7,85.7,,False,407.999
14996,1.452,27.59,205.69,454.1903,-1,1,7,98.8,,False,453.999
15000,2.156,31.277,232.39,519.3331,-1,1,7,73.3,,False,658.999
15004,4.133,35.096,259.68,628.5471,-1,3,3,78.5,,False,545.999
15005,2.518,24.098,182.39,294.2778,-1,1,5,97.6,,False,259.999
15006,2.979,27.792,208.14,392.3508,-1,1,3,43.3,,False,140.999
15008,1.042,12.753,104.67,94.9229,-1,1,8,98.3,,False,71.999
15010,2.205,25.447,188.46,580.9331,-1,1,5,78.5,,False,175.999
15012,1.526,27.55,205.28,462.3221,-1,2,3,99.9,,False,1358.999
15018,0.632,31.581,240.57,260.0279,-1,2,6,94.4,,False,288.999
15026,0.692,23.18,174.7,325.0371,-1,1,7,98.5,,False,193.999
15028,1.442,41.057,308.39,369.1739,-1,1,6,74.8,,False,297.999
15037,0.751,26.884,198.92,608.8259,-1,1,7,57.0,,False,259.999
15051,0.808,18.453,140.58,250.9493,-1,1,4,99.1,,False,640.999
15054,2.792,24.17,181.8,343.155,-1,1,3,92.2,,False,1534.999
15058,2.271,29.304,218.36,464.3457,-1,1,3,92.9,,False,1088.999
15060,3.726,28.866,215.16,457.2992,-1,2,4,92.7,,False,556.999
15061,2.608,33.193,245.52,634.3212,-1,3,3,56.4,,False,414.999
15062,0.745,22.466,183.21,102.9559,-1,1,7,77.8,,False,390.999
15063,1.218,24.486,184.31,337.2,-1,1,7,97.4,,False,203.999
15070,1.473,27.624,206.26,431.2631,-1,2,3,100.0,,False,590.999
15071,0.892,12.265,97.07,136.8604,-1,1,5,72.4,,False,244.999
15072,1.804,39.41,317.69,116.9712,-1,1,8,74.1,,False,186.999
15074,1.104,26.071,194.71,425.1149,-1,1,6,99.0,,False,397.999
15075,3.602,37.825,279.02,736.1395,-1,3,5,97.4,,False,649.999
15078,2.41,29.585,220.09,491.3397,-1,2,4,70.2,,False,681.999
15089,3.733,24.593,191.58,175.0186,-1,1,4,99.6,,False,829.999
15093,2.494,28.459,212.7,419.2791,-1,1,4,60.9,,False,303.999
15094,1.313,9.151,72.1,141.016,-1,1,6,68.7,,False,339.999
15096,2.61,23.225,176.23,277.2153,-1,2,5,44.4,,False,472.66677777777784
15098,3.007,36.279,267.63,733.3839,-1,4,4,100.0,,False,1019.999
15099,1.852,32.574,241.85,537.3258,-1,1,9,97.6,,False,321.999
15106,2.76,33.213,245.7,629.3369,-1,2,5,91.6,,False,717.999
15111,2.89,36.402,268.7,710.367,-1,2,6,75.8,,False,414.999
15116,3.601,29.918,223.43,431.3886,-1,2,5,100.0,,False,693.999
15118,1.084,33.57,248.06,665.1105,-1,3,6,71.0,,False,329.999
15120,2.071,28.415,213.34,365.2673,-1,1,5,67.7,,False,410.999
15126,2.937,30.535,228.07,429.3012,-1,1,7,86.6,,False,328.999
15127,2.433,27.156,203.23,400.249,-1,1,3,91.7,,False,562.999
15129,2.985,33.796,251.1,523.3063,-1,2,7,99.4,,False,311.999
15130,1.37,32.488,241.39,521.2935,-1,2,4,100.0,,False,306.999
15135,1.61,20.254,155.43,220.1448,-1,1,4,46.1,,False,59.11122222222218
15137,3.73,20.613,156.06,289.0328,-1,1,3,97.6,,False,882.999
15144,0.96,24.978,187.51,363.2169,-1,1,7,98.7,,False,277.999
15145,4.033,26.117,198.08,282.2509,-1,1,7,77.6,,False,262.999
15148,0.979,23.183,175.76,282.2518,-1,1,4,73.7,,False,454.999
15151,3.656,37.18,274.02,773.3099,-1,4,6,100.0,,False,376.999
15155,1.541,33.245,246.16,603.3767,-1,2,7,76.8,,False,628.999
15158,4.163,30.413,230.18,299.0257,-1,1,3,96.5,,False,565.999
15159,1.221,33.534,247.87,655.1767,-1,2,7,100.0,,False,466.999
15164,0.612,26.988,199.32,662.8265,-1,1,9,87.2,,False,294.999
15167,2.748,41.577,310.9,423.2506,-1,1,4,88.6,,False,340.999
15169,0.715,18.529,140.99,256.907,-1,1,3,98.1,,False,497.999
15170,1.478,40.351,296.71,897.5172,-1,2,7,89.0,,False,179.999
15172,1.137,25.386,190.77,353.2314,-1,2,5,85.1,,False,417.999
15173,1.249,32.293,242.42,370.1742,-1,2,5,88.1,,False,514.999
15179,1.285,24.697,185.69,347.1857,-1,3,4,98.5,,False,78.999
15180,4.332,38.053,280.86,714.5216,-1,2,7,97.1,,False,584.3334444444445
15182,0.781,21.74,165.34,262.9263,-1,1,7,99.3,,False,107.22233333333332
15184,1.647,19.889,153.72,195.1365,-1,1,5,92.8,,False,324.999
15185,2.227,39.588,291.25,867.4855,-1,3,7,95.3,,False,419.999
15186,3.454,32.578,241.92,532.4441,-1,1,5,64.6,,False,153.5556666666667
15190,4.067,23.753,179.69,297.2411,-1,1,3,44.0,,False,725.999
15193,3.162,42.391,311.44,963.4481,-1,2,5,97.5,,False,296.999
15203,2.203,19.681,153.58,168.9872,-1,1,6,99.0,,False,356.999
15204,4.439,36.998,273.32,678.6116,-1,2,6,97.9,,False,316.11122222222224
15206,1.336,33.74,249.58,633.1925,-1,2,5,100.0,,False,202.999
15209,0.969,23.609,177.99,323.0211,-1,1,4,99.2,,False,437.999
15211,1.42,25.286,222.1,59.0129,-1,1,12,99.9,,False,107.55566666666667
15212,0.407,23.842,182.02,244.9632,-1,1,5,94.4,,False,243.999
15213,1.73,39.409,312.42,141.0148,-1,1,10,76.1,,False,58.111222222222224
15217,0.53,28.831,221.67,217.0273,-1,1,9,75.5,,False,65.999
15220,3.599,33.89,251.17,581.5846,-1,1,3,48.9,,False,1551.999
15221,2.753,46.756,348.47,476.2814,-1,1,7,91.3,,False,368.999
15226,1.736,32.944,243.91,607.3487,-1,2,5,98.8,,False,423.999
15230,2.806,29.882,222.05,515.2406,-1,2,5,70.3,,False,243.999
15232,2.091,26.408,198.23,365.3421,-1,1,3,47.0,,False,749.999
15233,0.429,19.481,148.15,260.9724,-1,1,6,99.1,,False,393.999
15234,1.564,19.558,150.44,211.0752,-1,1,3,96.7,,False,1067.999
15236,3.119,30.648,227.71,519.2953,-1,2,5,65.4,,False,619.999
15237,4.211,38.257,282.2,738.5413,-1,2,7,90.8,,False,306.999
15242,2.74,28.133,211.75,341.2119,-1,1,4,72.1,,False,104.999
15243,0.271,22.141,165.07,442.6756,-1,1,8,86.1,,False,152.999
15247,1.086,8.388,66.03,141.0151,-1,1,9,98.3,,False,146.999
15248,1.61,21.558,189.26,59.0123,-1,1,7,75.8,,False,195.999
15252,4.039,39.778,292.75,851.539,-1,1,3,39.6,,False,551.999
15253,2.742,27.344,204.42,414.3007,-1,1,3,71.8,,False,528.999
15256,0.551,22.895,172.26,338.8516,-1,1,8,90.9,,False,279.999
15257,3.861,28.617,214.58,379.321,-1,2,3,66.9,,False,1109.999
15262,1.631,24.368,183.7,324.2254,-1,1,6,97.4,,False,400.999
15264,1.628,24.41,182.22,428.9308,-1,1,8,53.2,,False,263.999
15266,2.331,20.139,154.55,220.1431,-1,1,4,43.1,,False,608.999
15268,1.044,33.216,245.38,674.356,-1,2,6,100.0,,False,776.999
15271,1.863,33.332,247.98,497.2939,-1,2,3,48.7,,False,832.999
15275,3.483,36.751,271.02,749.3508,-1,5,4,91.7,,False,879.999
15278,0.624,23.091,173.23,367.1051,-1,1,9,77.2,,False,160.88899999999998
15280,1.92,28.272,211.55,403.3211,-1,2,4,97.4,,False,792.999
15285,2.028,23.491,178.2,279.1811,-1,1,4,83.1,,False,476.999
15288,4.144,30.443,225.66,571.1115,-1,5,5,99.7,,False,522.999
15289,0.862,21.188,158.54,392.8536,-1,1,9,98.0,,False,181.999
15295,2.053,16.707,127.22,250.8511,-1,1,4,98.3,,False,488.999
15296,2.222,33.207,245.81,610.3398,-1,3,4,89.7,,False,408.999
15298,2.181,32.263,238.68,627.2331,-1,1,6,98.6,,False,223.999
15304,1.315,39.417,296.04,369.1786,-1,1,7,97.8,,False,418.999
15307,1.442,26.653,199.5,397.2228,-1,2,4,70.6,,False,595.999
15308,1.164,27.243,203.67,413.2018,-1,2,4,99.5,,False,225.999
15312,1.713,28.165,209.76,471.1909,-1,2,6,98.8,,False,295.999
15318,1.395,33.238,245.67,656.3447,-1,2,5,86.1,,False,497.999
15323,2.192,23.5,178.57,268.9814,-1,1,3,94.7,,False,345.999
15327,2.302,36.239,266.5,883.2007,-1,2,8,82.3,,False,356.999
15329,1.042,16.215,133.26,94.9229,-1,1,7,99.3,,False,171.999
15334,0.978,26.513,196.11,616.8147,-1,1,10,87.5,,False,191.999
15338,2.511,35.573,262.78,679.3996,-1,2,5,94.3,,False,460.999
15339,1.533,31.541,259.78,94.923,-1,1,7,90.8,,False,234.999
15346,1.55,28.709,213.81,472.3002,-1,1,4,63.4,,False,461.999
15348,3.769,36.837,272.04,692.497,-1,3,5,52.5,,False,722.999
15353,2.419,23.449,173.57,586.9767,-1,1,9,98.9,,False,97.44455555555558
15355,1.73,29.445,218.97,498.3173,-1,1,3,49.7,,False,699.999
15356,1.089,27.56,206.35,395.1895,-1,1,3,95.3,,False,389.999
15360,1.127,26.958,199.1,664.9636,-1,1,3,88.5,,False,567.999
15361,3.349,32.624,241.95,562.4177,-1,1,5,70.3,,False,482.999
15362,1.766,29.468,218.94,517.2071,-1,2,4,100.0,,False,769.999
15365,1.791,31.199,231.35,563.1214,-1,2,4,100.0,,False,377.2223333333333
15366,2.3,33.547,248.43,601.3976,-1,1,3,53.1,,False,461.999
15368,2.213,28.729,214.53,430.3044,-1,1,4,98.0,,False,728.999
15370,0.586,32.148,265.45,92.9265,-1,1,8,86.5,,False,129.999
15371,3.112,33.524,248.16,613.2866,-1,5,4,99.0,,False,860.999
15373,1.987,29.4,219.24,452.3103,-1,1,5,96.7,,False,243.999
15374,1.301,38.83,290.89,397.2056,-1,1,3,94.9,,False,682.999
15375,0.743,23.934,179.65,362.8971,-1,1,6,77.5,,False,363.999
15376,1.883,22.864,172.53,314.633,-1,1,4,89.9,,False,674.999
15377,2.507,32.166,238.27,590.3109,-1,2,4,46.3,,False,131.999
15380,1.063,25.801,207.45,118.9667,-1,1,6,96.8,,False,319.999
15382,1.775,22.892,172.97,305.0859,-1,1,3,98.8,,False,88.999
15384,3.342,28.632,213.77,433.3655,-1,2,3,47.9,,False,1082.999
15386,1.157,23.067,174.59,293.1738,-1,1,5,44.0,,False,280.0001111111111
15388,3.197,36.819,271.9,692.5671,-1,2,5,85.3,,False,234.999
15392,0.717,22.894,172.26,338.8513,-1,1,8,90.7,,False,207.999
15399,0.694,13.648,106.23,170.8307,-1,1,3,45.3,,False,740.999
15402,3.341,21.704,165.44,251.236,-1,1,4,96.9,,False,790.999
15403,2.526,20.85,158.78,255.0458,-1,1,5,99.3,,False,144.999
15404,3.949,34.607,255.96,639.4014,-1,2,4,62.7,,False,985.999
15408,1.358,32.95,243.28,691.1693,-1,2,5,99.7,,False,407.999
15414,0.803,27.486,203.17,638.8681,-1,1,8,92.0,,False,251.999
15417,3.099,25.892,193.89,391.1789,-1,1,5,80.3,,False,252.999
15421,0.789,26.207,196.35,385.1714,-1,1,5,98.8,,False,327.999
15422,4.259,41.323,303.96,878.6001,-1,2,3,76.8,,False,1049.999
15424,0.769,23.439,175.15,412.9003,-1,1,14,99.2,,False,0.3699250576189854
15425,0.638,26.479,201.62,260.0286,-1,1,4,80.1,,False,383.999
15433,2.061,29.832,221.92,494.2933,-1,1,3,79.7,,False,252.999
15434,1.08,32.425,239.72,647.0846,-1,1,5,98.1,,False,282.999
15436,0.415,17.752,140.65,138.0176,-1,1,5,79.0,,False,337.999
15439,2.345,28.055,209.83,408.2836,-1,1,5,74.4,,False,604.999
15440,1.845,47.529,376.9,141.0147,-1,1,8,99.7,,False,154.22233333333332
15441,3.906,34.09,252.1,642.4164,-1,6,6,88.3,,False,267.999
15442,4.14,28.194,210.73,417.3361,-1,1,4,50.4,,False,493.999
15443,2.45,34.032,252.43,561.2886,-1,2,5,98.8,,False,482.999
15447,2.791,28.315,211.26,443.2438,-1,1,6,79.3,,False,286.999
15450,2.942,36.136,266.67,715.3753,-1,3,5,66.4,,False,539.999
15455,3.324,29.222,217.29,500.28,-1,2,5,66.1,,False,673.908366939799
15457,1.995,22.142,168.71,253.2163,-1,1,4,78.1,,False,487.999
15463,1.582,26.264,197.15,365.2325,-1,1,4,79.9,,False,333.999
15464,3.155,31.82,235.11,665.1574,-1,2,6,95.9,,False,342.999
15466,3.063,19.063,147.61,189.1256,-1,1,6,85.0,,False,259.999
15467,3.273,33.108,244.99,620.3595,-1,4,5,68.5,,False,142.999
15470,3.262,27.758,204.45,769.9593,-1,1,8,92.5,,False,360.999
15471,3.509,36.357,268.09,751.3491,-1,3,6,80.9,,False,316.999
15473,3.216,24.129,181.86,325.1532,-1,1,3,91.8,,False,197.999
15477,2.309,25.11,187.61,418.8269,-1,1,3,98.1,,False,711.999
15478,0.372,19.717,154.54,159.0909,-1,1,6,81.8,,False,408.999
15479,2.786,29.841,225.0,327.2309,-1,1,5,98.2,,False,608.999
15481,2.614,30.798,228.51,548.3012,-1,2,5,96.7,,False,906.999
15486,1.512,23.403,177.03,297.2055,-1,1,8,88.4,,False,96.0001111111111
15488,1.35,32.571,240.32,715.1322,-1,2,5,94.2,,False,309.999
15493,3.46,41.113,302.44,879.5399,-1,3,5,99.7,,False,502.999
15494,0.619,24.005,178.48,492.8226,-1,1,7,98.1,,False,291.999
15495,2.284,22.778,173.01,271.1689,-1,1,4,99.2,,False,442.999
15496,2.47,27.789,208.26,384.2747,-1,1,5,99.1,,False,269.999
15499,1.285,31.678,235.16,539.2185,-1,3,5,100.0,,False,529.999
15501,1.513,30.687,227.68,548.3271,-1,2,3,92.6,,False,968.999
15502,3.396,28.872,216.2,395.3154,-1,2,3,41.8,,False,520.999
15504,2.782,42.492,312.23,952.5756,-1,1,4,97.0,,False,619.999
15507,2.664,40.177,314.66,165.0386,-1,1,4,99.2,,False,427.999
15508,4.006,34.573,255.51,663.4011,-1,3,6,97.5,,False,319.999
15516,2.095,19.534,150.33,209.154,-1,1,6,70.7,,False,93.999
15517,2.19,31.157,231.75,498.3508,-1,1,5,82.2,,False,455.999
15518,0.407,27.792,207.72,417.1917,-1,1,5,98.8,,False,269.999
15520,3.273,35.753,264.04,691.4368,-1,1,5,96.5,,False,38.111222222222224
15525,1.98,29.448,219.18,484.3278,-1,1,4,83.5,,False,583.999
15529,3.545,25.839,194.03,361.1912,-1,1,3,42.9,,False,302.999
15533,2.273,30.014,223.3,491.3378,-1,1,3,41.2,,False,861.999
15534,0.972,53.472,441.91,92.9256,-1,1,11,96.7,,False,275.8810311677793
15538,1.066,31.557,233.23,655.0735,-1,2,6,96.5,,False,140.999
15541,2.846,31.151,232.25,457.3325,-1,2,5,82.9,,False,714.999
15547,0.84,24.482,184.82,313.1203,-1,1,4,96.3,,False,673.999
15554,0.945,31.278,247.85,141.0133,-1,1,5,65.5,,False,219.999
15555,1.962,33.47,247.2,683.2619,-1,1,8,98.5,,False,448.999
15562,0.691,20.871,160.75,207.1363,-1,1,8,93.3,,False,131.999
15563,4.342,23.748,178.36,357.0123,-1,1,5,92.9,,False,540.999
15565,3.151,30.186,224.38,509.2889,-1,1,3,81.0,,False,741.999
15566,4.004,21.146,159.65,309.0391,-1,1,5,86.6,,False,677.999
15567,3.17,26.024,228.6,59.0124,-1,1,8,80.8,,False,236.999
15570,2.836,31.159,231.69,503.2578,-1,1,7,95.3,,False,249.999
15574,3.431,23.162,173.77,367.0269,-1,2,6,100.0,,False,1081.999
15578,1.343,28.45,211.68,489.1341,-1,1,6,98.6,,False,496.999
15579,3.47,25.174,189.79,324.2733,-1,1,5,98.5,,False,121.999
15582,0.448,34.909,257.76,693.3944,-1,2,6,79.4,,False,155.999
15587,0.588,19.081,144.79,272.8925,-1,1,4,97.6,,False,351.999
15589,0.472,3.325,26.85,94.9232,-1,1,4,97.2,,False,93.999
15591,1.422,30.63,226.84,593.1476,-1,2,5,86.6,,False,885.999
15593,1.553,32.034,236.71,662.2954,-1,1,6,87.5,,False,380.999
15595,1.534,17.126,131.21,223.9533,-1,1,6,99.3,,False,86.999
15597,2.718,30.731,228.13,537.0837,-1,1,6,84.2,,False,484.999
15599,0.491,23.488,177.23,316.1179,-1,2,4,100.0,,False,148.999
15600,4.741,38.532,284.19,745.5556,-1,2,6,97.2,,False,158.999
15601,1.974,28.105,209.66,445.2145,-1,1,5,78.8,,False,361.999
15603,3.685,24.476,183.42,381.1933,-1,1,4,99.0,,False,465.999
15605,1.554,13.893,111.62,116.9263,-1,1,3,40.6,,False,508.999
15609,0.517,23.153,173.69,367.107,-1,1,6,97.0,,False,336.999
15610,3.152,33.202,486.56,568.5197,-2,2,3,48.5,,False,809.999
15612,3.272,23.113,175.44,275.1989,-1,1,5,70.8,,False,150.999
15613,0.511,25.517,209.55,96.9205,-1,1,7,69.9,,False,350.999
15615,3.801,34.82,257.36,661.4025,-1,3,3,52.5,,False,1051.999
15620,1.742,8.612,68.95,116.9716,-1,1,7,96.5,,False,134.999
15621,1.357,28.829,214.34,503.1174,-1,2,4,91.2,,False,387.999
15622,1.876,23.479,177.54,300.2191,-1,1,4,97.6,,False,148.999
15626,2.715,43.161,317.13,957.6011,-1,3,5,100.0,,False,516.999
15628,3.349,27.922,208.87,406.3372,-1,1,4,98.3,,False,610.999
15632,2.586,23.844,178.83,371.0651,-1,3,4,99.3,,False,295.999
15635,3.77,32.941,245.12,493.4811,-1,1,3,71.3,,False,318.999
15638,2.798,32.811,242.92,606.3441,-1,1,5,90.7,,False,375.999
15640,1.771,15.407,118.73,200.9949,-1,1,7,90.5,,False,144.74853259743088
15646,1.806,29.018,215.86,493.2624,-1,2,6,86.6,,False,382.999
15647,0.555,22.731,171.85,301.0369,-1,1,4,99.0,,False,290.999
15648,1.383,32.414,239.55,659.3468,-1,2,7,97.0,,False,581.999
15649,1.667,22.949,173.91,285.1218,-1,1,5,99.4,,False,520.999
15650,0.708,23.913,180.03,335.1481,-1,2,3,64.5,,False,530.999
15652,0.665,24.768,183.85,526.8208,-1,1,7,83.1,,False,111.00011111111111
15654,2.207,26.755,201.53,333.2775,-1,1,5,88.2,,False,674.999
15658,0.326,25.536,191.19,392.9915,-1,3,3,98.4,,False,70.999
15659,2.813,22.712,172.5,271.1726,-1,1,6,99.2,,False,415.999
15660,0.375,23.284,175.46,326.1226,-1,1,6,90.9,,False,451.999
15661,1.262,28.957,214.8,550.2316,-1,2,7,86.5,,False,114.999
15662,0.751,25.169,187.13,494.9048,-1,1,13,96.5,,False,62.44455555555558
15663,1.774,25.681,192.89,358.2674,-1,1,6,90.2,,False,156.999
15664,2.52,25.426,191.49,333.2786,-1,1,6,69.1,,False,502.999
15669,2.763,32.833,242.78,642.3019,-1,4,3,94.8,,False,742.999
15673,1.076,22.213,168.21,289.1785,-1,1,6,96.9,,False,270.999
15676,1.585,31.458,233.15,576.2634,-1,2,3,100.0,,False,774.999
15681,2.783,22.228,167.15,342.8637,-1,1,6,99.0,,False,207.999
15684,3.858,12.144,96.95,123.8988,-1,1,3,40.6,,False,521.999
15688,0.984,26.02,193.0,544.8507,-1,1,9,78.5,,False,115.11122222222222
15690,0.562,27.008,200.01,584.865,-1,1,13,92.0,,False,80.7778888888889
15691,2.211,36.26,275.03,287.2208,-1,1,4,94.4,,False,584.999
15694,2.207,23.942,180.92,305.1741,-1,1,8,68.5,,False,279.999
15702,2.379,29.925,222.85,475.3081,-1,1,5,46.2,,False,725.999
15704,3.496,29.515,219.76,477.2243,-1,2,6,95.3,,False,274.999
15707,3.545,31.567,234.56,517.5378,-1,3,3,52.5,,False,160.999
15712,2.753,25.743,194.63,303.233,-1,1,3,47.6,,False,673.999
15713,1.463,32.186,237.93,650.2646,-1,2,6,78.7,,False,368.999
15714,1.694,20.66,155.98,308.1363,-1,1,4,98.7,,False,339.999
15719,2.477,29.434,219.2,474.3234,-1,2,6,97.2,,False,776.999
15721,0.483,20.538,156.05,267.0283,-1,1,3,98.6,,False,618.999
15722,0.959,28.983,214.72,580.221,-1,3,4,100.0,,False,1051.999
15724,1.219,32.259,238.75,615.1846,-1,2,6,97.3,,False,518.999
15728,2.171,29.495,219.73,468.3403,-1,1,5,72.3,,False,377.999
15730,2.664,41.621,305.87,941.507,-1,2,5,86.4,,False,321.999
15731,2.812,32.899,244.5,517.3553,-1,2,5,93.7,,False,673.999
15733,2.693,41.87,307.76,926.5615,-1,4,4,97.5,,False,222.999
15734,0.723,24.409,181.05,540.8319,-1,1,8,86.7,,False,272.999
15735,0.112,26.991,199.2,688.7816,-1,1,7,75.3,,False,210.999
15742,2.395,26.905,199.78,524.9858,-1,1,6,97.9,,False,445.999
15744,0.85,27.037,200.13,598.8739,-1,1,7,90.6,,False,188.44455555555558
15746,2.354,31.012,230.71,494.3532,-1,1,5,85.5,,False,552.999
15747,1.557,21.784,165.92,255.1947,-1,1,5,97.0,,False,153.999
15753,2.974,33.752,249.54,646.3785,-1,2,8,88.6,,False,151.999
15754,3.184,28.042,209.19,445.2717,-1,2,3,97.6,,False,187.999
15755,0.861,17.341,133.0,219.9095,-1,1,5,99.3,,False,518.999
15756,2.412,31.646,234.94,537.3794,-1,2,6,77.2,,False,218.999
15762,4.735,35.095,259.49,649.5062,-1,2,5,87.1,,False,304.999
15763,1.539,33.51,247.71,653.3407,-1,4,5,76.0,,False,152.999
15764,0.712,22.779,169.82,444.8195,-1,1,11,96.7,,False,146.77783567713124
15766,1.797,26.705,199.55,419.2437,-1,1,5,98.1,,False,251.999
15769,1.859,27.999,208.82,447.313,-1,2,4,50.9,,False,528.999
15770,3.639,36.448,269.04,709.4454,-1,3,3,92.4,,False,1454.999
15772,1.375,19.114,146.92,213.0638,-1,1,5,74.5,,False,412.999
15777,0.393,20.939,158.66,283.9728,-1,1,4,77.1,,False,465.999
15782,1.513,25.413,190.75,365.2318,-1,1,7,96.8,,False,259.999
15787,1.579,29.543,219.94,480.1711,-1,2,5,98.0,,False,582.999
15793,2.619,42.405,316.57,447.2505,-1,2,3,95.3,,False,404.999
15795,0.666,22.672,168.87,458.826,-1,1,8,89.0,,False,280.999
15797,1.582,32.944,243.23,694.2311,-1,2,5,98.1,,False,377.999
15798,1.949,21.335,163.32,231.1737,-1,2,3,99.6,,False,813.999
15800,3.108,34.011,251.92,595.455,-1,4,3,52.5,,False,798.999
15813,1.36,30.7,228.12,517.1153,-1,2,7,97.9,,False,219.999
15817,2.442,22.729,172.78,266.2486,-1,1,5,99.0,,False,661.999
15818,1.742,32.227,237.04,856.9503,-1,1,4,85.4,,False,455.999
15819,0.703,22.258,172.45,189.0396,-1,1,6,66.0,,False,265.999
15824,2.421,26.728,200.13,393.2978,-1,1,4,84.1,,False,467.999
15825,1.708,22.285,169.36,267.1956,-1,1,6,86.8,,False,325.999
15829,3.531,26.349,197.83,363.3248,-1,2,5,79.5,,False,491.999
15832,2.281,18.601,145.23,167.1418,-1,1,6,97.3,,False,280.999
15833,2.995,34.046,252.04,610.4159,-1,2,5,55.3,,False,387.66677777777784
15842,2.402,24.629,213.59,63.99,-1,1,6,84.0,,False,556.999
15845,1.826,31.737,235.51,547.2679,-1,2,3,98.3,,False,561.999
15846,0.408,18.439,144.22,163.0736,-1,1,6,94.9,,False,583.999
15847,3.545,36.552,269.91,695.511,-1,1,7,97.8,,False,205.999
15851,3.316,32.216,239.54,506.3572,-1,1,5,64.6,,False,669.999
15854,0.845,24.31,183.1,331.1889,-1,1,6,64.1,,False,352.999
15861,2.342,23.141,175.17,292.2035,-1,1,4,68.0,,False,853.999
15862,2.427,32.77,243.99,482.3035,-1,3,3,98.2,,False,331.999
15864,1.333,32.912,243.53,622.3301,-1,2,6,98.6,,False,113.999
15867,3.877,32.786,255.4,177.0311,-1,1,3,97.1,,False,601.999
15869,3.512,34.456,254.78,647.3905,-1,3,3,59.3,,False,97.999
15871,1.82,31.689,235.22,541.374,-1,2,3,97.1,,False,382.999
15872,2.782,31.987,236.96,589.2655,-1,2,5,95.2,,False,565.999
15877,0.447,24.897,192.34,199.0038,-1,1,5,79.7,,False,685.999
15880,1.355,37.786,278.13,837.3262,-1,2,3,99.2,,False,196.999
15882,0.499,24.762,186.43,335.1463,-1,1,6,98.5,,False,56.999
15886,1.57,37.585,276.94,787.3552,-1,2,4,94.9,,False,968.999
15887,1.361,27.831,206.59,533.0997,-1,1,7,99.2,,False,280.999
15893,1.269,26.431,205.95,175.023,-1,1,5,90.9,,False,844.999
15895,3.875,45.098,331.18,996.8065,-1,3,5,100.0,,False,144.999
15899,0.638,24.431,188.5,203.0541,-1,1,10,89.0,,False,110.999
15902,2.467,30.913,229.85,504.3409,-1,1,4,88.5,,False,756.999
15910,3.087,12.262,102.91,78.9565,-1,1,6,87.3,,False,228.999
15911,1.618,31.991,236.78,612.3851,-1,1,3,70.7,,False,566.999
15917,2.932,32.036,238.64,473.3998,-1,1,5,51.3,,False,575.999
15918,3.356,27.637,205.04,545.0371,-1,2,3,100.0,,False,539.999
15921,0.277,26.333,194.4,676.5122,-1,1,9,63.1,,False,161.999
15922,0.896,20.658,159.39,201.0242,-1,1,9,94.9,,False,144.999
15924,3.449,27.33,200.84,880.9466,-1,1,9,71.8,,False,13.64468804198441
15928,1.343,31.564,236.93,370.1767,-1,1,8,74.0,,False,256.999
15931,3.73,21.196,166.5,155.0121,-1,1,3,99.2,,False,911.999
15932,2.398,27.494,203.44,609.9743,-1,1,10,98.9,,False,31.144373753993392
15936,2.245,28.561,214.24,375.2534,-1,2,3,74.9,,False,609.999
15937,1.976,27.843,207.61,451.2441,-1,2,6,87.6,,False,209.22233333333332
15938,3.288,22.149,168.77,253.1581,-1,1,6,93.6,,False,496.999
15940,2.924,32.824,244.04,507.319,-1,1,5,92.6,,False,371.999
15941,1.595,24.8,186.44,349.2359,-1,1,7,73.8,,False,89.999
15943,3.044,26.155,196.14,375.2532,-1,2,6,90.0,,False,606.999
15944,3.941,36.232,267.57,691.5125,-1,1,7,45.8,,False,76.22233333333332
15945,3.636,42.071,309.15,949.4153,-1,2,6,97.0,,False,554.999
15952,0.381,25.407,195.03,222.0289,-1,1,6,98.7,,False,497.999
15958,2.726,25.44,191.55,335.2943,-1,1,5,75.7,,False,471.999
15963,2.562,29.99,222.72,527.2409,-1,1,6,87.4,,False,313.999
15964,1.678,33.041,244.84,583.2399,-1,2,5,99.5,,False,605.999
15965,2.991,23.573,178.32,297.3523,-1,2,5,78.3,,False,510.999
15969,1.442,28.826,212.53,734.9744,-1,1,4,87.1,,False,537.999
15970,0.639,23.886,179.83,335.0216,-1,2,3,97.8,,False,427.999
15971,1.696,29.496,220.03,447.239,-1,2,4,70.1,,False,272.999
15972,2.229,28.5,212.11,483.3083,-1,2,6,91.3,,False,117.999
15974,1.839,29.81,222.35,449.2562,-1,2,5,86.4,,False,386.999
15977,1.64,41.302,308.69,428.976,-1,1,7,98.9,,False,42.78049315430064
15978,1.343,28.352,210.85,496.2745,-1,2,6,100.0,,False,782.999
15979,1.681,22.284,168.81,286.6667,-1,1,4,92.3,,False,924.999
15980,1.353,16.674,129.56,178.0044,-1,1,3,98.8,,False,442.999
15981,4.267,41.877,307.75,937.5911,-1,2,9,98.9,,False,54.999
15982,2.402,34.86,257.96,624.3942,-1,2,4,47.4,,False,522.999
15983,4.169,28.927,215.67,455.3726,-1,1,6,97.0,,False,557.999
15984,0.611,25.114,185.99,580.8208,-1,1,11,96.3,,False,74.88899999999998
15986,3.098,35.828,265.12,626.4745,-1,1,6,90.3,,False,835.999
15987,1.871,30.668,227.66,536.3444,-1,2,3,82.1,,False,599.999
15993,1.262,32.966,243.71,649.359,-1,1,7,98.4,,False,254.999
15994,1.947,32.262,238.91,598.2795,-1,3,4,99.4,,False,397.999
15997,2.329,22.407,168.28,355.04,-1,1,7,93.9,,False,299.999
15998,2.77,45.215,331.75,1067.6179,-1,2,7,97.8,,False,282.999
16001,4.694,37.342,325.78,61.9865,-1,1,4,64.1,,False,345.999
16003,2.411,29.862,223.38,409.2949,-1,3,5,98.7,,False,704.999
16004,3.443,32.495,473.76,982.5878,-2,4,4,96.9,,False,769.999
16010,4.302,47.75,350.19,1116.8648,-1,3,7,80.1,,False,177.999
16016,0.514,25.027,205.52,96.9197,-1,1,9,83.3,,False,164.999
16023,1.854,28.331,211.63,425.2899,-1,1,5,50.1,,False,353.999
16027,3.307,25.857,196.4,273.2212,-1,2,4,79.5,,False,90.999
16028,0.454,30.684,237.17,199.0043,-1,1,5,95.6,,False,643.999
16031,0.369,23.585,183.99,171.0263,-1,1,4,70.6,,False,142.999
16032,3.97,33.173,245.82,582.4596,-1,2,4,100.0,,False,824.5556666666666
16035,0.569,26.826,198.48,608.8276,-1,1,8,96.7,,False,226.0001111111111
16036,2.225,32.961,244.51,557.4563,-1,1,4,37.6,,False,204.77788888888887
16043,1.749,30.248,224.74,518.3158,-1,2,4,75.4,,False,1257.999
16045,0.614,23.832,178.85,364.8944,-1,1,7,99.4,,False,259.999
16051,1.734,20.187,153.84,250.974,-1,1,3,97.6,,False,187.999
16054,1.936,22.304,170.09,249.2204,-1,1,5,82.0,,False,499.999
16056,2.196,23.092,174.97,286.1837,-1,1,4,92.4,,False,570.999
16057,0.493,23.867,197.91,89.0227,-1,1,5,99.1,,False,561.999
16058,2.053,30.428,225.79,545.241,-1,2,3,45.5,,False,874.999
16061,1.484,30.511,226.78,511.2718,-1,2,4,98.2,,False,379.999
16063,0.603,23.708,179.11,306.9362,-1,1,12,94.1,,False,59.55566666666667
16064,0.691,25.765,190.79,584.7844,-1,1,8,80.0,,False,238.999
16066,0.5,28.079,207.93,590.9412,-1,1,8,89.6,,False,219.999
16071,1.83,32.485,261.77,116.9684,-1,1,6,96.5,,False,283.999
16072,3.023,33.139,245.55,584.4001,-1,3,5,70.7,,False,627.999
16075,1.3,23.163,175.62,282.2521,-1,1,5,87.9,,False,322.999
16080,1.286,32.111,238.0,575.3468,-1,2,5,95.9,,False,635.999
16086,1.818,29.874,221.8,533.1896,-1,2,4,97.5,,False,350.999
16090,1.083,34.118,251.79,711.1206,-1,1,7,98.6,,False,321.999
16094,3.37,32.911,244.7,508.3707,-1,1,3,39.7,,False,849.999
16098,4.011,21.93,168.22,223.0264,-1,1,5,98.6,,False,294.999
16101,1.82,28.424,225.18,141.0125,-1,1,6,96.0,,False,398.999
16106,0.915,32.733,242.55,583.2556,-1,2,7,92.9,,False,433.999
16110,3.946,19.026,145.73,227.0021,-1,1,3,52.1,,False,850.999
16112,0.447,24.831,205.93,89.0216,-1,1,5,95.9,,False,402.999
16113,0.622,29.649,220.43,505.209,-1,1,5,96.0,,False,208.999
16118,1.752,24.958,187.7,345.212,-1,1,7,83.2,,False,335.999
16119,1.779,24.785,186.21,354.2117,-1,2,5,96.5,,False,350.999
16122,4.267,37.176,274.42,710.6195,-1,2,3,51.5,,False,78.999
16124,1.874,30.459,226.1,536.2007,-1,1,6,97.0,,False,504.999
16125,1.495,17.424,133.22,232.8704,-1,1,3,97.3,,False,800.999
16133,2.193,30.214,224.15,549.29,-1,1,5,80.7,,False,496.999
16135,1.356,20.997,159.72,261.033,-1,1,4,98.3,,False,409.999
16138,4.289,34.421,254.63,633.4207,-1,2,3,86.2,,False,344.999
16140,0.373,22.301,168.13,321.1433,-1,1,4,92.6,,False,657.999
16141,2.566,24.793,183.0,676.9674,-1,1,7,72.6,,False,277.999
16149,2.366,33.932,251.07,625.3992,-1,2,6,61.2,,False,780.999
16151,0.372,20.01,153.37,225.0638,-1,1,4,85.7,,False,509.999
16152,2.446,21.732,164.71,283.1527,-1,1,6,99.6,,False,270.999
16153,4.354,35.878,265.16,664.5349,-1,1,6,96.8,,False,109.999
16156,1.519,22.528,171.22,267.1153,-1,1,8,98.9,,False,240.21374608614366
16158,2.577,33.854,250.07,679.2664,-1,2,6,96.4,,False,112.999
16165,2.097,24.448,181.21,556.9586,-1,1,5,92.4,,False,547.999
16166,2.729,34.718,257.53,561.4148,-1,2,4,87.0,,False,667.999
16171,1.076,33.607,248.3,671.1276,-1,3,4,96.4,,False,371.999
16176,1.526,33.824,250.05,650.3603,-1,2,8,79.4,,False,180.999
16179,1.366,33.123,244.53,697.1915,-1,2,8,91.9,,False,285.999
16185,2.624,21.905,168.03,223.0261,-1,1,4,98.4,,False,667.999
16186,1.229,30.123,223.65,532.2961,-1,1,8,74.9,,False,133.999
16189,2.327,36.353,267.72,805.2812,-1,1,7,91.8,,False,89.999
16191,0.485,34.033,251.61,651.1912,-1,2,4,92.8,,False,477.999
16196,2.787,28.923,216.01,429.3021,-1,1,3,72.0,,False,588.999
16201,2.455,24.396,188.21,203.1773,-1,1,5,98.4,,False,165.999
16214,2.42,26.435,198.16,380.2817,-1,1,3,48.3,,False,616.999
16215,0.619,25.805,193.44,379.2114,-1,2,6,97.0,,False,332.999
16217,1.704,16.301,131.06,116.9713,-1,1,10,86.0,,False,167.98045947542386
16218,0.14,18.06,138.23,228.9297,-1,1,4,88.9,,False,359.999
16220,1.781,27.226,203.45,419.1884,-1,2,4,100.0,,False,148.999
16225,2.096,28.083,210.38,389.305,-1,2,5,92.4,,False,470.999
16229,2.947,24.738,186.54,322.275,-1,1,6,82.1,,False,279.999
16234,1.969,29.866,222.77,449.2532,-1,1,3,66.4,,False,1178.999
16236,2.222,32.843,243.45,574.3309,-1,3,5,92.3,,False,422.999
16241,0.66,12.326,97.55,136.8602,-1,1,5,86.5,,False,194.999
16242,2.646,39.647,291.74,858.4888,-1,5,3,52.5,,False,296.999
16250,2.705,22.234,167.27,338.8695,-1,1,6,91.5,,False,198.999
16251,1.675,33.432,247.43,615.3798,-1,1,6,86.5,,False,758.999
16252,2.446,24.073,181.62,317.2601,-1,1,6,79.4,,False,479.999
16257,4.176,33.311,246.55,615.461,-1,2,3,73.7,,False,560.999
16262,0.91,21.738,177.26,102.9548,-1,1,6,83.4,,False,421.999
16265,1.977,24.123,179.67,462.9645,-1,1,5,89.4,,False,264.999
16267,3.045,28.945,216.64,400.3312,-1,1,3,42.4,,False,1297.999
16272,3.898,35.672,263.13,733.34,-1,3,4,89.6,,False,730.999
16273,1.066,34.331,253.16,743.094,-1,1,9,96.9,,False,166.999
16276,2.646,31.633,234.96,527.335,-1,2,6,96.1,,False,443.999
16287,3.493,43.697,321.28,915.7629,-1,2,3,84.4,,False,238.999
16288,2.767,43.963,322.73,1025.5669,-1,2,5,82.1,,False,347.999
16290,1.357,39.15,287.75,925.3478,-1,2,4,88.2,,False,455.999
16292,1.013,21.265,161.43,273.0209,-1,1,4,95.1,,False,123.999
16296,3.163,27.182,203.33,406.245,-1,2,5,77.0,,False,544.999
16298,1.705,25.751,193.15,372.194,-1,2,5,98.7,,False,621.999
16299,0.494,32.701,241.89,631.3414,-1,2,7,89.3,,False,178.999
16303,0.28,27.839,204.86,814.3929,-1,1,8,95.3,,False,261.999
16306,1.569,28.089,209.85,423.2764,-1,2,7,97.9,,False,139.999
16307,0.706,28.94,215.01,517.1844,-1,2,5,98.9,,False,434.999
16310,2.404,39.8,293.4,769.5331,-1,2,3,100.0,,False,277.999
16311,3.69,23.089,173.76,337.1665,-1,1,6,97.9,,False,280.999
16314,1.424,22.7,172.78,259.1889,-1,1,6,77.5,,False,213.999
16315,1.692,28.451,212.06,458.29,-1,1,6,96.7,,False,657.999
16316,2.056,25.339,190.32,358.2052,-1,2,4,99.2,,False,371.999
16317,2.214,25.024,187.73,370.145,-1,1,5,97.8,,False,295.999
16318,2.237,28.188,210.12,456.2795,-1,1,3,74.0,,False,571.999
16320,1.57,34.33,253.49,693.384,-1,2,6,98.7,,False,237.999
16324,0.928,31.75,234.7,650.2883,-1,2,4,96.8,,False,1219.999
16325,3.305,29.927,224.0,401.3417,-1,2,3,66.1,,False,395.999
16329,2.82,38.137,281.37,732.5224,-1,1,5,98.0,,False,199.999
16330,2.503,33.255,247.29,505.3014,-1,2,3,100.0,,False,1186.999
16331,4.112,33.173,245.49,617.3766,-1,1,5,71.4,,False,796.999
16332,3.557,29.924,438.09,601.8682,-2,3,3,98.9,,False,489.999
16335,1.777,25.582,192.17,357.184,-1,2,5,99.6,,False,172.11122222222224
16339,0.96,21.778,165.11,281.1399,-1,1,7,96.9,,False,183.7778888888889
16360,1.313,31.401,232.14,646.2297,-1,3,5,89.9,,False,272.999
16363,1.832,27.942,208.69,427.3064,-1,2,5,90.8,,False,361.999
16364,2.591,33.921,250.68,663.258,-1,2,6,97.1,,False,322.999
16369,0.57,23.755,178.27,364.8957,-1,1,8,91.7,,False,212.999
16370,1.839,30.321,225.37,511.2281,-1,2,3,100.0,,False,293.999
16371,2.757,36.397,268.67,708.3516,-1,2,7,96.2,,False,192.999
16373,0.745,18.445,140.35,256.9057,-1,1,3,88.0,,False,505.999
16374,2.525,30.865,229.07,543.3097,-1,2,3,55.9,,False,1117.999
16375,1.429,27.462,204.87,443.1391,-1,1,4,99.0,,False,264.999
16378,0.879,20.026,163.25,102.955,-1,1,7,84.5,,False,294.999
16388,1.003,16.025,125.67,156.0017,-1,1,4,86.4,,False,459.999
16389,0.247,22.161,171.81,187.0697,-1,1,4,89.9,,False,763.999
16391,1.879,24.828,186.85,339.2509,-1,1,3,38.8,,False,834.999
16399,1.888,24.112,182.14,308.223,-1,1,7,77.2,,False,442.999
16401,3.281,26.391,198.12,364.3283,-1,1,5,55.2,,False,358.999
16402,3.539,28.566,211.2,637.0696,-1,1,6,97.1,,False,354.999
16409,4.129,28.157,211.37,367.0276,-1,1,4,97.9,,False,520.999
16412,0.444,34.182,253.01,615.2474,-1,2,5,100.0,,False,79.999
16413,1.338,39.703,291.95,899.3907,-1,3,5,91.0,,False,363.999
16415,1.384,35.118,290.03,92.9257,-1,1,7,84.3,,False,296.999
16416,2.097,21.632,164.25,272.1372,-1,1,3,79.1,,False,342.999
16417,0.28,17.741,136.42,210.8405,-1,1,8,96.3,,False,259.999
16418,4.638,16.627,130.89,149.0071,-1,1,3,83.1,,False,446.999
16433,0.275,17.709,139.16,152.8815,-1,1,8,97.4,,False,38.111222222222224
16434,2.116,15.783,124.55,144.0428,-1,1,5,57.4,,False,16.444555555555553
16435,3.362,45.265,332.34,1018.7447,-1,2,7,94.3,,False,561.999
16442,3.077,39.707,292.22,850.4962,-1,3,7,70.3,,False,92.99962371405312
16444,0.413,22.91,174.88,244.9629,-1,1,7,94.4,,False,111.999
16445,1.925,28.956,216.1,439.255,-1,2,5,94.7,,False,744.999
16446,1.555,32.188,265.11,94.9236,-1,1,8,80.8,,False,142.999
16450,2.891,32.415,239.97,608.2995,-1,2,6,98.3,,False,330.999
16452,4.471,20.863,157.5,309.0401,-1,1,3,83.2,,False,331.999
16455,1.752,30.661,227.15,585.2537,-1,2,3,100.0,,False,192.999
16457,2.772,27.593,206.97,374.3143,-1,2,6,94.9,,False,311.999
16459,3.676,33.969,251.27,635.1845,-1,2,5,100.0,,False,530.999
16462,1.355,38.852,285.58,919.3326,-1,3,4,96.1,,False,225.999
16466,1.825,25.094,189.99,293.2465,-1,1,5,81.9,,False,433.999
16470,1.055,13.506,105.68,158.8442,-1,1,4,91.2,,False,952.999
16473,1.611,30.229,224.44,533.238,-1,3,5,86.9,,False,529.999
16474,0.877,18.769,143.11,246.8952,-1,1,7,87.3,,False,25.690250275357016
16475,4.417,28.253,210.4,472.2501,-1,1,7,78.1,,False,197.7778888888889
16477,3.603,23.36,175.98,329.0558,-1,1,6,95.2,,False,135.34395299214998
16484,2.617,21.163,162.19,226.2228,-1,1,7,86.2,,False,202.999
16487,2.11,27.986,208.86,438.2633,-1,3,4,89.5,,False,255.999
16489,0.105,26.719,197.9,580.9074,-1,1,5,78.3,,False,282.999
16493,1.285,30.92,228.69,631.134,-1,1,6,54.8,,False,336.999
16500,1.465,32.651,242.72,511.2755,-1,1,7,91.5,,False,354.999
16504,1.072,13.712,106.56,174.8254,-1,1,3,90.8,,False,221.999
16505,0.942,29.062,218.09,371.1885,-1,1,4,73.9,,False,205.999
16506,4.219,41.112,302.3,903.5665,-1,2,5,70.8,,False,281.999
16522,2.603,25.815,190.84,631.9668,-1,1,4,79.5,,False,470.999
16527,0.445,23.943,184.94,199.0045,-1,1,5,99.6,,False,411.999
16528,3.456,36.132,266.68,713.3743,-1,2,6,98.4,,False,457.999
16529,1.578,29.513,219.73,479.1732,-1,1,4,99.5,,False,513.999
16535,3.976,28.497,213.53,387.3613,-1,1,6,88.3,,False,399.999
16536,0.354,26.257,194.39,592.8356,-1,1,4,51.9,,False,523.999
16540,2.351,35.061,258.68,725.2941,-1,2,6,94.8,,False,425.999
16544,1.561,19.492,149.38,225.0653,-1,2,5,99.5,,False,357.999
16545,2.788,28.51,213.12,416.2867,-1,1,5,80.7,,False,332.999
16550,1.639,22.075,167.83,265.1422,-1,1,4,77.6,,False,389.999
16551,1.473,30.558,226.28,597.1398,-1,1,4,97.0,,False,703.999
16554,1.786,24.271,183.1,318.2067,-1,1,3,84.5,,False,337.999
16560,2.434,20.653,156.34,289.9604,-1,1,4,99.2,,False,473.999
16561,0.389,12.117,98.26,105.92,-1,1,4,90.2,,False,51.999
16570,1.399,30.799,231.25,367.1564,-1,1,4,72.6,,False,62.999
16572,0.476,30.367,225.13,567.3176,-1,2,7,97.9,,False,143.999
16573,0.267,20.95,160.92,217.0025,-1,1,9,82.2,,False,69.44455555555558
16574,3.196,25.674,191.26,463.0325,-1,2,4,97.9,,False,915.999
16579,2.19,22.408,166.98,450.9642,-1,1,4,98.6,,False,520.999
16580,2.68,33.299,246.93,566.4102,-1,1,4,60.7,,False,941.999
16586,1.065,12.228,97.63,123.8996,-1,1,3,85.9,,False,518.999
16587,1.216,24.238,181.67,378.1009,-1,1,4,95.7,,False,238.999
16588,0.554,24.411,182.83,387.1013,-1,1,3,98.3,,False,352.999
16596,3.952,25.483,191.39,359.1515,-1,1,5,99.0,,False,398.999
16601,1.471,24.374,184.25,303.1322,-1,1,4,97.7,,False,148.999
16603,0.747,20.297,154.67,251.0894,-1,1,5,94.1,,False,155.999
16605,2.511,31.237,232.12,517.3507,-1,1,4,74.4,,False,781.999
16607,2.261,30.364,226.04,482.3033,-1,1,3,51.2,,False,882.999
16609,2.491,32.134,239.4,471.347,-1,2,4,83.6,,False,437.999
16611,3.471,38.919,286.46,840.4725,-1,3,6,69.7,,False,238.999
16612,0.679,14.878,114.68,199.8018,-1,1,5,61.3,,False,411.999
16616,0.519,25.749,207.03,118.9661,-1,1,4,93.3,,False,193.999
16618,3.185,33.772,250.49,560.476,-1,1,3,54.2,,False,432.33344444444447
16619,0.695,14.843,114.55,195.809,-1,1,5,65.8,,False,209.999
16620,3.741,41.153,303.0,831.6627,-1,3,3,52.5,,False,470.999
16623,0.486,26.148,194.12,526.9049,-1,1,6,88.9,,False,104.999
16624,1.344,32.561,240.67,655.3151,-1,2,5,98.8,,False,282.999
16625,0.57,24.382,181.12,510.8527,-1,1,8,99.3,,False,283.999
16626,1.177,13.641,106.19,170.8319,-1,1,4,58.1,,False,546.999
16627,1.513,29.164,216.6,525.2188,-1,1,6,75.0,,False,374.999
16634,1.901,35.084,278.06,141.0158,-1,1,8,65.0,,False,40.55566666666667
16636,2.716,36.312,267.76,751.3099,-1,3,5,91.8,,False,336.999
16640,2.307,34.972,257.93,735.2536,-1,3,5,96.7,,False,279.999
16642,2.752,41.337,304.17,864.4909,-1,3,4,85.2,,False,98.999
16643,2.504,25.27,191.73,279.2319,-1,1,4,90.7,,False,340.999
16648,2.137,37.097,274.51,627.2736,-1,2,5,98.7,,False,348.999
16655,2.605,25.031,188.38,339.2541,-1,1,3,45.2,,False,464.999
16657,0.753,21.865,179.48,96.9191,-1,1,6,98.6,,False,331.999
16660,0.276,31.93,234.24,1026.2594,-1,1,8,90.8,,False,176.999
16663,3.732,21.318,162.49,251.0175,-1,3,3,98.3,,False,817.999
16665,1.864,32.969,265.25,118.9665,-1,1,11,92.9,,False,8.000111111111096
16667,1.538,20.507,155.93,262.8365,-1,1,4,98.8,,False,317.999
16668,2.729,33.109,244.85,640.2869,-1,2,6,88.6,,False,151.999
16673,2.451,31.988,236.97,589.2792,-1,2,5,79.5,,False,381.999
16675,2.52,39.902,293.68,845.4936,-1,2,4,66.4,,False,1193.2223333333334
16678,3.499,29.875,222.68,460.3516,-1,1,4,97.6,,False,610.999
16680,1.979,22.201,168.67,268.981,-1,1,6,98.0,,False,259.999
16684,0.591,26.051,193.25,542.8537,-1,1,7,98.5,,False,191.999
16692,0.246,13.603,109.64,112.9351,-1,1,5,80.3,,False,654.999
16693,0.36,29.108,215.42,608.9934,-1,1,6,90.1,,False,211.999
16694,1.473,6.759,55.34,92.9284,-1,1,11,84.3,,False,81.40164346170931
16700,1.468,29.284,217.49,525.2159,-1,1,3,95.9,,False,387.999
16701,4.679,31.862,236.78,516.4153,-1,1,4,59.8,,False,382.999
16703,1.451,33.293,245.7,710.2848,-1,2,5,98.5,,False,337.999
16704,1.778,29.465,218.91,518.2531,-1,3,4,93.7,,False,559.999
16706,3.351,30.869,229.16,536.3361,-1,1,7,98.0,,False,217.999
16710,2.078,29.952,222.25,545.205,-1,1,6,85.1,,False,308.999
16714,0.854,23.49,176.91,331.191,-1,1,6,94.3,,False,308.999
16716,3.27,25.566,212.04,89.0216,-1,1,3,68.2,,False,135.999
16717,2.049,32.156,238.22,588.2934,-1,1,4,51.9,,False,578.999
16721,4.573,36.126,266.63,711.4985,-1,1,4,63.6,,False,908.0167147026308
16723,3.978,35.58,263.08,647.4924,-1,3,6,52.5,,False,629.999
16728,0.251,15.422,122.84,129.0181,-1,1,7,70.5,,False,192.999
16732,2.684,30.253,226.03,425.3047,-1,2,4,97.1,,False,388.999
16736,2.148,30.078,223.36,529.2192,-1,3,3,100.0,,False,369.999
16738,1.459,30.386,225.12,584.2288,-1,1,6,97.6,,False,296.999
16743,2.972,24.178,181.86,343.1555,-1,1,3,49.0,,False,1370.999
16750,0.167,19.925,151.37,267.0722,-1,1,9,98.9,,False,104.999
16751,3.658,36.011,268.76,447.0644,-1,3,3,100.0,,False,758.999
16752,0.833,20.812,159.31,231.0204,-1,1,3,98.9,,False,789.999
16755,1.876,31.395,233.3,517.1714,-1,2,4,100.0,,False,264.999
16756,1.076,36.198,266.64,795.1212,-1,1,6,89.1,,False,193.999
16757,3.181,26.238,196.92,367.2841,-1,1,5,62.8,,False,322.55566666666664
16763,1.548,32.631,240.98,684.2792,-1,2,4,96.6,,False,847.999
16774,0.25,29.332,217.07,611.1638,-1,3,4,92.4,,False,403.999
16776,1.471,35.438,261.01,800.2801,-1,2,5,100.0,,False,283.999
16777,2.311,31.423,233.01,564.2303,-1,2,5,86.9,,False,561.999
16779,0.248,23.515,175.82,406.0093,-1,1,5,71.3,,False,565.999
16782,4.088,28.394,212.02,431.3519,-1,2,5,75.2,,False,405.44455555555555
16783,0.38,19.463,150.77,188.0696,-1,1,4,97.9,,False,455.999
16787,0.377,21.42,162.66,271.1532,-1,1,4,93.4,,False,200.11122222222235
16789,1.905,28.514,211.84,517.2509,-1,2,5,92.8,,False,95.999
16792,2.715,30.161,224.97,449.256,-1,2,3,97.3,,False,896.999
16794,0.735,22.201,171.24,203.0544,-1,1,6,86.0,,False,240.999
16795,2.598,35.229,260.05,707.284,-1,2,6,95.3,,False,89.33344444444441
16796,0.683,30.986,249.66,116.9714,-1,1,8,75.3,,False,84.76452782026158
16797,3.167,30.836,230.1,444.319,-1,1,4,55.0,,False,337.999
16799,1.666,22.063,193.71,59.0126,-1,1,7,65.5,,False,170.999
16802,3.666,31.111,231.96,457.3315,-1,1,6,97.1,,False,331.999
16804,3.074,36.272,267.6,727.3915,-1,5,5,90.9,,False,806.7778888888889
16813,0.425,24.614,184.99,351.2146,-1,2,4,82.4,,False,394.999
16816,2.666,42.412,311.68,940.5754,-1,2,5,100.0,,False,225.999
16817,1.632,30.866,228.51,604.2627,-1,2,4,75.3,,False,528.999
16821,1.734,23.198,176.86,251.117,-1,1,4,93.7,,False,517.999
16822,3.34,23.017,172.34,388.0358,-1,1,5,71.5,,False,450.999
16824,3.527,21.001,159.15,282.9934,-1,1,4,71.2,,False,339.999
16825,2.133,16.759,128.62,216.9311,-1,1,3,99.1,,False,294.999
16827,3.877,44.939,330.37,926.8625,-1,4,5,95.7,,False,174.999
16829,3.086,30.913,229.42,543.2715,-1,1,6,97.0,,False,120.999
16830,3.09,32.162,239.53,477.3572,-1,1,5,97.4,,False,190.999
16835,0.662,21.322,163.46,224.9318,-1,1,9,97.0,,False,182.999
16836,3.693,36.519,269.32,742.4238,-1,1,5,93.7,,False,628.4445555555556
16837,0.392,19.427,147.67,263.6272,-1,1,6,99.3,,False,371.999
16840,1.44,33.373,246.82,637.3988,-1,1,7,93.5,,False,234.999
16841,0.472,21.269,160.85,297.0074,-1,1,5,99.4,,False,97.999
16842,1.287,29.23,217.44,493.2449,-1,2,5,94.0,,False,278.999
16845,2.252,33.243,246.04,615.3792,-1,1,6,93.5,,False,418.999
16861,0.315,23.696,179.43,290.8467,-1,1,9,89.9,,False,176.999
16862,2.167,21.82,166.46,247.1674,-1,1,4,98.2,,False,487.999
16875,0.525,24.091,185.86,203.0562,-1,1,4,66.3,,False,100.999
16884,3.762,34.134,253.75,513.3575,-1,1,6,98.8,,False,282.999
16885,0.972,24.24,182.29,345.1707,-1,1,6,99.3,,False,332.999
16886,0.729,22.386,169.69,282.8906,-1,1,5,71.9,,False,266.999
16887,2.62,22.91,173.61,285.1217,-1,1,4,98.3,,False,446.999
16892,2.369,25.264,190.84,309.1706,-1,1,5,50.5,,False,364.889
16896,2.524,28.281,210.86,453.18,-1,1,6,99.2,,False,159.999
16905,1.063,18.22,140.43,203.022,-1,1,8,93.3,,False,48.777888888888896
16910,1.315,18.446,139.88,275.859,-1,1,5,82.8,,False,475.999
16911,3.641,33.348,247.29,565.5756,-1,4,4,70.1,,False,121.999
16912,0.907,30.556,226.24,600.207,-1,2,6,98.6,,False,165.999
16915,2.642,24.566,185.2,324.2595,-1,1,5,61.9,,False,439.999
16918,0.608,16.038,132.12,92.929,-1,1,6,98.2,,False,185.999
16920,1.299,39.05,287.11,905.4426,-1,1,3,96.5,,False,362.999
16922,3.331,36.918,272.71,681.3296,-1,2,6,90.4,,False,369.999
16928,2.222,37.5,276.5,756.557,-1,1,5,39.8,,False,319.999
16929,3.17,24.983,188.15,333.2442,-1,1,5,98.8,,False,298.11122222222224
16934,3.553,41.078,302.03,907.5268,-1,3,5,99.1,,False,428.999
16939,1.322,31.195,231.22,573.2764,-1,2,5,98.3,,False,375.999
16941,1.071,31.766,234.74,661.0913,-1,1,8,73.0,,False,192.999
16945,3.657,46.269,339.58,1050.8172,-1,2,6,79.4,,False,69.999
16949,1.503,34.483,254.1,776.2363,-1,3,5,100.0,,False,234.999
16951,2.777,30.656,227.93,505.2753,-1,1,6,89.8,,False,351.999
16953,2.636,30.473,227.25,452.2813,-1,1,4,77.1,,False,231.999
16964,0.371,31.505,232.1,774.9153,-1,1,7,92.5,,False,112.999
16966,1.48,27.609,218.7,141.015,-1,1,6,84.8,,False,111.999
16967,2.67,32.113,238.2,556.3707,-1,1,6,62.2,,False,172.999
16977,3.548,25.832,193.39,394.1637,-1,1,5,95.1,,False,263.999
16978,3.719,40.707,299.64,844.7635,-1,3,4,59.2,,False,223.999
16979,0.287,15.491,120.96,165.0025,-1,1,6,84.4,,False,274.999
16984,1.417,32.303,242.51,369.1752,-1,1,7,82.4,,False,78.999
16987,3.901,31.912,236.65,563.3288,-1,1,5,95.7,,False,208.999
16988,0.657,25.334,187.71,568.8121,-1,1,7,68.0,,False,229.999
16990,2.603,34.268,253.78,601.4023,-1,1,4,46.9,,False,953.999
16998,2.495,23.553,176.02,412.7836,-1,1,4,97.9,,False,292.999
17000,0.376,21.809,165.51,275.102,-1,1,3,82.7,,False,615.999
17002,2.082,30.512,226.43,544.2693,-1,2,5,74.9,,False,240.999
17003,3.279,33.765,250.91,520.3413,-1,1,6,91.9,,False,273.999
17004,0.829,25.44,188.51,566.8148,-1,1,9,97.9,,False,20.019461838146697
17007,1.904,27.861,207.9,440.2463,-1,1,8,85.1,,False,197.999
17011,3.118,26.41,198.3,362.3135,-1,1,5,85.2,,False,527.999
17013,0.63,26.713,197.91,574.9129,-1,1,5,54.0,,False,327.999
17018,0.367,19.183,147.34,216.0303,-1,1,4,97.3,,False,194.999
17024,1.064,24.334,182.95,347.1875,-1,2,4,78.0,,False,184.999
17025,0.652,21.306,163.34,224.9307,-1,1,8,95.9,,False,108.999
17027,2.349,39.815,302.44,279.1617,-1,1,4,98.3,,False,137.33344444444444
17028,2.623,31.848,235.96,584.3079,-1,1,5,79.9,,False,641.999
17029,4.28,41.682,306.41,922.562,-1,3,5,69.6,,False,168.999
17035,0.72,24.753,186.24,341.2313,-1,1,6,81.2,,False,286.999
17039,1.473,28.866,214.41,522.2364,-1,1,3,99.2,,False,533.999
17040,0.43,21.983,166.89,273.0759,-1,1,4,98.3,,False,166.999
17042,0.138,22.479,179.57,126.9989,-1,1,9,83.4,,False,4.777888888888924
17046,1.372,28.002,208.46,478.3158,-1,2,3,99.5,,False,1013.999
17049,2.457,39.261,288.99,836.49,-1,4,6,93.7,,False,628.999
17053,3.47,32.556,240.94,617.3586,-1,1,5,64.8,,False,453.999
17055,0.594,23.734,176.64,474.8566,-1,1,8,71.1,,False,158.22233333333332
17060,2.325,23.409,173.75,524.9264,-1,1,5,98.8,,False,426.999
17065,0.633,28.485,210.24,690.8306,-1,1,11,82.9,,False,76.71132255361223
17066,0.441,29.206,225.73,199.0039,-1,1,4,92.6,,False,459.999
17071,2.314,33.504,247.37,695.2174,-1,3,4,83.3,,False,572.999
17073,0.649,24.735,183.59,528.8182,-1,1,7,93.3,,False,185.999
17077,2.989,26.846,200.83,404.2296,-1,1,6,97.0,,False,385.999
17081,2.276,25.598,189.92,538.921,-1,1,4,88.0,,False,121.999
17082,2.188,22.266,165.68,473.9887,-1,1,5,98.2,,False,440.999
17087,0.353,23.184,174.88,318.053,-1,1,7,99.0,,False,313.999
17088,3.663,32.943,244.81,517.5108,-1,2,4,45.0,,False,939.999
17092,3.302,25.345,190.71,341.3026,-1,1,4,57.8,,False,418.999
17093,3.305,27.861,207.86,443.1053,-1,1,5,70.0,,False,590.999
17094,1.769,29.879,222.09,509.3118,-1,1,5,75.5,,False,442.999
17095,3.068,26.253,197.6,339.2531,-1,2,5,94.8,,False,556.999
17098,3.013,35.299,260.92,657.4419,-1,3,3,62.7,,False,1254.999
17102,4.045,31.559,234.63,508.4092,-1,1,4,69.8,,False,209.999
17105,3.925,35.148,260.65,567.3718,-1,2,5,97.5,,False,155.999
17107,2.857,33.574,248.98,565.4441,-1,1,3,39.4,,False,633.999
17111,2.088,23.864,178.48,402.8571,-1,1,5,94.5,,False,412.999
17112,0.415,30.213,222.99,696.9941,-1,1,9,87.8,,False,208.999
17113,1.173,28.148,210.16,432.1916,-1,1,6,97.7,,False,285.999
17117,2.186,19.374,142.22,880.9526,-1,1,9,92.3,,False,142.999
17119,2.279,28.334,211.69,423.2693,-1,2,4,77.3,,False,313.999
17120,0.468,33.62,262.98,167.0193,-1,1,6,98.3,,False,296.999
17131,1.131,34.377,253.87,689.1561,-1,2,3,100.0,,False,103.999
17132,0.454,18.961,144.64,245.0081,-1,1,6,80.4,,False,482.999
17141,1.325,32.94,243.26,685.1328,-1,3,5,100.0,,False,209.999
17142,1.082,26.773,199.63,449.1608,-1,1,6,91.6,,False,234.999
17145,0.574,20.047,154.76,198.8908,-1,1,10,96.2,,False,107.7778888888889
17146,0.393,24.089,181.48,329.1135,-1,1,5,98.9,,False,120.999
17149,2.283,25.271,190.03,347.2206,-1,1,5,63.9,,False,317.999
17153,2.96,29.145,217.55,437.4621,-1,2,7,85.7,,False,561.999
17154,1.979,32.941,245.55,462.9625,-1,1,4,95.7,,False,322.999
17157,2.831,27.535,206.13,397.2224,-1,2,5,91.1,,False,168.999
17158,4.514,38.56,284.23,771.6376,-1,1,3,44.8,,False,375.999
17161,1.396,23.99,181.14,311.1467,-1,1,3,98.7,,False,390.999
17162,4.229,32.2,238.53,589.343,-1,3,7,92.1,,False,294.999
17166,2.995,26.686,199.62,405.2406,-1,1,5,99.5,,False,221.999
17176,1.074,56.023,451.85,116.9722,-1,1,9,71.7,,False,139.999
17178,2.099,25.894,194.21,373.2364,-1,1,7,93.5,,False,91.999
17185,1.732,23.151,176.87,241.095,-1,2,4,98.4,,False,455.999
17187,0.129,22.741,169.75,426.8535,-1,1,6,98.5,,False,277.999
17190,1.993,43.936,348.38,141.0123,-1,1,9,99.1,,False,17.44455555555556
17191,1.601,11.051,88.66,116.9725,-1,1,8,87.7,,False,26.555666666666667
17193,3.16,29.821,223.04,411.2387,-1,1,4,98.1,,False,289.999
17202,2.916,35.648,263.25,693.4192,-1,2,3,69.4,,False,180.999
17205,0.609,25.321,188.35,486.8308,-1,1,3,97.7,,False,768.999
17209,2.335,31.516,233.6,574.2999,-1,2,4,78.2,,False,528.999
17212,0.598,23.136,175.41,282.2514,-1,1,3,44.9,,False,406.999
17214,3.359,34.993,258.46,684.3933,-1,5,4,52.5,,False,398.999
17216,1.229,17.76,134.34,290.8267,-1,1,5,79.1,,False,304.999
17221,3.169,27.4,205.01,403.3224,-1,1,6,99.3,,False,219.999
17222,1.824,3.809,30.16,116.9686,-1,1,4,89.9,,False,179.11122222222224
17228,0.491,22.029,165.95,327.0507,-1,1,4,98.7,,False,703.999
17229,1.077,27.894,208.27,432.1453,-1,1,6,98.0,,False,380.999
17232,3.548,44.966,330.23,998.787,-1,2,7,85.3,,False,237.999
17235,1.142,37.481,281.49,369.1764,-1,1,3,85.1,,False,1246.999
17237,2.209,36.463,268.26,861.2243,-1,2,5,89.9,,False,461.999
17239,1.275,24.512,184.28,348.1853,-1,2,5,98.6,,False,160.999
17240,1.729,23.161,175.18,298.0944,-1,1,4,89.9,,False,446.999
17243,3.796,36.835,272.36,652.4648,-1,2,4,96.9,,False,821.999
17244,0.412,27.588,203.89,644.8249,-1,1,9,91.3,,False,28.555666666666667
17245,2.217,32.666,242.17,570.3487,-1,1,4,74.8,,False,550.999
17246,3.888,35.71,263.44,731.3409,-1,1,4,95.0,,False,552.999
17248,3.154,32.714,243.31,499.3451,-1,1,3,97.9,,False,318.999
17256,2.939,25.476,191.83,335.2937,-1,1,6,68.3,,False,189.999
17261,1.947,31.387,232.73,565.2788,-1,4,6,93.7,,False,185.999
17266,2.775,30.045,223.41,502.867,-1,1,3,35.4,,False,109.999
17267,1.834,22.241,169.89,241.1793,-1,1,4,77.8,,False,168.999
17268,1.765,26.232,196.48,388.277,-1,1,5,98.5,,False,386.999
17269,3.418,35.181,259.82,687.4125,-1,2,4,62.6,,False,831.999
17272,2.293,29.796,222.75,417.3373,-1,2,4,54.8,,False,382.999
17273,0.73,22.972,177.21,203.0535,-1,1,8,77.6,,False,248.999
17278,2.665,24.097,182.0,309.2412,-1,1,5,85.4,,False,268.999
17285,2.099,33.845,250.12,663.2954,-1,1,6,79.0,,False,578.999
17287,4.229,27.131,201.48,523.0492,-1,2,5,97.5,,False,172.999
17294,3.539,24.474,185.83,274.225,-1,1,6,78.4,,False,133.999
17295,2.114,26.684,200.77,343.2618,-1,1,5,96.9,,False,103.999
17310,1.916,21.239,162.5,233.1888,-1,1,3,99.4,,False,445.999
17313,1.947,33.392,246.76,663.2159,-1,1,5,91.0,,False,405.999
17318,0.357,25.952,194.19,400.0568,-1,1,5,98.0,,False,323.999
17320,0.501,22.202,167.69,307.1528,-1,1,6,96.8,,False,230.999
17327,3.847,24.943,190.01,256.2353,-1,1,5,94.0,,False,352.999
17328,1.605,27.61,206.61,401.2221,-1,1,4,56.3,,False,503.999
17330,3.221,21.207,160.11,309.0052,-1,1,4,98.9,,False,613.999
17333,2.005,14.071,115.82,93.0323,-1,1,9,99.9,,False,263.999
17334,0.41,16.589,127.31,216.9302,-1,1,5,96.6,,False,387.999
17340,4.258,32.268,238.52,653.1183,-1,4,3,97.2,,False,680.999
17342,1.504,18.587,140.96,275.8582,-1,1,5,76.2,,False,501.999
17344,1.058,12.966,97.02,368.1624,-1,1,5,84.9,,False,166.999
17353,2.596,31.856,236.07,579.3515,-1,2,6,94.4,,False,197.999
17354,2.779,33.584,248.84,587.3729,-1,2,3,77.3,,False,803.999
17356,3.306,32.221,238.68,590.3488,-1,2,4,78.1,,False,298.999
17357,2.577,34.092,252.52,596.3603,-1,1,5,99.1,,False,334.999
17364,1.153,26.456,197.6,425.1639,-1,1,5,97.8,,False,257.999
17365,0.862,17.341,132.94,221.907,-1,1,5,96.4,,False,336.999
17366,2.015,32.565,241.12,602.2969,-1,1,5,75.7,,False,525.999
17367,3.062,36.472,269.07,729.408,-1,4,3,96.5,,False,723.999
17368,1.292,38.236,286.45,397.1989,-1,1,3,55.5,,False,661.999
17369,2.59,32.017,238.39,481.2456,-1,2,3,100.0,,False,623.999
17371,0.505,22.762,186.87,96.9189,-1,1,3,68.4,,False,460.999
17373,3.447,36.121,266.57,717.3728,-1,3,4,97.7,,False,423.999
17374,1.45,24.838,186.41,365.1972,-1,1,6,50.2,,False,349.999
17376,3.066,24.592,189.73,203.1785,-1,1,4,94.1,,False,404.999
17381,1.364,28.517,212.99,427.1324,-1,1,4,93.8,,False,464.999
17384,0.394,18.945,146.74,188.1054,-1,2,4,99.1,,False,174.999
17386,1.08,14.047,110.1,155.8636,-1,1,5,76.4,,False,426.999
17391,0.939,33.994,280.7,92.9282,-1,1,9,93.1,,False,52.79485399319276
17392,1.352,26.804,199.89,447.2953,-1,1,3,73.6,,False,457.999
17404,2.404,21.761,164.75,290.0283,-1,1,6,75.9,,False,419.999
17407,2.722,22.254,169.6,252.2403,-1,1,7,99.0,,False,344.999
17415,2.358,25.513,200.73,153.0168,-1,1,5,98.7,,False,280.999
17416,2.439,25.926,194.51,370.2401,-1,1,4,70.2,,False,496.999
17426,0.642,8.314,68.21,92.9271,-1,1,8,84.7,,False,322.9221192656113
17428,2.289,30.89,271.48,59.0126,-1,1,10,93.3,,False,69.3655895219685
17433,0.912,25.688,206.38,119.9444,-1,1,8,99.8,,False,69.5556666666667
17434,0.35,23.66,183.41,188.0441,-1,1,4,91.7,,False,486.999
17436,0.953,26.213,195.77,426.1573,-1,1,4,94.5,,False,339.999
17439,2.335,31.648,234.77,554.3546,-1,1,5,90.5,,False,570.999
17443,2.667,30.937,230.76,450.3303,-1,1,4,89.6,,False,198.999
17451,2.255,23.566,178.41,292.2006,-1,1,3,42.2,,False,548.999
17452,1.066,31.031,229.84,591.1226,-1,1,5,77.6,,False,541.999
17454,0.742,21.389,161.58,304.9391,-1,1,8,74.3,,False,3.3334444444444387
17455,0.607,28.632,211.25,704.8367,-1,1,6,52.6,,False,175.999
17459,0.895,22.559,185.19,96.9201,-1,1,4,76.9,,False,307.999
17462,1.31,32.462,243.69,370.1729,-1,2,4,94.8,,False,480.999
17466,3.686,27.889,205.91,677.9848,-1,1,4,96.9,,False,794.999
17470,1.249,31.965,236.66,603.3546,-1,2,6,67.9,,False,203.999
17473,0.276,23.694,175.61,556.5976,-1,1,8,98.1,,False,169.999
17475,3.582,43.454,319.41,931.6232,-1,3,3,97.6,,False,706.999
17479,2.661,30.118,223.62,533.3121,-1,1,4,92.7,,False,245.999
17480,4.015,33.422,245.04,1080.9384,-1,1,11,97.3,,False,38.62830036558546
17481,2.347,27.57,205.74,439.223,-1,1,3,97.2,,False,150.999
17484,1.524,8.809,70.54,116.9701,-1,1,3,98.8,,False,444.999
17490,0.489,16.082,125.38,168.9684,-1,1,3,98.1,,False,427.999
17497,0.377,23.452,179.97,222.0287,-1,1,4,64.9,,False,305.999
17506,3.14,32.43,240.4,573.4225,-1,2,3,65.4,,False,688.999
17510,1.33,22.859,172.82,301.0708,-1,1,4,93.1,,False,422.999
17513,1.485,35.873,269.39,369.1719,-1,1,6,98.1,,False,325.999
17515,0.47,22.788,170.0,434.8614,-1,1,5,91.5,,False,181.999
17519,0.385,25.812,201.26,172.9907,-1,1,5,98.6,,False,194.999
17522,2.092,20.713,153.92,493.9738,-1,1,5,74.1,,False,398.999
17523,0.584,25.847,191.66,552.864,-1,1,6,97.2,,False,225.999
17525,0.615,35.643,274.34,215.03,-1,1,6,80.2,,False,199.999
17526,1.221,30.67,252.6,94.9223,-1,1,6,92.5,,False,222.0001111111111
17528,3.219,25.971,196.2,309.0056,-1,1,4,97.4,,False,580.999
17531,2.663,29.635,221.53,417.3392,-1,1,5,43.5,,False,488.999
17533,2.734,31.98,237.02,577.3077,-1,2,3,57.5,,False,295.999
17539,2.937,27.207,203.35,415.288,-1,1,3,68.3,,False,760.999
17544,1.833,24.589,185.04,339.1626,-1,1,8,99.3,,False,203.31320452953187
17547,1.072,38.688,284.56,879.3048,-1,2,4,98.6,,False,577.999
17549,1.997,29.376,220.05,391.3208,-1,2,5,99.3,,False,466.999
17559,3.32,36.702,270.76,732.5035,-1,3,3,52.5,,False,320.999
17560,2.451,30.353,225.32,536.31,-1,1,7,92.7,,False,214.999
17563,2.915,37.008,273.26,698.4738,-1,2,4,63.4,,False,139.11122222222224
17564,1.17,24.581,185.19,329.234,-1,1,4,88.1,,False,350.999
17568,0.651,10.276,77.91,259.0293,-1,1,3,99.3,,False,564.999
17569,2.404,41.626,306.45,839.5742,-1,2,3,88.9,,False,265.999
17575,3.574,27.129,202.47,437.1308,-1,2,4,99.2,,False,426.999
17577,0.952,26.526,198.07,429.1475,-1,1,5,82.1,,False,239.999
17581,2.286,25.684,192.92,358.258,-1,2,6,72.6,,False,36.222333333333324
17584,3.039,30.519,228.47,400.3295,-1,1,3,55.7,,False,606.999
17591,2.787,42.998,315.84,976.5745,-1,3,4,92.0,,False,215.999
17595,2.727,30.805,228.48,555.2951,-1,1,5,90.1,,False,497.999
17600,4.178,35.306,260.94,663.419,-1,4,3,80.2,,False,790.999
17601,2.487,19.803,152.95,197.1517,-1,1,6,96.7,,False,123.33344444444441
17605,1.769,32.055,238.67,481.2618,-1,3,3,93.9,,False,599.999
17606,1.556,19.622,151.14,206.1523,-1,1,5,70.6,,False,247.999
17615,3.363,33.987,251.33,643.3151,-1,3,3,82.7,,False,816.999
17616,3.327,34.908,257.9,672.392,-1,5,3,72.3,,False,519.999
17617,1.942,27.896,207.75,471.2424,-1,2,3,91.0,,False,758.999
17625,0.746,21.111,157.96,392.8547,-1,1,11,92.8,,False,234.999
17631,2.289,27.697,206.74,435.2422,-1,1,3,39.8,,False,115.999
17632,1.354,34.707,255.62,797.1351,-1,1,5,98.0,,False,259.999
17639,4.199,29.88,222.15,505.0929,-1,2,3,98.7,,False,139.999
17644,3.061,33.992,251.9,583.2555,-1,2,5,79.0,,False,234.999
17650,4.614,43.547,320.11,929.5783,-1,4,3,97.9,,False,85.999
17651,2.99,35.241,261.21,580.3659,-1,2,5,71.7,,False,558.999
17655,3.858,33.696,249.51,603.3515,-1,2,4,91.4,,False,406.999
17656,1.258,18.013,140.06,177.0898,-1,1,5,97.7,,False,317.999
17657,3.745,33.508,248.14,601.2246,-1,3,3,100.0,,False,137.999
17663,0.594,26.123,193.64,560.8214,-1,1,8,96.6,,False,206.999
17664,0.121,23.481,175.07,444.8782,-1,1,7,78.7,,False,183.999
17665,1.976,32.877,244.56,499.3086,-1,2,6,99.4,,False,105.999
17667,1.664,29.474,219.06,509.3151,-1,1,3,70.2,,False,245.999
17668,3.833,31.314,233.62,447.4597,-1,1,5,60.7,,False,543.999
17673,1.763,29.757,220.86,539.3054,-1,1,4,88.6,,False,542.999
17675,2.742,28.418,212.16,434.2956,-1,1,5,59.5,,False,193.999
17677,2.951,26.738,210.39,152.9948,-1,1,5,97.6,,False,140.999
17678,2.12,25.375,190.86,345.1488,-1,1,4,96.6,,False,358.999
17679,4.086,30.722,228.98,462.3675,-1,1,4,47.2,,False,325.999
17684,3.191,38.932,286.94,772.5582,-1,1,4,88.6,,False,206.999
17687,2.895,20.107,153.51,242.0773,-1,1,8,91.0,,False,92.999
17689,3.547,28.434,210.83,559.0897,-1,2,3,100.0,,False,545.999
17690,3.512,45.465,333.88,1002.745,-1,3,4,95.1,,False,490.999
17691,2.357,30.011,222.94,521.2951,-1,2,3,88.7,,False,568.999
17692,3.577,34.942,258.15,674.406,-1,2,6,62.3,,False,266.999
17696,1.069,30.311,225.34,507.1511,-1,2,5,81.4,,False,444.999
17700,3.543,37.058,272.52,883.3048,-1,2,5,98.4,,False,412.999
17701,2.576,39.299,289.57,790.4563,-1,2,3,99.1,,False,149.999
17703,1.644,26.684,199.27,427.1659,-1,2,4,82.4,,False,362.999
17705,3.739,29.703,219.28,689.0783,-1,1,6,97.5,,False,427.999
17707,2.742,21.707,165.8,241.1796,-1,1,6,73.8,,False,160.999
17710,0.383,22.556,169.59,345.0148,-1,1,6,93.2,,False,144.999
17713,2.757,43.712,325.31,500.2793,-1,1,4,69.9,,False,458.999
17714,1.18,18.814,143.4,248.8997,-1,1,5,97.6,,False,227.00011111111112
17715,4.289,40.589,298.55,880.1264,-1,3,3,60.0,,False,96.999
17719,1.681,25.452,191.33,350.2074,-1,1,6,92.4,,False,174.999
17722,2.395,36.038,267.25,569.9789,-1,1,4,84.2,,False,330.999
17733,2.356,38.075,280.65,767.4019,-1,2,3,97.8,,False,112.999
17734,3.005,28.611,214.24,395.3499,-1,1,4,99.0,,False,386.999
17735,2.751,27.154,203.21,400.3487,-1,1,4,73.0,,False,260.999
17738,1.398,32.963,243.56,667.317,-1,2,3,97.5,,False,489.999
17740,2.569,28.081,209.45,446.2577,-1,1,3,98.2,,False,684.999
17741,1.528,29.217,217.79,458.3124,-1,1,4,92.1,,False,376.999
17746,0.53,18.509,141.89,222.9635,-1,1,4,85.5,,False,357.999
17753,0.4,22.61,171.97,263.1274,-1,1,4,89.2,,False,275.999
17755,3.307,36.724,270.93,732.503,-1,3,3,52.5,,False,574.999
17758,1.742,27.259,203.21,453.1449,-1,2,3,98.0,,False,147.999
17759,0.494,11.901,92.71,167.0192,-1,1,4,53.7,,False,656.999
17766,2.117,33.418,247.52,596.3597,-1,2,5,99.0,,False,388.999
17767,2.532,19.847,152.42,217.0702,-1,1,6,79.4,,False,256.889
17769,3.34,30.52,227.18,483.3142,-1,1,5,74.2,,False,346.999
17772,4.577,30.136,224.63,459.4186,-1,1,5,82.6,,False,218.999
17775,0.943,16.32,131.43,114.9751,-1,1,4,91.3,,False,517.999
17780,1.192,29.858,221.44,557.1692,-1,1,5,99.1,,False,328.999
17784,1.681,27.706,207.11,415.3062,-1,2,3,82.2,,False,563.999
17785,3.121,34.612,256.42,592.409,-1,1,6,79.4,,False,367.999
17789,3.98,41.698,306.46,933.5598,-1,3,4,59.5,,False,463.999
17791,3.497,38.451,283.64,739.5405,-1,2,5,96.9,,False,341.889
17792,2.337,41.966,308.36,953.4521,-1,2,4,100.0,,False,241.999
17797,1.753,10.37,83.15,116.9709,-1,1,7,82.0,,False,99.95301898137163
17799,0.198,16.501,125.97,238.8688,-1,1,10,95.6,,False,42.509848745703266
17802,0.576,28.189,209.9,473.1988,-1,2,4,84.9,,False,89.999
17804,2.329,32.792,242.8,604.3257,-1,2,3,93.7,,False,314.999
17808,1.606,25.279,189.88,357.1951,-1,2,4,64.7,,False,124.999
17811,2.523,27.391,204.68,419.2471,-1,1,5,65.4,,False,216.55566666666667
17813,2.518,29.293,217.9,494.2888,-1,1,4,53.2,,False,219.999
17814,2.34,26.336,196.58,433.2192,-1,2,3,89.0,,False,446.999
17817,2.965,30.932,229.64,536.2542,-1,1,6,61.3,,False,207.999
17826,1.271,29.83,223.34,398.2073,-1,2,4,79.2,,False,433.999
17828,0.464,23.906,179.04,387.1105,-1,2,4,99.7,,False,209.999
17831,2.433,22.306,167.78,340.8662,-1,1,4,99.1,,False,364.999
17834,3.599,25.327,187.97,531.0082,-1,1,6,72.1,,False,373.999
17837,3.009,23.148,175.48,283.1535,-1,1,4,98.3,,False,202.999
17842,0.24,45.205,331.04,1258.4725,-1,3,6,92.9,,False,362.999
17844,1.792,28.305,211.87,399.2897,-1,2,3,82.4,,False,177.999
17845,0.251,17.984,137.64,228.9306,-1,1,5,82.1,,False,286.999
17846,2.43,24.856,186.95,344.2314,-1,2,5,80.3,,False,344.999
17847,3.521,35.714,263.96,663.5678,-1,2,5,97.6,,False,136.999
17848,4.33,46.293,339.9,1013.8683,-1,3,6,91.7,,False,86.999
17851,3.085,31.768,236.16,509.5326,-1,2,4,52.6,,False,725.999
17853,2.55,34.105,253.05,552.3349,-1,1,5,59.8,,False,448.999
17854,0.525,24.444,187.86,217.0275,-1,1,5,65.0,,False,265.999
17855,1.429,35.098,258.3,838.2851,-1,2,3,99.8,,False,636.999
17858,2.324,32.071,237.85,561.2186,-1,1,5,64.4,,False,250.999
17866,1.314,35.176,264.1,370.1781,-1,1,4,96.6,,False,711.999
17867,2.531,42.186,309.99,948.5429,-1,2,7,99.0,,False,349.999
17868,1.613,22.866,173.39,281.2084,-1,1,8,96.8,,False,428.999
17872,3.831,39.554,291.08,852.5103,-1,3,6,72.2,,False,122.999
17875,2.894,34.709,256.41,676.3856,-1,2,7,53.1,,False,131.999
17877,4.423,32.726,243.22,516.4153,-1,1,3,83.3,,False,299.999
17884,2.332,32.216,238.95,559.3432,-1,3,3,62.0,,False,307.999
17889,2.045,28.434,211.59,485.2387,-1,2,5,95.4,,False,498.999
17892,1.731,25.001,188.16,339.17,-1,1,4,97.9,,False,342.999
17898,3.502,39.624,292.02,779.5958,-1,1,8,85.8,,False,77.88900000000001
17905,1.066,28.903,215.05,489.1534,-1,1,5,91.6,,False,363.999
17907,0.258,17.793,137.05,204.9106,-1,1,9,72.3,,False,94.999
17916,2.837,35.105,259.56,649.4701,-1,1,6,78.8,,False,299.999
17923,2.209,28.142,210.26,422.2975,-1,1,6,71.8,,False,149.999
17927,0.671,23.444,176.29,344.9311,-1,1,8,98.1,,False,35.33344444444445
17928,2.574,41.921,308.37,883.559,-1,2,4,99.7,,False,223.999
17929,0.707,22.971,173.21,321.0463,-1,1,4,91.0,,False,574.999
17931,1.341,30.25,224.29,562.3062,-1,1,4,80.2,,False,376.999
17933,2.929,24.773,186.56,333.2409,-1,1,6,98.5,,False,51.999
17940,1.752,24.256,182.68,331.25,-1,1,4,98.9,,False,156.999
17945,3.178,31.323,232.81,512.3469,-1,1,4,88.3,,False,745.999
17946,1.667,26.15,195.6,405.2312,-1,1,5,89.3,,False,320.999
17951,0.886,3.055,24.04,118.9672,-1,1,5,91.2,,False,220.999
17958,2.442,40.254,296.11,879.487,-1,3,4,100.0,,False,337.999
17961,2.151,28.692,213.61,477.3567,-1,1,3,37.8,,False,823.999
17967,1.838,34.809,256.86,717.2463,-1,2,5,97.4,,False,274.999
17969,3.696,37.596,277.54,708.5799,-1,2,5,63.0,,False,392.999
17972,2.028,30.879,229.54,509.3451,-1,1,5,65.8,,False,289.999
17974,0.576,13.66,106.25,172.829,-1,1,4,91.9,,False,346.999
17975,0.526,24.272,188.1,189.0394,-1,1,5,98.0,,False,213.999
17979,3.566,29.356,219.55,411.3472,-1,2,3,95.4,,False,569.999
17982,2.206,28.585,213.27,443.2562,-1,2,3,70.4,,False,600.999
17984,1.58,33.361,246.76,635.1823,-1,2,3,100.0,,False,402.999
17990,2.882,32.133,239.14,489.4752,-1,1,3,85.2,,False,217.999
17991,0.376,19.927,153.77,200.1275,-1,1,4,81.4,,False,628.999
17996,2.365,26.32,198.25,333.2794,-1,1,3,52.3,,False,597.999
17997,3.336,26.479,198.52,378.3081,-1,1,6,90.4,,False,417.999
17998,3.681,33.288,247.31,523.3478,-1,2,5,97.9,,False,180.999
18000,4.004,28.021,209.4,419.3536,-1,2,4,88.8,,False,494.15477163325767
18003,4.297,36.884,272.48,682.591,-1,1,3,42.6,,False,528.999
18006,2.154,22.782,173.82,247.1677,-1,1,3,97.3,,False,133.999
18018,2.025,31.056,229.84,613.1106,-1,1,3,93.8,,False,876.999
18020,1.83,23.231,176.34,275.164,-1,1,3,70.9,,False,394.999
18021,3.085,29.904,222.2,516.31,-1,1,5,52.5,,False,333.999
18027,1.875,26.889,200.75,431.2451,-1,1,6,71.0,,False,198.999
18030,0.665,34.202,281.76,94.9225,-1,1,4,79.1,,False,299.999
18033,3.872,47.538,348.84,1065.9041,-1,5,4,85.9,,False,353.999
18037,3.199,27.993,208.76,449.2662,-1,1,6,86.4,,False,196.55566666666667
18038,1.301,27.538,205.45,442.2271,-1,2,6,100.0,,False,171.999
18039,2.885,39.969,294.48,795.5991,-1,1,4,81.1,,False,394.999
18041,2.774,28.558,213.84,395.3134,-1,1,3,44.9,,False,604.999
18046,4.48,29.124,217.44,433.4052,-1,2,3,89.7,,False,635.999
18048,3.395,32.902,244.66,505.3541,-1,2,4,91.7,,False,427.999
18059,3.322,28.154,210.34,423.3844,-1,1,6,94.3,,False,58.67746649791502
18060,3.476,37.248,275.04,698.5603,-1,2,3,86.3,,False,308.999
18081,0.403,15.036,119.91,126.9923,-1,1,3,82.1,,False,731.999
18089,0.689,35.293,283.99,118.9668,-1,1,8,74.0,,False,71.55566666666667
18092,3.411,37.589,277.49,706.543,-1,4,3,82.4,,False,136.999
18094,3.663,21.011,159.23,282.9933,-1,2,3,97.9,,False,379.999
18097,4.065,38.646,284.77,782.6083,-1,3,3,52.5,,False,376.999
18099,3.142,34.446,255.31,579.5015,-1,1,5,50.9,,False,351.66677777777784
18109,1.456,31.68,234.12,658.2596,-1,1,5,96.9,,False,261.999
18113,3.979,38.404,283.11,767.6097,-1,4,3,52.5,,False,593.999
18122,2.5,25.222,190.0,331.2623,-1,1,6,97.8,,False,292.999
18128,2.194,36.108,265.64,861.1269,-1,2,6,100.0,,False,337.889
18131,2.43,24.934,190.88,233.1162,-1,1,4,98.2,,False,51.999
18139,1.189,29.713,244.69,94.9241,-1,1,7,94.5,,False,178.999
18147,1.89,33.998,250.93,709.3254,-1,1,6,90.3,,False,371.999
18152,1.315,26.783,200.16,417.227,-1,2,4,100.0,,False,595.999
18154,2.785,31.403,233.54,501.2839,-1,1,5,99.3,,False,340.999
18155,3.248,26.984,202.31,379.2849,-1,1,5,66.1,,False,184.999
18158,2.456,25.347,191.63,303.2669,-1,1,5,79.3,,False,355.999
18159,2.706,41.916,308.16,916.5743,-1,2,3,81.5,,False,578.999
18161,2.425,28.959,216.2,434.2991,-1,1,3,37.8,,False,416.999
18163,1.994,26.845,200.35,435.2516,-1,1,5,76.2,,False,275.11122222222224
18164,3.039,34.558,255.69,628.4894,-1,3,6,71.7,,False,274.999
18166,2.364,23.251,176.4,278.2461,-1,1,5,53.2,,False,200.999
18174,3.547,23.988,182.13,274.2242,-1,1,4,45.4,,False,312.999
18178,1.998,27.741,206.89,448.2209,-1,1,3,40.8,,False,459.999
18181,3.57,36.613,269.97,751.3502,-1,1,5,64.9,,False,292.999
18182,2.224,25.396,190.37,379.1877,-1,1,5,84.5,,False,386.999
18186,2.52,32.826,243.01,609.364,-1,2,6,79.5,,False,256.999
18194,0.64,25.936,197.46,260.0299,-1,1,5,79.6,,False,369.999
18195,2.258,32.615,241.89,561.3517,-1,1,4,53.6,,False,632.999
18196,0.63,25.022,185.94,504.8579,-1,1,8,84.9,,False,236.999
18198,0.552,22.408,172.16,217.026,-1,1,5,78.3,,False,254.999
18204,0.614,35.82,314.91,59.0123,-1,1,6,87.4,,False,107.999
18210,1.985,22.739,172.34,284.1099,-1,1,6,69.8,,False,191.44455555555555
18217,2.541,32.685,241.8,626.3162,-1,1,5,70.5,,False,232.999
18222,1.969,26.967,201.83,399.3087,-1,1,4,63.6,,False,489.999
18223,2.735,34.519,256.04,561.4181,-1,2,6,86.9,,False,527.999
18224,2.444,26.858,201.16,390.3006,-1,1,5,97.5,,False,221.999
18226,2.199,29.547,219.6,511.3108,-1,1,3,38.3,,False,753.999
18229,4.332,41.964,308.37,939.6035,-1,2,5,85.6,,False,100.999
18236,4.24,37.158,274.01,749.2726,-1,3,4,56.9,,False,251.999
18237,0.408,19.286,148.25,213.1018,-1,1,4,92.2,,False,230.999
18238,3.29,35.42,261.49,703.4317,-1,2,3,96.3,,False,985.0001111111111
18239,2.798,34.891,257.94,652.4295,-1,4,5,88.8,,False,344.999
18244,2.277,31.144,231.29,528.3388,-1,1,4,72.3,,False,760.999
18245,1.313,27.193,203.7,389.1353,-1,1,5,98.6,,False,221.999
18248,2.103,26.612,198.76,425.1649,-1,1,4,97.0,,False,303.999
18254,3.7,26.464,200.59,286.2619,-1,1,4,72.6,,False,251.999
18261,2.382,24.8,186.69,336.1461,-1,1,4,47.9,,False,165.44455555555555
18263,2.632,27.139,202.54,437.1068,-1,1,6,62.3,,False,136.999
18269,2.142,26.07,195.46,377.2673,-1,2,4,64.4,,False,357.999
18280,3.325,22.893,171.75,367.0281,-1,2,3,70.5,,False,197.999
18281,1.596,26.638,198.98,423.2432,-1,1,4,71.0,,False,239.999
18283,3.437,25.404,191.32,333.3158,-1,1,7,98.9,,False,204.999
18286,3.358,30.976,231.42,427.36,-1,1,3,64.5,,False,131.999
18290,2.146,29.219,217.37,492.2748,-1,1,5,93.2,,False,382.999
18296,0.353,23.951,181.1,301.1176,-1,1,4,97.1,,False,576.999
18298,0.147,21.921,163.8,410.8236,-1,1,5,97.3,,False,279.999
18299,2.901,34.885,258.04,637.4345,-1,4,3,68.8,,False,766.999
18300,3.667,36.524,270.49,605.3799,-1,1,5,95.7,,False,464.999
18304,0.282,26.218,194.33,562.59,-1,1,8,82.3,,False,193.999
18305,1.988,21.273,162.48,241.1795,-1,1,7,99.3,,False,67.33344444444444
18307,0.492,17.338,131.97,253.8832,-1,1,5,96.6,,False,417.999
18308,0.805,20.706,181.76,59.0124,-1,1,5,70.3,,False,194.999
18309,2.11,35.559,262.62,689.443,-1,2,3,100.0,,False,411.999
18311,1.57,41.926,307.96,969.5737,-1,2,8,84.5,,False,101.999
18314,1.47,30.807,228.66,541.2984,-1,3,5,66.2,,False,79.999
18320,4.454,33.303,247.12,551.2661,-1,2,4,90.2,,False,198.999
18322,3.119,20.447,156.31,236.1354,-1,1,5,43.1,,False,140.38899488903212
18330,3.71,21.099,159.9,282.9927,-1,1,4,98.9,,False,468.999
18332,4.112,28.777,217.76,299.0251,-1,2,3,100.0,,False,502.999
18336,3.141,25.726,193.22,359.1723,-1,1,4,95.1,,False,129.999
18341,1.5,24.276,182.77,335.1484,-1,2,4,100.0,,False,76.999
18344,3.282,28.765,214.99,419.4468,-1,1,3,97.5,,False,962.999
18347,0.379,34.026,265.51,172.9887,-1,1,5,96.6,,False,164.999
18352,1.166,28.872,215.23,455.1673,-1,3,3,79.4,,False,222.999
18354,3.869,47.309,346.78,1165.6915,-1,3,4,98.6,,False,455.999
18361,2.329,24.606,192.16,168.9865,-1,1,7,98.0,,False,117.31500287384824
18368,0.655,20.638,157.16,254.9766,-1,1,4,93.5,,False,457.999
18371,1.507,23.872,180.49,301.179,-1,2,3,93.2,,False,233.999
18374,1.592,19.485,149.32,225.0641,-1,1,3,72.6,,False,281.999
18378,4.585,39.256,290.48,633.4402,-1,1,6,93.5,,False,268.999
18379,2.934,34.876,258.07,626.4744,-1,3,4,52.5,,False,475.999
18380,1.29,28.925,214.78,528.2471,-1,1,3,90.0,,False,400.999
18381,0.67,12.694,100.24,141.0167,-1,1,3,76.7,,False,727.999
18382,4.417,41.329,303.99,881.6411,-1,3,6,89.1,,False,118.999
18386,3.306,30.638,228.16,476.3466,-1,1,3,81.6,,False,577.999
18388,2.155,24.438,183.04,386.8629,-1,1,3,98.5,,False,188.999
18389,0.099,26.287,194.51,604.8677,-1,1,5,93.5,,False,190.999
18391,1.568,25.77,192.91,395.2095,-1,1,6,96.0,,False,213.999
18397,1.391,21.095,160.72,253.097,-1,1,7,70.2,,False,248.999
18399,1.525,30.978,229.07,638.251,-1,3,3,89.7,,False,860.999
18401,4.786,31.206,232.33,481.4215,-1,1,5,78.3,,False,197.999
18404,2.539,30.211,225.12,465.2488,-1,2,6,100.0,,False,36.44455555555555
18407,0.627,28.248,210.96,429.1963,-1,1,5,99.0,,False,340.999
18410,1.072,28.298,211.16,441.0901,-1,1,5,98.2,,False,438.999
18411,0.448,18.692,142.02,264.9144,-1,1,4,97.9,,False,82.999
18412,2.856,32.23,239.88,488.3464,-1,1,5,54.7,,False,145.999
18414,2.0,27.742,208.53,353.1598,-1,1,4,95.4,,False,288.999
18415,2.377,26.117,193.84,531.9704,-1,1,7,70.7,,False,243.999
18418,4.76,37.677,278.06,719.5398,-1,2,5,97.9,,False,254.999
18423,0.93,21.443,174.84,102.9555,-1,1,7,98.5,,False,135.999
18433,0.703,23.829,178.86,362.8968,-1,1,5,98.0,,False,151.999
18436,2.719,33.762,249.98,605.2409,-1,2,5,95.9,,False,172.11122222222224
18438,1.608,40.139,299.97,428.9724,-1,1,4,99.2,,False,494.1112222222222
18447,2.715,31.449,234.61,449.328,-1,2,5,89.7,,False,333.999
18455,3.882,33.524,249.41,497.3624,-1,1,5,95.9,,False,433.999
18456,0.719,18.463,140.43,258.903,-1,1,3,75.4,,False,431.999
18458,2.02,32.567,242.17,505.2637,-1,1,5,98.4,,False,210.999
18460,1.563,26.0,194.85,382.2655,-1,1,5,83.4,,False,287.999
18461,2.742,18.471,141.85,215.9813,-1,1,6,75.7,,False,276.999
18462,4.364,36.535,269.99,670.5913,-1,3,3,59.4,,False,756.5556666666666
18463,0.488,25.761,190.75,586.7772,-1,1,6,66.2,,False,189.999
18467,3.243,25.199,190.0,323.2944,-1,1,3,52.3,,False,190.999
18469,0.408,24.908,190.18,244.9653,-1,1,6,97.8,,False,159.999
18470,2.585,23.108,180.42,168.9871,-1,1,5,97.3,,False,346.999
18472,2.151,31.536,233.74,574.2319,-1,2,5,73.1,,False,345.999
18473,1.387,32.421,240.2,587.344,-1,2,5,89.4,,False,359.999
18480,3.556,23.218,176.01,283.1671,-1,2,5,80.5,,False,110.999
18483,4.468,31.091,232.21,431.3525,-1,1,4,95.4,,False,307.999
18484,2.527,26.78,199.95,430.2938,-1,1,3,98.2,,False,259.999
18486,3.465,21.548,163.26,285.066,-1,1,4,90.3,,False,484.999
18487,0.381,33.069,244.49,647.3471,-1,2,4,97.1,,False,408.999
18490,1.354,35.525,261.75,783.3212,-1,2,3,77.6,,False,474.999
18492,0.374,24.273,189.95,164.0698,-1,1,5,98.3,,False,355.999
18504,2.147,27.725,206.97,434.1837,-1,1,5,76.7,,False,181.999
18505,0.25,22.035,180.86,96.9591,-1,1,6,80.4,,False,77.1760319898965
18513,3.78,39.995,294.7,788.6077,-1,1,3,43.9,,False,1071.999
18516,1.396,33.807,253.16,399.2187,-1,1,4,67.5,,False,67.999
18524,2.358,19.984,153.9,207.1009,-1,1,5,97.3,,False,219.999
18526,2.954,31.689,234.95,567.318,-1,2,3,54.5,,False,335.999
18527,1.063,38.905,286.5,817.319,-1,2,4,100.0,,False,563.999
18532,1.736,19.597,150.18,225.0647,-1,2,3,100.0,,False,365.999
18534,2.259,19.59,151.91,185.1552,-1,1,6,81.7,,False,17.612394985623297
18536,1.081,33.668,248.74,671.1297,-1,3,4,73.0,,False,496.999
18539,1.844,11.521,90.92,141.0132,-1,1,6,96.8,,False,231.999
18540,0.689,27.684,204.51,658.8276,-1,1,8,96.5,,False,233.999
18542,3.869,38.898,286.42,819.5087,-1,1,4,43.8,,False,8.111222222222224
18543,1.275,23.701,178.86,315.1594,-1,2,7,76.8,,False,269.2223333333333
18547,0.683,16.794,131.36,162.0538,-1,1,3,99.3,,False,292.999
18550,3.439,32.298,240.13,508.4407,-1,1,5,76.5,,False,169.999
18552,2.108,26.357,197.7,373.236,-1,1,5,89.7,,False,310.999
18554,0.682,13.564,105.84,164.8331,-1,1,5,61.5,,False,276.999
18558,2.299,26.755,199.1,483.0759,-1,1,3,52.0,,False,552.999
18559,1.615,17.51,132.56,284.9864,-1,1,4,98.8,,False,713.999
18561,3.443,33.274,245.99,651.1823,-1,4,5,95.1,,False,467.55566666666664
18564,0.356,28.777,212.52,672.8671,-1,1,8,98.3,,False,16.88899999999998
18567,0.788,9.021,71.05,141.0163,-1,1,6,69.6,,False,266.999
18574,3.12,32.505,240.84,584.3528,-1,1,5,86.5,,False,250.999
18576,3.805,34.873,257.51,691.3782,-1,2,5,78.2,,False,353.999
18577,1.018,23.493,176.98,329.1766,-1,2,3,44.4,,False,240.999
18580,3.76,32.148,239.05,505.3369,-1,2,3,87.9,,False,322.999
18586,0.897,23.979,178.5,470.8627,-1,1,7,68.0,,False,245.999
18587,1.245,23.104,173.3,369.1653,-1,1,5,87.0,,False,476.999
18591,1.975,22.699,175.52,195.1731,-1,1,4,95.4,,False,477.999
18594,3.051,26.033,195.45,363.3027,-1,2,3,100.0,,False,50.999
18601,3.729,21.256,174.45,96.9907,-1,1,3,97.4,,False,608.999
18602,3.445,34.656,255.29,791.192,-1,2,4,100.0,,False,210.999
18603,0.685,24.379,180.75,550.7835,-1,1,6,77.1,,False,251.999
18610,1.074,28.992,215.99,467.1587,-1,2,3,100.0,,False,555.999
18611,2.671,15.403,115.73,337.9036,-1,1,6,87.8,,False,62.26453565036394
18613,1.291,28.899,215.17,477.1455,-1,3,3,88.4,,False,419.999
18619,3.626,32.452,240.74,556.3794,-1,2,4,66.3,,False,120.999
18621,1.907,24.536,184.9,327.2515,-1,1,4,89.1,,False,244.77788888888892
18623,2.093,30.99,229.94,549.2708,-1,2,3,76.3,,False,742.999
18628,0.955,9.217,73.73,118.9684,-1,1,6,96.1,,False,258.999
18635,1.453,33.872,250.18,681.333,-1,1,7,92.0,,False,135.999
18637,3.016,27.276,204.16,398.3355,-1,1,5,78.0,,False,9.333444444444439
18639,2.158,38.118,280.67,821.4399,-1,1,3,96.5,,False,135.999
18643,0.846,23.587,175.53,474.8584,-1,1,6,80.4,,False,136.7728196126928
18645,3.197,29.615,220.76,458.3317,-1,1,5,82.6,,False,158.999
18647,0.421,18.89,144.15,242.9966,-1,1,3,53.8,,False,278.999
18648,1.955,26.414,197.59,405.229,-1,2,3,74.9,,False,941.999
18649,2.446,32.307,239.17,608.3046,-1,2,4,93.4,,False,483.999
18651,0.397,23.188,173.98,366.1087,-1,1,3,82.5,,False,493.999
18654,0.365,16.221,129.23,129.053,-1,1,4,87.5,,False,509.999
18655,1.344,26.876,200.95,411.1876,-1,1,4,99.0,,False,431.999
18656,2.143,22.714,172.34,277.2525,-1,1,4,97.7,,False,331.999
18660,3.451,33.445,247.87,580.3664,-1,1,4,54.2,,False,752.999
18666,2.543,38.7,285.18,781.4139,-1,2,7,86.7,,False,127.999
18667,2.462,25.108,188.55,360.1594,-1,1,7,94.6,,False,214.999
18672,2.095,39.346,288.46,1117.0038,-1,1,4,97.1,,False,477.999
18673,1.146,24.687,185.69,343.1914,-1,1,6,79.2,,False,190.999
18675,2.782,30.329,226.77,415.2847,-1,1,5,50.2,,False,355.999
18677,0.536,35.354,272.11,215.0325,-1,1,6,91.0,,False,222.999
18680,3.69,35.269,260.63,668.4316,-1,3,5,60.6,,False,213.999
18682,3.55,23.529,178.12,292.2372,-1,1,4,83.2,,False,279.999
18683,1.328,22.506,167.97,428.8465,-1,1,5,98.8,,False,177.999
18686,1.004,28.002,212.27,286.9404,-1,1,3,65.6,,False,728.999
18688,2.434,32.931,243.6,632.2992,-1,2,6,99.0,,False,287.999
18691,0.233,23.899,178.13,450.8951,-1,1,6,97.8,,False,188.999
18693,2.275,32.493,240.9,567.3949,-1,1,3,38.7,,False,443.999
18696,2.591,25.097,188.67,349.1645,-1,1,4,97.1,,False,217.999
18702,3.647,43.092,316.49,987.5886,-1,3,5,97.6,,False,411.999
18703,1.582,31.592,233.94,599.1912,-1,1,4,54.5,,False,435.999
18704,1.977,31.748,235.88,521.2911,-1,3,3,99.5,,False,266.999
18705,0.275,29.405,216.25,852.3831,-1,1,6,90.0,,False,186.999
18706,2.656,27.933,209.15,395.2728,-1,1,3,95.8,,False,464.999
18711,2.23,21.141,162.14,223.169,-1,1,3,73.3,,False,418.999
18713,0.718,20.688,158.35,231.0641,-1,1,3,98.0,,False,204.999
18714,2.502,23.558,176.14,406.7909,-1,1,4,98.2,,False,134.999
18718,4.536,35.396,261.21,715.3433,-1,4,4,90.6,,False,472.33344444444447
18729,1.72,17.287,151.64,59.0125,-1,1,6,73.2,,False,157.999
18737,2.728,24.657,185.31,351.1287,-1,1,4,90.8,,False,191.999
18738,1.216,30.998,229.82,567.1544,-1,1,4,99.1,,False,265.999
18740,0.356,24.823,192.45,188.0451,-1,1,4,97.5,,False,412.999
18741,0.42,25.722,194.02,320.9688,-1,1,5,99.4,,False,278.999
18749,0.276,22.925,170.37,498.6383,-1,1,7,83.6,,False,180.999
18752,1.581,36.473,273.27,395.1877,-1,2,3,98.9,,False,317.999
18764,0.964,18.458,144.76,157.1224,-1,1,5,81.0,,False,100.22233333333334
18768,2.609,29.492,220.05,444.1815,-1,1,4,99.0,,False,131.999
18771,4.586,42.11,309.59,917.6116,-1,1,4,96.9,,False,91.999
18774,1.378,29.301,217.64,523.275,-1,2,5,97.3,,False,341.999
18777,1.054,26.156,196.34,365.1405,-1,1,5,50.1,,False,197.999
18779,2.76,46.222,338.97,1118.6612,-1,2,3,97.9,,False,220.999
18780,1.869,27.48,204.84,455.2126,-1,2,4,89.2,,False,672.999
18783,4.338,37.977,280.77,657.5004,-1,2,5,96.5,,False,179.999
18784,1.967,29.015,240.1,91.0198,-1,1,4,75.4,,False,255.999
18785,1.072,45.995,337.2,1147.4596,-1,3,3,97.4,,False,519.999
18788,0.609,26.97,199.61,600.8715,-1,1,9,86.3,,False,188.999
18789,3.541,33.019,244.98,552.4357,-1,1,3,40.5,,False,814.999
18791,4.051,21.688,163.96,300.0268,-1,1,4,44.4,,False,541.999
18795,3.74,33.274,247.34,513.3577,-1,1,4,89.1,,False,422.999
18799,4.431,41.693,306.45,926.5816,-1,2,7,89.7,,False,92.33344444444445
18801,4.129,21.091,159.27,307.0101,-1,1,3,66.7,,False,472.999
18803,0.698,24.055,180.16,386.8585,-1,1,9,88.1,,False,96.999
18805,0.532,24.968,191.89,217.028,-1,1,5,77.9,,False,549.999
18806,2.052,32.177,238.99,528.1792,-1,1,5,99.3,,False,214.999
18823,3.801,31.452,232.13,701.0608,-1,2,5,96.6,,False,396.999
18829,1.849,30.772,228.32,548.265,-1,2,3,98.0,,False,518.999
18832,0.378,22.828,172.65,298.1373,-1,1,4,78.8,,False,256.999
18841,3.431,34.062,252.43,583.2595,-1,3,3,100.0,,False,947.999
18842,3.155,32.775,243.85,495.315,-1,1,6,97.8,,False,231.999
18850,1.647,19.398,149.2,211.0862,-1,2,5,97.1,,False,281.999
18857,1.286,33.461,247.62,621.2232,-1,2,5,96.9,,False,367.999
18861,3.223,33.778,251.1,513.3586,-1,1,4,97.5,,False,382.999
18864,0.544,23.886,179.29,362.8975,-1,1,4,77.2,,False,251.999
18867,1.995,26.849,201.5,368.1872,-1,1,3,85.1,,False,348.999
18873,1.36,29.245,216.78,567.0955,-1,1,3,83.1,,False,313.999
18878,3.215,23.426,176.97,307.0095,-1,1,3,98.5,,False,649.999
18882,1.86,32.086,237.57,603.2717,-1,2,5,71.9,,False,107.999
18884,4.278,40.7,299.54,848.6334,-1,1,4,34.5,,False,194.77788888888887
18895,1.994,31.801,236.64,491.2479,-1,1,3,71.4,,False,617.999
18897,0.408,22.386,171.99,216.9923,-1,1,5,94.2,,False,4.333444444444439
18899,0.992,26.41,200.16,286.9411,-1,1,4,80.2,,False,809.999
18902,2.595,24.844,187.16,330.2692,-1,2,4,57.4,,False,487.999
18904,2.328,34.223,252.54,717.2589,-1,2,4,97.2,,False,251.999
18906,1.37,28.027,209.58,411.2209,-1,1,5,69.7,,False,371.999
18915,3.462,34.816,507.26,1099.6881,-2,5,3,97.6,,False,487.999
18916,1.008,34.562,285.4,92.928,-1,1,7,86.4,,False,155.999
18918,0.798,17.837,139.13,169.0627,-1,1,5,88.9,,False,148.999
18920,3.097,22.887,173.95,267.2676,-1,1,4,96.7,,False,263.999
18921,3.921,24.804,187.41,307.2619,-1,1,3,39.9,,False,306.999
18922,2.883,26.578,199.44,369.2264,-1,1,5,99.6,,False,322.999
18929,3.226,25.897,191.83,578.0299,-1,1,6,95.3,,False,290.999
18930,1.738,15.371,117.74,222.9967,-1,1,5,62.6,,False,56.88900000000001
18931,2.185,33.337,246.45,651.2774,-1,2,4,93.6,,False,365.999
18936,2.852,45.176,331.5,1061.6866,-1,2,5,73.7,,False,242.999
18942,1.399,28.242,210.97,425.291,-1,1,3,62.2,,False,421.999
18944,0.688,32.422,240.24,583.2574,-1,1,6,52.2,,False,222.999
18949,0.369,20.244,150.62,471.1122,-1,1,5,68.4,,False,353.999
18953,0.231,28.235,208.73,638.8894,-1,1,9,96.6,,False,53.999
18958,2.43,32.465,240.3,612.2989,-1,2,3,54.0,,False,267.999
18961,0.542,18.926,143.76,266.9138,-1,1,3,89.3,,False,288.999
18965,0.584,26.066,193.49,528.903,-1,1,10,82.9,,False,169.999
18969,4.164,40.946,301.32,857.6133,-1,1,3,55.9,,False,176.999
18971,2.886,26.553,199.32,365.2685,-1,1,4,77.8,,False,287.0001111111111
18972,2.484,29.82,222.29,458.2414,-1,1,4,53.4,,False,364.999
18973,4.048,32.236,238.81,589.3263,-1,2,4,63.3,,False,544.999
18975,0.677,24.761,203.33,96.9195,-1,1,7,81.3,,False,125.999
18976,0.37,25.061,199.98,129.0536,-1,1,4,81.8,,False,375.999
18979,0.513,42.963,377.8,59.0134,-1,1,5,99.2,,False,233.999
18980,1.087,27.332,203.61,465.11,-1,1,4,98.8,,False,391.999
18987,0.627,18.512,151.86,96.9196,-1,1,7,63.8,,False,213.999
18989,3.0,29.204,218.66,397.2245,-1,1,3,98.9,,False,257.999
18991,2.398,28.744,211.82,753.9772,-1,1,6,95.6,,False,249.999
18993,0.543,14.027,110.05,153.8651,-1,1,4,89.6,,False,273.999
18995,3.173,29.789,223.91,355.1762,-1,1,3,95.3,,False,268.999
18997,0.362,25.021,188.39,335.1056,-1,1,5,87.4,,False,336.999
19001,1.356,36.077,265.65,815.3105,-1,2,4,89.8,,False,423.999
19003,2.931,26.461,198.69,362.3144,-1,1,4,86.5,,False,420.999
19009,0.809,30.296,238.35,154.0599,-1,1,9,87.3,,False,2.1112222222222243
19012,2.204,39.322,291.59,572.9808,-1,1,3,40.1,,False,584.999
19013,1.546,26.963,201.57,413.2883,-1,2,5,61.1,,False,307.999
19014,3.099,22.647,172.29,262.1803,-1,1,3,77.6,,False,487.999
19015,1.287,31.386,234.09,451.1788,-1,1,6,96.9,,False,182.999
19024,1.672,26.732,199.57,431.2482,-1,1,5,70.4,,False,294.999
19027,3.883,40.217,295.82,877.5522,-1,2,4,64.9,,False,322.999
19030,1.73,27.875,207.55,474.2937,-1,1,4,65.1,,False,489.999
19040,1.981,28.037,209.93,395.2798,-1,1,3,98.0,,False,383.999
19044,2.746,19.291,148.89,199.0681,-1,1,3,72.1,,False,342.999
19045,1.014,25.592,192.29,355.1573,-1,1,4,91.6,,False,357.999
19052,1.784,27.423,204.77,429.2443,-1,1,3,75.5,,False,203.999
19055,3.466,26.813,203.27,285.2493,-1,1,3,74.8,,False,408.999
19056,2.735,29.441,220.47,395.3154,-1,2,3,72.3,,False,746.999
19057,0.429,27.917,231.59,89.0228,-1,1,5,88.6,,False,283.999
19061,1.979,32.89,241.61,935.9669,-1,1,5,95.4,,False,355.999
19065,1.292,31.033,231.41,455.1641,-1,2,4,99.5,,False,427.999
19066,1.202,29.469,220.13,427.1313,-1,3,4,99.1,,False,337.999
19069,0.423,22.947,190.26,89.022,-1,1,5,99.7,,False,337.999
19078,0.253,17.918,137.41,220.9731,-1,1,3,46.1,,False,98.999
19081,1.878,34.173,252.33,693.2899,-1,5,3,99.0,,False,836.999
19082,1.542,33.312,246.88,581.2421,-1,2,3,73.2,,False,479.999
19086,1.56,23.828,179.55,327.1788,-1,1,4,94.7,,False,606.999
19092,3.555,24.706,187.23,286.225,-1,1,4,96.0,,False,336.999
19098,2.254,34.517,255.47,616.3918,-1,2,3,89.4,,False,516.999
19106,1.664,31.082,230.44,565.2851,-1,1,4,95.0,,False,123.999
19107,1.845,20.744,157.59,268.0453,-1,1,6,84.6,,False,199.999
19109,1.498,16.05,132.21,92.9258,-1,1,6,86.4,,False,168.999
19110,1.512,27.806,206.92,485.0918,-1,1,4,94.1,,False,190.999
19117,4.489,35.723,263.95,670.5202,-1,2,3,70.2,,False,532.999
19120,0.604,27.485,203.17,638.8634,-1,1,6,81.6,,False,259.999
19121,2.599,29.5,219.27,508.319,-1,1,5,80.0,,False,320.999
19127,0.806,18.525,141.07,252.9464,-1,1,3,97.9,,False,327.999
19135,3.603,34.591,255.76,648.4267,-1,1,4,48.9,,False,165.999
19138,4.315,30.263,224.59,543.0588,-1,2,5,95.6,,False,365.999
19139,3.012,29.19,217.94,434.2981,-1,1,5,83.1,,False,416.999
19140,2.563,28.708,215.51,367.1741,-1,1,5,91.9,,False,343.999
19141,1.259,27.793,208.54,371.1732,-1,1,4,76.2,,False,226.999
19143,1.538,29.657,220.85,475.3273,-1,2,3,80.8,,False,595.999
19145,3.632,34.109,251.99,673.3976,-1,2,6,95.6,,False,292.999
19147,1.892,17.934,134.94,330.9817,-1,1,6,99.0,,False,338.11122222222224
19148,2.463,29.572,220.58,448.3148,-1,1,3,44.0,,False,494.999
19153,4.42,42.547,312.76,923.6491,-1,3,7,82.7,,False,233.0001111111111
19154,0.795,25.527,189.08,576.8247,-1,1,6,82.5,,False,200.999
19156,1.933,24.245,182.49,337.1678,-1,1,3,53.0,,False,91.999
19158,3.419,29.308,218.33,468.3217,-1,1,5,97.8,,False,296.55566666666664
19159,2.905,35.595,262.82,695.409,-1,1,4,77.4,,False,382.999
19164,0.544,17.059,132.5,179.0535,-1,1,5,58.4,,False,301.999
19175,4.684,35.125,259.22,715.3465,-1,5,3,96.5,,False,602.999
19179,3.783,30.265,224.9,515.2161,-1,2,5,77.3,,False,241.999
19181,0.855,47.057,413.9,59.013,-1,1,9,71.5,,False,75.999
19185,1.831,22.517,170.05,308.6341,-1,1,3,97.6,,False,539.999
19187,3.272,27.687,207.01,411.3504,-1,1,5,77.0,,False,151.95418647955302
19190,2.562,27.215,204.3,365.3917,-1,1,4,84.5,,False,272.999
19194,2.001,27.86,224.41,116.9716,-1,1,4,98.7,,False,84.999
19201,0.291,28.44,219.65,201.036,-1,1,5,96.8,,False,166.999
19203,2.79,43.392,318.68,990.5896,-1,1,5,80.5,,False,179.999
19206,3.516,33.923,250.75,655.4218,-1,1,5,55.7,,False,145.999
19208,1.361,34.75,256.68,683.2072,-1,2,5,92.2,,False,390.999
19212,0.314,23.934,188.67,148.9774,-1,1,5,79.5,,False,204.999
19214,1.517,36.851,271.41,804.5044,-1,2,3,95.5,,False,194.999
19216,2.715,34.117,252.33,636.3095,-1,3,4,71.4,,False,148.999
19220,1.394,23.683,177.63,370.1794,-1,1,4,99.5,,False,224.999
19221,2.812,30.462,226.91,471.2662,-1,2,6,99.2,,False,48.14981426825136
19224,0.937,20.513,155.81,269.0136,-1,1,3,99.3,,False,217.999
19226,0.83,22.465,167.66,428.8484,-1,1,5,74.0,,False,256.999
19230,0.25,23.687,178.11,345.1101,-1,1,6,82.7,,False,71.999
19231,3.954,32.839,243.33,583.4201,-1,3,6,77.3,,False,360.0001111111111
19234,0.625,23.968,178.2,492.824,-1,1,5,94.2,,False,197.999
19239,1.616,27.229,203.59,411.2233,-1,1,3,62.1,,False,262.999
19240,1.422,24.073,181.24,335.1486,-1,1,3,77.2,,False,614.999
19242,1.139,16.951,133.3,151.0731,-1,1,5,97.6,,False,317.999
19243,1.408,22.312,168.96,289.0549,-1,1,4,98.4,,False,435.999
19244,2.966,32.829,243.05,606.3442,-1,2,5,69.2,,False,367.999
19246,1.458,23.615,178.5,303.1932,-1,1,4,95.5,,False,427.999
19248,2.702,28.993,216.46,434.2978,-1,1,4,85.6,,False,341.999
19251,2.167,26.634,200.96,319.262,-1,1,4,46.6,,False,349.999
19259,1.835,33.713,249.08,671.2208,-1,2,6,89.6,,False,178.999
19261,0.394,23.806,179.13,339.0525,-1,1,3,97.4,,False,475.999
19264,3.142,26.504,198.57,385.3364,-1,2,3,63.5,,False,303.999
19269,2.167,29.603,220.88,443.2834,-1,1,5,97.0,,False,321.999
19270,1.678,20.376,156.06,228.1001,-1,2,3,91.3,,False,371.999
19273,2.126,25.621,192.61,350.2408,-1,1,4,99.2,,False,270.999
19276,0.576,22.356,169.3,289.1049,-1,1,3,99.4,,False,472.999
19277,3.488,35.804,264.63,661.4735,-1,3,4,52.6,,False,291.999
19278,0.633,27.966,206.76,634.8705,-1,1,9,88.7,,False,95.999
19283,0.373,26.87,198.98,586.8621,-1,1,5,95.9,,False,169.999
19289,0.382,19.052,144.06,295.1076,-1,1,5,77.5,,False,236.999
19290,3.95,21.36,160.86,329.0456,-1,1,7,89.8,,False,73.11122222222222
19295,2.541,23.557,178.2,297.419,-1,1,5,46.8,,False,285.999
19298,2.452,22.983,174.28,281.2087,-1,1,3,75.8,,False,422.999
19300,4.516,37.282,282.95,283.2618,-1,1,5,79.0,,False,280.999
19301,2.404,27.999,208.92,441.2993,-1,2,4,62.1,,False,541.999
19306,1.619,21.854,166.02,269.0897,-1,1,4,98.8,,False,565.999
19308,3.112,24.118,180.39,403.0657,-1,2,3,98.3,,False,586.999
19310,2.383,34.129,253.06,569.982,-1,1,3,97.7,,False,612.3334444444445
19313,0.29,26.644,205.75,201.0353,-1,1,6,89.0,,False,125.999
19314,3.734,25.066,189.04,321.3147,-1,1,4,99.4,,False,366.999
19316,1.331,19.565,149.59,235.009,-1,1,3,67.9,,False,508.999
19318,4.006,47.712,350.1,1067.9157,-1,1,6,70.6,,False,76.999
19324,2.233,24.86,187.68,313.2356,-1,1,4,85.7,,False,261.999
19327,1.74,18.804,143.71,236.0011,-1,1,4,90.5,,False,323.77788888888887
19328,1.33,13.638,106.15,170.8309,-1,1,3,53.0,,False,574.999
19341,2.53,32.617,242.58,502.3495,-1,2,3,64.3,,False,243.999
19342,1.386,23.353,176.51,303.1333,-1,1,4,74.6,,False,113.999
19345,0.925,23.089,175.05,282.2526,-1,1,3,62.7,,False,339.999
19347,2.192,23.483,177.01,323.9943,-1,1,5,66.7,,False,124.66677777777775
19348,1.96,31.08,231.34,485.3469,-1,2,3,61.6,,False,782.999
19354,3.014,22.641,172.14,265.1419,-1,1,4,99.3,,False,468.999
19361,1.789,22.652,172.23,265.1444,-1,1,4,96.2,,False,226.889
19367,0.674,24.17,179.35,532.8142,-1,1,6,93.0,,False,156.999
19380,1.289,31.088,230.79,537.1666,-1,3,3,90.9,,False,342.999
19381,3.972,32.299,239.86,531.4069,-1,1,4,46.8,,False,369.999
19382,2.291,30.515,228.1,419.3515,-1,2,3,97.0,,False,635.999
19383,1.477,26.198,215.66,94.9241,-1,1,8,98.8,,False,29.641877902504916
19385,0.497,25.963,192.91,508.9364,-1,1,7,98.5,,False,11.279194995790874
19386,1.663,31.635,234.24,601.281,-1,3,3,93.4,,False,783.999
19391,2.725,27.573,207.12,359.2939,-1,1,4,69.5,,False,498.999
19395,3.412,30.786,229.3,473.2812,-1,1,5,99.3,,False,143.999
19396,4.479,45.604,334.84,1015.7974,-1,1,6,72.1,,False,366.999
19398,2.509,42.131,309.87,891.598,-1,1,4,70.6,,False,199.999
19399,4.008,35.687,263.25,733.3391,-1,1,4,63.6,,False,215.999
19401,2.389,24.622,192.04,171.9971,-1,1,5,96.8,,False,196.5556666666667
19402,0.42,41.606,320.32,215.0324,-1,1,5,65.0,,False,281.999
19406,0.733,28.957,229.41,141.0146,-1,1,5,99.6,,False,53.999
19412,1.634,27.171,203.68,381.1742,-1,1,3,96.5,,False,521.999
19414,1.615,33.277,245.86,671.3475,-1,1,5,89.2,,False,349.999
19416,3.359,34.225,253.36,612.3276,-1,1,3,78.3,,False,120.999
19420,1.976,35.219,262.43,471.9929,-1,1,5,86.1,,False,238.999
19422,4.152,43.852,322.2,958.7325,-1,2,7,70.9,,False,214.999
19429,2.076,28.198,210.05,467.1881,-1,2,4,65.0,,False,386.999
19438,2.781,32.31,239.84,541.4064,-1,1,5,80.0,,False,368.999
19439,2.23,24.575,183.56,420.8401,-1,1,3,89.6,,False,135.999
19440,4.534,45.401,333.25,1032.7504,-1,3,4,89.1,,False,242.999
19442,4.461,32.9,244.23,541.4454,-1,1,3,71.8,,False,269.999
19444,1.903,28.5,212.51,452.309,-1,1,5,52.2,,False,292.999
19445,0.458,22.919,172.41,340.8489,-1,1,6,82.7,,False,213.999
19446,1.569,23.812,209.11,59.0129,-1,1,7,76.1,,False,108.999
19448,3.667,20.943,160.38,229.1571,-1,1,5,92.4,,False,347.55566666666664
19449,3.637,24.333,183.78,309.3158,-1,1,6,84.0,,False,149.999
19452,2.579,34.852,257.67,652.349,-1,2,4,98.3,,False,315.999
19456,1.255,19.907,151.88,245.0466,-1,1,3,64.7,,False,288.999
19462,3.293,24.967,188.07,331.2258,-1,1,4,92.2,,False,166.999
19468,1.234,30.349,226.35,451.1768,-1,1,5,97.9,,False,371.999
19471,1.213,28.262,210.44,475.1376,-1,2,3,98.0,,False,406.999
19472,0.758,22.583,170.27,320.8874,-1,1,6,72.7,,False,165.999
19474,4.382,43.209,317.54,941.6566,-1,2,4,78.9,,False,294.999
19475,0.571,33.551,248.42,605.2393,-1,2,5,86.0,,False,261.999
19476,2.934,33.815,250.13,634.3776,-1,3,5,75.2,,False,244.11122222222224
19480,1.644,6.377,50.06,141.0171,-1,1,5,99.4,,False,60.999
19482,0.754,23.131,172.03,484.8095,-1,1,6,98.0,,False,212.999
19483,2.373,26.672,200.11,371.1219,-1,1,4,66.5,,False,216.0001111111111
19487,4.199,30.974,230.5,488.3842,-1,1,3,46.6,,False,309.999
19491,1.833,23.018,182.89,135.115,-1,1,3,94.9,,False,354.999
19492,4.236,23.841,178.64,381.0289,-1,1,4,58.6,,False,400.999
19494,0.886,27.844,207.11,493.14,-1,1,5,87.7,,False,348.999
19496,0.842,25.28,187.3,568.8122,-1,1,6,99.0,,False,216.999
19499,2.214,20.776,157.95,264.1387,-1,1,3,78.9,,False,238.999
19501,0.71,25.41,188.29,566.8144,-1,1,7,86.2,,False,173.999
19503,4.351,38.411,284.16,635.4127,-1,2,4,99.9,,False,110.999
19507,3.732,21.288,169.33,133.0109,-1,1,3,86.5,,False,685.999
19515,1.895,26.661,199.28,415.1754,-1,2,3,98.8,,False,302.999
19516,2.21,40.01,293.18,1168.9677,-1,2,3,53.7,,False,500.999
19520,2.922,46.209,338.85,1123.7038,-1,2,5,95.9,,False,285.999
19524,1.984,26.78,199.97,429.1953,-1,1,5,70.7,,False,356.999
19534,1.83,32.981,243.84,647.3075,-1,2,5,97.6,,False,186.999
19537,3.576,37.223,282.7,279.2338,-1,1,4,77.0,,False,289.999
19538,0.491,18.623,141.87,250.9813,-1,1,3,62.8,,False,428.999
19541,2.872,41.847,307.71,904.5762,-1,2,3,75.0,,False,49.999
19542,0.367,26.595,196.69,620.7747,-1,1,7,91.2,,False,80.999
19550,1.88,33.539,251.88,366.8986,-1,1,3,71.0,,False,465.999
19551,3.002,27.983,208.79,442.1088,-1,1,3,79.3,,False,409.999
19552,2.755,25.144,196.35,169.1574,-1,1,4,97.0,,False,269.999
19555,2.026,33.336,246.52,641.3023,-1,2,4,92.2,,False,464.999
19557,1.942,24.633,185.07,354.1746,-1,1,6,99.7,,False,141.999
19560,0.623,24.345,180.48,552.7782,-1,1,6,96.4,,False,212.999
19563,2.32,46.928,343.82,1215.5951,-1,3,3,89.1,,False,401.999
19565,3.859,34.276,253.23,670.4136,-1,2,4,61.0,,False,110.999
19570,2.415,22.632,172.02,267.1553,-1,1,4,94.1,,False,269.999
19571,0.458,24.656,185.27,353.2299,-1,1,4,99.1,,False,210.999
19575,2.853,33.701,249.38,623.3818,-1,1,3,97.1,,False,115.999
19578,2.402,33.126,245.25,607.3475,-1,2,4,100.0,,False,196.999
19582,0.555,22.01,167.24,268.1268,-1,1,4,85.3,,False,206.999
19584,3.821,37.011,272.72,784.525,-1,3,4,88.7,,False,393.999
19595,1.961,33.109,244.68,659.2209,-1,2,3,96.8,,False,684.999
19598,2.661,31.719,235.04,582.2828,-1,2,5,99.4,,False,533.999
19600,0.246,16.985,130.36,216.9056,-1,1,3,47.4,,False,407.999
19602,1.374,30.771,228.47,533.3307,-1,1,5,61.3,,False,50.999
19604,2.313,30.744,228.88,481.4697,-1,2,5,99.2,,False,285.999
19613,2.043,28.63,213.53,448.3123,-1,1,3,43.4,,False,370.999
19615,0.274,36.258,265.26,1320.0533,-1,1,8,87.0,,False,103.999
19616,1.572,32.948,243.7,633.3641,-1,1,8,92.8,,False,153.999
19617,1.751,14.458,114.6,135.9684,-1,1,6,85.1,,False,182.999
19621,3.26,32.76,242.59,599.2526,-1,2,3,98.5,,False,342.999
19622,2.197,23.517,177.33,320.9855,-1,1,4,98.1,,False,151.999
19627,1.976,26.492,198.44,388.257,-1,1,4,97.2,,False,301.999
19628,2.098,23.017,174.48,283.2256,-1,1,3,38.1,,False,357.999
19631,0.374,21.768,173.62,129.053,-1,1,4,97.5,,False,387.999
19632,1.352,28.024,208.74,469.1761,-1,1,4,82.1,,False,307.999
19637,0.365,23.677,179.0,302.0992,-1,1,4,61.8,,False,370.999
19651,2.734,27.813,209.37,339.2004,-1,1,5,87.1,,False,230.3344714651983
19653,2.39,31.426,234.17,467.2467,-1,1,4,99.2,,False,109.999
19654,3.222,29.744,218.75,850.9655,-1,1,6,68.8,,False,34.44455555555558
19655,1.472,18.276,140.94,201.0219,-1,2,3,52.3,,False,381.999
19657,3.741,36.31,268.04,707.3944,-1,4,4,96.9,,False,154.999
19658,1.871,32.838,242.51,685.1501,-1,3,5,99.5,,False,578.999
19660,0.538,22.452,167.56,428.8465,-1,1,5,97.8,,False,222.999
19666,2.551,24.282,179.39,644.9721,-1,1,3,82.2,,False,322.999
19669,1.718,27.906,208.31,435.2374,-1,1,3,63.1,,False,219.999
19671,0.513,19.986,153.65,213.1469,-1,1,5,75.0,,False,121.999
19675,0.734,19.573,159.54,102.9551,-1,1,7,81.3,,False,90.999
19677,3.742,33.845,250.97,567.3681,-1,1,3,43.2,,False,177.999
19678,0.839,22.675,174.91,203.0538,-1,1,7,83.4,,False,125.999
19688,1.783,23.448,177.33,299.2217,-1,1,4,75.6,,False,51.66677777777778
19689,0.758,15.644,128.86,92.9286,-1,1,8,88.4,,False,100.73294441189853
19690,2.749,43.705,324.86,524.2783,-1,1,4,87.4,,False,443.999
19693,3.071,24.01,181.56,300.2032,-1,1,5,99.2,,False,135.999
19697,0.527,22.937,172.58,338.8517,-1,1,6,98.5,,False,201.999
19698,0.268,25.562,188.83,653.2693,-1,1,6,96.6,,False,234.999
19702,2.947,20.437,155.94,245.0341,-1,1,4,80.1,,False,178.999
19704,1.95,27.666,228.9,91.0203,-1,1,3,99.7,,False,432.999
19705,0.6,26.041,193.01,562.8201,-1,1,8,85.9,,False,187.999
19708,2.896,38.857,286.1,821.499,-1,1,6,96.8,,False,146.24389931294166
19712,2.401,26.997,201.54,432.3219,-1,1,3,42.5,,False,336.999
19715,3.649,39.843,293.4,816.8548,-1,1,7,67.6,,False,216.11122222222224
19717,1.242,31.598,254.19,118.9671,-1,1,8,96.8,,False,68.999
19719,2.399,22.074,165.46,374.9953,-1,1,4,87.1,,False,515.999
19725,2.379,29.9,222.74,469.2564,-1,1,4,97.0,,False,257.999
19735,1.809,30.076,223.16,547.2622,-1,2,3,99.2,,False,194.999
19739,2.351,28.428,211.71,472.2469,-1,1,4,99.2,,False,249.999
19747,4.241,33.091,245.69,536.4946,-1,1,4,52.0,,False,372.889
19749,3.328,18.083,139.13,208.9749,-1,1,4,96.0,,False,391.999
19750,2.439,28.562,212.77,467.2418,-1,1,3,97.8,,False,833.999
19753,0.403,16.37,126.81,185.9503,-1,1,5,87.8,,False,412.999
19756,3.964,35.948,265.81,649.5033,-1,2,3,56.0,,False,343.999
19757,0.388,29.209,217.14,505.267,-1,1,4,83.2,,False,238.999
19758,1.272,28.338,210.59,511.2643,-1,2,3,91.5,,False,391.999
19762,3.111,27.262,204.62,367.2841,-1,1,3,52.8,,False,303.2223333333333
19763,3.386,30.921,227.2,912.955,-1,1,4,72.5,,False,292.999
19769,2.575,29.134,216.96,474.2589,-1,1,4,65.6,,False,229.999
19775,0.364,17.994,143.42,129.0534,-1,1,4,86.3,,False,412.999
19777,2.215,27.457,205.13,423.196,-1,1,6,69.7,,False,74.44455555555558
19779,1.685,29.976,222.22,567.1592,-1,1,5,86.9,,False,126.999
19782,2.278,35.212,258.36,1031.9531,-1,1,4,96.9,,False,414.999
19784,2.112,14.001,109.84,153.8657,-1,1,4,63.1,,False,165.999
19785,1.835,27.674,206.53,438.232,-1,2,3,98.0,,False,480.999
19788,1.441,34.242,252.11,815.2974,-1,1,3,89.6,,False,808.999
19791,1.721,25.546,191.83,360.2263,-1,1,6,79.1,,False,238.999
19797,0.639,26.15,194.13,526.9066,-1,1,4,54.6,,False,236.999
19799,1.356,32.297,239.01,617.3064,-1,1,4,90.2,,False,203.999
19804,1.32,21.459,161.62,328.6641,-1,1,3,60.2,,False,196.999
19806,4.032,36.36,268.0,769.3157,-1,1,4,88.4,,False,352.999
19807,3.339,35.809,264.3,710.4084,-1,3,5,68.9,,False,144.999
19808,2.774,25.688,193.33,339.3275,-1,1,3,43.0,,False,140.44455555555555
19812,1.454,23.226,175.91,289.1805,-1,1,4,96.1,,False,202.999
19815,2.664,24.306,183.32,320.2308,-1,1,6,42.7,,False,169.55566666666664
19823,4.199,26.162,195.95,389.2002,-1,1,4,99.3,,False,311.999
19825,1.773,18.26,140.74,203.0223,-1,1,8,96.7,,False,164.999
19826,0.81,55.449,439.83,141.0135,-1,1,5,90.2,,False,95.44455555555558
19827,1.372,33.789,249.15,745.1134,-1,1,7,91.8,,False,226.999
19828,4.338,40.391,297.07,884.7707,-1,1,3,50.3,,False,697.999
19830,4.017,31.924,237.41,503.4042,-1,2,4,98.8,,False,181.999
19835,4.042,34.312,254.16,596.4347,-1,1,3,96.8,,False,404.999
19836,1.899,20.905,156.0,426.9281,-1,1,4,98.2,,False,164.999
19837,1.537,32.996,245.15,523.2733,-1,2,4,100.0,,False,446.999
19839,3.483,28.627,213.04,485.1565,-1,1,5,97.0,,False,319.44455555555555
19840,0.398,28.473,225.56,141.0138,-1,1,3,73.0,,False,113.999
19845,0.264,7.197,57.53,116.972,-1,1,4,55.3,,False,15.777888888888896
19848,1.438,17.544,136.14,181.9909,-1,1,4,74.8,,False,301.999
19850,1.951,27.684,227.93,94.924,-1,1,5,96.8,,False,123.999
19854,3.039,47.431,353.49,478.2946,-1,1,5,82.7,,False,552.999
19858,2.172,32.631,241.31,639.2541,-1,1,5,90.9,,False,150.999
19867,3.582,32.896,243.59,602.3812,-1,1,4,90.6,,False,147.999
19869,2.484,40.628,298.63,922.5263,-1,1,6,75.9,,False,236.999
19874,1.739,29.047,255.24,59.0125,-1,1,6,93.4,,False,131.999
19875,4.287,37.979,280.37,709.4334,-1,2,4,89.8,,False,223.999
19878,1.681,28.505,212.46,459.2974,-1,1,3,97.5,,False,477.999
19887,2.393,24.701,184.27,438.8148,-1,1,4,97.3,,False,408.999
19895,1.048,32.355,239.15,654.172,-1,1,4,88.6,,False,341.999
19897,0.249,26.016,194.25,428.9323,-1,1,6,83.3,,False,216.999
19898,1.931,18.596,143.05,210.0316,-1,1,4,76.0,,False,340.999
19900,0.708,30.761,226.67,762.88,-1,1,10,91.7,,False,90.33344444444445
19903,0.983,13.966,109.58,153.8678,-1,1,4,88.5,,False,256.999
19906,0.293,20.008,151.91,270.797,-1,1,6,82.9,,False,163.999
19907,2.374,25.588,194.03,283.1534,-1,1,4,98.9,,False,290.999
19910,0.298,21.99,164.65,386.8607,-1,1,5,76.7,,False,32.777888888888896
19912,1.435,9.514,74.97,141.0119,-1,1,3,96.5,,False,354.999
19913,3.655,29.757,220.16,619.0586,-1,2,3,97.4,,False,573.999
19915,4.771,30.856,229.7,481.4246,-1,1,4,84.6,,False,177.999
19916,2.295,28.052,207.73,590.019,-1,1,5,90.1,,False,253.22233333333332
19917,1.468,32.913,243.18,669.3331,-1,2,4,96.3,,False,370.999
19920,2.373,33.95,250.8,675.2755,-1,1,7,86.6,,False,389.999
19921,3.7,27.527,202.81,756.9137,-1,1,3,71.7,,False,572.999
19932,0.494,27.22,202.81,462.2846,-1,2,3,86.2,,False,480.999
19941,2.308,33.293,246.13,651.2919,-1,2,4,62.6,,False,375.999
19943,2.529,33.134,246.11,528.3377,-1,2,4,78.8,,False,429.999
19944,1.407,24.383,183.88,321.2041,-1,1,4,80.8,,False,81.999
19947,2.389,18.412,143.01,180.0723,-1,1,5,91.3,,False,234.999
19951,2.16,24.318,182.17,384.8665,-1,1,4,85.0,,False,166.999
19953,2.092,29.502,219.92,457.2592,-1,2,4,98.4,,False,531.999
19957,3.28,40.184,295.97,812.5832,-1,2,3,48.9,,False,312.999
19963,1.884,28.227,209.68,519.2283,-1,2,4,92.9,,False,159.999
19964,4.291,41.693,306.51,918.5974,-1,3,5,65.0,,False,58.999
19966,2.372,33.94,252.15,525.3251,-1,1,3,98.3,,False,317.999
19981,2.13,25.274,190.17,341.1599,-1,1,4,97.9,,False,254.999
19982,1.498,35.214,259.35,800.2842,-1,2,4,98.4,,False,103.999
19992,3.537,41.858,308.02,859.6937,-1,2,4,51.8,,False,294.44455555555555
19994,0.602,26.219,194.52,540.9133,-1,1,4,93.9,,False,383.999
19995,2.837,27.74,208.62,348.2977,-1,1,4,62.5,,False,307.999
19999,1.887,29.965,222.03,579.2529,-1,2,4,59.2,,False,124.999
20002,0.29,25.789,190.8,608.6807,-1,1,7,69.1,,False,94.999
20006,1.754,35.524,266.57,376.0015,-1,1,3,80.8,,False,363.999
20007,0.709,29.637,218.63,714.8728,-1,1,12,97.5,,False,46.494154830525446
20008,3.528,31.241,231.87,540.3784,-1,1,5,90.3,,False,182.999
20023,0.391,29.712,219.33,688.9222,-1,1,7,81.0,,False,68.999
20025,4.364,35.534,262.84,638.4441,-1,1,4,96.6,,False,419.999
20028,2.13,40.523,297.97,903.4648,-1,3,5,97.1,,False,232.999
20039,0.668,21.539,175.63,102.9553,-1,1,4,97.4,,False,233.999
20042,2.53,41.944,308.45,897.589,-1,2,6,87.3,,False,224.999
20043,0.345,25.1,197.89,148.9777,-1,1,5,97.1,,False,175.999
20044,2.495,41.163,307.58,433.2358,-1,1,6,70.6,,False,129.999
20047,1.624,23.058,174.69,286.9709,-1,1,6,97.5,,False,185.999
20048,1.971,32.168,239.34,494.2659,-1,1,4,66.2,,False,279.999
20054,2.359,23.66,175.59,526.948,-1,1,6,87.2,,False,224.11122222222224
20056,1.216,17.835,134.83,294.8248,-1,1,3,99.1,,False,549.999
20058,1.866,16.582,136.62,92.9262,-1,1,8,98.5,,False,58.63923956797235
20060,4.186,36.819,271.99,682.5915,-1,2,3,55.9,,False,416.999
20063,0.425,26.486,219.69,89.0222,-1,1,4,97.0,,False,226.999
20065,0.741,21.073,160.49,255.0651,-1,1,4,94.9,,False,146.999
20067,2.247,39.122,290.08,572.9906,-1,1,3,89.1,,False,590.999
20070,3.484,30.813,449.4,916.4782,-2,3,3,99.6,,False,408.999
20072,1.62,36.323,292.78,116.9686,-1,1,5,55.9,,False,64.999
20078,2.176,32.352,239.57,600.362,-1,2,5,76.4,,False,278.2223333333333
20080,3.29,34.519,255.27,643.4275,-1,3,4,57.5,,False,521.999
20081,0.818,20.664,157.68,245.0473,-1,1,3,80.4,,False,248.999
20083,1.826,21.16,160.65,272.1164,-1,1,3,96.1,,False,187.999
20084,1.076,31.984,236.93,589.1566,-1,2,6,94.6,,False,316.999
20087,1.579,31.805,235.9,559.1954,-1,2,4,100.0,,False,318.999
20093,2.491,33.9,251.05,600.3968,-1,1,5,85.7,,False,451.999
20099,0.651,22.26,166.65,388.8551,-1,1,6,98.7,,False,206.999
20101,2.172,27.557,206.36,393.2624,-1,1,4,77.9,,False,352.999
20102,0.34,21.005,159.16,284.0486,-1,1,4,71.3,,False,392.999
20103,1.628,26.697,199.52,416.2486,-1,1,3,83.0,,False,342.999
20105,3.574,28.343,208.15,930.9378,-1,2,4,58.6,,False,189.999
20111,0.951,29.665,220.46,513.2733,-1,1,6,86.5,,False,235.999
20114,1.887,21.631,164.53,262.1246,-1,1,4,83.7,,False,161.999
20115,3.4,41.22,302.98,923.5144,-1,3,4,92.6,,False,504.999
20116,1.484,25.598,192.06,369.2625,-1,1,4,61.9,,False,196.999
20117,0.742,23.196,189.18,102.9556,-1,1,7,96.8,,False,246.999
20119,0.373,25.086,187.52,412.1243,-1,1,4,88.2,,False,282.999
20120,2.014,22.239,169.59,249.1497,-1,1,6,98.2,,False,48.66677777777775
20124,3.611,22.317,169.86,259.2065,-1,1,5,77.5,,False,257.999
20126,3.571,25.955,195.37,338.3407,-1,1,5,87.7,,False,139.999
20129,2.5,34.734,256.88,640.3918,-1,5,4,83.4,,False,535.999
20132,0.691,24.156,179.22,534.8129,-1,1,7,92.6,,False,76.999
20133,3.152,33.976,251.51,611.2929,-1,2,3,99.0,,False,395.999
20135,2.23,37.643,285.26,293.177,-1,1,3,78.4,,False,253.33344444444447
20136,1.623,26.011,194.59,403.2173,-1,1,5,58.4,,False,168.999
20137,2.296,38.211,281.6,779.4809,-1,2,3,82.5,,False,367.0001111111111
20139,2.554,34.02,251.39,664.354,-1,2,3,67.0,,False,481.999
20142,1.543,30.108,223.76,513.3087,-1,2,4,69.2,,False,251.999
20155,2.052,21.467,159.87,457.9537,-1,1,5,93.2,,False,225.88899999999998
20158,0.77,27.641,227.05,96.9204,-1,1,8,59.0,,False,192.999
20160,2.379,28.885,215.02,481.1915,-1,1,5,81.9,,False,106.999
20169,3.604,30.957,229.81,537.2976,-1,2,4,93.6,,False,219.999
20171,3.483,32.764,243.26,537.7298,-1,1,4,41.7,,False,208.999
20182,3.583,27.687,207.18,402.3452,-1,1,6,68.3,,False,110.999
20185,3.4,32.085,237.94,563.313,-1,2,3,97.7,,False,446.999
20189,2.249,28.192,210.67,420.2936,-1,1,3,66.1,,False,496.999
20200,1.656,29.228,217.22,511.2746,-1,2,4,82.3,,False,326.999
20201,4.004,36.536,269.97,672.5927,-1,2,5,58.7,,False,38.11122222222224
20202,2.04,21.06,161.13,233.1542,-1,1,7,91.5,,False,114.999
20207,2.088,23.499,177.82,295.1795,-1,1,3,99.0,,False,611.999
20208,3.739,25.483,193.11,287.263,-1,1,4,75.8,,False,220.999
20209,0.871,21.495,162.81,286.8882,-1,1,8,87.9,,False,106.999
20210,3.104,26.115,195.66,385.1905,-1,1,5,98.6,,False,192.999
20213,0.65,23.749,177.83,388.9387,-1,1,8,95.9,,False,126.999
20216,1.728,20.458,155.36,270.0004,-1,1,5,95.7,,False,280.999
20218,4.381,41.951,308.75,852.6647,-1,2,6,88.3,,False,122.999
20221,4.063,30.493,226.8,497.3144,-1,1,3,50.1,,False,270.999
20229,1.444,26.232,230.43,59.0127,-1,1,7,59.9,,False,34.44455555555555
20234,3.847,35.116,260.37,572.4406,-1,1,3,77.0,,False,311.999
20236,3.322,23.875,180.95,285.2395,-1,1,3,48.6,,False,371.999
20239,3.43,12.765,99.36,169.8737,-1,1,7,61.0,,False,137.999
20240,1.327,27.743,207.51,407.2453,-1,1,3,98.3,,False,327.999
20241,1.578,33.263,245.8,665.1604,-1,2,4,82.0,,False,229.999
20247,1.812,13.951,114.83,93.0322,-1,1,4,44.0,,False,269.999
20255,3.317,27.758,208.44,363.3251,-1,1,3,67.3,,False,520.999
20262,4.296,46.842,343.67,1076.8679,-1,2,6,87.9,,False,230.999
20264,1.965,30.099,222.95,587.1682,-1,1,4,97.1,,False,238.999
20265,1.563,30.541,226.83,527.3226,-1,1,3,54.4,,False,461.999
20270,0.283,27.716,203.98,806.4058,-1,1,6,95.4,,False,113.999
20273,0.647,23.725,194.8,96.9196,-1,1,4,63.1,,False,200.999
20275,2.186,27.152,202.99,413.2523,-1,1,3,82.5,,False,243.999
20283,2.771,41.708,307.09,832.5753,-1,2,5,100.0,,False,258.999
20285,1.476,29.823,221.37,538.2465,-1,1,3,98.8,,False,414.999
20288,1.401,28.413,212.03,440.193,-1,2,3,88.9,,False,337.999
20290,1.389,27.721,207.85,379.1897,-1,1,3,98.6,,False,660.999
20298,2.536,26.945,202.65,347.2216,-1,1,4,42.3,,False,220.999
20302,2.735,37.457,275.93,795.338,-1,1,5,97.7,,False,211.999
20304,2.042,31.25,231.61,575.2933,-1,2,3,97.4,,False,434.999
20308,4.602,34.635,255.85,679.3675,-1,3,5,92.4,,False,378.999
20322,1.367,27.933,208.04,470.2247,-1,1,3,75.5,,False,231.999
20326,3.65,44.977,330.45,967.7913,-1,2,4,83.7,,False,302.999
20329,0.891,13.587,106.03,164.8332,-1,1,3,70.2,,False,321.999
20332,3.192,28.47,212.04,471.3467,-1,2,4,74.7,,False,349.999
20337,0.142,28.618,211.56,638.9479,-1,1,5,63.9,,False,160.999
20344,3.811,40.79,300.13,865.5859,-1,1,3,96.9,,False,502.999
20346,3.552,41.24,303.89,791.5333,-1,1,3,97.9,,False,565.999
20356,3.087,32.577,242.27,503.3717,-1,2,5,65.4,,False,352.999
20357,3.616,33.098,245.42,567.2613,-1,1,5,76.8,,False,332.999
20361,1.022,25.379,189.38,436.8195,-1,1,4,94.1,,False,304.999
20367,1.867,28.081,209.56,439.2071,-1,2,3,50.0,,False,182.999
20374,4.088,34.617,255.56,701.3749,-1,2,3,68.4,,False,624.999
20393,1.934,23.719,182.07,221.1523,-1,1,6,90.0,,False,144.999
20394,4.307,46.472,341.05,1054.8511,-1,3,5,73.7,,False,226.999
20396,2.961,35.722,263.61,718.3585,-1,2,4,76.5,,False,249.999
20398,1.075,40.099,294.86,899.3207,-1,3,3,89.8,,False,463.999
20401,1.192,27.28,203.2,467.1533,-1,1,6,93.7,,False,213.999
20406,2.872,29.358,219.6,409.2351,-1,1,4,99.0,,False,128.999
20407,2.108,22.602,168.11,482.9317,-1,1,3,91.3,,False,406.999
20414,3.106,41.325,304.03,873.5801,-1,1,3,41.4,,False,188.999
20416,1.449,21.482,162.24,306.9811,-1,1,3,89.0,,False,418.999
20419,0.834,20.42,156.01,238.883,-1,1,6,96.8,,False,202.999
20424,3.281,29.108,217.1,449.3968,-1,1,3,62.2,,False,566.999
20432,0.627,38.797,298.67,215.0334,-1,1,5,76.8,,False,119.999
20433,0.604,24.922,186.3,410.9846,-1,1,3,44.0,,False,423.999
20434,2.669,27.991,209.2,418.3389,-1,1,3,41.1,,False,601.999
20435,3.403,21.825,165.04,298.0473,-1,1,5,97.6,,False,404.999
20437,3.877,35.442,262.32,620.4966,-1,1,4,81.1,,False,137.999
20438,4.582,37.392,275.74,750.9672,-1,1,5,67.4,,False,537.999
20439,3.801,28.207,209.84,491.2647,-1,1,3,83.2,,False,317.999
20441,4.171,34.689,256.78,615.3885,-1,2,4,76.1,,False,343.999
20446,3.585,37.243,275.01,698.5619,-1,1,3,98.8,,False,241.999
20451,0.373,19.116,145.98,239.9948,-1,1,3,97.2,,False,255.999
20452,2.751,35.092,260.13,578.3479,-1,1,3,97.1,,False,465.999
20455,4.441,45.686,335.35,1034.7642,-1,2,7,84.3,,False,244.33344444444444
20461,2.212,33.876,251.3,557.4595,-1,3,4,85.3,,False,371.3437991241019
20465,2.229,36.223,268.36,594.9634,-1,2,4,99.2,,False,364.889
20470,3.682,34.995,258.58,671.3466,-1,3,3,91.0,,False,557.999
20471,1.08,30.121,223.29,567.0762,-1,1,4,84.2,,False,443.999
20483,2.008,34.121,251.81,713.2401,-1,2,3,100.0,,False,204.999
20495,0.605,13.632,106.11,170.8309,-1,1,3,48.2,,False,410.999
20499,1.332,25.803,193.43,379.2476,-1,1,3,60.7,,False,140.999
20502,0.994,25.117,190.34,286.9409,-1,1,4,91.1,,False,540.999
20509,1.594,23.347,182.44,167.0345,-1,1,3,94.2,,False,257.999
20513,1.784,22.59,171.69,267.1954,-1,1,4,57.3,,False,296.999
20514,0.355,30.581,225.42,748.8763,-1,1,5,82.1,,False,100.999
20515,0.176,16.513,126.0,240.8695,-1,1,4,51.3,,False,262.999
20516,3.074,33.38,247.36,583.3388,-1,1,3,96.8,,False,454.999
20521,1.838,29.668,229.45,197.0032,-1,1,3,99.0,,False,271.999
20522,0.319,28.522,210.74,656.8904,-1,1,4,76.1,,False,266.999
20523,1.518,32.28,239.13,587.3547,-1,3,4,100.0,,False,107.999
20524,0.919,18.471,139.55,299.8179,-1,1,4,98.1,,False,317.999
20525,2.427,36.025,273.93,271.2286,-1,1,5,98.3,,False,250.999
20529,3.669,27.218,202.71,469.2476,-1,1,4,55.4,,False,254.999
20532,2.188,16.022,122.29,238.8885,-1,1,7,75.8,,False,130.999
20543,0.162,25.992,208.98,118.969,-1,1,6,81.5,,False,201.999
20551,0.424,26.473,205.27,188.0091,-1,2,3,71.5,,False,199.999
20555,0.583,19.979,154.23,198.8896,-1,1,5,77.6,,False,262.999
20557,0.594,22.792,172.64,288.0307,-1,1,3,97.2,,False,89.999
20570,2.304,33.29,246.64,589.0145,-1,1,4,91.8,,False,217.66677777777778
20571,2.918,36.36,268.54,689.4802,-1,2,3,89.1,,False,117.999
20584,3.517,43.773,326.45,464.3151,-1,1,3,76.6,,False,359.999
20585,1.311,30.51,227.44,459.2744,-1,2,3,99.2,,False,342.999
20586,1.967,24.746,185.99,351.188,-1,1,4,55.0,,False,373.44455555555555
20591,1.446,21.496,162.39,304.984,-1,1,3,95.2,,False,407.999
20593,2.367,41.349,304.41,837.5591,-1,2,3,71.9,,False,277.999
20594,0.441,18.099,139.66,199.0953,-1,1,3,97.5,,False,461.999
20598,2.664,41.328,303.95,888.5472,-1,3,5,98.6,,False,227.999
20602,2.833,24.849,187.69,309.2439,-1,1,4,99.4,,False,128.999
20605,2.954,32.758,243.01,556.3638,-1,1,4,73.4,,False,183.999
20610,0.64,26.966,199.79,574.9107,-1,1,3,59.0,,False,347.999
20615,2.416,26.129,197.19,317.21,-1,1,4,73.0,,False,397.999
20617,1.044,22.66,184.8,102.9552,-1,1,6,83.1,,False,200.999
20620,3.619,36.268,267.54,735.4067,-1,1,4,83.3,,False,302.999
20621,0.592,24.622,191.5,179.0553,-1,1,4,79.4,,False,214.999
20625,0.729,26.701,197.38,634.783,-1,1,5,92.3,,False,214.999
20626,2.737,20.883,158.08,289.9802,-1,1,3,81.5,,False,495.999
20629,0.448,24.709,186.59,311.1372,-1,1,4,83.9,,False,230.999
20630,1.343,13.679,106.39,172.8285,-1,1,4,47.1,,False,269.999
20644,2.933,25.331,190.52,345.2412,-1,2,4,49.1,,False,322.999
20647,4.131,20.886,159.95,228.9802,-1,1,3,70.9,,False,395.999
20651,2.955,28.936,217.1,373.3116,-1,1,4,70.7,,False,166.999
20652,1.0,25.402,190.85,355.1897,-1,2,3,40.7,,False,265.999
20655,0.727,25.395,190.13,393.1477,-1,1,3,96.7,,False,453.999
20656,2.818,21.069,160.04,269.0322,-1,1,5,96.7,,False,126.999
20664,3.299,23.791,178.71,355.1371,-1,1,3,96.6,,False,390.999
20674,3.023,35.052,258.93,680.3978,-1,3,5,82.7,,False,209.999
20686,0.643,25.371,189.67,410.9061,-1,1,6,99.4,,False,114.22233333333332
20691,0.999,29.776,225.75,286.9411,-1,1,3,75.6,,False,513.999
20695,3.823,37.307,275.1,751.102,-1,2,8,53.4,,False,175.44455555555555
20702,1.834,22.992,173.32,323.058,-1,1,3,79.7,,False,351.999
20703,2.934,32.11,239.12,478.2959,-1,2,3,97.0,,False,288.999
20716,1.803,27.953,209.03,411.2721,-1,1,5,49.9,,False,262.999
20717,1.21,30.246,224.81,511.185,-1,2,4,96.6,,False,283.999
20718,0.336,22.88,173.41,284.0488,-1,1,4,90.2,,False,256.999
20719,2.745,25.687,189.35,726.9637,-1,1,6,61.9,,False,1.1375163337854417
20720,3.635,26.165,196.51,359.2592,-1,1,5,79.3,,False,92.999
20726,2.81,35.604,263.0,680.4619,-1,3,4,52.5,,False,319.999
20727,2.705,25.968,193.97,423.0754,-1,1,4,92.9,,False,403.999
20730,3.65,37.565,278.03,624.464,-1,3,3,93.3,,False,159.999
20733,1.679,23.334,177.3,269.1906,-1,1,3,76.0,,False,168.999
20738,2.794,45.584,334.31,1104.6691,-1,2,5,71.8,,False,290.999
20744,1.554,23.104,173.91,335.099,-1,1,4,86.5,,False,314.999
20746,3.162,32.588,241.94,538.5424,-1,1,7,74.4,,False,424.999
20752,3.89,34.96,258.41,656.4719,-1,1,7,71.5,,False,0.8889999999999816
20755,2.748,42.66,313.36,975.5536,-1,1,5,64.2,,False,176.999
20756,0.998,26.685,202.19,288.9387,-1,1,3,83.6,,False,488.999
20761,0.276,29.471,216.73,854.3818,-1,1,5,88.3,,False,135.999
20765,2.123,30.7,228.72,469.2955,-1,2,3,75.8,,False,465.999
20767,3.517,32.579,241.86,539.2404,-1,2,5,74.3,,False,365.999
20768,3.222,31.077,230.75,533.2829,-1,1,4,95.5,,False,358.999
20775,1.831,26.227,196.5,385.1885,-1,1,5,78.2,,False,247.999
20776,1.53,31.798,235.01,656.2792,-1,1,3,92.8,,False,487.999
20777,3.252,38.641,284.53,818.4871,-1,1,6,79.1,,False,153.999
20784,3.133,36.509,269.48,711.437,-1,1,3,44.5,,False,264.999
20785,3.321,31.386,232.72,565.3374,-1,1,5,55.8,,False,133.999
20787,1.888,7.779,61.2,141.0142,-1,1,4,97.7,,False,415.999
20791,2.457,31.244,231.62,569.3345,-1,1,7,76.3,,False,15.666777777777781
20797,1.463,20.913,159.72,241.0961,-1,1,4,84.0,,False,229.999
20801,4.012,46.468,341.05,1048.8381,-1,2,3,91.8,,False,308.999
20802,4.012,42.102,310.07,820.7813,-1,2,3,93.1,,False,283.999
20814,4.425,34.97,258.46,663.4182,-1,3,3,100.0,,False,378.999
20815,0.844,23.243,190.82,96.92,-1,1,4,63.4,,False,163.999
20818,3.623,42.922,315.51,928.6712,-1,2,3,48.0,,False,158.999
20821,3.289,29.87,222.19,494.4435,-1,2,4,82.4,,False,86.999
20824,3.656,19.143,147.84,197.0732,-1,1,3,52.7,,False,347.999
20825,0.283,26.447,197.39,434.949,-1,1,5,79.0,,False,206.999
20828,3.632,30.069,224.29,447.863,-1,2,3,48.2,,False,539.999
20837,0.564,24.174,182.35,319.1886,-1,1,5,64.2,,False,156.999
20842,1.297,33.719,249.04,683.1448,-1,2,4,92.0,,False,280.999
20858,0.686,30.999,228.26,796.7982,-1,1,9,85.5,,False,119.999
20865,1.094,29.824,222.79,427.1138,-1,1,5,98.4,,False,207.999
20867,1.696,28.368,211.73,437.2911,-1,1,6,76.1,,False,175.999
20876,3.768,47.724,350.01,1114.848,-1,3,4,75.7,,False,144.999
20879,0.365,23.466,176.57,338.9374,-1,1,5,76.9,,False,208.999
20882,1.166,19.846,152.83,207.1,-1,1,5,99.7,,False,284.999
20884,0.433,20.326,154.19,276.0762,-1,1,4,73.6,,False,203.999
20885,1.023,13.658,102.24,367.1548,-1,1,3,92.3,,False,663.999
20890,2.569,40.023,294.65,834.4996,-1,2,3,96.6,,False,417.999
20896,0.798,20.095,152.78,263.0541,-1,1,3,96.8,,False,166.999
20900,2.437,28.78,216.22,359.2952,-1,1,3,97.2,,False,656.999
20902,1.198,26.435,197.8,401.213,-1,1,6,97.2,,False,284.999
20904,2.756,24.491,184.39,335.1344,-1,1,3,88.8,,False,241.999
20909,0.481,23.422,177.04,303.0055,-1,1,3,64.1,,False,368.999
20911,1.682,26.614,199.35,389.233,-1,2,3,73.3,,False,152.999
20912,1.315,17.088,129.46,279.9157,-1,1,6,90.5,,False,225.999
20914,2.351,34.386,253.77,709.337,-1,2,3,98.4,,False,578.999
20923,1.92,30.482,226.37,529.1984,-1,1,5,77.0,,False,126.999
20933,1.975,19.644,153.16,170.9942,-1,1,4,93.2,,False,96.33344444444444
20936,1.838,29.662,220.33,522.2891,-1,2,5,96.1,,False,171.999
20939,3.637,20.353,156.23,219.1734,-1,1,3,75.9,,False,259.999
20941,1.855,28.845,215.3,437.2393,-1,1,3,82.8,,False,610.999
20942,1.532,29.127,216.09,548.2332,-1,2,3,99.2,,False,398.999
20944,1.479,32.734,241.71,688.3023,-1,1,5,78.7,,False,367.999
20945,1.723,24.366,183.58,329.1277,-1,1,6,85.5,,False,216.999
20953,2.829,26.753,200.19,401.2691,-1,1,3,98.3,,False,254.999
20960,1.37,30.431,226.85,459.277,-1,2,3,98.6,,False,179.999
20965,1.757,27.119,202.59,423.1204,-1,1,3,92.0,,False,249.999
20966,0.752,23.175,173.86,367.1056,-1,1,3,93.1,,False,559.999
20967,0.362,24.608,184.46,378.1402,-1,1,3,71.2,,False,341.999
20968,1.405,5.11,40.66,116.9699,-1,1,3,90.4,,False,258.999
20969,2.604,32.057,237.54,581.3116,-1,1,4,56.8,,False,316.999
20971,0.194,19.473,165.54,72.9912,-1,1,7,96.2,,False,43.759599374992916
20978,2.828,18.413,141.48,213.9834,-1,1,4,92.9,,False,215.999
20984,1.862,19.134,145.24,270.9542,-1,1,3,97.4,,False,378.999
20985,0.481,24.388,184.37,303.0074,-1,1,3,97.4,,False,507.999
20988,2.504,33.355,247.3,570.4099,-1,2,3,98.1,,False,452.999
20989,2.248,26.13,195.93,376.2553,-1,1,4,88.0,,False,291.999
20990,1.771,30.3,224.81,549.2745,-1,1,4,81.4,,False,299.999
20991,1.437,19.687,148.36,320.9848,-1,1,5,87.9,,False,228.999
20996,0.389,26.57,196.52,618.7829,-1,1,7,90.0,,False,95.999
20997,1.108,28.86,215.59,425.1199,-1,1,3,65.2,,False,170.999
21000,2.438,33.471,247.62,627.2232,-1,2,4,96.8,,False,157.00011111111112
21001,1.804,21.658,165.08,251.237,-1,1,4,90.7,,False,211.999
21005,2.03,34.468,254.5,695.31,-1,2,3,97.6,,False,574.999
21008,2.781,36.213,267.24,716.5254,-1,1,3,42.4,,False,166.55566666666667
21009,2.206,32.074,238.22,528.1783,-1,1,5,78.4,,False,160.999
21011,0.382,14.541,125.53,65.0377,-1,1,5,89.2,,False,260.999
21017,1.07,30.462,225.78,573.1262,-1,1,4,94.3,,False,272.999
21027,2.207,37.341,276.86,574.9897,-1,1,4,69.0,,False,507.999
21028,3.692,46.866,344.01,1039.8855,-1,1,4,56.5,,False,75.999
21029,0.539,36.752,282.89,215.0309,-1,1,3,86.2,,False,258.999
21033,2.024,34.422,272.82,141.0141,-1,1,6,98.6,,False,171.999
21041,1.335,22.059,166.99,291.0663,-1,1,5,62.5,,False,121.999
21045,3.23,22.267,169.45,260.1656,-1,1,4,89.4,,False,371.999
21054,2.478,19.683,149.8,256.9814,-1,1,6,86.6,,False,68.999
21055,2.01,24.479,184.34,333.2063,-1,1,4,39.8,,False,135.999
21059,2.003,33.113,244.87,639.4122,-1,1,3,66.3,,False,315.999
21061,3.624,32.649,242.76,507.4414,-1,1,3,63.2,,False,321.999
21062,1.188,21.298,163.28,224.9334,-1,1,9,82.1,,False,48.87115251071128
21063,0.854,23.638,178.57,306.9354,-1,1,7,88.7,,False,136.999
21064,3.586,25.233,191.39,281.2369,-1,1,5,59.6,,False,168.999
21074,0.236,38.185,280.29,1008.2943,-1,2,5,62.8,,False,196.999
21078,2.386,32.78,243.08,565.3767,-1,1,3,60.0,,False,514.999
21083,1.36,26.856,199.88,481.1027,-1,1,4,99.0,,False,370.999
21087,0.861,29.515,219.52,497.2756,-1,1,3,40.8,,False,377.999
21088,2.875,34.703,256.73,632.4218,-1,1,3,71.1,,False,243.999
21092,1.124,26.576,198.05,458.1034,-1,2,3,83.1,,False,424.999
21094,2.253,26.864,201.13,394.2937,-1,1,3,48.4,,False,532.999
21105,2.456,28.68,214.3,422.2985,-1,1,5,72.2,,False,186.999
21111,1.905,23.098,175.39,273.2061,-1,1,4,76.0,,False,255.999
21112,2.489,30.424,226.49,481.4701,-1,2,5,91.6,,False,316.999
21114,2.597,23.342,176.71,292.2273,-1,1,3,88.7,,False,160.999
21116,2.975,43.624,320.53,960.6574,-1,2,4,82.4,,False,312.999
21118,0.35,21.935,165.9,296.9263,-1,1,5,66.9,,False,137.999
21126,2.159,31.711,235.77,507.2818,-1,1,3,94.4,,False,492.999
21134,2.984,31.027,231.76,429.3037,-1,1,3,48.1,,False,425.999
21135,0.82,28.071,207.89,586.9192,-1,1,6,92.3,,False,129.999
21137,0.576,22.556,170.07,320.8873,-1,1,9,88.6,,False,158.999
21139,0.567,25.29,187.38,568.81,-1,1,7,70.9,,False,69.53392257505223
21143,0.672,23.089,174.66,297.1689,-1,1,3,68.3,,False,85.999
21144,0.61,24.738,183.33,562.733,-1,1,5,67.1,,False,158.999
21150,2.854,33.724,250.56,524.3363,-1,1,5,82.9,,False,84.999
21153,1.886,25.162,187.34,470.9259,-1,1,3,93.2,,False,143.999
21154,3.609,25.663,194.69,280.2362,-1,1,3,37.2,,False,349.999
21166,0.469,42.726,328.96,215.0341,-1,1,8,96.9,,False,225.999
21171,1.303,33.501,247.38,689.3612,-1,1,3,97.3,,False,434.999
21183,3.158,22.948,173.92,284.1121,-1,1,3,99.7,,False,206.999
21187,3.055,28.235,210.09,487.0562,-1,1,4,83.0,,False,260.999
21189,0.239,24.355,356.14,639.7209,-2,3,3,64.6,,False,247.999
21194,1.505,32.215,238.0,670.1865,-1,1,5,83.3,,False,221.999
21195,1.018,2.703,21.72,94.9247,-1,1,3,89.7,,False,198.66677777777778
21199,1.323,23.171,174.94,311.1008,-1,2,3,95.2,,False,273.999
21203,0.536,24.641,204.35,89.0217,-1,1,4,95.0,,False,138.999
21205,1.722,28.567,213.09,446.317,-1,1,4,83.8,,False,263.999
21216,1.569,37.325,279.66,395.1887,-1,1,3,72.3,,False,420.999
21220,0.41,23.857,184.94,188.0089,-1,2,3,89.2,,False,160.999
21222,2.037,31.624,234.77,538.383,-1,1,4,72.2,,False,175.999
21223,0.404,24.186,181.51,364.9947,-1,1,3,56.5,,False,148.999
21225,0.775,24.452,195.37,126.9996,-1,1,6,98.6,,False,33.33344444444444
21239,2.456,24.8,185.07,434.821,-1,1,3,78.9,,False,389.999
21241,3.769,25.319,190.63,335.3336,-1,1,5,94.4,,False,85.999
21242,0.389,26.071,195.27,389.0702,-1,1,5,99.3,,False,155.999
21245,0.246,37.215,288.14,194.9257,-1,1,4,87.6,,False,494.999
21246,2.599,30.384,226.16,484.3024,-1,1,4,68.6,,False,131.999
21266,1.208,31.391,232.57,585.1214,-1,1,3,78.5,,False,367.999
21274,0.586,29.185,215.39,696.8493,-1,1,6,86.9,,False,106.999
21277,0.736,25.507,189.29,532.9008,-1,1,3,98.3,,False,363.999
21280,3.931,35.363,261.58,637.5014,-1,1,3,44.6,,False,358.999
21282,0.95,33.27,246.57,581.2437,-1,1,5,84.6,,False,249.999
21283,0.711,25.898,192.05,548.8769,-1,1,7,96.8,,False,51.000111111111096
21286,3.446,26.488,196.76,514.9809,-1,1,6,86.8,,False,197.999
21287,0.676,24.137,179.69,470.8581,-1,1,5,95.1,,False,195.999
21291,0.542,24.168,200.42,89.0221,-1,1,4,92.1,,False,70.999
21296,3.8,40.379,297.02,880.5168,-1,1,3,62.8,,False,275.999
21302,1.52,37.69,303.82,116.9718,-1,1,6,75.6,,False,73.66677777777778
21312,2.299,20.676,154.55,404.0083,-1,1,4,87.9,,False,345.999
21315,3.787,27.517,204.52,507.0314,-1,2,3,86.4,,False,416.999
21319,1.355,29.477,218.46,573.1722,-1,2,3,95.4,,False,424.999
21326,0.675,13.614,106.07,168.8343,-1,1,3,79.6,,False,510.999
21328,0.175,21.771,163.74,340.9113,-1,1,8,91.3,,False,120.27372544088338
21329,2.925,38.963,286.8,837.3877,-1,1,5,65.1,,False,158.999
21330,1.925,22.824,172.45,305.0876,-1,1,3,98.6,,False,302.999
21331,0.882,28.25,211.5,397.2044,-1,1,3,62.6,,False,200.999
21341,3.78,30.457,224.65,723.0479,-1,1,5,94.5,,False,184.999
21342,3.155,45.66,334.99,1077.7144,-1,2,4,67.8,,False,500.999
21343,3.254,32.283,239.95,512.8923,-1,1,3,93.8,,False,314.999
21346,2.915,29.903,224.37,373.3089,-1,1,3,65.1,,False,649.999
21348,3.607,43.156,316.91,993.4425,-1,3,4,82.4,,False,342.999
21353,3.663,36.329,268.05,726.4426,-1,1,3,83.3,,False,424.999
21357,1.887,23.273,174.58,368.6432,-1,1,3,39.4,,False,583.999
21360,1.024,24.845,184.8,486.8906,-1,1,3,90.6,,False,368.999
21361,2.467,32.558,241.05,605.4071,-1,1,6,77.2,,False,227.999
21362,1.565,24.857,186.55,365.2016,-1,1,4,69.3,,False,137.999
21364,1.833,24.73,186.69,313.1981,-1,1,3,61.0,,False,487.999
21366,2.083,30.069,224.03,467.2456,-1,1,4,96.5,,False,215.999
21368,1.27,28.449,211.22,530.2477,-1,1,3,98.7,,False,439.999
21370,2.632,30.0,234.8,165.039,-1,1,3,98.2,,False,120.999
21371,4.233,42.161,309.93,920.6406,-1,2,7,84.1,,False,97.999
21379,1.36,30.37,224.76,613.0987,-1,1,4,83.0,,False,249.999
21384,0.689,27.491,203.03,666.7876,-1,1,5,73.1,,False,117.999
21388,3.861,21.055,159.56,282.9919,-1,1,5,87.0,,False,209.999
21389,2.043,31.078,229.99,615.1061,-1,1,3,98.1,,False,521.999
21405,2.271,31.968,236.91,579.2921,-1,1,4,63.1,,False,123.999
21407,1.544,28.579,212.28,521.104,-1,1,3,79.2,,False,407.999
21409,4.473,31.458,232.2,699.0837,-1,2,3,71.8,,False,157.999
21411,2.044,32.488,240.44,613.2689,-1,2,4,82.6,,False,185.999
21424,0.418,22.783,172.33,297.1354,-1,1,5,92.6,,False,152.999
21426,2.921,30.886,230.51,441.304,-1,2,3,68.2,,False,339.999
21428,3.401,24.401,184.35,307.298,-1,1,4,98.5,,False,264.999
21430,2.077,24.748,184.47,450.9667,-1,1,4,88.0,,False,272.7778888888889
21434,0.678,19.002,144.84,248.9573,-1,1,6,89.2,,False,29.11122222222221
21436,3.39,38.584,284.42,765.5525,-1,1,5,62.3,,False,260.999
21438,1.692,34.896,257.23,761.189,-1,4,3,92.5,,False,336.999
21441,0.62,8.886,71.17,116.9717,-1,1,4,74.5,,False,107.999
21445,2.133,29.295,217.58,523.3143,-1,1,3,38.9,,False,247.999
21448,2.079,27.822,212.96,235.0947,-1,1,3,97.2,,False,175.999
21451,0.379,25.003,187.59,369.2255,-1,1,4,90.7,,False,135.999
21460,2.991,26.736,200.46,378.3008,-1,1,4,98.9,,False,270.999
21461,3.301,32.24,239.38,535.5936,-1,3,6,64.2,,False,189.999
21468,1.21,29.433,218.76,509.1362,-1,2,3,97.9,,False,379.999
21471,3.556,39.161,288.64,774.5709,-1,1,4,87.9,,False,259.999
21472,3.162,36.045,266.01,716.435,-1,3,4,98.9,,False,434.999
21473,2.546,23.642,177.06,387.035,-1,1,3,72.6,,False,515.999
21475,1.369,23.235,175.82,295.1077,-1,1,4,99.7,,False,199.999
21482,1.968,17.577,136.49,180.0657,-1,1,5,89.1,,False,385.999
21485,1.922,32.049,237.54,576.2802,-1,1,3,86.5,,False,361.999
21486,1.695,27.044,201.99,425.2575,-1,1,4,76.5,,False,382.999
21490,3.168,30.58,226.24,623.1453,-1,1,4,91.8,,False,278.999
21491,2.276,34.178,250.74,1036.9073,-1,1,3,94.0,,False,356.999
21495,0.443,26.69,200.29,369.097,-1,1,4,83.5,,False,142.999
21497,0.649,54.018,416.07,215.033,-1,1,6,55.1,,False,286.999
21498,0.151,25.078,186.56,484.8964,-1,1,3,81.9,,False,306.999
21502,1.358,29.42,218.04,573.1143,-1,1,3,99.1,,False,327.999
21503,1.93,23.491,176.49,352.9012,-1,1,5,88.2,,False,206.999
21504,2.931,32.235,239.22,545.3847,-1,1,3,92.8,,False,547.999
21507,1.357,38.458,282.76,901.3015,-1,3,3,87.6,,False,309.999
21516,0.511,26.432,195.61,602.8118,-1,1,8,77.4,,False,126.44455555555557
21518,2.493,31.459,234.26,478.3548,-1,1,3,77.3,,False,421.999
21530,3.332,35.083,259.37,653.3972,-1,3,4,93.7,,False,231.999
21531,1.576,25.372,189.65,413.1618,-1,1,4,98.8,,False,286.999
21535,4.401,35.462,262.03,669.4651,-1,2,5,44.8,,False,145.999
21537,1.448,35.586,261.99,822.2636,-1,1,5,88.6,,False,185.999
21548,0.677,24.369,181.04,508.8542,-1,1,5,95.4,,False,132.999
21553,0.866,24.787,186.73,330.2361,-1,1,3,63.1,,False,401.999
21558,0.685,20.158,164.33,102.9551,-1,1,5,46.5,,False,244.999
21566,3.332,35.362,261.08,698.4102,-1,1,6,65.0,,False,229.999
21569,3.388,31.683,236.69,428.3614,-1,1,5,99.2,,False,381.999
21572,1.259,40.315,302.81,369.1688,-1,1,4,93.8,,False,255.999
21573,1.216,34.412,254.11,691.1685,-1,2,3,98.1,,False,206.999
21574,1.579,18.118,140.87,177.0894,-1,1,3,87.4,,False,297.999
21578,0.572,20.046,153.14,239.0895,-1,1,4,91.6,,False,153.999
21584,3.778,46.176,339.08,1007.8212,-1,3,4,80.3,,False,241.999
21585,0.487,19.862,151.12,258.9715,-1,1,3,85.6,,False,101.999
21588,1.077,38.313,281.83,873.2277,-1,3,3,99.5,,False,297.999
21590,0.37,21.257,163.93,203.0802,-1,1,5,92.6,,False,231.999
21593,4.141,30.508,226.13,573.1115,-1,2,3,95.0,,False,596.999
21597,1.372,18.689,146.04,165.1266,-1,1,4,85.6,,False,261.999
21601,0.712,27.338,202.76,550.9509,-1,1,4,43.1,,False,170.999
21610,3.772,46.682,342.23,1149.7019,-1,2,3,79.4,,False,293.999
21615,2.51,29.945,223.03,473.2858,-1,2,5,61.3,,False,204.999
21616,0.373,21.159,160.1,293.0524,-1,1,4,97.2,,False,172.999
21625,0.512,23.113,185.63,119.9439,-1,1,7,74.4,,False,85.33344444444444
21626,4.493,38.736,285.54,766.616,-1,1,3,82.0,,False,232.999
21628,2.151,20.479,157.63,209.1524,-1,1,4,76.8,,False,215.999
21633,2.458,32.887,243.57,597.4225,-1,1,3,98.3,,False,262.999
21643,2.335,40.77,299.77,905.4523,-1,3,4,94.5,,False,169.999
21645,0.152,15.47,116.22,337.903,-1,1,3,72.3,,False,229.999
21646,0.238,38.793,284.84,986.3158,-1,2,4,71.7,,False,237.999
21650,2.239,18.411,142.3,194.0813,-1,1,6,91.0,,False,35.888999999999996
21657,2.871,29.001,216.65,426.2692,-1,1,3,93.7,,False,358.999
21664,1.562,30.363,225.79,499.2974,-1,1,4,56.6,,False,410.999
21665,1.567,7.597,59.74,141.0124,-1,1,4,99.5,,False,250.999
21670,2.87,32.555,241.54,552.3321,-1,1,4,59.1,,False,302.999
21671,2.018,21.91,166.15,280.0733,-1,1,3,88.3,,False,215.999
21674,1.366,30.516,226.73,519.1981,-1,1,3,79.4,,False,340.999
21676,1.706,27.366,204.11,447.2384,-1,2,3,69.4,,False,155.999
21682,0.676,23.865,177.4,494.8228,-1,1,7,89.2,,False,189.999
21683,3.665,33.041,242.45,1012.9502,-1,1,5,80.7,,False,173.999
21684,1.233,29.044,215.3,566.2263,-1,1,4,88.7,,False,301.999
21689,1.136,29.05,217.49,397.2071,-1,1,4,94.1,,False,294.999
21690,4.504,33.326,246.63,619.3766,-1,1,3,87.8,,False,594.999
21691,1.128,29.77,222.66,411.1567,-1,1,4,56.6,,False,359.999
21694,1.07,41.021,301.36,961.3111,-1,2,4,96.7,,False,272.999
21695,1.002,30.433,225.76,552.2949,-1,2,3,77.5,,False,531.999
21702,1.75,4.7,37.37,116.9718,-1,1,4,96.9,,False,142.999
21718,4.477,34.112,251.08,825.1141,-1,3,3,82.4,,False,226.999
21721,3.513,28.342,211.82,418.3375,-1,1,4,43.7,,False,233.999
21724,1.446,34.946,257.96,705.3591,-1,1,5,90.6,,False,89.999
21731,0.612,28.591,213.32,443.2091,-1,1,4,72.3,,False,235.999
21733,0.703,23.252,173.76,413.1987,-1,1,3,91.4,,False,372.999
21739,1.585,32.075,237.3,625.2057,-1,1,5,90.6,,False,103.999
21740,0.95,16.321,128.89,142.9688,-1,1,3,89.5,,False,204.999
21742,2.464,26.12,197.54,301.29,-1,1,3,70.9,,False,356.999
21744,4.578,33.422,247.73,576.1056,-1,2,5,56.9,,False,294.999
21746,1.583,38.782,290.6,395.1899,-1,2,3,85.5,,False,203.999
21752,0.493,14.685,117.9,118.0271,-1,1,4,83.5,,False,62.999
21754,3.493,32.551,242.29,487.3422,-1,1,4,97.2,,False,243.999
21756,2.456,27.418,205.28,395.24,-1,1,3,76.1,,False,419.999
21763,1.352,29.344,217.46,575.1397,-1,1,4,96.9,,False,235.999
21773,3.486,30.229,225.25,465.6003,-1,1,5,50.4,,False,191.999
21774,3.103,33.905,250.63,655.4222,-1,2,3,94.4,,False,278.999
21784,1.601,24.48,182.75,428.931,-1,1,4,56.6,,False,180.999
21786,0.752,17.8,135.53,252.8494,-1,1,3,89.7,,False,244.999
21793,0.611,24.784,186.05,362.8982,-1,1,6,56.5,,False,159.999
21796,1.904,25.605,192.55,347.2199,-1,1,3,51.2,,False,232.999
21797,1.622,25.154,189.27,341.2326,-1,1,5,61.9,,False,29.00011111111111
21801,0.806,23.615,192.61,102.9558,-1,1,6,96.7,,False,67.999
21806,0.572,32.304,248.45,217.0258,-1,1,4,72.7,,False,291.999
21813,1.047,39.84,299.27,368.1605,-1,1,3,60.0,,False,419.999
21814,0.248,23.397,175.34,379.0679,-1,1,3,63.2,,False,477.999
21815,2.87,30.467,226.47,510.3203,-1,1,3,99.2,,False,212.999
21823,0.55,34.367,264.35,217.027,-1,1,5,64.1,,False,111.999
21825,3.01,36.529,269.64,710.3695,-1,2,3,75.5,,False,312.999
21832,0.391,31.2,229.97,754.9507,-1,1,4,92.3,,False,141.999
21834,1.99,26.379,197.77,378.2655,-1,1,4,76.9,,False,309.999
21835,0.433,17.437,134.65,196.0048,-1,1,3,92.7,,False,570.999
21837,3.007,31.324,233.86,437.3274,-1,1,4,78.1,,False,142.999
21838,2.463,33.902,250.56,658.4241,-1,1,4,92.4,,False,290.999
21839,1.23,16.137,125.76,169.9806,-1,1,5,97.8,,False,70.999
21842,0.787,20.715,155.95,330.8983,-1,1,7,91.1,,False,109.66677777777778
21847,3.295,36.717,270.77,747.4578,-1,2,3,69.2,,False,618.889
21857,2.689,15.781,123.94,152.9908,-1,1,4,87.7,,False,318.999
21865,4.011,35.814,264.44,694.4888,-1,3,4,52.5,,False,170.79041070644263
21867,1.97,33.139,247.62,426.9997,-1,1,3,82.0,,False,350.999
21872,1.434,34.406,254.16,677.3846,-1,1,4,64.5,,False,244.999
21878,2.168,28.12,209.1,498.327,-1,1,3,99.1,,False,311.999
21880,1.196,25.352,188.52,492.9069,-1,1,4,96.8,,False,98.999
21881,2.496,25.899,191.69,596.9711,-1,1,3,99.3,,False,330.999
21885,2.758,42.967,315.79,940.6348,-1,1,3,74.4,,False,438.999
21886,1.623,26.183,195.88,403.2159,-1,1,3,61.3,,False,194.999
21887,3.102,33.12,246.53,487.3416,-1,1,3,72.4,,False,174.999
21889,1.803,33.763,248.97,743.26,-1,1,4,72.3,,False,76.999
21894,4.432,46.008,337.61,1058.7635,-1,2,5,63.0,,False,138.999
21899,1.194,17.318,151.91,59.0115,-1,1,6,74.1,,False,59.999
21901,0.91,26.752,200.47,384.2169,-1,1,3,72.4,,False,388.999
21902,1.616,31.768,235.15,609.3652,-1,1,6,76.3,,False,142.999
21907,1.083,39.207,294.5,368.1616,-1,1,3,95.9,,False,71.999
21910,2.744,22.645,171.93,273.2321,-1,1,4,64.9,,False,329.999
21917,3.088,31.643,235.93,457.3309,-1,1,5,86.4,,False,194.999
21918,3.781,36.012,265.91,694.4905,-1,3,3,52.5,,False,443.999
21926,2.942,35.01,258.94,638.361,-1,1,4,92.1,,False,203.999
21929,1.085,36.507,268.88,801.1396,-1,1,4,66.1,,False,143.999
21933,3.877,35.482,262.0,695.3638,-1,1,3,62.8,,False,373.999
21935,1.86,23.992,181.28,306.2065,-1,1,3,95.4,,False,177.999
21937,0.842,26.877,198.86,610.8213,-1,1,4,56.0,,False,163.999
21939,1.96,22.83,172.41,309.0777,-1,1,3,59.4,,False,307.999
21942,2.274,35.286,258.93,1023.9271,-1,1,3,72.3,,False,272.999
21944,2.919,30.22,225.78,425.3079,-1,1,3,97.7,,False,354.999
21956,1.484,29.305,217.38,551.1258,-1,2,5,76.4,,False,139.999
21960,0.735,26.513,196.3,590.8571,-1,1,5,98.7,,False,278.999
21961,3.324,26.429,209.55,139.111,-1,1,5,81.7,,False,304.999
21965,2.714,25.355,191.48,311.1673,-1,1,5,85.1,,False,246.999
21970,3.935,36.118,266.89,671.4887,-1,2,3,49.1,,False,267.999
21979,3.988,37.712,277.95,773.1724,-1,1,6,88.6,,False,195.999
21990,1.646,33.198,246.97,498.2928,-1,1,3,39.7,,False,596.999
21991,2.489,46.328,345.69,457.2319,-1,1,3,72.8,,False,532.999
21992,0.675,26.542,196.5,592.8544,-1,1,5,93.7,,False,146.999
21993,3.408,30.244,225.32,467.8289,-1,3,5,77.9,,False,138.999
21997,2.269,31.524,233.92,548.3656,-1,1,4,73.1,,False,392.999
22006,0.639,25.048,187.59,388.9379,-1,1,6,96.6,,False,155.999
22010,1.534,31.688,234.73,590.2401,-1,1,4,89.8,,False,186.999
22011,0.686,21.102,160.65,256.8493,-1,1,6,77.9,,False,147.999
22013,3.44,23.936,181.21,292.2332,-1,1,4,65.4,,False,123.999
22016,3.339,40.269,296.22,878.5043,-1,2,3,77.6,,False,503.999
22019,3.412,25.992,195.32,354.3049,-1,1,3,51.5,,False,355.999
22021,1.687,23.218,177.95,227.1179,-1,1,3,91.2,,False,380.999
22024,0.658,29.185,227.11,179.0549,-1,1,6,70.0,,False,318.999
22032,2.271,34.996,259.01,620.2984,-1,1,3,60.8,,False,416.999
22033,0.733,18.795,142.89,261.9785,-1,1,5,74.5,,False,196.999
22035,2.49,31.578,248.59,152.994,-1,1,6,57.8,,False,123.999
22037,3.532,40.763,299.81,881.6182,-1,2,5,91.6,,False,212.999
22038,0.948,17.957,137.71,220.9392,-1,1,3,80.0,,False,199.999
22039,0.374,23.63,178.52,307.0649,-1,1,4,72.5,,False,308.999
22040,1.442,23.785,180.15,289.1787,-1,1,3,97.9,,False,179.999
22042,2.916,42.506,312.44,930.5903,-1,1,4,67.5,,False,174.999
22048,1.48,37.254,278.04,448.3055,-1,1,3,81.9,,False,143.999
22049,2.888,32.376,239.97,576.3313,-1,1,3,58.7,,False,421.999
22055,2.998,29.431,221.21,355.3353,-1,1,3,66.5,,False,559.999
22061,4.379,37.093,273.58,740.9698,-1,2,3,48.5,,False,532.999
22065,3.63,42.055,309.01,951.4143,-1,2,3,66.0,,False,369.999
22068,3.755,30.449,226.87,467.7031,-1,2,4,88.7,,False,133.999
22073,2.617,24.47,184.18,337.2772,-1,1,3,76.8,,False,100.999
22081,1.94,32.097,238.45,523.3122,-1,1,4,97.9,,False,321.999
22086,3.434,38.749,285.61,772.6446,-1,1,6,82.5,,False,149.999
22091,1.661,27.768,206.7,479.3013,-1,1,3,96.6,,False,450.999
22093,1.035,22.482,167.79,428.8472,-1,1,5,77.8,,False,224.999
22097,0.925,34.983,269.25,215.0319,-1,1,5,83.2,,False,327.999
22099,4.369,41.057,301.96,884.62,-1,1,4,93.5,,False,169.999
22103,0.962,14.063,110.33,153.8659,-1,1,3,41.7,,False,208.999
22110,2.602,41.435,310.16,409.2367,-1,1,3,98.0,,False,573.999
22112,1.351,26.267,197.09,369.5703,-1,1,3,64.0,,False,437.999
22118,2.531,28.525,212.74,449.213,-1,1,3,70.5,,False,315.999
22125,0.439,20.524,155.42,286.9727,-1,1,3,97.4,,False,105.999
22128,1.976,29.002,215.5,513.2883,-1,2,3,92.5,,False,665.999
22131,2.468,30.989,230.76,478.3249,-1,1,4,76.6,,False,243.999
22136,3.582,25.875,195.07,325.184,-1,1,6,78.4,,False,163.999
22137,3.217,24.181,182.24,326.1511,-1,1,5,86.7,,False,98.999
22150,3.673,37.21,274.41,749.2734,-1,3,4,72.4,,False,26.22233333333331
22151,0.518,22.523,170.73,282.8893,-1,1,4,68.5,,False,191.999
22161,4.611,34.946,258.38,649.5056,-1,1,5,71.2,,False,123.999
22162,3.914,35.045,259.56,599.5171,-1,1,5,71.9,,False,224.999
22170,4.704,29.183,218.03,424.3881,-1,2,3,47.0,,False,238.999
22171,2.397,28.712,213.66,485.2311,-1,1,3,49.0,,False,180.999
22174,2.004,25.528,191.9,350.2698,-1,1,5,91.4,,False,219.999
22177,4.286,33.488,248.23,575.2647,-1,2,4,58.2,,False,334.999
22178,0.756,16.791,127.81,252.8487,-1,1,3,81.0,,False,337.999
22181,0.612,25.224,189.13,376.0131,-1,3,3,97.8,,False,140.999
22182,1.667,25.548,192.9,313.1179,-1,1,4,64.5,,False,389.999
22184,1.313,32.128,237.54,645.1238,-1,3,3,97.1,,False,120.999
22187,2.21,28.351,211.54,442.3238,-1,1,4,59.7,,False,309.999
22190,1.163,23.463,174.94,444.8779,-1,1,5,48.3,,False,96.999
22199,1.403,34.309,253.44,679.3147,-1,1,5,62.4,,False,317.999
22201,3.679,28.947,239.54,91.0199,-1,1,3,83.9,,False,165.999
22202,1.717,32.363,239.46,623.2348,-1,1,5,79.4,,False,107.999
22206,2.516,31.963,237.2,547.2937,-1,1,3,62.3,,False,196.999
22207,1.72,25.949,194.86,361.1659,-1,1,3,78.8,,False,226.999
22209,2.172,32.552,241.41,563.3573,-1,1,5,59.6,,False,243.999
22212,4.199,27.962,208.85,427.1076,-1,1,3,98.4,,False,242.999
22213,2.091,31.474,233.92,513.3216,-1,1,4,77.8,,False,207.999
22215,0.367,24.322,187.22,211.0556,-1,1,3,77.7,,False,334.999
22216,2.211,26.08,205.21,153.0036,-1,1,3,97.1,,False,404.999
22225,1.879,14.381,113.99,135.9699,-1,1,5,68.2,,False,155.999
22230,0.564,21.141,160.89,258.8459,-1,1,6,63.9,,False,156.999
22231,2.791,30.985,231.17,446.373,-1,1,3,43.3,,False,433.999
22237,2.122,27.264,207.34,267.0854,-1,1,3,91.7,,False,219.999
22239,2.529,27.302,204.34,399.2529,-1,1,4,87.1,,False,325.999
22248,1.671,18.186,138.12,266.833,-1,1,4,93.3,,False,164.999
22249,0.634,24.192,182.0,341.2344,-1,1,5,80.5,,False,135.999
22250,3.768,28.954,216.88,391.3218,-1,1,3,83.6,,False,406.999
22251,0.888,17.672,145.28,94.9264,-1,1,5,86.3,,False,141.0001111111111
22253,4.542,35.685,263.93,641.5389,-1,1,3,63.5,,False,191.999
22259,0.639,25.369,187.9,578.7662,-1,1,5,76.5,,False,136.999
22261,3.446,23.319,174.61,388.0376,-1,1,3,80.8,,False,454.999
22266,0.279,26.318,194.29,678.5079,-1,1,6,97.6,,False,116.999
22272,3.195,31.911,236.38,589.3372,-1,1,3,75.7,,False,557.999
22279,3.338,36.47,269.0,740.4099,-1,1,4,94.2,,False,157.999
22283,0.393,27.311,201.96,626.8541,-1,1,6,84.7,,False,45.000111111111096
22284,2.008,27.875,207.48,480.2801,-1,1,4,84.6,,False,78.999
22292,1.788,23.433,174.3,483.9502,-1,1,4,93.0,,False,175.999
22293,0.782,22.934,172.52,340.8498,-1,1,5,75.8,,False,194.999
22299,3.572,36.323,267.99,726.4384,-1,2,5,47.1,,False,194.999
22305,2.048,22.177,168.5,268.2019,-1,1,3,90.0,,False,277.999
22312,2.46,32.896,244.24,537.2522,-1,2,3,79.9,,False,250.999
22325,1.948,30.824,228.3,591.314,-1,1,5,78.5,,False,146.999
22334,2.858,43.544,319.75,993.6033,-1,1,5,97.7,,False,129.999
22336,2.465,22.269,167.47,342.8627,-1,1,3,90.4,,False,289.999
22340,0.732,28.754,212.09,716.7881,-1,1,5,75.1,,False,164.999
22341,4.022,27.179,202.87,435.1505,-1,1,4,70.3,,False,260.999
22342,0.442,25.68,191.76,427.0566,-1,1,4,81.4,,False,209.999
22347,0.636,25.098,186.38,518.8087,-1,1,7,99.8,,False,75.999
22348,2.005,29.239,217.59,486.3169,-1,1,4,87.9,,False,132.999
22349,1.476,41.665,305.84,1023.5951,-1,2,3,88.6,,False,520.999
22358,0.347,18.273,142.42,171.0998,-1,1,3,99.5,,False,164.999
22364,2.014,31.886,236.67,541.3758,-1,2,3,97.3,,False,265.999
22367,2.659,26.479,200.81,283.2422,-1,1,3,93.1,,False,244.999
22372,3.586,27.132,203.68,365.3042,-1,1,3,43.4,,False,509.999
22375,3.659,24.057,181.38,322.2495,-1,1,5,58.4,,False,93.999
22377,1.174,33.457,247.16,673.1415,-1,2,3,93.4,,False,308.999
22378,1.758,22.314,169.19,281.1425,-1,1,3,98.4,,False,118.44455555555555
22379,0.569,24.393,180.75,564.792,-1,1,5,80.4,,False,192.999
22381,1.519,19.231,148.03,208.0735,-1,2,3,97.6,,False,92.999
22385,0.681,22.55,173.25,217.0278,-1,1,3,82.9,,False,72.999
22391,2.064,28.078,209.5,442.2637,-1,1,4,80.6,,False,252.999
22395,2.94,27.844,207.7,445.1035,-1,1,3,97.5,,False,329.999
22401,1.626,32.275,238.51,660.3211,-1,2,3,100.0,,False,570.999
22409,0.614,18.701,142.41,252.9789,-1,1,4,81.0,,False,334.999
22410,1.292,20.949,159.21,266.1464,-1,1,3,51.9,,False,293.999
22411,3.191,22.65,172.27,263.2003,-1,1,6,67.6,,False,47.92947620490227
22421,1.547,19.233,150.74,158.9593,-1,1,6,79.5,,False,89.999
22422,1.488,18.579,140.94,273.8622,-1,1,3,75.2,,False,383.999
22429,2.178,29.708,220.7,518.2085,-1,1,3,93.9,,False,231.999
22437,2.751,33.66,248.72,664.3516,-1,2,3,84.2,,False,289.999
22438,1.985,10.048,79.22,141.0149,-1,1,5,59.3,,False,125.44455555555558
22441,1.299,23.661,181.63,221.1527,-1,1,3,67.3,,False,193.999
22442,3.862,23.148,171.38,580.9648,-1,1,6,79.3,,False,146.999
22456,2.874,19.65,150.04,241.0212,-1,1,3,88.7,,False,87.999
22460,0.404,22.103,168.7,244.9619,-1,1,3,99.6,,False,204.999
22463,1.833,22.863,173.77,267.2298,-1,1,3,43.3,,False,318.999
22465,1.6,20.839,155.46,430.9706,-1,1,4,91.9,,False,150.999
22470,1.846,28.387,212.45,401.2313,-1,1,3,71.2,,False,320.999
22472,3.266,30.055,224.22,446.4004,-1,1,3,65.4,,False,462.999
22478,4.234,39.977,294.06,879.5079,-1,1,4,79.9,,False,253.33344444444447
22479,3.614,35.589,262.99,669.3992,-1,1,4,81.3,,False,217.999
22480,1.813,23.943,178.37,459.0142,-1,1,4,97.6,,False,123.999
22486,0.989,26.186,198.4,288.9388,-1,1,3,59.9,,False,471.999
22489,1.683,25.558,191.97,358.2646,-1,1,4,65.2,,False,380.999
22492,1.271,32.297,239.09,607.1558,-1,1,4,81.6,,False,307.999
22493,1.446,28.852,214.37,516.2963,-1,1,3,95.2,,False,395.999
22499,2.441,34.012,251.61,631.3894,-1,2,3,75.2,,False,323.999
22504,1.711,25.498,191.86,341.1879,-1,1,5,94.5,,False,82.88899999999998
22505,3.059,27.92,208.28,444.1064,-1,1,4,85.7,,False,72.999
22508,0.434,23.514,185.54,147.0431,-1,1,4,89.8,,False,163.999
22509,1.51,28.026,209.08,444.2444,-1,1,3,98.5,,False,326.999
22510,3.042,36.125,266.63,711.4357,-1,2,4,77.4,,False,163.999
22511,4.408,25.388,192.48,284.2675,-1,1,3,60.4,,False,233.999
22513,1.211,31.9,236.28,593.1913,-1,1,3,98.0,,False,296.999
22514,1.076,32.38,239.38,649.1311,-1,1,3,66.5,,False,331.999
22516,2.254,34.235,253.4,616.3898,-1,3,3,70.7,,False,377.999
22518,2.773,32.982,244.43,581.3703,-1,2,4,81.6,,False,202.999
22519,2.362,25.013,188.01,350.2117,-1,1,4,77.2,,False,343.999
22520,3.229,25.884,197.14,258.2288,-1,1,3,74.9,,False,309.999
22527,0.456,28.063,209.03,469.028,-1,1,3,91.1,,False,205.999
22531,1.408,31.987,237.15,568.2946,-1,1,3,80.9,,False,322.999
22537,1.868,27.7,206.17,481.2258,-1,1,3,89.6,,False,135.999
22549,2.123,30.685,228.22,498.3537,-1,1,4,90.7,,False,259.999
22554,3.5,31.738,235.59,540.3676,-1,1,3,81.8,,False,242.999
22563,2.205,31.27,231.8,571.2289,-1,1,3,87.5,,False,138.999
22578,0.157,12.272,97.13,136.8611,-1,1,3,62.3,,False,227.999
22579,1.39,29.356,217.74,553.3017,-1,1,3,69.5,,False,136.999
22581,0.859,30.035,222.65,569.0939,-1,1,4,53.9,,False,112.999
22587,2.435,31.337,232.4,561.2947,-1,2,3,43.7,,False,507.999
22602,1.5,31.186,230.86,606.2995,-1,1,4,80.0,,False,229.999
22603,2.369,22.822,169.0,574.9743,-1,1,5,76.3,,False,22.11122222222221
22604,2.306,30.816,229.4,482.2267,-1,1,4,83.5,,False,293.999
22605,2.646,31.23,232.0,523.2799,-1,1,3,91.0,,False,255.999
22609,1.982,21.594,164.79,245.114,-1,1,4,90.8,,False,57.999
22612,1.396,26.254,197.02,368.2503,-1,1,5,67.9,,False,225.999
22615,0.612,23.126,171.71,516.783,-1,1,5,79.4,,False,166.999
22617,2.026,32.104,237.44,635.1772,-1,2,3,86.1,,False,354.999
22622,2.792,25.273,190.59,322.311,-1,1,3,83.0,,False,173.999
22623,1.504,39.445,289.95,920.6106,-1,2,3,88.6,,False,433.999
22629,0.317,23.923,177.86,492.8236,-1,1,4,62.8,,False,83.999
22631,0.457,31.333,230.81,778.9103,-1,1,6,80.4,,False,93.999
22632,0.681,33.329,246.45,643.3118,-1,2,3,95.5,,False,92.999
22633,3.536,38.469,283.16,836.3705,-1,1,4,96.6,,False,400.999
22635,2.986,37.157,274.27,708.4949,-1,4,3,52.5,,False,330.999
22637,1.143,30.391,227.31,411.1563,-1,2,3,52.6,,False,539.999
22638,1.717,18.794,146.04,179.105,-1,1,3,88.5,,False,251.999
22640,2.312,30.391,225.57,540.1837,-1,1,3,70.7,,False,284.999
22647,1.073,38.591,284.3,797.3032,-1,2,3,77.8,,False,327.999
22652,2.29,38.579,291.27,321.1736,-1,1,3,73.8,,False,186.999
22654,2.533,26.286,197.28,367.1759,-1,1,3,53.8,,False,406.999
22657,4.437,41.391,304.5,877.622,-1,1,3,53.6,,False,237.999
22660,1.243,31.896,235.68,663.1092,-1,1,5,92.9,,False,222.999
22661,0.915,26.078,193.46,542.8532,-1,1,5,48.4,,False,90.889
22666,0.587,29.279,216.23,672.8909,-1,1,6,95.3,,False,99.999
22669,1.463,34.224,282.62,92.9255,-1,1,7,89.9,,False,3.444555555555567
22671,2.621,27.86,205.92,642.9521,-1,1,4,97.8,,False,143.999
22680,0.873,24.378,181.09,510.8514,-1,1,4,92.8,,False,207.999
22682,3.128,23.558,179.61,251.2362,-1,1,3,48.0,,False,327.999
22685,3.829,44.741,328.67,976.7313,-1,2,5,67.9,,False,250.999
22692,0.779,9.738,77.86,119.9449,-1,1,8,89.0,,False,0.9038139766810502
22695,2.028,29.823,221.51,523.2665,-1,1,3,98.4,,False,114.999
22706,0.723,26.939,199.35,606.8318,-1,1,6,92.7,,False,157.999
22709,0.46,24.763,185.57,381.1381,-1,1,4,97.8,,False,96.999
22711,3.125,30.293,225.96,449.2517,-1,1,4,95.8,,False,235.999
22715,0.547,34.917,286.98,96.921,-1,1,7,76.3,,False,70.999
22718,1.949,25.693,192.65,376.2309,-1,1,4,48.7,,False,198.22233333333332
22723,0.131,26.93,198.75,688.7855,-1,1,4,61.9,,False,208.999
22726,2.355,25.638,196.57,227.0904,-1,1,3,76.6,,False,367.999
22730,2.823,31.201,232.41,473.3294,-1,1,3,68.7,,False,378.999
22732,3.311,31.204,231.77,526.3342,-1,1,3,62.4,,False,295.999
22734,2.071,32.027,237.5,563.3621,-1,1,4,50.7,,False,180.999
22740,0.881,27.707,207.12,415.215,-1,1,4,88.8,,False,101.999
22746,3.893,40.404,297.22,873.5168,-1,2,4,56.3,,False,202.999
22752,1.712,31.452,233.15,572.2613,-1,1,3,80.0,,False,234.999
22759,0.839,58.659,451.87,215.0303,-1,1,3,90.8,,False,402.999
22763,0.437,27.262,203.05,468.9456,-1,1,4,71.3,,False,168.999
22767,1.894,29.638,220.25,513.2571,-1,1,4,67.4,,False,164.999
22769,3.678,25.542,190.29,461.0524,-1,1,4,86.4,,False,241.999
22775,3.973,38.571,284.29,772.6525,-1,1,4,43.7,,False,154.999
22781,3.142,27.884,206.75,558.3389,-1,1,3,60.0,,False,166.999
22784,3.347,27.657,207.22,387.326,-1,1,3,64.6,,False,294.999
22787,1.057,28.157,209.54,485.0738,-1,1,3,78.5,,False,398.999
22788,1.622,27.19,203.82,381.1719,-1,1,4,98.4,,False,256.999
22797,1.581,32.602,241.7,569.3327,-1,1,5,65.5,,False,96.999
22801,3.589,31.749,235.38,569.2561,-1,1,3,79.7,,False,218.999
22805,0.96,25.199,188.76,386.9413,-1,1,5,62.5,,False,168.7778888888889
22808,2.552,24.95,188.88,293.1787,-1,1,4,65.5,,False,307.0689249247898
22809,0.626,25.841,198.62,217.0276,-1,1,3,66.8,,False,155.999
22810,1.856,29.035,216.15,479.2294,-1,1,3,76.7,,False,372.999
22811,2.026,27.668,207.12,397.2375,-1,1,4,52.9,,False,312.999
22817,2.995,31.217,231.45,567.2448,-1,2,4,91.2,,False,174.999
22818,0.59,27.135,202.18,462.2888,-1,1,4,85.6,,False,425.999
22834,0.564,30.21,232.42,215.0317,-1,1,6,62.2,,False,87.999
22835,1.399,18.148,138.16,253.8725,-1,1,3,48.1,,False,303.999
22836,2.203,35.685,261.65,1091.979,-1,1,4,63.7,,False,176.999
22837,0.568,15.023,115.3,215.0277,-1,1,4,77.9,,False,249.999
22839,1.255,18.563,140.82,273.86,-1,1,3,94.9,,False,334.999
22845,0.378,28.568,213.38,427.1781,-1,1,3,71.8,,False,152.999
22846,1.383,23.043,171.86,438.8138,-1,1,3,79.4,,False,51.999
22849,2.496,25.534,188.8,624.9633,-1,1,3,77.9,,False,251.999
22852,2.486,31.777,235.9,539.3558,-1,1,4,83.6,,False,258.999
22855,1.513,19.939,151.88,253.0687,-1,1,3,89.6,,False,52.999
22863,4.01,36.381,268.56,708.5052,-1,2,4,43.5,,False,31.88900000000001
22864,4.482,42.324,311.09,932.6437,-1,1,4,70.0,,False,64.999
22870,2.979,38.054,280.31,801.4274,-1,3,3,69.7,,False,391.999
22873,2.531,24.246,182.78,324.1535,-1,1,3,98.6,,False,275.999
22875,1.603,17.153,131.49,221.9539,-1,1,3,98.8,,False,205.999
22877,2.997,31.392,233.27,517.5108,-1,2,3,94.3,,False,438.999
22888,0.341,20.071,154.8,202.047,-1,1,3,99.4,,False,266.999
22890,3.472,39.19,289.5,688.5496,-1,1,3,74.8,,False,245.999
22898,2.956,34.075,251.85,660.3575,-1,4,3,52.5,,False,143.999
22900,2.119,33.285,246.18,636.3152,-1,1,3,72.2,,False,355.999
22901,0.607,32.088,237.76,583.2599,-1,1,5,74.8,,False,88.999
22908,4.062,37.277,274.79,764.2066,-1,1,4,64.4,,False,85.999
22915,1.594,33.518,247.64,669.3892,-1,1,4,72.9,,False,152.999
22923,3.66,34.969,258.93,605.3819,-1,2,3,65.7,,False,226.999
22926,1.963,32.121,237.67,621.3288,-1,2,3,83.3,,False,316.999
22927,1.344,31.683,234.1,663.1092,-1,1,4,96.7,,False,326.999
22933,0.93,22.968,173.79,295.1904,-1,1,7,75.2,,False,157.999
22935,3.764,37.75,278.6,719.5505,-1,2,4,67.3,,False,144.999
22943,3.683,35.769,264.78,616.4665,-1,1,3,88.6,,False,370.999
22945,0.949,13.475,105.16,164.8359,-1,1,3,63.6,,False,271.999
22946,0.497,15.9,130.66,94.9265,-1,1,5,91.6,,False,82.999
22948,0.658,19.169,147.35,213.0197,-1,1,5,70.6,,False,69.88899999999998
22956,3.306,31.982,237.67,517.5102,-1,2,3,60.7,,False,386.999
22970,1.54,9.942,78.37,141.0155,-1,1,6,61.4,,False,178.999
22971,2.049,19.461,149.52,215.0795,-1,1,3,85.2,,False,186.999
22975,0.742,35.594,273.96,215.0332,-1,1,5,97.7,,False,153.999
22980,1.44,32.129,238.12,577.3609,-1,1,3,54.5,,False,407.999
22984,0.851,17.313,131.19,278.9139,-1,1,3,85.1,,False,123.999
22990,3.382,27.413,205.68,371.3138,-1,1,4,98.5,,False,68.999
23001,1.73,20.54,157.07,235.0846,-1,1,3,53.0,,False,435.999
23004,0.371,27.344,209.94,222.0292,-1,1,3,61.5,,False,336.999
23007,1.539,27.654,207.02,397.2546,-1,1,3,87.9,,False,208.999
23010,4.562,45.71,335.51,1037.7848,-1,1,6,75.4,,False,61.54507767673692
23012,0.443,25.652,212.75,89.0222,-1,1,5,97.3,,False,108.999
23015,3.274,27.68,207.97,357.3137,-1,1,3,83.8,,False,422.999
23029,3.886,34.151,252.99,592.2448,-1,1,6,78.8,,False,127.999
23031,1.709,9.215,73.83,116.972,-1,1,4,86.5,,False,70.999
23032,1.273,27.657,206.41,438.154,-1,1,3,98.0,,False,152.999
23033,1.189,22.395,196.64,59.0129,-1,1,6,84.7,,False,167.999
23035,3.683,32.823,244.03,508.3746,-1,1,3,42.0,,False,371.999
23037,1.439,31.843,239.11,366.9801,-1,1,4,75.8,,False,139.55566666666667
23055,1.493,23.409,174.53,444.8798,-1,1,7,80.4,,False,108.999
23056,2.306,24.013,186.75,179.1059,-1,1,4,99.7,,False,126.999
23060,4.603,35.49,262.33,657.5206,-1,1,3,48.0,,False,462.44455555555555
23063,0.494,19.389,147.4,262.9262,-1,1,8,78.5,,False,50.22233333333334
23069,2.527,29.216,217.95,446.2982,-1,1,3,99.5,,False,185.999
23071,1.562,33.794,249.17,744.3008,-1,2,3,76.1,,False,366.999
23074,4.736,33.188,245.69,609.4332,-1,1,3,81.6,,False,353.999
23075,3.616,29.103,217.75,405.3668,-1,1,3,62.8,,False,295.999
23077,0.537,4.461,36.21,94.9253,-1,1,4,87.0,,False,129.999
23079,0.203,28.158,208.07,650.8213,-1,1,8,57.3,,False,3.2889758647202143
23088,1.537,26.109,197.46,301.1762,-1,1,3,99.0,,False,73.999
23089,0.56,24.399,180.9,550.7816,-1,1,5,65.1,,False,124.999
23090,1.017,25.701,198.32,203.0799,-1,1,3,99.5,,False,226.999
23091,1.956,30.785,229.3,473.2311,-1,1,3,92.7,,False,355.999
23104,1.371,35.546,262.15,743.1619,-1,1,4,93.6,,False,167.999
23113,2.75,44.399,330.03,524.279,-1,2,4,88.1,,False,355.999
23127,1.576,32.368,240.5,521.294,-1,1,3,84.3,,False,280.999
23130,1.685,16.943,133.98,141.0133,-1,1,6,85.6,,False,6.555666666666653
23132,2.9,30.589,228.2,447.3106,-1,1,3,76.1,,False,308.999
23135,1.92,31.305,232.43,535.3645,-1,1,4,66.5,,False,175.999
23136,0.623,2.853,22.99,92.9267,-1,1,3,85.7,,False,406.999
23139,2.422,24.494,182.99,418.8445,-1,1,4,84.1,,False,97.999
23140,0.551,28.468,221.51,179.0544,-1,1,3,98.4,,False,312.999
23144,0.425,34.682,287.85,89.024,-1,1,5,96.6,,False,109.999
23147,0.594,24.126,179.52,478.8203,-1,1,5,64.9,,False,167.999
23152,1.016,23.676,178.67,315.2156,-1,1,3,86.8,,False,224.999
23161,2.819,31.301,233.34,460.3143,-1,1,3,99.0,,False,141.999
23164,1.453,30.963,249.48,116.969,-1,1,3,99.4,,False,152.999
23167,1.838,30.98,230.0,534.2375,-1,2,3,59.7,,False,343.999
23169,1.215,29.53,219.08,549.1297,-1,1,3,72.9,,False,311.999
23173,1.291,31.173,231.02,577.1608,-1,1,3,67.5,,False,257.999
23175,2.584,31.54,233.42,614.9684,-1,1,3,55.8,,False,369.999
23179,0.637,7.875,64.24,96.9188,-1,1,3,78.3,,False,357.999
23181,4.317,31.309,232.36,544.3777,-1,1,3,75.2,,False,363.999
23188,2.051,28.549,212.63,471.2777,-1,2,3,43.2,,False,289.999
23190,0.576,24.867,186.67,362.8967,-1,1,6,85.3,,False,114.999
23192,3.833,31.76,236.78,459.347,-1,1,3,40.5,,False,315.999
23195,3.954,31.789,235.71,565.3538,-1,1,3,84.0,,False,412.999
23197,0.6,27.844,205.51,690.7478,-1,1,4,69.2,,False,170.999
23198,1.78,28.991,215.68,491.2371,-1,1,4,75.6,,False,207.999
23200,3.139,24.447,184.46,317.2482,-1,1,4,48.7,,False,335.999
23204,2.179,39.734,292.98,756.5574,-1,2,6,58.5,,False,132.999
23205,3.254,34.814,257.65,619.2199,-1,1,3,84.0,,False,228.999
23207,4.386,23.367,177.07,285.7511,-1,1,3,82.0,,False,67.999
23208,3.667,37.468,276.19,766.7246,-1,1,6,66.7,,False,89.999
23210,1.476,37.417,281.0,369.1726,-1,1,3,76.3,,False,392.999
23213,1.719,32.021,236.81,637.1733,-1,1,4,85.8,,False,282.999
23224,1.313,36.626,270.06,753.4102,-1,1,4,65.9,,False,247.999
23230,1.324,37.61,277.09,789.3778,-1,2,3,91.4,,False,451.999
23232,2.104,30.521,227.41,467.2483,-1,1,5,63.2,,False,184.999
23236,0.347,24.562,181.92,574.6831,-1,1,6,91.6,,False,77.999
23237,1.059,26.484,198.88,361.2017,-1,1,3,97.1,,False,277.999
23243,0.151,28.618,211.68,622.916,-1,1,3,50.0,,False,179.999
23250,1.284,23.756,179.67,299.1822,-1,1,4,41.6,,False,198.999
23257,1.522,31.208,230.92,620.2075,-1,1,4,89.0,,False,177.999
23260,3.402,44.581,327.5,968.7041,-1,3,3,85.6,,False,457.999
23267,4.132,36.309,268.16,690.5536,-1,1,3,37.6,,False,134.999
23272,4.14,37.311,275.14,749.9841,-1,1,5,57.9,,False,53.62831499261574
23276,0.75,19.287,145.64,304.8552,-1,1,6,96.5,,False,52.111222222222224
23278,2.022,15.604,124.92,122.0707,-1,1,4,73.6,,False,168.999
23296,4.464,34.877,257.74,663.423,-1,1,3,68.6,,False,407.999
23301,0.665,20.306,165.53,102.9563,-1,1,5,81.6,,False,235.999
23303,1.111,26.035,193.43,510.9354,-1,1,4,84.8,,False,195.999
23307,3.796,33.738,249.94,591.7657,-1,4,3,73.1,,False,359.999
23318,0.936,16.556,129.98,154.0602,-1,1,5,85.5,,False,145.999
23323,3.976,30.568,228.28,431.3523,-1,1,4,61.6,,False,214.999
23330,0.547,26.855,206.61,214.0219,-1,1,3,76.1,,False,281.999
23336,3.751,37.717,278.38,715.5197,-1,1,5,54.5,,False,198.999
23340,0.83,28.041,215.59,217.0284,-1,1,4,67.8,,False,95.999
23342,2.176,22.454,187.78,82.9589,-1,1,5,89.1,,False,86.999
23346,1.386,39.753,298.56,370.1762,-1,1,5,86.8,,False,209.999
23348,1.08,29.435,218.86,503.1,-1,1,4,99.0,,False,263.999
23351,3.061,29.86,224.83,339.255,-1,1,4,62.7,,False,258.999
23360,0.563,27.263,202.2,550.9483,-1,1,4,96.9,,False,274.999
23366,4.691,35.942,265.38,696.4981,-1,1,3,83.6,,False,347.2223333333333
23371,3.04,24.563,182.16,545.998,-1,1,4,91.3,,False,255.999
23376,2.403,30.823,229.76,460.3138,-1,1,4,66.5,,False,156.999
23384,2.339,20.791,159.86,213.1827,-1,1,4,69.0,,False,121.999
23386,0.777,28.313,208.71,738.7523,-1,1,6,78.8,,False,109.22233333333334
23390,3.541,32.705,242.86,533.9504,-1,1,4,56.7,,False,168.999
23396,0.476,27.233,225.9,89.0242,-1,1,5,73.1,,False,109.999
23401,2.264,28.016,209.92,387.2883,-1,2,3,72.1,,False,344.999
23405,2.699,22.732,168.29,580.9656,-1,1,5,93.5,,False,96.999
23406,3.453,30.893,230.73,431.3164,-1,1,3,92.2,,False,378.999
23408,0.369,25.609,191.88,384.0809,-1,1,3,91.1,,False,290.999
23413,3.541,31.692,234.94,571.2567,-1,1,3,96.8,,False,165.999
23428,1.24,19.72,148.36,334.8947,-1,1,6,72.7,,False,71.999
23435,1.285,29.843,221.9,503.1713,-1,1,3,79.8,,False,363.999
23440,3.422,23.126,173.14,389.0347,-1,1,3,75.2,,False,317.999
23441,1.778,29.175,217.06,491.2468,-1,1,3,73.3,,False,177.999
23442,0.953,22.288,167.57,344.9674,-1,1,3,98.4,,False,265.6667777777778
23444,2.456,21.787,165.46,271.1301,-1,1,3,96.5,,False,255.999
23445,0.36,22.634,180.42,130.0842,-1,1,3,92.8,,False,224.999
23446,0.726,27.339,201.81,682.7919,-1,1,5,97.3,,False,136.999
23454,1.086,30.884,230.73,427.1128,-1,1,3,99.3,,False,122.999
23471,1.555,31.313,231.38,660.2393,-1,2,3,84.5,,False,258.999
23476,2.13,30.958,229.7,549.286,-1,1,3,51.9,,False,366.999
23477,1.297,24.333,183.37,327.1785,-1,1,4,87.5,,False,128.999
23479,1.36,25.156,188.21,401.2054,-1,1,3,61.1,,False,263.999
23480,2.841,34.815,257.7,615.4279,-1,1,4,42.2,,False,313.999
23481,1.931,31.379,232.9,542.3175,-1,1,3,71.6,,False,282.999
23482,0.279,30.462,223.81,912.3368,-1,1,6,96.5,,False,133.999
23483,3.82,28.829,215.95,391.3558,-1,2,3,83.6,,False,178.999
23487,1.305,32.103,237.13,675.1913,-1,1,3,75.3,,False,329.999
23502,1.054,14.788,114.12,195.81,-1,1,4,70.3,,False,270.999
23503,2.302,26.568,198.69,408.1617,-1,1,3,78.2,,False,158.999
23508,2.773,38.957,290.22,476.2815,-1,1,3,50.1,,False,234.999
23510,0.679,25.946,192.76,510.9366,-1,1,4,75.5,,False,188.999
23519,0.695,24.92,185.38,484.8927,-1,1,4,68.4,,False,183.999
23520,3.341,34.061,253.21,511.4044,-1,1,3,78.9,,False,259.999
23522,3.236,34.807,257.16,674.3659,-1,1,3,75.1,,False,151.999
23528,3.821,41.92,308.12,924.601,-1,1,6,87.9,,False,67.999
23532,1.063,15.91,130.73,94.9235,-1,1,6,99.9,,False,65.33344444444444
23534,1.137,22.092,167.24,291.065,-1,1,4,99.2,,False,121.999
23535,0.276,8.036,69.6,61.9902,-1,1,4,79.0,,False,86.22233333333332
23539,0.357,23.774,178.45,362.8961,-1,1,4,78.6,,False,140.999
23547,1.634,23.432,177.31,295.107,-1,1,3,57.0,,False,337.999
23551,1.601,27.131,238.35,59.0133,-1,1,6,93.2,,False,66.999
23560,3.582,27.29,201.91,613.0116,-1,1,4,73.1,,False,214.999
23562,0.742,26.977,201.66,414.2042,-1,1,3,75.8,,False,352.999
23564,3.654,45.048,330.78,1008.7681,-1,2,5,59.2,,False,134.999
23565,2.921,30.972,231.35,429.3012,-1,1,4,51.7,,False,278.999
23567,1.866,26.825,199.98,453.257,-1,1,3,59.5,,False,240.999
23572,1.897,31.037,230.74,507.3333,-1,1,3,49.8,,False,301.999
23573,0.721,43.914,345.72,154.0605,-1,1,6,97.4,,False,53.999
23576,4.265,17.292,133.93,187.04,-1,1,3,81.5,,False,315.999
23577,0.664,24.868,184.61,524.8282,-1,1,6,84.8,,False,187.999
23580,2.74,44.069,323.67,984.6666,-1,2,5,44.0,,False,232.999
23581,0.357,8.732,68.54,146.9831,-1,1,3,68.3,,False,259.999
23585,2.095,17.326,151.98,59.0131,-1,1,5,85.2,,False,160.999
23590,2.817,32.752,243.53,507.443,-1,1,3,78.8,,False,318.999
23597,2.187,28.832,214.92,458.296,-1,1,4,53.5,,False,201.999
23600,3.234,35.559,262.53,700.4226,-1,3,4,86.9,,False,132.999
23603,1.406,19.964,152.93,227.126,-1,1,4,92.1,,False,183.999
23611,1.441,22.057,166.03,334.1612,-1,1,3,97.4,,False,88.999
23617,0.901,19.739,148.51,334.8948,-1,1,5,92.0,,False,115.999
23625,0.653,29.592,218.27,720.8635,-1,1,6,94.6,,False,162.999
23629,1.298,27.607,206.7,395.1907,-1,1,3,78.5,,False,346.999
23634,3.193,35.238,260.15,700.3952,-1,3,4,52.5,,False,150.999
23636,0.597,11.765,90.17,215.0312,-1,1,5,89.6,,False,127.999
23640,0.326,25.971,228.13,59.0135,-1,1,3,66.8,,False,368.999
23642,0.527,23.839,179.43,337.0405,-1,1,4,85.2,,False,52.999
23648,3.164,34.621,256.84,558.4198,-1,1,3,65.1,,False,496.11122222222224
23651,0.576,24.767,183.56,560.738,-1,1,6,84.2,,False,127.999
23671,2.772,12.78,99.48,169.8746,-1,1,5,88.0,,False,155.999
23672,2.16,32.692,242.26,581.3731,-1,3,3,52.5,,False,334.999
23675,3.529,27.878,207.99,443.104,-1,1,3,73.1,,False,388.999
23678,4.027,36.374,268.09,771.3136,-1,1,4,97.8,,False,265.999
23681,2.993,37.906,279.41,770.4372,-1,1,3,52.6,,False,286.999
23685,2.934,37.474,276.46,731.4709,-1,2,4,78.5,,False,347.999
23691,0.516,25.385,189.72,415.1867,-1,1,3,80.1,,False,374.999
23693,2.809,41.942,308.39,910.5654,-1,2,3,95.3,,False,255.999
23695,0.605,24.389,184.31,305.0219,-1,1,4,87.4,,False,109.999
23703,1.398,30.165,224.37,497.2779,-1,1,3,96.0,,False,218.999
23709,0.25,26.104,193.2,598.7911,-1,1,4,47.2,,False,211.999
23716,3.162,29.916,227.03,281.1009,-1,1,3,98.1,,False,204.999
23717,2.309,21.432,161.68,315.0473,-1,1,3,44.9,,False,207.999
23720,3.71,44.938,330.36,928.8744,-1,2,5,96.4,,False,159.999
23729,1.756,17.446,134.36,204.9695,-1,1,6,77.3,,False,91.999
23738,0.334,18.379,142.34,188.0908,-1,1,3,99.7,,False,106.999
23740,0.806,20.105,152.86,263.0024,-1,1,5,66.5,,False,93.999
23744,1.421,19.637,151.17,208.1414,-1,1,4,97.6,,False,224.999
23750,3.492,26.316,196.97,397.2586,-1,1,4,76.5,,False,87.999
23754,3.706,37.0,272.83,750.4305,-1,1,3,55.1,,False,143.999
23758,1.284,35.875,264.54,749.1823,-1,1,3,73.4,,False,350.999
23764,0.687,26.483,196.71,516.9514,-1,1,3,69.7,,False,272.999
23776,3.09,29.922,225.3,339.2526,-1,1,3,91.4,,False,280.999
23779,1.76,34.314,254.61,553.3204,-1,2,3,93.7,,False,146.999
23782,0.593,20.599,157.18,244.9905,-1,1,3,95.8,,False,405.999
23783,4.384,34.659,256.76,593.849,-1,1,3,50.8,,False,92.999
23785,1.266,28.266,210.35,485.0916,-1,3,3,79.6,,False,240.999
23788,0.544,25.057,186.22,502.8655,-1,1,6,93.6,,False,33.66677777777778
23789,4.057,33.425,247.42,611.3787,-1,2,4,82.4,,False,45.44455555555558
23790,3.261,29.192,217.35,477.9663,-1,2,3,41.6,,False,170.999
23793,2.623,27.442,205.07,418.214,-1,1,4,58.2,,False,164.999
23795,3.527,33.834,250.24,638.3912,-1,1,4,58.3,,False,205.999
23796,1.738,34.923,288.42,92.9253,-1,1,5,88.6,,False,96.999
23797,3.695,46.051,337.69,1123.6844,-1,2,3,56.8,,False,355.999
23805,1.178,17.427,133.24,232.8703,-1,1,3,97.9,,False,217.999
23817,4.108,31.227,232.4,488.3835,-1,1,3,42.5,,False,285.999
23821,3.085,31.087,231.08,509.5723,-1,1,3,53.4,,False,439.999
23823,3.599,31.373,232.91,537.3108,-1,1,3,96.1,,False,195.999
23824,4.434,26.518,199.04,366.2691,-1,1,4,78.2,,False,217.999
23828,0.595,30.488,224.61,772.8347,-1,1,5,70.4,,False,173.999
23834,0.823,28.223,208.4,674.8613,-1,1,8,62.6,,False,83.999
23840,4.604,39.822,293.54,770.5807,-1,1,4,74.5,,False,192.999
23842,2.092,32.715,243.25,507.2758,-1,1,3,83.4,,False,330.999
23843,4.174,34.068,252.38,592.1836,-1,1,4,68.3,,False,110.999
23844,0.791,30.537,234.83,217.0252,-1,1,4,93.5,,False,162.999
23847,0.901,29.087,217.06,441.2576,-1,1,4,69.7,,False,186.999
23851,1.878,28.772,213.83,511.2379,-1,1,3,61.2,,False,82.999
23852,3.425,39.6,291.39,860.5026,-1,1,5,52.7,,False,78.999
23856,2.687,23.213,175.91,285.3501,-1,1,3,47.2,,False,144.999
23864,1.793,28.005,208.81,452.2663,-1,1,4,91.6,,False,116.999
23878,2.366,24.502,181.06,638.9739,-1,1,6,97.9,,False,20.697169620145047
23880,0.404,27.163,200.95,614.8458,-1,1,6,96.6,,False,43.33344444444441
23882,0.166,27.94,230.06,94.9228,-1,1,4,89.1,,False,70.55566666666667
23890,0.624,24.883,185.09,486.8903,-1,1,3,83.6,,False,301.999
23891,0.337,25.074,188.18,366.0543,-1,1,3,71.1,,False,157.999
23895,1.716,19.656,151.32,208.1405,-1,1,3,90.5,,False,176.999
23903,4.508,35.524,262.9,622.5145,-1,1,3,47.2,,False,158.999
23904,4.215,37.171,274.11,747.9478,-1,1,6,54.2,,False,80.2291734048888
23905,3.995,41.359,303.93,933.5597,-1,2,5,69.9,,False,62.999
23908,3.234,34.279,253.35,659.3761,-1,1,3,63.1,,False,311.999
23914,1.768,27.063,202.21,421.2617,-1,1,3,69.0,,False,170.999
23916,0.485,25.804,197.0,246.0513,-1,1,3,90.5,,False,408.999
23918,0.645,24.399,183.26,357.1067,-1,1,5,84.9,,False,119.999
23925,4.421,36.075,266.69,656.5672,-1,1,4,76.6,,False,127.999
23928,3.524,31.72,235.59,528.3674,-1,1,3,61.8,,False,212.999
23929,0.741,58.569,458.59,167.0197,-1,1,3,70.9,,False,139.999
23930,1.285,35.142,259.45,701.1773,-1,1,3,59.5,,False,247.999
23931,2.197,27.585,203.53,702.9766,-1,1,4,86.8,,False,271.999
23933,2.113,22.573,172.91,229.1579,-1,1,3,65.9,,False,109.999
23941,1.287,32.654,241.63,621.1678,-1,1,3,97.8,,False,287.999
23942,1.34,28.267,212.11,371.17,-1,1,3,69.0,,False,283.999
23943,0.582,28.689,211.85,674.8592,-1,1,6,35.9,,False,51.999
23947,3.519,35.253,260.27,694.4148,-1,1,3,49.8,,False,166.999
23953,0.467,27.297,212.37,179.0543,-1,1,4,91.5,,False,211.999
23954,1.511,22.546,171.81,253.1786,-1,1,3,83.4,,False,211.999
23958,1.738,21.233,162.61,229.1775,-1,1,3,93.2,,False,400.999
23963,2.77,30.801,227.58,662.8466,-1,1,3,49.8,,False,259.999
23966,1.626,25.609,192.39,356.253,-1,1,3,41.7,,False,91.999
23967,2.177,18.068,140.48,177.0894,-1,1,5,76.0,,False,154.999
23968,0.287,29.693,228.44,215.0305,-1,1,4,57.0,,False,161.999
23970,0.891,13.569,111.42,94.9227,-1,1,4,96.3,,False,235.889
23982,2.12,20.371,155.99,229.1196,-1,1,4,87.4,,False,147.999
23988,4.055,37.96,279.83,767.0404,-1,1,4,65.1,,False,28.66677777777778
23991,2.315,22.659,172.04,273.2315,-1,1,3,71.6,,False,219.999
23994,1.895,30.978,229.88,546.2707,-1,1,3,64.3,,False,231.999
23996,1.991,29.032,215.84,503.0997,-1,1,4,83.0,,False,158.999
24008,0.276,31.887,233.89,1034.2493,-1,1,6,73.9,,False,61.999
24011,1.071,2.981,24.01,94.9236,-1,1,4,97.0,,False,169.999
24012,3.298,40.433,298.12,763.4971,-1,2,3,98.4,,False,222.999
24013,0.151,23.67,181.7,221.1515,-1,1,6,87.7,,False,144.999
24014,2.657,23.263,172.6,530.9685,-1,1,5,89.4,,False,132.999
24015,0.55,35.969,295.65,96.9187,-1,1,3,62.8,,False,92.999
24017,0.94,18.145,138.19,251.9454,-1,1,3,77.3,,False,298.999
24022,2.841,44.637,327.51,1056.6761,-1,2,4,73.9,,False,101.999
24023,1.066,31.522,236.64,369.1538,-1,1,3,84.0,,False,147.999
24035,3.533,21.047,160.16,259.1293,-1,1,4,70.7,,False,160.999
24040,0.913,23.192,175.42,298.2089,-1,1,4,86.2,,False,130.999
24056,4.223,35.438,262.01,652.5241,-1,1,4,51.8,,False,165.999
24059,0.847,18.065,137.37,259.8631,-1,1,3,64.7,,False,292.999
24063,1.065,30.949,229.44,569.1271,-1,1,4,60.7,,False,277.999
24064,1.04,32.383,241.99,425.1166,-1,1,3,48.0,,False,235.999
24072,0.772,20.083,152.22,280.8932,-1,1,7,89.8,,False,6.6667777777777815
24081,2.107,27.323,205.02,370.2464,-1,1,3,58.5,,False,258.999
24087,4.142,29.098,215.38,605.0537,-1,1,4,71.3,,False,139.999
24098,2.867,28.801,215.52,403.3216,-1,1,3,97.0,,False,275.999
24103,1.077,3.377,26.23,141.0162,-1,1,3,51.9,,False,184.999
24113,0.637,25.604,189.42,608.7429,-1,1,6,88.2,,False,153.999
24121,1.757,4.112,32.08,141.0166,-1,1,5,81.4,,False,198.999
24130,3.685,32.752,243.79,487.3419,-1,1,3,96.6,,False,231.999
24131,1.933,18.448,143.23,181.0771,-1,1,4,92.1,,False,228.999
24144,3.752,25.378,187.95,581.0057,-1,1,4,97.6,,False,333.999
24146,1.289,21.638,162.68,344.1744,-1,1,4,79.7,,False,117.999
24147,0.622,26.033,195.45,362.896,-1,1,5,71.0,,False,116.999
24159,0.248,30.324,249.14,96.9564,-1,1,3,63.9,,False,124.999
24161,2.44,23.551,178.14,297.5106,-1,1,3,76.5,,False,273.999
24169,0.557,24.816,190.83,215.0297,-1,1,4,73.3,,False,238.999
24172,1.365,28.244,209.63,537.1149,-1,1,3,78.0,,False,291.999
24177,2.048,28.904,215.02,491.2438,-1,1,5,81.2,,False,75.11122222222224
24180,1.259,33.324,250.15,371.1774,-1,1,5,91.8,,False,152.999
24192,0.472,29.708,220.73,517.2984,-1,1,3,74.7,,False,147.999
24194,0.565,30.884,227.58,762.8842,-1,1,5,83.5,,False,107.999
24196,0.275,27.598,203.46,732.4713,-1,1,4,75.6,,False,146.999
24200,2.565,26.59,199.06,394.3057,-1,1,3,52.1,,False,205.999
24202,3.778,31.273,232.66,494.5122,-1,2,4,90.4,,False,260.999
24203,1.801,30.178,224.17,523.3298,-1,1,3,71.2,,False,158.999
24213,0.72,26.898,198.9,626.7692,-1,1,4,81.1,,False,142.999
24221,3.055,35.083,259.07,690.4056,-1,1,4,60.1,,False,162.999
24223,0.639,25.314,187.49,578.764,-1,1,5,76.4,,False,77.999
24226,0.3,12.331,97.59,136.8601,-1,1,4,70.5,,False,182.999
24239,2.304,39.594,290.62,1021.2529,-1,2,3,71.0,,False,220.999
24252,0.503,11.1,92.8,80.9141,-1,1,5,84.7,,False,64.999
24253,0.663,20.016,151.09,308.8522,-1,1,3,74.8,,False,169.999
24259,2.733,29.81,222.58,434.298,-1,1,3,77.2,,False,280.999
24270,0.278,25.36,188.48,502.6332,-1,1,4,90.6,,False,67.999
24275,2.887,22.358,169.81,271.1204,-1,1,4,98.3,,False,164.999
24277,3.138,35.665,263.33,698.415,-1,1,3,51.5,,False,259.999
24282,1.934,22.891,173.36,289.1821,-1,1,3,94.9,,False,242.999
24284,0.237,28.387,210.34,574.9935,-1,1,6,74.9,,False,88.999
24285,2.546,32.788,242.7,612.3944,-1,1,3,36.6,,False,328.999
24287,0.918,21.3,170.49,124.0044,-1,1,6,88.9,,False,71.999
24290,3.27,30.982,228.28,768.9547,-1,2,4,74.9,,False,221.999
24296,0.578,19.961,151.99,255.0598,-1,1,3,89.1,,False,256.999
24299,2.194,33.0,243.98,644.2263,-1,1,3,81.3,,False,214.999
24300,4.243,37.48,276.36,753.3131,-1,1,5,40.0,,False,63.11122222222224
24301,3.168,35.739,283.27,141.0137,-1,1,3,92.4,,False,158.999
24305,2.791,32.444,242.28,435.2515,-1,1,3,59.5,,False,95.999
24310,0.539,31.528,232.34,762.9625,-1,1,4,97.9,,False,120.999
24312,1.34,31.606,233.94,611.3801,-1,2,3,98.3,,False,104.999
24313,1.447,5.566,44.37,116.9694,-1,1,3,51.8,,False,79.999
24315,4.022,40.259,296.32,836.6326,-1,2,4,88.1,,False,202.0001111111111
24320,1.622,0.684,4.94,116.9717,-1,1,3,84.4,,False,264.999
24321,4.576,34.81,257.85,595.3321,-1,1,3,48.8,,False,258.999
24332,0.72,27.579,203.84,642.8277,-1,1,5,79.3,,False,93.11122222222222
24335,1.379,16.335,122.36,369.178,-1,1,5,82.9,,False,198.999
24337,0.873,29.066,215.7,541.0308,-1,1,3,93.7,,False,113.999
24338,2.487,32.138,238.58,539.3922,-1,1,3,99.3,,False,327.999
24342,0.53,27.519,203.23,668.7833,-1,1,6,93.9,,False,96.999
24344,2.968,42.714,313.83,954.5873,-1,2,4,87.9,,False,113.999
24345,2.3,31.303,230.74,753.0245,-1,1,4,89.6,,False,50.999
24346,0.906,48.446,398.42,96.9193,-1,1,6,75.5,,False,104.999
24356,2.223,29.551,219.48,525.318,-1,1,3,73.6,,False,164.999
24360,3.412,36.111,266.92,659.4877,-1,1,3,56.8,,False,385.999
24364,3.58,29.718,221.37,470.3366,-1,1,3,86.0,,False,342.999
24365,3.086,33.755,249.99,598.4313,-1,1,4,66.1,,False,106.999
24367,1.807,28.975,216.09,450.2935,-1,1,4,65.0,,False,200.999
24373,1.348,26.495,197.76,434.1611,-1,1,4,99.5,,False,174.999
24378,1.302,24.209,181.94,351.1844,-1,1,5,51.6,,False,92.999
24379,3.136,31.505,234.64,475.4157,-1,1,3,99.1,,False,338.999
24389,0.641,12.364,99.02,119.9449,-1,1,6,93.0,,False,7.000111111111096
24397,0.651,27.88,206.14,630.8791,-1,1,7,98.1,,False,112.0001111111111
24404,2.219,33.534,248.99,537.3259,-1,1,3,91.4,,False,156.999
24405,1.687,17.878,137.71,204.9119,-1,1,5,88.9,,False,93.999
24407,1.251,46.478,408.79,59.0132,-1,1,5,78.8,,False,91.999
24410,0.913,23.401,176.23,331.1896,-1,1,4,97.6,,False,103.999
24424,3.075,29.378,218.72,477.9492,-1,1,3,43.1,,False,422.999
24427,0.292,25.955,200.41,201.036,-1,1,3,94.5,,False,168.999
24434,3.398,32.657,242.46,537.7136,-1,1,4,66.6,,False,192.999
24435,0.11,44.54,379.46,72.9912,-1,1,6,90.5,,False,3.3334444444444387
24438,2.772,30.002,223.43,474.3304,-1,1,4,58.2,,False,250.999
24440,3.721,34.503,253.07,1050.9521,-1,1,5,72.4,,False,135.999
24444,1.441,35.561,261.84,816.2508,-1,1,4,68.5,,False,84.999
24447,1.756,26.292,196.66,405.2306,-1,1,3,53.4,,False,161.999
24463,1.722,29.794,221.48,508.2955,-1,2,3,85.4,,False,197.999
24465,0.379,18.594,143.59,197.0794,-1,1,4,92.7,,False,120.999
24468,1.479,33.067,243.98,718.2807,-1,1,3,75.5,,False,248.999
24471,0.619,25.077,186.2,520.8064,-1,1,4,56.2,,False,88.999
24481,3.623,47.982,351.96,1091.9186,-1,2,3,77.0,,False,195.999
24482,3.428,39.164,288.51,797.6573,-1,1,4,73.4,,False,250.999
24483,2.842,43.507,319.75,942.6453,-1,1,3,77.5,,False,392.999
24486,3.943,43.971,323.07,960.7516,-1,4,4,52.5,,False,91.11122222222222
24491,3.769,40.149,295.74,807.5694,-1,2,3,98.5,,False,177.999
24495,4.496,46.279,339.61,1060.7862,-1,3,4,78.8,,False,180.999
24497,2.213,22.47,170.6,273.233,-1,1,3,62.2,,False,373.999
24507,2.859,35.213,260.09,684.3932,-1,1,4,62.7,,False,182.999
24514,0.691,23.085,171.67,486.806,-1,1,5,81.2,,False,97.999
24517,2.06,31.704,235.34,539.3597,-1,1,4,94.6,,False,169.999
24522,1.054,16.709,129.97,174.9907,-1,1,3,83.5,,False,104.999
24524,3.808,35.308,261.34,618.4821,-1,2,3,63.7,,False,336.999
24528,1.065,28.035,208.31,513.1148,-1,1,5,85.7,,False,180.999
24533,2.955,27.423,205.24,400.3467,-1,1,4,66.7,,False,135.999
24541,0.677,25.879,191.63,586.7825,-1,1,4,77.9,,False,161.999
24546,1.122,24.851,184.85,486.8902,-1,1,3,90.3,,False,186.999
24548,3.332,25.215,194.55,203.1777,-1,1,4,92.4,,False,308.999
24557,2.001,30.036,223.13,520.3084,-1,1,3,78.8,,False,138.999
24560,3.82,35.922,265.11,715.3799,-1,1,3,53.2,,False,326.999
24561,0.307,24.321,180.32,550.7222,-1,1,5,74.4,,False,80.999
24564,1.29,21.121,160.52,266.1438,-1,1,3,91.2,,False,361.999
24566,1.696,32.471,241.41,509.2601,-1,1,4,97.9,,False,253.999
24572,2.519,32.834,243.79,537.2511,-1,2,3,86.0,,False,177.999
24588,0.192,25.242,221.72,59.0135,-1,1,3,46.9,,False,170.999
24590,0.952,33.554,248.45,605.2405,-1,1,4,57.9,,False,195.999
24602,1.371,25.056,187.95,371.1748,-1,1,3,70.8,,False,171.999
24606,1.458,19.608,151.03,206.1535,-1,1,4,49.5,,False,123.999
24607,3.62,30.413,226.6,467.7763,-1,1,3,76.4,,False,197.999
24609,1.575,29.612,219.64,554.3158,-1,1,4,58.3,,False,120.999
24612,2.313,29.128,216.6,498.2033,-1,1,3,94.5,,False,226.999
24614,1.239,25.054,186.24,498.8996,-1,1,5,68.3,,False,64.999
24628,3.403,34.664,256.04,681.3312,-1,1,3,96.9,,False,241.999
24633,3.771,39.287,289.62,765.5742,-1,1,4,54.9,,False,157.11122222222224
24635,0.282,29.25,215.09,856.3829,-1,1,6,91.4,,False,74.999
24641,3.152,40.807,300.01,913.3878,-1,1,4,48.3,,False,103.999
24642,4.008,28.189,211.2,387.3665,-1,1,4,57.8,,False,107.999
24651,0.937,31.764,235.18,601.3289,-1,1,3,73.2,,False,401.55566666666664
24658,0.545,24.107,179.2,496.7603,-1,1,4,67.6,,False,125.999
24664,0.404,28.056,207.61,610.9094,-1,1,3,73.6,,False,55.999
24665,2.092,36.561,269.99,695.4632,-1,1,4,80.4,,False,117.999
24667,3.064,47.4,347.39,1183.7212,-1,2,4,71.3,,False,205.999
24669,1.47,23.973,192.71,118.9662,-1,1,3,48.2,,False,56.999
24672,1.983,23.336,176.61,294.2126,-1,1,4,97.5,,False,207.999
24674,2.729,41.792,307.15,936.5436,-1,1,3,87.5,,False,276.999
24675,4.327,45.752,335.92,1016.8043,-1,1,4,52.2,,False,145.999
24676,0.884,27.466,202.81,672.7803,-1,1,5,81.4,,False,105.999
24677,3.208,32.097,238.34,533.509,-1,1,4,79.0,,False,208.999
24681,1.41,20.483,156.49,239.1249,-1,1,4,75.3,,False,175.999
24684,2.502,20.103,154.91,205.1206,-1,1,3,99.7,,False,261.999
24692,1.236,24.392,183.73,331.2461,-1,1,3,66.8,,False,236.999
24693,0.326,10.725,84.31,146.9823,-1,1,3,78.0,,False,140.999
24696,0.401,21.45,164.52,223.0175,-1,1,4,80.0,,False,114.999
24698,1.357,28.442,212.41,429.1293,-1,1,3,81.6,,False,269.999
24700,2.673,22.25,170.67,223.204,-1,1,5,88.1,,False,244.999
24702,0.566,26.035,192.69,598.7938,-1,1,6,80.8,,False,22.666777777777753
24705,2.118,29.313,217.92,504.2128,-1,1,4,94.1,,False,118.999
24706,0.435,33.795,259.94,217.0282,-1,1,3,52.7,,False,136.999
24709,2.099,32.088,237.82,577.2835,-1,1,3,54.9,,False,292.999
24723,1.908,22.513,170.81,277.1425,-1,1,3,64.5,,False,102.999
24730,2.729,24.81,186.24,363.1466,-1,1,3,97.2,,False,131.999
24740,1.271,30.107,222.97,593.2674,-1,1,3,74.7,,False,267.999
24742,3.685,39.757,292.82,808.5729,-1,1,4,77.4,,False,127.999
24744,1.528,31.546,233.78,578.2179,-1,1,3,93.5,,False,176.999
24754,3.257,29.998,223.5,466.5231,-1,2,4,68.2,,False,115.999
24761,1.413,28.208,210.75,423.275,-1,1,4,92.8,,False,257.999
24767,1.653,25.194,189.54,342.2981,-1,1,3,90.6,,False,228.999
24770,3.293,41.06,302.05,877.5246,-1,2,3,46.6,,False,250.999
24776,2.584,40.967,303.36,614.9613,-1,1,3,61.5,,False,255.999
24780,3.356,34.883,258.18,617.2204,-1,1,3,75.7,,False,145.999
24781,1.973,26.384,194.9,655.9902,-1,1,3,40.8,,False,180.999
24782,0.672,29.715,219.17,720.8718,-1,1,4,98.6,,False,111.999
24786,0.648,11.071,92.86,78.9167,-1,1,5,83.7,,False,118.999
24788,3.821,37.281,274.93,748.8446,-1,1,4,95.5,,False,116.7778888888889
24791,1.562,27.227,202.71,475.137,-1,1,3,76.4,,False,197.999
24796,2.765,46.838,349.08,477.2807,-1,1,3,96.7,,False,239.999
24798,1.444,30.445,226.11,527.3226,-1,1,3,62.3,,False,218.999
24799,0.472,25.12,186.52,520.8074,-1,1,4,64.4,,False,128.999
24800,0.447,26.183,194.36,528.9022,-1,1,4,93.8,,False,128.999
24804,2.194,20.863,160.59,209.1531,-1,1,4,83.0,,False,85.999
24806,4.005,34.064,252.35,593.0382,-1,1,4,82.8,,False,153.999
24810,0.583,13.909,106.64,217.0266,-1,1,4,87.7,,False,143.999
24825,1.209,27.953,209.41,389.2679,-1,1,4,47.0,,False,125.999
24830,3.52,20.993,158.94,288.9991,-1,1,3,92.4,,False,160.999
24831,3.092,28.331,212.26,388.3289,-1,1,3,80.4,,False,315.999
24832,1.671,58.246,462.05,141.0162,-1,1,5,99.0,,False,84.999
24833,1.45,27.414,204.58,438.25,-1,1,3,95.3,,False,224.999
24835,2.861,33.406,247.41,596.4263,-1,1,3,81.5,,False,159.999
24836,2.472,27.626,206.2,436.2474,-1,1,3,59.4,,False,224.999
24840,2.623,29.668,221.72,421.2317,-1,1,3,77.7,,False,281.999
24842,0.376,29.098,223.45,222.029,-1,1,3,84.2,,False,132.999
24853,2.848,44.93,329.81,1032.665,-1,2,3,50.5,,False,293.999
24854,4.529,27.096,202.94,391.1508,-1,1,3,46.4,,False,258.999
24856,3.846,45.864,336.67,1027.822,-1,1,3,71.3,,False,216.999
24863,0.743,22.849,186.35,102.9543,-1,1,3,54.6,,False,289.999
24865,1.688,17.292,139.06,116.9706,-1,1,6,60.5,,False,91.999
24869,3.777,31.816,236.58,504.4103,-1,1,5,64.8,,False,64.889
24878,2.628,28.908,215.1,487.273,-1,1,3,58.2,,False,200.55566666666667
24882,3.489,27.783,204.59,780.9535,-1,1,4,54.3,,False,110.999
24883,1.634,18.412,142.08,199.0142,-1,1,3,63.6,,False,213.999
24884,2.04,31.631,234.52,567.3145,-1,1,3,65.8,,False,150.999
24888,3.148,24.912,187.72,328.2334,-1,1,3,87.3,,False,286.999
24892,0.557,14.187,108.85,215.0335,-1,1,5,61.3,,False,64.999
24894,4.241,34.27,253.88,592.865,-1,1,3,54.1,,False,109.999
24901,2.141,30.037,223.47,491.3008,-1,1,3,61.9,,False,224.999
24907,0.502,29.337,216.3,732.8202,-1,1,8,64.7,,False,21.478987288325072
24908,0.468,36.585,269.73,759.4005,-1,1,3,77.9,,False,132.999
24919,2.942,38.85,286.09,814.5099,-1,1,3,70.7,,False,400.55566666666664
24921,1.454,28.522,212.72,449.1629,-1,1,3,97.8,,False,197.999
24929,1.656,30.291,224.83,539.3203,-1,1,4,76.0,,False,94.999
24937,0.664,22.565,170.14,320.8861,-1,1,5,90.5,,False,114.999
24938,0.734,27.799,205.17,690.7496,-1,1,5,50.6,,False,140.999
24965,2.246,19.661,149.31,268.982,-1,1,3,88.9,,False,279.999
24970,2.64,28.776,214.48,458.2464,-1,1,4,64.0,,False,118.44455555555555
24976,2.613,38.666,284.87,795.4922,-1,1,3,62.3,,False,118.22233333333332
24988,0.557,8.549,69.8,96.9218,-1,1,4,83.3,,False,63.999
24989,1.795,32.721,240.66,862.9601,-1,1,3,90.2,,False,154.00011111111112
24994,1.732,28.424,212.16,437.291,-1,1,3,78.1,,False,270.999
24996,0.596,17.26,133.08,200.9928,-1,1,3,61.4,,False,150.999
25002,3.17,30.966,230.44,489.4751,-1,1,3,79.3,,False,369.999
25004,2.575,30.696,227.73,551.2401,-1,1,3,62.1,,False,127.999
25008,4.133,32.583,241.79,547.5611,-1,2,3,74.1,,False,410.999
25012,3.264,35.486,262.01,698.4083,-1,1,3,46.6,,False,163.999
25016,0.614,16.019,122.98,215.0324,-1,1,3,92.4,,False,116.999
25017,1.201,22.461,168.56,362.902,-1,1,6,79.0,,False,29.33344444444444
25021,1.63,26.476,198.14,399.309,-1,1,3,69.3,,False,154.999
25023,1.181,21.006,160.43,241.0994,-1,1,5,96.3,,False,136.999
25029,2.789,21.504,164.17,243.1946,-1,1,5,88.4,,False,142.999
25033,0.635,23.118,171.92,486.8092,-1,1,4,88.7,,False,163.999
25034,2.407,33.599,248.84,596.3649,-1,1,4,67.1,,False,100.999
25047,2.043,30.502,227.09,480.2765,-1,1,3,62.3,,False,256.999
25056,2.179,29.47,218.94,518.976,-1,1,3,97.7,,False,361.33344444444447
25067,3.496,41.446,304.65,925.5296,-1,2,3,88.9,,False,239.999
25071,1.855,26.561,198.35,427.2139,-1,1,3,69.3,,False,293.999
25074,4.183,37.313,275.52,699.5626,-1,1,3,57.2,,False,231.999
25075,2.39,32.593,241.27,610.3005,-1,2,3,46.6,,False,192.999
25081,1.517,33.623,248.42,670.153,-1,1,3,96.3,,False,260.999
25086,3.87,35.639,263.34,669.4091,-1,2,3,94.8,,False,124.999
25096,0.626,27.6,203.85,666.789,-1,1,4,87.6,,False,124.999
25097,0.632,27.266,201.51,644.7411,-1,1,4,97.6,,False,170.999
25098,2.176,26.611,199.12,401.2277,-1,2,4,77.9,,False,202.00011111111112
25112,2.512,30.554,226.91,527.2777,-1,1,3,56.1,,False,281.999
25120,2.333,31.189,231.33,558.2393,-1,2,3,90.8,,False,228.999
25123,2.88,41.398,304.31,925.439,-1,2,4,96.7,,False,121.999
25126,2.575,32.268,239.46,548.2982,-1,1,3,57.4,,False,234.999
25127,0.381,29.884,220.67,680.96,-1,1,5,86.9,,False,27.66677777777778
25141,4.148,39.058,287.51,838.3527,-1,1,4,86.8,,False,74.999
25145,1.079,34.619,255.21,757.3093,-1,1,3,97.4,,False,270.999
25152,2.091,43.565,323.72,528.9675,-1,1,5,88.6,,False,34.337367340444075
25154,2.532,31.889,236.21,592.2962,-1,1,3,60.3,,False,308.999
25155,3.684,33.213,246.02,592.9368,-1,1,3,44.6,,False,187.999
25157,2.427,31.339,232.33,569.2625,-1,2,3,82.5,,False,165.999
25160,2.873,23.015,172.57,372.83,-1,1,4,78.9,,False,65.999
25165,0.666,28.551,210.59,716.7836,-1,1,6,53.1,,False,74.88900000000001
25167,0.437,28.918,213.67,656.915,-1,1,3,53.0,,False,190.999
25170,1.191,27.849,208.22,413.1997,-1,1,3,72.7,,False,202.999
25175,0.419,26.335,195.61,516.9528,-1,1,3,95.5,,False,64.55566666666664
25176,3.034,34.176,252.57,664.3838,-1,1,4,99.3,,False,98.999
25181,0.698,28.241,210.91,429.1945,-1,1,3,80.6,,False,148.999
25182,3.476,38.529,284.2,741.5407,-1,1,4,76.0,,False,106.999
25192,4.557,37.917,279.44,776.1023,-1,1,3,44.6,,False,171.999
25196,2.943,30.221,224.63,510.2935,-1,1,3,71.4,,False,221.999
25197,4.337,40.706,300.08,771.574,-1,1,5,88.4,,False,114.999
25198,1.975,23.838,179.3,343.0509,-1,1,3,55.2,,False,193.999
25201,2.042,16.703,127.14,252.8499,-1,1,3,53.6,,False,254.999
25205,0.659,20.548,155.8,279.0478,-1,1,3,79.4,,False,160.999
25210,1.031,25.929,227.77,59.0125,-1,1,4,98.6,,False,127.999
25213,2.243,31.208,232.85,445.3333,-1,1,3,77.4,,False,165.999
25214,0.432,30.489,234.44,217.0293,-1,1,3,74.0,,False,213.999
25215,1.431,18.034,136.07,308.8386,-1,1,4,78.2,,False,162.999
25219,2.252,24.841,186.66,353.1614,-1,1,3,66.1,,False,133.999
25227,3.388,35.657,263.15,713.3769,-1,1,4,63.2,,False,120.999
25233,0.641,26.963,205.26,261.0269,-1,1,3,72.2,,False,252.999
25237,3.684,36.419,269.21,659.4922,-1,1,3,61.9,,False,270.999
25246,3.018,34.235,253.19,641.4033,-1,1,3,58.8,,False,234.999
25248,0.669,26.58,196.49,634.7855,-1,1,5,96.7,,False,161.999
25251,3.739,32.594,240.56,707.186,-1,2,3,89.6,,False,80.999
25254,2.913,29.129,222.14,253.2176,-1,1,3,77.2,,False,241.999
25255,0.497,23.295,178.99,217.0306,-1,1,4,78.1,,False,133.999
25257,0.432,25.189,186.87,538.7742,-1,1,3,84.8,,False,106.999
25259,0.857,24.473,199.63,102.9553,-1,1,4,90.4,,False,147.999
25275,3.245,25.894,193.28,433.0105,-1,1,3,70.9,,False,177.999
25288,4.622,34.182,253.36,577.7287,-1,2,4,44.9,,False,116.999
25292,1.951,35.866,264.56,735.3514,-1,1,3,94.4,,False,110.999
25294,1.363,33.238,245.11,737.1218,-1,2,3,84.1,,False,212.999
25295,3.227,21.187,160.57,282.9924,-1,1,3,85.2,,False,323.999
25303,3.788,32.093,238.45,520.5284,-1,1,5,61.6,,False,99.999
25305,1.817,27.078,201.99,443.2503,-1,1,4,81.7,,False,112.999
25307,2.306,37.199,273.77,841.2972,-1,1,4,81.1,,False,118.999
25313,0.427,36.943,284.37,215.0331,-1,1,4,85.5,,False,136.999
25314,1.711,26.814,200.49,411.2742,-1,1,4,99.6,,False,173.999
25315,0.537,23.483,176.9,328.8999,-1,1,5,81.1,,False,113.999
25316,0.369,17.867,136.03,253.0391,-1,1,3,73.7,,False,210.999
25329,3.475,31.568,234.08,564.3659,-1,1,3,67.0,,False,190.999
25335,0.677,25.787,211.78,96.9225,-1,1,4,64.8,,False,50.999
25338,1.253,25.701,191.59,451.177,-1,1,3,54.7,,False,163.999
25345,1.599,32.393,239.49,645.2945,-1,1,3,65.9,,False,261.999
25355,1.033,30.179,223.7,571.099,-1,1,3,58.0,,False,309.999
25369,1.18,30.894,228.81,593.1382,-1,1,4,87.0,,False,177.999
25370,0.61,22.27,166.75,386.8609,-1,1,3,79.0,,False,221.999
25372,1.941,34.76,256.24,759.1911,-1,1,3,59.4,,False,285.999
25373,0.378,24.69,185.38,361.2202,-1,1,3,99.4,,False,175.999
25376,2.038,38.319,303.77,141.013,-1,1,5,95.3,,False,63.999
25379,4.245,33.07,245.85,511.4359,-1,1,3,69.9,,False,149.999
25380,2.004,30.914,229.7,517.3142,-1,1,3,87.3,,False,231.999
25386,3.627,37.259,275.08,704.5154,-1,1,4,45.6,,False,264.999
25387,0.601,27.102,210.86,179.0532,-1,1,3,96.7,,False,252.999
25389,2.755,26.848,207.58,197.0701,-1,1,4,95.1,,False,151.999
25390,1.426,28.299,211.25,435.2765,-1,1,4,81.2,,False,215.999
25393,4.415,37.24,274.66,744.7244,-1,1,5,55.6,,False,10.888999999999982
25398,3.105,36.023,265.89,710.4325,-1,1,3,87.1,,False,333.999
25400,3.745,26.094,196.04,356.3232,-1,1,4,63.1,,False,72.999
25404,4.489,21.927,165.82,298.0463,-1,1,3,90.4,,False,151.999
25421,2.521,23.489,177.74,295.3709,-1,1,4,68.9,,False,156.999
25430,1.265,13.664,106.46,168.8339,-1,1,3,81.2,,False,122.999
25444,1.216,35.027,258.45,721.1492,-1,1,3,51.1,,False,189.999
25445,0.78,25.229,187.86,468.945,-1,1,6,74.7,,False,80.11122222222222
25446,3.864,47.057,345.13,1091.8547,-1,2,3,77.1,,False,99.999
25451,2.71,34.212,252.65,688.3516,-1,1,3,81.4,,False,165.999
25465,2.543,20.593,156.0,284.9733,-1,1,4,67.6,,False,134.999
25468,1.487,28.466,212.64,426.2934,-1,1,3,90.0,,False,49.999
25470,1.424,33.344,246.35,671.1875,-1,1,3,67.1,,False,133.999
25471,0.6,26.388,195.27,604.8653,-1,1,3,82.6,,False,179.999
25479,3.469,27.027,199.23,730.9609,-1,1,5,59.6,,False,138.999
25486,2.273,19.63,150.95,212.1347,-1,1,3,83.5,,False,162.999
25487,3.02,33.88,251.05,584.4011,-1,1,3,40.9,,False,233.999
25490,3.298,24.828,188.63,271.2058,-1,1,3,87.9,,False,166.999
25493,3.769,35.486,262.16,675.4166,-1,1,3,43.6,,False,93.999
25496,2.59,33.964,248.87,1138.9247,-1,1,3,57.6,,False,154.999
25498,2.541,42.275,310.56,969.4632,-1,1,3,63.8,,False,155.999
25500,3.551,37.629,277.74,712.5206,-1,1,3,43.8,,False,338.999
25501,4.352,37.193,274.27,748.0619,-1,1,4,71.4,,False,51.000111111111124
25512,3.56,31.636,235.09,518.0699,-1,2,3,43.6,,False,267.999
25513,2.533,42.929,323.97,326.1877,-1,1,5,71.7,,False,51.111222222222224
25514,1.273,5.494,43.71,118.968,-1,1,3,83.0,,False,158.999
25521,1.458,34.567,254.83,756.2254,-1,1,4,70.8,,False,90.999
25522,0.466,24.142,179.62,480.8117,-1,1,5,60.9,,False,121.999
25529,3.134,29.876,222.5,474.3623,-1,1,3,43.0,,False,166.999
25534,2.306,24.833,184.08,556.9601,-1,1,3,74.5,,False,269.999
25542,0.864,25.913,194.12,386.942,-1,1,5,51.2,,False,40.66677777777778
25564,4.067,41.071,302.05,889.5856,-1,1,4,44.0,,False,16.516175508178776
25567,3.923,38.938,287.02,765.5783,-1,1,3,77.4,,False,69.44455555555555
25573,2.821,24.956,187.92,334.2463,-1,1,4,87.6,,False,83.999
25576,0.385,28.652,220.4,215.0317,-1,1,4,59.3,,False,133.999
25578,1.981,19.628,157.42,120.9965,-1,1,3,94.7,,False,147.999
25579,0.717,21.537,160.9,412.8175,-1,1,5,87.1,,False,159.999
25581,0.576,23.644,175.67,504.7739,-1,1,4,65.6,,False,115.999
25583,0.361,24.666,185.08,367.1258,-1,1,3,58.1,,False,180.999
25587,3.205,32.678,242.02,596.3555,-1,1,3,54.1,,False,127.999
25596,1.437,19.672,148.28,318.9786,-1,1,3,73.9,,False,304.999
25597,1.574,10.211,80.5,141.0167,-1,1,4,83.4,,False,295.999
25608,3.997,35.402,262.39,582.4199,-1,2,3,83.5,,False,179.999
25615,3.002,32.137,239.25,483.2618,-1,1,3,80.1,,False,112.999
25618,1.84,40.938,324.57,141.0144,-1,1,4,81.9,,False,79.999
25629,1.549,23.87,180.18,313.1668,-1,1,3,43.4,,False,136.999
25634,2.021,31.12,230.49,591.2275,-1,1,3,84.6,,False,96.999
25643,1.07,31.347,232.25,585.1051,-1,1,3,51.0,,False,179.999
25647,3.127,30.04,223.87,463.5403,-1,1,4,71.5,,False,158.999
25651,3.873,37.556,276.86,764.1023,-1,1,3,97.4,,False,186.999
25652,3.315,32.639,241.79,590.3473,-1,1,3,53.9,,False,150.999
25653,2.667,43.695,320.9,991.5906,-1,1,4,52.8,,False,64.999
25668,4.024,33.962,251.56,595.1726,-1,1,3,54.4,,False,269.999
25674,1.873,18.68,142.43,246.9236,-1,1,3,63.7,,False,115.999
25675,3.743,35.48,262.37,644.4969,-1,1,3,46.6,,False,135.999
25683,3.122,43.608,320.47,946.6785,-1,2,4,47.6,,False,64.999
25684,3.249,27.923,208.66,419.1781,-1,1,3,95.0,,False,205.999
25692,4.252,40.636,298.87,888.9477,-1,2,3,52.2,,False,90.999
25696,3.314,30.339,226.07,465.8036,-1,1,3,47.0,,False,145.999
25704,0.8,27.632,205.59,487.2254,-1,1,3,99.0,,False,40.66677777777778
25706,1.031,24.96,205.46,94.9227,-1,1,4,74.1,,False,30.222333333333324
25712,1.999,27.12,202.65,419.2851,-1,1,3,86.1,,False,243.999
25714,2.989,27.282,204.87,362.3133,-1,1,3,53.3,,False,228.999
25721,3.195,32.333,240.1,533.535,-1,3,4,90.2,,False,150.999
25725,2.938,28.227,211.42,391.487,-1,1,4,81.9,,False,124.999
25727,1.705,15.611,124.97,122.0691,-1,1,4,86.0,,False,154.999
25728,0.923,28.119,229.47,102.9547,-1,1,4,49.1,,False,224.999
25742,3.304,32.547,241.17,583.3567,-1,1,3,45.0,,False,215.999
25743,3.477,31.337,232.58,542.3907,-1,1,4,46.3,,False,182.999
25746,1.691,26.956,201.68,403.2481,-1,1,3,56.5,,False,94.999
25747,0.753,22.0,167.09,270.9412,-1,1,3,62.6,,False,159.999
25762,0.66,26.554,196.81,564.8747,-1,1,3,78.0,,False,197.999
25769,2.079,31.159,231.16,551.3041,-1,2,3,90.8,,False,147.999
25771,2.386,38.597,284.36,794.4009,-1,1,3,67.0,,False,120.999
25775,3.703,28.027,209.12,441.3376,-1,1,3,80.5,,False,259.999
25781,3.393,31.844,236.69,513.5601,-1,1,4,85.4,,False,114.999
25784,0.199,56.269,446.06,142.0181,-1,1,6,97.2,,False,3.9305964169649883
25790,4.399,42.768,314.26,954.6278,-1,4,3,69.8,,False,95.999
25792,1.496,22.12,167.12,305.0686,-1,1,3,81.4,,False,87.999
25795,1.359,27.84,206.08,598.9565,-1,1,4,43.2,,False,125.999
25805,0.601,22.733,169.22,468.7817,-1,1,5,98.3,,False,71.66677777777778
25810,1.524,32.101,237.6,613.3877,-1,1,4,78.4,,False,106.999
25811,0.383,32.96,244.04,605.2392,-1,1,3,87.0,,False,165.999
25816,0.74,26.977,199.78,586.8615,-1,1,4,99.5,,False,88.999
25818,1.535,20.612,154.96,342.7935,-1,1,3,79.3,,False,51.999
25819,1.625,25.194,187.15,512.9604,-1,1,4,92.9,,False,127.33344444444441
25821,3.241,27.254,208.99,227.2006,-1,1,3,99.4,,False,145.999
25824,3.51,30.234,225.16,475.41,-1,1,3,55.2,,False,138.999
25828,3.455,31.313,233.0,491.6345,-1,3,3,60.6,,False,188.999
25829,1.802,28.95,215.38,491.2501,-1,1,3,69.6,,False,217.999
25830,2.449,32.302,239.83,537.2471,-1,1,3,67.6,,False,214.999
25836,2.802,34.828,257.29,678.4005,-1,1,4,40.8,,False,113.999
25839,2.564,39.379,297.14,326.1854,-1,1,3,49.8,,False,145.999
25859,2.942,29.065,216.51,469.129,-1,1,4,75.3,,False,162.999
25861,2.654,34.014,251.48,650.36,-1,1,3,36.7,,False,115.999
25866,2.947,19.2,148.28,197.0734,-1,1,3,73.2,,False,298.999
25869,2.371,20.881,155.34,473.9874,-1,1,3,94.7,,False,54.999
25872,0.553,41.05,315.87,217.0293,-1,1,3,93.7,,False,100.999
25880,0.89,25.041,186.03,510.8506,-1,1,4,55.9,,False,107.999
25887,3.56,37.291,274.98,752.1404,-1,1,5,84.5,,False,42.44455555555555
25891,1.26,25.14,187.4,451.175,-1,1,3,87.4,,False,185.999
25905,2.126,28.687,213.94,450.2889,-1,1,3,47.9,,False,172.999
25906,4.036,32.244,239.6,519.5534,-1,1,3,80.5,,False,198.999
25907,1.669,34.0,251.53,629.3964,-1,1,3,48.2,,False,204.999
25913,3.658,46.668,342.41,1074.8315,-1,2,3,49.5,,False,209.999
25915,4.349,37.683,277.95,739.5811,-1,1,3,54.3,,False,128.999
25916,0.371,20.302,155.21,236.0088,-1,1,3,93.9,,False,117.999
25918,3.993,37.573,276.99,764.186,-1,2,3,47.0,,False,191.999
25926,1.663,27.466,205.41,409.2571,-1,1,3,40.3,,False,212.999
25932,0.337,25.079,186.99,448.0551,-1,1,3,83.9,,False,68.999
25942,2.689,30.592,227.85,474.329,-1,1,3,93.4,,False,177.999
25957,2.197,36.574,268.28,1060.9503,-1,1,3,91.5,,False,239.999
25965,2.061,20.969,160.11,242.1781,-1,1,4,88.1,,False,97.999
25978,1.832,27.093,202.53,413.292,-1,1,3,43.9,,False,167.22233333333332
25980,4.39,41.881,307.87,924.5715,-1,1,3,48.3,,False,96.999
25983,4.428,37.951,279.72,774.0128,-1,1,3,42.8,,False,266.999
25990,3.259,32.084,238.47,512.1442,-1,1,3,51.6,,False,115.999
25993,1.222,33.728,250.73,513.2893,-1,1,3,71.0,,False,211.999
26002,2.137,41.599,305.68,947.4908,-1,2,3,73.8,,False,121.999
26004,2.953,44.39,325.86,1027.6415,-1,1,4,43.5,,False,111.999
26005,0.632,12.465,94.6,260.0303,-1,1,3,58.4,,False,313.999
26015,0.822,17.502,153.53,59.0127,-1,1,4,78.5,,False,172.999
26016,0.861,22.574,170.2,320.8846,-1,1,3,96.5,,False,243.999
26021,4.124,32.226,237.66,735.0573,-1,1,3,71.6,,False,126.999
26022,4.587,37.68,278.27,692.6238,-1,2,3,72.9,,False,161.55566666666667
26023,1.447,34.758,256.12,776.3168,-1,1,4,65.7,,False,229.999
26028,1.101,23.668,178.39,325.142,-1,1,4,57.7,,False,110.999
26029,3.041,44.696,328.25,996.6968,-1,2,3,89.9,,False,328.999
26033,0.376,18.289,154.3,77.0379,-1,1,3,80.5,,False,132.999
26037,1.141,22.487,170.45,282.8912,-1,1,3,61.9,,False,161.999
26042,0.642,54.568,420.09,217.0273,-1,1,3,43.5,,False,149.999
26044,1.72,24.722,184.07,468.924,-1,1,3,52.1,,False,208.999
26053,0.816,20.365,178.75,59.0131,-1,1,3,74.0,,False,92.999
26055,0.801,30.348,223.56,772.836,-1,1,5,72.3,,False,112.999
26058,4.142,45.887,336.85,1026.8318,-1,1,4,83.2,,False,90.999
26069,3.711,37.714,278.34,716.5486,-1,2,3,97.4,,False,196.999
26071,2.455,33.506,247.67,656.3056,-1,1,3,63.1,,False,94.999
26072,3.742,35.403,261.73,654.4841,-1,1,4,68.8,,False,145.999
26082,4.165,36.98,273.07,695.5802,-1,1,4,87.3,,False,139.999
26084,3.493,35.96,265.38,714.4362,-1,2,3,91.1,,False,212.999
26085,0.567,16.2,127.64,147.0634,-1,1,6,94.9,,False,34.44455555555557
26092,2.223,26.878,201.3,391.2137,-1,1,3,70.2,,False,306.999
26093,2.755,43.744,321.41,960.6645,-1,2,3,77.7,,False,298.999
26095,0.748,11.084,90.68,96.9207,-1,1,5,57.3,,False,92.999
26109,1.576,9.059,72.45,118.9671,-1,1,4,80.4,,False,39.11122222222224
26111,0.866,49.671,408.49,96.9214,-1,1,5,77.1,,False,65.999
26112,3.852,34.451,255.17,595.8263,-1,1,3,54.8,,False,206.999
26122,3.263,36.003,265.68,720.4251,-1,1,3,43.1,,False,238.999
26133,0.558,25.363,188.0,558.8617,-1,1,4,87.1,,False,136.999
26134,1.347,23.76,179.74,297.2088,-1,1,3,73.5,,False,255.999
26138,1.321,7.688,67.07,59.0121,-1,1,5,82.7,,False,119.999
26142,1.079,30.698,227.75,551.1627,-1,1,3,62.6,,False,218.999
26144,4.256,37.213,274.44,748.3518,-1,1,3,59.1,,False,243.999
26146,0.702,29.77,220.82,553.1597,-1,1,3,94.4,,False,216.999
26157,0.399,25.091,186.84,468.9457,-1,1,3,97.3,,False,202.999
26159,4.384,37.391,275.73,750.8031,-1,2,3,47.4,,False,152.999
26164,4.25,36.612,270.13,724.9977,-1,1,3,40.4,,False,191.999
26175,0.205,28.051,207.41,632.8715,-1,1,4,88.1,,False,99.999
26177,3.817,33.58,249.03,565.8313,-1,1,3,80.9,,False,254.999
26183,3.483,36.668,270.97,670.591,-1,1,3,49.4,,False,207.999
26186,2.546,22.28,169.91,249.1468,-1,1,3,72.4,,False,228.999
26188,4.541,39.881,293.67,818.0792,-1,2,3,48.5,,False,81.999
26191,1.664,34.183,252.38,695.2781,-1,1,3,89.2,,False,159.999
26194,1.072,36.004,270.42,367.2794,-1,1,3,98.4,,False,148.999
26199,0.464,31.224,243.0,179.0549,-1,1,3,98.5,,False,163.999
26201,0.376,24.411,182.86,385.1319,-1,1,3,82.3,,False,101.999
26205,0.964,23.483,188.02,124.0046,-1,1,4,98.8,,False,156.999
26208,1.705,34.567,255.6,647.3839,-1,1,3,96.7,,False,199.999
26217,1.336,28.767,213.34,555.0794,-1,1,3,71.9,,False,148.999
26220,2.193,20.977,156.28,450.9811,-1,1,3,84.1,,False,102.999
26224,4.271,36.069,266.68,653.5362,-1,1,4,80.4,,False,175.999
26228,0.729,25.02,185.78,520.8089,-1,1,3,69.2,,False,114.999
26230,2.928,36.552,269.25,797.3097,-1,1,3,36.4,,False,273.999
26242,1.727,19.932,152.44,234.0319,-1,1,3,70.1,,False,106.999
26248,1.742,6.189,49.3,118.9674,-1,1,4,97.7,,False,61.999
26250,0.563,26.102,193.48,560.8274,-1,1,3,84.1,,False,124.999
26252,3.317,30.73,228.16,533.3158,-1,1,3,72.2,,False,134.999
26255,2.876,29.237,217.67,478.8774,-1,1,3,86.3,,False,160.999
26257,3.437,31.794,236.23,519.6181,-1,1,4,73.0,,False,212.999
26262,3.785,36.77,280.45,255.2329,-1,1,4,87.9,,False,62.999
26263,1.091,29.659,220.04,549.109,-1,1,3,93.9,,False,130.999
26265,1.921,21.284,158.34,474.9771,-1,1,5,96.7,,False,53.33344444444445
26283,3.877,41.853,308.04,853.6662,-1,1,4,74.8,,False,113.999
26289,0.444,3.359,25.45,199.0039,-1,1,3,62.9,,False,232.999
26292,2.856,27.452,205.97,371.2829,-1,1,3,50.8,,False,164.999
26297,0.273,25.26,186.77,622.5497,-1,1,3,98.7,,False,138.999
26299,1.873,16.051,122.51,238.8899,-1,1,4,76.2,,False,116.999
26304,0.368,19.165,147.04,220.0588,-1,1,3,81.1,,False,65.999
26308,1.805,25.806,193.68,366.2633,-1,1,3,97.3,,False,152.999
26313,2.059,32.27,238.95,599.2806,-1,1,3,42.0,,False,221.999
26316,2.212,27.953,206.49,661.9192,-1,1,3,82.5,,False,151.999
26323,3.499,35.262,261.26,591.3987,-1,1,3,59.1,,False,154.999
26329,3.997,32.063,237.61,578.3906,-1,1,3,79.1,,False,172.999
26332,1.55,25.135,187.44,444.9632,-1,1,3,85.6,,False,121.999
26333,1.396,4.814,35.66,369.1701,-1,1,3,57.2,,False,140.999
26336,4.118,45.99,337.64,1024.836,-1,1,4,77.7,,False,113.999
26341,3.454,31.379,233.17,518.0286,-1,1,3,55.5,,False,84.999
26352,1.669,30.784,228.52,537.3401,-1,2,4,74.3,,False,198.999
26357,4.362,37.928,279.55,774.3492,-1,2,3,68.5,,False,138.999
26361,3.694,39.066,288.14,746.5792,-1,1,3,84.6,,False,107.11122222222224
26369,4.568,46.23,339.24,1062.7996,-1,1,4,48.5,,False,67.999
26374,1.27,44.309,332.94,367.159,-1,1,3,37.7,,False,203.999
26377,1.383,23.199,173.05,436.9141,-1,1,4,95.1,,False,9.777888888888896
26379,1.433,58.39,438.8,370.1781,-1,1,3,68.4,,False,81.999
26384,1.16,16.616,129.96,162.0542,-1,1,3,84.6,,False,155.999
26389,0.689,25.13,187.06,474.9417,-1,1,3,83.6,,False,154.999
26393,1.16,21.079,161.92,217.0012,-1,1,3,63.7,,False,145.999
26395,2.513,32.167,239.21,502.3554,-1,1,3,65.0,,False,109.999
26397,2.473,28.368,210.64,527.9261,-1,1,3,71.3,,False,160.999
26408,3.691,29.275,214.84,980.9425,-1,1,4,42.1,,False,17.555666666666667
26416,0.38,22.854,172.44,315.1422,-1,1,3,61.2,,False,60.44455555555558
26418,4.541,45.102,331.22,998.7713,-1,1,3,80.6,,False,145.999
26429,3.507,39.93,294.04,818.8596,-1,1,5,73.2,,False,93.999
26436,2.391,38.6,282.85,1162.9588,-1,1,3,89.5,,False,177.999
26441,2.418,25.399,192.08,301.286,-1,1,3,97.2,,False,194.999
26456,1.783,30.899,229.05,571.335,-1,1,3,82.8,,False,61.999
26458,3.057,31.171,231.97,489.5,-1,1,3,80.1,,False,157.999
26461,1.292,12.742,95.31,370.1758,-1,1,3,42.9,,False,67.999
26465,3.92,37.374,275.58,752.81,-1,1,4,49.6,,False,215.999
26466,1.65,7.698,60.58,141.0162,-1,1,3,99.8,,False,105.999
26485,0.467,24.468,181.25,572.6899,-1,1,4,68.2,,False,84.999
26495,1.01,20.642,156.84,267.032,-1,1,3,96.5,,False,100.999
26504,1.07,40.575,298.03,973.259,-1,1,3,75.2,,False,139.999
26508,1.582,26.968,202.06,386.2338,-1,1,3,85.6,,False,174.999
26509,2.382,21.381,163.03,249.1141,-1,1,4,89.5,,False,53.999
26520,0.768,33.49,257.6,217.0304,-1,1,3,81.0,,False,157.999
26526,2.298,19.702,149.87,259.9817,-1,1,3,74.4,,False,95.999
26528,0.537,24.779,186.2,353.2317,-1,1,3,76.9,,False,226.999
26532,2.239,22.332,165.66,532.972,-1,1,3,97.1,,False,74.11122222222224
26533,0.771,29.529,217.75,730.8255,-1,1,4,59.4,,False,120.999
26535,1.148,34.891,264.61,286.982,-1,1,3,47.3,,False,217.999
26538,3.355,26.928,199.3,601.0075,-1,1,3,98.4,,False,83.999
26545,4.16,34.636,256.55,595.78,-1,2,4,49.3,,False,107.999
26547,0.994,35.716,287.87,116.9739,-1,1,3,86.1,,False,206.999
26548,4.457,42.412,311.72,930.5975,-1,1,3,46.4,,False,158.999
26550,0.713,20.743,160.67,189.039,-1,1,4,63.1,,False,120.999
26554,4.019,29.552,220.3,457.3979,-1,1,3,56.7,,False,203.999
26557,2.149,29.446,224.3,259.1902,-1,1,3,79.8,,False,176.999
26558,2.474,21.31,160.48,329.0488,-1,1,4,78.6,,False,128.7291634179167
26561,2.745,41.895,307.99,920.5691,-1,2,4,98.4,,False,78.77788888888887
26564,4.62,34.296,253.31,681.3678,-1,1,3,47.5,,False,157.999
26570,2.724,29.795,221.39,516.244,-1,1,3,76.1,,False,109.999
26578,0.707,27.672,204.23,692.7455,-1,1,4,81.3,,False,85.999
26581,1.269,28.974,214.77,568.2193,-1,1,3,95.5,,False,140.999
26586,0.372,22.603,175.31,186.0899,-1,1,3,67.1,,False,179.999
26603,0.423,19.294,148.23,215.0788,-1,2,3,53.0,,False,118.999
26607,4.121,40.39,297.31,842.8078,-1,2,4,52.5,,False,136.999
26616,1.84,39.571,295.34,449.2565,-1,1,3,65.3,,False,228.999
26617,1.716,5.723,46.76,92.9253,-1,1,3,75.1,,False,0.6667777777777815
26620,3.724,37.664,277.64,767.0818,-1,2,3,53.4,,False,94.999
26633,2.062,32.294,239.02,614.3747,-1,1,3,64.7,,False,141.999
26639,3.751,44.731,328.67,955.7889,-1,1,3,54.0,,False,141.999
26640,1.567,27.154,202.85,423.2727,-1,1,3,86.4,,False,317.999
26644,1.202,16.722,125.28,369.1756,-1,1,3,81.2,,False,189.999
26649,1.301,35.866,264.73,711.3406,-1,1,4,91.6,,False,105.999
26658,3.372,39.876,293.64,818.1601,-1,2,4,54.4,,False,143.999
26659,3.453,32.621,242.19,535.7965,-1,1,3,68.0,,False,142.999
26662,1.287,17.467,133.61,230.8729,-1,1,3,91.5,,False,190.999
26665,3.979,25.262,190.27,332.3837,-1,1,3,59.1,,False,138.999
26679,2.959,34.627,258.32,452.2806,-1,1,3,96.8,,False,157.999
26690,3.61,31.379,232.91,540.3718,-1,1,3,79.0,,False,187.999
26698,1.292,22.032,168.83,227.1272,-1,1,4,98.4,,False,120.999
26700,3.572,35.678,263.61,669.472,-1,1,3,38.9,,False,188.999
26702,3.754,31.824,236.44,520.6019,-1,1,4,74.8,,False,114.999
26703,0.352,29.359,217.99,529.1764,-1,1,3,87.3,,False,153.999
26715,3.035,37.049,273.16,758.4231,-1,2,3,58.7,,False,157.999
26716,0.815,30.254,222.97,754.865,-1,1,5,98.6,,False,22.333444444444453
26717,0.916,26.116,195.4,401.2025,-1,1,3,58.8,,False,158.999
26718,1.364,33.82,248.96,821.0972,-1,1,3,60.8,,False,95.999
26721,1.834,30.853,230.15,449.2548,-1,1,3,53.4,,False,179.999
26728,0.579,29.164,215.24,696.8509,-1,1,5,80.9,,False,87.999
26734,0.672,19.099,144.93,272.9588,-1,1,3,89.3,,False,200.999
26735,1.015,25.888,192.17,528.8743,-1,1,3,84.7,,False,226.999
26736,1.501,33.847,250.15,661.3981,-1,1,3,58.7,,False,116.999
26740,0.783,31.335,240.26,229.0524,-1,1,3,65.8,,False,134.999
26741,3.624,37.571,277.06,751.2541,-1,2,3,36.8,,False,144.999
26744,3.518,30.05,223.94,463.4574,-1,1,3,66.0,,False,148.999
26745,3.846,29.781,222.15,447.8434,-1,1,3,77.1,,False,111.999
26761,4.623,46.136,338.56,1060.778,-1,1,4,81.7,,False,129.999
26765,3.678,31.845,236.59,519.5774,-1,4,3,70.0,,False,162.999
26791,1.203,23.671,177.24,388.9402,-1,1,4,78.5,,False,108.999
26796,1.557,29.248,218.12,451.1761,-1,1,3,86.1,,False,146.999
26798,1.261,29.181,217.1,491.1705,-1,1,3,91.5,,False,224.999
26799,1.457,32.564,240.55,674.2281,-1,1,3,99.4,,False,154.999
26803,2.39,26.017,195.15,372.2652,-1,1,3,79.2,,False,155.999
26804,3.682,37.276,274.89,749.7982,-1,1,3,47.1,,False,72.999
26805,1.109,28.031,207.26,632.8726,-1,1,4,46.7,,False,85.999
26811,0.543,22.863,170.54,436.8631,-1,1,3,54.0,,False,126.999
26827,2.971,34.752,256.79,669.444,-1,1,3,79.7,,False,101.44455555555558
26829,1.378,37.458,281.29,370.181,-1,1,4,46.7,,False,108.999
26833,3.72,27.403,203.31,543.1777,-1,1,3,77.2,,False,217.999
26840,1.102,24.51,182.4,476.9103,-1,1,3,74.1,,False,81.999
26847,0.68,57.919,476.45,96.9216,-1,1,4,81.4,,False,93.999
26853,4.638,41.319,303.95,881.6147,-1,1,3,46.2,,False,24.000111111111096
26854,0.129,30.125,222.23,714.8755,-1,1,6,76.4,,False,29.154771633257653
26860,4.216,40.709,299.64,846.0206,-1,1,3,96.9,,False,124.999
26868,3.214,22.368,170.25,259.1672,-1,1,3,46.1,,False,130.999
26870,4.316,33.75,250.03,591.6566,-1,1,3,55.3,,False,195.999
26883,1.219,35.706,263.09,779.1097,-1,1,3,93.6,,False,109.999
26904,3.854,46.447,340.85,1060.7779,-1,2,4,74.7,,False,167.999
26905,1.05,18.538,146.65,141.0126,-1,1,3,99.5,,False,106.999
26907,0.511,32.992,272.42,92.93,-1,1,4,62.5,,False,68.999
26908,1.472,41.455,304.16,1059.5685,-1,2,3,59.5,,False,144.999
26909,2.966,35.12,259.68,649.3995,-1,1,3,51.0,,False,150.999
26911,4.365,36.749,271.14,727.1773,-1,2,4,64.4,,False,35.33344444444447
26919,3.414,47.556,348.79,1112.8419,-1,1,3,86.2,,False,141.999
26922,1.053,23.623,177.27,364.8975,-1,1,3,77.0,,False,156.999
26929,4.315,41.579,305.61,926.5922,-1,1,3,66.1,,False,103.999
26937,1.799,35.729,263.94,680.3438,-1,1,3,99.1,,False,145.999
26943,3.637,24.837,188.38,281.241,-1,1,3,53.7,,False,121.999
26945,4.366,34.64,256.21,638.4833,-1,1,3,37.9,,False,114.999
26947,0.631,25.2,186.96,538.7758,-1,1,4,51.4,,False,77.999
26952,0.593,25.63,189.6,610.7368,-1,1,4,70.7,,False,126.999
26953,3.206,32.064,238.33,512.8268,-1,1,3,60.0,,False,167.999
26955,3.847,37.228,274.57,744.6555,-1,1,3,54.8,,False,66.999
26958,2.457,27.013,204.32,301.2886,-1,1,3,96.6,,False,65.999
26968,3.81,40.287,296.57,834.621,-1,2,3,67.9,,False,74.999
26982,3.686,34.263,253.44,633.4757,-1,2,3,38.7,,False,157.66677777777778
26985,3.487,36.66,270.74,690.4977,-1,1,3,52.2,,False,112.999
27010,0.983,23.231,172.49,516.786,-1,1,3,94.0,,False,150.999
27012,3.601,40.659,299.28,844.9325,-1,1,3,70.6,,False,86.999
27013,4.218,39.142,288.13,837.2688,-1,1,3,48.5,,False,107.999
27021,2.558,25.155,186.71,528.9681,-1,1,3,93.2,,False,109.999
27023,1.883,24.546,183.27,426.8562,-1,1,3,93.7,,False,149.999
27033,1.577,31.023,229.75,593.2242,-1,2,3,40.0,,False,200.999
27035,4.477,38.011,280.15,776.1369,-1,1,4,63.6,,False,98.22233333333332
27045,0.616,24.579,182.84,484.8346,-1,1,3,71.5,,False,141.999
27046,0.818,23.386,180.41,203.0547,-1,1,4,58.9,,False,89.999
27050,2.851,45.011,330.4,1035.668,-1,1,3,43.2,,False,154.999
27053,1.675,33.103,244.87,632.2702,-1,2,3,93.1,,False,52.999
27059,2.678,42.43,311.83,940.5725,-1,1,3,59.5,,False,203.999
27071,0.245,21.291,169.92,128.0335,-1,1,3,90.2,,False,302.999
27072,2.947,32.517,241.83,503.3373,-1,1,3,47.7,,False,137.999
27077,1.715,32.948,265.52,116.9714,-1,1,3,91.6,,False,233.55566666666667
27081,4.504,42.143,309.74,934.5868,-1,1,4,75.9,,False,104.999
27090,2.772,44.789,328.58,1072.6752,-1,1,3,98.6,,False,168.999
27094,4.296,30.948,229.97,517.299,-1,1,3,70.7,,False,157.999
27095,2.28,21.418,163.81,235.1674,-1,1,3,57.9,,False,83.999
27099,0.657,22.786,169.97,436.8636,-1,1,5,81.5,,False,16.111222222222224
27102,1.081,19.265,144.42,368.1574,-1,1,3,94.3,,False,104.999
27110,2.871,34.405,254.84,596.3638,-1,1,3,76.8,,False,105.999
27113,1.837,30.938,229.67,537.3473,-1,1,4,78.2,,False,120.999
27121,4.182,37.988,279.96,777.089,-1,2,5,55.0,,False,21.026649100779792
27124,2.924,46.366,339.97,1132.6883,-1,1,4,74.2,,False,93.999
27134,2.834,36.566,269.98,699.4703,-1,1,3,70.4,,False,112.999
27138,3.732,33.015,244.8,568.2681,-1,1,3,67.7,,False,99.999
27139,0.406,33.199,244.3,836.9553,-1,1,3,50.6,,False,63.999
27157,2.316,17.814,134.07,328.7607,-1,1,4,66.1,,False,170.999
27162,1.687,30.786,228.31,558.3208,-1,1,3,40.8,,False,119.999
27163,1.443,34.332,253.6,678.3881,-1,1,3,98.7,,False,103.999
27167,0.62,27.152,200.68,642.742,-1,1,4,64.5,,False,57.999
27169,3.446,32.71,242.85,538.1115,-1,1,3,55.5,,False,142.999
27179,1.463,27.181,215.3,141.0168,-1,1,3,99.1,,False,164.999
27184,1.596,29.454,218.57,543.2608,-1,1,3,67.1,,False,155.999
27190,1.972,31.084,230.62,551.3355,-1,1,3,42.6,,False,187.999
27204,3.454,28.621,214.52,383.3328,-1,1,3,42.0,,False,137.999
27206,3.786,32.079,238.33,521.9152,-1,1,4,56.8,,False,103.999
27208,4.1,37.695,277.85,769.8942,-1,2,3,46.3,,False,152.999
27211,0.291,29.937,220.23,840.5203,-1,1,3,92.7,,False,127.999
27212,0.58,27.304,201.9,626.8474,-1,1,4,73.2,,False,3.2714481532274817
27215,0.709,25.904,192.13,546.8476,-1,1,4,85.8,,False,79.999
27218,3.252,37.404,276.19,699.5617,-1,1,3,43.6,,False,97.999
27221,3.356,31.136,232.16,455.3193,-1,1,3,57.6,,False,146.999
27227,3.821,33.991,251.81,593.1119,-1,1,4,61.8,,False,95.999
27228,3.022,12.89,102.43,130.9285,-1,1,3,59.9,,False,132.999
27236,0.553,25.951,191.96,614.7633,-1,1,4,90.5,,False,42.888999999999996
27237,4.67,24.592,184.42,373.0439,-1,1,3,87.3,,False,191.999
27241,4.484,33.747,250.17,575.0852,-1,1,3,38.1,,False,86.999
27243,3.749,31.908,237.08,520.1117,-1,1,4,54.6,,False,93.999
27245,2.746,34.232,252.99,662.3692,-1,1,3,65.0,,False,152.999
27253,1.505,22.356,167.39,386.9207,-1,1,3,85.1,,False,148.999
27256,3.852,34.705,257.72,536.376,-1,1,3,67.7,,False,150.999
27257,0.397,23.888,180.64,300.1799,-1,1,3,49.9,,False,130.999
27259,0.441,24.94,185.53,484.8912,-1,1,3,73.5,,False,159.999
27260,1.577,26.352,195.04,598.8519,-1,1,3,91.4,,False,124.999
27264,3.711,35.81,264.28,715.3733,-1,1,3,42.6,,False,164.999
27272,1.283,26.572,218.76,94.923,-1,1,3,77.1,,False,98.999
27291,4.122,37.434,275.95,766.8816,-1,1,4,54.1,,False,83.999
27301,0.652,33.413,254.51,261.0288,-1,1,3,61.9,,False,73.999
27311,2.024,25.154,189.22,343.1619,-1,1,3,90.0,,False,54.999
27319,1.403,10.757,84.85,141.0178,-1,1,4,81.3,,False,102.999
27325,3.094,30.254,225.41,467.5718,-1,1,3,42.9,,False,94.999
27327,4.027,32.936,243.96,593.3883,-1,2,4,71.3,,False,260.3343541618478
27339,0.65,22.455,168.48,364.8943,-1,1,4,85.1,,False,116.999
27344,0.549,32.704,248.77,267.9958,-1,1,3,83.3,,False,120.999
27353,2.008,20.593,159.39,191.1422,-1,1,3,82.3,,False,134.999
27354,2.93,42.469,312.16,931.5952,-1,2,4,73.9,,False,161.999
27358,1.681,16.464,129.26,154.059,-1,1,5,89.2,,False,92.999
27363,0.709,22.203,167.7,306.8519,-1,1,3,87.7,,False,98.999
27365,2.797,41.836,306.99,1049.3069,-1,1,3,85.8,,False,55.999
27377,2.438,32.505,240.52,621.8706,-1,1,3,56.0,,False,156.999
27384,1.059,33.886,249.68,777.0704,-1,1,3,80.1,,False,83.999
27390,0.252,31.987,272.34,72.9906,-1,1,4,88.8,,False,7.444555555555567
27393,4.498,33.616,249.19,575.9416,-1,1,3,54.7,,False,106.999
27397,1.55,22.372,168.39,335.168,-1,1,3,63.3,,False,71.999
27402,0.621,29.34,216.69,672.8865,-1,1,4,96.8,,False,80.999
27407,1.441,40.575,321.66,141.016,-1,1,3,74.1,,False,128.999
27418,1.098,34.538,254.93,707.1006,-1,1,3,73.1,,False,141.999
27419,4.286,23.713,178.08,358.0173,-1,1,3,61.9,,False,191.999
27420,1.793,21.967,166.49,283.0854,-1,1,3,90.4,,False,95.999
27422,3.269,43.202,317.22,999.4626,-1,1,3,84.5,,False,95.999
27423,0.62,26.331,194.87,602.7488,-1,1,4,87.7,,False,98.999
27424,1.061,24.672,184.2,427.1325,-1,1,3,50.7,,False,92.999
27432,0.669,25.4,188.47,534.9027,-1,1,4,73.4,,False,77.999
27445,2.006,25.265,190.08,342.1852,-1,1,3,42.2,,False,120.999
27446,0.284,23.929,177.6,526.6764,-1,1,3,97.7,,False,89.999
27448,0.768,14.821,121.46,96.9197,-1,1,4,63.7,,False,99.999
27455,3.38,30.496,227.24,464.9519,-1,1,3,61.8,,False,73.999
27459,1.22,34.189,252.14,739.0941,-1,1,3,74.8,,False,194.999
27460,1.747,17.725,134.75,260.8751,-1,1,4,96.5,,False,109.999
27466,3.537,39.245,288.86,843.4908,-1,1,3,77.6,,False,86.999
27469,2.766,44.696,327.91,1077.6184,-1,1,3,83.1,,False,135.999
27471,0.83,23.517,175.53,428.9326,-1,1,5,99.4,,False,0.44455555555556714
27487,3.858,32.349,240.35,521.6233,-1,1,3,43.5,,False,148.999
27495,2.775,25.165,193.94,207.1371,-1,1,4,87.3,,False,132.999
27497,0.637,31.356,230.97,778.9156,-1,1,3,50.4,,False,93.999
27505,2.962,42.809,314.6,945.6161,-1,1,4,68.4,,False,59.999
27511,1.093,35.961,264.99,779.1388,-1,1,3,78.2,,False,166.999
27520,0.672,27.507,228.18,89.0225,-1,1,3,72.7,,False,208.999
27524,3.405,18.977,140.66,537.4121,-1,1,3,65.7,,False,52.999
27528,1.305,30.832,230.33,427.1309,-1,1,3,70.2,,False,177.999
27531,1.287,23.524,175.4,444.8786,-1,1,4,85.7,,False,88.999
27536,2.898,42.463,312.16,923.6066,-1,2,3,93.7,,False,138.44455555555555
27546,4.343,37.963,279.77,775.0817,-1,2,4,54.5,,False,3.444555555555553
27565,1.284,34.458,254.37,703.2241,-1,1,3,49.5,,False,184.999
27566,4.412,42.814,314.54,959.6497,-1,1,3,41.7,,False,80.999
27569,0.378,49.721,382.72,217.0305,-1,1,3,87.0,,False,111.999
27570,0.25,16.572,128.9,175.0224,-1,1,3,35.3,,False,75.999
27573,0.707,27.086,200.22,638.8036,-1,1,4,96.8,,False,24.66677777777778
27578,3.605,27.972,209.36,400.349,-1,1,3,98.9,,False,97.999
27580,2.304,26.594,221.85,84.9541,-1,1,3,85.4,,False,168.999
27590,0.481,11.064,85.1,201.021,-1,1,3,66.5,,False,90.999
27617,3.646,31.435,234.5,447.6184,-1,1,3,85.5,,False,159.999
27623,0.502,23.911,177.37,538.6914,-1,1,3,62.0,,False,81.999
27640,2.744,34.335,253.8,657.3131,-1,1,3,66.6,,False,139.999
27646,1.397,16.645,124.68,370.1816,-1,1,3,77.1,,False,125.999
27647,3.38,35.046,259.55,602.515,-1,1,3,48.5,,False,124.999
27660,0.609,25.529,196.98,203.0588,-1,1,3,43.4,,False,94.999
27663,4.261,37.889,279.24,773.2212,-1,2,3,39.2,,False,111.55566666666665
27664,0.578,24.999,188.11,340.8488,-1,1,3,56.3,,False,74.999
27679,1.347,25.011,187.93,354.2373,-1,1,3,92.0,,False,97.999
27683,0.887,23.101,171.81,484.8106,-1,1,3,98.4,,False,95.999
27687,0.715,25.08,188.16,369.1758,-1,1,3,70.0,,False,109.999
27697,1.901,31.736,235.42,554.3195,-1,1,3,48.7,,False,80.999
27702,0.669,26.654,196.83,668.6988,-1,1,4,83.3,,False,59.999
27704,3.851,39.481,290.84,799.6696,-1,1,4,78.8,,False,1.7778888888888957
27706,0.559,26.995,199.92,584.8753,-1,1,3,55.7,,False,136.999
27713,3.878,47.012,344.84,1091.8508,-1,1,3,44.9,,False,122.999
27714,0.723,20.465,157.19,216.9176,-1,1,3,82.2,,False,93.999
27716,0.222,23.705,189.4,126.9983,-1,1,4,55.6,,False,8.777888888888867
27717,4.616,33.946,251.59,578.7943,-1,1,3,52.3,,False,115.999
27719,2.789,34.309,253.6,656.3254,-1,1,3,87.8,,False,85.999
27721,4.34,37.925,279.54,771.7009,-1,1,4,58.5,,False,86.999
27735,2.946,41.301,303.59,925.4375,-1,1,3,50.8,,False,145.999
27737,3.409,29.731,221.72,451.4764,-1,1,3,52.7,,False,111.999
27738,2.677,41.594,305.87,896.5747,-1,1,3,44.8,,False,243.999
27753,1.504,22.106,194.09,59.0129,-1,1,3,88.9,,False,107.999
27763,1.263,35.435,266.04,371.1741,-1,1,3,53.8,,False,83.999
27766,3.736,31.664,235.29,518.2463,-1,1,3,44.0,,False,134.999
27769,0.634,48.936,381.21,179.0543,-1,1,3,45.8,,False,118.999
27777,0.593,27.785,230.5,89.0218,-1,1,3,82.8,,False,170.999
27778,3.436,37.401,276.2,695.512,-1,1,3,97.8,,False,163.999
27779,3.536,39.843,293.42,817.1244,-1,1,3,70.8,,False,61.66677777777775
27781,2.789,30.371,229.71,303.2321,-1,1,3,67.2,,False,106.999
27791,0.569,26.311,194.73,600.8131,-1,1,3,75.7,,False,79.999
27806,3.934,32.1,238.52,519.6887,-1,1,3,43.4,,False,142.999
27808,2.841,41.629,306.23,881.5916,-1,1,3,47.2,,False,187.999
27809,2.996,32.297,941.13,535.5905,-4,2,3,52.2,,False,153.999
27812,2.278,19.626,151.0,210.0687,-1,1,4,80.7,,False,89.999
27838,3.25,42.45,312.08,918.6472,-1,2,3,34.2,,False,185.999
27843,2.864,42.548,317.52,452.2755,-1,1,3,53.8,,False,137.999
27847,3.261,26.511,198.65,384.259,-1,1,3,83.2,,False,49.999
27849,0.885,27.698,206.27,471.1588,-1,1,3,54.7,,False,148.999
27853,3.55,40.556,298.52,843.94,-1,2,4,89.4,,False,106.999
27857,2.973,37.286,275.01,743.45,-1,1,3,69.3,,False,160.999
27858,2.663,23.443,173.31,620.9573,-1,1,3,89.6,,False,89.999
27863,0.637,5.666,45.07,119.9457,-1,1,3,70.2,,False,89.999
27864,3.619,44.351,325.53,1037.4656,-1,1,3,97.0,,False,160.999
27874,0.486,41.504,319.35,217.0302,-1,1,3,75.7,,False,94.999
27883,4.356,38.286,282.08,792.1719,-1,2,3,56.7,,False,97.999
27889,1.815,23.76,178.71,343.0525,-1,1,3,43.5,,False,97.999
27901,1.449,31.622,233.64,664.2624,-1,1,3,69.9,,False,117.999
27911,3.13,34.583,256.15,598.4729,-1,1,3,80.7,,False,155.999
27919,4.046,33.876,250.97,589.6551,-1,1,3,36.7,,False,119.999
27925,0.532,10.454,85.5,96.9215,-1,1,4,82.5,,False,76.999
27931,2.508,18.428,143.13,180.073,-1,1,3,76.0,,False,80.999
27932,3.707,38.049,280.44,774.7314,-1,2,3,59.8,,False,89.999
27940,4.182,34.001,251.91,590.5814,-1,1,3,69.1,,False,109.999
27942,2.714,22.997,168.44,1080.9381,-1,1,4,91.2,,False,64.88900000000001
27944,0.453,26.544,196.13,646.799,-1,1,4,65.5,,False,54.77788888888888
27950,0.696,27.762,205.2,642.8298,-1,1,3,57.1,,False,99.999
27951,0.526,20.29,155.92,215.0346,-1,1,3,93.3,,False,124.999
27952,2.576,31.052,230.67,521.2659,-1,1,3,64.0,,False,117.22233333333331
27957,1.058,30.703,227.31,601.072,-1,1,3,53.7,,False,103.999
27968,4.354,37.128,273.82,743.2469,-1,2,3,42.9,,False,155.999
27976,1.03,29.644,220.11,531.1531,-1,1,3,71.8,,False,60.999
27980,2.981,27.352,204.29,426.2667,-1,1,3,68.9,,False,109.22233333333334
27996,1.85,24.891,186.96,357.2053,-1,1,3,62.0,,False,120.999
27999,0.387,53.767,444.31,92.9295,-1,1,4,80.8,,False,13.888999999999996
28000,4.387,37.278,274.82,763.7276,-1,1,3,63.2,,False,114.999
28004,2.167,31.328,233.64,453.3213,-1,1,3,88.4,,False,114.999
28007,0.655,25.839,190.97,638.782,-1,1,3,44.6,,False,74.999
28019,2.604,23.275,172.16,604.9697,-1,1,3,74.2,,False,115.999
28031,1.784,26.521,218.88,92.9268,-1,1,4,88.7,,False,83.999
28036,3.664,30.469,227.0,468.2292,-1,1,3,60.5,,False,76.999
28039,3.576,24.244,183.25,303.6499,-1,1,3,61.1,,False,107.999
28040,3.26,16.422,122.13,463.342,-1,1,3,97.6,,False,121.999
28050,4.264,40.316,296.76,842.3566,-1,2,3,81.3,,False,76.999
28058,3.387,36.642,270.69,681.5304,-1,1,3,38.4,,False,79.999
28065,1.059,36.61,269.66,801.1361,-1,1,3,48.8,,False,133.999
28067,4.224,33.375,247.36,578.0665,-1,1,3,47.9,,False,73.999
28073,3.987,33.756,249.52,655.6593,-1,1,3,66.1,,False,182.999
28092,3.061,45.262,332.27,1027.6853,-1,1,3,49.7,,False,110.999
28099,4.034,37.663,278.05,707.5374,-1,1,4,65.8,,False,88.999
28110,4.205,37.365,275.55,745.7784,-1,1,3,44.9,,False,116.999
28114,2.296,28.511,210.84,629.0092,-1,1,3,76.1,,False,131.11122222222224
28121,0.303,58.806,464.87,146.9842,-1,1,3,75.4,,False,133.999
28131,1.175,13.651,106.09,174.8261,-1,1,3,48.8,,False,111.999
28132,2.32,23.614,178.64,297.166,-1,1,3,82.7,,False,120.999
28145,3.978,31.34,233.16,494.7171,-1,1,3,85.4,,False,88.999
28156,3.45,30.2,224.99,467.7244,-1,1,3,72.5,,False,109.999
28161,0.474,22.639,170.87,313.1614,-1,1,3,93.8,,False,40.777888888888896
28187,0.964,30.635,225.64,780.8252,-1,1,5,43.1,,False,13.88900000000001
28189,0.635,23.151,172.18,484.8114,-1,1,3,36.8,,False,117.999
28192,1.98,21.766,161.91,478.9757,-1,1,3,47.8,,False,126.999
28196,1.756,31.334,232.45,552.3392,-1,2,3,92.7,,False,146.999
28198,3.311,39.748,292.7,817.7975,-1,1,3,51.3,,False,65.66677777777778
28199,3.105,31.784,236.26,510.6861,-1,1,3,51.2,,False,122.999
28207,0.806,29.845,219.86,772.7509,-1,1,3,82.9,,False,92.999
28208,3.929,37.724,278.11,760.8281,-1,1,3,86.9,,False,34.55566666666667
28211,0.371,23.974,184.48,212.0861,-1,1,3,45.0,,False,172.999
28213,3.352,37.531,277.14,698.5675,-1,1,3,33.8,,False,98.999
28229,3.334,27.764,208.52,361.3117,-1,1,3,87.9,,False,60.999
28237,0.293,26.536,196.32,610.797,-1,1,4,59.9,,False,31.111222222222224
28238,0.624,31.861,234.59,802.873,-1,1,4,97.0,,False,94.999
28243,2.094,24.152,179.41,510.1441,-1,1,3,57.0,,False,157.999
28247,0.438,28.096,208.24,566.9824,-1,1,3,69.2,,False,86.999
28252,1.223,23.3,174.22,404.8897,-1,1,3,97.0,,False,140.999
28267,0.467,52.322,402.94,215.0363,-1,1,3,96.5,,False,118.999
28268,4.061,34.023,252.05,590.6822,-1,1,3,43.7,,False,108.999
28274,0.377,19.283,148.15,215.0303,-1,1,3,96.8,,False,58.999
28276,0.74,26.405,196.13,516.9499,-1,1,3,36.3,,False,103.999
28277,3.819,36.733,270.89,744.4251,-1,1,3,43.2,,False,6.444555555555581
28284,1.157,19.471,148.03,262.9287,-1,1,3,67.4,,False,140.999
28285,3.523,30.731,228.95,469.619,-1,1,3,55.5,,False,120.999
28288,2.932,30.175,224.87,464.5078,-1,1,3,60.8,,False,115.999
28294,4.105,33.644,249.24,590.1062,-1,1,3,60.0,,False,90.999
28295,0.958,33.401,246.76,673.3333,-1,1,3,76.8,,False,114.999
28298,3.903,29.631,218.02,830.9539,-1,1,3,66.5,,False,68.999
28304,1.416,28.069,224.87,123.9975,-1,1,3,43.7,,False,91.999
28319,0.369,26.198,194.18,562.8161,-1,1,3,86.7,,False,121.999
28323,3.749,31.222,232.29,493.9378,-1,1,3,78.1,,False,72.999
28342,3.717,31.799,236.28,518.0963,-1,1,3,73.4,,False,130.999
28349,0.951,20.002,160.69,118.9726,-1,1,3,77.1,,False,112.999
28360,4.143,46.42,340.69,1050.8554,-1,1,3,78.8,,False,98.999
28367,1.261,15.338,134.47,59.0124,-1,1,4,80.7,,False,70.999
28374,1.054,36.023,294.15,102.954,-1,1,3,50.0,,False,149.999
28382,2.556,14.018,115.39,93.0329,-1,1,4,69.2,,False,40.000111111111096
28390,0.598,25.866,192.16,510.9369,-1,1,3,86.8,,False,115.999
28391,3.18,33.126,245.67,563.5617,-1,1,3,92.0,,False,120.999
28394,3.902,33.664,249.41,589.8642,-1,1,3,43.6,,False,111.999
28425,0.641,27.434,213.45,179.0539,-1,1,3,52.5,,False,114.999
28436,1.047,25.198,186.91,542.7917,-1,1,4,62.6,,False,30.9735686410788
28440,2.726,33.15,245.32,620.3548,-1,1,3,62.9,,False,76.999
28442,0.253,16.208,126.47,167.1003,-1,1,3,92.6,,False,84.999
28444,0.616,26.267,194.65,568.8386,-1,1,3,57.4,,False,115.999
28451,2.915,38.553,284.3,749.5678,-1,1,3,52.2,,False,110.999
28461,1.641,26.292,212.47,113.0228,-1,1,3,77.5,,False,143.999
28462,3.95,37.763,278.43,758.6968,-1,1,3,38.3,,False,98.999
28475,4.479,36.686,270.71,722.0659,-1,1,3,36.5,,False,63.999
28509,4.075,37.212,274.46,743.1159,-1,1,3,39.8,,False,28.111222222222224
28515,3.809,25.981,191.45,744.9572,-1,1,3,64.9,,False,126.999
28523,0.559,24.364,180.64,550.7884,-1,1,3,50.4,,False,4.888999999999982
28526,3.799,38.522,284.2,731.5546,-1,1,3,82.4,,False,23.44455555555558
28543,2.985,24.023,177.88,580.9659,-1,1,3,75.1,,False,72.999
28554,0.644,26.279,196.87,386.9396,-1,1,4,46.5,,False,36.33344444444444
28556,2.63,25.417,189.22,472.7791,-1,1,3,82.9,,False,79.999
28559,0.626,28.884,213.11,706.802,-1,1,3,41.4,,False,129.999
28586,1.292,31.952,236.05,670.2667,-1,1,3,59.2,,False,88.999
28590,4.268,41.611,305.87,925.5761,-1,1,3,96.8,,False,99.999
28594,0.702,22.461,168.56,362.8968,-1,1,3,86.0,,False,66.999
28595,1.083,31.647,233.95,647.0609,-1,1,3,90.5,,False,108.999
28613,0.424,48.505,373.51,215.0366,-1,1,3,56.5,,False,134.999
28618,3.636,26.417,198.11,375.2945,-1,1,3,59.9,,False,104.999
28625,2.428,36.581,278.19,271.2257,-1,1,3,66.7,,False,96.999
28629,0.536,20.684,155.72,330.8957,-1,1,3,54.6,,False,8.222333333333324
28636,0.483,27.583,203.7,668.7799,-1,1,3,88.0,,False,89.999
28638,3.333,32.086,238.47,513.7056,-1,1,3,66.5,,False,84.999
28643,0.67,22.614,169.08,404.8865,-1,1,3,43.9,,False,81.999
28650,1.27,23.74,179.06,319.183,-1,1,3,59.5,,False,66.999
28653,3.853,42.573,312.95,922.5913,-1,1,3,39.1,,False,26.00011111111111
28664,1.063,35.879,264.17,817.0888,-1,1,3,90.3,,False,88.999
28669,0.276,32.082,235.31,1042.2382,-1,1,3,97.9,,False,103.999
28678,1.728,33.639,248.6,663.333,-1,1,3,53.1,,False,81.999
28683,1.708,36.28,267.53,749.3832,-1,1,3,61.7,,False,132.999
28688,2.065,13.177,100.25,249.3411,-1,1,4,61.8,,False,52.999
28697,1.509,18.724,140.18,380.976,-1,1,3,74.2,,False,24.22233333333331
28702,4.394,42.824,314.69,942.6537,-1,1,3,49.6,,False,70.999
28707,1.341,31.876,235.81,625.3696,-1,1,3,47.1,,False,78.999
28715,3.169,33.774,249.6,660.3563,-1,1,3,83.7,,False,91.999
28717,3.52,34.137,252.29,660.4091,-1,1,3,93.3,,False,92.999
28733,0.428,58.578,457.65,171.9976,-1,1,3,65.4,,False,55.111222222222224
28740,1.141,54.938,435.78,141.0137,-1,1,3,68.2,,False,72.999
28744,3.539,24.092,182.26,297.2873,-1,1,3,79.9,,False,9.777888888888896
28752,2.951,28.165,210.94,391.9398,-1,1,3,85.7,,False,50.999
28763,0.844,29.802,239.53,119.9446,-1,1,3,43.0,,False,62.999
28768,4.17,38.417,283.06,789.7906,-1,1,3,52.3,,False,68.999
28781,3.231,44.361,325.58,1043.4859,-1,1,3,89.1,,False,80.999
28782,0.436,29.737,220.74,537.1934,-1,1,3,87.3,,False,63.999
28785,0.903,55.874,449.91,118.9676,-1,1,3,98.5,,False,89.999
28787,2.289,13.148,100.03,249.1636,-1,1,3,61.7,,False,83.999
28797,0.25,58.195,450.89,194.9295,-1,1,3,98.9,,False,56.999
28811,4.23,36.786,271.33,739.8525,-1,2,3,59.6,,False,69.999
28815,4.062,38.074,280.58,777.7057,-1,1,3,38.7,,False,93.999
28845,0.732,29.927,220.67,732.8352,-1,1,4,92.7,,False,32.777888888888896
28856,1.581,36.737,291.2,141.0156,-1,1,3,42.3,,False,87.999
28870,0.864,17.819,136.78,217.0274,-1,1,3,40.6,,False,95.999
28883,0.25,22.098,168.26,257.1263,-1,1,3,87.6,,False,61.999
28896,1.688,16.143,123.22,238.8883,-1,1,3,83.6,,False,82.999
28897,3.413,37.242,274.67,744.7563,-1,1,3,48.5,,False,71.999
28929,4.129,45.081,331.05,1002.7844,-1,1,3,94.8,,False,66.999
28937,2.55,24.858,187.12,337.1487,-1,1,3,85.2,,False,66.999
28949,0.856,27.833,205.43,690.7548,-1,1,3,51.4,,False,103.999
28958,3.707,35.982,265.52,717.3747,-1,1,3,67.9,,False,29.111222222222224
28981,2.878,19.233,148.45,199.0703,-1,1,3,76.1,,False,80.999
28986,4.351,42.027,308.89,930.6141,-1,1,3,43.0,,False,57.999
28988,2.581,34.068,251.69,671.3856,-1,1,3,49.1,,False,50.999
29008,3.729,38.079,280.63,776.955,-1,1,3,58.4,,False,18.333444444444453
29009,0.969,49.917,410.55,96.9184,-1,1,3,89.3,,False,64.999
29027,1.433,44.008,354.27,118.9663,-1,1,3,45.9,,False,71.999
29029,0.468,13.738,113.65,89.0221,-1,1,3,86.2,,False,16.444555555555567
29042,3.827,46.106,338.38,1051.8255,-1,1,3,80.9,,False,73.999
29046,2.117,28.087,209.3,460.187,-1,1,3,96.9,,False,50.999
29048,1.718,41.044,325.41,141.015,-1,1,3,57.0,,False,61.999
29067,2.132,29.425,237.04,116.9723,-1,1,3,66.0,,False,45.66677777777778
29079,4.029,39.783,292.97,818.8783,-1,1,3,42.2,,False,32.000111111111124
29081,0.767,27.328,202.68,550.9548,-1,1,3,49.4,,False,28.111222222222224
29090,1.833,23.691,175.9,519.1458,-1,1,3,60.4,,False,42.77788888888889
29091,1.909,13.117,99.79,249.256,-1,1,3,90.7,,False,57.999
29113,0.232,25.288,187.32,574.81,-1,1,3,92.7,,False,10.111222222222224
29119,2.93,44.815,328.86,1051.41,-1,1,3,77.1,,False,70.999
29131,3.381,41.317,303.9,882.6107,-1,1,3,77.8,,False,22.77788888888888
29137,1.067,13.668,111.84,97.9292,-1,1,3,64.4,,False,3.22233333333331
29139,1.433,42.118,347.94,92.929,-1,1,3,86.6,,False,5.777888888888896
29155,0.805,27.322,201.69,682.7837,-1,1,3,64.6,,False,7.555666666666653
29193,0.572,9.674,79.84,89.0224,-1,1,3,54.2,,False,52.999
29207,3.965,37.786,278.47,776.0931,-1,1,3,67.3,,False,6.000111111111124
29208,1.619,29.364,218.24,511.1869,-1,1,3,50.6,,False,8.222333333333324
29267,0.491,25.522,189.38,534.8415,-1,1,3,46.1,,False,10.777888888888889
