ID,RT,DT,CCS,m/z,Z,Ions,Freq.,Q Score,Sat.,Mark, 247 B3 7211.d.DeMP
1,3.23,21.095,161.62,227.2004,-1,5,21,100.0,x,False,320478.793170138
2,3.718,23.177,175.81,279.2322,-1,4,19,100.0,x,False,334055.4857992858
3,2.762,28.515,212.31,476.2792,-1,6,14,100.0,x,False,418792.55566666665
4,4.045,23.256,176.35,281.247,-1,5,16,100.0,x,False,141705.8785913196
5,2.814,29.218,217.26,500.2803,-1,4,16,100.0,x,False,414991.66184747464
6,3.786,33.197,246.45,539.4331,-1,4,17,100.0,x,False,365258.06370289583
7,4.374,23.368,177.14,283.2637,-1,5,20,100.0,x,False,4104.511361160374
8,2.872,28.224,210.45,452.2791,-1,6,15,100.0,x,False,101909.999
9,3.36,29.205,217.41,480.311,-1,6,18,100.0,x,False,417429.21474204666
10,2.952,29.366,218.6,480.309,-1,5,16,100.0,x,False,360761.5535105834
11,2.771,22.868,169.88,505.9739,-1,5,22,100.0,x,False,390866.5584620457
13,0.403,17.668,136.86,187.0056,-1,5,16,100.0,x,False,401874.22233333334
14,3.44,22.056,168.06,253.2156,-1,4,16,100.0,x,False,223268.86809782428
15,2.269,22.692,168.62,498.9308,-1,4,21,100.0,x,False,395202.8553439367
16,3.519,28.985,215.97,464.3157,-1,5,16,100.0,x,False,405191.05044223665
17,4.593,34.263,253.79,595.4959,-1,6,18,100.0,x,False,376818.89676055015
21,2.234,22.398,166.43,498.9311,-1,5,16,100.0,x,False,340354.7753782548
24,1.071,26.23,196.85,367.1582,-1,7,16,100.0,x,False,367784.5403309379
26,4.165,39.869,293.34,861.5564,-1,6,18,100.0,x,False,312643.21609301976
27,2.514,22.643,171.97,271.2261,-1,5,13,100.0,x,False,406726.4445555555
28,3.273,27.998,208.97,436.284,-1,5,17,100.0,x,False,407062.83993294596
30,1.722,18.393,142.91,179.0692,-1,4,13,100.0,x,False,419800.999
31,4.081,38.989,287.01,833.5248,-1,6,14,100.0,x,False,363859.999
32,3.814,24.203,182.9,305.248,-1,4,23,100.0,x,False,389357.7449543133
33,3.593,32.262,240.44,465.3047,-1,6,11,100.0,x,False,417363.999
34,3.423,25.186,189.81,327.2318,-1,5,13,100.0,x,False,327703.999
35,2.966,32.677,242.42,554.3485,-1,4,15,100.0,x,False,353829.999
37,3.499,32.61,242.11,537.4173,-1,4,14,100.0,x,False,338241.739051145
39,4.25,40.496,297.85,885.5554,-1,7,15,100.0,x,False,125577.15042493548
40,3.378,30.379,225.82,508.3425,-1,5,14,100.0,x,False,325939.999
41,2.396,22.065,163.74,524.9887,-1,4,24,100.0,x,False,114583.11293607525
44,2.154,21.85,166.11,265.1463,-1,6,16,100.0,x,False,58691.58335069619
45,4.118,40.327,296.6,883.5404,-1,5,16,100.0,x,False,374706.5680538513
46,2.962,28.953,215.55,478.294,-1,4,13,100.0,x,False,119998.999
47,4.09,39.632,291.62,857.5256,-1,7,12,100.0,x,False,375086.999
49,2.327,32.351,239.39,619.2918,-1,6,15,100.0,x,False,352257.999
50,3.525,24.133,182.41,303.2333,-1,5,14,100.0,x,False,417373.24680029997
51,4.309,34.131,252.84,593.4808,-1,5,12,100.0,x,False,305708.55566666665
52,2.586,23.22,171.99,569.9689,-1,4,24,100.0,x,False,197182.3805285109
54,0.635,21.078,160.4,259.0267,-1,5,15,100.0,x,False,216897.999
55,1.796,20.196,151.02,398.9362,-1,3,14,100.0,x,False,143219.999
56,3.213,28.726,214.06,462.2994,-1,4,19,100.0,x,False,383073.9848793322
58,2.486,27.892,207.9,457.2363,-1,5,12,100.0,x,False,395199.999
59,3.414,33.714,249.85,582.3797,-1,5,13,100.0,x,False,331658.999
60,3.65,25.212,189.97,329.2476,-1,5,15,100.0,x,False,1619.7778888888888
61,2.519,20.089,155.08,199.1684,-1,4,14,100.0,x,False,264356.1112222222
63,1.213,26.169,196.36,369.1737,-1,6,13,100.0,x,False,135569.999
64,3.432,23.45,174.13,514.9818,-1,5,15,100.0,x,False,345512.999
65,2.774,32.911,243.91,578.3487,-1,4,14,100.0,x,False,304682.999
66,2.995,33.264,246.52,580.3653,-1,4,15,100.0,x,False,308359.999
70,3.052,28.778,214.23,478.2952,-1,3,7,100.0,x,False,418907.889
71,3.972,33.824,250.56,591.4662,-1,8,14,100.0,x,False,239564.28516973855
73,2.478,24.103,181.8,319.2273,-1,3,13,100.0,x,False,360681.999
75,2.801,29.767,221.31,504.3111,-1,5,14,100.0,x,False,278732.999
76,3.025,24.841,187.2,327.29,-1,5,15,100.0,x,False,279721.55566666665
77,3.769,22.648,172.13,267.2313,-1,4,16,100.0,x,False,272280.27556509804
79,2.756,32.509,240.74,599.3222,-1,6,12,100.0,x,False,271063.999
80,4.56,24.327,183.73,309.2789,-1,4,21,100.0,x,False,175764.86401807342
81,3.424,24.105,182.25,301.2169,-1,4,15,100.0,x,False,287143.4734631158
82,1.281,27.7,207.36,397.2055,-1,5,14,100.0,x,False,214042.999
83,1.497,26.877,200.43,448.3067,-1,5,13,100.0,x,False,295734.999
84,1.741,18.646,139.75,368.9756,-1,3,12,100.0,x,False,91161.999
85,4.197,39.155,288.23,835.5402,-1,5,15,100.0,x,False,131451.999
86,3.664,28.344,249.04,59.0124,-1,3,16,100.0,x,False,255250.40238274095
87,4.23,40.266,296.11,885.5579,-1,7,8,100.0,x,False,414750.77329545456
89,2.904,29.921,222.22,526.2946,-1,4,13,100.0,x,False,244960.999
90,2.453,27.135,202.56,433.2369,-1,5,19,100.0,x,False,282292.91035241605
91,3.584,24.13,179.06,531.0103,-1,5,14,100.0,x,False,229826.999
93,3.189,22.318,170.2,249.148,-1,5,17,100.0,x,False,36076.219964573684
94,3.202,23.015,174.63,277.2175,-1,4,12,100.0,x,False,413855.69492973824
96,3.529,31.423,234.46,445.3335,-1,5,14,93.7,x,False,58002.613416035034
97,2.309,31.711,234.85,595.2909,-1,5,12,100.0,x,False,235803.999
99,4.176,24.291,183.51,307.263,-1,4,17,100.0,x,False,193952.9649476846
100,3.495,32.004,237.89,511.4018,-1,5,15,100.0,x,False,169882.22233333334
101,1.66,23.259,175.56,313.1181,-1,4,10,100.0,x,False,87931.999
102,3.172,21.212,161.7,250.1437,-1,4,21,100.0,x,False,137970.47728512896
104,2.896,23.77,179.77,299.2579,-1,4,10,100.0,x,False,229578.999
105,1.865,23.056,172.97,366.8995,-1,10,13,100.0,x,False,66960.999
107,1.337,26.105,195.88,369.1743,-1,6,12,100.0,x,False,387990.2429903591
108,2.394,24.725,183.54,524.9876,-1,3,19,100.0,x,False,78993.60125214496
109,4.187,22.851,173.62,269.246,-1,4,15,100.0,x,False,178995.89296417698
110,2.546,25.98,192.5,569.9692,-1,4,18,100.0,x,False,150441.18419169352
111,4.034,28.605,213.68,425.3638,-1,4,17,100.0,x,False,41942.651970251834
115,1.626,23.282,175.73,313.1179,-1,5,10,100.0,x,False,204125.999
116,3.612,30.703,228.77,467.3742,-1,4,12,100.0,x,False,149374.999
117,3.176,30.009,223.09,506.327,-1,3,16,100.0,x,False,29037.000111111112
120,2.514,32.045,237.31,597.3063,-1,5,13,100.0,x,False,165604.999
122,2.761,20.838,159.72,225.1847,-1,4,20,100.0,x,False,76542.39799503962
123,2.865,29.748,220.94,524.284,-1,4,6,97.4,x,False,258906.55566666665
124,3.81,33.784,250.45,573.4541,-1,4,11,100.0,x,False,61802.999
126,2.304,24.093,178.78,531.0107,-1,5,23,100.0,x,False,116439.75140985729
127,2.94,30.008,222.87,526.2947,-1,4,12,100.0,x,False,226803.66677777778
130,4.331,31.315,232.95,495.4069,-1,5,18,100.0,x,False,28280.994663276702
131,4.236,36.521,269.48,722.5178,-1,4,7,100.0,x,False,204986.999
132,2.386,28.904,216.84,374.2444,-1,5,18,100.0,x,False,78844.85838309361
133,3.073,30.259,224.96,506.326,-1,3,5,100.0,x,False,274146.999
134,4.041,36.543,269.7,714.512,-1,5,12,100.0,x,False,175714.999
136,3.861,30.338,225.51,509.332,-1,2,14,100.0,x,False,76242.999
137,3.343,23.25,175.78,301.1646,-1,6,20,100.0,x,False,176023.0638079429
138,3.529,28.516,210.81,639.0833,-1,5,12,100.0,x,False,161538.999
139,2.677,29.828,221.71,509.2896,-1,5,12,100.0,x,False,193041.999
141,2.904,29.271,217.64,502.2944,-1,4,10,100.0,x,False,166725.999
142,2.356,27.529,205.57,429.3016,-1,4,15,100.0,x,False,116021.999
143,2.35,23.526,177.97,297.2423,-1,4,11,100.0,x,False,217214.999
144,3.745,29.942,223.36,447.3476,-1,4,12,100.0,x,False,77951.0001111111
145,3.405,30.709,228.86,463.3434,-1,3,12,100.0,x,False,128639.999
146,4.28,36.809,271.5,738.5132,-1,8,15,100.0,x,False,5353.335139662493
148,2.016,19.729,147.28,418.9726,-1,3,14,100.0,x,False,58365.8016559924
149,3.047,23.806,180.04,299.258,-1,4,16,100.0,,False,139128.82231110125
150,3.707,19.717,151.19,223.027,-1,5,11,100.0,x,False,323535.9351870332
159,2.758,23.64,178.78,299.2584,-1,4,22,100.0,,False,101391.28764020641
160,2.39,26.501,196.21,589.0178,-1,6,8,100.0,x,False,118318.05565775506
161,3.717,31.406,234.31,447.3487,-1,5,11,94.7,x,False,42545.66677777778
162,1.552,26.132,196.08,369.1736,-1,4,13,100.0,x,False,83201.999
163,2.671,23.597,178.51,297.2431,-1,4,8,100.0,x,False,177577.999
164,1.205,17.998,135.8,308.8384,-1,7,13,100.0,x,False,6854.999
165,3.639,33.842,250.8,581.4575,-1,4,17,100.0,x,False,86494.75650727334
166,1.568,27.531,206.13,395.1894,-1,4,13,100.0,x,False,62565.999
167,4.206,33.721,249.76,593.4825,-1,5,12,100.0,x,False,59006.17770873294
168,3.286,29.991,223.47,465.3599,-1,3,18,98.3,x,False,46992.80857055918
170,3.818,33.832,250.63,591.4652,-1,6,10,100.0,,False,48427.44455555556
172,0.484,20.558,156.86,245.0469,-1,5,12,100.0,x,False,59337.999
173,2.892,29.373,218.4,502.2946,-1,4,15,100.0,,False,17383.385437620604
174,0.402,15.068,122.18,107.0482,-1,3,14,100.0,x,False,204328.999
175,0.923,17.141,131.43,220.9387,-1,7,13,100.0,x,False,16447.999
176,3.032,30.107,224.35,465.3589,-1,3,11,95.1,x,False,16303.333444444444
177,4.215,33.359,247.28,573.4556,-1,4,9,100.0,x,False,94641.55566666667
178,3.063,30.147,223.88,528.31,-1,4,11,100.0,x,False,77394.999
179,4.247,19.731,151.3,223.0263,-1,4,9,100.0,x,False,284178.22233333334
180,1.6,29.041,216.17,481.2811,-1,4,13,100.0,x,False,135800.999
182,2.616,27.557,205.53,447.2521,-1,3,15,100.0,x,False,20957.889
183,3.024,20.855,159.56,233.153,-1,4,16,100.0,x,False,131773.44455555556
186,0.382,16.771,129.79,188.9839,-1,4,13,100.0,x,False,22199.999
187,3.948,38.444,283.14,807.5108,-1,5,15,100.0,x,False,74428.55566666667
189,2.785,33.497,248.04,602.3493,-1,4,15,100.0,,False,116702.999
190,2.95,25.455,187.94,669.9637,-1,3,10,100.0,,False,46738.999
191,0.635,18.378,142.79,179.0696,-1,3,15,100.0,,False,57816.999
192,1.839,28.587,213.2,449.255,-1,4,14,100.0,x,False,129155.999
193,2.717,28.142,209.82,452.2802,-1,5,7,100.0,x,False,410290.0001111111
196,3.866,30.067,223.66,495.3155,-1,3,14,100.0,x,False,78583.889
197,3.462,33.123,245.37,591.3915,-1,5,10,100.0,,False,153229.999
201,3.211,32.341,240.11,537.4179,-1,4,7,100.0,x,False,162866.999
203,2.21,23.442,174.07,514.9817,-1,4,24,100.0,,False,61295.60667023161
204,2.046,21.426,159.66,448.9334,-1,5,15,100.0,,False,44699.999
205,0.379,16.638,129.53,172.9897,-1,4,16,100.0,,False,49398.33344444444
206,3.57,31.487,233.97,517.3912,-1,2,13,96.6,,False,25470.999
207,4.436,33.124,245.54,573.455,-1,4,11,100.0,x,False,40707.29035353348
208,3.914,32.039,238.66,473.3643,-1,4,14,97.4,,False,57982.916064664285
209,2.246,22.79,169.29,505.9539,-1,1,17,96.5,,False,1966.97158863605
210,4.187,41.013,301.53,909.5571,-1,4,13,100.0,x,False,42236.999
214,2.92,32.542,242.31,480.3109,-1,4,8,100.0,,False,116752.999
216,4.354,40.116,295.15,863.5709,-1,5,15,100.0,x,False,37794.00011111111
217,3.06,21.946,167.28,251.201,-1,4,21,100.0,,False,62084.719061919306
218,1.895,27.091,202.89,391.2849,-1,4,12,100.0,x,False,39437.999
219,3.44,31.991,237.8,511.4013,-1,5,15,100.0,,False,80676.32013837624
220,4.036,40.162,295.4,881.5252,-1,2,13,100.0,,False,49084.999
222,0.552,19.214,147.7,213.0203,-1,4,13,100.0,x,False,20570.999
223,2.303,23.393,177.01,295.2271,-1,4,14,100.0,x,False,46988.33344444445
224,2.093,24.185,179.66,508.9631,-1,4,19,100.0,,False,21992.867454860243
225,0.404,17.685,136.29,203.0001,-1,5,15,100.0,,False,159638.999
227,2.911,30.717,228.62,485.3855,-1,4,15,100.0,,False,31643.999
230,4.009,23.259,176.32,283.2547,-1,3,8,100.0,,False,125003.999
231,3.835,25.14,189.37,331.264,-1,4,14,100.0,,False,144352.2461904228
232,4.001,29.764,221.99,449.365,-1,4,10,100.0,,False,31041.785274541966
233,3.693,28.143,210.58,403.3577,-1,5,13,100.0,x,False,27478.999
237,1.246,20.365,155.14,253.0811,-1,4,12,100.0,,False,55867.999
238,4.208,39.816,293.21,816.582,-1,6,13,86.6,,False,66431.999
239,3.589,21.662,165.45,241.2154,-1,4,13,100.0,,False,76022.9429267993
240,3.093,28.746,214.16,466.2942,-1,5,11,93.7,x,False,135404.999
242,0.648,17.296,131.06,278.9136,-1,4,13,100.0,x,False,26845.999
243,2.473,29.492,219.23,507.274,-1,4,13,100.0,,False,88050.999
244,4.285,37.128,273.79,748.5338,-1,3,4,100.0,x,False,123759.999
245,2.471,26.145,195.87,386.2365,-1,5,13,100.0,x,False,110468.999
247,2.699,26.409,197.82,388.252,-1,5,13,100.0,x,False,94589.999
249,1.392,27.769,207.85,399.2203,-1,6,11,100.0,x,False,258731.999
252,3.298,29.327,218.88,439.3428,-1,4,13,100.0,,False,63989.889
255,3.768,32.952,245.2,493.3363,-1,5,11,100.0,,False,66125.999
256,3.186,28.11,210.21,411.2902,-1,4,14,100.0,x,False,19171.79811186095
259,2.784,27.201,203.2,423.2519,-1,4,16,100.0,x,False,16790.666777777777
260,2.595,24.448,184.37,321.2422,-1,4,8,100.0,x,False,40548.999
262,2.446,32.426,239.93,621.3061,-1,5,13,100.0,,False,103135.999
263,1.625,21.949,164.04,408.9681,-1,4,19,100.0,,False,17908.19907647353
264,0.594,16.886,130.03,204.9439,-1,6,13,100.0,x,False,17370.999
266,3.627,23.082,175.07,279.3283,-1,2,4,59.7,x,False,177683.999
267,3.061,32.979,245.08,517.3915,-1,4,12,100.0,,False,9339.999
268,2.79,32.874,244.47,504.311,-1,4,13,100.0,,False,76559.999
269,2.435,25.445,191.44,342.2649,-1,3,12,100.0,x,False,62079.8075527231
270,1.549,27.65,206.95,399.2213,-1,5,13,100.0,x,False,273372.999
272,3.385,33.567,249.58,508.3426,-1,4,15,100.0,,False,74401.999
274,3.294,30.612,227.79,489.3599,-1,2,11,97.5,,False,46308.999
275,3.276,25.65,192.64,359.2203,-1,4,14,100.0,,False,42267.999
276,4.332,37.205,274.37,747.5211,-1,3,8,96.5,,False,93707.999
277,2.66,32.303,239.66,552.333,-1,3,15,100.0,,False,102222.999
278,3.063,33.211,246.96,506.327,-1,4,15,100.0,,False,68004.999
279,3.637,25.291,190.52,331.2631,-1,4,13,100.0,,False,732.7778888888889
280,4.534,28.403,212.64,397.3682,-1,4,15,100.0,,False,16170.999
284,0.748,19.82,151.75,229.0519,-1,4,12,100.0,x,False,7639.999
285,0.477,23.269,175.5,319.1203,-1,5,3,100.0,x,False,424546.999
286,3.837,31.462,234.1,491.3761,-1,2,12,100.0,,False,26469.999
288,0.256,16.12,125.79,167.0195,-1,3,13,100.0,x,False,21757.999
289,2.469,24.393,184.0,319.2265,-1,3,11,100.0,x,False,3032.5369467698442
290,2.788,27.468,205.02,435.2526,-1,3,20,100.0,,False,81977.96520805858
291,4.214,31.372,233.37,495.4065,-1,4,9,100.0,,False,42045.22233333333
293,3.529,25.057,188.78,329.2502,-1,4,5,100.0,x,False,348692.81904580526
295,2.879,27.857,207.74,449.2684,-1,3,16,100.0,x,False,6741.444555555556
298,2.972,32.703,243.52,480.311,-1,4,7,100.0,,False,442.999
302,3.986,39.877,293.67,816.5807,-1,5,8,100.0,x,False,95372.999
303,3.369,25.383,192.47,283.2415,-1,3,12,100.0,,False,43997.999
305,3.418,30.18,224.88,465.3597,-1,2,13,96.8,,False,21962.75855294727
307,3.913,37.269,274.84,748.5329,-1,4,9,100.0,,False,71253.00011111112
308,2.576,26.833,200.66,409.2358,-1,3,15,100.0,,False,108427.03208055935
309,3.199,29.605,220.9,443.3175,-1,3,14,100.0,,False,8783.999
310,3.192,31.458,233.85,509.3867,-1,2,12,97.1,,False,23735.999
312,1.834,29.611,221.13,431.3167,-1,4,13,100.0,,False,43505.999
313,1.561,27.834,206.97,498.2901,-1,5,12,100.0,x,False,65972.999
315,3.032,29.009,216.03,473.3493,-1,4,13,100.0,x,False,4044.999
320,2.482,26.684,200.31,365.2686,-1,4,15,98.4,,False,12346.77788888889
321,3.194,32.252,239.47,535.402,-1,4,13,100.0,,False,56981.999
323,3.123,29.898,222.4,494.3267,-1,3,13,100.0,,False,60530.999
324,1.326,29.739,221.07,507.2245,-1,5,13,100.0,x,False,17316.999
326,2.523,22.637,171.93,271.2258,-1,4,11,100.0,x,False,8834.999
327,1.622,27.5,205.86,397.2049,-1,5,11,99.8,x,False,142806.999
328,2.578,29.269,217.85,483.2732,-1,4,7,100.0,,False,68575.999
329,3.508,24.902,187.66,327.2357,-1,4,3,100.0,x,False,540.999
331,2.585,23.532,178.01,297.2427,-1,4,11,100.0,,False,58182.88328949333
333,2.747,30.776,229.09,483.3707,-1,4,9,99.9,,False,37314.999
334,3.556,39.88,293.7,816.5803,-1,5,7,99.5,,False,116956.999
336,2.473,25.324,190.51,343.2268,-1,3,7,100.0,x,False,803.999
337,2.953,28.361,212.01,415.3258,-1,4,5,100.0,x,False,201837.999
338,3.418,30.09,224.88,421.332,-1,4,12,90.0,,False,35282.999
340,2.191,20.919,155.67,468.9696,-1,4,15,100.0,,False,18290.24274704857
343,3.021,28.398,212.71,391.2839,-1,2,9,100.0,,False,6317.555666666667
344,2.432,20.861,159.99,223.1685,-1,3,15,100.0,,False,30574.999
345,2.465,21.154,162.16,225.2208,-1,3,13,100.0,,False,60297.999
349,2.479,24.407,184.45,305.2147,-1,4,18,100.0,,False,17368.41449800798
352,3.254,32.827,244.06,509.3855,-1,2,11,77.3,,False,12470.999
353,3.14,29.541,220.0,473.2842,-1,4,22,100.0,,False,91138.50474252844
355,4.297,23.787,180.0,295.2624,-1,4,17,100.0,,False,44571.17720172383
356,2.358,31.476,233.33,571.2898,-1,5,13,100.0,,False,77682.999
357,3.419,27.508,241.67,59.0136,-1,3,10,100.0,,False,132040.53315328062
358,4.132,37.123,273.82,740.5263,-1,3,9,100.0,,False,95138.999
359,1.579,21.68,320.85,294.6181,-2,5,11,100.0,,False,25734.999
360,2.229,26.161,194.66,482.9361,-1,4,24,100.0,,False,32251.581540761224
362,3.424,32.432,240.87,529.4258,-1,4,17,100.0,,False,18360.1880895503
364,3.957,39.784,292.75,857.526,-1,7,7,93.7,x,False,10645.999
365,3.165,29.144,217.54,437.3275,-1,2,16,100.0,,False,28433.889
367,3.054,29.991,222.7,528.3127,-1,4,10,100.0,x,False,192469.43874246284
369,3.85,33.331,247.16,565.4496,-1,7,13,100.0,,False,30990.999
370,3.651,30.928,230.1,493.3918,-1,4,17,100.0,,False,25376.90375822314
372,4.76,33.302,246.86,575.4697,-1,3,8,92.3,,False,44980.999
373,3.62,33.288,246.48,605.4074,-1,6,7,99.7,,False,42669.999
376,2.138,19.674,149.73,256.9799,-1,5,11,100.0,x,False,106462.999
377,4.443,31.694,235.69,503.4112,-1,4,12,100.0,,False,10686.085462188807
380,4.456,40.094,295.02,861.5547,-1,7,5,97.6,x,False,70306.999
381,3.89,31.395,233.58,493.3904,-1,4,9,87.2,,False,29571.999
385,2.637,32.047,238.5,489.359,-1,4,12,100.0,,False,10211.999
386,4.338,39.662,291.86,857.5247,-1,6,6,100.0,x,False,46542.999
388,2.896,26.757,200.09,409.2362,-1,4,15,100.0,,False,23285.77788888889
391,2.149,22.513,170.99,271.2264,-1,3,15,100.0,,False,44547.000125764884
393,2.564,27.363,204.58,412.2863,-1,4,11,100.0,x,False,198379.999
394,3.206,24.215,182.89,309.2044,-1,4,20,100.0,,False,28330.64288597479
397,2.627,33.59,248.91,583.2586,-1,4,11,100.0,,False,13244.999
398,1.693,24.522,184.62,335.2214,-1,2,9,100.0,x,False,2860.999
399,3.542,24.169,184.0,259.2419,-1,3,15,100.0,,False,49816.999
400,2.291,25.56,192.29,343.2277,-1,4,5,99.9,x,False,1903.999
401,1.998,17.825,134.18,326.7645,-1,8,14,100.0,,False,38759.999
402,4.095,33.549,248.52,591.4661,-1,3,17,96.1,,False,28944.597792132066
406,2.12,23.276,176.42,284.2223,-1,3,15,100.0,,False,80182.999
407,3.266,28.564,213.02,450.2991,-1,3,8,98.0,,False,65338.999
408,2.583,26.015,192.43,614.9623,-1,3,19,100.0,,False,33803.098339687
411,3.138,31.542,234.48,509.3863,-1,5,12,98.4,,False,44877.999
412,4.159,33.783,250.22,594.4851,-1,4,11,99.2,,False,25442.590368190147
413,4.489,33.899,251.27,577.4845,-1,4,12,100.0,,False,356.22233333333327
415,4.018,31.252,232.51,493.3913,-1,5,8,97.8,,False,38327.999
416,4.617,24.497,184.98,311.2945,-1,3,16,100.0,,False,51540.41039673869
417,1.525,29.803,221.19,540.2648,-1,5,13,100.0,,False,18523.999
418,4.144,40.013,294.35,871.5418,-1,3,11,100.0,,False,48295.999
419,3.969,35.358,261.4,653.4097,-1,4,16,100.0,,False,105064.11122222223
421,4.338,40.325,296.61,883.5397,-1,6,7,100.0,,False,85527.999
422,2.567,25.633,192.45,362.2364,-1,4,13,100.0,,False,41270.999
423,3.402,39.754,292.75,816.5827,-1,6,11,99.0,,False,22779.999
424,2.693,23.236,176.09,285.242,-1,3,11,100.0,,False,57522.999
425,4.142,36.817,271.72,716.5265,-1,3,9,100.0,,False,55351.999
427,2.558,26.349,197.73,368.28,-1,4,13,100.0,x,False,40307.999
428,4.036,33.104,245.46,567.4653,-1,4,13,100.0,,False,14814.970635075095
429,1.377,24.272,182.77,333.206,-1,3,9,100.0,x,False,15264.999
430,3.92,25.954,193.09,485.0701,-1,5,14,100.0,,False,129472.49116418512
431,2.844,32.162,238.77,537.4171,-1,3,11,100.0,,False,66489.999
432,1.494,18.202,138.34,262.8375,-1,11,12,100.0,,False,22618.999
433,2.303,26.596,197.9,482.9353,-1,4,19,100.0,,False,35964.44068670644
434,3.38,31.578,234.75,509.3859,-1,2,9,83.4,x,False,39484.999
437,2.488,31.735,235.72,526.3161,-1,4,11,100.0,,False,58413.999
438,2.572,23.461,177.58,293.2112,-1,2,7,100.0,x,False,19403.999
441,2.695,28.981,215.92,466.294,-1,4,11,100.0,,False,46669.999
442,0.402,17.612,142.91,107.0485,-1,3,15,100.0,,False,75376.999
443,2.989,30.963,230.47,485.3844,-1,3,9,100.0,,False,23187.999
447,3.666,30.272,225.56,465.3598,-1,2,9,97.6,,False,29826.999
448,4.112,31.13,231.6,493.3909,-1,5,17,100.0,,False,9344.08540893146
449,0.634,21.014,163.36,179.0691,-1,3,15,100.0,,False,20985.999
450,4.24,37.898,279.32,773.5376,-1,3,10,93.7,,False,10124.999
452,2.475,28.515,212.63,452.2782,-1,4,5,100.0,,False,8572.999
453,0.514,17.351,133.39,211.0229,-1,4,15,100.0,,False,132867.999
455,3.542,34.761,257.17,629.4583,-1,4,15,100.0,,False,55601.999
456,0.299,13.156,107.75,96.9584,-1,3,19,100.0,,False,55694.72341772576
457,3.531,28.872,215.75,421.3318,-1,4,12,96.7,,False,12770.00011111111
458,4.543,31.653,235.37,503.412,-1,4,13,100.0,,False,8025.222333333333
459,1.779,29.272,217.97,475.3276,-1,4,9,100.0,x,False,4411.999
460,3.887,37.171,274.1,749.5374,-1,3,4,99.4,x,False,123325.999
461,1.613,23.679,178.78,311.2239,-1,2,4,100.0,x,False,99208.999
462,4.142,37.825,278.79,771.5238,-1,3,12,100.0,,False,74115.66677777778
463,3.552,26.466,198.3,385.2352,-1,4,13,100.0,,False,33762.999
467,2.902,23.583,178.4,297.242,-1,2,11,100.0,,False,29601.555666666667
469,3.968,29.977,223.01,492.3472,-1,2,15,100.0,,False,44192.102031481954
471,3.209,31.003,230.39,515.3748,-1,4,12,100.0,,False,20028.999
472,3.046,30.012,223.64,465.3582,-1,2,7,87.2,,False,93678.66677777778
473,3.204,33.267,246.66,568.3648,-1,3,12,100.0,,False,65114.999
475,3.095,29.916,222.94,463.3428,-1,2,8,100.0,,False,46925.51636778893
476,2.252,28.085,209.7,431.3168,-1,3,14,100.0,,False,24059.999
477,2.662,26.989,201.86,407.1455,-1,6,7,100.0,,False,48471.999
478,3.291,28.776,215.06,419.3166,-1,3,12,97.7,,False,16309.999
480,3.121,21.447,163.88,239.2008,-1,3,24,100.0,,False,8674.480140780437
481,3.644,32.563,241.75,537.4174,-1,3,17,100.0,,False,36327.70396414015
482,1.685,25.402,190.77,359.2223,-1,2,11,100.0,x,False,655.999
483,3.153,29.152,217.57,439.3439,-1,4,15,99.3,,False,12593.186958450946
484,4.044,38.227,281.79,766.5434,-1,4,11,100.0,,False,59053.993001275434
486,3.614,33.143,246.47,505.3365,-1,4,11,100.0,,False,27513.999
488,3.867,31.351,233.9,447.349,-1,4,16,92.9,,False,3715.19196448981
489,2.714,29.166,217.64,441.3588,-1,4,14,100.0,,False,11331.999
490,1.621,27.07,202.73,391.2852,-1,4,12,100.0,,False,58098.999
491,3.744,39.747,292.68,816.5848,-1,6,7,98.0,,False,84098.999
492,1.842,26.753,199.72,432.3111,-1,4,13,100.0,x,False,678.999
493,4.162,37.289,274.9,762.5115,-1,4,7,93.7,,False,83869.999
495,3.304,23.44,177.69,283.2631,-1,3,13,100.0,,False,20941.999
498,0.402,24.319,181.98,397.0033,-1,5,13,100.0,,False,89055.999
499,4.463,36.659,270.39,738.5135,-1,7,6,93.7,,False,30594.999
500,0.712,28.064,209.82,413.2,-1,5,13,100.0,,False,15569.999
501,3.997,31.581,234.96,493.3915,-1,4,13,82.4,,False,2212.666777777778
502,3.617,36.637,270.35,722.5155,-1,7,8,96.6,,False,124844.0001111111
504,3.198,30.873,230.58,431.3166,-1,4,13,100.0,,False,12131.999
506,4.108,30.258,223.71,641.0915,-1,6,9,100.0,,False,1905.999
507,2.039,23.971,180.9,315.2533,-1,4,13,100.0,,False,13506.999
511,4.172,40.513,298.2,842.5965,-1,6,9,100.0,,False,40079.999
513,3.079,30.13,224.17,492.3113,-1,2,5,98.9,x,False,3027.999
517,3.088,31.655,235.33,509.3853,-1,4,6,93.9,,False,18780.999
518,2.63,29.844,222.01,494.2902,-1,4,9,100.0,x,False,5922.999
519,3.616,29.705,221.01,490.3322,-1,3,12,100.0,x,False,20938.999
522,3.657,32.509,242.08,479.3209,-1,5,15,100.0,,False,24970.999
524,0.596,15.779,123.45,160.9547,-1,6,15,100.0,,False,7367.999
526,2.865,30.769,229.04,483.3693,-1,4,10,100.0,,False,46035.999
527,1.427,26.203,196.66,367.1575,-1,3,14,100.0,,False,25877.111222222222
529,3.145,31.862,236.84,511.4005,-1,4,13,83.1,,False,18228.02976052656
531,0.77,23.487,177.33,311.1421,-1,4,7,100.0,,False,110025.999
535,3.748,30.756,229.63,435.3478,-1,4,13,99.4,,False,8147.999
537,2.696,29.075,216.65,464.2775,-1,2,8,100.0,x,False,725.999
538,3.726,21.362,160.88,329.046,-1,4,6,100.0,,False,79764.999
539,4.381,32.358,240.66,501.3953,-1,2,12,98.2,,False,82.33344444444441
540,2.611,27.865,207.79,450.2635,-1,3,13,100.0,,False,39009.999
542,2.702,28.979,216.3,437.3276,-1,2,15,100.0,,False,8594.999
543,4.496,30.979,230.69,477.3957,-1,4,15,100.0,,False,5493.000111111111
545,3.646,25.869,194.25,361.2361,-1,4,23,100.0,,False,16437.897663507712
547,3.253,32.319,240.05,527.4098,-1,4,14,100.0,,False,19716.999
548,2.557,31.709,235.19,557.3701,-1,5,6,100.0,x,False,3027.999
550,1.722,14.025,115.44,93.0328,-1,3,14,100.0,,False,34318.999
551,1.953,24.066,181.67,313.238,-1,2,12,100.0,,False,37185.22233333333
552,4.127,32.375,240.27,545.4232,-1,4,10,100.0,,False,13631.999
554,2.772,27.102,202.31,433.2364,-1,2,14,100.0,,False,18884.48858054296
555,3.569,22.594,171.97,259.2417,-1,3,15,100.0,,False,37278.889
556,3.042,29.535,220.26,451.3435,-1,4,12,100.0,,False,6203.999
557,2.941,29.948,223.18,463.3442,-1,2,11,96.7,,False,34388.12952582035
558,3.251,29.229,217.46,489.2808,-1,3,5,100.0,,False,93080.33344444445
559,4.165,39.759,292.79,816.5831,-1,4,5,85.5,,False,53708.999
560,1.944,29.276,217.85,487.3287,-1,4,15,100.0,,False,19415.999
561,0.382,14.353,116.14,109.0272,-1,3,13,100.0,,False,7091.999
562,3.371,33.526,248.62,565.3649,-1,3,14,100.0,,False,35777.999
565,2.736,24.092,182.16,301.216,-1,3,7,100.0,,False,55961.68989939278
566,4.213,32.074,238.29,521.4233,-1,3,12,100.0,,False,5265.18703272214
570,3.394,29.655,221.24,445.3341,-1,3,7,97.1,,False,13268.999
572,2.637,31.219,231.69,543.354,-1,5,11,100.0,x,False,1787.999
575,4.253,41.197,302.88,911.5709,-1,7,12,100.0,,False,31652.999
577,3.585,32.297,240.7,465.4288,-1,3,5,59.4,,False,59320.999
578,4.184,36.974,272.68,745.507,-1,3,9,100.0,,False,39873.999
579,3.625,29.904,222.25,511.3112,-1,4,10,100.0,,False,47851.999
580,2.395,24.762,183.45,569.9809,-1,3,19,100.0,,False,14515.509827582086
581,4.328,30.614,228.47,441.3954,-1,4,15,100.0,,False,22511.999
586,3.962,37.419,275.84,764.5281,-1,6,8,97.7,,False,38153.999
588,2.933,44.74,328.32,1049.6884,-1,5,13,100.0,,False,27971.999
589,2.514,30.393,226.26,481.2992,-1,4,12,100.0,,False,21039.77788888889
590,3.215,39.696,292.32,816.5827,-1,4,11,93.0,,False,58770.999
591,2.341,26.049,195.51,366.2656,-1,3,9,100.0,,False,20302.999
592,3.103,30.219,225.15,467.374,-1,2,10,80.2,,False,26199.999
595,3.073,23.979,180.96,315.2534,-1,3,13,100.0,,False,6740.999
598,4.272,40.506,298.16,842.5982,-1,5,12,80.8,,False,30934.111222222222
599,3.814,33.386,248.25,507.3525,-1,5,11,100.0,,False,21307.999
600,3.853,29.816,222.03,474.3673,-1,4,8,100.0,,False,90457.16337512223
602,0.962,26.345,197.68,369.1732,-1,4,9,100.0,,False,15083.555666666667
603,3.494,30.864,230.47,433.3325,-1,4,12,98.9,,False,13636.999
605,3.453,31.417,233.75,493.3904,-1,4,10,82.2,,False,32644.999
607,1.673,26.318,196.99,397.2226,-1,4,13,100.0,,False,17064.999
608,1.092,17.85,136.13,244.9078,-1,8,6,100.0,x,False,33618.999
612,2.87,20.588,158.3,213.184,-1,3,14,100.0,,False,15298.34496716997
613,3.221,26.012,193.53,485.0692,-1,5,12,100.0,,False,41991.00011111111
614,3.515,36.533,269.57,722.5179,-1,4,5,93.7,,False,113466.999
615,2.725,21.941,167.31,249.1848,-1,3,16,100.0,,False,30121.555666666667
617,3.034,27.958,208.64,438.2967,-1,3,3,100.0,,False,59064.999
619,1.73,21.415,163.13,254.1039,-1,4,10,100.0,,False,15983.999
620,3.877,33.243,246.27,589.45,-1,2,13,100.0,,False,759.7859210482384
622,3.383,30.459,226.93,467.3759,-1,4,5,100.0,,False,47057.22233333333
623,3.152,27.393,205.1,394.3323,-1,2,12,100.0,,False,28364.999
624,3.796,27.843,208.65,385.332,-1,4,13,100.0,,False,17457.999
625,2.775,22.919,170.26,504.9692,-1,1,13,96.5,,False,28653.999
626,2.816,26.54,199.13,370.2956,-1,4,12,100.0,,False,10804.999
627,3.18,29.586,219.96,504.3112,-1,2,11,100.0,,False,57814.22233333333
628,2.529,30.782,229.14,483.3697,-1,4,8,99.6,,False,49434.999
629,1.527,24.651,185.59,335.2216,-1,2,7,90.0,x,False,1469.000111111111
630,3.014,23.004,174.61,275.1998,-1,3,13,100.0,,False,17728.999
632,4.129,28.165,208.85,557.11,-1,6,14,100.0,,False,91340.999
633,2.857,30.308,225.84,465.3587,-1,2,8,93.0,,False,38878.999
634,0.778,15.798,124.67,144.043,-1,3,12,100.0,,False,38042.999
635,3.97,34.518,255.51,613.5069,-1,3,14,100.0,,False,2132.222333333333
636,2.393,22.108,164.1,518.9673,-1,3,13,100.0,,False,6101.999
638,4.29,36.985,272.89,726.5483,-1,4,8,100.0,,False,14621.999
643,4.021,31.255,233.15,449.3638,-1,4,8,93.2,,False,9207.999
644,2.479,30.475,226.87,481.3545,-1,3,14,94.6,,False,9256.999
645,3.753,32.667,242.55,533.4606,-1,3,6,100.0,,False,29211.822799649333
646,4.014,27.107,203.01,391.1499,-1,6,9,100.0,,False,52021.999
647,4.275,39.009,287.16,833.5234,-1,5,6,100.0,x,False,42172.999
650,1.565,23.073,174.14,313.1201,-1,2,4,100.0,,False,5730.999
652,3.967,33.538,247.88,655.426,-1,5,9,100.0,,False,12610.444555555556
653,2.957,33.598,248.77,604.3648,-1,3,13,100.0,,False,36576.999
654,3.167,35.818,265.7,561.3818,-1,4,14,100.0,,False,38853.999
658,4.009,36.811,271.44,746.5219,-1,6,3,100.0,,False,60585.999
659,3.076,31.054,231.09,489.3587,-1,3,10,90.2,,False,6076.999
660,3.03,23.823,177.56,450.9266,-1,7,11,100.0,x,False,1401.999
661,4.254,36.486,269.22,722.5165,-1,4,7,97.1,,False,53097.66677777778
662,0.459,18.059,139.35,199.0053,-1,3,23,100.0,,False,6689.355413257459
663,3.866,33.521,248.34,589.4498,-1,6,10,87.2,,False,111409.76746609199
667,2.848,32.594,242.0,537.3312,-1,3,11,100.0,,False,228.999
668,2.017,22.251,166.18,418.9728,-1,3,16,100.0,,False,8448.00011111111
669,1.048,27.001,201.51,437.0547,-1,5,10,100.0,,False,3893.999
671,2.701,32.252,239.42,540.3315,-1,4,11,100.0,,False,31577.999
672,3.931,40.401,297.38,842.5968,-1,5,7,99.9,,False,35308.999
673,3.321,37.286,274.97,748.535,-1,5,5,82.4,,False,118412.999
676,2.196,25.036,188.42,339.2534,-1,4,15,100.0,,False,15846.999
677,0.38,14.017,115.38,93.0328,-1,2,14,100.0,,False,35471.999
680,3.594,28.811,214.91,446.3331,-1,1,6,89.2,,False,77319.999
681,4.148,33.416,247.69,575.4694,-1,4,15,86.2,,False,7258.945496224615
682,0.402,17.592,147.67,79.9556,-1,1,15,98.7,,False,42795.999
686,2.57,33.361,247.06,600.3327,-1,4,13,100.0,,False,19471.999
687,0.25,18.18,138.38,254.9804,-1,4,15,100.0,,False,36676.999
688,2.345,26.037,195.2,378.2415,-1,3,12,100.0,,False,23939.999
689,1.679,28.788,214.51,463.3069,-1,3,14,100.0,,False,12122.999
692,3.355,32.911,244.58,517.3915,-1,4,10,83.9,,False,8890.999
696,3.815,36.979,272.74,742.5445,-1,4,9,88.3,,False,20918.999
697,2.484,28.511,212.22,481.2361,-1,3,12,100.0,,False,20297.999
698,0.467,22.016,167.32,267.1226,-1,4,15,100.0,,False,47413.999
701,3.123,32.741,243.08,537.4165,-1,4,8,67.0,,False,20995.999
702,4.164,39.501,290.71,847.5411,-1,5,13,100.0,,False,20831.999
703,2.943,28.436,209.74,714.957,-1,4,21,100.0,,False,5844.296587628779
704,3.298,23.398,177.37,283.2631,-1,3,13,100.0,,False,45086.291257539335
707,0.516,17.037,131.69,193.0121,-1,3,13,100.0,,False,76604.999
708,2.326,25.387,190.03,395.2442,-1,4,22,100.0,,False,23553.728181809303
709,3.846,27.919,208.55,425.1119,-1,7,12,100.0,,False,22415.999
710,2.272,22.779,169.24,502.9434,-1,3,13,100.0,,False,4707.211260516837
712,3.904,29.75,222.04,439.38,-1,3,14,100.0,,False,15840.999
713,2.68,26.659,199.26,415.2247,-1,4,13,100.0,,False,20085.999
714,2.794,32.727,242.72,561.3332,-1,3,15,100.0,,False,20821.999
715,0.463,18.619,142.96,217.0151,-1,4,9,100.0,,False,1805.999
716,2.974,29.4,218.66,496.3058,-1,4,12,100.0,,False,46315.999
717,2.216,22.478,170.78,269.21,-1,2,7,100.0,,False,2205.999
718,3.156,30.217,225.19,463.3429,-1,2,7,85.5,,False,21800.77788888889
719,3.638,29.488,219.62,472.3493,-1,3,10,100.0,,False,24568.999
720,2.557,30.911,229.61,524.3017,-1,4,6,88.5,,False,59086.999
723,3.678,34.298,253.9,611.4911,-1,4,13,98.4,,False,15746.666777777778
724,0.386,15.447,121.31,153.0172,-1,3,15,100.0,,False,14057.999
725,2.937,28.427,209.94,669.9637,-1,3,14,100.0,,False,22921.85360730422
727,2.666,27.181,202.91,433.2354,-1,4,13,100.0,,False,18304.268374735177
728,2.61,26.479,198.04,407.2196,-1,2,10,100.0,,False,33112.999
729,2.182,23.382,176.98,293.2105,-1,2,7,100.0,,False,8500.999
730,2.452,25.081,188.68,343.2272,-1,4,13,100.0,,False,25683.999
731,1.722,28.856,214.92,471.2966,-1,2,8,100.0,x,False,700.999
732,2.042,23.112,174.59,307.1577,-1,4,12,100.0,,False,16751.33381895312
733,4.157,33.442,247.69,593.4838,-1,1,3,93.8,,False,66955.11122222223
737,2.972,31.564,234.67,507.3697,-1,2,12,99.1,,False,6919.999
741,3.727,24.607,185.4,329.0459,-1,4,14,100.0,,False,40308.999
743,2.924,30.242,224.77,511.3053,-1,3,9,100.0,,False,26126.999
744,3.887,35.931,265.29,698.5174,-1,4,9,98.4,,False,13782.999
745,2.714,25.83,194.13,352.2851,-1,2,12,100.0,,False,28237.999
746,1.094,25.298,189.33,397.1773,-1,5,12,100.0,,False,28996.999
747,1.738,18.59,145.03,168.9866,-1,3,12,100.0,,False,6015.999
748,2.328,32.95,243.64,643.2913,-1,5,13,100.0,,False,10678.999
749,3.997,28.563,213.6,411.3473,-1,4,12,100.0,,False,7921.999
750,3.417,30.479,227.09,467.3743,-1,3,11,100.0,,False,43550.230203958316
754,3.06,33.163,245.94,563.3485,-1,3,13,100.0,,False,21793.999
755,3.795,37.415,275.8,766.5436,-1,4,8,96.3,,False,11617.999
756,1.089,24.719,186.24,329.174,-1,3,13,100.0,,False,25009.999
758,1.096,27.758,207.89,391.2857,-1,4,12,100.0,,False,111331.999
763,3.715,24.9,187.6,329.1898,-1,4,16,100.0,,False,6767.67436783128
765,3.392,29.268,217.86,481.314,-1,3,9,75.7,,False,83841.46402977435
766,2.516,29.542,219.64,504.2742,-1,3,11,100.0,,False,8137.222333333333
767,1.716,18.336,145.4,137.0221,-1,3,12,100.0,,False,26300.999
770,2.503,24.561,185.44,312.2526,-1,3,9,100.0,,False,34456.999
772,0.525,19.207,147.04,229.0153,-1,4,10,100.0,,False,25487.999
773,4.028,38.264,281.99,778.5231,-1,3,5,100.0,,False,24437.999
775,3.133,24.294,185.02,257.2262,-1,3,13,100.0,,False,9278.999
777,3.996,38.24,281.74,790.543,-1,4,9,97.9,,False,3809.444555555556
778,2.667,29.222,218.38,421.3304,-1,4,11,100.0,,False,7601.999
779,3.047,27.774,207.99,393.3007,-1,2,12,95.9,,False,22661.999
781,3.354,22.588,171.74,265.2156,-1,3,16,100.0,,False,1292.851015959929
782,3.399,35.278,269.14,253.2162,-1,3,13,100.0,,False,12729.999
783,3.225,22.8,172.83,283.1096,-1,3,22,100.0,,False,17482.609975190142
784,4.196,36.563,269.95,700.5318,-1,4,11,100.0,,False,27323.999
785,2.607,25.121,189.01,341.2698,-1,2,19,100.0,,False,1551.4817095712065
787,1.942,25.035,188.32,343.2845,-1,3,11,100.0,,False,13947.999
789,0.82,27.002,201.36,448.3067,-1,4,12,100.0,,False,47306.999
792,1.484,24.849,186.76,351.2168,-1,2,7,100.0,x,False,1015.999
793,2.888,25.339,190.54,347.2588,-1,3,15,100.0,,False,28906.999
794,2.776,31.296,232.67,507.3704,-1,3,13,99.2,,False,6715.999
795,2.981,27.502,205.28,435.2521,-1,3,12,96.5,,False,24408.029620908717
796,3.665,21.843,166.7,245.1898,-1,3,15,100.0,,False,22310.999
798,2.775,34.111,252.39,626.3484,-1,4,12,100.0,,False,12930.999
799,2.832,32.369,240.31,537.3337,-1,3,7,100.0,,False,34200.999
800,2.523,28.474,212.03,474.2619,-1,3,12,100.0,,False,24732.999
801,1.975,19.689,150.97,222.9971,-1,1,13,96.5,,False,303.9489606923016
802,4.092,38.6,284.28,809.525,-1,4,12,100.0,,False,7004.999
804,0.389,17.769,136.33,218.9951,-1,2,15,100.0,,False,1584.999
805,4.113,30.83,229.6,475.3802,-1,4,9,88.6,,False,186.999
806,1.751,22.514,171.06,269.1281,-1,3,10,100.0,,False,15524.999
807,4.78,29.088,217.53,411.3839,-1,4,10,100.0,,False,9482.999
808,3.429,34.376,254.56,603.441,-1,6,11,100.0,,False,9555.999
811,4.069,37.757,278.3,769.5072,-1,5,7,100.0,,False,33102.999
812,3.691,29.026,216.54,445.3331,-1,2,5,51.1,,False,462.999
813,2.702,32.491,241.25,535.4012,-1,2,9,98.5,,False,23701.999
816,3.424,24.961,187.93,335.2209,-1,3,15,100.0,,False,12686.030090274451
817,1.975,19.753,147.38,425.996,-1,1,16,96.5,,False,33.27020965015981
820,4.316,32.028,237.96,521.4218,-1,3,7,98.2,,False,10252.77788888889
824,3.926,32.249,239.45,535.4016,-1,3,12,91.6,,False,4946.6667777777775
825,0.406,15.197,121.56,123.0428,-1,3,15,100.0,,False,42469.999
827,4.067,40.588,298.74,844.6133,-1,3,6,100.0,,False,38205.999
830,2.73,25.439,191.48,338.2705,-1,1,7,96.5,,False,45027.999
832,3.075,30.903,229.65,515.376,-1,4,9,96.0,,False,652.999
835,3.945,25.937,194.29,387.0344,-1,4,10,100.0,,False,64550.999
836,4.475,32.978,244.71,549.4548,-1,6,13,88.9,,False,2559.999
837,3.179,33.024,244.88,566.384,-1,5,10,100.0,,False,21826.999
838,2.787,31.201,232.19,489.3593,-1,4,6,96.6,,False,2751.999
840,2.731,27.132,203.68,365.2694,-1,3,14,100.0,,False,621.999
842,3.375,29.808,221.76,492.3472,-1,2,9,96.5,,False,23410.93164226395
844,2.303,26.624,197.62,531.0095,-1,4,19,100.0,,False,15035.56803994993
846,4.054,30.071,224.44,439.3789,-1,2,12,100.0,,False,8728.999
849,2.568,30.237,224.51,531.274,-1,4,13,100.0,,False,24519.999
852,1.693,24.408,183.8,333.2047,-1,2,11,100.0,,False,3387.999
853,3.534,28.715,214.67,415.3214,-1,4,13,100.0,,False,7203.999
854,1.719,19.228,149.89,171.1366,-1,3,12,100.0,,False,12355.999
858,2.912,13.124,99.85,248.9704,-1,2,5,72.5,,False,40475.999
859,4.098,32.215,239.35,521.4227,-1,5,10,97.9,,False,16976.889
860,2.321,30.081,223.6,509.3086,-1,4,5,90.2,,False,100.999
861,2.666,27.941,208.23,459.2522,-1,3,13,100.0,,False,29234.999
866,2.175,31.102,230.57,569.2746,-1,4,12,100.0,,False,17260.999
867,3.131,29.695,221.43,453.3584,-1,3,11,98.1,,False,2945.999
868,2.214,19.714,147.17,418.973,-1,2,21,100.0,,False,8415.695620492323
870,2.633,32.243,240.1,478.2948,-1,4,13,100.0,,False,24866.999
871,4.079,34.046,252.26,585.4918,-1,3,9,100.0,,False,13396.091425081657
872,1.918,21.397,163.15,249.1599,-1,3,15,100.0,,False,17811.747254432157
873,2.105,19.958,154.16,197.1524,-1,2,13,100.0,,False,10559.999
874,2.618,25.143,189.1,345.2435,-1,4,12,100.0,,False,29626.999
877,2.727,27.431,204.57,447.2544,-1,3,4,100.0,,False,403.999
878,0.432,18.57,142.77,212.0026,-1,3,5,100.0,,False,57265.999
879,2.887,13.146,100.02,248.9701,-1,2,5,85.2,,False,22834.999
880,1.937,29.164,217.45,453.3234,-1,4,9,97.8,,False,6222.999
881,2.569,24.301,183.26,321.2429,-1,2,11,99.1,,False,37019.11122222222
884,2.859,32.194,238.39,599.3262,-1,4,4,100.0,,False,24309.889
886,2.479,25.701,192.62,381.2047,-1,3,12,100.0,,False,3738.999
887,3.492,28.723,214.63,421.3335,-1,4,7,96.4,,False,18837.666777777777
888,3.218,24.714,186.28,325.2739,-1,2,15,100.0,,False,5516.480263760515
889,2.539,32.763,242.84,576.332,-1,3,13,100.0,,False,20473.999
890,3.959,33.384,247.56,565.4487,-1,4,8,89.2,,False,21740.999
896,3.3,33.074,245.4,551.4083,-1,4,12,100.0,,False,15441.471142812745
897,4.3,30.09,223.3,543.0573,-1,4,7,100.0,,False,689.999
899,3.214,31.038,231.11,478.3973,-1,2,8,100.0,,False,17186.999
900,2.573,30.353,225.43,526.2942,-1,2,10,100.0,,False,14168.999
901,0.396,13.055,109.43,79.9554,-1,1,13,96.6,,False,30840.999
902,2.038,21.611,164.99,243.1952,-1,3,12,100.0,,False,15157.999
903,3.342,31.494,234.03,517.3918,-1,4,11,74.8,,False,35914.27846801396
905,2.528,23.148,175.53,281.1724,-1,4,16,100.0,,False,10479.666777777778
906,2.7,27.851,207.81,441.1076,-1,7,5,100.0,,False,9247.999
908,3.845,29.385,219.37,435.3489,-1,3,13,96.7,,False,7011.999
909,0.252,27.653,205.47,513.1643,-1,5,3,99.4,,False,9900.999
910,3.18,31.416,233.13,546.3217,-1,3,9,100.0,,False,22758.999
911,3.1,29.336,218.39,480.4308,-1,2,5,63.1,,False,18750.999
912,3.909,38.252,281.85,786.514,-1,6,12,100.0,,False,14168.999
914,2.786,33.437,248.37,528.3115,-1,4,15,100.0,,False,20912.999
916,3.287,30.481,227.07,469.3895,-1,3,10,97.7,,False,10900.999
917,0.77,16.432,129.21,151.0378,-1,3,13,100.0,,False,2059.157003245011
918,0.442,28.216,218.9,187.0064,-1,4,5,100.0,,False,246.999
919,4.192,33.189,246.05,571.4395,-1,5,12,100.0,,False,7211.999
920,3.152,37.331,275.3,748.5341,-1,5,3,73.0,,False,85163.999
921,2.988,26.507,198.91,368.3164,-1,1,15,96.9,,False,15483.11098156161
923,4.106,30.326,226.32,441.3947,-1,4,13,100.0,,False,12498.999
924,0.841,22.489,170.36,287.1844,-1,4,10,100.0,,False,7593.999
925,0.246,16.427,132.76,111.0072,-1,2,22,100.0,,False,1269.784634665475
926,3.44,31.848,236.65,519.4051,-1,3,8,71.3,,False,17087.000111111112
927,4.293,31.315,232.88,501.3964,-1,4,11,95.3,,False,1935.7098323245814
928,3.287,36.597,270.06,722.5161,-1,8,4,84.8,,False,84674.999
929,3.982,34.491,255.48,595.4956,-1,4,12,96.3,,False,29072.010337558062
930,4.365,32.161,238.96,521.4216,-1,4,10,86.1,,False,6211.889
931,3.023,27.847,208.53,393.3,-1,3,10,92.1,,False,11602.999
932,4.375,38.366,282.75,778.548,-1,4,6,100.0,,False,26523.999
934,2.341,27.004,202.38,383.2908,-1,4,8,100.0,,False,25905.999
935,2.228,26.124,195.19,418.9736,-1,2,24,100.0,,False,9473.475184510107
936,1.967,21.888,167.34,237.1477,-1,3,12,100.0,,False,10738.999
937,4.548,29.742,220.9,524.2442,-1,3,16,98.4,,False,2600.599948931719
938,4.235,27.351,202.93,543.0576,-1,4,8,100.0,,False,635.999
939,2.704,20.438,157.23,211.1682,-1,3,17,100.0,,False,10251.450183784867
941,3.813,37.784,278.57,760.524,-1,2,10,100.0,,False,51605.096554973345
942,2.99,27.309,204.39,399.3121,-1,3,14,100.0,,False,10674.999
944,0.377,17.608,261.78,238.0759,-2,5,14,100.0,,False,2590.999
947,4.278,30.861,229.83,475.3801,-1,4,12,96.5,,False,4267.222333333333
951,0.448,29.013,215.62,510.2546,-1,4,15,100.0,,False,4782.999
952,3.588,37.128,273.81,746.5175,-1,7,6,87.8,,False,16574.999
955,3.607,30.546,227.43,479.3747,-1,3,12,97.6,,False,3191.999
956,2.295,22.43,170.41,269.2106,-1,2,11,99.9,,False,3556.888999999999
957,2.802,26.133,195.7,391.2251,-1,3,12,100.0,,False,10445.999
958,1.091,36.009,270.46,367.1565,-1,4,11,100.0,,False,12659.999
959,3.519,35.765,272.87,253.2158,-1,3,14,100.0,,False,19439.999
961,3.028,22.84,170.64,414.9487,-1,2,8,100.0,,False,844.999
964,3.257,27.589,206.2,417.3016,-1,2,11,80.1,,False,2306.999
965,4.175,37.717,278.05,764.5269,-1,5,5,91.3,,False,15251.999
966,3.425,32.771,242.89,577.3763,-1,3,11,100.0,,False,15720.999
967,4.052,33.595,248.9,588.4694,-1,3,11,100.0,,False,18427.555666666667
970,3.344,38.319,282.38,782.5034,-1,5,8,100.0,,False,30171.77788888889
973,2.732,30.372,225.64,520.3062,-1,3,11,100.0,,False,7045.999
974,1.899,29.426,219.42,453.3218,-1,4,8,98.9,,False,8214.999
976,2.977,23.217,176.05,281.2474,-1,2,11,100.0,,False,2395.999
978,2.259,30.642,228.12,481.3532,-1,4,9,92.8,,False,7824.999
979,1.092,25.499,190.87,395.1623,-1,2,13,100.0,,False,13440.999
981,2.504,22.361,169.88,269.2114,-1,2,21,100.0,,False,8711.649296503207
982,4.2,31.798,236.49,501.3954,-1,4,14,82.4,,False,13404.951504830027
983,3.372,27.733,205.1,623.0594,-1,4,3,100.0,,False,54851.999
984,2.903,27.186,203.59,392.316,-1,2,5,100.0,,False,23120.999
985,2.032,28.611,213.06,473.232,-1,4,11,100.0,,False,13204.111222222222
987,0.374,17.067,254.14,224.0591,-2,5,11,100.0,,False,6433.999
988,3.368,27.746,207.07,437.268,-1,3,8,100.0,,False,10245.999
989,3.747,40.631,299.07,844.6134,-1,3,4,95.3,,False,42629.999
992,2.581,26.813,200.49,410.2376,-1,4,14,100.0,,False,27679.492174977255
993,1.048,28.134,210.97,378.1008,-1,3,13,100.0,,False,6936.999
994,3.526,37.426,275.92,762.5125,-1,10,8,99.9,,False,13463.999
995,3.902,29.834,222.56,447.3482,-1,2,9,98.6,,False,8803.196791679033
996,3.041,39.748,292.71,816.582,-1,4,10,92.2,,False,14516.999
997,4.654,32.605,241.93,549.4543,-1,4,9,78.5,,False,12078.666777777778
998,2.701,20.465,156.18,244.0318,-1,5,7,100.0,,False,13459.999
999,3.99,38.945,286.7,831.5093,-1,5,12,100.0,,False,18304.999
1000,1.69,26.517,198.14,419.3166,-1,4,15,100.0,,False,7091.999
1004,0.464,24.469,183.95,348.1496,-1,5,4,100.0,,False,40008.999
1005,4.229,35.913,265.34,674.516,-1,4,12,100.0,,False,13015.999
1007,0.594,16.848,131.85,160.9539,-1,6,13,100.0,,False,3170.999
1008,3.26,16.616,130.8,149.0078,-1,4,16,100.0,,False,27135.300065559244
1009,2.101,25.164,186.78,527.9657,-1,1,19,96.5,,False,8276.324357208712
1010,0.448,19.339,287.1,254.6217,-2,4,15,100.0,,False,4234.999
1012,2.627,28.606,213.7,425.3352,-1,5,5,100.0,,False,19722.999
1013,0.992,23.497,176.03,382.8942,-1,9,12,100.0,,False,2675.999
1014,3.435,27.204,203.44,409.2358,-1,4,13,100.0,,False,8121.999
1016,2.288,22.096,168.24,257.2105,-1,3,11,100.0,,False,17282.999
1018,2.512,30.046,223.24,518.2899,-1,3,9,100.0,,False,8838.999
1019,4.015,38.416,283.05,788.5278,-1,3,11,95.9,,False,10000.111222222222
1020,2.141,30.653,227.51,540.2747,-1,4,12,100.0,,False,2571.999
1021,2.786,23.236,176.25,279.2313,-1,2,6,98.8,,False,21753.999
1022,1.626,22.566,168.43,426.968,-1,2,24,100.0,,False,22167.43666023595
1025,3.598,28.506,212.97,423.3501,-1,4,7,100.0,,False,27977.666777777777
1027,3.013,30.519,226.62,530.3261,-1,4,15,100.0,,False,20139.999
1028,3.928,36.846,271.78,736.5343,-1,4,7,97.3,,False,4485.999
1030,1.074,36.209,266.95,757.3097,-1,6,12,100.0,,False,4059.999
1033,3.62,31.559,235.27,459.3488,-1,2,15,99.7,,False,3645.999
1034,2.197,20.883,155.37,472.9837,-1,1,22,96.5,,False,2117.5878218333437
1035,3.096,31.324,232.76,517.3921,-1,3,10,62.3,,False,8020.999
1036,3.53,40.62,298.99,844.6118,-1,3,6,98.0,,False,28114.999
1039,2.663,25.206,186.54,598.9248,-1,4,14,100.0,,False,8741.444555555556
1044,2.931,22.274,169.72,253.2523,-1,2,11,100.0,,False,13120.999
1045,2.748,26.968,201.71,407.1451,-1,6,9,100.0,,False,5937.999
1049,3.841,29.676,220.91,481.3008,-1,4,10,100.0,,False,7820.111222222222
1050,2.595,26.981,202.54,365.2709,-1,3,5,100.0,,False,9927.999
1051,4.443,29.424,219.88,421.369,-1,3,15,99.4,,False,3372.999
1055,2.2,24.089,181.75,317.2111,-1,2,15,100.0,,False,3803.999
1059,1.14,24.951,187.9,333.2058,-1,2,4,75.7,,False,1991.999
1060,2.494,28.203,210.41,443.2662,-1,4,12,100.0,,False,30868.999
1061,0.468,21.88,167.83,223.1326,-1,3,15,100.0,,False,28793.999
1062,2.146,25.747,193.54,351.1625,-1,4,13,100.0,,False,14365.999
1066,4.315,38.462,283.35,794.5415,-1,4,11,100.0,,False,9329.999
1067,3.68,28.268,211.42,409.3323,-1,4,11,100.0,,False,1307.999
1069,0.369,23.493,186.0,141.0152,-1,3,15,100.0,,False,867.2223333333334
1071,4.271,37.872,279.14,773.5365,-1,2,4,96.5,,False,93128.999
1072,2.024,28.029,209.31,429.3014,-1,3,12,100.0,,False,2720.999
1073,2.902,28.388,211.57,460.2841,-1,3,9,100.0,,False,8741.999
1077,3.421,41.264,303.7,850.602,-1,4,11,100.0,,False,9354.999
1078,4.509,29.116,217.48,427.3798,-1,4,15,100.0,,False,3120.999
1080,2.308,26.56,198.46,418.9729,-1,2,20,100.0,,False,9642.361024135891
1083,2.513,30.206,224.38,522.285,-1,4,13,100.0,,False,14417.999
1084,2.889,22.128,168.54,255.2333,-1,3,6,100.0,,False,17081.889
1085,4.453,36.911,272.51,702.5479,-1,4,9,100.0,,False,16655.999
1086,3.293,22.1,168.33,255.2267,-1,3,4,100.0,,False,33777.33344444444
1087,2.954,24.536,184.99,323.2586,-1,2,14,100.0,,False,16460.555666666667
1088,2.505,24.222,182.8,315.2523,-1,3,8,100.0,,False,5698.999
1090,0.748,17.746,134.2,292.8439,-1,7,15,100.0,,False,79242.999
1091,0.403,17.599,147.5,80.9635,-1,3,15,100.0,,False,24173.999
1094,3.849,45.247,332.21,1012.8023,-1,6,17,100.0,,False,14524.568720205218
1095,2.208,26.138,193.67,569.969,-1,3,14,100.0,,False,17302.666777777777
1096,1.241,18.69,146.59,157.1207,-1,3,15,100.0,,False,883.9002719759583
1097,3.083,30.318,226.66,417.3004,-1,3,12,98.3,,False,4582.999
1098,3.092,36.546,269.67,722.5165,-1,4,7,78.5,,False,42093.999
1103,3.301,40.012,294.76,800.5845,-1,3,8,100.0,,False,20557.999
1114,1.406,29.481,218.9,530.3104,-1,3,13,100.0,,False,1881.999
1116,3.096,26.277,197.16,369.3018,-1,3,19,100.0,,False,9856.446015380772
1118,4.058,27.25,204.49,369.3368,-1,3,13,100.0,,False,8454.999
1119,1.055,27.729,207.13,425.1172,-1,4,14,100.0,,False,8150.999
1120,3.245,24.733,186.43,325.2739,-1,2,16,100.0,,False,11745.598641074328
1123,2.914,34.129,252.51,628.364,-1,4,12,100.0,,False,17675.999
1124,1.701,25.62,192.96,333.2071,-1,2,8,100.0,,False,332.999
1125,2.844,28.466,212.1,464.2782,-1,4,11,100.0,,False,2253.999
1126,3.478,26.382,198.03,365.3419,-1,3,10,82.6,,False,559.999
1128,0.407,22.741,172.55,277.1535,-1,4,11,100.0,,False,1755.999
1131,2.431,27.693,207.67,377.2697,-1,3,15,100.0,,False,961.999
1132,1.522,21.458,317.73,287.6104,-2,4,11,100.0,,False,6477.999
1133,3.75,27.842,208.42,397.3322,-1,4,13,100.0,,False,8291.999
1137,1.726,26.391,197.74,385.2585,-1,4,13,100.0,,False,186.889
1139,0.382,16.701,135.23,109.0271,-1,2,13,100.0,,False,2924.999
1141,2.6,29.008,216.5,439.3417,-1,3,10,94.3,,False,7253.999
1146,3.178,27.18,203.11,419.2568,-1,2,13,100.0,,False,12170.333444444444
1147,4.355,40.075,294.73,883.5412,-1,3,7,100.0,,False,33204.11122222222
1148,2.577,30.781,228.85,505.354,-1,3,13,100.0,,False,2968.999
1149,3.397,39.135,288.4,776.5908,-1,5,3,100.0,,False,42395.999
1150,4.737,33.236,246.56,555.4438,-1,4,9,89.1,,False,5325.999
1154,2.089,24.635,182.61,555.952,-1,4,12,100.0,,False,10609.999
1156,3.642,16.639,130.98,149.0076,-1,4,7,100.0,,False,29801.111222222222
1157,3.834,32.426,240.72,537.4187,-1,2,4,85.0,,False,58370.55566666667
1158,2.482,26.726,200.17,390.265,-1,3,11,100.0,,False,5954.999
1159,4.074,40.932,300.94,907.5416,-1,6,11,100.0,,False,9656.999
1160,2.862,25.915,194.73,354.3008,-1,1,16,96.5,,False,1175.7778888888888
1161,3.884,30.281,225.28,493.39,-1,3,9,53.6,,False,13306.00011111111
1162,2.831,24.599,185.38,327.252,-1,2,14,100.0,,False,9827.822042159736
1164,2.908,28.241,210.95,425.3294,-1,4,8,100.0,,False,4034.444555555556
1165,2.482,40.252,296.02,891.4845,-1,5,11,100.0,,False,16926.999
1166,2.827,26.636,199.17,409.2373,-1,3,7,98.4,,False,29689.017562447058
1167,3.068,37.201,274.32,748.5337,-1,5,6,72.9,,False,40849.999
1168,1.461,17.148,131.45,221.9531,-1,5,11,100.0,,False,7659.999
1170,3.426,23.842,180.37,297.2217,-1,3,10,98.6,,False,7425.999
1171,2.27,19.702,147.08,418.9734,-1,2,19,100.0,,False,9561.352721448091
1172,3.494,31.082,231.3,489.3583,-1,2,13,84.0,,False,4187.999
1173,1.075,36.155,266.73,729.3714,-1,5,13,100.0,,False,7936.999
1175,2.59,23.237,176.26,279.2309,-1,2,12,90.0,,False,1132.1112222222223
1176,3.493,31.146,231.76,491.3761,-1,2,8,75.4,,False,12758.333444444444
1177,1.568,25.037,188.14,353.2327,-1,3,10,100.0,,False,1130.999
1178,3.64,39.042,287.54,810.5339,-1,3,11,100.0,,False,26904.111222222222
1179,3.22,25.995,194.73,387.0335,-1,4,11,100.0,,False,19960.999
1183,0.495,19.88,294.48,279.6132,-2,4,15,100.0,,False,4010.999
1184,2.394,22.093,163.95,523.9846,-1,1,20,98.4,,False,6451.386811450864
1185,2.845,27.974,209.52,391.2847,-1,3,8,92.3,,False,10412.999
1186,0.37,25.642,193.81,305.0222,-1,3,14,100.0,,False,811.999
1187,2.1,23.287,176.59,281.1384,-1,3,13,100.0,,False,17107.999
1188,3.224,30.881,229.78,491.374,-1,3,9,86.4,,False,8531.310541891446
1191,4.393,39.218,288.68,835.5396,-1,4,4,93.2,,False,17746.999
1194,2.192,23.483,174.82,468.9698,-1,3,13,100.0,,False,4499.999
1195,2.718,26.95,201.46,414.3009,-1,3,10,100.0,,False,4850.999
1197,4.334,41.258,303.31,913.587,-1,4,14,100.0,,False,8384.999
1198,3.467,32.796,243.5,537.5434,-1,3,6,76.4,,False,194.999
1199,0.425,20.195,152.72,295.9562,-1,6,3,100.0,,False,12950.999
1200,3.161,33.23,246.53,555.4289,-1,3,8,99.6,,False,21350.999
1202,2.944,25.536,192.15,341.2696,-1,3,11,100.0,,False,6901.999
1203,0.48,18.562,143.16,201.0206,-1,3,13,100.0,,False,2083.999
1204,1.736,18.696,140.33,353.9965,-1,1,16,96.5,,False,388.44205707287074
1205,3.183,31.339,233.17,493.3896,-1,3,6,71.2,,False,2406.999
1206,2.424,29.943,223.23,457.3532,-1,4,9,100.0,,False,5322.999
1207,3.239,25.225,191.27,283.2435,-1,3,9,97.0,,False,506.999
1213,3.54,36.166,266.92,714.5118,-1,5,8,91.8,,False,15826.999
1214,2.415,32.992,243.94,645.3069,-1,4,13,100.0,,False,19074.999
1216,4.454,32.508,241.5,523.4376,-1,4,10,100.0,,False,2646.444555555556
1217,3.305,37.116,273.72,746.5177,-1,5,7,74.9,,False,6113.999
1219,2.57,24.943,188.0,326.2689,-1,3,12,100.0,,False,11227.999
1221,2.501,30.864,228.97,552.2744,-1,3,8,100.0,,False,1695.999
1222,1.741,18.606,142.78,218.984,-1,3,13,100.0,,False,3013.999
1223,3.537,36.772,271.23,740.5274,-1,5,4,92.8,,False,24752.999
1224,2.477,24.463,184.7,312.2539,-1,2,9,100.0,,False,6139.3334444444445
1225,0.25,16.501,127.61,191.0182,-1,3,20,100.0,,False,1365.2619516673258
1226,3.927,37.969,279.85,774.5455,-1,4,5,81.8,,False,38755.999
1227,3.365,32.897,244.07,553.4122,-1,3,11,100.0,,False,2979.999
1228,4.003,36.403,268.68,712.4971,-1,3,12,100.0,,False,10861.00011111111
1229,2.302,26.67,197.49,588.009,-1,1,18,98.6,,False,8000.337316583183
1235,3.069,30.036,223.87,461.327,-1,2,11,82.4,,False,10103.999
1236,3.077,32.585,241.92,538.3521,-1,5,10,100.0,,False,13858.999
1237,0.478,19.448,148.43,242.9948,-1,3,12,100.0,,False,229.999
1239,3.287,29.386,218.67,488.3155,-1,1,11,96.5,,False,11016.999
1241,3.408,34.746,257.24,611.4903,-1,4,10,82.3,,False,12851.999
1242,3.752,34.803,257.67,609.4755,-1,8,10,91.1,,False,6329.999
1243,3.899,40.942,301.23,866.5977,-1,6,13,96.5,,False,7236.6667777777775
1244,3.175,33.943,251.32,606.38,-1,3,8,100.0,,False,17171.999
1245,2.902,26.778,200.56,390.2676,-1,3,12,100.0,,False,2668.999
1246,2.487,40.747,299.55,915.4856,-1,6,8,100.0,,False,15945.999
1247,2.774,25.204,190.29,313.2377,-1,3,14,100.0,,False,11269.999
1248,3.963,32.045,238.12,517.3914,-1,2,8,70.5,,False,7059.6667777777775
1252,2.599,31.063,230.93,507.3699,-1,3,11,75.9,,False,8102.999
1253,4.298,38.091,280.63,790.545,-1,3,5,98.7,,False,4316.444555555556
1254,4.683,23.97,181.34,297.2788,-1,3,6,100.0,,False,15801.999
1255,1.976,19.684,153.41,171.9968,-1,1,14,97.8,,False,1659.439445767297
1256,4.65,34.123,252.89,579.501,-1,4,12,90.3,,False,6303.2132122303465
1261,4.263,37.633,277.38,769.5092,-1,5,3,100.0,,False,23404.999
1262,0.652,19.527,149.58,227.0369,-1,3,15,100.0,,False,7409.999
1263,2.58,32.0,237.09,585.3063,-1,4,10,100.0,,False,3930.999
1267,2.48,31.649,236.06,452.2784,-1,3,11,100.0,,False,18394.999
1269,4.131,38.386,282.78,795.5247,-1,4,10,93.7,,False,18209.999
1270,1.521,29.204,217.32,487.2929,-1,3,4,81.2,,False,241.999
1271,2.821,27.661,206.6,426.3015,-1,3,10,100.0,,False,5110.999
1278,3.465,33.634,249.27,579.4426,-1,3,8,93.8,,False,2718.000111111111
1279,2.04,24.926,187.54,341.2692,-1,2,13,100.0,,False,6232.222333333333
1283,2.507,24.345,183.69,317.2113,-1,2,11,100.0,,False,9096.999
1285,3.315,31.107,231.39,497.3861,-1,3,14,100.0,,False,834.999
1286,2.797,29.898,222.77,465.3602,-1,3,8,91.4,,False,13632.666777777778
1287,2.653,25.617,192.51,353.2684,-1,3,10,86.5,,False,8145.889
1288,2.125,28.757,214.73,431.3166,-1,2,14,98.1,,False,5537.999
1290,2.022,21.349,158.96,460.9331,-1,3,13,100.0,,False,2784.999
1294,2.951,29.507,220.05,451.3432,-1,2,10,97.4,,False,8528.999
1295,1.527,21.162,313.82,269.6264,-2,4,11,100.0,,False,4329.999
1296,4.461,36.429,268.83,718.4859,-1,4,10,100.0,,False,5898.999
1297,2.962,31.912,237.21,511.401,-1,4,11,99.4,,False,2064.852220939102
1298,2.339,25.31,190.06,360.2202,-1,3,12,100.0,,False,12142.999
1299,0.534,16.77,128.26,230.9277,-1,5,15,100.0,,False,6022.999
1300,2.882,32.244,239.42,535.4003,-1,2,9,93.0,,False,11705.999
1301,2.986,25.995,195.32,355.2845,-1,4,9,100.0,,False,9187.889
1302,3.307,25.627,192.54,355.2857,-1,3,15,100.0,,False,1768.7871122902384
1304,2.839,30.983,230.54,491.374,-1,3,9,79.8,,False,6041.6667777777775
1305,0.368,27.859,208.73,387.0264,-1,4,11,100.0,,False,631.999
1307,2.604,29.949,223.22,461.3268,-1,2,7,97.6,,False,6479.999
1310,3.936,32.165,238.97,521.4232,-1,2,5,79.9,,False,24209.444555555554
1311,1.281,33.795,249.76,661.3872,-1,4,12,100.0,,False,9506.999
1313,2.787,31.08,230.57,552.3113,-1,3,11,100.0,,False,6348.999
1315,2.78,31.151,231.19,543.3196,-1,3,11,100.0,,False,13543.999
1317,1.528,23.212,175.21,313.1176,-1,5,10,100.0,,False,2342.999
1322,1.647,29.721,220.97,503.3256,-1,5,9,100.0,,False,10516.999
1325,0.362,16.457,131.02,130.0852,-1,2,14,100.0,,False,6841.999
1326,2.397,28.89,215.24,465.2862,-1,4,10,100.0,,False,14784.999
1327,4.123,41.041,301.96,868.6134,-1,3,4,82.4,,False,12241.999
1328,3.356,28.788,215.15,419.3168,-1,2,9,87.8,,False,15785.999
1333,3.116,30.367,226.25,467.3744,-1,2,6,97.8,,False,18687.000111111112
1335,2.335,24.832,186.76,345.2066,-1,4,8,100.0,,False,348.999
1342,1.986,19.706,151.1,223.0257,-1,4,18,100.0,,False,14154.37862814865
1343,2.505,28.538,212.44,479.2849,-1,4,14,100.0,,False,4200.999
1344,4.898,24.562,185.47,311.2943,-1,3,14,100.0,,False,1368.9909178053858
1345,2.826,33.327,246.8,600.3971,-1,2,10,99.4,,False,9154.999
1347,4.13,36.173,267.14,690.5111,-1,3,12,100.0,,False,6200.999
1349,0.649,19.386,148.35,231.0313,-1,4,13,100.0,,False,1670.999
1350,1.118,24.479,184.47,327.1583,-1,2,13,100.0,,False,8560.999
1354,3.154,29.816,221.91,485.3138,-1,2,11,100.0,,False,17628.999
1355,2.931,29.673,221.33,449.3271,-1,2,11,99.9,,False,8561.999
1356,2.953,29.102,217.23,437.3275,-1,2,8,71.6,,False,13110.444555555556
1358,2.393,24.733,183.66,518.9664,-1,3,13,100.0,,False,2548.999
1359,2.26,24.34,183.81,310.2372,-1,3,11,100.0,,False,14507.999
1363,4.52,34.139,253.04,577.4865,-1,3,8,83.4,,False,15454.463982896359
1366,0.36,23.585,178.22,305.0222,-1,3,15,100.0,,False,435.889
1368,3.603,31.711,235.66,515.3756,-1,2,11,94.5,,False,2238.4020533334915
1371,3.313,36.757,271.12,740.5272,-1,4,4,72.4,,False,23903.999
1372,3.177,33.108,245.47,569.368,-1,4,9,100.0,,False,18292.999
1373,2.381,21.289,160.32,329.0463,-1,4,16,100.0,,False,9537.24401489519
1374,2.476,30.821,228.62,555.2741,-1,4,11,100.0,,False,4208.999
1380,3.753,33.853,250.99,569.4806,-1,4,9,98.7,,False,5205.111222222222
1381,2.743,29.365,218.6,480.3087,-1,2,11,96.5,,False,16556.789423937924
1384,0.439,18.147,139.39,215.0,-1,2,12,100.0,,False,1617.999
1385,0.725,27.286,203.53,445.2388,-1,3,4,100.0,,False,84600.44455555556
1386,2.212,25.471,191.45,351.2533,-1,2,12,100.0,,False,8310.999
1387,1.481,31.186,231.43,545.3343,-1,4,8,100.0,,False,784.999
1389,4.215,40.076,294.81,872.5458,-1,4,4,100.0,,False,2790.999
1391,3.806,36.905,272.18,742.5442,-1,4,6,63.1,,False,20272.999
1392,4.047,29.364,219.18,437.3639,-1,3,15,99.9,,False,1691.999
1393,1.725,14.252,115.43,108.0199,-1,2,12,100.0,,False,10028.999
1394,3.947,39.489,290.58,855.5095,-1,5,13,100.0,,False,8394.999
1396,3.989,33.199,251.99,281.2478,-1,3,15,100.0,,False,10746.999
1397,2.715,32.498,241.28,537.3302,-1,3,9,100.0,,False,179.999
1398,3.4,29.597,220.15,494.3273,-1,3,9,93.7,,False,17794.999
1399,4.07,37.426,275.9,760.535,-1,9,8,93.7,,False,444.6137849070319
1400,2.698,31.326,232.92,505.3536,-1,2,10,98.0,,False,3629.999
1401,3.779,32.033,237.75,543.408,-1,3,14,96.4,,False,3964.999
1404,3.478,34.245,253.54,608.3951,-1,3,12,100.0,,False,8297.999
1405,3.31,19.998,154.09,205.1601,-1,3,7,100.0,,False,56531.34577636252
1406,3.058,27.819,208.12,405.3,-1,2,8,100.0,,False,820.999
1407,2.997,30.88,229.76,491.3757,-1,2,7,73.0,,False,2381.999
1408,3.376,23.427,177.71,279.2313,-1,2,6,95.8,,False,15120.999
1409,2.635,26.917,201.87,375.29,-1,2,15,100.0,,False,258.999
1410,1.587,27.204,203.18,426.2651,-1,3,15,100.0,,False,19363.999
1411,0.937,27.067,202.61,397.2047,-1,4,12,100.0,,False,4219.999
1412,2.593,25.752,193.53,353.2697,-1,3,12,94.3,,False,9760.999
1414,3.154,34.261,253.57,619.4593,-1,2,9,99.7,,False,4889.999
1418,3.762,41.042,301.7,917.5482,-1,4,6,100.0,,False,4238.999
1420,0.533,16.383,130.17,133.0637,-1,2,9,100.0,,False,2838.999
1421,4.724,38.16,281.51,733.5556,-1,3,11,100.0,,False,14944.999
1422,1.351,35.357,260.63,761.341,-1,5,9,100.0,,False,5038.999
1423,0.409,24.133,187.15,187.0059,-1,3,12,100.0,,False,17178.000111111112
1424,2.826,24.043,181.45,315.253,-1,3,10,100.0,,False,3344.999
1426,1.735,31.959,238.89,420.9917,-1,1,11,96.5,,False,5046.999
1427,1.344,35.06,258.79,705.4141,-1,4,13,100.0,,False,7822.999
1428,1.724,18.336,145.48,136.0142,-1,1,10,97.3,,False,12032.999
1429,2.472,27.902,208.67,409.3048,-1,4,8,88.4,,False,9020.999
1430,3.521,38.936,286.76,808.5188,-1,4,11,100.0,,False,14649.555666666667
1431,1.243,19.607,149.77,239.0657,-1,3,13,100.0,,False,1486.999
1433,2.21,25.987,192.52,573.1223,-1,4,5,57.9,,False,25888.192653301303
1434,2.35,29.77,221.61,481.3001,-1,4,9,96.5,,False,667.999
1435,3.421,28.402,212.24,420.3233,-1,3,4,93.7,,False,535.999
1436,2.758,30.617,227.9,483.3721,-1,3,8,82.4,,False,16448.99451435857
1437,2.855,32.037,237.61,559.3807,-1,2,8,100.0,,False,6941.999
1439,4.244,33.34,247.16,573.455,-1,5,5,93.7,,False,27845.999
1441,3.477,29.303,218.78,433.333,-1,4,16,100.0,,False,2731.8912516046007
1442,3.38,28.062,210.12,395.3157,-1,2,9,96.5,,False,713.999
1443,1.569,24.547,184.77,337.2368,-1,3,11,100.0,,False,3905.999
1444,1.45,27.611,206.13,433.281,-1,3,11,100.0,,False,6551.999
1445,3.651,25.619,192.77,341.3058,-1,3,8,100.0,,False,1131.999
1447,3.004,29.138,218.12,399.327,-1,4,13,82.4,,False,2981.999
1448,4.146,21.941,165.94,297.0456,-1,2,8,100.0,,False,23489.999
1450,2.713,24.036,181.4,315.2521,-1,3,7,100.0,,False,7412.999
1452,0.371,17.95,140.31,164.0693,-1,2,13,100.0,,False,5743.999
1453,3.556,32.746,243.69,491.3205,-1,4,10,98.4,,False,8706.999
1454,3.94,33.111,245.46,571.4426,-1,6,4,100.0,,False,303.999
1458,4.18,36.195,267.09,719.4911,-1,3,10,100.0,,False,8753.999
1461,2.784,45.539,334.02,1097.6869,-1,4,11,100.0,,False,10288.999
1462,1.494,26.63,198.96,421.2256,-1,5,14,100.0,,False,1513.999
1463,3.074,26.497,198.84,368.3162,-1,1,18,96.5,,False,8617.059233012485
1465,3.877,23.761,179.86,293.247,-1,2,11,100.0,,False,9104.999
1466,0.786,26.341,197.1,401.2161,-1,2,5,100.0,,False,139.999
1468,4.179,32.463,240.92,545.4234,-1,4,13,99.6,,False,3061.8084534813706
1469,3.713,25.214,191.13,285.2566,-1,3,13,100.0,,False,10165.999
1472,4.004,29.114,217.31,437.367,-1,2,8,98.4,,False,10644.155212176312
1473,2.793,31.241,232.83,463.344,-1,2,8,81.2,,False,3472.999
1474,2.521,28.856,215.38,437.3274,-1,2,6,83.7,,False,2008.999
1475,2.87,29.095,216.47,490.2941,-1,2,10,100.0,,False,10653.999
1477,2.785,28.704,213.84,466.2941,-1,4,7,100.0,,False,16613.999
1478,1.536,28.265,208.17,775.6824,-1,3,15,100.0,,False,6942.999
1479,3.428,29.979,223.41,463.3439,-1,2,10,79.7,,False,17256.889
1480,2.95,27.531,205.5,435.252,-1,2,4,96.5,,False,11419.999
1481,3.721,31.375,233.43,493.3908,-1,4,9,70.2,,False,11798.381140493866
1483,2.175,27.781,207.79,407.282,-1,3,15,100.0,,False,1586.999
1484,4.076,31.755,236.51,475.3773,-1,4,8,69.8,,False,2183.9289732877805
1485,2.674,30.166,225.04,447.3842,-1,3,13,100.0,,False,2090.999
1486,1.216,32.476,240.33,617.36,-1,4,12,100.0,,False,8652.999
1487,2.336,28.96,215.59,479.3381,-1,3,11,74.8,,False,6730.999
1488,4.054,30.61,227.96,475.3793,-1,3,9,83.8,,False,5459.000111111111
1490,1.98,19.68,151.05,218.9841,-1,3,12,100.0,,False,3429.999
1493,3.006,29.361,218.54,483.2976,-1,4,8,100.0,,False,1309.1112222222225
1494,4.17,38.887,286.33,821.5301,-1,3,8,100.0,,False,8029.999
1495,2.096,23.322,176.68,287.2223,-1,3,12,100.0,,False,4716.3334444444445
1498,2.394,22.072,163.79,525.1131,-1,4,6,57.1,,False,19173.333444444444
1499,1.051,22.141,167.61,291.0353,-1,5,11,100.0,,False,3847.999
1500,3.062,27.968,208.87,428.3169,-1,2,13,100.0,,False,3879.999
1501,3.014,32.411,240.6,540.3672,-1,4,9,100.0,,False,15600.999
1502,0.943,17.107,132.99,176.9486,-1,5,12,100.0,,False,1301.999
1503,3.902,39.678,292.01,849.5187,-1,3,9,100.0,,False,1302.999
1504,2.575,28.955,214.94,534.9481,-1,7,9,100.0,,False,1250.999
1505,2.208,26.109,193.94,514.9812,-1,3,18,100.0,,False,4216.965887974684
1507,2.329,34.503,254.7,701.2951,-1,4,15,100.0,,False,11623.999
1509,3.767,30.153,223.77,543.0575,-1,5,11,100.0,,False,518.999
1510,1.717,18.291,150.93,92.0246,-1,1,12,97.3,,False,10353.999
1511,2.36,23.586,177.84,321.1753,-1,4,8,97.4,,False,36176.10622293589
1512,2.399,27.41,204.91,414.265,-1,3,11,100.0,,False,1636.999
1514,2.941,31.406,233.8,483.3689,-1,4,6,78.6,,False,7083.999
1515,2.697,26.15,196.25,367.2856,-1,3,13,77.9,,False,5300.222333333333
1516,3.383,46.401,340.32,1105.7501,-1,5,11,100.0,,False,11091.999
1517,0.445,20.316,155.01,245.0493,-1,3,4,100.0,,False,1694.999
1518,2.415,28.966,216.24,435.311,-1,2,12,90.1,,False,6166.999
1519,3.787,45.692,335.37,1036.8029,-1,8,12,100.0,,False,2258.999
1521,0.363,25.697,192.49,387.0256,-1,3,14,100.0,,False,564.999
1525,2.046,21.96,325.2,287.1415,-2,4,11,100.0,,False,1222.999
1527,2.482,23.969,186.4,179.1063,-1,3,10,100.0,,False,17995.999
1528,3.56,23.634,178.95,291.2319,-1,3,15,100.0,,False,3591.999
1531,3.971,45.921,337.05,1038.8194,-1,6,14,100.0,,False,986.999
1535,3.137,34.071,252.25,609.4747,-1,3,7,94.1,,False,14086.999
1536,4.482,31.244,232.41,497.4196,-1,4,9,100.0,,False,1909.999
1537,1.678,27.549,205.7,430.2982,-1,3,6,100.0,,False,17270.999
1543,1.183,29.198,217.12,499.2921,-1,3,14,100.0,,False,4006.999
1544,3.279,40.54,298.4,844.6105,-1,4,5,68.6,,False,19914.999
1545,2.327,30.544,226.66,544.2691,-1,4,10,100.0,,False,4839.999
1546,0.458,26.65,206.73,187.0057,-1,3,10,100.0,,False,30772.999
1549,2.617,33.802,249.96,643.3689,-1,4,5,100.0,,False,103.999
1551,2.427,23.474,177.63,295.2261,-1,2,5,83.5,,False,8069.555666666666
1553,1.967,21.467,163.96,241.1796,-1,2,10,100.0,,False,3752.999
1555,2.949,30.228,224.71,508.3064,-1,3,4,73.0,,False,7041.999
1556,3.011,31.971,237.4,533.3858,-1,2,10,78.8,,False,10017.999
1557,3.309,27.038,202.65,382.3326,-1,3,15,99.7,,False,9167.999
1558,4.389,33.923,251.4,581.4809,-1,2,13,100.0,,False,2350.999
1560,3.039,28.777,215.11,417.3003,-1,2,11,47.5,,False,2875.999
1562,3.046,32.028,237.83,533.3851,-1,2,7,98.5,,False,6971.999
1564,4.179,29.841,222.57,449.365,-1,3,12,94.8,,False,5564.17484563339
1565,3.432,34.165,252.94,609.4757,-1,5,8,91.9,,False,12383.999
1566,2.626,28.309,210.83,471.2517,-1,3,7,100.0,,False,2578.999
1570,2.086,25.105,186.34,529.097,-1,3,3,60.1,,False,42640.180487398655
1572,1.093,23.354,176.28,313.118,-1,4,13,100.0,,False,546.999
1573,2.242,27.821,208.71,373.2738,-1,3,11,100.0,,False,5594.999
1574,3.328,33.542,248.74,565.3644,-1,3,8,100.0,,False,7100.999
1578,3.325,30.142,224.17,499.3272,-1,4,10,100.0,,False,2955.999
1581,0.525,16.671,131.23,149.0584,-1,2,11,100.0,,False,6229.999
1586,3.522,33.407,247.74,565.4485,-1,4,5,98.9,,False,6438.999
1588,3.925,28.491,212.96,417.3741,-1,3,14,100.0,,False,2105.999
1589,0.521,19.29,147.15,245.0107,-1,4,9,100.0,,False,1230.999
1593,2.092,25.142,186.63,526.9626,-1,2,17,100.0,,False,12406.097995187305
1594,2.916,25.561,192.29,343.284,-1,3,10,100.0,,False,11575.999
1596,3.64,30.18,224.65,483.3654,-1,3,10,100.0,,False,21082.999
1597,2.812,29.958,222.58,517.3078,-1,4,7,100.0,,False,24381.999
1598,1.979,33.533,248.39,594.3423,-1,4,4,100.0,,False,194.999
1602,4.206,27.904,208.64,411.351,-1,4,10,100.0,,False,10274.172728657819
1603,2.816,30.686,228.35,489.358,-1,4,8,72.3,,False,13703.889
1604,0.38,16.565,136.46,93.0327,-1,2,14,100.0,,False,4410.999
1605,1.454,28.422,211.27,506.266,-1,5,15,100.0,,False,5807.999
1606,3.452,32.021,237.94,519.406,-1,3,4,60.6,,False,14298.999
1607,2.55,28.902,214.92,498.2666,-1,2,4,100.0,,False,21304.999
1611,3.71,27.411,203.37,543.0575,-1,5,11,100.0,,False,5607.999
1612,2.955,26.523,198.63,390.2708,-1,3,4,100.0,,False,13148.999
1615,2.604,27.993,209.7,389.2689,-1,2,13,86.0,,False,1981.999
1616,3.749,30.222,224.66,508.3413,-1,2,10,96.5,,False,8651.555666666667
1617,2.514,26.656,199.78,382.2953,-1,2,12,100.0,,False,9609.999
1618,2.195,20.921,155.64,474.1104,-1,2,3,50.4,,False,21160.999
1619,1.032,17.048,130.71,220.9404,-1,6,6,100.0,,False,140.999
1620,2.972,32.935,244.33,555.4294,-1,2,8,82.4,,False,7657.999
1624,2.328,32.325,239.19,619.432,-1,4,4,55.8,,False,22531.999
1625,2.435,23.522,178.4,280.2626,-1,3,10,100.0,,False,5716.999
1626,3.412,22.456,170.99,257.2257,-1,3,11,100.0,,False,3311.999
1627,3.134,34.223,253.18,630.3807,-1,3,15,100.0,,False,10497.999
1628,3.322,28.144,210.16,430.3328,-1,1,13,96.5,,False,6958.999
1629,3.259,27.759,207.46,418.3011,-1,1,12,96.5,,False,14432.999
1630,0.768,16.14,125.94,167.0193,-1,3,14,100.0,,False,13547.999
1631,3.146,23.44,177.69,283.2622,-1,3,10,93.7,,False,6914.999
1632,1.499,24.213,182.73,315.1812,-1,3,9,100.0,,False,21013.999
1634,4.312,37.624,277.49,744.5575,-1,2,6,93.1,,False,9203.999
1635,3.647,27.844,208.44,397.3319,-1,3,12,97.4,,False,3187.999
1636,1.432,17.591,132.54,318.9783,-1,3,15,100.0,,False,7278.777888888889
1637,3.31,22.943,173.86,285.1335,-1,4,22,100.0,,False,7607.420567558859
1638,2.233,24.044,182.06,291.199,-1,3,23,99.6,,False,1413.370285700049
1640,2.023,29.692,220.94,489.3432,-1,3,8,100.0,,False,4519.999
1641,1.467,22.306,169.24,277.1432,-1,3,9,100.0,,False,10750.999
1642,0.461,24.99,193.82,187.0042,-1,4,6,100.0,,False,21485.999
1643,3.243,33.134,245.56,577.4288,-1,4,4,96.9,,False,24990.111222222222
1644,2.648,32.097,238.11,555.3183,-1,3,10,100.0,,False,10185.999
1645,4.273,31.551,234.63,501.3983,-1,2,6,76.7,,False,4615.555666666667
1646,3.407,25.431,190.99,359.153,-1,5,15,100.0,,False,10130.601361231558
1647,1.852,29.622,220.44,487.3278,-1,2,8,93.9,,False,5287.999
1648,1.651,25.318,190.14,359.2794,-1,3,8,100.0,,False,11177.999
1649,3.694,33.557,248.94,557.4526,-1,4,8,91.5,,False,7832.999
1650,2.922,32.184,238.91,540.3317,-1,4,13,100.0,,False,5769.999
1653,2.23,25.134,189.07,343.2845,-1,3,13,99.9,,False,5444.999
1654,3.325,32.233,239.35,533.3852,-1,2,7,78.4,,False,6719.999
1655,2.777,29.779,221.95,461.3271,-1,2,10,82.4,,False,2989.999
1656,2.773,22.895,170.12,501.9595,-1,3,14,100.0,,False,6437.999
1658,4.77,28.31,211.21,443.248,-1,4,15,100.0,,False,10397.999
1659,4.139,26.229,197.04,357.2788,-1,3,13,100.0,,False,2996.999
1660,4.301,28.69,214.52,413.3639,-1,3,12,100.0,,False,2528.999
1662,3.139,31.403,233.83,479.3386,-1,3,7,98.7,,False,5988.999
1663,3.025,23.832,178.08,414.9492,-1,2,6,100.0,,False,397.999
1664,1.202,23.651,178.62,309.2066,-1,2,11,90.1,,False,1922.999
1666,2.861,27.846,208.15,416.3164,-1,1,11,96.5,,False,7068.999
1672,3.132,33.142,246.6,494.3262,-1,4,12,100.0,,False,10707.999
1674,0.247,24.676,360.98,617.7395,-2,5,14,100.0,,False,5732.999
1675,3.418,40.226,296.09,840.5829,-1,6,9,97.0,,False,10461.999
1676,3.204,30.629,228.12,474.2859,-1,3,6,100.0,,False,115.44455555555558
1679,1.475,24.519,184.64,333.2046,-1,2,9,100.0,,False,2682.999
1680,1.599,23.297,176.34,293.2106,-1,2,12,100.0,,False,2700.999
1684,2.124,19.643,152.32,185.1523,-1,2,13,100.0,,False,5913.3334444444445
1685,2.182,20.819,159.83,218.9845,-1,2,22,100.0,,False,1992.1313674596195
1686,2.524,28.994,216.42,437.3262,-1,2,7,85.0,,False,9130.999
1688,4.542,32.357,240.31,529.428,-1,3,12,82.6,,False,9922.555666666667
1692,3.17,27.364,204.42,423.2512,-1,3,13,100.0,,False,6704.999
1693,2.294,31.21,231.46,560.2843,-1,4,9,100.0,,False,13311.999
1694,3.41,28.072,210.08,401.3424,-1,3,12,97.7,,False,2048.999
1696,4.536,41.061,302.1,868.6132,-1,3,7,92.9,,False,5985.999
1697,3.854,32.888,244.07,547.4376,-1,5,10,84.5,,False,4636.999
1698,3.564,36.096,274.1,279.2341,-1,3,6,100.0,,False,794.999
1699,2.48,26.277,196.51,407.223,-1,3,4,100.0,,False,13723.999
1700,1.274,20.312,155.28,236.1042,-1,3,11,75.9,,False,3721.999
1701,4.012,28.374,212.38,399.3475,-1,3,14,100.0,,False,1243.999
1702,3.402,27.459,205.58,395.3171,-1,2,10,97.4,,False,6165.111222222222
1703,2.723,26.535,198.94,378.3,-1,1,11,96.5,,False,487.999
1704,3.191,29.129,216.95,471.3346,-1,4,19,100.0,,False,5349.107475169618
1706,0.462,16.044,126.08,152.0336,-1,2,12,100.0,,False,6731.999
1707,2.604,23.189,175.52,293.2107,-1,2,12,93.7,,False,3283.999
1708,3.437,37.167,273.99,762.5137,-1,6,5,71.6,,False,5886.999
1711,4.14,40.859,300.61,866.5977,-1,5,8,100.0,,False,5316.999
1712,3.287,29.613,221.03,439.3423,-1,2,5,76.5,,False,10363.999
1717,2.197,20.824,158.15,269.9849,-1,2,22,100.0,,False,1049.7792124455318
1718,1.276,34.811,257.01,697.3641,-1,6,12,100.0,,False,4405.999
1719,4.078,30.294,225.58,475.3826,-1,3,4,95.3,,False,6117.889
1724,2.925,29.966,223.2,471.3514,-1,3,4,100.0,,False,46515.777888888886
1725,3.223,29.864,222.72,451.3432,-1,2,5,56.8,,False,4782.999
1727,1.796,14.889,119.26,121.027,-1,2,13,100.0,,False,6697.929393589275
1730,0.67,17.326,132.01,248.8936,-1,6,12,100.0,,False,26055.999
1731,1.352,26.241,195.96,427.1325,-1,5,13,100.0,,False,6106.999
1732,2.167,20.82,159.68,222.9976,-1,1,17,98.1,,False,1424.0823358293082
1733,4.194,33.321,247.07,567.4662,-1,5,15,90.5,,False,9727.713265009172
1735,4.524,29.868,221.8,528.2746,-1,4,15,100.0,,False,3404.69594505701
1736,1.559,30.04,223.33,505.3388,-1,3,10,100.0,,False,4730.999
1737,3.19,25.194,189.44,347.2214,-1,3,13,100.0,,False,266.999
1738,4.075,30.029,223.81,461.3648,-1,3,7,90.9,,False,2211.999
1739,2.083,25.732,192.94,376.2254,-1,3,12,100.0,,False,660.4445555555556
1740,1.677,19.136,149.17,171.1368,-1,2,16,100.0,,False,2214.392490693227
1741,4.06,32.659,242.63,523.4371,-1,4,11,96.6,,False,2975.222333333333
1742,2.191,20.827,158.06,273.9982,-1,1,23,98.4,,False,851.0130321831894
1743,2.382,22.55,171.26,271.2263,-1,3,11,96.0,,False,12631.068429113562
1744,4.429,37.856,279.14,754.5486,-1,3,7,98.0,,False,10401.999
1746,2.5,30.686,227.74,542.2903,-1,4,10,100.0,,False,5959.999
1749,1.811,26.727,200.19,389.2696,-1,2,10,100.0,,False,2723.999
1750,2.518,31.284,231.95,566.2901,-1,4,10,100.0,,False,1745.999
1752,2.893,31.173,231.24,554.3261,-1,3,12,100.0,,False,8859.999
1756,2.69,26.28,196.73,395.2197,-1,3,11,100.0,,False,6867.999
1757,2.096,23.248,177.31,249.112,-1,2,15,100.0,,False,10267.999
1758,3.101,33.522,248.43,581.4445,-1,3,11,76.5,,False,2243.999
1760,2.192,29.926,222.36,516.2753,-1,4,10,100.0,,False,6567.999
1761,3.35,27.808,207.82,418.3023,-1,1,8,96.5,,False,12740.999
1764,4.181,39.418,290.15,837.5535,-1,3,10,100.0,,False,2352.999
1765,1.06,28.409,211.88,449.1611,-1,3,13,100.0,,False,4532.999
1766,3.537,33.185,246.14,561.4165,-1,6,10,89.6,,False,2072.999
1767,2.593,25.523,192.01,343.2266,-1,2,5,100.0,,False,241.999
1768,3.546,31.447,234.1,483.3701,-1,3,9,82.4,,False,2281.999
1770,2.611,25.119,189.0,341.2704,-1,2,6,100.0,,False,24468.556006862207
1771,1.505,29.177,217.02,495.2597,-1,3,7,100.0,,False,151.999
1773,1.258,27.905,208.41,427.218,-1,4,7,100.0,,False,1321.999
1777,3.723,23.685,179.5,285.2575,-1,3,14,100.0,,False,6075.999
1778,1.953,23.92,180.33,323.1981,-1,3,14,100.0,,False,4347.568864024963
1780,0.373,19.733,152.14,203.0804,-1,2,13,100.0,,False,2320.999
1781,2.749,28.722,214.57,425.3284,-1,4,9,100.0,,False,4341.999
1782,2.462,32.499,241.13,552.3368,-1,3,10,93.7,,False,4855.999
1783,3.334,22.571,171.6,265.216,-1,2,11,100.0,,False,16289.304819129113
1784,2.356,30.218,224.96,481.3537,-1,2,5,82.4,,False,7787.999
1785,2.298,38.712,283.62,1179.0457,-1,5,5,100.0,,False,25373.555666666667
1786,3.06,46.0,337.39,1101.718,-1,5,11,100.0,,False,8539.999
1787,2.052,24.916,187.56,337.237,-1,2,10,85.8,,False,3425.999
1788,3.08,23.506,178.25,281.2823,-1,2,10,100.0,,False,6218.999
1789,2.881,29.961,222.88,494.3252,-1,3,10,96.5,,False,6515.111222222222
1791,3.001,32.21,238.92,557.3353,-1,4,4,100.0,,False,14159.999
1792,3.6,38.427,283.03,805.4968,-1,3,12,100.0,,False,8489.738698329209
1794,2.001,24.346,183.51,325.237,-1,2,16,97.3,,False,3320.7694157266988
1796,2.873,31.896,236.88,530.3029,-1,4,11,98.7,,False,4501.999
1799,4.137,38.03,280.54,737.54,-1,3,13,100.0,,False,4301.999
1800,3.178,40.467,297.88,842.5975,-1,3,4,97.2,,False,7637.999
1801,2.899,26.875,200.85,417.2405,-1,3,11,99.9,,False,5180.999
1803,2.749,31.852,237.41,463.3426,-1,3,10,98.4,,False,8993.999
1807,2.621,32.73,242.17,623.322,-1,3,12,100.0,,False,7310.999
1808,3.827,32.759,243.1,547.4389,-1,5,10,67.0,,False,3151.5556666666666
1810,4.248,36.045,266.13,698.5157,-1,4,5,96.8,,False,11306.999
1811,1.136,31.134,230.77,573.3328,-1,4,10,100.0,,False,6502.999
1812,2.154,30.519,227.15,485.3291,-1,4,3,100.0,,False,50747.999
1813,1.052,24.792,185.81,380.1153,-1,4,10,100.0,,False,955.999
1814,2.547,27.909,208.72,409.2968,-1,2,11,88.4,,False,6193.999
1818,2.284,25.642,192.54,361.2372,-1,2,19,100.0,,False,393.5713970474038
1820,2.75,25.436,191.35,343.2839,-1,3,9,100.0,,False,4038.999
1821,2.51,27.144,202.66,431.2186,-1,2,13,100.0,,False,5791.999
1822,4.157,40.108,295.06,869.562,-1,2,7,96.8,,False,6563.999
1824,2.851,37.254,274.73,748.5338,-1,4,3,52.5,,False,30803.999
1825,1.334,36.043,265.82,741.3905,-1,5,12,100.0,,False,4863.999
1826,3.866,38.012,280.11,781.4997,-1,3,6,100.0,,False,4936.999
1828,3.456,36.638,270.24,738.5132,-1,4,6,55.0,,False,12706.999
1829,1.548,28.753,214.01,481.2838,-1,4,5,100.0,,False,742.999
1830,2.42,31.264,232.2,526.319,-1,3,6,100.0,,False,5357.777888888889
1831,3.01,36.619,270.22,722.5177,-1,4,3,94.5,,False,31967.999
1833,3.558,33.244,246.12,607.3915,-1,4,4,99.2,,False,9403.999
1834,2.673,23.032,174.59,283.2256,-1,2,13,98.2,,False,5994.164890154369
1835,3.539,35.559,271.97,241.2153,-1,3,11,100.0,,False,7075.999
1836,1.635,19.373,150.33,183.1368,-1,2,13,100.0,,False,3157.999
1837,3.016,24.045,181.93,296.2409,-1,1,12,97.6,,False,20016.999
1840,2.214,37.559,275.23,1146.9909,-1,5,4,100.0,,False,28004.999
1841,0.655,17.435,135.98,169.0643,-1,2,7,100.0,,False,2174.999
1843,2.821,27.507,205.51,422.2676,-1,1,12,97.3,,False,6838.999
1844,3.005,26.115,196.24,354.3002,-1,1,10,96.5,,False,5326.999
1845,4.405,34.649,256.71,589.5213,-1,2,11,100.0,,False,1115.1065467807473
1847,3.492,32.983,244.64,559.4007,-1,4,12,90.7,,False,3186.999
1849,4.297,29.979,223.57,451.3795,-1,3,11,99.6,,False,6091.180088287117
1852,3.141,28.277,211.42,413.3076,-1,3,12,93.7,,False,2799.999
1857,1.887,29.231,217.49,489.2665,-1,3,6,100.0,,False,431.999
1858,4.234,30.657,228.8,441.3955,-1,3,9,100.0,,False,1870.999
1859,3.717,27.372,204.67,411.2514,-1,3,13,100.0,,False,5070.999
1860,3.738,29.348,218.74,460.3477,-1,3,9,100.0,,False,8417.999
1862,0.468,16.847,129.69,205.9394,-1,5,13,100.0,,False,2902.999
1865,1.456,21.397,162.32,277.0298,-1,5,13,100.0,,False,6220.999
1866,0.965,26.172,195.67,411.2028,-1,4,12,100.0,,False,183.77788888888887
1869,1.482,25.509,191.25,377.1998,-1,4,13,100.0,,False,4830.999
1871,2.955,24.166,184.04,257.2267,-1,3,10,97.8,,False,19759.999
1874,0.529,25.023,188.89,314.1013,-1,3,8,100.0,,False,1918.999
1877,3.389,31.104,232.05,447.3127,-1,3,11,100.0,,False,1558.999
1878,0.489,14.865,119.07,121.0273,-1,2,17,100.0,,False,4206.684498052394
1879,2.503,25.577,192.27,350.2692,-1,1,12,96.5,,False,446.999
1880,2.781,28.15,209.99,445.3175,-1,4,7,100.0,,False,1081.7778888888888
1881,0.856,20.528,156.7,243.0675,-1,3,12,100.0,,False,7842.999
1883,2.392,26.293,197.25,371.3152,-1,2,13,99.5,,False,3773.999
1884,2.314,30.243,224.47,539.3426,-1,4,14,100.0,,False,13102.999
1888,0.477,17.407,137.5,143.106,-1,2,12,100.0,,False,11958.999
1891,3.979,23.295,174.45,387.0342,-1,4,6,100.0,,False,21135.999
1893,1.092,35.907,264.9,727.3556,-1,5,12,100.0,,False,2902.999
1895,2.942,23.243,176.25,281.2467,-1,2,10,88.7,,False,4302.999
1897,2.847,33.01,244.23,625.3385,-1,3,10,100.0,,False,1598.999
1900,4.302,29.296,218.63,439.381,-1,3,4,100.0,,False,3283.999
1901,3.253,32.598,241.66,571.3534,-1,2,7,98.4,,False,13838.999
1902,4.193,39.742,292.47,849.5558,-1,4,11,100.0,,False,3983.1112222222223
1905,0.243,37.531,275.74,942.3516,-1,4,14,89.9,,False,6869.999
1906,0.772,19.671,150.27,239.0653,-1,3,13,100.0,,False,764.999
1907,1.363,26.35,197.04,409.1661,-1,3,10,100.0,,False,4747.999
1909,2.712,32.083,239.08,466.2944,-1,3,13,100.0,,False,8490.999
1911,2.585,23.332,172.99,547.9661,-1,2,19,100.0,,False,4663.478278036503
1912,2.91,32.154,238.35,573.3455,-1,3,6,100.0,,False,1071.999
1914,4.623,25.301,190.5,335.2944,-1,3,17,100.0,,False,5179.944007349649
1915,3.009,31.945,237.23,531.3699,-1,2,12,89.3,,False,4268.999
1920,2.673,28.31,210.94,462.269,-1,4,8,100.0,,False,13820.999
1925,2.569,25.03,188.43,336.2555,-1,1,9,96.5,,False,20455.889
1926,3.653,30.516,228.07,421.3312,-1,3,8,66.4,,False,2518.999
1928,2.395,22.155,164.59,502.9857,-1,2,19,100.0,,False,3805.9369596472193
1932,2.451,28.899,214.97,493.2989,-1,3,13,100.0,,False,875.999
1933,2.799,33.318,246.88,585.3332,-1,3,13,100.0,,False,6072.999
1934,0.492,16.316,126.35,186.978,-1,4,12,100.0,,False,7787.999
1936,3.453,24.659,186.11,315.2316,-1,2,12,100.0,,False,1953.999
1937,2.197,20.939,155.98,451.9851,-1,2,23,100.0,,False,1201.4391433854107
1938,1.873,23.01,174.32,286.9415,-1,7,10,100.0,,False,1037.999
1939,3.345,33.11,245.5,568.3648,-1,4,14,100.0,,False,4847.999
1940,3.503,26.244,197.49,341.2689,-1,3,13,99.1,,False,2913.999
1941,2.755,30.525,226.61,535.3051,-1,3,14,100.0,,False,3944.999
1945,3.544,24.118,185.95,205.1944,-1,2,14,100.0,,False,5976.999
1946,1.847,33.123,246.29,507.279,-1,3,12,100.0,,False,508.999
1948,1.976,25.662,192.74,359.2209,-1,2,9,100.0,,False,109.999
1949,3.62,33.032,244.62,599.3824,-1,4,11,100.0,,False,7735.999
1951,0.398,23.542,180.62,223.0183,-1,3,13,100.0,,False,639.999
1952,2.458,33.656,249.41,583.258,-1,4,12,100.0,,False,341.0001111111111
1953,1.049,29.678,220.37,529.3066,-1,4,12,100.0,,False,4905.999
1954,3.883,38.915,286.56,817.5089,-1,4,9,100.0,,False,13317.999
1955,4.091,29.977,223.93,427.3793,-1,3,10,100.0,,False,2965.999
1956,3.435,33.777,250.61,553.4136,-1,3,8,99.7,,False,4915.999
1958,3.003,34.214,253.14,628.3636,-1,5,7,100.0,,False,9454.999
1959,2.4,30.369,225.41,539.2405,-1,3,15,100.0,,False,4860.999
1961,1.004,26.382,197.93,371.188,-1,3,9,100.0,,False,1944.999
1965,2.467,29.11,217.6,417.3367,-1,3,12,100.0,,False,1470.999
1966,3.48,19.364,148.4,225.0059,-1,4,17,100.0,,False,9920.92199598613
1968,2.82,30.667,227.6,541.3064,-1,2,8,100.0,,False,21843.999
1969,4.15,25.485,191.59,349.2745,-1,3,15,100.0,,False,3887.999
1970,1.958,30.008,223.91,443.2804,-1,4,8,100.0,,False,515.999
1972,1.509,23.398,176.94,299.2218,-1,3,17,100.0,,False,2061.2665275706286
1973,3.928,30.062,223.92,469.3923,-1,2,4,100.0,,False,10828.999
1978,2.0,26.962,202.04,384.2757,-1,1,11,97.0,,False,2922.999
1980,2.61,27.342,204.03,439.2268,-1,2,14,100.0,,False,6327.999
1981,3.186,31.069,231.85,443.3179,-1,2,8,83.0,,False,8849.999
1982,2.77,43.775,321.47,995.617,-1,4,11,100.0,,False,5618.999
1983,2.23,26.081,218.2,82.9594,-1,1,23,98.6,,False,3251.0417439430994
1984,1.815,24.665,185.7,335.2207,-1,2,13,93.7,,False,2709.999
1985,3.015,30.837,229.08,522.3214,-1,3,12,100.0,,False,12294.999
1987,3.606,32.687,242.71,535.4016,-1,2,8,61.8,,False,4094.999
1989,2.845,25.663,193.13,340.2839,-1,2,11,97.8,,False,4355.222333333333
1991,2.66,27.982,209.59,391.2841,-1,3,9,98.5,,False,2972.999
1992,3.17,31.14,230.81,573.3335,-1,4,11,100.0,,False,6781.999
1994,1.386,36.359,268.11,749.4394,-1,4,11,100.0,,False,6340.999
1998,3.383,28.154,210.6,407.316,-1,2,12,87.1,,False,536.999
2000,3.203,16.899,132.01,165.0387,-1,3,19,100.0,,False,8660.462691414537
2001,3.33,34.065,252.27,601.4236,-1,4,9,100.0,,False,3942.999
2004,1.406,27.406,204.1,470.2881,-1,3,14,100.0,,False,4540.999
2005,0.675,28.124,209.81,443.2176,-1,4,3,100.0,,False,45987.999
2006,2.618,27.709,209.15,317.2113,-1,3,11,100.0,,False,4882.999
2007,1.212,33.545,247.97,653.3374,-1,5,12,100.0,,False,5237.999
2008,0.364,16.128,125.86,167.0193,-1,2,18,99.1,,False,9337.277879835181
2011,3.45,30.892,227.09,880.9501,-1,3,10,92.1,,False,5351.555666666667
2012,3.961,35.183,260.12,651.3936,-1,2,15,100.0,,False,33455.33344444444
2013,3.703,31.689,235.73,497.4208,-1,3,9,82.4,,False,2457.999
2014,4.739,30.996,230.79,479.4106,-1,3,14,99.9,,False,1716.999
2015,4.183,41.537,305.48,892.6126,-1,4,13,97.6,,False,853.000111111111
2016,3.883,13.125,99.86,248.971,-1,1,5,43.3,,False,9308.999
2020,0.804,23.423,175.99,352.0875,-1,2,4,99.0,,False,18232.999
2021,2.069,24.324,183.58,315.1953,-1,2,11,99.8,,False,441.999
2024,2.248,31.418,233.37,525.3804,-1,3,15,93.6,,False,2273.999
2028,1.583,21.515,163.89,254.1038,-1,3,6,100.0,,False,3280.999
2029,2.112,20.958,160.38,232.1681,-1,2,10,100.0,,False,6021.999
2030,4.186,31.707,235.57,519.4097,-1,2,5,57.2,,False,6368.6667777777775
2031,4.609,28.518,212.74,445.3682,-1,3,11,100.0,,False,3102.222333333333
2035,2.64,24.254,183.34,303.2307,-1,2,11,100.0,,False,6855.555666666667
2037,2.812,22.385,170.44,257.2256,-1,3,9,100.0,,False,3100.999
2038,2.59,33.087,244.62,647.323,-1,3,12,100.0,,False,8934.999
2039,4.265,39.936,293.73,881.5277,-1,3,8,100.0,,False,17622.999
2043,3.108,36.172,266.97,714.5122,-1,4,4,80.3,,False,12246.999
2044,3.263,32.863,244.23,517.3902,-1,2,6,82.4,,False,6426.999
2045,3.294,33.75,250.07,587.4334,-1,5,11,96.5,,False,3069.999
2046,3.6,30.393,226.28,479.3742,-1,2,11,95.8,,False,1598.6449330979037
2049,4.362,33.101,245.4,571.4389,-1,2,11,82.4,,False,1977.999
2053,0.558,18.451,140.85,240.9109,-1,5,11,100.0,,False,717.999
2055,2.307,33.925,250.6,677.2941,-1,3,12,100.0,,False,6650.999
2056,4.682,23.97,181.34,297.2782,-1,3,10,100.0,,False,1935.332876518829
2057,4.346,39.425,290.12,853.5295,-1,3,10,100.0,,False,10357.999
2058,0.754,17.225,135.6,149.0944,-1,3,9,100.0,,False,408.999
2059,1.681,26.409,197.6,401.3059,-1,3,15,100.0,,False,2300.999
2060,4.523,29.193,217.03,504.2742,-1,3,11,94.2,,False,792.3334444444445
2062,3.542,23.146,175.75,273.2212,-1,3,15,97.6,,False,5428.999
2064,4.202,33.291,246.83,569.4819,-1,3,6,98.6,,False,8817.999
2065,2.842,29.664,220.43,514.2957,-1,3,11,100.0,,False,7265.999
2067,2.58,28.903,215.33,466.2962,-1,3,9,100.0,,False,5294.999
2071,3.392,31.485,233.99,515.3745,-1,2,9,55.9,,False,5105.999
2073,2.202,29.997,223.33,479.3383,-1,4,10,68.4,,False,3514.999
2074,1.72,25.417,191.47,331.1896,-1,2,11,100.0,,False,436.999
2076,3.129,30.611,227.78,489.3608,-1,4,8,69.6,,False,6612.444555555556
2079,2.069,28.954,215.2,509.2947,-1,4,12,100.0,,False,143.999
2080,3.002,30.165,224.75,467.3727,-1,2,3,48.3,,False,7442.999
2081,1.563,21.079,161.06,239.1632,-1,2,14,100.0,,False,3275.999
2082,3.17,29.458,219.15,492.3102,-1,3,11,67.2,,False,8720.999
2083,2.517,23.931,180.64,313.237,-1,2,12,87.7,,False,5357.222333333333
2085,3.117,36.835,271.69,740.5273,-1,4,4,96.7,,False,17882.999
2086,3.595,46.214,339.11,1060.8038,-1,8,9,100.0,,False,6201.999
2087,3.892,34.501,255.4,613.5056,-1,3,10,98.1,,False,19303.77788888889
2088,3.5,36.609,270.02,738.5121,-1,4,6,81.7,,False,5490.999
2089,3.864,34.385,254.49,618.4814,-1,3,14,100.0,,False,6286.777888888889
2090,3.974,34.962,258.17,691.4019,-1,5,12,100.0,,False,1545.999
2091,2.746,32.054,238.02,533.3848,-1,2,8,96.7,,False,5489.999
2092,3.977,21.816,164.95,299.0263,-1,5,14,100.0,,False,13036.720943143919
2093,4.107,37.099,273.57,748.6887,-1,3,3,52.5,,False,11008.999
2094,1.651,30.009,223.1,505.339,-1,3,9,100.0,,False,3935.999
2096,3.906,27.288,204.37,391.3581,-1,3,15,99.9,,False,2192.999
2098,1.437,34.012,255.43,366.9814,-1,3,9,100.0,,False,987.999
2099,1.104,31.211,234.34,367.1582,-1,4,11,98.0,,False,4976.999
2101,4.512,30.15,224.83,453.3951,-1,2,5,100.0,,False,3288.999
2102,3.428,36.107,266.76,677.4582,-1,4,10,100.0,,False,1796.999
2104,4.429,35.233,260.22,685.4858,-1,4,13,100.0,,False,16886.962039578524
2113,3.938,36.002,266.1,661.442,-1,4,13,98.5,,False,5092.999
2114,1.388,26.601,199.2,391.2865,-1,3,6,100.0,,False,20777.999
2115,3.15,22.881,173.67,275.2017,-1,2,16,100.0,,False,2466.2000037731395
2116,4.294,38.947,286.89,802.5464,-1,2,6,97.7,,False,4390.999
2117,1.741,18.35,151.23,93.0323,-1,2,10,100.0,,False,6150.999
2118,2.08,29.852,221.76,521.2377,-1,4,10,100.0,,False,5383.999
2119,3.222,23.591,178.46,297.2423,-1,2,15,82.4,,False,919.217150953813
2123,2.203,27.985,209.29,409.2958,-1,2,12,82.4,,False,2127.999
2124,3.132,24.422,183.14,373.0461,-1,5,9,100.0,,False,10462.066948818121
2125,4.475,34.633,254.86,839.1279,-1,4,16,100.0,,False,16926.555666666667
2127,2.626,33.786,250.16,605.2393,-1,3,9,100.0,,False,1178.999
2128,4.055,31.288,232.71,499.3806,-1,3,8,68.8,,False,3061.999
2129,0.676,19.57,151.65,187.1314,-1,3,10,100.0,,False,3779.999
2130,2.316,23.27,176.57,277.2159,-1,2,9,100.0,,False,3083.999
2131,2.513,24.398,184.14,315.2522,-1,3,6,91.8,,False,11585.999
2132,4.477,29.103,216.41,500.2782,-1,3,6,99.3,,False,958.2223333333334
2133,2.998,29.761,221.39,493.3072,-1,1,12,96.9,,False,13047.999
2134,1.907,26.556,198.52,413.2666,-1,3,13,100.0,,False,610.999
2135,2.833,29.527,219.66,492.3104,-1,2,12,99.9,,False,5535.999
2136,1.891,24.677,185.63,343.2485,-1,3,9,100.0,,False,3599.999
2137,3.627,33.33,247.17,563.4351,-1,3,5,100.0,,False,14987.999
2139,1.98,19.751,147.4,422.9859,-1,3,16,100.0,,False,9.778819854618632
2141,2.661,23.448,177.54,291.1966,-1,2,10,98.7,,False,799.0859276560846
2143,3.771,28.286,211.56,409.3317,-1,2,11,99.5,,False,3974.999
2145,1.102,33.351,250.45,367.1593,-1,3,13,95.9,,False,3270.999
2146,3.992,34.033,252.0,604.4644,-1,2,6,100.0,,False,7604.999
2150,1.108,23.313,175.66,327.159,-1,2,14,100.0,,False,3560.999
2152,1.644,29.477,218.63,554.3168,-1,2,11,99.4,,False,1075.999
2154,3.202,25.113,189.26,327.3497,-1,3,8,93.7,,False,7664.999
2155,2.549,29.119,216.65,489.2239,-1,3,14,100.0,,False,5264.999
2157,3.028,27.436,205.07,416.2846,-1,1,13,96.5,,False,3954.999
2161,2.469,28.306,210.21,523.9325,-1,6,11,100.0,,False,929.999
2162,3.945,40.359,296.89,873.5222,-1,5,8,100.0,,False,1053.999
2163,2.851,33.608,248.8,609.4753,-1,3,8,96.9,,False,6974.999
2165,2.172,32.263,238.75,617.2752,-1,4,13,100.0,,False,1878.999
2167,3.039,28.645,213.99,425.327,-1,2,11,92.9,,False,2382.999
2169,1.648,21.376,162.99,249.1493,-1,3,12,100.0,,False,6074.3334444444445
2171,4.338,38.05,280.72,731.5385,-1,4,12,100.0,,False,9745.999
2172,1.376,25.14,189.08,345.1446,-1,3,10,100.0,,False,1355.999
2173,3.526,38.353,282.61,784.5201,-1,3,6,100.0,,False,6219.889
2174,3.535,30.08,223.77,494.362,-1,3,6,80.0,,False,7689.999
2175,3.062,29.601,220.73,453.3583,-1,2,5,91.2,,False,8990.999
2178,0.961,28.205,209.88,485.2797,-1,3,12,100.0,,False,3707.999
2179,0.426,25.225,189.29,367.211,-1,2,4,100.0,,False,1206.999
2181,2.693,27.731,206.95,438.2637,-1,3,12,100.0,,False,5966.999
2184,3.63,33.004,250.59,279.2318,-1,3,10,100.0,,False,1755.999
2186,4.292,29.739,221.74,453.3983,-1,4,5,100.0,,False,3481.2707464188807
2187,2.394,24.725,183.55,523.9837,-1,1,19,97.7,,False,2011.047833438156
2188,1.738,31.886,239.23,375.9983,-1,1,9,96.7,,False,2355.999
2189,1.385,37.275,274.65,785.4177,-1,6,12,100.0,,False,5264.999
2192,2.051,21.464,159.87,455.9561,-1,1,16,96.5,,False,38.81462854032452
2193,2.333,28.788,214.29,481.2578,-1,4,10,100.0,,False,4280.999
2195,3.523,36.02,265.11,833.2898,-1,3,13,100.0,,False,5992.999
2196,1.951,27.066,202.16,425.2303,-1,3,10,100.0,,False,7730.999
2199,2.927,43.154,317.12,947.6173,-1,4,11,100.0,,False,5908.999
2200,3.754,38.524,283.87,786.5355,-1,3,4,100.0,,False,5631.999
2201,0.405,17.629,141.11,123.0432,-1,2,15,100.0,,False,10439.999
2204,0.728,18.462,142.79,192.0642,-1,2,13,100.0,,False,7451.999
2205,1.684,19.075,282.49,280.1224,-2,4,11,100.0,,False,1514.999
2206,2.965,31.937,237.18,530.3034,-1,4,13,100.0,,False,2806.999
2208,2.392,28.671,213.47,476.2789,-1,2,9,100.0,,False,2275.444555555556
2209,3.856,35.774,264.22,686.4802,-1,4,8,100.0,,False,7005.999
2214,3.138,24.148,182.06,323.1528,-1,3,10,86.5,,False,4483.999
2216,1.415,28.608,213.72,425.1994,-1,2,11,100.0,,False,6853.999
2217,3.379,37.742,278.22,766.5428,-1,5,5,73.9,,False,14345.889
2219,2.779,38.317,282.61,744.5219,-1,3,9,100.0,,False,3428.999
2221,4.291,38.505,283.65,797.5388,-1,4,10,94.8,,False,4816.999
2224,1.981,19.824,148.15,404.9973,-1,1,17,97.0,,False,582.7191170874739
2226,3.355,32.413,240.24,576.3681,-1,2,8,100.0,,False,351.999
2228,3.885,26.502,198.63,381.3395,-1,3,7,100.0,,False,11454.8483718324
2230,3.175,28.18,209.7,485.2793,-1,3,14,100.0,,False,4587.999
2231,2.503,29.508,220.09,449.327,-1,2,12,82.4,,False,3674.999
2232,3.914,21.345,160.75,329.045,-1,3,9,100.0,,False,9126.999
2233,2.877,26.474,198.69,367.2839,-1,2,8,86.0,,False,4129.999
2234,3.705,16.925,132.21,165.0383,-1,3,7,100.0,,False,11655.999
2236,2.51,24.692,186.07,327.2531,-1,3,13,99.2,,False,3930.495709414142
2237,3.269,31.561,234.95,483.3691,-1,4,11,65.4,,False,2878.999
2238,0.529,17.275,132.59,216.9631,-1,3,12,100.0,,False,1087.999
2240,2.692,35.22,260.32,660.3529,-1,4,15,100.0,,False,2199.999
2241,1.088,17.454,132.59,264.8909,-1,6,4,100.0,,False,4555.999
2242,2.571,32.996,244.02,638.3333,-1,3,11,100.0,,False,4511.999
2243,1.55,23.264,177.43,249.221,-1,3,15,100.0,,False,1763.999
2247,3.652,30.042,222.09,641.0964,-1,4,4,100.0,,False,2940.999
2249,3.072,35.653,263.51,662.3684,-1,3,15,100.0,,False,2711.999
2251,3.065,36.642,270.37,722.5166,-1,6,6,92.4,,False,9516.999
2252,2.213,29.998,223.84,443.3376,-1,3,13,100.0,,False,2717.999
2254,2.682,29.755,221.09,515.2412,-1,3,13,100.0,,False,1821.999
2255,3.243,38.926,286.68,806.5068,-1,3,8,100.0,,False,3302.666777777778
2258,3.435,32.369,240.37,533.3856,-1,3,8,73.2,,False,2934.999
2260,4.13,23.734,180.35,269.2466,-1,2,8,98.0,,False,4657.999
2261,0.389,17.093,132.77,179.0544,-1,2,11,100.0,,False,2582.999
2262,2.95,28.074,213.98,255.2318,-1,2,14,100.0,,False,3770.999
2264,3.693,33.188,245.92,583.4602,-1,4,9,75.4,,False,8880.999
2266,2.215,27.291,204.0,415.2702,-1,4,4,100.0,,False,4383.000111111111
2267,3.115,28.02,209.48,414.3037,-1,3,9,100.0,,False,3889.999
2269,3.167,40.304,296.68,840.582,-1,4,6,82.4,,False,6637.999
2270,2.201,35.686,261.65,1092.9805,-1,3,14,100.0,,False,3732.3221405097183
2271,2.489,41.734,306.77,924.5429,-1,4,11,100.0,,False,7306.999
2273,2.704,23.959,181.59,285.2422,-1,3,9,82.4,,False,5235.999
2274,2.346,26.286,197.35,363.2532,-1,3,13,97.4,,False,1722.8780714634197
2275,1.933,32.33,239.62,577.3755,-1,4,12,100.0,,False,3559.999
2277,0.579,25.953,194.74,369.1731,-1,3,11,100.0,,False,3599.999
2278,2.901,29.52,220.39,435.3114,-1,2,8,73.7,,False,7277.999
2279,4.156,13.131,99.91,248.9702,-1,2,6,44.7,,False,4913.999
2281,4.017,33.204,246.23,565.4481,-1,4,9,95.9,,False,1459.3334444444445
2283,0.525,14.866,119.08,121.0272,-1,2,13,100.0,,False,121.49381616335904
2286,0.782,20.59,156.56,262.9996,-1,4,9,100.0,,False,1068.999
2287,3.134,33.861,250.4,642.3672,-1,3,8,100.0,,False,6237.999
2288,0.351,16.239,126.83,165.0394,-1,3,13,100.0,,False,1463.999
2292,3.749,41.497,304.96,933.5439,-1,6,3,100.0,,False,291.999
2293,2.522,25.759,193.6,352.2849,-1,2,11,100.0,,False,1249.3334444444445
2294,1.589,26.568,198.87,397.2215,-1,4,10,75.2,,False,4019.999
2295,1.183,24.829,186.12,378.1008,-1,3,14,100.0,,False,7509.999
2300,3.074,28.216,210.4,450.302,-1,1,4,96.5,,False,2532.999
2301,1.43,37.469,276.02,793.4674,-1,4,12,100.0,,False,4153.999
2302,0.373,16.936,131.4,182.0431,-1,2,10,100.0,,False,8687.999
2303,2.193,23.308,176.58,287.2228,-1,4,9,100.0,,False,12676.77788888889
2306,2.54,31.694,235.08,557.3659,-1,4,13,100.0,,False,4708.999
2307,3.818,26.653,199.68,387.2509,-1,3,13,100.0,,False,4212.999
2308,3.704,35.233,260.66,631.4726,-1,4,12,100.0,,False,3401.999
2309,2.181,23.371,176.84,295.2285,-1,2,9,100.0,,False,11726.52874225442
2310,3.377,32.915,244.14,558.3359,-1,5,10,100.0,,False,2320.999
2311,2.13,27.752,207.27,427.2339,-1,2,10,100.0,,False,10551.999
2312,1.979,24.87,187.21,337.2375,-1,2,12,98.1,,False,2447.999
2314,3.933,45.859,336.59,1038.8152,-1,6,13,100.0,,False,9964.65430574569
2315,3.724,28.547,213.13,433.334,-1,2,12,64.3,,False,4170.999
2316,0.366,16.017,126.85,138.0536,-1,2,11,100.0,,False,8958.999
2318,1.437,34.211,251.87,816.3001,-1,3,9,100.0,,False,777.999
2320,2.493,27.965,208.84,429.2813,-1,3,3,99.7,,False,1860.999
2321,2.536,21.994,167.59,253.216,-1,2,13,100.0,,False,3432.999
2324,2.301,29.512,217.97,671.0198,-1,4,16,100.0,,False,3322.6290471863995
2326,2.029,26.445,199.53,319.2626,-1,3,12,99.8,,False,1580.999
2327,3.972,33.269,246.88,549.4543,-1,4,14,83.1,,False,1489.0468107366432
2328,2.486,27.636,217.48,152.9939,-1,2,13,98.2,,False,7147.999
2329,3.519,33.394,247.6,568.4007,-1,3,11,92.3,,False,5291.999
2330,2.598,24.846,191.47,207.1383,-1,2,4,100.0,,False,690.999
2333,2.544,30.304,225.62,479.3378,-1,2,10,59.5,,False,2271.999
2335,1.063,23.638,178.52,309.206,-1,2,10,96.6,,False,4885.999
2336,4.482,32.818,243.55,547.439,-1,4,5,97.3,,False,344.999
2338,2.369,27.351,204.74,397.3063,-1,4,9,93.4,,False,7107.999
2339,2.208,28.984,214.17,654.9909,-1,3,15,100.0,,False,2572.5405627350074
2341,3.228,24.212,182.55,323.1518,-1,3,8,97.1,,False,5496.999
2344,3.993,36.064,266.36,688.4959,-1,4,8,99.8,,False,4873.999
2345,4.294,27.399,203.28,544.0573,-1,1,5,96.6,,False,208.999
2346,1.455,29.621,219.99,526.2488,-1,4,10,100.0,,False,2449.999
2348,2.791,32.582,241.58,566.35,-1,3,6,100.0,,False,6158.999
2349,3.044,33.338,246.85,604.3639,-1,3,10,100.0,,False,9425.999
2352,4.086,38.319,282.31,791.5472,-1,3,9,93.7,,False,2481.019708999709
2353,3.555,40.885,300.8,866.5999,-1,6,8,100.0,,False,9313.999
2356,2.483,39.586,291.7,786.5331,-1,4,12,100.0,,False,4943.999
2359,3.564,29.353,219.05,441.3585,-1,3,10,91.4,,False,1600.999
2361,2.7,24.053,181.52,315.2535,-1,3,9,94.4,,False,5869.999
2364,4.302,40.983,301.32,909.5585,-1,4,4,100.0,,False,6963.999
2365,4.241,37.463,276.21,756.5254,-1,3,7,93.2,,False,3367.999
2367,4.03,34.999,258.71,657.5008,-1,6,11,98.9,,False,1373.666777777778
2370,2.583,30.055,223.19,528.2757,-1,3,10,93.7,,False,6383.069710811887
2371,4.001,30.864,229.53,499.3856,-1,2,5,94.3,,False,372.999
2372,2.305,26.512,221.82,82.9589,-1,1,17,98.9,,False,2348.5885421771427
2373,4.222,38.788,285.56,831.5074,-1,2,7,100.0,,False,5787.999
2375,3.678,28.764,214.58,445.3327,-1,2,3,79.8,,False,936.999
2376,0.437,15.511,123.05,135.0426,-1,2,8,100.0,,False,777.999
2377,0.657,23.585,177.14,356.1162,-1,4,12,100.0,,False,670.999
2379,2.171,30.508,226.49,534.2691,-1,4,12,100.0,,False,6057.999
2381,3.802,39.858,293.63,799.5653,-1,3,9,82.3,,False,2455.0337041776284
2382,2.483,28.344,211.2,463.2083,-1,3,14,100.0,,False,3107.999
2383,4.562,28.988,215.59,496.2481,-1,2,11,97.3,,False,1874.889
2385,3.993,40.404,297.18,883.5393,-1,4,10,100.0,,False,6432.999
2386,3.029,33.519,248.2,602.4126,-1,3,10,96.5,,False,8694.999
2388,3.801,32.452,240.85,545.4226,-1,4,8,85.1,,False,3155.999
2389,1.131,21.224,162.62,227.1052,-1,3,9,100.0,,False,1527.999
2392,2.688,30.689,228.39,487.3433,-1,4,9,100.0,,False,17228.999
2394,0.382,16.623,139.51,79.9555,-1,3,14,100.0,,False,1184.999
2395,2.783,28.274,210.81,452.2793,-1,3,12,99.2,,False,8522.936462729645
2396,2.904,26.289,197.3,367.2847,-1,3,7,96.5,,False,4534.999
2398,3.049,31.068,230.67,534.3212,-1,2,4,94.3,,False,339.999
2399,1.119,23.423,176.45,329.1747,-1,3,14,100.0,,False,3752.999
2400,3.317,19.828,152.28,217.0704,-1,3,16,100.0,,False,4553.868109491402
2402,0.389,26.885,201.45,385.1682,-1,3,14,100.0,,False,1502.999
2406,3.008,28.782,214.86,435.3106,-1,2,10,94.0,,False,3311.999
2407,3.096,35.284,260.87,652.4267,-1,4,7,100.0,,False,1078.999
2408,1.542,27.174,203.62,385.2048,-1,4,3,100.0,,False,755.999
2410,2.627,32.098,238.32,535.3175,-1,3,13,100.0,,False,5498.999
2411,2.471,33.207,247.27,479.2875,-1,4,4,97.9,,False,6314.999
2413,2.486,28.549,212.76,461.3264,-1,2,9,100.0,,False,410.999
2414,2.594,30.344,225.29,533.2887,-1,3,10,100.0,,False,1517.999
2415,2.959,36.817,271.56,740.5262,-1,5,7,96.7,,False,7312.999
2416,4.66,38.891,286.74,759.5707,-1,3,10,100.0,,False,5391.999
2418,2.452,31.425,233.03,563.2904,-1,3,14,100.0,,False,1793.8471202611724
2423,3.15,31.443,233.33,546.322,-1,3,12,100.0,,False,683.999
2425,3.304,22.835,173.44,271.2255,-1,2,10,91.5,,False,6590.999
2430,4.017,30.799,229.02,502.3955,-1,3,11,100.0,,False,4713.999
2431,3.293,30.703,227.97,532.342,-1,3,11,100.0,,False,9167.999
2432,3.229,38.502,283.93,748.558,-1,4,7,100.0,,False,1342.5556666666666
2433,2.432,25.69,190.42,560.9407,-1,3,15,100.0,,False,2133.9435967710137
2434,3.281,33.034,245.0,561.4173,-1,4,11,72.5,,False,2294.999
2440,2.569,33.291,246.46,608.3601,-1,2,9,100.0,,False,499.999
2441,2.747,30.011,223.39,483.2971,-1,3,7,99.1,,False,7612.999
2442,3.05,40.624,299.02,844.6125,-1,4,5,73.6,,False,7238.999
2443,0.45,22.516,170.67,283.1896,-1,2,12,100.0,,False,2733.999
2444,3.042,32.569,241.02,617.3605,-1,4,14,100.0,,False,4800.6801110469805
2445,2.779,24.031,180.93,334.1687,-1,5,5,93.7,,False,14236.999
2446,4.946,34.302,254.46,557.4604,-1,3,6,82.4,,False,16257.999
2447,0.765,18.226,140.56,201.0237,-1,3,11,100.0,,False,1937.666777777778
2450,2.451,38.502,283.71,783.4323,-1,4,10,100.0,,False,1627.999
2451,1.927,24.738,186.26,335.2202,-1,2,8,96.6,,False,956.889
2452,1.965,32.097,238.23,543.3911,-1,3,12,100.0,,False,940.999
2455,0.63,22.427,180.53,116.9703,-1,3,12,82.1,,False,211.22233333333338
2456,3.189,27.268,204.51,375.3257,-1,3,12,82.5,,False,2564.999
2457,4.476,33.783,254.74,329.046,-1,3,15,100.0,,False,12602.889
2461,1.513,21.816,164.46,320.9788,-1,5,11,100.0,,False,6116.999
2462,3.895,39.208,288.7,820.523,-1,3,4,71.7,,False,3263.999
2464,0.473,22.892,173.21,295.1895,-1,2,12,100.0,,False,1461.999
2465,3.531,37.714,278.06,758.5053,-1,3,5,100.0,,False,3890.999
2466,2.085,28.895,215.62,441.2322,-1,3,12,100.0,,False,985.999
2469,2.485,26.128,196.06,368.2842,-1,3,7,100.0,,False,449.889
2470,4.009,46.025,337.81,1040.8325,-1,6,12,100.0,,False,4928.71070182615
2471,4.163,32.383,240.55,523.4409,-1,4,6,94.9,,False,1925.2223333333334
2473,2.153,31.222,231.36,579.3915,-1,3,11,100.0,,False,5207.999
2474,2.837,28.383,212.25,411.3111,-1,2,10,66.8,,False,1490.999
2475,3.22,23.35,174.86,387.0334,-1,3,8,100.0,,False,6735.999
2478,4.095,38.622,284.48,804.5277,-1,4,7,95.0,,False,3371.777888888889
2480,2.74,28.609,213.95,411.3102,-1,2,6,74.9,,False,2201.999
2481,3.924,32.075,238.33,519.4071,-1,3,6,60.7,,False,7444.3334444444445
2482,3.378,33.037,245.01,563.4314,-1,5,8,52.5,,False,2932.999
2485,2.443,31.401,234.19,452.2793,-1,3,8,100.0,,False,1680.999
2488,3.742,30.856,229.71,481.3899,-1,3,9,83.4,,False,1521.999
2490,2.74,25.628,192.55,355.2849,-1,2,15,98.0,,False,5560.41639519175
2491,2.496,27.799,207.23,455.2206,-1,2,13,100.0,,False,7345.999
2494,3.177,24.457,184.63,313.2732,-1,2,13,100.0,,False,2031.4445555555556
2495,2.853,29.323,218.15,491.2406,-1,3,17,100.0,,False,1507.3086609809884
2497,1.599,31.965,236.6,611.3816,-1,3,10,100.0,,False,708.999
2498,3.399,35.476,261.18,817.2624,-1,4,11,100.0,,False,2433.999
2499,0.486,17.939,139.37,179.0689,-1,3,12,100.0,,False,7290.444555555556
2500,3.904,29.792,222.55,427.3785,-1,2,11,100.0,,False,5016.999
2501,2.642,25.137,189.05,345.2424,-1,3,10,100.0,,False,157.0001111111111
2502,2.512,29.509,219.71,477.3586,-1,2,9,100.0,,False,614.889
2504,2.045,26.821,200.7,401.2533,-1,4,6,100.0,,False,3769.999
2505,3.929,28.098,210.21,405.3724,-1,4,7,100.0,,False,1079.999
2508,4.446,35.792,264.28,694.4858,-1,6,13,100.0,,False,1907.0001111111112
2509,1.974,29.161,216.9,495.2209,-1,4,10,100.0,,False,4033.999
2510,1.599,27.91,208.2,445.2401,-1,4,7,99.9,,False,500.999
2512,2.763,28.152,210.48,413.3263,-1,3,8,92.8,,False,3708.999
2514,3.319,23.834,180.25,299.2575,-1,2,10,72.2,,False,184.23129262084512
2515,3.276,23.812,180.25,293.2105,-1,2,10,100.0,,False,4007.999
2516,0.839,26.345,196.72,428.1746,-1,3,12,100.0,,False,5317.999
2520,3.143,33.261,246.66,565.4468,-1,2,9,66.9,,False,2151.999
2521,3.697,36.686,271.06,674.4858,-1,4,12,100.0,,False,1762.999
2522,4.47,29.729,220.78,527.2451,-1,1,10,90.5,,False,968.3334444444445
2524,3.551,23.441,177.64,285.2214,-1,3,14,100.0,,False,4268.999
2525,2.624,24.516,181.41,598.9272,-1,3,5,94.2,,False,8178.999
2527,2.769,26.948,202.03,379.2845,-1,3,11,96.1,,False,2702.999
2533,2.88,25.617,192.55,351.2174,-1,4,12,100.0,,False,4510.000111111111
2535,3.9,32.851,243.73,553.449,-1,4,11,82.4,,False,449.999
2538,3.95,36.755,271.55,677.4366,-1,3,12,100.0,,False,2255.3334444444445
2540,4.438,37.78,278.33,788.5324,-1,4,4,91.2,,False,4207.999
2543,1.565,28.404,211.7,459.2967,-1,2,12,100.0,,False,3083.999
2545,1.019,26.337,197.55,373.2023,-1,2,9,100.0,,False,4629.999
2546,3.147,35.908,265.24,683.404,-1,4,9,100.0,,False,6288.999
2547,1.353,27.097,202.04,451.177,-1,2,9,100.0,,False,3416.999
2551,2.449,25.813,194.7,321.2788,-1,3,13,94.5,,False,377.999
2552,3.426,25.41,196.81,191.1784,-1,2,12,97.6,,False,2600.999
2553,2.224,25.69,192.98,357.3014,-1,3,12,100.0,,False,2841.999
2558,2.528,25.372,190.48,362.2396,-1,3,3,100.0,,False,922.999
2560,2.867,35.122,259.8,636.3515,-1,3,11,100.0,,False,3516.999
2564,3.776,32.505,241.63,511.4008,-1,2,5,90.6,,False,6432.999
2565,3.39,30.762,228.53,521.338,-1,4,9,98.8,,False,14642.999
2569,2.893,28.367,212.03,417.3013,-1,2,12,77.1,,False,4047.999
2571,4.033,40.104,294.98,881.5254,-1,4,10,100.0,,False,4604.999
2572,1.124,24.785,186.28,351.2162,-1,2,9,100.0,,False,750.999
2573,4.118,29.055,217.06,425.3628,-1,3,9,87.4,,False,1440.999
2575,2.114,19.033,148.02,177.1262,-1,2,12,100.0,,False,5510.999
2578,2.928,32.602,241.84,555.434,-1,2,4,60.4,,False,11001.999
2579,1.228,18.904,147.48,169.1208,-1,2,11,100.0,,False,2883.999
2581,2.465,27.268,203.69,424.2467,-1,3,11,100.0,,False,3010.999
2583,2.638,21.489,164.28,237.1848,-1,2,15,100.0,,False,2124.999
2585,0.498,19.388,147.91,245.0106,-1,3,7,100.0,,False,193.999
2586,2.745,23.011,174.37,285.2448,-1,3,3,100.0,,False,3698.999
2587,2.762,27.271,204.57,373.2748,-1,3,8,100.0,,False,19942.999
2588,0.404,24.21,182.35,331.129,-1,2,11,100.0,,False,402.999
2590,1.396,28.246,211.18,413.2909,-1,3,13,100.0,,False,1653.999
2592,0.557,19.143,152.2,133.0632,-1,2,12,100.0,,False,799.999
2593,1.926,27.551,206.06,408.2778,-1,1,10,96.5,,False,2788.999
2600,3.081,26.425,198.21,373.2737,-1,3,10,100.0,,False,2868.999
2601,3.085,30.05,224.06,455.3732,-1,3,8,82.4,,False,5271.999
2602,2.739,16.584,130.55,149.008,-1,3,13,100.0,,False,4883.522404008098
2603,4.254,29.581,218.8,625.0617,-1,5,8,100.0,,False,79.999
2604,0.696,20.932,158.78,277.0183,-1,4,10,100.0,,False,1322.999
2606,1.862,22.312,169.51,269.2109,-1,2,20,84.6,,False,544.8910658230761
2607,2.065,27.116,202.84,405.266,-1,2,13,100.0,,False,705.999
2608,2.159,27.068,202.1,430.2962,-1,3,9,100.0,,False,6394.999
2609,1.889,22.545,169.7,335.0436,-1,3,10,100.0,,False,4382.999
2611,2.683,27.734,207.72,391.2849,-1,3,7,53.5,,False,7056.999
2613,3.437,24.92,187.81,327.2892,-1,3,9,100.0,,False,1920.5556666666666
2618,2.617,26.808,200.87,385.3312,-1,3,10,93.2,,False,3328.999
2619,3.703,37.692,277.76,779.4822,-1,3,5,94.8,,False,3731.444555555556
2620,1.462,27.659,206.59,426.2648,-1,3,13,100.0,,False,1393.999
2621,3.005,22.264,169.65,253.2529,-1,2,12,100.0,,False,4941.999
2622,2.95,33.522,248.97,530.3266,-1,3,13,100.0,,False,5664.999
2624,4.726,39.741,292.48,840.5845,-1,2,3,98.1,,False,132.44455555555555
2625,0.441,17.967,144.27,119.0475,-1,2,11,100.0,,False,1215.999
2626,3.289,26.528,198.66,391.2518,-1,2,22,100.0,,False,1186.7891848157897
2627,4.208,38.103,280.87,768.556,-1,3,5,92.4,,False,5270.999
2629,1.222,29.044,216.03,495.2962,-1,4,9,100.0,,False,8801.999
2630,2.396,22.04,167.41,269.9844,-1,1,15,98.0,,False,2109.482337173382
2631,4.078,39.051,287.62,808.5538,-1,3,9,100.0,,False,9003.824323341836
2634,2.498,29.827,222.31,461.3265,-1,2,6,70.7,,False,1407.999
2636,2.756,29.053,216.96,431.3159,-1,3,12,100.0,,False,1496.999
2637,2.597,26.459,199.68,317.2109,-1,2,11,99.2,,False,4444.999
2638,0.408,23.691,176.86,426.9888,-1,3,13,100.0,,False,2029.999
2639,0.614,14.049,115.64,93.0327,-1,2,12,100.0,,False,1651.999
2640,2.842,23.21,175.89,285.2417,-1,2,11,93.7,,False,3464.5556666666666
2641,2.873,30.168,224.25,509.3457,-1,2,4,74.4,,False,21268.999
2644,3.943,30.298,225.46,488.3788,-1,3,11,100.0,,False,4152.999
2646,0.457,18.618,142.42,231.9897,-1,2,12,100.0,,False,3692.999
2647,2.393,22.032,167.24,273.9975,-1,1,15,97.7,,False,2138.1836440294774
2650,3.137,24.237,183.01,311.2575,-1,2,12,92.7,,False,522.1112222222223
2651,4.128,35.535,262.38,693.4768,-1,4,8,100.0,,False,3618.999
2652,1.381,24.922,187.73,331.1898,-1,2,8,99.2,,False,466.999
2653,2.743,30.812,227.67,660.8458,-1,6,9,100.0,,False,1544.999
2654,3.003,28.395,212.17,421.3691,-1,3,11,98.7,,False,2662.999
2658,3.045,44.269,325.08,999.6486,-1,4,11,100.0,,False,3930.999
2659,4.222,39.021,287.32,822.5365,-1,4,6,100.0,,False,1469.3334444444442
2661,4.532,34.515,255.45,617.4796,-1,4,8,96.9,,False,380.999
2662,1.281,29.266,218.2,455.1638,-1,5,12,100.0,,False,2453.999
2663,3.528,28.516,210.82,638.0763,-1,1,13,96.5,,False,3221.999
2667,4.896,42.986,316.03,913.5901,-1,4,10,100.0,,False,7297.999
2668,2.198,26.419,198.09,377.2311,-1,2,8,98.6,,False,223.33344444444447
2669,2.543,32.747,242.78,570.3436,-1,3,12,100.0,,False,5147.999
2670,2.484,26.907,201.34,401.2315,-1,3,8,100.0,,False,9693.999
2671,3.054,26.068,195.52,373.1842,-1,3,12,100.0,,False,2464.999
2673,3.047,31.016,230.46,517.3914,-1,2,5,51.1,,False,7156.999
2676,3.139,25.2,189.61,341.2689,-1,2,16,100.0,,False,2179.244181365576
2677,0.578,17.702,134.57,260.9132,-1,4,13,100.0,,False,332.999
2682,2.134,26.267,196.91,379.2479,-1,3,9,100.0,,False,406.44455555555555
2683,3.372,44.676,328.06,1003.6803,-1,4,11,100.0,,False,5289.999
2686,0.255,17.244,133.2,195.049,-1,2,16,100.0,,False,1691.2223333333334
2687,2.582,23.23,172.07,568.9647,-1,1,18,97.5,,False,1021.9022448108167
2689,3.054,21.559,164.46,247.1691,-1,2,16,100.0,,False,7283.759933092258
2693,1.391,29.321,217.5,551.1884,-1,3,12,100.0,,False,979.999
2695,2.044,25.478,191.02,376.2286,-1,3,3,100.0,,False,9769.999
2697,3.206,36.805,271.41,746.5191,-1,2,3,72.5,,False,12322.999
2701,2.352,24.72,186.36,324.2536,-1,2,13,100.0,,False,870.999
2703,2.902,25.366,190.42,363.2216,-1,3,21,100.0,,False,1114.3465178128044
2704,2.861,25.223,189.84,338.273,-1,1,7,94.6,,False,4648.000111111111
2706,3.319,38.747,285.73,750.5714,-1,4,10,98.0,,False,1596.999
2709,2.606,25.527,191.83,353.2692,-1,3,7,68.2,,False,4422.999
2710,3.42,24.725,186.37,325.2728,-1,2,14,87.0,,False,2496.9415866876852
2711,4.349,19.637,150.57,223.0278,-1,3,9,87.7,,False,12778.401637143901
2712,4.121,34.868,258.16,609.4746,-1,4,9,78.8,,False,777.999
2714,4.336,38.495,283.57,798.5432,-1,3,11,98.2,,False,1371.0382391915923
2717,0.422,21.226,161.65,255.158,-1,2,11,100.0,,False,788.999
2718,1.253,32.258,238.64,627.3764,-1,4,11,100.0,,False,1794.999
2719,1.46,13.186,100.33,248.9703,-1,2,7,44.0,,False,3049.444555555556
2721,1.709,29.59,219.44,556.3365,-1,4,4,100.0,,False,10329.999
2722,3.388,30.22,225.11,471.3498,-1,4,5,98.2,,False,18545.999
2723,2.357,28.2,211.18,393.2284,-1,3,18,100.0,,False,6394.550434598347
2725,2.568,32.722,243.37,502.294,-1,3,11,100.0,,False,4443.999
2728,2.789,28.269,210.67,460.2842,-1,2,4,86.3,,False,16069.999
2730,2.633,28.01,208.7,463.2256,-1,3,11,100.0,,False,1632.999
2731,1.827,33.036,244.34,635.2856,-1,4,7,100.0,,False,3904.999
2733,3.753,25.62,192.61,349.235,-1,3,13,100.0,,False,2173.999
2734,3.141,32.035,238.12,511.4018,-1,4,8,100.0,,False,1493.6562724960172
2736,0.465,19.41,287.91,263.6272,-2,3,11,100.0,,False,837.999
2739,3.534,37.913,279.44,774.547,-1,3,4,83.2,,False,15215.999
2744,1.651,30.244,224.74,515.3236,-1,4,13,100.0,,False,1259.999
2746,2.481,23.947,180.63,319.1586,-1,3,8,100.0,,False,6241.999
2748,2.954,27.03,202.25,402.3016,-1,3,12,100.0,,False,1452.999
2749,0.499,22.413,169.29,307.0286,-1,3,9,100.0,,False,1769.999
2750,2.651,22.15,168.84,251.2366,-1,2,13,100.0,,False,4169.999
2751,1.428,38.469,283.2,829.4443,-1,5,12,100.0,,False,4435.999
2752,2.413,30.104,223.74,511.3053,-1,3,12,100.0,,False,2203.999
2753,3.483,33.395,247.4,589.4486,-1,3,10,72.7,,False,6535.548260870657
2756,3.456,27.489,205.78,396.3503,-1,1,11,70.2,,False,2515.2495186798074
2757,2.076,28.17,209.96,457.3203,-1,2,5,100.0,,False,3617.5556666666666
2758,2.903,21.928,166.2,283.0793,-1,3,11,100.0,,False,1542.4445555555558
2759,3.183,26.712,199.28,441.2527,-1,3,12,100.0,,False,3215.999
2760,2.883,32.487,243.06,409.2351,-1,3,12,100.0,,False,2592.999
2763,2.849,45.228,331.93,1049.6855,-1,4,9,98.2,,False,4564.999
2765,2.138,27.38,204.67,415.234,-1,3,9,100.0,,False,4076.999
2768,2.794,44.279,325.07,1019.6174,-1,4,11,100.0,,False,4803.999
2770,2.179,27.178,202.86,435.2466,-1,3,8,99.6,,False,13629.49976063639
2775,3.297,30.308,225.99,455.3726,-1,4,5,77.5,,False,2559.999
2777,2.598,26.881,202.17,347.2945,-1,3,13,83.5,,False,1486.999
2779,3.006,31.248,231.8,554.3263,-1,3,10,100.0,,False,4987.999
2780,4.27,38.517,283.73,797.5401,-1,4,7,85.8,,False,10238.999
2782,1.401,23.992,180.74,329.1602,-1,2,8,100.0,,False,3485.999
2784,1.922,24.902,187.37,341.2679,-1,2,9,95.5,,False,3130.999
2785,1.834,25.731,193.84,331.2264,-1,3,12,100.0,,False,2427.999
2786,3.61,24.131,181.98,321.2422,-1,3,11,100.0,,False,2629.999
2793,2.753,20.443,156.02,244.0307,-1,4,6,100.0,,False,1993.999
2794,3.42,23.413,177.16,295.2273,-1,2,12,98.0,,False,245.00565573238157
2796,3.521,31.984,238.31,469.3894,-1,3,8,82.4,,False,1641.999
2797,2.652,25.796,193.78,357.3009,-1,3,6,100.0,,False,1189.999
2799,3.044,33.878,250.36,661.3874,-1,3,14,100.0,,False,3641.0497690839707
2800,2.924,28.619,213.76,427.3421,-1,3,12,98.6,,False,1194.999
2801,2.052,29.857,222.05,499.3273,-1,3,8,100.0,,False,2330.999
2802,3.514,29.055,217.16,419.3167,-1,2,4,74.7,,False,209.999
2803,0.782,23.414,177.73,275.1276,-1,3,3,100.0,,False,26646.999
2804,0.58,20.09,152.86,259.0264,-1,3,11,100.0,,False,4021.999
2805,3.036,35.074,259.44,636.4314,-1,3,4,100.0,,False,104.999
2806,3.566,27.734,207.65,395.3165,-1,2,10,91.5,,False,3606.999
2808,3.209,26.06,195.28,383.2225,-1,3,4,100.0,,False,9253.999
2809,2.61,24.587,185.2,331.1882,-1,2,11,100.0,,False,866.999
2812,1.851,27.697,206.5,453.1411,-1,4,12,100.0,,False,3084.999
2814,3.339,31.231,232.59,475.3433,-1,2,11,100.0,,False,731.999
2815,1.866,27.861,207.46,473.289,-1,3,12,97.2,,False,1714.999
2816,3.15,30.724,228.66,487.3423,-1,2,10,80.0,,False,3109.999
2817,1.822,29.068,216.05,507.2278,-1,4,5,100.0,,False,8174.999
2818,3.669,39.641,291.82,834.5349,-1,3,7,91.3,,False,3618.999
2819,2.657,34.447,254.98,613.4451,-1,4,3,100.0,,False,1511.999
2820,2.776,34.053,252.68,552.3101,-1,3,12,100.0,,False,2290.999
2821,4.392,31.221,232.33,489.3958,-1,2,13,98.2,,False,876.999
2824,0.492,19.011,145.75,223.0039,-1,3,11,100.0,,False,850.999
2825,2.399,25.739,192.91,381.2051,-1,3,3,100.0,,False,18733.999
2828,2.656,32.414,240.5,551.397,-1,3,10,86.1,,False,2769.999
2829,1.929,19.668,153.47,168.9865,-1,1,11,98.4,,False,783.0001111111111
2830,4.662,29.125,216.57,500.2442,-1,3,3,90.5,,False,1214.2223333333334
2832,3.462,29.838,219.33,880.9497,-1,2,11,93.9,,False,3855.4345660025383
2833,1.553,22.721,172.69,267.2306,-1,2,10,100.0,,False,1951.999
2838,0.423,27.196,210.98,187.0053,-1,3,10,84.9,,False,3737.999
2839,1.147,28.649,215.06,367.157,-1,3,8,80.1,,False,5233.999
2840,1.525,31.061,230.33,562.2463,-1,3,13,100.0,,False,1551.999
2842,1.35,27.57,205.82,433.2803,-1,3,12,100.0,,False,2384.999
2845,1.07,28.054,209.86,407.15,-1,3,11,100.0,,False,2983.999
2846,2.122,28.118,210.14,419.2886,-1,4,12,100.0,,False,3027.999
2847,1.282,27.167,203.19,407.2798,-1,3,9,100.0,,False,1310.999
2850,3.908,46.363,340.2,1062.8182,-1,7,13,100.0,,False,1797.999
2853,3.391,27.353,202.94,543.0582,-1,4,6,100.0,,False,3070.999
2854,4.662,33.379,246.7,655.4269,-1,4,5,100.0,,False,102.88899999999995
2855,0.363,21.861,166.25,263.1016,-1,3,10,100.0,,False,3880.999
2856,3.835,31.809,242.5,255.2337,-1,3,7,100.0,,False,8260.740766134773
2857,3.402,30.548,226.91,523.3058,-1,3,13,100.0,,False,3275.999
2859,0.408,23.591,180.73,228.9938,-1,2,11,100.0,,False,1871.999
2861,2.003,24.566,185.17,325.2365,-1,2,8,88.1,,False,4305.999
2862,3.12,30.09,223.97,483.3707,-1,2,5,81.2,,False,1093.999
2864,3.14,33.909,251.05,607.4599,-1,4,11,69.1,,False,545.2223333333333
2865,0.383,24.661,184.91,375.1179,-1,3,9,100.0,,False,490.999
2866,3.218,29.366,219.14,441.3567,-1,3,5,97.4,,False,5314.999
2867,4.374,25.97,193.21,485.0699,-1,4,12,100.0,,False,5704.999
2870,2.79,45.941,336.87,1121.6869,-1,4,12,100.0,,False,4488.999
2872,4.018,28.939,215.69,459.3489,-1,2,17,100.0,,False,1047.6519489646182
2874,3.256,33.986,251.65,605.4444,-1,4,6,69.8,,False,4699.999
2876,2.424,35.356,260.94,713.3578,-1,4,3,100.0,,False,120.999
2878,0.247,39.237,287.91,1040.3211,-1,4,12,88.0,,False,5852.999
2879,0.293,16.089,128.63,124.0133,-1,2,14,100.0,,False,637.999
2880,2.099,19.322,149.42,193.0847,-1,2,10,100.0,,False,4001.999
2884,3.524,37.889,279.24,774.5471,-1,4,4,71.0,,False,13534.999
2885,4.262,36.577,269.87,725.533,-1,2,3,87.8,,False,19756.999
2886,0.365,24.767,186.89,317.146,-1,3,10,100.0,,False,2518.999
2888,0.479,36.501,269.1,757.4039,-1,5,11,100.0,,False,730.999
2889,1.752,22.683,171.36,306.1384,-1,4,4,97.5,,False,17416.999
2890,3.42,25.859,194.3,355.2852,-1,2,11,100.0,,False,2860.256120385922
2894,3.18,20.477,155.37,274.9823,-1,6,11,100.0,,False,5463.999
2899,4.762,30.046,224.52,423.3834,-1,3,6,92.8,,False,2330.999
2902,4.074,32.239,238.82,589.3444,-1,7,12,100.0,,False,571.999
2903,3.323,26.634,200.18,353.2687,-1,2,12,100.0,,False,2474.999
2904,1.047,25.534,191.3,385.2381,-1,3,13,100.0,,False,1920.999
2907,3.704,29.443,219.2,478.3327,-1,3,8,98.0,,False,5328.999
2909,1.175,29.26,217.62,497.2757,-1,2,7,100.0,,False,5070.999
2910,2.062,28.91,215.03,495.2791,-1,3,15,100.0,,False,857.999
2913,2.864,31.283,232.42,521.3843,-1,4,9,99.2,,False,1716.999
2914,2.323,31.199,231.41,557.3107,-1,3,5,100.0,,False,106.999
2916,1.74,17.117,129.53,287.001,-1,1,17,98.0,,False,155.4523620027635
2918,3.273,29.369,222.79,283.1088,-1,2,12,100.0,,False,2074.222333333333
2920,3.54,33.723,250.03,571.4376,-1,2,9,100.0,,False,1530.999
2921,3.683,31.74,236.46,471.3475,-1,3,6,76.9,,False,3988.999
2922,1.835,23.857,180.07,313.2395,-1,2,10,81.5,,False,3760.294321129528
2923,3.314,39.64,291.8,832.522,-1,2,8,100.0,,False,2435.999
2926,1.468,29.161,216.5,530.3144,-1,3,3,100.0,,False,11663.999
2927,2.713,23.166,175.72,279.2309,-1,2,4,78.7,,False,2311.999
2928,0.37,17.916,141.23,147.0426,-1,2,13,100.0,,False,2077.999
2929,3.59,33.771,250.65,545.4235,-1,3,10,53.4,,False,2764.999
2931,3.289,25.169,190.06,311.2587,-1,2,12,93.3,,False,555.999
2935,1.225,28.616,213.21,465.2472,-1,3,3,100.0,,False,638.999
2936,0.439,17.227,130.65,273.848,-1,5,11,100.0,,False,930.999
2937,2.13,22.076,164.24,476.9284,-1,3,13,100.0,,False,1131.999
2940,1.714,21.051,160.38,253.096,-1,1,10,97.6,,False,611.999
2941,1.468,29.632,220.46,491.322,-1,3,9,100.0,,False,2550.999
2943,1.23,16.033,125.99,152.0334,-1,2,12,100.0,,False,5548.999
2946,2.69,32.932,244.37,550.4125,-1,3,6,90.4,,False,3745.999
2947,3.248,30.602,227.9,475.3438,-1,2,11,89.6,,False,869.999
2948,3.306,31.156,231.79,493.3898,-1,2,3,82.3,,False,12636.666777777778
2949,0.4,28.379,220.19,187.004,-1,2,7,90.7,,False,5219.999
2950,1.375,21.601,164.39,259.1357,-1,3,7,100.0,,False,1193.999
2951,2.839,24.101,181.46,334.1674,-1,5,7,90.4,,False,10997.999
2956,2.286,27.004,201.61,431.2216,-1,2,6,100.0,,False,6541.999
2957,2.036,26.284,196.56,407.2491,-1,2,5,100.0,,False,5477.999
2958,2.886,32.75,243.0,551.3963,-1,3,8,98.5,,False,3313.999
2959,2.563,24.274,183.41,306.2792,-1,2,13,100.0,,False,2481.999
2960,4.137,27.909,208.79,405.3744,-1,3,10,100.0,,False,3753.3334444444445
2961,0.373,14.901,119.84,116.0478,-1,2,10,100.0,,False,1395.999
2963,2.722,28.665,214.24,419.3523,-1,2,11,96.4,,False,2038.999
2964,3.563,45.53,334.17,1036.8055,-1,5,5,100.0,,False,13526.999
2965,3.174,30.555,227.35,491.3736,-1,2,7,88.8,,False,6513.444555555556
2966,1.892,24.958,187.6,350.2083,-1,3,10,100.0,,False,2941.999
2973,2.155,31.614,234.15,593.2742,-1,3,11,100.0,,False,2734.999
2974,3.061,30.267,224.84,521.29,-1,1,14,96.5,,False,2824.999
2975,0.876,26.782,199.81,441.2517,-1,3,10,100.0,,False,2577.999
2976,2.304,26.012,194.91,384.2207,-1,3,12,100.0,,False,3928.999
2977,1.869,24.02,181.27,315.2529,-1,2,12,99.5,,False,1514.597628938254
2978,0.867,26.388,197.97,371.1894,-1,3,10,100.0,,False,5899.999
2982,3.716,26.791,235.37,59.0123,-1,1,14,99.4,,False,4323.222333333333
2983,2.019,32.503,240.84,583.3286,-1,3,11,100.0,,False,1203.999
2984,3.381,27.316,204.61,389.3432,-1,3,8,97.5,,False,4780.999
2985,1.806,31.24,232.52,485.2594,-1,3,11,100.0,,False,13541.999
2986,3.857,41.636,306.21,892.6127,-1,6,9,92.9,,False,218.33344444444447
2990,3.886,36.383,268.21,760.5219,-1,2,9,100.0,,False,2879.999
2991,3.347,35.948,265.68,664.3838,-1,3,14,100.0,,False,1643.999
2992,1.055,30.329,225.27,525.1477,-1,3,11,100.0,,False,1295.999
2994,3.941,29.691,221.31,459.3488,-1,2,12,86.5,,False,732.999
2995,2.946,36.124,266.62,714.5103,-1,5,5,70.1,,False,6446.999
2998,1.739,31.922,238.76,412.9645,-1,2,9,100.0,,False,368.999
3002,0.262,16.167,126.26,165.0381,-1,2,12,100.0,,False,934.999
3004,1.461,23.37,176.73,299.1405,-1,2,14,100.0,,False,1498.3414331173071
3005,3.504,34.422,255.24,569.479,-1,3,9,78.8,,False,1584.999
3006,3.592,24.12,178.99,530.0035,-1,1,13,96.5,,False,2816.999
3007,2.355,24.831,187.13,327.2526,-1,2,8,90.6,,False,3449.999
3008,2.718,27.953,208.33,459.2515,-1,3,6,96.5,,False,2000.666777777778
3010,2.864,24.385,183.84,323.259,-1,2,9,97.1,,False,3085.1112222222223
3011,4.197,36.391,268.52,721.5054,-1,1,6,90.2,,False,4719.423184870929
3012,1.746,15.34,126.32,93.0326,-1,2,12,100.0,,False,3409.999
3013,3.815,37.755,278.15,788.5313,-1,2,4,91.9,,False,4044.999
3014,3.304,25.646,192.61,359.221,-1,3,6,100.0,,False,238.999
3015,3.923,28.031,209.79,399.3493,-1,3,6,100.0,,False,2516.999
3016,3.159,26.857,201.27,383.3245,-1,1,10,96.5,,False,4685.151229368477
3019,2.728,26.76,200.62,379.2849,-1,3,8,79.1,,False,2935.999
3020,2.999,32.732,242.41,598.3438,-1,1,6,96.5,,False,2213.999
3021,1.18,23.623,178.41,309.2059,-1,2,9,99.0,,False,2078.999
3022,3.264,44.664,328.06,984.7703,-1,4,11,100.0,,False,3509.999
3024,0.401,19.176,146.95,225.0614,-1,2,12,100.0,,False,1345.999
3025,4.74,29.46,220.12,423.3833,-1,3,9,73.1,,False,1722.999
3026,0.65,30.434,231.85,259.0269,-1,3,12,86.9,,False,1210.999
3034,2.355,33.289,246.2,638.3337,-1,4,6,100.0,,False,829.999
3036,1.797,18.229,144.54,137.0234,-1,2,5,100.0,,False,532.999
3037,0.783,17.803,138.1,183.0422,-1,3,9,100.0,,False,645.999
3040,2.89,28.804,215.72,393.2988,-1,3,6,86.7,,False,2322.999
3041,2.754,28.679,213.45,483.252,-1,2,13,100.0,,False,1305.999
3045,3.405,40.798,300.16,866.5989,-1,6,6,82.4,,False,6715.999
3046,2.72,32.731,242.84,553.4116,-1,3,8,68.5,,False,5852.999
3050,3.913,46.59,341.87,1064.833,-1,6,12,100.0,,False,4437.999
3052,2.36,29.672,221.01,471.3475,-1,3,3,86.7,,False,22872.999
3053,1.077,23.325,176.34,301.1804,-1,2,13,100.0,,False,2810.999
3058,1.882,26.739,199.38,449.2431,-1,5,10,100.0,,False,1662.999
3059,2.499,30.328,225.71,485.3859,-1,3,4,74.6,,False,3123.999
3060,3.442,25.473,191.67,341.305,-1,2,12,95.1,,False,2526.000111111111
3061,4.226,30.4,226.55,463.3792,-1,3,9,81.1,,False,566.999
3062,3.449,45.194,331.83,1010.7876,-1,5,13,100.0,,False,3359.999
3064,3.762,40.723,299.45,899.5378,-1,5,6,100.0,,False,2117.999
3065,3.074,33.101,247.19,435.2522,-1,3,15,100.0,,False,1835.999
3066,2.851,31.073,231.0,507.3729,-1,3,5,73.1,,False,10293.00011111111
3068,4.9,32.914,244.13,557.4641,-1,3,3,62.4,,False,10223.999
3072,2.712,33.403,247.83,554.353,-1,3,7,94.9,,False,1796.999
3073,4.722,28.868,215.69,423.383,-1,3,9,82.4,,False,1745.999
3075,3.769,27.373,203.07,543.0593,-1,4,6,100.0,,False,11169.889
3077,1.395,28.666,213.09,506.2652,-1,4,10,100.0,,False,1509.999
3078,2.571,33.299,247.36,526.2944,-1,3,10,100.0,,False,3769.999
3079,3.987,29.505,220.02,451.382,-1,3,4,93.0,,False,2208.999
3081,0.556,20.223,165.2,101.0002,-1,1,12,98.9,,False,1559.999
3083,3.026,24.244,183.01,313.2739,-1,2,11,98.7,,False,3181.3958378894
3084,2.408,23.443,173.8,548.9278,-1,3,12,100.0,,False,1385.999
3085,1.339,22.809,172.79,287.2211,-1,2,13,100.0,,False,2548.999
3086,0.71,29.034,215.77,511.2916,-1,3,12,100.0,,False,4721.999
3087,3.74,29.012,216.92,413.3633,-1,2,10,100.0,,False,1643.999
3088,1.025,25.635,191.29,437.0552,-1,3,9,100.0,,False,332.999
3089,3.22,29.06,216.37,477.2641,-1,1,7,96.5,,False,1510.999
3090,2.916,27.267,203.99,404.2845,-1,1,12,98.9,,False,7839.999
3091,2.305,26.363,197.57,382.3012,-1,1,5,96.5,,False,16443.999
3092,2.096,30.97,229.7,558.2687,-1,3,10,100.0,,False,3538.999
3094,3.756,29.282,218.57,437.3628,-1,2,8,90.0,,False,3859.999
3095,2.493,27.264,205.05,347.2945,-1,2,13,93.7,,False,1124.999
3097,2.211,37.311,276.67,572.9872,-1,2,7,93.7,,False,6154.999
3099,1.041,23.921,180.13,333.1695,-1,2,12,100.0,,False,2965.000111111111
3101,2.259,25.526,192.58,319.2627,-1,3,11,100.0,,False,539.999
3103,0.416,30.84,239.33,187.0049,-1,2,11,97.4,,False,6202.111222222222
3105,3.254,26.339,197.75,363.3264,-1,2,13,100.0,,False,1122.999
3108,3.016,28.547,212.62,469.2869,-1,4,11,100.0,,False,363.57094501414986
3109,2.977,32.14,238.62,536.4054,-1,1,7,43.9,,False,7663.999
3110,2.309,26.624,197.17,583.9836,-1,3,13,100.0,,False,2630.999
3112,3.472,33.228,246.4,565.4485,-1,2,6,46.7,,False,5744.999
3116,0.411,30.181,234.19,187.004,-1,2,8,98.3,,False,4187.999
3117,1.249,21.437,316.51,328.1612,-2,4,11,100.0,,False,1370.999
3119,3.202,24.079,181.3,334.1691,-1,4,5,52.5,,False,7929.999
3120,2.918,32.902,243.85,578.4832,-1,2,7,65.4,,False,12575.767686815801
3124,4.371,35.633,263.09,697.489,-1,1,12,96.5,,False,5069.778387423278
3125,2.404,24.337,181.03,484.8869,-1,7,11,100.0,,False,136.999
3126,3.464,26.309,384.34,720.9006,-2,5,11,100.0,,False,2299.999
3128,3.096,36.91,272.23,742.5436,-1,3,5,67.6,,False,4110.999
3129,3.115,29.129,217.75,417.3003,-1,2,5,43.5,,False,2712.999
3131,4.282,30.363,226.26,465.3943,-1,2,6,93.7,,False,3925.999
3132,3.0,20.739,159.16,220.1683,-1,2,12,100.0,,False,3116.999
3135,0.527,17.66,133.52,293.8389,-1,5,14,100.0,,False,1600.999
3136,3.77,30.699,228.3,501.3362,-1,4,10,100.0,,False,1257.999
3140,0.978,22.135,167.8,282.0755,-1,2,11,100.0,,False,911.999
3142,1.121,25.419,190.34,391.1782,-1,3,11,100.0,,False,1662.999
3143,3.366,36.45,268.98,720.5018,-1,6,4,52.5,,False,2361.999
3146,0.448,29.176,216.61,532.2365,-1,3,15,100.0,,False,393.999
3147,2.745,32.735,244.49,433.2354,-1,3,11,100.0,,False,2020.999
3149,3.223,33.089,245.5,553.4125,-1,2,5,69.6,,False,8106.999
3151,3.471,30.268,225.69,455.3732,-1,3,10,94.3,,False,3361.999
3152,2.377,26.871,200.61,431.3163,-1,3,6,91.5,,False,5781.999
3153,3.236,30.925,229.66,529.3776,-1,3,5,92.1,,False,259.999
3155,0.457,35.275,260.33,713.377,-1,5,11,100.0,,False,842.999
3157,2.845,31.184,231.68,521.385,-1,3,8,95.3,,False,1236.999
3158,2.436,29.709,221.45,459.2307,-1,3,11,100.0,,False,3014.999
3159,2.97,35.01,258.95,636.354,-1,3,10,100.0,,False,1816.999
3160,2.401,22.013,165.87,324.9992,-1,1,21,97.9,,False,1482.1417194873632
3162,3.061,32.517,242.36,464.3145,-1,2,12,100.0,,False,3242.999
3163,1.23,27.584,206.01,427.132,-1,4,10,100.0,,False,2137.999
3164,2.795,29.749,221.26,497.2895,-1,2,12,95.3,,False,2708.222333333333
3168,3.504,39.362,290.0,792.5377,-1,5,7,72.0,,False,3486.999
3169,3.142,39.326,289.74,792.5376,-1,6,12,72.5,,False,108.22233333333338
3172,4.672,33.73,250.26,553.4837,-1,2,6,83.4,,False,264.999
3174,4.352,32.56,241.97,515.4154,-1,3,3,100.0,,False,4323.999
3180,2.646,28.085,209.67,433.2156,-1,2,14,99.8,,False,1505.506761302791
3181,3.507,39.85,293.57,799.5646,-1,3,7,80.6,,False,5374.999
3182,1.978,23.775,179.51,311.2211,-1,2,12,93.7,,False,1918.1276697083013
3183,0.484,27.014,201.96,413.1997,-1,3,13,100.0,,False,1054.999
3186,4.439,36.045,266.05,710.4809,-1,4,7,99.7,,False,4219.999
3188,3.528,33.585,249.05,566.3836,-1,2,8,100.0,,False,2876.999
3189,1.912,29.638,220.18,519.223,-1,3,9,100.0,,False,2971.999
3192,1.149,29.385,218.54,497.2757,-1,3,9,100.0,,False,1761.999
3193,2.962,25.364,190.77,345.2418,-1,2,8,98.9,,False,638.999
3196,0.382,29.274,217.26,539.251,-1,5,12,100.0,,False,1076.999
3197,3.54,35.78,263.42,821.2886,-1,3,11,100.0,,False,2516.999
3200,1.712,21.464,163.6,251.1167,-1,2,8,100.0,,False,1365.999
3201,1.407,25.61,191.69,396.148,-1,3,12,100.0,,False,212.999
3202,2.053,26.695,200.02,385.2946,-1,2,11,98.5,,False,1878.999
3203,4.476,19.688,150.96,223.0267,-1,4,11,100.0,,False,288.9460380881965
3207,2.663,31.463,234.14,489.2778,-1,3,12,100.0,,False,2621.2470249176085
3208,3.654,38.216,281.63,778.5782,-1,3,4,52.5,,False,13358.999
3209,3.286,23.093,175.19,278.3296,-1,1,3,41.7,,False,8090.999
3210,2.548,28.465,212.03,468.2735,-1,3,11,96.5,,False,5006.999
3215,3.734,21.129,159.52,309.0391,-1,4,5,100.0,,False,5545.999
3216,2.575,29.689,220.83,496.3042,-1,2,8,98.9,,False,4030.999
3219,2.663,33.559,248.67,584.363,-1,3,10,98.7,,False,1704.999
3221,0.751,20.17,153.46,259.0589,-1,3,10,100.0,,False,686.999
3222,2.924,24.042,181.53,311.2581,-1,2,17,88.4,,False,1736.3159345455629
3225,2.291,27.98,208.95,429.2502,-1,3,5,100.0,,False,5288.999
3227,2.697,33.637,248.93,618.4074,-1,3,10,92.6,,False,1375.999
3228,2.876,29.6,220.18,495.2734,-1,2,10,96.5,,False,2042.999
3229,2.527,32.282,239.07,598.3818,-1,4,8,84.7,,False,4080.999
3230,3.99,16.641,130.99,149.007,-1,3,7,100.0,,False,5833.999
3232,2.325,30.751,228.91,483.3675,-1,3,6,62.7,,False,2018.999
3234,2.759,24.397,180.41,618.962,-1,2,12,100.0,,False,807.999
3239,2.483,35.589,263.06,661.4477,-1,3,7,100.0,,False,1810.999
3240,3.203,27.288,203.88,421.2714,-1,2,11,98.0,,False,2841.000111111111
3241,3.361,27.879,208.22,427.3062,-1,2,5,94.8,,False,1055.999
3243,2.882,31.012,230.0,559.3029,-1,3,7,96.5,,False,4830.999
3244,4.499,21.924,165.82,297.0461,-1,3,4,100.0,,False,8188.999
3245,3.378,34.276,254.18,567.463,-1,4,8,52.7,,False,1115.999
3246,1.839,26.848,200.89,401.2905,-1,3,9,100.0,,False,3769.999
3248,2.351,23.59,177.54,337.132,-1,3,14,100.0,,False,1632.5556666666666
3252,2.21,27.974,206.84,630.9472,-1,4,21,100.0,,False,2004.840472580811
3253,1.916,23.66,178.69,309.206,-1,2,14,90.2,,False,1118.1713385319758
3254,3.12,28.1,210.23,405.3003,-1,2,7,59.7,,False,1283.999
3255,3.103,37.064,273.34,746.5156,-1,3,4,59.9,,False,4742.999
3258,3.692,30.711,228.64,481.3881,-1,3,7,65.1,,False,703.999
3259,3.501,28.663,213.58,463.2811,-1,2,6,84.5,,False,2794.999
3260,1.094,24.866,186.85,353.2321,-1,2,10,98.9,,False,2122.999
3261,2.393,22.018,169.07,218.984,-1,2,15,100.0,,False,1329.4763884872648
3264,0.626,17.992,142.14,143.1056,-1,2,11,100.0,,False,1153.999
3265,3.96,32.005,238.58,461.3633,-1,3,8,100.0,,False,3517.999
3266,2.179,21.597,165.17,235.1688,-1,2,7,100.0,,False,116.999
3267,2.825,28.735,214.11,464.278,-1,2,9,100.0,,False,2407.999
3271,2.585,26.971,202.12,384.3126,-1,2,4,96.5,,False,1254.999
3273,1.534,24.675,185.65,341.2316,-1,2,10,100.0,,False,978.999
3275,2.791,25.347,190.73,341.2686,-1,2,11,90.6,,False,799.420042840115
3276,1.306,23.346,176.55,299.1847,-1,3,9,99.1,,False,2232.999
3277,3.707,32.984,245.49,489.3589,-1,3,11,100.0,,False,875.999
3279,1.685,25.769,192.65,410.1677,-1,4,3,100.0,,False,6977.999
3280,1.886,31.794,235.46,595.387,-1,3,13,100.0,,False,517.999
3281,3.748,34.047,252.31,583.4721,-1,3,10,97.2,,False,2941.1508507038134
3282,2.904,26.967,201.7,407.1445,-1,4,9,98.6,,False,2153.999
3283,3.611,31.004,230.19,534.3581,-1,1,10,97.4,,False,5566.999
3286,2.148,25.742,193.22,365.2319,-1,2,8,89.9,,False,4186.999
3287,4.563,37.306,275.03,762.6602,-1,2,5,96.5,,False,128.999
3289,0.68,25.989,195.33,352.0884,-1,3,3,100.0,,False,7915.999
3290,1.256,32.231,238.2,657.3331,-1,4,13,100.0,,False,1184.999
3291,1.501,18.538,144.61,169.1213,-1,2,12,100.0,,False,1868.999
3293,0.613,19.377,149.85,193.0882,-1,3,8,100.0,,False,95.88900000000001
3295,2.39,22.035,166.12,320.9849,-1,2,17,100.0,,False,1677.7400591096189
3297,4.101,40.633,298.8,895.5422,-1,2,10,100.0,,False,1303.999
3302,0.686,23.364,175.51,354.1013,-1,3,8,100.0,,False,13914.999
3303,3.368,33.025,244.98,558.3344,-1,4,11,97.6,,False,2548.999
3304,1.38,23.533,177.59,315.216,-1,3,6,100.0,,False,2831.999
3306,0.298,13.045,109.35,79.9556,-1,1,12,98.9,,False,2984.666777777778
3307,3.342,40.958,301.36,866.5979,-1,4,8,80.9,,False,2846.999
3310,3.39,32.536,241.53,538.4216,-1,2,9,89.6,,False,8812.360356348723
3311,2.742,28.245,210.18,485.0564,-1,6,9,100.0,,False,2896.999
3312,0.605,27.15,202.26,464.3021,-1,3,9,100.0,,False,4646.999
3313,2.374,22.473,170.5,277.1929,-1,2,5,93.7,,False,8314.00011111111
3315,4.149,26.91,201.75,379.3572,-1,2,11,83.9,,False,1178.999
3317,4.376,33.244,246.47,571.4383,-1,4,10,98.9,,False,847.999
3320,2.531,26.533,198.89,380.2787,-1,1,11,96.5,,False,2432.666777777778
3321,2.414,27.96,208.85,425.328,-1,2,9,94.3,,False,2321.000111111111
3324,4.389,26.012,195.36,359.2981,-1,3,3,100.0,,False,5853.999
3326,2.411,22.938,173.87,283.2271,-1,2,16,93.7,,False,2302.606394611219
3327,3.159,31.274,231.97,556.3421,-1,3,9,97.7,,False,4606.999
3328,3.481,37.111,273.55,764.5311,-1,3,3,74.6,,False,7332.999
3329,3.486,37.35,275.35,760.5351,-1,6,6,75.2,,False,9175.999
3332,3.5,27.372,205.15,383.3159,-1,3,10,93.7,,False,1199.999
3333,1.578,24.178,182.51,313.1184,-1,2,8,82.5,,False,1616.999
3334,2.505,32.716,242.85,541.3889,-1,3,8,100.0,,False,1640.999
3335,4.3,25.175,189.58,333.282,-1,3,8,100.0,,False,5522.680629526788
3337,3.048,26.748,200.5,380.3178,-1,1,8,96.5,,False,1578.999
3339,2.828,33.788,250.38,584.3592,-1,3,10,100.0,,False,5505.999
3341,3.575,26.989,202.37,377.3423,-1,3,14,97.6,,False,485.1020370223264
3342,0.988,27.687,206.99,413.2023,-1,2,5,100.0,,False,354.999
3343,2.449,28.178,210.31,437.1458,-1,4,9,100.0,,False,4254.999
3345,2.853,37.807,279.0,720.5222,-1,3,13,100.0,,False,1638.999
3347,4.151,40.723,299.44,897.5561,-1,4,10,100.0,,False,2585.999
3348,4.134,29.386,217.61,593.0862,-1,6,11,100.0,,False,7110.999
3349,1.443,27.308,203.59,452.2781,-1,3,14,100.0,,False,1893.999
3351,1.769,25.526,191.81,354.2645,-1,2,13,98.3,,False,2429.999
3355,2.635,34.705,256.72,634.3366,-1,3,12,100.0,,False,2518.999
3357,3.374,28.979,216.49,425.3628,-1,5,7,96.7,,False,886.999
3358,2.364,25.28,190.01,351.2552,-1,3,6,90.0,,False,6156.3334444444445
3359,2.009,25.727,193.42,349.1468,-1,2,11,100.0,,False,1972.999
3360,3.598,32.519,246.88,279.2347,-1,3,4,100.0,,False,7282.999
3363,2.519,21.658,161.33,454.9717,-1,1,11,97.9,,False,2057.999
3366,0.442,22.312,168.96,289.1049,-1,2,13,100.0,,False,4077.999
3367,0.532,19.996,152.63,243.032,-1,2,10,100.0,,False,12468.999
3370,3.815,26.191,196.76,357.1892,-1,3,11,100.0,,False,2755.999
3371,2.754,28.212,211.35,389.2692,-1,2,7,77.7,,False,127.999
3374,2.182,30.184,224.68,483.3126,-1,3,6,96.5,,False,8172.999
3375,3.166,24.092,181.96,309.2414,-1,2,11,77.5,,False,2166.999
3377,4.477,28.257,211.32,409.3718,-1,3,3,98.7,,False,5847.999
3379,2.378,38.937,286.81,804.5593,-1,3,5,100.0,,False,4067.999
3381,2.314,25.696,192.58,381.2053,-1,2,13,98.1,,False,3053.999
3382,0.506,17.667,136.66,191.0326,-1,2,6,100.0,,False,16519.999
3384,2.129,26.097,196.09,355.2113,-1,3,9,100.0,,False,2864.999
3385,2.335,29.429,218.79,505.2586,-1,3,12,100.0,,False,1772.999
3387,3.221,24.017,181.58,301.3294,-1,3,9,99.3,,False,5488.999
3389,3.119,28.827,218.74,281.2466,-1,2,11,100.0,,False,3002.999
3391,1.73,28.736,213.99,473.3139,-1,3,5,96.8,,False,3823.999
3393,0.917,22.763,172.49,285.2054,-1,2,14,95.9,,False,2197.820686333892
3395,3.85,40.226,295.91,875.5345,-1,3,6,99.4,,False,156.999
3397,2.817,30.373,225.45,538.2949,-1,3,10,100.0,,False,2304.999
3398,3.922,37.943,279.97,725.4309,-1,3,13,100.0,,False,5316.999
3399,4.337,40.191,295.93,826.6014,-1,3,5,88.8,,False,1391.2223333333336
3400,2.79,22.7,172.46,269.2473,-1,2,9,67.4,,False,894.999
3401,2.921,41.697,306.59,904.5749,-1,4,12,100.0,,False,1152.999
3402,1.848,27.446,205.59,389.2699,-1,2,9,100.0,,False,7010.999
3403,4.136,19.705,151.09,223.0269,-1,3,13,97.3,,False,2449.0549676509677
3406,0.803,21.924,165.58,307.0266,-1,3,10,100.0,,False,568.999
3407,3.24,34.748,256.79,666.0616,-1,4,11,100.0,,False,2089.999
3408,1.281,29.939,222.91,479.2086,-1,3,12,100.0,,False,1559.999
3412,2.574,31.696,235.44,525.3809,-1,2,12,84.6,,False,1695.999
3414,3.815,29.291,218.76,429.3732,-1,3,9,87.7,,False,1282.999
3415,2.395,27.823,205.59,651.985,-1,2,13,100.0,,False,2022.4765953640228
3417,2.726,32.169,238.65,554.3026,-1,4,6,93.6,,False,3616.999
3419,2.214,26.617,199.51,381.2986,-1,2,8,98.3,,False,2312.999
3420,4.059,46.746,343.01,1066.8494,-1,5,10,100.0,,False,3526.999
3421,0.527,17.695,133.75,295.8363,-1,4,11,100.0,,False,3154.999
3422,2.116,25.314,190.31,349.2373,-1,2,12,82.4,,False,503.999
3423,4.457,31.925,237.15,523.4407,-1,2,4,96.5,,False,603.2223333333334
3427,3.467,29.872,222.81,449.4002,-1,2,8,86.8,,False,1854.999
3428,2.884,26.273,197.19,366.3016,-1,1,12,94.7,,False,5448.868173792437
3430,3.534,29.831,222.51,449.3983,-1,3,8,82.4,,False,1640.999
3431,0.348,24.559,191.62,171.0256,-1,2,11,100.0,,False,443.999
3432,1.983,33.509,247.75,647.3517,-1,4,11,100.0,,False,1820.999
3437,2.67,26.654,199.12,421.2371,-1,3,4,100.0,,False,895.999
3438,4.14,31.435,232.03,699.0809,-1,4,11,100.0,,False,4754.999
3439,1.45,31.964,236.45,627.3771,-1,3,12,100.0,,False,1333.999
3446,3.04,24.61,185.5,325.2736,-1,2,11,96.9,,False,3996.92756449956
3451,0.376,19.471,150.06,204.0643,-1,2,9,98.4,,False,990.999
3452,3.291,27.9,208.69,407.3176,-1,3,5,83.8,,False,4388.999
3454,4.794,27.694,207.11,409.3678,-1,2,6,100.0,,False,2367.999
3455,1.357,34.821,256.81,739.3594,-1,4,7,100.0,,False,1035.999
3456,2.488,37.911,279.5,759.433,-1,4,8,100.0,,False,847.999
3457,1.139,32.27,238.87,609.3104,-1,5,12,100.0,,False,2477.999
3458,2.894,22.59,171.57,271.2264,-1,2,13,82.4,,False,1285.596435198695
3459,0.375,20.821,159.45,229.1528,-1,2,5,100.0,,False,434.999
3460,2.614,33.681,248.91,662.3331,-1,4,10,100.0,,False,3230.999
3461,3.719,30.644,228.19,477.3588,-1,4,8,85.1,,False,648.999
3462,2.586,29.019,214.16,696.9655,-1,2,12,100.0,,False,2009.7778888888888
3465,2.812,30.69,228.4,487.3433,-1,2,10,78.3,,False,1026.999
3467,3.114,20.057,153.51,231.0326,-1,5,10,100.0,,False,3811.999
3471,3.195,30.979,229.86,546.3255,-1,3,5,100.0,,False,375.999
3473,3.425,25.123,192.51,229.194,-1,2,11,98.2,,False,1587.999
3475,1.486,24.098,188.33,167.0329,-1,2,9,100.0,,False,6272.999
3477,0.443,19.57,149.18,248.9883,-1,3,13,98.9,,False,1250.999
3479,3.568,32.817,244.01,505.3403,-1,4,4,100.0,,False,764.999
3480,1.876,32.591,241.62,570.3434,-1,3,9,100.0,,False,4148.999
3481,4.608,40.341,296.98,837.5929,-1,3,9,96.5,,False,1348.999
3482,2.626,30.952,229.57,557.2892,-1,3,8,100.0,,False,3604.999
3485,2.849,28.479,216.15,279.231,-1,2,10,100.0,,False,2946.999
3487,1.697,20.839,159.15,241.0964,-1,2,11,100.0,,False,1304.999
3489,1.316,23.714,179.5,293.1755,-1,2,16,89.0,,False,327.5263985345355
3493,2.394,29.82,222.34,455.3381,-1,2,5,79.3,,False,1214.999
3501,1.664,29.662,220.96,469.2973,-1,3,8,97.7,,False,2624.999
3502,2.404,30.287,225.47,481.2998,-1,4,8,98.3,,False,1020.4445555555556
3503,3.116,32.899,244.11,551.3958,-1,2,7,67.5,,False,2397.999
3504,4.489,28.254,210.9,435.3507,-1,3,4,100.0,,False,5670.777888888889
3505,3.773,26.679,200.2,369.3353,-1,2,8,100.0,,False,3846.999
3507,1.4,28.929,215.42,475.2911,-1,3,12,100.0,,False,1902.999
3509,0.36,23.564,178.64,283.1621,-1,2,9,100.0,,False,1599.999
3511,2.331,28.259,211.56,397.2957,-1,2,12,99.9,,False,1599.999
3515,2.774,28.777,214.76,439.3442,-1,3,4,75.0,,False,3658.999
3519,2.37,26.559,199.14,377.2689,-1,2,11,65.2,,False,1359.999
3521,1.072,26.337,198.42,331.1906,-1,2,12,100.0,,False,2172.999
3522,3.124,32.778,243.58,517.3924,-1,3,4,76.5,,False,6690.999
3526,2.095,29.833,222.13,477.3221,-1,2,10,67.8,,False,1261.999
3527,1.488,24.458,183.93,345.145,-1,2,9,91.2,,False,1497.999
3528,2.552,30.752,228.9,484.3721,-1,3,8,71.3,,False,1131.999
3529,2.691,21.766,166.33,239.236,-1,2,11,100.0,,False,2498.999
3530,0.608,18.307,145.16,137.0224,-1,1,13,99.1,,False,1143.999
3531,4.032,38.58,284.14,810.5065,-1,4,4,52.5,,False,2718.444555555556
3532,4.226,28.368,212.2,407.3518,-1,3,9,86.7,,False,483.999
3533,4.401,32.116,236.97,713.1332,-1,5,9,100.0,,False,5775.999
3534,3.118,24.215,182.85,311.2572,-1,2,6,83.3,,False,2438.999
3537,0.443,26.392,197.61,393.1423,-1,3,12,100.0,,False,1562.999
3539,2.308,31.014,230.29,531.3506,-1,3,6,96.5,,False,3011.999
3542,3.258,25.564,192.15,351.2901,-1,2,14,93.5,,False,1694.999
3543,2.574,38.336,282.63,763.4645,-1,4,3,100.0,,False,650.999
3546,0.374,18.443,146.52,134.0587,-1,3,5,100.0,,False,10410.999
3547,3.987,27.412,206.54,331.2635,-1,2,12,93.7,,False,2605.999
3550,0.493,37.795,278.4,801.4295,-1,6,9,100.0,,False,503.999
3556,2.917,20.135,154.51,220.1457,-1,1,15,62.5,,False,12.459126576424069
3557,3.542,19.808,148.13,396.9697,-1,2,6,100.0,,False,3338.999
3561,0.482,28.84,223.77,187.0043,-1,2,8,95.6,,False,226.999
3562,4.072,32.097,238.1,554.4262,-1,3,10,98.5,,False,4211.999
3565,3.349,31.14,231.25,530.326,-1,2,8,100.0,,False,2270.999
3571,2.088,28.442,211.68,483.242,-1,3,10,100.0,,False,2326.999
3574,0.442,25.379,190.41,369.0977,-1,4,11,100.0,,False,1474.999
3576,0.726,19.465,148.88,233.0433,-1,3,7,100.0,,False,195.999
3577,2.072,32.173,238.28,595.3855,-1,3,11,100.0,,False,61.999
3578,2.306,33.023,244.1,653.2505,-1,4,13,100.0,,False,2551.999
3579,3.722,36.37,268.45,710.4802,-1,3,8,100.0,,False,4549.000111111111
3580,3.49,23.805,180.3,289.1796,-1,2,15,100.0,,False,6377.222333333333
3581,2.636,32.178,240.78,407.2192,-1,3,12,100.0,,False,2620.999
3582,2.821,24.489,184.99,308.294,-1,4,10,100.0,,False,699.999
3583,4.769,28.469,212.87,412.3887,-1,2,6,88.4,,False,2655.999
3584,2.478,30.857,229.47,502.2706,-1,4,10,100.0,,False,3027.999
3585,3.248,31.292,232.87,489.2611,-1,3,7,93.7,,False,2805.999
3586,1.675,32.138,237.0,735.1228,-1,3,10,100.0,,False,1136.999
3590,2.497,31.482,234.03,509.3002,-1,3,12,100.0,,False,3375.999
3593,2.451,19.7,151.06,223.0266,-1,3,14,82.4,,False,1813.163896149707
3594,3.156,35.181,259.7,705.4129,-1,4,9,100.0,,False,3642.999
3597,1.812,24.55,184.96,329.2678,-1,3,10,100.0,,False,2007.999
3598,1.557,30.482,225.77,590.248,-1,4,11,100.0,,False,130.999
3600,3.166,29.792,222.92,405.3002,-1,2,10,93.7,,False,1312.999
3601,2.806,31.302,232.09,565.3059,-1,3,8,100.0,,False,4339.999
3602,2.053,30.342,225.49,513.3422,-1,3,12,89.7,,False,1183.999
3603,1.732,21.521,164.38,241.1786,-1,2,8,100.0,,False,1040.999
3604,2.022,32.123,237.84,603.3249,-1,4,10,100.0,,False,1700.999
3606,2.028,22.479,170.79,269.2094,-1,2,11,64.0,,False,2251.999
3607,1.665,20.431,156.2,236.102,-1,2,6,91.2,,False,222.999
3608,2.104,28.658,213.93,435.311,-1,3,9,57.0,,False,3160.999
3611,3.631,41.071,301.94,915.5321,-1,4,6,100.0,,False,883.999
3613,3.387,26.918,201.88,375.3264,-1,2,13,98.5,,False,2342.999
3616,4.236,37.291,275.3,705.5225,-1,3,11,100.0,,False,3414.999
3617,2.9,19.584,150.8,207.1374,-1,3,10,93.2,,False,1388.4564290586504
3619,0.459,18.553,145.89,152.0327,-1,1,10,98.7,,False,2791.999
3620,3.379,26.52,199.11,363.3254,-1,2,10,100.0,,False,528.999
3622,2.484,29.551,219.58,515.1958,-1,4,9,88.3,,False,1836.999
3625,3.337,32.054,237.89,545.4215,-1,2,6,92.3,,False,4024.999
3632,2.58,27.791,205.6,614.9615,-1,2,16,100.0,,False,1437.789573330249
3634,3.575,27.506,205.99,392.3539,-1,3,10,76.4,,False,235.94990141391463
3636,3.739,28.921,215.93,433.3325,-1,2,8,61.8,,False,380.999
3638,3.972,39.55,291.1,841.5091,-1,2,9,97.4,,False,2852.999
3640,1.223,17.965,136.43,266.8459,-1,3,9,100.0,,False,170.999
3641,1.733,20.785,155.85,368.9768,-1,2,5,100.0,,False,5403.999
3642,1.26,17.458,136.4,165.0534,-1,2,13,100.0,,False,1431.999
3643,1.464,26.787,200.68,387.2531,-1,2,12,100.0,,False,1137.999
3647,2.574,29.846,221.9,505.2783,-1,2,7,100.0,,False,3779.999
3650,2.575,30.148,224.35,487.3435,-1,2,9,91.3,,False,8576.999
3654,2.711,32.85,243.14,614.3332,-1,2,11,100.0,,False,2835.999
3655,2.6,22.208,168.15,290.1434,-1,4,4,81.5,,False,9658.999
3658,1.819,22.764,171.97,306.138,-1,3,3,52.7,,False,2687.999
3659,1.526,28.691,213.68,471.2954,-1,3,12,98.4,,False,2233.999
3660,2.792,25.529,191.86,352.2878,-1,2,17,99.9,,False,1039.5172899897634
3661,3.557,29.804,221.7,495.3694,-1,3,4,89.0,,False,282.999
3668,3.274,25.303,190.22,349.2395,-1,2,13,98.3,,False,200.86727489586133
3669,3.607,27.406,205.95,355.2849,-1,2,13,100.0,,False,1088.999
3671,2.348,21.356,163.8,223.1682,-1,2,11,96.9,,False,2410.999
3673,3.596,33.107,245.29,587.4336,-1,3,12,86.8,,False,1023.999
3674,1.836,31.005,230.23,531.2578,-1,4,12,100.0,,False,2519.999
3675,2.975,31.508,233.68,560.2987,-1,2,11,100.0,,False,1618.999
3676,0.445,33.969,250.98,669.35,-1,5,12,100.0,,False,741.999
3677,0.363,24.729,361.76,617.7374,-2,4,10,100.0,,False,1262.999
3680,4.296,41.169,302.89,870.6269,-1,3,6,61.2,,False,2265.999
3681,1.528,39.668,291.81,873.4719,-1,5,13,100.0,,False,2512.999
3682,2.962,33.89,251.01,596.4558,-1,3,9,100.0,,False,2003.999
3684,2.095,26.888,199.1,586.9282,-1,3,20,100.0,,False,1143.278363417373
3686,0.869,20.969,158.96,280.9754,-1,5,8,100.0,,False,406.999
3687,1.446,38.883,286.35,816.4766,-1,4,5,100.0,,False,259.999
3688,3.579,29.852,222.61,453.3597,-1,3,6,95.1,,False,2623.999
3689,2.068,21.574,164.71,243.194,-1,2,10,100.0,,False,470.33344444444447
3691,2.677,21.123,160.84,256.0957,-1,2,10,100.0,,False,27.476739277612523
3693,2.144,30.445,226.58,487.3418,-1,3,6,76.3,,False,7120.999
3694,1.807,21.694,165.63,243.1947,-1,2,10,100.0,,False,267.6667777777778
3695,2.425,18.391,142.15,194.0801,-1,2,11,100.0,,False,2798.999
3699,2.373,29.281,217.74,500.2788,-1,3,9,73.8,,False,439.000111111111
3702,3.517,19.682,146.93,418.9727,-1,2,11,100.0,,False,1806.999
3704,4.074,35.747,264.13,672.4995,-1,2,10,99.9,,False,2256.999
3706,3.276,22.872,173.78,269.2457,-1,2,10,92.4,,False,2190.3334444444445
3708,3.004,45.375,332.88,1075.7033,-1,3,11,100.0,,False,1103.999
3709,1.464,38.726,285.06,837.493,-1,4,10,100.0,,False,2303.999
3710,3.474,35.283,261.0,636.4337,-1,2,6,100.0,,False,153.999
3711,1.834,28.609,212.95,480.2828,-1,3,6,100.0,,False,5678.999
3712,2.329,26.325,197.35,379.2458,-1,2,9,97.2,,False,857.3334444444445
3715,2.799,26.401,197.93,378.3005,-1,1,11,98.9,,False,5895.999
3716,0.353,16.44,129.07,154.0597,-1,1,13,98.8,,False,1226.999
3717,2.436,29.692,220.63,515.2413,-1,2,11,98.5,,False,3444.219750927145
3719,3.793,29.629,219.16,625.0613,-1,4,11,100.0,,False,2528.999
3720,2.438,23.778,179.96,294.2423,-1,1,10,76.7,,False,2381.999
3721,3.252,32.611,241.34,617.2183,-1,5,14,100.0,,False,1253.8774483821335
3724,2.035,25.022,188.53,329.2322,-1,3,8,98.2,,False,1786.999
3726,2.934,44.385,325.78,1032.6715,-1,3,13,100.0,,False,1823.999
3728,1.697,31.799,235.36,611.3837,-1,3,9,100.0,,False,1316.999
3729,3.309,29.079,220.58,283.2635,-1,2,12,99.4,,False,3090.999
3730,2.542,26.92,202.59,341.2099,-1,2,8,98.8,,False,1359.999
3731,3.036,29.223,217.42,490.2952,-1,2,10,89.9,,False,1534.999
3733,2.759,28.449,211.86,473.2679,-1,3,6,100.0,,False,951.999
3735,3.399,30.063,223.59,497.3215,-1,2,12,93.8,,False,2976.8606722610743
3736,2.175,31.135,230.73,577.3764,-1,5,14,100.0,,False,1300.999
3737,2.921,33.416,247.12,640.3516,-1,4,7,100.0,,False,128.999
3739,1.832,29.021,215.97,485.3172,-1,2,6,98.9,,False,2734.999
3740,0.445,17.269,133.31,197.0181,-1,3,12,100.0,,False,490.55566666666664
3742,2.079,28.571,213.41,427.2866,-1,2,7,86.8,,False,1448.999
3744,4.37,32.763,243.0,559.4757,-1,2,6,48.7,,False,55.88899999999995
3745,3.051,32.345,241.04,466.3307,-1,2,12,100.0,,False,2647.999
3747,3.339,36.032,266.05,698.5155,-1,5,6,52.5,,False,3229.999
3749,2.996,31.36,232.55,562.3169,-1,3,12,100.0,,False,557.999
3751,1.614,24.165,182.19,323.2216,-1,2,14,87.8,,False,1117.000111111111
3757,2.086,29.678,221.6,433.3314,-1,2,8,100.0,,False,1420.999
3758,2.064,30.397,225.58,543.2592,-1,2,12,100.0,,False,1593.999
3759,2.393,28.981,215.85,471.2981,-1,3,5,93.7,,False,11368.111222222222
3760,0.275,27.436,201.97,794.4265,-1,1,15,96.5,,False,1088.999
3761,2.606,26.944,201.31,421.2356,-1,3,12,100.0,,False,1792.999
3763,0.507,17.073,132.88,174.0536,-1,2,12,99.8,,False,1083.999
3764,3.866,30.517,226.96,500.3804,-1,2,6,98.7,,False,1490.999
3765,3.023,26.528,198.63,393.2398,-1,5,14,100.0,,False,1233.4445555555556
3767,2.428,23.744,179.23,313.2394,-1,2,5,96.1,,False,3317.3334444444445
3768,1.834,23.041,174.68,282.2068,-1,2,20,98.9,,False,1530.68715671774
3769,0.475,24.703,191.58,187.0043,-1,2,9,78.6,,False,420.999
3770,1.351,29.491,219.0,527.1641,-1,2,12,100.0,,False,1109.999
3771,3.438,29.65,220.55,494.3267,-1,3,9,82.4,,False,2116.999
3772,0.469,23.145,174.84,307.1168,-1,3,5,100.0,,False,358.999
3773,1.909,26.097,195.74,373.2949,-1,3,11,97.7,,False,1266.999
3774,2.941,24.189,182.37,323.1519,-1,2,8,89.5,,False,2660.999
3775,2.648,24.612,184.94,353.1455,-1,3,9,100.0,,False,3181.999
3777,3.011,27.976,208.5,459.2518,-1,1,13,97.5,,False,104.999
3780,2.374,27.325,204.23,417.2848,-1,3,8,100.0,,False,1091.999
3781,4.082,34.125,252.7,602.4849,-1,3,10,100.0,,False,2523.999
3782,2.21,29.301,217.89,500.2795,-1,3,9,66.5,,False,287.16089087078103
3783,4.357,36.454,268.84,741.5317,-1,2,4,40.3,,False,3333.3334444444445
3785,3.928,39.283,289.26,822.5331,-1,3,5,78.8,,False,561.1112222222223
3788,4.443,28.462,212.65,422.3664,-1,1,16,89.5,,False,1144.3389308835785
3789,2.507,36.383,268.89,666.4734,-1,3,10,100.0,,False,3085.999
3790,1.387,27.031,202.27,401.2903,-1,2,11,100.0,,False,2635.999
3791,2.356,32.764,242.23,645.3115,-1,3,5,100.0,,False,4181.999
3793,2.759,29.076,219.9,303.2323,-1,2,9,100.0,,False,1837.999
3795,4.795,32.302,239.87,531.4426,-1,3,8,86.3,,False,2066.444555555556
3796,2.393,28.205,210.66,427.2866,-1,3,3,82.4,,False,918.999
3797,1.91,25.444,191.17,355.2491,-1,2,11,94.8,,False,830.3334444444445
3799,1.902,28.439,211.61,487.1021,-1,5,9,100.0,,False,2017.999
3801,1.837,30.185,224.4,507.2136,-1,4,11,100.0,,False,3487.999
3802,2.347,13.815,109.54,134.8919,-1,4,11,78.9,,False,1283.3517215354784
3803,2.816,34.944,276.95,141.0151,-1,1,15,99.4,,False,599.889
3804,4.551,31.126,232.1,455.4098,-1,3,7,99.3,,False,735.999
3805,3.378,33.214,246.51,545.4234,-1,3,8,57.0,,False,2228.999
3808,2.85,23.532,174.69,521.9431,-1,1,11,97.9,,False,2327.999
3810,0.696,26.188,196.24,383.1541,-1,2,6,100.0,,False,5089.999
3811,3.186,25.305,189.38,397.2266,-1,3,12,100.0,,False,1955.999
3813,2.131,27.932,208.94,407.2787,-1,2,6,93.7,,False,2116.999
3814,3.849,28.218,210.18,469.0629,-1,6,5,100.0,,False,4138.999
3815,2.407,21.848,166.67,247.1684,-1,2,11,100.0,,False,1481.999
3816,1.091,23.098,174.68,299.1636,-1,2,12,100.0,,False,1596.999
3820,0.376,15.981,126.26,142.0636,-1,2,12,99.7,,False,656.999
3821,2.175,24.635,185.65,327.2519,-1,2,10,98.0,,False,1749.1112222222225
3822,4.343,27.239,204.14,383.3526,-1,2,16,93.7,,False,397.68103373910503
3826,2.221,26.119,195.94,371.28,-1,2,16,100.0,,False,507.01676886334764
3827,2.663,21.427,163.87,235.168,-1,2,7,100.0,,False,1066.999
3828,2.378,25.624,192.5,356.2841,-1,2,8,96.5,,False,4141.999
3831,3.076,29.288,218.56,441.3573,-1,2,5,48.3,,False,2380.999
3832,3.049,26.758,200.56,381.3009,-1,2,11,74.8,,False,1870.999
3834,2.57,32.597,241.44,594.3437,-1,2,6,100.0,,False,1319.999
3836,2.059,34.816,257.1,691.3789,-1,4,10,100.0,,False,1772.999
3837,2.82,33.376,247.1,607.4592,-1,4,12,69.9,,False,1988.999
3838,3.205,33.79,250.41,582.4448,-1,3,5,53.4,,False,1124.999
3840,2.45,26.035,195.32,371.2437,-1,3,9,82.4,,False,4773.222333333333
3845,3.361,36.607,270.11,724.528,-1,4,5,70.4,,False,731.999
3847,2.412,28.54,213.21,425.3259,-1,3,10,71.5,,False,1397.999
3848,0.747,26.144,195.25,426.1595,-1,3,13,100.0,,False,3460.999
3849,2.449,24.959,192.46,205.1212,-1,2,11,100.0,,False,1085.999
3850,1.978,22.384,170.37,259.1896,-1,3,12,100.0,,False,692.999
3851,3.932,31.174,231.54,526.3958,-1,2,12,100.0,,False,4085.999
3853,3.212,29.711,220.93,501.2649,-1,3,9,100.0,,False,1228.999
3855,1.43,24.9,187.99,313.1183,-1,2,8,100.0,,False,658.999
3859,2.192,25.704,193.17,353.1777,-1,2,11,100.0,,False,2182.999
3861,2.959,31.743,235.69,534.3202,-1,3,11,100.0,,False,755.999
3864,0.247,21.52,315.76,470.6699,-2,4,11,100.0,,False,3093.999
3865,3.063,34.434,254.92,610.3753,-1,3,11,90.2,,False,2332.999
3867,3.539,45.639,335.0,1034.7855,-1,4,13,100.0,,False,2296.999
3869,0.815,25.944,195.04,350.0698,-1,3,11,100.0,,False,1852.999
3871,4.273,40.655,298.92,899.5757,-1,3,4,100.0,,False,4254.999
3872,3.11,29.633,221.73,405.3007,-1,3,9,72.8,,False,1110.999
3875,3.025,25.823,194.04,354.3042,-1,1,7,96.5,,False,8649.034498088742
3876,3.501,25.745,193.47,353.3051,-1,2,13,74.6,,False,258.4888493874652
3877,2.995,26.07,196.5,327.2531,-1,2,12,100.0,,False,1191.999
3878,2.08,26.344,198.76,319.2645,-1,3,4,99.3,,False,472.999
3879,3.275,37.697,277.8,774.5499,-1,5,3,68.5,,False,9295.999
3881,4.145,22.165,183.26,91.02,-1,2,6,100.0,,False,5530.999
3885,1.978,22.271,165.83,462.9623,-1,2,10,100.0,,False,884.999
3886,4.379,31.105,230.91,536.3741,-1,3,12,100.0,,False,1123.999
3889,1.35,27.885,207.68,470.2869,-1,3,8,100.0,,False,679.999
3890,2.511,28.105,210.39,398.2909,-1,2,11,100.0,,False,2115.999
3892,3.536,27.454,203.1,615.039,-1,4,13,100.0,,False,1751.999
3893,1.044,27.815,207.99,411.1845,-1,3,10,100.0,,False,487.999
3894,2.467,30.897,229.56,519.3696,-1,3,6,78.9,,False,722.999
3895,4.669,28.28,211.14,433.3677,-1,2,9,100.0,,False,2389.999
3897,3.054,26.857,201.33,380.3156,-1,1,11,97.4,,False,2928.999
3898,0.382,15.735,125.25,130.0639,-1,2,12,100.0,,False,1566.999
3902,0.387,15.433,124.92,109.027,-1,2,12,100.0,,False,1348.999
3903,0.636,20.976,166.21,139.0047,-1,1,12,99.3,,False,903.999
3905,2.688,26.549,198.79,393.2401,-1,2,10,100.0,,False,1979.999
3906,2.722,26.27,196.99,376.2528,-1,2,12,99.5,,False,3525.999
3908,2.651,28.506,212.86,431.315,-1,2,9,74.2,,False,2670.999
3912,2.784,32.115,238.13,564.3343,-1,2,5,100.0,,False,3611.999
3914,2.855,26.93,201.81,384.3127,-1,3,9,96.5,,False,2434.999
3915,3.201,24.303,183.51,311.2572,-1,2,8,93.7,,False,1247.999
3916,0.64,15.166,120.08,138.0172,-1,3,9,100.0,,False,2891.999
3917,1.81,24.892,187.51,331.1889,-1,2,8,100.0,,False,1108.999
3920,1.692,25.591,192.24,357.2641,-1,2,10,96.9,,False,2203.999
3922,2.426,25.892,194.45,360.2538,-1,3,11,100.0,,False,3612.999
3923,3.12,30.629,227.9,490.3634,-1,3,7,52.5,,False,1970.999
3924,3.446,33.557,248.67,582.5112,-1,1,3,59.0,,False,15634.77788888889
3925,2.12,29.597,220.45,471.3695,-1,3,9,99.3,,False,1950.999
3926,0.251,18.112,140.94,175.0229,-1,2,7,93.8,,False,4878.999
3928,2.192,20.834,162.61,168.9864,-1,1,12,98.8,,False,316.651496749372
3929,0.494,26.55,219.12,92.9248,-1,1,12,44.0,,False,1187.3334444444445
3934,3.489,30.198,224.69,490.3589,-1,3,6,77.8,,False,1547.5556666666666
3935,0.368,22.974,174.21,281.0985,-1,2,8,100.0,,False,1046.999
3937,1.998,26.907,200.96,425.2322,-1,3,5,100.0,,False,2104.999
3940,2.888,31.836,236.29,540.3363,-1,4,3,73.0,,False,2902.999
3941,1.745,25.975,194.72,379.2153,-1,3,8,100.0,,False,1649.4445555555556
3944,3.383,22.805,173.06,276.1586,-1,2,9,100.0,,False,1782.999
3945,0.363,18.638,144.77,180.0636,-1,2,11,100.0,,False,870.999
3948,1.474,23.052,174.48,293.1733,-1,2,10,43.8,,False,128.1112222222223
3949,1.961,22.11,167.38,291.1075,-1,3,7,100.0,,False,1137.999
3951,0.276,27.44,201.99,796.4234,-1,1,15,96.5,,False,1018.999
3952,0.303,22.127,172.88,167.019,-1,2,12,98.3,,False,883.999
3953,4.006,38.846,286.06,812.5296,-1,4,6,93.7,,False,2119.999
3954,2.387,31.587,234.31,555.3506,-1,3,9,100.0,,False,1143.999
3957,4.298,25.915,194.13,387.0342,-1,3,12,100.0,,False,2813.999
3959,1.632,22.683,171.89,285.2051,-1,2,13,93.2,,False,1903.197614660616
3961,1.626,37.414,279.6,428.9744,-1,3,10,100.0,,False,1329.0001111111112
3963,3.261,25.115,189.01,339.2892,-1,2,10,93.1,,False,1612.999
3964,3.764,19.783,151.12,239.0588,-1,3,8,100.0,,False,4193.999
3965,2.81,27.208,203.63,399.3474,-1,2,9,98.9,,False,2083.999
3966,3.353,33.757,249.73,630.3796,-1,3,10,100.0,,False,125.55566666666667
3967,3.303,31.819,236.09,549.4149,-1,2,9,54.8,,False,100.70913882098591
3968,0.357,12.192,98.85,105.9174,-1,1,9,98.9,,False,880.999
3969,4.353,39.891,293.94,789.6144,-1,3,6,63.3,,False,196.33344444444447
3971,4.421,23.181,176.26,265.2519,-1,2,11,100.0,,False,1885.999
3977,1.979,19.714,149.71,268.9806,-1,1,11,98.5,,False,636.999
3980,2.648,26.025,195.11,378.2418,-1,2,14,98.1,,False,1350.1189307518496
3981,2.398,24.628,187.01,273.9977,-1,1,17,98.2,,False,612.5455082361066
3983,2.97,30.453,226.78,475.3436,-1,2,12,93.7,,False,878.999
3984,1.378,23.375,176.73,301.1103,-1,3,6,100.0,,False,396.999
3985,4.559,38.249,283.26,607.4231,-1,3,11,100.0,,False,2419.999
3987,1.78,26.838,200.47,424.1787,-1,2,10,100.0,,False,1653.999
3988,3.192,36.477,269.18,720.5015,-1,3,4,52.5,,False,2018.999
3990,3.994,33.081,245.48,549.4535,-1,8,8,75.9,,False,2063.111624774361
3992,1.638,22.128,164.83,455.9574,-1,2,11,100.0,,False,634.999
3993,4.779,28.099,209.87,427.2167,-1,3,12,100.0,,False,2466.999
3999,1.842,29.888,222.62,471.2367,-1,3,11,100.0,,False,1588.999
4001,2.557,26.013,192.75,568.964,-1,1,14,97.3,,False,716.889
4002,3.43,32.517,241.41,537.5712,-1,3,6,98.1,,False,108.999
4004,3.017,33.368,247.22,587.3501,-1,2,14,100.0,,False,2174.999
4005,4.009,31.657,234.98,540.4109,-1,2,8,97.5,,False,4980.999
4006,0.452,17.904,142.13,135.0448,-1,2,3,100.0,,False,261.999
4010,2.358,24.281,183.52,304.263,-1,3,12,100.0,,False,1043.999
4011,4.439,32.559,241.86,525.4533,-1,2,7,97.7,,False,1362.999
4017,3.092,37.312,275.02,766.5431,-1,4,7,64.1,,False,5925.999
4020,2.85,45.162,331.33,1073.6869,-1,4,11,99.9,,False,1919.999
4022,1.114,30.053,224.07,455.2511,-1,3,4,97.2,,False,486.999
4025,1.451,29.523,219.0,552.2919,-1,3,12,100.0,,False,1658.999
4026,4.171,33.144,245.78,565.4477,-1,2,12,89.4,,False,614.4315655231117
4027,3.068,29.893,222.34,497.3125,-1,3,6,93.7,,False,1907.1112222222223
4028,3.865,30.407,227.01,435.3501,-1,2,4,78.0,,False,589.999
4030,2.176,27.867,208.4,410.2964,-1,1,9,97.3,,False,2019.999
4033,1.363,28.247,210.34,473.1583,-1,3,10,100.0,,False,1434.999
4035,1.976,27.441,204.81,436.1808,-1,2,10,100.0,,False,462.999
4037,3.399,22.373,170.35,257.2278,-1,2,5,100.0,,False,7781.999
4040,1.312,31.129,233.69,369.1738,-1,2,10,98.3,,False,1547.999
4041,1.421,24.554,184.99,329.2321,-1,2,12,100.0,,False,1497.1112222222223
4042,3.095,33.182,246.52,525.3801,-1,2,9,93.7,,False,563.999
4044,1.549,21.859,165.84,277.0294,-1,4,11,100.0,,False,1973.999
4045,2.782,27.231,203.56,414.2678,-1,2,10,66.1,,False,1441.999
4046,4.399,33.912,251.3,583.4938,-1,4,8,90.5,,False,689.5556666666666
4047,1.066,24.701,185.42,363.1796,-1,2,11,100.0,,False,2168.999
4048,0.483,17.338,135.51,164.0817,-1,2,10,100.0,,False,405.999
4056,2.647,28.247,210.75,443.2996,-1,3,8,90.0,,False,317.9645981664015
4058,2.334,25.14,189.27,336.2532,-1,1,9,97.7,,False,2154.999
4059,2.41,33.609,248.44,653.2945,-1,4,13,100.0,,False,1370.999
4060,4.496,16.656,131.11,149.0072,-1,3,8,100.0,,False,4383.999
4061,1.968,31.754,236.23,495.2792,-1,3,12,100.0,,False,333.999
4062,2.588,23.16,174.66,319.9813,-1,2,15,98.7,,False,1340.4521456717525
4063,2.772,44.711,328.15,1043.6187,-1,4,11,100.0,,False,1615.999
4066,2.025,21.179,162.04,233.1522,-1,2,6,99.2,,False,868.999
4069,0.356,19.562,155.86,130.0849,-1,2,13,100.0,,False,1457.999
4071,0.475,21.738,164.14,309.0055,-1,2,10,100.0,,False,406.999
4072,2.438,31.86,236.06,583.3298,-1,3,8,100.0,,False,792.999
4074,2.129,29.579,220.0,496.3064,-1,2,9,74.8,,False,2940.999
4075,3.414,27.123,202.9,405.2864,-1,3,12,98.3,,False,347.75874049077083
4076,1.964,27.441,204.79,438.1988,-1,4,6,100.0,,False,972.999
4079,2.776,31.338,232.7,532.305,-1,3,9,97.2,,False,944.999
4080,4.543,30.388,225.51,544.2673,-1,3,8,96.5,,False,383.999
4081,2.204,28.836,214.98,455.2666,-1,2,5,82.4,,False,1127.999
4083,2.69,27.994,209.27,415.2848,-1,3,8,91.4,,False,1134.999
4084,1.725,15.416,122.15,137.022,-1,2,9,100.0,,False,2084.999
4086,2.432,23.481,177.43,305.1727,-1,2,10,99.5,,False,862.999
4088,2.148,25.625,192.49,357.3005,-1,2,11,96.6,,False,1718.999
4089,2.588,29.531,219.45,513.2246,-1,2,15,100.0,,False,1818.999
4090,1.255,31.062,233.17,369.1749,-1,2,12,99.5,,False,979.999
4091,0.371,16.91,133.96,138.0532,-1,2,9,100.0,,False,3976.999
4097,2.818,32.581,241.77,549.3806,-1,3,8,62.3,,False,1002.999
4098,3.006,27.328,204.45,404.2845,-1,1,6,96.9,,False,1333.999
4100,3.113,25.459,191.4,349.2742,-1,2,10,92.5,,False,2458.999
4107,3.919,39.406,290.33,792.5357,-1,4,7,52.5,,False,2101.999
4108,3.508,30.122,224.43,467.3152,-1,2,7,99.3,,False,1910.999
4109,3.221,37.401,275.69,767.5451,-1,3,7,68.1,,False,1364.889
4110,0.247,22.766,333.46,544.2037,-2,5,7,100.0,,False,1343.999
4112,2.697,19.256,148.72,197.0717,-1,4,6,100.0,,False,1729.999
4115,0.656,16.96,133.65,147.0789,-1,2,8,100.0,,False,1506.999
4116,1.354,29.354,217.95,529.2107,-1,4,3,100.0,,False,3359.999
4117,2.236,29.741,221.72,457.3325,-1,2,4,100.0,,False,4772.999
4119,0.364,21.779,171.99,145.0593,-1,2,10,98.1,,False,1760.999
4120,2.126,23.274,175.86,305.1783,-1,3,13,98.3,,False,2966.5556666666666
4121,0.498,16.665,132.25,135.079,-1,2,10,100.0,,False,3675.999
4122,2.897,34.391,254.72,598.3756,-1,3,14,100.0,,False,1885.999
4127,0.393,23.787,178.2,382.9872,-1,3,10,100.0,,False,907.999
4129,3.085,32.919,244.92,494.3276,-1,3,5,100.0,,False,423.999
4135,2.305,24.094,178.8,530.0035,-1,1,15,97.6,,False,1235.3331093366457
4137,4.259,40.487,297.79,886.5564,-1,4,5,85.1,,False,93.999
4139,2.402,31.366,233.25,502.3541,-1,1,9,98.1,,False,287.999
4141,3.083,30.992,230.84,473.4004,-1,2,5,95.1,,False,353.999
4143,2.097,28.632,213.22,473.231,-1,3,12,100.0,,False,910.999
4145,1.346,25.096,188.74,345.1459,-1,2,8,100.0,,False,3669.999
4147,2.978,33.261,246.39,592.3663,-1,2,5,100.0,,False,229.999
4148,3.261,28.261,214.49,279.2318,-1,2,9,100.0,,False,909.999
4151,3.284,33.144,245.83,561.4173,-1,3,7,89.7,,False,894.999
4152,1.428,26.343,196.98,409.1665,-1,3,13,100.0,,False,750.999
4156,3.208,24.076,181.51,323.1545,-1,4,5,72.9,,False,4276.999
4159,2.61,28.077,209.92,413.3256,-1,3,9,93.7,,False,910.999
4160,3.61,33.899,251.19,585.4751,-1,2,8,100.0,,False,1476.999
4161,2.611,27.886,207.94,450.2649,-1,2,6,97.5,,False,553.999
4163,0.351,20.983,160.26,241.1171,-1,2,6,100.0,,False,488.7778888888889
4165,4.554,27.167,203.57,385.3108,-1,2,10,100.0,,False,689.999
4168,2.529,23.135,175.32,285.2415,-1,2,13,86.3,,False,1305.0580099401604
4170,3.016,31.112,231.33,505.3551,-1,2,6,86.4,,False,2878.999
4175,1.857,29.189,216.97,507.2347,-1,3,9,96.5,,False,3070.999
4176,2.093,27.764,205.43,610.9723,-1,3,15,100.0,,False,109.74591566041181
4177,1.983,28.011,209.14,432.2768,-1,2,12,97.7,,False,1655.999
4178,4.347,39.394,289.86,857.5263,-1,3,8,83.3,,False,3620.999
4179,2.681,32.182,239.02,529.4117,-1,2,9,100.0,,False,1266.999
4181,2.503,21.113,161.76,227.1995,-1,2,10,96.5,,False,2371.999
4182,2.765,42.379,311.38,952.5752,-1,4,13,100.0,,False,827.999
4183,4.185,27.713,207.44,398.3382,-1,2,6,78.3,,False,4901.6667777777775
4185,3.176,23.722,178.16,357.0124,-1,3,6,100.0,,False,3358.999
4187,2.331,28.675,213.62,467.2412,-1,2,11,100.0,,False,784.999
4190,2.152,23.261,176.39,281.2468,-1,2,10,71.1,,False,522.265218427553
4191,0.544,18.99,145.05,238.9995,-1,2,11,100.0,,False,2218.999
4192,3.449,30.932,229.79,522.357,-1,2,8,99.5,,False,1595.999
4194,0.65,26.498,198.55,385.1676,-1,2,10,100.0,,False,1135.999
4196,3.558,26.286,199.28,285.2207,-1,2,13,100.0,,False,1966.999
4197,0.546,19.555,149.94,223.0596,-1,2,12,100.0,,False,1485.999
4198,2.467,24.58,184.67,354.1493,-1,3,12,100.0,,False,1637.999
4200,3.595,28.064,210.06,399.3455,-1,4,10,96.8,,False,923.999
4202,2.084,23.253,175.95,295.1538,-1,2,10,100.0,,False,1924.999
4203,3.144,28.166,210.06,449.2677,-1,1,9,91.9,,False,1815.999
4204,1.976,22.765,173.99,239.1632,-1,2,12,99.3,,False,1380.999
4207,2.276,28.335,211.15,461.3265,-1,2,8,82.4,,False,1374.999
4208,2.901,30.682,228.03,513.3581,-1,2,8,81.1,,False,1201.999
4210,3.828,41.22,303.04,915.5329,-1,8,3,78.2,,False,400.999
4211,2.702,32.04,238.03,523.3158,-1,3,11,98.3,,False,1990.999
4212,2.956,31.409,234.31,449.327,-1,3,11,100.0,,False,1633.999
4213,1.963,18.015,140.07,177.0894,-1,2,14,100.0,,False,309.5529169313322
4216,2.762,42.457,311.97,953.5719,-1,4,5,100.0,,False,2352.999
4219,3.078,29.881,222.22,499.3281,-1,3,3,100.0,,False,4498.999
4220,1.56,28.477,212.09,471.298,-1,4,7,99.1,,False,1571.999
4221,0.641,28.233,215.04,259.0261,-1,1,6,89.9,,False,1293.999
4223,2.833,30.92,229.57,534.2819,-1,3,11,100.0,,False,1082.999
4226,1.225,27.252,203.71,415.2152,-1,3,13,100.0,,False,1615.999
4230,2.181,25.456,191.42,347.2578,-1,2,8,100.0,,False,1612.999
4231,1.739,28.556,212.8,461.3127,-1,4,8,99.7,,False,2066.999
4232,1.742,23.924,195.54,101.0001,-1,1,15,99.3,,False,96.75019211113886
4233,3.321,25.176,190.39,301.1646,-1,3,14,99.5,,False,1536.1706166907652
4234,2.699,28.872,215.39,445.3178,-1,3,6,93.7,,False,3140.999
4235,2.823,26.425,198.34,366.2987,-1,1,8,96.5,,False,1764.6667777777777
4243,0.413,23.907,180.15,327.2161,-1,4,10,100.0,,False,588.999
4250,1.931,27.541,204.96,482.2978,-1,3,4,96.7,,False,281.999
4252,2.194,23.417,177.79,273.998,-1,1,17,99.0,,False,63.51880608785359
4255,1.083,28.258,212.07,369.1731,-1,3,12,90.8,,False,373.999
4256,1.738,31.866,239.23,368.9752,-1,2,10,100.0,,False,253.999
4259,3.425,23.099,176.95,229.1942,-1,2,12,99.9,,False,933.999
4260,3.436,22.079,168.37,249.1837,-1,2,11,100.0,,False,1168.999
4262,1.287,29.317,218.84,437.1976,-1,3,10,100.0,,False,1586.999
4263,3.921,39.923,294.1,800.5681,-1,1,7,42.7,,False,1074.4445555555556
4267,3.049,29.197,217.28,486.2995,-1,2,10,91.1,,False,1598.999
4268,3.595,35.887,265.06,685.4194,-1,3,7,100.0,,False,3389.999
4269,2.161,22.027,168.96,222.9996,-1,1,13,98.1,,False,605.704634242679
4273,0.405,22.561,171.07,281.1009,-1,1,4,92.4,,False,133.999
4277,1.882,22.722,335.81,315.6424,-2,4,7,100.0,,False,1100.999
4279,3.001,29.643,221.5,423.3834,-1,3,7,93.7,,False,501.999
4280,2.471,17.642,136.86,183.0102,-1,3,12,100.0,,False,668.2514751463212
4281,2.486,27.049,202.37,403.187,-1,2,11,100.0,,False,985.999
4282,0.388,23.084,173.18,367.1046,-1,2,14,98.3,,False,606.999
4284,3.396,30.696,228.77,463.4835,-1,3,8,72.8,,False,1536.999
4285,2.199,27.463,203.98,518.9846,-1,1,6,96.5,,False,4863.649512746551
4288,2.561,26.067,195.04,401.1305,-1,3,14,82.3,,False,180.49817399105632
4289,2.322,32.813,243.75,526.3214,-1,3,9,100.0,,False,1523.999
4293,2.193,26.625,197.06,600.9837,-1,2,14,100.0,,False,628.4177174205864
4294,4.474,33.943,249.98,797.1176,-1,5,12,100.0,,False,5321.222333333333
4295,3.33,33.595,248.62,618.3802,-1,3,13,93.5,,False,326.5404643443032
4296,2.748,34.839,257.88,616.3904,-1,3,9,100.0,,False,747.999
4300,1.21,28.185,210.17,451.1765,-1,2,11,100.0,,False,1399.999
4302,0.37,18.032,139.23,197.0651,-1,2,9,100.0,,False,235.999
4305,2.069,22.265,169.21,267.1962,-1,2,9,87.0,,False,4722.999
4306,1.444,28.442,211.72,479.2696,-1,4,4,98.2,,False,66.999
4308,0.646,17.26,131.9,234.9232,-1,2,8,100.0,,False,767.999
4311,0.634,27.603,210.23,259.0269,-1,2,6,72.1,,False,1195.999
4312,4.242,24.303,183.76,301.2528,-1,2,12,100.0,,False,1981.999
4313,3.943,40.03,294.51,865.5088,-1,3,10,100.0,,False,974.999
4315,2.58,29.321,218.14,491.3383,-1,2,10,99.5,,False,1546.999
4316,1.111,24.447,183.54,361.1648,-1,2,12,100.0,,False,1367.999
4320,3.158,20.877,160.7,209.1889,-1,2,13,100.0,,False,1219.999
4322,1.766,27.4,204.05,471.1697,-1,3,11,100.0,,False,998.999
4323,0.711,26.945,217.03,116.9703,-1,1,11,70.8,,False,483.33344444444447
4325,1.558,31.339,232.55,547.3493,-1,2,8,100.0,,False,1158.999
4326,2.587,20.283,155.06,236.1045,-1,1,10,55.8,,False,1390.3334444444445
4328,2.892,22.233,169.35,255.2327,-1,4,7,93.7,,False,2129.999
4332,1.441,29.487,218.79,546.2775,-1,3,9,100.0,,False,1568.999
4336,3.643,36.487,277.08,279.2332,-1,1,9,94.5,,False,530.999
4338,0.24,37.953,278.76,964.3322,-1,3,14,96.3,,False,1749.999
4339,3.144,25.481,191.53,351.2896,-1,2,8,93.0,,False,1864.999
4341,2.516,13.819,109.58,134.8918,-1,4,9,65.8,,False,944.7778888888892
4343,2.291,25.618,192.44,357.2271,-1,2,13,100.0,,False,1973.7778888888888
4345,3.259,39.639,291.99,798.5718,-1,7,6,100.0,,False,245.999
4347,0.96,13.222,108.28,96.9574,-1,1,11,99.6,,False,823.999
4348,3.573,32.525,240.81,604.3641,-1,2,10,98.0,,False,531.6667777777777
4350,2.698,30.114,224.47,459.3126,-1,2,7,100.0,,False,151.999
4351,1.975,18.566,141.41,251.9645,-1,4,10,100.0,,False,2615.999
4353,1.507,31.967,236.61,611.3811,-1,3,10,96.8,,False,870.999
4357,3.089,37.625,277.3,774.5484,-1,3,6,57.4,,False,366.0001111111105
4360,2.591,23.161,174.68,318.9789,-1,1,13,98.8,,False,1514.000111111111
4361,2.7,28.004,209.28,419.2442,-1,2,10,94.4,,False,3720.999
4366,4.154,40.775,299.81,901.5529,-1,3,11,100.0,,False,1607.999
4368,0.404,12.543,104.95,80.9639,-1,1,11,99.5,,False,3515.999
4369,2.762,27.185,201.08,618.9619,-1,2,12,100.0,,False,480.999
4370,3.013,22.526,171.33,263.1997,-1,3,11,100.0,,False,783.6667777777777
4371,0.845,18.161,140.06,201.0241,-1,3,17,82.4,,False,236.94579186761212
4373,3.833,21.999,168.18,237.2228,-1,2,9,100.0,,False,1766.4381199183008
4376,2.508,23.18,176.1,269.9848,-1,1,15,98.5,,False,676.3365857162187
4377,2.322,30.337,224.91,566.2503,-1,2,11,100.0,,False,942.999
4380,1.346,27.666,207.11,397.3348,-1,2,6,49.6,,False,3132.999
4385,3.96,25.921,194.75,355.3239,-1,3,7,100.0,,False,4593.157210276044
4386,3.183,33.919,251.92,532.3414,-1,3,9,100.0,,False,2187.999
4387,3.369,28.418,212.48,413.3057,-1,2,6,92.2,,False,529.999
4388,2.994,35.031,277.63,141.0153,-1,1,13,99.1,,False,1245.3334444444445
4389,3.053,32.378,239.96,578.3471,-1,2,6,100.0,,False,530.6667777777777
4392,2.657,28.869,215.02,471.1074,-1,5,9,100.0,,False,2199.999
4395,2.832,12.117,96.74,123.8996,-1,1,11,69.5,,False,166.66677777777772
4396,2.438,22.593,173.32,223.168,-1,2,9,100.0,,False,924.999
4399,3.374,19.452,149.87,205.1574,-1,2,11,84.9,,False,1957.999
4401,3.833,29.268,218.16,459.3479,-1,2,11,63.6,,False,23.532702332529993
4402,4.362,21.287,160.31,329.0459,-1,3,6,100.0,,False,5933.999
4406,1.94,22.787,172.68,285.1154,-1,3,13,100.0,,False,3723.799613412788
4410,2.988,31.079,230.74,534.3238,-1,3,7,100.0,,False,323.999
4412,0.33,26.501,199.57,335.0336,-1,2,5,100.0,,False,200.999
4413,0.281,27.447,202.06,792.4294,-1,1,15,96.9,,False,1056.999
4415,3.635,26.576,199.22,379.3227,-1,2,6,99.9,,False,3099.666777777778
4416,2.606,30.152,224.05,516.3103,-1,2,11,100.0,,False,1642.999
4418,2.936,39.785,293.11,794.5957,-1,4,10,100.0,,False,1860.999
4420,0.477,15.826,124.89,144.0433,-1,1,13,72.1,,False,355.5172176694732
4421,3.398,29.19,217.35,476.3159,-1,1,11,97.9,,False,1520.999
4422,2.613,32.598,241.63,574.3805,-1,3,6,93.2,,False,1092.999
4423,4.499,27.639,206.73,407.3526,-1,2,9,87.2,,False,665.999
4425,1.591,32.863,243.44,591.3561,-1,3,11,100.0,,False,535.999
4426,1.894,22.9,173.54,285.2057,-1,2,7,100.0,,False,1300.999
4427,2.179,24.04,181.47,313.2367,-1,2,7,46.7,,False,1722.666777777778
4430,2.958,29.375,218.67,480.4539,-1,2,6,67.1,,False,87.999
4434,3.439,30.548,227.6,467.5157,-1,3,6,76.0,,False,1913.999
4436,3.465,32.39,241.02,491.3755,-1,2,9,43.5,,False,2554.999
4437,0.251,16.423,136.36,87.0073,-1,1,14,97.1,,False,219.139450141824
4438,0.432,32.201,249.91,187.004,-1,3,6,85.0,,False,6666.999
4441,3.139,23.158,175.66,279.231,-1,2,8,69.4,,False,1399.2885382329218
4444,1.359,26.909,200.7,446.2907,-1,2,10,98.4,,False,570.999
4445,2.565,32.45,240.8,549.3804,-1,5,9,60.1,,False,1423.999
4446,2.892,35.326,261.4,625.4702,-1,5,10,93.7,,False,2623.999
4450,2.112,22.273,169.65,255.2322,-1,2,7,49.9,,False,2472.999
4451,1.862,25.662,191.82,413.267,-1,2,12,100.0,,False,1572.999
4453,2.588,23.164,176.01,268.9813,-1,1,13,99.0,,False,1342.999
4454,2.151,30.797,228.65,534.2688,-1,3,11,100.0,,False,633.999
4455,2.842,24.593,185.38,325.236,-1,2,6,62.7,,False,1374.999
4456,3.585,30.752,228.41,525.3424,-1,2,4,98.4,,False,187.11122222222224
4457,3.775,30.281,226.2,427.3219,-1,3,12,100.0,,False,1356.999
4460,2.928,36.023,265.85,714.5132,-1,3,4,52.5,,False,5220.999
4464,3.605,32.578,242.63,477.3037,-1,3,10,100.0,,False,1411.999
4465,2.861,27.456,205.4,405.3003,-1,2,4,80.5,,False,5089.999
4467,2.997,29.221,217.64,471.2984,-1,2,3,82.0,,False,336.999
4468,2.753,25.499,191.89,340.2862,-1,1,7,75.2,,False,2990.000111111111
4471,3.73,24.057,181.95,299.2364,-1,2,7,85.6,,False,2267.999
4473,2.62,28.931,215.18,495.2533,-1,3,6,100.0,,False,206.999
4474,1.819,28.43,211.68,476.247,-1,3,12,100.0,,False,2105.444555555556
4475,2.724,26.275,197.13,370.3013,-1,1,12,96.5,,False,433.999
4476,1.072,32.068,237.4,607.1521,-1,3,13,100.0,,False,670.999
4478,0.843,27.836,208.15,411.184,-1,2,13,100.0,,False,1309.999
4479,3.925,29.881,222.97,441.3995,-1,3,3,100.0,,False,174.999
4480,3.637,22.503,171.22,261.22,-1,2,11,96.6,,False,1616.999
4482,0.905,18.029,137.2,255.8689,-1,3,11,100.0,,False,76.999
4483,3.206,38.443,283.62,734.574,-1,5,5,99.9,,False,3436.999
4484,2.924,20.328,155.41,236.1028,-1,1,8,63.0,,False,1903.999
4485,2.427,25.1,189.86,299.2372,-1,2,6,96.7,,False,292.999
4487,0.256,17.026,132.25,179.0544,-1,2,9,86.4,,False,783.999
4489,2.361,27.684,207.41,387.2538,-1,2,11,82.4,,False,273.999
4492,0.451,36.03,279.69,187.0067,-1,1,7,97.7,,False,210.999
4496,2.823,24.521,184.92,321.2411,-1,2,7,80.9,,False,753.0001111111111
4498,3.791,29.836,222.15,477.3598,-1,2,10,88.3,,False,2059.8897978472896
4499,0.53,19.163,150.93,149.0582,-1,2,9,100.0,,False,1421.999
4502,0.419,26.015,214.16,94.9233,-1,1,15,50.2,,False,965.1112222222223
4504,4.189,28.268,211.45,407.3543,-1,2,8,98.2,,False,1502.999
4506,2.076,32.931,243.72,617.306,-1,4,8,100.0,,False,647.999
4508,1.513,20.906,159.66,241.0956,-1,2,10,100.0,,False,592.999
4509,2.104,23.241,179.17,205.1214,-1,2,10,100.0,,False,2336.999
4511,2.027,32.063,237.61,577.378,-1,3,6,100.0,,False,2529.999
4512,1.94,25.17,189.22,349.2365,-1,2,8,91.7,,False,801.999
4513,2.179,24.098,181.89,314.2386,-1,2,9,96.5,,False,1814.999
4514,4.003,33.911,251.09,604.4646,-1,2,8,96.5,,False,1963.999
4516,2.467,31.79,236.1,527.4,-1,3,3,97.2,,False,4622.999
4517,1.82,26.536,198.74,390.2312,-1,2,8,98.7,,False,1065.999
4518,3.634,32.26,239.63,525.4187,-1,4,7,90.4,,False,1034.999
4520,2.316,30.568,227.28,505.354,-1,2,5,63.2,,False,2211.999
4521,1.587,23.38,176.47,313.2354,-1,2,6,70.5,,False,3211.000111111111
4522,1.742,22.551,171.4,267.1131,-1,2,12,100.0,,False,313.70995611200806
4529,0.464,17.252,130.79,275.8466,-1,4,9,98.1,,False,2236.999
4531,2.396,24.675,187.5,269.9844,-1,1,16,98.7,,False,671.4242402282048
4532,2.708,30.511,227.03,490.293,-1,2,5,99.2,,False,538.999
4533,1.836,27.979,208.09,495.27,-1,3,9,99.8,,False,653.999
4534,0.366,24.45,184.51,316.115,-1,1,9,97.6,,False,1735.999
4535,2.102,23.208,175.71,291.1953,-1,2,10,96.0,,False,220.999
4538,3.705,35.12,259.5,669.4051,-1,3,9,100.0,,False,1238.999
4540,3.614,34.511,255.9,569.4796,-1,3,5,64.8,,False,1176.999
4542,2.683,33.462,247.46,640.3481,-1,3,6,100.0,,False,525.999
4543,4.222,40.216,295.83,874.5602,-1,3,9,96.5,,False,2193.999
4544,1.133,24.339,183.36,329.2316,-1,2,11,100.0,,False,346.44455555555555
4545,1.747,21.206,161.69,249.1142,-1,2,9,100.0,,False,31.745461473287378
4548,2.533,30.105,223.5,533.2921,-1,4,5,100.0,,False,6398.999
4549,0.368,20.81,162.77,164.0688,-1,2,13,100.0,,False,1065.999
4550,0.897,25.337,190.49,349.1109,-1,2,7,100.0,,False,2926.999
4552,1.873,19.183,146.9,228.0401,-1,4,9,100.0,,False,373.999
4553,1.204,27.398,203.96,477.2292,-1,3,12,100.0,,False,733.999
4554,2.183,27.278,203.96,411.3125,-1,2,6,50.6,,False,1168.999
4555,3.863,25.972,195.14,355.2671,-1,3,3,98.7,,False,3531.999
4557,1.742,29.74,220.7,543.0264,-1,4,9,100.0,,False,298.999
4558,1.135,29.128,218.67,367.1577,-1,2,5,66.3,,False,4108.999
4561,2.732,26.745,200.57,375.2919,-1,2,8,100.0,,False,312.999
4564,0.943,23.312,175.19,350.0688,-1,2,9,100.0,,False,1451.999
4565,3.097,24.204,182.91,305.2469,-1,2,13,100.0,,False,256.80133024741326
4569,2.791,30.06,223.35,517.3054,-1,1,9,96.5,,False,837.999
4570,3.432,28.346,211.64,432.3166,-1,1,10,98.0,,False,1246.999
4571,3.961,31.492,233.88,528.4121,-1,3,10,100.0,,False,2780.999
4573,2.383,27.94,208.3,454.2902,-1,3,5,82.4,,False,9861.999
4577,2.659,26.928,201.55,397.3333,-1,2,5,69.5,,False,2482.999
4578,4.084,35.357,261.05,697.3805,-1,7,10,99.3,,False,2127.999
4579,2.669,32.103,238.14,556.3032,-1,4,9,82.4,,False,1389.999
4580,1.542,28.933,214.92,520.2719,-1,3,9,100.0,,False,884.999
4582,3.192,35.901,264.87,726.1059,-1,3,11,100.0,,False,1000.999
4583,2.163,33.908,250.95,618.3431,-1,2,6,100.0,,False,1043.999
4585,3.337,31.532,233.97,548.3376,-1,3,5,96.0,,False,606.999
4587,4.529,37.18,274.18,744.5576,-1,1,4,40.4,,False,4340.889
4588,1.581,28.677,213.6,469.281,-1,2,9,84.7,,False,2518.999
4589,3.215,25.847,193.6,388.0371,-1,1,3,97.8,,False,4430.999
4593,1.954,30.34,225.8,487.3424,-1,2,6,98.0,,False,4118.999
4594,1.854,22.286,169.75,255.2314,-1,1,7,39.9,,False,2281.999
4596,2.217,32.026,238.5,477.2696,-1,4,6,98.3,,False,296.999
4597,3.326,26.853,202.09,341.2677,-1,2,10,100.0,,False,1009.999
4598,1.475,18.906,141.99,348.9384,-1,3,9,100.0,,False,614.999
4599,2.566,33.396,247.25,607.4596,-1,3,9,87.0,,False,2222.999
4601,2.526,26.252,196.89,374.2686,-1,2,10,97.7,,False,2052.999
4604,1.177,32.589,244.71,367.1573,-1,2,7,91.7,,False,3402.999
4606,2.259,29.056,216.34,477.2463,-1,4,7,98.9,,False,3468.999
4608,3.706,28.092,210.17,405.3639,-1,2,3,97.5,,False,1102.999
4609,2.757,28.704,213.6,485.2699,-1,3,6,95.6,,False,3500.999
4610,2.785,35.808,264.48,684.3529,-1,3,12,100.0,,False,802.999
4612,2.828,29.844,222.49,457.3324,-1,2,9,100.0,,False,1162.999
4613,3.374,33.207,246.09,581.4438,-1,2,3,65.0,,False,11237.999
4614,0.786,24.425,184.02,329.2319,-1,2,9,98.7,,False,848.999
4615,2.045,12.13,96.85,123.9,-1,1,10,79.3,,False,843.999
4617,2.441,34.413,272.72,141.0149,-1,1,17,95.9,,False,797.3332041455837
4618,2.9,30.334,225.32,523.3063,-1,2,10,100.0,,False,1822.999
4619,2.651,27.671,206.72,423.1417,-1,5,11,100.0,,False,734.999
4620,2.71,21.856,165.3,297.0467,-1,3,24,100.0,,False,1897.354310995166
4622,1.314,34.937,262.33,369.1746,-1,2,11,100.0,,False,1037.999
4625,1.579,28.946,215.83,453.1482,-1,5,11,100.0,,False,979.999
4627,1.705,24.48,184.71,317.2109,-1,2,9,98.7,,False,908.999
4628,4.148,19.802,151.27,239.0579,-1,3,7,100.0,,False,3650.999
4629,0.381,15.366,121.9,135.0061,-1,2,8,98.2,,False,1255.999
4633,1.088,23.695,178.46,331.1541,-1,2,12,100.0,,False,1249.999
4634,3.892,31.018,230.51,514.3952,-1,1,10,97.7,,False,3600.999
4638,1.666,23.526,178.13,291.1589,-1,2,10,100.0,,False,2801.999
4642,1.74,19.887,153.7,195.1374,-1,2,8,100.0,,False,464.999
4644,1.482,24.919,187.45,343.2479,-1,2,10,100.0,,False,665.999
4645,3.152,32.449,240.84,544.3192,-1,3,10,98.5,,False,1475.999
4646,2.362,26.445,198.17,383.3168,-1,2,5,61.9,,False,2334.999
4650,2.649,35.499,277.95,165.0385,-1,3,10,100.0,,False,1850.999
4651,3.166,26.068,195.04,401.1303,-1,3,12,82.4,,False,215.33344444444447
4652,2.491,21.26,163.06,223.2048,-1,2,6,100.0,,False,2804.999
4654,2.495,28.436,211.97,457.2805,-1,2,9,100.0,,False,1326.6667777777777
4655,4.456,29.427,219.6,441.3933,-1,2,6,89.4,,False,2644.999
4656,3.953,32.431,240.48,563.4358,-1,2,7,95.8,,False,1253.3264982502037
4658,3.006,28.759,214.81,427.341,-1,3,7,97.3,,False,1331.999
4661,0.655,16.433,125.55,234.9242,-1,2,11,98.0,,False,460.999
4662,3.763,33.913,251.45,570.4826,-1,1,8,90.5,,False,173.999
4663,4.263,38.968,286.89,823.549,-1,3,5,79.0,,False,2960.999
4664,2.397,32.735,242.04,643.2931,-1,2,6,98.9,,False,175.999
4665,4.291,40.84,300.27,907.5414,-1,5,8,99.0,,False,1360.999
4667,3.215,20.276,155.01,236.1047,-1,1,11,51.0,,False,778.3121633969206
4672,1.57,24.91,187.34,345.2627,-1,2,10,100.0,,False,2312.999
4675,3.73,28.547,213.42,415.3213,-1,2,10,97.2,,False,748.1112222222223
4677,2.214,27.511,205.39,432.215,-1,1,7,97.2,,False,91.0001111111111
4679,3.674,27.816,208.16,401.3424,-1,2,13,92.7,,False,243.999
4680,4.51,29.124,216.53,503.2436,-1,1,6,91.2,,False,734.999
4683,0.991,26.527,197.63,462.9758,-1,7,7,100.0,,False,198.999
4696,2.89,28.864,215.84,412.3094,-1,1,4,91.6,,False,2033.999
4697,1.358,23.476,177.15,315.2175,-1,3,8,93.7,,False,273.999
4703,1.359,25.028,187.81,367.2136,-1,2,9,99.3,,False,840.999
4708,1.069,24.671,185.83,331.1894,-1,2,9,99.4,,False,2007.999
4710,1.586,31.586,234.26,559.3485,-1,3,5,100.0,,False,503.999
4711,1.29,18.172,140.14,201.0237,-1,3,13,82.4,,False,1092.999
4713,2.804,29.667,222.01,403.2854,-1,2,11,99.6,,False,868.999
4715,3.935,33.909,255.7,329.0456,-1,3,10,100.0,,False,2915.999
4717,2.962,33.542,248.6,579.4289,-1,2,9,52.9,,False,1249.999
4720,1.867,24.681,186.09,323.2205,-1,2,11,93.7,,False,471.77788888888887
4723,4.542,29.604,221.01,435.3845,-1,2,11,72.8,,False,341.999
4726,1.615,22.295,169.82,255.2314,-1,2,6,45.1,,False,2082.999
4727,2.711,12.107,96.66,123.9002,-1,1,7,65.1,,False,443.44455555555555
4728,4.598,28.016,209.19,431.3517,-1,2,7,96.6,,False,951.999
4729,2.029,24.908,187.74,326.2683,-1,3,6,100.0,,False,617.3334444444445
4730,2.687,30.576,226.97,537.3252,-1,3,10,100.0,,False,2009.999
4731,3.876,32.583,241.98,531.4408,-1,4,8,76.2,,False,587.999
4732,1.472,23.506,177.03,331.1907,-1,2,11,100.0,,False,1010.999
4735,3.608,25.225,189.89,337.1915,-1,4,11,100.0,,False,422.999
4736,0.386,23.527,176.59,363.0142,-1,2,8,99.6,,False,2505.999
4737,3.946,31.013,230.76,491.3763,-1,2,5,44.0,,False,694.1112222222223
4739,2.643,34.08,266.81,165.0388,-1,2,11,100.0,,False,1907.999
4742,2.996,28.955,216.05,441.3613,-1,3,3,90.0,,False,2265.999
4745,2.752,42.766,318.68,476.2787,-1,2,12,99.1,,False,897.999
4746,3.106,24.594,185.48,321.2411,-1,2,9,99.7,,False,995.999
4748,1.98,22.182,170.33,218.9839,-1,1,10,98.5,,False,682.999
4750,2.404,29.534,219.58,503.2646,-1,2,11,100.0,,False,2418.999
4755,2.458,30.386,225.97,499.4036,-1,3,4,99.1,,False,2014.999
4756,3.257,31.093,231.44,485.383,-1,2,7,59.1,,False,2183.999
4757,2.405,19.614,150.86,211.1319,-1,2,14,100.0,,False,1017.6165708949625
4758,4.527,28.987,215.56,499.2474,-1,1,9,88.8,,False,704.6773671852363
4759,3.421,27.537,205.8,417.3384,-1,2,8,92.6,,False,213.3451956776026
4761,1.45,31.895,235.89,634.2962,-1,3,14,100.0,,False,1142.999
4762,2.889,41.858,307.79,904.573,-1,3,8,95.3,,False,1717.999
4764,0.681,27.182,202.73,446.2916,-1,3,10,100.0,,False,409.999
4765,4.588,28.407,211.56,472.2455,-1,2,7,98.2,,False,698.6667777777777
4770,2.878,27.842,207.74,441.1067,-1,5,11,100.0,,False,1032.999
4771,1.46,29.655,220.52,501.3065,-1,3,10,62.3,,False,834.999
4772,2.465,30.889,229.69,503.3376,-1,2,10,84.5,,False,1349.999
4775,0.384,23.533,176.24,387.0282,-1,3,6,100.0,,False,182.999
4776,1.532,25.325,189.73,385.1697,-1,3,9,100.0,,False,489.999
4778,0.926,29.28,217.25,546.3048,-1,2,8,100.0,,False,705.999
4779,2.93,25.259,190.32,329.2477,-1,2,9,99.4,,False,984.999
4782,0.368,25.9,194.69,351.1314,-1,3,10,100.0,,False,1250.999
4784,0.393,29.845,220.53,657.0,-1,3,12,100.0,,False,295.999
4788,1.065,28.315,212.51,369.1731,-1,3,11,91.2,,False,2053.999
4791,4.589,32.014,238.05,505.4252,-1,3,10,90.6,,False,1421.4997684232958
4793,3.138,28.375,212.03,421.3667,-1,3,6,76.0,,False,693.999
4794,1.973,28.11,210.58,389.3055,-1,2,13,98.7,,False,299.999
4795,2.589,37.64,277.67,735.4309,-1,3,6,100.0,,False,675.999
4798,3.452,40.142,295.56,823.567,-1,3,6,77.3,,False,836.999
4799,2.11,32.329,240.04,535.3122,-1,3,8,100.0,,False,565.999
4801,4.108,30.661,228.83,441.3368,-1,2,11,100.0,,False,835.999
4802,3.651,27.952,209.04,409.3342,-1,3,7,79.6,,False,3175.5703860321332
4803,2.279,13.211,108.19,96.9573,-1,1,13,99.7,,False,797.4782925633227
4805,2.778,22.881,170.04,497.9458,-1,2,15,100.0,,False,777.2223333333334
4806,2.156,27.559,206.44,389.2696,-1,2,10,93.7,,False,987.999
4810,3.382,30.072,224.98,407.3159,-1,2,11,82.4,,False,1787.999
4811,4.015,32.717,242.37,589.3452,-1,5,10,100.0,,False,1275.999
4812,3.107,26.969,201.71,407.1454,-1,4,7,98.4,,False,1354.999
4814,2.796,28.685,213.5,483.2508,-1,2,10,91.3,,False,1673.999
4817,1.833,21.383,163.32,241.1789,-1,2,10,100.0,,False,1046.999
4818,2.471,29.068,216.25,491.1955,-1,4,11,100.0,,False,256.11122222222224
4819,1.442,24.84,187.53,313.1173,-1,3,6,100.0,,False,1471.999
4821,2.692,31.01,230.13,544.3076,-1,3,9,98.9,,False,1282.999
4823,2.193,20.837,162.43,171.9963,-1,1,12,98.6,,False,271.06554562973656
4824,3.221,24.091,184.66,227.2003,-1,2,11,99.5,,False,1680.999
4825,3.986,39.699,292.42,799.5687,-1,2,3,51.2,,False,7268.999
4831,1.064,28.342,211.33,452.137,-1,3,12,100.0,,False,981.999
4832,3.074,40.026,294.59,840.5851,-1,5,3,67.3,,False,5714.999
4836,4.64,28.113,210.06,421.3681,-1,3,8,80.8,,False,2908.999
4837,2.038,23.008,173.94,301.1101,-1,2,12,100.0,,False,960.999
4838,0.942,24.569,185.11,329.2317,-1,2,11,98.4,,False,1622.4445555555556
4839,3.715,25.338,189.66,395.2459,-1,3,6,100.0,,False,529.999
4841,3.777,46.351,340.12,1062.8184,-1,5,9,98.3,,False,1851.999
4842,0.274,23.632,175.12,560.5921,-1,1,16,98.0,,False,429.55566666666664
4844,2.903,31.116,230.98,538.3166,-1,2,8,100.0,,False,1365.999
4845,3.899,39.723,292.37,843.5189,-1,6,5,62.5,,False,51.999
4846,4.1,31.745,236.82,449.3624,-1,2,6,77.0,,False,77.999
4847,0.862,16.174,125.7,176.9502,-1,5,8,99.0,,False,2485.999
4849,4.669,25.492,191.45,359.1523,-1,3,10,100.0,,False,2270.999
4850,2.524,28.261,210.33,481.2407,-1,2,3,98.8,,False,1984.999
4851,2.798,34.186,253.01,618.4076,-1,3,7,70.5,,False,734.999
4853,0.34,20.905,159.62,242.0987,-1,2,9,100.0,,False,1468.999
4856,1.303,32.041,240.54,369.1722,-1,2,10,95.1,,False,1052.999
4858,2.767,43.002,315.87,977.5718,-1,3,9,100.0,,False,1630.999
4859,1.63,24.417,181.6,486.9333,-1,1,18,98.6,,False,501.732882455801
4861,2.001,30.667,227.42,559.2984,-1,3,9,100.0,,False,1452.999
4862,3.995,22.793,173.37,263.2365,-1,2,16,100.0,,False,655.889
4863,1.597,24.146,182.13,319.1924,-1,2,10,100.0,,False,572.999
4864,4.098,33.232,246.97,517.3928,-1,2,6,53.4,,False,937.2223333333333
4865,1.6,21.127,160.96,253.0959,-1,1,9,97.9,,False,1687.999
4867,4.42,33.603,254.97,283.2634,-1,2,10,100.0,,False,2909.999
4870,2.394,24.782,183.65,562.9567,-1,2,11,100.0,,False,335.999
4871,3.162,35.372,261.45,659.5161,-1,3,8,82.5,,False,1399.999
4874,2.467,22.234,169.35,255.2308,-1,2,7,72.1,,False,2388.999
4877,3.098,24.098,185.91,203.1783,-1,2,11,98.9,,False,535.999
4880,1.705,29.461,219.03,503.3272,-1,2,3,88.3,,False,2985.999
4881,2.074,36.069,266.06,735.4051,-1,3,10,100.0,,False,1433.999
4882,2.83,26.993,202.04,398.2741,-1,3,10,100.0,,False,1196.999
4883,2.05,29.487,219.96,447.3108,-1,2,5,100.0,,False,4668.999
4884,2.614,29.045,216.45,462.2064,-1,3,13,100.0,,False,3242.504901653075
4888,0.805,25.335,189.61,397.2258,-1,3,9,100.0,,False,1267.999
4890,0.247,24.8,362.53,661.2567,-2,4,10,100.0,,False,341.999
4893,2.912,29.307,223.4,255.2316,-1,2,12,100.0,,False,1172.999
4896,4.412,45.633,334.9,1040.8365,-1,6,4,100.0,,False,2744.999
4897,0.506,15.896,125.97,137.0599,-1,2,4,100.0,,False,1887.999
4898,0.506,22.039,167.37,271.1896,-1,2,14,99.8,,False,683.087069619753
4899,3.832,33.796,250.37,591.6257,-1,2,7,87.6,,False,4476.999
4900,2.479,31.407,235.51,381.2048,-1,2,11,100.0,,False,1528.999
4902,2.103,30.832,228.63,560.29,-1,4,4,100.0,,False,280.999
4905,2.731,21.122,161.83,227.2001,-1,2,6,100.0,,False,1050.2223333333332
4906,1.315,20.427,156.2,235.1325,-1,1,11,86.8,,False,656.0001111111111
4908,2.449,23.967,187.63,163.1103,-1,2,10,100.0,,False,2554.999
4909,4.219,40.993,301.57,876.5833,-1,2,4,100.0,,False,4216.999
4910,2.839,23.541,206.73,59.0127,-1,1,12,99.8,,False,50.999
4911,3.548,26.532,199.11,368.2196,-1,2,12,100.0,,False,1035.999
4913,2.752,30.732,227.76,576.2037,-1,3,9,100.0,,False,800.999
4915,3.454,29.291,218.18,470.3323,-1,1,10,65.8,,False,1884.999
4919,2.557,26.286,196.94,385.2585,-1,3,4,96.6,,False,711.6667777777777
4920,2.294,28.524,210.8,646.9751,-1,3,16,100.0,,False,223.41384898863464
4921,3.546,31.754,235.48,562.3526,-1,2,11,97.4,,False,476.999
4927,3.35,33.75,249.94,601.4137,-1,4,10,82.4,,False,1667.999
4928,0.355,15.604,125.52,116.0695,-1,1,14,99.4,,False,790.999
4929,2.325,28.67,213.68,460.2436,-1,2,8,96.7,,False,1880.999
4930,4.291,25.958,194.55,381.228,-1,3,11,100.0,,False,1118.871407438125
4931,2.583,41.341,304.0,900.5439,-1,5,10,100.0,,False,2168.999
4935,2.479,23.965,194.67,107.0847,-1,1,10,99.2,,False,2131.999
4936,3.211,32.556,241.44,561.4178,-1,3,5,52.5,,False,1684.999
4937,2.504,23.224,176.22,277.2153,-1,2,12,97.3,,False,329.889
4940,3.669,31.94,236.55,595.3897,-1,3,4,100.0,,False,3336.999
4942,2.329,12.139,96.91,123.8996,-1,1,11,67.3,,False,253.88900000000012
4945,2.052,29.502,220.32,431.3173,-1,2,5,93.1,,False,961.999
4946,0.557,18.406,144.1,160.9538,-1,1,6,97.5,,False,152.999
4947,4.485,28.309,210.81,472.2478,-1,3,8,94.9,,False,978.999
4948,3.142,23.014,174.18,293.2109,-1,2,9,92.6,,False,1882.999
4957,3.144,33.817,250.59,584.4621,-1,3,8,56.1,,False,2563.999
4958,3.896,28.378,211.38,469.0601,-1,6,9,100.0,,False,292.999
4959,3.136,27.411,205.59,375.3265,-1,2,4,81.8,,False,422.999
4960,0.374,19.147,146.45,233.0095,-1,3,6,99.0,,False,728.999
4961,1.579,29.807,221.68,499.2918,-1,2,6,96.5,,False,1606.999
4965,1.826,22.713,172.69,265.2148,-1,2,11,98.8,,False,767.999
4967,1.16,18.399,144.3,157.1232,-1,2,5,77.4,,False,90.22233333333332
4969,2.627,31.924,237.08,531.3692,-1,2,7,63.3,,False,991.999
4971,3.015,40.693,299.39,866.5974,-1,5,8,96.9,,False,2041.999
4973,1.521,31.612,234.1,598.2137,-1,3,9,100.0,,False,863.999
4974,2.319,34.411,254.67,619.2917,-1,2,10,89.0,,False,2390.999
4975,4.513,30.209,224.13,548.2433,-1,3,14,96.9,,False,428.24021488445896
4976,1.978,19.844,148.39,396.9697,-1,2,10,100.0,,False,392.999
4977,2.544,30.549,226.61,552.275,-1,3,11,100.0,,False,502.999
4982,3.522,46.691,342.51,1084.8043,-1,7,10,100.0,,False,874.999
4986,3.233,34.82,257.68,623.4538,-1,7,6,94.7,,False,971.999
4987,0.836,20.552,154.83,324.9021,-1,3,11,100.0,,False,544.999
4988,1.436,19.731,152.5,195.1368,-1,2,10,100.0,,False,1248.999
4993,0.594,19.977,153.03,227.0695,-1,2,8,99.5,,False,733.999
4996,3.17,34.701,257.16,583.4629,-1,2,3,52.3,,False,107.999
4997,0.918,28.894,215.27,465.2505,-1,2,12,100.0,,False,4557.999
4998,0.371,25.469,190.73,390.142,-1,2,9,100.0,,False,740.999
5000,2.007,27.069,202.66,395.2805,-1,2,10,100.0,,False,2085.999
5003,3.449,36.062,266.33,687.5485,-1,3,6,69.8,,False,458.2223333333333
5004,4.227,46.407,340.52,1064.8335,-1,7,12,100.0,,False,152.999
5010,2.068,26.545,199.55,351.2521,-1,2,6,82.0,,False,968.999
5012,2.867,20.32,155.34,236.1033,-1,2,6,60.2,,False,2252.999
5013,3.19,30.35,225.42,525.2648,-1,3,7,100.0,,False,444.999
5015,4.631,34.712,256.88,621.5112,-1,2,10,93.3,,False,838.999
5019,4.521,44.347,325.7,984.7505,-1,7,18,88.2,,False,1286.2846417711785
5020,2.563,26.876,211.48,152.9937,-1,1,11,91.8,,False,2752.999
5023,0.573,20.376,154.93,263.0032,-1,3,11,100.0,,False,1386.999
5024,1.341,15.05,120.02,126.9931,-1,4,5,100.0,,False,1650.999
5025,0.626,30.17,234.09,187.0076,-1,3,3,88.3,,False,73.999
5026,1.151,19.35,149.0,207.1007,-1,2,5,100.0,,False,291.999
5027,2.094,37.109,272.15,1080.932,-1,3,9,100.0,,False,719.4445555555557
5028,2.343,23.885,180.59,301.2363,-1,3,7,62.4,,False,2414.999
5029,2.014,26.578,199.18,383.2801,-1,2,11,81.9,,False,548.6667777777777
5030,4.068,27.534,206.35,383.3546,-1,3,4,97.8,,False,2714.999
5031,0.359,17.6,134.18,246.0738,-1,2,6,99.0,,False,695.999
5034,1.879,24.566,185.13,327.2162,-1,2,11,100.0,,False,1910.999
5037,0.331,23.479,185.27,146.9812,-1,1,14,96.7,,False,464.999
5039,2.79,31.73,235.63,531.3696,-1,2,8,82.0,,False,1823.999
5040,0.386,15.147,120.0,137.0219,-1,2,5,95.2,,False,8740.999
5042,2.508,29.233,217.64,478.2006,-1,3,14,97.7,,False,737.953272740782
5044,0.756,19.98,150.43,329.0979,-1,2,9,91.6,,False,401.116709833826
5045,0.414,20.717,158.72,227.126,-1,2,10,100.0,,False,204.999
5047,4.184,36.507,269.63,688.5332,-1,3,6,95.8,,False,2715.999
5048,2.487,12.231,102.65,78.9569,-1,1,11,99.6,,False,1748.999
5053,2.598,29.334,218.79,449.3278,-1,2,6,80.6,,False,3061.999
5057,2.722,28.291,210.9,455.2669,-1,3,10,99.9,,False,2030.8172587896993
5058,3.712,26.977,201.79,405.2877,-1,2,4,80.8,,False,1675.999
5059,3.002,33.771,250.11,598.3755,-1,3,9,85.2,,False,1397.999
5062,4.52,31.854,236.74,515.4117,-1,2,8,80.4,,False,552.999
5064,2.703,27.506,205.37,431.3164,-1,2,11,97.7,,False,1157.999
5065,3.382,40.259,296.09,889.5133,-1,3,3,98.1,,False,489.999
5068,3.3,26.001,195.48,349.3102,-1,2,13,93.7,,False,514.999
5071,0.413,34.363,266.73,187.0032,-1,1,7,98.3,,False,2418.999
5072,0.366,24.358,182.98,355.1295,-1,1,4,96.5,,False,473.999
5074,4.038,31.877,236.5,552.4116,-1,2,9,98.3,,False,3002.999
5076,0.472,20.521,157.29,225.1097,-1,2,10,100.0,,False,2880.999
5080,2.399,24.629,189.18,218.9839,-1,1,18,99.4,,False,686.276738359687
5083,0.552,19.103,160.41,79.9548,-1,2,11,99.1,,False,403.999
5084,2.007,28.188,209.96,469.2265,-1,3,10,100.0,,False,463.7778888888889
5086,0.715,25.903,193.32,435.1819,-1,3,13,100.0,,False,555.999
5088,1.583,25.485,191.48,355.2474,-1,2,9,77.9,,False,465.33344444444447
5090,4.081,30.764,229.03,481.3897,-1,2,11,89.2,,False,506.999
5093,3.17,24.667,185.98,323.2569,-1,2,9,89.7,,False,291.999
5095,0.373,23.215,174.3,359.0792,-1,3,8,100.0,,False,1843.999
5096,3.48,23.283,174.36,387.0335,-1,3,11,100.0,,False,1044.5556666666666
5100,2.43,28.424,211.8,463.2071,-1,2,10,100.0,,False,1448.999
5103,2.932,29.799,222.12,459.3113,-1,2,9,72.4,,False,1447.999
5105,3.868,42.046,309.34,871.6938,-1,4,8,98.0,,False,1495.999
5108,1.458,20.928,310.53,262.6181,-2,2,6,100.0,,False,905.999
5109,2.773,28.94,215.69,460.2601,-1,2,10,95.2,,False,848.999
5114,2.566,24.013,180.73,337.1535,-1,3,4,100.0,,False,6369.999
5117,3.521,29.35,219.13,434.336,-1,1,8,60.6,,False,983.999
5119,3.702,30.189,224.53,498.3655,-1,3,6,75.1,,False,2009.999
5121,3.188,25.104,189.24,325.2154,-1,2,11,99.7,,False,1362.999
5122,1.482,30.832,228.79,546.3122,-1,3,10,97.3,,False,627.999
5123,3.109,36.3,267.67,749.4408,-1,3,9,100.0,,False,2288.999
5125,3.263,23.669,179.27,289.2157,-1,2,11,100.0,,False,815.999
5130,1.73,17.104,129.56,280.9803,-1,1,12,98.8,,False,411.999
5132,3.723,28.403,212.47,407.3155,-1,2,9,89.1,,False,570.999
5133,3.912,41.949,308.65,869.6789,-1,7,5,52.5,,False,1685.999
5134,1.942,30.03,223.19,511.3287,-1,2,10,82.4,,False,317.999
5139,1.335,36.924,272.58,705.4137,-1,3,12,100.0,,False,1048.999
5140,4.776,34.587,255.81,637.4351,-1,2,10,100.0,,False,1646.999
5143,2.574,27.565,206.04,416.2824,-1,2,8,96.5,,False,682.999
5146,1.942,24.751,186.16,344.2508,-1,1,6,83.1,,False,1938.999
5147,2.434,24.032,185.14,208.1084,-1,2,9,100.0,,False,2008.999
5148,3.612,29.535,220.3,449.3549,-1,3,3,52.5,,False,2149.999
5150,1.478,21.336,162.69,249.1504,-1,3,13,100.0,,False,1281.4503090361795
5152,3.085,30.065,223.9,475.3427,-1,2,7,52.2,,False,867.999
5153,1.473,32.13,237.82,611.3805,-1,3,6,100.0,,False,361.999
5155,3.302,30.531,227.24,485.3253,-1,3,11,99.0,,False,964.999
5156,2.771,29.2,220.84,303.232,-1,2,8,100.0,,False,2907.999
5158,0.468,20.448,161.62,143.1059,-1,2,11,99.1,,False,2673.999
5160,2.63,43.749,320.94,1076.5784,-1,4,9,100.0,,False,511.999
5161,2.152,31.014,231.44,443.3165,-1,2,11,100.0,,False,1015.999
5164,4.663,33.91,295.74,61.9878,-1,1,9,99.0,,False,6639.660617508148
5167,2.308,25.757,193.48,357.2997,-1,2,7,95.7,,False,1149.999
5171,3.445,34.18,252.84,634.4085,-1,2,5,100.0,,False,474.999
5176,3.409,27.269,204.11,397.3351,-1,2,9,82.2,,False,2698.99272992249
5178,3.872,40.669,299.02,905.5264,-1,5,10,100.0,,False,2226.999
5183,4.087,35.876,264.93,693.4749,-1,3,10,82.4,,False,874.999
5184,0.37,18.453,141.9,211.0842,-1,1,3,96.5,,False,604.999
5185,2.997,20.23,154.83,231.0563,-1,4,6,100.0,,False,1957.999
5186,3.185,20.302,155.28,234.1121,-1,1,11,98.5,,False,500.999
5187,3.253,26.502,198.47,391.3211,-1,2,11,100.0,,False,678.999
5188,2.901,20.425,155.88,244.0314,-1,3,9,100.0,,False,645.999
5189,4.725,34.305,253.66,645.4069,-1,6,8,100.0,,False,1316.999
5194,2.181,27.978,243.92,61.9868,-1,1,11,99.6,,False,1086.1112222222223
5198,3.055,30.645,227.64,522.324,-1,3,5,100.0,,False,605.999
5201,2.255,22.86,172.97,295.148,-1,2,8,100.0,,False,1144.999
5202,4.115,41.398,304.74,843.6641,-1,3,6,52.5,,False,2055.999
5203,0.509,21.291,175.16,94.9233,-1,1,18,68.1,,False,44.60808909795537
5205,3.945,34.602,304.18,59.0121,-1,1,7,97.9,,False,2103.889
5207,3.613,33.363,247.06,601.2243,-1,4,15,100.0,,False,1376.6667777777777
5209,0.534,19.47,152.18,165.0901,-1,2,10,100.0,,False,1167.999
5210,3.677,27.345,204.84,389.342,-1,2,11,98.4,,False,694.999
5213,0.394,22.297,169.06,281.1738,-1,2,10,100.0,,False,628.999
5218,1.162,25.653,192.32,378.1004,-1,3,9,100.0,,False,555.999
5221,1.393,25.196,188.93,375.1833,-1,3,9,100.0,,False,556.999
5223,2.158,21.717,165.09,265.2537,-1,2,4,75.1,,False,3477.444555555556
5224,2.683,26.949,201.67,400.2844,-1,2,8,97.9,,False,881.999
5228,0.246,25.499,372.83,653.2699,-2,4,7,82.4,,False,1039.999
5232,2.284,28.104,210.39,397.2943,-1,2,5,94.7,,False,846.999
5233,2.486,40.048,294.73,848.5113,-1,3,10,100.0,,False,1652.999
5236,2.551,28.157,210.54,412.3117,-1,1,9,87.8,,False,1070.999
5237,3.536,27.719,205.0,625.0667,-1,2,10,100.0,,False,1038.999
5239,4.086,36.815,271.54,738.6577,-1,3,8,62.4,,False,3992.000111111111
5240,1.28,35.696,263.84,661.3864,-1,3,11,100.0,,False,930.999
5245,2.566,30.763,228.33,540.3098,-1,2,10,100.0,,False,1689.999
5247,2.79,34.136,252.73,608.3585,-1,1,7,96.5,,False,1936.999
5249,4.162,31.334,232.54,544.3788,-1,1,12,98.0,,False,921.999
5250,4.202,38.625,284.34,829.4954,-1,2,7,96.5,,False,2355.444555555556
5251,3.099,32.155,238.26,582.343,-1,3,7,74.3,,False,2480.999
5252,0.276,27.44,201.98,798.4198,-1,1,15,96.5,,False,556.999
5253,3.668,32.012,237.7,533.3876,-1,2,4,42.5,,False,3637.999
5257,2.336,33.954,250.94,662.3332,-1,3,5,100.0,,False,605.999
5258,2.693,31.356,233.01,516.288,-1,3,10,100.0,,False,1072.999
5260,1.685,21.767,165.85,253.1786,-1,2,9,100.0,,False,253.4445555555556
5261,4.158,30.726,228.5,499.3835,-1,3,5,82.4,,False,3197.999
5262,2.688,29.523,219.6,495.2746,-1,1,6,88.5,,False,1206.999
5263,1.724,26.568,198.64,411.2011,-1,2,10,93.7,,False,1427.999
5266,3.4,31.258,232.25,518.3946,-1,1,7,37.2,,False,3064.999
5267,3.008,26.791,200.57,395.3164,-1,2,8,99.1,,False,2261.4513400725273
5270,0.372,24.696,193.02,167.0182,-1,2,8,91.1,,False,745.999
5271,3.081,22.237,168.36,290.1429,-1,3,4,91.9,,False,5337.999
5272,4.747,35.802,264.42,685.5333,-1,2,9,100.0,,False,1598.999
5273,2.907,24.528,184.93,323.2572,-1,2,9,85.4,,False,1255.9025532408
5274,2.85,26.271,197.4,355.2877,-1,2,3,94.0,,False,152.999
5275,2.861,31.191,232.67,449.3284,-1,3,10,100.0,,False,1193.999
5277,0.352,26.862,199.43,526.9883,-1,4,6,100.0,,False,171.999
5280,3.187,34.902,258.49,600.3965,-1,3,8,99.1,,False,1584.999
5281,2.781,27.024,202.32,395.3152,-1,2,8,96.5,,False,940.999
5283,0.316,24.483,358.08,628.7302,-2,4,9,100.0,,False,940.999
5284,3.715,18.147,139.62,208.9737,-1,3,6,100.0,,False,3005.999
5285,1.655,23.796,177.62,428.9759,-1,2,9,46.6,,False,1390.55231935551
5286,1.214,27.706,207.21,409.1668,-1,3,10,100.0,,False,1001.999
5287,2.294,22.696,172.04,283.1067,-1,2,8,79.3,,False,368.999
5288,2.462,29.361,218.9,455.3397,-1,2,6,82.4,,False,1588.999
5289,1.077,29.721,220.44,555.1268,-1,3,12,100.0,,False,1073.999
5291,2.711,18.374,141.18,213.9853,-1,3,5,100.0,,False,1170.999
5292,4.628,24.857,187.37,325.3101,-1,2,13,100.0,,False,1078.7174963714804
5293,2.622,27.355,204.4,420.2563,-1,1,11,98.7,,False,1622.999
5295,1.115,27.476,206.19,369.1743,-1,2,11,91.2,,False,663.999
5297,2.828,37.219,274.39,762.5117,-1,5,4,52.5,,False,2771.999
5300,2.484,26.734,200.33,384.2547,-1,2,8,79.8,,False,786.999
5307,2.196,20.882,158.62,268.9802,-1,1,8,98.9,,False,545.999
5309,1.736,24.15,179.46,502.9964,-1,1,13,98.3,,False,268.278731673578
5311,2.506,26.88,201.43,384.3107,-1,2,8,98.8,,False,461.999
5314,2.597,31.087,231.2,499.3076,-1,3,6,97.9,,False,487.999
5315,3.244,24.49,183.52,381.1938,-1,3,9,100.0,,False,404.999
5319,1.306,24.387,183.4,345.1443,-1,3,7,98.2,,False,493.999
5321,2.222,31.612,234.23,582.2693,-1,3,9,100.0,,False,2418.999
5322,3.678,35.774,264.12,699.4389,-1,3,4,85.5,,False,1936.999
5324,0.317,26.017,203.37,167.0192,-1,2,9,82.4,,False,619.999
5325,3.282,22.809,173.61,259.2055,-1,2,12,97.2,,False,857.999
5327,2.53,42.225,310.21,965.5238,-1,3,5,100.0,,False,1180.999
5329,2.81,22.211,168.17,290.1429,-1,3,4,77.5,,False,4868.999
5331,3.183,25.731,192.16,425.2217,-1,2,11,100.0,,False,1191.999
5333,3.101,38.121,280.87,790.5427,-1,4,5,52.5,,False,736.999
5336,2.715,25.903,194.25,375.2528,-1,2,9,100.0,,False,241.999
5337,1.496,21.201,161.85,243.195,-1,2,13,98.3,,False,470.00011111111115
5339,2.587,25.983,194.79,378.2413,-1,2,11,65.1,,False,1719.8932613017844
5341,3.691,37.519,276.73,739.4699,-1,3,7,100.0,,False,2781.999
5342,2.657,36.597,286.57,165.0386,-1,2,8,99.4,,False,1936.999
5344,3.064,29.432,220.05,415.3214,-1,2,11,99.6,,False,785.999
5347,1.286,28.276,208.81,673.9797,-1,3,9,100.0,,False,1273.999
5349,2.472,29.944,223.29,453.3218,-1,2,9,84.6,,False,571.999
5350,2.693,26.439,198.17,381.3003,-1,1,11,75.6,,False,522.6667777777777
5351,3.018,22.624,170.91,306.1381,-1,3,3,61.7,,False,4708.999
5352,2.954,33.544,248.38,603.4274,-1,4,9,94.2,,False,3438.999
5353,1.481,29.928,222.41,513.3077,-1,2,12,92.8,,False,672.999
5357,1.519,31.547,233.95,561.366,-1,3,11,95.9,,False,900.999
5358,3.027,43.289,322.55,478.2943,-1,2,10,100.0,,False,746.999
5359,2.611,28.183,210.19,448.2843,-1,2,7,99.0,,False,2219.999
5360,2.551,32.356,239.87,570.3466,-1,3,7,100.0,,False,1238.999
5361,4.723,31.968,237.45,527.4111,-1,2,8,92.1,,False,618.999
5362,2.214,27.417,239.0,61.9869,-1,1,12,90.6,,False,1291.999
5363,1.582,27.712,206.89,433.2805,-1,2,10,100.0,,False,950.999
5366,0.667,23.539,178.77,272.1275,-1,2,8,100.0,,False,1178.999
5371,3.551,28.011,209.46,411.3489,-1,2,10,93.4,,False,474.2183741665667
5372,3.059,12.157,97.06,123.8991,-1,1,8,92.5,,False,1009.999
5375,2.068,28.329,211.14,458.2302,-1,2,10,100.0,,False,981.999
5377,1.389,20.921,159.2,259.0617,-1,4,6,100.0,,False,3321.999
5378,0.367,20.88,159.3,246.0722,-1,2,13,99.1,,False,622.999
5381,3.868,38.038,280.24,792.559,-1,3,7,52.5,,False,332.41429898464844
5383,3.111,25.035,188.24,347.2235,-1,2,4,100.0,,False,6944.999
5384,3.691,41.849,307.9,869.678,-1,4,8,73.8,,False,1215.999
5386,4.461,30.406,225.58,550.2581,-1,1,7,99.1,,False,676.999
5387,2.785,27.148,203.13,402.3003,-1,2,11,100.0,,False,1356.999
5388,3.008,34.4,254.57,621.4393,-1,5,12,80.9,,False,545.999
5389,2.009,29.234,218.16,441.3215,-1,2,10,92.4,,False,420.999
5392,0.38,16.282,127.39,161.0221,-1,2,7,100.0,,False,1649.999
5394,2.156,31.105,230.71,556.2518,-1,2,10,98.9,,False,1926.999
5395,3.7,18.174,139.83,208.9743,-1,3,5,98.4,,False,2223.999
5397,1.602,30.652,227.52,539.2399,-1,4,8,100.0,,False,1332.999
5398,1.469,25.02,187.22,399.1935,-1,4,9,100.0,,False,1430.999
5399,4.248,33.323,247.26,551.4689,-1,3,7,90.2,,False,1227.666777777778
5400,3.38,29.706,219.74,625.0607,-1,4,6,100.0,,False,2627.999
5402,2.276,24.139,179.42,498.931,-1,2,7,95.5,,False,704.999
5404,2.326,33.652,248.57,679.2497,-1,3,11,100.0,,False,1740.999
5405,3.604,32.935,244.86,509.3336,-1,3,8,100.0,,False,869.999
5407,3.729,37.646,277.51,768.5557,-1,3,3,52.5,,False,3214.999
5410,2.729,34.566,255.32,681.3261,-1,3,9,100.0,,False,484.999
5411,4.139,16.923,132.2,165.0382,-1,3,8,99.2,,False,2255.999
5412,3.526,32.623,242.96,477.3045,-1,2,7,100.0,,False,2060.999
5415,4.146,37.218,274.49,745.5604,-1,2,6,41.5,,False,2082.999
5417,1.399,22.624,172.01,265.2154,-1,2,11,100.0,,False,460.999
5419,2.336,27.593,206.92,377.2694,-1,2,4,100.0,,False,6440.999
5422,1.777,25.506,191.26,375.2175,-1,2,4,97.4,,False,368.999
5423,3.164,31.451,233.79,510.3908,-1,1,4,39.2,,False,2014.999
5424,3.767,18.523,142.61,206.9949,-1,3,5,100.0,,False,2433.999
5425,2.9,30.114,225.13,417.3003,-1,2,9,98.8,,False,619.999
5428,2.398,20.828,154.87,481.9735,-1,2,15,96.5,,False,676.8876766991933
5431,0.587,21.159,167.46,141.0154,-1,2,8,82.4,,False,104.66677777777772
5434,2.209,28.221,210.41,453.262,-1,2,6,80.3,,False,2295.999
5435,2.608,27.385,205.09,391.2869,-1,3,4,59.5,,False,4899.999
5437,1.355,35.622,262.38,797.411,-1,3,5,100.0,,False,476.999
5438,4.452,29.838,221.6,526.2565,-1,2,7,82.0,,False,556.889
5441,4.431,29.431,219.74,433.3692,-1,2,11,86.7,,False,247.999
5444,3.384,30.784,228.68,522.3598,-1,2,5,96.5,,False,1368.999
5445,1.572,29.907,222.29,510.2891,-1,3,8,100.0,,False,1042.999
5447,1.527,24.086,182.11,301.2006,-1,3,8,100.0,,False,852.999
5449,0.654,17.223,130.91,260.9022,-1,2,8,98.6,,False,439.999
5451,2.392,27.623,206.33,425.2326,-1,3,4,73.3,,False,672.999
5454,2.637,30.861,228.92,554.2896,-1,2,6,99.7,,False,634.999
5455,0.7,26.295,197.38,365.1417,-1,2,12,100.0,,False,692.999
5460,1.39,29.126,217.13,457.179,-1,4,7,100.0,,False,3232.999
5461,0.473,18.011,138.46,212.0001,-1,2,9,97.3,,False,600.999
5462,2.262,20.594,158.43,211.2044,-1,2,10,100.0,,False,942.999
5464,3.363,34.534,255.63,612.3927,-1,3,5,86.8,,False,2388.999
5465,2.054,26.905,201.39,397.2948,-1,2,10,82.4,,False,711.999
5468,0.427,18.868,144.24,234.9713,-1,1,11,98.1,,False,888.999
5471,2.776,29.937,222.43,517.2575,-1,3,10,98.6,,False,897.999
5473,2.328,26.6,199.11,397.218,-1,3,9,100.0,,False,655.999
5475,1.427,30.758,228.36,533.335,-1,3,10,100.0,,False,2366.999
5476,2.702,34.284,253.69,622.3782,-1,2,5,92.8,,False,694.999
5478,2.196,20.855,157.14,323.9949,-1,1,16,97.8,,False,183.59721532635376
5479,2.334,28.067,209.49,436.1997,-1,3,9,100.0,,False,1314.999
5480,3.771,24.697,186.35,317.2479,-1,2,12,100.0,,False,656.999
5481,3.793,46.051,338.02,1041.8367,-1,3,4,100.0,,False,226.999
5482,3.421,35.128,259.56,671.4035,-1,3,8,100.0,,False,1856.999
5484,2.032,27.823,208.12,407.2793,-1,2,6,96.8,,False,588.999
5485,2.566,41.232,303.19,900.5444,-1,4,9,100.0,,False,3862.999
5487,2.834,29.528,220.97,403.286,-1,2,12,95.5,,False,467.999
5489,4.02,31.503,234.35,496.4096,-1,2,6,96.7,,False,823.999
5491,2.261,26.894,201.11,409.2955,-1,2,6,68.9,,False,5413.999
5497,2.663,26.179,196.38,372.257,-1,3,9,100.0,,False,1091.999
5498,1.521,26.226,195.84,427.1333,-1,3,12,100.0,,False,954.999
5499,1.074,30.203,224.51,509.1697,-1,3,10,100.0,,False,1091.999
5501,2.509,27.291,204.12,407.2865,-1,2,6,95.2,,False,3762.999
5503,0.834,24.91,186.96,365.031,-1,3,5,100.0,,False,1359.999
5504,1.863,23.202,175.78,287.2214,-1,2,12,91.5,,False,2628.250682220369
5507,2.206,28.319,228.9,112.983,-1,1,12,99.7,,False,1203.4739250565417
5509,0.656,32.141,244.88,259.0264,-1,1,7,93.9,,False,1262.999
5510,2.302,28.983,234.28,112.9832,-1,1,13,99.8,,False,845.1112222222223
5511,0.43,32.756,242.35,625.3233,-1,5,8,100.0,,False,418.999
5520,1.589,24.112,181.65,329.233,-1,2,7,100.0,,False,1199.999
5522,0.855,31.616,233.99,613.3614,-1,3,10,100.0,,False,640.999
5523,2.692,28.723,214.12,455.2194,-1,2,14,99.6,,False,623.9037654232889
5524,2.542,31.599,234.43,552.3359,-1,3,8,56.6,,False,764.999
5526,3.295,29.859,222.61,455.3765,-1,3,4,74.0,,False,1209.999
5530,1.09,26.388,197.14,421.2228,-1,2,11,100.0,,False,1214.999
5532,3.905,21.353,160.81,329.0455,-1,3,11,100.0,,False,1309.999
5535,3.386,35.508,262.27,683.4097,-1,3,9,100.0,,False,1349.999
5536,0.676,16.271,125.27,204.9043,-1,3,9,100.0,,False,4685.999
5539,1.394,17.259,134.32,174.0534,-1,2,11,100.0,,False,1313.999
5540,0.458,26.811,200.86,387.1828,-1,3,10,98.4,,False,510.999
5545,1.155,22.343,168.13,336.9373,-1,4,8,100.0,,False,1508.999
5549,2.07,26.987,201.98,399.3101,-1,2,8,82.4,,False,665.999
5550,1.603,22.845,172.91,293.0832,-1,2,10,100.0,,False,2117.999
5551,2.196,20.979,157.08,384.9892,-1,2,16,100.0,,False,241.2527630959696
5552,1.196,25.274,189.97,351.2169,-1,2,6,80.1,,False,231.88899999999998
5555,3.112,24.816,186.76,339.2524,-1,2,7,93.3,,False,395.6667777777778
5559,2.666,28.816,214.54,477.2237,-1,2,9,94.8,,False,286.999
5560,2.312,31.551,233.76,583.2895,-1,3,10,100.0,,False,1052.999
5561,3.646,40.793,300.22,852.6147,-1,2,4,56.8,,False,1155.999
5563,0.501,22.904,188.94,92.9258,-1,1,12,44.6,,False,594.0749655732823
5565,2.017,24.196,182.4,324.2535,-1,1,10,97.9,,False,1214.999
5567,3.242,23.101,173.85,337.1678,-1,2,11,100.0,,False,1025.999
5569,0.275,23.633,175.11,562.5895,-1,1,14,98.1,,False,539.999
5571,0.446,19.413,144.74,435.221,-1,2,14,100.0,,False,459.999
5574,1.741,18.706,141.75,280.9807,-1,2,10,100.0,,False,149.999
5576,2.065,26.7,199.87,396.2756,-1,2,13,98.2,,False,861.4445555555556
5579,0.564,33.266,246.09,631.2425,-1,2,10,100.0,,False,702.999
5580,3.578,32.526,241.62,525.4169,-1,5,10,99.6,,False,2508.999
5582,0.243,26.323,384.66,697.2679,-2,4,9,98.9,,False,530.999
5583,1.455,29.917,221.59,588.269,-1,5,8,100.0,,False,1444.999
5585,1.259,25.706,192.52,389.1355,-1,2,11,100.0,,False,595.999
5586,2.743,28.985,216.36,436.3173,-1,1,8,85.8,,False,279.999
5594,2.442,34.614,255.51,703.3105,-1,2,13,100.0,,False,1360.999
5595,3.613,27.654,207.03,396.3479,-1,1,12,97.9,,False,1913.6667777777777
5596,2.64,24.9,187.35,341.2097,-1,2,7,89.0,,False,926.999
5597,3.563,33.878,250.91,597.4356,-1,4,6,100.0,,False,2243.999
5600,0.376,27.071,211.64,167.0195,-1,2,8,80.4,,False,278.999
5603,3.071,33.517,248.05,616.3997,-1,4,4,80.8,,False,1074.999
5605,2.726,31.167,231.24,550.3164,-1,2,5,95.0,,False,770.999
5606,2.954,45.663,334.91,1099.7034,-1,4,12,100.0,,False,1634.999
5609,3.483,34.196,253.95,534.3573,-1,3,11,100.0,,False,1171.999
5610,2.906,33.905,251.05,605.4425,-1,4,5,71.4,,False,2152.999
5612,0.743,19.66,149.35,266.9805,-1,1,10,97.9,,False,396.999
5616,2.314,23.229,176.14,281.246,-1,2,8,44.0,,False,504.2052243683952
5617,2.847,32.799,244.07,492.3096,-1,3,11,100.0,,False,1373.999
5618,0.389,19.61,150.8,212.0887,-1,1,12,99.4,,False,1108.1112222222223
5623,2.375,24.033,181.48,310.2417,-1,1,7,96.5,,False,1041.999
5624,1.811,13.838,111.17,116.9265,-1,2,9,49.4,,False,744.6317517118805
5627,2.398,24.674,186.0,324.9979,-1,1,16,98.4,,False,329.31367762424736
5628,2.917,32.727,243.08,529.4132,-1,2,8,88.0,,False,1303.999
5630,1.212,34.426,254.79,617.3596,-1,2,12,100.0,,False,945.999
5631,2.534,28.392,212.22,417.2192,-1,3,11,99.2,,False,1048.999
5634,0.712,29.42,219.13,471.1596,-1,4,11,100.0,,False,453.999
5635,2.352,33.489,247.82,621.3654,-1,3,11,100.0,,False,789.999
5637,1.853,22.023,167.03,279.1263,-1,3,5,100.0,,False,715.0001111111111
5641,2.395,24.703,186.3,320.9844,-1,1,13,98.2,,False,691.0200144495167
5642,0.579,17.713,134.61,262.9112,-1,2,7,100.0,,False,431.999
5645,2.359,23.048,174.71,283.2261,-1,2,3,96.8,,False,614.999
5647,2.758,28.985,215.68,488.2778,-1,2,8,100.0,,False,1244.999
5648,2.631,31.716,235.6,524.3959,-1,1,10,88.8,,False,734.999
5649,2.25,27.527,205.58,427.2358,-1,2,8,98.3,,False,1058.999
5650,0.413,18.507,155.14,80.9643,-1,1,6,97.1,,False,2943.999
5658,3.252,28.517,212.94,431.3165,-1,2,10,63.4,,False,1467.999
5660,1.889,13.675,111.65,99.9234,-1,2,6,93.3,,False,1834.999
5661,2.845,28.937,215.55,469.3185,-1,3,4,83.8,,False,1400.999
5662,2.615,32.571,241.43,574.3802,-1,3,7,100.0,,False,3236.999
5663,3.977,30.273,223.82,641.0935,-1,3,5,100.0,,False,2014.999
5664,4.614,39.47,290.46,853.5293,-1,3,4,74.9,,False,7447.999
5666,2.729,31.363,232.81,538.3191,-1,2,6,97.5,,False,1630.999
5669,4.111,40.604,298.6,893.562,-1,4,8,82.4,,False,676.999
5672,3.222,33.764,250.1,593.4025,-1,2,8,100.0,,False,764.999
5675,3.483,32.011,237.35,566.347,-1,2,11,100.0,,False,1502.999
5677,1.914,29.595,219.75,529.2121,-1,6,8,99.6,,False,1540.999
5682,3.49,29.574,220.48,456.3721,-1,2,8,96.5,,False,1417.999
5683,3.2,30.42,225.94,525.3278,-1,2,5,99.0,,False,670.999
5686,2.004,18.288,141.4,193.0855,-1,2,14,92.0,,False,356.9015961439468
5687,0.8,24.792,186.38,349.0357,-1,2,10,100.0,,False,322.999
5689,4.158,31.423,233.16,546.3963,-1,2,8,96.6,,False,359.3510463930447
5696,2.213,35.744,265.02,572.9872,-1,2,12,98.8,,False,1219.6807728589731
5700,0.752,16.352,134.86,92.0249,-1,2,7,100.0,,False,313.999
5701,2.401,28.238,210.94,425.3258,-1,2,6,82.4,,False,1635.999
5702,2.948,25.424,190.98,357.2039,-1,2,9,100.0,,False,635.999
5704,3.615,36.376,268.69,685.5293,-1,2,6,59.0,,False,1395.999
5705,3.567,39.857,293.52,816.7311,-1,4,6,55.1,,False,1298.999
5706,1.527,23.775,179.51,311.3361,-1,3,4,61.5,,False,890.999
5708,2.654,30.3,225.95,453.3216,-1,3,6,82.4,,False,323.999
5710,3.218,29.852,222.38,469.3346,-1,2,3,61.3,,False,4361.999
5711,3.063,42.939,315.49,956.6069,-1,3,11,100.0,,False,1057.999
5712,1.422,36.621,275.02,369.1713,-1,2,6,89.8,,False,2388.999
5714,3.249,33.737,249.9,594.382,-1,2,8,100.0,,False,1964.999
5716,3.866,27.547,204.39,543.0566,-1,3,7,100.0,,False,1249.999
5718,4.02,35.705,263.62,696.5017,-1,2,8,93.0,,False,39.6724530038523
5720,1.505,40.775,299.74,917.4977,-1,4,11,100.0,,False,1353.999
5722,1.726,13.634,111.94,95.0119,-1,1,11,99.4,,False,1413.999
5723,2.799,30.785,229.72,443.3167,-1,2,9,97.6,,False,947.999
5724,2.616,25.995,194.58,395.223,-1,2,3,100.0,,False,334.999
5726,2.487,34.133,252.71,608.3192,-1,2,10,100.0,,False,1275.999
5727,2.59,32.101,238.44,527.3956,-1,2,8,100.0,,False,1420.999
5729,0.922,21.491,175.6,100.9999,-1,1,13,99.2,,False,266.6190643516634
5730,2.877,23.257,175.98,295.1527,-1,2,9,100.0,,False,1731.999
5731,2.177,22.241,168.39,290.1433,-1,3,3,52.5,,False,7263.999
5732,1.171,21.665,174.38,116.9696,-1,1,10,70.2,,False,1066.999
5736,2.396,22.207,165.64,435.9896,-1,2,15,100.0,,False,590.2401419110233
5737,1.967,26.941,201.6,400.2513,-1,1,4,46.8,,False,190.999
5738,2.596,29.144,216.82,491.195,-1,4,12,100.0,,False,1641.999
5739,1.435,27.459,205.91,377.2694,-1,2,9,100.0,,False,1472.999
5740,3.252,31.226,231.82,537.3575,-1,4,10,100.0,,False,563.999
5742,3.412,19.664,146.79,418.9738,-1,2,10,100.0,,False,654.999
5743,2.793,30.788,229.35,471.3494,-1,3,5,93.7,,False,3544.999
5744,3.15,24.097,181.94,311.2591,-1,2,11,100.0,,False,2724.1119077298144
5747,3.793,29.717,221.13,487.3459,-1,2,7,88.0,,False,1948.5556666666666
5752,3.446,29.504,221.05,389.342,-1,2,9,66.7,,False,842.999
5753,2.956,24.213,182.78,313.2723,-1,2,6,85.3,,False,2271.999
5758,2.211,23.652,178.58,311.2232,-1,2,6,50.8,,False,3025.999
5761,1.741,21.003,156.89,412.9641,-1,2,11,100.0,,False,185.999
5762,1.839,30.764,229.17,471.2359,-1,3,9,89.7,,False,1616.999
5763,1.895,30.423,226.07,515.3222,-1,3,7,100.0,,False,583.999
5769,3.51,31.785,235.56,578.3492,-1,3,7,95.3,,False,711.999
5771,2.831,28.376,212.04,421.3672,-1,3,5,72.5,,False,325.999
5774,3.934,30.993,230.44,505.3903,-1,2,8,68.7,,False,969.999
5775,0.415,21.87,179.94,94.9237,-1,1,13,53.1,,False,183.73188454215745
5779,1.577,29.623,220.57,477.1927,-1,3,9,100.0,,False,539.999
5780,3.235,39.765,292.93,800.5777,-1,4,7,61.3,,False,1453.999
5782,2.385,30.268,227.09,374.2446,-1,3,15,98.3,,False,1112.645592891621
5783,4.003,36.942,272.89,684.6086,-1,4,5,78.0,,False,1573.999
5787,2.748,31.674,233.28,788.9786,-1,2,10,100.0,,False,896.999
5788,3.542,25.747,192.78,392.1657,-1,4,14,100.0,,False,935.999
5790,0.372,22.403,174.75,171.0254,-1,2,11,100.0,,False,141.999
5791,1.417,22.368,169.94,269.1278,-1,2,13,100.0,,False,2367.999
5793,2.755,32.08,237.69,584.338,-1,2,12,100.0,,False,866.999
5794,1.35,23.734,179.5,299.1485,-1,2,9,89.7,,False,1265.999
5795,0.434,19.332,150.23,179.1421,-1,2,11,99.5,,False,1910.999
5796,0.45,23.068,189.83,94.9231,-1,1,12,76.4,,False,800.3749000927447
5797,4.568,33.391,247.72,553.4878,-1,2,3,82.4,,False,1834.999
5800,0.304,28.62,223.77,167.0185,-1,2,11,91.2,,False,535.999
5805,4.428,39.497,290.7,847.541,-1,3,3,81.1,,False,2119.999
5808,4.123,27.098,202.95,391.1492,-1,4,9,95.5,,False,263.999
5810,2.532,31.792,235.85,554.2874,-1,2,9,98.7,,False,754.999
5812,0.373,18.424,142.01,202.9999,-1,2,7,89.3,,False,890.999
5816,1.199,27.877,208.39,415.216,-1,2,11,100.0,,False,251.999
5821,0.379,12.009,96.56,114.9342,-1,1,8,88.8,,False,256.8522790288848
5823,1.44,27.522,206.22,386.3055,-1,3,7,100.0,,False,395.999
5824,2.587,23.388,173.98,481.9734,-1,2,15,100.0,,False,809.2945703717519
5826,4.346,38.145,281.58,708.6534,-1,3,10,82.5,,False,472.4527459128044
5827,1.878,23.458,174.27,505.9544,-1,3,9,100.0,,False,601.999
5828,0.864,27.48,226.81,92.9269,-1,1,11,46.6,,False,668.3841465536432
5830,2.278,25.593,190.17,506.9591,-1,1,12,96.8,,False,1556.9671589244092
5832,2.57,32.494,241.01,559.32,-1,3,11,100.0,,False,1415.999
5837,3.623,25.881,194.68,344.222,-1,2,8,99.2,,False,743.999
5839,3.42,27.165,207.12,253.2188,-1,1,7,88.1,,False,738.999
5845,1.143,23.644,177.92,339.0164,-1,2,10,100.0,,False,1401.999
5846,1.486,14.807,118.61,121.028,-1,2,6,99.0,,False,140.22233333333327
5847,4.403,46.558,341.61,1066.8511,-1,6,9,100.0,,False,1893.999
5848,0.322,18.09,149.85,89.0219,-1,1,10,99.6,,False,944.999
5849,1.952,33.305,246.19,653.3942,-1,3,9,100.0,,False,75.999
5850,0.274,22.979,170.73,502.632,-1,1,15,98.1,,False,414.999
5851,3.728,25.738,193.41,353.3087,-1,2,6,56.9,,False,291.44455555555555
5853,0.423,23.11,173.37,367.1049,-1,3,11,100.0,,False,36.111222222222295
5854,0.476,19.963,152.92,227.1263,-1,2,9,100.0,,False,51.999
5855,0.28,22.863,173.72,268.7992,-1,1,14,97.9,,False,481.999
5860,2.636,26.532,198.56,399.2539,-1,1,6,98.3,,False,752.999
5864,1.832,30.206,224.18,541.2429,-1,3,10,100.0,,False,960.999
5870,3.653,39.965,294.49,789.6163,-1,2,6,55.6,,False,1714.999
5871,0.908,26.448,218.26,92.9258,-1,1,19,95.1,,False,699.9347884164395
5872,1.152,27.284,204.58,378.1012,-1,3,7,98.1,,False,700.999
5873,0.59,21.461,162.45,291.0,-1,2,5,100.0,,False,102.999
5881,2.397,24.634,189.03,222.9974,-1,1,16,98.5,,False,593.2477300096461
5883,4.135,29.318,218.2,485.068,-1,3,6,100.0,,False,3082.999
5887,3.557,29.762,221.9,454.3634,-1,3,6,59.1,,False,687.999
5891,0.381,21.611,164.99,243.1704,-1,2,9,100.0,,False,321.999
5892,3.852,24.504,184.3,344.165,-1,4,10,100.0,,False,1045.999
5893,3.446,32.009,238.58,463.2888,-1,3,10,100.0,,False,1492.999
5895,2.455,28.899,216.01,417.3392,-1,2,5,95.3,,False,1439.999
5897,0.428,15.207,120.48,137.0217,-1,1,11,98.6,,False,1292.999
5899,2.037,18.393,142.86,180.0723,-1,1,9,79.0,,False,872.999
5900,1.254,25.828,193.44,389.1352,-1,2,8,100.0,,False,556.999
5901,3.279,31.375,233.28,505.3896,-1,2,7,57.2,,False,854.999
5904,0.452,22.921,171.73,381.0276,-1,3,3,100.0,,False,2788.999
5909,2.168,26.034,195.46,363.2525,-1,2,6,82.4,,False,1539.999
5910,3.561,36.884,272.06,736.5315,-1,2,6,69.8,,False,2554.999
5911,3.46,31.458,239.94,253.2153,-1,2,7,100.0,,False,1756.999
5913,1.373,24.518,184.59,335.2206,-1,2,9,100.0,,False,836.2982425286209
5916,2.735,28.319,211.64,419.3533,-1,2,9,87.9,,False,1328.999
5917,2.76,29.776,224.51,327.2325,-1,2,11,100.0,,False,616.999
5921,1.36,27.14,202.63,431.1482,-1,2,9,100.0,,False,808.999
5922,2.925,25.12,188.92,345.2058,-1,2,11,100.0,,False,916.999
5924,3.726,13.233,100.47,259.9325,-1,1,12,88.0,,False,782.999
5925,3.616,28.914,215.84,435.352,-1,2,6,69.0,,False,6604.659663601924
5928,2.875,26.95,201.77,395.2073,-1,2,9,100.0,,False,1442.999
5933,2.914,34.182,253.62,554.3278,-1,3,5,87.0,,False,2752.999
5935,1.776,28.255,210.41,473.288,-1,3,4,63.5,,False,2055.999
5937,4.429,36.68,270.58,732.503,-1,4,7,69.6,,False,1354.999
5938,3.223,26.008,196.37,313.2736,-1,2,11,98.7,,False,1578.999
5940,1.628,26.236,196.2,408.1476,-1,2,10,100.0,,False,556.999
5941,0.697,20.4,155.65,245.0797,-1,2,3,93.5,,False,8073.999
5942,2.502,23.095,178.37,199.1678,-1,2,10,99.3,,False,1065.999
5944,2.479,26.161,196.3,369.2995,-1,2,8,98.1,,False,535.7778888888888
5945,2.114,30.796,228.67,531.3616,-1,2,5,96.2,,False,613.999
5946,2.423,33.079,244.84,614.3339,-1,3,8,99.1,,False,457.999
5953,0.54,23.516,176.26,377.0686,-1,2,6,100.0,,False,893.999
5954,2.363,23.176,176.16,267.1944,-1,2,12,98.7,,False,870.999
5955,2.385,23.311,172.73,560.9262,-1,3,8,100.0,,False,396.999
5960,2.993,31.139,231.14,539.3399,-1,2,6,100.0,,False,2049.999
5961,2.083,26.306,195.27,528.9707,-1,2,12,96.8,,False,764.9896859085827
5962,3.876,28.197,210.75,417.3719,-1,2,10,94.7,,False,649.8007303343802
5963,2.332,31.143,230.88,568.2698,-1,3,8,99.9,,False,493.999
5969,3.419,12.009,96.57,114.9346,-1,1,11,62.2,,False,461.71994103933764
5970,3.017,21.701,165.52,248.1641,-1,2,14,100.0,,False,563.9251797572547
5973,0.4,13.055,109.09,81.9517,-1,1,11,99.6,,False,1884.999
5975,1.352,31.212,231.03,609.1676,-1,3,8,100.0,,False,731.999
5976,1.926,24.004,181.17,314.2404,-1,1,8,74.8,,False,243.55566666666667
5979,1.349,24.822,187.02,329.1738,-1,2,11,99.0,,False,648.999
5980,2.779,38.804,286.04,768.5233,-1,3,10,99.3,,False,849.999
5981,3.7,24.724,186.13,336.1457,-1,2,12,53.7,,False,405.33344444444447
5983,3.643,25.194,189.61,339.2887,-1,1,4,68.1,,False,1744.999
5985,4.083,19.65,150.63,224.028,-1,1,4,70.3,,False,2008.000111111111
5986,2.575,23.212,176.5,265.179,-1,2,11,100.0,,False,546.999
5990,3.731,33.389,247.57,568.4666,-1,1,5,43.5,,False,3104.999
5993,4.143,21.908,168.05,223.0265,-1,3,4,100.0,,False,3411.999
5994,3.558,25.31,190.32,347.2209,-1,2,10,100.0,,False,327.999
5996,0.886,26.633,214.51,116.9689,-1,1,10,42.9,,False,390.33344444444447
5997,2.48,39.67,291.85,867.4839,-1,4,7,100.0,,False,5554.999
5998,3.108,24.993,188.13,337.2733,-1,2,11,82.4,,False,1231.999
5999,1.8,24.711,186.13,331.1904,-1,2,6,92.9,,False,444.999
6000,0.623,18.917,144.68,233.0433,-1,2,5,100.0,,False,170.999
6002,0.239,20.431,168.47,92.9261,-1,1,17,60.0,,False,149.62081889925776
6004,3.757,40.178,295.84,824.5852,-1,3,7,61.2,,False,1102.999
6006,1.92,26.943,201.81,389.2689,-1,2,12,86.7,,False,669.999
6009,0.278,25.602,211.27,92.926,-1,1,12,91.4,,False,846.2130067516526
6012,1.128,19.537,150.28,211.0738,-1,2,5,100.0,,False,471.999
6013,2.741,29.787,222.13,452.3456,-1,1,7,82.9,,False,180.999
6014,1.052,13.647,106.23,170.8303,-1,1,6,71.7,,False,904.999
6016,1.948,13.866,111.39,116.9262,-1,2,8,55.1,,False,378.44455555555555
6017,0.399,29.478,230.5,167.0196,-1,1,12,99.1,,False,428.999
6018,0.275,23.634,175.15,558.595,-1,1,15,98.1,,False,494.999
6019,0.828,29.861,221.89,515.2859,-1,3,6,100.0,,False,1178.999
6021,1.878,28.807,214.39,483.3011,-1,2,4,91.1,,False,2133.999
6024,2.192,20.869,157.31,320.9838,-1,1,14,99.2,,False,39.99649062707795
6025,2.431,19.692,152.09,197.152,-1,2,9,100.0,,False,223.999
6026,2.785,30.864,229.06,542.3267,-1,3,9,97.6,,False,1071.999
6027,1.191,29.082,216.27,497.2788,-1,2,4,99.2,,False,610.999
6028,2.586,25.944,195.71,319.9815,-1,1,13,99.0,,False,1007.53512088583
6029,2.1,26.539,199.26,363.1411,-1,2,9,100.0,,False,1592.999
6031,3.959,22.887,173.3,290.174,-1,2,7,100.0,,False,1564.999
6032,3.994,25.78,191.59,504.2184,-1,2,13,100.0,,False,442.999
6036,0.34,18.662,150.24,116.0692,-1,1,12,99.3,,False,429.999
6037,1.462,19.62,151.08,207.137,-1,2,9,87.7,,False,1131.999
6038,2.782,25.299,190.37,340.2879,-1,1,7,72.1,,False,1442.5556666666666
6039,3.221,34.818,257.71,617.219,-1,5,10,100.0,,False,501.999
6045,3.888,40.737,299.53,905.5234,-1,4,8,100.0,,False,1453.999
6048,4.714,24.845,187.32,323.2947,-1,2,15,91.9,,False,32.8416109443001
6050,3.851,40.532,298.44,827.5983,-1,3,4,69.7,,False,1723.999
6053,3.207,26.921,201.41,403.2839,-1,2,10,99.0,,False,796.999
6054,2.382,24.603,188.98,219.1364,-1,2,5,100.0,,False,275.999
6055,2.356,29.114,216.65,487.2609,-1,4,11,100.0,,False,667.999
6059,3.249,24.854,187.42,322.2719,-1,1,7,99.1,,False,482.999
6064,1.32,23.68,178.47,325.1638,-1,2,11,100.0,,False,544.999
6065,0.243,43.843,321.1,1236.4913,-1,3,12,77.5,,False,711.999
6067,3.466,35.029,259.1,636.4373,-1,2,7,100.0,,False,2243.999
6069,3.773,38.463,283.53,769.6249,-1,3,10,52.5,,False,1431.999
6072,3.961,30.348,226.47,441.34,-1,3,5,100.0,,False,1761.999
6074,2.937,33.581,249.42,530.3251,-1,3,9,83.4,,False,1251.999
6076,2.31,24.043,181.44,315.2543,-1,2,8,78.5,,False,2032.8890000000001
6078,1.144,27.95,209.67,373.9648,-1,1,10,99.0,,False,131.33344444444452
6081,0.369,27.202,201.74,550.9511,-1,1,14,97.1,,False,367.999
6083,2.976,21.774,166.14,246.1481,-1,2,14,99.0,,False,133.89964460087526
6085,1.365,36.001,270.35,369.1719,-1,2,8,93.4,,False,710.999
6086,3.222,25.367,190.39,365.2394,-1,3,6,99.1,,False,1378.282699799537
6087,3.298,37.276,274.84,755.4404,-1,3,9,100.0,,False,70.999
6088,1.073,39.086,287.7,839.3141,-1,4,7,100.0,,False,424.999
6093,3.473,30.218,224.76,497.3139,-1,5,6,97.2,,False,1014.999
6095,2.586,25.934,195.67,318.978,-1,1,12,98.1,,False,990.889
6096,2.31,35.952,266.37,589.0161,-1,3,10,100.0,,False,1795.40785396452
6097,3.368,34.984,258.47,674.4072,-1,4,7,81.2,,False,353.999
6099,2.002,27.08,202.69,398.2649,-1,1,8,95.2,,False,926.999
6103,3.516,34.489,255.76,567.464,-1,2,5,39.6,,False,1000.999
6104,2.723,24.097,183.81,249.184,-1,2,11,99.9,,False,1009.999
6105,2.051,28.565,212.63,480.2115,-1,3,12,100.0,,False,836.999
6106,2.891,33.512,248.25,593.4429,-1,3,6,90.1,,False,841.999
6107,1.881,26.585,199.16,387.3093,-1,2,9,100.0,,False,393.999
6109,2.542,29.94,222.24,537.2232,-1,2,13,100.0,,False,560.999
6110,1.363,27.154,202.49,449.1142,-1,4,10,100.0,,False,1019.999
6111,2.942,26.375,198.06,361.3098,-1,3,9,95.3,,False,659.999
6113,3.055,32.953,244.13,590.3476,-1,1,5,57.4,,False,357.999
6114,4.482,27.98,208.91,431.3546,-1,2,5,99.5,,False,1880.999
6115,3.358,31.448,233.62,523.4003,-1,3,5,74.5,,False,2820.999
6118,3.552,25.92,194.45,371.2197,-1,2,10,100.0,,False,612.999
6122,3.478,28.187,210.56,425.3624,-1,2,10,99.7,,False,53.29523105405406
6125,1.759,21.071,161.36,229.1792,-1,2,11,100.0,,False,967.999
6130,1.535,26.918,198.14,797.6627,-1,2,11,100.0,,False,931.999
6133,4.331,37.49,276.32,769.5607,-1,1,5,43.9,,False,1877.999
6136,4.122,38.464,283.34,798.5394,-1,2,6,80.9,,False,887.999
6138,2.838,24.295,183.58,306.2781,-1,2,9,98.3,,False,696.999
6140,2.929,44.544,326.95,1035.6704,-1,3,11,100.0,,False,948.999
6141,4.504,30.499,226.23,554.2882,-1,2,5,96.5,,False,680.5556666666666
6142,2.904,32.225,241.08,409.2384,-1,2,4,100.0,,False,1672.999
6144,2.501,28.231,210.84,428.2831,-1,3,8,80.0,,False,1539.999
6145,2.972,27.634,206.73,405.3359,-1,2,6,56.2,,False,665.999
6148,2.779,32.934,244.0,588.3332,-1,3,10,100.0,,False,1403.999
6149,0.553,19.208,146.41,248.9876,-1,1,9,98.3,,False,3778.999
6150,3.732,26.197,196.02,401.0864,-1,3,5,99.9,,False,1957.999
6151,2.565,25.561,192.15,350.2721,-1,1,5,96.5,,False,7200.999
6160,2.526,23.274,176.51,280.2653,-1,2,3,77.2,,False,2656.999
6162,0.343,18.664,143.91,202.0457,-1,2,9,99.8,,False,645.999
6164,2.309,33.921,251.26,595.2901,-1,2,10,97.9,,False,1149.999
6166,2.138,19.631,151.08,209.1527,-1,1,10,98.9,,False,1049.999
6167,3.677,27.857,205.67,678.9827,-1,3,8,100.0,,False,68.999
6172,1.67,28.26,210.02,509.3139,-1,3,8,100.0,,False,100.999
6173,0.48,20.654,156.05,303.0055,-1,4,8,99.7,,False,309.999
6179,2.914,31.597,234.6,534.265,-1,2,12,83.6,,False,1119.4769228592215
6181,3.146,35.55,262.85,650.3676,-1,3,10,100.0,,False,1057.999
6185,1.869,28.874,215.23,457.3537,-1,2,9,90.7,,False,1330.999
6187,1.435,19.449,146.8,308.8328,-1,7,8,100.0,,False,203.999
6190,0.681,19.37,150.1,187.1339,-1,2,5,100.0,,False,1262.999
6191,1.387,38.116,281.09,749.4397,-1,3,11,100.0,,False,974.999
6194,2.091,28.678,213.52,477.3212,-1,2,8,89.3,,False,139.999
6195,3.278,24.247,183.04,313.1768,-1,2,9,100.0,,False,639.999
6196,0.513,20.417,155.92,241.0713,-1,2,9,100.0,,False,435.999
6197,4.294,39.648,292.45,742.5434,-1,3,9,87.5,,False,573.7778888888888
6199,3.119,33.151,245.9,559.3998,-1,2,6,48.5,,False,1430.999
6201,4.0,34.01,251.86,600.4689,-1,2,12,98.7,,False,31.909659205744845
6203,3.822,33.438,248.3,533.3896,-1,2,4,99.7,,False,1059.999
6207,1.969,28.787,214.13,493.2052,-1,3,11,100.0,,False,1260.999
6208,2.617,27.509,205.31,436.2525,-1,3,10,80.7,,False,1074.3010204362495
6210,2.925,27.637,207.1,385.3312,-1,2,9,82.4,,False,882.999
6212,0.466,21.732,179.24,92.926,-1,1,13,53.4,,False,601.3468407163739
6213,3.272,28.586,213.7,415.4562,-1,3,4,52.5,,False,3196.999
6222,1.733,22.227,169.37,253.1402,-1,2,10,99.4,,False,661.999
6224,0.443,32.437,245.11,311.1383,-1,2,9,98.2,,False,409.999
6226,0.856,26.655,219.45,94.9223,-1,1,12,80.2,,False,953.4445555555556
6230,1.473,28.123,209.41,473.2879,-1,3,7,94.9,,False,1970.999
6231,3.214,24.141,182.77,292.1886,-1,1,11,99.0,,False,760.999
6234,2.291,23.305,176.56,287.2213,-1,2,11,92.7,,False,526.4445555555556
6238,1.484,28.602,212.76,493.279,-1,3,7,100.0,,False,1321.999
6239,3.123,26.405,197.66,395.2513,-1,3,8,100.0,,False,285.4519784919987
6240,1.854,12.104,96.64,123.9006,-1,1,7,77.2,,False,568.6611070123163
6242,2.397,32.747,243.7,491.2844,-1,3,6,100.0,,False,1757.999
6243,4.451,37.767,278.72,719.5416,-1,3,11,79.5,,False,1579.999
6247,3.952,27.085,202.85,391.15,-1,3,9,84.0,,False,1631.999
6250,2.952,27.182,203.09,421.2716,-1,2,12,99.6,,False,606.999
6251,3.135,27.594,206.22,418.3038,-1,1,4,40.4,,False,1873.999
6252,2.541,31.638,234.47,578.3104,-1,3,6,98.1,,False,1120.999
6254,2.475,24.152,183.35,275.2364,-1,2,9,100.0,,False,1433.999
6259,0.639,26.72,203.49,259.026,-1,1,4,71.0,,False,1127.999
6263,3.527,29.468,219.07,505.2647,-1,3,6,100.0,,False,387.999
6265,2.841,43.424,318.98,971.6174,-1,3,12,100.0,,False,762.999
6268,2.619,24.177,182.28,323.1519,-1,2,5,82.4,,False,1429.999
6270,2.886,21.98,167.62,249.184,-1,2,9,97.3,,False,613.2223333333334
6272,1.687,29.208,217.37,485.3112,-1,2,7,97.6,,False,103.999
6275,0.402,17.575,147.07,81.9518,-1,2,9,100.0,,False,1808.999
6276,0.366,23.214,176.01,282.1307,-1,2,7,98.6,,False,1184.999
6280,2.229,33.735,249.85,598.3752,-1,3,11,100.0,,False,1352.999
6283,0.365,19.594,150.28,222.029,-1,1,10,99.4,,False,688.999
6285,2.955,25.875,194.37,357.2986,-1,2,9,93.2,,False,925.999
6286,1.796,28.92,215.67,451.305,-1,2,7,84.4,,False,276.999
6287,3.783,32.392,239.97,588.3692,-1,2,9,99.9,,False,659.999
6288,2.347,32.05,237.81,549.3822,-1,5,10,55.5,,False,552.999
6289,3.946,25.746,191.72,469.0387,-1,3,5,100.0,,False,3293.999
6290,2.134,25.088,188.43,358.2049,-1,3,11,100.0,,False,1392.999
6297,2.074,31.313,232.03,580.2518,-1,2,10,100.0,,False,1575.999
6298,2.543,22.653,171.13,306.137,-1,3,4,74.8,,False,3760.999
6302,4.075,38.826,285.94,812.5211,-1,3,5,72.2,,False,1770.4445555555556
6303,1.355,25.154,187.87,423.1451,-1,3,9,100.0,,False,706.999
6304,3.774,41.784,307.26,898.5872,-1,5,8,71.4,,False,641.999
6306,0.373,18.587,143.27,203.0797,-1,2,8,99.6,,False,461.999
6307,0.354,22.356,169.17,294.0542,-1,3,4,100.0,,False,2475.777888888889
6308,4.304,26.807,201.25,364.3574,-1,1,13,98.0,,False,82.07333820683345
6312,3.427,37.237,275.02,690.4809,-1,4,9,100.0,,False,503.999
6314,0.727,27.367,220.44,116.9703,-1,1,8,52.7,,False,1128.999
6315,3.26,44.955,330.07,1008.7709,-1,6,11,100.0,,False,520.999
6316,2.18,19.654,150.86,218.9843,-1,1,16,98.1,,False,241.55566666666675
6317,0.817,28.14,232.26,92.9262,-1,1,14,84.0,,False,853.6678210831577
6321,3.209,29.629,220.61,477.3114,-1,1,3,96.5,,False,5539.999
6322,2.684,31.247,231.84,550.3155,-1,4,8,97.1,,False,162.999
6323,2.626,32.689,242.13,593.37,-1,3,10,97.0,,False,669.999
6327,1.396,26.792,199.73,453.1575,-1,2,10,96.2,,False,838.999
6329,2.764,27.102,202.79,402.2676,-1,2,11,98.3,,False,1533.999
6330,3.602,29.409,220.25,394.2747,-1,2,9,100.0,,False,522.999
6335,3.991,36.597,269.93,738.6549,-1,3,4,97.7,,False,193.999
6336,1.096,30.474,225.88,571.1576,-1,2,12,99.8,,False,637.999
6339,3.197,32.471,241.06,539.3622,-1,2,4,99.1,,False,2822.999
6345,3.216,35.875,264.87,698.5168,-1,3,4,52.5,,False,2968.999
6346,4.64,41.94,308.56,871.6942,-1,3,7,56.4,,False,283.999
6347,3.381,33.528,250.35,437.268,-1,2,11,100.0,,False,760.999
6349,3.344,30.705,228.54,485.3252,-1,3,4,93.7,,False,2158.999
6350,2.858,12.141,96.8,125.8979,-1,1,10,65.7,,False,365.86107612624437
6351,1.914,27.839,208.27,405.2652,-1,2,8,84.0,,False,148.999
6352,4.761,38.106,281.24,716.539,-1,3,10,100.0,,False,1332.000111111111
6357,3.119,34.219,253.86,556.3422,-1,2,13,100.0,,False,1288.999
6358,4.014,40.075,294.78,879.5089,-1,2,10,100.0,,False,943.999
6359,4.437,30.756,229.02,477.3967,-1,3,6,89.3,,False,3640.8673183907563
6360,3.456,28.582,213.11,453.263,-1,5,6,98.6,,False,367.999
6361,3.29,27.036,202.02,419.2584,-1,2,5,98.8,,False,438.999
6362,2.518,31.172,231.23,554.2916,-1,2,6,99.9,,False,812.999
6363,3.217,35.495,281.34,141.0141,-1,1,10,99.4,,False,236.999
6364,2.781,24.809,183.62,594.9055,-1,1,9,96.8,,False,945.999
6367,4.298,42.047,309.35,871.6939,-1,4,6,52.5,,False,2135.999
6369,0.65,33.605,256.06,259.0283,-1,2,6,99.5,,False,808.999
6370,0.431,17.504,134.97,201.0175,-1,2,4,100.0,,False,441.999
6374,0.36,22.222,168.63,276.0843,-1,2,8,99.5,,False,948.999
6377,2.695,31.209,231.67,539.3597,-1,2,6,94.8,,False,159.999
6378,3.018,29.174,222.39,255.2317,-1,2,10,99.0,,False,1478.999
6383,0.385,22.718,171.79,299.1837,-1,2,10,100.0,,False,172.999
6384,3.287,24.437,186.05,259.2053,-1,2,9,98.9,,False,882.999
6385,3.088,38.345,282.85,736.5571,-1,3,5,100.0,,False,1336.4445555555556
6387,3.618,25.314,189.74,379.1583,-1,3,8,100.0,,False,628.999
6388,0.809,14.81,114.22,197.8058,-1,1,9,85.3,,False,1159.8890000000001
6389,0.571,23.33,175.96,319.1182,-1,2,4,100.0,,False,3665.1112222222223
6390,1.428,25.178,189.36,345.2092,-1,2,9,100.0,,False,749.999
6396,1.581,25.431,191.03,357.2629,-1,2,8,91.1,,False,1416.4445555555556
6397,0.535,16.217,128.85,133.0657,-1,2,3,100.0,,False,2318.999
6399,3.724,29.519,219.69,485.2957,-1,2,7,100.0,,False,654.999
6400,1.1,22.729,172.23,285.2053,-1,2,12,93.7,,False,734.9516600129402
6401,1.826,28.21,210.41,447.2555,-1,2,6,100.0,,False,788.999
6403,2.682,24.207,182.88,307.2631,-1,2,10,96.2,,False,725.999
6404,0.536,15.031,121.88,107.048,-1,2,3,99.8,,False,3542.999
6407,1.98,24.185,182.14,332.1895,-1,2,12,99.5,,False,248.999
6408,0.554,20.325,152.67,349.9952,-1,1,13,97.6,,False,316.2223333333333
6409,1.301,32.441,239.69,667.1836,-1,5,8,100.0,,False,610.999
6410,0.38,26.117,195.2,415.1966,-1,2,9,100.0,,False,657.999
6413,1.985,25.362,188.03,553.9966,-1,1,13,95.9,,False,344.9104250355555
6415,1.365,23.157,175.6,281.1743,-1,2,10,100.0,,False,438.999
6417,2.289,37.331,276.63,589.0173,-1,3,8,100.0,,False,709.999
6419,2.146,24.597,185.54,319.2621,-1,2,10,88.5,,False,891.999
6420,2.657,38.073,280.39,809.4272,-1,4,10,100.0,,False,1399.999
6421,3.374,24.107,182.16,305.2491,-1,2,9,100.0,,False,47.97999857292916
6422,3.149,31.406,233.59,499.4008,-1,3,7,81.9,,False,448.999
6423,3.373,27.393,205.1,394.3319,-1,1,13,98.1,,False,985.7093119576244
6424,0.703,19.722,149.52,279.0128,-1,2,6,100.0,,False,1342.999
6426,4.019,33.201,246.34,553.4487,-1,2,4,49.6,,False,1848.999
6431,2.288,27.922,208.37,439.2814,-1,2,8,98.6,,False,884.4409824506884
6432,4.561,25.888,192.6,485.0717,-1,3,7,100.0,,False,4256.555666666667
6434,2.464,26.625,199.83,367.2746,-1,1,5,47.0,,False,498.999
6435,0.731,14.217,115.14,108.0198,-1,2,9,99.4,,False,162.999
6439,0.632,34.161,260.31,259.0259,-1,3,7,88.8,,False,756.999
6440,2.791,25.64,192.58,358.2418,-1,3,12,100.0,,False,1898.912317569719
6441,2.901,27.544,205.9,415.2851,-1,1,6,87.5,,False,337.999
6442,1.841,31.184,231.33,553.2403,-1,3,7,100.0,,False,1070.999
6443,3.418,24.18,181.89,342.1493,-1,3,11,100.0,,False,558.999
6444,2.664,29.37,218.51,491.281,-1,1,3,44.0,,False,110.999
6445,2.695,33.803,250.46,587.4174,-1,2,5,92.9,,False,1830.999
6446,2.786,46.424,340.34,1145.6875,-1,3,10,100.0,,False,878.999
6447,2.62,27.039,202.52,390.2994,-1,1,4,43.6,,False,1573.999
6454,2.875,27.321,204.17,419.2564,-1,2,9,92.1,,False,715.7778888888889
6458,2.752,24.182,182.65,309.2416,-1,2,9,100.0,,False,571.999
6459,2.706,35.118,259.87,624.3933,-1,3,9,100.0,,False,864.999
6461,2.7,27.164,203.3,399.3456,-1,2,7,78.7,,False,133.999
6466,2.637,44.281,324.97,1045.6551,-1,3,10,99.2,,False,1842.999
6467,3.278,24.983,187.49,366.149,-1,3,12,100.0,,False,733.999
6471,1.751,28.744,214.49,441.329,-1,3,8,100.0,,False,879.999
6473,2.165,18.794,145.41,191.1047,-1,2,6,100.0,,False,1283.999
6474,3.165,30.949,230.13,503.3743,-1,3,10,93.7,,False,1626.999
6475,2.958,33.252,246.03,624.3554,-1,3,8,97.6,,False,500.999
6476,2.162,20.335,156.7,205.1216,-1,1,10,97.4,,False,1216.999
6479,1.486,26.183,196.5,367.2482,-1,2,11,83.4,,False,732.999
6482,3.528,32.504,240.51,621.4024,-1,3,7,97.2,,False,294.999
6484,2.457,23.906,189.96,135.1162,-1,1,7,98.7,,False,2362.999
6485,2.585,23.232,174.25,369.978,-1,1,10,98.1,,False,1009.999
6486,2.359,37.034,273.31,719.4,-1,4,4,100.0,,False,365.999
6487,2.28,30.119,223.78,518.2902,-1,2,10,100.0,,False,660.999
6490,0.443,23.478,177.36,307.1895,-1,2,5,100.0,,False,1257.999
6491,4.001,25.343,190.12,370.1811,-1,3,10,100.0,,False,750.999
6494,4.414,27.626,206.6,409.3681,-1,2,10,96.5,,False,461.442181841554
6496,2.316,29.117,217.01,460.3118,-1,1,11,77.0,,False,389.999
6498,4.343,34.022,251.91,605.4806,-1,3,7,80.9,,False,574.999
6499,2.968,35.042,258.72,697.3594,-1,2,9,100.0,,False,1575.999
6504,1.208,25.485,190.82,392.1173,-1,3,9,91.9,,False,202.999
6505,2.407,13.82,111.03,116.9264,-1,1,9,65.0,,False,32.84666233471671
6506,0.465,18.949,146.92,185.1154,-1,2,3,100.0,,False,2653.999
6507,3.922,36.793,271.4,734.5154,-1,2,10,75.3,,False,34.35066837874638
6510,1.284,31.769,235.67,555.1947,-1,3,10,100.0,,False,562.999
6511,0.692,18.662,142.66,235.0229,-1,2,5,100.0,,False,1522.999
6512,4.076,34.775,257.41,615.4627,-1,6,11,71.6,,False,510.999
6516,0.71,19.652,150.26,235.0235,-1,3,6,100.0,,False,1431.999
6517,2.295,31.788,235.48,589.0161,-1,3,8,100.0,,False,1355.999
6518,3.204,37.579,276.99,768.5577,-1,4,6,52.5,,False,2420.999
6521,3.183,35.163,259.9,659.4309,-1,3,8,100.0,,False,334.999
6522,2.571,28.386,211.48,465.1799,-1,3,12,100.0,,False,605.999
6528,1.388,32.906,247.05,369.1726,-1,2,7,94.0,,False,721.999
6529,1.422,27.746,207.45,413.1989,-1,3,6,100.0,,False,2090.999
6533,0.84,23.391,174.83,410.9044,-1,1,15,65.6,,False,40.49257207642006
6535,2.403,28.727,214.48,433.2952,-1,2,7,63.2,,False,324.999
6536,2.612,25.779,194.44,321.2785,-1,1,9,97.6,,False,1032.999
6538,1.998,18.813,144.89,206.0622,-1,3,8,100.0,,False,579.999
6541,0.322,26.532,207.07,171.0249,-1,1,6,96.7,,False,272.999
6546,3.772,39.483,290.92,792.5779,-1,2,4,42.8,,False,1174.999
6547,2.799,39.977,294.24,840.5837,-1,3,5,78.0,,False,3404.999
6551,4.229,28.251,210.95,431.3525,-1,2,11,98.7,,False,1032.2223333333334
6552,2.055,30.541,228.32,417.3368,-1,2,8,92.5,,False,306.999
6557,0.484,22.654,170.26,349.033,-1,3,9,100.0,,False,182.999
6561,4.056,23.79,180.08,293.2472,-1,2,8,97.3,,False,323.999
6563,3.317,26.845,201.08,389.2318,-1,2,8,100.0,,False,721.999
6565,0.754,27.767,206.86,465.2505,-1,3,10,100.0,,False,724.999
6566,1.264,27.803,223.95,116.9707,-1,1,11,50.2,,False,53.111222222222295
6567,2.772,21.593,160.54,485.9665,-1,1,11,96.9,,False,776.999
6568,2.579,35.66,263.41,682.3369,-1,3,10,100.0,,False,720.999
6570,2.169,24.522,184.84,325.2364,-1,2,5,82.4,,False,1058.999
6573,2.994,37.383,275.51,772.5357,-1,4,4,52.5,,False,1135.999
6575,0.515,38.955,286.71,845.4568,-1,5,4,100.0,,False,437.999
6578,0.242,40.132,294.31,1089.4216,-1,4,12,76.3,,False,733.999
6579,1.552,27.9,208.08,447.3023,-1,1,4,96.5,,False,2228.999
6582,2.195,32.714,243.03,524.3064,-1,4,9,100.0,,False,249.999
6585,0.533,24.2,199.17,94.9235,-1,1,13,96.8,,False,507.3733347427481
6588,0.551,25.062,185.76,558.976,-1,1,10,97.3,,False,468.6981577018748
6589,0.359,25.66,193.13,338.9374,-1,5,8,100.0,,False,338.999
6591,1.977,25.135,205.47,100.9999,-1,1,10,99.5,,False,564.7659874920657
6594,2.326,36.065,265.72,783.2986,-1,4,10,100.0,,False,1030.999
6596,2.656,37.854,296.43,165.0381,-1,2,7,99.1,,False,1295.999
6597,3.79,34.678,256.73,610.4114,-1,2,9,66.0,,False,783.999
6601,2.906,25.91,191.07,712.9671,-1,2,7,97.6,,False,1320.4432673797153
6602,2.654,36.963,272.47,765.3998,-1,3,9,100.0,,False,1249.999
6603,3.214,31.642,235.37,497.2966,-1,3,9,100.0,,False,927.6667777777777
6606,4.653,29.036,216.94,423.387,-1,3,4,71.8,,False,1329.999
6608,2.433,38.145,281.17,769.4154,-1,3,8,100.0,,False,306.999
6609,0.483,16.531,127.63,195.9103,-1,3,10,100.0,,False,213.999
6617,2.97,30.712,227.82,552.3138,-1,4,4,71.6,,False,1250.999
6618,4.468,33.92,249.72,815.0848,-1,5,5,100.0,,False,3431.999
6622,1.081,28.949,214.68,557.1435,-1,2,10,100.0,,False,1157.999
6624,1.528,25.781,192.81,406.1361,-1,2,3,100.0,,False,2550.999
6627,2.16,19.643,149.25,265.9804,-1,3,8,100.0,,False,1885.999
6630,0.351,24.484,188.42,212.0886,-1,2,10,100.0,,False,527.999
6635,3.019,31.231,231.66,555.3251,-1,2,8,100.0,,False,3372.999
6638,1.336,32.474,243.8,369.1717,-1,2,9,97.0,,False,1231.999
6640,3.532,23.438,174.05,514.9806,-1,3,5,82.4,,False,12.805395738710445
6642,3.425,34.23,253.42,608.4641,-1,1,4,38.6,,False,2135.999
6646,1.417,20.952,159.44,259.0441,-1,3,8,100.0,,False,996.999
6648,2.59,19.127,147.23,208.095,-1,1,8,99.1,,False,379.55566666666664
6649,0.755,26.447,198.49,367.1564,-1,2,7,99.7,,False,577.999
6651,3.371,28.864,215.47,435.3487,-1,2,8,82.4,,False,520.9508087123274
6654,1.839,32.852,243.17,613.2625,-1,3,9,100.0,,False,939.999
6657,0.638,18.323,145.38,136.0146,-1,1,11,99.4,,False,373.999
6661,1.066,32.328,239.28,613.1698,-1,2,12,100.0,,False,750.999
6662,2.204,31.119,230.65,572.9902,-1,2,11,99.8,,False,1461.4327051444081
6666,3.08,22.646,171.08,306.1378,-1,1,4,58.6,,False,3566.999
6668,2.072,29.514,219.57,492.275,-1,2,10,98.2,,False,388.999
6669,3.076,37.528,276.46,793.4669,-1,3,11,100.0,,False,1085.1112222222223
6670,0.459,20.205,166.19,94.9237,-1,1,12,66.1,,False,162.49399507230362
6671,0.388,33.706,249.79,583.2568,-1,3,8,98.8,,False,191.999
6674,2.152,30.243,225.1,485.3275,-1,2,4,96.3,,False,5834.999
6679,4.251,34.133,252.5,631.4849,-1,2,11,100.0,,False,958.7778888888888
6682,0.643,29.723,245.37,92.9274,-1,1,10,84.3,,False,1243.999
6687,2.481,23.347,205.02,59.0125,-1,1,11,98.1,,False,870.5556666666666
6688,0.782,25.542,210.77,92.9263,-1,1,11,63.2,,False,792.9746428804954
6689,2.534,28.828,214.65,476.2769,-1,2,6,86.0,,False,1331.999
6692,2.107,38.187,283.69,528.9694,-1,2,14,94.8,,False,127.78367787418006
6693,3.618,23.302,177.31,261.223,-1,2,5,89.9,,False,1850.999
6694,2.753,29.368,219.02,450.331,-1,1,11,70.9,,False,452.999
6695,2.5,35.53,262.5,675.4629,-1,3,10,100.0,,False,247.999
6698,4.291,21.92,165.79,297.0457,-1,3,9,100.0,,False,672.7778888888889
6700,3.669,28.725,215.27,385.3464,-1,2,10,98.4,,False,355.999
6706,1.454,26.874,201.3,389.269,-1,2,7,95.2,,False,436.999
6707,3.827,26.826,201.15,377.3414,-1,2,12,82.4,,False,143.5437505460286
6711,0.802,28.092,209.82,427.131,-1,4,10,100.0,,False,647.999
6713,3.301,31.789,236.48,497.2918,-1,2,6,100.0,,False,687.999
6714,2.299,27.233,204.34,370.2594,-1,2,8,100.0,,False,941.999
6715,0.968,29.031,217.45,392.1166,-1,2,7,100.0,,False,774.999
6716,2.582,38.219,281.93,738.5321,-1,3,11,100.0,,False,1119.2534248188201
6719,2.755,40.953,301.34,858.5414,-1,4,5,100.0,,False,877.999
6720,3.01,39.815,293.32,799.5646,-1,3,7,54.8,,False,1232.999
6721,2.766,27.434,204.68,441.2425,-1,3,12,100.0,,False,663.999
6725,3.406,38.088,280.63,791.5462,-1,3,6,54.8,,False,373.0001111111112
6726,1.392,24.438,184.14,328.2476,-1,1,9,98.1,,False,1382.999
6727,1.883,31.251,232.63,483.244,-1,3,10,100.0,,False,432.999
6729,2.345,24.389,183.99,318.2425,-1,1,6,98.6,,False,743.999
6730,1.156,27.749,207.87,389.2695,-1,2,9,98.1,,False,1275.999
6732,2.808,30.99,229.85,556.3068,-1,1,12,96.6,,False,545.999
6736,0.777,21.298,163.36,222.9348,-1,1,13,90.5,,False,162.41804252151394
6737,4.562,29.638,220.19,518.2538,-1,5,9,94.9,,False,212.33344444444447
6739,1.685,23.411,179.89,217.0855,-1,2,10,99.0,,False,1562.999
6741,2.404,21.929,167.09,253.2171,-1,1,7,62.4,,False,343.55566666666664
6745,1.177,18.826,146.87,169.1212,-1,1,8,87.1,,False,565.999
6747,1.622,27.975,208.77,439.2131,-1,3,5,100.0,,False,3561.999
6748,1.871,21.885,166.31,267.113,-1,2,9,100.0,,False,1746.999
6749,3.497,27.318,204.52,395.3899,-1,2,7,54.3,,False,1848.999
6751,2.323,25.079,188.55,348.2209,-1,1,11,98.6,,False,668.9647609971489
6753,3.151,25.078,189.38,311.257,-1,2,8,92.2,,False,2936.999
6755,1.139,19.69,149.86,256.9798,-1,4,8,100.0,,False,1226.999
6756,2.715,21.892,167.36,237.2212,-1,1,11,98.4,,False,1536.999
6758,4.12,36.693,271.01,687.5443,-1,3,5,98.1,,False,947.2223333333334
6762,2.424,21.128,161.88,227.1992,-1,2,8,59.8,,False,418.999
6763,0.513,25.649,192.45,369.228,-1,2,6,81.1,,False,103.999
6764,0.432,13.054,109.42,79.9556,-1,1,8,99.5,,False,722.999
6768,2.727,24.278,183.37,309.278,-1,2,7,90.1,,False,918.999
6770,2.09,37.28,274.72,779.4332,-1,3,9,100.0,,False,844.999
6773,4.108,27.712,207.52,393.3727,-1,2,5,92.4,,False,1337.999
6774,2.718,30.522,227.05,495.3695,-1,3,6,91.5,,False,1101.999
6776,1.454,28.063,208.82,486.2552,-1,2,11,100.0,,False,567.999
6777,0.46,25.261,207.94,94.9227,-1,1,10,83.4,,False,375.5556666666667
6778,0.355,28.942,214.0,632.9553,-1,3,11,100.0,,False,350.999
6783,3.025,33.692,249.46,605.4461,-1,3,4,52.5,,False,3019.999
6785,1.073,30.565,226.96,531.1644,-1,3,10,100.0,,False,667.999
6788,3.116,33.423,247.38,616.3647,-1,4,7,62.1,,False,404.999
6789,3.541,40.528,298.49,812.621,-1,3,6,98.3,,False,2387.999
6791,2.344,28.649,213.37,471.2149,-1,2,5,96.6,,False,136.999
6792,2.305,27.923,209.21,387.2529,-1,2,10,72.9,,False,268.999
6793,2.904,32.976,244.08,613.3404,-1,2,8,100.0,,False,473.999
6795,1.044,27.13,203.05,399.2208,-1,3,8,100.0,,False,3791.999
6797,1.141,22.666,182.47,116.9697,-1,1,8,50.8,,False,226.1112222222223
6803,2.299,23.062,171.25,514.9019,-1,3,7,93.7,,False,583.999
6805,0.389,16.032,131.57,96.0194,-1,1,7,93.8,,False,335.999
6806,2.842,30.334,226.44,437.3279,-1,2,5,94.2,,False,6170.999
6809,2.926,42.235,310.5,918.5893,-1,3,11,100.0,,False,659.999
6812,1.378,21.145,162.78,209.1168,-1,2,10,100.0,,False,805.999
6813,0.358,12.171,98.88,103.9182,-1,1,9,96.7,,False,458.999
6816,4.08,47.241,346.54,1090.8504,-1,6,7,100.0,,False,404.999
6818,3.151,33.106,245.24,592.3642,-1,2,3,94.6,,False,221.999
6819,2.001,25.564,191.95,361.239,-1,2,7,82.4,,False,1531.999
6820,2.971,31.455,233.99,497.386,-1,3,7,82.4,,False,945.999
6823,3.172,38.801,285.65,831.3692,-1,5,10,100.0,,False,1123.999
6826,1.861,27.529,205.79,414.322,-1,2,8,100.0,,False,1050.999
6827,1.573,21.217,161.61,254.1082,-1,2,3,100.0,,False,101.999
6828,1.398,29.668,220.86,481.2239,-1,3,6,100.0,,False,2227.999
6829,0.469,24.578,183.87,401.1269,-1,2,9,100.0,,False,1410.999
6831,0.381,29.109,216.01,541.2683,-1,2,4,100.0,,False,1524.999
6832,3.661,26.682,204.7,225.0043,-1,3,4,97.1,,False,2313.999
6835,3.251,28.304,211.18,443.2469,-1,3,7,100.0,,False,1166.999
6837,2.159,31.512,233.48,582.2714,-1,4,9,100.0,,False,1803.999
6838,3.481,24.245,182.21,351.1465,-1,3,8,100.0,,False,1048.7778888888888
6839,0.749,24.095,198.79,92.9259,-1,1,14,62.7,,False,675.11825799022
6840,2.728,25.567,192.4,340.2846,-1,1,10,98.5,,False,1371.4671733080345
6843,0.492,25.886,197.66,245.0483,-1,3,7,76.0,,False,682.999
6845,1.955,27.127,202.75,416.2485,-1,2,5,100.0,,False,592.999
6846,2.577,32.229,239.14,549.3845,-1,4,5,62.5,,False,942.999
6848,1.014,28.008,208.27,498.2903,-1,3,8,100.0,,False,2210.999
6853,2.764,36.587,269.95,724.5285,-1,5,4,53.1,,False,458.2223333333333
6857,2.93,31.636,234.66,555.3209,-1,2,5,100.0,,False,448.999
6871,1.273,22.296,168.84,289.1074,-1,2,3,99.3,,False,5380.999
6873,2.407,32.693,241.85,629.2499,-1,5,9,100.0,,False,468.999
6874,0.275,19.542,148.41,268.7991,-1,1,13,98.5,,False,393.999
6875,2.216,32.491,240.27,638.3365,-1,3,5,100.0,,False,471.999
6876,2.472,25.107,189.17,329.1858,-1,3,11,99.2,,False,720.7778888888889
6878,1.776,19.287,149.66,183.137,-1,2,4,100.0,,False,119.999
6879,0.662,28.032,230.81,94.9235,-1,1,13,99.8,,False,700.4445555555556
6882,3.929,35.878,264.96,691.46,-1,3,8,57.7,,False,740.999
6883,2.363,19.721,147.04,435.9896,-1,2,10,99.7,,False,885.6859855860321
6884,0.432,23.13,173.53,367.1033,-1,3,7,100.0,,False,856.999
6887,4.148,18.533,142.68,206.9949,-1,2,6,100.0,,False,2213.999
6888,2.258,24.057,181.74,307.2266,-1,2,10,88.3,,False,398.999
6891,1.11,22.349,171.27,227.1048,-1,2,5,100.0,,False,396.999
6894,4.405,31.968,244.25,245.0626,-1,2,7,100.0,,False,2199.999
6895,2.127,21.113,161.85,225.2201,-1,2,10,100.0,,False,385.999
6897,3.392,31.667,234.93,551.3627,-1,2,3,82.4,,False,1540.999
6898,2.955,32.791,242.91,590.3482,-1,3,9,94.3,,False,545.999
6899,2.497,31.896,236.93,525.3803,-1,4,6,65.6,,False,1318.999
6903,2.786,34.405,254.84,596.455,-1,2,5,99.2,,False,1002.999
6905,0.901,27.513,226.52,94.9238,-1,1,15,90.3,,False,782.3712044298599
6907,2.381,30.769,228.85,498.3535,-1,1,9,72.5,,False,990.999
6908,1.993,26.496,198.45,389.2714,-1,2,5,98.5,,False,1171.999
6909,2.208,24.125,181.58,337.2042,-1,2,5,100.0,,False,480.7778888888889
6910,1.298,27.588,207.08,367.1575,-1,2,9,82.0,,False,23.555666666666667
6911,2.735,27.055,202.35,407.3257,-1,4,5,93.7,,False,2994.999
6912,1.08,30.476,226.71,495.2963,-1,2,7,100.0,,False,3222.999
6914,3.324,19.083,147.76,189.1254,-1,2,8,100.0,,False,1310.999
6915,1.599,26.111,195.71,381.2632,-1,2,9,86.4,,False,521.999
6917,2.477,31.632,234.58,562.3001,-1,4,7,97.4,,False,1714.999
6918,3.449,33.897,250.75,632.3952,-1,2,5,69.6,,False,159.999
6919,4.037,30.028,224.31,427.3782,-1,2,9,98.5,,False,817.999
6921,1.683,26.455,197.9,404.2474,-1,2,9,100.0,,False,1243.999
6922,3.961,30.616,227.92,481.3914,-1,3,4,82.4,,False,1635.999
6924,2.867,34.89,258.17,625.471,-1,4,10,67.5,,False,1033.999
6927,3.56,32.995,244.65,567.2632,-1,3,11,100.0,,False,1160.999
6928,1.477,33.004,244.4,601.3601,-1,3,7,98.7,,False,146.999
6929,2.395,27.626,225.9,100.9994,-1,1,10,99.5,,False,883.999
6933,3.065,31.936,237.18,529.3548,-1,2,10,89.8,,False,740.999
6935,2.295,30.162,223.98,529.2597,-1,2,8,95.6,,False,129.999
6936,2.784,33.383,247.39,581.446,-1,2,5,68.6,,False,3154.999
6937,1.798,23.156,173.18,401.9463,-1,1,16,98.7,,False,38.19135660200709
6940,4.532,29.062,216.13,498.2607,-1,1,5,88.9,,False,424.999
6944,0.44,17.621,135.13,221.0105,-1,2,3,100.0,,False,1210.999
6946,0.249,16.497,128.43,173.0074,-1,1,12,96.8,,False,466.999
6947,0.493,26.649,204.97,215.03,-1,3,10,66.2,,False,1186.999
6948,3.39,24.97,187.92,339.2893,-1,2,11,99.0,,False,78.73946182948066
6949,4.164,23.303,174.51,387.0335,-1,3,10,100.0,,False,1240.999
6950,3.436,25.243,192.58,249.184,-1,2,9,99.8,,False,608.999
6951,2.459,30.707,227.86,546.2844,-1,2,11,100.0,,False,514.999
6953,3.206,26.976,201.8,405.2839,-1,1,3,77.7,,False,2493.999
6956,0.962,21.49,163.73,253.1428,-1,2,9,100.0,,False,538.999
6957,2.486,29.64,220.22,517.1945,-1,2,11,99.4,,False,504.999
6958,1.576,29.233,218.24,435.1817,-1,3,8,100.0,,False,493.999
6959,3.404,38.231,281.76,778.5776,-1,3,3,71.5,,False,4301.999
6962,1.588,23.46,179.23,241.1069,-1,1,10,98.5,,False,1096.999
6963,2.748,24.987,204.69,99.0796,-1,1,7,98.2,,False,862.999
6964,1.527,28.756,214.78,427.3057,-1,2,8,100.0,,False,481.999
6965,0.331,20.048,153.54,228.0827,-1,1,9,99.4,,False,805.999
6968,2.014,27.991,208.8,444.3151,-1,2,4,64.9,,False,1408.999
6971,2.408,28.774,214.93,427.2617,-1,3,14,99.6,,False,46.81724904771613
6972,2.123,28.146,209.7,464.2156,-1,3,9,100.0,,False,581.999
6973,4.881,41.597,305.76,915.6098,-1,4,3,100.0,,False,741.999
6974,2.779,24.061,181.68,311.2587,-1,2,10,63.6,,False,10.004594955330958
6979,0.508,24.986,201.2,116.9694,-1,1,10,60.9,,False,193.33344444444447
6981,3.087,32.137,238.12,583.2577,-1,3,12,100.0,,False,360.6667777777778
6985,3.762,40.804,300.08,893.5461,-1,3,3,98.4,,False,291.999
6986,4.906,34.719,256.67,651.4513,-1,3,9,100.0,,False,505.999
6989,2.691,26.51,208.6,152.9939,-1,1,11,99.3,,False,1051.999
6990,2.122,21.882,167.18,240.2314,-1,1,11,99.3,,False,1280.999
6992,3.925,27.077,202.75,393.1483,-1,3,12,96.2,,False,290.999
6994,2.533,26.993,202.09,395.3149,-1,2,7,74.2,,False,971.999
6995,3.891,27.05,203.04,366.3723,-1,2,8,98.8,,False,627.999
6999,1.469,30.654,226.84,612.3174,-1,3,3,100.0,,False,3014.999
7000,2.432,28.313,211.53,423.3111,-1,2,5,82.4,,False,991.999
7006,0.468,16.781,129.11,207.9372,-1,1,6,98.9,,False,1904.999
7008,0.357,15.008,119.05,135.0278,-1,1,10,99.1,,False,493.999
7013,2.814,23.711,350.89,299.3697,-2,3,3,99.4,,False,1355.999
7018,3.192,24.001,180.33,353.199,-1,2,10,100.0,,False,804.999
7019,1.281,32.964,243.72,645.3551,-1,3,10,100.0,,False,758.999
7021,1.316,26.991,201.46,435.3094,-1,2,10,99.1,,False,485.999
7026,0.457,24.99,186.97,400.1423,-1,2,10,98.7,,False,945.999
7027,1.717,25.985,194.24,413.1605,-1,3,6,100.0,,False,374.999
7030,3.252,38.452,283.69,732.5588,-1,2,11,100.0,,False,1025.999
7034,3.335,32.689,242.25,581.3401,-1,3,8,100.0,,False,830.999
7035,3.648,25.202,189.1,368.166,-1,3,10,100.0,,False,825.999
7040,0.75,16.734,127.42,250.8509,-1,3,4,98.6,,False,4945.999
7041,0.553,20.215,155.02,222.998,-1,1,12,96.3,,False,251.66677777777775
7043,1.343,29.361,217.98,533.182,-1,2,11,100.0,,False,604.999
7050,2.836,24.076,181.25,335.1729,-1,4,4,78.2,,False,4433.999
7051,3.87,26.054,196.93,305.247,-1,2,8,95.3,,False,1136.999
7053,2.144,27.782,207.73,412.3154,-1,3,9,98.1,,False,820.999
7054,0.545,15.139,121.47,119.0482,-1,1,5,96.7,,False,3957.999
7057,1.983,18.792,145.4,191.1047,-1,2,9,100.0,,False,892.999
7060,0.537,28.176,226.97,116.9698,-1,1,9,89.7,,False,846.999
7061,1.816,26.72,199.86,406.2267,-1,3,7,98.3,,False,488.999
7062,2.44,33.41,247.1,635.3863,-1,2,4,100.0,,False,2744.999
7065,3.183,27.205,202.61,469.2472,-1,2,9,100.0,,False,864.999
7066,2.196,26.451,216.27,100.9994,-1,1,9,99.7,,False,947.999
7068,1.831,22.265,169.15,269.1316,-1,2,3,100.0,,False,216.999
7069,0.549,23.28,175.91,305.1728,-1,2,11,100.0,,False,482.999
7072,1.916,30.651,227.34,555.2369,-1,3,8,98.6,,False,327.999
7073,1.826,26.546,198.87,387.3096,-1,2,6,99.3,,False,527.999
7074,0.491,28.097,209.65,441.1114,-1,3,8,100.0,,False,202.999
7075,2.943,35.141,259.74,659.5147,-1,3,8,82.4,,False,1024.0001111111112
7076,0.425,26.562,197.94,458.1003,-1,2,11,100.0,,False,284.999
7078,2.783,26.659,199.72,386.2762,-1,2,3,100.0,,False,1949.999
7081,1.068,29.582,221.01,425.1165,-1,3,11,100.0,,False,539.999
7083,2.144,22.357,170.16,259.1901,-1,1,12,99.0,,False,572.999
7084,2.428,25.088,190.29,281.2256,-1,2,8,98.6,,False,1031.999
7087,2.599,26.147,196.29,364.2842,-1,1,10,98.1,,False,905.999
7088,2.323,34.554,254.93,723.2774,-1,3,11,100.0,,False,1013.999
7089,1.266,20.299,154.63,253.1845,-1,2,5,96.6,,False,407.999
7091,4.335,47.024,344.96,1088.8352,-1,6,8,99.7,,False,1183.999
7092,2.368,32.816,242.69,637.3987,-1,3,7,100.0,,False,356.999
7093,2.13,13.649,111.43,99.9238,-1,2,8,64.1,,False,247.32145688765877
7097,1.076,30.538,227.79,449.1611,-1,2,13,98.7,,False,536.999
7098,0.762,26.631,204.1,229.0509,-1,2,8,96.9,,False,281.999
7100,1.945,30.275,224.68,543.2239,-1,3,5,100.0,,False,1459.999
7102,3.177,25.281,190.13,346.1434,-1,2,8,100.0,,False,146.999
7105,1.279,31.4,232.18,639.1464,-1,3,11,100.0,,False,645.999
7106,4.134,39.082,287.81,814.5411,-1,2,5,72.5,,False,1740.999
7107,1.982,35.762,263.84,727.357,-1,4,11,100.0,,False,851.999
7108,0.527,22.384,170.78,247.0936,-1,2,8,100.0,,False,942.999
7110,3.025,29.03,216.57,445.3672,-1,2,5,45.8,,False,713.999
7113,2.606,31.884,236.7,538.3168,-1,2,10,100.0,,False,533.999
7114,3.212,25.865,193.72,389.0342,-1,3,3,100.0,,False,2196.999
7115,3.946,30.955,229.93,524.3814,-1,2,8,73.2,,False,1912.7778888888888
7117,3.71,26.856,201.3,381.3351,-1,2,13,50.4,,False,680.1319753939293
7119,1.854,31.443,232.72,611.221,-1,3,10,97.6,,False,1205.999
7120,2.243,29.621,220.31,497.2316,-1,2,7,73.6,,False,115.999
7121,2.468,41.658,306.14,941.5234,-1,4,3,100.0,,False,716.999
7122,1.818,30.055,222.72,577.2742,-1,4,10,99.2,,False,127.999
7126,2.93,25.68,189.74,647.9613,-1,2,8,100.0,,False,1177.999
7127,3.504,36.137,267.25,644.4906,-1,2,9,94.7,,False,245.999
7129,2.869,28.724,214.05,462.205,-1,2,11,100.0,,False,1220.999
7130,1.064,24.841,186.36,369.1725,-1,3,10,79.0,,False,234.999
7132,2.685,31.588,234.37,551.2934,-1,1,7,55.6,,False,847.999
7133,3.302,26.231,199.12,277.2147,-1,2,3,100.0,,False,1446.999
7136,2.583,25.93,197.07,269.9841,-1,1,10,98.3,,False,545.0001111111111
7137,1.898,31.715,235.13,569.3306,-1,4,9,99.4,,False,825.999
7138,3.179,22.379,170.53,253.2504,-1,2,5,88.7,,False,61.999
7141,2.881,26.072,195.71,365.268,-1,1,5,73.6,,False,326.4393805248909
7143,1.101,32.472,240.15,637.1301,-1,2,11,100.0,,False,729.999
7144,2.438,29.458,219.55,459.2342,-1,2,8,100.0,,False,2252.3295727452355
7147,4.703,24.792,186.92,323.2953,-1,2,8,100.0,,False,611.4445555555556
7149,0.363,28.304,211.66,410.9872,-1,1,12,97.8,,False,11.555666666666667
7152,4.128,29.025,216.74,431.3888,-1,2,8,86.7,,False,478.999
7157,3.659,30.32,225.09,535.2964,-1,5,7,99.2,,False,717.999
7162,3.717,27.407,205.19,395.3895,-1,2,6,65.0,,False,1777.7778888888888
7163,4.251,39.739,292.27,879.5129,-1,2,5,100.0,,False,2278.999
7166,2.059,25.431,191.05,356.2824,-1,3,4,100.0,,False,3012.999
7169,1.675,26.215,196.45,383.2796,-1,2,9,81.7,,False,448.999
7170,2.056,24.839,184.47,516.7403,-1,5,8,100.0,,False,502.999
7176,3.425,28.169,210.7,408.3198,-1,3,6,80.3,,False,174.999
7177,1.957,26.178,195.87,401.2375,-1,2,7,71.0,,False,802.999
7182,3.649,28.32,210.74,485.2788,-1,3,8,100.0,,False,1055.5556666666666
7183,3.047,28.896,216.27,401.3399,-1,3,8,54.0,,False,872.999
7184,2.069,22.014,167.3,267.1116,-1,2,9,97.4,,False,50.999
7186,0.52,17.467,135.8,177.0561,-1,2,3,100.0,,False,1527.999
7187,2.472,32.589,241.59,572.3639,-1,4,9,87.1,,False,416.999
7189,2.583,31.487,233.4,572.3006,-1,3,8,96.6,,False,1091.999
7190,2.724,29.455,219.09,495.2752,-1,1,5,97.8,,False,366.999
7193,4.317,42.01,309.39,818.7645,-1,3,11,100.0,,False,281.999
7198,3.88,28.253,210.68,451.3438,-1,2,7,100.0,,False,1242.999
7199,1.614,37.762,277.59,911.2681,-1,3,7,100.0,,False,1373.999
7200,3.14,22.585,171.66,267.1148,-1,1,12,99.3,,False,1352.999
7205,1.276,21.849,166.96,239.1638,-1,1,10,99.2,,False,815.999
7206,0.316,18.189,140.27,201.036,-1,1,9,98.4,,False,697.999
7208,1.48,20.498,157.51,215.1633,-1,1,9,98.9,,False,721.2223333333334
7210,3.021,27.126,203.37,379.2856,-1,1,9,65.9,,False,690.999
7212,4.018,27.034,237.49,59.0128,-1,1,10,99.7,,False,345.1816602501674
7216,2.489,38.721,285.18,811.4504,-1,4,3,100.0,,False,268.999
7217,2.005,23.221,172.95,460.9467,-1,1,13,97.5,,False,41.29549968218839
7219,0.501,22.18,170.18,222.1127,-1,2,8,100.0,,False,2007.999
7222,3.032,12.117,96.6,125.8978,-1,1,6,94.1,,False,1419.3334444444445
7224,3.923,46.767,342.84,1151.7155,-1,4,8,99.9,,False,876.999
7228,3.367,26.996,202.15,393.1398,-1,4,7,100.0,,False,572.999
7229,2.866,28.719,213.72,485.2674,-1,2,7,98.4,,False,1442.999
7231,2.046,28.7,213.78,469.2808,-1,3,7,84.4,,False,445.0001111111111
7232,3.932,34.942,258.26,659.5175,-1,2,4,97.1,,False,824.999
7233,0.484,22.024,168.1,245.0476,-1,2,6,99.2,,False,326.999
7235,2.466,28.268,211.19,423.3114,-1,2,7,77.0,,False,1636.999
7238,1.917,27.347,204.51,409.2604,-1,1,4,78.0,,False,2411.999
7240,0.276,22.097,166.47,326.7585,-1,1,13,98.2,,False,402.999
7243,0.253,25.472,190.34,416.1822,-1,3,3,82.4,,False,839.999
7245,2.97,32.779,242.83,589.4481,-1,2,8,44.0,,False,403.44455555555555
7249,2.992,29.846,222.53,455.3738,-1,3,5,84.6,,False,1645.999
7251,0.748,17.754,135.28,248.8529,-1,6,6,97.7,,False,5206.999
7253,1.967,29.892,221.92,532.2579,-1,4,3,98.9,,False,2040.999
7255,1.791,23.988,180.7,330.1744,-1,2,11,99.4,,False,1504.999
7256,3.626,18.986,145.49,225.0053,-1,3,8,61.6,,False,949.999
7257,0.593,23.781,177.24,450.8966,-1,1,16,96.5,,False,271.6039223955228
7258,1.331,24.908,190.34,241.0955,-1,2,8,100.0,,False,441.999
7262,0.511,19.977,152.55,241.0149,-1,2,8,100.0,,False,347.999
7265,1.798,26.389,197.75,383.2792,-1,2,10,82.4,,False,737.999
7266,2.517,23.209,178.24,218.9842,-1,2,15,98.9,,False,197.4401577746096
7268,3.269,35.886,265.18,669.4943,-1,3,9,98.0,,False,319.889
7269,0.642,14.301,115.81,108.0191,-1,1,8,97.9,,False,1131.999
7270,2.769,33.32,248.46,457.2367,-1,2,12,99.0,,False,591.999
7272,2.582,25.941,197.19,268.9808,-1,1,10,97.8,,False,858.1112222222223
7274,3.326,39.329,289.88,774.5702,-1,3,6,82.4,,False,1790.999
7276,0.25,21.917,164.66,351.0566,-1,2,6,88.5,,False,1644.999
7277,4.499,22.145,183.1,91.0202,-1,1,5,97.0,,False,2319.999
7279,3.988,25.86,196.15,281.2485,-1,2,6,97.8,,False,2495.127544320964
7281,4.113,40.228,295.89,881.6839,-1,2,6,66.8,,False,201.999
7287,3.485,31.682,234.75,581.3744,-1,2,5,100.0,,False,3260.999
7291,4.721,29.762,222.51,415.3219,-1,2,8,97.6,,False,517.999
7293,2.43,27.931,208.46,437.2218,-1,3,7,100.0,,False,1679.851213639251
7297,2.495,26.051,194.92,401.1318,-1,3,6,52.5,,False,1067.999
7299,2.422,13.837,109.58,136.8894,-1,1,9,96.6,,False,630.3334444444445
7301,2.408,24.988,191.25,234.1237,-1,2,8,100.0,,False,260.999
7302,2.494,43.164,316.99,993.6222,-1,3,6,100.0,,False,1266.999
7303,2.146,31.246,232.36,501.3095,-1,2,5,83.8,,False,2795.999
7308,3.298,24.157,182.7,299.203,-1,2,5,100.0,,False,5.333444444444467
7314,1.072,35.666,263.08,735.3261,-1,3,7,100.0,,False,445.999
7315,2.54,29.489,219.97,447.3465,-1,2,6,75.4,,False,763.1112222222223
7316,0.456,28.134,216.42,215.0302,-1,2,11,69.9,,False,348.999
7317,1.475,21.257,161.53,267.0757,-1,2,11,100.0,,False,532.999
7319,0.92,17.088,132.74,178.9463,-1,1,4,97.1,,False,862.999
7321,3.628,32.87,243.89,551.4323,-1,3,4,52.5,,False,962.999
7326,2.579,29.312,218.05,493.2576,-1,1,8,97.9,,False,805.999
7329,2.235,25.517,191.49,367.1949,-1,2,3,64.9,,False,238.999
7330,2.01,28.347,211.0,480.2792,-1,3,11,100.0,,False,913.999
7337,3.817,32.355,239.77,580.4164,-1,3,6,97.2,,False,2767.5556666666666
7338,2.211,23.399,177.44,281.2463,-1,1,5,46.4,,False,1430.999
7340,3.684,27.071,203.73,341.3052,-1,2,10,97.3,,False,586.999
7341,1.473,27.635,205.73,477.2607,-1,2,9,100.0,,False,572.999
7342,3.481,33.709,249.32,636.3777,-1,3,8,100.0,,False,1225.999
7346,2.232,27.846,207.63,451.247,-1,2,13,100.0,,False,743.999
7347,1.943,30.552,226.62,555.3366,-1,2,7,88.1,,False,790.999
7348,0.277,27.417,201.84,790.433,-1,1,13,97.7,,False,404.999
7349,0.855,20.417,156.34,229.0519,-1,2,10,99.1,,False,217.999
7354,3.954,33.174,246.28,538.5208,-1,3,11,93.1,,False,114.68785901760441
7356,2.416,30.656,227.95,503.337,-1,2,7,63.6,,False,1439.999
7358,3.263,28.72,214.94,401.3421,-1,2,7,58.2,,False,307.999
7362,4.513,30.659,227.39,556.3038,-1,3,5,82.8,,False,181.999
7363,3.699,35.679,263.66,669.4019,-1,3,5,95.0,,False,1305.999
7364,2.777,28.683,214.3,423.3115,-1,2,6,46.2,,False,615.999
7366,2.39,23.209,174.09,368.9747,-1,1,11,99.3,,False,285.3273693401129
7369,2.401,23.701,179.28,298.2413,-1,1,7,64.5,,False,1255.6329386765397
7370,3.969,24.441,185.33,282.2521,-1,2,3,72.8,,False,3183.1112222222223
7371,4.746,35.499,262.73,618.587,-1,3,10,89.9,,False,1259.7992608630761
7372,2.047,32.768,242.52,615.2893,-1,3,7,100.0,,False,317.999
7374,0.279,27.767,204.35,810.401,-1,1,14,96.5,,False,464.999
7375,4.243,27.108,203.14,383.354,-1,2,12,75.9,,False,998.4962735446838
7376,2.938,32.705,243.33,495.2729,-1,2,11,100.0,,False,807.999
7377,2.032,27.394,204.64,424.2457,-1,3,8,100.0,,False,992.999
7379,0.835,28.116,210.19,415.2147,-1,3,6,100.0,,False,937.999
7383,2.317,22.1,168.33,255.232,-1,2,5,44.4,,False,1563.4445555555556
7387,1.588,21.227,186.35,59.0124,-1,1,8,77.5,,False,546.999
7388,2.466,19.608,151.44,197.1546,-1,2,6,100.0,,False,1318.999
7390,1.389,29.401,219.44,439.2133,-1,3,6,100.0,,False,2256.999
7394,3.195,33.734,249.93,589.3648,-1,2,8,100.0,,False,1333.999
7398,0.484,18.915,145.63,207.0647,-1,2,5,100.0,,False,4998.000111111111
7399,3.215,27.207,203.66,397.3325,-1,2,14,81.1,,False,385.5295000961172
7400,0.865,18.812,154.7,94.9229,-1,1,14,85.1,,False,310.05582393260966
7401,3.094,26.346,198.09,349.3097,-1,2,5,82.4,,False,372.999
7402,2.69,22.195,167.82,299.0739,-1,2,14,99.3,,False,230.87756440863132
7404,3.531,28.084,207.73,622.0673,-1,2,11,100.0,,False,562.999
7407,2.645,32.988,243.92,640.353,-1,2,4,100.0,,False,3506.999
7408,2.651,36.686,270.47,757.3491,-1,4,8,100.0,,False,1230.999
7409,3.864,30.722,228.33,512.3798,-1,2,5,98.2,,False,2991.999
7411,3.267,40.636,298.77,905.5122,-1,4,5,100.0,,False,86.999
7412,1.336,26.132,196.01,373.2584,-1,2,5,100.0,,False,71.999
7413,3.608,33.762,249.74,632.3963,-1,3,9,95.2,,False,171.999
7414,2.484,26.967,203.97,301.2158,-1,2,5,89.3,,False,878.999
7417,3.072,43.33,318.29,970.6223,-1,3,12,98.7,,False,510.999
7419,1.415,25.631,191.88,394.1324,-1,2,7,100.0,,False,597.999
7422,3.616,27.923,208.66,420.3251,-1,1,3,96.5,,False,2892.999
7423,2.27,25.831,191.31,580.9348,-1,1,9,98.4,,False,397.999
7424,3.145,24.818,187.15,322.2737,-1,1,10,97.3,,False,430.999
7428,2.048,34.45,254.44,683.3295,-1,4,12,100.0,,False,972.999
7431,3.265,24.944,187.81,335.1748,-1,4,12,97.0,,False,303.999
7433,0.994,12.03,96.56,116.9318,-1,1,9,43.4,,False,206.66677777777784
7434,2.52,33.326,246.94,585.4008,-1,3,7,100.0,,False,455.999
7435,4.089,39.814,293.29,801.5865,-1,1,5,44.0,,False,324.999
7442,3.905,41.671,306.66,857.6795,-1,2,7,40.2,,False,1093.666777777778
7443,2.498,37.31,275.11,753.4737,-1,3,11,55.1,,False,745.999
7447,2.211,22.605,168.83,418.9718,-1,2,8,97.3,,False,969.999
7448,1.467,25.271,189.86,355.2475,-1,2,9,84.4,,False,445.999
7449,2.529,29.195,217.14,496.2494,-1,3,5,85.1,,False,632.999
7451,3.169,24.539,185.01,323.2583,-1,2,9,100.0,,False,374.50962637228463
7453,2.987,23.984,181.25,305.0301,-1,3,4,100.0,,False,2192.999
7455,1.466,29.306,217.89,501.3113,-1,2,3,37.3,,False,1071.999
7459,1.267,28.597,213.13,460.2917,-1,2,6,100.0,,False,726.999
7465,2.476,30.427,225.62,561.2239,-1,3,8,100.0,,False,588.999
7467,3.313,27.12,205.18,299.2008,-1,2,10,100.0,,False,644.999
7468,3.05,31.468,233.57,541.3757,-1,2,10,69.6,,False,148.22233333333332
7477,3.641,25.594,190.23,502.2024,-1,2,11,100.0,,False,519.999
7478,2.405,27.367,202.41,622.9844,-1,2,12,98.0,,False,682.889
7482,1.445,28.806,213.7,548.2316,-1,4,4,100.0,,False,152.999
7483,0.671,17.334,133.42,206.9005,-1,3,7,100.0,,False,2958.999
7484,0.557,26.116,195.09,422.1281,-1,3,7,100.0,,False,769.999
7486,2.671,41.762,307.03,914.558,-1,4,10,100.0,,False,1165.999
7489,0.528,17.648,133.36,297.8356,-1,1,8,98.4,,False,1607.999
7491,2.245,27.495,205.55,413.3276,-1,3,6,55.9,,False,1217.999
7493,3.384,46.067,337.93,1088.733,-1,3,11,100.0,,False,876.999
7494,2.65,35.598,262.66,721.3727,-1,3,9,100.0,,False,1195.999
7496,3.552,25.594,192.37,351.291,-1,1,10,94.9,,False,550.999
7498,4.147,29.79,222.16,452.3805,-1,2,4,77.9,,False,372.999
7500,1.163,28.146,209.9,449.1646,-1,3,7,98.8,,False,298.999
7502,2.224,29.545,219.45,523.3107,-1,2,10,96.9,,False,361.999
7506,0.893,13.599,111.02,99.9245,-1,1,5,54.3,,False,282.2223333333334
7507,2.294,28.752,214.51,444.3121,-1,1,8,99.2,,False,1099.999
7511,1.55,31.945,236.79,573.3654,-1,3,10,97.7,,False,566.999
7514,3.589,34.178,253.15,596.3952,-1,2,8,77.4,,False,812.999
7517,0.516,16.984,133.71,149.0216,-1,1,7,97.5,,False,2901.999
7518,1.165,21.643,164.77,257.137,-1,2,8,93.4,,False,437.999
7519,3.228,35.573,281.95,141.0147,-1,1,10,99.1,,False,526.999
7524,0.607,12.253,97.22,132.8653,-1,1,8,48.0,,False,129.889
7525,2.207,25.454,188.79,544.9641,-1,1,12,97.0,,False,211.44455555555555
7526,2.009,24.708,185.49,362.1651,-1,4,3,100.0,,False,2794.999
7528,4.437,29.773,221.13,525.2461,-1,3,10,98.2,,False,340.983850110497
7531,1.27,28.698,236.89,92.9253,-1,1,14,98.3,,False,184.4038548398222
7533,0.637,31.289,238.38,259.0268,-1,2,4,87.2,,False,1305.999
7534,2.518,30.021,222.78,544.2665,-1,2,9,100.0,,False,555.999
7538,2.596,24.89,187.11,349.2043,-1,2,10,100.0,,False,872.4355304350922
7544,0.279,21.132,160.47,270.7959,-1,1,14,99.3,,False,398.999
7546,2.039,21.752,165.67,255.1951,-1,1,16,96.8,,False,532.2074294176836
7550,0.441,20.313,154.56,259.0264,-1,2,8,99.7,,False,926.999
7551,4.304,30.323,224.94,552.2737,-1,2,10,92.9,,False,899.6579431101794
7552,3.359,29.746,221.5,476.345,-1,1,7,68.8,,False,336.999
7553,3.98,34.705,256.65,642.4879,-1,3,11,98.1,,False,620.999
7555,2.705,34.415,254.67,623.4545,-1,3,8,70.1,,False,810.999
7556,1.086,18.313,141.64,192.0659,-1,1,6,97.7,,False,342.999
7559,1.921,26.721,200.04,395.28,-1,2,11,99.6,,False,370.999
7562,3.299,30.462,226.83,477.3585,-1,2,4,82.4,,False,1533.999
7566,2.399,24.789,183.66,568.977,-1,1,12,97.5,,False,883.6667777777777
7568,1.91,32.394,240.83,509.2591,-1,3,8,100.0,,False,893.999
7569,3.128,27.989,209.0,430.3018,-1,1,7,87.2,,False,1662.999
7570,2.772,31.784,236.05,529.3549,-1,1,9,68.9,,False,391.999
7571,3.818,27.661,207.01,399.3506,-1,3,5,88.1,,False,66.56946072974645
7576,2.644,22.626,171.85,271.172,-1,2,6,100.0,,False,2129.999
7579,1.564,22.978,174.07,287.2219,-1,2,11,81.5,,False,909.5282324271736
7580,3.115,22.301,168.85,290.1431,-1,4,3,70.0,,False,4083.999
7583,0.633,21.952,165.89,303.0524,-1,2,8,100.0,,False,1250.999
7587,1.88,32.262,239.57,533.295,-1,4,10,100.0,,False,577.999
7588,2.496,25.301,187.27,594.6525,-1,7,5,100.0,,False,412.999
7592,2.323,31.499,233.76,545.3715,-1,3,4,100.0,,False,275.999
7595,3.031,24.93,187.97,323.2926,-1,2,8,93.0,,False,876.999
7596,3.535,18.211,137.03,330.9779,-1,1,6,98.1,,False,980.999
7601,0.969,23.078,174.28,309.0416,-1,2,7,98.5,,False,1208.999
7602,2.83,29.775,221.97,457.3359,-1,2,4,72.6,,False,4875.999
7605,0.469,23.557,180.74,223.0193,-1,2,10,100.0,,False,105.999
7608,1.293,33.355,249.81,397.2065,-1,3,8,94.7,,False,759.999
7610,3.284,25.099,188.77,345.2035,-1,2,7,98.3,,False,578.999
7614,4.092,28.404,212.05,433.3683,-1,2,8,65.3,,False,755.999
7620,1.82,31.642,234.86,541.3752,-1,3,8,100.0,,False,467.999
7621,0.436,19.707,152.94,183.1004,-1,2,7,100.0,,False,265.999
7623,3.19,32.932,244.28,559.4009,-1,2,5,52.7,,False,1411.999
7624,4.051,28.867,215.83,413.3654,-1,2,7,100.0,,False,1363.999
7628,3.314,29.068,220.5,283.2624,-1,2,4,98.7,,False,1373.999
7629,3.477,17.647,132.77,330.9786,-1,1,17,97.6,,False,498.1916661105824
7632,1.795,26.484,198.44,385.2943,-1,2,8,71.9,,False,597.999
7633,0.276,22.973,170.71,500.6351,-1,1,14,99.0,,False,324.999
7637,3.202,39.188,288.45,842.4863,-1,3,3,62.2,,False,112.999
7639,2.544,33.469,247.74,613.4099,-1,2,11,97.2,,False,318.4308092501486
7641,1.415,21.974,166.83,273.1144,-1,3,7,99.6,,False,800.999
7642,2.656,38.989,286.95,845.4051,-1,4,10,100.0,,False,1109.999
7643,0.274,22.986,170.76,504.6299,-1,1,15,88.0,,False,217.999
7644,2.49,31.168,231.66,512.3005,-1,2,10,99.0,,False,926.999
7645,0.371,22.985,173.1,331.0579,-1,2,8,99.4,,False,308.999
7646,2.082,27.688,206.69,434.185,-1,3,8,99.9,,False,1080.999
7647,1.071,31.883,236.17,591.1738,-1,3,11,100.0,,False,807.999
7648,1.35,22.634,171.33,292.1572,-1,1,9,97.9,,False,1624.999
7649,4.363,16.898,132.0,165.0386,-1,2,5,98.5,,False,2002.999
7650,3.102,26.664,196.62,718.9554,-1,2,9,100.0,,False,531.999
7651,1.358,19.516,150.19,209.1528,-1,2,15,98.8,,False,366.2224822565989
7652,2.554,30.98,230.45,497.3463,-1,2,5,56.1,,False,360.999
7653,3.352,31.503,234.24,505.3912,-1,2,8,77.5,,False,334.999
7654,0.326,27.834,219.74,146.9808,-1,1,12,99.5,,False,272.999
7655,3.212,23.388,176.47,316.1333,-1,3,10,100.0,,False,559.999
7657,4.236,24.493,183.68,373.0447,-1,3,6,100.0,,False,1654.000111111111
7659,3.954,30.485,226.25,541.3243,-1,3,6,92.5,,False,325.999
7661,1.084,33.188,245.32,653.1631,-1,2,11,100.0,,False,738.999
7663,2.194,19.359,144.91,384.9889,-1,2,12,99.1,,False,388.1838938238296
7664,2.038,30.473,226.37,522.3212,-1,2,8,92.9,,False,799.999
7665,4.26,35.167,259.85,669.4617,-1,4,11,100.0,,False,213.999
7666,4.438,24.342,184.52,284.2668,-1,1,6,71.7,,False,1778.999
7669,2.548,25.425,190.79,367.1775,-1,2,8,98.7,,False,1589.999
7670,1.528,27.013,201.95,413.266,-1,3,9,97.1,,False,638.999
7675,3.453,27.931,208.64,425.2913,-1,2,7,99.9,,False,882.999
7676,2.802,28.213,210.88,417.301,-1,2,4,82.4,,False,2770.999
7679,1.069,37.78,278.21,815.2681,-1,5,8,100.0,,False,337.999
7680,3.13,23.152,175.29,291.1582,-1,2,9,85.6,,False,595.4445555555556
7681,0.251,23.954,179.57,376.1382,-1,2,5,71.0,,False,588.999
7682,0.472,18.158,139.87,205.0511,-1,2,4,100.0,,False,5055.999
7683,0.334,26.057,215.03,92.9259,-1,1,13,99.6,,False,935.8341654174301
7685,0.633,18.26,150.68,92.0247,-1,2,10,100.0,,False,374.999
7686,0.479,24.156,181.55,351.0163,-1,2,3,100.0,,False,2779.999
7687,1.325,25.13,188.76,357.2638,-1,2,8,78.8,,False,327.999
7692,3.575,39.171,288.32,842.4905,-1,5,7,75.1,,False,217.999
7695,2.897,27.233,203.45,422.2726,-1,1,4,96.7,,False,532.999
7696,3.27,41.703,306.66,898.5865,-1,4,6,91.4,,False,767.999
7698,2.29,13.641,111.36,99.923,-1,1,5,54.5,,False,904.999
7701,3.461,32.684,243.25,489.3043,-1,2,10,100.0,,False,781.999
7704,2.485,30.073,223.04,557.1617,-1,3,6,100.0,,False,1249.999
7705,3.791,32.614,241.58,590.3934,-1,2,3,82.4,,False,2379.999
7707,2.252,28.782,214.55,457.2421,-1,1,8,98.5,,False,128.55566666666664
7710,1.969,29.447,218.44,551.1883,-1,3,9,100.0,,False,360.999
7714,3.096,20.488,156.36,244.0314,-1,1,5,91.7,,False,1152.999
7715,3.637,29.951,223.11,470.3852,-1,1,9,82.3,,False,1124.999
7718,2.412,28.709,213.79,473.2305,-1,2,6,98.6,,False,345.999
7721,3.276,34.737,257.04,625.4707,-1,4,9,60.7,,False,804.2223333333334
7722,1.641,20.173,155.92,195.1366,-1,1,10,99.2,,False,247.999
7724,4.099,41.647,306.5,857.6798,-1,4,8,83.6,,False,261.1112222222223
7725,2.738,19.207,148.33,197.0719,-1,1,10,99.2,,False,406.999
7728,2.658,39.257,288.88,853.4543,-1,4,10,100.0,,False,991.999
7730,3.173,31.644,234.9,539.3626,-1,2,7,91.6,,False,933.999
7733,0.869,28.394,234.37,92.9257,-1,1,10,83.9,,False,525.5556666666666
7735,2.642,37.646,277.83,718.5062,-1,3,10,100.0,,False,384.999
7736,2.189,17.809,134.03,328.7625,-1,1,10,97.9,,False,279.999
7737,0.283,24.47,357.89,628.7289,-2,3,6,98.2,,False,474.999
7740,2.606,31.545,233.89,566.3117,-1,4,7,100.0,,False,590.999
7742,1.126,26.236,196.16,411.1572,-1,3,6,100.0,,False,437.999
7743,2.786,23.828,179.64,323.1846,-1,2,6,67.3,,False,910.889
7745,1.572,33.333,246.18,683.3027,-1,4,7,100.0,,False,280.999
7746,2.297,29.053,215.9,513.2175,-1,3,10,100.0,,False,285.999
7749,1.732,20.402,154.99,268.0032,-1,1,11,99.1,,False,573.999
7750,3.455,26.872,200.85,416.2903,-1,2,8,100.0,,False,370.999
7751,2.931,28.588,213.62,421.3674,-1,2,5,82.4,,False,554.999
7752,2.646,35.428,261.47,713.3231,-1,3,8,100.0,,False,947.999
7755,0.965,13.661,106.25,172.8283,-1,1,6,85.3,,False,811.999
7756,3.762,24.923,187.89,324.2899,-1,1,12,99.0,,False,488.999
7757,1.715,25.299,190.0,359.2786,-1,2,6,92.5,,False,1708.999
7760,4.154,38.452,283.29,794.5731,-1,3,5,52.5,,False,1508.999
7764,2.185,28.261,210.69,455.2643,-1,2,6,90.4,,False,1742.889
7765,2.45,33.127,251.86,271.227,-1,2,8,100.0,,False,1363.999
7766,2.682,32.561,241.02,611.323,-1,3,9,99.4,,False,643.999
7769,2.035,30.735,228.65,494.3496,-1,1,8,91.6,,False,334.999
7771,4.535,28.684,214.71,399.3751,-1,2,3,91.2,,False,643.999
7772,0.478,21.515,164.19,245.1148,-1,2,11,100.0,,False,1541.999
7774,2.479,40.223,295.7,913.466,-1,2,10,100.0,,False,1083.999
7775,2.858,23.529,174.65,523.9405,-1,1,9,98.3,,False,840.999
7780,0.906,16.082,125.5,167.0197,-1,2,6,75.3,,False,745.999
7786,2.53,33.321,246.85,590.3753,-1,2,6,100.0,,False,207.999
7787,0.476,29.161,224.34,215.0311,-1,1,9,92.3,,False,1021.999
7789,0.644,24.046,183.07,259.0274,-1,2,6,100.0,,False,1169.999
7799,1.068,25.198,207.93,92.9259,-1,1,13,99.7,,False,689.0518828958852
7800,1.331,19.071,146.59,213.0645,-1,2,8,98.8,,False,195.999
7806,2.992,31.091,230.54,562.3191,-1,2,5,46.7,,False,1725.999
7810,3.146,22.307,169.98,253.2511,-1,2,9,81.6,,False,986.999
7813,3.803,31.955,237.03,555.4324,-1,2,5,95.4,,False,1565.999
7814,0.672,26.114,215.5,92.9261,-1,1,11,84.8,,False,600.4809977153884
7818,2.544,22.004,168.23,237.22,-1,2,10,100.0,,False,460.999
7819,3.981,25.261,190.28,331.3803,-1,2,6,100.0,,False,1625.999
7821,3.034,24.908,187.58,333.2033,-1,2,6,99.5,,False,936.999
7823,1.765,30.291,225.07,517.3383,-1,3,6,64.1,,False,839.999
7828,3.867,46.675,342.37,1088.8342,-1,6,5,100.0,,False,1878.999
7832,2.053,26.231,196.83,369.2274,-1,1,5,97.0,,False,332.999
7833,1.565,18.942,141.54,404.8107,-1,1,9,97.5,,False,324.999
7834,4.349,35.052,259.18,647.4928,-1,6,9,98.5,,False,692.999
7836,2.974,34.938,258.13,672.393,-1,2,5,71.3,,False,245.999
7838,2.704,30.902,229.99,487.2621,-1,2,10,100.0,,False,462.999
7841,1.65,27.472,205.42,411.1846,-1,2,8,100.0,,False,390.999
7846,2.817,28.153,210.04,443.3017,-1,2,10,96.0,,False,981.6875874022815
7847,2.362,29.395,219.15,455.3401,-1,2,5,69.5,,False,398.999
7849,2.093,24.172,179.58,507.9587,-1,1,12,98.5,,False,187.19951088815196
7851,3.38,35.442,262.25,626.4071,-1,2,11,100.0,,False,717.999
7852,0.385,23.29,175.79,313.1997,-1,2,8,100.0,,False,290.999
7854,1.895,25.688,192.63,375.184,-1,3,6,100.0,,False,875.999
7856,2.946,28.373,209.55,668.9592,-1,1,13,97.6,,False,206.88899999999998
7857,3.543,35.927,265.53,664.4646,-1,3,6,82.8,,False,139.999
7858,3.36,31.794,235.71,569.3356,-1,3,10,98.2,,False,1084.999
7860,3.312,22.459,170.07,289.1645,-1,3,10,99.3,,False,943.999
7861,0.317,14.024,115.43,93.0329,-1,1,6,98.2,,False,2480.999
7863,3.577,33.599,249.5,535.3476,-1,3,7,99.0,,False,707.999
7864,2.738,31.177,231.88,499.3068,-1,2,7,99.4,,False,553.999
7867,1.073,28.867,214.55,509.2756,-1,3,8,100.0,,False,1485.999
7869,3.705,36.494,269.63,677.4957,-1,2,9,82.4,,False,661.999
7871,3.484,27.717,206.58,457.238,-1,2,7,82.9,,False,595.2223333333334
7872,2.902,25.327,190.32,353.2697,-1,1,6,59.2,,False,1418.5556666666666
7873,3.829,36.236,267.63,688.5499,-1,2,4,40.4,,False,742.999
7875,3.687,30.231,224.73,508.3413,-1,1,7,85.4,,False,1080.2223333333334
7876,1.022,13.667,106.22,174.8257,-1,1,9,80.4,,False,437.999
7878,2.618,30.784,232.48,315.2523,-1,2,10,100.0,,False,176.999
7883,0.635,29.966,228.28,259.027,-1,2,4,84.5,,False,1590.999
7884,1.292,24.916,187.23,353.2319,-1,2,11,93.7,,False,681.999
7885,4.506,45.248,332.2,1014.7964,-1,5,11,93.7,,False,289.44455555555555
7886,2.971,28.664,213.34,483.2508,-1,2,7,100.0,,False,670.999
7887,3.393,38.047,280.36,782.5375,-1,3,5,64.7,,False,261.999
7894,3.158,28.145,210.27,423.3457,-1,2,6,68.1,,False,999.999
7896,1.6,25.744,193.41,356.2467,-1,1,5,72.9,,False,701.999
7898,3.313,32.226,238.46,617.3638,-1,3,3,100.0,,False,461.999
7902,2.029,30.821,229.0,519.3335,-1,2,8,97.5,,False,316.999
7905,1.335,34.269,253.06,689.3819,-1,2,11,100.0,,False,654.999
7907,1.576,20.965,184.04,59.0122,-1,1,8,94.0,,False,375.999
7908,1.857,29.38,218.15,529.2182,-1,3,6,100.0,,False,1553.999
7909,3.65,30.45,226.98,460.3509,-1,1,5,41.9,,False,491.999
7911,0.377,22.162,165.22,443.8592,-1,2,13,98.9,,False,721.999
7915,4.63,25.333,190.25,359.155,-1,3,5,100.0,,False,819.999
7917,3.39,31.58,234.37,544.342,-1,2,6,98.5,,False,580.999
7919,3.718,25.154,192.65,231.2099,-1,1,10,99.5,,False,632.999
7923,3.018,23.946,180.76,313.2369,-1,1,11,66.0,,False,305.889
7926,3.067,45.347,332.76,1059.7072,-1,5,7,100.0,,False,1060.999
7927,3.29,26.641,199.92,368.3173,-1,1,16,99.3,,False,703.9470807874759
7931,0.374,16.044,127.38,134.0589,-1,1,5,97.9,,False,3018.999
7932,2.785,34.566,255.79,624.3964,-1,5,9,84.8,,False,422.999
7936,2.675,28.706,214.81,403.285,-1,2,8,82.4,,False,341.999
7940,3.73,31.599,233.25,699.0811,-1,4,6,98.5,,False,514.999
7942,3.17,40.023,294.43,875.3943,-1,5,9,100.0,,False,879.999
7944,2.448,24.719,186.36,324.255,-1,2,5,100.0,,False,4379.999
7945,2.458,23.896,177.17,548.9289,-1,2,4,100.0,,False,534.999
7948,2.076,36.979,272.54,771.3839,-1,4,10,96.7,,False,670.999
7951,0.263,27.816,206.88,495.1526,-1,3,4,92.9,,False,1067.999
7955,1.292,22.052,167.96,255.2344,-1,1,3,38.6,,False,2122.999
7957,2.436,26.218,196.47,383.2429,-1,2,3,88.6,,False,772.999
7968,2.377,37.391,276.0,712.4019,-1,3,8,100.0,,False,761.999
7970,3.067,32.385,240.62,521.3371,-1,2,7,94.7,,False,780.999
7973,3.092,27.883,212.53,255.2324,-1,2,4,100.0,,False,2720.999
7974,1.42,25.395,190.07,396.1508,-1,2,4,97.1,,False,1386.999
7978,2.727,28.452,215.95,279.2306,-1,2,5,99.2,,False,1756.999
7980,1.815,28.655,213.35,477.3213,-1,3,7,92.8,,False,311.999
7983,1.016,13.652,106.27,170.8309,-1,1,5,84.5,,False,821.999
7984,0.275,20.973,159.38,266.8015,-1,1,14,96.7,,False,320.999
7985,3.545,25.69,192.96,358.2378,-1,1,11,98.8,,False,571.999
7988,2.887,31.716,235.13,568.3332,-1,3,9,96.5,,False,1180.999
7992,2.618,26.04,195.48,364.2866,-1,1,6,90.9,,False,966.999
7996,4.378,31.525,234.11,530.4306,-1,2,4,90.2,,False,253.999
7997,3.623,26.053,195.76,355.3208,-1,2,13,91.5,,False,296.1160734618934
7999,2.889,19.887,152.2,231.0565,-1,3,5,82.4,,False,1015.999
8005,2.596,27.227,205.0,337.1833,-1,2,7,70.7,,False,214.44455555555558
8008,2.339,21.014,161.16,223.203,-1,1,6,56.4,,False,357.999
8009,3.613,26.427,198.34,367.3209,-1,2,5,70.4,,False,1299.999
8010,1.823,20.128,155.09,205.1585,-1,1,13,99.5,,False,484.9075580074789
8012,0.375,28.245,210.37,470.2619,-1,1,3,96.5,,False,232.999
8013,2.598,24.573,185.29,322.2438,-1,1,6,94.2,,False,329.999
8016,0.327,22.69,179.02,146.9804,-1,1,10,83.6,,False,434.999
8017,3.221,25.809,192.19,469.0373,-1,3,7,100.0,,False,1172.999
8018,1.261,22.027,166.85,287.0574,-1,1,5,97.3,,False,525.999
8019,2.44,26.435,200.53,281.2255,-1,2,8,93.3,,False,636.999
8021,3.209,32.802,243.36,554.3486,-1,2,6,67.1,,False,12.666777777777781
8022,1.824,30.311,225.46,497.2923,-1,3,7,79.6,,False,305.999
8023,2.682,29.697,221.62,441.3022,-1,2,8,95.4,,False,655.999
8026,4.32,36.302,268.13,686.5177,-1,1,8,96.5,,False,976.999
8030,2.64,32.927,257.77,165.0393,-1,2,7,98.8,,False,841.999
8031,2.184,28.133,209.65,461.3266,-1,3,5,98.0,,False,1974.999
8032,0.485,26.352,201.24,245.0464,-1,1,6,97.5,,False,691.999
8033,2.037,23.795,179.62,313.1657,-1,2,3,82.4,,False,844.999
8037,1.189,25.449,190.55,392.1171,-1,2,7,84.9,,False,620.999
8039,2.329,33.29,246.17,641.2742,-1,2,11,98.8,,False,852.999
8040,2.961,27.128,203.0,401.2922,-1,2,3,82.4,,False,405.999
8041,3.041,27.716,206.57,457.2373,-1,2,7,100.0,,False,122.86660668552508
8042,2.474,19.413,148.62,229.0826,-1,2,11,98.8,,False,690.999
8044,2.031,27.754,207.05,444.2128,-1,2,8,100.0,,False,445.999
8048,0.759,28.902,215.4,461.2907,-1,3,6,100.0,,False,98.999
8049,3.591,26.867,200.44,441.2513,-1,2,9,99.7,,False,801.999
8050,2.779,24.051,178.69,505.9756,-1,1,10,95.5,,False,675.999
8052,3.065,28.245,211.63,387.3264,-1,2,10,99.8,,False,226.999
8054,1.073,24.49,183.72,369.1727,-1,2,8,98.0,,False,1340.999
8055,1.558,27.658,206.16,457.1801,-1,4,6,100.0,,False,3591.999
8058,3.704,28.013,209.75,395.3166,-1,2,7,81.2,,False,595.999
8059,1.966,31.311,232.36,546.3488,-1,2,7,98.2,,False,427.999
8060,4.496,28.264,210.45,475.247,-1,1,6,73.2,,False,616.999
8062,2.866,33.818,250.35,611.3494,-1,2,10,100.0,,False,1061.999
8064,2.828,27.453,205.08,424.2831,-1,2,3,79.7,,False,1109.999
8065,2.796,28.153,209.47,487.0556,-1,3,9,100.0,,False,427.999
8066,1.902,29.101,216.05,531.2478,-1,3,9,95.1,,False,388.999
8068,3.979,30.317,225.46,500.3782,-1,2,5,68.9,,False,4363.3334444444445
8069,2.252,37.328,275.23,753.4729,-1,3,9,68.5,,False,619.999
8070,1.753,26.54,198.69,395.2396,-1,2,8,72.0,,False,170.999
8071,1.151,22.298,167.75,338.9362,-1,2,7,100.0,,False,1596.999
8074,3.207,23.997,181.6,295.2627,-1,2,6,100.0,,False,132.889
8075,2.504,24.968,188.55,311.2204,-1,1,5,98.5,,False,885.999
8080,1.153,33.545,251.87,369.1746,-1,2,6,82.8,,False,1008.999
8081,3.859,40.619,298.94,850.5995,-1,2,5,41.5,,False,848.999
8083,3.278,22.945,175.6,233.2281,-1,2,3,100.0,,False,2018.999
8085,2.436,27.951,208.85,421.151,-1,2,7,100.0,,False,1209.999
8086,1.492,39.252,288.53,919.6091,-1,4,5,100.0,,False,886.999
8089,1.729,20.591,157.76,227.1171,-1,2,6,100.0,,False,410.999
8093,2.034,31.043,230.39,543.3556,-1,2,6,69.1,,False,408.999
8095,3.708,29.236,217.93,458.3639,-1,1,10,98.6,,False,691.999
8098,2.495,27.821,205.67,639.012,-1,2,11,97.6,,False,529.6667777777777
8099,2.726,30.902,229.69,510.3909,-1,1,5,44.0,,False,1711.999
8102,0.258,17.222,137.24,129.0175,-1,2,9,95.1,,False,441.999
8103,0.613,26.43,197.37,427.2182,-1,3,8,100.0,,False,228.999
8104,2.347,30.415,225.78,537.3259,-1,3,9,100.0,,False,548.999
8109,1.17,17.988,137.49,234.9543,-1,3,6,100.0,,False,294.999
8110,1.608,33.073,245.56,537.2515,-1,3,7,100.0,,False,542.999
8111,3.895,40.132,295.65,801.5757,-1,3,4,52.5,,False,1372.999
8113,1.128,33.185,246.01,573.3333,-1,2,9,100.0,,False,582.999
8114,2.514,30.086,223.32,537.224,-1,2,13,98.3,,False,584.999
8116,3.483,29.0,216.16,458.3317,-1,1,8,97.7,,False,1049.999
8120,4.198,34.761,257.51,592.5697,-1,3,11,98.7,,False,901.8953446713876
8123,0.391,18.599,142.3,230.9945,-1,1,4,87.9,,False,345.999
8128,2.35,30.593,227.04,542.2916,-1,2,8,100.0,,False,1558.999
8131,3.401,32.058,238.14,525.4171,-1,3,7,52.5,,False,836.999
8132,3.421,26.597,198.78,416.164,-1,3,11,100.0,,False,379.999
8135,1.615,22.965,173.48,307.062,-1,2,7,100.0,,False,411.999
8136,1.191,30.45,226.15,527.1634,-1,2,8,100.0,,False,482.999
8141,1.635,20.957,160.13,239.0912,-1,2,6,100.0,,False,1526.999
8142,1.289,38.026,280.01,817.4032,-1,4,8,100.0,,False,384.999
8143,1.893,24.545,184.79,335.2231,-1,2,9,82.4,,False,963.718375982754
8144,2.076,27.652,206.36,437.1491,-1,3,6,97.0,,False,477.999
8148,2.842,32.353,240.23,534.2636,-1,3,11,100.0,,False,994.999
8150,1.439,26.729,199.24,454.1527,-1,2,8,100.0,,False,857.999
8151,1.916,22.415,171.15,243.194,-1,2,5,100.0,,False,90.999
8155,0.551,29.807,229.33,215.0306,-1,1,8,91.6,,False,883.999
8157,3.604,28.312,211.47,427.3089,-1,2,3,97.4,,False,3774.999
8158,0.715,30.559,252.29,92.9252,-1,1,10,97.1,,False,1057.999
8160,2.207,33.681,266.92,141.0144,-1,1,15,99.3,,False,52.33483280821099
8168,0.585,16.415,128.87,154.0602,-1,1,13,92.2,,False,470.999
8172,1.355,22.633,172.14,263.2006,-1,1,11,98.2,,False,408.999
8174,1.354,37.678,277.3,843.344,-1,3,6,100.0,,False,509.999
8180,3.67,29.149,216.58,515.2736,-1,3,10,100.0,,False,517.999
8189,0.314,24.292,355.21,639.7218,-2,3,7,99.0,,False,459.999
8192,1.25,28.985,215.59,495.2971,-1,2,11,96.7,,False,251.999
8194,0.559,25.173,186.95,516.8698,-1,1,16,97.5,,False,64.86959978019206
8196,1.07,27.523,206.18,389.1404,-1,2,11,100.0,,False,380.999
8197,2.403,25.2,189.68,338.2662,-1,1,8,97.1,,False,1299.5556666666666
8198,1.766,28.981,216.12,451.3063,-1,2,8,87.5,,False,392.999
8199,1.162,27.315,203.79,441.2134,-1,2,5,100.0,,False,264.999
8201,1.488,31.164,231.03,569.3017,-1,3,11,98.2,,False,363.999
8206,2.855,26.605,209.34,152.9933,-1,1,10,99.5,,False,750.999
8208,2.637,33.437,247.46,618.3442,-1,2,5,94.6,,False,405.999
8210,3.011,27.843,207.75,441.1061,-1,4,7,96.9,,False,447.999
8211,3.191,28.672,214.04,435.3118,-1,2,4,90.3,,False,1484.999
8212,3.537,26.707,197.83,579.0603,-1,2,10,99.1,,False,551.999
8214,0.273,24.309,192.49,141.0144,-1,1,6,48.0,,False,1257.999
8216,0.345,23.493,188.84,118.9671,-1,1,10,50.5,,False,270.7778888888889
8217,2.264,35.867,264.87,691.4583,-1,2,9,97.3,,False,263.999
8218,0.711,20.552,156.1,269.0789,-1,2,3,100.0,,False,1987.999
8219,1.976,32.795,244.33,471.9926,-1,1,9,96.5,,False,394.38589582664133
8222,2.889,29.172,218.38,399.3262,-1,2,6,78.3,,False,348.999
8227,1.764,26.2,196.52,373.2947,-1,2,5,83.0,,False,273.999
8230,3.487,34.651,256.08,663.407,-1,3,6,100.0,,False,316.999
8238,1.46,28.362,210.98,492.2704,-1,3,8,97.2,,False,835.999
8239,2.984,34.147,253.36,554.3266,-1,2,5,74.0,,False,1381.999
8240,1.897,29.737,221.72,455.3165,-1,2,3,44.2,,False,932.999
8241,0.364,24.629,183.66,444.9844,-1,3,10,99.3,,False,174.999
8243,2.826,29.261,218.22,449.3309,-1,2,3,37.2,,False,1519.999
8244,0.49,22.336,179.8,116.9714,-1,1,5,51.9,,False,387.1112222222223
8253,2.688,28.491,212.76,430.3001,-1,1,9,83.6,,False,999.999
8255,0.484,27.046,206.55,245.0464,-1,1,5,84.9,,False,610.999
8258,3.946,29.305,218.84,431.3877,-1,2,7,77.5,,False,112.999
8259,1.555,22.639,171.61,283.1895,-1,2,12,72.7,,False,33.55566666666664
8264,2.356,29.521,219.54,499.2484,-1,1,6,96.9,,False,811.999
8268,2.753,43.161,316.89,1001.573,-1,3,6,100.0,,False,1002.999
8270,2.502,30.608,227.64,499.3995,-1,2,7,76.6,,False,533.999
8271,2.24,29.948,222.48,520.2697,-1,1,8,97.9,,False,501.999
8272,2.562,30.711,227.81,553.3192,-1,3,5,100.0,,False,1844.999
8273,2.589,38.099,278.99,1230.9359,-1,2,6,94.8,,False,362.999
8274,4.462,29.73,220.84,522.2602,-1,1,5,67.9,,False,355.999
8283,1.817,26.655,199.01,430.2958,-1,2,7,82.4,,False,1128.999
8285,3.309,39.995,294.47,823.5679,-1,3,6,77.3,,False,785.999
8287,0.327,25.455,210.04,92.9265,-1,1,8,87.0,,False,327.4079810714061
8290,3.284,28.1,209.79,432.3197,-1,1,4,48.4,,False,1202.999
8295,1.791,24.643,185.45,339.2517,-1,2,6,82.0,,False,618.999
8296,2.054,27.088,202.13,438.199,-1,3,3,100.0,,False,1393.999
8298,0.3,30.322,237.13,167.0177,-1,2,6,72.6,,False,633.999
8299,1.826,25.193,189.2,359.2817,-1,2,3,97.2,,False,2220.999
8300,4.506,33.662,249.64,565.4489,-1,1,3,38.7,,False,934.999
8301,3.22,39.11,288.59,727.5874,-1,3,8,100.0,,False,251.999
8311,3.724,25.787,193.78,353.3051,-1,2,12,99.7,,False,1611.8581127346652
8313,0.62,16.589,129.69,163.0377,-1,2,3,100.0,,False,795.999
8314,2.302,28.781,212.45,688.9418,-1,3,12,100.0,,False,34.09735632708703
8315,1.321,18.429,140.31,253.9627,-1,1,9,99.2,,False,847.999
8316,2.572,32.69,243.2,496.305,-1,2,9,100.0,,False,896.999
8317,3.763,39.814,292.9,869.5321,-1,3,4,93.3,,False,1537.999
8319,2.515,28.406,211.87,447.3134,-1,2,5,82.9,,False,1294.999
8321,1.763,21.657,165.34,243.1946,-1,1,10,99.0,,False,561.7778888888889
8322,1.459,30.824,228.14,610.2525,-1,4,10,100.0,,False,609.999
8324,3.353,27.412,205.06,405.2472,-1,2,9,93.9,,False,806.999
8325,2.175,19.487,151.11,185.1547,-1,1,4,98.0,,False,418.999
8326,2.49,41.309,308.17,457.2353,-1,2,7,89.8,,False,979.999
8328,1.602,21.195,162.89,215.1638,-1,1,7,98.9,,False,808.999
8329,2.207,26.258,196.92,375.2529,-1,2,9,85.5,,False,327.999
8331,3.565,24.802,188.9,257.2256,-1,1,11,88.6,,False,701.999
8333,1.743,24.674,185.64,341.1511,-1,2,10,98.4,,False,308.889
8335,1.133,24.802,185.91,378.102,-1,2,5,100.0,,False,824.999
8339,2.196,21.93,167.03,255.1938,-1,1,8,93.2,,False,951.1112222222222
8352,1.471,29.304,218.04,489.3066,-1,2,11,83.3,,False,656.999
8353,2.653,37.875,278.98,801.3775,-1,4,6,100.0,,False,1199.999
8354,3.083,24.814,186.78,337.275,-1,2,8,73.5,,False,929.5192432016302
8355,1.1,22.443,170.06,285.0755,-1,2,3,100.0,,False,707.999
8356,2.49,41.077,301.82,946.5259,-1,3,11,100.0,,False,786.999
8361,0.453,19.448,148.97,227.0001,-1,1,5,93.5,,False,506.999
8363,3.145,36.329,267.96,739.4079,-1,2,3,90.5,,False,242.999
8366,3.007,32.232,238.97,569.3376,-1,4,6,64.6,,False,270.999
8368,4.117,32.76,243.67,500.3828,-1,2,6,50.2,,False,681.999
8370,2.219,23.835,183.46,211.1311,-1,2,6,100.0,,False,510.999
8372,3.769,41.663,306.53,869.6818,-1,6,4,64.1,,False,2021.999
8373,2.646,26.136,195.86,383.2428,-1,4,7,98.2,,False,501.999
8375,0.55,19.958,152.67,233.0801,-1,2,3,100.0,,False,676.999
8377,2.37,26.984,202.02,395.315,-1,2,5,66.3,,False,914.999
8380,2.716,27.247,203.43,431.3161,-1,2,5,100.0,,False,1604.999
8382,3.437,31.104,231.29,503.3737,-1,3,7,62.5,,False,582.999
8383,2.69,28.998,214.06,689.01,-1,2,12,97.6,,False,575.2223333333334
8384,3.242,26.774,201.07,361.3102,-1,2,5,98.4,,False,488.999
8388,1.876,24.391,183.8,327.2193,-1,2,8,96.7,,False,660.2176853354188
8392,0.189,27.12,201.35,526.9678,-1,1,13,98.0,,False,30.44455555555561
8394,2.054,27.907,208.15,447.3103,-1,2,8,89.6,,False,642.999
8395,1.998,22.289,170.12,245.1896,-1,2,7,100.0,,False,785.999
8397,1.075,16.121,125.74,167.9834,-1,1,6,98.9,,False,870.999
8398,2.352,28.648,213.5,460.245,-1,3,7,82.4,,False,649.999
8401,0.525,29.433,242.39,94.9231,-1,1,9,82.0,,False,475.999
8403,3.958,32.685,242.19,583.4623,-1,3,3,52.5,,False,1827.999
8404,1.579,25.362,190.46,360.2206,-1,2,6,99.0,,False,423.999
8408,1.468,20.913,159.72,241.096,-1,2,10,99.1,,False,644.999
8413,3.086,26.771,200.85,371.2615,-1,2,7,100.0,,False,562.999
8414,4.701,27.413,205.04,407.3528,-1,2,5,95.6,,False,706.999
8415,2.621,22.606,170.77,306.1367,-1,3,3,80.1,,False,1189.999
8423,0.739,26.024,194.78,397.1784,-1,3,10,98.5,,False,637.999
8425,2.898,25.76,193.59,353.269,-1,1,6,64.3,,False,984.999
8427,2.957,29.941,223.03,471.3485,-1,2,6,84.5,,False,2480.777888888889
8432,2.952,34.293,253.5,654.3803,-1,3,8,100.0,,False,510.999
8433,2.935,28.5,212.77,434.3358,-1,1,7,51.7,,False,1250.999
8434,2.372,28.218,210.87,420.2429,-1,2,9,99.7,,False,823.999
8439,2.406,29.426,218.93,491.2409,-1,2,7,62.6,,False,1391.553170672155
8440,1.358,31.222,231.05,615.1851,-1,2,12,100.0,,False,357.999
8442,2.848,27.256,203.87,407.318,-1,2,6,61.3,,False,899.999
8443,3.514,31.616,234.45,562.3524,-1,2,8,100.0,,False,782.5556666666666
8447,4.139,34.224,253.38,609.4751,-1,3,4,70.3,,False,2321.781737790773
8450,2.589,21.673,161.18,481.9723,-1,1,10,97.0,,False,720.999
8452,3.317,33.535,248.09,628.3701,-1,3,8,69.5,,False,629.999
8455,3.093,29.452,220.59,393.3007,-1,2,6,82.4,,False,1126.999
8459,0.367,21.145,162.09,225.0646,-1,2,5,100.0,,False,665.999
8462,0.495,32.409,249.39,215.0291,-1,1,7,77.0,,False,891.999
8468,3.594,24.442,184.46,315.1948,-1,2,6,100.0,,False,298.999
8473,2.987,34.962,258.53,646.4374,-1,2,6,97.6,,False,738.999
8477,3.898,30.8,228.66,534.3579,-1,2,7,100.0,,False,1065.999
8479,2.939,36.011,265.89,698.5146,-1,2,5,44.0,,False,1749.999
8481,2.49,27.689,206.62,439.1628,-1,3,9,100.0,,False,473.999
8483,1.725,14.722,117.75,123.0069,-1,1,9,99.6,,False,836.999
8484,1.686,29.606,220.0,514.3131,-1,3,5,100.0,,False,57.999
8489,0.739,26.868,199.05,574.9112,-1,1,15,95.9,,False,178.88899999999998
8490,1.486,29.344,218.08,511.1866,-1,3,14,100.0,,False,340.1461805825727
8494,0.276,22.895,173.91,270.7954,-1,1,12,99.4,,False,331.999
8498,2.403,28.188,212.07,345.2788,-1,1,8,96.3,,False,476.999
8500,0.446,18.026,138.57,211.9998,-1,2,7,98.4,,False,170.999
8501,1.721,27.647,206.18,449.254,-1,3,8,99.0,,False,490.999
8508,1.737,31.244,231.62,569.2452,-1,3,7,100.0,,False,335.55566666666664
8513,0.438,18.224,139.29,234.9722,-1,1,6,97.3,,False,1259.999
8514,1.573,29.46,218.89,517.2448,-1,3,3,100.0,,False,172.999
8515,2.193,18.679,139.79,384.9882,-1,2,9,92.4,,False,484.6667777777778
8517,3.003,26.411,198.34,361.3099,-1,2,5,94.1,,False,488.999
8519,3.195,25.502,191.86,342.2062,-1,2,7,100.0,,False,714.6667777777777
8522,1.107,27.147,224.05,92.9259,-1,1,11,79.5,,False,155.95258442572157
8526,2.564,32.585,243.39,431.2192,-1,2,10,98.9,,False,745.999
8535,2.845,34.77,257.38,614.3746,-1,3,9,100.0,,False,198.999
8536,2.388,31.992,238.22,479.285,-1,3,10,100.0,,False,150.999
8540,0.824,23.941,179.81,357.0735,-1,3,3,100.0,,False,4246.999
8541,3.985,33.279,246.48,596.4373,-1,2,8,100.0,,False,732.999
8542,3.959,33.376,247.29,587.4331,-1,2,4,56.0,,False,1737.999
8545,3.932,34.07,250.93,797.1157,-1,3,8,100.0,,False,1169.999
8546,4.078,30.561,227.23,502.401,-1,3,3,73.2,,False,1055.1112222222223
8547,2.287,25.297,190.3,343.2272,-1,2,6,87.9,,False,1291.999
8550,4.266,12.033,96.75,114.9333,-1,1,4,41.4,,False,1245.999
8552,2.677,34.316,254.15,599.4171,-1,2,9,98.6,,False,791.999
8553,0.524,33.14,255.03,215.0309,-1,1,8,64.9,,False,718.999
8554,1.831,26.632,199.34,397.2941,-1,2,8,70.6,,False,841.999
8556,2.216,20.292,151.75,397.9528,-1,3,3,100.0,,False,163.999
8558,2.951,40.09,295.23,820.5704,-1,3,4,52.5,,False,1156.999
8560,4.614,28.881,215.91,415.3214,-1,2,10,82.1,,False,310.00053472214364
8561,2.567,33.932,251.07,624.3969,-1,4,9,97.6,,False,390.999
8562,3.635,31.585,234.93,498.4251,-1,2,6,50.1,,False,812.999
8564,2.586,23.175,177.94,219.9869,-1,1,9,99.4,,False,687.5556666666666
8566,4.925,25.276,190.26,337.3122,-1,2,12,100.0,,False,133.5596376008043
8567,1.083,29.306,217.91,501.1032,-1,3,10,100.0,,False,285.999
8568,2.724,40.94,301.18,876.5413,-1,4,9,97.8,,False,85.22233333333332
8572,2.136,27.101,203.45,365.1963,-1,2,4,100.0,,False,749.999
8576,2.971,38.947,287.08,770.5383,-1,3,9,100.0,,False,615.999
8580,2.987,24.041,179.81,403.0655,-1,3,4,100.0,,False,1495.999
8583,4.384,39.37,289.74,851.5219,-1,2,3,62.7,,False,3100.999
8584,3.592,41.267,303.31,931.5285,-1,4,3,97.8,,False,1003.999
8586,2.01,30.807,228.39,567.2589,-1,3,10,97.0,,False,554.999
8587,2.32,23.368,173.46,522.9265,-1,1,10,99.2,,False,204.0724303563403
8588,3.419,34.083,252.36,606.4489,-1,1,6,62.0,,False,868.999
8589,2.627,29.361,218.39,494.2958,-1,1,5,62.1,,False,1218.999
8591,2.969,26.321,197.31,379.2473,-1,2,15,94.6,,False,121.61815891179151
8594,2.458,27.122,202.91,404.2812,-1,2,8,97.8,,False,938.999
8595,2.666,31.686,235.36,526.3164,-1,2,12,98.9,,False,571.999
8596,1.562,28.076,209.42,446.2921,-1,1,9,99.1,,False,310.999
8600,2.502,13.827,109.51,136.89,-1,1,12,74.9,,False,16.7349801257468
8601,3.082,26.934,201.41,409.1436,-1,1,11,78.5,,False,576.999
8602,0.372,20.048,152.4,264.0476,-1,2,6,100.0,,False,504.999
8604,2.015,22.154,172.95,168.9864,-1,1,9,99.5,,False,693.999
8607,3.278,33.646,248.94,626.371,-1,2,6,62.1,,False,1119.999
8610,3.302,40.325,296.75,853.528,-1,3,5,100.0,,False,433.999
8611,2.275,22.221,168.94,265.1791,-1,2,7,97.0,,False,744.999
8612,1.518,28.288,210.5,486.2539,-1,2,8,100.0,,False,252.999
8613,2.602,28.5,210.47,672.9808,-1,2,10,98.9,,False,754.999
8614,3.661,26.886,200.51,447.0638,-1,3,4,100.0,,False,1117.999
8615,2.52,33.199,245.39,655.2666,-1,3,12,100.0,,False,318.999
8619,1.829,29.798,221.0,555.2913,-1,2,5,89.9,,False,382.999
8622,1.265,23.355,176.86,290.1747,-1,2,8,100.0,,False,301.999
8623,1.918,27.12,202.4,436.1833,-1,2,4,100.0,,False,1455.999
8624,3.5,19.866,149.54,330.9776,-1,1,9,98.9,,False,783.999
8626,3.16,38.037,280.25,790.5413,-1,3,4,53.5,,False,1322.999
8627,3.699,31.989,237.42,544.4079,-1,2,6,90.3,,False,85.999
8628,3.186,33.036,245.86,490.3314,-1,2,6,100.0,,False,904.999
8629,3.59,29.405,219.16,460.3494,-1,1,7,49.8,,False,1185.999
8634,0.671,17.291,133.17,204.9035,-1,1,6,98.2,,False,2386.999
8635,2.672,26.5,201.1,279.2302,-1,1,7,97.4,,False,769.999
8636,4.223,32.659,242.59,526.4559,-1,1,8,52.6,,False,264.999
8640,0.531,31.403,241.63,215.031,-1,1,9,71.2,,False,349.999
8641,3.38,41.264,303.59,871.6296,-1,2,6,43.1,,False,1465.999
8644,4.015,32.406,240.38,556.4423,-1,2,6,91.9,,False,1830.4445555555556
8645,3.071,35.326,260.9,686.4083,-1,4,6,70.8,,False,560.999
8650,1.338,29.381,217.91,555.163,-1,2,8,100.0,,False,788.999
8651,1.708,34.382,253.75,711.3361,-1,3,3,100.0,,False,1559.999
8657,1.581,21.367,162.91,249.2234,-1,1,3,97.3,,False,1875.999
8659,4.444,31.799,235.81,562.3892,-1,2,10,99.1,,False,193.999
8661,0.276,23.636,175.12,564.5863,-1,1,14,93.8,,False,332.999
8669,3.839,31.183,232.0,493.534,-1,4,10,88.7,,False,180.999
8678,1.432,26.891,200.49,451.1812,-1,3,5,98.4,,False,450.999
8682,0.594,32.378,267.35,92.9254,-1,1,9,85.7,,False,995.7778888888889
8685,2.534,26.068,196.34,333.2781,-1,2,8,82.4,,False,692.999
8686,2.398,20.52,153.01,435.9889,-1,2,11,99.6,,False,474.7778888888889
8687,3.104,39.166,288.57,790.5663,-1,3,3,52.5,,False,1166.999
8688,2.486,40.761,299.55,937.4671,-1,4,9,100.0,,False,794.999
8689,2.816,24.057,181.6,313.2736,-1,2,7,100.0,,False,339.55566666666664
8690,2.851,29.746,221.91,445.3696,-1,2,6,54.5,,False,678.999
8692,3.451,32.314,240.68,475.2881,-1,2,10,100.0,,False,207.999
8695,2.161,27.904,208.1,449.253,-1,2,5,98.1,,False,389.999
8700,2.29,30.568,226.75,553.2168,-1,2,8,99.3,,False,216.999
8701,3.002,25.895,194.19,375.2295,-1,1,10,99.0,,False,601.999
8706,1.516,30.014,222.46,572.3269,-1,4,4,100.0,,False,327.999
8712,3.561,23.429,177.5,287.2011,-1,2,11,99.2,,False,633.999
8713,3.13,28.898,215.53,449.1921,-1,4,4,100.0,,False,2968.999
8716,0.933,28.951,238.4,94.9234,-1,1,9,98.6,,False,275.999
8717,0.217,26.835,199.01,550.9291,-1,1,9,96.8,,False,5.256199781796113
8718,2.855,31.437,233.25,550.3162,-1,2,4,75.3,,False,135.999
8720,4.268,33.532,248.33,599.4912,-1,2,7,99.9,,False,714.999
8722,4.151,36.783,271.47,716.6676,-1,3,5,73.3,,False,1142.999
8726,2.781,36.907,272.2,743.5463,-1,2,6,40.3,,False,215.999
8727,1.876,31.499,233.27,595.3885,-1,3,4,97.5,,False,1347.999
8728,1.384,19.655,149.54,258.9785,-1,1,8,98.7,,False,1062.999
8730,0.941,26.042,194.44,428.1776,-1,3,3,100.0,,False,444.999
8734,3.484,46.871,343.84,1086.8178,-1,5,9,95.6,,False,275.999
8736,0.389,24.039,179.53,421.9984,-1,2,7,97.8,,False,615.999
8737,3.774,33.81,250.46,591.592,-1,4,6,75.7,,False,1999.999
8739,3.108,45.836,336.23,1089.7164,-1,3,9,100.0,,False,1053.999
8740,2.228,28.76,214.67,437.3257,-1,2,3,65.5,,False,2251.999
8742,2.439,27.603,206.12,429.2052,-1,2,5,100.0,,False,307.999
8746,2.389,37.559,278.55,569.9815,-1,1,8,96.5,,False,876.7778888888889
8748,1.374,38.993,292.92,367.1586,-1,3,5,100.0,,False,158.999
8749,2.96,30.266,225.64,457.3335,-1,2,4,100.0,,False,2357.999
8752,2.263,26.901,201.25,404.2473,-1,2,8,100.0,,False,582.999
8753,0.821,27.167,203.23,405.2641,-1,2,7,100.0,,False,337.999
8755,1.527,30.083,222.88,580.2982,-1,3,3,100.0,,False,1282.999
8760,1.18,20.308,153.98,278.9987,-1,1,7,94.6,,False,294.999
8762,2.324,28.767,215.55,387.2541,-1,2,8,89.8,,False,575.999
8765,2.49,40.514,298.11,862.5265,-1,3,8,99.9,,False,851.999
8766,4.898,42.708,314.0,911.5745,-1,2,5,100.0,,False,3681.999
8768,2.427,32.168,238.68,550.3176,-1,2,11,97.4,,False,844.999
8770,1.59,26.541,198.87,385.2032,-1,2,6,73.7,,False,130.999
8771,2.347,30.828,228.68,554.2804,-1,2,7,100.0,,False,431.999
8772,0.381,18.877,144.12,240.9827,-1,1,3,96.5,,False,222.999
8784,4.425,29.894,222.94,451.3791,-1,2,5,78.0,,False,1155.9462918970062
8787,1.462,30.639,227.33,548.2303,-1,2,9,100.0,,False,535.999
8790,3.434,27.207,203.74,392.2203,-1,2,9,100.0,,False,389.999
8791,2.481,32.772,242.94,572.3649,-1,2,6,86.3,,False,950.999
8792,2.476,23.995,190.21,139.1106,-1,1,9,97.9,,False,999.999
8793,2.505,27.028,202.15,407.2792,-1,2,3,55.3,,False,1374.999
8797,1.422,39.415,290.4,793.4665,-1,2,10,100.0,,False,526.999
8802,1.81,21.703,165.42,251.2359,-1,2,8,99.2,,False,702.999
8806,2.557,28.396,211.56,465.1796,-1,2,10,98.5,,False,492.999
8807,1.859,31.817,236.1,546.3011,-1,4,8,100.0,,False,1490.999
8814,2.101,17.779,133.77,330.7618,-1,1,5,97.4,,False,192.999
8818,3.223,23.391,175.15,388.0345,-1,1,3,96.8,,False,1368.999
8819,2.507,26.675,199.89,384.2561,-1,2,8,92.0,,False,797.999
8823,0.489,15.477,122.19,142.9876,-1,1,5,99.2,,False,932.999
8824,0.479,21.595,164.05,269.1764,-1,2,4,100.0,,False,910.4445555555556
8827,2.918,34.106,252.19,646.374,-1,2,7,85.3,,False,143.999
8828,1.637,32.423,239.87,626.2438,-1,3,8,100.0,,False,99.999
8832,1.104,23.338,176.18,312.136,-1,2,11,99.3,,False,526.999
8834,0.247,38.136,279.73,1062.3019,-1,3,10,77.0,,False,745.999
8835,2.382,21.005,158.58,309.0389,-1,3,6,100.0,,False,640.1294383104594
8836,2.541,20.824,158.84,247.1164,-1,1,6,99.5,,False,1146.999
8847,0.611,27.087,223.01,94.9238,-1,1,12,89.3,,False,361.89001109313415
8856,2.575,33.175,247.42,455.221,-1,2,7,100.0,,False,831.999
8859,0.391,23.887,179.75,339.0503,-1,2,6,97.5,,False,548.999
8863,3.329,23.776,179.52,311.2207,-1,2,8,56.9,,False,364.999
8865,3.478,32.555,241.68,539.5557,-1,1,3,61.8,,False,147.999
8867,1.448,33.329,246.08,694.3163,-1,2,8,100.0,,False,631.999
8869,1.017,28.004,209.13,429.1308,-1,2,9,100.0,,False,202.999
8870,2.252,31.845,236.28,550.3178,-1,2,7,100.0,,False,899.999
8872,1.071,31.274,234.79,368.1621,-1,1,9,87.8,,False,960.999
8877,2.369,27.549,206.19,399.3109,-1,2,7,84.4,,False,314.999
8878,2.489,27.643,204.42,626.9572,-1,3,11,100.0,,False,1272.999
8883,3.472,26.489,199.06,354.2431,-1,2,8,76.4,,False,533.306956021043
8885,3.962,45.717,335.61,1026.8172,-1,4,9,96.9,,False,485.999
8886,1.78,20.201,155.66,205.1568,-1,1,7,98.7,,False,802.999
8889,2.095,24.112,181.96,315.2537,-1,2,12,85.8,,False,411.0439587545402
8890,2.621,20.782,159.97,209.189,-1,2,7,100.0,,False,474.999
8892,2.689,32.442,240.28,593.3744,-1,2,5,96.5,,False,1271.999
8896,3.54,25.752,193.52,353.3054,-1,2,5,82.4,,False,2358.730924920132
8899,4.102,36.021,265.91,705.4895,-1,3,9,75.3,,False,238.00011111111115
8904,3.35,28.837,216.52,365.2686,-1,2,11,95.1,,False,378.999
8909,4.7,25.893,194.91,338.3419,-1,1,5,88.4,,False,461.999
8910,1.39,33.973,250.69,715.3752,-1,3,8,100.0,,False,977.999
8914,1.386,30.438,225.59,574.2747,-1,2,9,100.0,,False,57.999
8915,2.213,37.702,276.31,1143.9673,-1,3,6,83.9,,False,688.999
8917,3.404,26.973,202.29,375.3257,-1,2,9,94.7,,False,494.999
8924,2.646,34.353,253.77,677.3459,-1,3,8,100.0,,False,806.999
8925,1.702,27.946,208.44,447.1345,-1,2,4,100.0,,False,3480.3334444444445
8928,2.07,24.209,182.82,310.2378,-1,1,10,98.5,,False,136.999
8929,0.88,25.774,192.49,425.221,-1,2,8,100.0,,False,546.999
8938,3.03,23.972,184.93,203.1796,-1,1,8,99.2,,False,1327.999
8942,2.274,25.806,191.06,588.9624,-1,1,11,97.5,,False,523.5856042644267
8943,2.881,22.579,172.13,251.2361,-1,2,4,100.0,,False,885.999
8944,3.398,23.739,179.24,311.2213,-1,1,5,72.9,,False,1839.999
8945,4.539,26.908,201.61,385.3138,-1,2,5,97.6,,False,786.999
8948,2.272,22.361,169.95,267.1948,-1,2,7,82.4,,False,387.999
8949,4.1,29.159,217.34,459.3486,-1,2,6,86.6,,False,105.33344444444447
8951,1.163,23.135,175.0,297.2053,-1,1,11,97.0,,False,506.999
8952,1.693,28.658,213.76,447.2389,-1,2,7,98.3,,False,633.999
8955,3.523,33.298,247.76,494.3629,-1,2,10,100.0,,False,739.999
8956,0.51,30.245,232.69,215.0317,-1,1,11,79.8,,False,369.999
8958,0.558,23.858,180.09,313.1177,-1,2,9,100.0,,False,392.999
8964,2.776,42.833,314.61,976.5754,-1,3,11,97.0,,False,357.999
8968,2.721,35.595,262.62,725.3759,-1,5,7,100.0,,False,417.999
8970,1.131,29.345,220.29,368.1599,-1,2,6,82.4,,False,795.999
8972,2.75,28.028,209.86,395.241,-1,2,8,98.3,,False,339.999
8976,3.751,24.632,186.06,309.2203,-1,2,8,98.9,,False,473.999
8977,3.633,33.229,246.0,609.4042,-1,3,4,52.5,,False,1270.999
8978,2.035,19.491,149.52,221.047,-1,2,5,100.0,,False,556.999
8979,2.617,36.775,271.21,742.5422,-1,3,6,52.5,,False,780.999
8980,2.992,24.79,188.21,275.2001,-1,2,7,82.4,,False,606.999
8981,1.071,36.773,271.03,773.2831,-1,4,8,100.0,,False,229.999
8982,0.279,27.757,204.28,808.4038,-1,1,13,97.8,,False,347.999
8985,0.706,15.815,124.8,144.0431,-1,1,6,49.5,,False,686.999
8994,1.623,12.165,96.98,125.897,-1,1,4,93.9,,False,988.999
8995,2.781,32.925,244.66,519.2741,-1,2,12,98.7,,False,563.999
9000,2.541,37.539,277.06,716.4898,-1,2,8,100.0,,False,826.999
9001,2.651,31.345,232.55,551.2989,-1,2,8,87.8,,False,510.999
9004,1.892,27.277,203.13,471.2255,-1,4,8,91.7,,False,376.999
9009,0.51,15.272,122.26,122.035,-1,1,7,99.2,,False,1475.999
9010,2.785,22.254,169.64,251.1996,-1,1,8,99.1,,False,597.999
9011,2.591,24.491,181.14,612.971,-1,1,9,64.7,,False,562.9641155341285
9017,4.129,29.054,216.83,440.3788,-1,1,5,67.8,,False,930.999
9018,1.857,25.384,190.56,363.2553,-1,2,5,58.2,,False,801.999
9019,2.555,30.574,226.99,534.2389,-1,4,7,99.9,,False,151.999
9021,0.385,15.053,124.26,91.0169,-1,1,11,84.0,,False,569.999
9022,1.154,27.725,205.97,514.2888,-1,3,3,100.0,,False,1140.999
9026,4.791,28.51,213.17,413.3904,-1,1,5,98.7,,False,271.999
9027,2.487,33.882,250.73,620.3587,-1,2,7,98.7,,False,99.999
9035,3.466,31.998,237.45,547.3289,-1,2,6,78.0,,False,1250.999
9037,4.146,33.502,248.39,570.4821,-1,1,3,42.6,,False,704.999
9038,0.883,25.205,202.64,118.9674,-1,1,13,98.7,,False,140.86552149784455
9040,2.032,25.566,191.93,363.2515,-1,2,7,91.3,,False,637.999
9041,0.958,27.571,205.14,486.2842,-1,2,4,98.1,,False,252.999
9042,0.921,30.884,228.45,628.3075,-1,2,7,100.0,,False,245.999
9045,2.562,30.455,226.44,504.3388,-1,2,6,92.1,,False,521.999
9049,1.704,23.111,174.72,301.1563,-1,2,8,99.7,,False,423.999
9050,0.634,35.376,269.6,259.0281,-1,2,6,81.9,,False,520.999
9054,0.366,20.28,161.71,129.0545,-1,1,7,98.9,,False,182.999
9055,3.581,24.355,183.95,309.2785,-1,2,14,77.1,,False,457.78679733089945
9057,1.403,25.981,195.22,355.248,-1,2,5,54.8,,False,534.999
9061,2.291,30.798,229.05,499.3082,-1,2,5,93.0,,False,2880.999
9062,3.74,26.679,204.67,225.0037,-1,2,5,99.6,,False,1368.999
9064,1.869,29.958,223.14,471.3102,-1,2,6,100.0,,False,805.999
9066,1.32,29.02,216.14,472.2931,-1,3,7,97.1,,False,267.999
9071,2.451,23.196,175.92,280.2349,-1,1,11,61.4,,False,56.73447611002439
9073,1.734,27.741,207.05,437.1978,-1,3,4,100.0,,False,1479.999
9076,2.75,25.179,193.73,213.1471,-1,1,7,96.7,,False,497.999
9079,4.835,29.58,221.25,409.3105,-1,2,6,99.4,,False,926.999
9084,0.677,23.629,178.56,304.9377,-1,1,9,95.9,,False,194.33344444444447
9085,1.471,31.068,229.81,628.2815,-1,2,10,98.3,,False,474.999
9086,4.128,28.454,212.16,453.3583,-1,2,5,86.5,,False,531.999
9088,4.222,30.182,225.57,421.3673,-1,2,7,100.0,,False,373.999
9089,0.367,28.343,210.01,574.997,-1,1,14,96.7,,False,67.26348768422503
9090,4.038,35.046,259.16,646.4856,-1,2,4,99.6,,False,1198.999
9091,4.023,36.89,272.49,684.6099,-1,3,5,88.8,,False,1192.999
9095,2.496,38.316,282.24,799.4565,-1,3,13,100.0,,False,572.6445233070393
9098,2.367,23.614,175.19,533.9677,-1,1,10,81.7,,False,55.592674575659544
9099,2.292,28.255,208.78,652.012,-1,1,15,97.9,,False,98.53612689548743
9101,0.366,22.475,169.57,315.0986,-1,2,4,100.0,,False,298.999
9107,2.371,27.527,205.55,429.4358,-1,2,7,86.3,,False,1412.999
9108,4.176,44.613,327.65,988.782,-1,3,9,73.0,,False,1103.999
9111,3.942,40.639,299.08,850.6009,-1,2,4,71.0,,False,1183.999
9114,1.776,27.67,207.0,405.2636,-1,2,6,100.0,,False,162.999
9115,3.469,28.66,214.28,413.3653,-1,2,4,97.7,,False,653.999
9118,1.625,21.94,163.99,406.962,-1,2,8,100.0,,False,1449.999
9119,0.765,20.131,154.22,227.072,-1,1,8,99.1,,False,817.999
9122,3.429,36.19,267.09,715.3719,-1,3,6,98.8,,False,591.999
9123,1.368,25.273,189.85,357.2628,-1,2,8,84.5,,False,900.999
9125,4.382,39.731,292.58,816.7308,-1,3,6,52.5,,False,1218.999
9126,1.706,23.361,176.67,299.2218,-1,2,11,98.0,,False,101.56652425617222
9132,2.053,29.204,217.49,471.3727,-1,2,3,82.4,,False,1020.999
9137,1.449,40.366,296.37,1001.6157,-1,3,7,100.0,,False,225.999
9139,2.108,29.061,216.6,460.3076,-1,2,6,67.5,,False,1135.999
9140,2.082,24.746,186.23,339.1439,-1,2,7,100.0,,False,650.999
9142,0.51,20.014,153.62,219.1131,-1,2,7,100.0,,False,263.999
9145,2.619,29.203,218.05,433.2944,-1,2,8,80.9,,False,466.0001111111111
9148,2.391,34.715,256.6,657.3648,-1,3,8,100.0,,False,229.999
9151,2.785,21.342,163.14,237.1852,-1,1,12,92.3,,False,389.999
9152,2.6,32.647,243.05,483.3163,-1,2,7,100.0,,False,1430.999
9153,2.477,25.27,190.02,347.2574,-1,2,8,55.2,,False,304.999
9159,3.786,30.487,227.12,469.3304,-1,1,3,73.5,,False,3105.999
9160,3.947,35.097,259.3,672.5054,-1,3,4,52.5,,False,619.7778888888888
9162,0.781,26.628,198.65,442.1899,-1,1,11,97.9,,False,1096.999
9163,1.624,20.221,154.49,239.0804,-1,2,7,97.2,,False,388.999
9166,2.854,27.603,207.06,373.3109,-1,2,4,75.6,,False,582.999
9167,2.896,27.75,207.52,410.3299,-1,1,8,48.1,,False,1088.999
9168,3.042,26.823,201.2,373.3099,-1,2,6,51.5,,False,666.999
9172,2.589,28.991,216.23,448.275,-1,1,7,94.7,,False,1342.999
9173,0.377,34.655,255.53,747.3728,-1,3,7,99.1,,False,182.999
9175,2.418,26.489,198.51,383.3147,-1,2,3,58.2,,False,827.999
9178,3.413,33.203,245.77,612.3705,-1,3,7,69.4,,False,953.999
9179,3.031,20.039,153.9,217.1215,-1,1,8,98.2,,False,678.999
9180,1.343,31.709,234.4,649.1606,-1,3,9,99.1,,False,271.999
9185,2.099,38.545,283.8,823.46,-1,3,9,100.0,,False,553.999
9186,1.621,19.42,150.7,183.1734,-1,2,9,100.0,,False,207.999
9187,2.32,21.881,164.72,333.0587,-1,1,10,98.8,,False,647.999
9188,3.463,19.614,146.67,396.974,-1,1,3,97.2,,False,1221.999
9191,2.186,30.41,226.5,473.3265,-1,2,5,100.0,,False,909.999
9193,0.743,31.236,257.89,92.9262,-1,1,12,99.6,,False,668.8873496203003
9196,2.237,31.928,236.89,551.3961,-1,2,5,73.8,,False,547.999
9197,1.429,21.135,161.42,241.1784,-1,2,7,95.5,,False,672.4445555555556
9198,1.797,21.643,161.83,401.948,-1,1,5,64.6,,False,112.50473471936925
9201,3.329,25.709,193.25,351.2888,-1,2,6,82.4,,False,718.999
9202,0.599,26.013,200.06,215.0315,-1,2,5,78.5,,False,1033.999
9203,4.018,35.025,259.42,598.5131,-1,2,7,77.7,,False,524.999
9204,2.584,25.945,194.66,369.9782,-1,1,9,98.9,,False,516.999
9208,4.598,26.593,199.31,381.3392,-1,1,5,55.4,,False,635.889
9210,1.002,15.984,125.47,154.0043,-1,1,5,99.2,,False,824.999
9211,2.242,24.871,187.41,328.2489,-1,2,4,90.2,,False,768.999
9214,2.116,19.769,152.32,205.1211,-1,1,9,98.6,,False,1049.999
9216,0.442,27.669,212.82,215.0327,-1,3,7,75.5,,False,1301.999
9219,0.279,27.752,204.22,812.398,-1,1,11,90.0,,False,330.999
9220,1.563,28.877,214.68,504.3325,-1,2,3,98.5,,False,123.999
9222,1.496,24.212,185.01,241.1054,-1,1,8,99.3,,False,1233.999
9228,3.035,27.366,204.84,398.3282,-1,1,5,84.6,,False,585.999
9232,2.042,24.996,187.77,356.1891,-1,2,8,99.5,,False,1067.999
9235,3.178,27.918,208.73,413.3608,-1,2,7,54.2,,False,824.999
9237,2.099,28.868,214.89,481.2813,-1,2,4,99.6,,False,275.999
9240,2.077,23.27,175.83,305.1796,-1,2,7,92.7,,False,1367.999
9242,1.511,27.634,206.07,449.3262,-1,2,8,92.6,,False,318.999
9243,2.877,28.351,211.18,468.2507,-1,2,10,98.8,,False,432.999
9244,1.4,18.362,161.1,59.0125,-1,1,7,68.2,,False,593.999
9245,3.638,34.884,257.86,658.4478,-1,1,4,43.6,,False,547.999
9248,2.731,33.112,245.52,568.4211,-1,1,6,92.2,,False,670.999
9255,2.965,31.128,231.06,538.3217,-1,2,5,94.0,,False,1455.999
9256,2.757,26.043,195.27,376.254,-1,1,5,94.5,,False,1571.999
9259,1.496,26.76,199.94,420.1481,-1,2,10,100.0,,False,380.999
9260,0.545,27.805,229.49,92.9281,-1,1,10,82.5,,False,509.05952340610065
9267,2.147,28.339,211.08,469.3318,-1,2,10,100.0,,False,173.999
9268,0.567,24.438,182.79,403.0958,-1,3,4,100.0,,False,3256.999
9270,3.525,33.004,244.51,587.4344,-1,2,6,50.9,,False,1360.1549478569968
9279,0.379,26.899,200.88,427.0186,-1,2,7,100.0,,False,164.999
9281,3.064,39.93,294.24,789.6168,-1,3,5,57.2,,False,805.999
9289,3.675,39.548,291.39,794.5455,-1,3,3,52.5,,False,1163.999
9292,3.812,41.325,303.74,929.5259,-1,3,7,100.0,,False,536.999
9300,1.054,31.067,230.35,565.2831,-1,3,8,100.0,,False,616.999
9301,4.783,27.975,208.84,433.3707,-1,2,5,90.6,,False,1650.999
9305,0.441,25.361,209.28,92.9256,-1,1,6,74.6,,False,761.3871111087891
9307,3.252,28.695,213.71,471.3469,-1,2,9,97.6,,False,393.999
9311,0.738,34.284,283.11,92.9256,-1,1,12,95.8,,False,504.2223333333333
9312,4.252,40.195,295.65,880.5416,-1,1,5,83.6,,False,1061.999
9314,0.379,31.043,242.78,167.0194,-1,2,9,95.4,,False,94.999
9316,2.573,30.91,229.89,499.307,-1,2,7,90.7,,False,751.999
9317,0.585,30.035,222.59,575.181,-1,5,6,100.0,,False,641.999
9318,3.568,38.263,282.48,708.6525,-1,4,4,60.8,,False,1025.999
9319,3.112,32.566,241.28,586.3537,-1,3,6,93.5,,False,113.999
9321,3.168,20.721,158.64,230.1531,-1,2,9,100.0,,False,907.5556666666666
9323,0.39,29.478,219.06,513.2686,-1,2,8,100.0,,False,810.999
9324,0.253,16.474,131.25,129.0172,-1,1,9,97.2,,False,47.222333333333296
9326,1.331,33.343,246.04,715.196,-1,3,8,100.0,,False,158.999
9329,2.184,31.344,233.88,445.3324,-1,2,11,98.9,,False,434.999
9339,0.614,15.513,121.14,165.0034,-1,2,5,95.3,,False,202.999
9341,4.368,41.923,308.51,859.6927,-1,3,8,77.4,,False,444.999
9343,2.191,28.703,214.32,432.3194,-1,1,5,83.0,,False,1523.999
9344,1.247,29.128,216.71,489.3095,-1,1,7,84.6,,False,796.999
9345,0.576,15.715,124.68,135.0434,-1,1,9,98.1,,False,658.5850750178226
9348,0.936,28.831,214.24,513.2732,-1,2,14,100.0,,False,443.999
9350,1.592,23.063,174.29,304.1578,-1,2,11,100.0,,False,796.999
9351,0.901,14.821,114.37,195.8085,-1,1,6,86.3,,False,256.999
9352,2.291,30.219,224.46,523.255,-1,1,7,75.2,,False,344.999
9356,2.677,33.548,248.61,582.3434,-1,2,8,92.8,,False,451.999
9357,1.542,23.745,179.19,315.2534,-1,1,7,95.1,,False,424.999
9358,0.701,22.743,187.14,94.9235,-1,1,10,98.2,,False,83.69542133730158
9360,4.322,35.907,265.11,699.3951,-1,7,7,100.0,,False,634.999
9365,3.258,26.161,196.18,375.1934,-1,2,8,86.2,,False,431.999
9369,3.059,45.628,334.72,1084.702,-1,3,11,95.9,,False,637.999
9370,4.156,40.9,300.81,890.5669,-1,2,4,82.4,,False,1036.999
9371,0.457,19.7,149.94,257.0102,-1,1,6,98.7,,False,144.999
9373,3.487,46.722,342.75,1084.8033,-1,5,10,98.1,,False,490.999
9374,1.14,30.178,223.81,557.3019,-1,2,10,99.5,,False,470.999
9375,3.585,35.379,261.18,702.4034,-1,3,7,82.4,,False,149.999
9376,2.809,33.491,248.25,577.415,-1,2,6,41.7,,False,628.999
9377,1.77,26.621,198.84,424.1811,-1,1,5,98.5,,False,762.999
9378,4.562,23.99,181.46,298.2827,-1,1,8,83.6,,False,346.0557772639161
9382,2.148,25.051,188.25,353.2677,-1,2,5,64.6,,False,544.7778888888889
9389,1.753,18.505,139.01,346.9768,-1,1,3,97.3,,False,1331.999
9391,2.978,31.705,235.7,509.5046,-1,3,4,65.5,,False,170.999
9392,3.178,27.165,203.48,389.3048,-1,2,5,100.0,,False,398.999
9393,2.697,26.818,200.42,417.2308,-1,2,6,83.9,,False,831.999
9394,1.919,22.521,171.35,261.1834,-1,1,6,97.5,,False,671.999
9398,2.769,26.033,192.76,587.9777,-1,1,10,97.3,,False,331.999
9401,3.326,22.246,168.43,290.1429,-1,4,3,82.4,,False,2123.999
9402,2.413,27.107,202.93,396.3121,-1,1,7,98.5,,False,702.999
9403,2.821,23.837,179.93,313.2384,-1,1,8,99.5,,False,682.3718632840357
9405,2.875,27.42,205.94,361.3099,-1,2,8,95.7,,False,362.999
9406,2.529,34.097,252.3,624.3954,-1,4,7,94.0,,False,869.999
9407,3.093,31.305,232.84,499.3063,-1,2,5,63.9,,False,264.999
9408,4.208,36.409,268.87,693.497,-1,2,7,99.3,,False,609.999
9411,2.021,24.5,184.66,326.2399,-1,1,7,95.6,,False,478.999
9412,2.096,35.953,263.72,1058.9491,-1,2,6,85.3,,False,725.999
9414,1.783,26.649,199.73,382.2598,-1,1,5,97.5,,False,897.999
9416,3.24,34.195,252.81,650.4044,-1,3,7,100.0,,False,495.33344444444447
9419,2.579,27.86,208.25,416.2874,-1,1,8,93.5,,False,258.999
9420,1.864,24.835,186.69,349.2394,-1,2,5,53.4,,False,696.999
9431,3.645,38.357,282.67,780.5921,-1,4,3,52.5,,False,1265.999
9433,2.402,24.316,180.86,486.8836,-1,3,6,100.0,,False,306.999
9434,0.806,23.131,175.39,281.2483,-1,2,6,37.4,,False,518.0001111111111
9436,2.092,34.455,255.94,528.965,-1,1,9,88.6,,False,231.9850463469179
9437,2.619,25.899,194.19,377.2684,-1,1,6,97.9,,False,1041.999
9443,2.428,32.976,244.23,596.3642,-1,1,10,98.4,,False,266.999
9449,2.549,27.921,208.5,429.2031,-1,2,7,100.0,,False,1618.999
9451,4.738,33.863,251.36,543.4418,-1,3,8,92.9,,False,173.11122222222224
9452,2.727,44.945,329.81,1059.6708,-1,3,8,99.3,,False,802.999
9459,0.365,17.04,134.43,145.0952,-1,1,11,99.6,,False,486.999
9460,2.724,27.426,204.49,451.0955,-1,4,6,100.0,,False,538.999
9470,2.369,39.171,288.23,859.6149,-1,3,5,100.0,,False,205.999
9471,2.554,26.289,197.11,377.2709,-1,1,6,50.3,,False,839.999
9472,2.707,32.045,240.02,395.2182,-1,2,8,97.8,,False,531.999
9473,0.65,31.701,261.74,92.9263,-1,1,11,80.6,,False,1094.6454925562387
9475,2.493,32.791,243.25,556.3281,-1,2,9,100.0,,False,731.999
9480,0.407,25.226,197.16,167.0205,-1,1,5,90.9,,False,926.999
9483,3.649,31.145,230.85,573.333,-1,2,8,100.0,,False,642.999
9484,2.361,19.635,149.38,258.9783,-1,1,11,87.2,,False,310.999
9491,1.679,32.019,237.32,575.3816,-1,3,8,98.6,,False,440.999
9492,3.735,15.929,125.1,152.9817,-1,1,4,99.4,,False,1028.999
9495,3.776,34.142,252.68,619.4907,-1,3,5,100.0,,False,2288.666777777778
9497,2.385,24.007,181.0,323.1517,-1,2,3,91.6,,False,1119.999
9498,0.357,28.491,219.18,215.0299,-1,1,9,98.8,,False,198.999
9505,0.417,28.094,231.32,94.9234,-1,1,8,97.5,,False,656.999
9506,4.233,31.71,235.74,509.421,-1,2,3,66.0,,False,836.999
9509,3.417,31.439,233.16,560.3368,-1,4,9,98.8,,False,644.999
9515,1.479,29.99,223.67,451.2156,-1,2,11,100.0,,False,139.999
9522,4.277,29.649,258.52,61.9869,-1,1,8,87.6,,False,1494.8887647988936
9523,2.26,19.625,150.63,218.985,-1,1,9,98.9,,False,714.1434964577146
9524,1.924,26.767,200.36,397.2952,-1,2,7,75.2,,False,722.999
9529,1.678,28.507,212.36,467.2626,-1,2,8,98.4,,False,223.999
9531,1.173,24.16,181.36,363.0163,-1,3,6,100.0,,False,356.999
9532,3.579,34.501,256.07,547.3084,-1,2,8,98.5,,False,471.999
9533,3.0,34.426,254.53,648.3911,-1,3,4,98.8,,False,315.999
9537,2.906,44.293,325.13,1025.6445,-1,4,12,96.5,,False,268.999
9538,0.398,16.83,129.6,204.9891,-1,3,3,93.7,,False,1517.999
9544,0.401,23.608,178.4,304.9377,-1,1,7,87.5,,False,434.999
9545,2.873,37.693,278.25,708.5231,-1,2,7,100.0,,False,502.999
9546,2.584,31.177,231.49,532.3052,-1,2,7,98.5,,False,602.999
9548,1.495,34.628,259.33,399.2208,-1,3,4,100.0,,False,516.999
9551,1.971,30.69,227.65,554.2361,-1,1,9,97.8,,False,700.999
9555,1.559,28.704,213.72,476.2483,-1,2,7,99.9,,False,217.999
9557,2.712,33.667,249.38,594.4419,-1,2,8,70.2,,False,372.999
9558,4.228,40.443,297.37,899.5472,-1,2,3,42.2,,False,2225.999
9559,2.923,34.791,257.42,627.4865,-1,2,7,72.1,,False,418.999
9562,1.543,27.311,204.13,415.3092,-1,2,5,97.4,,False,937.999
9563,3.136,32.995,246.6,423.2518,-1,2,11,97.7,,False,634.999
9564,1.677,31.413,232.64,595.3857,-1,2,8,96.7,,False,124.999
9568,4.492,32.452,240.71,558.4628,-1,2,4,56.0,,False,2796.444555555556
9570,4.504,25.798,193.25,387.0346,-1,3,4,100.0,,False,2232.999
9571,4.453,24.531,183.97,373.0441,-1,3,6,100.0,,False,1361.999
9573,1.192,32.697,245.47,369.176,-1,2,5,76.0,,False,1137.999
9576,3.199,21.691,164.14,293.1416,-1,1,8,96.7,,False,453.999
9577,3.208,28.21,211.18,397.3319,-1,2,5,62.0,,False,1077.999
9578,2.867,24.432,202.61,89.022,-1,1,7,99.6,,False,457.999
9585,2.319,28.994,215.67,493.2608,-1,2,8,96.1,,False,857.999
9588,0.358,24.541,184.21,362.9804,-1,1,10,97.8,,False,405.999
9592,1.141,13.807,109.48,134.8917,-1,1,5,40.3,,False,1048.999
9594,0.365,24.603,184.81,356.1608,-1,1,3,88.3,,False,777.999
9596,2.119,27.805,207.82,417.322,-1,2,7,92.8,,False,353.999
9597,3.674,33.075,245.96,505.3374,-1,2,6,93.4,,False,198.999
9598,4.433,37.47,276.54,716.5693,-1,3,7,100.0,,False,791.999
9600,2.794,27.297,214.81,152.9931,-1,1,9,98.2,,False,717.999
9603,2.884,30.017,223.78,457.2914,-1,2,9,86.1,,False,1784.999
9609,2.208,27.664,204.51,635.9833,-1,1,14,98.3,,False,60.67142867663574
9611,2.064,33.541,247.88,661.2806,-1,2,9,67.1,,False,467.999
9614,4.461,27.189,203.56,395.3514,-1,2,6,97.0,,False,726.999
9616,3.506,32.825,243.46,561.4175,-1,3,4,52.5,,False,1254.999
9619,0.422,20.555,156.9,243.161,-1,3,4,100.0,,False,485.999
9620,3.8,36.043,266.01,714.6827,-1,1,4,38.9,,False,66.999
9623,4.015,39.937,294.18,801.6342,-1,3,6,52.5,,False,287.999
9624,3.109,29.952,223.03,476.3465,-1,1,8,80.8,,False,270.999
9626,2.5,23.534,175.93,408.7889,-1,1,7,96.5,,False,186.999
9628,2.331,28.391,211.36,476.2828,-1,1,4,96.7,,False,1363.2223333333334
9634,3.934,30.672,227.46,559.297,-1,2,8,100.0,,False,878.999
9635,0.45,17.615,135.59,206.951,-1,1,8,99.0,,False,603.999
9639,1.271,29.223,241.23,92.9268,-1,1,15,88.8,,False,238.5156335072242
9644,2.164,31.396,232.9,555.3365,-1,3,5,100.0,,False,414.999
9645,1.722,24.118,181.74,327.1818,-1,2,6,94.1,,False,1459.999
9646,3.081,32.197,239.06,535.5512,-1,3,6,73.8,,False,429.999
9648,2.517,29.646,220.33,511.2104,-1,2,9,100.0,,False,320.999
9649,0.368,22.856,182.33,129.0529,-1,1,7,97.6,,False,367.999
9650,2.504,21.656,166.45,215.1628,-1,1,7,97.4,,False,687.999
9651,2.352,29.854,222.17,487.3415,-1,2,5,41.0,,False,1331.999
9653,1.961,30.962,229.45,577.2176,-1,3,8,100.0,,False,651.999
9655,2.679,25.095,193.4,207.1367,-1,2,7,99.5,,False,236.999
9658,2.349,28.425,211.98,450.2635,-1,2,3,96.5,,False,411.999
9663,1.552,24.775,186.67,329.0467,-1,2,7,98.1,,False,216.999
9664,2.737,34.137,252.52,633.3994,-1,4,8,100.0,,False,116.999
9667,0.713,23.987,180.23,353.1996,-1,2,11,100.0,,False,235.22233333333332
9672,0.418,16.503,126.71,214.9323,-1,3,3,98.9,,False,3591.999
9674,1.915,25.045,188.2,353.1614,-1,2,6,95.1,,False,686.999
9678,0.975,17.657,133.4,298.9414,-1,1,7,98.5,,False,391.999
9679,4.376,19.739,151.28,225.0246,-1,2,5,76.4,,False,1238.999
9680,3.713,24.238,182.98,313.1572,-1,2,5,99.5,,False,166.999
9681,1.101,20.463,157.33,213.1475,-1,1,8,94.6,,False,186.999
9686,3.73,24.456,184.73,309.0359,-1,1,3,98.4,,False,896.999
9690,0.403,17.69,136.33,203.0931,-1,2,3,91.0,,False,2419.999
9691,4.547,34.773,303.3,61.9873,-1,1,8,72.3,,False,714.1732518440905
9692,4.153,19.762,151.38,227.022,-1,1,4,96.9,,False,1366.999
9694,2.786,41.225,302.6,1025.3117,-1,2,9,99.6,,False,654.999
9697,2.589,39.404,289.2,1025.2138,-1,2,5,99.6,,False,519.999
9698,3.246,33.721,249.81,592.4031,-1,1,9,96.8,,False,521.999
9701,1.579,34.006,254.74,395.1874,-1,2,7,98.8,,False,470.999
9708,3.143,28.568,213.54,417.3316,-1,2,4,38.8,,False,1613.999
9709,1.25,24.579,184.92,341.2332,-1,2,9,98.4,,False,736.999
9711,3.264,30.695,227.99,524.334,-1,2,8,97.9,,False,972.8485481623228
9712,0.466,15.068,124.08,93.0331,-1,1,3,83.2,,False,3757.999
9715,0.408,18.668,156.75,79.9552,-1,1,8,99.6,,False,785.999
9717,3.047,42.096,309.49,915.5901,-1,3,7,95.2,,False,694.999
9722,0.629,21.569,164.03,263.0911,-1,1,9,98.8,,False,476.999
9724,2.116,26.648,199.37,403.2518,-1,2,9,90.5,,False,580.999
9725,3.416,32.588,248.57,253.2173,-1,1,8,99.7,,False,517.999
9727,3.61,29.846,222.14,484.349,-1,2,6,72.5,,False,1385.999
9728,0.608,22.188,167.24,323.0205,-1,2,5,100.0,,False,163.999
9735,4.598,28.571,212.62,485.2297,-1,2,7,88.6,,False,195.889
9743,3.03,26.652,199.42,401.245,-1,2,5,96.7,,False,539.999
9744,1.87,27.24,204.19,381.2636,-1,2,8,82.4,,False,209.999
9745,2.141,32.234,239.55,517.1725,-1,2,8,100.0,,False,393.999
9747,0.651,26.466,198.3,385.1689,-1,2,5,100.0,,False,878.999
9749,1.653,24.018,181.28,314.1213,-1,1,5,61.9,,False,945.999
9757,0.546,22.876,173.04,297.2047,-1,1,6,64.6,,False,745.999
9763,4.374,36.794,271.76,684.609,-1,2,6,44.6,,False,236.78790951675603
9767,1.451,32.556,240.52,670.2735,-1,4,8,100.0,,False,409.999
9772,0.388,22.795,172.33,301.2006,-1,1,8,98.5,,False,320.999
9773,1.46,27.931,208.08,465.323,-1,2,5,100.0,,False,348.999
9775,1.726,21.286,163.25,223.1321,-1,2,8,100.0,,False,370.999
9776,0.391,19.318,147.28,248.0572,-1,2,3,100.0,,False,1180.999
9780,1.591,21.444,160.78,370.8884,-1,1,11,67.9,,False,377.999
9785,4.537,41.113,302.26,911.5758,-1,4,5,75.8,,False,2676.777888888889
9789,4.809,38.73,285.66,742.5556,-1,3,7,100.0,,False,546.999
9790,3.182,28.78,213.86,513.2739,-1,2,7,100.0,,False,642.999
9791,3.202,24.383,184.04,314.2766,-1,1,8,83.0,,False,419.999
9794,2.926,23.811,180.08,299.2002,-1,2,6,100.0,,False,506.999
9796,0.49,29.987,222.17,582.2181,-1,2,10,100.0,,False,94.999
9798,1.92,29.767,221.64,477.3219,-1,2,5,78.5,,False,453.999
9802,3.187,34.591,255.98,623.4535,-1,5,6,52.5,,False,723.999
9810,4.131,18.562,142.09,228.9803,-1,5,4,100.0,,False,1716.999
9812,1.014,26.185,216.08,92.9268,-1,1,13,99.2,,False,275.0292910823075
9814,2.393,20.676,157.45,255.047,-1,1,11,99.2,,False,122.92331484068131
9821,2.988,32.865,243.31,607.3862,-1,3,5,52.5,,False,783.999
9822,1.754,26.843,200.65,414.2321,-1,1,7,97.5,,False,687.999
9826,3.861,41.105,302.65,831.6621,-1,3,6,52.5,,False,640.0001111111111
9832,1.225,36.389,268.26,761.3402,-1,3,6,100.0,,False,346.999
9837,2.96,29.615,220.82,454.3617,-1,1,4,45.8,,False,1821.999
9838,1.524,26.083,195.25,395.2085,-1,1,6,98.6,,False,502.999
9841,2.769,33.365,246.91,618.4106,-1,2,3,96.7,,False,2642.999
9843,4.462,30.925,230.9,435.3839,-1,2,7,100.0,,False,246.999
9844,3.118,29.541,220.41,444.3199,-1,1,7,97.1,,False,115.999
9845,3.991,24.156,183.02,287.2726,-1,2,9,99.0,,False,503.999
9852,2.856,31.473,234.26,485.331,-1,2,3,57.2,,False,3711.999
9853,1.564,23.795,179.28,328.1588,-1,2,11,97.7,,False,652.999
9854,0.481,25.767,198.16,215.0317,-1,1,10,57.8,,False,101.999
9856,3.434,27.746,207.57,405.2468,-1,2,9,97.7,,False,682.999
9858,1.187,15.795,124.64,144.0432,-1,1,7,50.5,,False,346.999
9861,3.981,36.807,271.53,731.5039,-1,2,4,75.4,,False,1159.999
9862,3.161,41.246,303.21,919.4227,-1,5,9,97.6,,False,603.999
9863,2.151,26.166,196.05,385.2236,-1,2,4,91.1,,False,677.999
9864,3.108,31.868,237.51,464.3454,-1,1,6,85.2,,False,153.999
9865,1.61,27.333,203.75,455.1639,-1,5,5,100.0,,False,2077.999
9868,4.497,31.844,236.56,523.4382,-1,2,5,76.6,,False,1075.8795784936178
9870,2.857,32.414,241.14,495.2752,-1,2,8,98.2,,False,365.999
9871,1.293,18.864,146.37,183.1365,-1,1,9,97.5,,False,137.999
9876,4.327,27.972,209.42,395.3553,-1,2,3,89.4,,False,1560.999
9878,2.36,27.744,207.67,398.2959,-1,2,8,92.0,,False,162.999
9879,2.24,31.585,234.41,544.3323,-1,2,5,68.6,,False,613.999
9881,2.343,31.062,230.48,548.2979,-1,3,5,76.4,,False,370.999
9882,1.684,26.901,201.31,400.3073,-1,2,7,98.8,,False,1059.999
9888,0.495,31.039,255.65,94.9229,-1,1,9,98.7,,False,305.999
9889,2.592,27.386,204.68,417.2251,-1,2,5,88.3,,False,1274.3334444444445
9890,2.195,23.367,182.45,168.9872,-1,1,11,99.8,,False,143.33344444444447
9891,0.642,17.318,131.22,279.0208,-1,1,4,99.5,,False,125.999
9894,1.545,28.387,211.5,465.2332,-1,2,7,100.0,,False,297.999
9897,2.661,39.151,306.6,165.0394,-1,2,6,99.0,,False,747.999
9903,2.814,32.462,240.49,588.3339,-1,2,4,97.3,,False,587.999
9906,1.539,41.859,307.51,961.5246,-1,4,10,100.0,,False,514.999
9909,1.387,30.741,227.91,567.2853,-1,3,8,100.0,,False,310.999
9911,1.467,21.392,162.95,254.1055,-1,2,8,97.8,,False,670.999
9912,2.632,35.361,260.94,716.3386,-1,2,9,99.2,,False,467.999
9915,3.789,28.792,215.06,426.3674,-1,1,8,56.6,,False,399.999
9917,3.079,30.394,225.52,548.233,-1,5,3,100.0,,False,401.999
9919,1.605,22.94,173.62,293.1746,-1,2,4,43.8,,False,550.1112222222224
9920,3.363,30.534,227.33,479.3754,-1,3,4,98.3,,False,1805.889
9922,2.591,25.864,198.65,219.9873,-1,1,10,98.4,,False,658.999
9928,2.878,29.482,219.62,469.2811,-1,2,5,100.0,,False,1006.999
9935,2.928,32.447,241.6,480.4538,-1,2,3,52.0,,False,1391.999
9937,2.603,31.516,234.23,515.3388,-1,3,3,89.9,,False,3390.999
9938,2.106,26.487,198.73,370.2596,-1,2,10,96.5,,False,178.55566666666667
9942,2.242,36.224,273.45,321.1735,-1,2,6,100.0,,False,683.2223333333334
9947,1.067,30.962,229.56,565.1411,-1,2,7,100.0,,False,345.999
9948,0.701,23.125,174.03,337.1676,-1,2,8,100.0,,False,453.999
9949,2.708,26.854,207.63,197.0709,-1,3,6,100.0,,False,595.999
9954,2.689,31.558,234.36,530.3544,-1,1,7,65.7,,False,685.999
9957,2.523,29.373,218.07,533.1617,-1,3,4,100.0,,False,803.999
9959,4.436,35.514,262.66,641.5385,-1,2,8,97.6,,False,132.999
9961,2.864,32.565,242.46,482.3174,-1,1,3,85.9,,False,1768.999
9962,1.297,22.881,173.39,285.124,-1,1,9,98.7,,False,296.4751289512652
9963,0.717,20.703,157.69,254.0563,-1,2,3,74.0,,False,3464.999
9969,3.859,19.733,151.16,227.0223,-1,2,4,99.3,,False,1591.999
9971,3.973,34.68,256.32,661.4037,-1,5,5,52.5,,False,619.999
9977,1.357,35.276,259.95,777.3144,-1,3,6,100.0,,False,338.999
9981,3.105,34.541,255.34,654.3794,-1,3,8,62.7,,False,294.999
9982,2.221,17.489,138.15,143.1053,-1,1,5,93.7,,False,756.999
9986,0.488,23.686,180.82,245.046,-1,1,7,73.8,,False,370.999
9989,0.53,18.181,136.24,369.8214,-1,1,8,98.2,,False,249.999
9993,2.247,24.451,181.31,547.9831,-1,1,10,96.8,,False,37.89231881690097
9995,3.876,29.374,219.27,436.351,-1,1,9,93.2,,False,274.999
9999,0.982,24.169,182.03,331.2479,-1,2,6,100.0,,False,101.999
10001,3.561,34.857,257.56,669.3987,-1,2,8,72.5,,False,340.999
10004,2.513,20.424,156.78,219.1375,-1,1,12,99.5,,False,148.37854781488625
10008,2.048,29.877,219.41,938.94,-1,2,11,96.9,,False,204.7742610346345
10009,0.631,23.164,174.27,340.0855,-1,1,7,99.1,,False,674.999
10012,0.568,16.662,129.76,172.0394,-1,1,8,99.4,,False,400.999
10014,3.672,27.738,206.74,457.2381,-1,2,3,57.7,,False,1280.999
10016,1.984,23.882,179.63,343.1661,-1,1,6,98.8,,False,494.44455555555555
10018,4.502,21.344,160.74,329.0458,-1,2,12,100.0,,False,255.8889999999999
10019,2.195,21.01,156.57,446.967,-1,1,7,98.2,,False,137.999
10020,0.491,27.784,220.08,141.0174,-1,2,7,88.1,,False,445.44455555555555
10028,4.147,40.881,301.02,827.5957,-1,3,5,52.5,,False,737.999
10029,0.49,16.251,128.34,142.988,-1,1,7,99.2,,False,966.999
10034,1.851,24.335,183.27,332.1928,-1,2,6,89.1,,False,129.999
10035,1.24,23.922,180.35,323.2212,-1,2,7,58.9,,False,351.999
10037,1.297,26.372,213.12,113.0219,-1,1,7,87.2,,False,267.999
10040,2.552,26.189,196.38,376.285,-1,1,6,96.7,,False,219.999
10041,0.387,23.509,177.39,316.1661,-1,2,7,99.4,,False,109.999
10045,4.129,22.951,172.18,367.0273,-1,3,3,99.9,,False,1583.999
10050,3.81,35.44,261.9,665.5045,-1,4,5,52.5,,False,231.999
10054,2.5,32.701,242.02,615.3195,-1,2,9,100.0,,False,716.999
10056,2.929,31.435,233.54,522.3862,-1,1,5,42.0,,False,278.999
10059,3.249,23.31,177.19,267.192,-1,1,9,99.0,,False,265.44455555555555
10060,3.31,29.048,216.98,427.3579,-1,3,3,57.4,,False,1352.999
10061,1.124,27.875,229.52,94.9237,-1,1,9,82.2,,False,392.33344444444447
10062,1.891,34.049,251.46,687.3427,-1,3,7,100.0,,False,354.999
10067,2.805,30.133,224.03,505.2759,-1,3,6,100.0,,False,197.999
10071,4.802,38.198,281.79,736.5306,-1,3,4,95.0,,False,1995.999
10074,0.778,28.946,238.93,92.9263,-1,1,13,96.0,,False,167.3865027615094
10075,2.495,33.888,250.31,679.3147,-1,3,6,100.0,,False,865.999
10077,4.713,38.098,281.23,709.6594,-1,2,6,92.7,,False,194.77788888888892
10080,3.063,32.218,239.15,542.3403,-1,2,7,97.8,,False,702.999
10083,1.46,30.284,225.37,487.3434,-1,2,5,82.3,,False,1069.999
10085,2.101,27.713,205.74,528.971,-1,2,11,98.1,,False,101.6976749562034
10086,0.514,18.556,142.32,220.9658,-1,1,7,99.0,,False,238.999
10090,2.379,33.114,245.31,590.3752,-1,2,6,96.7,,False,888.999
10091,0.463,27.764,207.03,450.2121,-1,3,4,100.0,,False,850.999
10092,1.785,22.236,168.36,290.1434,-1,4,4,52.5,,False,1534.999
10093,2.535,24.871,187.41,328.256,-1,1,5,55.0,,False,457.999
10094,3.363,41.762,307.25,869.6787,-1,4,5,92.5,,False,832.999
10096,3.05,32.87,243.58,582.3518,-1,3,5,89.6,,False,1764.3334444444445
10098,0.57,17.732,136.65,203.0002,-1,1,3,81.6,,False,2615.999
10100,1.474,25.179,189.23,352.2494,-1,1,4,98.5,,False,728.999
10102,1.797,33.154,246.65,497.2937,-1,2,6,92.8,,False,508.999
10103,0.546,34.214,263.32,215.0278,-1,1,7,61.4,,False,779.999
10104,3.114,30.346,226.85,418.3043,-1,1,5,75.3,,False,857.999
10105,3.387,36.23,275.24,277.2159,-1,2,6,71.0,,False,1014.999
10107,3.006,42.194,310.11,930.5925,-1,4,8,95.4,,False,359.999
10112,3.875,30.48,226.96,476.3822,-1,1,5,57.1,,False,70.88899999999998
10113,3.061,27.95,208.01,482.3281,-1,2,6,100.0,,False,265.999
10114,3.84,22.164,168.75,257.3764,-1,1,3,72.8,,False,1483.7778888888888
10117,1.753,30.418,225.83,532.3373,-1,2,3,82.2,,False,1133.999
10119,2.384,22.94,173.83,285.2436,-1,2,4,59.4,,False,675.999
10121,2.853,25.034,190.97,249.1848,-1,1,10,99.4,,False,536.999
10126,3.629,33.124,245.66,562.4205,-1,1,6,75.4,,False,434.999
10127,3.144,34.287,254.36,557.4477,-1,2,4,98.7,,False,821.889
10128,1.762,21.834,166.23,257.2095,-1,1,11,97.0,,False,374.08477646382113
10136,3.043,43.673,320.68,997.6386,-1,3,5,100.0,,False,677.999
10140,3.337,32.242,239.27,547.329,-1,2,3,56.9,,False,1624.999
10141,3.351,32.802,242.87,604.3647,-1,2,7,71.2,,False,437.999
10147,1.064,28.042,208.7,483.0766,-1,3,9,100.0,,False,204.999
10148,1.28,29.912,222.66,482.1865,-1,2,8,100.0,,False,470.999
10150,3.537,29.19,218.26,413.3632,-1,2,7,99.2,,False,400.999
10151,1.329,32.515,241.26,551.3082,-1,2,6,100.0,,False,1182.999
10152,2.375,27.869,207.81,451.281,-1,1,7,97.1,,False,387.999
10153,2.135,27.358,205.9,341.16,-1,2,7,100.0,,False,585.999
10154,3.847,30.242,224.79,509.4804,-1,3,3,52.5,,False,911.999
10157,2.401,27.205,203.6,400.3078,-1,2,5,100.0,,False,596.999
10160,3.281,27.189,203.32,409.3367,-1,2,3,48.3,,False,1394.6667777777777
10161,4.615,33.447,247.99,569.4801,-1,3,5,55.6,,False,1242.7778888888888
10162,1.051,31.775,235.99,529.3066,-1,2,9,98.0,,False,499.999
10165,3.354,39.197,288.58,830.5049,-1,2,3,73.0,,False,1137.999
10167,2.569,31.595,234.9,507.2896,-1,2,8,91.7,,False,615.999
10172,2.66,40.334,296.64,889.4301,-1,4,8,100.0,,False,612.999
10173,2.925,12.222,102.57,78.9566,-1,1,12,85.9,,False,183.11122222222224
10176,0.964,27.2,202.58,469.249,-1,2,8,98.8,,False,448.999
10180,3.289,28.666,214.15,425.3613,-1,2,3,37.9,,False,704.999
10181,0.581,33.586,248.28,653.2241,-1,3,9,100.0,,False,199.999
10182,2.424,31.182,231.22,564.2951,-1,2,6,100.0,,False,470.999
10185,4.175,46.024,337.78,1043.8494,-1,2,8,99.2,,False,1141.999
10186,0.372,22.853,171.86,343.0827,-1,2,7,90.0,,False,355.999
10187,3.288,34.106,252.1,654.3819,-1,2,8,100.0,,False,427.999
10188,2.95,26.947,201.53,408.1489,-1,1,8,76.3,,False,257.999
10190,2.956,44.896,329.82,968.6219,-1,2,10,100.0,,False,499.999
10192,2.637,26.944,201.66,398.3353,-1,1,6,63.6,,False,589.999
10193,4.142,29.939,222.77,488.3847,-1,2,4,100.0,,False,323.999
10197,3.783,27.99,209.36,408.3486,-1,1,3,96.5,,False,622.999
10199,2.206,31.622,233.09,753.0527,-1,1,8,93.6,,False,747.999
10202,0.594,17.518,135.51,191.034,-1,2,7,98.0,,False,1325.999
10203,3.108,28.254,211.93,375.3259,-1,2,4,86.9,,False,1774.999
10211,4.611,37.079,273.9,684.6078,-1,3,4,52.5,,False,987.999
10215,3.419,30.987,230.42,503.3737,-1,2,6,85.4,,False,527.999
10217,0.57,27.104,201.92,464.3029,-1,2,6,99.2,,False,532.999
10223,3.674,22.374,170.23,261.2231,-1,2,6,82.4,,False,146.999
10230,0.439,30.863,237.45,215.0316,-1,2,6,92.3,,False,1348.999
10233,1.208,30.872,254.88,92.9252,-1,1,12,98.5,,False,800.4921674429377
10234,3.732,45.66,335.2,1024.803,-1,3,9,97.6,,False,498.999
10236,0.62,34.793,287.33,92.926,-1,1,13,99.7,,False,493.07051178910194
10237,4.423,29.481,218.91,527.2482,-1,1,3,60.4,,False,1149.999
10238,0.369,21.446,161.96,307.066,-1,1,9,97.7,,False,328.999
10239,2.783,45.168,331.35,1080.6716,-1,3,8,99.4,,False,614.999
10243,2.922,24.224,182.67,321.2413,-1,2,6,93.5,,False,999.7603679623606
10245,2.858,20.473,156.18,246.0287,-1,2,5,82.4,,False,827.999
10247,2.237,30.857,229.13,530.3574,-1,2,5,96.8,,False,755.999
10248,2.309,29.324,217.98,507.3315,-1,2,6,85.2,,False,323.7778888888889
10252,3.069,37.649,277.5,770.574,-1,2,6,44.0,,False,336.999
10253,3.002,25.799,193.46,375.2322,-1,2,6,100.0,,False,1232.999
10254,0.657,26.826,198.74,574.9121,-1,1,10,94.5,,False,345.999
10256,3.367,29.934,223.95,407.3171,-1,2,5,61.8,,False,781.999
10257,1.002,16.304,126.62,178.948,-1,1,5,97.3,,False,1560.999
10260,0.373,15.453,135.48,59.0123,-1,1,11,98.5,,False,24.447169536664774
10261,1.829,26.805,200.29,418.2656,-1,2,3,100.0,,False,1357.999
10262,2.442,32.143,238.09,591.2931,-1,2,9,99.4,,False,493.999
10266,2.42,25.843,193.79,375.2544,-1,1,7,96.5,,False,2196.999
10268,0.647,20.399,155.92,237.1468,-1,2,5,100.0,,False,450.999
10272,1.914,21.735,165.74,249.1844,-1,2,7,87.4,,False,191.999
10273,1.75,24.358,183.51,329.2677,-1,2,3,66.8,,False,1226.999
10274,1.398,22.183,167.09,328.1628,-1,1,5,97.4,,False,664.999
10275,1.38,22.453,331.0,357.1833,-2,2,3,100.0,,False,816.999
10277,0.468,23.929,179.87,349.0021,-1,2,6,100.0,,False,800.999
10278,0.384,24.74,185.22,392.0402,-1,3,5,100.0,,False,1559.999
10280,3.836,27.589,206.41,403.3603,-1,2,6,82.7,,False,435.6539490712206
10282,2.721,37.165,274.07,749.5362,-1,5,3,52.5,,False,575.999
10284,2.697,34.454,255.06,612.3588,-1,3,9,100.0,,False,127.999
10286,2.988,43.734,321.27,973.6319,-1,2,8,100.0,,False,535.999
10290,0.526,22.275,174.19,165.0894,-1,1,6,99.0,,False,761.999
10292,1.594,25.663,192.57,368.1888,-1,2,7,97.7,,False,480.999
10293,3.919,41.013,301.84,851.6004,-1,2,5,39.9,,False,832.999
10294,2.912,30.108,224.26,472.3521,-1,1,5,43.3,,False,2069.999
10295,2.531,41.267,303.29,924.5488,-1,4,3,100.0,,False,257.999
10296,1.084,31.41,232.46,613.0863,-1,2,11,97.4,,False,385.999
10299,2.185,29.499,219.34,501.2611,-1,2,3,65.5,,False,1197.999
10300,4.133,23.177,175.03,309.0046,-1,3,4,99.6,,False,1437.999
10301,3.082,32.742,242.35,612.3338,-1,3,6,93.2,,False,168.999
10302,1.625,24.222,182.57,325.2012,-1,2,6,85.8,,False,832.999
10304,2.951,22.945,173.67,293.1758,-1,1,6,53.9,,False,711.999
10305,0.479,22.923,188.2,96.919,-1,1,9,99.7,,False,370.999
10306,1.839,32.434,240.12,607.2436,-1,3,7,99.2,,False,304.999
10309,1.037,12.111,96.69,123.8985,-1,1,5,70.6,,False,702.999
10310,3.515,24.435,186.17,255.2318,-1,2,3,69.2,,False,2572.5556666666666
10312,3.005,36.097,266.61,687.5463,-1,2,5,70.1,,False,372.999
10316,3.337,24.862,187.09,339.291,-1,2,7,99.2,,False,734.9564931277034
10320,1.008,27.998,209.33,413.2006,-1,2,4,96.7,,False,394.999
10327,1.343,29.213,217.85,451.177,-1,2,8,97.2,,False,339.999
10328,3.047,28.865,215.15,458.2672,-1,1,9,98.6,,False,235.999
10336,3.594,32.723,242.34,597.3624,-1,2,5,87.4,,False,468.999
10337,1.973,19.705,151.14,221.9934,-1,1,11,98.7,,False,51.8996991743054
10343,3.578,34.973,258.28,686.4082,-1,3,10,67.9,,False,602.6878318458112
10345,2.938,29.342,218.29,491.242,-1,2,14,99.3,,False,189.66425324418003
10346,0.728,25.75,192.47,414.1592,-1,2,8,98.2,,False,673.999
10350,3.558,25.055,189.92,285.221,-1,2,4,62.0,,False,1302.999
10361,2.753,33.431,247.54,603.4282,-1,2,4,58.7,,False,1985.999
10362,2.326,34.168,252.12,719.2155,-1,3,7,100.0,,False,834.999
10364,0.599,30.366,250.07,94.9233,-1,1,8,97.7,,False,780.889
10366,2.744,31.524,233.57,582.2868,-1,3,4,100.0,,False,561.999
10373,3.691,34.624,255.81,669.4084,-1,2,5,64.4,,False,1256.999
10377,4.185,25.927,194.88,351.2511,-1,2,9,97.8,,False,182.02981870857786
10383,2.383,29.893,222.83,458.3574,-1,1,5,58.1,,False,1448.999
10384,2.318,32.93,245.01,495.276,-1,3,5,98.0,,False,524.999
10385,0.566,16.403,128.46,159.0432,-1,2,5,100.0,,False,750.999
10386,0.401,20.882,159.15,251.1259,-1,2,8,98.9,,False,327.999
10387,2.3,28.01,209.62,401.3268,-1,2,6,99.0,,False,414.999
10389,4.417,31.479,234.1,502.4002,-1,1,4,44.0,,False,267.999
10391,0.377,25.183,189.28,351.1625,-1,3,8,99.3,,False,358.999
10392,2.803,16.902,132.03,165.0374,-1,2,4,97.1,,False,1401.999
10393,2.619,22.584,171.58,269.2476,-1,1,3,43.1,,False,1772.3334444444445
10394,2.327,28.518,212.38,471.1094,-1,3,6,97.9,,False,140.999
10399,1.891,27.432,204.89,426.2338,-1,1,7,98.3,,False,859.999
10401,3.184,26.179,196.47,366.3032,-1,2,8,97.4,,False,410.9676485885143
10420,1.137,22.448,170.15,283.192,-1,2,5,76.7,,False,445.999
10422,1.406,24.306,183.08,331.2475,-1,2,7,87.5,,False,462.999
10427,2.684,25.033,189.45,295.2283,-1,2,6,99.0,,False,864.999
10428,0.937,27.97,230.85,92.928,-1,1,10,99.1,,False,446.0201777104492
10429,1.538,40.825,300.06,925.5485,-1,2,9,97.3,,False,607.999
10431,2.846,29.927,222.06,546.218,-1,5,3,100.0,,False,260.999
10433,3.704,25.274,190.16,341.3078,-1,2,3,42.8,,False,1108.999
10436,2.764,34.975,258.64,644.4202,-1,3,6,98.1,,False,137.999
10437,0.584,26.031,194.64,410.1264,-1,2,6,99.7,,False,648.999
10439,1.968,30.954,229.68,547.2719,-1,3,6,97.9,,False,571.999
10440,2.435,26.969,201.44,424.251,-1,1,3,96.9,,False,437.999
10441,3.514,27.419,204.95,415.2501,-1,2,5,100.0,,False,513.999
10443,2.674,20.054,153.63,227.0463,-1,1,9,99.4,,False,246.7778888888889
10448,1.404,26.14,195.89,383.1896,-1,2,8,99.0,,False,461.999
10450,2.636,31.315,245.12,165.0386,-1,1,7,98.1,,False,545.999
10456,1.016,27.328,203.99,435.2011,-1,2,4,99.2,,False,376.999
10457,3.282,39.579,291.94,742.543,-1,2,6,43.5,,False,770.6952174630275
10458,0.379,22.511,171.22,263.011,-1,1,10,98.4,,False,170.999
10460,2.923,32.162,238.19,594.3455,-1,2,4,99.6,,False,155.999
10488,0.329,17.308,132.65,222.9116,-1,1,8,98.6,,False,196.5046954666759
10494,0.626,24.314,180.62,508.855,-1,1,11,98.1,,False,388.999
10498,1.507,26.416,197.73,397.2028,-1,2,4,97.2,,False,528.999
10499,2.614,28.936,216.46,407.2208,-1,1,8,98.8,,False,567.999
10500,0.626,25.831,196.7,259.0261,-1,1,4,87.7,,False,712.999
10503,2.314,31.382,232.69,564.2319,-1,2,8,100.0,,False,306.999
10506,1.837,22.42,169.48,301.1105,-1,2,5,99.0,,False,607.999
10509,4.454,29.747,220.91,527.2439,-1,1,7,68.8,,False,799.85677224334
10511,0.525,27.739,207.36,415.2145,-1,3,7,100.0,,False,1275.999
10514,1.691,29.619,220.51,479.2126,-1,2,5,96.6,,False,431.999
10526,2.473,19.373,150.56,179.1058,-1,1,5,99.4,,False,1033.999
10530,0.247,25.687,210.94,96.9597,-1,1,5,53.4,,False,752.2223333333333
10536,0.337,16.611,129.21,174.9901,-1,1,9,98.5,,False,25.444555555555553
10542,0.338,21.641,170.72,146.9817,-1,1,8,94.3,,False,318.999
10543,2.121,28.369,212.52,389.3063,-1,2,7,97.5,,False,435.999
10552,4.426,30.347,226.46,441.3406,-1,2,4,100.0,,False,468.999
10561,2.433,29.067,217.28,417.3368,-1,2,6,97.9,,False,648.999
10563,0.465,15.163,120.13,137.0226,-1,1,9,98.4,,False,1006.999
10565,2.635,31.439,233.77,504.3683,-1,1,7,96.8,,False,447.999
10566,2.396,28.351,212.54,381.2035,-1,2,9,98.4,,False,449.999
10567,0.477,22.371,173.44,187.0079,-1,2,4,83.0,,False,511.999
10569,1.381,38.173,281.13,809.4618,-1,3,9,99.8,,False,593.999
10570,3.235,38.087,281.09,720.5565,-1,4,7,98.7,,False,631.999
10571,2.191,19.297,150.13,176.1422,-1,1,6,98.8,,False,1051.999
10577,0.774,23.351,177.34,272.1304,-1,2,5,99.1,,False,905.999
10580,2.324,30.802,226.24,930.9472,-1,1,10,97.9,,False,448.999
10582,1.356,23.703,178.68,323.2249,-1,1,3,68.0,,False,650.999
10583,2.288,31.105,231.34,499.3638,-1,2,6,82.2,,False,597.999
10584,3.604,25.539,191.96,351.2895,-1,2,9,60.3,,False,450.999
10588,2.05,32.348,239.87,565.3748,-1,2,10,88.0,,False,188.999
10594,3.636,34.025,251.61,642.3805,-1,4,7,63.8,,False,202.999
10599,3.363,28.199,210.54,431.3194,-1,2,6,58.4,,False,577.999
10601,1.716,30.503,226.26,555.3398,-1,3,3,95.5,,False,2108.999
10605,2.407,26.997,202.04,400.2477,-1,1,7,66.5,,False,583.999
10614,4.072,28.14,210.08,433.3357,-1,2,6,83.5,,False,402.57616715197844
10620,2.326,32.49,240.25,641.2718,-1,2,9,97.0,,False,525.999
10621,1.956,27.481,204.93,449.3283,-1,2,6,98.3,,False,583.999
10622,1.868,20.985,161.1,219.1735,-1,1,9,97.2,,False,347.999
10624,3.353,40.765,300.03,850.6002,-1,2,5,49.7,,False,464.999
10625,3.062,33.309,247.5,521.2892,-1,2,10,98.5,,False,373.999
10626,2.515,32.831,242.71,649.1275,-1,2,12,100.0,,False,171.8788793147629
10633,2.78,28.629,213.13,478.2017,-1,3,6,89.1,,False,1126.0001111111112
10635,2.281,17.808,133.99,330.76,-1,1,9,94.4,,False,197.999
10637,2.809,30.708,228.36,501.3231,-1,3,5,90.9,,False,1017.999
10641,1.626,24.45,181.83,488.931,-1,1,8,98.1,,False,576.999
10643,2.504,32.58,240.9,643.2254,-1,2,10,99.1,,False,289.999
10644,2.668,33.059,244.75,607.3861,-1,2,7,83.2,,False,713.999
10648,0.487,29.345,224.16,245.0493,-1,1,5,95.1,,False,537.999
10653,1.078,25.934,194.14,395.2078,-1,2,5,99.7,,False,372.999
10654,0.367,21.138,160.14,285.0868,-1,1,4,98.1,,False,358.999
10661,2.571,33.455,247.83,592.3928,-1,1,5,92.4,,False,257.999
10663,2.283,27.728,207.67,391.3211,-1,2,7,90.2,,False,425.999
10669,4.468,29.442,220.09,417.3366,-1,2,6,75.1,,False,160.999
10670,3.687,42.107,309.8,872.6997,-1,3,4,77.9,,False,506.999
10673,0.338,23.239,181.59,167.0188,-1,1,9,85.2,,False,91.999
10674,3.429,25.284,196.82,177.1628,-1,1,8,95.7,,False,245.999
10677,2.6,23.962,180.37,336.167,-1,3,3,92.3,,False,2661.999
10680,1.041,25.947,194.44,383.241,-1,2,5,100.0,,False,82.999
10682,0.531,15.982,123.66,188.9346,-1,1,8,99.7,,False,214.999
10686,2.278,19.516,152.4,167.1417,-1,1,8,97.1,,False,527.999
10687,0.584,37.278,274.69,781.4483,-1,3,6,100.0,,False,692.999
10692,0.344,22.584,171.25,280.9769,-1,1,8,99.0,,False,390.999
10693,2.05,26.369,197.36,398.207,-1,3,6,100.0,,False,367.999
10696,2.327,31.942,234.29,1038.9332,-1,1,12,96.5,,False,176.51392777144252
10704,1.433,32.694,242.21,589.3624,-1,3,8,100.0,,False,158.999
10706,1.924,25.419,190.94,357.1341,-1,2,7,100.0,,False,586.999
10707,1.555,27.494,206.69,351.2557,-1,2,4,92.5,,False,286.999
10709,0.683,24.926,186.98,370.0881,-1,1,3,98.1,,False,2632.999
10714,1.587,26.435,198.16,380.2455,-1,1,8,96.9,,False,455.999
10716,1.16,31.056,255.78,94.9232,-1,1,10,96.8,,False,363.999
10717,3.086,29.592,221.4,406.3049,-1,2,7,92.9,,False,273.999
10720,1.5,25.104,188.31,371.1705,-1,3,6,97.9,,False,600.999
10721,3.319,25.542,193.74,281.2271,-1,1,9,97.3,,False,423.999
10722,2.425,38.568,284.2,778.4787,-1,3,3,99.8,,False,649.999
10724,2.765,30.863,230.2,449.3302,-1,3,5,94.0,,False,1614.999
10726,0.918,27.111,223.21,94.9233,-1,1,9,97.8,,False,255.999
10728,3.751,30.839,230.28,433.333,-1,2,6,90.8,,False,717.999
10729,0.775,25.023,187.43,386.9422,-1,1,10,82.5,,False,212.66677777777775
10733,2.417,23.11,202.93,59.0127,-1,1,10,88.1,,False,649.999
10735,3.015,36.367,268.29,731.386,-1,5,6,100.0,,False,155.999
10737,2.546,32.693,242.18,592.3272,-1,3,3,95.3,,False,629.999
10738,1.72,28.581,213.0,461.3099,-1,2,5,74.7,,False,463.999
10740,1.306,12.84,102.04,130.9293,-1,1,9,93.1,,False,131.11122222222224
10741,0.423,25.906,192.49,508.9402,-1,1,14,84.6,,False,60.05841747641466
10742,1.077,27.395,220.31,118.9398,-1,1,10,98.8,,False,160.999
10746,0.708,30.187,223.77,569.2511,-1,4,5,100.0,,False,892.999
10748,1.228,30.263,225.67,453.2332,-1,2,9,91.0,,False,644.999
10750,2.697,25.159,189.1,351.2549,-1,1,3,64.0,,False,2249.999
10751,1.146,30.984,234.92,286.9839,-1,1,9,92.8,,False,498.5556666666667
10755,3.866,34.086,252.57,585.4199,-1,1,4,96.5,,False,282.999
10758,2.096,38.192,281.24,815.4112,-1,3,9,100.0,,False,657.999
10759,2.704,34.899,258.09,642.4061,-1,6,6,89.1,,False,289.999
10760,0.601,23.672,178.89,304.9383,-1,1,10,77.4,,False,191.6261291234323
10761,2.159,31.397,233.08,537.3814,-1,2,10,93.7,,False,295.999
10762,0.826,25.447,204.59,118.967,-1,1,9,51.0,,False,141.61628428824554
10765,0.627,29.417,242.25,94.9233,-1,1,10,99.7,,False,507.4513671716275
10767,4.479,34.159,252.99,598.5144,-1,3,5,82.1,,False,2406.8737521467033
10769,4.665,43.389,318.94,929.5825,-1,3,6,100.0,,False,550.999
10771,1.944,25.372,190.55,359.2222,-1,2,8,72.7,,False,543.999
10775,2.744,24.754,186.33,337.2744,-1,2,4,64.9,,False,1010.999
10776,1.092,27.475,206.21,368.1593,-1,2,5,96.1,,False,766.999
10778,0.402,27.265,204.1,397.1695,-1,2,7,100.0,,False,235.999
10779,2.189,31.255,231.79,560.2867,-1,2,5,99.8,,False,286.999
10780,2.083,28.512,212.53,457.3158,-1,2,7,65.3,,False,773.7778888888889
10781,2.78,24.805,183.57,596.9048,-1,1,7,98.3,,False,433.999
10783,1.356,25.571,192.14,354.2295,-1,1,7,88.9,,False,443.999
10785,1.603,33.309,246.29,645.2874,-1,2,7,99.9,,False,573.999
10787,2.799,29.221,217.77,462.2049,-1,3,5,75.2,,False,537.999
10789,2.886,21.72,164.89,273.1328,-1,2,8,96.0,,False,339.999
10790,2.181,30.363,225.86,495.3329,-1,2,6,80.5,,False,310.999
10792,2.398,25.484,191.61,348.256,-1,1,5,95.1,,False,788.999
10797,0.454,23.691,179.02,304.9389,-1,1,10,70.1,,False,205.81983659133567
10803,4.003,32.3,240.41,487.3808,-1,2,5,78.7,,False,666.999
10807,1.356,27.304,203.03,497.1207,-1,2,9,99.2,,False,271.999
10817,0.605,13.838,109.59,136.8895,-1,1,7,86.5,,False,693.999
10818,1.988,31.988,236.97,589.2741,-1,3,8,99.9,,False,347.999
10819,0.413,30.374,233.69,215.0303,-1,1,5,65.5,,False,117.999
10820,3.784,46.594,341.79,1086.8197,-1,2,6,93.7,,False,643.999
10823,0.747,21.943,164.29,386.9389,-1,1,6,98.2,,False,567.999
10829,1.439,37.053,273.14,765.4351,-1,2,9,100.0,,False,385.999
10831,0.386,27.136,208.89,212.0003,-1,1,6,97.6,,False,1984.999
10834,2.89,26.776,200.6,387.3097,-1,2,6,99.5,,False,467.999
10835,2.616,34.129,252.57,621.4376,-1,3,7,71.3,,False,646.999
10842,1.6,28.108,209.86,432.1925,-1,2,8,98.8,,False,203.999
10843,3.801,33.552,248.77,568.47,-1,2,3,55.1,,False,1971.999
10849,1.446,37.518,276.15,838.4587,-1,4,5,100.0,,False,217.999
10851,0.639,17.611,136.23,191.0323,-1,2,5,100.0,,False,646.999
10852,2.493,25.397,187.96,598.6489,-1,3,6,100.0,,False,391.999
10853,0.753,22.416,169.97,280.8936,-1,1,9,84.3,,False,399.999
10854,2.929,33.901,250.7,642.3656,-1,2,4,65.9,,False,339.999
10857,1.832,20.982,160.68,229.1766,-1,2,7,98.1,,False,630.7778888888889
10859,3.19,30.008,224.4,413.3058,-1,2,7,100.0,,False,487.999
10861,1.379,29.785,221.27,519.3227,-1,1,6,82.6,,False,449.999
10862,0.436,29.058,214.87,632.9545,-1,1,7,98.5,,False,107.999
10865,3.529,34.691,256.33,668.3976,-1,3,9,90.0,,False,580.999
10867,2.605,22.294,168.85,288.1021,-1,1,8,99.0,,False,221.999
10869,2.306,38.798,284.25,1178.0352,-1,1,8,96.5,,False,461.999
10870,1.64,21.586,164.4,255.1119,-1,1,7,90.7,,False,711.999
10871,2.238,23.296,176.63,282.2491,-1,1,8,60.0,,False,480.999
10872,2.856,41.813,307.3,928.5781,-1,3,5,100.0,,False,666.999
10876,3.219,27.273,204.18,395.3904,-1,2,3,56.2,,False,1519.999
10877,3.277,26.124,198.17,281.2255,-1,2,5,91.9,,False,461.999
10878,2.802,28.086,209.32,459.3467,-1,2,8,99.3,,False,454.999
10879,2.632,44.287,324.82,1098.5612,-1,4,6,100.0,,False,250.999
10880,4.606,31.271,232.61,497.4207,-1,2,3,82.6,,False,372.999
10881,4.479,29.543,219.45,520.2503,-1,2,6,78.5,,False,388.999
10886,2.884,24.74,186.18,339.1433,-1,1,7,92.7,,False,607.999
10889,1.564,22.595,171.79,265.2154,-1,2,6,82.4,,False,269.999
10892,2.441,28.674,214.64,399.2503,-1,2,9,99.6,,False,186.999
10893,2.681,30.74,228.97,473.3272,-1,3,3,94.7,,False,1793.999
10894,1.574,34.593,255.3,713.352,-1,3,3,100.0,,False,761.999
10896,3.5,32.699,242.14,599.3623,-1,3,6,87.6,,False,346.55566666666664
10897,1.983,24.022,181.46,308.2224,-1,1,10,99.5,,False,203.999
10898,1.421,31.913,236.54,574.3651,-1,1,6,94.6,,False,633.999
10900,2.085,26.212,196.02,407.2242,-1,3,4,79.5,,False,624.1112222222222
10901,1.346,33.592,248.46,637.1991,-1,3,6,100.0,,False,329.999
10902,1.995,29.611,220.3,490.3487,-1,1,5,56.5,,False,681.999
10908,1.578,32.554,243.84,395.1883,-1,2,6,83.1,,False,318.999
10911,1.085,24.53,183.99,371.1141,-1,1,8,98.5,,False,168.999
10912,4.781,26.945,201.85,387.3296,-1,2,3,100.0,,False,959.999
10916,2.838,26.098,195.91,364.2871,-1,1,9,96.5,,False,509.44455555555555
10918,1.186,24.786,186.24,353.2337,-1,2,6,90.6,,False,1054.999
10925,0.509,27.304,209.9,217.0283,-1,1,9,88.3,,False,360.999
10928,0.449,29.494,220.19,435.2226,-1,2,8,100.0,,False,190.999
10929,0.657,19.72,165.62,79.9549,-1,1,5,98.7,,False,161.999
10933,0.582,27.069,201.66,464.3017,-1,2,8,98.0,,False,496.999
10935,1.953,25.865,194.4,352.2847,-1,2,4,98.7,,False,490.999
10936,3.445,19.839,148.47,387.9805,-1,1,7,94.5,,False,804.999
10937,2.677,26.507,198.32,402.2149,-1,2,8,98.8,,False,455.999
10938,3.385,33.555,249.31,523.3062,-1,2,9,97.9,,False,460.999
10942,1.704,24.442,184.51,313.1819,-1,2,4,92.7,,False,140.889
10944,2.074,28.999,215.76,490.2586,-1,2,3,65.0,,False,127.999
10945,3.164,25.805,194.49,327.2539,-1,2,5,100.0,,False,708.999
10946,0.545,23.723,178.06,362.8989,-1,1,11,77.4,,False,273.999
10951,3.442,34.945,258.58,626.4709,-1,1,9,57.6,,False,408.999
10954,2.783,40.307,296.84,814.5635,-1,2,4,100.0,,False,93.00011111111111
10955,1.55,28.583,212.76,481.2244,-1,3,3,100.0,,False,2180.999
10964,1.514,29.119,217.36,437.1975,-1,2,5,96.8,,False,462.999
10965,3.071,35.333,261.65,603.428,-1,2,5,86.6,,False,701.999
10967,0.385,22.156,167.83,287.1842,-1,1,8,98.9,,False,65.999
10970,0.669,20.26,154.89,236.104,-1,1,5,39.6,,False,1517.999
10976,2.465,30.295,225.64,473.2467,-1,2,5,93.2,,False,598.999
10979,3.089,28.848,214.68,485.2686,-1,2,9,97.9,,False,584.3334444444445
10981,1.054,29.96,222.42,535.1881,-1,3,5,100.0,,False,763.999
10983,3.265,40.157,295.7,824.5856,-1,2,4,44.0,,False,1076.999
10984,2.311,39.272,289.32,793.54,-1,2,9,47.2,,False,390.11122222222224
10986,3.953,35.286,260.98,639.5214,-1,2,7,99.7,,False,239.999
10988,0.399,20.26,153.49,283.9566,-1,1,3,99.3,,False,1954.999
10990,1.268,32.608,244.2,397.2063,-1,1,5,96.5,,False,771.999
10991,3.906,39.788,581.11,816.7322,-2,4,3,53.1,,False,1605.999
10994,0.518,26.038,200.15,217.028,-1,1,9,88.6,,False,569.999
10996,1.224,27.787,207.75,413.1993,-1,2,4,97.3,,False,550.999
10997,2.26,28.783,214.06,497.2564,-1,2,5,93.2,,False,320.999
11000,2.57,36.924,272.34,742.5432,-1,3,3,52.5,,False,1145.999
11003,0.678,14.002,109.74,155.8628,-1,1,7,98.3,,False,592.999
11005,2.188,29.641,217.88,880.9488,-1,1,9,88.6,,False,156.77788888888892
11006,0.354,20.723,157.75,257.0758,-1,1,8,80.8,,False,66.999
11008,0.731,21.483,161.1,368.8927,-1,1,11,99.1,,False,246.999
11010,2.257,27.953,208.94,417.2841,-1,3,3,92.9,,False,1022.999
11012,2.508,27.776,208.32,375.2914,-1,2,5,92.1,,False,1017.999
11013,2.093,25.076,188.31,359.1869,-1,2,4,82.4,,False,403.999
11016,1.12,30.931,229.22,577.1094,-1,2,11,98.7,,False,240.999
11020,2.773,30.502,226.38,541.2553,-1,2,8,82.4,,False,386.999
11021,4.361,27.807,207.83,417.3378,-1,2,6,82.4,,False,613.999
11023,0.599,33.726,278.49,92.9265,-1,1,12,88.1,,False,463.07264281675407
11024,3.46,30.347,226.69,428.3234,-1,2,4,85.2,,False,796.999
11025,1.9,24.84,186.78,347.2203,-1,2,7,99.1,,False,173.999
11026,1.075,40.023,294.2,921.3162,-1,3,8,100.0,,False,212.999
11027,3.215,26.109,381.48,706.8847,-2,3,5,99.7,,False,485.999
11033,2.678,29.656,221.44,433.2963,-1,2,4,100.0,,False,280.999
11034,2.319,13.84,109.61,136.8887,-1,1,4,60.1,,False,390.999
11037,1.5,32.63,242.14,549.2898,-1,2,7,97.8,,False,248.999
11038,0.899,29.759,245.07,94.9242,-1,1,7,98.0,,False,412.999
11040,2.473,21.609,166.65,203.1786,-1,2,4,99.9,,False,187.999
11042,3.191,33.315,246.9,580.4307,-1,1,6,52.0,,False,221.999
11043,0.683,11.053,92.42,80.9148,-1,1,12,96.6,,False,186.999
11044,1.286,32.029,237.54,561.2122,-1,2,8,99.5,,False,311.999
11055,2.352,20.329,155.41,236.103,-1,1,4,39.7,,False,791.999
11056,2.663,40.37,296.85,897.4799,-1,3,8,100.0,,False,621.999
11057,3.769,20.869,159.66,233.1886,-1,1,6,98.6,,False,440.999
11058,2.098,22.335,169.14,289.1037,-1,1,7,99.2,,False,557.999
11067,0.845,34.491,284.13,94.9236,-1,1,14,97.2,,False,237.44455555555558
11072,1.675,28.33,211.36,443.338,-1,1,8,54.1,,False,590.999
11075,0.7,27.992,208.12,501.1436,-1,5,5,99.0,,False,335.999
11076,3.477,41.686,306.7,869.6784,-1,3,6,52.5,,False,377.3334444444444
11077,2.124,26.263,196.8,383.2824,-1,2,5,48.4,,False,793.999
11083,4.159,34.786,257.09,661.4662,-1,2,5,93.7,,False,739.999
11084,2.495,26.563,198.89,393.1293,-1,3,4,100.0,,False,423.999
11086,3.865,36.13,266.72,705.4923,-1,3,3,90.3,,False,596.999
11087,0.305,26.978,212.96,146.9804,-1,1,7,95.6,,False,468.999
11088,3.851,35.078,259.48,636.4287,-1,2,5,99.0,,False,312.999
11089,1.645,32.461,240.48,587.383,-1,2,7,97.2,,False,484.999
11092,3.359,43.627,325.06,480.3073,-1,2,6,75.5,,False,441.999
11096,2.226,23.645,178.27,322.1774,-1,3,6,86.8,,False,1684.2106481188885
11097,2.993,19.136,146.57,227.0015,-1,2,5,98.4,,False,989.999
11098,1.079,29.631,219.85,547.113,-1,2,9,98.7,,False,245.999
11104,3.332,26.898,201.54,385.3323,-1,2,7,68.7,,False,531.999
11105,3.263,27.389,205.0,398.3333,-1,1,7,58.2,,False,578.999
11108,4.487,40.309,297.17,768.5563,-1,2,7,82.4,,False,51.000111111111096
11111,2.833,26.16,196.64,351.2549,-1,1,3,84.2,,False,162.999
11114,3.203,36.518,269.62,702.5024,-1,3,4,52.5,,False,585.999
11115,3.489,28.518,213.23,413.3256,-1,2,4,100.0,,False,687.999
11118,1.35,28.086,210.09,407.2423,-1,2,4,98.0,,False,745.999
11120,2.291,27.75,206.71,467.2663,-1,2,11,100.0,,False,90.3618610710028
11122,0.467,16.992,131.34,193.0118,-1,2,4,97.6,,False,249.999
11128,1.43,23.196,175.84,283.1456,-1,1,11,99.0,,False,302.6667777777778
11129,1.884,27.942,208.31,454.1962,-1,2,9,97.7,,False,298.999
11132,2.866,32.602,241.29,614.3379,-1,2,6,100.0,,False,384.999
11134,0.275,22.179,168.51,268.7995,-1,1,9,80.9,,False,196.7778888888889
11136,2.485,25.335,187.51,596.6509,-1,1,9,99.2,,False,694.999
11138,4.091,30.377,225.83,505.3898,-1,2,5,47.4,,False,736.999
11139,3.49,34.927,258.59,610.4773,-1,1,3,36.2,,False,1094.999
11147,1.685,23.477,183.0,173.0951,-1,1,7,85.9,,False,776.999
11149,3.353,30.523,226.76,520.3432,-1,1,4,86.0,,False,1460.999
11150,2.838,29.178,217.09,490.2936,-1,3,6,91.8,,False,400.999
11151,0.303,24.79,195.65,146.9806,-1,1,5,97.2,,False,621.999
11152,2.406,26.547,198.46,413.2094,-1,1,8,95.9,,False,333.999
11157,2.322,23.427,177.56,284.2657,-1,1,8,63.4,,False,297.999
11158,1.922,29.556,220.22,465.3232,-1,2,6,90.5,,False,447.999
11159,4.898,38.842,286.35,762.5483,-1,3,5,70.6,,False,2200.999
11162,1.455,17.629,132.63,330.9792,-1,1,12,99.2,,False,96.04709387908076
11165,1.705,28.077,209.01,479.2096,-1,3,4,97.0,,False,1084.999
11169,1.23,25.058,187.89,375.1816,-1,2,10,98.3,,False,385.999
11170,3.171,30.212,224.06,557.3018,-1,2,6,91.7,,False,581.999
11173,3.82,36.308,268.21,681.4916,-1,2,7,88.7,,False,732.999
11175,4.604,43.025,316.22,929.5904,-1,2,4,100.0,,False,354.999
11177,4.03,33.929,251.11,615.4656,-1,3,5,67.6,,False,87.11122222222218
11178,4.491,29.523,219.38,514.2551,-1,1,5,74.3,,False,231.999
11183,2.444,31.62,235.65,465.2684,-1,2,6,100.0,,False,275.999
11185,2.931,46.233,338.98,1131.6914,-1,3,10,93.3,,False,265.999
11186,3.703,28.896,215.43,455.2844,-1,2,5,99.7,,False,124.999
11187,0.385,23.507,176.31,370.098,-1,2,5,99.0,,False,1089.999
11193,0.828,13.642,106.11,172.8291,-1,1,6,73.4,,False,407.999
11198,4.061,26.528,198.82,381.3398,-1,2,5,64.8,,False,115.94978290659014
11201,1.395,32.334,238.97,657.3352,-1,2,4,100.0,,False,606.999
11206,1.572,28.95,214.82,542.2541,-1,3,6,88.6,,False,259.999
11209,2.71,21.927,169.01,205.1939,-1,2,7,99.1,,False,493.999
11212,1.428,28.299,210.78,469.2821,-1,2,5,92.8,,False,456.999
11217,3.095,34.755,257.01,642.4146,-1,5,3,60.0,,False,69.999
11219,3.439,26.739,197.93,596.9838,-1,1,8,97.7,,False,381.999
11221,2.242,25.496,191.37,365.2679,-1,1,6,61.1,,False,298.7778888888889
11230,3.519,36.933,272.8,684.6104,-1,2,6,47.2,,False,796.999
11231,2.998,30.953,229.73,542.3288,-1,2,5,76.7,,False,672.999
11232,4.23,34.584,255.74,642.4894,-1,3,8,83.4,,False,381.55566666666664
11234,2.795,34.502,255.22,632.3613,-1,2,7,81.3,,False,777.999
11235,1.565,28.242,210.68,445.2854,-1,2,4,82.4,,False,1180.999
11243,3.382,20.131,153.89,236.1063,-1,1,4,44.0,,False,747.999
11245,1.619,24.55,184.32,361.1656,-1,2,4,87.1,,False,531.999
11251,4.587,35.509,262.37,670.5233,-1,5,5,97.0,,False,1272.999
11255,1.413,23.096,174.37,311.1022,-1,2,9,98.1,,False,307.999
11256,2.432,27.104,202.79,403.1879,-1,1,8,96.3,,False,608.999
11257,0.634,27.73,211.16,260.0285,-1,2,7,97.9,,False,242.999
11260,1.166,26.09,196.6,329.1756,-1,1,6,93.2,,False,544.999
11262,3.228,33.69,248.95,661.3916,-1,4,3,100.0,,False,76.999
11263,1.31,23.606,178.48,301.1637,-1,1,6,87.9,,False,531.999
11268,3.42,26.398,200.12,285.2495,-1,1,5,69.9,,False,628.999
11271,3.156,26.718,199.93,401.2453,-1,2,8,53.9,,False,318.999
11272,0.402,15.032,122.12,105.0322,-1,1,7,99.6,,False,1071.999
11275,3.7,35.595,263.07,663.4667,-1,2,5,72.1,,False,248.999
11280,0.748,16.708,127.28,248.8533,-1,1,4,96.5,,False,2484.999
11284,3.474,40.665,299.24,855.5382,-1,3,6,99.3,,False,406.44455555555555
11286,3.648,31.486,233.6,550.3553,-1,2,7,98.8,,False,945.999
11287,1.431,17.704,137.14,187.0051,-1,1,7,83.0,,False,941.999
11290,2.437,26.839,197.88,726.9649,-1,1,9,98.0,,False,219.889
11295,4.681,27.702,207.0,419.3566,-1,2,3,61.3,,False,802.999
11296,2.699,35.984,265.38,742.3556,-1,2,12,98.7,,False,214.999
11304,3.071,32.962,244.18,592.364,-1,1,5,48.8,,False,494.999
11305,0.935,23.771,179.32,318.1691,-1,2,6,98.0,,False,420.999
11308,0.514,18.619,143.87,195.0641,-1,1,9,99.4,,False,205.999
11309,1.068,28.26,210.73,451.1418,-1,1,4,65.6,,False,634.999
11311,0.25,25.835,377.59,679.7863,-2,3,4,72.8,,False,679.999
11315,1.882,31.156,231.41,527.2697,-1,2,8,96.6,,False,255.999
11316,3.4,39.352,292.68,508.3422,-1,1,5,94.5,,False,400.999
11318,1.296,30.647,227.26,562.3015,-1,2,7,100.0,,False,349.999
11321,1.56,30.357,224.75,602.2749,-1,3,5,99.1,,False,192.999
11323,1.732,22.879,173.6,277.1428,-1,1,9,98.2,,False,160.4679896410487
11324,2.082,25.014,188.03,350.2085,-1,2,8,92.5,,False,522.999
11325,0.651,23.21,175.28,309.208,-1,2,6,76.7,,False,358.999
11327,0.758,24.08,180.6,371.0774,-1,2,7,99.0,,False,386.0001111111111
11328,2.787,33.378,247.77,542.3262,-1,2,9,97.9,,False,349.999
11330,0.541,18.757,146.45,167.106,-1,1,6,99.2,,False,590.999
11333,2.049,28.454,212.43,433.2153,-1,2,7,100.0,,False,516.999
11342,1.959,23.848,180.52,293.2463,-1,2,6,84.0,,False,80.999
11343,1.065,38.963,286.84,833.2971,-1,3,4,100.0,,False,147.999
11344,1.169,29.809,221.52,514.3018,-1,2,6,100.0,,False,1769.999
11346,2.461,31.252,232.36,506.3581,-1,1,6,73.5,,False,405.999
11347,3.181,27.412,205.0,409.331,-1,2,6,94.9,,False,243.11122222222224
11349,1.617,21.529,173.28,116.9702,-1,1,5,36.9,,False,404.999
11352,4.695,25.973,195.02,361.3142,-1,2,3,100.0,,False,1165.999
11354,0.784,14.867,114.59,199.8025,-1,1,6,75.3,,False,811.999
11355,0.472,26.484,198.2,399.1838,-1,1,7,94.3,,False,289.999
11356,1.588,23.419,177.05,301.2376,-1,2,7,99.0,,False,560.999
11357,4.754,38.113,281.75,659.5173,-1,2,7,99.9,,False,647.999
11360,0.535,16.754,129.75,186.9368,-1,1,6,98.4,,False,283.999
11361,2.201,23.334,173.29,511.9661,-1,2,3,95.7,,False,1291.999
11363,1.317,28.853,213.9,564.2268,-1,3,5,99.7,,False,374.999
11364,4.046,35.297,260.59,699.3793,-1,3,4,60.0,,False,582.999
11365,1.82,27.032,202.04,416.2482,-1,2,8,96.0,,False,235.999
11366,2.748,42.044,313.27,476.2803,-1,2,4,70.7,,False,1039.999
11369,1.774,26.983,201.58,422.1635,-1,2,7,100.0,,False,216.999
11378,1.507,19.55,152.55,168.9877,-1,1,8,98.7,,False,262.44455555555555
11381,1.043,20.866,159.43,239.0355,-1,1,7,99.3,,False,426.999
11384,0.834,26.166,196.26,373.2065,-1,2,6,98.8,,False,377.999
11386,4.497,32.77,243.33,533.4563,-1,2,3,48.3,,False,72.22233333333331
11390,1.376,25.667,192.47,375.2737,-1,2,6,98.4,,False,579.999
11398,2.769,26.332,197.55,371.315,-1,2,6,100.0,,False,527.999
11399,4.019,22.199,168.89,261.2238,-1,2,3,100.0,,False,1153.999
11403,1.987,23.202,175.97,280.234,-1,1,8,57.3,,False,96.04379134736598
11414,4.208,41.068,302.37,831.6611,-1,3,5,52.5,,False,863.999
11415,2.562,34.641,256.17,642.4063,-1,3,8,84.8,,False,403.999
11416,0.388,31.512,232.35,739.0031,-1,1,9,94.1,,False,224.999
11421,2.977,30.35,225.91,484.3713,-1,1,4,41.3,,False,558.999
11424,2.507,31.869,236.68,528.1821,-1,3,4,100.0,,False,111.999
11425,4.524,38.759,285.75,764.5534,-1,3,4,52.5,,False,191.999
11429,0.48,27.358,204.1,443.2255,-1,2,3,96.9,,False,776.999
11431,1.923,24.008,180.7,337.1693,-1,2,4,96.2,,False,231.66677777777778
11433,2.253,29.032,217.05,415.322,-1,2,7,64.6,,False,458.999
11438,0.517,25.357,187.97,556.862,-1,1,13,89.9,,False,137.153457488511
11442,1.629,26.201,196.34,383.2779,-1,1,7,70.8,,False,371.999
11455,0.358,25.4,200.47,146.981,-1,1,7,53.7,,False,139.999
11458,3.172,32.024,238.31,490.3634,-1,1,5,82.4,,False,878.999
11459,3.482,32.409,240.1,588.3689,-1,2,11,96.9,,False,45.792273304741684
11460,3.659,33.659,255.58,279.232,-1,2,3,85.9,,False,717.999
11463,4.028,27.394,204.47,435.1005,-1,3,7,98.9,,False,273.999
11464,4.463,23.221,173.89,387.0342,-1,2,6,100.0,,False,794.999
11468,3.565,41.251,303.43,881.5586,-1,2,6,97.0,,False,322.999
11469,4.443,21.934,168.25,223.0266,-1,1,6,99.0,,False,974.999
11472,3.874,35.208,260.42,637.5076,-1,3,7,88.2,,False,196.999
11474,2.531,33.6,249.37,547.3474,-1,3,4,82.4,,False,323.999
11479,3.415,46.249,339.39,1060.8021,-1,5,8,94.0,,False,686.999
11481,3.796,32.199,238.55,586.3537,-1,2,11,66.9,,False,296.0001111111111
11482,1.496,38.445,282.67,897.6283,-1,2,4,100.0,,False,1018.999
11483,2.757,34.963,258.46,654.4422,-1,1,9,78.6,,False,208.999
11486,2.986,21.411,161.74,305.03,-1,2,4,100.0,,False,1087.999
11492,1.974,25.687,192.94,358.1587,-1,3,8,96.0,,False,257.999
11501,1.764,22.179,168.9,256.2355,-1,1,7,72.8,,False,287.4445555555556
11503,2.214,32.608,242.12,535.3103,-1,3,3,100.0,,False,270.999
11504,1.898,30.92,229.42,546.353,-1,2,3,96.3,,False,804.999
11505,3.232,34.622,255.82,668.3977,-1,3,7,100.0,,False,1086.999
11507,3.13,38.155,281.03,801.479,-1,3,8,96.5,,False,562.4163959941702
11508,3.458,21.521,163.1,283.0686,-1,4,4,96.8,,False,242.999
11509,2.869,40.231,296.16,838.5633,-1,2,3,77.8,,False,103.999
11511,3.6,40.008,294.53,827.6071,-1,3,3,52.5,,False,927.4445555555556
11516,1.427,31.066,230.51,547.3504,-1,2,6,96.1,,False,934.999
11517,1.261,30.129,223.85,519.3186,-1,3,6,98.6,,False,597.999
11518,3.061,32.014,238.45,474.3598,-1,2,9,99.4,,False,470.999
11519,3.83,13.064,99.23,257.9389,-1,1,3,48.2,,False,1163.999
11520,2.433,23.325,177.83,251.2369,-1,1,6,97.8,,False,457.999
11522,0.426,32.236,248.05,215.0312,-1,1,9,83.7,,False,136.999
11523,3.248,41.766,307.23,882.5898,-1,4,10,93.7,,False,209.889
11525,1.074,33.501,247.69,647.1438,-1,2,7,100.0,,False,262.999
11531,3.279,31.846,236.01,578.3468,-1,3,9,91.1,,False,256.889
11534,1.599,30.099,223.13,568.2621,-1,2,7,100.0,,False,440.999
11538,3.931,33.476,247.54,642.4189,-1,2,7,98.5,,False,410.999
11541,1.567,21.453,163.52,251.1172,-1,1,5,99.2,,False,577.999
11542,1.135,28.132,231.64,94.9231,-1,1,12,99.0,,False,35.38393175467556
11544,1.162,23.868,179.8,329.1754,-1,2,6,82.4,,False,773.999
11546,3.874,35.441,262.02,651.5107,-1,4,3,70.7,,False,101.999
11547,2.896,34.99,258.54,671.4649,-1,3,4,89.5,,False,835.999
11551,3.736,32.204,239.36,513.3605,-1,2,7,68.1,,False,1242.999
11554,2.912,33.853,250.41,634.3758,-1,3,4,93.7,,False,772.999
11561,4.092,40.539,298.87,768.5586,-1,5,6,52.5,,False,252.7778888888889
11563,1.32,30.178,224.18,521.3354,-1,2,7,100.0,,False,249.999
11572,3.61,40.276,296.92,767.5339,-1,3,8,100.0,,False,323.999
11579,1.355,28.323,210.77,485.1528,-1,4,5,98.9,,False,129.999
11581,0.719,23.368,176.59,304.1587,-1,1,4,99.4,,False,932.999
11589,1.639,28.176,210.02,457.2807,-1,2,9,95.8,,False,278.6667777777778
11591,0.584,23.619,193.93,96.9196,-1,1,8,82.9,,False,435.999
11592,3.091,20.79,159.56,220.1682,-1,2,8,90.4,,False,423.999
11594,1.753,32.206,239.4,511.2749,-1,1,7,98.2,,False,235.999
11596,1.455,28.953,215.86,455.165,-1,3,4,87.7,,False,717.999
11601,0.263,26.429,206.59,167.0206,-1,1,3,79.7,,False,908.999
11606,0.509,24.632,189.4,215.0307,-1,1,6,90.9,,False,1023.999
11611,2.964,30.171,224.18,517.2561,-1,2,6,97.0,,False,580.889
11612,0.927,29.918,221.47,604.2623,-1,4,4,99.0,,False,54.999
11613,4.492,32.606,241.08,645.1335,-1,6,3,100.0,,False,968.999
11617,4.72,38.654,286.12,621.4402,-1,2,9,98.8,,False,479.999
11618,4.401,35.526,262.65,651.5238,-1,3,7,78.4,,False,226.999
11619,1.359,21.443,162.73,275.0406,-1,2,5,98.4,,False,285.999
11621,2.621,25.346,191.21,319.2287,-1,2,6,88.5,,False,1164.8669809925232
11626,1.086,34.007,250.96,713.1176,-1,2,8,100.0,,False,272.999
11629,2.456,22.537,172.8,225.2205,-1,1,4,66.6,,False,1031.999
11631,1.344,23.393,176.22,329.113,-1,2,6,99.2,,False,424.999
11635,3.191,35.088,259.06,699.2896,-1,4,6,99.9,,False,525.999
11636,3.457,22.673,171.28,306.1374,-1,1,3,60.4,,False,949.999
11638,3.779,35.783,264.37,676.4965,-1,3,5,89.2,,False,531.999
11639,0.45,31.874,245.14,217.0279,-1,1,10,89.6,,False,613.999
11643,1.078,34.82,256.93,719.1349,-1,2,10,97.2,,False,247.999
11646,4.404,33.877,249.62,776.1278,-1,3,4,100.0,,False,2031.999
11647,2.913,44.259,324.89,1021.6348,-1,3,8,88.2,,False,502.999
11648,3.46,33.147,245.53,592.4002,-1,1,5,87.8,,False,144.999
11649,1.925,30.807,228.62,545.2857,-1,4,7,97.3,,False,548.999
11653,4.625,30.25,224.4,550.2622,-1,1,5,89.1,,False,487.999
11655,1.645,29.001,239.39,92.926,-1,1,14,84.9,,False,127.3625052751616
11657,1.615,16.855,131.61,166.0484,-1,1,7,99.4,,False,523.999
11659,3.957,45.798,336.25,1009.8429,-1,3,7,99.8,,False,507.999
11663,0.526,23.945,179.23,393.0645,-1,2,5,100.0,,False,1209.999
11664,2.709,33.938,250.92,648.355,-1,3,7,91.1,,False,387.999
11666,2.787,31.509,233.59,570.323,-1,1,10,82.3,,False,398.999
11667,3.193,26.688,199.33,425.2193,-1,2,7,98.5,,False,469.999
11671,4.815,44.855,329.45,985.6113,-1,3,7,100.0,,False,917.999
11676,4.179,41.772,307.2,896.6393,-1,3,6,52.5,,False,428.66677777777784
11678,1.733,32.185,236.7,864.9798,-1,1,9,97.6,,False,103.84235420193363
11684,2.928,30.421,226.27,496.3738,-1,2,6,69.8,,False,298.999
11685,0.346,25.641,193.4,320.9704,-1,1,7,99.1,,False,272.999
11687,2.493,27.288,204.07,409.2972,-1,2,4,66.8,,False,1940.3334444444445
11688,2.094,33.193,245.37,651.2808,-1,3,4,100.0,,False,600.999
11689,0.482,35.329,271.91,215.033,-1,1,7,90.4,,False,432.999
11692,1.715,27.789,206.92,473.2908,-1,3,3,88.9,,False,460.999
11695,3.975,30.319,225.62,488.3795,-1,1,5,99.1,,False,490.999
11696,2.308,35.637,262.71,759.296,-1,2,6,96.2,,False,597.999
11698,1.448,38.507,282.95,941.5886,-1,3,4,100.0,,False,149.999
11701,2.469,22.963,174.51,268.263,-1,1,4,97.6,,False,533.999
11705,2.876,31.064,231.04,499.3078,-1,3,7,97.1,,False,502.999
11707,2.145,22.457,167.72,418.9729,-1,1,9,89.6,,False,5.799397371527732
11708,0.826,21.601,163.46,293.0112,-1,2,5,100.0,,False,158.999
11710,0.893,27.05,214.26,141.0136,-1,1,5,70.1,,False,681.999
11711,3.357,12.083,96.33,125.8982,-1,1,3,60.3,,False,1606.999
11712,3.24,26.025,195.19,373.2779,-1,2,6,97.5,,False,148.7902965178386
11713,1.421,23.861,179.84,325.2378,-1,2,5,41.2,,False,625.999
11714,1.257,26.341,196.88,415.2175,-1,1,8,97.2,,False,668.999
11715,1.581,31.176,230.57,634.2114,-1,2,7,100.0,,False,268.999
11716,3.837,26.592,199.4,377.1344,-1,2,3,100.0,,False,783.999
11718,1.16,34.172,253.2,587.327,-1,3,5,100.0,,False,726.999
11719,0.335,24.75,186.76,316.8897,-1,1,9,98.5,,False,123.999
11721,0.23,19.208,150.54,158.9599,-1,1,15,99.7,,False,160.99020255471976
11723,0.467,18.627,144.32,187.0056,-1,2,4,89.2,,False,220.999
11726,0.588,27.263,209.7,215.0311,-1,1,9,98.7,,False,296.999
11727,1.499,29.0,217.09,399.2208,-1,2,7,60.2,,False,1175.999
11728,0.312,28.789,224.72,171.0262,-1,1,5,87.3,,False,36.00011111111111
11729,0.375,29.443,218.84,508.292,-1,2,5,100.0,,False,578.999
11730,0.891,17.066,132.76,175.0374,-1,1,4,98.9,,False,478.999
11732,3.041,27.684,207.0,411.3508,-1,2,3,75.2,,False,1494.7778888888888
11736,2.722,27.735,207.64,396.2671,-1,1,6,97.7,,False,443.999
11740,0.509,29.971,246.82,94.9234,-1,1,7,50.4,,False,770.999
11749,3.302,46.749,342.89,1105.7485,-1,3,7,92.3,,False,462.999
11752,0.665,12.626,98.76,158.9094,-1,1,8,67.4,,False,158.66677777777784
11753,1.626,30.806,228.2,587.1696,-1,5,6,100.0,,False,452.999
11756,3.558,35.22,260.55,633.4785,-1,3,3,59.3,,False,1260.999
11757,4.039,31.236,232.31,500.3834,-1,1,4,41.4,,False,1079.999
11760,3.013,29.039,216.09,487.2817,-1,2,5,90.3,,False,104.999
11762,4.464,43.226,317.14,1063.3836,-1,4,5,100.0,,False,1012.999
11763,4.133,36.691,270.87,704.5271,-1,1,7,73.1,,False,254.999
11769,1.092,29.335,220.16,370.1765,-1,2,8,96.6,,False,425.999
11772,1.445,39.91,293.11,977.5667,-1,4,4,100.0,,False,266.999
11773,3.724,33.41,247.13,632.3978,-1,3,8,97.5,,False,82.7778888888889
11774,2.681,31.911,236.42,587.2676,-1,6,7,98.2,,False,352.999
11776,1.986,27.598,207.94,331.2635,-1,2,6,99.1,,False,575.999
11780,0.545,33.971,261.43,215.0316,-1,1,7,85.6,,False,308.999
11783,4.007,33.752,249.82,615.3869,-1,2,7,99.0,,False,176.999
11787,2.122,25.91,194.32,374.2364,-1,1,3,73.0,,False,1489.999
11790,0.249,19.617,148.53,287.0059,-1,1,6,83.0,,False,650.999
11791,0.781,25.639,192.13,383.1516,-1,2,5,96.5,,False,647.999
11792,1.337,23.153,175.04,301.2379,-1,2,5,100.0,,False,320.999
11793,3.228,32.768,243.09,555.3579,-1,1,4,46.2,,False,963.999
11796,2.654,33.753,249.64,636.3556,-1,3,4,78.6,,False,384.999
11798,2.665,34.802,257.36,644.4207,-1,3,6,97.8,,False,695.999
11800,1.051,17.951,157.49,59.0133,-1,1,4,43.0,,False,984.999
11805,0.52,25.409,195.4,215.0324,-1,1,6,81.2,,False,125.999
11806,1.128,26.615,198.96,413.2022,-1,2,6,98.2,,False,877.999
11807,2.542,42.668,313.36,989.5263,-1,4,4,100.0,,False,276.999
11809,1.715,30.186,249.2,92.9261,-1,1,13,99.6,,False,97.09645339532926
11810,1.859,32.764,243.26,537.3259,-1,2,8,97.9,,False,480.999
11811,1.731,28.265,210.65,459.2995,-1,2,5,68.4,,False,938.999
11812,2.048,32.255,239.07,575.3632,-1,2,6,91.9,,False,139.999
11813,2.061,24.765,183.9,518.7399,-1,3,5,100.0,,False,676.999
11819,3.621,22.599,173.02,231.2105,-1,1,9,99.2,,False,613.999
11821,1.109,27.869,208.34,415.2178,-1,3,3,100.0,,False,2498.999
11822,3.045,26.462,197.34,447.1701,-1,2,7,99.9,,False,560.999
11823,2.48,41.715,311.7,433.2362,-1,2,6,98.0,,False,531.999
11824,2.815,31.604,234.8,522.3897,-1,1,4,42.0,,False,483.999
11825,1.359,37.665,282.17,397.2058,-1,2,5,74.4,,False,475.999
11826,0.366,15.252,120.99,135.0278,-1,1,6,98.3,,False,648.999
11827,3.268,35.706,263.89,665.5131,-1,2,4,100.0,,False,113.999
11830,3.054,23.284,176.24,293.2102,-1,1,7,46.3,,False,238.0001111111111
11833,0.617,33.026,272.7,92.9262,-1,1,11,95.8,,False,727.889
11836,2.583,28.772,235.3,100.9994,-1,1,6,99.7,,False,465.999
11839,3.418,39.385,300.55,253.2137,-1,2,4,82.4,,False,836.999
11844,3.355,39.615,291.53,854.5069,-1,2,4,66.3,,False,585.999
11845,3.513,33.056,244.82,597.3479,-1,2,4,100.0,,False,1916.999
11846,2.436,21.563,165.35,224.1724,-1,1,5,72.4,,False,832.999
11848,1.856,31.481,233.2,589.2181,-1,3,8,99.3,,False,650.999
11849,4.14,29.176,217.52,454.3971,-1,1,6,51.8,,False,759.0757858424176
11850,2.614,30.761,228.96,485.3262,-1,3,4,81.7,,False,1780.999
11854,2.283,20.589,157.97,221.1513,-1,1,4,98.3,,False,909.999
11857,2.449,30.283,225.49,475.2653,-1,2,5,100.0,,False,55.989366665724674
11859,0.442,27.928,207.13,551.0345,-1,1,9,96.9,,False,315.999
11860,0.33,24.742,186.75,314.8918,-1,1,9,97.7,,False,84.999
11862,3.732,21.355,160.82,329.1629,-1,1,3,67.5,,False,935.999
11864,2.595,30.726,228.01,544.3075,-1,2,7,82.4,,False,835.999
11865,3.423,25.255,190.02,341.3063,-1,2,4,90.8,,False,817.1112222222223
11869,3.704,25.503,190.9,395.2437,-1,3,6,99.2,,False,400.999
11871,3.01,30.074,224.12,463.4825,-1,2,4,100.0,,False,327.999
11874,3.734,26.124,196.86,329.0456,-1,2,4,100.0,,False,657.999
11876,1.202,28.667,215.14,370.1746,-1,1,8,74.2,,False,451.999
11877,1.771,24.741,185.95,351.2531,-1,2,5,82.4,,False,416.999
11879,3.058,25.639,192.67,353.2716,-1,2,3,57.7,,False,1317.999
11882,4.408,33.315,245.62,749.1086,-1,5,4,98.9,,False,1300.999
11883,2.228,22.89,173.51,283.2257,-1,1,5,65.2,,False,83.66677777777772
11884,3.042,27.889,208.07,443.1044,-1,1,6,85.4,,False,334.999
11885,2.364,26.311,197.32,375.252,-1,2,8,72.6,,False,235.999
11888,1.28,36.63,275.13,367.1566,-1,2,7,98.5,,False,90.999
11891,2.244,30.417,226.24,497.2912,-1,2,9,97.8,,False,218.999
11893,2.944,42.642,317.74,478.2906,-1,2,6,81.3,,False,603.999
11897,1.739,30.927,227.55,834.97,-1,1,5,96.5,,False,73.999
11900,1.642,21.773,164.56,301.6253,-1,1,5,84.6,,False,819.999
11902,2.935,29.913,222.26,516.3126,-1,2,5,71.3,,False,539.999
11904,1.205,37.304,280.19,367.1616,-1,1,5,70.4,,False,620.999
11914,2.297,32.043,236.11,769.0806,-1,1,7,91.5,,False,373.999
11917,0.569,22.206,182.29,96.92,-1,1,8,73.2,,False,276.999
11919,2.449,22.218,168.86,267.1142,-1,1,8,97.2,,False,459.999
11920,2.127,22.019,163.93,464.9271,-1,1,7,98.7,,False,175.999
11921,1.409,26.99,201.67,420.2425,-1,2,9,100.0,,False,656.999
11931,3.716,41.042,302.06,853.6162,-1,1,5,44.0,,False,611.999
11934,0.657,23.797,178.22,386.9416,-1,1,10,71.1,,False,224.88899999999998
11938,1.951,27.248,203.59,420.2798,-1,2,4,97.7,,False,946.999
11940,3.329,23.375,175.02,389.0334,-1,2,3,100.0,,False,801.999
11943,1.366,25.418,189.63,439.1198,-1,2,8,98.4,,False,348.999
11944,2.487,22.228,169.45,251.1997,-1,1,9,99.6,,False,242.999
11955,3.413,31.666,235.9,470.3965,-1,2,5,68.1,,False,513.999
11959,3.186,34.928,257.93,688.3896,-1,3,5,67.2,,False,236.999
11962,3.176,36.206,267.34,698.4033,-1,6,3,82.9,,False,333.999
11965,3.347,30.659,228.79,443.3142,-1,2,6,97.7,,False,366.999
11971,1.553,29.333,218.09,503.2063,-1,3,7,100.0,,False,1384.999
11973,0.848,27.099,202.38,427.1858,-1,4,3,85.7,,False,262.999
11981,3.639,27.133,203.21,391.2471,-1,2,9,93.2,,False,350.999
11983,4.133,35.195,260.04,672.5004,-1,2,5,80.3,,False,790.0001111111111
11990,2.664,34.288,254.0,594.4391,-1,1,5,74.3,,False,431.999
11995,0.719,31.363,232.29,593.295,-1,2,7,100.0,,False,791.999
11997,1.035,13.47,105.31,160.84,-1,1,4,79.6,,False,996.999
11998,4.065,21.091,159.84,282.9936,-1,2,4,100.0,,False,1073.999
12004,2.156,29.802,222.82,415.3218,-1,2,8,90.1,,False,334.999
12007,1.664,35.558,286.59,116.9695,-1,1,10,98.9,,False,190.999
12008,1.218,30.349,224.94,573.1725,-1,2,9,97.6,,False,279.999
12009,2.691,32.063,238.12,529.1828,-1,2,3,100.0,,False,1952.999
12013,0.478,26.32,194.99,574.888,-1,1,6,80.5,,False,483.999
12016,1.282,35.754,263.82,721.4081,-1,2,8,100.0,,False,334.999
12023,2.118,31.637,234.49,574.2829,-1,2,7,97.6,,False,428.999
12025,3.41,35.067,259.48,626.4736,-1,2,7,84.7,,False,341.999
12026,1.966,28.704,213.89,463.2692,-1,2,5,75.3,,False,147.999
12027,1.075,34.524,254.91,695.1724,-1,1,9,98.8,,False,308.999
12028,1.958,28.681,214.01,442.296,-1,2,5,71.0,,False,170.999
12030,1.864,31.625,235.26,495.2815,-1,2,6,99.4,,False,208.999
12031,3.895,36.061,266.5,666.5538,-1,3,5,87.3,,False,176.44455555555558
12040,0.515,21.471,162.02,313.0018,-1,1,5,97.3,,False,212.999
12047,2.757,28.818,214.99,445.3669,-1,2,5,53.7,,False,724.999
12052,3.811,36.008,267.04,567.3714,-1,2,6,100.0,,False,225.999
12053,0.414,23.864,179.03,368.0796,-1,2,5,99.2,,False,55.999
12054,3.016,24.73,186.08,340.2316,-1,2,4,99.1,,False,1598.999
12059,3.106,20.88,160.13,223.1679,-1,2,6,99.7,,False,410.999
12063,2.463,19.597,150.9,207.1364,-1,1,5,64.9,,False,237.3334444444444
12065,2.982,28.194,210.1,461.3631,-1,2,6,98.2,,False,886.999
12071,2.223,23.183,175.88,278.2486,-1,1,8,98.9,,False,519.999
12074,0.433,29.021,215.49,528.2651,-1,2,6,98.1,,False,406.999
12075,1.506,15.776,124.49,144.0426,-1,1,5,50.8,,False,495.999
12080,0.552,16.631,129.47,172.9893,-1,1,6,75.7,,False,231.33344444444452
12088,0.567,29.602,227.62,217.0274,-1,1,10,96.7,,False,297.999
12089,2.928,25.492,188.21,670.1,-1,2,3,58.7,,False,826.999
12092,0.828,20.836,158.49,261.0233,-1,2,4,100.0,,False,884.999
12093,1.079,35.705,294.87,92.9266,-1,1,9,98.0,,False,495.999
12095,0.484,29.244,235.6,116.9721,-1,1,8,74.2,,False,129.32510493833684
12096,3.179,24.233,181.58,381.1977,-1,2,3,100.0,,False,1392.999
12098,3.797,28.21,208.7,618.0035,-1,1,7,92.3,,False,336.999
12099,1.743,23.333,176.43,300.225,-1,1,9,97.4,,False,307.999
12101,2.078,33.556,248.97,553.3226,-1,3,4,100.0,,False,1527.999
12103,3.804,24.303,184.95,261.2574,-1,1,8,99.5,,False,501.999
12106,1.184,18.199,140.3,202.0261,-1,1,10,99.6,,False,357.999
12108,2.206,28.624,211.3,686.9791,-1,2,8,98.3,,False,508.999
12109,0.821,22.22,182.4,96.9199,-1,1,8,52.3,,False,156.999
12117,0.37,17.81,145.1,103.0533,-1,1,8,95.4,,False,132.999
12118,3.872,32.191,238.49,587.3297,-1,4,8,97.5,,False,169.999
12121,1.359,30.496,225.67,615.102,-1,3,9,99.1,,False,252.999
12122,2.415,27.755,207.38,421.3312,-1,1,5,52.5,,False,49.55566666666667
12123,3.519,24.244,184.65,257.2256,-1,2,6,84.7,,False,481.999
12124,3.602,25.578,192.83,325.2729,-1,1,4,75.3,,False,548.999
12134,1.112,18.351,139.76,251.9641,-1,1,7,98.7,,False,877.999
12138,0.823,18.8,154.98,92.9262,-1,1,9,77.1,,False,281.2464667263985
12141,2.618,35.958,265.42,709.4257,-1,3,5,82.4,,False,303.999
12146,1.98,19.797,153.74,181.1575,-1,1,7,95.6,,False,314.999
12151,2.268,27.41,204.53,439.1672,-1,3,5,100.0,,False,318.999
12153,0.379,30.605,225.78,714.9596,-1,2,8,88.7,,False,225.999
12155,0.252,23.881,179.43,353.1449,-1,2,4,95.4,,False,1040.999
12157,3.009,25.36,190.61,351.2898,-1,2,4,49.0,,False,502.999
12162,4.823,34.251,253.68,599.5169,-1,2,4,52.1,,False,627.999
12163,1.57,25.31,190.06,360.2826,-1,1,6,90.5,,False,132.999
12164,3.552,33.28,246.86,557.4599,-1,2,5,98.9,,False,304.230223045903
12166,2.841,27.945,208.29,456.2786,-1,1,5,89.4,,False,195.22233333333332
12169,2.056,29.706,220.71,517.2623,-1,2,5,86.4,,False,746.999
12172,0.681,13.977,109.55,155.8636,-1,1,8,88.9,,False,567.999
12175,1.993,28.521,212.52,463.2492,-1,1,5,66.7,,False,210.999
12176,4.53,27.787,208.07,394.3681,-1,2,7,45.0,,False,129.22233333333332
12178,2.567,31.617,234.41,568.3073,-1,2,4,100.0,,False,538.999
12179,3.643,39.622,291.53,861.3612,-1,4,7,96.7,,False,469.999
12184,4.612,29.064,216.11,500.2443,-1,2,6,64.8,,False,1765.6690364943595
12186,3.731,24.658,184.47,401.086,-1,2,4,99.9,,False,572.999
12188,0.963,28.189,209.96,469.247,-1,2,9,97.9,,False,329.999
12189,2.915,34.502,255.31,624.4626,-1,3,5,82.6,,False,216.66677777777778
12192,3.443,23.461,174.23,513.9749,-1,1,6,99.0,,False,538.999
12193,2.736,30.684,228.38,486.2858,-1,1,4,48.2,,False,2173.999
12198,1.745,22.186,168.67,265.1779,-1,1,8,98.1,,False,320.999
12199,0.575,34.789,267.74,215.0314,-1,1,9,92.9,,False,400.999
12200,4.169,31.95,236.55,603.3258,-1,2,7,97.6,,False,474.999
12202,3.024,30.813,228.55,554.3266,-1,1,6,86.8,,False,992.999
12205,2.169,31.879,236.81,525.2857,-1,3,6,100.0,,False,568.999
12209,1.618,27.699,205.05,597.0075,-1,2,3,100.0,,False,369.999
12212,0.319,19.597,148.12,298.8999,-1,1,18,96.1,,False,57.980599003497275
12213,1.258,28.356,211.25,466.2582,-1,2,6,98.9,,False,404.999
12214,0.347,17.641,145.02,94.9243,-1,1,9,99.7,,False,252.999
12217,0.521,20.948,158.95,275.0227,-1,1,5,98.4,,False,774.999
12223,3.031,34.553,255.48,646.4413,-1,3,5,98.4,,False,1025.999
12226,3.711,41.042,301.95,871.6306,-1,1,3,51.0,,False,548.999
12229,1.468,23.755,179.38,310.2103,-1,1,8,59.7,,False,469.999
12232,2.122,28.385,211.57,457.2485,-1,1,3,96.3,,False,1005.999
12236,0.519,25.175,188.57,386.9417,-1,1,9,97.3,,False,169.55662571665826
12240,4.069,32.55,241.2,581.4468,-1,1,4,96.7,,False,1117.6667777777777
12243,2.426,40.069,295.07,820.5724,-1,3,3,52.5,,False,940.999
12244,3.633,30.435,445.53,609.865,-2,3,4,98.7,,False,472.999
12252,0.579,22.457,170.28,280.8947,-1,1,10,61.4,,False,251.999
12255,3.059,27.166,203.35,397.3316,-1,2,8,86.3,,False,1064.7170488114357
12259,2.391,31.959,237.17,546.2979,-1,2,8,98.9,,False,483.999
12261,1.731,18.39,140.76,228.964,-1,1,11,98.0,,False,283.999
12263,2.603,33.58,248.88,580.4278,-1,1,4,82.2,,False,226.999
12264,3.613,40.537,298.56,814.6385,-1,2,4,99.9,,False,589.999
12265,3.598,31.092,455.18,609.8645,-2,3,5,100.0,,False,322.999
12266,2.575,12.193,102.33,78.9569,-1,1,10,66.4,,False,489.55566666666664
12272,1.632,25.186,189.18,357.2658,-1,2,4,57.4,,False,705.999
12274,4.288,32.265,238.08,713.133,-1,3,5,100.0,,False,789.999
12275,3.434,18.232,137.19,330.9789,-1,1,7,98.8,,False,330.999
12278,1.895,30.556,226.63,556.3335,-1,1,6,69.1,,False,648.999
12279,0.466,35.126,272.65,187.0095,-1,1,4,72.7,,False,1469.999
12283,2.746,33.838,250.62,598.3791,-1,2,5,95.1,,False,379.999
12285,2.192,20.918,155.64,471.9778,-1,1,9,96.6,,False,283.2223333333333
12289,0.386,23.655,184.4,172.9898,-1,1,5,98.0,,False,245.999
12290,2.21,25.462,191.07,367.2876,-1,2,4,83.5,,False,648.889
12293,0.394,21.78,165.23,277.0756,-1,1,3,82.5,,False,904.999
12294,2.152,28.325,211.36,441.3226,-1,2,5,87.6,,False,41.777888888888924
12297,3.691,35.262,260.49,679.4174,-1,1,6,69.3,,False,219.999
12305,1.974,32.847,241.26,944.9986,-1,1,4,77.7,,False,335.5556666666667
12307,3.495,30.298,229.85,283.2624,-1,1,8,99.3,,False,372.999
12310,2.759,25.853,192.12,505.9734,-1,1,7,97.2,,False,283.999
12311,1.442,20.333,154.37,271.0061,-1,2,3,84.6,,False,222.999
12312,4.162,27.901,208.42,425.1121,-1,3,6,82.9,,False,231.999
12316,1.083,30.817,230.26,425.1168,-1,2,8,94.3,,False,244.999
12317,2.127,25.532,192.95,306.2039,-1,2,8,99.0,,False,585.999
12326,2.269,27.414,204.8,423.2509,-1,2,5,99.4,,False,307.77788888888887
12332,0.405,17.62,147.21,82.9601,-1,1,5,97.6,,False,858.999
12334,1.348,29.68,220.03,567.1619,-1,2,5,97.6,,False,360.999
12337,2.124,25.535,192.12,342.181,-1,1,7,97.0,,False,969.999
12342,0.37,24.021,191.65,129.0555,-1,1,4,88.4,,False,322.999
12347,0.853,23.804,179.83,307.1541,-1,1,9,99.2,,False,480.999
12353,1.411,25.274,189.7,365.2313,-1,1,9,99.2,,False,231.999
12362,2.482,29.867,221.98,511.2089,-1,2,8,97.0,,False,381.999
12365,3.189,25.202,189.46,349.2751,-1,2,6,53.9,,False,536.999
12367,2.16,21.565,164.44,249.1115,-1,1,7,99.4,,False,264.999
12375,1.848,27.83,208.2,405.265,-1,2,6,78.6,,False,240.999
12379,0.905,23.633,178.03,329.1122,-1,2,6,100.0,,False,271.999
12380,3.292,23.247,176.7,267.2669,-1,1,8,98.5,,False,331.999
12385,1.087,25.007,186.79,421.1299,-1,1,9,98.9,,False,210.999
12387,4.001,25.663,191.1,469.0368,-1,2,9,98.9,,False,487.999
12389,1.905,26.56,198.59,411.2027,-1,2,7,98.6,,False,207.889
12390,3.858,38.076,280.45,798.5482,-1,1,4,43.6,,False,393.85659646206636
12391,2.747,42.907,315.22,966.5924,-1,4,4,100.0,,False,427.999
12395,1.214,20.868,156.99,336.8891,-1,1,7,97.4,,False,1342.999
12396,3.532,27.365,201.91,697.9595,-1,1,7,98.3,,False,421.999
12397,2.635,29.281,217.68,503.2447,-1,1,3,97.6,,False,813.999
12398,3.305,33.276,252.74,277.2153,-1,2,6,96.5,,False,606.999
12399,1.283,31.988,236.86,601.2048,-1,2,8,98.6,,False,307.999
12400,0.251,25.441,190.41,397.1728,-1,1,4,82.1,,False,1075.999
12402,1.136,26.231,196.68,377.2087,-1,3,5,99.2,,False,145.999
12403,2.477,24.161,185.29,225.1475,-1,2,5,100.0,,False,323.999
12406,3.125,27.775,208.61,361.31,-1,2,7,81.4,,False,181.999
12407,2.08,27.37,204.59,414.3259,-1,1,7,99.3,,False,387.999
12411,2.47,39.693,291.92,889.4659,-1,2,6,91.2,,False,560.999
12412,2.867,23.61,177.7,337.1313,-1,2,9,99.6,,False,287.0001111111111
12416,2.669,37.28,274.88,753.4748,-1,3,5,52.5,,False,486.999
12418,1.369,31.393,232.01,655.1134,-1,2,6,84.8,,False,301.999
12421,1.669,23.167,176.52,254.1035,-1,1,8,83.9,,False,391.999
12425,0.573,31.662,243.63,215.0303,-1,1,6,76.1,,False,130.999
12426,3.557,28.144,210.53,407.3173,-1,2,3,39.8,,False,1659.999
12431,4.59,28.747,214.8,421.3702,-1,2,3,81.3,,False,1580.999
12443,0.115,25.159,186.92,508.8585,-1,1,8,97.1,,False,361.999
12444,1.727,25.649,192.43,369.2682,-1,2,3,93.7,,False,800.999
12455,1.573,22.218,178.84,116.9708,-1,1,5,43.9,,False,548.999
12456,1.376,26.572,199.1,385.2381,-1,2,4,100.0,,False,999.999
12457,3.23,41.24,303.53,848.6421,-1,3,6,66.6,,False,306.22233333333327
12458,2.572,28.87,214.83,487.2106,-1,2,6,97.2,,False,337.999
12460,0.506,34.2,265.44,187.0051,-1,1,4,76.0,,False,165.999
12466,3.521,37.539,276.64,779.4348,-1,5,4,100.0,,False,165.999
12469,4.257,21.106,159.95,282.9937,-1,2,6,99.9,,False,90.999
12473,2.406,26.15,196.12,374.2366,-1,2,6,97.8,,False,204.999
12477,2.888,30.628,227.32,540.3135,-1,2,5,84.5,,False,385.999
12481,0.664,18.173,140.06,203.0334,-1,2,3,100.0,,False,2285.999
12486,3.193,25.18,188.7,381.1945,-1,1,7,95.4,,False,412.999
12492,4.226,35.358,310.82,59.0128,-1,1,5,99.4,,False,373.999
12494,0.381,20.722,171.74,89.0221,-1,1,5,98.8,,False,462.999
12495,2.781,30.567,227.58,480.3409,-1,1,3,53.8,,False,732.999
12496,0.809,24.211,181.98,350.0695,-1,2,5,94.8,,False,349.999
12500,3.712,40.733,299.78,849.5834,-1,2,6,47.9,,False,326.999
12506,3.555,32.599,242.53,495.3169,-1,2,6,100.0,,False,338.999
12508,3.179,26.264,197.0,373.0451,-1,3,4,99.0,,False,803.999
12513,2.863,29.67,225.21,279.2325,-1,1,9,98.0,,False,389.999
12519,3.478,27.069,202.97,377.3428,-1,2,7,97.9,,False,413.07604526995186
12521,2.553,24.846,186.84,346.2067,-1,1,5,59.6,,False,249.999
12522,2.501,22.343,165.81,524.9697,-1,1,9,96.3,,False,54.55566666666664
12523,2.272,25.914,195.56,317.211,-1,2,7,98.6,,False,401.999
12525,3.275,20.882,159.15,251.0455,-1,1,7,97.1,,False,269.999
12526,1.898,25.694,192.71,373.1658,-1,2,5,97.3,,False,410.999
12528,1.244,23.132,175.41,281.2473,-1,1,3,40.2,,False,700.999
12529,3.405,22.219,169.51,247.2049,-1,1,7,89.1,,False,438.999
12531,3.244,31.285,232.26,535.2808,-1,2,4,92.7,,False,648.999
12533,2.403,28.852,215.3,440.3465,-1,1,3,42.6,,False,1123.999
12538,2.443,24.154,212.13,59.0125,-1,1,7,96.6,,False,189.999
12539,3.375,32.717,242.33,593.3706,-1,2,5,75.2,,False,650.999
12545,0.456,24.646,186.11,311.1419,-1,2,5,94.3,,False,302.999
12548,1.66,31.526,233.34,611.2104,-1,2,7,98.9,,False,297.999
12550,4.43,32.498,240.73,591.3596,-1,3,6,92.8,,False,88.999
12551,4.15,40.607,298.56,905.5278,-1,5,5,99.2,,False,305.999
12552,2.297,28.594,213.5,432.3199,-1,1,5,95.3,,False,1520.999
12560,2.518,28.18,211.49,369.1927,-1,1,8,96.0,,False,611.999
12563,1.263,34.732,256.66,665.3783,-1,2,5,99.9,,False,435.999
12568,3.026,31.362,233.28,498.3896,-1,1,6,60.7,,False,639.999
12571,2.627,27.937,208.31,451.2685,-1,1,6,96.8,,False,649.7778888888889
12572,2.745,34.677,256.62,623.4546,-1,3,4,52.5,,False,617.999
12573,2.205,35.646,265.02,512.9619,-1,2,4,96.6,,False,153.999
12575,3.181,24.448,183.63,357.0135,-1,3,3,85.2,,False,960.999
12577,4.653,29.62,221.13,435.3833,-1,1,4,84.8,,False,467.999
12579,3.161,37.514,277.46,643.3864,-1,2,7,100.0,,False,496.999
12580,1.445,23.972,180.77,321.2046,-1,1,6,46.8,,False,452.999
12581,0.961,18.225,140.46,203.0211,-1,1,8,69.7,,False,563.999
12584,2.4,36.426,266.94,1140.9739,-1,2,5,97.6,,False,469.999
12586,2.094,20.392,152.55,393.9803,-1,1,4,92.6,,False,573.999
12588,2.309,24.109,178.95,525.9773,-1,2,7,76.4,,False,374.999
12591,0.419,21.347,162.58,255.1154,-1,1,3,96.4,,False,720.999
12592,1.472,23.364,175.88,335.1858,-1,1,8,89.3,,False,198.999
12596,1.447,27.564,205.63,443.2638,-1,1,6,98.0,,False,99.999
12597,4.211,37.046,1077.94,745.6561,-4,5,3,70.9,,False,124.999
12598,2.608,19.884,152.7,217.0713,-1,2,7,86.2,,False,65.77788888888887
12599,0.361,13.05,107.52,92.0247,-1,1,5,96.7,,False,308.999
12601,2.3,25.15,189.1,348.2195,-1,1,6,99.4,,False,444.999
12603,1.103,17.418,133.24,230.8734,-1,1,5,99.3,,False,174.999
12613,1.008,30.024,247.26,94.9227,-1,1,7,72.7,,False,127.33344444444444
12614,1.62,26.068,195.19,392.2472,-1,1,5,98.2,,False,783.999
12617,1.895,22.614,170.76,309.1371,-1,1,4,53.0,,False,599.999
12618,2.729,23.958,180.32,337.1708,-1,2,4,96.7,,False,722.999
12620,4.832,29.26,218.6,425.3974,-1,2,4,96.7,,False,230.999
12622,1.954,20.401,158.45,181.1579,-1,1,6,97.4,,False,384.999
12625,0.566,23.059,174.0,315.0977,-1,1,5,99.1,,False,178.999
12627,0.95,18.168,140.07,202.0257,-1,1,8,74.8,,False,505.44455555555555
12629,2.52,25.29,189.98,357.1588,-1,2,7,95.2,,False,336.999
12636,4.616,33.904,251.82,531.4339,-1,1,5,98.9,,False,762.999
12637,4.507,45.478,333.79,1034.7662,-1,3,10,93.7,,False,16.770625168498697
12639,2.155,23.219,176.25,275.2015,-1,2,3,93.7,,False,249.999
12647,1.072,39.141,287.81,897.2746,-1,4,6,88.2,,False,155.999
12648,0.356,26.37,217.62,92.9264,-1,1,9,99.9,,False,46.40760816592734
12658,3.268,21.718,165.04,267.0807,-1,1,4,98.1,,False,654.999
12661,2.336,27.935,208.44,441.2859,-1,2,5,77.6,,False,737.999
12664,3.7,30.472,227.61,429.3728,-1,2,3,62.4,,False,1213.999
12665,1.842,28.594,213.25,449.3917,-1,2,3,53.0,,False,1749.999
12666,2.649,29.788,222.05,458.3378,-1,1,4,53.7,,False,131.999
12669,0.552,27.195,201.69,550.9524,-1,1,7,94.4,,False,333.999
12670,2.537,29.718,221.89,433.2384,-1,1,7,98.8,,False,282.999
12672,1.424,25.474,191.16,367.2475,-1,1,7,51.8,,False,274.999
12673,0.977,26.602,198.69,425.2216,-1,2,7,98.3,,False,270.999
12694,0.246,18.932,142.48,330.8409,-1,1,6,62.0,,False,819.999
12700,3.565,33.555,248.26,626.387,-1,2,5,65.1,,False,333.999
12702,3.366,43.338,318.42,961.6346,-1,3,4,100.0,,False,1209.999
12704,0.708,29.145,216.37,533.2736,-1,1,6,97.2,,False,600.999
12706,0.276,27.627,203.65,736.4663,-1,1,9,94.0,,False,158.999
12708,4.102,37.285,275.27,703.5078,-1,2,5,80.8,,False,358.55566666666664
12709,2.931,32.432,241.46,481.3032,-1,3,5,82.5,,False,291.999
12712,1.531,29.023,213.33,879.6678,-1,1,9,92.5,,False,293.999
12713,0.562,36.095,277.83,215.0293,-1,1,7,99.2,,False,94.999
12714,2.597,33.77,250.0,610.3394,-1,2,6,63.0,,False,404.999
12715,1.836,30.409,226.19,496.3644,-1,1,3,60.3,,False,483.999
12716,3.136,27.76,207.38,423.3491,-1,2,4,51.7,,False,608.1112222222222
12727,3.149,23.935,181.95,267.1929,-1,1,8,94.8,,False,276.999
12729,2.886,34.045,252.54,560.4066,-1,1,6,97.5,,False,251.999
12735,2.114,39.43,290.13,859.4373,-1,4,9,100.0,,False,570.999
12738,0.265,27.301,213.44,167.0189,-1,1,3,63.2,,False,981.999
12739,0.374,26.282,197.03,379.1947,-1,3,7,98.7,,False,134.999
12740,0.7,21.693,164.98,262.927,-1,1,11,80.3,,False,121.66677777777775
12741,4.961,29.104,217.43,425.3985,-1,2,4,100.0,,False,250.999
12743,3.281,32.501,241.09,555.3532,-1,1,6,77.1,,False,700.7912856638159
12744,1.896,32.84,243.85,535.3114,-1,2,7,95.5,,False,384.999
12746,1.177,25.411,209.18,94.9231,-1,1,11,96.6,,False,142.3024576757773
12747,2.611,27.776,204.56,776.9645,-1,1,12,92.8,,False,13.10363016909588
12750,3.679,25.697,193.16,351.2171,-1,2,4,100.0,,False,860.999
12752,2.634,33.712,249.43,626.4111,-1,3,6,72.8,,False,495.999
12753,0.582,24.151,181.56,348.1467,-1,3,5,100.0,,False,1203.999
12758,4.468,40.273,296.5,833.6162,-1,2,3,41.5,,False,737.999
12763,3.37,38.087,280.54,800.4778,-1,1,4,77.1,,False,82.999
12765,2.577,33.189,246.39,540.3101,-1,2,6,99.9,,False,504.999
12767,0.938,16.853,129.77,204.9251,-1,1,4,99.4,,False,111.999
12770,2.093,35.515,262.16,707.4112,-1,4,6,89.5,,False,316.999
12773,4.237,34.908,258.26,628.5478,-1,2,7,89.8,,False,255.8979758383665
12774,1.787,29.382,219.45,429.3004,-1,2,9,81.7,,False,260.999
12776,3.731,20.807,159.27,231.0102,-1,2,3,86.3,,False,837.999
12777,1.345,28.524,211.7,537.2038,-1,2,5,100.0,,False,865.999
12778,3.988,35.003,258.49,691.4019,-1,3,4,96.6,,False,232.999
12780,2.118,23.349,195.89,80.9633,-1,1,5,87.2,,False,513.999
12782,3.193,35.21,260.34,648.3907,-1,2,8,95.1,,False,607.999
12786,3.095,30.744,228.16,543.2725,-1,2,6,99.6,,False,151.999
12787,0.61,22.03,166.82,289.0376,-1,1,8,99.4,,False,399.999
12788,0.443,14.774,119.23,112.0497,-1,1,9,93.9,,False,555.1112222222222
12792,1.726,20.79,159.6,219.137,-1,1,7,83.2,,False,388.999
12793,2.773,24.358,184.4,293.2097,-1,2,6,93.8,,False,264.999
12798,2.957,29.503,219.52,490.2943,-1,1,3,57.8,,False,164.999
12801,4.092,29.607,219.06,617.0774,-1,3,4,99.9,,False,811.999
12802,1.316,24.744,185.38,384.147,-1,1,5,97.5,,False,223.999
12808,1.665,22.682,171.28,309.1368,-1,1,4,80.7,,False,535.999
12809,1.353,33.44,247.01,679.3158,-1,2,7,100.0,,False,465.999
12811,0.278,31.778,233.11,1028.2602,-1,1,9,97.2,,False,218.999
12813,1.291,33.916,250.8,643.2157,-1,2,8,93.3,,False,334.999
12815,4.38,30.105,223.41,542.2561,-1,1,4,81.0,,False,474.999
12816,1.542,29.304,217.31,556.2527,-1,3,3,98.9,,False,699.999
12817,3.316,23.478,177.76,291.2327,-1,2,4,100.0,,False,416.999
12821,2.016,26.206,195.87,415.1768,-1,3,4,100.0,,False,140.999
12823,3.977,26.892,201.39,391.1512,-1,3,3,92.9,,False,606.999
12829,2.568,22.168,168.91,253.2505,-1,1,6,51.4,,False,384.999
12831,1.519,30.186,223.7,576.2312,-1,3,6,100.0,,False,192.999
12833,2.464,32.473,240.96,550.317,-1,1,7,84.5,,False,606.999
12834,3.174,36.717,271.39,662.4491,-1,2,7,97.6,,False,214.999
12840,1.977,33.281,246.15,637.3,-1,3,3,92.6,,False,511.999
12841,4.176,30.244,226.07,419.3529,-1,2,5,60.7,,False,294.999
12842,0.777,24.817,184.2,526.8219,-1,1,12,77.9,,False,146.4529938902438
12843,2.606,42.435,311.81,950.56,-1,2,6,98.6,,False,408.999
12846,1.073,27.163,202.86,427.1789,-1,2,6,88.2,,False,251.999
12851,4.03,38.213,281.66,769.6278,-1,3,3,52.5,,False,1518.999
12852,2.347,39.117,288.05,820.4853,-1,3,3,100.0,,False,557.999
12856,3.566,33.664,249.33,596.4009,-1,2,5,75.5,,False,653.999
12857,1.308,24.262,182.74,331.2503,-1,2,5,98.5,,False,1149.999
12859,2.449,26.246,196.89,372.2771,-1,1,4,77.7,,False,595.999
12864,1.998,31.388,232.59,580.2518,-1,2,5,99.0,,False,486.999
12875,3.471,28.066,246.56,59.0763,-1,1,3,65.9,,False,1876.999
12889,1.925,32.809,242.49,653.3965,-1,1,3,72.0,,False,209.999
12890,3.337,42.888,319.52,480.3104,-1,1,5,74.3,,False,885.999
12893,1.44,31.304,232.16,559.3507,-1,2,6,92.1,,False,317.999
12894,3.84,44.975,330.61,928.8768,-1,3,6,100.0,,False,416.999
12895,1.116,22.992,172.45,369.1736,-1,2,6,78.0,,False,201.999
12896,0.918,24.457,183.49,368.1158,-1,2,5,99.1,,False,752.999
12897,0.562,31.898,262.72,94.9234,-1,1,11,86.6,,False,99.00855186913577
12901,2.642,31.385,232.69,568.3071,-1,3,6,98.5,,False,644.999
12902,3.239,35.174,259.82,681.4106,-1,3,8,66.6,,False,186.999
12904,0.331,24.57,182.75,486.8707,-1,1,5,52.8,,False,163.22233333333338
12906,3.879,27.491,205.87,393.3385,-1,1,3,89.7,,False,665.999
12907,4.628,25.46,192.33,309.2782,-1,2,4,98.0,,False,513.999
12908,0.809,25.268,188.9,410.904,-1,1,12,92.0,,False,87.11122222222222
12910,1.867,26.556,198.66,404.2478,-1,2,8,88.8,,False,493.999
12911,3.499,34.849,257.6,658.4104,-1,3,5,52.5,,False,333.999
12912,2.197,34.364,255.38,518.9798,-1,1,6,98.1,,False,654.999
12915,0.765,21.74,164.57,291.0348,-1,1,5,98.3,,False,514.999
12916,1.35,28.509,211.65,531.1177,-1,1,7,97.7,,False,435.999
12918,1.739,18.707,140.44,352.9936,-1,1,6,90.3,,False,91.04740747492912
12921,4.196,29.983,222.95,502.3308,-1,1,6,66.3,,False,232.999
12930,3.392,33.992,251.39,641.3165,-1,3,4,94.9,,False,544.999
12933,2.036,19.843,151.76,234.0311,-1,1,6,89.7,,False,499.999
12939,2.299,29.189,215.39,703.0104,-1,2,9,96.6,,False,396.33344444444447
12943,0.28,23.923,177.17,576.568,-1,1,10,98.4,,False,212.999
12945,3.951,36.877,272.3,694.5829,-1,2,7,65.5,,False,182.11122222222224
12946,2.775,32.814,244.0,504.4573,-1,1,6,87.3,,False,723.999
12948,3.419,21.042,161.55,219.1722,-1,2,5,97.3,,False,444.999
12950,2.04,26.089,195.53,381.2656,-1,1,4,63.6,,False,529.999
12953,4.663,33.224,246.34,569.4821,-1,1,3,38.4,,False,878.999
12955,0.276,17.647,145.43,92.9271,-1,1,8,98.9,,False,328.16683793148775
12958,1.352,38.808,291.45,369.1749,-1,2,8,71.6,,False,260.999
12959,1.128,30.189,224.06,541.2669,-1,2,7,83.4,,False,384.999
12960,2.255,30.546,226.84,527.3613,-1,2,5,48.2,,False,176.999
12961,3.168,37.142,273.62,787.3468,-1,5,3,100.0,,False,907.999
12964,0.746,22.609,175.17,189.0396,-1,1,10,60.0,,False,93.999
12966,3.138,31.172,232.41,457.3902,-1,2,4,50.8,,False,385.999
12970,3.092,35.034,258.8,679.4103,-1,4,8,86.0,,False,317.999
12971,0.619,27.802,205.55,632.8726,-1,1,9,91.1,,False,249.999
12974,3.22,23.242,175.53,309.005,-1,2,4,98.8,,False,663.999
12978,1.96,27.553,206.4,389.3062,-1,1,6,80.5,,False,238.999
12980,0.251,18.116,141.09,173.0079,-1,1,7,93.4,,False,832.999
12990,1.806,26.534,198.45,406.2658,-1,1,3,95.0,,False,1015.999
12992,0.314,27.372,240.48,59.0127,-1,1,6,74.6,,False,400.999
12993,3.083,26.864,204.67,257.2257,-1,2,5,100.0,,False,755.999
12996,2.755,27.389,204.19,453.0934,-1,2,7,97.5,,False,722.999
13005,2.837,27.31,204.39,400.306,-1,1,5,97.3,,False,515.999
13008,0.391,24.446,188.62,202.9991,-1,1,5,96.5,,False,1347.999
13010,4.315,37.503,276.97,691.6384,-1,1,8,95.3,,False,184.999
13018,0.58,13.651,106.35,168.834,-1,1,6,81.2,,False,362.999
13030,0.517,16.94,133.22,151.0016,-1,1,4,89.9,,False,943.999
13032,3.836,21.314,165.96,175.0183,-1,1,4,99.6,,False,82.999
13033,0.787,22.412,169.94,280.8943,-1,1,8,99.2,,False,246.999
13034,0.653,27.949,212.87,259.0282,-1,1,3,70.2,,False,1186.999
13035,4.715,32.194,238.96,542.4508,-1,1,3,94.0,,False,347.999
13036,0.128,24.734,186.14,338.9975,-1,1,11,95.5,,False,210.999
13038,2.66,41.402,304.29,933.4585,-1,4,7,82.4,,False,355.999
13040,3.971,35.678,263.72,660.4996,-1,3,5,97.4,,False,626.999
13044,3.32,36.743,270.87,755.4456,-1,3,3,99.8,,False,737.999
13051,1.45,34.116,251.59,740.2597,-1,2,8,99.0,,False,320.999
13053,2.892,25.279,191.21,299.2586,-1,1,8,79.6,,False,551.999
13060,2.641,34.136,252.23,669.2974,-1,3,5,97.5,,False,491.999
13061,3.46,35.781,264.56,646.4588,-1,3,3,76.4,,False,1046.999
13068,1.76,28.808,214.24,497.2073,-1,3,8,90.8,,False,576.999
13069,2.551,21.655,165.4,241.1792,-1,1,6,99.5,,False,264.999
13072,1.224,24.682,186.72,298.143,-1,1,3,98.8,,False,722.999
13074,1.957,28.576,215.34,331.2622,-1,1,6,90.0,,False,169.999
13081,2.44,27.243,201.67,597.9982,-1,1,3,96.0,,False,1635.999
13083,2.209,14.035,110.0,155.8626,-1,1,4,91.2,,False,323.999
13087,3.737,26.873,200.42,447.064,-1,3,4,95.9,,False,754.999
13088,1.147,12.183,97.12,125.8968,-1,1,4,76.2,,False,581.999
13090,2.359,26.052,195.61,362.2685,-1,1,6,94.8,,False,356.999
13093,3.846,27.514,204.12,545.0549,-1,1,4,96.5,,False,406.999
13096,2.691,35.73,263.96,677.4791,-1,2,6,73.2,,False,311.999
13102,3.439,32.497,241.19,544.406,-1,1,5,80.3,,False,148.999
13104,3.769,47.117,345.63,1090.8471,-1,3,9,83.9,,False,365.999
13107,3.81,23.674,179.36,287.2376,-1,1,7,99.5,,False,642.999
13108,3.833,37.081,273.84,694.5845,-1,1,5,53.6,,False,361.999
13109,2.018,30.359,237.41,167.0197,-1,1,3,83.9,,False,365.999
13110,3.061,23.924,180.79,305.1746,-1,1,9,94.6,,False,147.999
13113,3.858,28.775,214.99,423.4805,-1,2,6,47.8,,False,109.999
13114,0.662,25.601,189.65,574.8289,-1,1,9,97.4,,False,128.999
13115,3.237,39.27,289.35,784.5938,-1,4,5,100.0,,False,603.999
13117,1.921,32.123,238.1,575.3583,-1,2,6,74.3,,False,231.999
13118,3.88,29.457,219.58,458.3684,-1,1,6,97.0,,False,170.999
13121,1.842,28.08,231.77,92.9258,-1,1,7,57.1,,False,127.58534717742612
13123,1.703,28.415,211.92,449.3262,-1,2,3,81.9,,False,319.999
13124,1.48,21.394,162.42,272.6503,-1,1,6,94.9,,False,395.999
13128,1.642,28.13,210.13,425.2917,-1,1,6,71.6,,False,299.999
13132,2.423,28.534,213.03,434.2574,-1,3,4,98.9,,False,443.999
13133,3.548,40.431,297.8,810.607,-1,2,4,100.0,,False,1040.999
13135,2.819,33.701,249.66,591.3914,-1,1,5,81.7,,False,110.999
13136,4.137,12.859,108.51,75.9603,-1,1,3,98.0,,False,1053.999
13138,1.399,26.623,199.02,413.2668,-1,2,6,97.7,,False,1013.999
13139,2.447,31.477,236.04,381.2054,-1,2,6,100.0,,False,337.999
13147,4.433,36.705,271.41,649.6339,-1,2,5,59.1,,False,266.89420109443375
13150,4.129,25.938,195.95,309.0053,-1,3,3,100.0,,False,1151.999
13155,2.765,22.875,169.95,503.964,-1,1,3,97.7,,False,1046.999
13156,2.74,34.243,253.54,607.4583,-1,3,4,52.5,,False,217.999
13163,2.589,25.921,199.15,218.984,-1,1,6,94.6,,False,432.999
13169,2.503,24.312,183.41,318.2154,-1,1,7,72.8,,False,812.999
13170,2.996,30.489,226.9,486.3298,-1,1,6,87.3,,False,1242.999
13171,1.215,30.092,223.18,557.1425,-1,2,6,97.7,,False,365.999
13173,2.552,25.279,190.38,333.2788,-1,3,6,97.2,,False,1071.999
13176,3.139,38.64,284.42,837.4945,-1,2,6,100.0,,False,806.999
13177,4.219,35.587,262.72,697.5046,-1,1,4,41.5,,False,236.0001111111111
13180,0.277,25.343,187.41,620.548,-1,1,10,81.9,,False,262.999
13182,3.538,36.086,266.67,666.55,-1,3,9,54.2,,False,3.590706505353353
13184,3.077,30.864,229.28,522.3894,-1,1,5,60.0,,False,424.0001111111111
13188,1.706,33.395,246.87,651.3772,-1,3,8,97.1,,False,233.999
13189,2.106,27.008,201.88,415.267,-1,1,4,79.0,,False,191.0001111111111
13198,3.428,25.329,190.46,347.2196,-1,1,7,98.6,,False,435.999
13203,3.77,17.795,139.04,165.038,-1,1,4,81.4,,False,596.999
13207,1.896,27.333,204.21,422.26,-1,1,6,88.2,,False,204.999
13210,2.133,33.86,251.07,569.317,-1,2,4,100.0,,False,808.999
13212,2.574,38.788,287.17,614.9623,-1,1,6,97.1,,False,810.999
13213,1.435,24.226,182.51,329.2346,-1,2,4,72.9,,False,471.999
13215,2.283,27.969,210.2,355.1754,-1,1,6,98.8,,False,407.999
13218,3.827,32.062,237.76,563.3293,-1,1,7,84.6,,False,373.999
13220,2.303,29.595,219.98,509.2952,-1,2,5,98.8,,False,395.999
13221,3.47,24.791,186.92,323.2577,-1,2,4,48.9,,False,471.999
13222,2.712,27.37,204.34,432.3204,-1,1,5,89.3,,False,439.999
13223,3.733,24.639,186.06,311.0348,-1,2,3,95.9,,False,1094.999
13225,1.45,26.806,199.88,449.2442,-1,3,3,98.1,,False,1144.999
13231,0.248,21.117,159.98,285.0716,-1,2,7,83.6,,False,395.999
13237,3.762,35.208,260.36,643.4639,-1,3,7,66.8,,False,330.999
13239,2.759,33.381,248.93,457.2348,-1,2,5,100.0,,False,526.999
13241,3.439,27.689,207.19,402.3455,-1,1,4,95.4,,False,714.999
13242,2.529,34.132,253.1,568.4219,-1,1,4,82.4,,False,122.999
13246,3.069,32.549,242.37,480.3096,-1,1,7,94.7,,False,324.6667777777777
13249,0.371,17.368,135.07,176.041,-1,1,8,88.1,,False,420.999
13251,3.225,26.239,196.95,366.2043,-1,2,5,99.4,,False,347.999
13255,1.849,23.068,176.47,235.1312,-1,2,6,98.9,,False,416.999
13256,3.797,33.214,245.83,614.3874,-1,2,10,86.7,,False,79.96739785971744
13257,1.481,33.603,248.44,648.3458,-1,2,9,97.1,,False,227.999
13261,2.358,22.517,170.81,278.1964,-1,1,3,97.5,,False,1546.999
13265,2.07,27.363,204.48,419.2801,-1,2,7,93.3,,False,374.999
13271,0.385,14.784,117.26,135.0291,-1,1,5,69.6,,False,528.999
13273,0.673,24.888,186.7,370.1318,-1,1,4,97.3,,False,703.999
13274,2.212,29.845,219.94,756.9846,-1,1,9,96.5,,False,277.999
13276,2.341,31.031,230.69,508.3717,-1,1,3,50.5,,False,1367.999
13279,0.723,23.264,175.2,331.1252,-1,2,3,99.7,,False,533.999
13286,3.593,39.105,288.28,764.5883,-1,3,5,95.7,,False,10.666777777777781
13289,0.495,19.12,147.85,193.0861,-1,2,4,100.0,,False,104.999
13293,1.735,31.893,238.41,419.9896,-1,1,5,98.4,,False,279.999
13296,0.329,26.991,222.22,94.9234,-1,1,8,67.0,,False,178.71121466247325
13302,1.222,26.134,195.74,389.2686,-1,2,3,97.2,,False,797.999
13307,3.375,34.784,256.86,689.4216,-1,2,3,100.0,,False,388.999
13319,4.017,32.917,243.89,585.4756,-1,3,3,52.5,,False,1033.999
13320,3.28,28.708,214.57,418.3417,-1,1,5,67.6,,False,251.999
13321,0.562,20.25,153.82,267.993,-1,1,7,89.0,,False,266.999
13329,2.847,24.447,184.29,324.2618,-1,1,6,97.2,,False,557.999
13330,1.344,31.827,235.83,582.3305,-1,2,6,98.1,,False,379.999
13332,1.449,18.22,159.86,59.0127,-1,1,5,42.0,,False,586.999
13337,1.72,34.239,282.74,92.9258,-1,1,8,85.6,,False,121.45218666868692
13338,4.572,34.532,254.75,727.138,-1,5,3,100.0,,False,556.999
13339,3.853,24.72,185.71,355.1578,-1,2,6,98.0,,False,297.999
13340,0.394,20.95,158.79,281.9744,-1,3,8,93.7,,False,187.999
13350,2.001,24.124,181.68,332.1908,-1,2,3,100.0,,False,1920.999
13351,1.075,16.03,128.16,124.0136,-1,1,4,96.2,,False,625.999
13352,0.548,22.415,169.91,282.8916,-1,1,11,81.5,,False,108.11122222222222
13356,1.933,32.969,272.24,92.9259,-1,1,8,92.6,,False,201.66677777777778
13357,0.403,15.772,127.92,107.0494,-1,1,5,91.5,,False,952.999
13358,2.908,44.211,324.46,1035.6751,-1,3,4,98.0,,False,176.999
13359,2.038,26.189,195.99,398.2106,-1,2,4,97.9,,False,552.999
13365,0.816,23.848,179.7,327.217,-1,1,8,98.5,,False,356.0001111111111
13369,0.534,21.123,161.26,242.9941,-1,2,3,98.9,,False,473.999
13370,2.472,40.42,302.02,433.2348,-1,3,3,89.0,,False,583.999
13371,3.136,22.984,173.96,293.1751,-1,1,3,43.5,,False,780.999
13372,2.649,26.487,198.31,393.3053,-1,1,3,58.2,,False,888.999
13373,1.36,30.462,225.98,552.3009,-1,2,7,94.7,,False,113.999
13374,1.54,33.737,278.59,92.9254,-1,1,9,97.3,,False,327.999
13379,0.316,23.681,179.26,292.8444,-1,1,10,99.1,,False,116.999
13388,0.248,42.437,310.95,1187.3903,-1,2,5,93.4,,False,482.999
13389,0.687,22.667,170.82,325.0381,-1,1,5,96.3,,False,520.999
13394,3.563,33.419,248.37,517.337,-1,2,6,97.0,,False,205.999
13395,0.369,18.982,145.35,227.9949,-1,1,6,99.2,,False,414.999
13396,3.662,32.229,238.96,567.3698,-1,3,5,84.5,,False,599.999
13401,4.72,37.717,278.27,731.5813,-1,2,5,57.8,,False,1118.999
13403,3.451,33.988,251.36,641.316,-1,4,4,95.5,,False,274.999
13410,2.553,25.974,194.83,372.2574,-1,2,7,97.3,,False,165.999
13411,2.0,28.64,213.35,468.2742,-1,2,7,97.8,,False,162.999
13413,1.496,34.142,255.68,399.2208,-1,2,4,100.0,,False,2044.999
13415,2.87,26.759,201.2,349.3097,-1,1,6,94.0,,False,433.999
13417,2.426,22.997,170.61,532.8935,-1,1,7,98.2,,False,114.999
13423,3.451,21.569,164.95,235.208,-1,1,7,96.8,,False,323.8669391092103
13428,0.669,26.441,197.53,422.1264,-1,2,5,98.5,,False,320.999
13436,4.045,32.389,240.59,526.456,-1,1,8,47.3,,False,272.999
13438,2.554,31.922,236.34,602.3161,-1,2,3,100.0,,False,877.999
13441,3.463,36.55,269.9,692.4945,-1,3,6,61.0,,False,317.999
13442,3.073,42.81,314.59,944.6079,-1,3,8,100.0,,False,245.999
13445,3.683,25.787,192.59,425.2203,-1,1,6,97.5,,False,500.999
13446,1.124,20.344,154.46,271.0062,-1,1,4,89.6,,False,306.999
13447,0.463,23.098,174.43,309.2057,-1,1,4,42.1,,False,582.999
13448,3.642,25.569,190.49,461.0531,-1,3,4,98.7,,False,467.999
13453,0.322,29.145,230.12,146.9811,-1,1,5,99.7,,False,332.999
13458,3.414,27.833,207.94,423.2389,-1,2,6,96.9,,False,434.999
13463,3.253,35.063,259.23,652.4319,-1,3,7,84.6,,False,143.999
13465,2.631,32.466,240.87,553.3375,-1,1,5,50.8,,False,141.999
13470,1.802,28.754,215.1,407.2794,-1,2,5,88.9,,False,720.999
13472,3.636,12.555,98.11,160.9096,-1,1,5,79.8,,False,443.999
13476,0.328,22.176,167.32,314.8922,-1,1,8,99.0,,False,71.999
13478,2.449,30.331,225.2,532.2689,-1,1,6,77.2,,False,249.999
13480,3.374,34.524,255.35,636.3537,-1,2,8,96.1,,False,373.999
13491,1.396,23.149,175.05,299.2241,-1,1,3,37.7,,False,1051.5556666666666
13495,1.619,26.033,194.92,393.1947,-1,2,5,99.3,,False,8.111222222222239
13496,2.53,31.06,230.37,558.2843,-1,2,7,99.5,,False,265.999
13498,3.467,35.015,259.67,567.3697,-1,2,6,100.0,,False,95.55566666666667
13500,0.853,19.894,149.39,352.8608,-1,1,11,99.3,,False,155.67114883344408
13501,3.89,41.421,304.43,931.5404,-1,4,6,87.7,,False,501.999
13504,1.515,26.225,196.52,383.192,-1,2,7,65.5,,False,632.999
13511,3.399,31.817,237.13,463.2911,-1,2,5,100.0,,False,639.999
13512,0.403,28.045,207.53,608.9105,-1,1,9,96.9,,False,133.999
13514,0.742,24.557,184.37,361.2032,-1,2,6,99.1,,False,579.999
13518,1.909,18.286,134.47,780.9539,-1,1,10,94.7,,False,148.77788888888892
13519,3.578,19.166,146.15,247.0417,-1,1,4,92.0,,False,567.999
13521,3.87,39.943,294.37,783.5719,-1,3,7,64.9,,False,295.54205428971505
13523,1.78,23.679,180.47,253.1073,-1,1,6,99.1,,False,616.999
13527,0.276,25.325,187.28,618.5521,-1,1,11,90.3,,False,196.999
13534,1.839,34.658,255.91,695.2647,-1,2,8,94.3,,False,305.999
13538,1.622,29.54,219.09,555.2972,-1,2,3,97.0,,False,417.999
13543,2.27,34.594,255.71,658.3405,-1,2,3,96.9,,False,791.999
13546,1.603,26.029,194.69,405.2323,-1,2,5,98.1,,False,100.999
13547,1.213,32.576,240.9,639.1446,-1,2,8,98.5,,False,316.999
13548,2.188,30.793,228.46,549.2858,-1,2,4,97.6,,False,367.999
13549,2.536,26.387,197.93,373.294,-1,2,4,67.6,,False,479.999
13552,2.258,28.002,208.86,446.2984,-1,1,4,98.6,,False,639.999
13553,2.655,41.865,307.71,926.5594,-1,3,6,97.6,,False,487.999
13555,3.092,30.253,224.85,512.3666,-1,1,3,68.8,,False,1093.999
13557,2.713,43.173,317.13,969.6032,-1,2,9,83.4,,False,411.999
13559,2.316,27.427,205.25,400.2269,-1,2,3,77.8,,False,493.999
13563,2.02,23.716,179.58,291.2312,-1,1,7,99.1,,False,459.999
13564,1.164,24.83,186.31,367.2178,-1,2,6,73.6,,False,50.999
13565,0.329,25.894,194.42,362.08,-1,2,4,97.4,,False,104.999
13568,1.545,25.328,189.66,391.1637,-1,1,7,98.8,,False,175.999
13571,3.741,28.426,212.03,447.0632,-1,3,3,100.0,,False,777.999
13574,0.703,21.609,163.62,289.071,-1,1,5,96.3,,False,911.999
13579,1.467,40.409,297.47,837.4923,-1,2,8,100.0,,False,447.999
13584,4.051,27.442,204.81,437.0983,-1,1,6,97.4,,False,494.999
13585,3.291,32.26,239.0,585.3706,-1,2,8,95.8,,False,12.444555555555553
13586,1.925,28.77,213.6,531.0525,-1,1,5,98.7,,False,416.999
13590,0.961,3.702,29.32,116.9683,-1,1,3,48.3,,False,295.999
13592,3.549,25.257,189.91,347.2229,-1,2,5,75.0,,False,115.999
13593,3.494,30.644,228.31,467.6011,-1,1,3,57.1,,False,562.999
13595,1.275,12.038,96.79,114.9335,-1,1,5,69.7,,False,344.999
13598,3.24,28.62,214.49,385.3297,-1,2,6,99.3,,False,306.999
13600,1.979,14.036,115.53,93.0319,-1,1,5,95.6,,False,161.999
13602,1.743,23.128,172.72,420.7999,-1,5,3,100.0,,False,674.999
13603,0.663,23.147,174.16,339.0528,-1,2,4,100.0,,False,207.999
13607,1.448,25.544,191.77,363.2175,-1,1,7,81.9,,False,119.999
13611,0.837,20.675,156.72,281.0107,-1,1,5,99.1,,False,84.999
13613,2.483,28.467,212.25,452.418,-1,2,3,45.5,,False,1043.999
13614,0.403,15.071,122.32,106.04,-1,1,6,99.4,,False,647.999
13617,1.882,26.907,201.22,408.1706,-1,1,6,98.0,,False,370.999
13618,1.942,33.076,245.61,535.3112,-1,2,5,95.9,,False,289.999
13619,2.731,26.88,205.32,244.0319,-1,1,4,99.2,,False,737.999
13620,0.38,22.304,168.42,309.0986,-1,2,3,99.2,,False,230.44455555555558
13623,2.481,22.957,174.46,268.2633,-1,1,6,90.2,,False,267.999
13625,2.817,34.302,271.83,141.016,-1,1,3,59.8,,False,642.889
13626,2.735,26.3,199.45,283.2047,-1,2,5,98.6,,False,601.999
13627,1.975,20.82,160.94,195.1734,-1,1,5,96.4,,False,530.999
13629,2.603,30.083,224.06,473.3263,-1,3,5,82.4,,False,1027.999
13631,2.904,30.527,226.62,536.303,-1,2,7,89.0,,False,455.999
13634,1.269,32.199,265.85,92.9269,-1,1,12,98.6,,False,167.45574552984488
13636,0.411,35.891,265.83,600.2856,-1,2,7,94.5,,False,212.999
13637,0.633,17.362,137.14,143.1064,-1,1,6,72.9,,False,417.999
13639,2.635,22.106,168.58,249.2202,-1,1,6,99.4,,False,260.999
13644,1.678,30.497,227.17,471.2406,-1,1,8,98.9,,False,388.999
13645,2.333,33.017,244.8,569.4067,-1,1,5,40.1,,False,360.999
13646,0.286,21.645,164.39,270.7956,-1,1,7,93.2,,False,383.999
13649,3.994,33.651,249.03,617.3719,-1,2,5,92.8,,False,355.999
13655,3.975,29.831,222.5,449.5028,-1,3,4,52.5,,False,110.999
13656,1.713,24.711,185.98,338.2402,-1,1,7,92.8,,False,286.999
13659,1.474,32.241,238.03,692.2552,-1,4,7,92.5,,False,232.999
13667,1.08,22.265,168.82,281.1175,-1,1,8,99.2,,False,273.999
13669,2.318,18.326,141.65,194.0844,-1,1,8,99.0,,False,42.44455555555558
13672,0.368,17.864,152.1,72.0069,-1,1,7,96.6,,False,122.999
13673,2.041,31.353,232.34,579.3916,-1,2,4,99.3,,False,263.999
13675,1.359,36.658,269.9,819.2991,-1,4,6,89.8,,False,231.999
13679,2.087,30.456,226.32,515.3577,-1,2,5,94.0,,False,396.999
13681,2.755,20.397,157.0,209.1525,-1,2,3,99.6,,False,103.999
13683,2.39,22.095,163.97,522.9815,-1,1,7,97.3,,False,348.999
13686,3.438,30.242,224.85,503.3777,-1,2,4,82.4,,False,541.999
13690,0.349,15.166,124.88,93.0318,-1,1,5,87.5,,False,702.999
13692,0.662,23.639,184.73,167.0199,-1,1,4,84.8,,False,276.999
13696,2.985,37.26,274.56,781.3046,-1,3,8,99.1,,False,428.999
13701,2.314,24.326,182.97,343.1562,-1,2,4,80.0,,False,91.999
13702,0.421,17.88,137.55,209.0423,-1,1,6,89.9,,False,172.999
13705,2.242,22.558,171.32,271.3309,-1,1,5,99.5,,False,292.999
13706,0.693,23.818,179.79,313.1188,-1,1,8,98.7,,False,172.999
13708,2.507,28.827,214.46,491.2826,-1,1,4,98.9,,False,380.999
13712,1.987,29.787,221.02,545.2048,-1,1,7,75.6,,False,124.999
13713,2.776,43.203,317.25,990.5957,-1,2,7,98.1,,False,371.999
13714,3.222,26.933,200.4,485.0682,-1,2,4,71.4,,False,489.999
13720,4.047,41.102,302.35,872.6369,-1,1,4,42.0,,False,986.999
13727,3.503,29.999,227.64,281.2481,-1,1,9,87.7,,False,129.22233333333332
13728,1.414,31.374,232.5,579.282,-1,2,5,100.0,,False,163.999
13732,3.609,36.711,270.81,732.5039,-1,1,3,46.5,,False,577.999
13734,2.511,27.896,208.41,423.3129,-1,1,4,63.7,,False,797.7778888888888
13735,0.362,29.985,221.46,672.9736,-1,3,5,100.0,,False,124.999
13738,1.882,18.147,139.95,201.0242,-1,1,4,55.0,,False,295.999
13740,1.797,25.557,191.6,377.1847,-1,1,4,73.3,,False,674.999
13750,2.327,26.002,194.92,379.2839,-1,2,3,46.1,,False,670.999
13752,1.977,22.287,165.87,470.9885,-1,1,9,97.9,,False,26.88899999999998
13753,1.457,27.17,202.71,441.2646,-1,2,6,100.0,,False,365.999
13754,4.412,39.422,290.07,856.5469,-1,1,3,46.5,,False,881.999
13758,0.46,24.79,186.78,328.9829,-1,1,4,54.4,,False,474.999
13760,2.977,29.819,224.77,329.2484,-1,2,6,98.0,,False,408.999
13781,1.747,29.941,237.22,141.0144,-1,1,9,98.0,,False,40.23747702477749
13785,0.945,20.385,155.84,236.1036,-1,1,5,43.7,,False,251.0001111111111
13787,1.404,35.571,262.58,703.3959,-1,2,8,98.0,,False,207.999
13789,2.422,38.304,282.17,791.4035,-1,3,4,100.0,,False,72.999
13790,2.263,31.294,232.0,568.2952,-1,3,6,80.0,,False,95.999
13791,0.667,20.853,158.4,269.137,-1,1,7,99.5,,False,172.66677777777784
13793,0.89,18.253,140.73,202.0249,-1,1,5,89.8,,False,536.999
13794,1.519,22.477,170.88,265.2179,-1,1,4,43.0,,False,156.999
13805,1.075,3.101,25.06,92.9269,-1,1,7,98.6,,False,491.6667777777778
13807,3.953,38.372,282.82,771.6423,-1,2,5,71.6,,False,810.999
13808,2.323,41.736,308.99,619.2904,-1,3,4,98.8,,False,398.999
13809,2.807,42.302,310.83,942.5933,-1,3,5,94.7,,False,333.999
13811,3.485,25.807,193.9,355.3216,-1,2,6,74.8,,False,480.11122222222224
13812,3.455,17.624,132.6,330.9801,-1,1,9,88.2,,False,0.34243837791379406
13813,2.559,27.707,218.04,152.9935,-1,1,8,99.5,,False,222.999
13814,1.844,29.921,223.21,447.2387,-1,2,5,87.4,,False,134.999
13816,2.06,32.944,243.52,651.2809,-1,2,5,99.3,,False,231.999
13819,1.999,21.357,163.56,229.1586,-1,2,6,99.3,,False,786.113523488817
13821,2.211,26.036,208.38,125.0076,-1,1,7,99.7,,False,384.999
13828,2.474,27.714,206.7,447.3498,-1,2,4,69.5,,False,557.999
13832,0.548,30.925,237.82,217.0274,-1,1,7,85.6,,False,425.999
13849,0.1,25.306,187.27,600.7633,-1,1,12,66.3,,False,111.54002375632354
13850,2.996,31.954,236.56,605.3353,-1,2,8,91.0,,False,300.999
13857,0.757,22.552,170.41,304.1229,-1,1,3,97.8,,False,1274.999
13858,3.123,35.629,263.05,699.4357,-1,2,7,96.9,,False,149.999
13859,2.076,21.818,166.8,237.1475,-1,1,7,98.5,,False,376.999
13860,2.21,33.873,250.54,633.4057,-1,2,5,100.0,,False,559.999
13862,3.324,33.212,247.95,437.2714,-1,2,4,100.0,,False,635.999
13863,0.76,26.413,195.54,592.8557,-1,1,9,86.8,,False,205.999
13865,4.631,27.934,208.76,419.3537,-1,1,6,82.7,,False,215.04094649692692
13866,2.04,29.87,221.7,538.1729,-1,1,6,98.9,,False,491.999
13869,0.546,38.294,297.32,187.0023,-1,1,4,97.7,,False,130.999
13870,0.427,27.976,207.15,590.9449,-1,1,8,64.7,,False,215.55566666666667
13873,1.603,30.974,229.47,585.2656,-1,2,5,98.1,,False,466.999
13875,3.312,17.784,138.95,165.038,-1,1,5,99.5,,False,576.999
13881,1.917,26.932,201.36,411.2233,-1,2,3,53.5,,False,804.999
13886,3.451,39.608,302.26,253.2173,-1,2,4,85.7,,False,365.999
13888,0.576,25.583,192.37,347.2227,-1,2,5,100.0,,False,116.999
13890,0.275,17.674,139.03,150.8839,-1,1,8,99.6,,False,501.999
13893,0.96,16.688,128.59,202.9306,-1,1,4,98.8,,False,475.999
13896,2.011,31.264,258.11,92.9263,-1,1,7,98.5,,False,212.00011111111112
13905,1.964,22.655,172.18,267.2324,-1,1,5,48.2,,False,421.999
13906,2.174,23.074,174.99,280.2345,-1,1,4,60.2,,False,800.999
13907,4.326,27.96,209.56,383.3529,-1,2,4,65.5,,False,164.999
13911,4.379,31.275,232.73,490.3987,-1,1,3,71.3,,False,298.999
13914,0.249,22.972,188.58,96.9597,-1,1,4,79.0,,False,611.2223333333334
13915,1.473,30.262,224.27,574.2785,-1,3,4,96.7,,False,758.999
13916,4.822,28.822,214.96,449.363,-1,2,3,43.0,,False,535.999
13917,3.548,35.368,261.72,625.4682,-1,2,5,36.1,,False,366.999
13919,1.448,27.959,208.19,474.2594,-1,2,6,96.9,,False,214.999
13921,4.163,28.687,214.31,424.378,-1,1,6,99.6,,False,385.2326265981829
13923,3.617,30.466,226.16,537.2936,-1,3,5,100.0,,False,170.999
13926,2.828,43.082,316.5,969.6102,-1,2,4,100.0,,False,375.999
13930,0.716,22.226,166.42,386.8589,-1,1,8,87.9,,False,202.999
13931,1.145,26.371,197.63,383.1883,-1,1,6,88.0,,False,400.999
13933,2.658,30.907,229.32,548.3017,-1,2,6,77.1,,False,352.999
13935,3.9,35.204,260.2,661.4641,-1,3,7,52.5,,False,143.999
13937,4.255,27.725,207.58,395.3174,-1,2,4,58.5,,False,1055.999
13938,2.303,26.744,201.17,345.2788,-1,1,7,87.9,,False,326.999
13941,0.526,25.011,186.23,468.9466,-1,1,10,92.7,,False,101.999
13942,3.127,33.967,251.43,613.3658,-1,2,7,80.9,,False,592.999
13943,3.088,34.5,255.25,628.4269,-1,2,5,42.2,,False,216.999
13946,2.893,40.747,299.91,848.5975,-1,3,4,52.5,,False,445.999
13949,3.508,30.568,227.25,505.3461,-1,2,4,76.1,,False,1152.7778888888888
13950,1.687,25.391,190.5,369.2282,-1,1,5,53.2,,False,111.999
13951,0.789,27.472,203.24,614.9056,-1,1,9,89.6,,False,183.999
13955,1.181,16.061,126.21,152.0327,-1,1,6,90.0,,False,896.999
13957,2.618,34.346,253.98,644.3599,-1,3,3,52.5,,False,168.999
13962,0.711,22.73,169.57,434.8656,-1,1,8,97.3,,False,60.000111111111096
13964,3.444,22.906,175.38,231.2099,-1,1,5,97.6,,False,554.999
13971,0.544,18.044,138.74,211.0336,-1,1,4,94.4,,False,353.999
13975,1.383,29.711,221.62,448.306,-1,1,6,82.7,,False,180.999
13980,1.698,21.488,164.13,241.1327,-1,1,5,97.5,,False,300.999
13984,1.582,26.204,195.77,421.2029,-1,1,3,74.2,,False,522.999
13986,2.47,22.61,171.84,267.2317,-1,1,6,46.4,,False,42.44455555555555
13988,1.416,33.508,247.84,636.3438,-1,2,6,98.4,,False,262.999
13994,1.087,27.97,208.02,495.1058,-1,1,10,96.8,,False,132.999
13995,2.177,28.192,210.26,448.3153,-1,1,7,68.9,,False,295.999
13996,3.202,23.221,176.9,255.2097,-1,1,7,87.9,,False,462.999
14000,0.404,26.933,200.14,509.0237,-1,1,6,99.3,,False,249.999
14001,3.046,34.753,257.13,628.4268,-1,3,5,56.5,,False,172.999
14009,3.098,36.678,270.51,737.5391,-1,1,3,53.0,,False,790.5556666666666
14010,0.508,18.324,141.58,195.0658,-1,1,6,99.0,,False,73.88900000000001
14011,2.906,38.991,287.27,790.5666,-1,3,3,52.5,,False,473.7778888888889
14016,0.728,23.182,178.82,203.0547,-1,1,8,83.7,,False,148.999
14017,2.966,35.946,265.5,686.3684,-1,2,6,96.9,,False,467.999
14018,2.521,31.701,235.97,485.3314,-1,2,4,87.8,,False,616.999
14019,2.621,24.926,183.89,695.0977,-1,1,5,83.1,,False,580.6667777777777
14022,2.577,36.636,270.52,695.4719,-1,3,5,100.0,,False,595.5556666666666
14029,1.421,32.476,239.79,691.1491,-1,1,4,96.5,,False,49.999
14031,1.801,49.859,402.1,116.9688,-1,1,9,99.7,,False,95.999
14032,1.947,25.153,188.37,389.2679,-1,1,6,99.3,,False,493.999
14033,2.883,34.297,253.64,641.442,-1,2,6,98.3,,False,332.999
14041,3.024,28.076,209.79,420.3558,-1,1,4,55.8,,False,416.999
14043,1.085,34.289,253.17,695.0907,-1,1,7,97.4,,False,241.999
14045,3.392,35.882,264.8,713.3792,-1,4,5,98.0,,False,561.999
14050,3.179,36.193,267.32,688.3828,-1,2,7,100.0,,False,399.999
14051,3.525,30.438,226.06,525.3374,-1,2,4,85.4,,False,632.999
14052,3.984,25.35,190.14,372.1811,-1,1,7,95.9,,False,511.999
14054,2.943,44.024,323.38,975.647,-1,2,7,79.0,,False,366.999
14055,3.083,34.003,251.41,648.3893,-1,1,7,56.9,,False,354.999
14059,3.24,29.864,223.51,402.3455,-1,2,6,59.5,,False,690.999
14061,1.451,32.179,238.21,607.3517,-1,2,6,91.3,,False,123.999
14063,2.277,23.185,172.15,516.8979,-1,1,6,91.8,,False,308.999
14064,1.95,24.064,181.85,305.2117,-1,1,10,97.2,,False,143.88899999999998
14067,3.161,26.603,199.63,369.2275,-1,2,6,93.5,,False,378.999
14068,3.133,37.052,273.25,745.5617,-1,1,4,41.5,,False,784.999
14075,2.048,20.027,147.17,830.951,-1,1,10,92.1,,False,40.86158470317332
14080,4.174,40.541,298.08,899.5407,-1,2,4,53.7,,False,1156.999
14087,2.441,23.489,175.38,424.7771,-1,1,8,86.8,,False,285.999
14088,2.196,29.36,222.25,297.1505,-1,1,4,92.3,,False,237.999
14091,0.475,20.826,158.85,247.0961,-1,1,3,97.6,,False,1713.999
14092,2.334,30.473,226.45,514.3239,-1,1,4,51.4,,False,595.999
14102,0.345,26.527,204.19,212.0882,-1,2,7,99.5,,False,213.999
14105,0.96,24.383,183.32,347.1849,-1,1,7,99.2,,False,390.999
14113,0.372,25.529,190.58,429.1585,-1,2,3,93.7,,False,189.999
14114,1.148,30.543,226.77,533.1802,-1,1,8,94.6,,False,262.999
14118,0.376,17.628,136.23,194.0448,-1,2,4,100.0,,False,1412.999
14121,2.595,33.773,249.38,686.3386,-1,2,3,99.5,,False,693.999
14129,2.194,23.375,182.28,171.9967,-1,1,9,96.6,,False,272.418567334442
14132,3.085,23.898,180.4,313.2364,-1,1,3,52.1,,False,356.999
14133,3.401,39.492,291.09,776.7337,-1,3,3,58.4,,False,826.999
14135,1.773,33.723,249.14,673.3295,-1,2,8,89.8,,False,70.999
14136,2.929,28.438,210.03,670.0991,-1,1,4,57.7,,False,447.999
14138,2.862,30.078,223.59,508.3062,-1,3,5,93.5,,False,696.999
14140,1.492,24.071,192.88,123.0434,-1,1,6,96.6,,False,987.999
14141,2.074,24.197,182.73,310.2391,-1,1,7,99.6,,False,252.999
14144,1.972,19.719,147.14,424.9924,-1,1,6,96.5,,False,147.9421763199752
14156,3.281,27.608,206.49,408.3169,-1,1,4,50.8,,False,533.999
14158,1.285,21.455,160.86,370.8878,-1,1,7,62.2,,False,253.999
14159,1.98,32.25,238.95,585.365,-1,2,4,98.3,,False,180.999
14160,0.593,29.347,225.78,215.0309,-1,1,5,93.9,,False,394.999
14164,4.788,28.085,208.98,485.2817,-1,1,7,98.4,,False,370.999
14165,0.424,19.488,147.89,272.9513,-1,1,5,91.6,,False,67.999
14166,4.13,23.287,175.92,307.0095,-1,2,3,100.0,,False,939.999
14170,2.799,31.052,230.92,502.3584,-1,1,6,63.3,,False,690.999
14172,0.455,35.14,289.5,94.923,-1,1,8,96.5,,False,144.11122222222224
14173,1.246,29.468,218.9,521.2058,-1,2,4,99.6,,False,105.999
14174,3.428,24.582,182.57,514.9824,-1,1,6,95.7,,False,590.999
14176,1.843,19.965,152.08,253.021,-1,1,6,99.3,,False,287.999
14178,0.55,21.294,160.77,309.0417,-1,1,5,97.2,,False,448.999
14183,2.797,32.126,237.99,588.3187,-1,3,7,72.1,,False,359.999
14187,4.844,30.981,230.62,481.4301,-1,2,3,94.0,,False,120.999
14188,3.559,47.166,345.9,1110.8198,-1,2,9,97.7,,False,255.999
14191,3.519,26.755,200.62,377.3412,-1,1,6,59.7,,False,212.1112222222223
14194,4.348,27.487,205.61,405.375,-1,2,6,71.1,,False,446.4515112790554
14197,1.776,40.865,329.43,116.9724,-1,1,12,99.7,,False,127.77788888888887
14199,0.964,29.098,217.58,413.1984,-1,2,4,73.7,,False,463.999
14205,2.324,25.892,194.25,370.3038,-1,1,5,70.9,,False,479.999
14210,0.34,25.362,199.95,148.9787,-1,1,9,98.2,,False,50.999
14211,2.963,31.449,233.16,567.3238,-1,2,4,90.8,,False,483.999
14214,2.531,38.996,287.2,805.4168,-1,3,5,100.0,,False,183.999
14215,1.498,28.691,213.39,495.2664,-1,2,4,85.9,,False,443.999
14217,4.21,45.494,334.02,1014.7948,-1,4,6,69.8,,False,428.999
14218,0.666,16.328,125.57,208.8993,-1,1,3,98.7,,False,1058.999
14219,3.084,35.066,259.2,659.5118,-1,3,3,52.5,,False,782.999
14220,0.504,27.352,240.31,59.0133,-1,1,11,71.1,,False,47.44455555555561
14223,3.129,34.805,257.53,626.4106,-1,1,5,88.7,,False,300.999
14228,0.714,26.116,195.22,413.1992,-1,2,3,93.4,,False,488.999
14231,2.02,31.767,235.6,560.3632,-1,2,5,99.7,,False,310.999
14232,1.552,29.915,221.89,555.1486,-1,5,3,99.3,,False,797.999
14233,2.881,32.328,239.29,610.3211,-1,3,4,84.6,,False,419.999
14235,1.085,30.735,228.03,549.1642,-1,2,6,100.0,,False,354.999
14242,1.681,27.19,203.23,416.303,-1,1,5,97.4,,False,413.999
14248,1.302,12.649,104.07,92.9269,-1,1,11,79.5,,False,113.7778888888889
14253,2.805,35.021,259.03,639.4484,-1,3,7,62.1,,False,323.999
14255,3.228,27.377,204.68,413.2308,-1,1,6,99.1,,False,291.999
14257,2.298,29.456,218.17,589.0161,-1,1,7,79.0,,False,336.4741432722933
14258,2.842,30.923,229.39,551.3038,-1,1,3,63.9,,False,705.999
14260,1.134,20.338,154.42,271.0057,-1,1,4,73.7,,False,116.999
14262,2.46,33.576,248.66,598.381,-1,2,7,97.4,,False,363.999
14268,1.764,22.186,168.73,263.165,-1,1,7,99.1,,False,190.999
14269,2.006,29.843,220.25,697.0,-1,2,5,98.7,,False,422.33344444444447
14275,2.101,21.895,168.77,205.1211,-1,1,5,98.4,,False,615.999
14277,3.155,34.305,253.79,631.4586,-1,3,4,93.6,,False,581.999
14278,4.704,33.931,250.86,645.4111,-1,3,4,100.0,,False,431.999
14280,0.464,16.986,132.63,166.0484,-1,1,3,97.6,,False,1608.999
14281,3.572,46.247,339.33,1071.7279,-1,3,3,99.9,,False,249.999
14286,3.999,32.296,239.37,577.317,-1,1,7,84.8,,False,322.999
14288,1.949,29.519,219.39,510.2937,-1,1,3,96.0,,False,690.999
14289,4.587,37.546,275.64,998.13,-1,4,3,100.0,,False,1300.999
14290,3.255,27.684,203.91,768.9553,-1,2,8,93.4,,False,301.999
14297,3.635,31.881,236.02,603.3299,-1,2,4,97.9,,False,678.999
14303,0.799,23.67,176.15,474.857,-1,1,8,96.6,,False,227.889
14307,2.862,32.232,239.42,527.3957,-1,1,5,97.4,,False,388.999
14313,4.149,23.84,178.64,381.0291,-1,2,3,100.0,,False,837.999
14315,1.894,22.767,170.47,387.8491,-1,1,7,91.7,,False,93.999
14317,3.465,29.928,222.77,482.39,-1,2,3,77.6,,False,875.999
14319,2.254,24.135,179.3,506.9627,-1,1,3,77.0,,False,1721.4445555555556
14321,2.428,32.921,243.88,590.3736,-1,2,5,97.5,,False,385.999
14331,2.495,42.599,312.94,969.5777,-1,3,6,98.3,,False,334.999
14332,2.397,23.338,176.89,284.2671,-1,1,4,55.7,,False,636.999
14336,3.969,36.855,272.22,684.613,-1,3,3,66.9,,False,904.999
14339,3.648,33.683,249.17,630.3832,-1,3,5,81.0,,False,416.999
14341,4.421,29.644,220.21,520.2499,-1,4,5,59.7,,False,404.999
14342,0.952,13.628,106.17,168.8336,-1,1,4,71.9,,False,496.999
14343,3.555,21.256,162.71,231.2098,-1,1,7,98.0,,False,453.999
14348,3.508,35.213,260.06,686.409,-1,3,4,52.5,,False,355.999
14351,2.038,30.812,228.46,562.2193,-1,2,3,97.8,,False,508.999
14352,3.959,25.134,190.44,287.2758,-1,1,4,99.2,,False,513.999
14353,3.145,26.622,199.58,379.2867,-1,1,5,39.8,,False,374.999
14354,0.463,22.431,170.09,280.8927,-1,1,8,90.9,,False,261.999
14356,2.002,29.586,220.93,432.3194,-1,1,5,69.0,,False,252.999
14358,2.188,26.743,196.87,790.9604,-1,1,10,98.1,,False,18.684775112449643
14361,0.399,28.688,211.9,666.8674,-1,1,11,84.3,,False,12.444555555555553
14373,1.258,15.186,120.32,137.0235,-1,1,4,82.8,,False,301.999
14374,0.257,28.414,209.81,674.8409,-1,1,8,90.2,,False,320.999
14375,1.946,30.587,226.86,556.2529,-1,3,3,95.1,,False,1079.999
14380,2.078,27.542,205.68,428.246,-1,2,5,97.8,,False,213.999
14381,1.62,25.771,193.14,381.264,-1,1,5,57.6,,False,516.999
14385,2.249,31.24,231.35,593.2793,-1,2,3,98.2,,False,110.999
14386,0.25,39.805,291.69,1160.2713,-1,3,5,59.8,,False,796.999
14387,1.884,23.087,175.09,280.2353,-1,1,5,67.4,,False,451.889
14391,0.758,29.751,220.98,523.2112,-1,3,7,99.8,,False,566.999
14392,4.423,24.659,185.96,321.2783,-1,1,7,83.5,,False,250.999
14394,3.74,26.5,199.18,352.3574,-1,1,8,93.2,,False,96.22233333333334
14397,2.934,33.182,245.55,620.36,-1,2,5,60.8,,False,806.999
14399,0.48,16.566,127.74,199.9048,-1,1,6,94.3,,False,160.999
14400,2.729,31.813,235.49,606.2881,-1,1,3,95.8,,False,332.999
14401,2.988,29.468,219.76,450.334,-1,1,4,63.3,,False,505.999
14403,3.679,27.691,206.22,471.2457,-1,1,7,93.9,,False,196.999
14412,0.994,26.499,197.4,464.9718,-1,3,5,100.0,,False,141.999
14415,0.331,25.642,200.1,171.025,-1,1,4,83.7,,False,81.999
14416,0.476,20.746,158.08,252.0425,-1,1,4,99.2,,False,279.66677777777784
14423,2.715,29.329,219.38,409.2382,-1,1,4,97.7,,False,271.999
14424,0.376,26.186,201.03,222.028,-1,1,8,97.0,,False,83.999
14425,3.407,31.38,233.35,503.3744,-1,2,6,69.5,,False,332.999
14431,2.547,31.433,232.92,580.2691,-1,2,5,100.0,,False,263.999
14432,1.274,34.989,262.72,369.1777,-1,2,6,90.8,,False,575.999
14433,0.456,23.437,176.2,347.0652,-1,1,6,96.7,,False,695.999
14434,3.227,40.173,295.7,841.5846,-1,1,4,42.3,,False,498.0001111111111
14435,1.385,32.068,237.66,577.3616,-1,1,6,91.6,,False,214.999
14443,1.919,18.951,145.14,227.0259,-1,1,5,98.9,,False,428.999
14445,0.334,25.279,189.89,357.0158,-1,1,7,98.4,,False,82.999
14446,2.113,30.398,225.48,553.3212,-1,1,6,99.4,,False,195.999
14447,2.644,33.096,244.81,633.3185,-1,2,6,94.1,,False,342.999
14448,3.629,35.404,261.45,690.438,-1,2,7,79.4,,False,247.999
14452,3.418,25.569,192.48,337.31,-1,1,8,86.0,,False,171.999
14454,4.638,33.882,250.76,619.3906,-1,5,5,82.8,,False,321.999
14456,1.069,35.26,260.13,729.1493,-1,2,7,98.8,,False,180.999
14457,3.176,36.889,273.22,601.4149,-1,2,5,99.5,,False,375.999
14458,4.267,29.735,221.27,487.3834,-1,2,3,93.7,,False,733.999
14462,2.639,43.846,321.88,1021.6069,-1,4,7,69.1,,False,470.999
14468,2.308,31.874,236.13,588.2949,-1,1,6,96.6,,False,267.999
14470,1.379,12.597,98.44,160.9095,-1,1,5,42.5,,False,425.999
14476,0.276,22.954,170.51,506.6271,-1,1,9,87.4,,False,162.999
14477,2.727,23.84,180.43,294.2796,-1,1,5,97.5,,False,563.999
14478,3.548,36.624,270.48,690.4837,-1,4,6,93.6,,False,312.999
14481,1.469,22.198,176.47,134.0346,-1,2,5,75.7,,False,595.999
14488,0.172,25.951,192.07,598.7957,-1,1,11,96.2,,False,21.000111111111096
14492,1.463,31.041,229.9,593.1901,-1,3,6,98.7,,False,514.999
14493,3.165,31.757,235.14,601.3281,-1,3,5,100.0,,False,569.999
14496,0.79,25.56,209.91,96.9206,-1,1,9,90.1,,False,221.999
14500,1.774,21.584,164.38,255.1965,-1,1,11,95.5,,False,330.02444214242195
14503,3.087,33.2,245.66,622.3761,-1,2,7,99.4,,False,348.999
14504,2.937,37.969,279.73,790.5423,-1,4,4,52.5,,False,235.44455555555555
14505,1.137,20.127,154.45,220.1439,-1,1,5,41.7,,False,52.55566666666664
14506,0.588,19.082,144.75,274.8893,-1,1,5,97.8,,False,304.999
14507,1.385,23.669,183.93,181.0846,-1,1,6,99.4,,False,291.999
14509,3.789,28.259,211.54,398.3362,-1,1,3,48.5,,False,703.999
14510,2.706,26.046,192.29,674.5616,-1,1,6,96.7,,False,139.999
14511,3.362,36.609,270.34,693.5,-1,2,4,71.2,,False,269.999
14513,2.566,36.999,273.23,692.4905,-1,1,5,96.9,,False,289.999
14514,4.677,28.285,210.63,472.2487,-1,2,6,91.1,,False,594.5556666666666
14516,3.704,35.419,261.82,655.4788,-1,2,5,69.5,,False,108.999
14517,0.885,24.996,187.79,355.2475,-1,2,4,97.2,,False,280.999
14520,3.08,33.849,250.32,640.3651,-1,3,6,94.5,,False,228.999
14521,1.662,27.868,207.9,444.2411,-1,1,5,98.5,,False,431.999
14523,0.408,21.901,170.28,179.1414,-1,1,6,93.6,,False,527.999
14524,1.386,35.643,262.93,733.4074,-1,2,7,98.3,,False,333.999
14526,2.329,33.288,245.99,663.254,-1,2,8,97.1,,False,296.999
14528,0.467,21.835,165.39,287.0214,-1,1,4,98.8,,False,152.999
14529,2.852,24.559,215.69,59.0122,-1,1,6,87.2,,False,451.999
14531,0.532,26.047,193.34,528.9035,-1,1,11,80.4,,False,62.999
14534,3.812,25.969,192.09,614.9771,-1,1,7,92.9,,False,482.999
14537,1.288,29.937,224.14,397.2066,-1,3,4,93.2,,False,788.999
14542,2.716,28.946,216.72,397.3104,-1,1,5,81.2,,False,267.999
14543,1.465,25.789,193.25,383.1891,-1,2,5,93.7,,False,142.999
14547,0.927,29.527,218.88,568.2862,-1,2,4,96.5,,False,68.999
14548,1.77,22.976,171.32,442.9621,-1,1,5,98.7,,False,535.999
14554,3.36,29.279,217.92,483.4429,-1,2,3,40.1,,False,1098.999
14560,0.723,19.721,150.22,253.0159,-1,1,6,99.0,,False,380.999
14562,0.669,26.914,199.44,568.8961,-1,1,10,89.3,,False,5.000111111111096
14563,1.889,26.388,197.47,400.2167,-1,1,4,61.6,,False,118.999
14568,2.36,33.344,246.8,614.3738,-1,1,7,96.0,,False,415.999
14573,3.227,24.986,189.51,281.2255,-1,1,6,84.9,,False,407.999
14588,3.43,42.403,311.63,938.6913,-1,2,7,100.0,,False,352.33344444444447
14592,1.637,30.638,227.41,539.323,-1,2,7,88.9,,False,134.999
14594,3.433,26.316,196.15,455.0489,-1,3,3,100.0,,False,515.999
14597,4.072,26.983,202.07,392.154,-1,1,8,92.4,,False,147.999
14601,1.44,28.348,210.49,528.2488,-1,2,4,99.6,,False,484.999
14603,0.539,33.306,256.17,217.028,-1,1,7,95.1,,False,381.999
14605,2.426,24.915,187.84,324.2893,-1,1,3,65.6,,False,879.999
14606,1.143,22.32,169.89,258.9783,-1,1,4,97.3,,False,379.999
14610,0.423,28.748,213.78,499.2586,-1,2,6,92.6,,False,384.999
14613,2.332,28.054,209.37,438.1986,-1,1,5,97.6,,False,589.999
14614,1.361,8.869,69.85,141.0161,-1,1,7,99.7,,False,363.999
14615,0.546,24.935,188.33,309.9788,-1,1,3,97.7,,False,292.999
14616,0.259,17.191,133.06,189.0399,-1,1,6,73.9,,False,306.2223333333333
14617,2.567,28.68,213.85,453.2014,-1,1,6,98.6,,False,360.999
14621,0.813,19.995,164.08,96.9199,-1,1,6,68.9,,False,284.999
14622,2.492,25.517,191.98,342.2139,-1,1,5,84.9,,False,527.6667777777777
14630,2.191,31.393,233.25,518.9896,-1,1,4,64.9,,False,519.999
14637,1.088,31.978,236.56,627.376,-1,2,5,96.1,,False,192.999
14638,1.058,33.128,244.73,673.1794,-1,2,7,98.8,,False,396.999
14640,2.429,25.465,191.59,342.3841,-1,2,3,78.3,,False,514.999
14641,1.926,17.683,136.98,187.0051,-1,1,4,61.3,,False,757.999
14645,1.518,23.129,174.79,304.1568,-1,2,11,96.7,,False,295.999
14647,2.334,31.022,230.71,499.3661,-1,2,5,47.0,,False,455.999
14650,1.457,30.17,224.18,516.3238,-1,1,5,55.0,,False,280.999
14651,2.375,23.132,171.17,594.9765,-1,1,6,89.4,,False,336.999
14653,3.147,33.792,250.43,582.4462,-1,1,5,53.2,,False,158.999
14655,0.906,28.09,210.78,371.1877,-1,1,5,72.6,,False,335.999
14663,1.924,26.692,199.98,386.2914,-1,2,4,93.4,,False,511.6667777777778
14665,3.627,40.676,299.35,849.5837,-1,2,5,73.8,,False,478.999
14669,2.726,24.591,186.03,298.2455,-1,2,3,66.8,,False,800.999
14673,3.846,24.564,184.71,346.1638,-1,1,7,97.8,,False,284.999
14679,0.26,20.903,158.0,300.0391,-1,1,5,97.8,,False,178.999
14680,1.494,33.105,244.26,716.3016,-1,3,5,86.9,,False,410.999
14691,3.12,24.767,186.76,322.2565,-1,1,4,98.3,,False,924.999
14692,3.328,28.141,210.18,427.2173,-1,3,3,85.4,,False,411.999
14693,1.503,25.988,194.62,391.2142,-1,1,3,68.9,,False,213.999
14697,1.144,34.741,286.2,94.9238,-1,1,12,99.9,,False,144.7778888888889
14700,0.603,27.844,205.71,656.8311,-1,1,8,80.7,,False,210.999
14703,1.851,33.019,243.83,687.1487,-1,5,5,100.0,,False,337.999
14705,3.606,22.511,171.96,241.2158,-1,2,4,92.5,,False,352.999
14719,1.929,24.732,185.88,351.1834,-1,2,7,86.7,,False,145.22233333333332
14722,1.072,18.142,139.87,202.0263,-1,1,9,82.9,,False,235.22233333333332
14727,1.07,32.311,238.7,671.1048,-1,2,5,90.0,,False,210.999
14740,3.1,29.25,218.63,418.3057,-1,1,3,43.5,,False,799.999
14752,2.839,24.058,181.65,311.2212,-1,1,4,60.9,,False,730.7778888888889
14753,1.115,30.046,222.88,553.2583,-1,3,3,100.0,,False,555.999
14758,2.274,19.566,153.72,154.0615,-1,1,7,93.0,,False,323.999
14768,1.646,31.784,235.57,575.3521,-1,2,5,100.0,,False,119.999
14770,1.598,25.903,193.69,408.1513,-1,1,3,98.3,,False,723.999
14771,1.071,30.973,229.63,567.1314,-1,4,6,98.3,,False,359.999
14774,1.74,32.419,267.68,92.9251,-1,1,8,96.9,,False,36.11122222222224
14776,3.391,45.997,337.4,1091.7358,-1,2,7,84.4,,False,409.999
14779,0.583,25.383,191.17,333.207,-1,2,4,97.9,,False,1068.999
14781,3.731,23.88,178.94,381.0789,-1,2,4,100.0,,False,541.999
14786,3.278,32.031,237.8,537.6606,-1,1,3,46.9,,False,705.999
14788,3.709,38.458,283.47,769.6268,-1,3,3,52.5,,False,791.999
14791,1.976,29.784,221.3,517.2029,-1,1,4,97.3,,False,417.999
14792,1.675,26.645,199.13,416.2499,-1,1,4,90.2,,False,508.999
14797,3.534,31.536,234.22,528.3497,-1,1,5,98.9,,False,515.999
14798,2.389,31.285,231.92,570.2839,-1,1,5,80.6,,False,506.999
14800,0.576,28.48,218.97,217.0274,-1,1,9,77.7,,False,357.999
14802,3.205,29.804,226.24,279.232,-1,1,6,70.6,,False,290.999
14804,4.783,30.924,229.2,573.3342,-1,2,5,88.1,,False,326.999
14806,2.928,34.144,253.33,555.3324,-1,2,4,50.5,,False,388.999
14808,1.843,39.165,323.48,92.9277,-1,1,8,86.2,,False,14.338512702324138
14810,4.622,34.365,254.27,625.5075,-1,2,6,65.4,,False,348.999
14811,3.121,38.372,282.52,825.3292,-1,3,7,91.0,,False,408.999
14818,4.469,34.276,252.3,822.1134,-1,3,4,100.0,,False,926.999
14819,1.6,24.588,185.3,327.1339,-1,1,8,77.8,,False,242.999
14822,3.313,30.845,228.99,535.2813,-1,2,4,64.8,,False,568.999
14826,2.15,24.059,181.96,299.2212,-1,1,4,97.3,,False,319.999
14829,1.519,26.01,194.82,388.2173,-1,2,7,98.1,,False,421.999
14831,0.275,22.123,166.71,324.7609,-1,1,8,91.7,,False,85.999
14835,1.954,22.37,169.67,279.1725,-1,1,3,56.0,,False,596.999
14837,1.033,15.024,119.65,128.9901,-1,1,6,84.0,,False,488.999
14838,0.639,18.393,140.53,236.9603,-1,1,7,99.2,,False,97.999
14841,2.906,26.947,201.94,384.3144,-1,1,6,74.5,,False,307.999
14842,0.425,30.049,223.0,543.2831,-1,2,6,91.7,,False,413.999
14844,3.406,18.519,141.69,230.9769,-1,1,5,90.2,,False,246.999
14851,0.374,23.457,176.03,364.0501,-1,2,3,100.0,,False,318.999
14855,1.366,17.676,136.92,187.0058,-1,1,6,97.3,,False,617.999
14857,2.567,40.85,300.52,866.5122,-1,3,3,97.2,,False,709.999
14861,3.961,25.985,195.22,356.3258,-1,1,4,75.7,,False,365.999
14863,1.422,26.987,201.23,449.2473,-1,3,3,100.0,,False,965.999
14866,1.921,26.99,201.64,422.2044,-1,1,4,97.2,,False,140.999
14867,4.007,24.313,184.33,283.2561,-1,1,6,84.3,,False,455.999
14870,2.494,28.067,209.26,453.1813,-1,2,6,92.0,,False,331.999
14872,3.301,29.38,218.59,490.281,-1,2,4,83.9,,False,249.889
14874,4.068,34.758,257.08,639.4654,-1,2,4,93.0,,False,567.999
14875,3.359,24.921,187.77,329.295,-1,1,5,60.8,,False,617.999
14876,1.943,20.252,156.54,195.1731,-1,1,6,90.0,,False,182.999
14878,3.172,35.883,264.6,743.3192,-1,4,3,100.0,,False,737.999
14885,1.576,24.377,183.46,338.242,-1,1,6,86.4,,False,269.999
14895,3.166,25.407,187.05,780.953,-1,1,10,90.0,,False,121.44455555555555
14899,1.749,25.064,188.46,347.2209,-1,1,8,95.9,,False,103.999
14900,1.332,34.085,251.73,685.338,-1,3,9,86.7,,False,77.999
14903,2.071,28.712,213.39,509.2963,-1,3,3,99.0,,False,633.999
14904,3.392,32.642,241.81,589.3755,-1,3,4,81.4,,False,935.999
14906,3.368,43.614,320.36,974.6549,-1,2,9,96.6,,False,210.999
14907,3.341,25.134,189.08,343.2286,-1,2,4,92.1,,False,138.999
14913,2.452,21.752,159.5,980.9449,-1,1,6,87.0,,False,249.999
14914,2.125,23.06,195.77,74.0235,-1,1,6,87.1,,False,660.999
14916,4.082,27.313,202.64,543.0594,-1,2,5,98.1,,False,591.999
14919,3.244,39.377,290.12,792.5809,-1,2,4,50.3,,False,248.55566666666664
14920,1.586,23.346,176.09,319.1177,-1,1,3,90.7,,False,678.999
14923,1.287,32.584,241.13,619.1714,-1,1,6,98.4,,False,276.999
14928,1.438,23.845,178.91,366.9827,-1,1,8,91.2,,False,81.89014150529042
14931,1.147,23.045,174.32,297.2067,-1,1,5,96.8,,False,373.999
14933,1.391,24.027,181.06,327.2147,-1,1,7,89.3,,False,247.999
14943,2.267,25.329,188.28,498.9357,-1,1,6,77.4,,False,520.999
14946,1.689,26.929,201.65,393.2618,-1,2,6,64.8,,False,109.999
14948,0.434,28.243,210.44,462.1808,-1,2,3,100.0,,False,366.999
14951,1.355,30.181,223.54,591.1403,-1,3,3,97.2,,False,543.999
14952,0.736,3.054,24.61,94.9235,-1,1,4,99.6,,False,778.999
14955,2.523,22.437,171.11,249.2206,-1,1,4,99.2,,False,577.999
14956,2.426,27.951,208.48,447.3478,-1,1,3,96.9,,False,811.999
14961,4.37,35.604,263.09,667.5213,-1,1,4,58.1,,False,227.999
14964,2.081,33.977,252.36,528.9696,-1,1,8,89.3,,False,44.024608798150325
14967,1.902,28.703,214.03,451.3082,-1,2,4,64.6,,False,755.999
14974,0.441,25.05,187.57,391.0807,-1,1,8,96.6,,False,228.999
14976,3.124,30.223,225.21,465.4965,-1,3,8,82.4,,False,114.999
14977,1.656,27.598,206.46,405.2639,-1,2,6,72.6,,False,201.999
14979,0.455,14.749,117.78,125.0222,-1,1,6,96.6,,False,137.1112222222222
14982,0.347,22.095,169.97,212.089,-1,1,7,85.7,,False,149.999
14983,2.014,30.029,223.68,471.3114,-1,2,3,84.8,,False,1594.999
14985,0.822,24.255,181.74,381.1967,-1,1,4,98.7,,False,605.999
14986,2.677,30.577,226.8,554.2897,-1,2,4,93.1,,False,528.999
14996,1.452,27.59,205.69,454.1903,-1,1,7,98.8,,False,358.999
15003,4.476,33.807,250.69,567.4661,-1,1,3,44.0,,False,473.55566666666664
15004,4.133,35.096,259.68,628.5471,-1,3,3,78.5,,False,930.999
15008,1.042,12.753,104.67,94.9229,-1,1,8,98.3,,False,274.999
15009,2.894,28.525,214.01,373.3101,-1,2,6,74.7,,False,286.999
15011,2.903,34.768,256.68,697.3651,-1,2,5,100.0,,False,123.999
15018,0.632,31.581,240.57,260.0279,-1,2,6,94.4,,False,172.999
15022,2.615,28.867,214.77,489.228,-1,1,5,71.0,,False,132.999
15023,3.955,29.218,218.26,426.3682,-1,1,5,75.2,,False,345.999
15025,4.68,45.334,332.81,1016.8117,-1,2,8,71.5,,False,71.26590987621535
15036,1.832,25.979,194.84,374.2984,-1,1,5,74.8,,False,263.999
15037,0.751,26.884,198.92,608.8259,-1,1,7,57.0,,False,285.999
15042,2.871,22.149,168.67,256.2339,-1,2,4,70.3,,False,350.999
15046,2.532,39.503,290.76,844.4857,-1,4,3,99.3,,False,938.999
15047,0.465,22.624,168.5,458.8277,-1,1,13,94.8,,False,10.90465244393738
15053,1.634,14.113,115.91,94.9231,-1,1,7,99.2,,False,150.999
15055,1.843,41.387,328.12,141.0164,-1,1,13,86.9,,False,227.06575435863806
15058,2.271,29.304,218.36,464.3457,-1,1,3,92.9,,False,243.999
15059,0.551,16.021,128.09,124.0135,-1,1,4,79.4,,False,628.999
15060,3.726,28.866,215.16,457.2992,-1,2,4,92.7,,False,520.999
15063,1.218,24.486,184.31,337.2,-1,1,7,97.4,,False,136.999
15072,1.804,39.41,317.69,116.9712,-1,1,8,74.1,,False,554.999
15073,3.496,31.641,234.59,566.354,-1,2,4,98.3,,False,137.999
15079,3.359,27.956,206.77,623.186,-1,1,3,68.4,,False,1124.999
15084,1.178,35.695,268.04,369.1776,-1,1,6,97.2,,False,611.999
15086,0.487,20.465,156.15,245.1476,-1,1,4,57.0,,False,389.999
15089,3.733,24.593,191.58,175.0186,-1,1,4,99.6,,False,460.999
15092,1.471,35.483,281.23,141.013,-1,1,7,76.5,,False,71.999
15095,2.019,17.757,142.82,116.9707,-1,1,8,99.4,,False,46.995880804521846
15099,1.852,32.574,241.85,537.3258,-1,1,9,97.6,,False,171.999
15105,1.36,23.621,178.35,311.1384,-1,1,8,91.4,,False,296.999
15106,2.76,33.213,245.7,629.3369,-1,2,5,91.6,,False,455.999
15111,2.89,36.402,268.7,710.367,-1,2,6,75.8,,False,362.999
15119,2.76,27.908,207.99,459.3508,-1,2,6,91.1,,False,389.999
15124,0.828,32.989,271.73,94.9241,-1,1,8,97.2,,False,465.889
15132,2.796,28.566,213.83,399.325,-1,2,4,98.7,,False,475.999
15137,3.73,20.613,156.06,289.0328,-1,1,3,97.6,,False,630.999
15141,0.788,22.06,172.36,167.0193,-1,1,4,64.4,,False,583.999
15143,1.309,38.963,321.05,94.9244,-1,1,12,84.5,,False,0.8112469805146247
15144,0.96,24.978,187.51,363.2169,-1,1,7,98.7,,False,240.999
15149,2.456,32.32,239.57,572.3664,-1,2,4,72.5,,False,428.999
15151,3.656,37.18,274.02,773.3099,-1,4,6,100.0,,False,382.999
15158,4.163,30.413,230.18,299.0257,-1,1,3,96.5,,False,460.999
15159,1.221,33.534,247.87,655.1767,-1,2,7,100.0,,False,251.999
15161,2.503,27.065,202.89,380.2851,-1,1,5,82.1,,False,162.999
15163,1.613,28.751,213.7,506.3536,-1,2,3,100.0,,False,787.999
15164,0.612,26.988,199.32,662.8265,-1,1,9,87.2,,False,81.999
15170,1.478,40.351,296.71,897.5172,-1,2,7,89.0,,False,257.999
15177,4.329,35.06,259.12,660.5177,-1,2,3,31.3,,False,423.33344444444447
15184,1.647,19.889,153.72,195.1365,-1,1,5,92.8,,False,202.999
15185,2.227,39.588,291.25,867.4855,-1,3,7,95.3,,False,371.999
15193,3.162,42.391,311.44,963.4481,-1,2,5,97.5,,False,443.999
15196,1.828,9.043,72.44,116.9714,-1,1,6,99.5,,False,58.999
15200,1.409,18.196,140.29,202.0263,-1,1,10,97.8,,False,293.999
15204,4.439,36.998,273.32,678.6116,-1,2,6,97.9,,False,438.11122222222224
15211,1.42,25.286,222.1,59.0129,-1,1,12,99.9,,False,18.555666666666667
15212,0.407,23.842,182.02,244.9632,-1,1,5,94.4,,False,497.999
15216,1.716,28.002,208.77,454.2799,-1,2,3,100.0,,False,362.999
15217,0.53,28.831,221.67,217.0273,-1,1,9,75.5,,False,259.999
15218,1.546,24.209,182.71,315.1813,-1,2,3,82.4,,False,111.999
15221,2.753,46.756,348.47,476.2814,-1,1,7,91.3,,False,175.999
15224,2.268,11.967,96.23,114.9352,-1,1,4,45.8,,False,463.999
15225,1.86,28.132,210.37,411.1838,-1,2,4,96.8,,False,213.999
15227,0.496,28.153,216.45,217.027,-1,1,5,78.6,,False,363.999
15230,2.806,29.882,222.05,515.2406,-1,2,5,70.3,,False,504.999
15234,1.564,19.558,150.44,211.0752,-1,1,3,96.7,,False,294.999
15237,4.211,38.257,282.2,738.5413,-1,2,7,90.8,,False,258.999
15241,3.725,33.959,251.1,644.3977,-1,4,7,87.1,,False,272.11122222222224
15242,2.74,28.133,211.75,341.2119,-1,1,4,72.1,,False,641.999
15244,0.657,31.05,255.73,94.9246,-1,1,10,96.5,,False,280.6667777777778
15246,2.888,33.126,245.88,542.3306,-1,1,6,93.6,,False,213.999
15247,1.086,8.388,66.03,141.0151,-1,1,9,98.3,,False,360.999
15248,1.61,21.558,189.26,59.0123,-1,1,7,75.8,,False,426.999
15252,4.039,39.778,292.75,851.539,-1,1,3,39.6,,False,586.999
15256,0.551,22.895,172.26,338.8516,-1,1,8,90.9,,False,148.999
15257,3.861,28.617,214.58,379.321,-1,2,3,66.9,,False,292.999
15259,3.285,30.047,223.88,466.4772,-1,1,6,89.0,,False,106.999
15260,4.435,26.352,197.78,366.2726,-1,1,4,73.4,,False,226.999
15261,0.51,18.598,146.39,150.0546,-1,1,3,95.4,,False,1217.999
15270,3.283,36.324,268.32,683.5134,-1,2,5,96.5,,False,417.999
15272,3.137,27.758,207.1,441.1078,-1,2,5,89.9,,False,333.999
15276,4.12,34.751,257.17,622.448,-1,2,3,97.6,,False,428.999
15277,1.93,27.699,206.65,442.2657,-1,1,5,82.8,,False,403.999
15283,0.61,25.647,190.17,550.8698,-1,1,7,94.9,,False,125.00011111111111
15284,0.714,26.443,197.51,424.1435,-1,1,6,96.9,,False,408.999
15287,3.056,40.039,294.81,823.5688,-1,1,4,42.5,,False,647.999
15288,4.144,30.443,225.66,571.1115,-1,5,5,99.7,,False,634.999
15289,0.862,21.188,158.54,392.8536,-1,1,9,98.0,,False,161.999
15290,3.103,25.752,194.09,327.2906,-1,2,4,98.5,,False,944.999
15294,1.491,24.316,183.26,326.2347,-1,1,8,66.2,,False,396.7778888888889
15295,2.053,16.707,127.22,250.8511,-1,1,4,98.3,,False,414.999
15296,2.222,33.207,245.81,610.3398,-1,3,4,89.7,,False,611.999
15297,1.372,27.723,207.09,425.1178,-1,3,4,98.2,,False,475.999
15298,2.181,32.263,238.68,627.2331,-1,1,6,98.6,,False,383.999
15304,1.315,39.417,296.04,369.1786,-1,1,7,97.8,,False,445.999
15310,2.367,31.793,236.74,479.3378,-1,2,4,71.9,,False,78.999
15311,2.809,28.287,211.31,425.2532,-1,1,3,61.2,,False,135.999
15312,1.713,28.165,209.76,471.1909,-1,2,6,98.8,,False,179.999
15315,2.006,23.151,175.55,281.2461,-1,2,3,44.1,,False,508.55566666666664
15327,2.302,36.239,266.5,883.2007,-1,2,8,82.3,,False,287.999
15328,3.105,31.842,236.42,533.3147,-1,2,5,99.2,,False,620.999
15334,0.978,26.513,196.11,616.8147,-1,1,10,87.5,,False,175.999
15335,2.176,32.192,238.22,619.2891,-1,2,5,79.5,,False,333.999
15338,2.511,35.573,262.78,679.3996,-1,2,5,94.3,,False,379.999
15339,1.533,31.541,259.78,94.923,-1,1,7,90.8,,False,222.999
15340,2.881,33.164,245.49,612.3328,-1,2,5,98.3,,False,372.999
15341,1.505,25.95,193.98,413.1991,-1,1,3,97.0,,False,567.999
15346,1.55,28.709,213.81,472.3002,-1,1,4,63.4,,False,829.999
15347,1.083,28.218,211.79,368.1633,-1,1,4,94.1,,False,489.999
15349,2.691,30.709,229.0,453.2826,-1,1,6,82.6,,False,513.999
15350,0.371,20.301,153.83,283.0207,-1,1,8,90.4,,False,130.999
15352,3.256,40.253,296.39,823.5678,-1,1,3,36.6,,False,614.999
15354,2.837,25.263,186.52,668.964,-1,1,6,98.0,,False,185.84353218151085
15356,1.089,27.56,206.35,395.1895,-1,1,3,95.3,,False,550.999
15357,0.585,16.914,132.37,161.0595,-1,1,6,99.4,,False,636.999
15359,0.404,23.679,185.29,164.0686,-1,1,6,97.6,,False,310.999
15362,1.766,29.468,218.94,517.2071,-1,2,4,100.0,,False,488.999
15363,2.147,16.222,127.55,150.9869,-1,1,10,88.6,,False,4.222333333333296
15365,1.791,31.199,231.35,563.1214,-1,2,4,100.0,,False,390.2223333333333
15368,2.213,28.729,214.53,430.3044,-1,1,4,98.0,,False,538.999
15369,1.508,25.984,194.59,390.2331,-1,1,6,98.3,,False,747.999
15370,0.586,32.148,265.45,92.9265,-1,1,8,86.5,,False,278.999
15371,3.112,33.524,248.16,613.2866,-1,5,4,99.0,,False,225.999
15378,1.907,29.541,220.09,467.2821,-1,2,5,57.0,,False,245.999
15382,1.775,22.892,172.97,305.0859,-1,1,3,98.8,,False,665.999
15391,0.702,14.833,114.47,195.8083,-1,1,4,60.5,,False,176.999
15392,0.717,22.894,172.26,338.8513,-1,1,8,90.7,,False,67.999
15393,3.376,27.014,199.88,609.0412,-1,2,4,95.1,,False,308.999
15399,0.694,13.648,106.23,170.8307,-1,1,3,45.3,,False,562.999
15405,3.159,26.586,199.23,383.3175,-1,1,6,92.0,,False,379.1114243056906
15406,3.482,32.541,241.25,569.4075,-1,2,3,69.1,,False,109.999
15408,1.358,32.95,243.28,691.1693,-1,2,5,99.7,,False,249.999
15409,2.913,32.32,240.4,499.3988,-1,2,5,43.2,,False,375.999
15411,4.651,30.166,223.81,548.2469,-1,1,8,93.9,,False,544.8811304539888
15414,0.803,27.486,203.17,638.8681,-1,1,8,92.0,,False,209.999
15417,3.099,25.892,193.89,391.1789,-1,1,5,80.3,,False,449.999
15434,1.08,32.425,239.72,647.0846,-1,1,5,98.1,,False,170.999
15437,1.401,32.637,241.6,610.3298,-1,2,6,100.0,,False,553.999
15439,2.345,28.055,209.83,408.2836,-1,1,5,74.4,,False,127.999
15445,1.262,29.805,222.0,471.314,-1,2,4,82.5,,False,1059.999
15454,4.454,36.743,320.53,61.9872,-1,1,7,50.8,,False,246.0001111111111
15459,0.646,27.188,223.32,96.9208,-1,1,10,87.5,,False,149.999
15467,3.273,33.108,244.99,620.3595,-1,4,5,68.5,,False,191.999
15470,3.262,27.758,204.45,769.9593,-1,1,8,92.5,,False,351.999
15471,3.509,36.357,268.09,751.3491,-1,3,6,80.9,,False,410.999
15474,2.557,30.616,227.86,486.3299,-1,1,4,52.6,,False,1197.999
15480,2.927,30.85,229.27,514.3603,-1,1,4,71.2,,False,477.999
15481,2.614,30.798,228.51,548.3012,-1,2,5,96.7,,False,369.999
15483,2.873,21.132,161.99,225.2185,-1,1,5,77.3,,False,212.999
15493,3.46,41.113,302.44,879.5399,-1,3,5,99.7,,False,265.999
15497,3.961,24.854,187.31,327.2888,-1,1,3,42.9,,False,567.999
15499,1.285,31.678,235.16,539.2185,-1,3,5,100.0,,False,425.999
15503,0.46,16.083,128.59,124.0126,-1,1,4,98.1,,False,423.999
15507,2.664,40.177,314.66,165.0386,-1,1,4,99.2,,False,558.999
15512,2.724,28.038,209.12,447.3452,-1,2,3,78.5,,False,490.999
15522,0.465,23.297,174.99,355.1045,-1,2,4,82.5,,False,1.2223333333333386
15528,2.579,23.42,177.51,284.2651,-1,1,5,46.4,,False,450.999
15530,0.409,29.972,223.28,469.0308,-1,2,4,96.6,,False,147.999
15537,3.756,35.298,261.05,640.4861,-1,2,4,73.7,,False,557.999
15545,3.353,28.32,211.98,399.3475,-1,2,3,89.4,,False,204.999
15549,1.553,12.18,97.1,125.8971,-1,1,4,56.3,,False,297.999
15551,1.86,25.567,192.01,359.2223,-1,2,5,97.9,,False,451.999
15555,1.962,33.47,247.2,683.2619,-1,1,8,98.5,,False,247.999
15558,3.496,34.397,254.3,652.4053,-1,1,4,96.5,,False,192.999
15561,3.524,47.555,348.78,1112.8353,-1,4,3,99.3,,False,641.999
15563,4.342,23.748,178.36,357.0123,-1,1,5,92.9,,False,387.999
15566,4.004,21.146,159.65,309.0391,-1,1,5,86.6,,False,169.999
15568,4.398,30.202,224.07,549.2457,-1,1,5,65.4,,False,235.999
15572,2.635,32.882,243.65,585.288,-1,2,5,64.1,,False,475.999
15573,2.092,32.289,240.19,496.3079,-1,2,3,98.8,,False,730.999
15574,3.431,23.162,173.77,367.0269,-1,2,6,100.0,,False,74.999
15577,0.25,20.583,156.17,275.0865,-1,1,5,97.4,,False,263.999
15578,1.343,28.45,211.68,489.1341,-1,1,6,98.6,,False,304.999
15579,3.47,25.174,189.79,324.2733,-1,1,5,98.5,,False,803.999
15582,0.448,34.909,257.76,693.3944,-1,2,6,79.4,,False,251.999
15583,0.619,29.046,227.12,167.0192,-1,1,6,98.5,,False,193.999
15584,0.961,25.852,193.49,397.2177,-1,2,3,97.9,,False,301.999
15585,1.086,12.173,100.14,92.9271,-1,1,9,73.1,,False,82.65442045725274
15586,1.27,26.876,200.45,446.2909,-1,2,5,77.0,,False,428.999
15587,0.588,19.081,144.79,272.8925,-1,1,4,97.6,,False,243.999
15588,0.441,16.593,128.97,177.019,-1,1,4,96.5,,False,525.999
15591,1.422,30.63,226.84,593.1476,-1,2,5,86.6,,False,311.999
15592,1.309,30.963,229.47,577.2996,-1,2,3,100.0,,False,703.999
15600,4.741,38.532,284.19,745.5556,-1,2,6,97.2,,False,403.999
15601,1.974,28.105,209.66,445.2145,-1,1,5,78.8,,False,486.999
15606,2.422,22.788,169.07,530.8989,-1,1,4,96.7,,False,352.999
15609,0.517,23.153,173.69,367.107,-1,1,6,97.0,,False,110.999
15610,3.152,33.202,486.56,568.5197,-2,2,3,48.5,,False,580.999
15612,3.272,23.113,175.44,275.1989,-1,1,5,70.8,,False,116.999
15620,1.742,8.612,68.95,116.9716,-1,1,7,96.5,,False,206.999
15622,1.876,23.479,177.54,300.2191,-1,1,4,97.6,,False,234.999
15623,3.324,45.152,331.37,1034.7929,-1,2,3,97.3,,False,372.999
15624,2.599,25.434,223.4,59.0128,-1,1,5,96.6,,False,718.999
15625,0.484,25.039,188.95,316.1205,-1,1,3,99.0,,False,578.999
15631,1.453,20.992,163.19,179.0686,-1,1,7,99.2,,False,428.999
15632,2.586,23.844,178.83,371.0651,-1,3,4,99.3,,False,379.999
15638,2.798,32.811,242.92,606.3441,-1,1,5,90.7,,False,407.999
15639,2.14,31.752,235.06,604.2538,-1,2,5,98.5,,False,611.999
15647,0.555,22.731,171.85,301.0369,-1,1,4,99.0,,False,718.999
15648,1.383,32.414,239.55,659.3468,-1,2,7,97.0,,False,217.999
15649,1.667,22.949,173.91,285.1218,-1,1,5,99.4,,False,202.999
15656,3.011,33.14,245.59,580.7746,-1,1,3,59.0,,False,1539.999
15659,2.813,22.712,172.5,271.1726,-1,1,6,99.2,,False,172.999
15661,1.262,28.957,214.8,550.2316,-1,2,7,86.5,,False,224.999
15664,2.52,25.426,191.49,333.2786,-1,1,6,69.1,,False,142.999
15668,1.381,27.018,202.49,383.1903,-1,1,5,98.6,,False,842.999
15673,1.076,22.213,168.21,289.1785,-1,1,6,96.9,,False,256.999
15683,2.13,33.713,249.38,634.3351,-1,3,4,90.4,,False,428.999
15685,1.358,30.041,223.14,521.3373,-1,2,5,100.0,,False,890.999
15688,0.984,26.02,193.0,544.8507,-1,1,9,78.5,,False,63.111222222222224
15691,2.211,36.26,275.03,287.2208,-1,1,4,94.4,,False,620.999
15692,2.921,31.195,231.26,567.3247,-1,2,3,92.3,,False,848.999
15694,2.207,23.942,180.92,305.1741,-1,1,8,68.5,,False,207.999
15701,1.803,37.384,301.32,116.9742,-1,1,9,88.5,,False,47.644836731202304
15705,0.859,15.716,123.62,150.0011,-1,1,3,87.7,,False,370.999
15708,4.074,34.889,257.57,697.3835,-1,2,5,47.7,,False,448.999
15709,2.664,25.223,190.18,323.1869,-1,1,5,78.2,,False,791.999
15716,2.525,30.557,227.41,487.2621,-1,2,5,82.1,,False,651.3334444444445
15717,2.91,25.404,191.09,344.2891,-1,1,8,98.9,,False,166.999
15720,1.235,25.078,188.33,359.2063,-1,2,3,100.0,,False,464.999
15724,1.219,32.259,238.75,615.1846,-1,2,6,97.3,,False,206.999
15725,2.775,35.653,263.35,684.3549,-1,2,4,98.3,,False,701.999
15730,2.664,41.621,305.87,941.507,-1,2,5,86.4,,False,319.999
15732,1.523,28.852,214.77,481.2783,-1,2,3,67.2,,False,529.999
15733,2.693,41.87,307.76,926.5615,-1,4,4,97.5,,False,804.999
15734,0.723,24.409,181.05,540.8319,-1,1,8,86.7,,False,237.999
15736,1.014,30.928,241.87,167.02,-1,1,5,65.3,,False,137.999
15739,2.699,30.849,229.56,489.2782,-1,2,9,75.5,,False,190.52253688212954
15743,2.585,37.178,274.17,745.4207,-1,3,4,100.0,,False,324.999
15746,2.354,31.012,230.71,494.3532,-1,1,5,85.5,,False,399.999
15748,0.246,40.299,295.68,1048.4684,-1,3,4,73.1,,False,173.999
15749,2.319,28.973,215.76,473.2464,-1,1,5,82.2,,False,490.999
15750,1.547,52.664,434.17,94.9232,-1,1,7,99.9,,False,199.999
15751,0.442,24.271,182.52,345.0167,-1,1,5,91.2,,False,318.999
15753,2.974,33.752,249.54,646.3785,-1,2,8,88.6,,False,127.999
15756,2.412,31.646,234.94,537.3794,-1,2,6,77.2,,False,265.999
15759,3.064,24.349,186.83,223.1681,-1,1,5,98.4,,False,359.999
15761,0.427,24.76,203.32,96.9192,-1,1,7,87.3,,False,304.999
15762,4.735,35.095,259.49,649.5062,-1,2,5,87.1,,False,279.999
15776,3.972,32.705,242.35,580.4429,-1,3,4,67.6,,False,1094.3334444444445
15786,0.993,21.44,163.48,249.1483,-1,1,7,69.7,,False,208.999
15792,0.659,21.774,167.01,223.1342,-1,1,5,84.7,,False,458.999
15796,1.878,17.691,133.1,330.9776,-1,1,8,75.8,,False,37.44455555555558
15798,1.949,21.335,163.32,231.1737,-1,2,3,99.6,,False,556.999
15799,2.82,41.207,302.94,915.5348,-1,3,4,76.1,,False,223.66677777777778
15802,0.571,24.194,198.67,96.9193,-1,1,5,97.7,,False,288.999
15807,1.415,22.645,172.17,265.215,-1,1,7,90.2,,False,148.999
15809,2.545,19.753,151.69,217.0954,-1,1,5,98.6,,False,51.999
15815,1.418,23.71,184.11,183.1031,-1,1,3,99.4,,False,609.999
15824,2.421,26.728,200.13,393.2978,-1,1,4,84.1,,False,489.999
15828,0.486,16.042,126.26,149.0221,-1,2,3,96.0,,False,863.999
15838,3.034,20.509,156.46,246.0283,-1,1,7,98.7,,False,219.999
15840,3.236,35.237,260.38,665.5181,-1,2,3,82.3,,False,539.999
15842,2.402,24.629,213.59,63.99,-1,1,6,84.0,,False,464.999
15845,1.826,31.737,235.51,547.2679,-1,2,3,98.3,,False,521.999
15846,0.408,18.439,144.22,163.0736,-1,1,6,94.9,,False,178.999
15847,3.545,36.552,269.91,695.511,-1,1,7,97.8,,False,213.999
15862,2.427,32.77,243.99,482.3035,-1,3,3,98.2,,False,657.999
15864,1.333,32.912,243.53,622.3301,-1,2,6,98.6,,False,326.999
15870,2.67,26.946,201.58,404.2863,-1,1,5,51.8,,False,213.999
15872,2.782,31.987,236.96,589.2655,-1,2,5,95.2,,False,186.999
15875,2.438,25.538,191.8,358.3073,-1,1,3,78.0,,False,248.999
15876,2.0,28.959,215.96,451.3064,-1,2,3,93.7,,False,1168.999
15879,1.876,29.38,218.42,505.2245,-1,1,4,62.1,,False,296.999
15883,2.413,27.626,207.24,373.2736,-1,2,6,99.1,,False,388.999
15884,1.832,6.354,50.71,116.9713,-1,1,9,97.4,,False,323.5020411995986
15887,1.361,27.831,206.59,533.0997,-1,1,7,99.2,,False,223.999
15888,1.653,28.413,233.95,94.9231,-1,1,7,99.5,,False,116.00011111111112
15889,1.521,31.82,235.16,655.1776,-1,2,6,93.3,,False,377.999
15891,0.519,29.271,217.79,488.1968,-1,2,4,99.4,,False,137.999
15893,1.269,26.431,205.95,175.023,-1,1,5,90.9,,False,94.999
15897,3.604,31.99,237.09,576.369,-1,2,7,97.6,,False,251.999
15899,0.638,24.431,188.5,203.0541,-1,1,10,89.0,,False,56.999
15901,3.272,25.776,193.5,363.2906,-1,1,6,65.6,,False,225.999
15904,2.344,32.91,243.61,610.3373,-1,2,4,74.5,,False,678.999
15905,3.118,32.096,238.22,542.3396,-1,2,4,65.7,,False,396.999
15906,0.5,17.184,130.85,251.8885,-1,1,4,98.9,,False,425.999
15913,3.352,36.748,272.17,601.4144,-1,2,4,99.9,,False,307.999
15914,3.953,39.369,290.05,793.5832,-1,3,4,52.5,,False,429.66677777777784
15917,2.932,32.036,238.64,473.3998,-1,1,5,51.3,,False,240.999
15918,3.356,27.637,205.04,545.0371,-1,2,3,100.0,,False,400.999
15921,0.277,26.333,194.4,676.5122,-1,1,9,63.1,,False,279.999
15922,0.896,20.658,159.39,201.0242,-1,1,9,94.9,,False,179.999
15925,2.809,34.359,254.27,620.4236,-1,2,3,48.7,,False,771.999
15926,3.282,23.043,179.18,179.1793,-1,1,6,90.0,,False,274.999
15931,3.73,21.196,166.5,155.0121,-1,1,3,99.2,,False,692.999
15935,1.757,37.87,304.76,118.9674,-1,1,13,97.6,,False,4.35145531263305
15943,3.044,26.155,196.14,375.2532,-1,2,6,90.0,,False,183.999
15945,3.636,42.071,309.15,949.4153,-1,2,6,97.0,,False,334.999
15946,4.178,25.524,192.41,325.1887,-1,1,4,70.5,,False,140.999
15950,1.297,34.615,256.69,568.2955,-1,2,3,99.4,,False,863.999
15955,0.276,22.134,165.0,444.6757,-1,1,8,96.9,,False,221.999
15956,2.956,29.378,222.3,299.2591,-1,2,6,86.6,,False,503.999
15963,2.562,29.99,222.72,527.2409,-1,1,6,87.4,,False,345.999
15965,2.991,23.573,178.32,297.3523,-1,2,5,78.3,,False,413.999
15971,1.696,29.496,220.03,447.239,-1,2,4,70.1,,False,145.999
15972,2.229,28.5,212.11,483.3083,-1,2,6,91.3,,False,197.999
15974,1.839,29.81,222.35,449.2562,-1,2,5,86.4,,False,512.999
15980,1.353,16.674,129.56,178.0044,-1,1,3,98.8,,False,77.999
15981,4.267,41.877,307.75,937.5911,-1,2,9,98.9,,False,177.999
15986,3.098,35.828,265.12,626.4745,-1,1,6,90.3,,False,81.999
15993,1.262,32.966,243.71,649.359,-1,1,7,98.4,,False,185.999
15997,2.329,22.407,168.28,355.04,-1,1,7,93.9,,False,490.999
16003,2.411,29.862,223.38,409.2949,-1,3,5,98.7,,False,104.999
16010,4.302,47.75,350.19,1116.8648,-1,3,7,80.1,,False,92.999
16011,0.339,21.053,162.86,193.0064,-1,1,5,74.9,,False,149.999
16012,0.382,26.504,206.68,172.9899,-1,1,4,90.5,,False,655.999
16016,0.514,25.027,205.52,96.9197,-1,1,9,83.3,,False,130.999
16020,3.993,29.509,220.0,455.3548,-1,1,8,93.2,,False,665.0038097737252
16024,2.792,32.69,242.22,583.396,-1,2,6,98.9,,False,155.999
16030,0.759,19.325,147.11,255.6301,-1,1,5,84.8,,False,74.999
16037,4.7,27.269,204.37,383.3524,-1,1,5,89.6,,False,304.999
16039,3.366,36.9,272.26,728.5577,-1,5,3,52.5,,False,533.999
16042,3.831,38.869,286.24,812.5712,-1,3,3,56.6,,False,1502.1306576275483
16044,1.456,29.813,221.79,493.2806,-1,2,3,100.0,,False,1105.999
16045,0.614,23.832,178.85,364.8944,-1,1,7,99.4,,False,248.999
16046,3.07,34.729,256.99,624.4587,-1,1,7,65.7,,False,109.66677777777781
16054,1.936,22.304,170.09,249.2204,-1,1,5,82.0,,False,305.999
16057,0.493,23.867,197.91,89.0227,-1,1,5,99.1,,False,132.999
16058,2.053,30.428,225.79,545.241,-1,2,3,45.5,,False,431.999
16062,3.46,28.891,216.52,385.3329,-1,1,7,87.9,,False,301.999
16063,0.603,23.708,179.11,306.9362,-1,1,12,94.1,,False,19.555666666666667
16064,0.691,25.765,190.79,584.7844,-1,1,8,80.0,,False,289.999
16068,1.604,26.734,199.84,414.2333,-1,4,5,54.0,,False,326.999
16075,1.3,23.163,175.62,282.2521,-1,1,5,87.9,,False,277.999
16077,0.852,23.608,177.26,359.0148,-1,1,6,99.5,,False,219.999
16078,2.439,21.562,164.69,241.2181,-1,2,3,85.5,,False,137.999
16083,3.688,25.344,189.68,397.2263,-1,1,4,94.5,,False,589.999
16086,1.818,29.874,221.8,533.1896,-1,2,4,97.5,,False,367.999
16096,2.0,30.534,227.06,501.3213,-1,2,4,82.4,,False,594.999
16098,4.011,21.93,168.22,223.0264,-1,1,5,98.6,,False,214.999
16100,3.081,24.272,183.25,312.2607,-1,1,6,61.6,,False,8.985918283847042
16101,1.82,28.424,225.18,141.0125,-1,1,6,96.0,,False,80.999
16110,3.946,19.026,145.73,227.0021,-1,1,3,52.1,,False,207.999
16111,4.013,44.223,324.9,955.7955,-1,2,3,98.9,,False,359.999
16113,0.622,29.649,220.43,505.209,-1,1,5,96.0,,False,307.999
16117,3.963,45.932,337.22,1011.8564,-1,2,6,99.2,,False,363.999
16118,1.752,24.958,187.7,345.212,-1,1,7,83.2,,False,403.999
16119,1.779,24.785,186.21,354.2117,-1,2,5,96.5,,False,326.999
16120,3.262,26.528,198.44,405.1945,-1,1,4,97.2,,False,545.999
16123,0.502,17.919,142.25,135.0788,-1,1,4,89.4,,False,451.999
16124,1.874,30.459,226.1,536.2007,-1,1,6,97.0,,False,178.999
16134,2.353,23.505,177.66,303.1984,-1,1,5,93.5,,False,40.00011111111111
16135,1.356,20.997,159.72,261.033,-1,1,4,98.3,,False,412.999
16139,3.553,31.235,231.85,539.3783,-1,2,5,84.1,,False,498.999
16141,2.566,24.793,183.0,676.9674,-1,1,7,72.6,,False,343.999
16145,3.688,26.426,198.14,377.3057,-1,2,4,53.7,,False,997.999
16146,0.249,46.695,341.74,1334.4598,-1,3,5,72.1,,False,455.999
16147,1.867,6.94,54.52,141.015,-1,1,6,96.2,,False,212.999
16148,2.145,25.956,194.52,382.2049,-1,1,5,68.3,,False,401.999
16152,2.446,21.732,164.71,283.1527,-1,1,6,99.6,,False,305.999
16154,2.785,25.039,188.36,343.2274,-1,2,5,64.0,,False,935.999
16156,1.519,22.528,171.22,267.1153,-1,1,8,98.9,,False,202.21374608614366
16158,2.577,33.854,250.07,679.2664,-1,2,6,96.4,,False,666.999
16161,2.488,27.902,208.36,429.2036,-1,2,6,68.0,,False,407.999
16163,1.701,29.593,219.58,545.182,-1,2,5,94.9,,False,287.999
16165,2.097,24.448,181.21,556.9586,-1,1,5,92.4,,False,297.999
16167,1.04,14.797,114.12,197.8065,-1,1,4,82.1,,False,471.999
16170,2.298,29.826,221.47,529.2632,-1,2,4,66.6,,False,537.999
16172,0.542,13.199,108.1,96.9582,-1,1,5,94.4,,False,400.999
16174,3.131,23.201,176.41,265.2517,-1,1,5,91.1,,False,344.999
16176,1.526,33.824,250.05,650.3603,-1,2,8,79.4,,False,229.999
16179,1.366,33.123,244.53,697.1915,-1,2,8,91.9,,False,247.999
16181,0.388,20.365,155.51,241.1456,-1,1,4,98.6,,False,475.999
16183,3.076,25.758,193.49,357.2445,-1,2,4,64.5,,False,210.999
16185,2.624,21.905,168.03,223.0261,-1,1,4,98.4,,False,506.999
16188,1.536,33.955,279.71,94.9234,-1,1,7,97.8,,False,290.999
16189,2.327,36.353,267.72,805.2812,-1,1,7,91.8,,False,369.999
16195,2.274,30.746,228.06,555.2366,-1,1,5,66.6,,False,228.999
16202,1.247,21.694,165.78,239.1635,-1,1,4,92.1,,False,472.999
16203,1.98,19.757,148.71,330.9779,-1,1,3,98.4,,False,246.999
16207,0.464,30.176,224.75,471.2459,-1,3,3,98.3,,False,429.999
16214,2.42,26.435,198.16,380.2817,-1,1,3,48.3,,False,638.999
16217,1.704,16.301,131.06,116.9713,-1,1,10,86.0,,False,42.98045947542386
16220,1.781,27.226,203.45,419.1884,-1,2,4,100.0,,False,205.999
16225,2.096,28.083,210.38,389.305,-1,2,5,92.4,,False,182.999
16228,0.429,27.874,206.4,590.9432,-1,1,10,94.2,,False,23.41940532849452
16229,2.947,24.738,186.54,322.275,-1,1,6,82.1,,False,333.999
16233,2.671,32.561,242.45,481.2979,-1,1,5,98.9,,False,268.999
16235,2.423,23.75,176.0,560.9278,-1,1,4,62.8,,False,261.999
16236,2.222,32.843,243.45,574.3309,-1,3,5,92.3,,False,612.999
16242,2.646,39.647,291.74,858.4888,-1,5,3,52.5,,False,174.999
16243,3.821,37.787,278.51,772.6783,-1,4,3,70.7,,False,210.999
16244,3.435,32.325,239.47,588.3675,-1,3,5,60.0,,False,381.2223333333333
16246,3.94,40.4,297.55,813.6261,-1,2,4,88.9,,False,1163.999
16251,1.675,33.432,247.43,615.3798,-1,1,6,86.5,,False,122.999
16260,4.089,34.561,255.16,699.3765,-1,3,4,71.2,,False,270.999
16262,0.91,21.738,177.26,102.9548,-1,1,6,83.4,,False,346.999
16265,1.977,24.123,179.67,462.9645,-1,1,5,89.4,,False,130.999
16266,2.294,30.155,223.79,540.1902,-1,3,4,100.0,,False,227.999
16270,1.555,26.307,196.6,417.2282,-1,2,6,97.3,,False,323.999
16272,3.898,35.672,263.13,733.34,-1,3,4,89.6,,False,397.999
16278,3.408,29.979,220.08,956.952,-1,1,7,84.4,,False,208.82939379652072
16279,3.111,31.23,232.28,498.391,-1,1,3,53.1,,False,564.999
16299,0.494,32.701,241.89,631.3414,-1,2,7,89.3,,False,374.999
16303,0.28,27.839,204.86,814.3929,-1,1,8,95.3,,False,231.999
16305,1.691,28.349,211.42,449.2921,-1,1,6,66.8,,False,139.999
16309,0.235,38.316,281.34,986.3134,-1,2,5,84.8,,False,393.999
16311,3.69,23.089,173.76,337.1665,-1,1,6,97.9,,False,86.999
16314,1.424,22.7,172.78,259.1889,-1,1,6,77.5,,False,94.999
16317,2.214,25.024,187.73,370.145,-1,1,5,97.8,,False,471.999
16324,0.928,31.75,234.7,650.2883,-1,2,4,96.8,,False,120.999
16326,2.322,26.082,195.52,379.284,-1,1,4,52.3,,False,848.999
16327,0.833,17.579,132.85,296.8428,-1,1,3,98.9,,False,104.999
16328,1.972,19.633,146.56,419.1081,-1,2,3,47.9,,False,581.999
16329,2.82,38.137,281.37,732.5224,-1,1,5,98.0,,False,201.999
16331,4.112,33.173,245.49,617.3766,-1,1,5,71.4,,False,138.999
16335,1.777,25.582,192.17,357.184,-1,2,5,99.6,,False,70.11122222222224
16337,1.386,35.375,261.22,691.3977,-1,2,6,90.4,,False,354.999
16338,2.049,19.945,154.05,197.1878,-1,1,3,70.9,,False,258.999
16346,1.677,27.648,206.52,425.2917,-1,1,5,87.8,,False,171.999
16347,3.398,35.862,264.94,675.4839,-1,4,5,90.0,,False,189.999
16350,0.593,18.245,150.38,92.9282,-1,1,8,86.4,,False,259.63968537103574
16354,0.386,23.69,185.36,164.0717,-1,1,5,97.3,,False,144.999
16358,1.358,26.28,196.0,445.1277,-1,1,5,90.7,,False,325.999
16359,0.591,23.649,178.03,335.1125,-1,1,3,87.4,,False,1178.999
16360,1.313,31.401,232.14,646.2297,-1,3,5,89.9,,False,174.999
16364,2.591,33.921,250.68,663.258,-1,2,6,97.1,,False,287.999
16369,0.57,23.755,178.27,364.8957,-1,1,8,91.7,,False,251.999
16378,0.879,20.026,163.25,102.955,-1,1,7,84.5,,False,117.999
16379,4.439,32.909,244.16,551.2713,-1,3,3,100.0,,False,545.999
16380,0.797,35.464,292.87,92.9276,-1,1,9,98.2,,False,242.50809172467024
16381,3.765,31.848,236.4,541.3812,-1,1,3,45.4,,False,222.999
16383,1.078,29.051,216.18,487.1181,-1,2,6,92.2,,False,295.999
16385,2.17,26.628,199.03,415.1391,-1,2,3,98.3,,False,557.999
16388,1.003,16.025,125.67,156.0017,-1,1,4,86.4,,False,343.999
16392,3.726,30.339,884.77,467.5569,-4,3,3,59.8,,False,142.999
16395,0.604,25.291,190.52,331.1902,-1,2,3,98.4,,False,113.999
16402,3.539,28.566,211.2,637.0696,-1,1,6,97.1,,False,309.999
16409,4.129,28.157,211.37,367.0276,-1,1,4,97.9,,False,671.999
16414,2.078,29.829,222.08,478.3277,-1,1,5,91.6,,False,261.999
16415,1.384,35.118,290.03,92.9257,-1,1,7,84.3,,False,280.999
16417,0.28,17.741,136.42,210.8405,-1,1,8,96.3,,False,135.999
16418,4.638,16.627,130.89,149.0071,-1,1,3,83.1,,False,658.999
16421,3.423,28.26,210.89,439.2476,-1,2,4,78.9,,False,141.999
16435,3.362,45.265,332.34,1018.7447,-1,2,7,94.3,,False,249.999
16437,3.38,31.095,230.55,564.3359,-1,2,4,92.8,,False,220.999
16444,0.413,22.91,174.88,244.9629,-1,1,7,94.4,,False,237.999
16445,1.925,28.956,216.1,439.255,-1,2,5,94.7,,False,396.999
16446,1.555,32.188,265.11,94.9236,-1,1,8,80.8,,False,159.999
16448,2.46,23.928,180.6,314.2388,-1,1,5,65.1,,False,267.999
16452,4.471,20.863,157.5,309.0401,-1,1,3,83.2,,False,784.999
16459,3.676,33.969,251.27,635.1845,-1,2,5,100.0,,False,402.999
16461,4.295,41.551,305.77,857.525,-1,3,5,76.8,,False,241.999
16462,1.355,38.852,285.58,919.3326,-1,3,4,96.1,,False,53.999
16464,3.118,36.892,272.14,736.5347,-1,1,3,33.2,,False,823.999
16465,1.391,31.809,235.95,557.2115,-1,2,3,97.3,,False,551.999
16467,2.198,21.805,162.24,473.9909,-1,1,6,81.6,,False,498.999
16469,0.448,19.551,149.55,232.9956,-1,1,3,56.6,,False,272.999
16470,1.055,13.506,105.68,158.8442,-1,1,4,91.2,,False,252.999
16475,4.417,28.253,210.4,472.2501,-1,1,7,78.1,,False,244.7778888888889
16478,0.618,24.026,178.85,470.8587,-1,1,8,92.5,,False,234.999
16480,1.679,30.311,225.22,517.3372,-1,1,4,50.5,,False,603.999
16481,0.5,26.83,198.68,586.8635,-1,1,9,96.8,,False,28.984550107048335
16484,2.617,21.163,162.19,226.2228,-1,1,7,86.2,,False,338.999
16488,4.046,40.938,301.33,841.6508,-1,1,6,61.0,,False,179.0001111111111
16489,0.105,26.719,197.9,580.9074,-1,1,5,78.3,,False,128.999
16491,2.367,24.68,186.35,311.2239,-1,1,3,54.5,,False,612.999
16497,2.899,24.173,182.47,313.2764,-1,2,6,95.9,,False,1361.1905137646113
16499,2.759,31.419,233.17,544.373,-1,1,3,81.8,,False,604.999
16502,1.569,27.45,204.99,428.2824,-1,1,4,83.5,,False,992.999
16505,0.942,29.062,218.09,371.1885,-1,1,4,73.9,,False,326.999
16506,4.219,41.112,302.3,903.5665,-1,2,5,70.8,,False,136.999
16508,3.922,33.704,249.65,593.6083,-1,2,3,58.4,,False,1239.999
16509,1.474,33.269,246.17,624.345,-1,2,4,65.6,,False,509.999
16510,0.244,19.246,150.84,158.9589,-1,1,7,98.6,,False,297.999
16511,2.299,18.27,141.25,193.0847,-1,1,9,78.1,,False,8.666777777777781
16515,3.298,30.106,225.0,421.3221,-1,1,3,68.3,,False,544.999
16518,3.346,34.157,252.46,656.4023,-1,2,4,87.3,,False,240.999
16524,1.288,29.158,217.1,477.3079,-1,1,3,48.1,,False,406.999
16526,0.756,29.777,228.28,229.0506,-1,1,4,74.7,,False,121.999
16536,0.354,26.257,194.39,592.8356,-1,1,4,51.9,,False,512.999
16540,2.351,35.061,258.68,725.2941,-1,2,6,94.8,,False,214.999
16543,2.726,30.512,227.1,485.2835,-1,1,5,96.8,,False,448.18731860639036
16547,1.486,23.092,174.73,295.1072,-1,1,5,97.1,,False,328.999
16552,4.622,29.027,215.81,503.2514,-1,1,5,56.2,,False,374.97458308042826
16566,2.78,28.792,214.65,455.2182,-1,1,8,84.9,,False,39.05806977021814
16574,3.196,25.674,191.26,463.0325,-1,2,4,97.9,,False,347.999
16578,3.382,21.993,167.64,251.2013,-1,1,11,99.0,,False,362.18739832257415
16579,2.19,22.408,166.98,450.9642,-1,1,4,98.6,,False,218.999
16580,2.68,33.299,246.93,566.4102,-1,1,4,60.7,,False,386.999
16588,0.554,24.411,182.83,387.1013,-1,1,3,98.3,,False,478.999
16595,0.596,23.325,176.01,315.2175,-1,1,5,97.1,,False,147.999
16598,2.948,23.729,179.46,299.2019,-1,1,3,43.6,,False,958.999
16600,0.652,24.686,183.22,528.8191,-1,1,8,97.0,,False,111.999
16611,3.471,38.919,286.46,840.4725,-1,3,6,69.7,,False,117.999
16613,1.413,25.523,191.49,369.2666,-1,2,4,78.6,,False,112.999
16615,0.524,15.835,123.6,166.0109,-1,1,4,94.8,,False,181.999
16621,4.579,30.288,224.66,553.2791,-1,1,7,80.4,,False,114.22233333333332
16622,0.326,21.572,164.18,258.9306,-1,1,5,89.2,,False,60.999
16625,0.57,24.382,181.12,510.8527,-1,1,8,99.3,,False,152.999
16626,1.177,13.641,106.19,170.8319,-1,1,4,58.1,,False,224.999
16631,0.573,16.945,130.2,212.9445,-1,1,3,98.1,,False,416.999
16633,1.075,28.816,216.28,369.158,-1,1,4,97.2,,False,211.999
16634,1.901,35.084,278.06,141.0158,-1,1,8,65.0,,False,72.55566666666667
16636,2.716,36.312,267.76,751.3099,-1,3,5,91.8,,False,372.999
16638,3.531,28.656,213.88,438.3638,-1,2,4,80.6,,False,483.999
16644,1.86,29.04,215.37,555.2919,-1,2,3,64.8,,False,569.999
16651,1.704,24.704,185.79,345.2057,-1,2,7,92.3,,False,101.999
16652,2.363,25.619,192.09,376.2281,-1,1,4,75.9,,False,489.999
16655,2.605,25.031,188.38,339.2541,-1,1,3,45.2,,False,730.999
16656,0.509,12.773,99.54,167.0191,-1,1,4,87.9,,False,134.999
16657,0.753,21.865,179.48,96.9191,-1,1,6,98.6,,False,215.999
16661,1.623,22.715,172.23,281.1738,-1,1,8,93.7,,False,75.88899999999998
16663,3.732,21.318,162.49,251.0175,-1,3,3,98.3,,False,460.999
16664,1.895,27.232,203.43,423.2348,-1,2,7,64.1,,False,413.999
16665,1.864,32.969,265.25,118.9665,-1,1,11,92.9,,False,106.0001111111111
16666,1.901,27.882,207.99,444.2782,-1,1,5,95.5,,False,510.999
16669,2.519,22.44,172.13,223.1706,-1,1,4,97.3,,False,291.999
16671,3.789,34.899,257.92,659.5166,-1,2,4,59.9,,False,583.4571525773966
16675,2.52,39.902,293.68,845.4936,-1,2,4,66.4,,False,45.22233333333334
16676,1.047,23.555,176.41,386.8897,-1,1,5,98.8,,False,217.999
16678,3.499,29.875,222.68,460.3516,-1,1,4,97.6,,False,349.999
16679,0.815,22.24,168.91,271.0058,-1,1,4,61.3,,False,306.999
16680,1.979,22.201,168.67,268.981,-1,1,6,98.0,,False,69.999
16684,0.591,26.051,193.25,542.8537,-1,1,7,98.5,,False,202.999
16685,3.218,30.904,230.12,477.5353,-1,2,3,67.2,,False,491.999
16686,1.909,21.895,166.52,263.1651,-1,1,4,93.0,,False,294.999
16687,3.695,34.122,252.3,646.4132,-1,2,5,62.7,,False,16.555666666666667
16688,2.541,22.747,172.77,271.1705,-1,1,4,98.7,,False,829.999
16692,0.246,13.603,109.64,112.9351,-1,1,5,80.3,,False,417.999
16695,4.448,30.196,223.25,641.0942,-1,2,6,99.5,,False,200.1112222222223
16698,0.511,19.928,152.58,229.1467,-1,1,3,93.8,,False,400.999
16702,0.537,30.134,235.64,167.0202,-1,1,4,56.1,,False,271.999
16703,1.451,33.293,245.7,710.2848,-1,2,5,98.5,,False,331.999
16704,1.778,29.465,218.91,518.2531,-1,3,4,93.7,,False,275.999
16707,1.647,26.252,196.73,383.2423,-1,1,5,90.1,,False,182.999
16710,2.078,29.952,222.25,545.205,-1,1,6,85.1,,False,262.999
16712,0.606,19.262,147.33,232.9654,-1,1,3,91.5,,False,176.999
16713,0.685,19.782,152.07,213.1482,-1,1,6,99.4,,False,419.999
16714,0.854,23.49,176.91,331.191,-1,1,6,94.3,,False,338.999
16715,1.476,30.457,228.02,399.2173,-1,2,3,80.0,,False,1023.999
16720,0.334,20.369,154.65,271.0057,-1,1,3,98.8,,False,848.999
16728,0.251,15.422,122.84,129.0181,-1,1,7,70.5,,False,230.999
16729,1.618,30.657,227.54,541.2386,-1,1,3,46.4,,False,379.999
16733,3.426,26.277,201.37,229.1951,-1,1,4,79.1,,False,664.999
16743,2.972,24.178,181.86,343.1555,-1,1,3,49.0,,False,97.999
16744,2.548,42.896,323.76,325.1836,-1,1,8,83.8,,False,27.222333333333324
16750,0.167,19.925,151.37,267.0722,-1,1,9,98.9,,False,161.999
16751,3.658,36.011,268.76,447.0644,-1,3,3,100.0,,False,535.999
16753,2.022,22.485,197.42,59.0135,-1,1,6,94.4,,False,86.66677777777772
16756,1.076,36.198,266.64,795.1212,-1,1,6,89.1,,False,184.999
16759,0.811,37.501,309.74,92.927,-1,1,8,99.1,,False,411.1288165754851
16761,3.541,39.088,287.93,795.5503,-1,3,3,52.5,,False,417.999
16765,2.522,30.769,229.37,459.312,-1,1,3,40.3,,False,417.999
16766,2.298,24.102,181.77,320.2323,-1,1,4,96.9,,False,361.999
16773,3.422,28.027,210.03,385.331,-1,1,4,99.4,,False,289.999
16775,0.816,23.793,177.34,450.8972,-1,1,7,94.6,,False,58.747539561987935
16778,1.353,27.416,204.97,413.1997,-1,1,4,99.0,,False,505.999
16784,1.63,24.733,185.93,349.1647,-1,2,3,98.9,,False,568.999
16786,4.448,35.876,315.41,59.0121,-1,1,6,83.0,,False,268.999
16788,0.491,20.748,160.82,187.0055,-1,1,4,97.4,,False,341.999
16790,3.075,36.97,272.68,742.4338,-1,2,3,55.4,,False,128.999
16792,2.715,30.161,224.97,449.256,-1,2,3,97.3,,False,388.999
16794,0.735,22.201,171.24,203.0544,-1,1,6,86.0,,False,75.999
16795,2.598,35.229,260.05,707.284,-1,2,6,95.3,,False,217.3334444444444
16796,0.683,30.986,249.66,116.9714,-1,1,8,75.3,,False,503.7645278202616
16798,2.859,21.327,163.57,223.2048,-1,1,6,97.8,,False,145.999
16799,1.666,22.063,193.71,59.0126,-1,1,7,65.5,,False,265.999
16807,0.967,22.525,170.53,291.1223,-1,1,3,98.5,,False,868.999
16809,2.555,38.087,280.95,740.4913,-1,2,3,92.3,,False,298.999
16814,0.691,32.962,253.66,215.0316,-1,1,6,72.6,,False,318.999
16816,2.666,42.412,311.68,940.5754,-1,2,5,100.0,,False,292.999
16818,0.637,34.593,304.11,59.0124,-1,1,6,90.9,,False,94.999
16819,1.543,31.666,234.46,603.2216,-1,2,4,98.9,,False,411.999
16820,3.397,19.608,147.59,330.9805,-1,1,5,97.7,,False,252.999
16822,3.34,23.017,172.34,388.0358,-1,1,5,71.5,,False,252.999
16824,3.527,21.001,159.15,282.9934,-1,1,4,71.2,,False,367.999
16825,2.133,16.759,128.62,216.9311,-1,1,3,99.1,,False,507.999
16826,4.428,29.942,222.21,540.2426,-1,2,3,70.1,,False,419.999
16831,0.433,22.308,167.83,339.0523,-1,2,7,76.3,,False,204.999
16842,1.287,29.23,217.44,493.2449,-1,2,5,94.0,,False,123.999
16845,2.252,33.243,246.04,615.3792,-1,1,6,93.5,,False,72.999
16847,3.257,34.692,256.65,630.4444,-1,1,8,69.2,,False,174.999
16849,1.781,24.408,183.86,330.2737,-1,1,5,97.4,,False,262.999
16850,0.397,27.677,211.39,244.963,-1,1,5,99.6,,False,380.999
16853,1.594,32.335,239.26,621.2394,-1,3,4,97.7,,False,360.999
16857,1.463,55.849,450.49,116.9691,-1,1,7,81.6,,False,131.999
16858,3.105,31.511,233.75,555.3563,-1,1,4,49.0,,False,173.999
16881,2.514,25.699,193.03,358.3037,-1,1,8,82.5,,False,166.999
16882,2.878,32.059,238.72,479.2859,-1,1,5,85.2,,False,143.999
16885,0.972,24.24,182.29,345.1707,-1,1,6,99.3,,False,236.999
16889,0.588,23.997,181.39,303.1318,-1,1,4,93.0,,False,195.999
16890,4.341,23.929,180.92,301.2517,-1,1,4,98.5,,False,403.999
16892,2.369,25.264,190.84,309.1706,-1,1,5,50.5,,False,35.88899999999998
16895,2.874,30.551,226.9,526.3285,-1,1,3,73.3,,False,90.999
16905,1.063,18.22,140.43,203.022,-1,1,8,93.3,,False,75.7778888888889
16907,2.153,18.333,142.39,180.0739,-1,1,5,91.4,,False,246.999
16909,2.759,35.097,259.04,705.4178,-1,2,6,93.6,,False,11.124351665077654
16913,2.937,33.454,249.43,459.2526,-1,1,8,98.8,,False,335.999
16915,2.642,24.566,185.2,324.2595,-1,1,5,61.9,,False,252.999
16918,0.608,16.038,132.12,92.929,-1,1,6,98.2,,False,191.999
16924,0.322,24.146,212.06,59.0125,-1,1,6,73.3,,False,140.999
16926,1.821,53.155,439.27,92.9256,-1,1,7,97.2,,False,134.22233333333332
16927,1.464,18.709,154.22,92.9271,-1,1,9,98.9,,False,68.11167062254523
16935,3.168,27.225,203.81,396.393,-1,1,3,97.1,,False,479.999
16941,1.071,31.766,234.74,661.0913,-1,1,8,73.0,,False,205.999
16942,2.983,22.284,169.36,267.1956,-1,1,8,89.8,,False,284.2223333333333
16949,1.503,34.483,254.1,776.2363,-1,3,5,100.0,,False,316.999
16950,2.399,23.36,177.06,284.2664,-1,1,4,62.2,,False,7.111222222222295
16953,2.636,30.473,227.25,452.2813,-1,1,4,77.1,,False,439.999
16955,2.145,29.685,221.49,444.3132,-1,2,4,90.2,,False,473.999
16960,0.804,34.499,278.05,116.9683,-1,1,5,63.2,,False,181.999
16962,2.936,29.392,218.84,476.3473,-1,1,4,99.4,,False,837.999
16966,1.48,27.609,218.7,141.015,-1,1,6,84.8,,False,321.999
16971,2.494,28.306,217.08,227.1991,-1,1,4,94.6,,False,432.999
16976,0.416,19.419,147.68,261.0054,-1,1,5,97.8,,False,323.999
16979,0.287,15.491,120.96,165.0025,-1,1,6,84.4,,False,239.999
16981,1.405,31.09,231.32,492.2806,-1,1,6,97.7,,False,469.999
16987,3.901,31.912,236.65,563.3288,-1,1,5,95.7,,False,320.999
16988,0.657,25.334,187.71,568.8121,-1,1,7,68.0,,False,210.999
16992,3.198,28.452,211.93,469.2461,-1,2,4,96.7,,False,221.999
16993,0.679,36.46,285.25,167.0194,-1,1,3,46.2,,False,619.999
17000,0.376,21.809,165.51,275.102,-1,1,3,82.7,,False,300.999
17003,3.279,33.765,250.91,520.3413,-1,1,6,91.9,,False,308.999
17008,1.743,24.76,204.29,92.9264,-1,1,9,95.1,,False,142.29634730171944
17009,1.17,23.404,175.59,367.1621,-1,1,3,79.7,,False,134.999
17010,2.029,37.157,273.97,753.4768,-1,1,4,38.5,,False,540.999
17013,0.63,26.713,197.91,574.9129,-1,1,5,54.0,,False,144.999
17015,1.904,29.727,220.26,577.2788,-1,3,3,93.7,,False,274.999
17020,2.502,31.879,236.33,571.3418,-1,1,4,80.3,,False,152.999
17021,4.775,32.39,239.69,617.3605,-1,2,5,94.5,,False,385.999
17028,2.623,31.848,235.96,584.3079,-1,1,5,79.9,,False,272.999
17033,3.054,42.677,313.7,926.6147,-1,3,10,65.6,,False,1.6239371012986226
17034,3.502,30.005,224.25,421.4631,-1,2,4,42.4,,False,208.999
17035,0.72,24.753,186.24,341.2313,-1,1,6,81.2,,False,259.999
17049,2.457,39.261,288.99,836.49,-1,4,6,93.7,,False,285.999
17058,3.861,34.175,252.79,634.4758,-1,1,4,69.1,,False,131.22233333333332
17060,2.325,23.409,173.75,524.9264,-1,1,5,98.8,,False,388.999
17063,0.603,19.858,150.56,278.9137,-1,1,5,97.0,,False,99.999
17071,2.314,33.504,247.37,695.2174,-1,3,4,83.3,,False,343.999
17072,2.574,23.874,196.02,96.9395,-1,1,3,86.5,,False,693.999
17078,0.583,28.172,226.92,116.9746,-1,1,5,97.8,,False,164.09354566121448
17079,1.666,25.942,194.24,392.25,-1,1,3,57.8,,False,204.999
17084,0.465,19.262,148.58,201.091,-1,2,3,100.0,,False,920.999
17087,0.353,23.184,174.88,318.053,-1,1,7,99.0,,False,164.999
17089,3.507,27.638,206.5,421.2738,-1,1,5,94.7,,False,405.999
17093,3.305,27.861,207.86,443.1053,-1,1,5,70.0,,False,132.999
17094,1.769,29.879,222.09,509.3118,-1,1,5,75.5,,False,216.999
17095,3.068,26.253,197.6,339.2531,-1,2,5,94.8,,False,192.999
17096,2.0,35.232,290.95,92.927,-1,1,8,85.5,,False,29.811005953628893
17101,1.973,24.192,182.49,319.1521,-1,1,4,85.5,,False,287.999
17102,4.045,31.559,234.63,508.4092,-1,1,4,69.8,,False,219.999
17106,2.943,22.731,168.27,581.9706,-1,1,5,91.9,,False,229.999
17110,0.247,18.077,147.93,99.0076,-1,1,4,93.0,,False,638.999
17112,0.415,30.213,222.99,696.9941,-1,1,9,87.8,,False,101.999
17113,1.173,28.148,210.16,432.1916,-1,1,6,97.7,,False,239.999
17114,3.51,21.596,165.17,235.2043,-1,1,4,96.0,,False,399.999
17115,0.602,17.417,138.07,137.0221,-1,1,4,95.9,,False,450.999
17117,2.186,19.374,142.22,880.9526,-1,1,9,92.3,,False,317.999
17120,0.468,33.62,262.98,167.0193,-1,1,6,98.3,,False,71.999
17123,2.409,23.796,179.6,314.2419,-1,1,4,46.6,,False,305.999
17125,4.061,12.592,98.39,160.9086,-1,1,4,78.0,,False,134.0001111111111
17128,4.139,41.703,306.87,860.6981,-1,1,7,42.6,,False,152.999
17130,3.135,39.548,290.94,869.356,-1,3,7,82.4,,False,235.999
17133,2.647,25.29,190.14,348.2616,-1,1,6,74.1,,False,192.999
17134,0.634,24.989,200.74,119.9455,-1,1,10,98.1,,False,23.574503813907853
17151,2.421,25.0,194.46,179.1049,-1,1,3,71.9,,False,335.999
17152,2.044,27.136,203.3,387.2526,-1,1,5,71.8,,False,366.999
17153,2.96,29.145,217.55,437.4621,-1,2,7,85.7,,False,125.999
17157,2.831,27.535,206.13,397.2224,-1,2,5,91.1,,False,350.999
17158,4.514,38.56,284.23,771.6376,-1,1,3,44.8,,False,612.999
17159,0.375,22.764,171.47,329.027,-1,1,5,97.3,,False,142.999
17167,0.565,23.505,180.33,223.0189,-1,1,7,97.1,,False,89.33344444444447
17172,0.576,57.742,448.62,187.0035,-1,1,3,67.0,,False,98.11122222222222
17176,1.074,56.023,451.85,116.9722,-1,1,9,71.7,,False,166.999
17178,2.099,25.894,194.21,373.2364,-1,1,7,93.5,,False,248.999
17179,3.274,35.135,259.49,686.4078,-1,3,5,52.5,,False,351.999
17188,0.714,11.423,90.99,126.9039,-1,1,9,96.7,,False,295.14120977475824
17193,3.16,29.821,223.04,411.2387,-1,1,4,98.1,,False,383.999
17198,4.07,34.973,258.31,683.4702,-1,2,5,92.3,,False,519.999
17206,3.308,29.579,224.59,277.2181,-1,1,5,75.7,,False,102.999
17209,2.335,31.516,233.6,574.2999,-1,2,4,78.2,,False,488.999
17213,2.072,18.383,140.72,228.9631,-1,1,8,99.0,,False,55.008573638965856
17214,3.359,34.993,258.46,684.3933,-1,5,4,52.5,,False,363.999
17217,0.786,16.312,129.37,136.0162,-1,1,3,97.4,,False,400.999
17227,3.016,23.036,174.7,280.2359,-1,1,5,52.9,,False,34.598866638276775
17229,1.077,27.894,208.27,432.1453,-1,1,6,98.0,,False,215.999
17232,3.548,44.966,330.23,998.787,-1,2,7,85.3,,False,272.999
17234,3.264,32.284,238.89,617.2219,-1,3,4,99.2,,False,28.222333333333324
17237,2.209,36.463,268.26,861.2243,-1,2,5,89.9,,False,412.999
17238,2.629,31.68,235.29,529.3532,-1,2,4,61.9,,False,431.999
17239,1.275,24.512,184.28,348.1853,-1,2,5,98.6,,False,280.999
17240,1.729,23.161,175.18,298.0944,-1,1,4,89.9,,False,202.999
17244,0.412,27.588,203.89,644.8249,-1,1,9,91.3,,False,95.55566666666667
17245,2.217,32.666,242.17,570.3487,-1,1,4,74.8,,False,275.999
17246,3.888,35.71,263.44,731.3409,-1,1,4,95.0,,False,274.999
17250,0.789,25.558,189.32,574.8298,-1,1,7,97.2,,False,284.999
17261,1.947,31.387,232.73,565.2788,-1,4,6,93.7,,False,230.999
17264,1.718,26.848,201.09,390.2714,-1,1,5,81.5,,False,94.999
17267,1.834,22.241,169.89,241.1793,-1,1,4,77.8,,False,353.999
17268,1.765,26.232,196.48,388.277,-1,1,5,98.5,,False,192.999
17269,3.418,35.181,259.82,687.4125,-1,2,4,62.6,,False,281.999
17281,4.531,42.344,311.24,926.6399,-1,4,6,96.9,,False,369.999
17285,2.099,33.845,250.12,663.2954,-1,1,6,79.0,,False,249.999
17288,2.25,21.295,161.97,262.111,-1,3,3,52.5,,False,463.999
17289,0.694,33.419,275.94,92.9283,-1,1,6,89.3,,False,107.66677777777778
17290,0.463,20.688,162.41,156.0105,-1,1,3,60.4,,False,711.999
17292,0.861,20.371,154.46,278.9958,-1,1,4,90.7,,False,201.999
17293,2.582,25.892,224.58,63.9901,-1,1,3,82.1,,False,389.999
17294,3.539,24.474,185.83,274.225,-1,1,6,78.4,,False,448.999
17306,1.814,54.048,446.65,92.9269,-1,1,10,87.7,,False,99.35237815409238
17307,1.287,34.951,258.2,677.3798,-1,2,7,92.4,,False,110.999
17323,2.784,23.719,179.09,311.2213,-1,1,4,66.4,,False,232.11122222222224
17325,2.366,22.288,168.67,293.1432,-1,1,4,95.1,,False,321.77788888888887
17327,3.847,24.943,190.01,256.2353,-1,1,5,94.0,,False,421.999
17329,4.484,28.984,215.56,497.2511,-1,2,3,63.8,,False,519.999
17330,3.221,21.207,160.11,309.0052,-1,1,4,98.9,,False,377.999
17331,1.938,27.795,207.23,452.2139,-1,3,4,75.5,,False,302.999
17332,1.256,34.445,255.42,568.295,-1,2,6,100.0,,False,96.999
17333,2.005,14.071,115.82,93.0323,-1,1,9,99.9,,False,74.999
17339,0.679,25.495,188.84,576.8271,-1,1,9,80.0,,False,172.999
17340,4.258,32.268,238.52,653.1183,-1,4,3,97.2,,False,410.999
17341,2.045,24.513,184.04,361.1301,-1,2,3,98.9,,False,230.999
17349,3.195,24.075,182.17,296.2405,-1,1,3,43.9,,False,232.999
17353,2.596,31.856,236.07,579.3515,-1,2,6,94.4,,False,338.999
17354,2.779,33.584,248.84,587.3729,-1,2,3,77.3,,False,175.999
17357,2.577,34.092,252.52,596.3603,-1,1,5,99.1,,False,444.999
17366,2.015,32.565,241.12,602.2969,-1,1,5,75.7,,False,205.999
17369,2.59,32.017,238.39,481.2456,-1,2,3,100.0,,False,357.999
17374,1.45,24.838,186.41,365.1972,-1,1,6,50.2,,False,134.999
17377,0.128,28.423,209.88,674.8393,-1,1,6,61.3,,False,305.999
17378,1.076,15.456,120.68,165.0034,-1,1,3,96.0,,False,164.999
17382,2.865,31.809,235.82,569.3373,-1,2,4,54.6,,False,404.999
17386,1.08,14.047,110.1,155.8636,-1,1,5,76.4,,False,169.999
17387,1.837,34.709,256.44,669.2837,-1,2,3,76.0,,False,493.999
17402,2.854,31.716,236.03,488.3495,-1,1,5,37.2,,False,210.999
17404,2.404,21.761,164.75,290.0283,-1,1,6,75.9,,False,197.999
17406,4.099,35.638,263.51,648.4686,-1,3,6,83.1,,False,94.33344444444444
17410,4.863,36.048,266.35,670.5332,-1,2,4,97.4,,False,277.999
17412,0.492,21.955,171.53,167.0204,-1,1,4,93.0,,False,398.999
17415,2.358,25.513,200.73,153.0168,-1,1,5,98.7,,False,434.999
17418,0.409,26.392,201.55,244.964,-1,1,4,73.3,,False,472.999
17426,0.642,8.314,68.21,92.9271,-1,1,8,84.7,,False,204.9221192656113
17427,3.287,28.545,209.82,874.9473,-1,2,3,90.4,,False,496.999
17441,1.889,28.414,211.2,507.2014,-1,5,3,96.7,,False,141.999
17443,2.667,30.937,230.76,450.3303,-1,1,4,89.6,,False,481.999
17448,0.795,15.46,120.72,165.0033,-1,1,4,63.2,,False,176.999
17450,2.829,32.309,239.31,592.3295,-1,1,6,85.8,,False,129.999
17452,1.066,31.031,229.84,591.1226,-1,1,5,77.6,,False,192.999
17455,0.607,28.632,211.25,704.8367,-1,1,6,52.6,,False,132.999
17460,0.406,24.395,186.25,244.964,-1,1,5,73.0,,False,351.999
17461,1.449,28.408,211.62,467.2628,-1,1,6,77.7,,False,363.999
17463,2.196,26.333,197.53,372.3168,-1,1,5,55.2,,False,126.999
17474,0.713,25.519,191.43,371.1872,-1,1,3,66.0,,False,318.999
17475,3.582,43.454,319.41,931.6232,-1,3,3,97.6,,False,303.999
17476,2.349,30.33,225.14,537.3271,-1,2,5,93.2,,False,337.999
17477,1.73,21.305,162.19,257.0895,-1,1,5,99.1,,False,127.999
17478,3.32,33.142,245.33,612.3698,-1,2,7,96.5,,False,197.55566666666667
17485,3.219,38.491,283.73,769.6249,-1,3,3,52.5,,False,757.999
17486,4.042,24.509,184.87,319.2659,-1,1,3,98.2,,False,439.999
17487,1.581,36.728,302.61,94.9231,-1,1,8,97.4,,False,160.999
17490,0.489,16.082,125.38,168.9684,-1,1,3,98.1,,False,464.999
17501,1.351,23.684,178.82,311.1531,-1,2,4,68.5,,False,415.999
17506,3.14,32.43,240.4,573.4225,-1,2,3,65.4,,False,131.999
17513,1.485,35.873,269.39,369.1719,-1,1,6,98.1,,False,122.999
17519,0.385,25.812,201.26,172.9907,-1,1,5,98.6,,False,268.999
17526,1.221,30.67,252.6,94.9223,-1,1,6,92.5,,False,0.00011111111111006267
17527,4.758,29.513,220.28,437.4031,-1,2,3,98.9,,False,431.999
17528,3.219,25.971,196.2,309.0056,-1,1,4,97.4,,False,334.999
17529,0.968,14.476,118.89,94.9235,-1,1,5,98.4,,False,365.999
17531,2.663,29.635,221.53,417.3392,-1,1,5,43.5,,False,336.999
17536,0.378,20.816,158.28,263.0209,-1,1,3,83.7,,False,549.999
17548,4.586,30.21,224.21,541.2407,-1,1,4,64.4,,False,23.222333333333324
17551,1.313,32.464,268.06,92.9257,-1,1,5,94.0,,False,274.999
17553,0.903,20.903,159.01,261.0776,-1,1,3,97.6,,False,333.999
17556,3.644,35.159,259.1,767.1032,-1,5,3,100.0,,False,796.999
17558,2.421,14.006,109.78,155.8629,-1,1,4,89.8,,False,279.999
17559,3.32,36.702,270.76,732.5035,-1,3,3,52.5,,False,532.999
17560,2.451,30.353,225.32,536.31,-1,1,7,92.7,,False,526.999
17562,2.522,32.584,241.6,567.3942,-1,1,6,82.5,,False,235.999
17568,0.651,10.276,77.91,259.0293,-1,1,3,99.3,,False,387.999
17573,1.46,12.366,101.73,92.927,-1,1,8,94.4,,False,60.777888888888896
17575,3.574,27.129,202.47,437.1308,-1,2,4,99.2,,False,264.999
17578,2.389,25.358,190.71,346.2439,-1,1,5,68.4,,False,285.999
17580,0.661,24.677,190.39,203.0552,-1,1,9,97.5,,False,80.999
17581,2.286,25.684,192.92,358.258,-1,2,6,72.6,,False,60.222333333333324
17590,1.965,25.756,193.87,338.2404,-1,1,4,49.6,,False,251.999
17591,2.787,42.998,315.84,976.5745,-1,3,4,92.0,,False,344.999
17604,1.207,27.484,205.78,395.1882,-1,1,5,98.5,,False,315.999
17607,0.377,33.19,258.97,172.9893,-1,1,7,98.2,,False,152.999
17608,1.514,28.741,213.95,479.2664,-1,1,6,98.7,,False,482.999
17615,3.363,33.987,251.33,643.3151,-1,3,3,82.7,,False,284.999
17619,4.102,35.114,259.58,651.5261,-1,2,3,68.9,,False,533.7778888888889
17622,0.581,26.763,198.01,610.8239,-1,1,8,85.4,,False,85.66677777777778
17625,0.746,21.111,157.96,392.8547,-1,1,11,92.8,,False,176.999
17629,3.853,25.2,189.04,370.1657,-1,1,5,97.9,,False,475.33344444444447
17633,2.686,29.444,219.44,460.3164,-1,1,4,45.0,,False,246.999
17640,3.5,23.577,178.57,289.2143,-1,1,6,71.5,,False,382.999
17643,1.076,29.84,246.33,92.9277,-1,1,9,53.2,,False,25.666158935097314
17645,4.312,29.073,216.16,503.2444,-1,1,4,82.1,,False,216.999
17648,0.971,18.824,151.19,118.9661,-1,1,5,67.8,,False,160.999
17651,2.99,35.241,261.21,580.3659,-1,2,5,71.7,,False,154.999
17655,3.858,33.696,249.51,603.3515,-1,2,4,91.4,,False,387.999
17657,3.745,33.508,248.14,601.2246,-1,3,3,100.0,,False,166.999
17659,1.742,56.046,451.33,118.9671,-1,1,12,98.1,,False,7.913063913984217
17663,0.594,26.123,193.64,560.8214,-1,1,8,96.6,,False,203.999
17664,0.121,23.481,175.07,444.8782,-1,1,7,78.7,,False,160.999
17665,1.976,32.877,244.56,499.3086,-1,2,6,99.4,,False,333.999
17666,1.392,28.176,209.86,469.2822,-1,1,3,61.7,,False,668.999
17668,3.833,31.314,233.62,447.4597,-1,1,5,60.7,,False,576.999
17671,2.396,24.75,183.36,570.1052,-1,1,4,65.0,,False,563.999
17672,0.742,16.63,130.91,149.0583,-1,1,4,96.8,,False,186.999
17675,2.742,28.418,212.16,434.2956,-1,1,5,59.5,,False,203.999
17676,0.665,28.512,224.28,154.0589,-1,1,7,98.4,,False,149.999
17680,0.229,25.648,225.28,59.0144,-1,1,4,95.5,,False,396.999
17683,3.217,32.076,238.16,535.5224,-1,2,4,59.2,,False,212.999
17685,0.703,22.543,171.18,272.1304,-1,1,3,73.3,,False,326.999
17686,0.681,21.705,163.92,307.0301,-1,1,4,98.1,,False,407.999
17689,3.547,28.434,210.83,559.0897,-1,2,3,100.0,,False,485.999
17690,3.512,45.465,333.88,1002.745,-1,3,4,95.1,,False,310.999
17692,3.577,34.942,258.15,674.406,-1,2,6,62.3,,False,217.999
17696,1.069,30.311,225.34,507.1511,-1,2,5,81.4,,False,289.999
17700,3.543,37.058,272.52,883.3048,-1,2,5,98.4,,False,552.999
17701,2.576,39.299,289.57,790.4563,-1,2,3,99.1,,False,282.999
17702,1.981,28.864,215.63,425.2697,-1,2,4,97.1,,False,221.999
17707,2.742,21.707,165.8,241.1796,-1,1,6,73.8,,False,224.999
17709,4.658,35.322,261.14,651.5235,-1,3,5,53.3,,False,177.999
17713,2.757,43.712,325.31,500.2793,-1,1,4,69.9,,False,329.999
17722,2.395,36.038,267.25,569.9789,-1,1,4,84.2,,False,210.999
17728,3.932,38.148,282.12,648.6312,-1,2,6,69.6,,False,170.33344444444447
17731,0.241,27.757,206.54,486.1848,-1,1,5,94.5,,False,261.999
17735,2.751,27.154,203.21,400.3487,-1,1,4,73.0,,False,196.999
17747,1.472,29.311,217.97,499.2949,-1,1,3,60.2,,False,521.999
17748,1.657,29.543,219.35,531.2472,-1,3,5,72.6,,False,175.999
17753,0.4,22.61,171.97,263.1274,-1,1,4,89.2,,False,399.999
17755,3.307,36.724,270.93,732.503,-1,3,3,52.5,,False,445.999
17756,2.185,28.022,209.31,426.2668,-1,1,4,55.4,,False,253.999
17757,2.204,19.914,149.03,387.9797,-1,1,5,93.0,,False,423.999
17763,1.231,21.019,161.46,217.0022,-1,1,7,78.7,,False,27.777888888888924
17764,3.789,34.169,252.46,669.4051,-1,2,4,63.6,,False,455.999
17766,2.117,33.418,247.52,596.3597,-1,2,5,99.0,,False,284.999
17773,1.744,8.188,65.52,116.9706,-1,1,4,99.8,,False,340.999
17780,1.192,29.858,221.44,557.1692,-1,1,5,99.1,,False,267.999
17785,3.121,34.612,256.42,592.409,-1,1,6,79.4,,False,101.999
17787,2.446,24.733,190.71,205.1219,-1,1,4,96.6,,False,338.999
17795,0.454,27.176,212.47,167.0188,-1,1,4,74.6,,False,414.999
17802,0.576,28.189,209.9,473.1988,-1,2,4,84.9,,False,269.999
17803,1.842,22.201,168.85,263.1629,-1,1,5,87.1,,False,251.999
17808,1.606,25.279,189.88,357.1951,-1,2,4,64.7,,False,659.999
17811,2.523,27.391,204.68,419.2471,-1,1,5,65.4,,False,380.55566666666664
17812,4.581,28.953,215.31,497.2515,-1,1,4,62.6,,False,475.999
17813,2.518,29.293,217.9,494.2888,-1,1,4,53.2,,False,283.999
17814,2.34,26.336,196.58,433.2192,-1,2,3,89.0,,False,452.999
17818,3.683,34.047,251.78,640.4066,-1,1,7,97.4,,False,420.999
17819,0.899,13.229,106.07,118.9658,-1,1,6,96.9,,False,100.66677777777778
17820,3.229,24.594,185.82,307.2241,-1,1,5,95.8,,False,356.999
17823,2.759,32.132,238.41,548.4007,-1,1,4,63.9,,False,482.999
17829,1.024,16.168,126.11,168.0217,-1,2,4,81.1,,False,197.999
17836,3.96,45.136,331.49,985.8426,-1,1,4,91.9,,False,572.999
17837,3.009,23.148,175.48,283.1535,-1,1,4,98.3,,False,296.999
17838,3.625,24.068,182.05,298.2757,-1,1,4,97.7,,False,383.999
17848,4.33,46.293,339.9,1013.8683,-1,3,6,91.7,,False,78.999
17850,2.616,29.504,219.42,497.3502,-1,1,3,56.8,,False,529.999
17853,2.55,34.105,253.05,552.3349,-1,1,5,59.8,,False,194.999
17854,0.525,24.444,187.86,217.0275,-1,1,5,65.0,,False,207.999
17867,2.531,42.186,309.99,948.5429,-1,2,7,99.0,,False,248.999
17868,1.613,22.866,173.39,281.2084,-1,1,8,96.8,,False,61.999
17870,0.395,25.585,201.93,146.9814,-1,1,4,61.0,,False,295.999
17871,4.839,28.804,215.17,425.4018,-1,1,3,89.2,,False,434.999
17875,2.894,34.709,256.41,676.3856,-1,2,7,53.1,,False,121.999
17876,2.79,33.552,248.43,605.4424,-1,2,3,41.6,,False,483.999
17882,2.329,35.468,261.43,761.256,-1,2,5,89.5,,False,288.999
17889,2.045,28.434,211.59,485.2387,-1,2,5,95.4,,False,202.999
17890,0.4,28.302,216.17,244.9634,-1,1,5,62.6,,False,468.999
17891,1.615,31.496,233.43,577.1108,-1,2,4,100.0,,False,210.999
17894,4.494,44.128,324.19,963.7684,-1,2,7,97.0,,False,235.6096304777916
17902,1.599,29.512,218.97,545.2069,-1,2,3,99.6,,False,279.999
17905,1.066,28.903,215.05,489.1534,-1,1,5,91.6,,False,247.999
17907,0.258,17.793,137.05,204.9106,-1,1,9,72.3,,False,153.999
17908,0.684,25.059,186.33,492.9098,-1,1,3,58.1,,False,410.999
17912,1.992,27.199,203.65,394.2599,-1,1,4,97.2,,False,185.999
17916,2.837,35.105,259.56,649.4701,-1,1,6,78.8,,False,123.999
17918,2.952,25.654,189.98,581.9728,-1,1,5,99.4,,False,148.999
17920,1.782,56.576,448.77,141.0154,-1,1,9,97.5,,False,120.65079024903915
17922,3.483,24.161,199.31,93.0689,-1,1,5,99.7,,False,501.999
17924,1.842,23.505,177.81,297.2782,-1,1,4,99.5,,False,449.999
17929,0.707,22.971,173.21,321.0463,-1,1,4,91.0,,False,531.999
17936,3.731,22.645,170.57,329.0443,-1,1,3,77.3,,False,696.999
17942,0.824,21.285,161.69,269.0452,-1,1,4,99.4,,False,329.999
17947,0.952,14.972,123.3,92.9268,-1,1,6,83.9,,False,84.88900000000001
17949,2.424,27.06,202.05,430.2959,-1,2,3,79.8,,False,361.999
17958,2.442,40.254,296.11,879.487,-1,3,4,100.0,,False,120.999
17964,1.338,27.297,225.29,92.9261,-1,1,9,98.8,,False,36.551938347553914
17966,3.708,27.085,202.43,417.3369,-1,2,5,82.4,,False,447.999
17967,1.838,34.809,256.86,717.2463,-1,2,5,97.4,,False,282.999
17979,3.566,29.356,219.55,411.3472,-1,2,3,95.4,,False,251.999
17986,2.51,30.48,226.74,494.357,-1,2,5,61.5,,False,218.999
17996,2.365,26.32,198.25,333.2794,-1,1,3,52.3,,False,223.999
17997,3.336,26.479,198.52,378.3081,-1,1,6,90.4,,False,111.999
17999,1.349,31.755,261.54,94.9238,-1,1,9,99.9,,False,101.97912971378202
18008,3.225,31.6,234.2,576.3356,-1,2,4,99.3,,False,289.999
18023,3.712,29.649,260.52,59.0135,-1,1,7,96.2,,False,362.1706561027131
18028,0.441,29.386,242.57,92.9298,-1,1,5,84.8,,False,158.999
18033,3.872,47.538,348.84,1065.9041,-1,5,4,85.9,,False,307.999
18035,2.125,26.407,197.81,388.2077,-1,1,6,88.1,,False,291.999
18038,1.301,27.538,205.45,442.2271,-1,2,6,100.0,,False,287.999
18041,2.774,28.558,213.84,395.3134,-1,1,3,44.9,,False,375.999
18044,3.559,23.02,174.5,283.2048,-1,1,5,92.2,,False,406.999
18045,2.476,25.704,193.05,359.2773,-1,1,4,84.6,,False,171.999
18050,2.921,27.47,205.04,435.3846,-1,1,5,71.0,,False,732.999
18056,1.283,22.243,168.14,301.1429,-1,2,3,99.6,,False,263.999
18057,0.663,26.732,200.65,366.1039,-1,1,4,91.5,,False,368.999
18063,0.279,25.221,186.53,616.5556,-1,1,8,89.4,,False,69.999
18065,4.3,28.34,212.0,407.3537,-1,1,4,48.7,,False,468.999
18067,0.333,21.101,160.13,275.0121,-1,1,4,90.7,,False,193.999
18070,1.74,26.881,200.95,413.2681,-1,2,3,99.8,,False,1071.999
18074,1.826,23.948,180.73,315.1978,-1,1,5,69.3,,False,238.999
18078,1.668,41.396,333.7,116.9733,-1,1,6,63.2,,False,159.55566666666667
18086,1.277,29.25,218.22,445.296,-1,1,3,99.2,,False,319.999
18088,3.642,26.359,197.63,377.2125,-1,2,4,82.4,,False,250.999
18089,0.689,35.293,283.99,118.9668,-1,1,8,74.0,,False,117.55566666666667
18094,3.663,21.011,159.23,282.9933,-1,2,3,97.9,,False,576.999
18101,3.356,28.357,211.38,457.1387,-1,2,8,97.0,,False,109.45731139828752
18103,2.498,23.714,179.45,295.1533,-1,1,5,93.0,,False,473.999
18104,4.778,33.601,248.31,661.3861,-1,1,4,96.0,,False,354.999
18109,1.456,31.68,234.12,658.2596,-1,1,5,96.9,,False,338.999
18111,0.557,21.478,161.07,368.8935,-1,1,6,96.8,,False,215.999
18116,0.373,28.074,216.13,211.9994,-1,1,6,96.8,,False,318.999
18118,0.483,17.232,133.76,181.0498,-1,1,4,99.6,,False,165.999
18119,4.133,26.905,201.46,393.1471,-1,1,4,75.0,,False,192.999
18122,2.5,25.222,190.0,331.2623,-1,1,6,97.8,,False,104.999
18129,2.661,23.411,177.65,277.1832,-1,1,5,41.5,,False,25.88900000000001
18131,2.43,24.934,190.88,233.1162,-1,1,4,98.2,,False,66.999
18136,3.254,31.692,235.36,529.3546,-1,2,4,87.6,,False,355.999
18137,1.31,32.564,240.58,671.1805,-1,1,4,90.1,,False,459.999
18139,1.189,29.713,244.69,94.9241,-1,1,7,94.5,,False,102.999
18147,1.89,33.998,250.93,709.3254,-1,1,6,90.3,,False,120.999
18157,3.413,26.819,201.04,379.2501,-1,1,4,89.7,,False,279.999
18159,2.706,41.916,308.16,916.5743,-1,2,3,81.5,,False,474.999
18160,4.48,26.041,196.73,309.2806,-1,1,3,56.0,,False,206.999
18163,1.994,26.845,200.35,435.2516,-1,1,5,76.2,,False,242.11122222222224
18164,3.039,34.558,255.69,628.4894,-1,3,6,71.7,,False,244.999
18170,2.742,29.255,217.36,517.056,-1,1,4,97.2,,False,336.999
18172,2.344,30.955,229.69,548.2948,-1,1,4,98.9,,False,323.999
18180,0.252,26.096,381.37,688.7907,-2,3,3,84.2,,False,179.999
18189,1.749,37.453,309.33,92.9277,-1,1,6,98.4,,False,190.22233333333332
18193,0.45,24.827,185.77,398.129,-1,1,4,98.5,,False,537.999
18194,0.64,25.936,197.46,260.0299,-1,1,5,79.6,,False,63.999
18196,0.63,25.022,185.94,504.8579,-1,1,8,84.9,,False,134.999
18197,4.391,34.132,252.52,629.467,-1,2,4,73.3,,False,383.999
18199,4.675,31.456,234.66,449.3998,-1,1,4,96.7,,False,230.999
18201,0.876,17.814,146.82,92.9284,-1,1,8,80.7,,False,324.00703894552214
18202,4.617,35.141,259.31,717.3439,-1,4,6,96.6,,False,88.90973287386024
18203,4.423,25.784,193.41,372.1959,-1,1,6,94.6,,False,173.999
18209,1.994,7.168,57.29,116.9708,-1,1,8,97.7,,False,306.7363703805917
18214,1.89,27.398,204.3,449.258,-1,1,6,97.5,,False,208.0001111111111
18217,2.541,32.685,241.8,626.3162,-1,1,5,70.5,,False,210.999
18220,0.276,31.755,232.93,1032.2543,-1,1,9,98.2,,False,234.999
18223,2.735,34.519,256.04,561.4181,-1,2,6,86.9,,False,51.999
18225,0.559,20.41,154.86,275.0211,-1,1,5,98.6,,False,76.999
18228,4.239,29.107,217.78,405.3363,-1,1,4,96.3,,False,374.999
18232,0.811,23.593,177.73,329.2335,-1,2,3,100.0,,False,234.999
18236,4.24,37.158,274.01,749.2726,-1,3,4,56.9,,False,476.999
18239,2.798,34.891,257.94,652.4295,-1,4,5,88.8,,False,160.999
18243,0.267,28.411,209.91,656.8913,-1,1,5,97.6,,False,318.999
18246,0.679,13.565,105.59,170.8321,-1,1,4,74.5,,False,149.1112222222223
18247,2.244,30.356,225.46,525.2718,-1,2,3,97.1,,False,461.999
18249,0.351,18.226,145.17,130.0849,-1,1,4,92.0,,False,152.999
18259,2.165,26.559,198.86,393.2661,-1,1,5,60.7,,False,6.888999999999982
18262,0.553,18.459,140.85,242.9082,-1,1,5,97.0,,False,500.999
18270,2.058,38.912,313.65,116.9718,-1,1,6,92.5,,False,82.28901964532417
18274,0.701,34.063,251.65,675.3635,-1,1,4,94.6,,False,231.999
18280,3.325,22.893,171.75,367.0281,-1,2,3,70.5,,False,573.999
18281,1.596,26.638,198.98,423.2432,-1,1,4,71.0,,False,136.999
18285,2.679,28.529,212.29,485.3514,-1,2,3,94.4,,False,421.999
18286,3.358,30.976,231.42,427.36,-1,1,3,64.5,,False,915.999
18288,3.459,34.641,256.52,604.458,-1,1,4,55.3,,False,205.999
18289,1.372,31.921,237.38,503.3368,-1,2,5,93.1,,False,220.999
18292,1.294,33.176,245.39,634.3299,-1,2,7,96.2,,False,204.999
18294,4.374,42.633,313.28,944.6451,-1,3,8,96.8,,False,132.22233333333332
18300,3.667,36.524,270.49,605.3799,-1,1,5,95.7,,False,279.999
18303,0.942,14.858,114.52,199.8021,-1,1,5,55.2,,False,117.999
18304,0.282,26.218,194.33,562.59,-1,1,8,82.3,,False,132.999
18305,1.988,21.273,162.48,241.1795,-1,1,7,99.3,,False,203.33344444444444
18308,0.805,20.706,181.76,59.0124,-1,1,5,70.3,,False,117.999
18311,1.57,41.926,307.96,969.5737,-1,2,8,84.5,,False,255.999
18312,1.773,23.616,175.81,469.9718,-1,1,3,98.2,,False,275.999
18314,1.47,30.807,228.66,541.2984,-1,3,5,66.2,,False,79.999
18315,1.338,33.114,244.9,636.3474,-1,2,3,72.8,,False,343.999
18326,3.361,36.105,265.7,841.2601,-1,1,6,96.4,,False,250.999
18328,3.636,34.574,255.29,691.3806,-1,2,3,100.0,,False,362.999
18330,3.71,21.099,159.9,282.9927,-1,1,4,98.9,,False,296.999
18332,4.112,28.777,217.76,299.0251,-1,2,3,100.0,,False,484.999
18333,4.293,34.356,254.2,624.4977,-1,3,4,69.9,,False,149.999
18334,0.591,29.981,222.17,577.179,-1,1,3,94.6,,False,648.999
18336,3.141,25.726,193.22,359.1723,-1,1,4,95.1,,False,187.999
18340,0.449,27.376,203.81,475.1486,-1,1,6,96.7,,False,101.999
18353,3.237,26.984,201.81,408.15,-1,1,4,80.9,,False,220.999
18359,3.097,28.827,215.29,429.359,-1,1,5,80.8,,False,186.999
18362,2.254,31.571,234.22,553.3397,-1,2,3,60.4,,False,344.999
18378,4.585,39.256,290.48,633.4402,-1,1,6,93.5,,False,264.999
18382,4.417,41.329,303.99,881.6411,-1,3,6,89.1,,False,179.999
18403,2.577,23.739,179.28,309.2438,-1,1,3,98.2,,False,300.999
18404,2.539,30.211,225.12,465.2488,-1,2,6,100.0,,False,482.44455555555555
18405,3.096,25.266,190.03,345.2435,-1,2,5,65.9,,False,551.999
18409,0.608,24.311,188.53,187.0062,-1,1,5,89.7,,False,287.999
18411,0.448,18.692,142.02,264.9144,-1,1,4,97.9,,False,653.999
18414,2.0,27.742,208.53,353.1598,-1,1,4,95.4,,False,271.999
18417,3.075,29.909,223.21,441.2996,-1,1,5,64.0,,False,188.999
18418,4.76,37.677,278.06,719.5398,-1,2,5,97.9,,False,433.999
18424,4.267,42.601,313.12,934.624,-1,3,5,96.9,,False,181.999
18425,3.784,26.69,200.11,377.3454,-1,2,4,68.0,,False,21.495163204689163
18431,3.451,32.383,240.36,542.3921,-1,1,5,65.9,,False,111.999
18435,3.131,22.181,168.7,263.1642,-1,2,6,61.7,,False,148.24134102499045
18437,0.249,32.97,255.23,194.9253,-1,1,5,75.1,,False,412.6667777777778
18439,0.545,28.584,212.42,511.2164,-1,1,3,97.8,,False,749.999
18442,0.681,22.813,170.05,446.8147,-1,1,8,68.3,,False,90.999
18445,2.044,25.51,192.43,320.2661,-1,1,5,58.5,,False,71.999
18450,1.691,28.84,215.23,439.2491,-1,2,4,99.1,,False,394.999
18451,3.858,34.788,257.15,655.4487,-1,2,3,59.8,,False,149.999
18452,2.163,29.262,217.6,499.2497,-1,1,5,78.9,,False,310.999
18454,1.998,24.845,186.71,352.2561,-1,1,3,68.8,,False,108.999
18459,1.052,23.701,177.5,386.941,-1,1,6,92.1,,False,101.999
18465,3.101,28.645,213.32,473.3617,-1,1,6,81.8,,False,159.999
18468,0.286,24.775,183.44,584.6348,-1,1,6,82.8,,False,166.999
18470,2.585,23.108,180.42,168.9871,-1,1,5,97.3,,False,328.999
18472,2.151,31.536,233.74,574.2319,-1,2,5,73.1,,False,304.999
18488,2.543,30.065,223.35,520.298,-1,2,3,64.7,,False,583.999
18491,1.497,26.315,196.93,399.2233,-1,1,4,97.7,,False,255.999
18494,1.296,31.57,234.14,560.347,-1,1,3,69.4,,False,468.999
18495,1.803,4.84,38.51,116.9727,-1,1,6,92.1,,False,194.999
18496,2.476,32.608,241.5,596.3628,-1,1,6,82.6,,False,407.999
18510,3.481,34.92,257.88,685.399,-1,3,3,90.0,,False,989.999
18514,0.63,20.57,155.92,281.0142,-1,1,3,98.8,,False,398.999
18515,2.762,32.74,244.08,459.2533,-1,1,5,95.2,,False,100.999
18516,1.396,33.807,253.16,399.2187,-1,1,4,67.5,,False,475.999
18517,0.252,16.432,127.82,175.0234,-1,1,3,47.6,,False,628.999
18519,0.954,9.374,75.13,116.9698,-1,1,4,93.1,,False,547.999
18522,2.523,25.374,191.1,333.2436,-1,1,5,83.7,,False,244.999
18524,2.358,19.984,153.9,207.1009,-1,1,5,97.3,,False,447.999
18527,1.063,38.905,286.5,817.319,-1,2,4,100.0,,False,122.999
18531,3.952,34.057,251.91,635.413,-1,3,3,82.4,,False,180.999
18533,1.278,29.062,216.54,465.2488,-1,1,4,97.0,,False,315.999
18537,1.495,18.109,137.43,270.8269,-1,1,3,96.2,,False,566.999
18539,1.844,11.521,90.92,141.0132,-1,1,6,96.8,,False,124.999
18543,1.275,23.701,178.86,315.1594,-1,2,7,76.8,,False,44.22233333333331
18553,4.202,23.295,176.63,282.0358,-1,1,3,47.0,,False,377.999
18559,1.615,17.51,132.56,284.9864,-1,1,4,98.8,,False,297.999
18561,3.443,33.274,245.99,651.1823,-1,4,5,95.1,,False,129.55566666666667
18563,1.374,21.157,163.67,193.1215,-1,1,4,78.1,,False,146.999
18565,1.282,23.123,174.83,300.2274,-1,1,4,86.9,,False,339.999
18566,2.962,29.099,216.45,494.2621,-1,1,5,64.6,,False,403.999
18572,3.302,38.815,286.06,773.5638,-1,1,3,91.2,,False,709.999
18575,3.366,25.815,191.32,563.0377,-1,1,3,96.8,,False,338.999
18578,0.434,23.607,177.92,325.204,-1,1,3,96.7,,False,314.999
18584,0.594,16.906,132.07,164.9478,-1,1,3,71.8,,False,138.999
18589,1.71,26.906,201.31,402.289,-1,1,4,85.4,,False,417.999
18590,2.036,22.299,195.79,59.0123,-1,1,5,74.9,,False,100.999
18591,1.975,22.699,175.52,195.1731,-1,1,4,95.4,,False,324.999
18592,1.305,24.445,181.33,539.9566,-1,1,6,85.4,,False,276.999
18594,3.051,26.033,195.45,363.3027,-1,2,3,100.0,,False,697.999
18597,2.588,26.028,192.53,615.124,-1,2,3,54.7,,False,374.999
18598,0.621,25.009,187.62,369.2283,-1,1,5,98.5,,False,466.999
18599,3.875,26.256,197.05,367.3206,-1,1,3,46.3,,False,522.999
18601,3.729,21.256,174.45,96.9907,-1,1,3,97.4,,False,474.999
18602,3.445,34.656,255.29,791.192,-1,2,4,100.0,,False,285.999
18606,3.229,30.22,225.08,473.3983,-1,2,3,59.0,,False,328.999
18615,1.675,17.849,143.33,118.9688,-1,1,7,81.2,,False,20.240579484414496
18620,1.116,26.945,201.05,440.1743,-1,1,3,98.1,,False,352.999
18622,3.02,22.194,168.61,269.1752,-1,1,6,87.3,,False,373.999
18624,2.086,26.869,201.07,400.3139,-1,1,5,94.3,,False,246.999
18635,1.453,33.872,250.18,681.333,-1,1,7,92.0,,False,178.999
18636,3.7,46.577,341.73,1072.8383,-1,2,5,80.0,,False,223.999
18639,2.158,38.118,280.67,821.4399,-1,1,3,96.5,,False,1010.999
18645,3.197,29.615,220.76,458.3317,-1,1,5,82.6,,False,270.999
18651,0.397,23.188,173.98,366.1087,-1,1,3,82.5,,False,264.999
18655,1.344,26.876,200.95,411.1876,-1,1,4,99.0,,False,136.999
18662,1.452,33.627,247.9,752.2783,-1,1,5,61.0,,False,187.999
18667,2.462,25.108,188.55,360.1594,-1,1,7,94.6,,False,158.999
18671,4.622,36.258,318.76,59.0123,-1,1,8,94.2,,False,14.742071574387126
18672,2.095,39.346,288.46,1117.0038,-1,1,4,97.1,,False,200.999
18673,1.146,24.687,185.69,343.1914,-1,1,6,79.2,,False,214.999
18676,2.474,21.659,165.43,241.215,-1,1,4,50.0,,False,379.999
18677,0.536,35.354,272.11,215.0325,-1,1,6,91.0,,False,109.999
18680,3.69,35.269,260.63,668.4316,-1,3,5,60.6,,False,208.999
18682,3.55,23.529,178.12,292.2372,-1,1,4,83.2,,False,59.999
18689,4.272,30.083,224.18,463.382,-1,2,3,68.7,,False,467.999
18696,2.591,25.097,188.67,349.1645,-1,1,4,97.1,,False,155.999
18701,3.456,34.937,258.45,633.4749,-1,2,3,57.1,,False,357.999
18703,1.582,31.592,233.94,599.1912,-1,1,4,54.5,,False,188.999
18704,1.977,31.748,235.88,521.2911,-1,3,3,99.5,,False,827.999
18706,2.656,27.933,209.15,395.2728,-1,1,3,95.8,,False,198.999
18719,1.398,31.867,236.09,584.3485,-1,1,4,93.4,,False,417.999
18722,0.558,19.777,151.64,223.1322,-1,1,5,97.7,,False,130.33344444444447
18723,0.759,32.861,257.03,167.0207,-1,1,6,74.2,,False,523.999
18724,3.621,25.405,191.13,342.314,-1,1,5,55.8,,False,237.999
18737,2.728,24.657,185.31,351.1287,-1,1,4,90.8,,False,517.999
18739,0.257,26.592,198.19,455.1935,-1,1,3,46.6,,False,102.999
18740,0.356,24.823,192.45,188.0451,-1,1,4,97.5,,False,288.999
18744,2.365,21.094,161.69,225.2212,-1,1,8,79.7,,False,19.777888888888896
18745,3.643,45.817,336.25,1044.8065,-1,3,7,86.9,,False,280.999
18747,0.688,14.992,121.56,107.0489,-1,1,3,63.7,,False,583.999
18749,0.276,22.925,170.37,498.6383,-1,1,7,83.6,,False,119.999
18758,0.638,28.213,220.59,167.0184,-1,1,4,48.2,,False,486.999
18759,1.699,55.996,444.15,141.0165,-1,1,6,80.3,,False,189.999
18762,3.169,22.911,173.87,276.2028,-1,1,4,87.2,,False,433.999
18779,2.76,46.222,338.97,1118.6612,-1,2,3,97.9,,False,234.999
18783,4.338,37.977,280.77,657.5004,-1,2,5,96.5,,False,477.999
18788,0.609,26.97,199.61,600.8715,-1,1,9,86.3,,False,78.999
18791,4.051,21.688,163.96,300.0268,-1,1,4,44.4,,False,238.999
18801,4.129,21.091,159.27,307.0101,-1,1,3,66.7,,False,498.999
18803,0.698,24.055,180.16,386.8585,-1,1,9,88.1,,False,149.999
18807,0.552,16.197,126.73,161.0214,-1,1,4,93.9,,False,128.999
18811,3.129,33.951,251.01,648.3898,-1,2,6,63.4,,False,144.66677777777778
18812,1.434,30.322,227.01,399.2184,-1,3,3,97.5,,False,768.999
18813,2.18,20.578,157.97,219.1012,-1,1,4,88.8,,False,265.999
18820,1.289,20.88,158.89,259.0616,-1,1,3,94.1,,False,345.999
18823,3.801,31.452,232.13,701.0608,-1,2,5,96.6,,False,401.999
18826,3.729,29.705,220.78,509.2959,-1,2,3,71.7,,False,660.999
18827,1.441,16.029,125.96,152.0333,-1,1,5,86.4,,False,331.55566666666664
18833,2.343,25.155,189.72,321.2891,-1,1,3,66.8,,False,409.999
18836,1.374,29.014,215.77,497.2783,-1,2,4,99.7,,False,124.999
18842,3.155,32.775,243.85,495.315,-1,1,6,97.8,,False,165.999
18843,2.51,26.513,198.72,381.2115,-1,2,3,65.9,,False,746.999
18846,1.718,27.002,201.82,416.2468,-1,1,3,71.1,,False,531.999
18848,2.267,24.893,187.24,344.0787,-1,1,5,97.0,,False,343.999
18851,2.313,29.951,220.62,773.0186,-1,1,3,97.8,,False,499.999
18852,0.42,28.021,217.25,189.0014,-1,1,4,96.7,,False,50.999
18856,4.128,36.196,267.78,634.6158,-1,1,5,84.9,,False,198.999
18865,0.578,20.703,157.48,260.9872,-1,1,5,86.8,,False,353.999
18868,3.019,39.742,292.28,880.4426,-1,1,3,81.1,,False,330.999
18878,3.215,23.426,176.97,307.0095,-1,1,3,98.5,,False,237.999
18880,3.305,21.44,162.64,277.1681,-1,1,3,76.7,,False,501.999
18881,1.284,35.707,294.17,94.9234,-1,1,8,91.2,,False,242.999
18882,1.86,32.086,237.57,603.2717,-1,2,5,71.9,,False,262.999
18886,1.141,8.21,61.24,368.1671,-1,2,4,97.8,,False,385.999
18887,4.598,43.962,322.97,964.7762,-1,2,7,75.5,,False,404.999
18890,4.365,29.592,219.84,518.256,-1,1,5,88.5,,False,178.999
18893,3.66,31.34,232.79,525.3459,-1,2,4,51.7,,False,346.999
18902,2.595,24.844,187.16,330.2692,-1,2,4,57.4,,False,467.999
18904,2.328,34.223,252.54,717.2589,-1,2,4,97.2,,False,337.999
18906,1.37,28.027,209.58,411.2209,-1,1,5,69.7,,False,197.999
18907,2.378,21.257,160.44,311.0348,-1,2,5,100.0,,False,321.10709162807177
18915,3.462,34.816,507.26,1099.6881,-2,5,3,97.6,,False,448.999
18916,1.008,34.562,285.4,92.928,-1,1,7,86.4,,False,169.999
18917,3.425,30.49,226.69,504.3783,-1,1,6,68.8,,False,185.999
18922,2.883,26.578,199.44,369.2264,-1,1,5,99.6,,False,228.999
18923,3.823,33.218,246.03,597.4441,-1,3,3,82.8,,False,290.999
18927,4.104,37.576,276.98,767.004,-1,1,7,60.3,,False,149.7778888888889
18930,1.738,15.371,117.74,222.9967,-1,1,5,62.6,,False,106.88900000000001
18936,2.852,45.176,331.5,1061.6866,-1,2,5,73.7,,False,289.999
18938,3.796,34.874,257.76,661.3998,-1,3,4,52.5,,False,55.999
18943,1.333,35.079,259.05,689.3807,-1,1,5,75.8,,False,174.999
18944,0.688,32.422,240.24,583.2574,-1,1,6,52.2,,False,76.999
18950,1.803,25.986,194.93,372.2791,-1,1,4,98.8,,False,579.999
18952,1.569,23.661,178.63,312.1619,-1,1,4,66.9,,False,263.999
18954,2.884,26.385,207.6,152.9959,-1,1,3,86.1,,False,260.999
18956,2.805,32.619,241.71,583.3832,-1,1,4,88.9,,False,206.999
18961,0.542,18.926,143.76,266.9138,-1,1,3,89.3,,False,623.999
18963,2.821,30.096,224.12,476.3437,-1,1,6,53.4,,False,94.999
18967,0.538,25.852,193.68,386.1643,-1,1,4,68.0,,False,260.999
18972,2.484,29.82,222.29,458.2414,-1,1,4,53.4,,False,435.999
18974,1.44,50.732,418.2,94.9241,-1,1,12,97.9,,False,56.301623020488364
18981,0.869,18.619,143.11,213.0209,-1,1,5,93.1,,False,327.999
18987,0.627,18.512,151.86,96.9196,-1,1,7,63.8,,False,147.999
18988,0.22,22.181,167.58,304.9184,-1,1,7,96.2,,False,259.999
18989,3.0,29.204,218.66,397.2245,-1,1,3,98.9,,False,430.999
18991,2.398,28.744,211.82,753.9772,-1,1,6,95.6,,False,210.999
18992,1.84,28.979,216.49,425.2334,-1,1,4,92.5,,False,392.999
18994,0.778,21.797,165.71,265.1795,-1,1,3,99.4,,False,107.999
18995,3.173,29.789,223.91,355.1762,-1,1,3,95.3,,False,406.999
18998,2.716,31.82,236.71,497.3848,-1,2,3,42.8,,False,547.999
18999,2.218,22.936,174.33,267.1969,-1,1,5,60.5,,False,236.999
19002,3.348,36.235,267.36,723.0823,-1,3,3,100.0,,False,178.66677777777775
19007,2.778,20.448,156.02,245.0349,-1,1,4,93.1,,False,243.999
19014,3.099,22.647,172.29,262.1803,-1,1,3,77.6,,False,543.999
19018,2.2,31.056,230.4,550.2846,-1,2,5,79.4,,False,135.999
19024,1.672,26.732,199.57,431.2482,-1,1,5,70.4,,False,129.999
19025,3.477,23.496,178.48,271.2044,-1,1,4,73.0,,False,230.999
19026,2.114,21.913,168.08,223.1315,-1,1,3,93.6,,False,578.999
19027,3.883,40.217,295.82,877.5522,-1,2,4,64.9,,False,325.999
19029,0.423,17.516,152.46,61.9879,-1,1,7,78.7,,False,48.87713423502606
19030,1.73,27.875,207.55,474.2937,-1,1,4,65.1,,False,117.999
19037,2.28,28.329,209.33,648.977,-1,1,4,96.8,,False,408.999
19047,2.692,25.289,190.37,337.2028,-1,2,3,60.5,,False,605.999
19048,1.982,24.257,183.02,317.1392,-1,1,3,96.9,,False,521.999
19049,0.38,26.198,195.06,471.1169,-1,2,3,97.1,,False,381.999
19051,1.516,30.988,230.22,521.2158,-1,1,3,88.9,,False,294.999
19053,4.256,34.537,255.35,647.4997,-1,2,4,51.0,,False,249.22233333333332
19061,1.979,32.89,241.61,935.9669,-1,1,5,95.4,,False,73.999
19066,1.202,29.469,220.13,427.1313,-1,3,4,99.1,,False,267.999
19096,2.692,15.664,123.02,152.9965,-1,1,6,93.0,,False,329.999
19102,0.795,2.518,20.26,92.9287,-1,1,5,76.7,,False,196.44455555555555
19107,1.845,20.744,157.59,268.0453,-1,1,6,84.6,,False,155.999
19112,1.947,30.452,226.02,540.2726,-1,1,3,46.1,,False,218.999
19114,2.259,28.739,214.61,431.2427,-1,1,3,92.4,,False,304.999
19118,0.26,18.263,140.8,202.0711,-1,1,4,76.0,,False,359.999
19130,1.622,26.292,196.71,402.2331,-1,2,4,99.1,,False,347.999
19135,3.603,34.591,255.76,648.4267,-1,1,4,48.9,,False,145.999
19136,4.626,29.668,220.37,522.2614,-1,1,4,47.0,,False,171.999
19140,2.563,28.708,215.51,367.1741,-1,1,5,91.9,,False,166.999
19143,1.538,29.657,220.85,475.3273,-1,2,3,80.8,,False,479.999
19145,3.632,34.109,251.99,673.3976,-1,2,6,95.6,,False,87.999
19153,4.42,42.547,312.76,923.6491,-1,3,7,82.7,,False,217.0001111111111
19157,1.014,14.316,117.57,94.9236,-1,1,7,90.6,,False,104.999
19175,4.684,35.125,259.22,715.3465,-1,5,3,96.5,,False,271.999
19178,1.5,17.839,136.05,244.9066,-1,1,6,65.4,,False,153.999
19181,0.855,47.057,413.9,59.013,-1,1,9,71.5,,False,219.999
19183,0.252,21.727,164.27,299.1249,-1,1,4,84.6,,False,425.999
19185,1.831,22.517,170.05,308.6341,-1,1,3,97.6,,False,208.999
19186,2.161,30.515,226.32,555.3356,-1,1,3,67.9,,False,556.999
19187,3.272,27.687,207.01,411.3504,-1,1,5,77.0,,False,319.954186479553
19189,1.523,32.842,243.16,603.38,-1,2,4,95.3,,False,208.999
19191,1.55,35.856,264.78,693.411,-1,2,5,90.4,,False,222.999
19192,0.223,21.965,163.85,434.8457,-1,1,4,54.4,,False,40.33344444444447
19193,1.82,19.614,150.91,210.0709,-1,1,6,96.7,,False,223.3334444444444
19197,1.745,30.085,223.98,479.3046,-1,2,4,65.5,,False,169.999
19199,0.376,31.384,241.68,211.9997,-1,1,3,79.7,,False,497.999
19201,0.291,28.44,219.65,201.036,-1,1,5,96.8,,False,106.999
19205,1.551,19.25,148.77,195.1017,-1,1,3,98.2,,False,757.999
19213,3.316,26.801,199.94,442.2539,-1,1,3,97.2,,False,237.999
19226,0.83,22.465,167.66,428.8484,-1,1,5,74.0,,False,216.999
19236,1.309,22.664,172.32,265.215,-1,1,5,77.6,,False,97.999
19238,2.928,25.26,190.19,335.2956,-1,1,5,92.5,,False,80.999
19239,1.616,27.229,203.59,411.2233,-1,1,3,62.1,,False,431.999
19240,1.422,24.073,181.24,335.1486,-1,1,3,77.2,,False,179.999
19243,1.408,22.312,168.96,289.0549,-1,1,4,98.4,,False,138.999
19250,3.489,26.212,196.53,377.3074,-1,3,3,88.3,,False,476.999
19259,1.835,33.713,249.08,671.2208,-1,2,6,89.6,,False,288.999
19260,0.755,23.569,177.42,335.0242,-1,1,3,97.7,,False,424.999
19265,1.64,26.616,198.77,427.1615,-1,2,4,81.8,,False,324.999
19266,1.861,8.518,67.06,141.0148,-1,1,6,90.9,,False,81.22233333333331
19268,0.49,26.666,208.47,167.0181,-1,1,3,54.7,,False,387.999
19269,2.167,29.603,220.88,443.2834,-1,1,5,97.0,,False,191.999
19284,1.951,24.324,183.17,333.2049,-1,1,4,57.4,,False,545.999
19287,1.87,24.519,184.48,340.259,-1,1,3,63.5,,False,127.999
19291,3.627,31.846,236.55,526.4194,-1,1,3,43.7,,False,215.999
19294,1.708,46.464,374.65,116.9726,-1,1,9,90.5,,False,110.33344444444444
19305,1.99,27.853,207.68,450.2002,-1,2,3,90.7,,False,601.999
19308,3.112,24.118,180.39,403.0657,-1,2,3,98.3,,False,236.999
19309,1.819,27.439,205.16,411.2267,-1,1,5,67.6,,False,331.999
19310,2.383,34.129,253.06,569.982,-1,1,3,97.7,,False,359.33344444444447
19311,0.829,16.062,128.42,124.0131,-1,1,3,64.2,,False,444.999
19312,4.736,35.948,316.04,59.0122,-1,1,5,81.3,,False,208.999
19318,4.006,47.712,350.1,1067.9157,-1,1,6,70.6,,False,230.999
19325,3.082,35.98,265.44,729.3869,-1,3,5,93.7,,False,180.999
19327,1.74,18.804,143.71,236.0011,-1,1,4,90.5,,False,103.77788888888887
19328,1.33,13.638,106.15,170.8309,-1,1,3,53.0,,False,69.999
19330,1.635,12.138,99.85,92.928,-1,1,8,90.4,,False,78.11122222222222
19332,1.923,33.513,249.15,511.3088,-1,1,4,85.9,,False,214.999
19334,4.145,46.304,339.83,1050.8502,-1,2,5,98.4,,False,109.999
19340,1.445,33.15,244.61,716.2181,-1,1,5,92.8,,False,175.999
19345,0.925,23.089,175.05,282.2526,-1,1,3,62.7,,False,396.999
19349,2.47,31.07,231.81,445.372,-1,1,4,77.3,,False,326.999
19351,2.327,25.977,195.39,345.2779,-1,1,5,84.1,,False,232.999
19353,2.664,42.596,312.88,977.4836,-1,3,5,87.0,,False,260.999
19355,0.719,28.433,233.57,96.9202,-1,1,5,76.4,,False,182.999
19356,3.814,31.123,232.08,455.3899,-1,2,3,78.2,,False,448.999
19368,3.43,30.785,228.31,556.3458,-1,2,3,98.7,,False,416.999
19369,3.407,34.55,255.33,664.4083,-1,3,5,52.5,,False,113.999
19372,0.446,25.118,189.68,311.1377,-1,1,4,68.0,,False,197.999
19373,0.737,4.288,34.05,116.9725,-1,1,3,97.3,,False,128.999
19384,3.836,24.518,185.55,295.2623,-1,1,4,63.8,,False,309.999
19387,1.731,30.592,227.54,498.2873,-1,2,3,91.5,,False,313.999
19389,3.375,26.045,197.51,283.2607,-1,1,4,97.4,,False,99.999
19397,3.317,45.803,336.09,1058.7908,-1,2,3,80.5,,False,518.999
19399,4.008,35.687,263.25,733.3391,-1,1,4,63.6,,False,308.999
19401,2.389,24.622,192.04,171.9971,-1,1,5,96.8,,False,20.555666666666696
19402,0.42,41.606,320.32,215.0324,-1,1,5,65.0,,False,282.999
19406,0.733,28.957,229.41,141.0146,-1,1,5,99.6,,False,122.999
19411,4.071,35.278,260.94,637.459,-1,2,5,98.0,,False,63.69343301311062
19412,1.634,27.171,203.68,381.1742,-1,1,3,96.5,,False,161.999
19414,1.615,33.277,245.86,671.3475,-1,1,5,89.2,,False,127.999
19419,3.074,25.144,189.19,341.213,-1,1,5,55.8,,False,344.999
19422,4.152,43.852,322.2,958.7325,-1,2,7,70.9,,False,187.999
19423,1.332,32.418,239.96,610.3284,-1,1,5,81.5,,False,352.999
19433,1.855,30.05,222.93,551.1976,-1,1,4,98.9,,False,352.999
19435,3.639,43.15,317.0,960.6414,-1,3,3,90.8,,False,322.999
19446,1.569,23.812,209.11,59.0129,-1,1,7,76.1,,False,216.999
19448,3.667,20.943,160.38,229.1571,-1,1,5,92.4,,False,128.55566666666667
19449,3.637,24.333,183.78,309.3158,-1,1,6,84.0,,False,183.999
19451,2.87,38.764,285.77,764.5503,-1,2,5,96.9,,False,281.999
19452,2.579,34.852,257.67,652.349,-1,2,4,98.3,,False,288.999
19453,2.742,29.313,217.81,515.0571,-1,1,3,82.4,,False,317.999
19467,3.458,37.938,279.39,811.2964,-1,3,5,91.0,,False,302.999
19468,1.234,30.349,226.35,451.1768,-1,1,5,97.9,,False,247.999
19472,0.758,22.583,170.27,320.8874,-1,1,6,72.7,,False,195.999
19473,3.027,33.157,245.52,603.3517,-1,1,3,82.6,,False,130.999
19476,2.934,33.815,250.13,634.3776,-1,3,5,75.2,,False,271.11122222222224
19477,2.028,23.558,177.53,326.1174,-1,1,5,71.3,,False,320.999
19478,1.935,28.603,213.64,427.3058,-1,1,5,78.0,,False,185.999
19479,0.252,37.21,288.09,194.929,-1,1,4,62.3,,False,186.999
19481,1.427,31.859,235.89,603.22,-1,3,4,93.4,,False,137.999
19489,1.419,28.706,214.9,398.2076,-1,1,3,80.4,,False,340.999
19490,2.481,29.175,217.03,493.1961,-1,1,4,69.6,,False,264.999
19492,4.236,23.841,178.64,381.0289,-1,1,4,58.6,,False,304.999
19493,3.06,31.95,236.67,588.3359,-1,2,3,75.0,,False,254.999
19496,0.842,25.28,187.3,568.8122,-1,1,6,99.0,,False,102.999
19500,1.341,17.669,145.26,94.9239,-1,1,7,83.5,,False,56.11122222222224
19504,3.997,37.896,279.74,712.5397,-1,2,3,40.7,,False,238.999
19505,2.482,40.398,297.36,836.52,-1,2,4,75.3,,False,181.999
19507,3.732,21.288,169.33,133.0109,-1,1,3,86.5,,False,226.999
19518,1.886,32.399,239.76,615.2933,-1,2,4,90.1,,False,328.999
19520,2.922,46.209,338.85,1123.7038,-1,2,5,95.9,,False,450.999
19525,1.839,29.417,218.67,506.2401,-1,1,4,96.1,,False,316.999
19530,0.851,18.943,155.42,96.9188,-1,1,7,52.1,,False,175.999
19534,1.83,32.981,243.84,647.3075,-1,2,5,97.6,,False,188.999
19536,2.24,19.592,149.08,257.9853,-1,1,4,99.4,,False,188.999
19539,2.062,27.7,207.09,413.2702,-1,1,3,68.9,,False,529.999
19540,3.386,30.404,226.53,467.4887,-1,2,3,89.1,,False,722.999
19542,0.367,26.595,196.69,620.7747,-1,1,7,91.2,,False,132.999
19549,1.717,9.826,78.63,118.9661,-1,1,8,99.6,,False,2.444555555555567
19554,1.071,19.122,146.53,225.0718,-1,1,3,80.1,,False,77.999
19556,0.355,12.089,98.41,101.9208,-1,1,4,81.8,,False,139.999
19557,1.942,24.633,185.07,354.1746,-1,1,6,99.7,,False,61.999
19563,2.32,46.928,343.82,1215.5951,-1,3,3,89.1,,False,377.999
19566,1.429,31.508,233.65,563.3447,-1,1,3,98.1,,False,378.999
19569,1.851,28.258,210.31,483.1911,-1,1,4,88.5,,False,419.999
19574,2.953,43.437,318.22,1210.2937,-1,2,5,65.8,,False,224.999
19584,3.821,37.011,272.72,784.525,-1,3,4,88.7,,False,369.999
19586,0.945,11.803,96.85,94.9241,-1,1,7,78.9,,False,127.34712399033185
19589,1.992,55.695,441.79,141.0135,-1,1,6,88.1,,False,176.999
19592,0.964,27.742,204.96,656.8316,-1,1,7,89.2,,False,120.999
19596,0.905,19.709,172.97,59.0133,-1,1,6,64.1,,False,292.999
19603,2.594,24.44,181.06,569.9684,-1,1,6,78.8,,False,238.999
19607,4.712,37.506,276.86,709.5107,-1,3,4,100.0,,False,198.999
19609,2.6,26.931,203.21,319.2267,-1,1,4,55.9,,False,210.999
19611,1.65,29.375,219.39,428.9826,-1,1,6,65.0,,False,17.00046948109957
19615,0.274,36.258,265.26,1320.0533,-1,1,8,87.0,,False,188.999
19616,1.572,32.948,243.7,633.3641,-1,1,8,92.8,,False,91.999
19617,1.751,14.458,114.6,135.9684,-1,1,6,85.1,,False,173.999
19618,1.544,25.874,194.06,373.2935,-1,1,4,39.1,,False,84.999
19624,0.151,25.065,185.4,612.8001,-1,1,5,93.6,,False,126.999
19625,3.04,27.684,206.55,441.1091,-1,1,5,48.3,,False,262.999
19629,0.595,26.571,196.5,622.8306,-1,1,6,77.5,,False,169.999
19632,1.352,28.024,208.74,469.1761,-1,1,4,82.1,,False,282.999
19636,0.7,28.07,208.68,503.1403,-1,1,3,98.3,,False,488.999
19638,3.684,29.791,223.26,385.3511,-1,1,5,69.3,,False,201.999
19643,1.522,23.374,176.72,301.2366,-1,1,4,82.2,,False,258.999
19644,0.551,16.343,128.31,154.0626,-1,1,4,75.1,,False,251.999
19649,2.101,28.517,212.42,469.1651,-1,5,3,93.7,,False,191.999
19650,0.917,23.785,178.53,362.8981,-1,1,4,93.4,,False,272.999
19656,2.427,26.515,198.33,405.2046,-1,1,5,55.0,,False,314.999
19658,1.871,32.838,242.51,685.1501,-1,3,5,99.5,,False,122.999
19660,0.538,22.452,167.56,428.8465,-1,1,5,97.8,,False,263.999
19663,0.487,23.992,184.47,215.0313,-1,1,5,99.5,,False,165.999
19664,0.759,30.711,227.98,537.3279,-1,2,3,86.8,,False,221.999
19667,1.419,30.421,225.27,595.1464,-1,1,4,96.7,,False,443.999
19668,1.795,28.104,210.36,399.2881,-1,1,3,83.8,,False,348.999
19673,1.117,32.494,240.44,621.1839,-1,3,4,92.0,,False,287.999
19677,3.742,33.845,250.97,567.3681,-1,1,3,43.2,,False,98.999
19678,0.839,22.675,174.91,203.0538,-1,1,7,83.4,,False,159.999
19679,0.358,23.786,192.15,113.0234,-1,1,4,77.4,,False,590.999
19682,1.748,20.737,161.85,168.9883,-1,1,3,99.5,,False,319.999
19683,2.943,20.342,155.18,246.0309,-1,1,3,84.7,,False,204.999
19687,0.855,16.38,128.6,154.0614,-1,1,4,79.2,,False,297.999
19690,2.749,43.705,324.86,524.2783,-1,1,4,87.4,,False,154.999
19697,0.527,22.937,172.58,338.8517,-1,1,6,98.5,,False,200.999
19699,1.786,31.509,259.51,94.9237,-1,1,7,87.2,,False,200.999
19702,2.947,20.437,155.94,245.0341,-1,1,4,80.1,,False,148.999
19703,3.869,31.815,236.27,529.3676,-1,3,3,96.7,,False,111.999
19705,0.6,26.041,193.01,562.8201,-1,1,8,85.9,,False,174.999
19706,3.98,41.594,305.98,879.6353,-1,1,4,55.5,,False,159.999
19707,1.992,29.556,219.68,509.2206,-1,2,4,71.3,,False,223.999
19709,0.362,26.794,207.78,188.0422,-1,1,5,91.9,,False,145.999
19711,1.361,32.032,236.61,673.1442,-1,1,4,94.2,,False,176.999
19715,3.649,39.843,293.4,816.8548,-1,1,7,67.6,,False,137.11122222222224
19718,0.5,37.491,288.57,215.0355,-1,1,4,96.6,,False,522.999
19728,4.228,37.849,278.97,773.8551,-1,1,4,59.7,,False,72.999
19731,2.273,36.377,266.82,1064.9524,-1,1,4,83.4,,False,82.999
19734,1.376,5.305,46.08,59.0135,-1,1,9,97.5,,False,87.07107529805577
19744,1.508,27.766,207.3,432.3114,-1,1,3,96.9,,False,119.999
19746,1.877,27.63,206.37,425.2921,-1,1,4,47.1,,False,270.999
19749,3.328,18.083,139.13,208.9749,-1,1,4,96.0,,False,280.999
19750,2.439,28.562,212.77,467.2418,-1,1,3,97.8,,False,114.999
19751,2.42,26.267,196.48,405.2036,-1,1,3,98.8,,False,506.999
19760,2.622,35.665,263.5,670.4469,-1,3,4,76.5,,False,146.0001111111111
19761,0.391,23.658,177.18,386.9398,-1,1,5,93.4,,False,7.000111111111096
19765,3.835,28.918,215.95,430.3793,-1,1,4,93.1,,False,171.999
19768,1.854,29.69,244.5,94.9236,-1,1,7,99.7,,False,201.999
19775,0.364,17.994,143.42,129.0534,-1,1,4,86.3,,False,125.999
19777,2.215,27.457,205.13,423.196,-1,1,6,69.7,,False,52.44455555555558
19790,3.546,32.17,238.3,588.372,-1,1,5,64.7,,False,238.44455555555555
19794,1.357,4.453,35.36,116.9724,-1,1,5,90.0,,False,238.999
19795,1.564,22.947,173.41,304.1585,-1,2,4,88.4,,False,196.999
19802,0.787,25.729,191.16,508.9417,-1,1,5,83.2,,False,6.444555555555581
19803,2.677,15.808,124.15,152.9937,-1,1,4,96.5,,False,385.999
19806,4.032,36.36,268.0,769.3157,-1,1,4,88.4,,False,199.999
19807,3.339,35.809,264.3,710.4084,-1,3,5,68.9,,False,96.999
19811,0.539,21.817,163.24,394.9038,-1,1,6,81.6,,False,85.999
19816,2.61,34.318,253.76,644.4243,-1,3,3,92.5,,False,461.999
19818,0.247,31.08,255.36,96.9595,-1,1,4,91.9,,False,377.999
19823,4.199,26.162,195.95,389.2002,-1,1,4,99.3,,False,385.999
19825,1.773,18.26,140.74,203.0223,-1,1,8,96.7,,False,143.999
19832,2.292,27.072,202.24,423.2125,-1,1,5,68.3,,False,99.999
19834,2.339,28.827,214.48,489.1789,-1,1,5,74.1,,False,217.999
19839,3.483,28.627,213.04,485.1565,-1,1,5,97.0,,False,161.44455555555555
19844,0.608,25.461,190.32,412.1457,-1,1,4,98.6,,False,583.999
19850,1.951,27.684,227.93,94.924,-1,1,5,96.8,,False,167.999
19851,1.194,33.25,260.07,167.0199,-1,1,4,82.8,,False,213.999
19853,4.083,41.066,301.94,904.5726,-1,3,4,90.4,,False,319.999
19854,3.039,47.431,353.49,478.2946,-1,1,5,82.7,,False,149.999
19858,2.172,32.631,241.31,639.2541,-1,1,5,90.9,,False,247.999
19860,3.18,35.364,261.36,664.4689,-1,3,4,66.9,,False,311.2223333333333
19869,2.484,40.628,298.63,922.5263,-1,1,6,75.9,,False,314.999
19872,3.524,29.049,216.92,431.3169,-1,1,3,51.5,,False,204.999
19874,1.739,29.047,255.24,59.0125,-1,1,6,93.4,,False,163.999
19875,4.287,37.979,280.37,709.4334,-1,2,4,89.8,,False,558.999
19876,0.344,23.605,193.81,96.9192,-1,1,5,53.3,,False,168.999
19895,1.048,32.355,239.15,654.172,-1,1,4,88.6,,False,171.999
19897,0.249,26.016,194.25,428.9323,-1,1,6,83.3,,False,194.999
19898,1.931,18.596,143.05,210.0316,-1,1,4,76.0,,False,125.999
19899,0.448,25.389,195.14,217.0293,-1,1,3,62.2,,False,350.999
19900,0.708,30.761,226.67,762.88,-1,1,10,91.7,,False,55.33344444444445
19901,0.856,39.155,323.42,92.9272,-1,1,9,97.3,,False,20.359943715929262
19907,2.374,25.588,194.03,283.1534,-1,1,4,98.9,,False,380.999
19909,0.496,20.152,154.73,218.096,-1,1,4,74.2,,False,182.999
19911,1.951,30.81,228.63,545.3089,-1,1,3,41.5,,False,154.999
19913,3.655,29.757,220.16,619.0586,-1,2,3,97.4,,False,360.999
19915,4.771,30.856,229.7,481.4246,-1,1,4,84.6,,False,310.999
19919,1.321,4.447,34.72,141.0164,-1,1,4,99.1,,False,208.55566666666667
19920,2.373,33.95,250.8,675.2755,-1,1,7,86.6,,False,115.999
19921,3.7,27.527,202.81,756.9137,-1,1,3,71.7,,False,399.999
19925,0.436,30.573,225.53,716.9574,-1,1,5,87.9,,False,139.999
19931,1.445,23.38,176.82,299.1346,-1,2,4,94.0,,False,138.999
19933,3.761,38.524,283.69,816.4899,-1,2,3,59.9,,False,459.999
19935,3.765,29.414,219.48,443.3729,-1,2,3,97.8,,False,271.999
19936,2.25,32.722,242.27,605.3135,-1,2,5,71.0,,False,112.999
19937,3.369,34.051,252.08,611.325,-1,2,4,73.2,,False,127.999
19940,1.868,16.722,134.46,116.9693,-1,1,6,87.3,,False,201.999
19941,2.308,33.293,246.13,651.2919,-1,2,4,62.6,,False,261.999
19943,2.529,33.134,246.11,528.3377,-1,2,4,78.8,,False,244.999
19947,2.389,18.412,143.01,180.0723,-1,1,5,91.3,,False,265.999
19950,4.465,29.407,218.53,512.2416,-1,1,5,75.0,,False,182.999
19952,0.949,19.698,148.68,308.8538,-1,1,3,96.9,,False,366.999
19954,1.408,31.251,231.53,585.1744,-1,1,3,98.8,,False,362.999
19962,0.425,29.607,260.17,59.0125,-1,1,4,79.5,,False,109.00011111111111
19964,4.291,41.693,306.51,918.5974,-1,3,5,65.0,,False,596.999
19967,1.129,29.429,219.56,445.2967,-1,1,6,97.2,,False,127.999
19982,1.498,35.214,259.35,800.2842,-1,2,4,98.4,,False,312.999
19983,0.648,31.936,245.74,215.0302,-1,1,3,35.8,,False,419.999
19985,3.187,35.473,261.86,706.3995,-1,2,4,49.2,,False,197.999
19994,0.602,26.219,194.52,540.9133,-1,1,4,93.9,,False,307.999
19996,3.17,34.356,254.2,626.4766,-1,1,5,49.8,,False,397.999
19999,1.887,29.965,222.03,579.2529,-1,2,4,59.2,,False,142.999
20000,0.438,20.728,156.77,295.6245,-1,1,5,84.3,,False,160.999
20002,0.29,25.789,190.8,608.6807,-1,1,7,69.1,,False,91.999
20003,1.282,34.451,254.09,731.3902,-1,2,3,68.4,,False,166.999
20004,4.575,30.87,228.86,568.2672,-1,1,4,70.8,,False,102.999
20006,1.754,35.524,266.57,376.0015,-1,1,3,80.8,,False,481.999
20009,3.192,33.769,250.11,597.4357,-1,2,4,78.1,,False,175.999
20010,0.301,8.475,66.51,146.9817,-1,1,4,74.6,,False,216.999
20013,1.56,31.23,257.85,92.9254,-1,1,6,86.7,,False,202.999
20024,3.285,26.194,196.53,370.3058,-1,1,4,97.7,,False,293.999
20025,4.364,35.534,262.84,638.4441,-1,1,4,96.6,,False,212.999
20028,2.13,40.523,297.97,903.4648,-1,3,5,97.1,,False,319.999
20029,2.751,33.381,247.49,570.342,-1,1,5,76.3,,False,123.999
20031,3.181,29.688,220.62,513.2742,-1,1,4,81.2,,False,255.999
20033,1.551,10.687,87.83,92.926,-1,1,8,91.2,,False,100.44455555555558
20036,0.249,26.731,199.42,441.2006,-1,2,3,52.0,,False,610.999
20037,4.469,30.263,224.55,546.2563,-1,2,4,53.9,,False,85.999
20040,3.233,31.007,230.89,478.5124,-1,1,4,67.8,,False,256.999
20042,2.53,41.944,308.45,897.589,-1,2,6,87.3,,False,120.999
20045,2.772,41.726,306.92,883.5402,-1,2,5,98.0,,False,157.999
20047,1.624,23.058,174.69,286.9709,-1,1,6,97.5,,False,61.999
20048,1.971,32.168,239.34,494.2659,-1,1,4,66.2,,False,198.999
20050,1.579,29.553,219.44,530.31,-1,2,3,77.0,,False,334.999
20054,2.359,23.66,175.59,526.948,-1,1,6,87.2,,False,61.111222222222224
20055,0.59,18.901,145.44,209.08,-1,1,4,62.8,,False,308.6667777777778
20057,3.072,23.877,179.05,373.0432,-1,1,3,97.8,,False,161.999
20058,1.866,16.582,136.62,92.9262,-1,1,8,98.5,,False,95.63923956797235
20065,0.741,21.073,160.49,255.0651,-1,1,4,94.9,,False,165.999
20073,1.359,31.315,231.28,679.0713,-1,1,4,98.1,,False,138.999
20078,2.176,32.352,239.57,600.362,-1,2,5,76.4,,False,172.22233333333332
20079,2.023,32.664,241.39,659.2236,-1,2,3,82.9,,False,306.44455555555555
20089,0.237,37.683,276.58,1008.3002,-1,2,4,83.5,,False,249.999
20095,3.954,19.994,153.13,228.0394,-1,1,3,88.6,,False,321.999
20100,4.183,33.181,245.85,584.4743,-1,1,4,69.5,,False,383.11122222222224
20103,1.628,26.697,199.52,416.2486,-1,1,3,83.0,,False,372.999
20108,0.619,29.757,220.74,550.2461,-1,1,4,80.5,,False,194.999
20109,0.591,19.971,152.12,253.016,-1,1,3,98.3,,False,139.999
20110,1.66,30.847,228.94,542.3395,-1,1,4,87.0,,False,99.999
20111,0.951,29.665,220.46,513.2733,-1,1,6,86.5,,False,62.999
20112,1.936,29.722,221.91,434.3347,-1,1,3,98.0,,False,358.999
20114,1.887,21.631,164.53,262.1246,-1,1,4,83.7,,False,431.999
20115,3.4,41.22,302.98,923.5144,-1,3,4,92.6,,False,234.999
20116,1.484,25.598,192.06,369.2625,-1,1,4,61.9,,False,220.999
20117,0.742,23.196,189.18,102.9556,-1,1,7,96.8,,False,122.999
20121,0.688,21.186,160.91,270.0541,-1,1,4,87.3,,False,172.999
20122,0.545,15.481,121.57,153.0172,-1,1,5,84.0,,False,108.999
20131,1.303,16.024,128.12,124.0141,-1,1,3,67.3,,False,201.999
20132,0.691,24.156,179.22,534.8129,-1,1,7,92.6,,False,165.999
20133,3.152,33.976,251.51,611.2929,-1,2,3,99.0,,False,148.999
20134,2.284,27.935,211.96,281.1016,-1,1,3,69.5,,False,447.999
20136,1.623,26.011,194.59,403.2173,-1,1,5,58.4,,False,139.999
20141,3.359,26.867,201.14,395.1387,-1,1,4,99.3,,False,383.999
20153,1.562,30.074,223.65,500.3205,-1,1,4,47.6,,False,252.999
20160,2.379,28.885,215.02,481.1915,-1,1,5,81.9,,False,188.999
20161,4.501,30.506,226.26,554.2925,-1,3,4,83.4,,False,454.25176420856167
20166,0.484,21.349,166.78,167.0204,-1,1,3,58.4,,False,82.999
20168,2.113,32.08,237.35,620.18,-1,1,5,69.1,,False,253.999
20169,3.604,30.957,229.81,537.2976,-1,2,4,93.6,,False,370.999
20171,3.483,32.764,243.26,537.7298,-1,1,4,41.7,,False,94.999
20176,1.073,33.898,250.0,737.0789,-1,2,6,97.0,,False,138.999
20179,2.289,26.108,195.89,370.3037,-1,1,4,62.2,,False,179.999
20180,1.56,25.541,205.35,118.9678,-1,1,7,65.9,,False,6.6667777777777815
20186,0.849,19.653,148.38,306.8576,-1,1,4,97.1,,False,327.999
20202,2.04,21.06,161.13,233.1542,-1,1,7,91.5,,False,85.999
20206,1.672,7.892,63.13,116.9688,-1,1,3,80.4,,False,148.999
20215,1.009,24.546,201.57,96.9193,-1,1,6,86.0,,False,170.999
20216,1.728,20.458,155.36,270.0004,-1,1,5,95.7,,False,118.999
20217,4.274,35.01,258.67,673.4842,-1,1,3,44.6,,False,386.999
20218,4.381,41.951,308.75,852.6647,-1,2,6,88.3,,False,201.999
20224,0.618,23.36,176.71,297.1303,-1,1,4,98.9,,False,252.999
20228,2.604,31.435,233.66,512.3371,-1,1,3,87.0,,False,262.999
20242,3.37,33.831,250.16,642.3793,-1,3,6,68.2,,False,250.999
20247,1.812,13.951,114.83,93.0322,-1,1,4,44.0,,False,198.999
20248,1.598,29.308,217.66,525.2462,-1,1,3,76.9,,False,152.999
20258,1.046,21.903,192.3,59.013,-1,1,5,66.1,,False,267.999
20264,1.965,30.099,222.95,587.1682,-1,1,4,97.1,,False,236.999
20268,1.566,8.191,67.19,92.9266,-1,1,6,84.6,,False,202.62775181617474
20275,2.186,27.152,202.99,413.2523,-1,1,3,82.5,,False,343.999
20283,2.771,41.708,307.09,832.5753,-1,2,5,100.0,,False,122.999
20286,2.077,34.692,285.79,94.9235,-1,1,5,96.6,,False,83.999
20294,4.812,38.632,285.35,685.535,-1,2,4,81.0,,False,205.999
20298,2.536,26.945,202.65,347.2216,-1,1,4,42.3,,False,214.999
20302,2.735,37.457,275.93,795.338,-1,1,5,97.7,,False,277.999
20308,4.602,34.635,255.85,679.3675,-1,3,5,92.4,,False,147.999
20315,1.524,26.242,195.94,429.1316,-1,2,5,61.5,,False,269.999
20316,1.994,6.928,55.37,116.9728,-1,1,5,91.6,,False,251.999
20317,2.14,39.598,319.2,116.9706,-1,1,5,88.4,,False,327.2223333333333
20325,2.952,35.895,265.24,671.4448,-1,3,3,58.2,,False,790.999
20333,4.335,30.363,226.78,429.3387,-1,1,3,82.7,,False,243.999
20336,3.683,33.602,248.6,628.4035,-1,2,4,58.3,,False,369.999
20343,0.914,20.152,164.8,99.9565,-1,1,8,94.7,,False,6.263179583586776
20345,0.869,19.724,150.54,243.0309,-1,1,3,98.6,,False,218.999
20346,3.552,41.24,303.89,791.5333,-1,1,3,97.9,,False,333.999
20351,1.996,28.791,237.66,92.9255,-1,1,5,48.6,,False,141.81990092219968
20354,2.88,26.002,195.24,361.3133,-1,1,3,94.5,,False,512.999
20358,1.312,23.508,180.19,227.0906,-1,1,4,79.2,,False,229.999
20360,0.394,33.74,248.31,832.9613,-1,2,3,97.6,,False,86.999
20363,2.076,33.554,248.18,635.417,-1,1,4,49.4,,False,134.999
20373,1.511,44.412,358.1,116.9741,-1,1,9,85.5,,False,195.999
20374,4.088,34.617,255.56,701.3749,-1,2,3,68.4,,False,165.999
20375,2.775,44.825,328.85,1071.6725,-1,2,3,79.9,,False,550.999
20382,1.07,33.045,246.95,425.1169,-1,1,4,99.4,,False,207.999
20385,3.164,33.263,246.41,592.3671,-1,1,5,62.7,,False,339.999
20389,3.453,34.725,256.66,661.4178,-1,2,3,81.5,,False,94.999
20391,1.684,33.182,273.33,94.9233,-1,1,7,81.9,,False,219.999
20392,1.354,27.346,204.48,411.1837,-1,1,4,79.3,,False,150.999
20393,1.934,23.719,182.07,221.1523,-1,1,6,90.0,,False,268.999
20394,4.307,46.472,341.05,1054.8511,-1,3,5,73.7,,False,216.999
20405,3.889,28.521,213.21,416.3231,-1,1,3,98.4,,False,200.999
20407,2.108,22.602,168.11,482.9317,-1,1,3,91.3,,False,257.999
20412,4.846,35.49,262.06,695.4213,-1,2,3,61.7,,False,209.999
20420,0.856,19.447,148.06,255.027,-1,1,3,94.0,,False,259.999
20422,3.159,43.472,319.19,1007.4737,-1,3,4,59.6,,False,316.999
20427,0.372,19.98,151.9,263.0376,-1,1,3,94.8,,False,377.999
20429,2.552,20.889,160.16,224.1707,-1,1,3,84.8,,False,336.999
20430,0.244,21.729,178.35,96.9587,-1,1,5,68.5,,False,384.999
20435,3.403,21.825,165.04,298.0473,-1,1,5,97.6,,False,83.999
20439,3.801,28.207,209.84,491.2647,-1,1,3,83.2,,False,393.999
20440,2.526,31.231,231.52,570.2857,-1,1,3,42.1,,False,579.999
20441,4.171,34.689,256.78,615.3885,-1,2,4,76.1,,False,289.999
20442,4.668,34.862,258.25,594.5789,-1,1,6,62.2,,False,119.22233333333334
20445,0.391,17.547,136.91,168.0762,-1,1,5,97.0,,False,370.999
20447,4.116,36.404,268.59,722.9903,-1,2,5,54.8,,False,252.03186849638257
20448,0.393,24.907,191.04,224.9777,-1,1,4,89.6,,False,111.999
20456,4.09,33.39,247.47,579.4639,-1,1,3,39.3,,False,594.999
20459,3.12,29.108,214.28,800.9246,-1,1,3,98.2,,False,379.999
20462,1.756,26.559,198.77,398.2991,-1,1,3,55.1,,False,181.999
20463,4.149,27.286,204.99,358.2822,-1,1,3,56.2,,False,121.999
20465,2.229,36.223,268.36,594.9634,-1,2,4,99.2,,False,342.889
20469,1.563,25.411,190.54,375.2774,-1,1,3,83.7,,False,373.999
20470,3.682,34.995,258.58,671.3466,-1,3,3,91.0,,False,302.999
20478,3.712,31.106,231.01,528.364,-1,2,3,73.3,,False,680.999
20481,1.666,29.409,218.53,515.2186,-1,1,3,71.4,,False,249.999
20485,4.056,24.533,184.84,329.0454,-1,1,3,98.3,,False,207.999
20492,4.587,29.045,215.95,501.2825,-1,1,3,59.3,,False,320.889
20493,2.907,31.338,232.69,533.3116,-1,3,3,60.9,,False,291.999
20494,3.791,34.198,253.32,595.6223,-1,2,3,82.4,,False,499.999
20496,0.343,13.813,109.46,135.8921,-1,1,7,87.0,,False,146.999
20501,0.773,31.615,248.75,154.0606,-1,1,7,98.2,,False,214.999
20503,2.648,31.003,230.31,523.2835,-1,1,3,84.3,,False,578.999
20509,1.594,23.347,182.44,167.0345,-1,1,3,94.2,,False,435.999
20513,1.784,22.59,171.69,267.1954,-1,1,4,57.3,,False,163.999
20514,0.355,30.581,225.42,748.8763,-1,1,5,82.1,,False,99.999
20529,3.669,27.218,202.71,469.2476,-1,1,4,55.4,,False,140.999
20532,2.188,16.022,122.29,238.8885,-1,1,7,75.8,,False,74.999
20535,1.713,26.771,199.99,422.1645,-1,1,5,85.8,,False,309.999
20537,4.442,35.164,306.72,61.9871,-1,1,8,71.4,,False,226.5100255710156
20538,0.48,28.691,213.02,528.2681,-1,2,3,95.7,,False,307.999
20541,3.244,35.192,260.46,618.426,-1,2,3,85.9,,False,260.999
20543,0.162,25.992,208.98,118.969,-1,1,6,81.5,,False,139.999
20544,4.215,39.364,290.12,775.5648,-1,1,5,38.3,,False,55.33344444444444
20549,0.496,25.617,189.95,550.8738,-1,1,6,79.6,,False,198.0001111111111
20553,2.845,32.26,239.87,506.3844,-1,1,3,91.8,,False,254.999
20559,1.542,27.183,202.64,454.1922,-1,1,3,82.6,,False,144.999
20566,3.285,24.972,187.37,368.1473,-1,1,5,93.1,,False,301.999
20572,0.733,26.94,199.41,598.8706,-1,1,6,83.1,,False,74.44455555555558
20581,3.277,29.881,222.53,473.4039,-1,1,3,89.7,,False,445.999
20582,0.782,32.227,265.44,94.9227,-1,1,5,80.5,,False,225.33344444444444
20584,3.517,43.773,326.45,464.3151,-1,1,3,76.6,,False,286.999
20586,1.967,24.746,185.99,351.188,-1,1,4,55.0,,False,309.44455555555555
20596,0.741,28.424,223.58,154.06,-1,1,6,92.3,,False,216.999
20599,4.526,36.423,269.28,653.5934,-1,2,6,86.9,,False,50.481435596350195
20603,2.719,30.844,229.6,483.5108,-1,1,5,98.2,,False,330.999
20606,1.887,17.944,138.92,188.9357,-1,1,5,95.6,,False,126.999
20613,3.642,37.96,279.48,817.3395,-1,4,3,100.0,,False,294.999
20617,1.044,22.66,184.8,102.9552,-1,1,6,83.1,,False,216.999
20623,2.667,29.556,220.67,433.24,-1,1,5,79.9,,False,224.999
20626,2.737,20.883,158.08,289.9802,-1,1,3,81.5,,False,219.999
20630,1.343,13.679,106.39,172.8285,-1,1,4,47.1,,False,187.999
20634,0.562,28.222,211.15,405.227,-1,1,3,98.1,,False,203.999
20637,0.99,20.829,158.44,261.0792,-1,1,3,97.1,,False,499.999
20640,0.393,27.166,202.26,473.1975,-1,2,3,66.2,,False,227.999
20646,2.785,46.984,344.34,1179.692,-1,2,5,72.0,,False,135.999
20647,4.131,20.886,159.95,228.9802,-1,1,3,70.9,,False,436.999
20648,2.216,36.598,270.26,695.4675,-1,3,4,88.4,,False,188.999
20655,0.727,25.395,190.13,393.1477,-1,1,3,96.7,,False,162.999
20661,3.853,28.095,209.4,457.374,-1,1,3,97.9,,False,145.999
20665,0.469,32.937,253.34,217.0263,-1,1,5,60.5,,False,59.999
20667,0.396,23.452,182.96,171.0257,-1,1,4,66.0,,False,89.999
20668,0.286,24.817,183.74,586.6324,-1,1,7,95.0,,False,110.999
20669,2.09,22.553,171.47,265.1813,-1,1,4,81.3,,False,280.999
20673,1.829,30.774,228.22,559.2463,-1,1,4,51.6,,False,240.999
20675,4.48,17.153,132.85,187.0407,-1,1,3,59.5,,False,276.999
20677,0.283,31.206,229.11,966.3098,-1,1,6,86.5,,False,130.999
20679,1.365,32.717,241.36,721.1516,-1,1,4,98.9,,False,271.999
20688,3.242,28.907,215.46,458.3342,-1,1,4,87.6,,False,364.999
20690,1.655,26.081,195.41,385.2575,-1,1,5,67.3,,False,203.999
20694,2.446,21.706,165.06,263.1677,-1,1,3,86.0,,False,121.999
20695,3.823,37.307,275.1,751.102,-1,2,8,53.4,,False,83.44455555555555
20701,3.47,30.837,228.94,535.2986,-1,3,3,65.3,,False,443.999
20704,0.633,28.99,214.98,557.1521,-1,2,5,95.3,,False,78.999
20712,1.18,4.773,38.9,92.9279,-1,1,3,65.0,,False,139.999
20713,1.39,5.315,42.32,116.9697,-1,1,5,70.4,,False,371.999
20717,1.21,30.246,224.81,511.185,-1,2,4,96.6,,False,259.999
20721,2.692,37.473,276.29,751.4585,-1,2,6,98.0,,False,222.7439849593498
20723,0.278,22.112,166.51,330.7524,-1,1,4,94.5,,False,235.999
20725,1.446,24.96,187.1,378.1671,-1,1,5,98.0,,False,233.999
20732,3.564,28.152,206.72,930.9532,-1,1,5,83.8,,False,280.999
20735,0.373,15.282,122.82,117.0322,-1,1,5,95.6,,False,174.999
20736,2.988,28.827,215.03,446.3717,-1,1,4,89.8,,False,189.55566666666667
20738,2.794,45.584,334.31,1104.6691,-1,2,5,71.8,,False,261.999
20741,2.744,30.985,230.73,477.2827,-1,1,3,92.4,,False,343.999
20748,0.499,35.88,295.61,94.9226,-1,1,5,70.8,,False,62.999
20750,1.326,23.662,179.08,294.243,-1,1,3,90.8,,False,266.999
20751,1.118,20.915,159.87,237.1468,-1,1,4,90.4,,False,261.999
20753,3.817,30.349,225.22,542.3282,-1,2,3,68.5,,False,298.999
20762,0.742,25.325,187.65,566.8159,-1,1,7,99.3,,False,140.7778888888889
20763,0.405,18.998,145.37,231.124,-1,1,3,99.4,,False,60.999
20766,3.562,35.761,264.11,687.4815,-1,3,3,65.3,,False,111.999
20769,0.783,27.297,214.69,154.0602,-1,1,4,99.3,,False,244.999
20770,0.572,24.915,185.14,504.8567,-1,1,8,97.6,,False,6.242713141656367
20773,4.411,36.38,268.75,679.5588,-1,1,5,93.0,,False,281.999
20775,1.831,26.227,196.5,385.1885,-1,1,5,78.2,,False,308.999
20777,3.252,38.641,284.53,818.4871,-1,1,6,79.1,,False,91.999
20778,0.584,24.211,180.16,476.9118,-1,1,5,78.6,,False,154.999
20779,0.292,23.747,180.53,266.8021,-1,1,5,60.9,,False,238.999
20780,2.155,26.117,195.89,373.2381,-1,1,7,81.6,,False,127.999
20782,2.952,25.648,192.75,353.2685,-1,1,3,48.5,,False,389.999
20785,3.321,31.386,232.72,565.3374,-1,1,5,55.8,,False,412.999
20790,4.263,36.89,272.04,746.9985,-1,1,3,43.6,,False,113.999
20791,2.457,31.244,231.62,569.3345,-1,1,7,76.3,,False,51.66677777777778
20792,1.353,33.486,247.56,648.3457,-1,1,4,82.1,,False,296.999
20793,0.543,29.614,218.58,692.8922,-1,1,7,56.2,,False,37.88899999999998
20802,4.012,42.102,310.07,820.7813,-1,2,3,93.1,,False,149.999
20807,1.377,47.469,391.25,94.9236,-1,1,11,72.6,,False,0.9377001145444979
20808,0.399,21.764,165.06,279.0725,-1,1,3,75.7,,False,363.999
20812,1.457,20.366,155.63,238.1102,-1,1,8,97.7,,False,21.555666666666653
20813,1.131,33.564,247.79,698.1996,-1,1,4,52.9,,False,107.999
20814,4.425,34.97,258.46,663.4182,-1,3,3,100.0,,False,273.999
20816,1.147,17.561,131.6,368.1581,-1,1,3,70.9,,False,487.999
20824,3.656,19.143,147.84,197.0732,-1,1,3,52.7,,False,243.999
20825,0.283,26.447,197.39,434.949,-1,1,5,79.0,,False,135.999
20829,4.309,37.317,275.54,698.6209,-1,1,5,64.6,,False,105.999
20834,1.514,25.384,190.69,356.2514,-1,1,3,81.4,,False,220.999
20835,0.285,22.124,168.15,266.8019,-1,1,3,91.3,,False,196.999
20841,2.999,23.822,180.27,295.2619,-1,1,5,79.3,,False,99.5556666666667
20844,2.214,37.627,275.75,1147.163,-1,2,3,73.6,,False,596.999
20846,3.852,27.896,208.36,426.1159,-1,1,3,73.6,,False,309.999
20851,2.427,18.647,139.75,369.9797,-1,1,5,97.9,,False,324.999
20855,0.671,53.863,443.03,96.92,-1,1,7,95.9,,False,145.999
20858,0.686,30.999,228.26,796.7982,-1,1,9,85.5,,False,81.999
20866,2.602,21.26,161.7,262.1111,-1,3,3,70.6,,False,423.999
20869,3.725,24.69,186.73,300.2398,-1,1,3,72.4,,False,385.999
20872,3.73,26.82,200.76,397.2355,-1,1,5,78.4,,False,150.999
20873,1.583,21.941,192.64,59.0128,-1,1,6,91.3,,False,279.999
20875,0.686,27.71,206.66,448.3072,-1,1,3,98.9,,False,284.999
20882,1.166,19.846,152.83,207.1,-1,1,5,99.7,,False,213.999
20893,2.067,19.494,148.04,268.9845,-1,1,3,69.9,,False,127.999
20907,4.071,39.804,293.18,807.5719,-1,1,4,69.8,,False,237.999
20912,1.315,17.088,129.46,279.9157,-1,1,6,90.5,,False,80.999
20923,1.92,30.482,226.37,529.1984,-1,1,5,77.0,,False,332.999
20925,1.893,31.356,231.71,659.1945,-1,1,5,78.3,,False,118.999
20928,2.321,28.019,209.26,427.2909,-1,2,3,40.2,,False,182.999
20929,1.807,20.323,156.43,209.1526,-1,1,3,89.5,,False,212.999
20933,1.975,19.644,153.16,170.9942,-1,1,4,93.2,,False,104.33344444444444
20945,1.723,24.366,183.58,329.1277,-1,1,6,85.5,,False,85.999
20947,1.109,14.501,114.58,141.0161,-1,1,8,85.8,,False,80.576575696275
20952,4.269,13.053,107.27,93.971,-1,1,3,88.2,,False,289.999
20953,2.829,26.753,200.19,401.2691,-1,1,3,98.3,,False,260.999
20967,0.362,24.608,184.46,378.1402,-1,1,3,71.2,,False,120.999
20972,2.235,27.781,207.67,415.3404,-1,1,4,37.2,,False,274.999
20973,3.194,23.96,180.8,316.2565,-1,1,3,57.3,,False,586.999
20985,0.481,24.388,184.37,303.0074,-1,1,3,97.4,,False,142.999
20990,1.771,30.3,224.81,549.2745,-1,1,4,81.4,,False,166.999
20991,1.437,19.687,148.36,320.9848,-1,1,5,87.9,,False,347.999
20995,2.073,28.014,208.95,446.2349,-1,1,3,93.4,,False,147.999
20998,3.319,35.617,263.39,645.4746,-1,2,5,58.2,,False,125.999
21006,2.826,32.673,244.01,434.2376,-1,2,3,71.6,,False,347.999
21011,0.382,14.541,125.53,65.0377,-1,1,5,89.2,,False,135.999
21012,0.559,28.836,236.89,96.9192,-1,1,7,97.1,,False,157.999
21014,0.34,24.777,185.2,412.1275,-1,1,4,94.5,,False,142.999
21015,3.993,34.879,258.02,630.5488,-1,1,3,44.0,,False,637.3693112915084
21017,1.07,30.462,225.78,573.1262,-1,1,4,94.3,,False,264.999
21018,2.286,32.912,243.37,640.229,-1,1,5,49.2,,False,288.999
21022,0.95,32.318,238.77,669.1169,-1,1,4,90.6,,False,310.999
21023,4.13,37.602,277.15,767.6988,-1,3,4,82.4,,False,359.66677777777784
21028,3.692,46.866,344.01,1039.8855,-1,1,4,56.5,,False,405.999
21029,0.539,36.752,282.89,215.0309,-1,1,3,86.2,,False,210.999
21039,2.344,26.219,230.32,59.0128,-1,1,6,62.9,,False,167.999
21040,2.564,26.852,201.92,348.3,-1,1,3,45.2,,False,265.999
21041,1.335,22.059,166.99,291.0663,-1,1,5,62.5,,False,141.999
21043,4.579,30.228,224.21,554.2174,-1,1,4,79.7,,False,135.999
21045,3.23,22.267,169.45,260.1656,-1,1,4,89.4,,False,273.999
21048,0.679,22.745,171.62,315.1016,-1,1,3,77.5,,False,84.999
21049,4.168,35.053,259.88,574.4585,-1,1,3,38.0,,False,106.999
21050,2.785,22.858,169.77,509.9721,-1,1,5,97.4,,False,285.999
21051,1.475,36.886,304.67,92.9252,-1,1,5,87.6,,False,116.999
21056,1.743,48.51,391.22,116.9707,-1,1,7,78.3,,False,25.555666666666667
21057,3.413,32.089,237.74,583.359,-1,2,3,97.3,,False,332.999
21073,2.99,24.255,183.27,306.2513,-1,1,3,96.7,,False,352.999
21086,2.645,30.016,223.92,447.311,-1,1,3,85.5,,False,187.999
21096,0.425,21.863,166.58,253.1345,-1,1,5,53.5,,False,244.999
21099,0.473,16.83,129.42,209.9354,-1,1,3,86.0,,False,203.999
21106,4.742,34.966,258.51,651.5217,-1,1,4,66.3,,False,183.999
21111,1.905,23.098,175.39,273.2061,-1,1,4,76.0,,False,171.999
21120,2.32,35.162,259.27,745.2618,-1,2,5,76.8,,False,265.999
21133,0.602,23.547,174.95,504.777,-1,1,6,91.1,,False,169.999
21138,1.49,11.185,97.87,59.012,-1,1,4,84.3,,False,80.999
21139,0.567,25.29,187.38,568.81,-1,1,7,70.9,,False,27.53392257505223
21140,0.245,38.956,285.67,1084.2889,-1,3,4,85.6,,False,211.999
21144,0.61,24.738,183.33,562.733,-1,1,5,67.1,,False,191.999
21145,2.487,22.15,168.98,247.2059,-1,1,4,77.1,,False,148.999
21148,2.861,24.101,182.0,310.2444,-1,1,4,90.1,,False,288.999
21150,2.854,33.724,250.56,524.3363,-1,1,5,82.9,,False,151.999
21157,0.618,25.364,198.26,167.0208,-1,1,3,99.8,,False,613.999
21166,0.469,42.726,328.96,215.0341,-1,1,8,96.9,,False,64.999
21170,0.724,15.504,121.06,165.0024,-1,1,5,99.5,,False,252.999
21171,1.303,33.501,247.38,689.3612,-1,1,3,97.3,,False,222.999
21173,2.941,31.753,235.38,572.3373,-1,1,4,57.7,,False,214.999
21179,1.862,4.039,32.81,92.9257,-1,1,5,83.6,,False,48.111222222222224
21180,0.732,21.466,160.4,410.8224,-1,1,6,64.9,,False,157.999
21182,1.218,30.552,226.66,551.1227,-1,1,4,96.7,,False,77.999
21184,0.247,29.036,224.7,194.9259,-1,1,5,97.6,,False,110.999
21187,3.055,28.235,210.09,487.0562,-1,1,4,83.0,,False,160.999
21188,0.721,54.166,447.61,92.9311,-1,1,4,99.3,,False,102.999
21192,0.436,15.023,118.8,139.9913,-1,1,3,89.5,,False,213.999
21193,4.517,42.576,312.88,940.6476,-1,2,4,95.2,,False,636.999
21197,3.511,32.079,238.11,542.3939,-1,1,3,58.8,,False,260.999
21207,0.404,26.196,196.07,397.0029,-1,1,3,57.3,,False,475.999
21211,2.062,29.523,219.51,503.2681,-1,1,3,37.8,,False,432.999
21212,1.364,14.006,115.3,92.9272,-1,1,5,78.3,,False,127.00011111111111
21224,3.565,26.948,201.66,401.2088,-1,1,3,95.8,,False,305.999
21227,3.465,31.833,235.94,574.353,-1,1,4,96.7,,False,184.999
21232,1.028,22.176,167.28,317.0023,-1,1,6,69.4,,False,10.777888888888896
21242,0.389,26.071,195.27,389.0702,-1,1,5,99.3,,False,98.999
21244,0.86,20.92,170.57,102.9545,-1,1,5,68.0,,False,205.999
21251,2.436,17.819,134.07,330.7615,-1,1,5,56.1,,False,353.999
21256,0.816,18.76,143.04,246.8946,-1,1,6,97.4,,False,54.88900000000001
21258,0.587,21.745,168.46,189.0386,-1,1,5,65.3,,False,50.999
21267,1.703,27.679,206.7,427.3091,-1,2,3,82.4,,False,238.999
21272,1.81,35.461,281.03,141.0166,-1,1,6,89.2,,False,262.77788888888887
21278,1.591,33.788,249.9,638.3607,-1,2,4,98.6,,False,263.999
21281,0.844,19.368,158.91,96.9213,-1,1,4,40.9,,False,345.999
21282,0.95,33.27,246.57,581.2437,-1,1,5,84.6,,False,198.999
21284,1.931,9.011,70.99,141.0166,-1,1,8,85.3,,False,24.003823828706402
21288,1.374,21.34,160.7,329.1716,-1,1,4,91.4,,False,436.999
21289,2.617,25.381,187.63,628.9671,-1,1,5,97.3,,False,71.88899999999998
21290,1.614,24.237,185.27,239.0921,-1,1,4,79.8,,False,387.999
21305,2.838,33.007,244.16,630.3431,-1,1,6,94.8,,False,167.999
21307,3.086,27.246,204.61,361.3131,-1,1,3,97.3,,False,333.999
21310,3.15,31.037,230.36,541.3732,-1,1,5,91.4,,False,206.999
21312,2.299,20.676,154.55,404.0083,-1,1,4,87.9,,False,230.999
21313,0.44,20.987,161.3,215.0278,-1,1,4,87.7,,False,61.999
21314,1.374,23.327,175.96,318.1367,-1,1,3,90.8,,False,171.999
21315,3.787,27.517,204.52,507.0314,-1,2,3,86.4,,False,256.999
21323,3.251,24.961,188.14,326.2198,-1,1,3,94.5,,False,344.999
21329,2.925,38.963,286.8,837.3877,-1,1,5,65.1,,False,267.999
21330,1.925,22.824,172.45,305.0876,-1,1,3,98.6,,False,343.999
21334,4.193,41.369,304.05,922.5757,-1,3,3,69.0,,False,119.999
21338,0.775,21.604,167.35,189.0416,-1,1,3,56.4,,False,154.999
21340,1.349,31.047,256.3,92.9294,-1,1,8,92.5,,False,36.574331331867995
21341,3.78,30.457,224.65,723.0479,-1,1,5,94.5,,False,233.999
21350,3.44,31.121,231.56,491.5628,-1,1,6,72.1,,False,74.999
21352,2.244,22.236,168.28,293.1442,-1,1,3,67.9,,False,355.11122222222224
21354,1.5,30.103,223.64,520.2964,-1,2,3,61.8,,False,425.999
21362,1.565,24.857,186.55,365.2016,-1,1,4,69.3,,False,128.999
21365,2.731,27.89,208.67,403.2911,-1,1,4,51.5,,False,83.999
21367,3.771,40.49,297.81,876.5469,-1,1,3,61.1,,False,54.88900000000001
21368,1.27,28.449,211.22,530.2477,-1,1,3,98.7,,False,132.999
21369,3.236,25.414,191.1,347.2566,-1,1,3,71.2,,False,345.999
21372,1.82,34.579,255.33,691.2642,-1,2,3,97.3,,False,273.999
21377,2.25,22.354,169.77,271.1177,-1,1,6,70.4,,False,145.999
21380,0.553,32.439,257.07,141.0131,-1,1,4,70.3,,False,126.999
21385,1.856,27.258,203.39,439.2512,-1,1,3,78.9,,False,343.999
21388,3.861,21.055,159.56,282.9919,-1,1,5,87.0,,False,154.999
21390,0.516,24.687,183.23,528.817,-1,1,5,90.2,,False,187.999
21391,3.122,34.463,254.59,672.3938,-1,2,4,52.5,,False,315.999
21393,0.679,27.944,216.79,187.0063,-1,1,3,46.1,,False,641.999
21395,1.539,23.648,176.23,452.8928,-1,1,3,37.2,,False,249.999
21399,3.819,44.155,324.74,900.8461,-1,3,3,99.9,,False,202.999
21404,2.159,31.467,232.81,621.1867,-1,1,3,98.7,,False,294.999
21408,3.058,29.106,217.23,439.4535,-1,1,6,98.0,,False,93.999
21409,4.473,31.458,232.2,699.0837,-1,2,3,71.8,,False,421.999
21412,2.991,31.425,233.36,529.3588,-1,1,3,77.1,,False,364.999
21413,3.762,45.038,330.59,1020.814,-1,3,3,86.7,,False,261.999
21430,2.077,24.748,184.47,450.9667,-1,1,4,88.0,,False,52.777888888888896
21431,0.429,25.454,192.38,305.0235,-1,1,4,99.5,,False,0.2223333333333244
21434,0.678,19.002,144.84,248.9573,-1,1,6,89.2,,False,35.11122222222221
21436,3.39,38.584,284.42,765.5525,-1,1,5,62.3,,False,56.999
21437,2.657,41.509,325.11,165.039,-1,1,3,97.8,,False,177.999
21438,1.692,34.896,257.23,761.189,-1,4,3,92.5,,False,275.999
21445,2.133,29.295,217.58,523.3143,-1,1,3,38.9,,False,301.999
21448,2.079,27.822,212.96,235.0947,-1,1,3,97.2,,False,235.999
21449,4.523,28.156,209.62,475.2517,-1,1,3,97.6,,False,606.999
21451,0.379,25.003,187.59,369.2255,-1,1,4,90.7,,False,141.999
21465,3.546,24.39,184.83,286.226,-1,1,3,47.3,,False,417.999
21470,0.634,26.775,198.43,566.8983,-1,1,4,74.2,,False,251.999
21471,3.556,39.161,288.64,774.5709,-1,1,4,87.9,,False,147.999
21473,2.546,23.642,177.06,387.035,-1,1,3,72.6,,False,235.999
21474,2.847,38.081,280.38,821.4153,-1,2,4,83.1,,False,393.999
21479,4.543,29.344,218.06,512.2458,-1,2,4,86.3,,False,240.999
21486,1.695,27.044,201.99,425.2575,-1,1,4,76.5,,False,193.999
21487,3.228,33.621,249.12,586.4716,-1,1,4,66.6,,False,304.999
21495,0.443,26.69,200.29,369.097,-1,1,4,83.5,,False,269.999
21500,2.004,22.229,165.32,481.9748,-1,1,5,95.3,,False,131.66677777777775
21516,0.511,26.432,195.61,602.8118,-1,1,8,77.4,,False,75.44455555555557
21520,0.423,24.939,185.26,510.8528,-1,1,5,97.4,,False,160.999
21523,1.719,48.399,383.8,141.0165,-1,1,8,97.6,,False,192.22233333333332
21524,0.999,40.65,335.78,92.9284,-1,1,6,73.2,,False,106.11122222222222
21526,2.951,28.452,209.87,715.0962,-1,1,4,49.5,,False,62.999
21529,2.182,23.385,202.77,63.9904,-1,1,4,86.2,,False,105.999
21537,1.448,35.586,261.99,822.2636,-1,1,5,88.6,,False,152.999
21539,2.561,30.742,227.99,558.2934,-1,1,3,41.0,,False,451.999
21546,4.151,33.203,245.89,598.457,-1,1,3,64.3,,False,383.999
21552,2.917,42.381,311.37,956.6115,-1,1,3,83.4,,False,89.999
21553,0.866,24.787,186.73,330.2361,-1,1,3,63.1,,False,308.999
21555,0.963,20.603,169.09,96.9192,-1,1,4,84.4,,False,109.999
21557,2.17,37.852,286.67,297.1536,-1,1,5,90.6,,False,64.33344444444441
21558,0.685,20.158,164.33,102.9551,-1,1,5,46.5,,False,201.999
21561,0.76,19.415,147.65,260.9919,-1,1,5,95.9,,False,154.999
21566,3.332,35.362,261.08,698.4102,-1,1,6,65.0,,False,110.999
21576,0.246,29.381,217.69,578.2355,-1,2,3,94.9,,False,246.999
21577,0.257,22.327,167.97,339.0765,-1,1,3,63.5,,False,465.999
21579,2.987,26.782,200.83,376.2936,-1,1,4,59.6,,False,100.999
21580,0.715,26.172,195.47,424.1468,-1,1,3,61.4,,False,267.999
21587,3.792,39.821,293.25,817.3874,-1,1,5,79.6,,False,149.7778888888889
21591,3.756,45.919,336.98,1050.8205,-1,2,4,74.9,,False,117.999
21594,1.386,35.977,265.37,737.3597,-1,1,4,97.0,,False,276.999
21595,2.753,30.655,228.55,457.3316,-1,1,3,93.1,,False,185.999
21597,1.372,18.689,146.04,165.1266,-1,1,4,85.6,,False,138.999
21598,0.402,21.938,167.44,244.9669,-1,1,4,51.4,,False,400.999
21600,2.245,31.889,236.1,604.2483,-1,1,4,91.2,,False,198.999
21603,4.151,37.402,275.69,768.0021,-1,1,4,51.5,,False,103.999
21608,2.92,33.939,252.71,483.2508,-1,1,4,80.9,,False,232.999
21610,3.772,46.682,342.23,1149.7019,-1,2,3,79.4,,False,256.999
21615,2.51,29.945,223.03,473.2858,-1,2,5,61.3,,False,176.999
21622,2.348,30.152,224.07,514.2886,-1,1,3,42.1,,False,266.999
21631,4.055,36.366,268.3,724.0613,-1,2,6,63.1,,False,25.19472063466401
21632,2.438,29.431,217.26,688.9859,-1,1,3,96.8,,False,75.999
21634,0.492,18.41,143.74,167.021,-1,1,4,59.8,,False,227.999
21640,1.758,26.304,216.54,94.924,-1,1,4,89.5,,False,178.999
21641,4.03,24.829,188.26,283.2543,-1,1,4,67.9,,False,303.999
21643,2.335,40.77,299.77,905.4523,-1,3,4,94.5,,False,157.999
21644,0.627,13.486,110.45,96.9719,-1,1,3,56.2,,False,211.999
21646,0.238,38.793,284.84,986.3158,-1,2,4,71.7,,False,311.999
21652,1.087,26.009,193.92,449.163,-1,1,3,73.7,,False,163.999
21659,0.544,19.582,149.86,231.0653,-1,1,3,59.3,,False,489.999
21667,1.751,38.804,312.79,116.9728,-1,1,8,94.9,,False,73.54639843745116
21670,2.87,32.555,241.54,552.3321,-1,1,4,59.1,,False,92.999
21675,2.831,33.603,248.85,598.3856,-1,2,4,48.9,,False,370.999
21677,0.399,29.624,221.8,397.0037,-1,1,3,63.1,,False,448.999
21686,2.061,26.032,195.14,379.2836,-1,1,3,39.8,,False,328.999
21693,0.638,30.303,224.97,535.3118,-1,1,4,95.7,,False,76.999
21695,1.002,30.433,225.76,552.2949,-1,2,3,77.5,,False,247.999
21699,1.666,23.409,176.51,321.2052,-1,1,3,64.9,,False,79.999
21704,3.369,34.265,253.26,657.4003,-1,1,7,66.0,,False,125.999
21710,3.089,25.409,191.36,333.2432,-1,1,4,76.3,,False,215.999
21712,0.375,24.039,180.01,389.0909,-1,1,3,67.0,,False,455.999
21715,3.399,22.372,170.68,247.2046,-1,1,3,96.3,,False,335.999
21716,0.355,22.836,172.91,290.1008,-1,1,3,58.9,,False,353.999
21718,4.477,34.112,251.08,825.1141,-1,3,3,82.4,,False,564.999
21721,3.513,28.342,211.82,418.3375,-1,1,4,43.7,,False,151.999
21741,1.174,12.239,100.43,94.9248,-1,1,6,56.5,,False,35.33344444444444
21747,0.819,24.262,180.55,476.9078,-1,1,6,83.2,,False,196.999
21748,3.963,35.833,264.59,697.5099,-1,1,3,40.4,,False,414.999
21752,0.493,14.685,117.9,118.0271,-1,1,4,83.5,,False,432.999
21758,3.518,36.129,266.83,689.5551,-1,1,4,42.8,,False,123.999
21763,1.352,29.344,217.46,575.1397,-1,1,4,96.9,,False,317.999
21764,3.701,30.269,225.07,503.3729,-1,1,4,52.0,,False,167.999
21780,4.27,42.19,310.05,934.6251,-1,2,6,66.0,,False,128.999
21781,3.344,35.72,264.1,652.5158,-1,2,4,74.2,,False,377.999
21783,3.394,21.927,167.28,247.2044,-1,1,3,53.1,,False,220.999
21788,3.425,25.061,189.3,309.2237,-1,1,3,43.4,,False,372.999
21793,0.611,24.784,186.05,362.8982,-1,1,6,56.5,,False,166.999
21795,1.376,28.458,250.05,59.0119,-1,1,7,86.9,,False,2.3334444444444387
21799,3.094,27.45,205.54,394.4599,-1,1,3,92.5,,False,183.999
21802,3.959,37.326,275.15,764.312,-1,1,5,86.3,,False,173.999
21811,2.416,34.954,257.86,727.3148,-1,1,3,90.8,,False,330.999
21823,0.55,34.367,264.35,217.027,-1,1,5,64.1,,False,116.999
21825,3.01,36.529,269.64,710.3695,-1,2,3,75.5,,False,198.999
21833,0.453,28.246,210.04,497.1314,-1,1,3,84.0,,False,148.999
21834,1.99,26.379,197.77,378.2655,-1,1,4,76.9,,False,157.999
21836,0.752,23.546,174.96,502.7792,-1,1,5,82.9,,False,199.999
21838,2.463,33.902,250.56,658.4241,-1,1,4,92.4,,False,326.999
21839,1.23,16.137,125.76,169.9806,-1,1,5,97.8,,False,79.999
21842,0.787,20.715,155.95,330.8983,-1,1,7,91.1,,False,17.66677777777778
21854,0.65,25.139,186.87,498.9029,-1,1,5,72.1,,False,159.22233333333332
21862,1.84,26.323,196.99,399.2393,-1,2,3,77.6,,False,125.999
21863,3.065,35.756,263.7,737.2807,-1,1,3,98.6,,False,314.999
21866,3.372,30.39,225.95,504.3702,-1,1,5,61.3,,False,166.999
21868,3.178,28.038,208.83,469.2518,-1,2,3,96.0,,False,326.999
21872,1.434,34.406,254.16,677.3846,-1,1,4,64.5,,False,273.999
21874,1.074,25.686,191.82,425.1181,-1,1,4,91.5,,False,219.999
21876,0.902,25.049,188.27,351.2179,-1,1,4,97.6,,False,60.000111111111096
21878,2.168,28.12,209.1,498.327,-1,1,3,99.1,,False,146.999
21881,2.496,25.899,191.69,596.9711,-1,1,3,99.3,,False,171.999
21884,2.129,26.355,197.81,366.2259,-1,1,5,85.9,,False,240.999
21898,2.202,18.347,142.5,180.0727,-1,1,3,99.7,,False,397.999
21899,1.194,17.318,151.91,59.0115,-1,1,6,74.1,,False,195.999
21910,2.744,22.645,171.93,273.2321,-1,1,4,64.9,,False,127.999
21914,1.952,22.706,172.64,265.1759,-1,1,4,97.2,,False,158.999
21922,3.157,34.837,257.31,684.3931,-1,1,4,75.8,,False,245.999
21925,2.78,27.904,209.15,382.3017,-1,2,3,89.1,,False,173.999
21926,2.942,35.01,258.94,638.361,-1,1,4,92.1,,False,253.999
21929,1.085,36.507,268.88,801.1396,-1,1,4,66.1,,False,169.999
21936,3.32,30.118,224.24,478.3646,-1,1,3,43.9,,False,190.999
21952,3.29,30.682,227.79,534.3201,-1,1,5,79.3,,False,154.33344444444444
21956,1.484,29.305,217.38,551.1258,-1,2,5,76.4,,False,178.999
21958,1.669,55.194,455.01,94.9227,-1,1,7,98.8,,False,56.26736323940861
21959,3.186,23.337,176.03,318.1346,-1,1,3,97.1,,False,236.999
21962,0.46,20.249,154.25,253.0744,-1,1,3,99.1,,False,584.999
21967,1.688,25.342,190.02,375.2196,-1,1,5,93.3,,False,257.999
21972,0.244,30.422,224.66,675.229,-1,2,3,82.4,,False,265.999
21979,3.988,37.712,277.95,773.1724,-1,1,6,88.6,,False,72.999
21982,1.465,26.9,200.57,451.2416,-1,1,3,68.5,,False,141.999
21983,2.251,24.534,185.31,309.2063,-1,1,4,93.6,,False,146.999
21989,2.561,31.459,233.55,537.222,-1,2,3,90.5,,False,242.999
21994,1.911,46.637,385.33,92.927,-1,1,6,95.1,,False,117.41185243431617
22000,3.662,35.521,262.61,653.4982,-1,1,6,68.5,,False,119.999
22002,4.287,27.796,208.65,366.3736,-1,1,4,73.6,,False,128.11122222222224
22005,3.707,37.292,274.98,751.057,-1,1,5,55.0,,False,201.999
22006,0.639,25.048,187.59,388.9379,-1,1,6,96.6,,False,100.999
22015,3.269,34.671,256.07,684.3952,-1,2,4,80.1,,False,266.999
22017,1.355,24.393,183.74,331.1885,-1,1,5,71.8,,False,139.999
22023,0.503,37.078,283.36,245.049,-1,1,3,90.0,,False,101.999
22027,4.564,29.21,217.09,510.2299,-1,1,4,66.1,,False,218.999
22051,1.319,20.864,158.65,263.0929,-1,1,4,96.8,,False,235.999
22058,1.794,10.502,82.83,141.0168,-1,1,6,66.8,,False,174.202199658753
22059,4.704,30.51,226.31,554.2905,-1,1,3,77.8,,False,317.999
22063,0.282,29.36,215.92,850.391,-1,1,5,80.8,,False,121.999
22065,3.63,42.055,309.01,951.4143,-1,2,3,66.0,,False,305.999
22073,2.617,24.47,184.18,337.2772,-1,1,3,76.8,,False,115.999
22079,4.362,35.351,261.39,649.5083,-1,1,4,58.7,,False,118.999
22081,1.94,32.097,238.45,523.3122,-1,1,4,97.9,,False,233.999
22083,2.021,16.986,136.59,116.9691,-1,1,4,96.7,,False,360.999
22084,3.845,24.073,183.19,261.2599,-1,1,3,95.5,,False,244.999
22086,3.434,38.749,285.61,772.6446,-1,1,6,82.5,,False,165.999
22097,0.925,34.983,269.25,215.0319,-1,1,5,83.2,,False,95.999
22100,2.215,25.928,192.62,511.9633,-1,1,3,89.0,,False,150.999
22106,2.432,38.705,285.18,791.3968,-1,2,3,76.5,,False,81.999
22110,2.602,41.435,310.16,409.2367,-1,1,3,98.0,,False,132.999
22111,2.774,32.003,237.71,524.2868,-1,1,3,56.1,,False,303.999
22115,3.004,21.979,167.27,259.1728,-1,1,3,89.1,,False,136.999
22117,4.415,38.71,285.32,772.6449,-1,1,4,68.9,,False,290.999
22118,2.531,28.525,212.74,449.213,-1,1,3,70.5,,False,188.999
22121,1.912,55.114,437.17,141.0152,-1,1,7,89.3,,False,6.6667777777777815
22129,1.31,22.679,171.35,305.1741,-1,1,3,85.9,,False,368.999
22136,3.582,25.875,195.07,325.184,-1,1,6,78.4,,False,217.999
22138,0.777,19.899,152.98,213.1477,-1,1,4,98.2,,False,114.999
22140,0.56,27.912,209.14,387.0269,-1,1,3,48.5,,False,72.999
22141,3.242,21.815,166.49,245.189,-1,1,3,84.0,,False,252.999
22146,0.584,28.387,220.25,187.0032,-1,1,3,96.9,,False,262.999
22150,3.673,37.21,274.41,749.2734,-1,3,4,72.4,,False,96.22233333333331
22152,0.837,38.876,304.19,167.0196,-1,1,4,94.1,,False,322.999
22154,3.134,44.137,324.0,1022.6392,-1,2,4,52.7,,False,120.999
22157,1.305,5.51,47.88,59.0117,-1,1,3,96.8,,False,157.999
22159,1.778,39.194,322.96,94.9236,-1,1,5,99.1,,False,85.999
22162,3.914,35.045,259.56,599.5171,-1,1,5,71.9,,False,132.999
22165,1.436,32.564,241.1,601.3658,-1,1,3,63.7,,False,107.999
22174,2.004,25.528,191.9,350.2698,-1,1,5,91.4,,False,120.999
22176,0.457,36.166,291.51,116.969,-1,1,3,73.0,,False,189.999
22181,0.612,25.224,189.13,376.0131,-1,3,3,97.8,,False,87.999
22194,3.437,24.695,203.73,93.0683,-1,1,4,85.1,,False,229.999
22195,1.294,31.267,234.67,371.1749,-1,1,4,95.7,,False,230.999
22202,1.717,32.363,239.46,623.2348,-1,1,5,79.4,,False,208.999
22203,3.997,35.497,262.21,680.4754,-1,1,5,93.1,,False,175.999
22207,1.72,25.949,194.86,361.1659,-1,1,3,78.8,,False,122.999
22216,2.211,26.08,205.21,153.0036,-1,1,3,97.1,,False,351.999
22221,2.878,23.224,171.95,580.9639,-1,1,5,89.7,,False,191.999
22229,1.325,23.443,184.4,153.017,-1,1,3,99.5,,False,207.999
22230,0.564,21.141,160.89,258.8459,-1,1,6,63.9,,False,155.999
22232,3.162,42.413,311.59,965.4486,-1,2,3,88.1,,False,272.999
22240,0.375,31.243,231.39,595.3238,-1,2,3,100.0,,False,146.999
22244,1.229,17.793,135.17,264.852,-1,1,3,76.0,,False,153.999
22245,1.734,8.859,70.83,118.9671,-1,1,7,85.1,,False,61.03897377293015
22248,1.671,18.186,138.12,266.833,-1,1,4,93.3,,False,192.999
22249,0.634,24.192,182.0,341.2344,-1,1,5,80.5,,False,265.999
22250,3.768,28.954,216.88,391.3218,-1,1,3,83.6,,False,192.999
22256,2.301,40.51,300.23,589.0119,-1,1,4,51.9,,False,264.33344444444447
22257,0.4,31.426,240.1,244.9642,-1,1,3,75.9,,False,386.999
22259,0.639,25.369,187.9,578.7662,-1,1,5,76.5,,False,167.999
22261,3.446,23.319,174.61,388.0376,-1,1,3,80.8,,False,207.999
22264,2.648,31.115,231.8,470.3569,-1,1,3,72.8,,False,176.999
22266,0.279,26.318,194.29,678.5079,-1,1,6,97.6,,False,117.999
22271,3.05,31.642,234.88,539.3708,-1,1,4,66.4,,False,81.999
22272,3.195,31.911,236.38,589.3372,-1,1,3,75.7,,False,129.999
22289,2.069,30.151,224.04,514.3513,-1,1,3,42.1,,False,201.999
22292,1.788,23.433,174.3,483.9502,-1,1,4,93.0,,False,173.999
22301,2.33,36.287,267.29,799.2627,-1,2,3,98.7,,False,235.999
22303,0.68,32.698,255.75,167.0186,-1,1,4,82.1,,False,285.999
22304,3.73,31.877,236.1,590.3513,-1,1,3,97.8,,False,223.999
22307,3.752,32.067,238.93,467.3792,-1,2,3,54.4,,False,469.999
22314,2.725,43.693,329.23,339.1974,-1,1,4,85.3,,False,269.999
22317,2.179,26.595,199.91,352.2573,-1,1,3,97.0,,False,276.999
22321,2.499,32.375,239.66,609.3042,-1,2,4,84.7,,False,102.999
22322,2.683,29.248,218.76,410.2035,-1,1,3,93.9,,False,249.999
22325,1.948,30.824,228.3,591.314,-1,1,5,78.5,,False,53.999
22326,3.194,27.846,207.75,443.1042,-1,1,3,80.4,,False,162.999
22327,1.699,16.132,132.57,94.9234,-1,1,4,70.6,,False,142.999
22329,0.407,22.534,168.2,426.851,-1,1,5,74.4,,False,150.999
22331,3.88,37.285,274.94,751.9594,-1,1,6,68.7,,False,42.777888888888896
22338,2.887,32.371,240.09,559.327,-1,1,4,85.3,,False,172.999
22341,4.022,27.179,202.87,435.1505,-1,1,4,70.3,,False,255.999
22342,0.442,25.68,191.76,427.0566,-1,1,4,81.4,,False,70.999
22343,4.054,37.109,273.55,763.077,-1,3,5,68.4,,False,50.88899999999998
22346,3.879,35.33,261.19,653.5226,-1,1,4,61.9,,False,172.999
22347,0.636,25.098,186.38,518.8087,-1,1,7,99.8,,False,78.999
22348,2.005,29.239,217.59,486.3169,-1,1,4,87.9,,False,185.999
22351,1.635,31.115,230.48,590.2444,-1,1,5,82.4,,False,164.999
22355,3.138,30.266,224.91,514.3604,-1,2,5,47.9,,False,225.999
22360,1.328,23.677,178.4,327.2207,-1,1,3,59.3,,False,179.999
22363,2.61,17.63,132.64,330.9791,-1,1,7,91.9,,False,114.22233333333332
22367,2.659,26.479,200.81,283.2422,-1,1,3,93.1,,False,312.999
22370,4.479,28.726,214.12,458.3023,-1,1,4,78.5,,False,137.999
22374,4.293,27.881,208.27,425.1112,-1,1,4,79.3,,False,132.999
22383,2.345,32.487,240.42,616.3146,-1,2,3,68.5,,False,475.999
22386,2.85,23.464,178.97,249.22,-1,1,3,91.7,,False,316.999
22387,2.395,28.955,216.01,445.217,-1,1,3,83.9,,False,243.999
22391,2.064,28.078,209.5,442.2637,-1,1,4,80.6,,False,232.999
22392,2.208,31.221,231.45,570.2809,-1,1,3,65.5,,False,262.999
22409,0.614,18.701,142.41,252.9789,-1,1,4,81.0,,False,116.999
22411,3.191,22.65,172.27,263.2003,-1,1,6,67.6,,False,112.92947620490227
22416,1.293,35.822,264.35,719.2002,-1,2,3,99.0,,False,90.999
22420,1.451,26.042,195.38,370.2679,-1,1,3,69.1,,False,148.999
22426,3.896,28.727,214.56,428.3694,-1,1,3,71.3,,False,196.999
22430,4.781,37.621,277.64,720.5396,-1,2,3,93.7,,False,471.999
22431,4.347,41.102,302.46,859.6293,-1,1,4,43.4,,False,208.999
22432,0.352,23.498,180.8,212.0892,-1,1,4,69.0,,False,165.999
22434,2.115,22.408,166.66,482.9404,-1,1,5,95.6,,False,295.999
22436,3.265,34.238,253.04,660.3882,-1,2,5,77.8,,False,194.999
22437,2.751,33.66,248.72,664.3516,-1,2,3,84.2,,False,267.999
22442,3.862,23.148,171.38,580.9648,-1,1,6,79.3,,False,210.999
22443,2.745,24.899,188.08,309.169,-1,1,4,96.6,,False,278.999
22444,1.151,30.741,230.75,370.1758,-1,1,3,78.8,,False,340.999
22448,0.784,27.042,200.4,568.8956,-1,1,4,53.7,,False,177.999
22449,1.338,32.898,243.4,624.3469,-1,2,4,53.5,,False,245.999
22456,2.874,19.65,150.04,241.0212,-1,1,3,88.7,,False,204.999
22459,0.314,28.028,207.49,598.9562,-1,1,4,96.5,,False,255.999
22462,1.577,24.308,182.89,340.258,-1,1,5,88.5,,False,135.999
22464,1.62,41.745,336.57,116.9688,-1,1,3,99.0,,False,280.999
22474,0.612,25.62,191.53,412.1429,-1,1,3,96.2,,False,193.999
22482,2.0,34.446,284.47,92.9247,-1,1,4,89.4,,False,218.999
22485,3.173,35.114,259.21,702.4064,-1,2,4,75.7,,False,254.999
22493,1.446,28.852,214.37,516.2963,-1,1,3,95.2,,False,92.999
22499,2.441,34.012,251.61,631.3894,-1,2,3,75.2,,False,326.999
22503,1.602,22.076,167.77,267.1971,-1,1,4,77.8,,False,178.999
22513,1.211,31.9,236.28,593.1913,-1,1,3,98.0,,False,257.999
22522,2.947,34.576,256.25,580.3704,-1,1,4,64.6,,False,92.999
22525,0.558,25.315,195.34,203.054,-1,1,4,88.9,,False,130.999
22534,0.882,13.013,106.82,94.9247,-1,1,8,70.9,,False,12.050707970087387
22535,2.877,28.853,220.02,253.2169,-1,1,3,98.0,,False,383.999
22536,3.354,34.344,254.07,630.4458,-1,3,5,71.5,,False,104.999
22537,1.868,27.7,206.17,481.2258,-1,1,3,89.6,,False,375.999
22538,1.636,33.275,263.7,141.0168,-1,1,6,96.6,,False,131.999
22543,0.691,27.219,201.12,650.816,-1,1,6,87.3,,False,62.999
22551,2.412,22.417,170.95,249.2216,-1,1,5,93.1,,False,236.999
22555,0.539,29.776,221.17,523.2218,-1,2,3,99.7,,False,89.999
22562,0.893,23.215,175.07,320.1223,-1,1,3,99.2,,False,180.999
22580,2.953,34.548,255.54,634.3765,-1,2,3,65.9,,False,320.999
22581,0.859,30.035,222.65,569.0939,-1,1,4,53.9,,False,339.999
22584,2.752,23.984,177.18,644.9622,-1,1,7,99.1,,False,185.999
22590,0.966,10.469,91.56,59.0127,-1,1,8,49.0,,False,94.55566666666667
22597,2.05,25.559,191.62,377.2675,-1,1,3,47.4,,False,213.999
22603,2.369,22.822,169.0,574.9743,-1,1,5,76.3,,False,65.11122222222221
22604,2.306,30.816,229.4,482.2267,-1,1,4,83.5,,False,199.999
22609,1.982,21.594,164.79,245.114,-1,1,4,90.8,,False,189.999
22615,0.612,23.126,171.71,516.783,-1,1,5,79.4,,False,82.999
22617,2.026,32.104,237.44,635.1772,-1,2,3,86.1,,False,281.999
22619,1.982,34.365,252.35,966.9811,-1,1,3,66.6,,False,158.999
22621,0.376,31.077,452.88,1014.9827,-2,3,3,85.2,,False,116.999
22624,1.301,24.76,185.29,397.2015,-1,2,3,92.5,,False,493.999
22627,2.913,31.158,231.04,561.3236,-1,1,3,84.5,,False,246.999
22630,2.052,14.493,114.87,135.969,-1,1,5,68.5,,False,153.999
22633,3.536,38.469,283.16,836.3705,-1,1,4,96.6,,False,122.999
22641,4.706,29.762,222.04,446.2231,-1,1,3,86.5,,False,126.999
22655,0.451,10.81,82.81,215.0317,-1,1,3,63.1,,False,410.999
22656,0.933,25.893,194.35,365.1446,-1,2,4,85.1,,False,236.999
22657,4.437,41.391,304.5,877.622,-1,1,3,53.6,,False,230.999
22660,1.243,31.896,235.68,663.1092,-1,1,5,92.9,,False,120.999
22669,1.463,34.224,282.62,92.9255,-1,1,7,89.9,,False,61.44455555555557
22670,0.726,24.611,183.03,488.8895,-1,1,8,78.8,,False,84.63603872361669
22671,2.621,27.86,205.92,642.9521,-1,1,4,97.8,,False,149.999
22673,0.497,31.184,230.98,587.3149,-1,1,4,95.4,,False,128.6667777777778
22674,2.64,25.468,191.69,338.3875,-1,1,4,80.6,,False,275.999
22685,3.829,44.741,328.67,976.7313,-1,2,5,67.9,,False,165.999
22690,4.458,47.199,346.24,1094.8763,-1,2,4,85.1,,False,96.999
22693,2.646,24.929,188.01,321.2814,-1,1,3,82.5,,False,227.999
22700,3.083,20.467,156.14,246.0281,-1,1,6,67.7,,False,120.999
22715,0.547,34.917,286.98,96.921,-1,1,7,76.3,,False,162.999
22717,2.722,24.897,206.48,89.0217,-1,1,3,97.3,,False,389.999
22719,0.686,13.797,109.33,135.8925,-1,1,7,91.5,,False,77.999
22720,1.095,26.498,197.41,462.9756,-1,3,3,99.5,,False,170.999
22726,2.355,25.638,196.57,227.0904,-1,1,3,76.6,,False,281.999
22731,1.509,29.609,231.53,167.0191,-1,1,4,77.3,,False,91.999
22732,3.311,31.204,231.77,526.3342,-1,1,3,62.4,,False,236.999
22735,2.058,10.874,87.22,116.9705,-1,1,5,60.3,,False,45.11122222222224
22736,3.628,32.903,243.36,633.3704,-1,2,3,54.7,,False,337.999
22737,2.489,41.953,308.11,982.5038,-1,2,4,95.8,,False,233.999
22740,0.881,27.707,207.12,415.215,-1,1,4,88.8,,False,169.999
22741,0.678,8.729,71.27,96.9207,-1,1,4,58.9,,False,228.999
22758,3.152,26.044,195.35,373.1837,-1,1,3,93.7,,False,253.999
22767,1.894,29.638,220.25,513.2571,-1,1,4,67.4,,False,278.999
22769,3.678,25.542,190.29,461.0524,-1,1,4,86.4,,False,66.999
22770,0.581,36.172,315.55,61.9853,-1,1,5,99.6,,False,50.999
22771,0.493,21.432,162.75,271.1163,-1,1,4,99.3,,False,89.999
22774,1.436,20.877,160.36,217.0023,-1,1,6,80.5,,False,140.999
22775,3.973,38.571,284.29,772.6525,-1,1,4,43.7,,False,298.999
22782,3.198,32.454,240.51,578.3548,-1,2,3,58.7,,False,270.999
22783,0.828,30.31,225.03,533.299,-1,2,4,100.0,,False,402.999
22788,1.622,27.19,203.82,381.1719,-1,1,4,98.4,,False,229.999
22794,2.089,36.091,266.49,693.4538,-1,2,3,54.2,,False,60.33344444444447
22804,3.369,20.371,155.99,229.108,-1,1,6,79.7,,False,123.999
22813,1.587,34.708,275.07,141.0165,-1,1,7,58.3,,False,25.77788888888888
22814,1.244,29.875,233.61,167.0204,-1,1,3,73.7,,False,243.999
22816,1.678,28.758,214.91,420.3193,-1,1,3,93.9,,False,224.999
22823,0.655,32.023,243.95,260.0276,-1,1,3,84.9,,False,143.999
22825,4.155,45.477,333.82,1028.8219,-1,1,6,56.9,,False,7.889000000000003
22826,0.273,25.084,185.57,606.7807,-1,1,4,82.8,,False,204.999
22830,2.302,34.019,251.12,700.2798,-1,1,4,98.9,,False,267.999
22831,1.851,26.421,217.51,94.9233,-1,1,4,93.0,,False,222.999
22836,2.203,35.685,261.65,1091.979,-1,1,4,63.7,,False,121.999
22837,0.568,15.023,115.3,215.0277,-1,1,4,77.9,,False,211.999
22840,1.39,47.036,387.67,94.9245,-1,1,8,81.7,,False,60.001599872432394
22841,0.597,36.207,278.67,215.0332,-1,1,4,60.4,,False,369.999
22846,1.383,23.043,171.86,438.8138,-1,1,3,79.4,,False,640.999
22859,2.967,32.679,242.21,576.4288,-1,1,3,44.7,,False,402.999
22864,4.482,42.324,311.09,932.6437,-1,1,4,70.0,,False,419.999
22880,1.102,27.041,202.07,419.2641,-1,1,3,76.9,,False,225.999
22884,4.099,26.677,200.16,370.3395,-1,1,5,76.8,,False,302.999
22885,0.532,40.755,313.75,215.0318,-1,1,5,84.6,,False,108.999
22892,4.761,34.958,258.04,705.4162,-1,2,3,82.4,,False,224.999
22893,0.376,28.802,221.76,211.9981,-1,1,3,77.7,,False,220.999
22901,0.607,32.088,237.76,583.2599,-1,1,5,74.8,,False,81.999
22903,0.869,19.133,167.9,59.013,-1,1,4,77.9,,False,248.999
22905,2.903,31.954,237.34,526.2961,-1,1,3,85.5,,False,225.999
22912,1.681,26.528,199.09,367.2511,-1,1,4,58.4,,False,107.999
22917,2.928,28.481,212.78,423.2577,-1,1,3,99.5,,False,218.999
22919,1.941,21.608,164.94,244.199,-1,1,4,48.8,,False,114.999
22922,2.218,29.988,222.73,525.2437,-1,1,3,76.1,,False,353.999
22923,3.66,34.969,258.93,605.3819,-1,2,3,65.7,,False,229.999
22927,1.344,31.683,234.1,663.1092,-1,1,4,96.7,,False,129.999
22938,3.934,37.128,273.79,749.0832,-1,2,5,92.5,,False,115.19423109883621
22939,3.969,29.128,217.49,432.3938,-1,1,4,71.4,,False,191.999
22941,0.899,26.36,194.97,616.8202,-1,1,6,74.2,,False,199.999
22949,2.961,31.405,233.62,496.3738,-1,1,3,78.3,,False,255.999
22951,1.066,32.952,243.76,631.1663,-1,2,3,61.8,,False,240.999
22953,0.608,24.607,184.61,368.9735,-1,1,6,84.2,,False,153.999
22954,2.759,33.621,249.03,593.4133,-1,1,3,47.2,,False,159.999
22969,1.199,27.876,208.45,411.185,-1,1,3,80.3,,False,264.999
22970,1.54,9.942,78.37,141.0155,-1,1,6,61.4,,False,106.999
22974,2.372,27.634,206.87,396.1525,-1,1,3,77.9,,False,141.999
22975,0.742,35.594,273.96,215.0332,-1,1,5,97.7,,False,212.999
22978,0.749,20.565,158.67,201.0264,-1,1,4,97.4,,False,166.999
22980,1.44,32.129,238.12,577.3609,-1,1,3,54.5,,False,252.999
22983,2.181,25.264,189.78,356.2885,-1,1,3,44.0,,False,237.999
22986,1.96,25.143,188.85,357.1399,-1,1,3,72.0,,False,258.999
22994,1.305,24.894,186.94,359.1716,-1,1,3,75.4,,False,144.999
22996,4.007,37.5,276.43,766.8247,-1,2,6,48.5,,False,29.777888888888896
22997,4.347,33.599,248.86,594.1327,-1,1,3,62.0,,False,147.999
22998,2.712,39.294,296.03,339.2014,-1,1,3,91.6,,False,146.999
23002,2.309,26.638,197.74,530.0023,-1,1,4,89.7,,False,274.999
23003,1.79,45.269,364.43,118.9665,-1,1,8,87.2,,False,28.362488244060557
23004,0.371,27.344,209.94,222.0292,-1,1,3,61.5,,False,92.999
23009,1.314,33.499,247.33,693.2103,-1,1,4,75.8,,False,107.999
23016,1.451,28.206,210.11,467.2669,-1,1,3,84.5,,False,278.999
23023,2.23,23.189,172.06,531.1168,-1,2,5,43.5,,False,244.33344444444444
23033,1.189,22.395,196.64,59.0129,-1,1,6,84.7,,False,71.999
23034,0.874,16.151,125.98,168.022,-1,1,3,81.1,,False,166.999
23038,1.585,19.8,152.22,213.1011,-1,1,3,88.7,,False,72.999
23042,1.638,27.5,206.53,361.2762,-1,1,3,86.4,,False,245.999
23047,3.099,30.071,228.18,281.2468,-1,1,3,95.4,,False,563.999
23051,3.895,37.882,279.21,773.6875,-1,1,3,57.6,,False,111.999
23053,0.575,3.305,26.04,118.9673,-1,1,4,99.7,,False,92.7778888888889
23055,1.493,23.409,174.53,444.8798,-1,1,7,80.4,,False,54.999
23064,0.386,16.277,127.42,160.0402,-1,1,3,99.6,,False,49.999
23066,1.845,34.238,253.45,613.2501,-1,1,3,66.3,,False,251.999
23068,2.165,30.254,224.72,523.3664,-1,1,5,78.9,,False,216.999
23070,1.452,30.089,222.73,604.2409,-1,1,4,87.9,,False,233.999
23074,4.736,33.188,245.69,609.4332,-1,1,3,81.6,,False,168.999
23075,3.616,29.103,217.75,405.3668,-1,1,3,62.8,,False,319.999
23078,0.431,24.996,185.77,502.858,-1,1,4,68.4,,False,127.999
23081,0.813,27.761,205.2,640.8605,-1,1,5,75.4,,False,156.999
23101,4.177,43.628,320.47,978.6635,-1,3,3,80.1,,False,256.999
23106,2.305,26.468,198.6,369.2036,-1,1,3,54.0,,False,16.222333333333324
23108,3.114,30.494,227.47,449.3992,-1,1,3,54.2,,False,187.999
23109,1.373,23.743,178.97,324.2285,-1,1,3,79.2,,False,140.999
23110,0.838,24.134,211.95,59.0129,-1,1,5,88.4,,False,234.999
23118,3.181,39.714,292.5,808.595,-1,3,3,88.3,,False,437.999
23130,1.685,16.943,133.98,141.0133,-1,1,6,85.6,,False,30.555666666666653
23136,0.623,2.853,22.99,92.9267,-1,1,3,85.7,,False,209.999
23138,0.519,21.58,164.42,253.142,-1,1,4,85.2,,False,156.22233333333332
23142,0.506,25.462,190.72,387.0288,-1,1,3,83.0,,False,214.999
23146,0.573,29.223,216.96,531.2584,-1,1,4,97.5,,False,175.999
23151,2.004,17.817,134.06,330.8748,-1,1,4,73.0,,False,255.999
23152,1.016,23.676,178.67,315.2156,-1,1,3,86.8,,False,328.999
23156,4.663,30.863,228.79,568.2703,-1,1,3,55.5,,False,233.999
23160,2.471,26.08,195.03,408.1613,-1,1,3,46.5,,False,343.999
23163,4.567,30.083,223.36,532.2677,-1,1,3,46.9,,False,164.999
23175,2.584,31.54,233.42,614.9684,-1,1,3,55.8,,False,138.999
23181,4.317,31.309,232.36,544.3777,-1,1,3,75.2,,False,200.999
23190,0.576,24.867,186.67,362.8967,-1,1,6,85.3,,False,163.999
23198,1.78,28.991,215.68,491.2371,-1,1,4,75.6,,False,143.999
23199,2.54,18.636,139.67,368.9759,-1,1,4,99.2,,False,185.999
23200,3.139,24.447,184.46,317.2482,-1,1,4,48.7,,False,92.999
23204,2.179,39.734,292.98,756.5574,-1,2,6,58.5,,False,170.999
23205,3.254,34.814,257.65,619.2199,-1,1,3,84.0,,False,287.999
23208,3.667,37.468,276.19,766.7246,-1,1,6,66.7,,False,119.999
23213,1.719,32.021,236.81,637.1733,-1,1,4,85.8,,False,117.999
23214,2.02,27.51,205.4,431.245,-1,1,3,46.5,,False,195.999
23216,1.513,7.427,60.85,92.9256,-1,1,6,86.0,,False,110.4066159120164
23217,1.364,35.436,261.14,773.177,-1,1,5,82.0,,False,150.999
23218,0.948,21.928,192.52,59.0121,-1,1,3,55.1,,False,451.999
23220,3.912,25.876,191.0,680.9586,-1,1,3,72.3,,False,283.999
23223,1.487,30.023,222.98,525.3103,-1,1,3,93.5,,False,235.999
23234,3.86,35.038,256.46,1244.9346,-1,1,3,59.5,,False,222.999
23256,2.367,29.618,220.51,478.3616,-1,1,3,77.3,,False,335.999
23262,0.531,21.674,164.21,285.0771,-1,1,4,86.4,,False,296.999
23266,2.417,26.722,200.59,365.1995,-1,1,4,59.1,,False,215.999
23268,2.831,30.585,224.44,990.9537,-1,1,3,70.5,,False,189.999
23269,3.7,33.199,245.82,601.2282,-1,1,4,88.9,,False,73.11122222222224
23282,1.758,24.327,183.23,331.2501,-1,1,4,91.6,,False,82.999
23287,0.137,15.564,122.11,154.9452,-1,1,3,52.1,,False,260.999
23290,4.474,36.683,271.24,650.6402,-1,1,4,90.4,,False,51.777888888888896
23291,0.918,45.212,353.83,167.0196,-1,1,3,87.3,,False,300.999
23296,4.464,34.877,257.74,663.423,-1,1,3,68.6,,False,193.999
23302,3.761,39.745,292.69,818.3824,-1,1,3,49.2,,False,250.999
23309,3.271,22.721,172.39,277.1466,-1,1,3,98.0,,False,19.11122222222224
23313,0.623,20.352,154.52,271.0055,-1,1,3,77.4,,False,276.999
23320,0.396,29.969,228.94,244.9647,-1,1,3,98.4,,False,300.999
23324,4.164,41.119,302.33,905.5765,-1,2,4,59.2,,False,220.999
23326,0.337,24.486,183.77,364.975,-1,1,3,78.5,,False,147.999
23333,2.138,30.333,225.51,504.3449,-1,1,4,52.1,,False,194.999
23334,0.622,13.544,106.62,146.9063,-1,1,3,85.0,,False,273.999
23336,3.751,37.717,278.38,715.5197,-1,1,5,54.5,,False,169.999
23337,3.093,43.877,322.24,987.6506,-1,2,4,84.9,,False,302.999
23341,0.315,26.327,194.58,638.7926,-1,1,4,72.1,,False,137.999
23342,2.176,22.454,187.78,82.9589,-1,1,5,89.1,,False,173.999
23352,4.282,21.829,165.1,297.0464,-1,1,3,76.6,,False,289.999
23353,1.324,23.048,174.26,300.2274,-1,1,3,57.4,,False,251.999
23357,1.874,12.583,103.53,92.927,-1,1,4,64.3,,False,82.55566666666667
23358,2.112,30.789,228.3,563.2246,-1,1,4,80.4,,False,124.999
23364,1.064,46.707,370.4,141.0156,-1,1,5,82.9,,False,183.33344444444447
23365,2.96,34.373,254.02,664.386,-1,2,5,52.4,,False,95.999
23371,3.04,24.563,182.16,545.998,-1,1,4,91.3,,False,226.999
23374,3.66,25.097,188.29,369.1708,-1,1,4,79.1,,False,215.999
23377,0.814,6.985,52.24,328.9837,-1,1,3,88.4,,False,194.7778888888889
23383,2.453,34.735,256.47,695.3037,-1,1,3,69.7,,False,231.999
23390,3.541,32.705,242.86,533.9504,-1,1,4,56.7,,False,79.999
23395,3.778,29.727,222.47,403.3573,-1,1,3,65.7,,False,51.999
23405,2.699,22.732,168.29,580.9656,-1,1,5,93.5,,False,202.999
23409,1.33,31.909,236.74,551.1911,-1,1,3,75.6,,False,166.999
23410,1.774,24.653,185.51,340.249,-1,1,3,97.5,,False,119.88899999999998
23421,2.398,23.084,171.33,524.9881,-1,1,3,72.2,,False,338.0001111111111
23425,1.306,27.541,206.28,390.2748,-1,1,3,99.4,,False,293.999
23428,1.24,19.72,148.36,334.8947,-1,1,6,72.7,,False,133.999
23434,3.21,33.43,248.99,477.3951,-1,1,3,98.5,,False,153.999
23440,3.422,23.126,173.14,389.0347,-1,1,3,75.2,,False,184.999
23443,1.275,24.938,186.25,423.149,-1,1,4,63.4,,False,175.999
23451,0.711,27.466,216.03,154.0614,-1,1,5,97.0,,False,208.999
23452,2.623,42.586,312.97,943.5866,-1,2,3,91.8,,False,247.999
23453,1.445,25.315,189.55,391.2181,-1,1,3,72.3,,False,134.999
23459,1.094,34.498,257.83,425.1167,-1,1,3,68.8,,False,146.999
23468,2.662,32.426,240.19,592.3268,-1,1,4,47.1,,False,193.999
23479,1.36,25.156,188.21,401.2054,-1,1,3,61.1,,False,127.999
23481,1.931,31.379,232.9,542.3175,-1,1,3,71.6,,False,174.999
23485,2.457,27.202,203.87,383.2416,-1,1,3,78.7,,False,206.999
23487,1.305,32.103,237.13,675.1913,-1,1,3,75.3,,False,63.999
23496,1.043,27.673,206.93,411.1815,-1,2,3,76.9,,False,160.999
23502,1.054,14.788,114.12,195.81,-1,1,4,70.3,,False,168.999
23505,2.498,30.696,227.65,559.2069,-1,1,5,87.9,,False,120.999
23507,1.454,26.442,198.07,387.2241,-1,1,3,93.2,,False,243.999
23511,3.39,38.341,282.82,740.5356,-1,1,3,61.8,,False,223.999
23523,3.754,32.139,238.92,509.3365,-1,1,3,89.2,,False,181.999
23525,4.342,36.364,268.63,679.5562,-1,1,3,41.6,,False,325.999
23529,4.25,19.695,150.98,224.0281,-1,2,5,63.3,,False,177.33344444444447
23536,2.285,33.868,250.28,664.2729,-1,1,3,78.5,,False,228.999
23539,0.357,23.774,178.45,362.8961,-1,1,4,78.6,,False,152.999
23549,1.357,19.325,145.81,310.8354,-1,1,3,93.2,,False,194.999
23550,3.339,39.589,291.53,817.1435,-1,1,4,70.9,,False,158.999
23553,2.086,24.005,180.65,338.1742,-1,1,3,74.1,,False,207.999
23555,4.233,35.708,263.62,699.6658,-1,3,4,62.9,,False,7.888999999999982
23559,2.372,30.684,228.24,496.337,-1,1,4,97.4,,False,129.999
23567,1.866,26.825,199.98,453.257,-1,1,3,59.5,,False,131.999
23571,2.724,44.761,328.39,1067.6275,-1,2,3,86.0,,False,236.999
23580,2.74,44.069,323.67,984.6666,-1,2,5,44.0,,False,64.999
23587,0.413,27.224,202.92,455.2348,-1,1,3,80.0,,False,123.999
23589,4.606,40.454,297.96,808.6728,-1,2,3,86.7,,False,349.999
23596,0.377,57.728,479.58,89.0226,-1,1,4,63.8,,False,129.999
23608,2.044,22.863,173.36,281.2105,-1,1,3,60.3,,False,183.999
23615,0.245,24.565,179.67,1236.4961,-1,2,3,44.6,,False,244.999
23616,3.232,25.603,191.74,390.1501,-1,1,3,77.2,,False,99.999
23617,0.901,19.739,148.51,334.8948,-1,1,5,92.0,,False,162.999
23620,4.036,37.715,277.95,775.0212,-1,1,5,49.1,,False,135.71137381033617
23632,0.624,24.715,185.52,363.2168,-1,1,3,76.8,,False,261.999
23634,3.193,35.238,260.15,700.3952,-1,3,4,52.5,,False,269.999
23637,0.276,31.302,229.74,984.2813,-1,1,5,96.7,,False,57.999
23643,0.366,22.753,200.36,57.9739,-1,1,3,79.4,,False,320.999
23647,1.997,28.611,212.86,489.264,-1,1,3,93.5,,False,133.999
23649,2.019,29.792,221.09,540.1757,-1,1,4,92.8,,False,182.999
23650,2.255,23.016,196.53,71.0123,-1,1,3,75.5,,False,143.999
23651,0.576,24.767,183.56,560.738,-1,1,6,84.2,,False,113.999
23652,4.178,37.272,274.82,751.8588,-1,1,5,52.4,,False,186.999
23656,4.366,35.367,261.15,695.4183,-1,1,3,68.4,,False,149.999
23663,3.469,39.193,288.41,855.3241,-1,3,3,80.9,,False,205.999
23667,1.36,25.053,188.2,356.2513,-1,1,4,90.3,,False,99.999
23678,4.027,36.374,268.09,771.3136,-1,1,4,97.8,,False,96.999
23680,1.588,25.551,191.62,374.2025,-1,1,3,58.0,,False,116.999
23683,2.562,29.045,217.06,420.3571,-1,1,3,73.2,,False,132.999
23684,0.886,25.035,188.05,357.2647,-1,1,4,99.5,,False,228.999
23687,2.942,33.356,246.8,624.3965,-1,1,3,64.5,,False,277.999
23690,1.692,8.842,70.84,116.973,-1,1,3,93.4,,False,198.999
23694,0.249,27.08,208.18,216.9083,-1,1,4,88.6,,False,179.999
23701,2.159,15.561,122.08,154.9454,-1,1,5,82.1,,False,153.999
23703,1.398,30.165,224.37,497.2779,-1,1,3,96.0,,False,153.999
23706,2.575,30.619,227.27,539.3343,-1,1,4,75.7,,False,162.999
23710,0.727,30.936,254.19,96.9211,-1,1,7,73.6,,False,165.999
23714,0.279,25.355,187.49,622.5433,-1,1,5,98.2,,False,105.999
23717,2.309,21.432,161.68,315.0473,-1,1,3,44.9,,False,187.999
23719,4.624,31.54,234.13,539.4323,-1,1,3,89.6,,False,124.999
23721,3.453,32.351,240.93,477.3592,-1,1,3,98.8,,False,178.999
23727,1.105,23.539,177.26,332.1583,-1,1,4,53.7,,False,269.999
23728,0.887,25.376,187.79,600.7854,-1,1,6,96.5,,False,98.999
23740,0.806,20.105,152.86,263.0024,-1,1,5,66.5,,False,85.999
23741,3.707,45.341,332.82,1026.8243,-1,1,3,97.0,,False,135.999
23742,3.201,26.082,195.56,376.2983,-1,1,3,94.7,,False,229.999
23743,3.503,45.695,335.33,1056.7208,-1,1,3,76.1,,False,321.999
23747,3.813,40.681,299.44,844.858,-1,3,3,52.5,,False,144.999
23750,3.492,26.316,196.97,397.2586,-1,1,4,76.5,,False,268.999
23758,1.284,35.875,264.54,749.1823,-1,1,3,73.4,,False,179.999
23761,0.824,19.65,160.68,99.9552,-1,1,5,96.6,,False,18.88899999999998
23770,0.665,17.655,136.71,188.0091,-1,1,4,91.3,,False,251.999
23771,3.736,37.167,812.17,762.895,-3,2,3,45.3,,False,198.999
23772,0.482,24.861,186.27,383.1561,-1,1,3,72.0,,False,161.999
23775,3.524,28.977,215.93,463.3421,-1,1,3,50.0,,False,78.88900000000001
23777,4.594,34.644,256.4,620.5016,-1,2,3,70.5,,False,221.999
23778,1.473,31.345,231.75,643.1389,-1,1,3,90.8,,False,188.999
23781,1.189,7.94,64.98,94.9256,-1,1,7,90.8,,False,82.47510092098315
23784,1.964,27.026,202.25,400.2757,-1,1,4,83.5,,False,173.999
23791,1.562,24.362,181.3,476.907,-1,1,6,87.9,,False,103.999
23792,3.918,29.033,216.54,448.3529,-1,1,3,88.1,,False,363.11122222222224
23795,3.527,33.834,250.24,638.3912,-1,1,4,58.3,,False,150.999
23798,3.901,26.686,199.93,387.2508,-1,1,3,88.1,,False,183.999
23801,3.285,26.996,201.96,404.2649,-1,1,3,62.0,,False,288.55566666666664
23811,3.914,33.213,245.81,617.4017,-1,1,3,55.2,,False,92.999
23812,2.586,29.295,217.96,490.2941,-1,1,3,97.8,,False,128.999
23818,3.159,36.877,271.62,799.3252,-1,1,4,70.5,,False,239.999
23823,3.599,31.373,232.91,537.3108,-1,1,3,96.1,,False,351.999
23832,0.599,20.537,157.41,225.1109,-1,1,4,99.7,,False,179.999
23834,0.823,28.223,208.4,674.8613,-1,1,8,62.6,,False,54.999
23837,0.915,31.161,243.71,167.0198,-1,1,3,86.2,,False,255.999
23846,1.284,31.875,239.26,370.1798,-1,1,3,99.6,,False,302.999
23847,0.901,29.087,217.06,441.2576,-1,1,4,69.7,,False,115.999
23848,3.341,34.248,253.62,600.4325,-1,1,3,86.9,,False,131.999
23851,1.878,28.772,213.83,511.2379,-1,1,3,61.2,,False,111.999
23856,2.687,23.213,175.91,285.3501,-1,1,3,47.2,,False,336.999
23862,4.001,34.819,257.57,634.4891,-1,1,3,84.5,,False,304.999
23863,1.608,18.221,140.48,202.0246,-1,1,6,81.0,,False,78.999
23864,1.793,28.005,208.81,452.2663,-1,1,4,91.6,,False,119.999
23872,3.641,24.775,183.59,564.9754,-1,1,4,98.8,,False,73.999
23878,2.366,24.502,181.06,638.9739,-1,1,6,97.9,,False,51.69716962014505
23901,0.553,18.421,141.29,220.9676,-1,1,3,97.6,,False,114.999
23902,1.557,26.064,194.77,417.2331,-1,1,3,84.5,,False,94.999
23908,3.234,34.279,253.35,659.3761,-1,1,3,63.1,,False,141.999
23925,4.421,36.075,266.69,656.5672,-1,1,4,76.6,,False,172.999
23927,3.427,35.281,260.47,700.4179,-1,3,3,83.8,,False,249.999
23930,1.285,35.142,259.45,701.1773,-1,1,3,59.5,,False,154.999
23931,2.197,27.585,203.53,702.9766,-1,1,4,86.8,,False,219.999
23946,2.825,39.334,289.73,806.4238,-1,1,4,97.4,,False,107.999
23948,4.662,30.081,223.26,540.2403,-1,3,3,71.2,,False,348.999
23953,0.467,27.297,212.37,179.0543,-1,1,4,91.5,,False,133.999
23968,0.287,29.693,228.44,215.0305,-1,1,4,57.0,,False,217.999
23973,0.671,19.245,168.88,59.0128,-1,1,5,90.1,,False,244.999
23976,1.158,30.727,227.9,557.2495,-1,3,3,93.7,,False,100.999
23982,2.12,20.371,155.99,229.1196,-1,1,4,87.4,,False,86.999
23983,0.578,12.251,93.86,217.0287,-1,1,5,86.6,,False,198.999
23986,1.534,28.425,211.33,502.2656,-1,1,3,97.0,,False,165.999
23987,3.48,35.128,259.85,636.491,-1,1,3,93.6,,False,214.999
24000,3.951,36.961,272.58,746.9068,-1,1,3,67.3,,False,150.999
24002,2.156,58.813,484.95,94.9231,-1,1,3,75.3,,False,53.999
24004,0.7,29.972,223.31,467.2661,-1,1,3,96.7,,False,189.999
24010,3.321,33.706,249.35,631.3844,-1,1,4,50.1,,False,253.999
24012,3.298,40.433,298.12,763.4971,-1,2,3,98.4,,False,150.999
24022,2.841,44.637,327.51,1056.6761,-1,2,4,73.9,,False,172.999
24024,0.282,23.653,176.36,444.6761,-1,1,5,88.9,,False,116.999
24028,2.095,31.198,231.2,578.2322,-1,2,3,88.2,,False,254.999
24040,0.913,23.192,175.42,298.2089,-1,1,4,86.2,,False,191.999
24041,2.187,30.385,225.36,555.3367,-1,1,3,98.5,,False,267.999
24044,4.677,44.296,325.37,974.7667,-1,3,5,61.3,,False,138.08471299911338
24045,2.499,26.644,199.82,375.2126,-1,1,3,54.2,,False,90.999
24057,2.479,30.654,228.09,491.3381,-1,1,3,47.6,,False,114.999
24062,2.639,30.561,230.78,315.2545,-1,1,3,99.1,,False,483.999
24063,1.065,30.949,229.44,569.1271,-1,1,4,60.7,,False,159.999
24064,1.04,32.383,241.99,425.1166,-1,1,3,48.0,,False,224.999
24068,0.285,17.755,134.74,270.7959,-1,1,4,49.4,,False,135.999
24073,2.458,23.141,175.56,278.2488,-1,1,3,79.1,,False,198.999
24077,1.479,21.823,163.27,394.9068,-1,1,5,89.9,,False,82.66677777777778
24085,3.373,34.568,255.39,672.3904,-1,3,4,52.5,,False,227.55566666666667
24087,4.142,29.098,215.38,605.0537,-1,1,4,71.3,,False,166.999
24100,2.289,21.335,162.21,264.1101,-1,1,3,42.8,,False,445.999
24101,1.272,20.378,166.66,99.9554,-1,1,6,89.5,,False,20.555666666666667
24103,1.077,3.377,26.23,141.0162,-1,1,3,51.9,,False,348.999
24105,0.455,24.528,183.13,427.0184,-1,1,4,63.2,,False,124.999
24120,4.283,34.494,255.27,619.5029,-1,2,3,54.1,,False,153.999
24123,3.417,25.12,189.28,328.9343,-1,1,3,61.6,,False,164.999
24126,1.504,18.118,139.64,203.027,-1,1,6,93.1,,False,81.88900000000001
24139,2.87,42.004,308.78,916.6108,-1,1,3,81.3,,False,254.999
24141,4.673,35.952,265.78,657.569,-1,1,3,72.4,,False,289.999
24145,0.523,28.915,213.79,634.9547,-1,1,4,83.2,,False,95.999
24148,2.946,27.695,206.61,443.2547,-1,1,3,97.6,,False,211.999
24163,4.187,30.225,225.1,474.3661,-1,1,3,96.6,,False,203.999
24164,2.661,35.3,260.59,704.3798,-1,1,3,59.4,,False,104.999
24174,3.893,34.268,253.42,640.4073,-1,1,3,76.8,,False,213.999
24182,2.983,24.049,181.83,301.5241,-1,1,3,44.0,,False,81.999
24189,1.606,25.477,191.19,367.2484,-1,1,4,45.0,,False,161.999
24199,0.364,23.812,179.56,321.0631,-1,1,3,97.4,,False,129.999
24202,3.778,31.273,232.66,494.5122,-1,2,4,90.4,,False,86.999
24205,0.92,7.361,60.19,94.9244,-1,1,4,81.8,,False,239.03579736183346
24214,3.014,29.59,220.0,504.4555,-1,2,3,56.3,,False,410.999
24216,0.279,30.402,223.86,794.4253,-1,1,4,97.7,,False,112.999
24221,3.055,35.083,259.07,690.4056,-1,1,4,60.1,,False,92.999
24222,1.603,5.188,42.21,94.9233,-1,1,3,65.9,,False,164.999
24224,4.166,40.45,297.53,882.3315,-1,2,3,49.3,,False,145.999
24227,1.682,14.697,120.72,94.9235,-1,1,5,89.0,,False,49.66677777777778
24230,3.258,31.603,234.21,576.3344,-1,3,3,56.8,,False,268.999
24232,1.985,24.862,186.77,356.1867,-1,1,3,69.8,,False,205.999
24233,2.668,42.686,313.51,985.5327,-1,2,4,92.7,,False,245.999
24236,3.197,33.841,250.16,655.2615,-1,2,3,54.2,,False,177.999
24237,1.594,19.985,152.67,239.0835,-1,1,3,99.5,,False,388.999
24239,2.304,39.594,290.62,1021.2529,-1,2,3,71.0,,False,219.999
24240,1.648,23.128,174.56,313.3359,-1,1,4,49.9,,False,147.999
24243,3.295,35.15,259.88,649.4741,-1,1,3,50.7,,False,209.999
24255,0.365,18.773,150.2,124.0068,-1,1,4,90.9,,False,161.55566666666667
24258,1.179,32.561,268.22,94.921,-1,1,3,79.4,,False,101.999
24260,2.146,28.885,216.35,391.3233,-1,1,4,72.7,,False,205.999
24265,0.235,26.209,193.32,708.2567,-1,1,4,79.7,,False,119.999
24266,4.055,36.521,269.46,723.1086,-1,1,4,40.9,,False,278.889
24271,2.039,24.688,185.62,347.1515,-1,1,6,91.9,,False,15.405502819904939
24278,2.741,31.525,234.41,505.2745,-1,2,3,91.2,,False,316.999
24279,0.784,20.823,158.39,261.0801,-1,1,4,62.4,,False,142.999
24287,0.918,21.3,170.49,124.0044,-1,1,6,88.9,,False,153.999
24295,4.264,37.039,273.18,743.3812,-1,3,3,52.5,,False,67.55566666666667
24297,3.465,36.202,267.18,716.4035,-1,1,4,45.2,,False,183.999
24302,1.935,26.796,200.39,408.1725,-1,1,3,80.3,,False,252.999
24303,1.288,30.029,223.15,515.3229,-1,1,3,95.7,,False,219.999
24307,1.346,28.685,212.69,559.1879,-1,1,3,92.6,,False,183.999
24318,4.668,30.184,224.02,540.2401,-1,2,4,66.7,,False,193.66677777777778
24333,1.698,27.7,206.94,423.2763,-1,1,4,93.7,,False,201.999
24341,0.254,20.312,154.01,279.0725,-1,1,3,70.0,,False,205.999
24342,0.53,27.519,203.23,668.7833,-1,1,6,93.9,,False,108.999
24343,2.502,34.749,256.9,652.4256,-1,1,4,63.9,,False,131.999
24345,2.3,31.303,230.74,753.0245,-1,1,4,89.6,,False,123.999
24348,4.594,34.346,253.94,647.4265,-1,2,3,98.9,,False,73.66677777777775
24349,1.571,33.984,251.12,662.3648,-1,2,3,65.5,,False,189.999
24360,3.412,36.111,266.92,659.4877,-1,1,3,56.8,,False,79.999
24362,2.043,26.364,197.62,380.2836,-1,1,5,99.4,,False,45.222333333333324
24378,1.302,24.209,181.94,351.1844,-1,1,5,51.6,,False,139.999
24379,3.136,31.505,234.64,475.4157,-1,1,3,99.1,,False,185.999
24380,0.674,29.836,234.71,154.061,-1,1,3,85.1,,False,291.999
24389,0.641,12.364,99.02,119.9449,-1,1,6,93.0,,False,11.000111111111096
24392,1.335,28.523,213.11,423.1858,-1,2,3,84.8,,False,178.999
24398,3.121,30.006,223.55,467.5145,-1,1,5,62.8,,False,143.999
24399,0.793,25.867,202.19,167.0207,-1,1,3,35.2,,False,184.999
24406,2.199,28.068,208.92,481.1647,-1,2,3,89.4,,False,310.999
24407,1.251,46.478,408.79,59.0132,-1,1,5,78.8,,False,162.999
24413,1.729,26.366,197.25,402.2356,-1,2,3,57.8,,False,230.999
24417,0.76,30.863,242.82,154.0598,-1,1,6,91.2,,False,84.999
24418,1.285,34.85,257.46,677.1886,-1,1,3,85.8,,False,69.999
24427,0.292,25.955,200.41,201.036,-1,1,3,94.5,,False,123.999
24429,1.704,31.88,236.29,575.3562,-1,1,5,96.7,,False,143.999
24430,3.304,24.152,212.12,59.0126,-1,1,5,57.5,,False,107.999
24433,4.398,34.586,256.06,608.4997,-1,1,3,75.4,,False,32.000111111111124
24434,3.398,32.657,242.46,537.7136,-1,1,4,66.6,,False,150.999
24440,3.721,34.503,253.07,1050.9521,-1,1,5,72.4,,False,158.999
24446,2.077,23.972,180.86,317.2586,-1,1,3,88.1,,False,161.999
24461,3.618,42.817,314.41,994.4433,-1,2,4,74.5,,False,229.999
24463,1.722,29.794,221.48,508.2955,-1,2,3,85.4,,False,273.999
24464,1.062,29.136,216.84,485.1294,-1,1,3,97.5,,False,264.999
24472,1.717,32.259,239.35,551.3059,-1,1,3,68.6,,False,329.999
24481,3.623,47.982,351.96,1091.9186,-1,2,3,77.0,,False,207.999
24484,3.441,41.155,302.84,861.6099,-1,1,5,66.9,,False,74.999
24487,4.043,37.43,276.25,718.5846,-1,1,4,48.9,,False,41.44455555555556
24492,2.301,33.151,244.89,675.2349,-1,2,3,67.0,,False,165.999
24503,1.134,19.279,148.57,204.1131,-1,1,4,95.0,,False,70.999
24510,0.542,24.609,184.74,362.9814,-1,1,3,77.5,,False,135.999
24511,3.202,28.392,213.76,339.2166,-1,1,3,66.7,,False,152.999
24512,3.357,35.142,259.45,698.4071,-1,1,4,85.5,,False,219.999
24513,3.371,35.783,264.08,716.3793,-1,1,3,55.4,,False,179.999
24514,0.691,23.085,171.67,486.806,-1,1,5,81.2,,False,152.999
24520,1.462,25.527,191.14,391.218,-1,1,4,59.1,,False,94.999
24521,2.096,32.819,242.71,638.2081,-1,1,3,89.6,,False,312.999
24527,3.573,34.882,258.06,628.5514,-1,2,4,84.7,,False,196.04657228582528
24528,1.065,28.035,208.31,513.1148,-1,1,5,85.7,,False,91.999
24532,2.588,23.246,172.16,573.9806,-1,2,4,93.0,,False,135.999
24533,2.955,27.423,205.24,400.3467,-1,1,4,66.7,,False,180.999
24545,3.748,35.12,259.65,650.4936,-1,2,3,47.6,,False,239.999
24548,3.332,25.215,194.55,203.1777,-1,1,4,92.4,,False,50.999
24556,3.352,33.138,246.02,538.5223,-1,2,4,79.2,,False,143.96856668474
24559,3.164,28.902,216.36,397.3164,-1,1,3,80.0,,False,165.999
24561,0.307,24.321,180.32,550.7222,-1,1,5,74.4,,False,130.999
24579,2.935,38.732,285.54,762.5779,-1,1,3,41.7,,False,207.88899999999998
24594,4.067,34.162,253.02,595.9155,-1,1,4,44.7,,False,111.999
24599,0.476,28.394,209.83,650.8957,-1,1,4,90.4,,False,63.999
24605,1.644,28.39,211.8,444.3405,-1,1,3,97.1,,False,249.999
24606,1.458,19.608,151.03,206.1535,-1,1,4,49.5,,False,142.999
24610,0.989,34.751,271.83,167.0207,-1,1,3,99.8,,False,233.999
24614,1.239,25.054,186.24,498.8996,-1,1,5,68.3,,False,128.999
24618,0.575,27.855,208.01,429.199,-1,1,3,67.2,,False,221.999
24619,1.682,35.726,262.82,858.2354,-1,1,3,82.0,,False,109.999
24620,2.531,22.314,168.95,290.1008,-1,1,4,67.3,,False,120.999
24627,0.628,8.798,76.86,59.0143,-1,1,6,87.4,,False,6.6667777777777815
24629,3.985,31.404,233.61,495.5229,-1,1,3,73.8,,False,358.999
24631,3.184,35.367,261.62,634.4937,-1,1,3,45.5,,False,187.999
24632,3.024,22.625,171.23,293.1411,-1,1,3,96.2,,False,59.11122222222224
24633,3.771,39.287,289.62,765.5742,-1,1,4,54.9,,False,82.11122222222222
24634,0.652,23.335,174.19,426.9391,-1,1,4,59.5,,False,121.999
24638,1.361,17.373,129.84,397.2024,-1,1,3,79.7,,False,241.999
24640,3.638,47.371,347.63,1063.8875,-1,1,4,78.2,,False,59.999
24641,3.152,40.807,300.01,913.3878,-1,1,4,48.3,,False,163.999
24643,1.331,22.339,169.6,273.2057,-1,1,3,99.4,,False,57.999
24652,1.617,3.062,24.66,94.924,-1,1,3,97.2,,False,256.999
24660,0.679,30.368,225.02,579.1292,-1,1,4,56.8,,False,198.999
24667,3.064,47.4,347.39,1183.7212,-1,2,4,71.3,,False,141.999
24671,2.333,35.426,261.4,721.3208,-1,1,3,58.1,,False,159.999
24674,2.729,41.792,307.15,936.5436,-1,1,3,87.5,,False,182.999
24678,3.13,28.56,217.14,269.2461,-1,1,4,96.7,,False,178.999
24685,1.716,25.753,192.51,413.161,-1,1,3,70.8,,False,71.999
24693,0.326,10.725,84.31,146.9823,-1,1,3,78.0,,False,216.999
24697,0.838,23.432,176.63,323.2242,-1,1,3,55.6,,False,139.999
24700,2.673,22.25,170.67,223.204,-1,1,5,88.1,,False,54.999
24704,2.985,28.594,212.87,477.0419,-1,1,4,73.8,,False,112.999
24710,4.157,41.272,303.33,924.5781,-1,3,3,83.7,,False,93.999
24711,0.716,12.882,98.78,215.0305,-1,1,3,57.5,,False,212.999
24712,0.283,23.834,176.52,574.5698,-1,1,3,81.1,,False,80.999
24719,1.594,26.385,197.49,397.2915,-1,1,3,76.5,,False,440.999
24722,0.277,36.234,265.08,1322.0532,-1,1,4,42.0,,False,73.999
24723,1.908,22.513,170.81,277.1425,-1,1,3,64.5,,False,103.999
24729,1.456,25.567,192.11,354.2335,-1,1,4,58.4,,False,91.999
24731,1.236,35.134,259.09,743.2372,-1,1,5,85.8,,False,159.999
24734,3.632,34.763,256.93,659.4162,-1,1,3,54.6,,False,156.999
24735,1.694,34.872,257.05,763.1854,-1,1,3,97.3,,False,223.999
24745,2.272,24.819,186.9,333.2418,-1,2,4,97.8,,False,174.999
24753,3.269,35.258,260.62,656.4633,-1,1,3,54.2,,False,193.999
24754,3.257,29.998,223.5,466.5231,-1,2,4,68.2,,False,167.999
24755,0.664,25.523,189.23,552.8673,-1,1,3,98.3,,False,190.999
24756,2.357,31.443,233.58,523.3074,-1,1,3,55.3,,False,313.999
24757,0.211,46.731,376.23,118.967,-1,1,5,94.7,,False,128.999
24758,4.405,23.864,176.7,580.9666,-1,1,3,80.6,,False,194.999
24759,1.788,34.933,307.09,59.0138,-1,1,6,97.6,,False,64.999
24765,0.632,19.425,170.47,59.0123,-1,1,3,72.0,,False,87.999
24767,1.653,25.194,189.54,342.2981,-1,1,3,90.6,,False,129.999
24768,3.577,35.528,262.33,696.4252,-1,1,4,92.5,,False,141.999
24771,2.019,29.49,219.31,499.2302,-1,1,3,56.6,,False,103.999
24778,3.992,33.81,250.12,630.419,-1,1,3,44.0,,False,315.999
24794,2.418,32.669,241.64,631.25,-1,1,3,97.3,,False,241.999
24796,2.765,46.838,349.08,477.2807,-1,1,3,96.7,,False,135.999
24804,2.194,20.863,160.59,209.1531,-1,1,4,83.0,,False,116.999
24810,0.583,13.909,106.64,217.0266,-1,1,4,87.7,,False,157.999
24815,4.042,40.55,298.47,844.9767,-1,2,6,57.9,,False,15.22233333333331
24816,0.235,37.996,279.02,980.3014,-1,1,4,45.2,,False,252.999
24819,0.286,30.369,223.63,792.4276,-1,1,6,85.6,,False,140.999
24823,2.503,28.565,217.1,271.2268,-1,1,3,50.2,,False,184.999
24827,1.066,35.127,258.97,755.1007,-1,1,3,97.7,,False,166.999
24829,0.89,27.883,208.45,414.206,-1,1,3,58.5,,False,118.999
24830,3.52,20.993,158.94,288.9991,-1,1,3,92.4,,False,337.999
24838,3.27,38.071,280.83,740.5443,-1,2,4,98.2,,False,99.999
24841,1.89,3.757,29.25,141.0135,-1,1,4,94.0,,False,180.11122222222224
24844,4.284,36.371,268.35,725.0937,-1,1,5,45.7,,False,63.777888888888896
24845,3.54,26.493,198.46,388.2095,-1,1,3,82.2,,False,101.999
24846,2.133,36.028,296.82,94.9233,-1,1,4,61.1,,False,140.999
24854,4.529,27.096,202.94,391.1508,-1,1,3,46.4,,False,233.999
24859,1.615,18.334,147.48,116.9744,-1,1,5,84.4,,False,65.999
24865,1.688,17.292,139.06,116.9706,-1,1,6,60.5,,False,75.999
24874,0.713,22.713,169.71,413.1986,-1,1,3,88.6,,False,68.999
24889,1.789,13.074,104.82,118.9662,-1,1,5,99.2,,False,30.603270687081903
24896,0.93,16.602,136.45,94.9237,-1,1,4,81.3,,False,235.999
24898,1.179,12.759,95.46,367.1638,-1,1,3,44.2,,False,318.999
24899,1.84,33.729,251.66,449.2535,-1,1,3,78.0,,False,117.999
24903,0.848,16.588,130.57,149.0597,-1,1,3,49.3,,False,229.999
24906,3.793,33.78,250.73,543.41,-1,1,3,38.6,,False,254.999
24916,3.373,36.672,270.49,740.6688,-1,1,3,70.7,,False,186.999
24924,2.812,26.127,192.55,738.962,-1,1,4,76.4,,False,10.555666666666667
24949,3.066,31.036,231.33,462.3282,-1,1,3,56.7,,False,214.999
24951,3.988,30.991,227.83,880.9497,-1,1,5,70.5,,False,79.999
24953,3.428,39.078,287.97,777.5906,-1,1,3,44.0,,False,142.88899999999998
24961,1.41,26.893,198.96,613.9587,-1,1,3,85.4,,False,109.999
24972,0.808,27.222,201.37,614.9078,-1,1,3,60.7,,False,168.999
24975,0.287,27.385,202.15,680.8027,-1,1,3,66.3,,False,132.999
24982,1.173,17.816,146.48,94.9236,-1,1,7,87.7,,False,44.81436848391148
24986,2.444,25.915,194.7,356.2086,-1,1,3,53.9,,False,217.999
24987,0.276,31.173,228.82,974.296,-1,1,3,94.0,,False,176.999
24990,2.449,28.041,210.48,367.1771,-1,1,3,86.5,,False,214.999
24992,0.481,28.246,223.01,146.9801,-1,1,4,58.4,,False,144.999
24997,0.532,28.466,211.81,487.2679,-1,2,3,99.0,,False,216.33344444444444
25000,2.138,27.465,205.15,424.3157,-1,1,3,60.7,,False,154.999
25012,3.264,35.486,262.01,698.4083,-1,1,3,46.6,,False,251.999
25014,3.524,31.049,230.99,493.5371,-1,2,3,57.4,,False,165.999
25026,4.637,42.88,315.01,956.6502,-1,2,3,89.0,,False,380.44455555555555
25028,2.524,27.5,205.41,425.2727,-1,1,3,61.3,,False,209.999
25029,2.789,21.504,164.17,243.1946,-1,1,5,88.4,,False,108.999
25033,0.635,23.118,171.92,486.8092,-1,1,4,88.7,,False,119.999
25044,1.96,12.908,105.95,94.9239,-1,1,3,99.8,,False,85.999
25046,1.464,25.877,194.47,353.1587,-1,1,4,81.3,,False,113.44455555555557
25051,2.391,37.491,276.52,741.3831,-1,1,3,64.3,,False,218.999
25054,3.982,34.594,255.6,668.3966,-1,1,4,59.9,,False,95.999
25067,3.496,41.446,304.65,925.5296,-1,2,3,88.9,,False,185.999
25072,4.414,34.623,256.12,634.492,-1,1,3,72.0,,False,195.999
25075,2.39,32.593,241.27,610.3005,-1,2,3,46.6,,False,147.999
25080,4.566,43.728,321.04,1015.6193,-1,2,3,80.7,,False,58.999
25081,1.517,33.623,248.42,670.153,-1,1,3,96.3,,False,210.999
25086,3.87,35.639,263.34,669.4091,-1,2,3,94.8,,False,241.999
25094,1.442,32.539,241.04,591.3737,-1,2,3,96.8,,False,140.999
25101,2.1,33.488,247.47,662.2598,-1,1,3,78.3,,False,224.999
25111,1.623,25.351,190.02,379.2076,-1,2,3,73.6,,False,321.999
25116,0.777,8.959,73.17,96.9205,-1,1,4,48.7,,False,148.999
25117,3.297,31.571,233.84,589.3442,-1,2,3,69.9,,False,192.999
25125,0.697,29.057,216.74,447.2804,-1,1,3,62.4,,False,303.999
25126,2.575,32.268,239.46,548.2982,-1,1,3,57.4,,False,181.999
25130,4.009,44.232,324.95,964.7807,-1,3,3,58.9,,False,191.999
25134,2.578,33.396,247.32,600.4631,-1,2,3,72.1,,False,192.999
25140,3.725,32.223,239.42,521.5686,-1,1,4,75.9,,False,148.999
25141,4.148,39.058,287.51,838.3527,-1,1,4,86.8,,False,103.999
25142,4.153,37.039,273.19,743.0096,-1,1,4,41.8,,False,185.999
25151,3.881,44.149,324.33,964.7791,-1,1,5,82.4,,False,84.00011111111112
25153,4.616,32.315,239.84,543.4434,-1,1,3,96.2,,False,61.777888888888924
25154,2.532,31.889,236.21,592.2962,-1,1,3,60.3,,False,98.999
25162,2.887,45.927,336.68,1132.6958,-1,1,3,92.9,,False,128.999
25163,4.162,37.736,278.13,774.2136,-1,1,4,42.3,,False,110.999
25165,0.666,28.551,210.59,716.7836,-1,1,6,53.1,,False,10.88900000000001
25168,0.686,26.39,202.96,215.0321,-1,1,3,89.8,,False,332.999
25173,0.584,55.849,459.34,96.9221,-1,1,5,59.1,,False,124.999
25176,3.034,34.176,252.57,664.3838,-1,1,4,99.3,,False,240.999
25179,4.52,16.095,125.65,166.014,-1,1,4,64.8,,False,17.666777777777753
25195,1.657,32.027,237.24,588.3855,-1,2,3,66.6,,False,87.999
25196,2.943,30.221,224.63,510.2935,-1,1,3,71.4,,False,121.999
25201,2.042,16.703,127.14,252.8499,-1,1,3,53.6,,False,120.999
25202,3.174,29.272,217.88,483.6093,-1,1,4,44.4,,False,132.999
25206,3.327,39.682,292.49,772.5986,-1,2,4,96.8,,False,198.55566666666667
25209,3.696,23.98,180.17,353.1981,-1,1,3,81.1,,False,132.999
25219,2.252,24.841,186.66,353.1614,-1,1,3,66.1,,False,170.999
25221,0.904,25.443,223.49,59.0126,-1,1,3,98.4,,False,62.999
25227,3.388,35.657,263.15,713.3769,-1,1,4,63.2,,False,174.999
25230,3.209,24.144,178.45,630.9626,-1,1,5,97.8,,False,146.999
25243,1.242,25.031,187.68,375.1869,-1,2,3,96.8,,False,220.999
25246,3.018,34.235,253.19,641.4033,-1,1,3,58.8,,False,194.999
25251,3.739,32.594,240.56,707.186,-1,2,3,89.6,,False,261.999
25256,3.548,34.317,253.65,654.384,-1,1,3,53.8,,False,309.999
25259,0.857,24.473,199.63,102.9553,-1,1,4,90.4,,False,159.999
25266,1.285,11.791,96.75,94.9248,-1,1,4,75.4,,False,117.999
25267,3.077,31.942,237.23,528.3145,-1,1,3,94.8,,False,188.999
25276,4.576,37.38,275.65,751.7609,-1,1,3,43.9,,False,116.999
25277,0.85,22.398,171.65,227.1018,-1,1,5,50.6,,False,88.999
25290,3.214,27.96,214.4,227.2033,-1,1,4,73.3,,False,125.999
25291,1.432,45.035,372.05,92.9277,-1,1,5,82.4,,False,114.999
25292,1.951,35.866,264.56,735.3514,-1,1,3,94.4,,False,160.999
25296,3.226,34.256,253.13,666.3857,-1,2,3,54.2,,False,395.999
25297,3.513,34.778,257.25,634.4765,-1,3,3,79.1,,False,139.999
25304,3.249,31.114,231.4,501.3178,-1,1,3,70.5,,False,245.999
25307,2.306,37.199,273.77,841.2972,-1,1,4,81.1,,False,174.999
25308,4.157,26.26,197.08,367.3229,-1,1,3,88.4,,False,275.889
25329,3.475,31.568,234.08,564.3659,-1,1,3,67.0,,False,137.999
25331,2.125,30.326,225.21,526.3481,-1,1,3,48.3,,False,178.999
25332,0.28,26.268,194.73,558.5966,-1,1,3,75.5,,False,216.999
25335,0.677,25.787,211.78,96.9225,-1,1,4,64.8,,False,188.999
25341,1.448,31.584,234.9,501.3228,-1,1,4,91.8,,False,156.999
25346,2.926,31.506,234.0,528.4341,-1,1,3,86.0,,False,200.999
25359,1.175,7.561,65.95,59.0122,-1,1,4,87.0,,False,73.999
25360,0.33,24.059,178.05,595.7512,-1,1,3,56.9,,False,172.999
25369,1.18,30.894,228.81,593.1382,-1,1,4,87.0,,False,63.999
25372,1.941,34.76,256.24,759.1911,-1,1,3,59.4,,False,144.999
25375,2.448,34.419,254.71,621.3114,-1,1,3,98.0,,False,314.999
25383,3.159,33.701,249.14,648.3922,-1,2,3,41.4,,False,142.999
25387,0.601,27.102,210.86,179.0532,-1,1,3,96.7,,False,119.999
25390,1.426,28.299,211.25,435.2765,-1,1,4,81.2,,False,86.999
25396,1.389,26.622,198.87,423.2384,-1,1,3,95.8,,False,67.999
25402,4.054,36.353,268.22,725.3,-1,1,4,71.1,,False,117.999
25406,2.475,23.555,178.18,297.5251,-1,1,3,45.5,,False,225.66677777777775
25413,3.696,24.373,179.56,744.5656,-1,1,7,75.7,,False,7.864697103609274
25415,2.552,25.669,189.23,724.9718,-1,1,6,63.2,,False,16.777888888888896
25422,1.157,33.237,273.79,94.9231,-1,1,6,61.8,,False,32.33344444444444
25442,1.194,35.03,258.33,745.2313,-1,1,3,91.3,,False,127.999
25449,0.652,22.796,170.07,434.8618,-1,1,4,86.2,,False,153.999
25451,2.71,34.212,252.65,688.3516,-1,1,3,81.4,,False,225.999
25452,1.324,18.07,141.08,167.0211,-1,1,4,85.1,,False,163.999
25455,1.142,22.069,167.11,289.1822,-1,1,3,72.0,,False,151.999
25458,3.535,34.897,257.81,674.4032,-1,1,3,71.7,,False,116.999
25465,2.543,20.593,156.0,284.9733,-1,1,4,67.6,,False,152.999
25469,1.096,34.965,262.56,369.1578,-1,1,3,55.0,,False,150.999
25470,1.424,33.344,246.35,671.1875,-1,1,3,67.1,,False,174.999
25472,3.318,46.333,339.88,1084.8045,-1,3,3,64.9,,False,147.999
25478,2.794,30.637,227.85,500.3679,-1,1,3,62.2,,False,191.999
25480,0.671,17.838,146.31,96.9203,-1,1,5,85.3,,False,112.999
25486,2.273,19.63,150.95,212.1347,-1,1,3,83.5,,False,204.999
25489,1.368,46.38,382.29,94.9235,-1,1,5,98.5,,False,113.88899999999998
25490,3.298,24.828,188.63,271.2058,-1,1,3,87.9,,False,305.999
25491,4.186,37.194,274.31,744.7778,-1,2,3,50.9,,False,160.999
25492,3.643,34.088,252.06,645.4032,-1,1,3,86.0,,False,215.999
25498,2.541,42.275,310.56,969.4632,-1,1,3,63.8,,False,205.999
25524,0.519,29.539,230.98,167.0207,-1,1,3,75.9,,False,185.999
25540,0.828,17.877,136.83,228.9315,-1,1,4,98.1,,False,64.999
25546,0.678,27.297,201.87,624.8611,-1,1,3,81.8,,False,109.999
25557,0.708,26.819,198.33,624.7714,-1,1,6,95.9,,False,69.999
25568,3.836,37.787,278.55,766.8433,-1,1,4,47.7,,False,60.111222222222224
25571,3.239,32.607,242.11,536.3376,-1,1,3,47.5,,False,117.999
25583,0.361,24.666,185.08,367.1258,-1,1,3,58.1,,False,143.999
25591,1.518,30.81,228.62,545.3415,-1,1,3,54.1,,False,161.999
25593,3.034,20.763,158.53,242.1795,-1,1,3,86.5,,False,97.999
25597,1.574,10.211,80.5,141.0167,-1,1,4,83.4,,False,62.999
25599,3.594,35.227,260.26,675.436,-1,2,3,70.1,,False,147.999
25615,3.002,32.137,239.25,483.2618,-1,1,3,80.1,,False,239.999
25644,1.395,29.857,222.15,491.2702,-1,1,3,42.0,,False,152.999
25655,0.615,33.144,272.38,96.9197,-1,1,5,98.9,,False,143.999
25675,3.743,35.48,262.37,644.4969,-1,1,3,46.6,,False,285.999
25678,2.752,32.063,237.96,543.3696,-1,1,3,47.9,,False,162.999
25683,3.122,43.608,320.47,946.6785,-1,2,4,47.6,,False,90.999
25687,3.725,36.83,271.96,697.5328,-1,1,3,46.3,,False,109.999
25692,4.252,40.636,298.87,888.9477,-1,2,3,52.2,,False,81.999
25697,2.217,27.576,205.6,451.2086,-1,1,3,94.0,,False,129.999
25698,0.471,31.426,258.23,96.919,-1,1,3,87.6,,False,75.999
25711,0.504,58.026,446.67,217.0311,-1,1,4,86.4,,False,249.999
25715,4.271,30.867,228.83,568.2659,-1,1,4,79.9,,False,65.999
25722,1.868,26.199,196.38,380.2838,-1,1,3,88.0,,False,241.999
25729,3.912,33.99,251.89,581.8361,-1,2,3,43.5,,False,231.999
25738,0.644,30.064,247.01,96.9212,-1,1,5,74.5,,False,106.999
25743,3.477,31.337,232.58,542.3907,-1,1,4,46.3,,False,72.999
25747,0.753,22.0,167.09,270.9412,-1,1,3,62.6,,False,229.999
25749,0.434,27.882,214.48,215.028,-1,1,3,92.4,,False,113.999
25750,3.808,32.635,241.95,567.2657,-1,1,3,45.0,,False,133.999
25752,3.974,37.643,277.48,765.9101,-1,1,4,65.4,,False,127.33344444444444
25767,3.324,24.331,183.96,301.9028,-1,1,3,93.7,,False,177.999
25770,2.651,20.85,159.71,228.1225,-1,1,4,86.9,,False,67.999
25773,2.481,13.917,109.08,155.865,-1,1,3,82.7,,False,199.999
25776,1.473,32.554,240.83,628.2771,-1,1,3,98.4,,False,136.999
25777,3.589,26.636,199.05,418.164,-1,1,3,81.2,,False,173.999
25799,3.572,27.416,204.99,411.3484,-1,1,4,88.8,,False,322.3752136571402
25800,0.742,30.156,224.31,495.206,-1,1,3,76.8,,False,174.999
25801,1.455,15.844,118.66,369.1751,-1,1,3,57.5,,False,133.999
25803,3.359,36.561,270.02,691.4846,-1,1,3,44.9,,False,90.999
25821,3.241,27.254,208.99,227.2006,-1,1,3,99.4,,False,289.999
25826,1.453,28.388,211.46,469.2763,-1,1,3,76.5,,False,106.999
25835,1.068,35.424,261.08,771.0757,-1,1,4,92.5,,False,126.999
25836,2.802,34.828,257.29,678.4005,-1,1,4,40.8,,False,145.999
25837,2.143,13.128,384.09,249.0719,-4,3,3,68.6,,False,10.333444444444467
25841,0.513,34.154,267.16,167.0184,-1,1,4,65.0,,False,59.999
25842,4.154,36.991,272.83,742.8613,-1,2,4,78.1,,False,70.33344444444444
25843,2.3,37.868,279.05,779.4866,-1,1,3,61.3,,False,3.1112222222222385
25844,4.568,37.437,276.5,691.6349,-1,1,4,71.1,,False,110.999
25847,2.107,23.984,181.06,312.5323,-1,1,3,50.6,,False,49.55566666666667
25848,4.578,29.265,217.47,512.2444,-1,1,3,90.6,,False,213.999
25857,2.934,33.983,251.22,652.3684,-1,1,4,80.1,,False,169.999
25859,2.942,29.065,216.51,469.129,-1,1,4,75.3,,False,108.999
25860,0.648,36.973,284.45,217.0295,-1,1,4,87.0,,False,89.999
25861,2.654,34.014,251.48,650.36,-1,1,3,36.7,,False,263.999
25865,3.602,25.353,191.12,325.1855,-1,1,3,82.0,,False,124.999
25868,2.114,29.676,220.52,514.2586,-1,1,4,65.6,,False,112.999
25869,2.371,20.881,155.34,473.9874,-1,1,3,94.7,,False,134.999
25871,3.757,40.185,295.6,872.5473,-1,1,4,69.3,,False,39.222333333333324
25875,1.739,16.845,131.53,166.0481,-1,1,3,80.6,,False,76.999
25890,1.128,24.084,181.22,339.2217,-1,1,3,72.2,,False,131.999
25891,1.26,25.14,187.4,451.175,-1,1,3,87.4,,False,168.999
25894,2.831,24.96,219.23,59.0123,-1,1,4,98.4,,False,54.777888888888896
25897,2.948,20.399,156.2,229.1083,-1,1,4,65.0,,False,50.999
25901,4.038,37.579,277.53,691.6426,-1,1,4,87.0,,False,28.00011111111111
25905,2.126,28.687,213.94,450.2889,-1,1,3,47.9,,False,126.999
25909,0.444,13.577,111.1,97.9294,-1,1,5,62.2,,False,147.0298835761219
25910,0.69,20.345,157.58,189.0386,-1,1,3,90.1,,False,203.999
25912,1.05,33.287,245.5,731.4055,-1,1,3,98.6,,False,172.999
25915,4.349,37.683,277.95,739.5811,-1,1,3,54.3,,False,250.999
25917,3.965,37.174,274.11,751.8797,-1,1,4,42.5,,False,77.66677777777778
25919,0.253,16.855,131.17,174.0409,-1,1,3,63.1,,False,179.999
25922,0.252,25.873,192.73,463.1695,-1,1,3,76.5,,False,131.999
25928,0.754,22.18,167.58,304.8546,-1,1,4,76.0,,False,105.999
25929,1.321,28.87,214.95,477.3068,-1,1,3,65.0,,False,163.999
25930,1.446,22.946,175.01,249.1857,-1,1,4,98.1,,False,94.999
25934,0.859,21.533,163.52,271.0611,-1,1,3,79.4,,False,261.55566666666664
25936,3.03,37.452,276.45,712.4948,-1,1,3,85.6,,False,157.999
25939,0.844,20.24,153.42,280.9557,-1,1,3,74.1,,False,101.999
25941,0.701,25.061,194.24,189.0386,-1,1,5,56.2,,False,99.999
25947,2.11,40.849,336.64,94.9224,-1,1,3,94.0,,False,134.999
25952,4.59,29.732,220.66,538.2259,-1,1,3,64.2,,False,205.999
25953,2.547,18.693,144.64,191.0544,-1,1,5,88.5,,False,59.999
25956,3.402,27.031,201.78,433.238,-1,2,3,85.4,,False,372.76419785212204
25965,2.061,20.969,160.11,242.1781,-1,1,4,88.1,,False,108.999
25969,3.32,29.214,217.51,477.4216,-1,2,3,53.3,,False,89.999
25971,2.445,23.945,177.3,581.2493,-1,1,3,61.7,,False,145.999
25982,2.493,33.718,249.68,603.3639,-1,1,3,71.7,,False,180.999
25992,4.521,36.269,268.7,592.5705,-1,1,3,89.9,,False,121.44455555555555
25998,0.915,57.654,507.25,59.013,-1,1,6,80.1,,False,87.999
26001,2.687,29.767,221.23,510.6997,-1,1,3,39.5,,False,248.999
26002,2.137,41.599,305.68,947.4908,-1,2,3,73.8,,False,221.999
26013,3.614,41.244,303.42,877.6156,-1,1,3,66.6,,False,121.999
26014,3.589,35.775,264.3,678.4784,-1,1,3,56.2,,False,202.999
26017,1.604,23.507,206.44,59.0121,-1,1,4,68.2,,False,90.999
26025,1.924,40.735,328.35,116.9741,-1,1,5,78.3,,False,33.88899999999998
26026,1.801,14.215,117.03,92.9264,-1,1,4,84.6,,False,130.44455555555555
26034,1.732,26.482,197.89,417.2354,-1,1,4,62.9,,False,139.999
26060,3.317,33.024,244.4,616.3677,-1,1,3,79.4,,False,118.00011111111112
26065,1.062,32.264,238.5,651.1345,-1,1,4,79.7,,False,93.999
26070,0.762,39.411,312.44,141.0134,-1,1,4,64.7,,False,69.999
26080,4.148,37.706,277.88,773.1335,-1,1,4,50.2,,False,105.999
26082,4.165,36.98,273.07,695.5802,-1,1,4,87.3,,False,87.999
26088,2.244,31.159,231.32,537.3748,-1,1,3,68.1,,False,167.999
26093,2.755,43.744,321.41,960.6645,-1,2,3,77.7,,False,117.999
26094,2.311,33.642,248.64,660.2824,-1,1,3,59.7,,False,190.999
26095,0.748,11.084,90.68,96.9207,-1,1,5,57.3,,False,88.999
26101,0.689,10.074,82.36,96.9214,-1,1,3,95.3,,False,250.999
26104,0.691,9.013,72.08,118.9718,-1,1,4,78.7,,False,129.999
26111,0.866,49.671,408.49,96.9214,-1,1,5,77.1,,False,110.999
26122,3.263,36.003,265.68,720.4251,-1,1,3,43.1,,False,143.999
26124,4.523,33.459,248.0,575.6904,-1,2,3,50.7,,False,115.999
26125,0.609,24.245,179.8,544.7682,-1,1,3,72.4,,False,152.999
26129,3.875,35.884,273.6,256.2381,-1,1,3,53.7,,False,229.00011111111112
26142,1.079,30.698,227.75,551.1627,-1,1,3,62.6,,False,87.999
26144,4.256,37.213,274.44,748.3518,-1,1,3,59.1,,False,157.999
26148,1.939,30.281,224.82,533.2708,-1,1,3,77.9,,False,222.999
26150,1.375,23.838,179.85,317.2314,-1,1,3,63.0,,False,119.999
26160,1.033,23.837,179.02,357.0339,-1,1,3,81.8,,False,87.999
26162,0.495,57.44,463.34,116.9686,-1,1,4,70.9,,False,128.999
26165,3.15,31.499,234.15,510.5102,-1,1,3,88.9,,False,114.999
26166,0.242,38.105,279.7,1009.2961,-1,1,5,61.2,,False,78.999
26171,0.865,27.7,204.64,658.8319,-1,1,4,59.6,,False,96.999
26176,0.142,24.234,180.7,444.9095,-1,1,3,76.2,,False,246.999
26179,3.797,31.906,237.08,519.6424,-1,1,3,66.3,,False,133.999
26181,1.474,33.018,246.34,448.3067,-1,1,3,88.1,,False,71.999
26187,1.921,30.973,229.77,553.3032,-1,1,3,71.6,,False,180.999
26190,1.09,6.062,49.56,92.9262,-1,1,4,98.3,,False,71.55566666666667
26196,1.699,38.933,313.86,116.9696,-1,1,6,63.0,,False,31.88899999999998
26198,4.167,22.588,172.19,251.2366,-1,1,3,80.9,,False,92.999
26203,2.144,39.541,291.53,756.5614,-1,1,3,61.2,,False,158.999
26208,1.705,34.567,255.6,647.3839,-1,1,3,96.7,,False,71.999
26212,1.592,28.029,208.81,465.2262,-1,1,3,58.9,,False,206.999
26214,4.139,17.24,132.55,210.9995,-1,1,3,48.9,,False,183.999
26215,0.536,54.715,451.07,94.929,-1,1,3,63.6,,False,167.999
26218,3.087,33.041,244.49,621.3598,-1,1,4,96.6,,False,147.999
26219,3.308,34.387,254.11,664.4221,-1,1,4,60.4,,False,86.999
26222,4.47,33.246,246.46,574.1948,-1,1,3,43.3,,False,85.999
26228,0.729,25.02,185.78,520.8089,-1,1,3,69.2,,False,132.999
26231,0.56,20.19,155.31,211.1313,-1,1,4,97.2,,False,85.999
26242,1.727,19.932,152.44,234.0319,-1,1,3,70.1,,False,161.999
26244,1.839,22.411,167.25,428.9769,-1,1,3,63.4,,False,111.999
26245,1.248,40.516,333.85,94.9239,-1,1,7,91.2,,False,9.860280956628287
26250,0.563,26.102,193.48,560.8274,-1,1,3,84.1,,False,167.999
26251,1.608,6.074,49.53,94.9226,-1,1,3,98.4,,False,40.88899999999998
26255,2.876,29.237,217.67,478.8774,-1,1,3,86.3,,False,200.999
26257,3.437,31.794,236.23,519.6181,-1,1,4,73.0,,False,80.999
26259,2.163,20.419,155.19,265.1473,-1,1,4,76.0,,False,12.111222222222239
26268,3.24,34.648,255.91,680.4055,-1,1,3,53.6,,False,129.999
26275,1.308,16.054,125.22,167.9837,-1,1,4,89.2,,False,16.777888888888896
26279,0.509,48.308,378.14,167.0221,-1,1,4,54.9,,False,226.999
26283,3.877,41.853,308.04,853.6662,-1,1,4,74.8,,False,110.999
26284,4.118,44.358,325.77,985.757,-1,1,5,69.0,,False,151.22233333333332
26285,3.554,39.82,293.24,818.3944,-1,1,6,83.5,,False,33.44455555555558
26288,2.804,32.616,241.65,586.4067,-1,2,3,43.0,,False,155.999
26290,1.231,33.235,259.95,167.0218,-1,1,3,41.2,,False,83.999
26303,3.303,34.989,258.38,689.4156,-1,1,3,46.7,,False,32.33344444444444
26308,1.805,25.806,193.68,366.2633,-1,1,3,97.3,,False,196.999
26310,2.737,42.582,316.83,501.2871,-1,1,4,76.3,,False,97.999
26314,0.823,7.702,62.61,99.9548,-1,1,5,81.9,,False,65.95726723508423
26316,2.212,27.953,206.49,661.9192,-1,1,3,82.5,,False,129.999
26320,2.787,41.616,304.71,1264.2955,-1,1,3,59.9,,False,214.999
26323,3.499,35.262,261.26,591.3987,-1,1,3,59.1,,False,142.999
26324,3.443,34.445,254.7,641.4838,-1,2,3,74.5,,False,235.88394621439872
26328,2.353,29.727,220.85,518.2015,-1,1,3,47.1,,False,136.999
26329,3.997,32.063,237.61,578.3906,-1,1,3,79.1,,False,156.999
26332,1.55,25.135,187.44,444.9632,-1,1,3,85.6,,False,124.999
26334,3.616,35.4,261.29,707.4026,-1,1,3,79.2,,False,173.999
26336,4.118,45.99,337.64,1024.836,-1,1,4,77.7,,False,100.999
26337,1.444,28.645,215.03,367.1548,-1,1,3,87.4,,False,105.999
26340,0.849,25.03,205.54,96.9223,-1,1,4,58.7,,False,90.999
26343,4.111,45.724,335.52,1048.8418,-1,3,3,58.8,,False,163.999
26348,1.547,25.163,189.05,355.2105,-1,1,3,77.1,,False,90.999
26350,4.381,40.967,301.57,837.6188,-1,1,4,70.8,,False,112.999
26356,1.194,23.116,174.36,318.1382,-1,1,3,78.9,,False,165.999
26357,4.362,37.928,279.55,774.3492,-1,2,3,68.5,,False,124.999
26371,3.611,36.709,270.75,740.9643,-1,1,4,48.8,,False,61.777888888888896
26373,0.706,21.647,166.95,203.0567,-1,1,3,74.7,,False,115.999
26399,0.248,25.92,199.24,216.9072,-1,1,5,61.6,,False,113.66677777777778
26407,0.684,24.241,180.39,476.9128,-1,1,3,65.1,,False,72.999
26408,3.691,29.275,214.84,980.9425,-1,1,4,42.1,,False,86.55566666666667
26410,1.421,42.205,347.82,94.9226,-1,1,6,71.5,,False,33.44455555555555
26411,2.654,21.657,169.34,165.0423,-1,1,3,67.4,,False,200.999
26414,3.882,35.605,262.66,731.3398,-1,1,3,82.5,,False,98.999
26421,2.633,31.61,234.9,517.3523,-1,1,3,45.8,,False,161.999
26424,4.764,28.323,212.78,359.1514,-1,1,3,66.6,,False,133.999
26426,1.413,51.302,385.5,369.1727,-1,1,3,65.7,,False,225.999
26427,1.918,29.603,219.96,515.2485,-1,1,3,52.1,,False,139.999
26428,1.575,14.992,120.0,122.0322,-1,1,3,80.4,,False,264.999
26430,4.454,30.038,222.93,541.2473,-1,1,3,65.2,,False,181.999
26431,1.072,45.176,394.23,61.9865,-1,1,4,72.1,,False,122.999
26436,2.391,38.6,282.85,1162.9588,-1,1,3,89.5,,False,126.999
26439,0.309,19.589,148.27,288.8851,-1,1,4,97.5,,False,180.17699527358394
26440,1.92,16.265,134.0,92.9278,-1,1,5,88.7,,False,44.000111111111124
26443,2.825,35.211,259.89,705.3062,-1,1,3,98.2,,False,185.999
26447,4.416,34.437,255.09,595.9394,-1,1,3,47.5,,False,210.999
26448,2.247,24.218,182.2,341.1793,-1,1,3,51.9,,False,220.999
26449,2.951,35.774,264.19,686.3703,-1,1,3,55.0,,False,173.999
26456,1.783,30.899,229.05,571.335,-1,1,3,82.8,,False,131.999
26461,1.292,12.742,95.31,370.1758,-1,1,3,42.9,,False,280.999
26474,0.552,24.688,199.48,112.9834,-1,1,3,92.7,,False,151.999
26475,0.564,25.182,186.49,580.7597,-1,1,3,90.8,,False,103.999
26480,3.237,33.822,250.09,645.3157,-1,1,3,54.7,,False,194.999
26485,0.467,24.468,181.25,572.6899,-1,1,4,68.2,,False,109.999
26486,3.516,31.025,230.83,491.6438,-1,1,5,84.1,,False,67.999
26503,1.277,22.465,170.34,280.8942,-1,1,3,47.9,,False,75.999
26507,1.289,34.043,254.96,398.207,-1,1,3,51.1,,False,165.999
26511,1.244,29.647,220.4,506.2114,-1,1,3,53.8,,False,134.999
26512,2.078,5.951,48.51,94.9225,-1,1,3,72.6,,False,155.999
26521,3.199,34.782,256.95,678.3989,-1,1,3,43.3,,False,187.999
26542,4.624,36.969,272.66,743.9515,-1,2,3,67.9,,False,93.999
26551,2.886,39.472,290.46,854.4234,-1,2,4,97.9,,False,74.999
26559,1.024,40.61,317.76,167.0214,-1,1,3,97.2,,False,111.999
26561,2.745,41.895,307.99,920.5691,-1,2,4,98.4,,False,53.77788888888887
26564,4.62,34.296,253.31,681.3678,-1,1,3,47.5,,False,112.999
26565,1.787,9.382,77.02,92.9249,-1,1,3,88.0,,False,271.999
26575,1.064,14.548,113.47,167.0222,-1,1,3,55.6,,False,136.999
26576,0.409,50.023,388.22,189.0085,-1,1,3,85.0,,False,178.999
26578,0.707,27.672,204.23,692.7455,-1,1,4,81.3,,False,62.999
26580,3.767,41.112,302.68,833.6501,-1,2,3,91.1,,False,51.999
26583,0.251,25.707,192.66,382.1016,-1,1,3,95.8,,False,67.999
26591,0.837,46.187,361.48,167.0198,-1,1,3,99.0,,False,225.999
26622,2.346,20.849,159.19,242.1786,-1,1,4,91.7,,False,180.999
26624,3.231,34.894,257.77,679.4032,-1,1,3,58.6,,False,157.999
26626,0.496,26.687,198.94,453.1125,-1,1,3,43.5,,False,159.999
26627,2.538,31.927,236.59,581.3224,-1,2,3,71.5,,False,88.999
26633,2.062,32.294,239.02,614.3747,-1,1,3,64.7,,False,144.999
26637,2.288,26.405,197.83,385.2635,-1,1,3,76.4,,False,41.44455555555558
26638,2.45,33.777,249.46,681.2663,-1,1,3,83.3,,False,289.999
26642,4.58,42.619,313.25,935.668,-1,1,3,52.4,,False,172.999
26649,1.301,35.866,264.73,711.3406,-1,1,4,91.6,,False,100.999
26654,1.794,31.44,233.07,571.3198,-1,1,3,59.7,,False,142.999
26655,0.542,28.352,209.52,650.9023,-1,1,3,82.4,,False,89.999
26656,0.674,30.796,238.97,187.0049,-1,1,4,87.3,,False,133.999
26660,3.197,30.048,223.89,466.63,-1,1,3,63.0,,False,123.999
26666,1.112,40.56,304.64,369.1595,-1,1,3,39.0,,False,121.999
26668,3.202,32.091,238.26,535.8978,-1,1,4,56.9,,False,121.999
26669,1.467,24.103,181.29,343.185,-1,1,3,40.2,,False,233.999
26671,0.869,8.729,71.04,99.9554,-1,1,3,87.9,,False,120.999
26674,0.635,8.322,67.94,96.9204,-1,1,4,79.1,,False,136.999
26683,0.647,50.33,390.95,187.0042,-1,1,3,77.8,,False,110.999
26684,1.388,31.694,234.43,631.283,-1,1,3,90.0,,False,133.999
26690,3.61,31.379,232.91,540.3718,-1,1,3,79.0,,False,116.999
26692,4.039,39.931,294.03,820.2241,-1,1,4,64.7,,False,13.333444444444439
26695,2.2,27.851,207.85,438.27,-1,1,3,38.5,,False,123.999
26703,0.352,29.359,217.99,529.1764,-1,1,3,87.3,,False,115.999
26727,1.439,26.526,233.03,59.0124,-1,1,4,99.6,,False,103.999
26732,0.407,10.517,86.43,92.9254,-1,1,3,58.9,,False,151.999
26738,4.018,37.338,275.24,763.3197,-1,3,3,52.5,,False,24.88899999999998
26744,3.518,30.05,223.94,463.4574,-1,1,3,66.0,,False,151.999
26749,1.394,33.298,246.27,636.3475,-1,1,3,46.3,,False,104.999
26761,4.623,46.136,338.56,1060.778,-1,1,4,81.7,,False,57.999
26775,0.438,20.718,163.41,146.9801,-1,1,3,75.0,,False,150.999
26782,3.87,36.376,268.37,725.873,-1,1,4,45.6,,False,113.88899999999998
26799,1.457,32.564,240.55,674.2281,-1,1,3,99.4,,False,142.999
26810,2.759,43.882,322.13,1026.5764,-1,1,3,58.3,,False,168.999
26815,1.254,29.985,222.46,549.3075,-1,1,3,97.8,,False,53.999
26827,2.971,34.752,256.79,669.444,-1,1,3,79.7,,False,9.444555555555581
26832,3.254,35.604,262.97,681.5017,-1,1,3,83.3,,False,110.999
26852,3.86,40.224,295.9,871.5417,-1,2,3,37.4,,False,33.55566666666667
26859,4.616,33.066,245.07,576.098,-1,1,4,57.3,,False,78.999
26862,1.009,26.553,196.41,616.8139,-1,1,3,46.0,,False,100.999
26864,1.301,33.696,296.19,59.0132,-1,1,5,67.9,,False,63.999
26870,4.316,33.75,250.03,591.6566,-1,1,3,55.3,,False,77.999
26871,1.454,23.361,175.94,331.1892,-1,1,3,95.5,,False,187.999
26875,2.252,22.279,169.09,275.1665,-1,1,4,84.5,,False,21.000111111111096
26884,3.517,40.527,298.3,846.0329,-1,1,4,43.2,,False,119.999
26887,2.896,23.74,179.53,299.7682,-1,1,3,52.2,,False,171.999
26902,3.896,39.845,293.4,819.8823,-1,2,3,70.7,,False,107.33344444444445
26909,2.966,35.12,259.68,649.3995,-1,1,3,51.0,,False,189.999
26910,3.031,35.73,263.71,711.4204,-1,1,4,63.1,,False,110.999
26917,0.74,22.523,167.75,458.8307,-1,1,4,87.8,,False,93.11122222222222
26919,3.414,47.556,348.79,1112.8419,-1,1,3,86.2,,False,124.999
26929,4.315,41.579,305.61,926.5922,-1,1,3,66.1,,False,175.999
26934,0.635,8.849,72.27,96.9205,-1,1,3,49.6,,False,172.999
26940,0.765,25.966,200.37,203.0543,-1,1,3,65.7,,False,88.999
26945,4.366,34.64,256.21,638.4833,-1,1,3,37.9,,False,161.999
26951,2.191,25.509,192.16,331.2284,-1,1,3,69.7,,False,108.999
26968,3.81,40.287,296.57,834.621,-1,2,3,67.9,,False,230.999
26971,2.706,38.795,285.71,809.4511,-1,1,3,86.5,,False,52.999
26973,3.244,28.986,215.94,467.519,-1,1,3,64.0,,False,146.999
26976,3.623,46.386,340.28,1073.8441,-1,1,3,70.7,,False,97.999
26977,1.832,16.499,132.66,116.9719,-1,1,4,77.4,,False,75.7778888888889
26978,4.366,42.07,309.23,929.5879,-1,1,4,69.7,,False,129.999
26982,3.686,34.263,253.44,633.4757,-1,2,3,38.7,,False,104.66677777777778
26988,3.55,25.244,191.7,274.2242,-1,1,3,79.9,,False,212.999
26991,4.007,37.704,277.88,772.8008,-1,3,5,52.5,,False,45.00011111111111
26996,4.209,37.891,279.28,773.9694,-1,2,4,72.7,,False,93.999
27005,4.056,23.217,176.01,282.7928,-1,1,3,73.6,,False,270.44455555555555
27012,3.601,40.659,299.28,844.9325,-1,1,3,70.6,,False,157.999
27016,1.077,33.532,247.73,673.1273,-1,1,3,39.2,,False,105.999
27034,0.368,32.739,252.15,211.9995,-1,1,3,44.0,,False,225.999
27037,3.55,27.535,206.46,378.3491,-1,1,3,65.3,,False,143.999
27047,3.582,37.89,279.58,722.5268,-1,1,4,43.6,,False,3.3334444444444387
27048,1.328,35.949,269.92,370.1753,-1,1,3,98.7,,False,138.999
27052,1.846,23.453,174.13,517.9555,-1,1,3,86.3,,False,87.999
27066,0.697,19.409,153.55,141.1269,-1,1,3,68.6,,False,196.999
27069,0.39,10.301,80.95,146.9825,-1,1,3,88.9,,False,220.999
27073,1.54,27.755,206.67,473.1703,-1,1,3,74.8,,False,107.999
27074,2.082,35.472,292.24,94.9236,-1,1,3,73.1,,False,170.999
27076,0.679,22.645,174.07,215.0359,-1,1,3,79.9,,False,246.999
27086,3.701,36.896,272.11,742.8783,-1,1,4,51.4,,False,65.999
27087,3.521,25.922,194.62,363.2868,-1,1,3,47.9,,False,152.999
27090,2.772,44.789,328.58,1072.6752,-1,1,3,98.6,,False,66.999
27099,0.657,22.786,169.97,436.8636,-1,1,5,81.5,,False,10.111222222222224
27113,1.837,30.938,229.67,537.3473,-1,1,4,78.2,,False,133.999
27117,3.227,16.427,122.16,464.3187,-1,1,3,86.5,,False,187.999
27127,1.335,34.445,284.46,92.9244,-1,1,3,92.3,,False,215.999
27131,3.887,44.017,323.37,963.7675,-1,1,3,98.5,,False,177.999
27138,3.732,33.015,244.8,568.2681,-1,1,3,67.7,,False,104.999
27149,1.155,16.72,134.22,118.9895,-1,1,3,65.3,,False,147.999
27153,0.463,19.216,148.36,198.1359,-1,1,3,81.1,,False,63.88899999999998
27160,3.253,41.289,304.08,816.5833,-1,1,5,71.6,,False,57.88899999999998
27173,0.468,8.827,69.22,148.9787,-1,1,3,73.3,,False,86.999
27176,0.787,25.627,190.01,552.8622,-1,1,3,68.5,,False,118.999
27187,4.355,36.827,271.53,749.3747,-1,1,3,63.0,,False,115.22233333333331
27191,2.03,36.694,302.31,94.9244,-1,1,3,78.7,,False,109.999
27196,2.702,24.994,188.43,324.2568,-1,1,3,39.4,,False,180.999
27209,0.275,26.328,194.37,674.5156,-1,1,3,85.6,,False,104.999
27210,0.509,4.01,30.33,217.0283,-1,1,3,66.2,,False,94.999
27211,0.291,29.937,220.23,840.5203,-1,1,3,92.7,,False,112.999
27213,1.445,31.676,235.15,539.214,-1,1,3,85.9,,False,125.999
27227,3.821,33.991,251.81,593.1119,-1,1,4,61.8,,False,132.999
27230,1.304,20.653,159.36,201.0246,-1,1,3,81.0,,False,131.999
27237,4.67,24.592,184.42,373.0439,-1,1,3,87.3,,False,112.999
27245,2.746,34.232,252.99,662.3692,-1,1,3,65.0,,False,149.999
27247,1.361,20.602,154.45,370.1801,-1,1,3,77.6,,False,172.999
27249,2.766,34.005,251.69,615.385,-1,1,3,65.8,,False,131.999
27253,1.505,22.356,167.39,386.9207,-1,1,3,85.1,,False,128.999
27254,3.493,35.838,264.46,717.3854,-1,1,3,54.1,,False,27.444555555555553
27255,2.042,31.163,256.65,94.924,-1,1,4,47.6,,False,31.555666666666667
27264,3.711,35.81,264.28,715.3733,-1,1,3,42.6,,False,118.999
27267,0.239,24.705,182.58,636.7097,-1,1,4,93.7,,False,117.999
27268,0.185,30.035,221.81,674.9498,-1,1,3,53.6,,False,121.999
27272,1.283,26.572,218.76,94.923,-1,1,3,77.1,,False,152.999
27291,4.122,37.434,275.95,766.8816,-1,1,4,54.1,,False,114.999
27297,4.082,34.147,252.96,593.6653,-1,2,3,39.3,,False,120.999
27307,0.099,58.647,515.91,59.0148,-1,1,3,49.6,,False,50.44455555555555
27310,0.557,10.789,83.34,187.0066,-1,1,3,75.7,,False,126.999
27319,1.403,10.757,84.85,141.0178,-1,1,4,81.3,,False,106.999
27330,4.383,37.729,278.03,774.3687,-1,1,4,43.6,,False,62.44455555555555
27333,3.447,31.207,231.54,550.3502,-1,1,3,74.3,,False,131.999
27340,4.371,42.188,310.02,941.6186,-1,1,3,84.5,,False,106.999
27352,2.754,24.119,211.82,59.0132,-1,1,4,75.2,,False,134.999
27354,2.93,42.469,312.16,931.5952,-1,2,4,73.9,,False,76.999
27355,4.593,37.764,278.66,725.6419,-1,1,3,99.1,,False,124.0001111111111
27360,0.613,18.185,141.98,167.0224,-1,1,3,76.6,,False,172.999
27364,1.816,5.233,41.6,118.9683,-1,1,4,82.5,,False,49.359262511912306
27368,2.901,34.679,256.33,657.3969,-1,1,4,53.8,,False,80.999
27369,4.466,37.147,274.16,717.5895,-1,1,3,70.5,,False,117.999
27381,0.701,20.697,168.74,102.9541,-1,1,3,95.8,,False,135.999
27389,2.504,34.823,257.28,675.3625,-1,1,3,84.3,,False,161.999
27393,4.498,33.616,249.19,575.9416,-1,1,3,54.7,,False,76.999
27394,0.556,28.038,206.88,702.7001,-1,1,3,72.2,,False,72.999
27400,1.87,17.637,141.62,118.9666,-1,1,4,96.2,,False,96.999
27405,0.936,33.488,247.21,695.3688,-1,1,3,66.1,,False,82.999
27408,4.068,37.119,273.73,747.776,-1,1,4,64.6,,False,8.888999999999982
27411,1.215,13.168,98.53,369.171,-1,1,3,61.2,,False,215.999
27412,3.273,30.868,229.15,536.2874,-1,1,3,98.4,,False,154.999
27415,1.219,18.688,146.51,158.1247,-1,1,3,59.3,,False,12.888999999999982
27419,4.286,23.713,178.08,358.0173,-1,1,3,61.9,,False,102.999
27427,3.671,40.393,297.22,859.63,-1,1,3,69.0,,False,110.88899999999998
27429,0.465,7.889,62.97,119.9442,-1,1,5,76.4,,False,17.383163353549904
27434,3.34,44.892,329.7,992.7285,-1,1,3,63.5,,False,93.999
27437,1.083,24.451,181.41,534.8226,-1,1,3,84.2,,False,75.999
27450,2.95,44.554,327.09,1023.6521,-1,1,3,88.3,,False,102.999
27451,3.815,25.268,189.73,360.1594,-1,1,3,87.6,,False,63.999
27460,1.747,17.725,134.75,260.8751,-1,1,4,96.5,,False,119.999
27468,4.337,37.679,277.7,773.426,-1,1,3,43.1,,False,96.999
27477,3.236,30.255,225.41,467.6363,-1,1,4,36.8,,False,87.999
27479,4.477,34.521,255.72,594.8534,-1,1,3,77.4,,False,85.999
27480,0.692,26.967,209.2,187.0038,-1,1,3,68.0,,False,96.999
27491,3.769,35.468,259.65,1244.928,-1,1,3,73.8,,False,119.999
27492,1.729,15.136,121.45,118.966,-1,1,3,49.5,,False,159.999
27493,0.341,20.633,156.2,289.0009,-1,1,3,86.2,,False,62.999
27505,2.962,42.809,314.6,945.6161,-1,1,4,68.4,,False,79.999
27507,2.411,34.536,255.59,621.3004,-1,1,3,88.7,,False,172.999
27514,0.565,23.993,178.01,532.8236,-1,1,3,60.2,,False,147.999
27527,2.987,36.041,265.85,733.3879,-1,1,3,83.1,,False,116.999
27540,0.42,17.635,135.34,217.9774,-1,1,3,81.4,,False,88.999
27543,2.274,22.852,169.45,543.9689,-1,1,4,68.8,,False,100.999
27565,1.284,34.458,254.37,703.2241,-1,1,3,49.5,,False,118.999
27576,3.677,32.253,239.01,579.3304,-1,1,3,65.3,,False,101.999
27586,3.232,32.705,242.33,585.3664,-1,1,3,80.5,,False,125.999
27604,1.152,9.664,76.19,141.0181,-1,1,3,85.5,,False,35.777888888888896
27621,0.735,11.546,94.71,94.9225,-1,1,5,94.6,,False,50.87814181147013
27622,1.765,43.402,358.53,92.9279,-1,1,3,97.4,,False,165.999
27635,3.901,21.008,159.2,282.9934,-1,1,3,64.5,,False,148.999
27649,4.472,35.815,264.42,699.6643,-1,1,4,85.0,,False,109.33344444444445
27652,2.689,40.601,298.66,874.5348,-1,1,4,64.0,,False,50.44455555555555
27654,1.054,26.923,199.66,552.9162,-1,1,3,99.6,,False,101.999
27655,2.573,30.585,227.52,494.3627,-1,1,3,40.0,,False,157.999
27659,4.538,33.245,246.48,569.4818,-1,2,3,50.0,,False,204.9873342595285
27662,1.466,34.471,253.89,798.219,-1,1,3,77.9,,False,158.999
27666,3.786,45.336,332.77,1023.8274,-1,1,3,73.1,,False,153.999
27670,2.664,25.248,190.72,309.2416,-1,1,3,73.8,,False,101.999
27672,4.516,42.406,311.68,929.6529,-1,1,3,72.1,,False,167.999
27674,0.672,25.492,197.59,189.0399,-1,1,4,73.7,,False,91.999
27686,0.267,28.706,211.99,672.8641,-1,1,4,65.4,,False,24.777888888888896
27703,0.131,9.977,81.96,92.9275,-1,1,5,93.2,,False,22.111222222222224
27705,0.662,57.356,461.85,118.9671,-1,1,5,77.6,,False,53.196750974901704
27709,1.716,19.239,147.73,217.0891,-1,1,4,90.7,,False,44.66677777777778
27719,2.789,34.309,253.6,656.3254,-1,1,3,87.8,,False,202.999
27722,1.461,17.03,131.63,192.9598,-1,1,3,82.9,,False,114.999
27724,0.512,14.349,125.76,59.0138,-1,1,4,54.1,,False,2.3334444444444387
27729,0.484,29.214,216.19,610.9943,-1,1,3,98.1,,False,102.999
27730,4.285,38.265,282.0,779.2162,-1,1,4,56.9,,False,10.444555555555553
27736,0.431,38.339,299.98,167.0198,-1,1,3,95.3,,False,103.999
27741,3.933,36.648,270.41,726.7611,-1,1,3,73.7,,False,90.999
27746,1.413,24.485,183.9,357.201,-1,1,4,97.0,,False,50.999
27750,3.751,32.529,240.85,600.3678,-1,1,3,87.4,,False,37.222333333333324
27753,1.504,22.106,194.09,59.0129,-1,1,3,88.9,,False,120.999
27781,2.789,30.371,229.71,303.2321,-1,1,3,67.2,,False,134.999
27784,3.878,37.314,275.16,751.8864,-1,2,3,50.1,,False,117.999
27785,1.41,33.074,244.92,601.3608,-1,1,3,71.1,,False,102.999
27797,2.335,23.923,176.85,624.9741,-1,1,3,59.7,,False,108.999
27803,3.099,29.899,222.76,466.672,-1,1,3,54.4,,False,109.999
27804,4.39,35.675,263.35,699.8508,-1,1,4,70.0,,False,7.577735832211729
27805,3.679,37.506,276.47,767.7146,-1,1,3,49.7,,False,107.999
27819,2.541,24.481,180.99,623.0012,-1,1,5,94.3,,False,8.442168493289017
27820,3.695,36.5,269.31,724.1298,-1,3,3,52.5,,False,42.777888888888896
27824,0.518,57.649,463.92,119.945,-1,1,4,73.5,,False,73.999
27831,4.271,34.414,254.91,594.9951,-1,1,3,43.7,,False,87.999
27836,0.864,13.733,110.33,116.9776,-1,1,4,80.7,,False,9.22233333333331
27837,3.369,34.491,255.06,641.4462,-1,1,4,94.3,,False,28.111222222222224
27840,0.352,27.05,200.47,566.9027,-1,1,3,75.4,,False,92.999
27841,4.442,34.6,255.98,630.4736,-1,1,3,55.7,,False,102.999
27842,3.902,35.591,262.88,680.4858,-1,1,3,45.4,,False,69.999
27869,0.101,19.947,157.57,143.9876,-1,1,3,99.7,,False,116.999
27870,0.904,4.202,34.11,94.9268,-1,1,3,91.7,,False,79.999
27876,3.633,32.541,242.32,479.4593,-1,2,3,80.1,,False,101.999
27887,2.113,16.651,129.43,177.0221,-1,1,3,87.0,,False,139.999
27889,1.815,23.76,178.71,343.0525,-1,1,3,43.5,,False,75.999
27901,1.449,31.622,233.64,664.2624,-1,1,3,69.9,,False,84.999
27905,1.748,6.834,55.8,94.9234,-1,1,4,88.7,,False,80.999
27909,0.494,17.421,133.72,217.0302,-1,1,3,91.4,,False,147.999
27911,3.13,34.583,256.15,598.4729,-1,1,3,80.7,,False,83.999
27916,2.452,36.227,266.92,785.3149,-1,1,3,84.6,,False,93.999
27931,2.508,18.428,143.13,180.073,-1,1,3,76.0,,False,153.999
27932,3.707,38.049,280.44,774.7314,-1,2,3,59.8,,False,92.999
27938,1.066,25.333,188.19,510.9051,-1,1,3,48.7,,False,97.999
27948,0.833,20.952,159.01,274.091,-1,1,3,82.5,,False,100.999
27951,0.526,20.29,155.92,215.0346,-1,1,3,93.3,,False,149.999
27967,3.996,46.181,338.89,1053.8408,-1,1,3,98.9,,False,127.999
27973,0.824,31.633,261.18,92.9311,-1,1,3,67.5,,False,65.999
27979,3.916,39.772,292.86,820.1914,-1,1,4,76.0,,False,12.111222222222224
27982,3.796,36.984,272.73,746.7854,-1,2,3,49.2,,False,112.66677777777778
27988,2.163,57.011,432.01,297.1581,-1,1,3,87.3,,False,12.777888888888896
27992,0.716,25.911,202.54,167.0209,-1,1,3,69.0,,False,98.999
27995,1.798,24.049,211.21,59.0123,-1,1,3,70.8,,False,85.999
27996,1.85,24.891,186.96,357.2053,-1,1,3,62.0,,False,94.999
27997,4.092,36.878,271.96,742.3097,-1,1,3,60.1,,False,98.999
27998,3.485,31.174,231.93,493.7706,-1,1,3,47.3,,False,83.999
28008,0.957,21.791,163.04,394.9032,-1,1,4,75.9,,False,2.000111111111096
28018,4.134,38.776,285.88,764.5803,-1,1,3,60.2,,False,117.999
28021,1.747,56.517,465.95,94.9242,-1,1,3,34.4,,False,65.999
28025,4.021,36.42,268.77,717.2324,-1,1,4,72.9,,False,10.666777777777781
28040,3.26,16.422,122.13,463.342,-1,1,3,97.6,,False,49.999
28042,1.119,23.989,180.67,331.2479,-1,1,3,53.4,,False,105.999
28052,3.42,24.598,183.07,476.188,-1,1,3,66.5,,False,68.999
28080,3.295,34.115,252.28,643.4198,-1,1,3,76.4,,False,107.999
28082,1.453,34.427,253.58,792.207,-1,1,3,77.5,,False,125.999
28083,0.702,29.283,215.95,722.8732,-1,1,3,58.2,,False,67.999
28085,2.395,23.96,210.42,59.0131,-1,1,4,85.2,,False,75.999
28089,3.182,32.312,239.89,537.7308,-1,1,3,57.4,,False,163.999
28092,3.061,45.262,332.27,1027.6853,-1,1,3,49.7,,False,110.999
28096,1.441,30.262,224.07,598.2326,-1,1,3,73.0,,False,155.999
28101,2.731,33.521,248.19,604.4305,-1,1,3,76.2,,False,118.999
28102,2.552,31.205,231.65,538.3754,-1,1,3,87.4,,False,115.999
28103,2.526,29.803,230.34,199.1682,-1,1,3,75.0,,False,121.999
28108,3.384,36.094,266.26,730.431,-1,1,3,92.1,,False,103.999
28116,3.669,46.34,339.98,1070.8263,-1,1,3,78.5,,False,61.999
28119,0.549,23.785,182.78,217.0342,-1,1,3,97.3,,False,80.999
28120,3.987,21.02,159.66,269.0333,-1,1,3,49.7,,False,61.111222222222224
28124,3.484,31.756,236.02,513.6716,-1,2,3,55.6,,False,93.999
28126,4.573,32.995,244.54,575.8197,-1,1,3,68.1,,False,85.999
28131,1.175,13.651,106.09,174.8261,-1,1,3,48.8,,False,103.999
28133,4.444,40.263,879.45,845.0354,-3,2,3,35.8,,False,19.33344444444444
28152,3.088,28.522,210.05,781.1012,-1,1,3,50.6,,False,113.999
28153,3.275,33.825,249.98,660.3928,-1,1,3,99.0,,False,82.999
28168,0.759,44.908,369.29,96.9217,-1,1,3,86.2,,False,71.999
28173,4.186,36.786,271.3,742.0486,-1,1,3,42.1,,False,49.88899999999998
28174,3.269,35.7,263.63,691.4833,-1,1,3,80.8,,False,155.999
28177,0.368,37.274,287.13,212.0052,-1,1,3,88.5,,False,114.999
28180,2.213,38.53,282.95,975.1331,-1,1,3,86.0,,False,85.999
28184,1.684,21.349,161.27,304.9382,-1,1,3,74.3,,False,68.999
28195,3.091,33.627,248.62,646.3811,-1,1,3,67.3,,False,32.00011111111111
28204,2.832,15.823,124.27,152.9927,-1,1,3,53.1,,False,108.999
28209,1.888,14.343,118.09,92.9295,-1,1,3,71.6,,False,69.999
28215,1.513,22.913,171.32,404.8917,-1,1,3,73.7,,False,104.999
28229,3.334,27.764,208.52,361.3117,-1,1,3,87.9,,False,133.999
28230,1.047,21.791,165.52,270.1316,-1,1,3,76.2,,False,125.999
28232,3.906,37.767,278.35,774.9981,-1,1,3,51.0,,False,126.999
28239,1.468,28.789,237.06,94.9238,-1,1,5,77.5,,False,31.86479617898658
28243,2.094,24.152,179.41,510.1441,-1,1,3,57.0,,False,84.999
28246,2.159,21.819,165.81,267.2307,-1,1,4,56.1,,False,2.666777777777753
28256,1.302,35.115,259.29,695.1584,-1,1,3,56.1,,False,49.999
28260,1.167,32.21,283.11,59.0126,-1,1,3,67.4,,False,28.00011111111111
28273,1.628,8.78,69.14,141.0158,-1,1,3,34.7,,False,74.999
28274,0.377,19.283,148.15,215.0303,-1,1,3,96.8,,False,112.999
28283,3.557,37.314,275.07,765.1335,-1,1,3,61.9,,False,5.111222222222224
28289,2.857,30.723,228.62,489.2841,-1,1,3,98.1,,False,124.22233333333332
28293,0.961,25.421,189.03,492.9402,-1,1,5,89.4,,False,27.88899999999998
28295,0.958,33.401,246.76,673.3333,-1,1,3,76.8,,False,85.999
28298,3.903,29.631,218.02,830.9539,-1,1,3,66.5,,False,130.999
28300,4.188,36.887,272.06,742.2625,-1,1,4,39.0,,False,52.111222222222224
28322,0.869,23.681,176.55,446.8973,-1,1,4,98.0,,False,72.999
28326,3.685,31.661,235.24,519.6871,-1,1,3,62.6,,False,78.999
28360,4.143,46.42,340.69,1050.8554,-1,1,3,78.8,,False,129.999
28366,0.335,48.621,384.26,146.9825,-1,1,3,81.8,,False,59.999
28381,0.518,23.05,173.84,319.1716,-1,1,3,77.9,,False,80.999
28383,1.215,21.95,175.71,123.9992,-1,1,3,67.8,,False,85.999
28385,2.291,13.084,99.55,249.3809,-1,1,5,66.7,,False,58.999
28389,0.355,28.675,212.07,626.9188,-1,1,3,63.7,,False,157.42535403684184
28394,3.902,33.664,249.41,589.8642,-1,1,3,43.6,,False,77.999
28395,4.297,36.554,269.62,736.7373,-1,2,3,64.6,,False,70.999
28397,1.276,29.568,242.08,99.9558,-1,1,4,84.8,,False,78.77788888888888
28399,0.277,32.905,241.22,1088.2202,-1,1,3,55.0,,False,57.999
28407,0.56,30.723,252.43,96.921,-1,1,3,55.2,,False,109.999
28427,1.691,47.504,391.51,94.9257,-1,1,3,89.3,,False,106.999
28441,3.544,22.33,170.02,257.1884,-1,1,4,89.3,,False,2.8889999999999816
28446,4.231,34.051,252.25,592.9956,-1,1,3,79.2,,False,93.999
28448,1.208,21.896,163.59,412.8685,-1,1,3,50.7,,False,133.999
28449,0.598,20.438,155.4,263.0024,-1,1,3,80.7,,False,79.999
28460,3.378,40.639,299.13,844.9876,-1,2,3,93.4,,False,67.999
28461,1.641,26.292,212.47,113.0228,-1,1,3,77.5,,False,59.999
28467,0.763,14.434,113.99,141.8653,-1,1,3,85.5,,False,57.999
28486,0.618,6.728,51.77,187.009,-1,1,3,43.9,,False,85.999
28489,1.612,15.601,122.39,154.9449,-1,1,3,71.7,,False,120.999
28493,0.464,10.974,86.52,142.0198,-1,1,5,92.6,,False,11.151905513275253
28499,1.399,19.526,146.96,330.9771,-1,1,3,92.3,,False,102.999
28505,2.602,24.989,184.87,604.9736,-1,1,3,75.1,,False,58.44455555555555
28511,3.954,36.955,272.51,745.76,-1,1,4,61.5,,False,11.00011111111111
28513,1.829,47.047,378.73,118.9684,-1,1,4,88.0,,False,32.88900000000001
28516,3.675,33.397,247.29,604.4336,-1,1,3,78.3,,False,71.0001111111111
28518,0.236,19.601,148.37,288.8898,-1,1,4,71.3,,False,26.407356541264548
28522,2.353,23.489,173.74,606.967,-1,1,3,70.4,,False,83.7778888888889
28528,2.609,41.774,306.99,938.562,-1,1,3,58.2,,False,45.111222222222224
28537,1.97,41.832,337.27,116.9694,-1,1,3,89.1,,False,137.999
28538,1.546,27.383,201.49,813.6401,-1,1,3,65.2,,False,104.999
28551,0.618,29.254,235.11,119.9455,-1,1,3,73.9,,False,82.999
28557,4.42,34.905,258.03,651.5266,-1,1,3,96.6,,False,51.66677777777778
28558,1.882,23.108,172.37,436.9178,-1,1,3,88.8,,False,99.999
28562,1.84,43.098,321.72,449.2544,-1,1,3,91.8,,False,97.999
28574,0.414,21.684,164.5,277.1092,-1,1,3,68.1,,False,53.999
28576,2.837,26.758,210.55,152.9949,-1,1,3,47.3,,False,88.999
28578,4.148,41.649,306.05,936.6056,-1,1,3,63.6,,False,94.999
28581,1.179,20.623,159.12,201.0222,-1,1,4,85.4,,False,82.999
28584,0.365,20.295,165.98,99.955,-1,1,4,88.1,,False,51.817975100919256
28596,1.034,19.531,159.71,99.9552,-1,1,3,76.5,,False,52.111222222222224
28615,4.602,43.333,318.29,974.6552,-1,1,3,56.0,,False,22.777888888888896
28618,3.636,26.417,198.11,375.2945,-1,1,3,59.9,,False,78.999
28630,0.482,55.234,436.65,146.9806,-1,1,3,86.3,,False,70.999
28655,3.949,41.242,303.15,921.5677,-1,1,3,89.5,,False,71.999
28675,1.192,14.77,118.51,118.9921,-1,1,3,79.6,,False,49.00011111111111
28681,3.586,40.347,296.95,845.4896,-1,1,3,43.0,,False,12.666777777777781
28698,1.46,34.42,253.5,800.2154,-1,1,3,43.2,,False,69.999
28707,1.341,31.876,235.81,625.3696,-1,1,3,47.1,,False,49.999
28722,3.215,39.74,292.65,811.5853,-1,1,3,55.3,,False,94.999
28734,4.178,36.633,270.17,741.6593,-1,1,3,73.6,,False,46.44455555555555
28735,1.168,29.28,217.4,531.2512,-1,1,3,49.3,,False,18.33344444444444
28738,4.094,22.746,168.39,580.9695,-1,1,4,81.0,,False,1.8889999999999816
28739,1.272,4.433,34.63,141.0201,-1,1,3,83.1,,False,69.999
28754,0.54,28.255,219.21,187.0037,-1,1,3,66.0,,False,87.00011111111111
28757,2.658,16.703,123.96,502.3005,-1,1,3,66.4,,False,63.999
28767,3.533,24.787,186.25,353.1972,-1,1,3,77.5,,False,75.999
28768,4.17,38.417,283.06,789.7906,-1,1,3,52.3,,False,90.999
28777,3.276,13.009,98.98,249.4745,-1,1,3,64.4,,False,65.999
28781,3.231,44.361,325.58,1043.4859,-1,1,3,89.1,,False,104.999
28782,0.436,29.737,220.74,537.1934,-1,1,3,87.3,,False,101.999
28807,0.39,8.459,67.2,126.999,-1,1,3,74.0,,False,118.999
28815,4.062,38.074,280.58,777.7057,-1,1,3,38.7,,False,77.999
28822,1.429,24.193,180.1,470.8932,-1,1,3,66.6,,False,69.999
28823,3.97,37.446,276.02,765.1718,-1,1,3,60.4,,False,3.555666666666667
28831,1.159,26.219,196.73,369.4931,-1,1,3,87.3,,False,91.999
28843,3.331,36.38,268.58,701.4665,-1,1,3,51.2,,False,25.88900000000001
28857,0.597,23.154,171.9,518.7817,-1,1,3,59.5,,False,67.999
28861,2.98,31.704,232.54,1040.953,-1,1,4,48.6,,False,6.777888888888867
28863,1.751,0.961,7.15,116.9713,-1,1,3,57.2,,False,64.999
28889,4.005,40.542,298.4,846.8624,-1,1,3,96.7,,False,84.999
28892,4.177,31.074,230.64,541.3819,-1,1,3,81.1,,False,53.999
28895,1.737,25.088,185.62,604.9881,-1,1,3,97.4,,False,27.222333333333324
28918,4.277,35.856,264.74,699.629,-1,1,3,68.2,,False,92.999
28927,2.926,19.412,149.31,211.0681,-1,1,3,99.7,,False,53.999
28929,4.129,45.081,331.05,1002.7844,-1,1,3,94.8,,False,78.999
28937,2.55,24.858,187.12,337.1487,-1,1,3,85.2,,False,75.999
28939,2.098,13.043,99.24,249.369,-1,1,3,86.8,,False,70.999
28941,4.283,23.367,177.04,286.637,-1,1,3,40.3,,False,91.999
28948,0.958,16.443,135.13,94.9231,-1,1,3,43.3,,False,60.999
28959,3.758,38.935,287.4,715.5156,-1,1,3,89.6,,False,64.999
28976,0.636,7.548,59.36,141.0161,-1,1,3,51.2,,False,50.88900000000001
28980,4.335,35.64,263.1,699.7841,-1,1,3,57.1,,False,21.111222222222224
28982,4.144,36.311,267.9,726.1241,-1,1,3,50.4,,False,7.888999999999982
28988,2.581,34.068,251.69,671.3856,-1,1,3,49.1,,False,102.999
29002,1.295,24.311,180.58,510.8442,-1,1,3,82.9,,False,84.999
29004,0.522,17.403,143.42,92.9305,-1,1,3,69.9,,False,77.33344444444445
29010,4.403,37.233,274.45,765.8019,-1,1,3,56.8,,False,8.444555555555567
29022,0.83,46.938,412.82,59.0152,-1,1,3,85.6,,False,52.999
29040,4.071,40.461,297.78,846.8829,-1,1,3,62.5,,False,11.444555555555553
29045,0.577,21.191,162.78,217.0305,-1,1,3,49.2,,False,85.999
29049,0.475,54.998,454.52,92.9328,-1,1,3,51.5,,False,76.999
29080,0.405,26.172,194.63,492.9892,-1,1,3,61.5,,False,24.111222222222224
29091,1.909,13.117,99.79,249.256,-1,1,3,90.7,,False,54.999
29102,1.863,22.664,169.17,426.8577,-1,1,3,71.1,,False,49.999
29122,4.645,18.074,157.34,61.9874,-1,1,3,78.7,,False,4.6667777777777815
29126,2.323,13.072,99.46,249.4306,-1,1,3,45.9,,False,66.999
29139,1.433,42.118,347.94,92.929,-1,1,3,86.6,,False,26.777888888888896
29149,2.767,13.159,100.12,249.3655,-1,1,3,97.0,,False,55.999
29152,2.147,13.095,99.63,249.2846,-1,1,3,64.2,,False,52.999
29159,0.479,17.794,142.89,118.974,-1,1,3,85.3,,False,37.44455555555556
29175,2.179,13.055,99.32,249.3319,-1,1,3,38.0,,False,54.999
29236,1.343,24.733,183.73,510.8778,-1,1,3,49.3,,False,2.88900000000001
29263,0.834,21.756,162.54,412.8711,-1,1,3,50.6,,False,2.7778888888888886
29268,2.439,23.989,177.22,645.2514,-1,1,3,66.4,,False,1.44455555555556
