ID,RT,DT,CCS,m/z,Z,Ions,Freq.,Q Score,Sat.,Mark, 130 B2 7523.d.DeMP
1,3.23,21.095,161.62,227.2004,-1,5,21,100.0,x,False,313703.793170138
2,3.718,23.177,175.81,279.2322,-1,4,19,100.0,x,False,333350.4857992858
3,2.762,28.515,212.31,476.2792,-1,6,14,100.0,x,False,393730.55566666665
5,2.814,29.218,217.26,500.2803,-1,4,16,100.0,x,False,404963.66184747464
6,3.786,33.197,246.45,539.4331,-1,4,17,100.0,x,False,199403.06370289583
7,4.374,23.368,177.14,283.2637,-1,5,20,100.0,x,False,220.51136116037378
8,2.872,28.224,210.45,452.2791,-1,6,15,100.0,x,False,414380.999
9,3.36,29.205,217.41,480.311,-1,6,18,100.0,x,False,411301.21474204666
10,2.952,29.366,218.6,480.309,-1,5,16,100.0,x,False,354166.5535105834
11,2.771,22.868,169.88,505.9739,-1,5,22,100.0,x,False,243775.55846204568
13,0.403,17.668,136.86,187.0056,-1,5,16,100.0,x,False,391446.22233333334
16,3.519,28.985,215.97,464.3157,-1,5,16,100.0,x,False,198061.05044223668
21,2.234,22.398,166.43,498.9311,-1,5,16,100.0,x,False,344650.7753782548
26,4.165,39.869,293.34,861.5564,-1,6,18,100.0,x,False,237172.2160930198
27,2.514,22.643,171.97,271.2261,-1,5,13,100.0,x,False,300748.4445555555
28,3.273,27.998,208.97,436.284,-1,5,17,100.0,x,False,561.8399329459553
31,4.081,38.989,287.01,833.5248,-1,6,14,100.0,x,False,253486.999
32,3.814,24.203,182.9,305.248,-1,4,23,100.0,x,False,333300.7449543133
35,2.966,32.677,242.42,554.3485,-1,4,15,100.0,x,False,178.999
40,3.378,30.379,225.82,508.3425,-1,5,14,100.0,x,False,176369.999
45,4.118,40.327,296.6,883.5404,-1,5,16,100.0,x,False,293468.5680538513
47,4.09,39.632,291.62,857.5256,-1,7,12,100.0,x,False,333751.999
49,2.327,32.351,239.39,619.2918,-1,6,15,100.0,x,False,243036.999
50,3.525,24.133,182.41,303.2333,-1,5,14,100.0,x,False,415454.24680029997
52,2.586,23.22,171.99,569.9689,-1,4,24,100.0,x,False,35353.3805285109
54,0.635,21.078,160.4,259.0267,-1,5,15,100.0,x,False,217758.999
55,1.796,20.196,151.02,398.9362,-1,3,14,100.0,x,False,323511.999
60,3.65,25.212,189.97,329.2476,-1,5,15,100.0,x,False,219018.7778888889
63,1.213,26.169,196.36,369.1737,-1,6,13,100.0,x,False,967.999
64,3.432,23.45,174.13,514.9818,-1,5,15,100.0,x,False,56189.999
65,2.774,32.911,243.91,578.3487,-1,4,14,100.0,x,False,186139.999
66,2.995,33.264,246.52,580.3653,-1,4,15,100.0,x,False,168535.999
70,3.052,28.778,214.23,478.2952,-1,3,7,100.0,x,False,411206.889
71,3.972,33.824,250.56,591.4662,-1,8,14,100.0,x,False,162090.28516973855
73,2.478,24.103,181.8,319.2273,-1,3,13,100.0,x,False,75192.999
74,2.882,32.691,242.53,554.3478,-1,4,11,100.0,x,False,339153.999
75,2.801,29.767,221.31,504.3111,-1,5,14,100.0,x,False,139477.999
76,3.025,24.841,187.2,327.29,-1,5,15,100.0,x,False,37744.55566666667
82,1.281,27.7,207.36,397.2055,-1,5,14,100.0,x,False,16159.999
84,1.741,18.646,139.75,368.9756,-1,3,12,100.0,x,False,106308.999
85,4.197,39.155,288.23,835.5402,-1,5,15,100.0,x,False,112868.999
87,4.23,40.266,296.11,885.5579,-1,7,8,100.0,x,False,412405.77329545456
88,3.146,21.979,167.46,253.2172,-1,5,13,100.0,x,False,217834.27188448218
89,2.904,29.921,222.22,526.2946,-1,4,13,100.0,x,False,247931.999
90,2.453,27.135,202.56,433.2369,-1,5,19,100.0,x,False,58143.91035241605
91,3.584,24.13,179.06,531.0103,-1,5,14,100.0,x,False,19200.999
92,1.389,26.95,200.98,448.3065,-1,5,10,100.0,x,False,4694.999
94,3.202,23.015,174.63,277.2175,-1,4,12,100.0,x,False,419272.69492973824
96,3.529,31.423,234.46,445.3335,-1,5,14,93.7,x,False,77210.61341603503
98,3.313,28.703,214.58,415.3221,-1,4,13,100.0,x,False,3452.999
100,3.495,32.004,237.89,511.4018,-1,5,15,100.0,x,False,37766.22233333333
102,3.172,21.212,161.7,250.1437,-1,4,21,100.0,x,False,53744.47728512895
111,4.034,28.605,213.68,425.3638,-1,4,17,100.0,x,False,153320.65197025184
117,3.176,30.009,223.09,506.327,-1,3,16,100.0,x,False,141129.00011111112
122,2.761,20.838,159.72,225.1847,-1,4,20,100.0,x,False,82875.39799503962
123,2.865,29.748,220.94,524.284,-1,4,6,97.4,x,False,326223.55566666665
130,4.331,31.315,232.95,495.4069,-1,5,18,100.0,x,False,66436.99466327671
131,4.236,36.521,269.48,722.5178,-1,4,7,100.0,x,False,349456.999
136,3.861,30.338,225.51,509.332,-1,2,14,100.0,x,False,808.999
141,2.904,29.271,217.64,502.2944,-1,4,10,100.0,x,False,237176.999
142,2.356,27.529,205.57,429.3016,-1,4,15,100.0,x,False,62382.999
143,2.35,23.526,177.97,297.2423,-1,4,11,100.0,x,False,104265.999
145,3.405,30.709,228.86,463.3434,-1,3,12,100.0,x,False,3582.999
148,2.016,19.729,147.28,418.9726,-1,3,14,100.0,x,False,17095.801655992404
152,3.598,21.673,165.53,241.2161,-1,4,17,100.0,x,False,43419.197894999525
153,3.462,27.804,244.28,59.0126,-1,3,17,100.0,x,False,54616.79720398345
159,2.758,23.64,178.78,299.2584,-1,4,22,100.0,,False,85025.28764020641
160,2.39,26.501,196.21,589.0178,-1,6,8,100.0,x,False,27111.05565775506
161,3.717,31.406,234.31,447.3487,-1,5,11,94.7,x,False,21748.666777777777
162,1.552,26.132,196.08,369.1736,-1,4,13,100.0,x,False,6574.999
163,2.671,23.597,178.51,297.2431,-1,4,8,100.0,x,False,99734.999
165,3.639,33.842,250.8,581.4575,-1,4,17,100.0,x,False,154948.75650727336
167,4.206,33.721,249.76,593.4825,-1,5,12,100.0,x,False,265071.17770873295
168,3.286,29.991,223.47,465.3599,-1,3,18,98.3,x,False,43483.80857055918
174,0.402,15.068,122.18,107.0482,-1,3,14,100.0,x,False,164556.999
177,4.215,33.359,247.28,573.4556,-1,4,9,100.0,x,False,41099.55566666667
182,2.616,27.557,205.53,447.2521,-1,3,15,100.0,x,False,182.889
183,3.024,20.855,159.56,233.153,-1,4,16,100.0,x,False,15802.444555555556
187,3.948,38.444,283.14,807.5108,-1,5,15,100.0,x,False,59890.55566666667
188,4.195,33.797,250.36,591.465,-1,8,14,98.1,x,False,6112.519929421263
189,2.785,33.497,248.04,602.3493,-1,4,15,100.0,,False,76671.999
190,2.95,25.455,187.94,669.9637,-1,3,10,100.0,,False,69537.999
191,0.635,18.378,142.79,179.0696,-1,3,15,100.0,,False,57252.999
192,1.839,28.587,213.2,449.255,-1,4,14,100.0,x,False,13057.999
193,2.717,28.142,209.82,452.2802,-1,5,7,100.0,x,False,21442.000111111112
198,3.953,37.164,274.06,746.5182,-1,8,9,97.3,,False,113497.999
201,3.211,32.341,240.11,537.4179,-1,4,7,100.0,x,False,136790.999
204,2.046,21.426,159.66,448.9334,-1,5,15,100.0,,False,32368.999
205,0.379,16.638,129.53,172.9897,-1,4,16,100.0,,False,75696.33344444445
206,3.57,31.487,233.97,517.3912,-1,2,13,96.6,,False,9192.999
207,4.436,33.124,245.54,573.455,-1,4,11,100.0,x,False,74692.29035353348
210,4.187,41.013,301.53,909.5571,-1,4,13,100.0,x,False,42755.999
213,3.864,30.391,226.34,473.3646,-1,5,16,97.3,,False,27412.408685018483
214,2.92,32.542,242.31,480.3109,-1,4,8,100.0,,False,108264.999
216,4.354,40.116,295.15,863.5709,-1,5,15,100.0,x,False,20823.000111111112
217,3.06,21.946,167.28,251.201,-1,4,21,100.0,,False,81836.7190619193
219,3.44,31.991,237.8,511.4013,-1,5,15,100.0,,False,90723.32013837624
220,4.036,40.162,295.4,881.5252,-1,2,13,100.0,,False,36749.999
223,2.303,23.393,177.01,295.2271,-1,4,14,100.0,x,False,28662.333444444444
225,0.404,17.685,136.29,203.0001,-1,5,15,100.0,,False,69895.999
227,2.911,30.717,228.62,485.3855,-1,4,15,100.0,,False,16315.999
229,3.766,22.598,171.75,267.2319,-1,4,23,100.0,x,False,132205.20773417794
230,4.009,23.259,176.32,283.2547,-1,3,8,100.0,,False,112860.999
231,3.835,25.14,189.37,331.264,-1,4,14,100.0,,False,139806.2461904228
232,4.001,29.764,221.99,449.365,-1,4,10,100.0,,False,84685.78527454197
235,1.877,18.228,141.63,179.0715,-1,4,4,100.0,x,False,322059.999
238,4.208,39.816,293.21,816.582,-1,6,13,86.6,,False,32249.999
244,4.285,37.128,273.79,748.5338,-1,3,4,100.0,x,False,349190.999
246,3.997,33.775,250.19,593.4787,-1,4,9,100.0,x,False,174119.8828198105
250,3.128,27.821,207.64,436.2857,-1,3,5,100.0,x,False,294467.55566666665
259,2.784,27.201,203.2,423.2519,-1,4,16,100.0,x,False,2059.666777777778
266,3.627,23.082,175.07,279.3283,-1,2,4,59.7,x,False,182239.999
267,3.061,32.979,245.08,517.3915,-1,4,12,100.0,,False,11294.999
268,2.79,32.874,244.47,504.311,-1,4,13,100.0,,False,34585.999
270,1.549,27.65,206.95,399.2213,-1,5,13,100.0,x,False,2333.999
271,4.38,37.105,273.61,748.5341,-1,5,7,98.7,x,False,114103.16906363648
272,3.385,33.567,249.58,508.3426,-1,4,15,100.0,,False,30090.999
273,2.855,31.059,231.2,483.3696,-1,4,8,99.2,,False,396.999
274,3.294,30.612,227.79,489.3599,-1,2,11,97.5,,False,2692.999
275,3.276,25.65,192.64,359.2203,-1,4,14,100.0,,False,62033.999
277,2.66,32.303,239.66,552.333,-1,3,15,100.0,,False,37183.999
278,3.063,33.211,246.96,506.327,-1,4,15,100.0,,False,29671.999
280,4.534,28.403,212.64,397.3682,-1,4,15,100.0,,False,20119.999
281,3.806,31.797,236.28,517.3917,-1,2,15,88.6,,False,15290.102408551455
286,3.837,31.462,234.1,491.3761,-1,2,12,100.0,,False,38475.999
288,0.256,16.12,125.79,167.0195,-1,3,13,100.0,x,False,52277.999
290,2.788,27.468,205.02,435.2526,-1,3,20,100.0,,False,26106.96520805858
291,4.214,31.372,233.37,495.4065,-1,4,9,100.0,,False,4294.222333333333
292,3.478,23.117,175.29,281.2488,-1,3,7,100.0,x,False,226292.7827455639
293,3.529,25.057,188.78,329.2502,-1,4,5,100.0,x,False,1766.8190458052388
294,2.794,30.453,226.15,528.3101,-1,4,12,100.0,,False,47032.999
295,2.879,27.857,207.74,449.2684,-1,3,16,100.0,x,False,638.4445555555556
300,4.32,37.883,279.21,772.5346,-1,6,6,96.5,,False,79756.999
301,2.964,28.293,208.94,669.9633,-1,3,10,100.0,,False,45806.30932783753
305,3.418,30.18,224.88,465.3597,-1,2,13,96.8,,False,11860.758552947269
306,1.197,26.084,195.75,367.1598,-1,2,5,100.0,x,False,43231.999
309,3.199,29.605,220.9,443.3175,-1,3,14,100.0,,False,7833.999
310,3.192,31.458,233.85,509.3867,-1,2,12,97.1,,False,11399.999
315,3.032,29.009,216.03,473.3493,-1,4,13,100.0,x,False,3238.999
320,2.482,26.684,200.31,365.2686,-1,4,15,98.4,,False,5340.777888888889
321,3.194,32.252,239.47,535.402,-1,4,13,100.0,,False,10044.999
323,3.123,29.898,222.4,494.3267,-1,3,13,100.0,,False,9438.999
329,3.508,24.902,187.66,327.2357,-1,4,3,100.0,x,False,281109.999
331,2.585,23.532,178.01,297.2427,-1,4,11,100.0,,False,31484.88328949333
333,2.747,30.776,229.09,483.3707,-1,4,9,99.9,,False,22692.999
337,2.953,28.361,212.01,415.3258,-1,4,5,100.0,x,False,74856.999
339,4.041,36.895,272.12,740.5276,-1,5,8,98.5,,False,46557.999
341,1.349,25.965,194.81,369.1767,-1,5,4,91.7,x,False,89059.0001111111
342,2.354,22.409,170.19,271.2287,-1,4,4,100.0,x,False,15088.333444444444
344,2.432,20.861,159.99,223.1685,-1,3,15,100.0,,False,11191.999
345,2.465,21.154,162.16,225.2208,-1,3,13,100.0,,False,16309.999
349,2.479,24.407,184.45,305.2147,-1,4,18,100.0,,False,2222.41449800798
353,3.14,29.541,220.0,473.2842,-1,4,22,100.0,,False,11127.504742528437
354,4.041,40.36,297.09,840.5807,-1,8,7,99.9,x,False,65162.999
362,3.424,32.432,240.87,529.4258,-1,4,17,100.0,,False,71250.1880895503
363,2.57,27.614,205.81,457.2391,-1,4,3,100.0,x,False,241088.999
365,3.165,29.144,217.54,437.3275,-1,2,16,100.0,,False,8604.889
366,4.099,33.476,248.22,567.4652,-1,5,7,98.5,x,False,24593.999
367,3.054,29.991,222.7,528.3127,-1,4,10,100.0,x,False,64395.438742462844
369,3.85,33.331,247.16,565.4496,-1,7,13,100.0,,False,16534.999
370,3.651,30.928,230.1,493.3918,-1,4,17,100.0,,False,39705.90375822314
374,3.146,28.518,212.49,462.3031,-1,2,5,100.0,x,False,172135.7475950358
388,2.896,26.757,200.09,409.2362,-1,4,15,100.0,,False,49459.777888888886
389,2.55,25.826,191.35,569.9694,-1,3,10,100.0,,False,41051.62048989996
393,2.564,27.363,204.58,412.2863,-1,4,11,100.0,x,False,7814.999
394,3.206,24.215,182.89,309.2044,-1,4,20,100.0,,False,29788.64288597479
396,3.587,31.848,237.31,465.3087,-1,6,3,100.0,x,False,187147.7778888889
397,2.627,33.59,248.91,583.2586,-1,4,11,100.0,,False,5935.999
398,1.693,24.522,184.62,335.2214,-1,2,9,100.0,x,False,1963.999
399,3.542,24.169,184.0,259.2419,-1,3,15,100.0,,False,28945.999
401,1.998,17.825,134.18,326.7645,-1,8,14,100.0,,False,2286.999
405,3.774,30.217,225.11,467.3767,-1,4,5,100.0,,False,90521.999
406,2.12,23.276,176.42,284.2223,-1,3,15,100.0,,False,16499.999
409,4.24,37.167,273.98,762.5139,-1,7,11,100.0,,False,5503.3334444444445
411,3.138,31.542,234.48,509.3863,-1,5,12,98.4,,False,17643.999
413,4.489,33.899,251.27,577.4845,-1,4,12,100.0,,False,29315.222333333335
418,4.144,40.013,294.35,871.5418,-1,3,11,100.0,,False,18866.999
419,3.969,35.358,261.4,653.4097,-1,4,16,100.0,,False,23687.111222222222
423,3.402,39.754,292.75,816.5827,-1,6,11,99.0,,False,7753.999
428,4.036,33.104,245.46,567.4653,-1,4,13,100.0,,False,29628.970635075097
429,1.377,24.272,182.77,333.206,-1,3,9,100.0,x,False,3778.999
430,3.92,25.954,193.09,485.0701,-1,5,14,100.0,,False,3115.4911641851213
431,2.844,32.162,238.77,537.4171,-1,3,11,100.0,,False,4987.999
439,4.061,39.045,287.87,761.5879,-1,3,10,100.0,,False,21561.999
442,0.402,17.612,142.91,107.0485,-1,3,15,100.0,,False,59775.999
447,3.666,30.272,225.56,465.3598,-1,2,9,97.6,,False,11517.999
449,0.634,21.014,163.36,179.0691,-1,3,15,100.0,,False,22588.999
450,4.24,37.898,279.32,773.5376,-1,3,10,93.7,,False,5565.999
453,0.514,17.351,133.39,211.0229,-1,4,15,100.0,,False,4075.999
454,2.437,24.323,183.51,317.2118,-1,4,7,81.0,x,False,585.5556666666666
455,3.542,34.761,257.17,629.4583,-1,4,15,100.0,,False,23276.999
456,0.299,13.156,107.75,96.9584,-1,3,19,100.0,,False,23065.723417725763
458,4.543,31.653,235.37,503.412,-1,4,13,100.0,,False,16592.222333333335
460,3.887,37.171,274.1,749.5374,-1,3,4,99.4,x,False,218884.999
461,1.613,23.679,178.78,311.2239,-1,2,4,100.0,x,False,187589.999
462,4.142,37.825,278.79,771.5238,-1,3,12,100.0,,False,20663.666777777777
466,4.375,36.433,268.85,720.501,-1,8,10,100.0,,False,3578.444555555555
469,3.968,29.977,223.01,492.3472,-1,2,15,100.0,,False,19951.102031481954
476,2.252,28.085,209.7,431.3168,-1,3,14,100.0,,False,3630.999
477,2.662,26.989,201.86,407.1455,-1,6,7,100.0,,False,7683.999
480,3.121,21.447,163.88,239.2008,-1,3,24,100.0,,False,6166.480140780437
482,1.685,25.402,190.77,359.2223,-1,2,11,100.0,x,False,694.999
483,3.153,29.152,217.57,439.3439,-1,4,15,99.3,,False,32812.18695845095
485,4.433,37.749,278.2,772.5346,-1,5,4,99.3,,False,91862.999
488,3.867,31.351,233.9,447.349,-1,4,16,92.9,,False,18370.191964489808
489,2.714,29.166,217.64,441.3588,-1,4,14,100.0,,False,5712.999
490,1.621,27.07,202.73,391.2852,-1,4,12,100.0,,False,43550.999
491,3.744,39.747,292.68,816.5848,-1,6,7,98.0,,False,63230.999
494,0.378,16.635,128.75,188.9874,-1,5,3,100.0,x,False,144650.22233333334
495,3.304,23.44,177.69,283.2631,-1,3,13,100.0,,False,18916.999
497,4.41,33.967,251.56,595.498,-1,5,6,100.0,x,False,313682.59218730376
498,0.402,24.319,181.98,397.0033,-1,5,13,100.0,,False,87263.999
501,3.997,31.581,234.96,493.3915,-1,4,13,82.4,,False,3460.666777777778
507,2.039,23.971,180.9,315.2533,-1,4,13,100.0,,False,5784.999
519,3.616,29.705,221.01,490.3322,-1,3,12,100.0,x,False,8725.999
522,3.657,32.509,242.08,479.3209,-1,5,15,100.0,,False,12064.999
524,0.596,15.779,123.45,160.9547,-1,6,15,100.0,,False,1702.999
531,0.77,23.487,177.33,311.1421,-1,4,7,100.0,,False,93364.999
533,0.786,19.639,150.37,229.0544,-1,4,3,100.0,x,False,5802.999
536,0.392,19.205,146.96,230.9948,-1,3,13,100.0,,False,8827.999
540,2.611,27.865,207.79,450.2635,-1,3,13,100.0,,False,15942.999
541,3.162,35.967,265.33,729.4446,-1,6,3,100.0,x,False,76.999
542,2.702,28.979,216.3,437.3276,-1,2,15,100.0,,False,9125.999
543,4.496,30.979,230.69,477.3957,-1,4,15,100.0,,False,12261.00011111111
545,3.646,25.869,194.25,361.2361,-1,4,23,100.0,,False,34916.89766350771
547,3.253,32.319,240.05,527.4098,-1,4,14,100.0,,False,45017.999
550,1.722,14.025,115.44,93.0328,-1,3,14,100.0,,False,9524.999
551,1.953,24.066,181.67,313.238,-1,2,12,100.0,,False,11809.222333333333
552,4.127,32.375,240.27,545.4232,-1,4,10,100.0,,False,34335.999
553,0.549,15.827,124.9,144.0435,-1,3,12,100.0,,False,2313.999
554,2.772,27.102,202.31,433.2364,-1,2,14,100.0,,False,29697.48858054296
555,3.569,22.594,171.97,259.2417,-1,3,15,100.0,,False,20240.889
556,3.042,29.535,220.26,451.3435,-1,4,12,100.0,,False,10811.999
558,3.251,29.229,217.46,489.2808,-1,3,5,100.0,,False,44748.33344444444
560,1.944,29.276,217.85,487.3287,-1,4,15,100.0,,False,11971.999
562,3.371,33.526,248.62,565.3649,-1,3,14,100.0,,False,15743.999
563,3.267,22.809,172.9,283.1092,-1,3,10,100.0,,False,10144.222333333333
566,4.213,32.074,238.29,521.4233,-1,3,12,100.0,,False,20337.18703272214
569,4.425,24.219,182.91,309.2805,-1,4,11,100.0,,False,165202.09449194797
570,3.394,29.655,221.24,445.3341,-1,3,7,97.1,,False,79083.999
573,2.426,22.443,170.34,275.1663,-1,4,7,100.0,x,False,1810.1112222222223
575,4.253,41.197,302.88,911.5709,-1,7,12,100.0,,False,28118.999
576,1.883,29.421,218.7,507.2249,-1,4,14,100.0,,False,3642.999
579,3.625,29.904,222.25,511.3112,-1,4,10,100.0,,False,31102.999
581,4.328,30.614,228.47,441.3954,-1,4,15,100.0,,False,14753.999
584,3.461,23.947,181.05,301.2188,-1,4,7,100.0,x,False,81125.7135693337
586,3.962,37.419,275.84,764.5281,-1,6,8,97.7,,False,25502.999
587,4.113,30.128,222.74,641.0937,-1,6,9,100.0,,False,7656.222333333333
588,2.933,44.74,328.32,1049.6884,-1,5,13,100.0,,False,18439.999
590,3.215,39.696,292.32,816.5827,-1,4,11,93.0,,False,19420.999
592,3.103,30.219,225.15,467.374,-1,2,10,80.2,,False,7976.999
595,3.073,23.979,180.96,315.2534,-1,3,13,100.0,,False,4404.999
602,0.962,26.345,197.68,369.1732,-1,4,9,100.0,,False,3111.5556666666666
603,3.494,30.864,230.47,433.3325,-1,4,12,98.9,,False,994.999
606,2.859,28.276,210.83,452.3959,-1,2,8,56.8,,False,257.999
608,1.092,17.85,136.13,244.9078,-1,8,6,100.0,x,False,35725.999
614,3.515,36.533,269.57,722.5179,-1,4,5,93.7,,False,55222.999
615,2.725,21.941,167.31,249.1848,-1,3,16,100.0,,False,8973.555666666667
620,3.877,33.243,246.27,589.45,-1,2,13,100.0,,False,25049.78592104824
621,2.591,28.969,215.67,478.2948,-1,2,11,97.3,,False,41651.81671816053
622,3.383,30.459,226.93,467.3759,-1,4,5,100.0,,False,84422.22233333334
623,3.152,27.393,205.1,394.3323,-1,2,12,100.0,,False,29325.999
627,3.18,29.586,219.96,504.3112,-1,2,11,100.0,,False,9515.222333333333
632,4.129,28.165,208.85,557.11,-1,6,14,100.0,,False,501.999
635,3.97,34.518,255.51,613.5069,-1,3,14,100.0,,False,19263.222333333335
641,2.544,24.084,182.1,301.2162,-1,3,14,100.0,,False,5436.000111111111
644,2.479,30.475,226.87,481.3545,-1,3,14,94.6,,False,11783.999
645,3.753,32.667,242.55,533.4606,-1,3,6,100.0,,False,84504.82279964934
648,3.523,31.111,231.67,477.3912,-1,3,6,100.0,,False,563.999
650,1.565,23.073,174.14,313.1201,-1,2,4,100.0,,False,2234.999
651,4.32,35.909,265.13,698.5167,-1,7,6,100.0,,False,14111.555666666674
652,3.967,33.538,247.88,655.426,-1,5,9,100.0,,False,26250.444555555554
653,2.957,33.598,248.77,604.3648,-1,3,13,100.0,,False,16276.999
654,3.167,35.818,265.7,561.3818,-1,4,14,100.0,,False,5944.999
656,4.537,29.893,221.98,528.274,-1,4,11,100.0,,False,3561.624269380348
658,4.009,36.811,271.44,746.5219,-1,6,3,100.0,,False,94247.999
660,3.03,23.823,177.56,450.9266,-1,7,11,100.0,x,False,404.999
662,0.459,18.059,139.35,199.0053,-1,3,23,100.0,,False,2621.355413257459
666,4.04,31.898,237.01,519.4068,-1,2,9,92.6,,False,38907.999
670,2.43,29.436,218.78,509.2946,-1,4,4,100.0,,False,101067.999
672,3.931,40.401,297.38,842.5968,-1,5,7,99.9,,False,9115.999
675,3.227,29.582,220.58,453.3602,-1,2,8,99.6,,False,7340.6667777777775
676,2.196,25.036,188.42,339.2534,-1,4,15,100.0,,False,5964.999
677,0.38,14.017,115.38,93.0328,-1,2,14,100.0,,False,18481.999
678,3.026,28.657,213.49,466.2945,-1,3,8,93.7,,False,23970.999
679,3.073,30.617,228.17,463.344,-1,2,9,83.0,,False,917.999
680,3.594,28.811,214.91,446.3331,-1,1,6,89.2,,False,7196.999
682,0.402,17.592,147.67,79.9556,-1,1,15,98.7,,False,33632.999
683,3.619,40.36,297.09,840.5816,-1,8,11,87.9,,False,13316.999
685,2.485,30.031,223.88,457.3533,-1,4,8,100.0,,False,6804.999
687,0.25,18.18,138.38,254.9804,-1,4,15,100.0,,False,26509.999
688,2.345,26.037,195.2,378.2415,-1,3,12,100.0,,False,21705.999
690,3.953,32.156,238.93,519.4074,-1,4,10,92.1,,False,1429.999
692,3.355,32.911,244.58,517.3915,-1,4,10,83.9,,False,10175.999
694,2.399,24.507,181.9,524.9902,-1,2,5,100.0,,False,18253.509440141876
695,3.452,30.207,225.11,463.3438,-1,2,7,97.7,,False,11983.111222222222
696,3.815,36.979,272.74,742.5445,-1,4,9,88.3,,False,18687.999
698,0.467,22.016,167.32,267.1226,-1,4,15,100.0,,False,9142.999
701,3.123,32.741,243.08,537.4165,-1,4,8,67.0,,False,996.999
702,4.164,39.501,290.71,847.5411,-1,5,13,100.0,,False,6293.999
703,2.943,28.436,209.74,714.957,-1,4,21,100.0,,False,9303.296587628778
704,3.298,23.398,177.37,283.2631,-1,3,13,100.0,,False,3269.2912575393357
707,0.516,17.037,131.69,193.0121,-1,3,13,100.0,,False,2231.999
708,2.326,25.387,190.03,395.2442,-1,4,22,100.0,,False,1809.7281818093034
709,3.846,27.919,208.55,425.1119,-1,7,12,100.0,,False,15924.999
711,1.52,23.223,175.29,313.1183,-1,3,10,100.0,,False,41634.999
712,3.904,29.75,222.04,439.38,-1,3,14,100.0,,False,12669.999
714,2.794,32.727,242.72,561.3332,-1,3,15,100.0,,False,11311.999
716,2.974,29.4,218.66,496.3058,-1,4,12,100.0,,False,20530.999
719,3.638,29.488,219.62,472.3493,-1,3,10,100.0,,False,5442.999
724,0.386,15.447,121.31,153.0172,-1,3,15,100.0,,False,8687.999
730,2.452,25.081,188.68,343.2272,-1,4,13,100.0,,False,11378.999
734,2.394,23.491,177.55,303.1995,-1,4,4,100.0,x,False,1897.999
739,4.058,32.381,240.31,545.4234,-1,4,9,99.9,,False,1796.000111111111
741,3.727,24.607,185.4,329.0459,-1,4,14,100.0,,False,339.999
745,2.714,25.83,194.13,352.2851,-1,2,12,100.0,,False,18095.999
752,2.804,23.516,177.83,299.2607,-1,4,4,82.4,,False,38202.11122222222
753,2.372,27.434,204.86,429.301,-1,4,4,100.0,x,False,132.11122222222224
755,3.795,37.415,275.8,766.5436,-1,4,8,96.3,,False,11469.999
758,1.096,27.758,207.89,391.2857,-1,4,12,100.0,,False,11644.999
761,3.479,31.47,234.19,489.3598,-1,2,12,100.0,,False,6595.999
764,4.391,35.674,263.37,698.5203,-1,4,6,99.7,,False,55468.68245207298
768,4.321,37.972,279.76,788.5279,-1,8,15,100.0,,False,1665.8781595228793
774,4.459,32.519,241.32,547.4388,-1,2,13,98.8,,False,8326.999
775,3.133,24.294,185.02,257.2262,-1,3,13,100.0,,False,5270.999
777,3.996,38.24,281.74,790.543,-1,4,9,97.9,,False,22501.444555555558
779,3.047,27.774,207.99,393.3007,-1,2,12,95.9,,False,4987.999
781,3.354,22.588,171.74,265.2156,-1,3,16,100.0,,False,12747.85101595993
782,3.399,35.278,269.14,253.2162,-1,3,13,100.0,,False,21684.999
783,3.225,22.8,172.83,283.1096,-1,3,22,100.0,,False,1067.609975190141
784,4.196,36.563,269.95,700.5318,-1,4,11,100.0,,False,6206.999
785,2.607,25.121,189.01,341.2698,-1,2,19,100.0,,False,6012.481709571207
787,1.942,25.035,188.32,343.2845,-1,3,11,100.0,,False,3216.999
792,1.484,24.849,186.76,351.2168,-1,2,7,100.0,x,False,586.999
793,2.888,25.339,190.54,347.2588,-1,3,15,100.0,,False,12420.999
794,2.776,31.296,232.67,507.3704,-1,3,13,99.2,,False,9467.999
796,3.665,21.843,166.7,245.1898,-1,3,15,100.0,,False,1910.999
797,3.934,33.087,245.41,559.4753,-1,4,8,88.1,,False,70806.999
799,2.832,32.369,240.31,537.3337,-1,3,7,100.0,,False,32001.999
800,2.523,28.474,212.03,474.2619,-1,3,12,100.0,,False,158.999
802,4.092,38.6,284.28,809.525,-1,4,12,100.0,,False,10401.999
804,0.389,17.769,136.33,218.9951,-1,2,15,100.0,,False,11863.999
805,4.113,30.83,229.6,475.3802,-1,4,9,88.6,,False,7812.999
808,3.429,34.376,254.56,603.441,-1,6,11,100.0,,False,14521.999
812,3.691,29.026,216.54,445.3331,-1,2,5,51.1,,False,2280.999
816,3.424,24.961,187.93,335.2209,-1,3,15,100.0,,False,39511.03009027445
818,2.754,26.997,201.66,423.2549,-1,4,3,100.0,,False,1438.999
819,0.378,16.962,131.75,179.0567,-1,3,4,100.0,,False,111955.999
825,0.406,15.197,121.56,123.0428,-1,3,15,100.0,,False,17372.999
827,4.067,40.588,298.74,844.6133,-1,3,6,100.0,,False,17144.999
832,3.075,30.903,229.65,515.376,-1,4,9,96.0,,False,5835.999
835,3.945,25.937,194.29,387.0344,-1,4,10,100.0,,False,1851.999
836,4.475,32.978,244.71,549.4548,-1,6,13,88.9,,False,5292.999
843,2.427,19.898,153.59,199.1711,-1,3,3,100.0,,False,82848.66677777778
845,1.208,28.212,210.71,427.2157,-1,4,13,100.0,,False,1870.999
848,0.882,27.139,202.18,464.3017,-1,4,6,100.0,,False,1142.999
849,2.568,30.237,224.51,531.274,-1,4,13,100.0,,False,610.999
852,1.693,24.408,183.8,333.2047,-1,2,11,100.0,,False,9157.999
855,2.879,34.602,255.64,671.3989,-1,2,4,100.0,,False,254.999
859,4.098,32.215,239.35,521.4227,-1,5,10,97.9,,False,27773.889
861,2.666,27.941,208.23,459.2522,-1,3,13,100.0,,False,7690.999
864,4.06,22.158,168.7,257.2396,-1,4,8,100.0,,False,90627.39162883806
865,2.07,23.069,174.5,297.1506,-1,4,7,93.3,,False,117.999
870,2.633,32.243,240.1,478.2948,-1,4,13,100.0,,False,9122.999
871,4.079,34.046,252.26,585.4918,-1,3,9,100.0,,False,44505.09142508166
874,2.618,25.143,189.1,345.2435,-1,4,12,100.0,,False,11354.999
877,2.727,27.431,204.57,447.2544,-1,3,4,100.0,,False,213.999
878,0.432,18.57,142.77,212.0026,-1,3,5,100.0,,False,70071.999
880,1.937,29.164,217.45,453.3234,-1,4,9,97.8,,False,1678.999
881,2.569,24.301,183.26,321.2429,-1,2,11,99.1,,False,14096.111222222222
884,2.859,32.194,238.39,599.3262,-1,4,4,100.0,,False,49290.889
886,2.479,25.701,192.62,381.2047,-1,3,12,100.0,,False,11692.999
887,3.492,28.723,214.63,421.3335,-1,4,7,96.4,,False,13406.666777777778
888,3.218,24.714,186.28,325.2739,-1,2,15,100.0,,False,12202.480263760515
891,3.987,26.911,201.53,391.1514,-1,6,4,100.0,,False,705.999
901,0.396,13.055,109.43,79.9554,-1,1,13,96.6,,False,21754.999
902,2.038,21.611,164.99,243.1952,-1,3,12,100.0,,False,3364.999
903,3.342,31.494,234.03,517.3918,-1,4,11,74.8,,False,7524.278468013961
905,2.528,23.148,175.53,281.1724,-1,4,16,100.0,,False,1397.666777777778
906,2.7,27.851,207.81,441.1076,-1,7,5,100.0,,False,2400.999
908,3.845,29.385,219.37,435.3489,-1,3,13,96.7,,False,9592.999
912,3.909,38.252,281.85,786.514,-1,6,12,100.0,,False,13236.999
914,2.786,33.437,248.37,528.3115,-1,4,15,100.0,,False,13578.999
916,3.287,30.481,227.07,469.3895,-1,3,10,97.7,,False,2879.999
918,0.442,28.216,218.9,187.0064,-1,4,5,100.0,,False,144637.999
919,4.192,33.189,246.05,571.4395,-1,5,12,100.0,,False,3384.999
923,4.106,30.326,226.32,441.3947,-1,4,13,100.0,,False,4056.999
925,0.246,16.427,132.76,111.0072,-1,2,22,100.0,,False,118.7846346654751
927,4.293,31.315,232.88,501.3964,-1,4,11,95.3,,False,16523.70983232458
932,4.375,38.366,282.75,778.548,-1,4,6,100.0,,False,7322.999
933,4.338,40.58,298.55,864.584,-1,4,10,100.0,,False,42171.02487920577
937,4.548,29.742,220.9,524.2442,-1,3,16,98.4,,False,2135.599948931719
942,2.99,27.309,204.39,399.3121,-1,3,14,100.0,,False,6672.999
944,0.377,17.608,261.78,238.0759,-2,5,14,100.0,,False,2175.999
948,2.947,31.972,237.38,535.4018,-1,4,8,72.8,,False,9913.999
950,2.799,26.804,200.44,409.2359,-1,3,18,98.1,,False,4290.9682109633195
951,0.448,29.013,215.62,510.2546,-1,4,15,100.0,,False,6483.999
953,3.748,29.437,219.57,447.3498,-1,2,5,100.0,,False,40789.582552232445
959,3.519,35.765,272.87,253.2158,-1,3,14,100.0,,False,18546.999
964,3.257,27.589,206.2,417.3016,-1,2,11,80.1,,False,977.999
973,2.732,30.372,225.64,520.3062,-1,3,11,100.0,,False,1965.999
981,2.504,22.361,169.88,269.2114,-1,2,21,100.0,,False,7015.649296503207
983,3.372,27.733,205.1,623.0594,-1,4,3,100.0,,False,16935.999
985,2.032,28.611,213.06,473.232,-1,4,11,100.0,,False,23109.111222222222
988,3.368,27.746,207.07,437.268,-1,3,8,100.0,,False,16739.999
992,2.581,26.813,200.49,410.2376,-1,4,14,100.0,,False,5821.492174977255
996,3.041,39.748,292.71,816.582,-1,4,10,92.2,,False,4898.999
997,4.654,32.605,241.93,549.4543,-1,4,9,78.5,,False,6312.6667777777775
998,2.701,20.465,156.18,244.0318,-1,5,7,100.0,,False,2306.999
999,3.99,38.945,286.7,831.5093,-1,5,12,100.0,,False,5988.999
1000,1.69,26.517,198.14,419.3166,-1,4,15,100.0,,False,2578.999
1004,0.464,24.469,183.95,348.1496,-1,5,4,100.0,,False,23470.999
1005,4.229,35.913,265.34,674.516,-1,4,12,100.0,,False,6381.999
1010,0.448,19.339,287.1,254.6217,-2,4,15,100.0,,False,7124.999
1011,4.078,36.887,272.15,726.5482,-1,4,7,99.0,,False,18124.999
1017,3.903,24.163,182.54,307.2653,-1,4,8,100.0,,False,64329.1403985063
1020,2.141,30.653,227.51,540.2747,-1,4,12,100.0,,False,4532.999
1025,3.598,28.506,212.97,423.3501,-1,4,7,100.0,,False,26451.666777777777
1027,3.013,30.519,226.62,530.3261,-1,4,15,100.0,,False,9402.999
1028,3.928,36.846,271.78,736.5343,-1,4,7,97.3,,False,75153.999
1029,1.372,23.65,178.43,317.1751,-1,4,11,100.0,,False,260.999
1033,3.62,31.559,235.27,459.3488,-1,2,15,99.7,,False,3022.999
1035,3.096,31.324,232.76,517.3921,-1,3,10,62.3,,False,11672.999
1043,0.387,14.714,117.5,125.0227,-1,3,7,100.0,,False,3948.999
1044,2.931,22.274,169.72,253.2523,-1,2,11,100.0,,False,3969.999
1048,3.995,40.998,301.46,901.5522,-1,6,5,100.0,,False,1966.999
1050,2.595,26.981,202.54,365.2709,-1,3,5,100.0,,False,10478.999
1051,4.443,29.424,219.88,421.369,-1,3,15,99.4,,False,4523.999
1052,4.304,29.321,218.83,439.38,-1,5,10,100.0,,False,4902.999
1055,2.2,24.089,181.75,317.2111,-1,2,15,100.0,,False,1273.999
1058,3.976,40.305,296.46,877.553,-1,4,7,100.0,,False,581.889
1060,2.494,28.203,210.41,443.2662,-1,4,12,100.0,,False,8281.999
1061,0.468,21.88,167.83,223.1326,-1,3,15,100.0,,False,5138.999
1066,4.315,38.462,283.35,794.5415,-1,4,11,100.0,,False,6827.999
1069,0.369,23.493,186.0,141.0152,-1,3,15,100.0,,False,2722.222333333333
1072,2.024,28.029,209.31,429.3014,-1,3,12,100.0,,False,1154.999
1074,4.043,27.853,208.37,405.3733,-1,3,10,100.0,,False,13610.999
1078,4.509,29.116,217.48,427.3798,-1,4,15,100.0,,False,5189.999
1082,2.605,24.713,182.88,598.9242,-1,4,10,91.4,,False,4070.999
1083,2.513,30.206,224.38,522.285,-1,4,13,100.0,,False,4355.999
1087,2.954,24.536,184.99,323.2586,-1,2,14,100.0,,False,5505.555666666667
1089,3.511,27.855,208.4,403.3606,-1,4,4,100.0,,False,14252.999
1090,0.748,17.746,134.2,292.8439,-1,7,15,100.0,,False,649.999
1091,0.403,17.599,147.5,80.9635,-1,3,15,100.0,,False,18217.999
1094,3.849,45.247,332.21,1012.8023,-1,6,17,100.0,,False,7408.568720205219
1095,2.208,26.138,193.67,569.969,-1,3,14,100.0,,False,2043.6667777777777
1098,3.092,36.546,269.67,722.5165,-1,4,7,78.5,,False,25254.999
1100,3.4,40.315,296.75,840.5819,-1,7,9,98.3,,False,6977.999
1101,0.448,15.2,121.96,119.0478,-1,2,13,100.0,,False,1876.999
1109,0.771,19.3,286.49,255.6293,-2,4,12,100.0,,False,2778.999
1113,0.462,20.158,153.81,245.0113,-1,4,8,100.0,,False,10514.999
1116,3.096,26.277,197.16,369.3018,-1,3,19,100.0,,False,5494.446015380772
1118,4.058,27.25,204.49,369.3368,-1,3,13,100.0,,False,7484.999
1120,3.245,24.733,186.43,325.2739,-1,2,16,100.0,,False,2926.598641074328
1123,2.914,34.129,252.51,628.364,-1,4,12,100.0,,False,1845.999
1126,3.478,26.382,198.03,365.3419,-1,3,10,82.6,,False,3560.999
1127,0.431,28.967,215.54,487.3078,-1,5,13,100.0,,False,45098.19881042278
1131,2.431,27.693,207.67,377.2697,-1,3,15,100.0,,False,2967.999
1133,3.75,27.842,208.42,397.3322,-1,4,13,100.0,,False,14855.999
1136,3.562,34.227,253.41,605.4589,-1,4,5,100.0,,False,29041.999
1142,3.326,27.477,241.4,59.0131,-1,3,8,100.0,,False,42711.84153246564
1149,3.397,39.135,288.4,776.5908,-1,5,3,100.0,,False,54690.999
1157,3.834,32.426,240.72,537.4187,-1,2,4,85.0,,False,2006.5556666666666
1159,4.074,40.932,300.94,907.5416,-1,6,11,100.0,,False,7689.999
1160,2.862,25.915,194.73,354.3008,-1,1,16,96.5,,False,4794.777888888889
1164,2.908,28.241,210.95,425.3294,-1,4,8,100.0,,False,2368.444555555556
1166,2.827,26.636,199.17,409.2373,-1,3,7,98.4,,False,13187.017562447056
1167,3.068,37.201,274.32,748.5337,-1,5,6,72.9,,False,31838.999
1169,2.868,31.902,237.16,509.3856,-1,4,7,76.6,,False,6032.999
1170,3.426,23.842,180.37,297.2217,-1,3,10,98.6,,False,6291.999
1173,1.075,36.155,266.73,729.3714,-1,5,13,100.0,,False,349.999
1182,4.155,35.014,259.59,573.4549,-1,3,11,62.2,,False,9658.999
1183,0.495,19.88,294.48,279.6132,-2,4,15,100.0,,False,3081.999
1185,2.845,27.974,209.52,391.2847,-1,3,8,92.3,,False,14300.999
1186,0.37,25.642,193.81,305.0222,-1,3,14,100.0,,False,1487.999
1187,2.1,23.287,176.59,281.1384,-1,3,13,100.0,,False,3066.999
1192,3.08,32.159,239.34,489.3587,-1,4,10,63.4,,False,386.999
1196,3.442,29.814,221.63,506.3272,-1,2,9,100.0,,False,10405.999
1197,4.334,41.258,303.31,913.587,-1,4,14,100.0,,False,6825.999
1199,0.425,20.195,152.72,295.9562,-1,6,3,100.0,,False,469.999
1207,3.239,25.225,191.27,283.2435,-1,3,9,97.0,,False,34432.999
1212,4.451,40.026,294.63,838.566,-1,6,12,100.0,,False,31313.555666666667
1231,4.013,33.046,245.12,557.4614,-1,2,10,83.0,,False,44496.43713189103
1233,3.006,30.736,228.72,489.3582,-1,3,8,69.1,,False,3703.889
1237,0.478,19.448,148.43,242.9948,-1,3,12,100.0,,False,18306.999
1240,3.39,24.931,187.88,327.2912,-1,3,6,91.9,,False,22890.999
1243,3.899,40.942,301.23,866.5977,-1,6,13,96.5,,False,5834.6667777777775
1247,2.774,25.204,190.29,313.2377,-1,3,14,100.0,,False,4236.999
1248,3.963,32.045,238.12,517.3914,-1,2,8,70.5,,False,6050.6667777777775
1252,2.599,31.063,230.93,507.3699,-1,3,11,75.9,,False,4652.999
1253,4.298,38.091,280.63,790.545,-1,3,5,98.7,,False,22739.444555555558
1256,4.65,34.123,252.89,579.501,-1,4,12,90.3,,False,5133.2132122303465
1257,4.118,22.638,171.99,269.2498,-1,3,4,100.0,,False,24178.32275362048
1259,2.945,26.151,195.93,385.24,-1,4,9,100.0,,False,32744.999
1262,0.652,19.527,149.58,227.0369,-1,3,15,100.0,,False,123.999
1269,4.131,38.386,282.78,795.5247,-1,4,10,93.7,,False,6480.999
1271,2.821,27.661,206.6,426.3015,-1,3,10,100.0,,False,7885.999
1272,3.972,36.251,267.48,720.5022,-1,7,12,99.1,,False,19292.871375720828
1277,3.94,31.918,237.91,461.3647,-1,4,8,99.5,,False,5453.999
1278,3.465,33.634,249.27,579.4426,-1,3,8,93.8,,False,38506.00011111111
1279,2.04,24.926,187.54,341.2692,-1,2,13,100.0,,False,4753.222333333333
1281,2.04,29.06,217.0,431.318,-1,4,7,92.4,,False,9478.999
1285,3.315,31.107,231.39,497.3861,-1,3,14,100.0,,False,1047.999
1286,2.797,29.898,222.77,465.3602,-1,3,8,91.4,,False,9949.666777777778
1290,2.022,21.349,158.96,460.9331,-1,3,13,100.0,,False,3853.999
1293,3.422,34.011,252.02,582.4571,-1,4,6,100.0,,False,58.11122222222224
1296,4.461,36.429,268.83,718.4859,-1,4,10,100.0,,False,3532.999
1299,0.534,16.77,128.26,230.9277,-1,5,15,100.0,,False,1586.999
1302,3.307,25.627,192.54,355.2857,-1,3,15,100.0,,False,11308.787112290238
1305,0.368,27.859,208.73,387.0264,-1,4,11,100.0,,False,985.999
1306,0.773,28.945,215.09,512.2701,-1,4,14,100.0,,False,3099.999
1309,2.425,25.261,190.05,342.2695,-1,4,9,100.0,,False,27316.85183512065
1310,3.936,32.165,238.97,521.4232,-1,2,5,79.9,,False,27163.444555555554
1311,1.281,33.795,249.76,661.3872,-1,4,12,100.0,,False,4833.999
1313,2.787,31.08,230.57,552.3113,-1,3,11,100.0,,False,5418.999
1319,3.877,32.315,239.62,564.3466,-1,4,13,100.0,,False,14920.642337389889
1322,1.647,29.721,220.97,503.3256,-1,5,9,100.0,,False,6990.999
1325,0.362,16.457,131.02,130.0852,-1,2,14,100.0,,False,4147.999
1326,2.397,28.89,215.24,465.2862,-1,4,10,100.0,,False,17187.999
1328,3.356,28.788,215.15,419.3168,-1,2,9,87.8,,False,8673.999
1331,4.534,30.347,225.12,552.274,-1,4,12,93.7,,False,1435.118577414632
1343,2.505,28.538,212.44,479.2849,-1,4,14,100.0,,False,5785.999
1352,1.909,29.163,217.45,453.3221,-1,4,6,98.3,,False,5137.999
1353,2.261,29.141,216.61,507.2786,-1,3,7,100.0,,False,38257.999
1356,2.953,29.102,217.23,437.3275,-1,2,8,71.6,,False,8393.444555555556
1366,0.36,23.585,178.22,305.0222,-1,3,15,100.0,,False,1379.8890000000001
1367,2.094,23.993,178.22,508.9656,-1,4,5,100.0,,False,2220.131581729627
1369,0.64,24.846,186.78,349.2004,-1,2,9,100.0,,False,106.999
1372,3.177,33.108,245.47,569.368,-1,4,9,100.0,,False,3816.999
1380,3.753,33.853,250.99,569.4806,-1,4,9,98.7,,False,573.1112222222223
1383,0.607,18.392,141.2,217.0202,-1,4,3,100.0,,False,36737.999
1386,2.212,25.471,191.45,351.2533,-1,2,12,100.0,,False,3199.999
1391,3.806,36.905,272.18,742.5442,-1,4,6,63.1,,False,19397.999
1392,4.047,29.364,219.18,437.3639,-1,3,15,99.9,,False,2598.999
1393,1.725,14.252,115.43,108.0199,-1,2,12,100.0,,False,3409.999
1394,3.947,39.489,290.58,855.5095,-1,5,13,100.0,,False,3490.999
1396,3.989,33.199,251.99,281.2478,-1,3,15,100.0,,False,9136.999
1398,3.4,29.597,220.15,494.3273,-1,3,9,93.7,,False,12657.999
1399,4.07,37.426,275.9,760.535,-1,9,8,93.7,,False,72298.61378490704
1401,3.779,32.033,237.75,543.408,-1,3,14,96.4,,False,3248.999
1402,3.932,31.71,236.16,473.3682,-1,2,3,88.4,,False,34639.00011111111
1405,3.31,19.998,154.09,205.1601,-1,3,7,100.0,,False,1318.3457763625229
1407,2.997,30.88,229.76,491.3757,-1,2,7,73.0,,False,10687.999
1409,2.635,26.917,201.87,375.29,-1,2,15,100.0,,False,2392.999
1410,1.587,27.204,203.18,426.2651,-1,3,15,100.0,,False,711.999
1412,2.593,25.752,193.53,353.2697,-1,3,12,94.3,,False,7325.999
1416,3.975,26.823,201.05,381.3371,-1,3,12,100.0,,False,13481.999
1418,3.762,41.042,301.7,917.5482,-1,4,6,100.0,,False,207.999
1421,4.724,38.16,281.51,733.5556,-1,3,11,100.0,,False,2379.999
1423,0.409,24.133,187.15,187.0059,-1,3,12,100.0,,False,16506.000111111112
1427,1.344,35.06,258.79,705.4141,-1,4,13,100.0,,False,4264.999
1429,2.472,27.902,208.67,409.3048,-1,4,8,88.4,,False,3533.999
1431,1.243,19.607,149.77,239.0657,-1,3,13,100.0,,False,1285.999
1434,2.35,29.77,221.61,481.3001,-1,4,9,96.5,,False,5606.999
1436,2.758,30.617,227.9,483.3721,-1,3,8,82.4,,False,10621.994514358568
1444,1.45,27.611,206.13,433.281,-1,3,11,100.0,,False,585.999
1445,3.651,25.619,192.77,341.3058,-1,3,8,100.0,,False,2724.999
1447,3.004,29.138,218.12,399.327,-1,4,13,82.4,,False,1563.999
1454,3.94,33.111,245.46,571.4426,-1,6,4,100.0,,False,23912.999
1458,4.18,36.195,267.09,719.4911,-1,3,10,100.0,,False,1648.999
1463,3.074,26.497,198.84,368.3162,-1,1,18,96.5,,False,11403.059233012485
1467,2.186,19.622,146.48,418.9742,-1,2,4,100.0,,False,5479.999
1470,2.774,26.123,196.32,353.2691,-1,3,10,94.2,,False,1211.999
1471,4.235,23.683,179.2,295.2654,-1,3,9,100.0,,False,29066.16149849522
1472,4.004,29.114,217.31,437.367,-1,2,8,98.4,,False,16881.155212176312
1473,2.793,31.241,232.83,463.344,-1,2,8,81.2,,False,1693.999
1477,2.785,28.704,213.84,466.2941,-1,4,7,100.0,,False,3013.999
1478,1.536,28.265,208.17,775.6824,-1,3,15,100.0,,False,2764.999
1483,2.175,27.781,207.79,407.282,-1,3,15,100.0,,False,1449.999
1486,1.216,32.476,240.33,617.36,-1,4,12,100.0,,False,3308.999
1492,1.885,26.509,197.87,432.3147,-1,4,3,96.7,,False,10202.999
1495,2.096,23.322,176.68,287.2223,-1,3,12,100.0,,False,5507.3334444444445
1499,1.051,22.141,167.61,291.0353,-1,5,11,100.0,,False,783.999
1500,3.062,27.968,208.87,428.3169,-1,2,13,100.0,,False,10777.999
1507,2.329,34.503,254.7,701.2951,-1,4,15,100.0,,False,6297.999
1509,3.767,30.153,223.77,543.0575,-1,5,11,100.0,,False,5869.999
1515,2.697,26.15,196.25,367.2856,-1,3,13,77.9,,False,2898.222333333333
1517,0.445,20.316,155.01,245.0493,-1,3,4,100.0,,False,25525.999
1519,3.787,45.692,335.37,1036.8029,-1,8,12,100.0,,False,4734.999
1521,0.363,25.697,192.49,387.0256,-1,3,14,100.0,,False,1049.999
1527,2.482,23.969,186.4,179.1063,-1,3,10,100.0,,False,2073.999
1528,3.56,23.634,178.95,291.2319,-1,3,15,100.0,,False,1350.999
1531,3.971,45.921,337.05,1038.8194,-1,6,14,100.0,,False,5436.999
1534,2.651,25.38,192.51,281.2266,-1,2,7,100.0,,False,215.999
1537,1.678,27.549,205.7,430.2982,-1,3,6,100.0,,False,5880.999
1543,1.183,29.198,217.12,499.2921,-1,3,14,100.0,,False,4605.999
1546,0.458,26.65,206.73,187.0057,-1,3,10,100.0,,False,11592.999
1547,1.92,19.932,153.95,197.153,-1,2,3,100.0,,False,307.999
1550,3.103,33.011,244.74,568.3659,-1,2,4,96.5,,False,12968.999
1557,3.309,27.038,202.65,382.3326,-1,3,15,99.7,,False,4736.999
1564,4.179,29.841,222.57,449.365,-1,3,12,94.8,,False,5182.17484563339
1567,3.948,27.028,202.41,391.1509,-1,6,8,100.0,,False,55846.999
1568,3.32,29.346,218.67,463.3449,-1,2,9,67.3,,False,9533.111222222222
1572,1.093,23.354,176.28,313.118,-1,4,13,100.0,,False,2275.999
1587,3.464,25.306,190.76,325.215,-1,3,3,100.0,,False,100.999
1588,3.925,28.491,212.96,417.3741,-1,3,14,100.0,,False,4618.999
1589,0.521,19.29,147.15,245.0107,-1,4,9,100.0,,False,875.999
1593,2.092,25.142,186.63,526.9626,-1,2,17,100.0,,False,789.097995187305
1595,2.527,23.564,178.36,293.2115,-1,2,7,100.0,,False,4001.999
1596,3.64,30.18,224.65,483.3654,-1,3,10,100.0,,False,13807.999
1597,2.812,29.958,222.58,517.3078,-1,4,7,100.0,,False,562.999
1602,4.206,27.904,208.64,411.351,-1,4,10,100.0,,False,15518.172728657819
1604,0.38,16.565,136.46,93.0327,-1,2,14,100.0,,False,6694.999
1605,1.454,28.422,211.27,506.266,-1,5,15,100.0,,False,1063.999
1607,2.55,28.902,214.92,498.2666,-1,2,4,100.0,,False,9758.999
1611,3.71,27.411,203.37,543.0575,-1,5,11,100.0,,False,3288.999
1612,2.955,26.523,198.63,390.2708,-1,3,4,100.0,,False,12923.999
1619,1.032,17.048,130.71,220.9404,-1,6,6,100.0,,False,17319.999
1621,2.833,29.59,220.42,469.3534,-1,2,9,99.7,,False,3918.999
1623,0.417,19.851,150.92,263.0216,-1,3,5,100.0,,False,4281.999
1627,3.134,34.223,253.18,630.3807,-1,3,15,100.0,,False,2393.999
1628,3.322,28.144,210.16,430.3328,-1,1,13,96.5,,False,4839.999
1629,3.259,27.759,207.46,418.3011,-1,1,12,96.5,,False,3174.999
1630,0.768,16.14,125.94,167.0193,-1,3,14,100.0,,False,4611.999
1632,1.499,24.213,182.73,315.1812,-1,3,9,100.0,,False,4676.999
1636,1.432,17.591,132.54,318.9783,-1,3,15,100.0,,False,2004.7778888888888
1639,4.373,39.533,291.13,814.5658,-1,2,11,96.9,,False,6461.555666666666
1642,0.461,24.99,193.82,187.0042,-1,4,6,100.0,,False,351.999
1643,3.243,33.134,245.56,577.4288,-1,4,4,96.9,,False,35616.11122222222
1645,4.273,31.551,234.63,501.3983,-1,2,6,76.7,,False,11128.555666666667
1651,2.67,26.587,199.12,390.2677,-1,3,6,100.0,,False,2233.999
1653,2.23,25.134,189.07,343.2845,-1,3,13,99.9,,False,2199.999
1658,4.77,28.31,211.21,443.248,-1,4,15,100.0,,False,2009.999
1660,4.301,28.69,214.52,413.3639,-1,3,12,100.0,,False,3672.999
1664,1.202,23.651,178.62,309.2066,-1,2,11,90.1,,False,442.999
1673,4.234,29.773,222.01,451.3829,-1,3,4,100.0,,False,18019.999
1674,0.247,24.676,360.98,617.7395,-2,5,14,100.0,,False,624.999
1675,3.418,40.226,296.09,840.5829,-1,6,9,97.0,,False,3892.999
1680,1.599,23.297,176.34,293.2106,-1,2,12,100.0,,False,4467.999
1681,1.231,17.843,134.63,308.8413,-1,6,3,94.0,,False,15280.999
1688,4.542,32.357,240.31,529.428,-1,3,12,82.6,,False,3661.5556666666666
1698,3.564,36.096,274.1,279.2341,-1,3,6,100.0,,False,8797.999
1699,2.48,26.277,196.51,407.223,-1,3,4,100.0,,False,23963.999
1700,1.274,20.312,155.28,236.1042,-1,3,11,75.9,,False,8167.999
1702,3.402,27.459,205.58,395.3171,-1,2,10,97.4,,False,1640.1112222222223
1704,3.191,29.129,216.95,471.3346,-1,4,19,100.0,,False,2386.107475169618
1706,0.462,16.044,126.08,152.0336,-1,2,12,100.0,,False,3142.999
1707,2.604,23.189,175.52,293.2107,-1,2,12,93.7,,False,8921.999
1708,3.437,37.167,273.99,762.5137,-1,6,5,71.6,,False,3053.999
1709,2.621,26.141,195.79,388.256,-1,2,3,100.0,,False,27935.999
1711,4.14,40.859,300.61,866.5977,-1,5,8,100.0,,False,13815.999
1716,0.431,33.144,245.1,639.3487,-1,5,5,100.0,,False,37889.999
1718,1.276,34.811,257.01,697.3641,-1,6,12,100.0,,False,2105.999
1719,4.078,30.294,225.58,475.3826,-1,3,4,95.3,,False,20920.889
1726,2.617,25.521,191.78,353.2174,-1,2,5,81.3,,False,819.6667777777778
1733,4.194,33.321,247.07,567.4662,-1,5,15,90.5,,False,7747.713265009172
1736,1.559,30.04,223.33,505.3388,-1,3,10,100.0,,False,3917.999
1738,4.075,30.029,223.81,461.3648,-1,3,7,90.9,,False,6095.999
1740,1.677,19.136,149.17,171.1368,-1,2,16,100.0,,False,2699.392490693227
1746,2.5,30.686,227.74,542.2903,-1,4,10,100.0,,False,627.999
1748,0.378,16.852,134.66,125.0224,-1,3,7,100.0,,False,2033.999
1749,1.811,26.727,200.19,389.2696,-1,2,10,100.0,,False,958.999
1754,4.613,40.421,297.5,844.6111,-1,4,3,84.0,,False,15756.999
1757,2.096,23.248,177.31,249.112,-1,2,15,100.0,,False,1914.999
1758,3.101,33.522,248.43,581.4445,-1,3,11,76.5,,False,3669.999
1760,2.192,29.926,222.36,516.2753,-1,4,10,100.0,,False,6716.999
1764,4.181,39.418,290.15,837.5535,-1,3,10,100.0,,False,2070.999
1772,3.852,26.091,195.88,363.2519,-1,3,15,100.0,,False,252.6343836056003
1773,1.258,27.905,208.41,427.218,-1,4,7,100.0,,False,25778.999
1774,3.629,28.1,209.99,419.3526,-1,3,6,67.4,,False,866.999
1777,3.723,23.685,179.5,285.2575,-1,3,14,100.0,,False,4035.999
1784,2.356,30.218,224.96,481.3537,-1,2,5,82.4,,False,4435.999
1793,3.693,30.135,225.52,403.3578,-1,3,10,82.5,,False,1161.999
1794,2.001,24.346,183.51,325.237,-1,2,16,97.3,,False,2782.7694157266988
1795,2.821,22.208,169.15,255.232,-1,3,10,100.0,,False,17419.666777777777
1799,4.137,38.03,280.54,737.54,-1,3,13,100.0,,False,898.999
1808,3.827,32.759,243.1,547.4389,-1,5,10,67.0,,False,4779.555666666667
1814,2.547,27.909,208.72,409.2968,-1,2,11,88.4,,False,2162.999
1818,2.284,25.642,192.54,361.2372,-1,2,19,100.0,,False,440.5713970474038
1821,2.51,27.144,202.66,431.2186,-1,2,13,100.0,,False,3107.999
1825,1.334,36.043,265.82,741.3905,-1,5,12,100.0,,False,2224.999
1828,3.456,36.638,270.24,738.5132,-1,4,6,55.0,,False,6339.999
1829,1.548,28.753,214.01,481.2838,-1,4,5,100.0,,False,9889.999
1830,2.42,31.264,232.2,526.319,-1,3,6,100.0,,False,12462.77788888889
1836,1.635,19.373,150.33,183.1368,-1,2,13,100.0,,False,2498.999
1837,3.016,24.045,181.93,296.2409,-1,1,12,97.6,,False,4625.999
1839,1.476,18.897,141.92,348.9389,-1,3,8,100.0,,False,559.999
1845,4.405,34.649,256.71,589.5213,-1,2,11,100.0,,False,15112.106546780748
1847,3.492,32.983,244.64,559.4007,-1,4,12,90.7,,False,2114.999
1850,4.141,30.848,229.46,495.4079,-1,3,7,84.9,,False,12842.00011111111
1852,3.141,28.277,211.42,413.3076,-1,3,12,93.7,,False,2727.999
1854,3.879,29.773,221.43,495.3202,-1,4,3,100.0,,False,25771.666777777777
1864,3.573,26.514,200.47,303.2333,-1,2,4,80.2,,False,24809.999
1865,1.456,21.397,162.32,277.0298,-1,5,13,100.0,,False,897.999
1866,0.965,26.172,195.67,411.2028,-1,4,12,100.0,,False,261.77788888888887
1868,2.211,25.886,192.59,482.9383,-1,3,5,84.7,,False,2637.056729132628
1871,2.955,24.166,184.04,257.2267,-1,3,10,97.8,,False,110.999
1872,3.002,25.315,190.83,325.2168,-1,2,5,82.1,,False,118.999
1876,3.549,33.045,245.12,555.4446,-1,3,4,100.0,,False,17270.999
1877,3.389,31.104,232.05,447.3127,-1,3,11,100.0,,False,1454.999
1884,2.314,30.243,224.47,539.3426,-1,4,14,100.0,,False,2467.999
1888,0.477,17.407,137.5,143.106,-1,2,12,100.0,,False,4232.999
1893,1.092,35.907,264.9,727.3556,-1,5,12,100.0,,False,283.999
1898,1.079,16.773,128.59,220.899,-1,5,12,100.0,,False,589.999
1900,4.302,29.296,218.63,439.381,-1,3,4,100.0,,False,4381.999
1905,0.243,37.531,275.74,942.3516,-1,4,14,89.9,,False,4022.999
1909,2.712,32.083,239.08,466.2944,-1,3,13,100.0,,False,2289.999
1920,2.673,28.31,210.94,462.269,-1,4,8,100.0,,False,2764.999
1923,3.686,33.419,247.68,577.487,-1,4,8,81.2,,False,20990.531520631936
1925,2.569,25.03,188.43,336.2555,-1,1,9,96.5,,False,4459.889
1932,2.451,28.899,214.97,493.2989,-1,3,13,100.0,,False,113.999
1933,2.799,33.318,246.88,585.3332,-1,3,13,100.0,,False,4291.999
1936,3.453,24.659,186.11,315.2316,-1,2,12,100.0,,False,1656.999
1939,3.345,33.11,245.5,568.3648,-1,4,14,100.0,,False,2724.999
1940,3.503,26.244,197.49,341.2689,-1,3,13,99.1,,False,640.999
1941,2.755,30.525,226.61,535.3051,-1,3,14,100.0,,False,3181.999
1945,3.544,24.118,185.95,205.1944,-1,2,14,100.0,,False,3779.999
1950,4.048,36.184,267.04,716.5236,-1,4,7,100.0,,False,3697.999
1953,1.049,29.678,220.37,529.3066,-1,4,12,100.0,,False,2019.999
1954,3.883,38.915,286.56,817.5089,-1,4,9,100.0,,False,3982.999
1955,4.091,29.977,223.93,427.3793,-1,3,10,100.0,,False,6179.999
1956,3.435,33.777,250.61,553.4136,-1,3,8,99.7,,False,1086.999
1957,4.053,35.061,259.13,659.5174,-1,4,6,100.0,,False,13861.999
1959,2.4,30.369,225.41,539.2405,-1,3,15,100.0,,False,4660.999
1967,4.736,28.568,213.63,411.3851,-1,3,9,98.2,,False,6167.999
1968,2.82,30.667,227.6,541.3064,-1,2,8,100.0,,False,715.999
1969,4.15,25.485,191.59,349.2745,-1,3,15,100.0,,False,2274.999
1972,1.509,23.398,176.94,299.2218,-1,3,17,100.0,,False,1249.2665275706288
1973,3.928,30.062,223.92,469.3923,-1,2,4,100.0,,False,11095.999
1975,2.896,39.717,292.48,816.5824,-1,4,7,89.2,,False,7823.999
1980,2.61,27.342,204.03,439.2268,-1,2,14,100.0,,False,945.999
1981,3.186,31.069,231.85,443.3179,-1,2,8,83.0,,False,3648.999
1988,0.455,15.378,122.01,135.0454,-1,2,3,100.0,,False,6022.999
1992,3.17,31.14,230.81,573.3335,-1,4,11,100.0,,False,2464.999
2004,1.406,27.406,204.1,470.2881,-1,3,14,100.0,,False,1095.999
2005,0.675,28.124,209.81,443.2176,-1,4,3,100.0,,False,811.999
2007,1.212,33.545,247.97,653.3374,-1,5,12,100.0,,False,1720.999
2011,3.45,30.892,227.09,880.9501,-1,3,10,92.1,,False,8957.555666666667
2012,3.961,35.183,260.12,651.3936,-1,2,15,100.0,,False,1651.3334444444445
2014,4.739,30.996,230.79,479.4106,-1,3,14,99.9,,False,1311.999
2020,0.804,23.423,175.99,352.0875,-1,2,4,99.0,,False,22620.999
2022,3.542,26.181,196.75,353.3421,-1,3,11,93.7,,False,3102.7793124599966
2024,2.248,31.418,233.37,525.3804,-1,3,15,93.6,,False,897.999
2030,4.186,31.707,235.57,519.4097,-1,2,5,57.2,,False,5833.6667777777775
2033,3.756,40.803,300.3,845.6158,-1,4,4,83.7,,False,5655.222333333333
2036,4.257,36.201,267.36,687.5472,-1,3,10,97.1,,False,173.999
2038,2.59,33.087,244.62,647.323,-1,3,12,100.0,,False,3595.999
2039,4.265,39.936,293.73,881.5277,-1,3,8,100.0,,False,2878.999
2040,2.219,26.039,195.45,365.2691,-1,3,9,53.9,,False,8756.999
2046,3.6,30.393,226.28,479.3742,-1,2,11,95.8,,False,5936.644933097904
2048,0.377,19.412,148.0,248.0544,-1,3,12,100.0,,False,6212.999
2055,2.307,33.925,250.6,677.2941,-1,3,12,100.0,,False,2652.999
2059,1.681,26.409,197.6,401.3059,-1,3,15,100.0,,False,938.999
2060,4.523,29.193,217.03,504.2742,-1,3,11,94.2,,False,446.33344444444447
2061,2.933,30.824,229.29,495.3694,-1,3,8,98.8,,False,775.999
2062,3.542,23.146,175.75,273.2212,-1,3,15,97.6,,False,3280.999
2064,4.202,33.291,246.83,569.4819,-1,3,6,98.6,,False,12263.999
2065,2.842,29.664,220.43,514.2957,-1,3,11,100.0,,False,3863.999
2067,2.58,28.903,215.33,466.2962,-1,3,9,100.0,,False,10008.999
2068,0.697,16.262,127.87,151.0393,-1,3,4,100.0,,False,17723.999
2070,1.94,32.287,239.29,577.3756,-1,3,12,100.0,,False,1395.999
2073,2.202,29.997,223.33,479.3383,-1,4,10,68.4,,False,4702.999
2074,1.72,25.417,191.47,331.1896,-1,2,11,100.0,,False,426.999
2076,3.129,30.611,227.78,489.3608,-1,4,8,69.6,,False,3415.444555555556
2081,1.563,21.079,161.06,239.1632,-1,2,14,100.0,,False,2459.999
2082,3.17,29.458,219.15,492.3102,-1,3,11,67.2,,False,1499.999
2084,4.273,30.662,269.45,59.0127,-1,2,8,100.0,,False,322.000111111111
2086,3.595,46.214,339.11,1060.8038,-1,8,9,100.0,,False,3693.999
2088,3.5,36.609,270.02,738.5121,-1,4,6,81.7,,False,4544.999
2090,3.974,34.962,258.17,691.4019,-1,5,12,100.0,,False,2317.999
2093,4.107,37.099,273.57,748.6887,-1,3,3,52.5,,False,17109.999
2096,3.906,27.288,204.37,391.3581,-1,3,15,99.9,,False,4809.999
2097,3.795,39.647,292.05,800.5831,-1,4,5,98.3,,False,3460.999
2099,1.104,31.211,234.34,367.1582,-1,4,11,98.0,,False,813.999
2106,2.93,28.755,214.48,447.3117,-1,2,14,100.0,,False,1709.0070389455223
2107,3.407,30.609,227.89,477.3966,-1,2,3,100.0,,False,36508.33344444444
2112,3.422,32.9,244.06,553.4251,-1,4,4,100.0,,False,13178.111222222222
2113,3.938,36.002,266.1,661.442,-1,4,13,98.5,,False,1963.999
2114,1.388,26.601,199.2,391.2865,-1,3,6,100.0,,False,9220.999
2115,3.15,22.881,173.67,275.2017,-1,2,16,100.0,,False,6161.2000037731395
2120,1.349,24.158,181.95,331.1899,-1,2,4,100.0,,False,208.999
2123,2.203,27.985,209.29,409.2958,-1,2,12,82.4,,False,1832.999
2133,2.998,29.761,221.39,493.3072,-1,1,12,96.9,,False,1301.999
2134,1.907,26.556,198.52,413.2666,-1,3,13,100.0,,False,2794.999
2135,2.833,29.527,219.66,492.3104,-1,2,12,99.9,,False,1162.999
2136,1.891,24.677,185.63,343.2485,-1,3,9,100.0,,False,3609.999
2137,3.627,33.33,247.17,563.4351,-1,3,5,100.0,,False,17555.999
2152,1.644,29.477,218.63,554.3168,-1,2,11,99.4,,False,102.999
2155,2.549,29.119,216.65,489.2239,-1,3,14,100.0,,False,5726.999
2157,3.028,27.436,205.07,416.2846,-1,1,13,96.5,,False,3418.999
2165,2.172,32.263,238.75,617.2752,-1,4,13,100.0,,False,826.999
2166,2.633,31.519,234.09,528.2878,-1,5,12,100.0,,False,2980.999
2168,0.267,17.389,134.51,191.0561,-1,3,9,100.0,,False,13983.500048183922
2171,4.338,38.05,280.72,731.5385,-1,4,12,100.0,,False,1233.999
2172,1.376,25.14,189.08,345.1446,-1,3,10,100.0,,False,2233.999
2176,4.267,36.303,267.88,716.5301,-1,3,3,100.0,,False,15105.999
2177,2.593,25.812,190.91,614.9643,-1,3,6,100.0,,False,9145.502576080531
2178,0.961,28.205,209.88,485.2797,-1,3,12,100.0,,False,1549.999
2186,4.292,29.739,221.74,453.3983,-1,4,5,100.0,,False,11756.27074641888
2189,1.385,37.275,274.65,785.4177,-1,6,12,100.0,,False,1691.999
2195,3.523,36.02,265.11,833.2898,-1,3,13,100.0,,False,4667.999
2201,0.405,17.629,141.11,123.0432,-1,2,15,100.0,,False,3716.999
2206,2.965,31.937,237.18,530.3034,-1,4,13,100.0,,False,4239.999
2210,3.369,28.769,214.32,466.3308,-1,2,3,68.8,,False,8283.999
2214,3.138,24.148,182.06,323.1528,-1,3,10,86.5,,False,3195.999
2228,3.885,26.502,198.63,381.3395,-1,3,7,100.0,,False,350.84837183240035
2230,3.175,28.18,209.7,485.2793,-1,3,14,100.0,,False,1913.999
2240,2.692,35.22,260.32,660.3529,-1,4,15,100.0,,False,3153.999
2241,1.088,17.454,132.59,264.8909,-1,6,4,100.0,,False,8720.999
2243,1.55,23.264,177.43,249.221,-1,3,15,100.0,,False,2932.999
2245,0.713,18.863,144.99,213.0221,-1,3,4,100.0,,False,18337.999
2247,3.652,30.042,222.09,641.0964,-1,4,4,100.0,,False,11416.999
2249,3.072,35.653,263.51,662.3684,-1,3,15,100.0,,False,3767.999
2254,2.682,29.755,221.09,515.2412,-1,3,13,100.0,,False,3140.999
2261,0.389,17.093,132.77,179.0544,-1,2,11,100.0,,False,107.999
2262,2.95,28.074,213.98,255.2318,-1,2,14,100.0,,False,3333.999
2264,3.693,33.188,245.92,583.4602,-1,4,9,75.4,,False,5533.999
2268,1.16,24.52,184.73,329.1777,-1,3,3,100.0,,False,18384.999
2285,0.622,20.173,153.55,257.0111,-1,2,8,100.0,,False,4637.999
2288,0.351,16.239,126.83,165.0394,-1,3,13,100.0,,False,4761.999
2295,1.183,24.829,186.12,378.1008,-1,3,14,100.0,,False,3807.999
2299,3.454,26.141,196.45,353.3426,-1,3,8,98.5,,False,3285.324728473206
2300,3.074,28.216,210.4,450.302,-1,1,4,96.5,,False,11584.999
2301,1.43,37.469,276.02,793.4674,-1,4,12,100.0,,False,2096.999
2303,2.193,23.308,176.58,287.2228,-1,4,9,100.0,,False,292.7778888888889
2306,2.54,31.694,235.08,557.3659,-1,4,13,100.0,,False,6231.999
2308,3.704,35.233,260.66,631.4726,-1,4,12,100.0,,False,5907.999
2310,3.377,32.915,244.14,558.3359,-1,5,10,100.0,,False,4571.999
2312,1.979,24.87,187.21,337.2375,-1,2,12,98.1,,False,2645.999
2321,2.536,21.994,167.59,253.216,-1,2,13,100.0,,False,2716.999
2328,2.486,27.636,217.48,152.9939,-1,2,13,98.2,,False,2214.999
2329,3.519,33.394,247.6,568.4007,-1,3,11,92.3,,False,1390.999
2330,2.598,24.846,191.47,207.1383,-1,2,4,100.0,,False,164.999
2332,4.412,36.775,271.58,689.5633,-1,5,9,100.0,,False,1453.3288199295366
2335,1.063,23.638,178.52,309.206,-1,2,10,96.6,,False,3911.999
2338,2.369,27.351,204.74,397.3063,-1,4,9,93.4,,False,222.999
2342,2.535,26.445,198.19,382.2973,-1,3,3,100.0,,False,25769.999
2347,1.476,27.036,202.47,391.2857,-1,3,9,82.4,,False,3701.999
2348,2.791,32.582,241.58,566.35,-1,3,6,100.0,,False,1311.999
2354,2.119,31.047,230.12,571.296,-1,4,3,99.5,,False,16368.999
2356,2.483,39.586,291.7,786.5331,-1,4,12,100.0,,False,241.999
2357,3.946,37.097,273.73,724.5301,-1,4,4,92.9,,False,49.999
2358,2.49,25.926,194.22,386.2397,-1,3,3,100.0,,False,19296.999
2361,2.7,24.053,181.52,315.2535,-1,3,9,94.4,,False,3409.999
2362,2.741,27.799,207.42,441.1074,-1,6,10,100.0,,False,311.999
2365,4.241,37.463,276.21,756.5254,-1,3,7,93.2,,False,674.999
2367,4.03,34.999,258.71,657.5008,-1,6,11,98.9,,False,2151.666777777778
2370,2.583,30.055,223.19,528.2757,-1,3,10,93.7,,False,2209.0697108118866
2371,4.001,30.864,229.53,499.3856,-1,2,5,94.3,,False,9145.999
2379,2.171,30.508,226.49,534.2691,-1,4,12,100.0,,False,4120.999
2382,2.483,28.344,211.2,463.2083,-1,3,14,100.0,,False,3050.999
2383,4.562,28.988,215.59,496.2481,-1,2,11,97.3,,False,731.889
2386,3.029,33.519,248.2,602.4126,-1,3,10,96.5,,False,658.999
2394,0.382,16.623,139.51,79.9555,-1,3,14,100.0,,False,4007.999
2399,1.119,23.423,176.45,329.1747,-1,3,14,100.0,,False,2502.999
2405,2.315,28.756,214.69,433.3313,-1,2,8,84.4,,False,2601.999
2410,2.627,32.098,238.32,535.3175,-1,3,13,100.0,,False,2699.999
2411,2.471,33.207,247.27,479.2875,-1,4,4,97.9,,False,13421.999
2421,3.087,32.595,241.5,585.3982,-1,4,4,100.0,,False,548.999
2423,3.15,31.443,233.33,546.322,-1,3,12,100.0,,False,228.999
2424,3.147,30.177,224.55,489.2787,-1,3,6,100.0,,False,8801.999
2431,3.293,30.703,227.97,532.342,-1,3,11,100.0,,False,2075.999
2432,3.229,38.502,283.93,748.558,-1,4,7,100.0,,False,6261.555666666667
2440,2.569,33.291,246.46,608.3601,-1,2,9,100.0,,False,1140.999
2445,2.779,24.031,180.93,334.1687,-1,5,5,93.7,,False,4262.999
2446,4.946,34.302,254.46,557.4604,-1,3,6,82.4,,False,321.999
2447,0.765,18.226,140.56,201.0237,-1,3,11,100.0,,False,1940.666777777778
2448,2.116,28.971,215.48,495.2783,-1,3,12,100.0,,False,351.999
2450,2.451,38.502,283.71,783.4323,-1,4,10,100.0,,False,2054.999
2455,0.63,22.427,180.53,116.9703,-1,3,12,82.1,,False,3148.222333333333
2461,1.513,21.816,164.46,320.9788,-1,5,11,100.0,,False,236.999
2464,0.473,22.892,173.21,295.1895,-1,2,12,100.0,,False,779.999
2466,2.085,28.895,215.62,441.2322,-1,3,12,100.0,,False,3451.999
2469,2.485,26.128,196.06,368.2842,-1,3,7,100.0,,False,17780.889
2471,4.163,32.383,240.55,523.4409,-1,4,6,94.9,,False,8893.222333333333
2483,3.611,38.944,287.14,759.5692,-1,4,5,98.8,,False,2244.999
2485,2.443,31.401,234.19,452.2793,-1,3,8,100.0,,False,4147.999
2495,2.853,29.323,218.15,491.2406,-1,3,17,100.0,,False,1237.3086609809884
2498,3.399,35.476,261.18,817.2624,-1,4,11,100.0,,False,3520.999
2507,4.417,30.28,225.63,465.3953,-1,3,9,93.7,,False,2984.999
2508,4.446,35.792,264.28,694.4858,-1,6,13,100.0,,False,648.0001111111111
2513,3.381,39.779,293.03,800.5849,-1,2,3,98.9,,False,14443.999
2517,4.622,28.013,209.34,419.3536,-1,4,10,100.0,,False,1041.3334444444445
2518,3.225,27.774,207.74,407.3182,-1,3,4,93.8,,False,2027.999
2519,4.239,33.183,246.15,557.4597,-1,2,7,82.4,,False,21243.555666666667
2522,4.47,29.729,220.78,527.2451,-1,1,10,90.5,,False,426.33344444444447
2524,3.551,23.441,177.64,285.2214,-1,3,14,100.0,,False,2409.999
2525,2.624,24.516,181.41,598.9272,-1,3,5,94.2,,False,3712.999
2526,2.744,27.373,204.3,435.2554,-1,3,8,100.0,,False,9096.387645546689
2528,3.262,29.244,218.23,441.3005,-1,4,5,100.0,,False,244.999
2529,2.483,22.979,174.18,283.2266,-1,2,13,86.4,,False,163.1713362483015
2535,3.9,32.851,243.73,553.449,-1,4,11,82.4,,False,3415.999
2539,1.58,20.135,154.51,220.1449,-1,3,14,80.1,,False,239.41449673965417
2541,4.348,24.377,184.05,311.296,-1,3,7,100.0,,False,5217.88802422371
2542,2.414,27.874,208.12,431.3177,-1,2,8,89.8,,False,5475.999
2543,1.565,28.404,211.7,459.2967,-1,2,12,100.0,,False,4255.999
2553,2.224,25.69,192.98,357.3014,-1,3,12,100.0,,False,961.999
2558,2.528,25.372,190.48,362.2396,-1,3,3,100.0,,False,12811.999
2562,3.882,45.234,332.21,983.8271,-1,4,5,100.0,,False,13547.999
2569,2.893,28.367,212.03,417.3013,-1,2,12,77.1,,False,1965.999
2572,1.124,24.785,186.28,351.2162,-1,2,9,100.0,,False,705.999
2575,2.114,19.033,148.02,177.1262,-1,2,12,100.0,,False,756.999
2576,2.592,23.168,171.6,570.0977,-1,2,6,43.5,,False,1444.6951994993951
2578,2.928,32.602,241.84,555.434,-1,2,4,60.4,,False,8737.999
2582,2.741,27.832,207.44,457.237,-1,2,12,100.0,,False,5128.030728721149
2583,2.638,21.489,164.28,237.1848,-1,2,15,100.0,,False,997.999
2586,2.745,23.011,174.37,285.2448,-1,3,3,100.0,,False,10561.999
2590,1.396,28.246,211.18,413.2909,-1,3,13,100.0,,False,839.999
2592,0.557,19.143,152.2,133.0632,-1,2,12,100.0,,False,995.999
2594,2.667,31.146,231.0,558.285,-1,2,12,96.5,,False,2149.999
2602,2.739,16.584,130.55,149.008,-1,3,13,100.0,,False,1435.5224040080989
2603,4.254,29.581,218.8,625.0617,-1,5,8,100.0,,False,1074.999
2607,2.065,27.116,202.84,405.266,-1,2,13,100.0,,False,480.999
2621,3.005,22.264,169.65,253.2529,-1,2,12,100.0,,False,605.999
2622,2.95,33.522,248.97,530.3266,-1,3,13,100.0,,False,2749.999
2623,4.052,26.132,196.19,363.2516,-1,3,20,100.0,,False,499.444768350661
2638,0.408,23.691,176.86,426.9888,-1,3,13,100.0,,False,3091.999
2643,2.593,24.369,183.63,327.2569,-1,2,3,100.0,,False,6093.222333333333
2651,4.128,35.535,262.38,693.4768,-1,4,8,100.0,,False,1084.999
2655,4.233,36.101,266.48,708.5013,-1,4,12,100.0,,False,1905.9784894311279
2661,4.532,34.515,255.45,617.4796,-1,4,8,96.9,,False,1886.999
2667,4.896,42.986,316.03,913.5901,-1,4,10,100.0,,False,663.999
2670,2.484,26.907,201.34,401.2315,-1,3,8,100.0,,False,1240.999
2671,3.054,26.068,195.52,373.1842,-1,3,12,100.0,,False,959.999
2673,3.047,31.016,230.46,517.3914,-1,2,5,51.1,,False,2794.999
2677,0.578,17.702,134.57,260.9132,-1,4,13,100.0,,False,382.999
2680,1.713,27.279,204.22,395.1952,-1,2,3,97.8,,False,5779.999
2681,1.335,24.348,183.48,327.1608,-1,2,10,100.0,,False,6313.6667777777775
2686,0.255,17.244,133.2,195.049,-1,2,16,100.0,,False,3638.222333333333
2688,1.914,30.862,229.79,479.3378,-1,2,10,78.3,,False,257.999
2689,3.054,21.559,164.46,247.1691,-1,2,16,100.0,,False,255.75993309225726
2695,2.044,25.478,191.02,376.2286,-1,3,3,100.0,,False,8229.999
2697,3.206,36.805,271.41,746.5191,-1,2,3,72.5,,False,1742.999
2701,2.352,24.72,186.36,324.2536,-1,2,13,100.0,,False,2692.999
2704,2.861,25.223,189.84,338.273,-1,1,7,94.6,,False,13436.00011111111
2706,3.319,38.747,285.73,750.5714,-1,4,10,98.0,,False,5169.999
2721,1.709,29.59,219.44,556.3365,-1,4,4,100.0,,False,1348.999
2723,2.357,28.2,211.18,393.2284,-1,3,18,100.0,,False,166.550434598347
2728,2.789,28.269,210.67,460.2842,-1,2,4,86.3,,False,6288.999
2731,1.827,33.036,244.34,635.2856,-1,4,7,100.0,,False,3496.999
2736,0.465,19.41,287.91,263.6272,-2,3,11,100.0,,False,652.999
2737,4.76,24.393,184.18,311.2969,-1,3,6,100.0,,False,2958.638424270851
2740,4.074,38.955,286.83,819.5243,-1,5,5,94.3,,False,4525.999
2744,1.651,30.244,224.74,515.3236,-1,4,13,100.0,,False,1961.999
2745,4.494,32.97,244.63,551.4688,-1,4,5,91.0,,False,4540.999
2746,2.481,23.947,180.63,319.1586,-1,3,8,100.0,,False,1389.999
2748,2.954,27.03,202.25,402.3016,-1,3,12,100.0,,False,4768.999
2749,0.499,22.413,169.29,307.0286,-1,3,9,100.0,,False,1582.999
2750,2.651,22.15,168.84,251.2366,-1,2,13,100.0,,False,1954.999
2751,1.428,38.469,283.2,829.4443,-1,5,12,100.0,,False,955.999
2752,2.413,30.104,223.74,511.3053,-1,3,12,100.0,,False,1247.999
2755,3.014,26.831,200.91,392.3198,-1,1,4,89.4,,False,20630.999
2756,3.456,27.489,205.78,396.3503,-1,1,11,70.2,,False,5654.249518679807
2757,2.076,28.17,209.96,457.3203,-1,2,5,100.0,,False,10638.555666666667
2759,3.183,26.712,199.28,441.2527,-1,3,12,100.0,,False,1211.999
2764,3.251,28.433,212.16,441.3219,-1,3,4,94.7,,False,1508.3334444444445
2766,3.22,28.0,209.36,411.2924,-1,2,13,100.0,,False,5220.175665896052
2767,3.159,30.347,226.62,431.3194,-1,3,3,100.0,,False,5641.999
2771,3.748,30.931,230.13,491.3794,-1,4,5,88.0,,False,3817.222333333333
2772,3.957,27.863,208.48,403.3575,-1,2,8,92.8,,False,4061.999
2774,3.119,32.368,240.27,540.3681,-1,4,6,100.0,,False,4697.999
2780,4.27,38.517,283.73,797.5401,-1,4,7,85.8,,False,3152.999
2782,1.401,23.992,180.74,329.1602,-1,2,8,100.0,,False,4858.999
2791,3.845,38.757,285.42,810.5267,-1,3,6,97.5,,False,4029.999
2799,3.044,33.878,250.36,661.3874,-1,3,14,100.0,,False,927.0497690839705
2800,2.924,28.619,213.76,427.3421,-1,3,12,98.6,,False,637.999
2808,3.209,26.06,195.28,383.2225,-1,3,4,100.0,,False,4279.999
2809,2.61,24.587,185.2,331.1882,-1,2,11,100.0,,False,456.999
2810,2.4,24.544,181.82,569.9837,-1,2,5,99.0,,False,2469.0892988328815
2816,3.15,30.724,228.66,487.3423,-1,2,10,80.0,,False,260.999
2817,1.822,29.068,216.05,507.2278,-1,4,5,100.0,,False,2652.999
2821,4.392,31.221,232.33,489.3958,-1,2,13,98.2,,False,1308.999
2827,2.062,24.417,183.85,334.2057,-1,3,13,100.0,,False,650.999
2828,2.656,32.414,240.5,551.397,-1,3,10,86.1,,False,1770.999
2834,3.873,36.427,268.78,722.6692,-1,3,3,84.8,,False,16857.77788888889
2850,3.908,46.363,340.2,1062.8182,-1,7,13,100.0,,False,2640.999
2853,3.391,27.353,202.94,543.0582,-1,4,6,100.0,,False,4579.999
2854,4.662,33.379,246.7,655.4269,-1,4,5,100.0,,False,7062.889
2856,3.835,31.809,242.5,255.2337,-1,3,7,100.0,,False,10587.740766134773
2858,0.422,20.273,153.81,275.0218,-1,2,7,100.0,,False,2448.999
2859,0.408,23.591,180.73,228.9938,-1,2,11,100.0,,False,2830.999
2860,3.677,40.347,297.06,826.6023,-1,3,6,100.0,,False,1766.8890000000001
2864,3.14,33.909,251.05,607.4599,-1,4,11,69.1,,False,2234.222333333333
2867,4.374,25.97,193.21,485.0699,-1,4,12,100.0,,False,1020.999
2868,3.619,32.801,243.06,580.3449,-1,3,4,100.0,,False,9934.889
2872,4.018,28.939,215.69,459.3489,-1,2,17,100.0,,False,784.6519489646182
2878,0.247,39.237,287.91,1040.3211,-1,4,12,88.0,,False,1906.999
2879,0.293,16.089,128.63,124.0133,-1,2,14,100.0,,False,2546.999
2881,3.433,30.339,226.63,427.3222,-1,3,10,100.0,,False,4865.999
2887,2.769,32.868,243.56,582.3454,-1,2,5,100.0,,False,516.999
2888,0.479,36.501,269.1,757.4039,-1,5,11,100.0,,False,320.999
2889,1.752,22.683,171.36,306.1384,-1,4,4,97.5,,False,2112.999
2902,4.074,32.239,238.82,589.3444,-1,7,12,100.0,,False,1300.999
2904,1.047,25.534,191.3,385.2381,-1,3,13,100.0,,False,3644.999
2907,3.704,29.443,219.2,478.3327,-1,3,8,98.0,,False,1378.999
2910,2.062,28.91,215.03,495.2791,-1,3,15,100.0,,False,860.999
2922,1.835,23.857,180.07,313.2395,-1,2,10,81.5,,False,10331.294321129528
2923,3.314,39.64,291.8,832.522,-1,2,8,100.0,,False,334.999
2925,0.601,20.571,156.25,269.0124,-1,3,4,100.0,,False,16669.999
2926,1.468,29.161,216.5,530.3144,-1,3,3,100.0,,False,2850.999
2929,3.59,33.771,250.65,545.4235,-1,3,10,53.4,,False,1748.999
2930,3.533,32.842,244.4,491.3751,-1,2,9,64.1,,False,593.999
2931,3.289,25.169,190.06,311.2587,-1,2,12,93.3,,False,1068.999
2934,4.172,39.697,292.5,787.6031,-1,4,9,67.5,,False,104.77788888888881
2937,2.13,22.076,164.24,476.9284,-1,3,13,100.0,,False,1017.999
2943,1.23,16.033,125.99,152.0334,-1,2,12,100.0,,False,684.999
2947,3.248,30.602,227.9,475.3438,-1,2,11,89.6,,False,305.999
2950,1.375,21.601,164.39,259.1357,-1,3,7,100.0,,False,117.999
2951,2.839,24.101,181.46,334.1674,-1,5,7,90.4,,False,1983.999
2956,2.286,27.004,201.61,431.2216,-1,2,6,100.0,,False,184.999
2957,2.036,26.284,196.56,407.2491,-1,2,5,100.0,,False,557.999
2959,2.563,24.274,183.41,306.2792,-1,2,13,100.0,,False,1056.999
2964,3.563,45.53,334.17,1036.8055,-1,5,5,100.0,,False,4243.999
2971,0.783,21.301,161.23,291.0536,-1,4,3,100.0,,False,588.999
2974,3.061,30.267,224.84,521.29,-1,1,14,96.5,,False,1393.999
2977,1.869,24.02,181.27,315.2529,-1,2,12,99.5,,False,1079.597628938254
2978,0.867,26.388,197.97,371.1894,-1,3,10,100.0,,False,923.999
2981,2.772,32.759,244.66,433.2363,-1,3,11,100.0,,False,3383.999
2982,3.716,26.791,235.37,59.0123,-1,1,14,99.4,,False,1225.2223333333334
2984,3.381,27.316,204.61,389.3432,-1,3,8,97.5,,False,2262.999
2985,1.806,31.24,232.52,485.2594,-1,3,11,100.0,,False,1252.999
2988,1.974,26.035,194.85,397.2277,-1,3,3,100.0,,False,6348.666777777777
2991,3.347,35.948,265.68,664.3838,-1,3,14,100.0,,False,2356.999
2993,2.586,27.595,206.02,431.3189,-1,3,5,74.2,,False,283.999
2994,3.941,29.691,221.31,459.3488,-1,2,12,86.5,,False,1881.999
3006,3.592,24.12,178.99,530.0035,-1,1,13,96.5,,False,190.999
3010,2.864,24.385,183.84,323.259,-1,2,9,97.1,,False,1374.1112222222223
3012,1.746,15.34,126.32,93.0326,-1,2,12,100.0,,False,1207.999
3015,3.923,28.031,209.79,399.3493,-1,3,6,100.0,,False,7354.999
3017,2.73,32.644,242.07,563.3555,-1,3,4,100.0,,False,11203.999
3026,0.65,30.434,231.85,259.0269,-1,3,12,86.9,,False,2114.999
3031,1.412,23.933,180.19,334.1722,-1,4,5,71.1,,False,13601.999
3035,3.485,40.763,299.92,864.581,-1,8,4,73.3,,False,5449.999
3036,1.797,18.229,144.54,137.0234,-1,2,5,100.0,,False,8894.999
3039,3.566,31.646,235.31,503.4112,-1,3,4,99.1,,False,2929.000111111111
3041,2.754,28.679,213.45,483.252,-1,2,13,100.0,,False,1809.999
3053,1.077,23.325,176.34,301.1804,-1,2,13,100.0,,False,1760.999
3055,4.28,35.94,265.2,716.5299,-1,4,4,97.6,,False,376.22233333333315
3059,2.499,30.328,225.71,485.3859,-1,3,4,74.6,,False,1337.999
3062,3.449,45.194,331.83,1010.7876,-1,5,13,100.0,,False,1388.999
3064,3.762,40.723,299.45,899.5378,-1,5,6,100.0,,False,220.999
3065,3.074,33.101,247.19,435.2522,-1,3,15,100.0,,False,2532.999
3066,2.851,31.073,231.0,507.3729,-1,3,5,73.1,,False,1473.0001111111112
3068,4.9,32.914,244.13,557.4641,-1,3,3,62.4,,False,924.999
3069,0.379,27.906,207.84,469.0304,-1,2,6,100.0,,False,347.999
3074,4.654,23.842,180.36,297.2813,-1,3,8,100.0,,False,2105.7227733822237
3079,3.987,29.505,220.02,451.382,-1,3,4,93.0,,False,8181.999
3081,0.556,20.223,165.2,101.0002,-1,1,12,98.9,,False,1181.999
3083,3.026,24.244,183.01,313.2739,-1,2,11,98.7,,False,2204.3958378894
3084,2.408,23.443,173.8,548.9278,-1,3,12,100.0,,False,261.999
3085,1.339,22.809,172.79,287.2211,-1,2,13,100.0,,False,1336.999
3087,3.74,29.012,216.92,413.3633,-1,2,10,100.0,,False,899.999
3091,2.305,26.363,197.57,382.3012,-1,1,5,96.5,,False,293.999
3095,2.493,27.264,205.05,347.2945,-1,2,13,93.7,,False,269.999
3105,3.254,26.339,197.75,363.3264,-1,2,13,100.0,,False,738.999
3109,2.977,32.14,238.62,536.4054,-1,1,7,43.9,,False,1325.999
3110,2.309,26.624,197.17,583.9836,-1,3,13,100.0,,False,772.999
3119,3.202,24.079,181.3,334.1691,-1,4,5,52.5,,False,2552.999
3127,3.967,38.737,285.35,798.5315,-1,6,6,96.5,,False,1503.999
3135,0.527,17.66,133.52,293.8389,-1,5,14,100.0,,False,1062.999
3146,0.448,29.176,216.61,532.2365,-1,3,15,100.0,,False,632.999
3156,0.804,24.201,182.24,333.2081,-1,3,5,99.6,,False,13239.999
3157,2.845,31.184,231.68,521.385,-1,3,8,95.3,,False,1557.999
3159,2.97,35.01,258.95,636.354,-1,3,10,100.0,,False,3036.999
3171,4.418,23.39,177.28,284.3787,-1,1,3,37.9,,False,6639.999
3174,4.352,32.56,241.97,515.4154,-1,3,3,100.0,,False,8624.999
3175,3.59,32.531,241.3,557.4592,-1,3,10,82.5,,False,3425.626185856082
3185,3.287,29.218,217.39,488.3178,-1,1,4,97.4,,False,2537.999
3190,0.606,25.624,198.75,187.007,-1,1,8,76.9,,False,2978.1112222222223
3191,3.218,26.94,201.93,381.3008,-1,2,10,96.7,,False,2379.999
3196,0.382,29.274,217.26,539.251,-1,5,12,100.0,,False,2148.999
3206,4.06,30.83,229.51,481.3904,-1,4,8,85.7,,False,3599.999
3213,2.209,28.037,209.0,455.1857,-1,4,4,55.9,,False,219.999
3219,2.663,33.559,248.67,584.363,-1,3,10,98.7,,False,4264.999
3222,2.924,24.042,181.53,311.2581,-1,2,17,88.4,,False,883.315934545563
3227,2.697,33.637,248.93,618.4074,-1,3,10,92.6,,False,196.999
3246,1.839,26.848,200.89,401.2905,-1,3,9,100.0,,False,1937.999
3248,2.351,23.59,177.54,337.132,-1,3,14,100.0,,False,99.55566666666664
3253,1.916,23.66,178.69,309.206,-1,2,14,90.2,,False,281.1713385319758
3263,3.689,25.184,190.89,285.2594,-1,3,5,98.1,,False,6334.999
3264,0.626,17.992,142.14,143.1056,-1,2,11,100.0,,False,952.999
3270,2.304,26.386,195.83,531.0123,-1,3,5,100.0,,False,1601.0724852413005
3272,3.937,44.482,326.8,957.8112,-1,4,5,100.0,,False,11699.999
3273,1.534,24.675,185.65,341.2316,-1,2,10,100.0,,False,867.999
3274,0.385,14.375,116.43,108.0195,-1,1,11,98.9,,False,3259.999
3276,1.306,23.346,176.55,299.1847,-1,3,9,99.1,,False,1353.999
3279,1.685,25.769,192.65,410.1677,-1,4,3,100.0,,False,5881.999
3280,1.886,31.794,235.46,595.387,-1,3,13,100.0,,False,1526.999
3289,0.68,25.989,195.33,352.0884,-1,3,3,100.0,,False,10308.999
3291,1.501,18.538,144.61,169.1213,-1,2,12,100.0,,False,899.999
3300,0.774,17.606,136.78,179.0715,-1,3,3,99.8,,False,1079.999
3305,3.203,38.235,282.07,733.5529,-1,3,8,86.6,,False,554.3334444444445
3306,0.298,13.045,109.35,79.9556,-1,1,12,98.9,,False,1245.6667777777777
3311,2.742,28.245,210.18,485.0564,-1,6,9,100.0,,False,532.999
3315,4.149,26.91,201.75,379.3572,-1,2,11,83.9,,False,2657.999
3316,2.953,24.753,186.56,326.2739,-1,1,10,96.5,,False,14011.666777777778
3321,2.414,27.96,208.85,425.328,-1,2,9,94.3,,False,1441.0001111111112
3324,4.389,26.012,195.36,359.2981,-1,3,3,100.0,,False,8813.999
3328,3.481,37.111,273.55,764.5311,-1,3,3,74.6,,False,8133.999
3329,3.486,37.35,275.35,760.5351,-1,6,6,75.2,,False,5837.999
3335,4.3,25.175,189.58,333.282,-1,3,8,100.0,,False,6260.680629526788
3336,2.005,25.995,195.04,369.3007,-1,2,8,63.4,,False,1324.999
3337,3.048,26.748,200.5,380.3178,-1,1,8,96.5,,False,5837.999
3341,3.575,26.989,202.37,377.3423,-1,3,14,97.6,,False,997.1020370223264
3342,0.988,27.687,206.99,413.2023,-1,2,5,100.0,,False,8083.999
3345,2.853,37.807,279.0,720.5222,-1,3,13,100.0,,False,1307.999
3346,2.291,30.942,230.1,501.3804,-1,2,12,100.0,,False,337.999
3347,4.151,40.723,299.44,897.5561,-1,4,10,100.0,,False,1049.999
3349,1.443,27.308,203.59,452.2781,-1,3,14,100.0,,False,358.999
3355,2.635,34.705,256.72,634.3366,-1,3,12,100.0,,False,1240.999
3358,2.364,25.28,190.01,351.2552,-1,3,6,90.0,,False,3336.3334444444445
3360,3.598,32.519,246.88,279.2347,-1,3,4,100.0,,False,9119.999
3361,3.087,27.597,206.62,395.2633,-1,3,17,99.4,,False,427.004225227206
3366,0.442,22.312,168.96,289.1049,-1,2,13,100.0,,False,1516.999
3367,0.532,19.996,152.63,243.032,-1,2,10,100.0,,False,1584.999
3369,4.113,35.886,264.86,712.4957,-1,3,5,79.0,,False,5148.999
3370,3.815,26.191,196.76,357.1892,-1,3,11,100.0,,False,2719.999
3372,3.806,23.57,178.41,293.2492,-1,2,10,100.0,,False,8264.052393601207
3375,3.166,24.092,181.96,309.2414,-1,2,11,77.5,,False,288.999
3377,4.477,28.257,211.32,409.3718,-1,3,3,98.7,,False,7760.999
3381,2.314,25.696,192.58,381.2053,-1,2,13,98.1,,False,452.999
3387,3.221,24.017,181.58,301.3294,-1,3,9,99.3,,False,984.999
3391,1.73,28.736,213.99,473.3139,-1,3,5,96.8,,False,5720.999
3392,4.021,30.63,227.58,518.3629,-1,2,7,100.0,,False,6369.145366972676
3394,2.246,24.658,185.81,327.2551,-1,2,3,79.6,,False,11997.999
3398,3.922,37.943,279.97,725.4309,-1,3,13,100.0,,False,1945.999
3400,2.79,22.7,172.46,269.2473,-1,2,9,67.4,,False,1024.999
3401,2.921,41.697,306.59,904.5749,-1,4,12,100.0,,False,2825.999
3402,1.848,27.446,205.59,389.2699,-1,2,9,100.0,,False,1013.999
3409,3.55,23.699,179.44,291.2318,-1,3,11,100.0,,False,2372.999
3412,2.574,31.696,235.44,525.3809,-1,2,12,84.6,,False,888.999
3413,4.416,45.545,334.52,985.8383,-1,4,10,100.0,,False,1617.999
3418,0.97,25.24,188.92,395.1658,-1,2,6,100.0,,False,8036.999
3428,2.884,26.273,197.19,366.3016,-1,1,12,94.7,,False,3678.868173792437
3431,0.348,24.559,191.62,171.0256,-1,2,11,100.0,,False,875.999
3436,2.408,26.16,198.44,281.2265,-1,2,6,91.3,,False,212.999
3437,2.67,26.654,199.12,421.2371,-1,3,4,100.0,,False,339.999
3438,4.14,31.435,232.03,699.0809,-1,4,11,100.0,,False,429.999
3439,1.45,31.964,236.45,627.3771,-1,3,12,100.0,,False,2651.999
3442,3.16,40.481,297.83,864.5819,-1,4,5,86.8,,False,3455.999
3453,3.999,31.482,234.06,507.4059,-1,2,9,89.6,,False,2146.999
3456,2.488,37.911,279.5,759.433,-1,4,8,100.0,,False,469.999
3457,1.139,32.27,238.87,609.3104,-1,5,12,100.0,,False,754.999
3465,2.812,30.69,228.4,487.3433,-1,2,10,78.3,,False,928.999
3471,3.195,30.979,229.86,546.3255,-1,3,5,100.0,,False,8352.999
3472,2.813,26.893,201.49,386.2728,-1,2,10,100.0,,False,108.999
3475,1.486,24.098,188.33,167.0329,-1,2,9,100.0,,False,570.999
3477,0.443,19.57,149.18,248.9883,-1,3,13,98.9,,False,324.999
3479,3.568,32.817,244.01,505.3403,-1,4,4,100.0,,False,11912.999
3480,1.876,32.591,241.62,570.3434,-1,3,9,100.0,,False,1443.999
3483,1.897,28.328,211.29,447.3109,-1,3,9,100.0,,False,318.999
3487,1.697,20.839,159.15,241.0964,-1,2,11,100.0,,False,592.999
3491,2.077,20.909,160.44,221.1523,-1,2,10,100.0,,False,600.999
3495,4.396,40.212,296.04,830.5971,-1,3,6,98.8,,False,1844.999
3498,0.591,22.684,171.34,307.0979,-1,2,3,100.0,,False,382.999
3500,2.973,42.695,313.72,947.6201,-1,4,6,100.0,,False,3512.999
3502,2.404,30.287,225.47,481.2998,-1,4,8,98.3,,False,1620.4445555555556
3504,4.489,28.254,210.9,435.3507,-1,3,4,100.0,,False,2982.777888888889
3506,1.703,21.302,162.62,243.1966,-1,2,6,100.0,,False,159.66677777777778
3508,2.781,28.928,215.24,488.2791,-1,2,10,100.0,,False,1939.999
3511,2.331,28.259,211.56,397.2957,-1,2,12,99.9,,False,806.999
3512,3.321,30.786,228.99,497.3872,-1,3,6,95.9,,False,6452.999
3517,0.399,22.492,178.05,141.0147,-1,1,10,72.1,,False,1348.999
3518,0.561,28.558,211.53,583.0287,-1,8,4,100.0,,False,19168.999
3519,2.37,26.559,199.14,377.2689,-1,2,11,65.2,,False,937.999
3521,1.072,26.337,198.42,331.1906,-1,2,12,100.0,,False,1620.999
3522,3.124,32.778,243.58,517.3924,-1,3,4,76.5,,False,2186.999
3527,1.488,24.458,183.93,345.145,-1,2,9,91.2,,False,853.999
3530,0.608,18.307,145.16,137.0224,-1,1,13,99.1,,False,1140.999
3533,4.401,32.116,236.97,713.1332,-1,5,9,100.0,,False,300.999
3535,1.207,17.219,130.75,266.8456,-1,4,9,98.1,,False,293.999
3537,0.443,26.392,197.61,393.1423,-1,3,12,100.0,,False,1878.999
3542,3.258,25.564,192.15,351.2901,-1,2,14,93.5,,False,1448.999
3568,2.684,29.788,222.61,421.3683,-1,2,9,94.5,,False,501.999
3578,2.306,33.023,244.1,653.2505,-1,4,13,100.0,,False,747.999
3583,4.769,28.469,212.87,412.3887,-1,2,6,88.4,,False,2227.999
3587,2.213,30.975,229.52,579.3937,-1,3,4,100.0,,False,702.999
3591,2.465,26.37,197.21,407.2219,-1,2,6,100.0,,False,4615.000111111111
3612,0.589,27.778,207.71,411.1847,-1,2,9,100.0,,False,850.999
3613,3.387,26.918,201.88,375.3264,-1,2,13,98.5,,False,792.999
3614,3.636,26.953,202.1,377.342,-1,2,10,98.4,,False,817.7778888888889
3615,1.887,24.639,185.37,341.2725,-1,2,3,100.0,,False,2538.1112222222223
3621,2.214,25.876,193.32,418.9749,-1,2,6,83.3,,False,1221.6437920786493
3622,2.484,29.551,219.58,515.1958,-1,4,9,88.3,,False,2670.999
3628,0.503,16.141,125.96,167.0194,-1,2,7,91.0,,False,952.5556666666666
3629,4.219,40.826,300.36,867.6003,-1,2,10,98.1,,False,481.1060514980336
3630,2.457,32.924,243.78,600.3358,-1,2,3,98.1,,False,5821.999
3636,3.739,28.921,215.93,433.3325,-1,2,8,61.8,,False,3292.999
3641,1.733,20.785,155.85,368.9768,-1,2,5,100.0,,False,6943.999
3643,1.464,26.787,200.68,387.2531,-1,2,12,100.0,,False,717.999
3655,2.6,22.208,168.15,290.1434,-1,4,4,81.5,,False,3730.999
3658,1.819,22.764,171.97,306.138,-1,3,3,52.7,,False,13017.999
3666,4.117,31.745,235.54,548.4118,-1,4,6,99.0,,False,6218.892394087101
3668,3.274,25.303,190.22,349.2395,-1,2,13,98.3,,False,651.8672748958613
3669,3.607,27.406,205.95,355.2849,-1,2,13,100.0,,False,991.999
3673,3.596,33.107,245.29,587.4336,-1,3,12,86.8,,False,1352.999
3676,0.445,33.969,250.98,669.35,-1,5,12,100.0,,False,321.999
3681,1.528,39.668,291.81,873.4719,-1,5,13,100.0,,False,624.999
3682,2.962,33.89,251.01,596.4558,-1,3,9,100.0,,False,205.999
3685,3.804,27.5,205.85,397.3345,-1,2,5,82.4,,False,4542.3334444444445
3690,3.058,28.208,210.19,461.2708,-1,1,5,50.4,,False,5876.999
3692,3.155,37.812,279.01,722.5389,-1,3,7,96.8,,False,287.999
3702,3.517,19.682,146.93,418.9727,-1,2,11,100.0,,False,250.999
3705,0.41,21.358,161.87,283.0275,-1,3,8,100.0,,False,3544.999
3708,3.004,45.375,332.88,1075.7033,-1,3,11,100.0,,False,2446.999
3711,1.834,28.609,212.95,480.2828,-1,3,6,100.0,,False,1153.999
3713,0.679,17.403,135.97,165.054,-1,2,7,100.0,,False,1827.7778888888888
3714,2.935,29.74,222.31,417.2108,-1,3,6,100.0,,False,1738.999
3715,2.799,26.401,197.93,378.3005,-1,1,11,98.9,,False,4591.999
3717,2.436,29.692,220.63,515.2413,-1,2,11,98.5,,False,1558.2197509271452
3719,3.793,29.629,219.16,625.0613,-1,4,11,100.0,,False,732.999
3725,0.386,16.929,252.1,224.0627,-2,4,3,100.0,,False,2524.999
3726,2.934,44.385,325.78,1032.6715,-1,3,13,100.0,,False,1131.999
3728,1.697,31.799,235.36,611.3837,-1,3,9,100.0,,False,2338.999
3729,3.309,29.079,220.58,283.2635,-1,2,12,99.4,,False,1586.999
3731,3.036,29.223,217.42,490.2952,-1,2,10,89.9,,False,1970.999
3734,2.69,29.933,222.29,526.2978,-1,2,7,100.0,,False,3307.8691196371483
3735,3.399,30.063,223.59,497.3215,-1,2,12,93.8,,False,24.860672261074455
3736,2.175,31.135,230.73,577.3764,-1,5,14,100.0,,False,406.999
3739,1.832,29.021,215.97,485.3172,-1,2,6,98.9,,False,6180.999
3740,0.445,17.269,133.31,197.0181,-1,3,12,100.0,,False,127.55566666666664
3746,2.704,32.292,239.33,576.3335,-1,3,6,100.0,,False,3806.999
3748,1.586,25.638,192.26,375.217,-1,2,7,97.4,,False,268.999
3749,2.996,31.36,232.55,562.3169,-1,3,12,100.0,,False,963.999
3751,1.614,24.165,182.19,323.2216,-1,2,14,87.8,,False,1047.000111111111
3753,3.413,39.263,299.59,253.2183,-1,3,6,100.0,,False,2007.999
3756,2.344,29.795,221.2,531.2776,-1,2,3,100.0,,False,7413.999
3758,2.064,30.397,225.58,543.2592,-1,2,12,100.0,,False,817.999
3760,0.275,27.436,201.97,794.4265,-1,1,15,96.5,,False,1104.999
3763,0.507,17.073,132.88,174.0536,-1,2,12,99.8,,False,1776.999
3767,2.428,23.744,179.23,313.2394,-1,2,5,96.1,,False,8687.333444444444
3769,0.475,24.703,191.58,187.0043,-1,2,9,78.6,,False,4257.999
3771,3.438,29.65,220.55,494.3267,-1,3,9,82.4,,False,3291.999
3773,1.909,26.097,195.74,373.2949,-1,3,11,97.7,,False,307.999
3777,3.011,27.976,208.5,459.2518,-1,1,13,97.5,,False,1407.999
3778,3.8,24.021,355.32,305.3645,-2,4,3,82.0,,False,7063.999
3781,4.082,34.125,252.7,602.4849,-1,3,10,100.0,,False,76.999
3783,4.357,36.454,268.84,741.5317,-1,2,4,40.3,,False,539.3334444444445
3791,2.356,32.764,242.23,645.3115,-1,3,5,100.0,,False,7592.999
3793,2.759,29.076,219.9,303.2323,-1,2,9,100.0,,False,2406.999
3794,3.106,38.813,286.15,759.5714,-1,2,9,79.9,,False,134.1112222222223
3795,4.795,32.302,239.87,531.4426,-1,3,8,86.3,,False,276.44455555555555
3797,1.91,25.444,191.17,355.2491,-1,2,11,94.8,,False,462.33344444444447
3798,4.649,32.223,239.01,557.459,-1,3,9,76.6,,False,82.91392360436794
3803,2.816,34.944,276.95,141.0151,-1,1,15,99.4,,False,101.88900000000001
3805,3.378,33.214,246.51,545.4234,-1,3,8,57.0,,False,730.999
3807,4.333,40.703,299.56,847.5694,-1,3,6,82.2,,False,5918.999
3810,0.696,26.188,196.24,383.1541,-1,2,6,100.0,,False,1283.999
3811,3.186,25.305,189.38,397.2266,-1,3,12,100.0,,False,765.999
3814,3.849,28.218,210.18,469.0629,-1,6,5,100.0,,False,2394.999
3824,3.087,24.222,182.61,323.1526,-1,3,7,92.3,,False,3521.999
3825,2.836,33.985,251.42,628.3642,-1,4,8,93.7,,False,1913.999
3826,2.221,26.119,195.94,371.28,-1,2,16,100.0,,False,261.01676886334764
3828,2.378,25.624,192.5,356.2841,-1,2,8,96.5,,False,2033.999
3831,3.076,29.288,218.56,441.3573,-1,2,5,48.3,,False,1716.999
3832,3.049,26.758,200.56,381.3009,-1,2,11,74.8,,False,1405.999
3837,2.82,33.376,247.1,607.4592,-1,4,12,69.9,,False,937.999
3848,0.747,26.144,195.25,426.1595,-1,3,13,100.0,,False,2223.999
3849,2.449,24.959,192.46,205.1212,-1,2,11,100.0,,False,164.999
3850,1.978,22.384,170.37,259.1896,-1,3,12,100.0,,False,803.999
3851,3.932,31.174,231.54,526.3958,-1,2,12,100.0,,False,1142.999
3855,1.43,24.9,187.99,313.1183,-1,2,8,100.0,,False,773.999
3864,0.247,21.52,315.76,470.6699,-2,4,11,100.0,,False,1714.999
3865,3.063,34.434,254.92,610.3753,-1,3,11,90.2,,False,1266.999
3867,3.539,45.639,335.0,1034.7855,-1,4,13,100.0,,False,212.999
3871,4.273,40.655,298.92,899.5757,-1,3,4,100.0,,False,1686.999
3878,2.08,26.344,198.76,319.2645,-1,3,4,99.3,,False,1368.999
3879,3.275,37.697,277.8,774.5499,-1,5,3,68.5,,False,6266.999
3883,0.754,17.72,133.96,294.8421,-1,3,10,100.0,,False,833.999
3886,4.379,31.105,230.91,536.3741,-1,3,12,100.0,,False,855.999
3888,3.295,32.879,243.73,573.3939,-1,3,8,94.0,,False,143.999
3892,3.536,27.454,203.1,615.039,-1,4,13,100.0,,False,597.999
3903,0.636,20.976,166.21,139.0047,-1,1,12,99.3,,False,1006.999
3907,2.973,30.067,223.4,517.2559,-1,2,11,100.0,,False,2240.999
3912,2.784,32.115,238.13,564.3343,-1,2,5,100.0,,False,2508.999
3913,2.37,27.654,207.44,373.2751,-1,2,8,100.0,,False,1901.999
3922,2.426,25.892,194.45,360.2538,-1,3,11,100.0,,False,855.999
3923,3.12,30.629,227.9,490.3634,-1,3,7,52.5,,False,1139.999
3930,0.461,20.115,157.24,165.0535,-1,2,7,100.0,,False,1683.999
3936,1.753,18.439,143.85,168.9896,-1,3,3,97.1,,False,7268.999
3937,1.998,26.907,200.96,425.2322,-1,3,5,100.0,,False,4220.999
3940,2.888,31.836,236.29,540.3363,-1,4,3,73.0,,False,6664.999
3942,2.823,27.716,206.83,438.2681,-1,3,9,100.0,,False,1398.999
3951,0.276,27.44,201.99,796.4234,-1,1,15,96.5,,False,948.999
3952,0.303,22.127,172.88,167.019,-1,2,12,98.3,,False,1494.999
3953,4.006,38.846,286.06,812.5296,-1,4,6,93.7,,False,1905.999
3957,4.298,25.915,194.13,387.0342,-1,3,12,100.0,,False,454.999
3960,4.172,26.827,201.12,379.3566,-1,2,10,96.5,,False,407.33344444444424
3962,0.378,16.883,135.11,123.0064,-1,2,4,100.0,,False,442.999
3965,2.81,27.208,203.63,399.3474,-1,2,9,98.9,,False,1191.999
3975,2.918,24.127,181.94,321.2078,-1,3,12,100.0,,False,69.34961331244267
3979,1.74,32.549,241.11,591.355,-1,3,10,100.0,,False,316.999
3982,0.433,32.861,255.04,187.0096,-1,2,3,100.0,,False,15848.999
3983,2.97,30.453,226.78,475.3436,-1,2,12,93.7,,False,696.999
3989,0.572,26.013,200.16,213.0212,-1,2,9,88.6,,False,1105.999
3993,4.779,28.099,209.87,427.2167,-1,3,12,100.0,,False,567.999
3994,2.957,25.555,188.8,647.9608,-1,2,7,100.0,,False,1477.999
4000,2.898,29.401,218.74,491.24,-1,3,13,100.0,,False,1028.000111111111
4002,3.43,32.517,241.41,537.5712,-1,3,6,98.1,,False,1893.999
4004,3.017,33.368,247.22,587.3501,-1,2,14,100.0,,False,1110.999
4005,4.009,31.657,234.98,540.4109,-1,2,8,97.5,,False,1225.999
4006,0.452,17.904,142.13,135.0448,-1,2,3,100.0,,False,1777.999
4007,4.461,35.22,260.52,635.5282,-1,3,13,100.0,,False,556.0051492174862
4011,4.439,32.559,241.86,525.4533,-1,2,7,97.7,,False,1899.999
4013,3.319,33.503,247.67,649.3493,-1,4,3,100.0,,False,311.999
4014,4.099,29.055,216.82,439.3828,-1,4,3,91.5,,False,11290.00011111111
4017,3.092,37.312,275.02,766.5431,-1,4,7,64.1,,False,1309.999
4020,2.85,45.162,331.33,1073.6869,-1,4,11,99.9,,False,1347.999
4022,1.114,30.053,224.07,455.2511,-1,3,4,97.2,,False,675.999
4024,2.718,32.145,238.63,538.3546,-1,2,8,91.9,,False,6472.999
4028,3.865,30.407,227.01,435.3501,-1,2,4,78.0,,False,6382.999
4031,3.788,33.038,245.63,507.3561,-1,4,3,100.0,,False,9060.999
4037,3.399,22.373,170.35,257.2278,-1,2,5,100.0,,False,1990.999
4044,1.549,21.859,165.84,277.0294,-1,4,11,100.0,,False,223.999
4050,3.235,36.726,270.8,746.5213,-1,3,3,54.8,,False,3478.999
4059,2.41,33.609,248.44,653.2945,-1,4,13,100.0,,False,320.999
4062,2.588,23.16,174.66,319.9813,-1,2,15,98.7,,False,339.4521456717524
4072,2.438,31.86,236.06,583.3298,-1,3,8,100.0,,False,742.999
4074,2.129,29.579,220.0,496.3064,-1,2,9,74.8,,False,2150.999
4080,4.543,30.388,225.51,544.2673,-1,3,8,96.5,,False,343.999
4088,2.148,25.625,192.49,357.3005,-1,2,11,96.6,,False,1372.999
4089,2.588,29.531,219.45,513.2246,-1,2,15,100.0,,False,577.999
4090,1.255,31.062,233.17,369.1749,-1,2,12,99.5,,False,421.999
4095,2.776,24.083,181.84,311.2579,-1,2,14,78.2,,False,1121.3124497637452
4099,3.564,30.391,226.91,433.3349,-1,3,3,92.0,,False,5262.999
4100,3.113,25.459,191.4,349.2742,-1,2,10,92.5,,False,1625.999
4101,3.61,31.565,235.28,461.3293,-1,3,8,92.0,,False,631.999
4102,3.681,27.506,206.11,385.3352,-1,3,5,100.0,,False,7134.999
4116,1.354,29.354,217.95,529.2107,-1,4,3,100.0,,False,776.999
4118,2.622,30.87,228.95,557.2903,-1,3,9,100.0,,False,2002.999
4120,2.126,23.274,175.86,305.1783,-1,3,13,98.3,,False,61.555666666666696
4122,2.897,34.391,254.72,598.3756,-1,3,14,100.0,,False,1129.999
4124,4.417,26.971,202.2,379.3576,-1,2,13,78.2,,False,528.9264918829674
4125,0.464,16.811,131.44,163.0383,-1,2,8,100.0,,False,2782.999
4127,0.393,23.787,178.2,382.9872,-1,3,10,100.0,,False,2051.999
4129,3.085,32.919,244.92,494.3276,-1,3,5,100.0,,False,2600.999
4138,2.095,24.934,185.05,527.9681,-1,1,5,96.5,,False,605.136762498304
4144,2.12,31.078,230.86,523.3652,-1,3,9,96.7,,False,592.999
4145,1.346,25.096,188.74,345.1459,-1,2,8,100.0,,False,1190.999
4146,3.357,28.544,212.95,444.3174,-1,1,8,63.6,,False,2022.999
4148,3.261,28.261,214.49,279.2318,-1,2,9,100.0,,False,1743.999
4150,2.3,24.029,181.38,313.2377,-1,2,13,70.8,,False,1012.5236806154398
4152,1.428,26.343,196.98,409.1665,-1,3,13,100.0,,False,949.999
4154,3.784,33.664,249.48,579.4997,-1,2,7,68.3,,False,3368.114658763214
4155,1.956,30.66,227.68,529.3406,-1,2,7,87.4,,False,1133.999
4156,3.208,24.076,181.51,323.1545,-1,4,5,72.9,,False,3657.999
4160,3.61,33.899,251.19,585.4751,-1,2,8,100.0,,False,830.999
4161,2.611,27.886,207.94,450.2649,-1,2,6,97.5,,False,1308.999
4164,3.209,27.588,206.31,409.3388,-1,3,5,92.6,,False,5756.999
4169,2.188,29.279,218.32,453.3223,-1,2,7,91.1,,False,672.999
4172,1.976,26.354,197.46,385.2954,-1,2,8,97.1,,False,2924.999
4175,1.857,29.189,216.97,507.2347,-1,3,9,96.5,,False,1815.999
4178,4.347,39.394,289.86,857.5263,-1,3,8,83.3,,False,2574.999
4182,2.765,42.379,311.38,952.5752,-1,4,13,100.0,,False,1418.999
4194,0.65,26.498,198.55,385.1676,-1,2,10,100.0,,False,468.999
4197,0.546,19.555,149.94,223.0596,-1,2,12,100.0,,False,899.999
4200,3.595,28.064,210.06,399.3455,-1,4,10,96.8,,False,587.999
4206,3.9,38.351,282.88,737.5425,-1,3,10,69.6,,False,1156.7193118199611
4218,2.624,30.694,228.4,489.3589,-1,2,5,59.3,,False,616.999
4220,1.56,28.477,212.09,471.298,-1,4,7,99.1,,False,4539.999
4231,1.739,28.556,212.8,461.3127,-1,4,8,99.7,,False,4030.999
4240,2.731,29.254,218.02,461.3277,-1,2,7,37.8,,False,3276.999
4242,0.391,21.551,173.46,116.9705,-1,1,15,56.3,,False,78.20738423889816
4250,1.931,27.541,204.96,482.2978,-1,3,4,96.7,,False,1740.999
4255,1.083,28.258,212.07,369.1731,-1,3,12,90.8,,False,569.999
4259,3.425,23.099,176.95,229.1942,-1,2,12,99.9,,False,797.999
4266,0.571,24.273,186.74,213.0209,-1,2,12,96.9,,False,839.999
4270,4.406,27.622,206.62,405.3767,-1,3,4,87.0,,False,632.3334444444445
4273,0.405,22.561,171.07,281.1009,-1,1,4,92.4,,False,5547.999
4281,2.486,27.049,202.37,403.187,-1,2,11,100.0,,False,1381.999
4282,0.388,23.084,173.18,367.1046,-1,2,14,98.3,,False,889.999
4291,2.647,32.512,241.22,552.4001,-1,1,9,43.6,,False,1768.999
4299,2.322,27.986,209.16,417.2239,-1,2,4,86.2,,False,149.999
4305,2.069,22.265,169.21,267.1962,-1,2,9,87.0,,False,1284.999
4306,1.444,28.442,211.72,479.2696,-1,4,4,98.2,,False,163.999
4307,3.176,38.585,284.45,759.5725,-1,2,3,72.5,,False,7654.999
4311,0.634,27.603,210.23,259.0269,-1,2,6,72.1,,False,1934.999
4312,4.242,24.303,183.76,301.2528,-1,2,12,100.0,,False,526.999
4313,3.943,40.03,294.51,865.5088,-1,3,10,100.0,,False,1561.999
4315,2.58,29.321,218.14,491.3383,-1,2,10,99.5,,False,2118.999
4316,1.111,24.447,183.54,361.1648,-1,2,12,100.0,,False,1038.999
4319,4.669,33.707,250.36,529.429,-1,3,5,82.4,,False,3326.999
4320,3.158,20.877,160.7,209.1889,-1,2,13,100.0,,False,597.999
4323,0.711,26.945,217.03,116.9703,-1,1,11,70.8,,False,348.33344444444447
4326,2.587,20.283,155.06,236.1045,-1,1,10,55.8,,False,428.33344444444447
4327,1.993,29.165,217.49,451.3065,-1,2,12,88.5,,False,245.77788888888892
4328,2.892,22.233,169.35,255.2327,-1,4,7,93.7,,False,2402.999
4329,0.369,20.741,157.6,267.0742,-1,3,3,100.0,,False,7594.999
4330,1.563,30.175,224.22,515.3226,-1,2,10,97.5,,False,2249.999
4335,4.753,31.663,235.39,505.4293,-1,3,3,82.4,,False,833.999
4336,3.643,36.487,277.08,279.2332,-1,1,9,94.5,,False,1358.999
4338,0.24,37.953,278.76,964.3322,-1,3,14,96.3,,False,1506.999
4345,3.259,39.639,291.99,798.5718,-1,7,6,100.0,,False,57.999
4350,2.698,30.114,224.47,459.3126,-1,2,7,100.0,,False,275.999
4360,2.591,23.161,174.68,318.9789,-1,1,13,98.8,,False,300.0001111111111
4361,2.7,28.004,209.28,419.2442,-1,2,10,94.4,,False,706.999
4362,1.058,25.075,189.7,298.144,-1,3,10,100.0,,False,461.999
4363,0.373,26.092,195.07,410.9874,-1,2,14,100.0,,False,730.2223333333334
4366,4.154,40.775,299.81,901.5529,-1,3,11,100.0,,False,1100.999
4367,3.626,39.737,292.71,800.5757,-1,4,5,52.7,,False,2957.999
4368,0.404,12.543,104.95,80.9639,-1,1,11,99.5,,False,2389.999
4371,0.845,18.161,140.06,201.0241,-1,3,17,82.4,,False,344.9457918676121
4373,3.833,21.999,168.18,237.2228,-1,2,9,100.0,,False,1927.4381199183008
4378,2.076,24.323,180.29,555.9545,-1,3,3,83.7,,False,1690.999
4379,3.399,27.077,202.92,383.3162,-1,3,10,68.2,,False,1639.1112222222223
4385,3.96,25.921,194.75,355.3239,-1,3,7,100.0,,False,608.1572102760437
4388,2.994,35.031,277.63,141.0153,-1,1,13,99.1,,False,766.3334444444445
4395,2.832,12.117,96.74,123.8996,-1,1,11,69.5,,False,465.6667777777777
4398,3.907,33.565,248.27,634.4105,-1,3,7,99.9,,False,741.999
4400,2.936,32.715,242.56,566.3862,-1,2,4,100.0,,False,5402.999
4404,3.93,29.493,220.29,427.3811,-1,2,7,97.1,,False,2513.999
4410,2.988,31.079,230.74,534.3238,-1,3,7,100.0,,False,1159.999
4412,0.33,26.501,199.57,335.0336,-1,2,5,100.0,,False,144.999
4413,0.281,27.447,202.06,792.4294,-1,1,15,96.9,,False,891.999
4418,2.936,39.785,293.11,794.5957,-1,4,10,100.0,,False,986.999
4421,3.398,29.19,217.35,476.3159,-1,1,11,97.9,,False,732.999
4436,3.465,32.39,241.02,491.3755,-1,2,9,43.5,,False,136.999
4437,0.251,16.423,136.36,87.0073,-1,1,14,97.1,,False,205.139450141824
4440,3.406,33.472,248.08,578.4884,-1,1,6,52.8,,False,4106.916813280279
4449,3.092,40.557,298.4,864.5805,-1,7,4,60.0,,False,4384.999
4450,2.112,22.273,169.65,255.2322,-1,2,7,49.9,,False,2483.999
4451,1.862,25.662,191.82,413.267,-1,2,12,100.0,,False,377.999
4453,2.588,23.164,176.01,268.9813,-1,1,13,99.0,,False,620.999
4457,3.775,30.281,226.2,427.3219,-1,3,12,100.0,,False,1697.999
4459,3.874,32.816,242.96,605.4028,-1,3,3,100.0,,False,3353.999
4462,0.374,19.092,146.3,225.0645,-1,2,4,100.0,,False,4246.999
4466,0.354,20.307,154.02,277.0728,-1,2,17,100.0,,False,360.09495644135427
4468,2.753,25.499,191.89,340.2862,-1,1,7,75.2,,False,1929.000111111111
4475,2.724,26.275,197.13,370.3013,-1,1,12,96.5,,False,3349.999
4479,3.925,29.881,222.97,441.3995,-1,3,3,100.0,,False,7597.999
4487,0.256,17.026,132.25,179.0544,-1,2,9,86.4,,False,5429.999
4492,0.451,36.03,279.69,187.0067,-1,1,7,97.7,,False,10811.999
4495,3.575,40.591,298.71,852.6158,-1,3,6,80.8,,False,1109.999
4497,3.154,28.64,213.41,462.44,-1,2,5,90.0,,False,2372.999
4498,3.791,29.836,222.15,477.3598,-1,2,10,88.3,,False,1631.8897978472896
4501,0.47,29.296,217.32,550.2469,-1,3,13,100.0,,False,271.999
4502,0.419,26.015,214.16,94.9233,-1,1,15,50.2,,False,441.11122222222224
4504,4.189,28.268,211.45,407.3543,-1,2,8,98.2,,False,2198.999
4511,2.027,32.063,237.61,577.378,-1,3,6,100.0,,False,2185.999
4516,2.467,31.79,236.1,527.4,-1,3,3,97.2,,False,3882.999
4518,3.634,32.26,239.63,525.4187,-1,4,7,90.4,,False,930.999
4521,1.587,23.38,176.47,313.2354,-1,2,6,70.5,,False,1613.0001111111112
4533,1.836,27.979,208.09,495.27,-1,3,9,99.8,,False,123.999
4538,3.705,35.12,259.5,669.4051,-1,3,9,100.0,,False,1272.999
4543,4.222,40.216,295.83,874.5602,-1,3,9,96.5,,False,1045.999
4548,2.533,30.105,223.5,533.2921,-1,4,5,100.0,,False,2803.999
4550,0.897,25.337,190.49,349.1109,-1,2,7,100.0,,False,2210.999
4553,1.204,27.398,203.96,477.2292,-1,3,12,100.0,,False,996.999
4554,2.183,27.278,203.96,411.3125,-1,2,6,50.6,,False,1176.999
4555,3.863,25.972,195.14,355.2671,-1,3,3,98.7,,False,5763.999
4559,0.413,20.706,156.76,289.0382,-1,2,5,100.0,,False,956.999
4561,2.732,26.745,200.57,375.2919,-1,2,8,100.0,,False,1129.999
4567,0.386,23.235,174.42,361.1035,-1,2,9,100.0,,False,306.999
4571,3.961,31.492,233.88,528.4121,-1,3,10,100.0,,False,944.999
4575,2.597,27.389,205.41,375.2919,-1,2,4,98.2,,False,5082.999
4577,2.659,26.928,201.55,397.3333,-1,2,5,69.5,,False,1665.999
4578,4.084,35.357,261.05,697.3805,-1,7,10,99.3,,False,1543.999
4582,3.192,35.901,264.87,726.1059,-1,3,11,100.0,,False,93.999
4596,2.217,32.026,238.5,477.2696,-1,4,6,98.3,,False,507.999
4599,2.566,33.396,247.25,607.4596,-1,3,9,87.0,,False,443.999
4602,4.162,38.779,285.99,744.5721,-1,3,5,82.4,,False,3370.999
4603,2.377,31.043,230.79,507.3695,-1,2,5,60.8,,False,620.999
4605,3.54,23.233,176.15,282.2501,-1,1,12,93.0,,False,982.6759773367978
4609,2.757,28.704,213.6,485.2699,-1,3,6,95.6,,False,2877.999
4610,2.785,35.808,264.48,684.3529,-1,3,12,100.0,,False,1392.999
4611,2.035,25.4,190.83,355.2841,-1,2,8,48.3,,False,1319.999
4615,2.045,12.13,96.85,123.9,-1,1,10,79.3,,False,948.999
4617,2.441,34.413,272.72,141.0149,-1,1,17,95.9,,False,467.33320414558375
4618,2.9,30.334,225.32,523.3063,-1,2,10,100.0,,False,1360.999
4619,2.651,27.671,206.72,423.1417,-1,5,11,100.0,,False,141.999
4622,1.314,34.937,262.33,369.1746,-1,2,11,100.0,,False,357.999
4626,3.974,25.955,195.0,355.3241,-1,2,8,100.0,,False,8481.622826712208
4633,1.088,23.695,178.46,331.1541,-1,2,12,100.0,,False,1000.999
4634,3.892,31.018,230.51,514.3952,-1,1,10,97.7,,False,813.999
4636,2.464,27.425,204.56,445.2344,-1,3,7,100.0,,False,2.0001111111111243
4637,0.362,22.515,170.72,280.9772,-1,4,7,100.0,,False,466.999
4638,1.666,23.526,178.13,291.1589,-1,2,10,100.0,,False,295.999
4639,1.138,27.81,208.02,407.1513,-1,3,11,98.6,,False,361.999
4642,1.74,19.887,153.7,195.1374,-1,2,8,100.0,,False,594.999
4644,1.482,24.919,187.45,343.2479,-1,2,10,100.0,,False,758.999
4646,2.362,26.445,198.17,383.3168,-1,2,5,61.9,,False,1794.999
4656,3.953,32.431,240.48,563.4358,-1,2,7,95.8,,False,5013.326498250203
4663,4.263,38.968,286.89,823.549,-1,3,5,79.0,,False,1799.999
4664,2.397,32.735,242.04,643.2931,-1,2,6,98.9,,False,6587.999
4667,3.215,20.276,155.01,236.1047,-1,1,11,51.0,,False,394.3121633969206
4669,3.507,45.139,331.56,979.7917,-1,5,9,100.0,,False,2179.999
4670,3.976,34.266,253.68,607.4641,-1,4,3,52.5,,False,6422.999
4679,3.674,27.816,208.16,401.3424,-1,2,13,92.7,,False,1781.999
4689,4.362,37.415,275.65,786.5164,-1,3,5,83.2,,False,6787.128851947557
4697,1.358,23.476,177.15,315.2175,-1,3,8,93.7,,False,818.999
4699,3.07,25.949,194.15,401.1318,-1,4,5,96.9,,False,916.999
4702,3.084,23.893,180.92,291.1964,-1,2,16,100.0,,False,472.7981534733634
4708,1.069,24.671,185.83,331.1894,-1,2,9,99.4,,False,79.999
4711,1.29,18.172,140.14,201.0237,-1,3,13,82.4,,False,990.999
4712,4.724,28.106,209.87,429.3767,-1,2,4,97.3,,False,9033.555666666667
4713,2.804,29.667,222.01,403.2854,-1,2,11,99.6,,False,360.999
4722,3.07,31.888,236.47,562.3162,-1,2,9,100.0,,False,176.999
4723,4.542,29.604,221.01,435.3845,-1,2,11,72.8,,False,685.999
4727,2.711,12.107,96.66,123.9002,-1,1,7,65.1,,False,296.44455555555555
4730,2.687,30.576,226.97,537.3252,-1,3,10,100.0,,False,1319.999
4732,1.472,23.506,177.03,331.1907,-1,2,11,100.0,,False,550.999
4735,3.608,25.225,189.89,337.1915,-1,4,11,100.0,,False,2506.999
4737,3.946,31.013,230.76,491.3763,-1,2,5,44.0,,False,804.1112222222223
4739,2.643,34.08,266.81,165.0388,-1,2,11,100.0,,False,522.999
4742,2.996,28.955,216.05,441.3613,-1,3,3,90.0,,False,4442.999
4745,2.752,42.766,318.68,476.2787,-1,2,12,99.1,,False,558.999
4747,1.122,13.623,111.22,99.9246,-1,2,11,48.1,,False,863.9756651653379
4750,2.404,29.534,219.58,503.2646,-1,2,11,100.0,,False,1547.999
4755,2.458,30.386,225.97,499.4036,-1,3,4,99.1,,False,1458.999
4759,3.421,27.537,205.8,417.3384,-1,2,8,92.6,,False,488.3451956776026
4767,2.94,25.352,190.8,339.2543,-1,2,8,96.3,,False,448.44455555555555
4773,0.593,20.845,164.97,141.0159,-1,2,4,47.4,,False,7741.999
4775,0.384,23.533,176.24,387.0282,-1,3,6,100.0,,False,432.999
4777,3.253,33.43,247.79,575.4703,-1,3,12,52.5,,False,1808.7654050872227
4784,0.393,29.845,220.53,657.0,-1,3,12,100.0,,False,728.999
4785,2.591,25.247,189.92,343.2832,-1,2,5,82.4,,False,2659.999
4788,1.065,28.315,212.51,369.1731,-1,3,11,91.2,,False,562.999
4802,3.651,27.952,209.04,409.3342,-1,3,7,79.6,,False,3482.5703860321332
4806,2.156,27.559,206.44,389.2696,-1,2,10,93.7,,False,1524.999
4808,0.402,28.351,210.07,574.9939,-1,2,14,100.0,,False,953.7778888888889
4816,3.299,32.092,238.54,511.5507,-1,3,6,90.2,,False,912.999
4818,2.471,29.068,216.25,491.1955,-1,4,11,100.0,,False,504.11122222222224
4821,2.692,31.01,230.13,544.3076,-1,3,9,98.9,,False,277.999
4824,3.221,24.091,184.66,227.2003,-1,2,11,99.5,,False,894.999
4825,3.986,39.699,292.42,799.5687,-1,2,3,51.2,,False,1689.999
4827,0.704,23.381,175.6,356.1194,-1,3,3,100.0,,False,7299.999
4832,3.074,40.026,294.59,840.5851,-1,5,3,67.3,,False,5122.999
4839,3.715,25.338,189.66,395.2459,-1,3,6,100.0,,False,2915.999
4842,0.274,23.632,175.12,560.5921,-1,1,16,98.0,,False,565.5556666666666
4847,0.862,16.174,125.7,176.9502,-1,5,8,99.0,,False,1984.999
4850,2.524,28.261,210.33,481.2407,-1,2,3,98.8,,False,5752.999
4854,2.323,26.475,196.02,588.0114,-1,1,7,96.5,,False,386.3623603169781
4862,3.995,22.793,173.37,263.2365,-1,2,16,100.0,,False,712.889
4867,4.42,33.603,254.97,283.2634,-1,2,10,100.0,,False,762.999
4868,2.127,21.65,165.51,237.149,-1,2,6,90.2,,False,6231.999
4869,0.469,22.891,172.86,309.1125,-1,2,4,100.0,,False,87.999
4873,0.387,23.522,176.38,372.1156,-1,3,3,100.0,,False,8506.999
4880,1.705,29.461,219.03,503.3272,-1,2,3,88.3,,False,2397.999
4882,2.83,26.993,202.04,398.2741,-1,3,10,100.0,,False,1030.999
4887,0.885,23.371,188.16,116.9704,-1,1,13,49.4,,False,6.401713047441717
4894,3.002,28.537,213.17,425.3291,-1,3,6,82.4,,False,2027.999
4896,4.412,45.633,334.9,1040.8365,-1,6,4,100.0,,False,3014.999
4897,0.506,15.896,125.97,137.0599,-1,2,4,100.0,,False,3575.999
4900,2.479,31.407,235.51,381.2048,-1,2,11,100.0,,False,1195.999
4901,2.694,29.318,217.97,502.2981,-1,2,8,97.6,,False,2391.2344529848733
4902,2.103,30.832,228.63,560.29,-1,4,4,100.0,,False,4452.999
4903,0.38,25.555,196.11,223.0194,-1,2,6,100.0,,False,306.999
4910,2.839,23.541,206.73,59.0127,-1,1,12,99.8,,False,132.999
4914,2.755,30.951,229.99,516.3111,-1,4,10,98.2,,False,165.999
4917,3.181,32.387,240.48,534.3888,-1,1,5,52.4,,False,627.999
4928,0.355,15.604,125.52,116.0695,-1,1,14,99.4,,False,702.999
4931,2.583,41.341,304.0,900.5439,-1,5,10,100.0,,False,762.999
4935,2.479,23.965,194.67,107.0847,-1,1,10,99.2,,False,435.999
4936,3.211,32.556,241.44,561.4178,-1,3,5,52.5,,False,2328.999
4944,0.457,19.203,146.49,245.0144,-1,2,3,93.7,,False,2972.999
4948,3.142,23.014,174.18,293.2109,-1,2,9,92.6,,False,640.999
4951,4.528,30.24,224.42,542.2531,-1,2,5,85.8,,False,335.999
4952,0.37,24.377,183.32,345.0142,-1,2,13,100.0,,False,577.999
4954,3.569,29.251,217.79,476.3178,-1,2,7,96.5,,False,517.7998682924131
4967,1.16,18.399,144.3,157.1232,-1,2,5,77.4,,False,4453.222333333333
4968,4.583,29.027,215.89,496.2486,-1,3,8,89.8,,False,336.82260189272404
4974,2.319,34.411,254.67,619.2917,-1,2,10,89.0,,False,1214.999
4975,4.513,30.209,224.13,548.2433,-1,3,14,96.9,,False,671.240214884459
4977,2.544,30.549,226.61,552.275,-1,3,11,100.0,,False,1071.999
4982,3.522,46.691,342.51,1084.8043,-1,7,10,100.0,,False,1111.999
4985,1.983,30.835,229.33,499.3642,-1,2,12,90.6,,False,624.999
4987,0.836,20.552,154.83,324.9021,-1,3,11,100.0,,False,81.999
4988,1.436,19.731,152.5,195.1368,-1,2,10,100.0,,False,373.999
4997,0.918,28.894,215.27,465.2505,-1,2,12,100.0,,False,355.999
5002,3.528,28.355,209.6,639.2181,-1,3,4,52.5,,False,356.999
5004,4.227,46.407,340.52,1064.8335,-1,7,12,100.0,,False,1485.999
5006,4.611,32.39,240.42,541.4483,-1,2,6,81.3,,False,1974.999
5011,3.148,33.576,249.05,559.4718,-1,3,6,52.5,,False,339.44455555555555
5017,2.228,25.691,192.81,366.2713,-1,1,4,80.7,,False,6424.999
5020,2.563,26.876,211.48,152.9937,-1,1,11,91.8,,False,612.999
5025,0.626,30.17,234.09,187.0076,-1,3,3,88.3,,False,11242.999
5029,2.014,26.578,199.18,383.2801,-1,2,11,81.9,,False,724.6667777777777
5030,4.068,27.534,206.35,383.3546,-1,3,4,97.8,,False,4233.999
5032,4.363,27.01,202.41,383.3548,-1,2,5,98.2,,False,386.889
5033,3.807,28.985,216.47,429.3737,-1,2,10,91.8,,False,850.999
5037,0.331,23.479,185.27,146.9812,-1,1,14,96.7,,False,1033.999
5038,2.037,30.191,224.64,489.3574,-1,3,3,100.0,,False,1779.999
5039,2.79,31.73,235.63,531.3696,-1,2,8,82.0,,False,1461.999
5046,2.98,28.856,214.8,479.447,-1,1,3,45.9,,False,5744.999
5053,2.598,29.334,218.79,449.3278,-1,2,6,80.6,,False,1319.999
5063,2.565,27.688,206.4,455.2222,-1,2,6,93.7,,False,1531.999
5067,2.762,24.36,183.75,319.2269,-1,2,16,88.4,,False,594.3804322535092
5068,3.3,26.001,195.48,349.3102,-1,2,13,93.7,,False,377.999
5069,3.257,26.19,196.58,365.3441,-1,3,6,52.5,,False,2927.851380933552
5071,0.413,34.363,266.73,187.0032,-1,1,7,98.3,,False,1967.999
5072,0.366,24.358,182.98,355.1295,-1,1,4,96.5,,False,4008.999
5076,0.472,20.521,157.29,225.1097,-1,2,10,100.0,,False,883.999
5077,1.304,18.905,146.23,192.1135,-1,2,16,72.4,,False,191.64286474806227
5086,0.715,25.903,193.32,435.1819,-1,3,13,100.0,,False,254.999
5096,3.48,23.283,174.36,387.0335,-1,3,11,100.0,,False,156.5556666666667
5101,2.42,21.949,162.88,523.9863,-1,1,6,96.5,,False,1054.570660341884
5111,2.137,30.26,225.06,497.3495,-1,2,10,91.8,,False,367.999
5117,3.521,29.35,219.13,434.336,-1,1,8,60.6,,False,348.999
5120,3.447,40.711,299.58,850.604,-1,3,3,100.0,,False,5300.999
5123,3.109,36.3,267.67,749.4408,-1,3,9,100.0,,False,708.999
5134,1.942,30.03,223.19,511.3287,-1,2,10,82.4,,False,1320.999
5137,3.376,45.594,334.65,1034.787,-1,6,11,98.9,,False,1241.999
5139,1.335,36.924,272.58,705.4137,-1,3,12,100.0,,False,516.999
5140,4.776,34.587,255.81,637.4351,-1,2,10,100.0,,False,1482.999
5145,0.447,18.485,141.56,227.0289,-1,2,9,100.0,,False,776.999
5150,1.478,21.336,162.69,249.1504,-1,3,13,100.0,,False,621.4503090361794
5158,0.468,20.448,161.62,143.1059,-1,2,11,99.1,,False,683.999
5159,1.078,16.139,125.94,167.0189,-1,1,8,60.3,,False,2072.999
5165,3.567,33.311,246.55,613.4005,-1,3,4,87.5,,False,2092.999
5167,2.308,25.757,193.48,357.2997,-1,2,7,95.7,,False,550.999
5184,0.37,18.453,141.9,211.0842,-1,1,3,96.5,,False,9599.999
5186,3.185,20.302,155.28,234.1121,-1,1,11,98.5,,False,295.999
5187,3.253,26.502,198.47,391.3211,-1,2,11,100.0,,False,562.999
5196,3.055,26.822,201.31,367.2828,-1,2,8,87.9,,False,12.444555555555553
5197,3.841,38.962,287.8,687.5489,-1,3,8,82.4,,False,802.999
5198,3.055,30.645,227.64,522.324,-1,3,5,100.0,,False,3416.999
5203,0.509,21.291,175.16,94.9233,-1,1,18,68.1,,False,480.60808909795537
5207,3.613,33.363,247.06,601.2243,-1,4,15,100.0,,False,712.6667777777777
5209,0.534,19.47,152.18,165.0901,-1,2,10,100.0,,False,687.999
5212,0.33,24.642,185.54,335.032,-1,2,8,100.0,,False,229.999
5214,4.41,38.673,285.19,744.572,-1,3,5,52.5,,False,3496.6667777777775
5223,2.158,21.717,165.09,265.2537,-1,2,4,75.1,,False,581.4445555555556
5230,0.643,16.705,130.74,160.9566,-1,5,3,100.0,,False,864.999
5231,1.701,18.201,150.0,93.0336,-1,2,3,100.0,,False,1974.999
5233,2.486,40.048,294.73,848.5113,-1,3,10,100.0,,False,350.999
5237,3.536,27.719,205.0,625.0667,-1,2,10,100.0,,False,345.999
5239,4.086,36.815,271.54,738.6577,-1,3,8,62.4,,False,2003.000111111111
5240,1.28,35.696,263.84,661.3864,-1,3,11,100.0,,False,479.999
5245,2.566,30.763,228.33,540.3098,-1,2,10,100.0,,False,840.999
5246,0.352,24.822,185.55,410.9876,-1,2,14,84.8,,False,1.496194066103726
5248,3.542,32.94,244.49,543.4438,-1,3,7,68.9,,False,2360.666777777778
5249,4.162,31.334,232.54,544.3788,-1,1,12,98.0,,False,979.999
5251,3.099,32.155,238.26,582.343,-1,3,7,74.3,,False,951.999
5252,0.276,27.44,201.98,798.4198,-1,1,15,96.5,,False,673.999
5254,2.233,31.932,236.71,571.348,-1,2,7,100.0,,False,270.999
5261,4.158,30.726,228.5,499.3835,-1,3,5,82.4,,False,1097.999
5265,3.103,30.739,228.68,492.3814,-1,1,4,38.8,,False,2300.999
5269,0.638,19.359,147.42,254.0114,-1,1,6,97.6,,False,1629.999
5271,3.081,22.237,168.36,290.1429,-1,3,4,91.9,,False,1767.999
5272,4.747,35.802,264.42,685.5333,-1,2,9,100.0,,False,644.999
5275,2.861,31.191,232.67,449.3284,-1,3,10,100.0,,False,251.999
5276,2.955,30.227,224.94,487.3442,-1,2,6,81.9,,False,1246.999
5286,1.214,27.706,207.21,409.1668,-1,3,10,100.0,,False,182.999
5288,2.462,29.361,218.9,455.3397,-1,2,6,82.4,,False,707.999
5291,2.711,18.374,141.18,213.9853,-1,3,5,100.0,,False,114.999
5293,2.622,27.355,204.4,420.2563,-1,1,11,98.7,,False,953.999
5295,1.115,27.476,206.19,369.1743,-1,2,11,91.2,,False,504.999
5296,3.169,20.405,154.77,276.9813,-1,3,8,100.0,,False,629.999
5302,2.772,34.585,255.71,646.3755,-1,3,4,99.1,,False,70.999
5304,2.217,19.708,152.22,197.1554,-1,2,3,100.0,,False,7090.999
5313,3.22,33.511,248.19,596.3375,-1,3,13,100.0,,False,573.7116017300366
5314,2.597,31.087,231.2,499.3076,-1,3,6,97.9,,False,364.999
5316,1.431,26.001,195.12,367.1596,-1,2,7,98.5,,False,91.66694741295123
5320,3.496,35.301,260.96,653.462,-1,4,7,100.0,,False,3141.999
5325,3.282,22.809,173.61,259.2055,-1,2,12,97.2,,False,920.999
5328,3.5,30.186,225.21,445.4696,-1,4,3,52.5,,False,601.999
5329,2.81,22.211,168.17,290.1429,-1,3,4,77.5,,False,1702.999
5331,3.183,25.731,192.16,425.2217,-1,2,11,100.0,,False,524.999
5341,3.691,37.519,276.73,739.4699,-1,3,7,100.0,,False,735.999
5342,2.657,36.597,286.57,165.0386,-1,2,8,99.4,,False,652.999
5345,1.983,28.241,210.45,460.2474,-1,3,3,100.0,,False,2729.999
5351,3.018,22.624,170.91,306.1381,-1,3,3,61.7,,False,916.999
5352,2.954,33.544,248.38,603.4274,-1,4,9,94.2,,False,769.999
5353,1.481,29.928,222.41,513.3077,-1,2,12,92.8,,False,367.999
5356,2.899,24.836,187.04,333.2043,-1,2,10,94.6,,False,1532.999
5357,1.519,31.547,233.95,561.366,-1,3,11,95.9,,False,757.999
5359,2.611,28.183,210.19,448.2843,-1,2,7,99.0,,False,952.999
5360,2.551,32.356,239.87,570.3466,-1,3,7,100.0,,False,2655.999
5362,2.214,27.417,239.0,61.9869,-1,1,12,90.6,,False,549.999
5364,0.937,22.139,175.24,141.0153,-1,2,9,55.0,,False,1790.000111111111
5375,2.068,28.329,211.14,458.2302,-1,2,10,100.0,,False,1371.999
5379,3.151,39.189,288.86,772.5519,-1,3,11,100.0,,False,179.999
5388,3.008,34.4,254.57,621.4393,-1,5,12,80.9,,False,1189.999
5391,3.649,31.705,236.16,472.3532,-1,3,6,52.5,,False,749.999
5393,2.305,31.496,234.0,521.3495,-1,2,11,84.4,,False,444.999
5394,2.156,31.105,230.71,556.2518,-1,2,10,98.9,,False,1226.999
5404,2.326,33.652,248.57,679.2497,-1,3,11,100.0,,False,595.999
5405,3.604,32.935,244.86,509.3336,-1,3,8,100.0,,False,359.999
5408,0.869,29.12,216.16,534.2545,-1,3,4,93.7,,False,3322.999
5414,2.574,23.516,177.94,295.2638,-1,2,5,62.0,,False,184.999
5416,3.351,28.296,211.76,401.3434,-1,3,3,52.5,,False,368.999
5417,1.399,22.624,172.01,265.2154,-1,2,11,100.0,,False,718.999
5423,3.164,31.451,233.79,510.3908,-1,1,4,39.2,,False,1446.999
5426,3.801,33.329,246.95,585.4183,-1,4,9,89.9,,False,1035.999
5429,4.17,28.538,213.16,425.3658,-1,3,8,99.0,,False,2852.502279755135
5431,0.587,21.159,167.46,141.0154,-1,2,8,82.4,,False,379.6667777777777
5435,2.608,27.385,205.09,391.2869,-1,3,4,59.5,,False,2098.999
5441,4.431,29.431,219.74,433.3692,-1,2,11,86.7,,False,783.999
5444,3.384,30.784,228.68,522.3598,-1,2,5,96.5,,False,2388.999
5446,0.247,13.192,107.8,98.9545,-1,1,6,43.9,,False,1392.999
5448,4.59,25.149,189.34,335.2971,-1,3,6,100.0,,False,2499.9275472248173
5450,4.279,34.09,252.32,615.4636,-1,4,8,94.4,,False,4230.999
5451,2.392,27.623,206.33,425.2326,-1,3,4,73.3,,False,263.999
5458,2.819,24.032,181.64,303.235,-1,2,3,93.2,,False,341.999
5463,1.423,27.421,204.69,433.2819,-1,2,3,99.3,,False,5246.999
5464,3.363,34.534,255.63,612.3927,-1,3,5,86.8,,False,1495.999
5467,1.591,22.114,165.85,368.8288,-1,3,10,100.0,,False,509.999
5471,2.776,29.937,222.43,517.2575,-1,3,10,98.6,,False,262.999
5475,1.427,30.758,228.36,533.335,-1,3,10,100.0,,False,145.999
5476,2.702,34.284,253.69,622.3782,-1,2,5,92.8,,False,427.999
5480,3.771,24.697,186.35,317.2479,-1,2,12,100.0,,False,916.999
5485,2.566,41.232,303.19,900.5444,-1,4,9,100.0,,False,512.999
5486,4.36,33.418,247.82,563.5057,-1,4,6,77.4,,False,1719.889
5487,2.834,29.528,220.97,403.286,-1,2,12,95.5,,False,165.999
5490,3.371,31.296,232.82,494.3937,-1,1,6,42.5,,False,859.7778888888889
5495,3.095,33.436,247.52,606.3848,-1,2,4,100.0,,False,3454.999
5501,2.509,27.291,204.12,407.2865,-1,2,6,95.2,,False,1655.999
5504,1.863,23.202,175.78,287.2214,-1,2,12,91.5,,False,766.2506822203691
5508,1.248,27.539,205.7,425.1193,-1,4,6,100.0,,False,509.999
5516,3.126,27.067,202.71,391.3572,-1,3,7,58.3,,False,982.999
5520,1.589,24.112,181.65,329.233,-1,2,7,100.0,,False,629.999
5521,3.32,32.735,242.86,551.4084,-1,2,3,66.5,,False,4550.555666666667
5522,0.855,31.616,233.99,613.3614,-1,3,10,100.0,,False,872.999
5523,2.692,28.723,214.12,455.2194,-1,2,14,99.6,,False,535.9037654232889
5526,3.295,29.859,222.61,455.3765,-1,3,4,74.0,,False,2626.999
5530,1.09,26.388,197.14,421.2228,-1,2,11,100.0,,False,775.999
5534,1.263,23.004,182.12,141.0139,-1,1,12,44.0,,False,397.999
5535,3.386,35.508,262.27,683.4097,-1,3,9,100.0,,False,1088.999
5542,1.971,14.818,118.71,121.0286,-1,2,5,97.1,,False,2064.5556666666666
5546,4.057,26.673,200.2,366.3394,-1,2,10,87.9,,False,26.777888888888867
5559,2.666,28.816,214.54,477.2237,-1,2,9,94.8,,False,1046.999
5560,2.312,31.551,233.76,583.2895,-1,3,10,100.0,,False,74.999
5564,2.665,29.262,217.53,504.2772,-1,2,7,99.6,,False,1401.4643852525421
5565,2.017,24.196,182.4,324.2535,-1,1,10,97.9,,False,298.999
5567,3.242,23.101,173.85,337.1678,-1,2,11,100.0,,False,181.999
5569,0.275,23.633,175.11,562.5895,-1,1,14,98.1,,False,640.999
5571,0.446,19.413,144.74,435.221,-1,2,14,100.0,,False,651.999
5585,1.259,25.706,192.52,389.1355,-1,2,11,100.0,,False,283.999
5586,2.743,28.985,216.36,436.3173,-1,1,8,85.8,,False,1158.999
5594,2.442,34.614,255.51,703.3105,-1,2,13,100.0,,False,765.999
5595,3.613,27.654,207.03,396.3479,-1,1,12,97.9,,False,269.6667777777777
5597,3.563,33.878,250.91,597.4356,-1,4,6,100.0,,False,4492.999
5598,2.607,24.356,183.63,323.2583,-1,2,8,89.1,,False,1079.999
5603,3.071,33.517,248.05,616.3997,-1,4,4,80.8,,False,189.999
5604,2.42,30.049,223.19,523.3101,-1,3,10,97.7,,False,786.999
5606,2.954,45.663,334.91,1099.7034,-1,4,12,100.0,,False,673.999
5608,0.972,15.638,123.41,144.0458,-1,2,3,100.0,,False,8439.444555555556
5622,4.115,36.613,270.05,734.5187,-1,3,7,74.7,,False,1638.4820003066368
5623,2.375,24.033,181.48,310.2417,-1,1,7,96.5,,False,2888.999
5625,2.186,22.761,173.32,257.2097,-1,2,6,84.5,,False,357.999
5630,1.212,34.426,254.79,617.3596,-1,2,12,100.0,,False,330.999
5634,0.712,29.42,219.13,471.1596,-1,4,11,100.0,,False,151.999
5638,2.424,26.079,195.63,371.3189,-1,3,3,97.0,,False,2701.999
5648,2.631,31.716,235.6,524.3959,-1,1,10,88.8,,False,125.999
5649,2.25,27.527,205.58,427.2358,-1,2,8,98.3,,False,1625.999
5650,0.413,18.507,155.14,80.9643,-1,1,6,97.1,,False,3385.999
5658,3.252,28.517,212.94,431.3165,-1,2,10,63.4,,False,323.999
5661,2.845,28.937,215.55,469.3185,-1,3,4,83.8,,False,1155.999
5662,2.615,32.571,241.43,574.3802,-1,3,7,100.0,,False,448.999
5666,2.729,31.363,232.81,538.3191,-1,2,6,97.5,,False,828.999
5669,4.111,40.604,298.6,893.562,-1,4,8,82.4,,False,1195.999
5672,3.222,33.764,250.1,593.4025,-1,2,8,100.0,,False,1462.999
5674,4.723,34.377,254.47,611.5288,-1,3,7,91.4,,False,1811.621117780457
5677,1.914,29.595,219.75,529.2121,-1,6,8,99.6,,False,578.999
5689,4.158,31.423,233.16,546.3963,-1,2,8,96.6,,False,326.3510463930447
5693,2.891,42.222,310.39,918.589,-1,3,9,100.0,,False,1440.999
5697,2.75,28.744,214.61,433.2953,-1,2,7,51.4,,False,782.999
5706,1.527,23.775,179.51,311.3361,-1,3,4,61.5,,False,528.999
5711,3.063,42.939,315.49,956.6069,-1,3,11,100.0,,False,963.999
5713,3.034,32.454,240.95,537.5368,-1,2,7,90.2,,False,110.999
5718,4.02,35.705,263.62,696.5017,-1,2,8,93.0,,False,1557.6724530038523
5720,1.505,40.775,299.74,917.4977,-1,4,11,100.0,,False,469.999
5722,1.726,13.634,111.94,95.0119,-1,1,11,99.4,,False,78.999
5723,2.799,30.785,229.72,443.3167,-1,2,9,97.6,,False,765.999
5724,2.616,25.995,194.58,395.223,-1,2,3,100.0,,False,4418.999
5727,2.59,32.101,238.44,527.3956,-1,2,8,100.0,,False,710.999
5728,2.108,17.698,133.19,328.765,-1,5,3,98.4,,False,7451.999
5731,2.177,22.241,168.39,290.1433,-1,3,3,52.5,,False,949.999
5737,1.967,26.941,201.6,400.2513,-1,1,4,46.8,,False,3665.999
5738,2.596,29.144,216.82,491.195,-1,4,12,100.0,,False,700.999
5739,1.435,27.459,205.91,377.2694,-1,2,9,100.0,,False,535.999
5742,3.412,19.664,146.79,418.9738,-1,2,10,100.0,,False,1032.999
5747,3.793,29.717,221.13,487.3459,-1,2,7,88.0,,False,1337.5556666666666
5754,2.319,26.587,198.96,400.2232,-1,2,12,98.7,,False,1222.999
5756,4.588,39.692,292.38,800.5777,-1,2,3,50.4,,False,2800.999
5758,2.211,23.652,178.58,311.2232,-1,2,6,50.8,,False,3632.999
5761,1.741,21.003,156.89,412.9641,-1,2,11,100.0,,False,339.999
5764,3.049,30.029,223.23,506.4751,-1,2,4,52.4,,False,1559.999
5768,2.915,22.452,170.76,263.2013,-1,2,12,100.0,,False,281.820628208239
5774,3.934,30.993,230.44,505.3903,-1,2,8,68.7,,False,1120.999
5775,0.415,21.87,179.94,94.9237,-1,1,13,53.1,,False,7.731884542157445
5778,0.49,27.543,210.36,245.0476,-1,2,7,86.9,,False,310.999
5780,3.235,39.765,292.93,800.5777,-1,4,7,61.3,,False,1712.999
5781,2.681,32.976,244.19,600.3951,-1,2,4,56.2,,False,1208.999
5784,3.207,30.286,232.29,227.1992,-1,2,7,99.5,,False,1215.999
5785,2.403,26.067,195.9,353.2299,-1,2,7,99.2,,False,523.999
5788,3.542,25.747,192.78,392.1657,-1,4,14,100.0,,False,401.999
5790,0.372,22.403,174.75,171.0254,-1,2,11,100.0,,False,441.999
5791,1.417,22.368,169.94,269.1278,-1,2,13,100.0,,False,159.999
5793,2.755,32.08,237.69,584.338,-1,2,12,100.0,,False,689.999
5795,0.434,19.332,150.23,179.1421,-1,2,11,99.5,,False,361.999
5796,0.45,23.068,189.83,94.9231,-1,1,12,76.4,,False,806.3749000927447
5797,4.568,33.391,247.72,553.4878,-1,2,3,82.4,,False,2045.999
5800,0.304,28.62,223.77,167.0185,-1,2,11,91.2,,False,776.999
5802,0.486,17.183,131.46,229.8711,-1,1,9,97.7,,False,326.999
5806,0.318,15.448,120.63,165.0034,-1,1,7,97.0,,False,915.999
5809,2.315,38.428,281.47,1179.0488,-1,5,4,100.0,,False,664.605773532998
5816,1.199,27.877,208.39,415.216,-1,2,11,100.0,,False,288.999
5821,0.379,12.009,96.56,114.9342,-1,1,8,88.8,,False,578.8522790288848
5831,2.654,30.297,225.23,505.3568,-1,2,3,67.2,,False,5237.999
5832,2.57,32.494,241.01,559.32,-1,3,11,100.0,,False,285.999
5837,3.623,25.881,194.68,344.222,-1,2,8,99.2,,False,1493.999
5838,3.543,32.433,241.33,491.3242,-1,3,4,95.5,,False,5601.999
5839,3.42,27.165,207.12,253.2188,-1,1,7,88.1,,False,1648.999
5846,1.486,14.807,118.61,121.028,-1,2,6,99.0,,False,630.2223333333333
5849,1.952,33.305,246.19,653.3942,-1,3,9,100.0,,False,2123.999
5850,0.274,22.979,170.73,502.632,-1,1,15,98.1,,False,582.999
5851,3.728,25.738,193.41,353.3087,-1,2,6,56.9,,False,2025.4445555555556
5855,0.28,22.863,173.72,268.7992,-1,1,14,97.9,,False,664.999
5861,4.061,35.959,265.55,688.5532,-1,3,4,64.9,,False,4415.777888888889
5863,1.766,16.049,125.24,167.0201,-1,2,4,68.5,,False,6024.999
5865,0.334,18.649,142.62,233.0461,-1,2,3,99.3,,False,522.999
5868,0.279,21.09,160.21,268.799,-1,1,13,93.9,,False,697.999
5869,3.651,32.718,242.27,599.3854,-1,4,3,100.0,,False,2112.999
5886,4.078,42.094,319.64,281.2512,-1,1,3,44.0,,False,4635.999
5887,3.557,29.762,221.9,454.3634,-1,3,6,59.1,,False,1128.999
5891,0.381,21.611,164.99,243.1704,-1,2,9,100.0,,False,110.999
5892,3.852,24.504,184.3,344.165,-1,4,10,100.0,,False,552.999
5895,2.455,28.899,216.01,417.3392,-1,2,5,95.3,,False,1659.999
5903,0.639,16.305,128.21,151.0402,-1,2,5,100.0,,False,2497.1112222222223
5905,4.638,29.345,218.7,459.3312,-1,2,3,98.7,,False,1995.999
5906,3.284,33.714,249.86,578.4903,-1,2,5,71.6,,False,2069.3058270412994
5917,2.76,29.776,224.51,327.2325,-1,2,11,100.0,,False,1005.999
5922,2.925,25.12,188.92,345.2058,-1,2,11,100.0,,False,1608.999
5931,0.436,28.163,209.99,451.33,-1,3,8,100.0,,False,445.24960792786896
5934,2.477,28.794,214.66,455.2187,-1,2,11,98.8,,False,162.20784172011247
5939,2.919,31.989,238.22,477.3228,-1,2,12,100.0,,False,188.999
5945,2.114,30.796,228.67,531.3616,-1,2,5,96.2,,False,2825.999
5948,0.467,22.017,166.52,297.043,-1,2,7,100.0,,False,1335.999
5954,2.363,23.176,176.16,267.1944,-1,2,12,98.7,,False,447.999
5967,3.417,26.944,201.54,405.2894,-1,3,4,52.5,,False,882.2223333333336
5973,0.4,13.055,109.09,81.9517,-1,1,11,99.6,,False,1339.999
5977,3.907,25.873,194.35,357.2822,-1,3,4,100.0,,False,5084.089798498342
5980,2.779,38.804,286.04,768.5233,-1,3,10,99.3,,False,604.999
5981,3.7,24.724,186.13,336.1457,-1,2,12,53.7,,False,864.3334444444445
5982,0.348,17.998,149.09,89.0235,-1,1,6,99.5,,False,2887.999
5992,3.951,31.209,232.0,507.4097,-1,2,3,55.0,,False,4431.999
5994,3.558,25.31,190.32,347.2209,-1,2,10,100.0,,False,984.999
5996,0.886,26.633,214.51,116.9689,-1,1,10,42.9,,False,284.33344444444447
5999,1.8,24.711,186.13,331.1904,-1,2,6,92.9,,False,1293.999
6005,2.652,26.144,196.6,347.2953,-1,2,8,76.1,,False,647.999
6006,1.92,26.943,201.81,389.2689,-1,2,12,86.7,,False,167.999
6010,3.173,29.442,219.54,452.3466,-1,1,7,56.4,,False,793.999
6017,0.399,29.478,230.5,167.0196,-1,1,12,99.1,,False,235.999
6018,0.275,23.634,175.15,558.595,-1,1,15,98.1,,False,558.999
6020,0.945,21.0,159.46,271.0262,-1,3,5,100.0,,False,1592.999
6021,1.878,28.807,214.39,483.3011,-1,2,4,91.1,,False,3926.999
6026,2.785,30.864,229.06,542.3267,-1,3,9,97.6,,False,2231.999
6027,1.191,29.082,216.27,497.2788,-1,2,4,99.2,,False,3465.999
6032,3.994,25.78,191.59,504.2184,-1,2,13,100.0,,False,512.999
6033,4.453,41.091,302.18,890.6002,-1,2,6,98.8,,False,2411.777888888889
6037,1.462,19.62,151.08,207.137,-1,2,9,87.7,,False,671.999
6038,2.782,25.299,190.37,340.2879,-1,1,7,72.1,,False,2189.5556666666666
6055,2.356,29.114,216.65,487.2609,-1,4,11,100.0,,False,286.999
6056,2.546,31.287,232.57,509.3012,-1,3,9,100.0,,False,1010.999
6062,3.637,26.362,197.51,385.2369,-1,2,5,99.4,,False,2775.889
6072,3.961,30.348,226.47,441.34,-1,3,5,100.0,,False,2253.999
6076,2.31,24.043,181.44,315.2543,-1,2,8,78.5,,False,990.889
6081,0.369,27.202,201.74,550.9511,-1,1,14,97.1,,False,619.999
6089,0.921,18.121,139.75,201.0253,-1,2,8,82.4,,False,701.5254586248163
6091,0.363,23.06,174.83,282.1335,-1,1,3,96.5,,False,2541.999
6096,2.31,35.952,266.37,589.0161,-1,3,10,100.0,,False,391.40785396452
6105,2.051,28.565,212.63,480.2115,-1,3,12,100.0,,False,1087.999
6109,2.542,29.94,222.24,537.2232,-1,2,13,100.0,,False,465.999
6114,4.482,27.98,208.91,431.3546,-1,2,5,99.5,,False,1383.999
6122,3.478,28.187,210.56,425.3624,-1,2,10,99.7,,False,610.295231054054
6123,2.924,34.898,276.59,141.0148,-1,1,9,91.2,,False,1430.999
6125,1.759,21.071,161.36,229.1792,-1,2,11,100.0,,False,91.999
6127,1.351,26.74,199.42,446.2933,-1,2,4,97.7,,False,3783.999
6133,4.331,37.49,276.32,769.5607,-1,1,5,43.9,,False,303.999
6139,2.859,28.583,212.73,483.2504,-1,2,5,96.6,,False,1416.999
6142,2.904,32.225,241.08,409.2384,-1,2,4,100.0,,False,4093.999
6149,0.553,19.208,146.41,248.9876,-1,1,9,98.3,,False,185.999
6154,4.104,40.763,300.02,847.5682,-1,3,7,70.9,,False,689.999
6159,2.384,25.103,188.37,367.2273,-1,2,8,100.0,,False,697.999
6160,2.526,23.274,176.51,280.2653,-1,2,3,77.2,,False,2432.999
6165,3.97,32.558,241.55,551.4704,-1,3,7,56.0,,False,285.36367340822744
6166,2.138,19.631,151.08,209.1527,-1,1,10,98.9,,False,764.999
6172,1.67,28.26,210.02,509.3139,-1,3,8,100.0,,False,178.999
6178,0.415,22.658,182.11,118.9673,-1,1,13,53.2,,False,18.666777777777725
6179,2.914,31.597,234.6,534.265,-1,2,12,83.6,,False,124.47692285922156
6180,3.924,32.313,239.92,533.4606,-1,5,5,52.5,,False,3135.1865678468466
6185,1.869,28.874,215.23,457.3537,-1,2,9,90.7,,False,847.999
6186,2.759,43.837,321.77,1019.6228,-1,4,3,100.0,,False,2383.999
6188,2.124,21.294,162.36,249.1626,-1,2,5,76.3,,False,1624.1604986290415
6190,0.681,19.37,150.1,187.1339,-1,2,5,100.0,,False,1986.999
6191,1.387,38.116,281.09,749.4397,-1,3,11,100.0,,False,384.999
6196,0.513,20.417,155.92,241.0713,-1,2,9,100.0,,False,3180.999
6198,4.042,33.902,496.57,591.5946,-2,3,3,69.5,,False,151.999
6200,1.988,30.76,228.82,495.2798,-1,2,11,97.9,,False,182.999
6202,3.403,24.303,185.23,253.2182,-1,3,5,85.1,,False,2530.999
6203,3.822,33.438,248.3,533.3896,-1,2,4,99.7,,False,2083.999
6206,3.699,35.408,261.48,690.4393,-1,2,5,97.6,,False,267.999
6207,1.969,28.787,214.13,493.2052,-1,3,11,100.0,,False,317.999
6208,2.617,27.509,205.31,436.2525,-1,3,10,80.7,,False,909.3010204362495
6209,1.731,18.145,149.73,92.0263,-1,1,3,98.2,,False,3306.999
6211,4.17,28.109,209.87,431.3556,-1,3,6,93.7,,False,1765.7778888888888
6218,4.566,39.328,289.7,802.5656,-1,3,5,62.7,,False,564.999
6229,0.251,22.243,167.53,328.9831,-1,1,10,97.1,,False,56.000111111111096
6230,1.473,28.123,209.41,473.2879,-1,3,7,94.9,,False,600.999
6231,3.214,24.141,182.77,292.1886,-1,1,11,99.0,,False,702.999
6232,4.347,37.213,274.35,756.5251,-1,3,4,74.3,,False,1337.999
6240,1.854,12.104,96.64,123.9006,-1,1,7,77.2,,False,318.6611070123163
6243,4.451,37.767,278.72,719.5416,-1,3,11,79.5,,False,155.999
6246,0.334,24.528,186.96,253.0293,-1,1,6,96.5,,False,381.999
6247,3.952,27.085,202.85,391.15,-1,3,9,84.0,,False,950.999
6250,2.952,27.182,203.09,421.2716,-1,2,12,99.6,,False,1507.999
6251,3.135,27.594,206.22,418.3038,-1,1,4,40.4,,False,3158.999
6258,0.397,25.01,187.33,386.9424,-1,1,15,95.5,,False,339.44455555555555
6264,2.558,25.305,190.21,350.2739,-1,1,3,96.5,,False,4322.999
6265,2.841,43.424,318.98,971.6174,-1,3,12,100.0,,False,672.999
6266,4.476,30.169,223.91,540.237,-1,2,5,84.1,,False,332.999
6275,0.402,17.575,147.07,81.9518,-1,2,9,100.0,,False,1382.999
6282,3.204,21.169,161.37,250.2456,-1,2,7,94.4,,False,92.999
6287,3.783,32.392,239.97,588.3692,-1,2,9,99.9,,False,668.999
6288,2.347,32.05,237.81,549.3822,-1,5,10,55.5,,False,860.999
6298,2.543,22.653,171.13,306.137,-1,3,4,74.8,,False,977.999
6301,2.635,34.519,255.19,650.3698,-1,3,6,99.1,,False,402.999
6304,3.774,41.784,307.26,898.5872,-1,5,8,71.4,,False,214.999
6315,3.26,44.955,330.07,1008.7709,-1,6,11,100.0,,False,506.999
6316,2.18,19.654,150.86,218.9843,-1,1,16,98.1,,False,999.5556666666668
6320,0.488,23.662,194.74,94.9233,-1,1,11,74.9,,False,515.0161687086407
6323,2.626,32.689,242.13,593.37,-1,3,10,97.0,,False,107.999
6324,3.663,29.431,219.73,433.3351,-1,2,9,95.2,,False,455.66789896603177
6326,4.123,38.54,284.22,747.5708,-1,2,5,84.4,,False,1782.999
6329,2.764,27.102,202.79,402.2676,-1,2,11,98.3,,False,222.999
6334,2.796,27.767,207.27,434.2699,-1,1,4,35.0,,False,2085.999
6335,3.991,36.597,269.93,738.6549,-1,3,4,97.7,,False,533.999
6340,2.765,42.83,314.63,966.5924,-1,3,14,100.0,,False,834.999
6342,1.876,29.763,221.32,500.3321,-1,1,8,96.7,,False,1414.999
6345,3.216,35.875,264.87,698.5168,-1,3,4,52.5,,False,2250.999
6347,3.381,33.528,250.35,437.268,-1,2,11,100.0,,False,986.999
6351,1.914,27.839,208.27,405.2652,-1,2,8,84.0,,False,203.999
6357,3.119,34.219,253.86,556.3422,-1,2,13,100.0,,False,391.999
6361,3.29,27.036,202.02,419.2584,-1,2,5,98.8,,False,2425.999
6362,2.518,31.172,231.23,554.2916,-1,2,6,99.9,,False,594.999
6366,2.864,30.697,228.39,492.3768,-1,1,7,44.0,,False,611.999
6369,0.65,33.605,256.06,259.0283,-1,2,6,99.5,,False,1230.999
6370,0.431,17.504,134.97,201.0175,-1,2,4,100.0,,False,6902.999
6373,1.103,27.857,208.87,378.104,-1,3,3,96.6,,False,3926.999
6375,0.252,16.42,136.73,85.0276,-1,1,11,99.7,,False,453.999
6378,3.018,29.174,222.39,255.2317,-1,2,10,99.0,,False,1163.999
6379,3.929,39.097,287.79,834.5284,-1,2,7,67.9,,False,681.999
6384,3.287,24.437,186.05,259.2053,-1,2,9,98.9,,False,951.999
6387,3.618,25.314,189.74,379.1583,-1,3,8,100.0,,False,1829.999
6390,1.428,25.178,189.36,345.2092,-1,2,9,100.0,,False,1012.999
6392,4.081,34.795,257.72,597.5084,-1,2,4,49.7,,False,2415.999
6397,0.535,16.217,128.85,133.0657,-1,2,3,100.0,,False,3104.999
6403,2.682,24.207,182.88,307.2631,-1,2,10,96.2,,False,690.999
6407,1.98,24.185,182.14,332.1895,-1,2,12,99.5,,False,471.999
6408,0.554,20.325,152.67,349.9952,-1,1,13,97.6,,False,109.22233333333332
6415,1.365,23.157,175.6,281.1743,-1,2,10,100.0,,False,229.999
6419,2.146,24.597,185.54,319.2621,-1,2,10,88.5,,False,367.999
6420,2.657,38.073,280.39,809.4272,-1,4,10,100.0,,False,282.999
6421,3.374,24.107,182.16,305.2491,-1,2,9,100.0,,False,853.9799985729292
6423,3.373,27.393,205.1,394.3319,-1,1,13,98.1,,False,453.70931195762444
6425,3.547,36.335,267.28,859.3084,-1,3,4,100.0,,False,1127.999
6427,1.206,29.123,218.58,369.1743,-1,2,11,96.6,,False,304.999
6429,3.458,35.118,268.53,241.2189,-1,2,3,100.0,,False,2325.999
6432,4.561,25.888,192.6,485.0717,-1,3,7,100.0,,False,354.55566666666664
6435,0.731,14.217,115.14,108.0198,-1,2,9,99.4,,False,736.999
6438,1.656,27.604,207.32,361.274,-1,2,11,100.0,,False,608.999
6439,0.632,34.161,260.31,259.0259,-1,3,7,88.8,,False,653.999
6440,2.791,25.64,192.58,358.2418,-1,3,12,100.0,,False,161.91231756971905
6443,3.418,24.18,181.89,342.1493,-1,3,11,100.0,,False,630.999
6450,1.924,22.227,168.98,265.1789,-1,2,8,99.0,,False,274.999
6455,3.675,29.015,216.71,427.3226,-1,2,7,99.3,,False,681.999
6457,1.05,22.317,169.04,287.1873,-1,2,5,100.0,,False,3206.999
6460,2.967,32.553,240.97,610.3163,-1,3,9,99.3,,False,86.999
6466,2.637,44.281,324.97,1045.6551,-1,3,10,99.2,,False,203.999
6467,3.278,24.983,187.49,366.149,-1,3,12,100.0,,False,433.999
6468,4.522,24.218,1058.81,309.3928,-6,3,3,85.5,,False,2082.999
6471,1.751,28.744,214.49,441.329,-1,3,8,100.0,,False,271.999
6474,3.165,30.949,230.13,503.3743,-1,3,10,93.7,,False,437.999
6482,3.528,32.504,240.51,621.4024,-1,3,7,97.2,,False,270.999
6484,2.457,23.906,189.96,135.1162,-1,1,7,98.7,,False,174.999
6489,2.869,29.708,220.94,497.3261,-1,2,9,99.5,,False,578.9288906527601
6491,4.001,25.343,190.12,370.1811,-1,3,10,100.0,,False,287.999
6494,4.414,27.626,206.6,409.3681,-1,2,10,96.5,,False,590.442181841554
6498,4.343,34.022,251.91,605.4806,-1,3,7,80.9,,False,725.999
6503,4.001,41.723,307.28,816.7499,-1,3,7,100.0,,False,771.999
6509,4.463,29.223,217.78,461.3633,-1,2,8,82.4,,False,865.8823315696814
6517,2.295,31.788,235.48,589.0161,-1,3,8,100.0,,False,272.999
6521,3.183,35.163,259.9,659.4309,-1,3,8,100.0,,False,802.999
6522,2.571,28.386,211.48,465.1799,-1,3,12,100.0,,False,1027.999
6523,3.303,37.819,278.63,782.509,-1,3,3,100.0,,False,2455.1112222222223
6526,1.181,23.305,176.05,307.1892,-1,3,8,100.0,,False,47.111222222222224
6527,2.657,23.422,177.64,280.2624,-1,1,6,92.3,,False,857.999
6530,0.329,26.654,199.2,417.036,-1,3,5,100.0,,False,149.999
6532,1.831,27.812,207.43,447.3112,-1,2,7,97.4,,False,325.999
6540,4.41,32.99,244.63,561.4921,-1,3,3,52.5,,False,5797.111222222222
6547,2.799,39.977,294.24,840.5837,-1,3,5,78.0,,False,1129.999
6549,3.969,40.235,295.99,870.5368,-1,2,6,60.0,,False,953.999
6557,0.484,22.654,170.26,349.033,-1,3,9,100.0,,False,174.999
6563,3.317,26.845,201.08,389.2318,-1,2,8,100.0,,False,1431.999
6568,2.579,35.66,263.41,682.3369,-1,3,10,100.0,,False,126.999
6569,3.241,14.002,115.25,93.0328,-1,1,10,99.6,,False,408.5553626730987
6573,2.994,37.383,275.51,772.5357,-1,4,4,52.5,,False,1283.999
6577,2.573,26.317,197.25,381.3,-1,2,8,54.2,,False,560.889
6578,0.242,40.132,294.31,1089.4216,-1,4,12,76.3,,False,262.999
6579,1.552,27.9,208.08,447.3023,-1,1,4,96.5,,False,2900.999
6581,4.743,39.958,294.21,821.5669,-1,3,4,54.1,,False,2223.999
6589,0.359,25.66,193.13,338.9374,-1,5,8,100.0,,False,377.999
6594,2.326,36.065,265.72,783.2986,-1,4,10,100.0,,False,922.999
6595,0.576,20.971,159.18,273.0424,-1,2,6,96.5,,False,903.6667777777777
6597,3.79,34.678,256.73,610.4114,-1,2,9,66.0,,False,116.999
6599,3.332,32.589,241.3,602.3494,-1,2,7,98.7,,False,358.999
6601,2.906,25.91,191.07,712.9671,-1,2,7,97.6,,False,1443.4432673797153
6604,2.409,26.671,199.63,397.2574,-1,2,5,100.0,,False,288.999
6606,4.653,29.036,216.94,423.387,-1,3,4,71.8,,False,1644.999
6612,3.755,26.489,198.43,387.2537,-1,2,4,100.0,,False,1906.999
6613,3.001,43.411,318.85,973.6355,-1,4,5,100.0,,False,1504.999
6616,3.772,38.732,285.16,826.4939,-1,3,5,80.3,,False,278.2223333333333
6617,2.97,30.712,227.82,552.3138,-1,4,4,71.6,,False,987.999
6624,1.528,25.781,192.81,406.1361,-1,2,3,100.0,,False,1836.999
6625,2.673,30.877,229.46,513.4195,-1,2,3,82.4,,False,711.999
6630,0.351,24.484,188.42,212.0886,-1,2,10,100.0,,False,882.999
6634,2.488,34.999,258.7,658.3368,-1,3,11,100.0,,False,169.999
6636,1.195,13.614,111.15,99.9247,-1,1,5,53.3,,False,1653.999
6638,1.336,32.474,243.8,369.1717,-1,2,9,97.0,,False,292.999
6666,3.08,22.646,171.08,306.1378,-1,1,4,58.6,,False,1219.999
6669,3.076,37.528,276.46,793.4669,-1,3,11,100.0,,False,102.1112222222223
6670,0.459,20.205,166.19,94.9237,-1,1,12,66.1,,False,301.4939950723036
6678,0.402,31.369,231.28,739.0058,-1,2,6,100.0,,False,449.999
6682,0.643,29.723,245.37,92.9274,-1,1,10,84.3,,False,560.999
6683,3.795,40.467,298.07,806.6325,-1,3,8,88.7,,False,147.999
6693,3.618,23.302,177.31,261.223,-1,2,5,89.9,,False,2181.999
6694,2.753,29.368,219.02,450.331,-1,1,11,70.9,,False,636.999
6702,4.452,26.058,193.65,506.234,-1,2,9,100.0,,False,642.999
6705,1.413,35.999,265.41,749.4449,-1,4,3,100.0,,False,3028.999
6707,3.827,26.826,201.15,377.3414,-1,2,12,82.4,,False,192.5437505460286
6708,2.347,29.907,222.53,489.156,-1,3,9,100.0,,False,135.999
6709,1.008,17.886,136.35,247.0053,-1,2,4,73.3,,False,152.999
6710,3.467,38.709,285.51,742.5519,-1,4,9,98.1,,False,571.0001111111112
6717,0.399,22.011,167.02,276.0871,-1,2,4,100.0,,False,3860.999
6718,2.123,30.904,229.58,521.3491,-1,2,9,75.9,,False,574.999
6719,2.755,40.953,301.34,858.5414,-1,4,5,100.0,,False,1258.999
6721,2.766,27.434,204.68,441.2425,-1,3,12,100.0,,False,245.999
6723,2.489,30.157,224.52,480.3417,-1,1,7,81.2,,False,490.999
6727,1.883,31.251,232.63,483.244,-1,3,10,100.0,,False,375.999
6732,2.808,30.99,229.85,556.3068,-1,1,12,96.6,,False,434.999
6734,0.497,19.941,151.66,261.0414,-1,2,6,100.0,,False,1782.999
6739,1.685,23.411,179.89,217.0855,-1,2,10,99.0,,False,274.999
6741,2.404,21.929,167.09,253.2171,-1,1,7,62.4,,False,90.55566666666664
6742,4.094,40.818,300.13,896.5517,-1,2,4,100.0,,False,1238.999
6748,1.871,21.885,166.31,267.113,-1,2,9,100.0,,False,433.999
6749,3.497,27.318,204.52,395.3899,-1,2,7,54.3,,False,851.999
6756,2.715,21.892,167.36,237.2212,-1,1,11,98.4,,False,864.999
6760,2.048,18.276,139.14,253.8904,-1,2,8,98.9,,False,408.999
6766,2.811,29.997,223.25,485.323,-1,2,5,84.2,,False,2396.999
6774,2.718,30.522,227.05,495.3695,-1,3,6,91.5,,False,789.999
6775,2.222,27.144,203.69,369.2429,-1,1,11,98.4,,False,516.999
6776,1.454,28.063,208.82,486.2552,-1,2,11,100.0,,False,138.999
6778,0.355,28.942,214.0,632.9553,-1,3,11,100.0,,False,589.999
6780,0.445,26.318,198.78,311.1389,-1,2,10,100.0,,False,934.999
6782,0.391,30.584,227.85,469.2263,-1,2,12,100.0,,False,766.999
6783,3.025,33.692,249.46,605.4461,-1,3,4,52.5,,False,730.999
6786,1.649,22.466,170.68,269.1315,-1,2,9,99.4,,False,10.650825076188994
6791,2.344,28.649,213.37,471.2149,-1,2,5,96.6,,False,267.999
6803,2.299,23.062,171.25,514.9019,-1,3,7,93.7,,False,420.999
6805,0.389,16.032,131.57,96.0194,-1,1,7,93.8,,False,787.999
6808,2.525,39.137,288.44,778.4742,-1,4,9,100.0,,False,88.999
6812,1.378,21.145,162.78,209.1168,-1,2,10,100.0,,False,298.999
6819,2.001,25.564,191.95,361.239,-1,2,7,82.4,,False,1501.999
6822,3.718,41.889,308.16,871.6958,-1,4,7,86.0,,False,632.999
6827,1.573,21.217,161.61,254.1082,-1,2,3,100.0,,False,2446.999
6831,0.381,29.109,216.01,541.2683,-1,2,4,100.0,,False,1720.999
6837,2.159,31.512,233.48,582.2714,-1,4,9,100.0,,False,1015.999
6843,0.492,25.886,197.66,245.0483,-1,3,7,76.0,,False,402.999
6850,0.558,32.43,249.68,213.0208,-1,1,6,80.4,,False,390.999
6854,2.248,38.038,278.66,1163.0195,-1,4,6,100.0,,False,316.81019242207776
6857,2.93,31.636,234.66,555.3209,-1,2,5,100.0,,False,1695.999
6865,4.072,31.065,231.19,487.3803,-1,3,6,93.4,,False,1138.999
6866,0.773,18.894,144.57,231.033,-1,2,3,97.7,,False,1161.999
6868,3.125,33.616,248.56,642.3666,-1,3,4,100.0,,False,1290.999
6871,1.273,22.296,168.84,289.1074,-1,2,3,99.3,,False,120.999
6874,0.275,19.542,148.41,268.7991,-1,1,13,98.5,,False,456.999
6875,2.216,32.491,240.27,638.3365,-1,3,5,100.0,,False,1857.999
6886,3.484,31.654,234.97,539.3707,-1,2,8,82.4,,False,520.999
6892,1.485,20.609,158.37,215.1629,-1,2,6,95.3,,False,152.999
6893,0.776,20.592,155.99,285.0078,-1,3,3,100.0,,False,3701.999
6897,3.392,31.667,234.93,551.3627,-1,2,3,82.4,,False,1812.999
6898,2.955,32.791,242.91,590.3482,-1,3,9,94.3,,False,475.999
6901,3.263,28.623,217.17,281.2503,-1,2,4,100.0,,False,2000.999
6908,1.993,26.496,198.45,389.2714,-1,2,5,98.5,,False,2879.999
6921,1.683,26.455,197.9,404.2474,-1,2,9,100.0,,False,572.999
6924,2.867,34.89,258.17,625.471,-1,4,10,67.5,,False,393.999
6927,3.56,32.995,244.65,567.2632,-1,3,11,100.0,,False,673.999
6938,3.296,25.274,189.79,359.1557,-1,3,6,100.0,,False,1460.445775048506
6944,0.44,17.621,135.13,221.0105,-1,2,3,100.0,,False,5563.999
6954,1.22,18.156,140.02,201.0243,-1,3,10,75.0,,False,480.0958059007537
6955,1.982,29.321,218.6,455.336,-1,2,4,82.4,,False,1147.999
6962,1.588,23.46,179.23,241.1069,-1,1,10,98.5,,False,808.999
6968,2.014,27.991,208.8,444.3151,-1,2,4,64.9,,False,1231.999
6972,2.123,28.146,209.7,464.2156,-1,3,9,100.0,,False,177.999
6973,4.881,41.597,305.76,915.6098,-1,4,3,100.0,,False,816.999
6974,2.779,24.061,181.68,311.2587,-1,2,10,63.6,,False,346.00459495533096
6982,4.094,28.973,216.53,419.3528,-1,3,7,71.5,,False,742.5556666666666
6986,4.906,34.719,256.67,651.4513,-1,3,9,100.0,,False,1168.999
6989,2.691,26.51,208.6,152.9939,-1,1,11,99.3,,False,706.999
6992,3.925,27.077,202.75,393.1483,-1,3,12,96.2,,False,405.999
6993,3.312,29.419,218.84,492.3478,-1,2,3,56.4,,False,148.55566666666667
6998,2.972,39.354,289.77,816.5852,-1,3,3,52.5,,False,1709.999
6999,1.469,30.654,226.84,612.3174,-1,3,3,100.0,,False,721.999
7006,0.468,16.781,129.11,207.9372,-1,1,6,98.9,,False,1754.999
7007,2.529,37.507,276.43,769.4203,-1,3,3,100.0,,False,1573.999
7008,0.357,15.008,119.05,135.0278,-1,1,10,99.1,,False,1025.999
7015,2.588,23.108,171.31,547.969,-1,2,4,100.0,,False,1792.2114768281176
7019,1.281,32.964,243.72,645.3551,-1,3,10,100.0,,False,349.999
7020,2.3,31.013,230.31,529.3534,-1,2,6,82.4,,False,413.999
7024,3.151,23.649,178.95,295.1877,-1,2,11,99.0,,False,744.999
7033,0.245,21.931,164.76,351.0573,-1,2,4,91.2,,False,2287.999
7035,3.648,25.202,189.1,368.166,-1,3,10,100.0,,False,721.999
7041,0.553,20.215,155.02,222.998,-1,1,12,96.3,,False,227.66677777777775
7042,1.258,31.125,230.7,573.3338,-1,3,8,100.0,,False,2108.1112222222223
7045,2.483,30.98,230.8,469.264,-1,2,12,98.9,,False,521.999
7050,2.836,24.076,181.25,335.1729,-1,4,4,78.2,,False,559.999
7058,2.397,26.888,202.25,345.2794,-1,2,9,88.4,,False,850.999
7062,2.44,33.41,247.1,635.3863,-1,2,4,100.0,,False,2959.999
7068,1.831,22.265,169.15,269.1316,-1,2,3,100.0,,False,1775.999
7072,1.916,30.651,227.34,555.2369,-1,3,8,98.6,,False,380.999
7076,0.425,26.562,197.94,458.1003,-1,2,11,100.0,,False,343.999
7077,0.494,17.271,131.56,249.8888,-1,3,9,100.0,,False,533.999
7078,2.783,26.659,199.72,386.2762,-1,2,3,100.0,,False,2221.999
7083,2.144,22.357,170.16,259.1901,-1,1,12,99.0,,False,402.999
7088,2.323,34.554,254.93,723.2774,-1,3,11,100.0,,False,762.999
7089,1.266,20.299,154.63,253.1845,-1,2,5,96.6,,False,339.999
7092,2.368,32.816,242.69,637.3987,-1,3,7,100.0,,False,3765.999
7103,2.374,38.451,290.67,311.166,-1,2,7,99.2,,False,108.33344444444447
7112,0.39,26.099,194.08,492.9916,-1,2,14,97.3,,False,320.3226362351073
7119,1.854,31.443,232.72,611.221,-1,3,10,97.6,,False,687.999
7120,2.243,29.621,220.31,497.2316,-1,2,7,73.6,,False,298.999
7130,1.064,24.841,186.36,369.1725,-1,3,10,79.0,,False,420.999
7135,1.487,18.052,137.15,264.8374,-1,5,3,96.8,,False,1026.999
7140,3.398,19.684,147.2,396.9732,-1,2,4,99.4,,False,1149.999
7142,3.797,44.245,325.16,943.7913,-1,3,11,100.0,,False,1210.999
7144,2.438,29.458,219.55,459.2342,-1,2,8,100.0,,False,204.32957274523568
7146,1.914,33.667,248.82,659.2857,-1,2,6,97.2,,False,84.999
7147,4.703,24.792,186.92,323.2953,-1,2,8,100.0,,False,240.44455555555555
7149,0.363,28.304,211.66,410.9872,-1,1,12,97.8,,False,524.5556666666666
7154,4.48,36.544,277.3,283.2654,-1,2,8,100.0,,False,696.5933967237386
7156,0.376,19.39,148.86,218.0436,-1,2,8,98.6,,False,1299.999
7160,0.641,22.658,171.43,295.1921,-1,2,4,100.0,,False,894.999
7163,4.251,39.739,292.27,879.5129,-1,2,5,100.0,,False,568.999
7164,0.333,26.65,198.14,499.0392,-1,2,7,95.1,,False,140.999
7172,0.467,23.495,182.19,187.0064,-1,1,7,65.3,,False,199.999
7180,3.611,30.372,225.95,492.3813,-1,1,4,37.8,,False,1568.999
7185,2.776,27.132,202.54,433.3328,-1,2,6,100.0,,False,789.999
7186,0.52,17.467,135.8,177.0561,-1,2,3,100.0,,False,987.999
7190,2.724,29.455,219.09,495.2752,-1,1,5,97.8,,False,4300.999
7192,4.147,42.481,312.83,819.7982,-1,3,4,97.3,,False,779.999
7193,4.317,42.01,309.39,818.7645,-1,3,11,100.0,,False,441.999
7195,2.681,29.157,217.07,477.3613,-1,2,3,88.8,,False,3222.999
7197,2.131,25.244,190.15,331.2285,-1,2,4,97.6,,False,527.999
7198,3.88,28.253,210.68,451.3438,-1,2,7,100.0,,False,635.999
7200,3.14,22.585,171.66,267.1148,-1,1,12,99.3,,False,133.999
7204,2.592,26.613,199.42,384.3169,-1,1,6,97.6,,False,2426.999
7205,1.276,21.849,166.96,239.1638,-1,1,10,99.2,,False,927.999
7210,3.021,27.126,203.37,379.2856,-1,1,9,65.9,,False,544.999
7219,0.501,22.18,170.18,222.1127,-1,2,8,100.0,,False,425.999
7229,2.866,28.719,213.72,485.2674,-1,2,7,98.4,,False,560.999
7240,0.276,22.097,166.47,326.7585,-1,1,13,98.2,,False,455.999
7243,0.253,25.472,190.34,416.1822,-1,3,3,82.4,,False,1214.999
7247,2.824,30.493,226.91,488.3465,-1,1,10,74.2,,False,367.999
7250,4.24,24.732,186.18,336.1455,-1,2,11,66.5,,False,27.47987270345061
7253,1.967,29.892,221.92,532.2579,-1,4,3,98.9,,False,1856.999
7255,1.791,23.988,180.7,330.1744,-1,2,11,99.4,,False,320.999
7256,3.626,18.986,145.49,225.0053,-1,3,8,61.6,,False,163.999
7257,0.593,23.781,177.24,450.8966,-1,1,16,96.5,,False,224.60392239552277
7261,3.876,30.1,224.0,486.3978,-1,2,5,69.0,,False,3453.5556666666666
7271,0.359,26.856,199.56,509.0216,-1,3,9,100.0,,False,319.999
7278,2.709,33.582,249.1,559.4738,-1,3,5,57.6,,False,1688.999
7280,2.537,26.366,197.05,415.2289,-1,3,3,100.0,,False,2198.3334444444445
7281,4.113,40.228,295.89,881.6839,-1,2,6,66.8,,False,563.999
7288,3.578,31.154,231.19,544.3433,-1,2,9,97.2,,False,437.999
7296,3.355,24.122,181.83,324.1553,-1,2,9,71.2,,False,640.072866478145
7297,2.495,26.051,194.92,401.1318,-1,3,6,52.5,,False,1009.999
7298,1.565,29.809,221.18,545.2061,-1,2,9,100.0,,False,149.999
7303,2.146,31.246,232.36,501.3095,-1,2,5,83.8,,False,158.999
7308,3.298,24.157,182.7,299.203,-1,2,5,100.0,,False,148.33344444444447
7310,0.321,25.968,204.96,146.9812,-1,1,9,96.0,,False,979.999
7313,0.4,19.234,146.32,258.9899,-1,2,7,100.0,,False,2409.999
7323,0.585,14.793,118.5,121.0288,-1,1,7,70.5,,False,1160.2351623186505
7328,1.746,18.614,139.51,369.1007,-1,2,4,70.3,,False,1172.999
7333,3.569,29.225,217.69,469.3505,-1,2,4,68.4,,False,3759.999
7336,2.989,28.068,209.84,414.3298,-1,1,8,93.3,,False,944.999
7339,3.943,41.155,303.25,790.7341,-1,3,12,100.0,,False,753.4445555555556
7341,1.473,27.635,205.73,477.2607,-1,2,9,100.0,,False,488.999
7345,2.207,31.412,232.83,572.9877,-1,2,8,100.0,,False,169.999
7346,2.232,27.846,207.63,451.247,-1,2,13,100.0,,False,279.999
7348,0.277,27.417,201.84,790.433,-1,1,13,97.7,,False,437.999
7359,0.502,35.907,265.0,713.4791,-1,5,3,100.0,,False,4677.999
7362,4.513,30.659,227.39,556.3038,-1,3,5,82.8,,False,156.999
7374,0.279,27.767,204.35,810.401,-1,1,14,96.5,,False,585.999
7375,4.243,27.108,203.14,383.354,-1,2,12,75.9,,False,299.49627354468385
7380,0.37,24.491,184.78,317.1519,-1,2,3,97.9,,False,3856.999
7383,2.317,22.1,168.33,255.232,-1,2,5,44.4,,False,827.4445555555556
7388,2.466,19.608,151.44,197.1546,-1,2,6,100.0,,False,1212.999
7393,1.498,28.426,211.45,492.2711,-1,2,7,99.4,,False,221.999
7394,3.195,33.734,249.93,589.3648,-1,2,8,100.0,,False,127.999
7397,1.074,13.54,105.76,162.8367,-1,1,6,77.0,,False,846.999
7400,0.865,18.812,154.7,94.9229,-1,1,14,85.1,,False,84.05582393260966
7403,1.915,25.791,193.37,377.2308,-1,2,7,98.8,,False,338.889
7404,3.531,28.084,207.73,622.0673,-1,2,11,100.0,,False,109.999
7407,2.645,32.988,243.92,640.353,-1,2,4,100.0,,False,1041.999
7413,3.608,33.762,249.74,632.3963,-1,3,9,95.2,,False,433.999
7417,3.072,43.33,318.29,970.6223,-1,3,12,98.7,,False,612.999
7421,2.225,26.564,199.21,375.2532,-1,1,10,86.0,,False,279.999
7424,3.145,24.818,187.15,322.2737,-1,1,10,97.3,,False,503.999
7428,2.048,34.45,254.44,683.3295,-1,4,12,100.0,,False,197.999
7429,0.39,21.276,161.14,287.0207,-1,2,6,99.0,,False,266.999
7433,0.994,12.03,96.56,116.9318,-1,1,9,43.4,,False,241.66677777777784
7439,0.38,15.966,124.75,164.0335,-1,1,4,98.9,,False,3726.999
7446,1.072,31.926,239.7,368.1601,-1,1,8,66.7,,False,240.999
7452,1.111,27.032,202.34,397.2057,-1,3,6,100.0,,False,293.999
7454,0.349,26.783,199.77,444.9856,-1,3,4,100.0,,False,222.999
7455,1.466,29.306,217.89,501.3113,-1,2,3,37.3,,False,3271.999
7456,1.17,35.344,265.41,367.163,-1,2,4,100.0,,False,930.999
7465,2.476,30.427,225.62,561.2239,-1,3,8,100.0,,False,1285.999
7467,3.313,27.12,205.18,299.2008,-1,2,10,100.0,,False,262.999
7477,3.641,25.594,190.23,502.2024,-1,2,11,100.0,,False,282.999
7484,0.557,26.116,195.09,422.1281,-1,3,7,100.0,,False,821.999
7486,2.671,41.762,307.03,914.558,-1,4,10,100.0,,False,477.999
7487,0.521,19.22,146.5,249.0391,-1,2,5,100.0,,False,170.999
7489,0.528,17.648,133.36,297.8356,-1,1,8,98.4,,False,909.999
7494,2.65,35.598,262.66,721.3727,-1,3,9,100.0,,False,312.999
7496,3.552,25.594,192.37,351.291,-1,1,10,94.9,,False,657.999
7500,1.163,28.146,209.9,449.1646,-1,3,7,98.8,,False,475.999
7511,1.55,31.945,236.79,573.3654,-1,3,10,97.7,,False,757.999
7521,3.714,30.412,226.4,480.3797,-1,1,3,65.4,,False,2669.999
7523,0.664,17.118,133.72,165.0528,-1,1,6,99.5,,False,511.999
7526,2.009,24.708,185.49,362.1651,-1,4,3,100.0,,False,2548.999
7530,0.647,23.242,175.41,314.1015,-1,3,5,100.0,,False,2482.999
7535,1.293,23.648,181.52,221.1529,-1,1,14,98.4,,False,208.0552209351357
7539,2.397,30.561,226.67,555.2807,-1,2,6,100.0,,False,2478.999
7544,0.279,21.132,160.47,270.7959,-1,1,14,99.3,,False,356.999
7545,0.567,14.297,115.79,108.021,-1,2,6,83.0,,False,573.999
7553,3.98,34.705,256.65,642.4879,-1,3,11,98.1,,False,484.999
7556,1.086,18.313,141.64,192.0659,-1,1,6,97.7,,False,2038.999
7557,0.443,22.689,175.92,187.004,-1,2,5,95.2,,False,1009.999
7558,1.321,23.298,175.99,307.1905,-1,2,8,100.0,,False,268.55566666666664
7559,1.921,26.721,200.04,395.28,-1,2,11,99.6,,False,381.999
7563,3.346,31.249,231.7,564.3331,-1,2,10,97.0,,False,381.999
7569,3.128,27.989,209.0,430.3018,-1,1,7,87.2,,False,622.999
7571,3.818,27.661,207.01,399.3506,-1,3,5,88.1,,False,2906.5694607297464
7575,3.37,33.589,248.64,610.4783,-1,2,6,67.3,,False,999.999
7576,2.644,22.626,171.85,271.172,-1,2,6,100.0,,False,117.999
7579,1.564,22.978,174.07,287.2219,-1,2,11,81.5,,False,218.52823242717366
7585,3.399,33.702,249.49,608.3993,-1,3,3,63.1,,False,1354.999
7589,2.7,26.165,195.94,391.2237,-1,2,8,100.0,,False,219.999
7599,3.519,32.533,241.24,563.434,-1,2,7,83.9,,False,112.3633396555002
7605,0.469,23.557,180.74,223.0193,-1,2,10,100.0,,False,1021.999
7606,0.368,25.144,188.28,390.1466,-1,2,3,98.9,,False,2961.999
7609,0.418,21.039,160.22,255.1615,-1,2,3,100.0,,False,2287.999
7618,2.418,21.992,163.37,502.9874,-1,1,6,67.8,,False,585.6080250738266
7621,0.436,19.707,152.94,183.1004,-1,2,7,100.0,,False,528.999
7622,2.493,42.345,315.92,457.2351,-1,2,8,99.2,,False,138.999
7624,4.051,28.867,215.83,413.3654,-1,2,7,100.0,,False,572.999
7625,2.088,25.552,192.06,351.1654,-1,2,7,98.5,,False,662.7778888888889
7629,3.477,17.647,132.77,330.9786,-1,1,17,97.6,,False,151.1916661105824
7631,0.502,21.21,161.46,257.177,-1,2,5,100.0,,False,1323.7703131252783
7633,0.276,22.973,170.71,500.6351,-1,1,14,99.0,,False,343.999
7640,2.308,27.857,207.91,436.2032,-1,3,3,99.8,,False,1679.999
7642,2.656,38.989,286.95,845.4051,-1,4,10,100.0,,False,171.999
7643,0.274,22.986,170.76,504.6299,-1,1,15,88.0,,False,407.999
7651,1.358,19.516,150.19,209.1528,-1,2,15,98.8,,False,71.22248225659888
7654,0.326,27.834,219.74,146.9808,-1,1,12,99.5,,False,822.999
7655,3.212,23.388,176.47,316.1333,-1,3,10,100.0,,False,304.999
7656,2.59,27.836,206.29,569.9691,-1,1,9,96.5,,False,158.37849844841034
7658,3.312,30.647,227.57,530.328,-1,2,5,95.1,,False,1382.999
7659,3.954,30.485,226.25,541.3243,-1,3,6,92.5,,False,1685.999
7662,3.938,27.762,207.65,407.355,-1,2,4,63.5,,False,1399.999
7665,4.26,35.167,259.85,669.4617,-1,4,11,100.0,,False,864.999
7666,4.438,24.342,184.52,284.2668,-1,1,6,71.7,,False,705.999
7669,2.548,25.425,190.79,367.1775,-1,2,8,98.7,,False,506.999
7675,3.453,27.931,208.64,425.2913,-1,2,7,99.9,,False,180.999
7681,0.251,23.954,179.57,376.1382,-1,2,5,71.0,,False,585.999
7682,0.472,18.158,139.87,205.0511,-1,2,4,100.0,,False,608.999
7684,4.362,30.647,228.51,455.41,-1,2,5,99.7,,False,2060.999
7685,0.633,18.26,150.68,92.0247,-1,2,10,100.0,,False,368.999
7687,1.325,25.13,188.76,357.2638,-1,2,8,78.8,,False,758.999
7695,2.897,27.233,203.45,422.2726,-1,1,4,96.7,,False,1201.999
7696,3.27,41.703,306.66,898.5865,-1,4,6,91.4,,False,399.999
7697,2.783,29.793,222.23,447.3862,-1,2,4,82.4,,False,1238.999
7702,0.781,16.48,129.73,149.06,-1,2,3,100.0,,False,510.999
7705,3.791,32.614,241.58,590.3934,-1,2,3,82.4,,False,2466.999
7707,2.252,28.782,214.55,457.2421,-1,1,8,98.5,,False,330.55566666666664
7712,2.05,31.949,237.71,493.2647,-1,2,10,98.8,,False,968.999
7717,3.035,27.543,206.08,403.2475,-1,2,9,97.9,,False,770.999
7718,2.412,28.709,213.79,473.2305,-1,2,6,98.6,,False,199.999
7721,3.276,34.737,257.04,625.4707,-1,4,9,60.7,,False,467.2223333333333
7725,2.738,19.207,148.33,197.0719,-1,1,10,99.2,,False,394.999
7728,2.658,39.257,288.88,853.4543,-1,4,10,100.0,,False,230.999
7731,2.307,24.138,179.11,531.1607,-1,2,8,83.1,,False,233.22233333333332
7735,2.642,37.646,277.83,718.5062,-1,3,10,100.0,,False,282.999
7736,2.189,17.809,134.03,328.7625,-1,1,10,97.9,,False,71.999
7739,2.602,33.083,245.0,598.3799,-1,2,6,97.7,,False,323.999
7749,1.732,20.402,154.99,268.0032,-1,1,11,99.1,,False,148.999
7756,3.762,24.923,187.89,324.2899,-1,1,12,99.0,,False,479.999
7772,0.478,21.515,164.19,245.1148,-1,2,11,100.0,,False,131.999
7773,2.999,35.94,265.45,685.5311,-1,3,5,74.7,,False,674.999
7779,2.895,33.259,246.43,584.3928,-1,1,5,48.8,,False,1323.999
7780,0.906,16.082,125.5,167.0197,-1,2,6,75.3,,False,1409.999
7792,3.153,38.607,284.33,806.5058,-1,2,9,93.6,,False,311.6729456083279
7796,0.376,21.28,161.22,285.0834,-1,2,12,98.9,,False,212.999
7801,1.599,22.086,165.67,366.8313,-1,1,9,98.5,,False,262.999
7805,0.39,19.575,148.87,261.0055,-1,1,7,82.5,,False,362.999
7806,2.992,31.091,230.54,562.3191,-1,2,5,46.7,,False,648.999
7815,3.555,12.095,96.57,123.9,-1,1,5,76.7,,False,998.999
7819,3.981,25.261,190.28,331.3803,-1,2,6,100.0,,False,1476.999
7820,1.445,23.594,180.46,236.1049,-1,2,10,68.5,,False,327.0543438667178
7823,1.765,30.291,225.07,517.3383,-1,3,6,64.1,,False,1158.999
7828,3.867,46.675,342.37,1088.8342,-1,6,5,100.0,,False,1024.999
7834,4.349,35.052,259.18,647.4928,-1,6,9,98.5,,False,553.999
7835,4.362,40.871,300.51,900.5706,-1,2,5,82.2,,False,245.999
7841,1.65,27.472,205.42,411.1846,-1,2,8,100.0,,False,116.999
7845,0.408,19.003,149.52,151.0399,-1,2,3,99.5,,False,2476.999
7847,2.362,29.395,219.15,455.3401,-1,2,5,69.5,,False,2880.999
7855,3.416,34.396,254.63,610.4797,-1,1,3,35.5,,False,1433.999
7856,2.946,28.373,209.55,668.9592,-1,1,13,97.6,,False,207.88899999999998
7858,3.36,31.794,235.71,569.3356,-1,3,10,98.2,,False,286.999
7861,0.317,14.024,115.43,93.0329,-1,1,6,98.2,,False,1593.999
7862,0.417,19.78,150.43,261.0415,-1,2,3,97.8,,False,1611.999
7865,1.644,28.147,210.86,389.2687,-1,2,7,100.0,,False,438.999
7867,1.073,28.867,214.55,509.2756,-1,3,8,100.0,,False,282.999
7868,3.477,34.079,252.95,545.4215,-1,2,5,87.1,,False,468.999
7870,4.05,36.278,275.38,281.2497,-1,2,5,99.8,,False,798.258502277633
7871,3.484,27.717,206.58,457.238,-1,2,7,82.9,,False,1548.2223333333334
7884,1.292,24.916,187.23,353.2319,-1,2,11,93.7,,False,537.999
7893,3.182,13.142,99.97,249.9716,-1,1,7,58.9,,False,584.999
7895,4.09,37.263,274.67,764.6769,-1,4,5,82.4,,False,2010.999
7898,3.313,32.226,238.46,617.3638,-1,3,3,100.0,,False,2160.999
7904,4.098,32.99,250.39,281.2483,-1,2,6,83.3,,False,1444.999
7905,1.335,34.269,253.06,689.3819,-1,2,11,100.0,,False,368.999
7908,1.857,29.38,218.15,529.2182,-1,3,6,100.0,,False,850.999
7913,2.686,29.656,220.41,509.4388,-1,2,4,62.0,,False,1026.999
7915,4.63,25.333,190.25,359.155,-1,3,5,100.0,,False,522.999
7918,4.051,35.424,261.63,684.5036,-1,3,13,73.4,,False,612.0760921613809
7924,2.984,34.251,253.56,609.4158,-1,4,4,58.8,,False,1071.999
7925,2.104,19.697,151.59,209.0649,-1,1,10,59.1,,False,503.999
7933,4.063,32.574,241.84,535.4733,-1,3,9,78.1,,False,1853.737586944891
7946,0.676,25.489,209.81,94.9238,-1,1,10,97.9,,False,491.889
7950,1.343,29.034,215.35,551.1909,-1,2,3,82.0,,False,78.999
7953,1.607,23.391,176.5,315.1836,-1,2,3,82.4,,False,2556.999
7954,3.472,24.147,181.81,334.1688,-1,1,6,91.7,,False,1015.999
7955,1.292,22.052,167.96,255.2344,-1,1,3,38.6,,False,2328.999
7956,2.217,36.865,273.32,572.9862,-1,3,6,97.1,,False,190.9212356775231
7960,0.631,26.849,204.46,259.029,-1,1,5,97.0,,False,1659.999
7961,3.145,31.476,233.39,564.3324,-1,2,3,93.7,,False,213.999
7963,0.274,22.109,166.52,328.7558,-1,1,14,98.8,,False,245.999
7969,2.927,24.108,182.22,303.2339,-1,2,5,100.0,,False,4162.685190885264
7971,1.987,25.679,192.63,371.2812,-1,2,6,86.4,,False,742.7778888888889
7974,1.42,25.395,190.07,396.1508,-1,2,4,97.1,,False,1720.999
7979,3.99,38.1,280.78,779.5806,-1,3,6,52.5,,False,1612.2223333333334
7981,4.492,28.223,210.91,419.3874,-1,2,6,82.4,,False,739.0001111111111
7984,0.275,20.973,159.38,266.8015,-1,1,14,96.7,,False,386.999
7988,2.887,31.716,235.13,568.3332,-1,3,9,96.5,,False,232.999
7989,3.113,33.468,247.72,611.3888,-1,2,3,61.5,,False,1564.999
7992,2.618,26.04,195.48,364.2866,-1,1,6,90.9,,False,1330.999
8007,0.532,22.123,167.67,283.1924,-1,2,3,100.0,,False,1625.999
8023,2.682,29.697,221.62,441.3022,-1,2,8,95.4,,False,280.999
8025,4.193,39.515,291.09,797.5522,-1,2,8,52.6,,False,58.222333333333324
8029,0.374,22.495,172.57,223.0181,-1,1,14,98.7,,False,347.1838801624883
8034,3.842,38.334,282.77,739.5407,-1,1,6,79.5,,False,1635.999
8035,4.335,25.403,190.15,395.2433,-1,2,6,100.0,,False,845.999
8036,1.82,23.023,174.55,282.2078,-1,1,9,97.9,,False,441.18147503154705
8037,1.189,25.449,190.55,392.1171,-1,2,7,84.9,,False,649.999
8039,2.329,33.29,246.17,641.2742,-1,2,11,98.8,,False,537.999
8049,3.591,26.867,200.44,441.2513,-1,2,9,99.7,,False,106.999
8057,4.072,27.031,202.19,406.2889,-1,1,4,39.7,,False,993.999
8063,0.492,13.495,105.32,164.8347,-1,1,5,74.1,,False,2602.999
8065,2.796,28.153,209.47,487.0556,-1,3,9,100.0,,False,844.999
8066,1.902,29.101,216.05,531.2478,-1,3,9,95.1,,False,427.999
8079,3.76,28.102,209.99,420.3491,-1,1,10,72.1,,False,97.92528579336658
8083,3.278,22.945,175.6,233.2281,-1,2,3,100.0,,False,2273.999
8088,3.694,27.161,203.07,411.2546,-1,2,3,100.0,,False,1793.999
8092,2.105,21.906,166.78,257.2124,-1,2,10,100.0,,False,3707.3908905054404
8094,0.381,25.962,193.97,420.0863,-1,3,8,100.0,,False,106.999
8099,2.726,30.902,229.69,510.3909,-1,1,5,44.0,,False,387.999
8102,0.258,17.222,137.24,129.0175,-1,2,9,95.1,,False,666.999
8103,0.613,26.43,197.37,427.2182,-1,3,8,100.0,,False,154.999
8107,1.502,39.652,291.63,881.5201,-1,3,7,100.0,,False,626.999
8114,2.514,30.086,223.32,537.224,-1,2,13,98.3,,False,490.999
8115,2.033,28.718,213.8,477.2502,-1,3,5,83.9,,False,1856.999
8118,2.136,30.944,230.13,499.3642,-1,3,6,52.9,,False,579.999
8119,2.214,23.112,174.92,293.2131,-1,1,3,72.9,,False,3051.999
8122,3.468,31.358,233.62,469.3333,-1,2,8,97.8,,False,296.999
8125,2.103,22.135,168.59,255.2342,-1,2,3,44.0,,False,2006.999
8128,2.35,30.593,227.04,542.2916,-1,2,8,100.0,,False,1472.999
8130,0.925,20.346,155.31,243.0704,-1,2,3,100.0,,False,2278.999
8132,3.421,26.597,198.78,416.164,-1,3,11,100.0,,False,218.999
8139,0.436,25.449,192.06,316.1175,-1,2,6,100.0,,False,214.999
8140,3.251,30.523,227.37,470.396,-1,1,4,49.2,,False,1179.999
8141,1.635,20.957,160.13,239.0912,-1,2,6,100.0,,False,1022.999
8143,1.893,24.545,184.79,335.2231,-1,2,9,82.4,,False,722.718375982754
8144,2.076,27.652,206.36,437.1491,-1,3,6,97.0,,False,1348.999
8146,2.93,27.658,206.12,457.2414,-1,2,4,70.6,,False,770.1751143792042
8154,2.483,29.158,217.12,475.3423,-1,2,8,98.4,,False,838.1112222222222
8168,0.585,16.415,128.87,154.0602,-1,1,13,92.2,,False,432.999
8171,2.913,27.134,203.07,399.3486,-1,2,4,71.2,,False,1492.999
8172,1.355,22.633,172.14,263.2006,-1,1,11,98.2,,False,304.999
8180,3.67,29.149,216.58,515.2736,-1,3,10,100.0,,False,163.999
8187,2.444,26.891,200.85,425.2327,-1,2,4,100.0,,False,2018.999
8192,1.25,28.985,215.59,495.2971,-1,2,11,96.7,,False,172.999
8195,2.555,29.84,221.68,519.2794,-1,1,6,61.8,,False,1132.999
8198,1.766,28.981,216.12,451.3063,-1,2,8,87.5,,False,764.999
8199,1.162,27.315,203.79,441.2134,-1,2,5,100.0,,False,152.999
8204,3.206,26.406,199.7,301.2189,-1,2,4,68.1,,False,1633.999
8206,2.855,26.605,209.34,152.9933,-1,1,10,99.5,,False,436.999
8207,0.376,27.598,205.2,499.1448,-1,3,9,100.0,,False,285.999
8208,2.637,33.437,247.46,618.3442,-1,2,5,94.6,,False,740.999
8214,0.273,24.309,192.49,141.0144,-1,1,6,48.0,,False,1423.999
8218,0.711,20.552,156.1,269.0789,-1,2,3,100.0,,False,2599.999
8225,3.01,27.246,203.73,409.3435,-1,3,4,81.4,,False,1285.999
8241,0.364,24.629,183.66,444.9844,-1,3,10,99.3,,False,59.999
8243,2.826,29.261,218.22,449.3309,-1,2,3,37.2,,False,1827.999
8244,0.49,22.336,179.8,116.9714,-1,1,5,51.9,,False,1481.1112222222223
8257,3.782,25.646,192.99,340.3297,-1,2,10,97.5,,False,694.783559408102
8263,0.403,21.616,173.7,118.9682,-1,1,8,71.7,,False,522.889
8268,2.753,43.161,316.89,1001.573,-1,3,6,100.0,,False,717.999
8284,0.448,15.396,134.98,59.0127,-1,1,10,99.8,,False,116.0001111111111
8285,3.309,39.995,294.47,823.5679,-1,3,6,77.3,,False,557.999
8290,3.284,28.1,209.79,432.3197,-1,1,4,48.4,,False,1378.999
8292,0.368,14.988,118.9,135.0308,-1,3,4,100.0,,False,3901.999
8294,4.691,35.29,261.01,637.5459,-1,3,9,92.0,,False,310.9775231362164
8296,2.054,27.088,202.13,438.199,-1,3,3,100.0,,False,1355.999
8297,3.877,30.024,222.79,543.0609,-1,4,3,100.0,,False,1096.7778888888888
8299,1.826,25.193,189.2,359.2817,-1,2,3,97.2,,False,2666.999
8319,2.515,28.406,211.87,447.3134,-1,2,5,82.9,,False,1382.999
8320,0.38,26.742,200.34,387.0262,-1,2,6,91.8,,False,263.999
8322,1.459,30.824,228.14,610.2525,-1,4,10,100.0,,False,139.999
8324,3.353,27.412,205.06,405.2472,-1,2,9,93.9,,False,561.999
8325,2.175,19.487,151.11,185.1547,-1,1,4,98.0,,False,1407.999
8327,2.43,24.558,182.29,523.9866,-1,1,7,97.2,,False,302.68088688648436
8328,1.602,21.195,162.89,215.1638,-1,1,7,98.9,,False,443.999
8331,3.565,24.802,188.9,257.2256,-1,1,11,88.6,,False,443.999
8335,1.133,24.802,185.91,378.102,-1,2,5,100.0,,False,457.999
8343,1.675,29.135,216.42,520.2707,-1,2,8,97.1,,False,264.999
8354,3.083,24.814,186.78,337.275,-1,2,8,73.5,,False,932.5192432016302
8356,2.49,41.077,301.82,946.5259,-1,3,11,100.0,,False,406.999
8374,2.87,25.314,190.3,349.2725,-1,2,7,72.8,,False,648.999
8378,0.681,18.275,141.49,189.0549,-1,1,5,98.6,,False,2784.999
8388,1.876,24.391,183.8,327.2193,-1,2,8,96.7,,False,934.2176853354188
8390,3.461,45.032,330.63,1010.7878,-1,3,4,100.0,,False,312.999
8402,2.246,25.771,193.36,369.3029,-1,2,4,71.4,,False,723.999
8403,3.958,32.685,242.19,583.4623,-1,3,3,52.5,,False,2071.999
8405,2.39,24.595,185.69,312.2536,-1,2,9,97.8,,False,248.41527669530882
8418,2.788,33.726,249.68,608.3211,-1,2,9,100.0,,False,329.999
8423,0.739,26.024,194.78,397.1784,-1,3,10,98.5,,False,253.999
8428,2.896,27.398,205.53,373.3097,-1,2,7,85.2,,False,129.999
8431,0.318,26.853,221.61,92.9257,-1,1,9,70.9,,False,335.17439471520896
8440,1.358,31.222,231.05,615.1851,-1,2,12,100.0,,False,226.999
8443,3.514,31.616,234.45,562.3524,-1,2,8,100.0,,False,272.5556666666667
8459,0.367,21.145,162.09,225.0646,-1,2,5,100.0,,False,1456.999
8461,2.814,29.214,218.06,436.3156,-1,1,6,75.1,,False,352.999
8468,3.594,24.442,184.46,315.1948,-1,2,6,100.0,,False,1494.999
8469,1.964,26.603,199.35,384.2795,-1,1,7,89.6,,False,1512.4445555555556
8471,4.478,32.069,238.2,525.4533,-1,2,5,75.1,,False,2540.000111111111
8476,3.395,33.377,247.87,531.3711,-1,2,7,69.6,,False,644.999
8483,1.725,14.722,117.75,123.0069,-1,1,9,99.6,,False,201.999
8489,0.739,26.868,199.05,574.9112,-1,1,15,95.9,,False,182.88899999999998
8497,0.465,29.01,214.64,614.9884,-1,1,13,91.0,,False,112.11550604790477
8502,0.387,22.245,184.42,89.0226,-1,1,10,99.3,,False,405.999
8518,4.533,31.088,231.2,498.4274,-1,1,4,70.1,,False,969.999
8519,3.195,25.502,191.86,342.2062,-1,2,7,100.0,,False,1611.6667777777777
8532,3.828,37.978,279.84,781.5286,-1,3,4,52.5,,False,2188.000111111111
8533,1.015,29.949,221.86,584.2378,-1,3,5,97.9,,False,1104.999
8534,3.108,24.727,186.15,336.1446,-1,2,10,67.9,,False,94.2251444169209
8536,2.388,31.992,238.22,479.285,-1,3,10,100.0,,False,575.999
8538,2.239,26.988,203.01,345.2789,-1,2,12,99.6,,False,573.999
8544,0.985,16.989,132.08,176.9512,-1,3,4,99.2,,False,1194.999
8548,3.793,29.31,218.17,481.307,-1,2,5,85.1,,False,1970.9514238481252
8554,1.831,26.632,199.34,397.2941,-1,2,8,70.6,,False,553.999
8562,3.635,31.585,234.93,498.4251,-1,2,6,50.1,,False,652.999
8576,2.971,38.947,287.08,770.5383,-1,3,9,100.0,,False,236.999
8578,2.219,20.097,154.22,220.1461,-1,1,5,55.1,,False,809.999
8586,2.01,30.807,228.39,567.2589,-1,3,10,97.0,,False,327.999
8589,2.627,29.361,218.39,494.2958,-1,1,5,62.1,,False,1105.999
8591,2.969,26.321,197.31,379.2473,-1,2,15,94.6,,False,99.61815891179151
8598,2.735,25.035,188.53,333.2429,-1,2,9,99.5,,False,508.999
8599,1.275,21.983,166.26,297.0436,-1,2,6,100.0,,False,643.999
8601,3.082,26.934,201.41,409.1436,-1,1,11,78.5,,False,262.999
8605,2.853,26.524,199.47,347.2943,-1,2,5,56.0,,False,859.999
8615,2.52,33.199,245.39,655.2666,-1,3,12,100.0,,False,255.999
8623,1.918,27.12,202.4,436.1833,-1,2,4,100.0,,False,1064.999
8631,1.022,24.799,186.15,363.181,-1,2,4,100.0,,False,93.999
8636,4.223,32.659,242.59,526.4559,-1,1,8,52.6,,False,860.999
8653,1.432,29.357,218.39,491.3247,-1,2,4,91.5,,False,1324.999
8657,1.581,21.367,162.91,249.2234,-1,1,3,97.3,,False,2658.999
8661,0.276,23.636,175.12,564.5863,-1,1,14,93.8,,False,454.999
8665,2.451,30.53,227.01,502.2739,-1,4,3,100.0,,False,1242.999
8666,2.944,30.191,224.3,519.2739,-1,2,8,93.8,,False,346.55566666666664
8668,2.809,33.576,248.39,628.4259,-1,3,8,82.4,,False,105.999
8669,3.839,31.183,232.0,493.534,-1,4,10,88.7,,False,278.999
8670,0.906,19.765,149.81,280.6227,-1,1,4,98.6,,False,979.999
8675,1.815,27.88,207.41,489.2539,-1,3,8,100.0,,False,118.999
8676,0.47,18.424,140.93,231.9946,-1,1,3,97.7,,False,1597.999
8678,1.432,26.891,200.49,451.1812,-1,3,5,98.4,,False,589.999
8689,2.816,24.057,181.6,313.2736,-1,2,7,100.0,,False,559.5556666666666
8690,2.851,29.746,221.91,445.3696,-1,2,6,54.5,,False,333.999
8697,0.626,15.797,123.48,162.9521,-1,1,6,99.3,,False,1044.999
8700,2.29,30.568,226.75,553.2168,-1,2,8,99.3,,False,199.999
8710,3.16,27.861,208.42,406.3024,-1,1,8,76.7,,False,155.999
8712,3.561,23.429,177.5,287.2011,-1,2,11,99.2,,False,449.999
8719,3.421,19.731,147.29,418.9723,-1,1,7,97.6,,False,529.999
8730,0.941,26.042,194.44,428.1776,-1,3,3,100.0,,False,1329.999
8731,3.472,30.703,227.98,530.3621,-1,2,9,98.2,,False,141.33818614680484
8733,1.078,24.77,185.87,367.1587,-1,3,5,72.1,,False,861.999
8736,0.389,24.039,179.53,421.9984,-1,2,7,97.8,,False,988.999
8742,2.439,27.603,206.12,429.2052,-1,2,5,100.0,,False,2355.999
8749,2.96,30.266,225.64,457.3335,-1,2,4,100.0,,False,321.999
8751,0.325,18.029,139.04,201.0378,-1,1,3,98.3,,False,2421.999
8755,1.527,30.083,222.88,580.2982,-1,3,3,100.0,,False,132.999
8757,1.483,28.958,215.4,493.2797,-1,3,3,100.0,,False,203.999
8760,1.18,20.308,153.98,278.9987,-1,1,7,94.6,,False,1641.999
8769,1.535,27.304,204.59,385.2375,-1,2,9,98.5,,False,544.999
8772,0.381,18.877,144.12,240.9827,-1,1,3,96.5,,False,4218.999
8779,3.406,31.004,236.45,253.2205,-1,1,3,96.5,,False,3919.999
8780,3.185,25.537,191.99,349.2749,-1,2,6,88.8,,False,297.999
8782,0.352,27.987,207.1,608.9116,-1,1,14,98.2,,False,284.55566666666664
8796,0.365,14.835,118.57,124.0063,-1,1,8,99.1,,False,246.999
8801,3.875,35.045,259.18,638.5233,-1,3,6,81.9,,False,811.4518670619166
8805,3.812,29.024,216.3,460.3515,-1,1,4,47.1,,False,723.5556666666666
8807,1.859,31.817,236.1,546.3011,-1,4,8,100.0,,False,388.999
8812,2.404,23.307,176.39,294.2151,-1,1,7,78.5,,False,134.7778888888889
8824,0.479,21.595,164.05,269.1764,-1,2,4,100.0,,False,1138.4445555555556
8829,3.128,37.474,276.14,773.5402,-1,3,3,52.5,,False,2371.999
8832,1.104,23.338,176.18,312.136,-1,2,11,99.3,,False,357.999
8834,0.247,38.136,279.73,1062.3019,-1,3,10,77.0,,False,607.999
8837,0.567,24.601,185.68,314.1045,-1,2,3,100.0,,False,514.999
8840,2.435,21.911,162.64,518.9705,-1,2,3,97.1,,False,1657.999
8848,0.662,23.764,180.9,259.0299,-1,2,5,96.6,,False,159.999
8852,2.985,30.679,227.95,517.3902,-1,3,4,54.3,,False,2160.999
8864,3.643,29.674,221.17,460.351,-1,1,5,61.4,,False,435.999
8870,2.252,31.845,236.28,550.3178,-1,2,7,100.0,,False,245.999
8872,1.071,31.274,234.79,368.1621,-1,1,9,87.8,,False,97.999
8887,2.112,26.388,197.53,395.282,-1,2,4,67.4,,False,543.999
8892,2.689,32.442,240.28,593.3744,-1,2,5,96.5,,False,1523.999
8900,2.219,29.483,219.97,443.3396,-1,2,5,82.4,,False,582.999
8907,1.444,25.37,190.24,375.1835,-1,4,8,99.0,,False,779.999
8913,2.994,26.828,200.49,417.2414,-1,2,11,97.7,,False,522.999
8918,1.885,31.681,234.86,569.3332,-1,2,7,87.3,,False,180.999
8923,3.331,31.59,234.92,501.3961,-1,3,4,84.8,,False,1073.999
8924,2.646,34.353,253.77,677.3459,-1,3,8,100.0,,False,286.999
8927,4.136,32.126,238.81,509.46,-1,2,5,63.8,,False,1760.7463565220487
8934,2.36,20.699,159.15,213.1841,-1,2,9,91.2,,False,1593.777888888889
8938,3.03,23.972,184.93,203.1796,-1,1,8,99.2,,False,448.999
8945,4.539,26.908,201.61,385.3138,-1,2,5,97.6,,False,1020.999
8946,3.467,23.762,181.09,253.2204,-1,2,3,93.7,,False,3761.999
8953,2.942,13.705,108.68,134.8941,-1,3,3,80.6,,False,937.999
8956,0.51,30.245,232.69,215.0317,-1,1,11,79.8,,False,128.999
8961,1.998,33.388,248.4,495.2827,-1,2,4,98.0,,False,1365.999
8962,2.487,23.795,176.3,564.923,-1,1,10,98.0,,False,161.999
8964,2.776,42.833,314.61,976.5754,-1,3,11,97.0,,False,644.999
8966,1.595,22.084,165.59,370.8266,-1,3,7,98.5,,False,377.999
8979,2.617,36.775,271.21,742.5422,-1,3,6,52.5,,False,450.999
8980,2.992,24.79,188.21,275.2001,-1,2,7,82.4,,False,226.999
8982,0.279,27.757,204.28,808.4038,-1,1,13,97.8,,False,426.999
8986,2.453,34.534,273.66,141.0168,-1,1,7,93.6,,False,775.7806880741152
8995,2.781,32.925,244.66,519.2741,-1,2,12,98.7,,False,217.999
8996,1.434,21.447,162.82,272.6511,-1,1,7,98.6,,False,988.999
8997,2.171,26.366,197.18,407.2225,-1,2,3,79.6,,False,3700.999
9002,3.997,39.447,290.47,815.5689,-1,1,5,49.0,,False,301.55566666666664
9009,0.51,15.272,122.26,122.035,-1,1,7,99.2,,False,639.999
9018,1.857,25.384,190.56,363.2553,-1,2,5,58.2,,False,394.999
9019,2.555,30.574,226.99,534.2389,-1,4,7,99.9,,False,375.999
9021,0.385,15.053,124.26,91.0169,-1,1,11,84.0,,False,324.999
9022,1.154,27.725,205.97,514.2888,-1,3,3,100.0,,False,536.999
9023,2.789,25.816,193.36,388.1594,-1,3,4,100.0,,False,173.999
9027,2.487,33.882,250.73,620.3587,-1,2,7,98.7,,False,214.999
9029,1.492,22.525,171.26,265.1551,-1,1,8,99.1,,False,167.999
9030,2.09,26.885,201.28,395.2811,-1,2,6,82.9,,False,407.999
9038,0.883,25.205,202.64,118.9674,-1,1,13,98.7,,False,22.865521497844554
9041,0.958,27.571,205.14,486.2842,-1,2,4,98.1,,False,319.999
9047,0.568,20.375,154.6,275.0212,-1,1,7,98.7,,False,829.999
9049,1.704,23.111,174.72,301.1563,-1,2,8,99.7,,False,468.999
9051,2.641,32.775,243.45,526.2999,-1,3,4,100.0,,False,1326.999
9054,0.366,20.28,161.71,129.0545,-1,1,7,98.9,,False,1741.999
9061,2.291,30.798,229.05,499.3082,-1,2,5,93.0,,False,246.999
9068,3.654,27.06,202.65,391.2474,-1,2,8,98.1,,False,695.999
9074,2.379,26.945,201.15,432.319,-1,1,6,77.6,,False,727.999
9084,0.677,23.629,178.56,304.9377,-1,1,9,95.9,,False,159.33344444444447
9089,0.367,28.343,210.01,574.997,-1,1,14,96.7,,False,289.263487684225
9091,4.023,36.89,272.49,684.6099,-1,3,5,88.8,,False,451.999
9101,0.366,22.475,169.57,315.0986,-1,2,4,100.0,,False,2078.999
9107,2.371,27.527,205.55,429.4358,-1,2,7,86.3,,False,450.999
9108,4.176,44.613,327.65,988.782,-1,3,9,73.0,,False,397.999
9115,3.469,28.66,214.28,413.3653,-1,2,4,97.7,,False,2251.999
9116,2.122,25.237,189.76,347.2613,-1,2,3,92.4,,False,2438.999
9119,0.765,20.131,154.22,227.072,-1,1,8,99.1,,False,153.999
9120,3.415,31.111,231.57,483.3727,-1,3,3,52.5,,False,1681.999
9125,4.382,39.731,292.58,816.7308,-1,3,6,52.5,,False,422.999
9132,2.053,29.204,217.49,471.3727,-1,2,3,82.4,,False,1068.999
9134,0.71,19.256,163.38,74.0232,-1,1,6,89.5,,False,497.999
9142,0.51,20.014,153.62,219.1131,-1,2,7,100.0,,False,719.999
9143,0.691,31.577,250.21,141.0162,-1,1,6,82.3,,False,317.999
9147,3.9,32.699,242.47,564.4377,-1,1,5,53.7,,False,589.999
9148,2.391,34.715,256.6,657.3648,-1,3,8,100.0,,False,110.999
9151,2.785,21.342,163.14,237.1852,-1,1,12,92.3,,False,133.999
9153,2.477,25.27,190.02,347.2574,-1,2,8,55.2,,False,890.999
9154,3.995,46.425,340.65,1065.8374,-1,3,6,98.7,,False,919.999
9155,2.946,25.338,190.6,343.2866,-1,2,4,90.3,,False,1364.999
9160,3.947,35.097,259.3,672.5054,-1,3,4,52.5,,False,1796.7778888888888
9162,0.781,26.628,198.65,442.1899,-1,1,11,97.9,,False,113.999
9167,2.896,27.75,207.52,410.3299,-1,1,8,48.1,,False,278.999
9168,3.042,26.823,201.2,373.3099,-1,2,6,51.5,,False,170.999
9172,2.589,28.991,216.23,448.275,-1,1,7,94.7,,False,217.999
9178,3.413,33.203,245.77,612.3705,-1,3,7,69.4,,False,185.999
9183,2.82,24.592,185.48,320.2579,-1,1,10,96.9,,False,383.999
9186,1.621,19.42,150.7,183.1734,-1,2,9,100.0,,False,101.999
9187,2.32,21.881,164.72,333.0587,-1,1,10,98.8,,False,326.999
9188,3.463,19.614,146.67,396.974,-1,1,3,97.2,,False,1046.999
9190,2.601,20.961,160.59,227.2011,-1,2,3,92.8,,False,953.999
9193,0.743,31.236,257.89,92.9262,-1,1,12,99.6,,False,615.8873496203003
9205,1.135,22.094,168.27,255.2355,-1,2,3,55.0,,False,1563.999
9206,3.832,25.18,189.93,320.2209,-1,1,13,98.1,,False,104.53404620707715
9208,4.598,26.593,199.31,381.3392,-1,1,5,55.4,,False,1568.889
9213,2.905,38.034,280.58,733.5519,-1,2,3,77.1,,False,654.999
9215,1.553,18.169,137.99,266.833,-1,1,5,96.5,,False,659.999
9216,0.442,27.669,212.82,215.0327,-1,3,7,75.5,,False,137.999
9218,1.883,22.85,171.41,366.9025,-1,5,3,98.1,,False,876.999
9219,0.279,27.752,204.22,812.398,-1,1,11,90.0,,False,482.999
9222,1.496,24.212,185.01,241.1054,-1,1,8,99.3,,False,121.999
9227,2.231,27.156,203.2,401.3265,-1,2,7,65.0,,False,667.999
9238,0.372,19.288,147.56,232.0255,-1,1,7,98.3,,False,547.999
9240,2.077,23.27,175.83,305.1796,-1,2,7,92.7,,False,182.999
9241,3.116,20.021,153.16,233.0306,-1,1,10,99.2,,False,191.999
9243,2.877,28.351,211.18,468.2507,-1,2,10,98.8,,False,409.999
9258,1.132,23.211,175.58,297.2054,-1,1,10,78.9,,False,135.999
9270,3.525,33.004,244.51,587.4344,-1,2,6,50.9,,False,674.1549478569968
9277,3.952,36.267,267.54,727.4543,-1,2,4,81.2,,False,1336.2223333333334
9287,2.685,27.952,209.32,392.2911,-1,1,3,51.8,,False,3471.999
9293,0.404,23.693,177.43,386.9421,-1,1,15,98.2,,False,47.378380985001854
9294,1.686,20.297,154.61,253.1443,-1,1,7,67.4,,False,417.6667777777777
9301,4.783,27.975,208.84,433.3707,-1,2,5,90.6,,False,435.999
9304,3.274,32.88,243.82,564.4375,-1,1,5,43.0,,False,1352.999
9310,2.288,31.84,237.14,475.2519,-1,2,8,99.1,,False,385.999
9316,2.573,30.91,229.89,499.307,-1,2,7,90.7,,False,645.999
9327,3.552,37.677,277.52,791.5513,-1,3,3,52.5,,False,640.5556666666669
9335,0.442,36.135,266.43,752.4316,-1,2,5,100.0,,False,714.999
9338,3.057,26.406,197.95,379.2848,-1,1,7,55.0,,False,590.999
9344,1.247,29.128,216.71,489.3095,-1,1,7,84.6,,False,924.999
9347,0.624,22.99,173.47,315.0969,-1,2,7,98.5,,False,397.999
9350,1.592,23.063,174.29,304.1578,-1,2,11,100.0,,False,133.999
9353,1.764,30.603,227.26,529.3367,-1,2,7,88.7,,False,269.999
9356,2.677,33.548,248.61,582.3434,-1,2,8,92.8,,False,468.999
9361,1.779,24.71,185.75,349.2388,-1,2,5,62.7,,False,822.999
9362,4.319,34.114,253.06,557.4601,-1,2,6,47.1,,False,966.7724855434847
9364,1.528,21.707,163.64,320.9811,-1,1,4,96.5,,False,921.999
9367,2.048,24.393,183.81,327.2555,-1,2,6,98.0,,False,2020.5390347741127
9368,2.388,21.913,166.44,269.9872,-1,1,8,98.2,,False,110.27528713930201
9373,3.487,46.722,342.75,1084.8033,-1,5,10,98.1,,False,462.999
9374,1.14,30.178,223.81,557.3019,-1,2,10,99.5,,False,186.999
9377,1.77,26.621,198.84,424.1811,-1,1,5,98.5,,False,932.999
9384,0.364,24.395,182.13,427.0189,-1,2,7,100.0,,False,223.999
9388,0.352,23.157,174.61,320.97,-1,1,11,88.0,,False,450.999
9389,1.753,18.505,139.01,346.9768,-1,1,3,97.3,,False,1520.999
9390,3.532,40.517,298.39,815.6324,-1,1,7,48.6,,False,190.999
9393,2.697,26.818,200.42,417.2308,-1,2,6,83.9,,False,493.999
9401,3.326,22.246,168.43,290.1429,-1,4,3,82.4,,False,494.999
9402,2.413,27.107,202.93,396.3121,-1,1,7,98.5,,False,238.999
9403,2.821,23.837,179.93,313.2384,-1,1,8,99.5,,False,392.3718632840357
9404,2.825,33.904,250.79,632.3599,-1,4,6,72.2,,False,462.999
9408,4.208,36.409,268.87,693.497,-1,2,7,99.3,,False,556.999
9417,2.41,28.373,211.27,474.2639,-1,1,5,89.7,,False,168.999
9420,1.864,24.835,186.69,349.2394,-1,2,5,53.4,,False,861.999
9434,0.806,23.131,175.39,281.2483,-1,2,6,37.4,,False,6.000111111111096
9435,2.647,33.305,246.08,665.2137,-1,3,3,100.0,,False,85.999
9449,2.549,27.921,208.5,429.2031,-1,2,7,100.0,,False,354.999
9455,0.632,28.471,212.42,443.2114,-1,3,8,99.9,,False,753.999
9458,2.928,27.472,205.31,417.3032,-1,2,3,73.5,,False,2145.999
9461,0.566,33.301,256.4,213.0219,-1,1,7,98.7,,False,384.999
9464,4.525,44.875,329.48,1008.7533,-1,4,14,99.7,,False,2.998065663884404
9466,1.223,23.237,175.08,327.1612,-1,2,3,100.0,,False,2789.999
9471,2.554,26.289,197.11,377.2709,-1,1,6,50.3,,False,887.999
9475,2.493,32.791,243.25,556.3281,-1,2,9,100.0,,False,274.999
9480,0.407,25.226,197.16,167.0205,-1,1,5,90.9,,False,1132.999
9481,2.069,26.07,195.5,375.253,-1,2,8,100.0,,False,129.999
9483,3.649,31.145,230.85,573.333,-1,2,8,100.0,,False,253.999
9485,3.473,36.164,266.82,720.5035,-1,2,4,41.9,,False,2645.578639548781
9487,0.627,23.38,176.61,307.1894,-1,1,8,98.3,,False,435.999
9491,1.679,32.019,237.32,575.3816,-1,3,8,98.6,,False,397.999
9499,4.276,31.497,233.91,529.4265,-1,3,4,72.2,,False,521.999
9500,0.886,11.974,96.29,114.9354,-1,1,8,58.4,,False,423.4246355042749
9505,0.417,28.094,231.32,94.9234,-1,1,8,97.5,,False,170.999
9508,3.992,35.442,261.68,695.4692,-1,3,8,96.5,,False,726.7572974040705
9509,3.417,31.439,233.16,560.3368,-1,4,9,98.8,,False,737.999
9510,0.635,22.446,170.2,280.8937,-1,1,10,96.2,,False,235.999
9516,3.431,24.728,189.46,229.1954,-1,2,5,98.1,,False,1375.999
9523,2.26,19.625,150.63,218.985,-1,1,9,98.9,,False,34.14349645771463
9524,1.924,26.767,200.36,397.2952,-1,2,7,75.2,,False,777.999
9527,0.333,23.454,178.04,275.0103,-1,1,9,98.3,,False,355.999
9529,1.678,28.507,212.36,467.2626,-1,2,8,98.4,,False,61.999
9530,1.513,31.008,229.77,579.2851,-1,3,3,97.7,,False,1988.999
9533,3.0,34.426,254.53,648.3911,-1,3,4,98.8,,False,117.999
9536,4.413,34.784,257.18,647.4905,-1,3,8,97.7,,False,613.5556666666666
9537,2.906,44.293,325.13,1025.6445,-1,4,12,96.5,,False,331.999
9546,2.584,31.177,231.49,532.3052,-1,2,7,98.5,,False,618.999
9551,1.971,30.69,227.65,554.2361,-1,1,9,97.8,,False,440.999
9553,2.051,20.582,154.89,333.8481,-1,1,6,96.4,,False,397.999
9559,2.923,34.791,257.42,627.4865,-1,2,7,72.1,,False,272.999
9562,1.543,27.311,204.13,415.3092,-1,2,5,97.4,,False,1570.999
9563,3.136,32.995,246.6,423.2518,-1,2,11,97.7,,False,199.999
9565,2.506,23.468,175.4,410.7866,-1,1,9,98.9,,False,182.999
9585,2.319,28.994,215.67,493.2608,-1,2,8,96.1,,False,431.999
9588,0.358,24.541,184.21,362.9804,-1,1,10,97.8,,False,551.999
9590,0.378,28.379,211.09,492.9917,-1,1,10,97.5,,False,435.999
9594,0.365,24.603,184.81,356.1608,-1,1,3,88.3,,False,1769.999
9599,2.746,33.254,246.46,577.4855,-1,2,7,37.6,,False,293.7413325773455
9608,0.333,24.638,184.09,417.0361,-1,2,5,100.0,,False,67.999
9617,3.288,33.509,248.28,585.4164,-1,3,3,52.5,,False,1008.999
9618,3.19,30.194,229.04,283.1118,-1,2,6,98.5,,False,542.2536500190138
9623,4.015,39.937,294.18,801.6342,-1,3,6,52.5,,False,985.999
9625,0.533,24.241,182.54,333.0439,-1,2,4,100.0,,False,486.999
9628,2.331,28.391,211.36,476.2828,-1,1,4,96.7,,False,1672.2223333333334
9629,0.893,22.634,186.25,94.9237,-1,1,7,84.5,,False,323.3089399055454
9631,1.146,24.505,183.93,363.1835,-1,2,3,100.0,,False,1559.999
9635,0.45,17.615,135.59,206.951,-1,1,8,99.0,,False,293.999
9636,0.824,21.746,164.42,299.0232,-1,2,5,98.8,,False,1924.999
9639,1.271,29.223,241.23,92.9268,-1,1,15,88.8,,False,87.51563350722421
9645,1.722,24.118,181.74,327.1818,-1,2,6,94.1,,False,81.999
9648,2.517,29.646,220.33,511.2104,-1,2,9,100.0,,False,773.999
9660,2.193,26.896,201.49,387.2545,-1,2,8,74.0,,False,442.999
9667,0.713,23.987,180.23,353.1996,-1,2,11,100.0,,False,77.22233333333332
9675,3.053,26.315,197.01,393.2446,-1,4,3,100.0,,False,1964.999
9704,2.31,32.626,241.44,617.2734,-1,2,9,96.6,,False,262.999
9706,4.542,40.167,295.71,831.6,-1,2,5,58.9,,False,339.999
9709,1.25,24.579,184.92,341.2332,-1,2,9,98.4,,False,230.999
9712,0.466,15.068,124.08,93.0331,-1,1,3,83.2,,False,146.999
9714,2.259,26.759,200.28,398.2964,-1,1,6,79.9,,False,1374.4445555555556
9716,2.211,28.06,209.25,450.2628,-1,2,9,100.0,,False,194.999
9722,0.629,21.569,164.03,263.0911,-1,1,9,98.8,,False,432.999
9725,3.416,32.588,248.57,253.2173,-1,1,8,99.7,,False,1306.999
9752,3.312,38.78,286.02,742.5511,-1,2,4,96.5,,False,741.999
9755,2.604,29.043,216.0,496.2493,-1,2,5,100.0,,False,280.999
9769,3.421,24.887,187.75,318.2058,-1,2,5,99.5,,False,1221.999
9772,0.388,22.795,172.33,301.2006,-1,1,8,98.5,,False,273.999
9775,1.726,21.286,163.25,223.1321,-1,2,8,100.0,,False,269.999
9783,0.351,27.963,208.94,420.9416,-1,1,6,96.5,,False,249.999
9789,4.809,38.73,285.66,742.5556,-1,3,7,100.0,,False,535.999
9791,3.202,24.383,184.04,314.2766,-1,1,8,83.0,,False,477.999
9793,1.932,32.748,243.62,497.2942,-1,2,8,98.8,,False,300.999
9799,1.508,28.76,214.05,483.2974,-1,2,4,72.2,,False,2476.999
9806,3.207,30.502,227.11,478.3613,-1,1,9,60.1,,False,438.999
9808,2.981,34.936,258.08,678.3818,-1,3,7,73.2,,False,331.999
9809,3.334,34.73,266.43,227.2016,-1,1,5,98.2,,False,1338.999
9811,1.847,27.611,205.9,449.2326,-1,2,7,100.0,,False,158.999
9812,1.014,26.185,216.08,92.9268,-1,1,13,99.2,,False,253.0292910823075
9813,0.715,22.095,168.28,255.234,-1,2,4,44.0,,False,92.1112222222223
9819,1.629,31.76,235.32,583.2574,-1,3,7,99.5,,False,255.999
9831,4.106,31.357,233.1,507.4103,-1,2,3,45.7,,False,839.999
9841,2.769,33.365,246.91,618.4106,-1,2,3,96.7,,False,473.999
9842,4.375,27.79,207.86,407.3889,-1,2,8,49.4,,False,141.70449080531682
9853,1.564,23.795,179.28,328.1588,-1,2,11,97.7,,False,101.999
9854,0.481,25.767,198.16,215.0317,-1,1,10,57.8,,False,89.999
9857,3.613,32.496,241.21,539.588,-1,3,3,52.5,,False,379.999
9859,3.024,27.817,207.65,434.3025,-1,1,3,92.3,,False,258.999
9870,2.857,32.414,241.14,495.2752,-1,2,8,98.2,,False,827.999
9872,1.549,27.621,207.44,361.2739,-1,2,8,97.4,,False,223.999
9876,4.327,27.972,209.42,395.3553,-1,2,3,89.4,,False,1676.999
9877,3.333,33.219,246.18,578.4911,-1,2,3,44.1,,False,3124.3334444444445
9878,2.36,27.744,207.67,398.2959,-1,2,8,92.0,,False,439.999
9893,0.259,18.447,143.02,185.0562,-1,1,5,79.6,,False,1484.999
9895,0.475,17.844,143.28,119.0503,-1,2,3,100.0,,False,198.999
9896,0.982,26.577,198.26,441.2555,-1,2,4,100.0,,False,1091.999
9897,2.661,39.151,306.6,165.0394,-1,2,6,99.0,,False,218.999
9900,3.034,30.859,229.44,504.3166,-1,1,3,69.5,,False,405.999
9903,2.814,32.462,240.49,588.3339,-1,2,4,97.3,,False,1102.999
9906,1.539,41.859,307.51,961.5246,-1,4,10,100.0,,False,143.999
9912,2.632,35.361,260.94,716.3386,-1,2,9,99.2,,False,347.999
9915,3.789,28.792,215.06,426.3674,-1,1,8,56.6,,False,496.999
9926,1.281,30.14,223.78,532.2961,-1,2,9,98.2,,False,479.999
9932,3.386,33.32,246.56,620.3752,-1,3,5,97.6,,False,1059.999
9940,0.444,17.188,130.26,277.8457,-1,1,6,98.8,,False,375.999
9941,3.207,25.188,195.08,191.1802,-1,2,4,93.8,,False,1811.999
9945,2.003,27.228,203.59,411.3107,-1,2,5,71.2,,False,861.999
9951,2.659,23.893,180.45,309.2437,-1,1,8,53.5,,False,465.999
9954,2.689,31.558,234.36,530.3544,-1,1,7,65.7,,False,86.999
9955,3.581,33.181,245.58,613.3972,-1,2,6,90.3,,False,203.4556185072647
9970,0.754,21.491,162.87,283.0289,-1,2,4,100.0,,False,2862.999
9976,2.549,29.097,216.74,469.3173,-1,2,7,98.3,,False,176.999
9980,0.492,18.396,144.64,152.0349,-1,1,3,98.7,,False,1510.999
9983,2.399,21.826,165.67,274.0006,-1,1,4,99.2,,False,483.5527594766131
9986,0.488,23.686,180.82,245.046,-1,1,7,73.8,,False,227.999
9995,3.876,29.374,219.27,436.351,-1,1,9,93.2,,False,233.999
10004,2.513,20.424,156.78,219.1375,-1,1,12,99.5,,False,97.37854781488625
10009,0.631,23.164,174.27,340.0855,-1,1,7,99.1,,False,604.999
10012,0.568,16.662,129.76,172.0394,-1,1,8,99.4,,False,531.999
10014,3.672,27.738,206.74,457.2381,-1,2,3,57.7,,False,721.999
10026,3.343,25.185,189.49,341.307,-1,1,4,51.5,,False,725.999
10034,1.851,24.335,183.27,332.1928,-1,2,6,89.1,,False,229.999
10040,2.552,26.189,196.38,376.285,-1,1,6,96.7,,False,317.999
10049,2.573,31.8,237.93,407.2209,-1,2,4,100.0,,False,2172.999
10050,3.81,35.44,261.9,665.5045,-1,4,5,52.5,,False,1671.999
10054,2.5,32.701,242.02,615.3195,-1,2,9,100.0,,False,416.999
10061,1.124,27.875,229.52,94.9237,-1,1,9,82.2,,False,11.333444444444453
10066,3.349,35.202,260.17,660.5194,-1,2,7,45.3,,False,87.6879981193731
10068,0.269,25.122,187.99,398.1698,-1,2,8,94.5,,False,91.999
10073,1.336,20.272,154.42,253.1443,-1,2,7,63.8,,False,402.1183271898732
10075,2.495,33.888,250.31,679.3147,-1,3,6,100.0,,False,710.999
10079,0.381,30.218,223.03,696.9913,-1,1,7,98.3,,False,406.999
10083,1.46,30.284,225.37,487.3434,-1,2,5,82.3,,False,462.999
10091,0.463,27.764,207.03,450.2121,-1,3,4,100.0,,False,614.999
10092,1.785,22.236,168.36,290.1434,-1,4,4,52.5,,False,1594.999
10100,1.474,25.179,189.23,352.2494,-1,1,4,98.5,,False,290.999
10101,2.969,33.81,250.28,611.2903,-1,3,7,100.0,,False,630.999
10107,3.006,42.194,310.11,930.5925,-1,4,8,95.4,,False,876.999
10114,3.84,22.164,168.75,257.3764,-1,1,3,72.8,,False,2198.777888888889
10117,1.753,30.418,225.83,532.3373,-1,2,3,82.2,,False,627.999
10119,2.384,22.94,173.83,285.2436,-1,2,4,59.4,,False,1104.999
10121,2.853,25.034,190.97,249.1848,-1,1,10,99.4,,False,497.999
10133,2.142,33.577,248.15,659.2861,-1,2,4,82.6,,False,121.999
10136,3.043,43.673,320.68,997.6386,-1,3,5,100.0,,False,739.999
10143,0.668,25.435,188.76,532.9003,-1,1,12,97.1,,False,262.44455555555555
10152,2.375,27.869,207.81,451.281,-1,1,7,97.1,,False,306.999
10155,2.359,22.924,173.56,291.1614,-1,2,6,95.4,,False,364.0001111111111
10163,3.409,32.719,242.31,596.3773,-1,1,4,96.0,,False,901.999
10168,2.312,31.465,233.01,595.4525,-1,1,4,41.3,,False,892.999
10169,0.636,25.849,191.68,550.8686,-1,1,13,82.8,,False,36.88900000000001
10183,1.766,27.99,209.11,423.2733,-1,2,10,88.3,,False,571.999
10185,4.175,46.024,337.78,1043.8494,-1,2,8,99.2,,False,229.999
10187,3.288,34.106,252.1,654.3819,-1,2,8,100.0,,False,784.999
10190,2.956,44.896,329.82,968.6219,-1,2,10,100.0,,False,193.999
10191,2.903,32.419,240.62,543.3892,-1,2,3,94.6,,False,1637.999
10192,2.637,26.944,201.66,398.3353,-1,1,6,63.6,,False,757.999
10193,4.142,29.939,222.77,488.3847,-1,2,4,100.0,,False,840.999
10200,3.563,26.08,197.7,285.2241,-1,2,4,87.9,,False,1176.999
10204,3.758,40.545,298.92,764.7192,-1,3,6,99.8,,False,653.999
10208,0.485,19.41,151.85,163.0381,-1,1,7,98.7,,False,481.999
10213,2.399,38.146,288.32,311.1704,-1,2,9,100.0,,False,5.349377384329273
10223,3.674,22.374,170.23,261.2231,-1,2,6,82.4,,False,1633.999
10225,0.521,16.706,128.61,205.9441,-1,1,3,97.4,,False,2226.999
10237,4.423,29.481,218.91,527.2482,-1,1,3,60.4,,False,295.999
10243,2.922,24.224,182.67,321.2413,-1,2,6,93.5,,False,305.76036796236065
10247,2.237,30.857,229.13,530.3574,-1,2,5,96.8,,False,790.999
10251,2.454,28.23,210.5,451.3043,-1,2,5,100.0,,False,344.999
10252,3.069,37.649,277.5,770.574,-1,2,6,44.0,,False,786.999
10253,3.002,25.799,193.46,375.2322,-1,2,6,100.0,,False,449.999
10254,0.657,26.826,198.74,574.9121,-1,1,10,94.5,,False,296.999
10257,1.002,16.304,126.62,178.948,-1,1,5,97.3,,False,1470.999
10261,1.829,26.805,200.29,418.2656,-1,2,3,100.0,,False,608.999
10262,2.442,32.143,238.09,591.2931,-1,2,9,99.4,,False,506.999
10265,3.139,34.068,252.51,577.484,-1,3,3,52.5,,False,335.999
10266,2.42,25.843,193.79,375.2544,-1,1,7,96.5,,False,219.999
10274,1.398,22.183,167.09,328.1628,-1,1,5,97.4,,False,368.999
10283,2.856,26.227,196.56,381.3048,-1,1,3,42.8,,False,1463.999
10288,1.758,23.291,176.59,282.2512,-1,2,6,70.9,,False,465.999
10295,2.531,41.267,303.29,924.5488,-1,4,3,100.0,,False,1526.999
10301,3.082,32.742,242.35,612.3338,-1,3,6,93.2,,False,480.999
10304,2.951,22.945,173.67,293.1758,-1,1,6,53.9,,False,552.999
10308,1.564,18.139,139.89,201.0246,-1,2,6,60.5,,False,359.0001111111111
10323,0.585,20.034,152.43,259.0295,-1,2,4,98.7,,False,1825.999
10326,3.172,35.369,261.21,685.4277,-1,2,4,97.0,,False,1091.999
10332,2.35,17.52,135.91,183.0127,-1,2,3,96.6,,False,400.1112222222223
10336,3.594,32.723,242.34,597.3624,-1,2,5,87.4,,False,750.999
10338,1.095,16.657,127.64,222.8991,-1,1,3,99.2,,False,653.999
10342,0.411,19.125,149.48,165.0548,-1,2,3,99.9,,False,439.999
10353,2.031,31.115,230.57,578.3146,-1,2,5,100.0,,False,508.999
10361,2.753,33.431,247.54,603.4282,-1,2,4,58.7,,False,1068.999
10364,0.599,30.366,250.07,94.9233,-1,1,8,97.7,,False,184.889
10366,2.744,31.524,233.57,582.2868,-1,3,4,100.0,,False,1326.999
10367,3.225,26.421,198.4,361.3106,-1,2,8,72.6,,False,182.999
10370,2.051,26.598,199.08,397.2966,-1,2,4,53.3,,False,808.999
10373,3.691,34.624,255.81,669.4084,-1,2,5,64.4,,False,759.999
10378,0.487,31.38,239.73,245.0476,-1,1,5,65.9,,False,182.999
10379,4.55,30.732,228.95,469.4252,-1,2,5,100.0,,False,386.999
10382,0.748,22.611,185.62,96.9201,-1,1,11,47.5,,False,362.999
10394,2.327,28.518,212.38,471.1094,-1,3,6,97.9,,False,739.999
10396,0.535,24.49,202.06,92.9268,-1,1,8,92.0,,False,687.8894046645278
10397,3.51,44.372,326.03,953.7749,-1,4,3,100.0,,False,1076.999
10399,1.891,27.432,204.89,426.2338,-1,1,7,98.3,,False,250.999
10401,3.184,26.179,196.47,366.3032,-1,2,8,97.4,,False,937.9676485885143
10413,4.001,25.715,192.72,381.1754,-1,2,9,100.0,,False,749.4706579824488
10415,3.366,31.575,234.31,546.394,-1,1,5,52.4,,False,395.55566666666664
10420,1.137,22.448,170.15,283.192,-1,2,5,76.7,,False,1636.999
10423,3.881,20.188,154.33,236.105,-1,1,5,43.3,,False,760.7778888888888
10427,2.684,25.033,189.45,295.2283,-1,2,6,99.0,,False,1263.999
10429,1.538,40.825,300.06,925.5485,-1,2,9,97.3,,False,238.999
10433,3.704,25.274,190.16,341.3078,-1,2,3,42.8,,False,278.999
10440,2.435,26.969,201.44,424.251,-1,1,3,96.9,,False,1273.999
10441,3.514,27.419,204.95,415.2501,-1,2,5,100.0,,False,850.999
10448,1.404,26.14,195.89,383.1896,-1,2,8,99.0,,False,350.999
10455,0.305,20.354,167.84,92.9267,-1,1,9,55.0,,False,644.0405527947775
10458,0.379,22.511,171.22,263.011,-1,1,10,98.4,,False,197.999
10460,2.923,32.162,238.19,594.3455,-1,2,4,99.6,,False,1768.999
10478,1.868,28.764,213.97,492.2732,-1,3,4,92.1,,False,213.999
10493,1.606,35.231,259.85,735.4144,-1,3,6,100.0,,False,537.999
10499,2.614,28.936,216.46,407.2208,-1,1,8,98.8,,False,614.999
10503,2.314,31.382,232.69,564.2319,-1,2,8,100.0,,False,944.999
10508,4.263,35.943,265.33,706.4893,-1,2,9,96.8,,False,589.0001111111111
10528,0.39,26.83,201.45,362.981,-1,1,7,98.6,,False,657.999
10529,2.115,25.004,188.87,309.2067,-1,2,5,97.4,,False,79.999
10530,0.247,25.687,210.94,96.9597,-1,1,5,53.4,,False,461.2223333333333
10533,3.476,25.558,192.39,337.3122,-1,2,7,100.0,,False,1122.7778888888888
10541,2.792,33.453,247.71,602.5081,-1,3,4,69.9,,False,723.999
10542,0.338,21.641,170.72,146.9817,-1,1,8,94.3,,False,775.999
10543,2.121,28.369,212.52,389.3063,-1,2,7,97.5,,False,86.999
10546,3.196,31.931,237.95,464.3176,-1,2,3,98.8,,False,1291.999
10552,4.426,30.347,226.46,441.3406,-1,2,4,100.0,,False,1920.999
10555,3.234,28.048,209.76,409.2809,-1,2,3,82.3,,False,627.999
10563,0.465,15.163,120.13,137.0226,-1,1,9,98.4,,False,325.999
10567,0.477,22.371,173.44,187.0079,-1,2,4,83.0,,False,89.999
10569,1.381,38.173,281.13,809.4618,-1,3,9,99.8,,False,156.999
10577,0.774,23.351,177.34,272.1304,-1,2,5,99.1,,False,1125.999
10578,0.544,26.093,194.04,492.9925,-1,1,16,99.4,,False,98.7657714415048
10580,2.324,30.802,226.24,930.9472,-1,1,10,97.9,,False,234.999
10582,1.356,23.703,178.68,323.2249,-1,1,3,68.0,,False,850.999
10584,3.604,25.539,191.96,351.2895,-1,2,9,60.3,,False,417.999
10587,3.09,33.857,250.53,619.4622,-1,4,3,84.3,,False,2058.999
10599,3.363,28.199,210.54,431.3194,-1,2,6,58.4,,False,535.999
10602,3.358,27.17,203.62,383.3475,-1,2,4,44.8,,False,163.44455555555558
10608,0.39,16.296,127.94,154.0618,-1,1,3,99.0,,False,1729.999
10614,4.072,28.14,210.08,433.3357,-1,2,6,83.5,,False,875.5761671519784
10615,1.949,27.721,207.19,417.2279,-1,2,4,75.4,,False,152.999
10619,3.027,24.072,181.81,309.242,-1,1,9,72.9,,False,336.999
10621,1.956,27.481,204.93,449.3283,-1,2,6,98.3,,False,505.999
10627,0.356,24.55,186.2,280.9762,-1,1,8,92.1,,False,595.999
10633,2.78,28.629,213.13,478.2017,-1,3,6,89.1,,False,364.0001111111111
10634,0.684,18.98,156.47,92.9257,-1,1,12,98.5,,False,333.7228361533312
10638,3.374,43.416,318.98,960.6362,-1,2,11,97.3,,False,504.999
10644,2.668,33.059,244.75,607.3861,-1,2,7,83.2,,False,405.999
10654,0.367,21.138,160.14,285.0868,-1,1,4,98.1,,False,1321.999
10656,0.591,27.419,202.84,614.9046,-1,1,19,89.1,,False,15.792628104758137
10666,0.402,24.401,183.42,349.2007,-1,2,5,97.6,,False,313.999
10667,3.999,36.371,276.09,281.2488,-1,2,8,95.8,,False,845.7075687795971
10673,0.338,23.239,181.59,167.0188,-1,1,9,85.2,,False,588.999
10675,3.581,38.281,281.92,808.5204,-1,3,4,96.5,,False,806.999
10677,2.6,23.962,180.37,336.167,-1,3,3,92.3,,False,760.999
10687,0.584,37.278,274.69,781.4483,-1,3,6,100.0,,False,78.999
10699,3.906,25.996,194.5,401.1319,-1,2,8,61.8,,False,202.60415420426125
10700,1.84,24.389,183.74,329.2699,-1,2,4,62.4,,False,735.999
10701,2.691,26.444,198.03,391.2829,-1,1,4,64.0,,False,1528.999
10703,1.459,23.712,179.46,294.179,-1,1,13,78.5,,False,86.10946668713177
10707,1.555,27.494,206.69,351.2557,-1,2,4,92.5,,False,1027.999
10715,2.737,21.628,165.26,239.2379,-1,1,6,97.5,,False,599.999
10717,3.086,29.592,221.4,406.3049,-1,2,7,92.9,,False,161.999
10719,2.851,30.98,229.85,550.3161,-1,1,8,94.0,,False,177.999
10721,3.319,25.542,193.74,281.2271,-1,1,9,97.3,,False,383.999
10722,2.425,38.568,284.2,778.4787,-1,3,3,99.8,,False,669.999
10724,2.765,30.863,230.2,449.3302,-1,3,5,94.0,,False,458.999
10727,0.774,21.209,160.74,283.027,-1,1,6,75.9,,False,109.999
10733,2.417,23.11,202.93,59.0127,-1,1,10,88.1,,False,580.999
10736,1.293,25.069,201.86,116.9717,-1,1,5,45.6,,False,144.889
10740,1.306,12.84,102.04,130.9293,-1,1,9,93.1,,False,50.11122222222224
10741,0.423,25.906,192.49,508.9402,-1,1,14,84.6,,False,217.05841747641466
10748,1.228,30.263,225.67,453.2332,-1,2,9,91.0,,False,363.999
10755,3.866,34.086,252.57,585.4199,-1,1,4,96.5,,False,252.999
10758,2.096,38.192,281.24,815.4112,-1,3,9,100.0,,False,134.999
10761,2.159,31.397,233.08,537.3814,-1,2,10,93.7,,False,106.999
10771,1.944,25.372,190.55,359.2222,-1,2,8,72.7,,False,420.999
10775,2.744,24.754,186.33,337.2744,-1,2,4,64.9,,False,881.999
10790,2.181,30.363,225.86,495.3329,-1,2,6,80.5,,False,143.999
10791,0.48,54.675,450.73,94.9243,-1,1,14,99.1,,False,302.98389887169924
10815,0.848,26.264,196.14,426.158,-1,3,6,100.0,,False,410.999
10820,3.784,46.594,341.79,1086.8197,-1,2,6,93.7,,False,518.999
10824,3.209,29.347,218.43,483.328,-1,2,3,38.1,,False,2213.999
10827,3.215,29.802,221.92,475.343,-1,2,4,83.8,,False,681.999
10841,3.913,31.164,232.45,450.3656,-1,2,6,85.6,,False,130.999
10843,3.801,33.552,248.77,568.47,-1,2,3,55.1,,False,366.999
10848,0.492,26.001,194.39,410.9893,-1,2,6,92.4,,False,686.2223333333333
10855,4.058,28.071,209.76,420.3502,-1,1,8,82.5,,False,197.59712617737938
10861,1.379,29.785,221.27,519.3227,-1,1,6,82.6,,False,253.999
10865,3.529,34.691,256.33,668.3976,-1,3,9,90.0,,False,141.999
10872,2.856,41.813,307.3,928.5781,-1,3,5,100.0,,False,970.999
10874,1.762,23.746,176.96,452.8925,-1,1,11,59.4,,False,46.325870929431915
10881,4.479,29.543,219.45,520.2503,-1,2,6,78.5,,False,217.999
10882,2.235,26.358,197.87,364.2567,-1,1,7,89.4,,False,360.999
10883,1.505,24.813,186.65,343.2485,-1,1,5,85.7,,False,286.999
10884,4.351,40.547,298.48,835.6019,-1,3,8,94.6,,False,247.999
10891,1.658,26.59,198.6,424.1826,-1,1,4,98.1,,False,758.999
10895,3.539,25.172,191.18,273.2213,-1,1,6,65.8,,False,664.999
10898,1.421,31.913,236.54,574.3651,-1,1,6,94.6,,False,295.999
10900,2.085,26.212,196.02,407.2242,-1,3,4,79.5,,False,368.11122222222224
10902,1.995,29.611,220.3,490.3487,-1,1,5,56.5,,False,580.999
10911,1.085,24.53,183.99,371.1141,-1,1,8,98.5,,False,554.999
10912,4.781,26.945,201.85,387.3296,-1,2,3,100.0,,False,526.999
10916,2.838,26.098,195.91,364.2871,-1,1,9,96.5,,False,346.44455555555555
10917,3.422,26.237,196.94,365.2311,-1,2,9,97.9,,False,755.999
10918,1.186,24.786,186.24,353.2337,-1,2,6,90.6,,False,400.999
10928,0.449,29.494,220.19,435.2226,-1,2,8,100.0,,False,225.999
10937,2.677,26.507,198.32,402.2149,-1,2,8,98.8,,False,294.999
10938,3.385,33.555,249.31,523.3062,-1,2,9,97.9,,False,313.999
10941,4.473,30.377,225.8,508.2839,-1,2,7,100.0,,False,1106.999
10945,3.164,25.805,194.49,327.2539,-1,2,5,100.0,,False,782.999
10946,0.545,23.723,178.06,362.8989,-1,1,11,77.4,,False,239.999
10953,3.296,33.835,250.6,595.421,-1,1,6,96.5,,False,1189.999
10960,1.921,28.201,210.03,470.2314,-1,2,4,98.7,,False,173.999
10962,4.663,29.938,222.21,538.224,-1,2,7,65.1,,False,27.555666666666667
10966,3.694,36.008,265.77,707.4007,-1,5,5,100.0,,False,658.999
10988,0.399,20.26,153.49,283.9566,-1,1,3,99.3,,False,319.999
11002,3.237,35.84,264.7,685.5325,-1,2,4,47.4,,False,985.0001111111111
11009,0.932,26.112,195.86,373.2023,-1,2,4,77.3,,False,117.999
11012,2.508,27.776,208.32,375.2914,-1,2,5,92.1,,False,229.999
11018,4.279,28.04,209.72,407.357,-1,2,3,89.1,,False,1518.999
11020,2.773,30.502,226.38,541.2553,-1,2,8,82.4,,False,412.999
11021,4.361,27.807,207.83,417.3378,-1,2,6,82.4,,False,552.999
11022,2.789,40.552,298.52,834.5385,-1,2,10,98.0,,False,158.0001111111111
11023,0.599,33.726,278.49,92.9265,-1,1,12,88.1,,False,40.0726428167541
11028,1.477,23.693,178.72,318.1736,-1,2,5,99.6,,False,347.999
11032,2.569,32.135,238.96,502.298,-1,2,3,100.0,,False,835.999
11041,2.008,30.586,227.24,519.334,-1,2,7,98.7,,False,158.999
11043,0.683,11.053,92.42,80.9148,-1,1,12,96.6,,False,101.999
11047,1.466,25.973,208.83,118.9672,-1,1,14,99.3,,False,89.77788888888887
11050,2.92,34.735,257.01,624.3961,-1,3,5,100.0,,False,514.999
11053,3.257,35.033,258.94,658.5046,-1,1,6,42.9,,False,463.999
11056,2.663,40.37,296.85,897.4799,-1,3,8,100.0,,False,171.999
11064,0.665,23.318,175.45,339.0534,-1,2,6,100.0,,False,430.999
11067,0.845,34.491,284.13,94.9236,-1,1,14,97.2,,False,46.44455555555558
11068,3.8,33.933,251.04,627.4205,-1,2,4,99.1,,False,1367.999
11077,2.124,26.263,196.8,383.2824,-1,2,5,48.4,,False,516.999
11081,3.353,32.197,239.37,507.4427,-1,2,7,90.5,,False,386.2223333333333
11083,4.159,34.786,257.09,661.4662,-1,2,5,93.7,,False,1419.999
11089,1.645,32.461,240.48,587.383,-1,2,7,97.2,,False,535.999
11090,3.3,31.819,236.49,512.4074,-1,1,4,71.6,,False,757.3334444444445
11091,3.427,33.626,249.2,579.5022,-1,1,4,66.2,,False,2142.6200628173438
11096,2.226,23.645,178.27,322.1774,-1,3,6,86.8,,False,197.2106481188884
11104,3.332,26.898,201.54,385.3323,-1,2,7,68.7,,False,332.999
11107,0.346,28.451,211.13,540.1042,-1,3,5,100.0,,False,142.999
11112,0.548,27.059,223.31,92.9274,-1,1,9,78.8,,False,36.033709873026226
11126,0.673,24.104,181.55,331.192,-1,2,5,98.3,,False,895.999
11127,0.381,30.935,241.32,172.9902,-1,1,8,96.9,,False,341.999
11129,1.884,27.942,208.31,454.1962,-1,2,9,97.7,,False,376.999
11132,2.866,32.602,241.29,614.3379,-1,2,6,100.0,,False,890.999
11134,0.275,22.179,168.51,268.7995,-1,1,9,80.9,,False,373.7778888888889
11136,2.485,25.335,187.51,596.6509,-1,1,9,99.2,,False,153.999
11138,4.091,30.377,225.83,505.3898,-1,2,5,47.4,,False,490.999
11140,1.674,30.885,228.99,565.3031,-1,2,4,100.0,,False,91.999
11143,4.404,40.264,296.3,849.5833,-1,1,5,51.3,,False,1322.4371293281442
11144,2.786,29.618,220.11,512.2787,-1,2,7,97.9,,False,612.999
11145,2.523,24.066,183.28,257.2287,-1,1,5,97.1,,False,1095.999
11146,0.604,19.311,147.44,241.0178,-1,2,4,99.1,,False,221.999
11156,2.385,27.0,202.6,369.1287,-1,3,5,77.5,,False,61.164351626847974
11158,1.922,29.556,220.22,465.3232,-1,2,6,90.5,,False,253.999
11161,0.732,15.105,119.61,138.0188,-1,1,4,98.6,,False,623.999
11172,3.807,27.984,209.01,427.1081,-1,1,8,74.7,,False,220.999
11175,4.604,43.025,316.22,929.5904,-1,2,4,100.0,,False,811.999
11177,4.03,33.929,251.11,615.4656,-1,3,5,67.6,,False,717.1112222222222
11179,0.529,23.787,178.55,362.8973,-1,1,10,97.1,,False,293.999
11181,0.436,23.681,177.35,386.9433,-1,1,11,79.8,,False,100.22233333333332
11185,2.931,46.233,338.98,1131.6914,-1,3,10,93.3,,False,394.999
11187,0.385,23.507,176.31,370.098,-1,2,5,99.0,,False,458.999
11201,1.395,32.334,238.97,657.3352,-1,2,4,100.0,,False,220.999
11205,3.013,38.366,282.92,746.5397,-1,1,5,92.3,,False,518.999
11210,3.012,19.605,150.84,210.0707,-1,1,9,99.3,,False,26.777888888888924
11212,1.428,28.299,210.78,469.2821,-1,2,5,92.8,,False,1481.999
11227,1.824,19.403,147.45,264.9234,-1,1,9,70.6,,False,30.88900000000001
11230,3.519,36.933,272.8,684.6104,-1,2,6,47.2,,False,247.999
11232,4.23,34.584,255.74,642.4894,-1,3,8,83.4,,False,22.55566666666664
11234,2.795,34.502,255.22,632.3613,-1,2,7,81.3,,False,256.999
11240,0.496,28.357,211.3,462.2693,-1,2,9,97.8,,False,65.999
11243,3.382,20.131,153.89,236.1063,-1,1,4,44.0,,False,800.999
11246,0.646,53.92,445.59,92.9282,-1,1,12,86.6,,False,582.3388758590295
11253,1.374,28.173,210.44,425.2022,-1,2,3,98.4,,False,748.999
11262,3.228,33.69,248.95,661.3916,-1,4,3,100.0,,False,360.999
11268,3.42,26.398,200.12,285.2495,-1,1,5,69.9,,False,527.999
11272,0.402,15.032,122.12,105.0322,-1,1,7,99.6,,False,668.999
11274,3.895,35.572,262.78,679.4766,-1,3,11,82.2,,False,67.22233333333332
11278,3.983,33.421,247.58,590.4545,-1,1,7,98.0,,False,883.3878561591522
11279,3.229,34.354,253.82,666.0653,-1,3,3,100.0,,False,1683.5556666666666
11283,3.277,38.042,280.61,735.5238,-1,4,4,81.2,,False,415.999
11288,0.5,15.453,123.72,121.9976,-1,1,5,78.6,,False,99.999
11289,2.721,30.294,224.85,539.2419,-1,2,9,97.8,,False,413.2223333333333
11295,4.681,27.702,207.0,419.3566,-1,2,3,61.3,,False,954.999
11297,2.17,21.737,165.24,265.2852,-1,2,3,81.6,,False,169.0001111111111
11299,1.367,24.862,186.66,361.203,-1,2,5,96.7,,False,199.999
11307,4.272,37.031,273.45,694.5859,-1,3,3,98.0,,False,390.999
11316,3.4,39.352,292.68,508.3422,-1,1,5,94.5,,False,633.999
11322,3.988,38.826,286.36,742.5478,-1,4,8,88.8,,False,43.08497415588158
11325,0.651,23.21,175.28,309.208,-1,2,6,76.7,,False,633.999
11330,0.541,18.757,146.45,167.106,-1,1,6,99.2,,False,686.999
11335,2.901,35.451,261.59,718.3601,-1,3,5,97.9,,False,110.999
11346,2.461,31.252,232.36,506.3581,-1,1,6,73.5,,False,214.999
11348,4.378,30.614,227.38,524.279,-1,2,5,99.2,,False,754.999
11352,4.695,25.973,195.02,361.3142,-1,2,3,100.0,,False,727.999
11356,1.588,23.419,177.05,301.2376,-1,2,7,99.0,,False,535.999
11362,1.421,23.14,174.98,299.1456,-1,2,5,83.6,,False,240.66677777777784
11364,4.046,35.297,260.59,699.3793,-1,3,4,60.0,,False,1561.999
11365,1.82,27.032,202.04,416.2482,-1,2,8,96.0,,False,295.999
11366,2.748,42.044,313.27,476.2803,-1,2,4,70.7,,False,500.999
11377,0.276,19.53,148.37,266.8019,-1,1,8,99.4,,False,293.999
11380,4.433,31.97,237.64,509.4597,-1,2,4,43.7,,False,1518.2053773419784
11384,0.834,26.166,196.26,373.2065,-1,2,6,98.8,,False,900.999
11399,4.019,22.199,168.89,261.2238,-1,2,3,100.0,,False,246.999
11400,2.017,30.591,227.18,527.3365,-1,2,5,57.2,,False,185.999
11404,1.368,26.279,196.89,385.204,-1,2,4,98.3,,False,117.999
11409,2.272,32.117,237.95,585.3652,-1,2,4,93.7,,False,72.999
11410,0.822,18.912,145.37,213.0539,-1,1,4,95.4,,False,925.999
11419,1.228,22.475,177.92,141.0148,-1,1,4,45.4,,False,670.999
11424,2.507,31.869,236.68,528.1821,-1,3,4,100.0,,False,1003.999
11431,1.923,24.008,180.7,337.1693,-1,2,4,96.2,,False,1068.6667777777777
11436,3.228,24.692,185.88,336.1471,-1,1,7,46.1,,False,283.55566666666664
11458,3.172,32.024,238.31,490.3634,-1,1,5,82.4,,False,734.999
11463,4.028,27.394,204.47,435.1005,-1,3,7,98.9,,False,411.999
11465,3.676,21.726,165.8,245.1912,-1,2,4,81.1,,False,1883.999
11467,0.158,21.542,160.89,416.8429,-1,1,10,97.4,,False,112.44455555555555
11481,3.796,32.199,238.55,586.3537,-1,2,11,66.9,,False,207.0001111111111
11487,3.396,31.757,235.34,578.3489,-1,1,12,95.2,,False,270.8963967299594
11504,1.898,30.92,229.42,546.353,-1,2,3,96.3,,False,360.999
11505,3.232,34.622,255.82,668.3977,-1,3,7,100.0,,False,214.999
11514,2.364,31.881,236.57,547.3643,-1,2,7,56.1,,False,255.999
11516,1.427,31.066,230.51,547.3504,-1,2,6,96.1,,False,908.999
11519,3.83,13.064,99.23,257.9389,-1,1,3,48.2,,False,1165.999
11520,2.433,23.325,177.83,251.2369,-1,1,6,97.8,,False,153.999
11521,0.438,14.661,117.25,123.0069,-1,1,4,93.9,,False,156.999
11522,0.426,32.236,248.05,215.0312,-1,1,9,83.7,,False,195.999
11530,2.322,37.202,273.49,901.1963,-1,3,6,100.0,,False,67.33344444444444
11537,3.051,23.858,177.8,452.923,-1,1,7,90.9,,False,320.999
11538,3.931,33.476,247.54,642.4189,-1,2,7,98.5,,False,843.999
11543,3.239,20.946,159.39,259.1314,-1,1,5,98.6,,False,968.999
11544,1.162,23.868,179.8,329.1754,-1,2,6,82.4,,False,306.999
11557,1.287,21.107,162.48,209.1175,-1,1,6,98.9,,False,590.999
11575,0.446,18.297,139.99,230.9959,-1,1,5,80.2,,False,1457.999
11578,0.39,18.083,141.69,159.1011,-1,1,7,99.6,,False,422.999
11581,0.719,23.368,176.59,304.1587,-1,1,4,99.4,,False,364.999
11583,2.691,31.187,230.91,600.2055,-1,3,4,100.0,,False,567.999
11586,1.466,25.237,189.53,359.2799,-1,1,7,83.1,,False,335.999
11587,3.473,34.039,252.17,591.3809,-1,1,4,91.5,,False,216.999
11590,3.368,33.356,246.74,630.3882,-1,3,4,71.8,,False,70.55566666666667
11598,3.256,31.458,233.56,534.3928,-1,1,6,70.6,,False,313.8916741682765
11599,4.107,39.852,293.36,831.6024,-1,2,3,69.0,,False,580.999
11601,0.263,26.429,206.59,167.0206,-1,1,3,79.7,,False,1206.999
11624,2.045,28.135,209.81,450.2338,-1,1,5,83.2,,False,137.999
11644,1.72,28.935,215.55,467.3036,-1,4,4,100.0,,False,229.999
11647,2.913,44.259,324.89,1021.6348,-1,3,8,88.2,,False,464.999
11648,3.46,33.147,245.53,592.4002,-1,1,5,87.8,,False,226.999
11650,3.905,45.004,330.61,969.8061,-1,3,8,100.0,,False,470.999
11652,0.68,25.391,188.22,556.8634,-1,1,16,88.3,,False,136.06408113956206
11653,4.625,30.25,224.4,550.2622,-1,1,5,89.1,,False,203.999
11659,3.957,45.798,336.25,1009.8429,-1,3,7,99.8,,False,975.999
11682,0.832,26.517,210.02,141.0144,-1,1,6,53.7,,False,571.999
11697,0.277,31.161,228.75,970.3007,-1,1,10,97.7,,False,300.999
11699,2.47,26.929,202.66,341.2079,-1,2,7,99.1,,False,161.999
11704,2.03,32.685,243.01,507.2807,-1,3,6,97.4,,False,521.999
11712,3.24,26.025,195.19,373.2779,-1,2,6,97.5,,False,128.7902965178386
11713,1.421,23.861,179.84,325.2378,-1,2,5,41.2,,False,436.999
11719,0.335,24.75,186.76,316.8897,-1,1,9,98.5,,False,144.999
11724,1.436,30.485,226.18,546.3146,-1,1,3,95.9,,False,567.999
11726,0.588,27.263,209.7,215.0311,-1,1,9,98.7,,False,307.999
11728,0.312,28.789,224.72,171.0262,-1,1,5,87.3,,False,165.0001111111111
11729,0.375,29.443,218.84,508.292,-1,2,5,100.0,,False,1492.999
11742,3.741,26.457,198.5,369.3404,-1,2,4,82.4,,False,1308.965741310527
11744,0.541,16.485,125.63,246.951,-1,1,3,96.6,,False,2369.999
11746,2.79,26.863,198.29,680.9624,-1,2,3,71.3,,False,1153.999
11759,4.094,31.989,237.53,531.4466,-1,2,3,82.4,,False,2609.999
11771,3.645,36.417,276.49,280.2355,-1,2,4,89.5,,False,273.999
11773,3.724,33.41,247.13,632.3978,-1,3,8,97.5,,False,109.7778888888889
11786,3.01,33.722,249.58,614.4603,-1,3,4,52.5,,False,1060.1112222222223
11788,0.429,13.515,106.4,146.906,-1,1,6,99.5,,False,526.999
11800,1.051,17.951,157.49,59.0133,-1,1,4,43.0,,False,709.999
11801,2.696,12.125,96.8,123.8996,-1,1,4,44.3,,False,764.999
11804,3.312,22.295,168.81,290.1415,-1,2,5,96.9,,False,1190.999
11806,1.128,26.615,198.96,413.2022,-1,2,6,98.2,,False,774.999
11811,1.731,28.265,210.65,459.2995,-1,2,5,68.4,,False,703.999
11812,2.048,32.255,239.07,575.3632,-1,2,6,91.9,,False,476.999
11813,2.061,24.765,183.9,518.7399,-1,3,5,100.0,,False,117.999
11815,3.081,34.22,252.97,650.4112,-1,2,5,100.0,,False,189.0001111111111
11819,3.621,22.599,173.02,231.2105,-1,1,9,99.2,,False,157.999
11822,3.045,26.462,197.34,447.1701,-1,2,7,99.9,,False,298.999
11843,3.381,26.922,199.26,599.0105,-1,1,7,97.4,,False,169.999
11851,2.597,26.804,200.65,396.2578,-1,1,8,98.4,,False,245.999
11857,2.449,30.283,225.49,475.2653,-1,2,5,100.0,,False,175.98936666572467
11859,0.442,27.928,207.13,551.0345,-1,1,9,96.9,,False,452.999
11860,0.33,24.742,186.75,314.8918,-1,1,9,97.7,,False,182.999
11861,1.732,29.913,222.49,495.3342,-1,2,4,75.4,,False,348.999
11864,2.595,30.726,228.01,544.3075,-1,2,7,82.4,,False,306.999
11877,1.771,24.741,185.95,351.2531,-1,2,5,82.4,,False,401.999
11879,3.058,25.639,192.67,353.2716,-1,2,3,57.7,,False,828.999
11902,2.935,29.913,222.26,516.3126,-1,2,5,71.3,,False,584.999
11908,0.34,30.624,226.56,622.1077,-1,2,5,100.0,,False,183.999
11925,3.502,25.398,191.08,342.3099,-1,1,9,92.6,,False,281.3276919111322
11926,2.305,39.344,291.58,589.0182,-1,1,6,72.2,,False,101.54021333175467
11927,2.358,27.85,207.75,445.2258,-1,2,8,94.1,,False,278.999
11935,0.628,15.641,123.78,139.0049,-1,1,6,97.0,,False,224.999
11937,0.432,24.976,185.97,468.9465,-1,1,11,94.4,,False,277.999
11951,3.074,24.334,184.03,299.2041,-1,2,5,100.0,,False,1962.3707803199804
11954,0.277,27.512,202.81,734.4706,-1,1,13,92.2,,False,127.999
11955,3.413,31.666,235.9,470.3965,-1,2,5,68.1,,False,120.999
11959,3.186,34.928,257.93,688.3896,-1,3,5,67.2,,False,179.999
11967,4.234,40.637,299.41,790.5459,-1,2,11,86.6,,False,410.8421707908513
11969,0.225,24.821,204.3,94.9232,-1,1,8,92.5,,False,658.0301122000988
11980,3.494,31.354,233.58,469.3314,-1,2,5,67.3,,False,399.999
11992,0.504,20.89,158.16,289.0371,-1,1,6,96.6,,False,310.999
11996,2.781,41.585,305.87,882.5377,-1,3,7,97.8,,False,418.999
11997,1.035,13.47,105.31,160.84,-1,1,4,79.6,,False,484.999
12005,4.063,23.179,175.73,282.4549,-1,1,3,66.5,,False,142.999
12007,1.664,35.558,286.59,116.9695,-1,1,10,98.9,,False,383.999
12021,2.37,31.509,234.5,487.3465,-1,2,7,99.5,,False,361.999
12023,2.118,31.637,234.49,574.2829,-1,2,7,97.6,,False,165.999
12024,2.8,30.693,227.87,534.285,-1,1,5,97.3,,False,462.999
12030,1.864,31.625,235.26,495.2815,-1,2,6,99.4,,False,404.999
12035,2.881,24.08,183.68,249.1859,-1,2,4,96.7,,False,325.999
12037,0.25,16.065,135.95,75.0068,-1,1,8,99.4,,False,395.999
12040,0.515,21.471,162.02,313.0018,-1,1,5,97.3,,False,418.999
12041,0.369,19.044,151.82,129.0553,-1,1,3,97.9,,False,1176.999
12054,3.016,24.73,186.08,340.2316,-1,2,4,99.1,,False,512.999
12057,1.613,25.613,192.13,371.2826,-1,2,3,44.8,,False,823.999
12060,4.205,33.322,246.93,580.5057,-1,1,4,41.5,,False,1046.083435775312
12065,2.982,28.194,210.1,461.3631,-1,2,6,98.2,,False,466.999
12071,2.223,23.183,175.88,278.2486,-1,1,8,98.9,,False,214.999
12073,1.016,22.996,185.12,116.9725,-1,1,4,44.0,,False,401.1112222222223
12074,0.433,29.021,215.49,528.2651,-1,2,6,98.1,,False,399.999
12080,0.552,16.631,129.47,172.9893,-1,1,6,75.7,,False,28.333444444444524
12082,1.347,24.046,181.26,324.2265,-1,1,8,97.3,,False,243.999
12083,3.526,39.781,292.89,821.5792,-1,3,3,52.5,,False,856.999
12086,3.16,29.985,222.91,504.3471,-1,1,6,77.7,,False,78.55566666666667
12092,0.828,20.836,158.49,261.0233,-1,2,4,100.0,,False,129.999
12096,3.179,24.233,181.58,381.1977,-1,2,3,100.0,,False,444.999
12103,3.804,24.303,184.95,261.2574,-1,1,8,99.5,,False,340.999
12106,1.184,18.199,140.3,202.0261,-1,1,10,99.6,,False,357.999
12109,0.821,22.22,182.4,96.9199,-1,1,8,52.3,,False,429.999
12113,0.713,16.122,125.76,168.022,-1,1,4,84.0,,False,446.999
12129,2.615,30.952,229.88,526.385,-1,1,5,62.4,,False,364.999
12138,0.823,18.8,154.98,92.9262,-1,1,9,77.1,,False,509.2464667263985
12143,3.6,46.091,338.21,1058.7842,-1,7,8,89.2,,False,414.999
12149,2.968,31.259,231.8,560.3029,-1,2,4,100.0,,False,748.999
12151,2.268,27.41,204.53,439.1672,-1,3,5,100.0,,False,616.999
12153,0.379,30.605,225.78,714.9596,-1,2,8,88.7,,False,412.999
12166,2.841,27.945,208.29,456.2786,-1,1,5,89.4,,False,424.2223333333333
12172,0.681,13.977,109.55,155.8636,-1,1,8,88.9,,False,91.999
12173,3.32,43.758,321.65,927.7575,-1,4,5,100.0,,False,731.999
12190,2.24,27.646,206.73,410.3006,-1,1,5,92.1,,False,1108.999
12198,1.745,22.186,168.67,265.1779,-1,1,8,98.1,,False,61.999
12200,4.169,31.95,236.55,603.3258,-1,2,7,97.6,,False,146.999
12203,3.986,28.174,213.75,281.2469,-1,1,4,89.0,,False,1030.4445555555556
12209,1.618,27.699,205.05,597.0075,-1,2,3,100.0,,False,473.999
12217,0.521,20.948,158.95,275.0227,-1,1,5,98.4,,False,851.999
12218,2.609,29.232,217.75,469.2342,-1,2,8,100.0,,False,163.88899999999998
12222,4.29,28.474,212.53,436.3496,-1,1,5,54.4,,False,287.8844843919726
12223,3.031,34.553,255.48,646.4413,-1,3,5,98.4,,False,136.999
12230,2.813,43.084,316.66,931.6285,-1,2,6,76.1,,False,535.999
12232,2.122,28.385,211.57,457.2485,-1,1,3,96.3,,False,1067.999
12237,3.151,33.063,245.22,560.405,-1,1,5,68.0,,False,430.999
12245,2.776,33.096,246.76,457.24,-1,2,4,97.8,,False,1159.999
12249,1.163,13.419,104.92,160.842,-1,1,3,54.9,,False,749.999
12250,3.648,25.694,192.74,371.226,-1,2,5,100.0,,False,735.0001111111111
12252,0.579,22.457,170.28,280.8947,-1,1,10,61.4,,False,140.999
12256,1.749,19.059,148.57,171.1392,-1,1,5,74.0,,False,2196.2360714692145
12259,2.391,31.959,237.17,546.2979,-1,2,8,98.9,,False,362.999
12261,1.731,18.39,140.76,228.964,-1,1,11,98.0,,False,281.999
12272,1.632,25.186,189.18,357.2658,-1,2,4,57.4,,False,626.999
12276,0.506,23.618,178.43,306.9346,-1,1,13,99.5,,False,142.999
12279,0.466,35.126,272.65,187.0095,-1,1,4,72.7,,False,1152.999
12282,4.028,25.403,190.57,370.1816,-1,1,9,98.7,,False,290.2223333333333
12290,2.21,25.462,191.07,367.2876,-1,2,4,83.5,,False,627.889
12291,3.88,44.43,326.36,967.7931,-1,3,7,99.5,,False,899.0315936728448
12293,0.394,21.78,165.23,277.0756,-1,1,3,82.5,,False,1119.999
12297,3.691,35.262,260.49,679.4174,-1,1,6,69.3,,False,130.999
12299,4.586,33.786,250.33,587.47,-1,4,4,63.4,,False,384.999
12300,1.364,21.72,162.51,394.8495,-1,1,8,95.8,,False,347.999
12301,1.983,12.028,96.04,123.9021,-1,1,4,76.0,,False,233.22233333333338
12306,1.531,22.026,167.51,263.1999,-1,1,6,98.0,,False,237.999
12311,1.442,20.333,154.37,271.0061,-1,2,3,84.6,,False,1064.999
12312,4.162,27.901,208.42,425.1121,-1,3,6,82.9,,False,609.999
12315,0.25,22.333,167.31,381.0119,-1,2,4,99.2,,False,259.999
12317,2.127,25.532,192.95,306.2039,-1,2,8,99.0,,False,122.999
12324,0.519,22.32,168.54,309.0445,-1,3,3,100.0,,False,1281.999
12329,0.574,28.902,232.44,118.9678,-1,1,14,98.8,,False,159.1111296292192
12332,0.405,17.62,147.21,82.9601,-1,1,5,97.6,,False,828.999
12339,0.401,15.201,120.6,135.0086,-1,1,4,85.2,,False,877.5556666666666
12342,0.37,24.021,191.65,129.0555,-1,1,4,88.4,,False,1021.999
12347,0.853,23.804,179.83,307.1541,-1,1,9,99.2,,False,396.999
12350,4.569,27.106,203.14,383.3528,-1,1,6,40.9,,False,242.22233333333332
12352,1.418,20.941,160.21,233.1525,-1,1,10,97.7,,False,79.999
12353,1.411,25.274,189.7,365.2313,-1,1,9,99.2,,False,222.999
12365,3.189,25.202,189.46,349.2751,-1,2,6,53.9,,False,274.999
12376,0.862,21.732,164.22,303.0525,-1,1,6,99.2,,False,308.55566666666664
12382,1.481,25.275,189.48,377.2031,-1,1,4,78.2,,False,1282.0994760409112
12384,1.285,21.676,162.18,394.8517,-1,1,8,74.8,,False,281.999
12390,3.858,38.076,280.45,798.5482,-1,1,4,43.6,,False,1654.8565964620664
12394,1.017,24.141,181.86,329.2344,-1,2,3,68.8,,False,1043.999
12397,2.635,29.281,217.68,503.2447,-1,1,3,97.6,,False,987.999
12407,2.08,27.37,204.59,414.3259,-1,1,7,99.3,,False,450.999
12429,1.385,28.107,209.29,473.1624,-1,2,7,99.1,,False,245.999
12439,2.635,29.295,217.71,511.2073,-1,2,7,77.7,,False,589.999
12444,1.727,25.649,192.43,369.2682,-1,2,3,93.7,,False,818.999
12455,1.573,22.218,178.84,116.9708,-1,1,5,43.9,,False,530.999
12460,0.506,34.2,265.44,187.0051,-1,1,4,76.0,,False,513.999
12462,2.603,28.772,212.31,696.9706,-1,2,4,99.6,,False,463.08401644553254
12464,3.615,32.55,247.07,280.2361,-1,2,3,99.9,,False,1490.999
12470,0.534,20.573,155.8,287.0227,-1,1,6,98.6,,False,494.999
12474,0.715,54.45,439.12,116.9745,-1,1,12,95.6,,False,139.84203730333797
12477,2.888,30.628,227.32,540.3135,-1,2,5,84.5,,False,527.999
12489,0.835,25.563,210.93,92.9278,-1,1,7,90.1,,False,560.5156920483954
12491,2.413,21.905,168.19,218.987,-1,1,8,95.9,,False,339.03688125461076
12493,1.903,28.973,214.89,553.2301,-1,2,7,97.0,,False,265.999
12497,3.34,30.946,229.76,533.2864,-1,3,6,84.0,,False,384.999
12500,3.712,40.733,299.78,849.5834,-1,2,6,47.9,,False,454.999
12510,0.473,21.818,165.68,271.1929,-1,2,3,100.0,,False,705.999
12511,0.376,18.513,142.74,202.0486,-1,1,6,99.4,,False,599.999
12513,2.863,29.67,225.21,279.2325,-1,1,9,98.0,,False,271.999
12517,4.619,35.478,311.89,59.0125,-1,1,5,96.9,,False,400.999
12518,2.688,21.691,165.75,239.2376,-1,1,8,99.6,,False,303.999
12538,2.443,24.154,212.13,59.0125,-1,1,7,96.6,,False,129.999
12540,2.679,26.97,202.83,347.2949,-1,2,5,66.1,,False,584.999
12543,4.132,26.622,199.55,379.3607,-1,2,3,60.0,,False,921.4445555555556
12545,0.456,24.646,186.11,311.1419,-1,2,5,94.3,,False,621.999
12547,3.203,32.211,239.1,540.3699,-1,2,4,47.0,,False,290.999
12551,4.15,40.607,298.56,905.5278,-1,5,5,99.2,,False,478.999
12552,2.297,28.594,213.5,432.3199,-1,1,5,95.3,,False,192.999
12558,4.222,26.205,196.66,367.361,-1,2,3,76.1,,False,661.999
12560,2.518,28.18,211.49,369.1927,-1,1,8,96.0,,False,294.999
12561,1.362,26.016,194.26,427.1369,-1,3,3,100.0,,False,936.999
12564,3.954,26.07,196.06,346.2374,-1,1,6,96.8,,False,474.999
12570,4.421,23.105,175.67,265.2543,-1,1,5,91.3,,False,714.6667777777777
12571,2.627,27.937,208.31,451.2685,-1,1,6,96.8,,False,173.7778888888889
12579,3.161,37.514,277.46,643.3864,-1,2,7,100.0,,False,106.999
12582,3.282,27.751,207.63,403.3216,-1,2,4,55.7,,False,253.999
12585,0.47,29.392,217.07,672.9456,-1,1,9,98.2,,False,393.999
12589,4.29,35.414,261.91,640.5413,-1,2,7,99.3,,False,634.2273088948454
12591,0.419,21.347,162.58,255.1154,-1,1,3,96.4,,False,734.999
12595,2.4,31.316,232.28,555.353,-1,2,4,78.0,,False,774.999
12598,2.608,19.884,152.7,217.0713,-1,2,7,86.2,,False,189.77788888888887
12599,0.361,13.05,107.52,92.0247,-1,1,5,96.7,,False,1249.999
12604,2.238,26.021,192.43,621.9307,-1,3,4,100.0,,False,161.999
12607,2.394,21.909,165.17,320.9887,-1,1,4,96.5,,False,376.7610954256378
12612,0.335,21.321,162.23,260.0554,-1,1,8,91.4,,False,265.999
12617,1.895,22.614,170.76,309.1371,-1,1,4,53.0,,False,839.999
12618,2.729,23.958,180.32,337.1708,-1,2,4,96.7,,False,947.999
12621,2.042,27.484,205.15,434.187,-1,1,3,98.5,,False,597.999
12630,3.234,30.22,225.01,478.3604,-1,1,5,82.5,,False,413.999
12637,4.507,45.478,333.79,1034.7662,-1,3,10,93.7,,False,6.770625168498697
12638,1.098,17.415,133.48,222.8997,-1,1,3,98.5,,False,569.999
12650,1.384,28.015,208.81,457.2818,-1,1,3,60.1,,False,1177.999
12658,3.268,21.718,165.04,267.0807,-1,1,4,98.1,,False,377.999
12661,2.336,27.935,208.44,441.2859,-1,2,5,77.6,,False,570.999
12667,0.279,31.132,228.54,968.3045,-1,1,10,89.9,,False,272.999
12669,0.552,27.195,201.69,550.9524,-1,1,7,94.4,,False,319.999
12670,2.537,29.718,221.89,433.2384,-1,1,7,98.8,,False,247.999
12672,1.424,25.474,191.16,367.2475,-1,1,7,51.8,,False,430.999
12673,0.977,26.602,198.69,425.2216,-1,2,7,98.3,,False,335.999
12677,3.754,38.505,283.53,817.3352,-1,4,8,98.2,,False,97.999
12683,0.88,19.791,150.0,280.6239,-1,1,5,98.9,,False,994.999
12689,1.679,23.989,180.99,317.2122,-1,2,4,100.0,,False,326.999
12694,0.246,18.932,142.48,330.8409,-1,1,6,62.0,,False,296.999
12695,0.569,33.886,260.91,213.0215,-1,1,4,98.8,,False,308.999
12709,2.931,32.432,241.46,481.3032,-1,3,5,82.5,,False,926.999
12724,4.693,32.527,241.02,580.3462,-1,2,4,100.0,,False,866.4445555555556
12751,3.828,29.729,222.13,423.3463,-1,1,4,97.4,,False,460.999
12753,0.582,24.151,181.56,348.1467,-1,3,5,100.0,,False,403.999
12756,0.256,16.698,130.38,166.0168,-1,1,5,99.3,,False,603.999
12775,3.712,12.521,97.85,160.9099,-1,1,6,83.7,,False,33.24517341264959
12777,1.345,28.524,211.7,537.2038,-1,2,5,100.0,,False,453.999
12782,3.193,35.21,260.34,648.3907,-1,2,8,95.1,,False,77.999
12786,3.095,30.744,228.16,543.2725,-1,2,6,99.6,,False,556.999
12788,0.443,14.774,119.23,112.0497,-1,1,9,93.9,,False,48.11122222222222
12791,4.038,34.167,252.85,617.4818,-1,3,3,77.8,,False,1097.999
12792,1.726,20.79,159.6,219.137,-1,1,7,83.2,,False,286.999
12805,3.662,32.137,238.33,561.314,-1,5,5,93.4,,False,133.999
12808,1.665,22.682,171.28,309.1368,-1,1,4,80.7,,False,685.999
12814,2.991,32.336,239.84,558.3877,-1,1,6,50.7,,False,581.999
12815,4.38,30.105,223.41,542.2561,-1,1,4,81.0,,False,530.999
12816,1.542,29.304,217.31,556.2527,-1,3,3,98.9,,False,128.999
12818,2.747,43.114,320.84,500.2794,-1,2,6,81.7,,False,504.999
12819,1.076,23.034,174.18,299.1662,-1,2,3,62.3,,False,1328.999
12823,3.977,26.892,201.39,391.1512,-1,3,3,92.9,,False,1219.999
12838,1.863,30.812,228.56,553.3218,-1,2,7,82.8,,False,91.999
12839,0.846,19.58,150.95,203.0697,-1,1,5,99.8,,False,439.999
12851,4.03,38.213,281.66,769.6278,-1,3,3,52.5,,False,584.999
12855,0.322,22.205,167.5,316.8886,-1,1,7,96.7,,False,172.999
12856,3.566,33.664,249.33,596.4009,-1,2,5,75.5,,False,129.999
12857,1.308,24.262,182.74,331.2503,-1,2,5,98.5,,False,231.999
12869,2.568,30.576,226.78,554.3279,-1,1,4,94.0,,False,460.999
12870,0.538,18.457,141.15,233.0127,-1,1,3,72.3,,False,322.999
12876,0.367,27.537,204.82,492.0863,-1,1,8,98.2,,False,445.999
12882,1.561,18.391,143.47,169.1244,-1,1,3,96.9,,False,1025.999
12886,0.611,23.409,176.34,328.9001,-1,1,11,83.6,,False,276.999
12889,1.925,32.809,242.49,653.3965,-1,1,3,72.0,,False,1783.999
12893,1.44,31.304,232.16,559.3507,-1,2,6,92.1,,False,634.999
12900,0.397,27.441,213.99,172.991,-1,1,3,99.0,,False,1580.999
12910,1.867,26.556,198.66,404.2478,-1,2,8,88.8,,False,204.999
12923,1.407,21.085,157.66,400.8675,-1,2,6,52.0,,False,170.66677777777784
12926,2.696,31.576,234.83,500.28,-1,1,5,66.5,,False,369.999
12934,3.222,26.451,200.66,281.2263,-1,1,6,96.5,,False,202.999
12943,0.28,23.923,177.17,576.568,-1,1,10,98.4,,False,311.999
12946,2.775,32.814,244.0,504.4573,-1,1,6,87.3,,False,194.999
12947,4.179,35.629,263.28,664.5393,-1,3,4,62.3,,False,1323.999
12950,2.04,26.089,195.53,381.2656,-1,1,4,63.6,,False,698.999
12951,0.416,25.009,197.36,146.9825,-1,1,4,71.6,,False,1145.999
12956,0.987,22.711,172.07,286.2084,-1,1,9,97.9,,False,203.999
12959,1.128,30.189,224.06,541.2669,-1,2,7,83.4,,False,72.999
12960,2.255,30.546,226.84,527.3613,-1,2,5,48.2,,False,620.999
12961,3.168,37.142,273.62,787.3468,-1,5,3,100.0,,False,330.999
12962,3.333,32.388,240.44,537.9916,-1,1,6,44.6,,False,316.999
12964,0.746,22.609,175.17,189.0396,-1,1,10,60.0,,False,413.999
12971,0.619,27.802,205.55,632.8726,-1,1,9,91.1,,False,229.999
12975,0.584,29.095,223.93,213.0231,-1,1,5,97.1,,False,913.999
12980,0.251,18.116,141.09,173.0079,-1,1,7,93.4,,False,466.999
12984,3.346,31.42,233.32,529.4154,-1,3,3,83.1,,False,784.999
12987,2.006,21.944,166.76,267.197,-1,2,3,82.4,,False,216.999
12990,1.806,26.534,198.45,406.2658,-1,1,3,95.0,,False,298.999
12994,0.705,21.926,164.7,352.9465,-1,1,5,43.4,,False,67.66217466141768
13006,2.465,29.056,216.59,457.2945,-1,1,7,82.3,,False,158.999
13015,3.25,37.85,278.93,778.5044,-1,2,3,40.2,,False,170.999
13016,0.366,20.334,168.51,89.024,-1,1,4,99.7,,False,1064.999
13023,2.966,26.777,200.69,381.2516,-1,2,3,98.9,,False,793.0001111111111
13024,3.028,39.617,295.13,478.2974,-1,1,4,82.5,,False,753.999
13025,4.46,35.277,261.11,615.5372,-1,3,5,98.9,,False,972.999
13036,0.128,24.734,186.14,338.9975,-1,1,11,95.5,,False,249.999
13038,2.66,41.402,304.29,933.4585,-1,4,7,82.4,,False,121.999
13042,3.328,21.77,166.0,249.1871,-1,2,7,87.9,,False,665.090960966854
13044,3.32,36.743,270.87,755.4456,-1,3,3,99.8,,False,684.999
13048,2.036,26.41,197.68,396.2815,-1,1,3,94.7,,False,677.999
13052,0.745,21.717,167.49,203.0545,-1,1,9,93.0,,False,230.999
13053,2.892,25.279,191.21,299.2586,-1,1,8,79.6,,False,216.999
13061,3.46,35.781,264.56,646.4588,-1,3,3,76.4,,False,253.999
13062,3.055,26.446,197.97,395.3183,-1,2,4,76.5,,False,1064.219136399854
13065,3.538,27.355,204.88,390.3465,-1,1,5,96.8,,False,686.999
13068,1.76,28.808,214.24,497.2073,-1,3,8,90.8,,False,177.999
13077,0.461,17.201,131.86,221.9071,-1,1,7,93.5,,False,342.999
13078,0.751,25.426,190.38,391.178,-1,2,4,100.0,,False,77.999
13089,0.427,19.828,151.82,229.0877,-1,2,4,100.0,,False,1031.999
13096,2.691,35.73,263.96,677.4791,-1,2,6,73.2,,False,240.999
13099,3.782,38.588,284.6,742.5535,-1,2,4,58.4,,False,635.999
13107,3.81,23.674,179.36,287.2376,-1,1,7,99.5,,False,300.999
13109,2.018,30.359,237.41,167.0197,-1,1,3,83.9,,False,238.999
13110,3.061,23.924,180.79,305.1746,-1,1,9,94.6,,False,243.999
13113,3.858,28.775,214.99,423.4805,-1,2,6,47.8,,False,134.999
13115,3.237,39.27,289.35,784.5938,-1,4,5,100.0,,False,583.999
13119,3.686,32.038,238.15,510.39,-1,1,4,66.8,,False,207.999
13122,2.724,24.443,184.31,322.2463,-1,1,4,87.1,,False,955.999
13126,2.114,27.966,208.96,421.2963,-1,2,6,74.3,,False,378.999
13128,1.642,28.13,210.13,425.2917,-1,1,6,71.6,,False,283.999
13142,0.661,21.28,174.66,96.9199,-1,1,7,62.9,,False,351.999
13148,1.017,27.647,207.04,392.2899,-1,1,4,95.7,,False,1191.999
13149,0.629,21.444,166.23,187.0101,-1,1,4,42.3,,False,79.999
13167,1.445,22.532,169.44,343.0495,-1,1,3,97.6,,False,451.999
13169,2.503,24.312,183.41,318.2154,-1,1,7,72.8,,False,206.999
13173,2.552,25.279,190.38,333.2788,-1,3,6,97.2,,False,553.999
13177,4.219,35.587,262.72,697.5046,-1,1,4,41.5,,False,672.0001111111111
13180,0.277,25.343,187.41,620.548,-1,1,10,81.9,,False,218.999
13183,2.179,29.38,218.38,507.2774,-1,2,5,100.0,,False,229.999
13188,1.706,33.395,246.87,651.3772,-1,3,8,97.1,,False,463.999
13190,2.448,32.047,237.39,589.3346,-1,2,6,96.3,,False,233.999
13194,3.81,45.178,331.71,1010.7825,-1,3,5,98.8,,False,55.999
13207,1.896,27.333,204.21,422.26,-1,1,6,88.2,,False,1182.999
13213,1.435,24.226,182.51,329.2346,-1,2,4,72.9,,False,922.999
13222,2.712,27.37,204.34,432.3204,-1,1,5,89.3,,False,239.999
13224,0.639,30.844,234.93,260.0299,-1,1,5,99.2,,False,264.999
13233,0.33,26.947,199.84,550.9296,-1,1,6,81.0,,False,323.4445555555556
13234,0.459,25.128,188.52,369.1013,-1,1,3,98.1,,False,871.999
13237,3.762,35.208,260.36,643.4639,-1,3,7,66.8,,False,191.999
13238,1.21,31.064,256.45,92.9272,-1,1,11,99.8,,False,118.72026658557274
13240,3.238,34.07,251.79,659.4127,-1,2,4,100.0,,False,72.999
13244,3.807,33.621,248.68,634.4102,-1,3,9,77.6,,False,158.4121028896539
13247,0.729,25.175,186.96,516.8692,-1,1,10,97.6,,False,127.36536724169673
13258,1.909,27.671,206.59,432.2126,-1,2,6,96.6,,False,430.999
13267,3.324,28.659,213.62,457.3293,-1,2,3,73.5,,False,863.999
13271,0.385,14.784,117.26,135.0291,-1,1,5,69.6,,False,176.999
13273,0.673,24.888,186.7,370.1318,-1,1,4,97.3,,False,653.999
13275,1.547,25.8,193.61,367.2497,-1,2,6,81.8,,False,365.999
13277,1.64,22.228,168.94,267.1951,-1,1,8,92.3,,False,16.111222222222295
13279,0.723,23.264,175.2,331.1252,-1,2,3,99.7,,False,788.999
13288,3.794,45.389,333.23,1014.8116,-1,4,3,100.0,,False,164.999
13291,0.657,21.385,164.92,203.0545,-1,1,11,90.6,,False,271.999
13294,2.204,20.716,161.48,171.9996,-1,1,5,99.0,,False,296.0001111111111
13300,1.208,24.496,184.53,330.2357,-1,1,9,99.4,,False,117.999
13303,2.93,29.129,220.23,305.2484,-1,1,8,99.1,,False,499.999
13305,0.844,22.91,173.35,295.1894,-1,1,9,91.7,,False,325.999
13306,3.098,33.461,247.8,596.4598,-1,1,4,77.7,,False,569.999
13308,0.238,28.28,208.75,686.873,-1,1,10,76.2,,False,114.7778888888889
13309,1.801,19.165,151.63,141.0152,-1,1,4,44.0,,False,509.999
13311,1.236,17.088,129.76,266.8494,-1,1,3,91.3,,False,463.999
13312,1.529,27.746,207.32,421.2584,-1,2,7,100.0,,False,210.999
13314,0.433,20.717,158.08,245.1376,-1,2,4,99.4,,False,146.999
13321,0.562,20.25,153.82,267.993,-1,1,7,89.0,,False,245.999
13327,0.306,28.117,217.14,201.0378,-1,1,4,83.1,,False,757.999
13329,2.847,24.447,184.29,324.2618,-1,1,6,97.2,,False,392.999
13330,1.344,31.827,235.83,582.3305,-1,2,6,98.1,,False,915.999
13339,3.853,24.72,185.71,355.1578,-1,2,6,98.0,,False,853.999
13342,0.573,25.774,191.25,534.8999,-1,2,6,83.1,,False,440.3334444444444
13348,2.405,21.851,167.6,223.0005,-1,1,4,92.7,,False,295.71052503278185
13349,1.674,19.142,151.45,141.0159,-1,1,4,43.9,,False,740.999
13350,2.001,24.124,181.68,332.1908,-1,2,3,100.0,,False,200.999
13351,1.075,16.03,128.16,124.0136,-1,1,4,96.2,,False,594.999
13355,1.416,28.729,213.04,557.1442,-1,2,7,98.6,,False,264.999
13357,0.403,15.772,127.92,107.0494,-1,1,5,91.5,,False,634.999
13358,2.908,44.211,324.46,1035.6751,-1,3,4,98.0,,False,564.999
13359,2.038,26.189,195.99,398.2106,-1,2,4,97.9,,False,632.999
13362,2.092,19.02,147.92,177.1274,-1,2,3,82.4,,False,1028.999
13365,0.816,23.848,179.7,327.217,-1,1,8,98.5,,False,346.0001111111111
13366,0.369,29.736,219.41,704.9211,-1,1,13,91.6,,False,13.774965666937817
13372,2.649,26.487,198.31,393.3053,-1,1,3,58.2,,False,546.999
13379,0.316,23.681,179.26,292.8444,-1,1,10,99.1,,False,217.999
13383,4.248,28.787,214.93,431.3933,-1,2,3,81.3,,False,985.3334444444445
13389,0.687,22.667,170.82,325.0381,-1,1,5,96.3,,False,349.999
13393,3.447,34.613,255.8,662.408,-1,1,6,72.0,,False,59.999
13398,0.722,20.487,156.01,255.0338,-1,1,3,99.0,,False,731.999
13402,0.481,24.57,185.1,328.9861,-1,1,3,54.1,,False,68.77788888888881
13409,1.475,18.11,139.67,201.0246,-1,3,5,52.5,,False,319.81010966294457
13410,2.553,25.974,194.83,372.2574,-1,2,7,97.3,,False,488.999
13412,0.366,23.309,176.69,283.166,-1,2,3,98.0,,False,1235.999
13421,2.651,31.074,231.15,496.3738,-1,1,5,92.6,,False,246.999
13422,2.131,30.219,224.53,515.3608,-1,1,3,53.4,,False,829.999
13423,3.451,21.569,164.95,235.208,-1,1,7,96.8,,False,689.8669391092103
13426,0.424,24.756,191.92,188.009,-1,1,6,98.6,,False,224.999
13436,4.045,32.389,240.59,526.456,-1,1,8,47.3,,False,106.999
13438,2.554,31.922,236.34,602.3161,-1,2,3,100.0,,False,570.999
13439,4.063,40.92,300.88,902.559,-1,3,5,93.2,,False,675.999
13441,3.463,36.55,269.9,692.4945,-1,3,6,61.0,,False,230.999
13442,3.073,42.81,314.59,944.6079,-1,3,8,100.0,,False,462.999
13446,1.124,20.344,154.46,271.0062,-1,1,4,89.6,,False,628.999
13451,2.02,27.858,207.62,458.1871,-1,1,4,96.3,,False,269.999
13462,1.444,31.153,232.27,457.296,-1,2,6,97.5,,False,280.999
13467,1.434,24.322,181.55,428.9336,-1,1,8,66.9,,False,138.22233333333332
13469,3.978,32.788,242.81,597.3564,-1,2,4,49.4,,False,546.999
13472,3.636,12.555,98.11,160.9096,-1,1,5,79.8,,False,352.999
13478,2.449,30.331,225.2,532.2689,-1,1,6,77.2,,False,129.999
13480,3.374,34.524,255.35,636.3537,-1,2,8,96.1,,False,254.999
13491,1.396,23.149,175.05,299.2241,-1,1,3,37.7,,False,1100.5556666666666
13514,0.742,24.557,184.37,361.2032,-1,2,6,99.1,,False,268.999
13523,1.78,23.679,180.47,253.1073,-1,1,6,99.1,,False,272.999
13527,0.276,25.325,187.28,618.5521,-1,1,11,90.3,,False,171.999
13528,2.675,23.602,178.76,289.2167,-1,1,6,98.7,,False,476.999
13530,3.39,18.161,136.66,330.9817,-1,1,6,80.8,,False,250.33344444444444
13538,1.622,29.54,219.09,555.2972,-1,2,3,97.0,,False,1197.999
13542,1.026,15.223,122.36,116.9686,-1,1,7,84.1,,False,427.889
13548,2.188,30.793,228.46,549.2858,-1,2,4,97.6,,False,138.999
13552,2.258,28.002,208.86,446.2984,-1,1,4,98.6,,False,535.999
13557,2.713,43.173,317.13,969.6032,-1,2,9,83.4,,False,289.999
13559,2.316,27.427,205.25,400.2269,-1,2,3,77.8,,False,990.999
13560,3.876,25.209,190.14,320.2229,-1,2,7,81.7,,False,352.05413931425335
13564,1.164,24.83,186.31,367.2178,-1,2,6,73.6,,False,195.999
13567,3.753,33.074,242.34,1126.9474,-1,1,10,82.4,,False,12.861712003140212
13568,1.545,25.328,189.66,391.1637,-1,1,7,98.8,,False,255.999
13569,3.417,32.745,242.72,573.3775,-1,2,4,56.3,,False,135.999
13570,0.808,16.053,125.22,168.0231,-1,1,4,74.3,,False,377.999
13582,3.674,39.455,290.43,836.5354,-1,2,3,64.5,,False,871.889
13583,0.327,23.96,192.91,116.9721,-1,1,3,43.7,,False,175.1112222222223
13584,4.051,27.442,204.81,437.0983,-1,1,6,97.4,,False,402.999
13585,3.291,32.26,239.0,585.3706,-1,2,8,95.8,,False,84.44455555555555
13590,0.961,3.702,29.32,116.9683,-1,1,3,48.3,,False,941.999
13612,2.439,25.214,190.21,319.2652,-1,2,4,98.8,,False,704.999
13614,0.403,15.071,122.32,106.04,-1,1,6,99.4,,False,620.999
13621,1.508,36.03,265.97,705.4092,-1,3,8,58.9,,False,247.999
13622,2.761,26.755,200.02,412.243,-1,1,7,71.8,,False,206.999
13625,2.817,34.302,271.83,141.016,-1,1,3,59.8,,False,1216.8890000000001
13630,1.292,32.128,241.24,367.1563,-1,1,5,88.5,,False,137.999
13637,0.633,17.362,137.14,143.1064,-1,1,6,72.9,,False,412.999
13640,2.276,22.492,170.79,272.2328,-1,1,5,83.1,,False,770.2877900810026
13644,1.678,30.497,227.17,471.2406,-1,1,8,98.9,,False,200.999
13648,1.179,22.964,173.7,297.2078,-1,1,4,95.6,,False,625.999
13649,3.994,33.651,249.03,617.3719,-1,2,5,92.8,,False,257.999
13653,3.42,34.263,254.07,567.4615,-1,2,3,39.0,,False,285.999
13655,3.975,29.831,222.5,449.5028,-1,3,4,52.5,,False,689.999
13663,3.467,39.167,288.31,832.5203,-1,2,5,89.1,,False,215.999
13667,1.08,22.265,168.82,281.1175,-1,1,8,99.2,,False,305.999
13668,2.229,33.266,246.38,595.2987,-1,3,4,84.6,,False,592.999
13669,2.318,18.326,141.65,194.0844,-1,1,8,99.0,,False,147.44455555555558
13686,3.438,30.242,224.85,503.3777,-1,2,4,82.4,,False,928.999
13687,0.864,23.699,179.08,304.9381,-1,1,6,99.4,,False,554.999
13689,2.304,26.65,199.58,390.3054,-1,1,3,82.4,,False,1214.999
13692,0.662,23.639,184.73,167.0199,-1,1,4,84.8,,False,544.999
13699,4.37,30.233,224.33,545.2551,-1,2,5,62.6,,False,228.999
13706,0.693,23.818,179.79,313.1188,-1,1,8,98.7,,False,134.999
13709,0.384,18.24,142.0,174.0539,-1,1,5,96.8,,False,401.999
13711,1.018,17.921,136.51,250.993,-1,1,3,96.5,,False,1101.999
13713,2.776,43.203,317.25,990.5957,-1,2,7,98.1,,False,434.999
13720,4.047,41.102,302.35,872.6369,-1,1,4,42.0,,False,216.999
13735,0.362,29.985,221.46,672.9736,-1,3,5,100.0,,False,347.999
13737,0.592,22.702,175.11,203.055,-1,1,7,95.4,,False,280.999
13738,1.882,18.147,139.95,201.0242,-1,1,4,55.0,,False,618.999
13741,2.358,26.402,198.46,351.1631,-1,2,4,72.2,,False,436.999
13745,3.155,34.401,254.58,619.4227,-1,2,5,90.1,,False,624.999
13747,1.919,37.832,299.89,141.0132,-1,1,10,97.5,,False,253.39575912719283
13753,1.457,27.17,202.71,441.2646,-1,2,6,100.0,,False,362.999
13755,3.247,23.989,181.07,313.18,-1,2,3,99.8,,False,1413.999
13760,2.977,29.819,224.77,329.2484,-1,2,6,98.0,,False,212.999
13761,3.279,32.095,238.81,491.3778,-1,1,3,44.0,,False,942.999
13767,0.489,28.984,214.45,614.9899,-1,1,8,99.2,,False,548.999
13768,0.786,22.141,180.55,102.9546,-1,1,9,88.9,,False,158.999
13774,3.211,31.701,236.15,471.3491,-1,2,3,64.3,,False,265.999
13777,2.319,26.025,195.12,377.1863,-1,1,7,97.5,,False,227.999
13787,1.404,35.571,262.58,703.3959,-1,2,8,98.0,,False,152.999
13788,0.688,16.991,132.24,174.0567,-1,2,3,100.0,,False,1683.999
13789,2.422,38.304,282.17,791.4035,-1,3,4,100.0,,False,824.999
13794,1.519,22.477,170.88,265.2179,-1,1,4,43.0,,False,1009.999
13800,2.864,23.337,173.22,521.9482,-1,1,3,96.5,,False,514.999
13804,2.133,24.378,184.34,300.1559,-1,2,6,82.7,,False,62.04213793655299
13807,3.953,38.372,282.82,771.6423,-1,2,5,71.6,,False,682.999
13809,2.807,42.302,310.83,942.5933,-1,3,5,94.7,,False,567.999
13812,3.455,17.624,132.6,330.9801,-1,1,9,88.2,,False,115.3424383779138
13815,0.384,34.165,251.22,878.9681,-1,1,5,97.3,,False,150.999
13816,2.06,32.944,243.52,651.2809,-1,2,5,99.3,,False,623.999
13828,2.474,27.714,206.7,447.3498,-1,2,4,69.5,,False,792.999
13831,0.367,25.207,192.42,246.0745,-1,1,5,99.4,,False,555.999
13837,0.661,17.859,141.09,143.1082,-1,1,3,71.4,,False,703.999
13838,1.832,19.278,152.53,141.0146,-1,1,5,85.7,,False,455.999
13841,0.257,29.76,219.45,728.8847,-1,1,11,88.9,,False,131.55566666666667
13844,3.56,35.902,265.27,671.5111,-1,2,5,87.9,,False,140.999
13852,1.572,21.744,162.69,394.8488,-1,1,7,91.4,,False,346.999
13857,0.757,22.552,170.41,304.1229,-1,1,3,97.8,,False,656.999
13860,2.21,33.873,250.54,633.4057,-1,2,5,100.0,,False,412.999
13862,3.324,33.212,247.95,437.2714,-1,2,4,100.0,,False,342.999
13866,2.04,29.87,221.7,538.1729,-1,1,6,98.9,,False,365.999
13870,0.427,27.976,207.15,590.9449,-1,1,8,64.7,,False,374.55566666666664
13882,0.585,28.752,212.28,680.8773,-1,1,8,80.5,,False,177.999
13884,4.555,29.258,218.32,441.3982,-1,2,3,44.8,,False,703.999
13893,0.96,16.688,128.59,202.9306,-1,1,4,98.8,,False,493.999
13894,1.906,26.021,194.92,387.216,-1,2,5,97.3,,False,96.999
13896,2.011,31.264,258.11,92.9263,-1,1,7,98.5,,False,79.00011111111112
13900,4.2,35.517,262.56,653.5399,-1,3,10,79.2,,False,181.06165897020608
13905,1.964,22.655,172.18,267.2324,-1,1,5,48.2,,False,490.999
13906,2.174,23.074,174.99,280.2345,-1,1,4,60.2,,False,522.999
13910,1.536,19.77,147.46,430.9723,-1,1,6,86.7,,False,363.999
13914,0.249,22.972,188.58,96.9597,-1,1,4,79.0,,False,667.2223333333334
13915,1.473,30.262,224.27,574.2785,-1,3,4,96.7,,False,307.999
13927,3.205,23.198,176.92,249.1522,-1,1,3,48.1,,False,1813.1462197840597
13937,4.255,27.725,207.58,395.3174,-1,2,4,58.5,,False,586.999
13941,0.526,25.011,186.23,468.9466,-1,1,10,92.7,,False,217.999
13942,3.127,33.967,251.43,613.3658,-1,2,7,80.9,,False,150.999
13950,1.687,25.391,190.5,369.2282,-1,1,5,53.2,,False,178.999
13961,3.422,26.194,196.74,359.2577,-1,2,5,97.5,,False,309.999
13969,1.41,23.704,178.56,329.1653,-1,1,3,38.0,,False,241.999
13976,2.509,28.387,211.62,455.3026,-1,2,3,60.6,,False,994.999
13979,3.943,46.042,337.9,1048.8362,-1,4,6,95.1,,False,581.999
13982,1.283,25.164,188.59,381.194,-1,1,8,97.2,,False,86.999
13985,0.648,20.421,167.59,96.921,-1,1,8,86.8,,False,226.33344444444447
13987,1.616,24.274,182.77,334.2084,-1,2,5,76.9,,False,1130.999
14010,0.508,18.324,141.58,195.0658,-1,1,6,99.0,,False,81.88900000000001
14012,3.156,22.888,173.23,293.1754,-1,1,4,43.5,,False,521.999
14026,0.278,31.762,232.98,1030.2565,-1,1,9,98.2,,False,175.999
14035,3.706,24.7,186.51,311.2362,-1,1,7,58.4,,False,180.999
14038,2.144,28.827,214.55,482.228,-1,2,5,65.3,,False,190.999
14041,3.024,28.076,209.79,420.3558,-1,1,4,55.8,,False,588.999
14044,0.355,24.41,192.43,148.9785,-1,1,8,98.3,,False,344.999
14045,3.392,35.882,264.8,713.3792,-1,4,5,98.0,,False,301.999
14051,3.525,30.438,226.06,525.3374,-1,2,4,85.4,,False,274.999
14052,3.984,25.35,190.14,372.1811,-1,1,7,95.9,,False,197.999
14054,2.943,44.024,323.38,975.647,-1,2,7,79.0,,False,223.999
14061,1.451,32.179,238.21,607.3517,-1,2,6,91.3,,False,197.999
14062,2.612,27.389,204.28,445.3346,-1,2,3,91.9,,False,853.999
14077,3.491,34.267,253.26,660.3926,-1,2,5,63.4,,False,260.999
14080,4.174,40.541,298.08,899.5407,-1,2,4,53.7,,False,472.999
14090,1.948,28.675,214.0,439.3062,-1,2,6,53.0,,False,175.999
14101,1.699,19.102,148.85,172.1418,-1,1,6,68.5,,False,200.999
14113,0.372,25.529,190.58,429.1585,-1,2,3,93.7,,False,842.999
14121,2.595,33.773,249.38,686.3386,-1,2,3,99.5,,False,796.999
14130,0.464,19.866,149.18,352.8623,-1,1,8,98.1,,False,144.88899999999998
14140,1.492,24.071,192.88,123.0434,-1,1,6,96.6,,False,111.999
14142,2.364,20.513,157.71,213.1868,-1,1,3,62.0,,False,802.999
14149,0.576,23.696,176.61,450.8979,-1,1,6,57.5,,False,381.6667777777778
14155,2.233,28.207,210.65,428.288,-1,1,4,74.9,,False,284.999
14163,2.735,21.534,164.47,241.218,-1,1,4,47.5,,False,160.22233333333338
14164,4.788,28.085,208.98,485.2817,-1,1,7,98.4,,False,168.999
14171,0.304,29.008,224.05,201.0365,-1,1,5,94.4,,False,647.999
14183,2.797,32.126,237.99,588.3187,-1,3,7,72.1,,False,369.999
14187,4.844,30.981,230.62,481.4301,-1,2,3,94.0,,False,255.999
14188,3.559,47.166,345.9,1110.8198,-1,2,9,97.7,,False,191.999
14194,4.348,27.487,205.61,405.375,-1,2,6,71.1,,False,555.4515112790555
14195,3.584,28.636,214.52,389.3419,-1,2,4,46.1,,False,90.999
14204,0.417,17.699,136.05,212.0045,-1,2,3,74.1,,False,868.999
14205,2.324,25.892,194.25,370.3038,-1,1,5,70.9,,False,401.999
14207,1.5,26.784,199.69,451.3182,-1,2,3,82.4,,False,299.999
14210,0.34,25.362,199.95,148.9787,-1,1,9,98.2,,False,342.999
14214,2.531,38.996,287.2,805.4168,-1,3,5,100.0,,False,646.999
14222,1.307,28.279,210.17,508.266,-1,2,4,84.2,,False,61.999
14223,3.129,34.805,257.53,626.4106,-1,1,5,88.7,,False,442.999
14233,2.881,32.328,239.29,610.3211,-1,3,4,84.6,,False,462.999
14239,1.784,23.244,176.23,282.2507,-1,1,5,88.0,,False,509.999
14248,1.302,12.649,104.07,92.9269,-1,1,11,79.5,,False,53.777888888888896
14250,1.091,22.049,168.21,246.9824,-1,1,4,52.1,,False,310.55566666666664
14258,2.842,30.923,229.39,551.3038,-1,1,3,63.9,,False,423.999
14260,1.134,20.338,154.42,271.0057,-1,1,4,73.7,,False,845.999
14265,0.371,27.858,206.12,610.9084,-1,1,8,93.7,,False,112.999
14267,3.803,35.864,265.38,623.5782,-1,2,5,82.4,,False,156.19983834745085
14270,0.581,28.262,208.61,686.871,-1,1,12,98.1,,False,91.7778888888889
14272,1.854,25.988,194.79,380.2536,-1,1,5,54.7,,False,134.999
14278,4.704,33.931,250.86,645.4111,-1,3,4,100.0,,False,464.999
14279,0.576,19.341,147.25,254.9991,-1,1,3,98.9,,False,1020.999
14290,3.255,27.684,203.91,768.9553,-1,2,8,93.4,,False,165.999
14292,2.788,28.321,211.8,410.2941,-1,1,5,67.3,,False,184.999
14296,1.632,25.574,191.83,371.2823,-1,2,3,41.0,,False,758.999
14297,3.635,31.881,236.02,603.3299,-1,2,4,97.9,,False,279.999
14304,3.49,22.325,169.92,259.2059,-1,1,6,91.4,,False,389.999
14308,0.438,27.125,203.22,386.9439,-1,1,6,97.3,,False,331.999
14314,3.524,28.193,210.54,429.264,-1,2,7,90.5,,False,432.999
14316,0.513,14.853,118.71,124.005,-1,1,8,99.7,,False,249.999
14319,2.254,24.135,179.3,506.9627,-1,1,3,77.0,,False,176.44455555555555
14320,2.478,31.957,236.98,561.2249,-1,2,4,96.3,,False,664.999
14322,0.459,19.504,149.12,235.0591,-1,1,6,97.9,,False,343.999
14332,2.397,23.338,176.89,284.2671,-1,1,4,55.7,,False,299.999
14335,3.452,34.03,252.55,546.4263,-1,1,4,64.9,,False,557.999
14336,3.969,36.855,272.22,684.613,-1,3,3,66.9,,False,410.999
14340,3.536,28.238,211.3,402.3463,-1,1,7,69.1,,False,147.999
14351,2.038,30.812,228.46,562.2193,-1,2,3,97.8,,False,791.999
14352,3.959,25.134,190.44,287.2758,-1,1,4,99.2,,False,511.999
14353,3.145,26.622,199.58,379.2867,-1,1,5,39.8,,False,310.999
14360,4.525,44.709,328.3,1000.7471,-1,5,4,94.9,,False,50.999
14369,0.401,23.392,193.95,89.0234,-1,1,5,82.2,,False,351.999
14373,1.258,15.186,120.32,137.0235,-1,1,4,82.8,,False,161.999
14374,0.257,28.414,209.81,674.8409,-1,1,8,90.2,,False,150.999
14385,2.249,31.24,231.35,593.2793,-1,2,3,98.2,,False,806.999
14396,3.988,35.812,264.35,704.4758,-1,3,5,88.9,,False,708.2223333333334
14400,2.729,31.813,235.49,606.2881,-1,1,3,95.8,,False,843.999
14401,2.988,29.468,219.76,450.334,-1,1,4,63.3,,False,515.999
14410,4.346,29.846,222.4,464.3837,-1,1,3,73.6,,False,957.999
14432,1.274,34.989,262.72,369.1777,-1,2,6,90.8,,False,187.999
14435,1.385,32.068,237.66,577.3616,-1,1,6,91.6,,False,149.999
14436,2.416,29.365,218.39,497.2314,-1,1,5,89.0,,False,140.999
14437,2.031,28.716,213.81,475.3029,-1,2,4,75.6,,False,615.999
14445,0.334,25.279,189.89,357.0158,-1,1,7,98.4,,False,75.999
14458,4.267,29.735,221.27,487.3834,-1,2,3,93.7,,False,1098.999
14463,3.669,33.771,250.47,561.4852,-1,3,3,52.5,,False,387.999
14476,0.276,22.954,170.51,506.6271,-1,1,9,87.4,,False,224.999
14482,3.504,46.817,343.43,1087.8223,-1,2,6,98.5,,False,371.999
14483,3.232,31.885,244.57,227.2023,-1,1,5,99.4,,False,531.999
14484,0.4,26.122,216.66,89.0229,-1,1,4,98.6,,False,426.999
14496,0.79,25.56,209.91,96.9206,-1,1,9,90.1,,False,116.999
14511,3.362,36.609,270.34,693.5,-1,2,4,71.2,,False,104.999
14512,2.044,25.872,193.94,378.2431,-1,2,7,85.5,,False,254.45944692140574
14514,4.677,28.285,210.63,472.2487,-1,2,6,91.1,,False,158.55566666666667
14516,3.704,35.419,261.82,655.4788,-1,2,5,69.5,,False,445.999
14519,1.88,29.162,217.45,452.3101,-1,1,7,65.4,,False,217.999
14529,2.852,24.559,215.69,59.0122,-1,1,6,87.2,,False,232.999
14531,0.532,26.047,193.34,528.9035,-1,1,11,80.4,,False,118.999
14541,2.33,28.671,214.01,436.316,-1,1,4,84.1,,False,441.999
14543,1.465,25.789,193.25,383.1891,-1,2,5,93.7,,False,259.999
14546,1.108,21.388,162.09,283.0285,-1,1,4,73.9,,False,194.999
14549,3.45,32.96,244.23,582.3992,-1,1,3,62.5,,False,234.999
14557,2.473,27.513,205.53,423.3126,-1,2,5,68.5,,False,583.999
14562,0.669,26.914,199.44,568.8961,-1,1,10,89.3,,False,80.0001111111111
14567,0.345,21.477,162.55,292.0791,-1,1,6,97.7,,False,343.999
14571,2.984,12.976,98.72,249.9745,-1,1,4,61.2,,False,558.7778888888889
14572,3.13,27.518,206.7,359.2208,-1,1,5,98.5,,False,349.999
14574,3.201,34.709,256.51,657.5032,-1,2,3,35.0,,False,511.55566666666664
14575,3.801,32.305,239.71,548.4425,-1,1,3,42.7,,False,822.999
14579,4.669,36.622,270.15,733.5067,-1,2,6,45.2,,False,353.999
14585,0.794,28.844,214.33,511.2948,-1,1,4,97.0,,False,706.999
14591,2.885,33.69,249.41,609.3354,-1,3,3,79.8,,False,753.999
14592,1.637,30.638,227.41,539.323,-1,2,7,88.9,,False,185.999
14596,3.62,26.265,196.92,377.2125,-1,2,3,89.9,,False,566.999
14607,1.743,29.645,219.96,545.0285,-1,2,4,100.0,,False,176.999
14608,3.498,40.279,296.39,857.6192,-1,2,4,100.0,,False,215.999
14609,2.615,21.614,164.88,247.1703,-1,1,8,99.2,,False,241.62173571085475
14610,0.423,28.748,213.78,499.2586,-1,2,6,92.6,,False,237.999
14616,0.259,17.191,133.06,189.0399,-1,1,6,73.9,,False,380.2223333333333
14623,3.919,34.128,252.41,637.4034,-1,1,5,61.4,,False,136.999
14624,4.211,27.179,203.67,384.3567,-1,1,7,92.4,,False,50.210354086094185
14626,3.539,31.638,234.42,580.3448,-1,2,3,60.1,,False,765.999
14631,1.067,21.989,167.75,246.9822,-1,1,3,40.3,,False,845.999
14647,2.334,31.022,230.71,499.3661,-1,2,5,47.0,,False,266.999
14650,1.457,30.17,224.18,516.3238,-1,1,5,55.0,,False,778.999
14654,4.126,28.957,216.32,424.3541,-1,1,5,66.9,,False,564.999
14660,2.056,23.089,174.89,288.2261,-1,1,5,79.3,,False,813.999
14665,3.627,40.676,299.35,849.5837,-1,2,5,73.8,,False,330.999
14667,0.815,12.016,95.81,125.9005,-1,1,3,97.6,,False,531.6667777777778
14670,0.457,29.635,219.91,541.2694,-1,3,3,98.2,,False,522.999
14671,0.249,19.269,147.97,216.9072,-1,1,6,79.6,,False,294.2223333333333
14673,3.846,24.564,184.71,346.1638,-1,1,7,97.8,,False,255.999
14684,0.365,18.444,143.26,180.0675,-1,1,3,99.2,,False,809.999
14691,3.12,24.767,186.76,322.2565,-1,1,4,98.3,,False,423.999
14697,1.144,34.741,286.2,94.9238,-1,1,12,99.9,,False,19.777888888888896
14706,3.057,19.963,153.19,220.1482,-1,1,4,49.3,,False,65.1112222222223
14722,1.072,18.142,139.87,202.0263,-1,1,9,82.9,,False,205.22233333333332
14728,0.308,26.499,208.95,148.9776,-1,1,8,99.7,,False,362.999
14733,4.184,37.088,273.71,716.5847,-1,3,7,52.5,,False,411.4445555555556
14740,3.1,29.25,218.63,418.3057,-1,1,3,43.5,,False,485.999
14755,2.647,35.091,274.69,165.0417,-1,1,3,99.4,,False,643.999
14766,0.6,23.537,177.9,303.1352,-1,2,4,97.6,,False,833.999
14768,1.646,31.784,235.57,575.3521,-1,2,5,100.0,,False,560.999
14770,1.598,25.903,193.69,408.1513,-1,1,3,98.3,,False,458.999
14782,2.615,27.604,205.82,451.1854,-1,1,6,98.2,,False,332.999
14792,1.675,26.645,199.13,416.2499,-1,1,4,90.2,,False,327.999
14799,2.412,27.58,203.77,651.9895,-1,1,4,43.0,,False,206.5423901061135
14804,4.783,30.924,229.2,573.3342,-1,2,5,88.1,,False,217.999
14810,4.622,34.365,254.27,625.5075,-1,2,6,65.4,,False,374.999
14827,2.394,31.463,233.11,583.2696,-1,4,5,94.2,,False,287.999
14830,3.137,26.767,200.18,407.1504,-1,4,3,52.5,,False,738.999
14832,0.87,25.137,188.11,397.2293,-1,2,3,99.5,,False,688.999
14845,3.194,34.572,255.81,625.4736,-1,3,4,52.5,,False,365.999
14849,2.575,27.547,203.77,614.9643,-1,2,5,90.5,,False,405.81909714778885
14851,0.374,23.457,176.03,364.0501,-1,2,3,100.0,,False,1176.999
14852,0.384,19.562,149.24,245.0112,-1,1,6,92.8,,False,210.999
14853,3.162,31.357,232.66,546.3963,-1,2,4,51.1,,False,1096.0343807239394
14857,2.567,40.85,300.52,866.5122,-1,3,3,97.2,,False,317.999
14858,3.134,26.454,195.0,730.9581,-1,1,3,38.9,,False,181.999
14861,3.961,25.985,195.22,356.3258,-1,1,4,75.7,,False,402.999
14867,4.007,24.313,184.33,283.2561,-1,1,6,84.3,,False,300.999
14870,2.494,28.067,209.26,453.1813,-1,2,6,92.0,,False,460.999
14878,3.172,35.883,264.6,743.3192,-1,4,3,100.0,,False,310.999
14885,1.576,24.377,183.46,338.242,-1,1,6,86.4,,False,410.999
14888,4.452,27.959,208.91,419.3931,-1,2,3,85.0,,False,754.4445555555556
14889,3.424,32.036,237.59,560.4039,-1,1,5,45.4,,False,194.999
14893,2.923,26.342,197.81,361.3103,-1,1,6,97.0,,False,221.999
14900,1.332,34.085,251.73,685.338,-1,3,9,86.7,,False,107.999
14904,3.392,32.642,241.81,589.3755,-1,3,4,81.4,,False,381.999
14906,3.368,43.614,320.36,974.6549,-1,2,9,96.6,,False,248.999
14911,0.379,33.309,245.02,854.9249,-1,3,6,82.4,,False,161.999
14914,2.125,23.06,195.77,74.0235,-1,1,6,87.1,,False,182.999
14929,3.886,32.589,242.42,497.3644,-1,2,5,60.4,,False,121.999
14931,1.147,23.045,174.32,297.2067,-1,1,5,96.8,,False,532.999
14944,1.456,54.399,449.54,92.927,-1,1,14,99.9,,False,0.4048273132594886
14948,0.434,28.243,210.44,462.1808,-1,2,3,100.0,,False,1055.999
14949,0.404,19.37,148.94,212.0912,-1,2,3,100.0,,False,1050.999
14960,0.407,28.359,209.57,648.9007,-1,1,10,72.6,,False,206.999
14961,4.37,35.604,263.09,667.5213,-1,1,4,58.1,,False,608.999
14967,1.902,28.703,214.03,451.3082,-1,2,4,64.6,,False,519.999
14974,0.441,25.05,187.57,391.0807,-1,1,8,96.6,,False,175.999
14981,0.26,26.633,197.35,568.8748,-1,1,6,60.3,,False,90.999
14982,0.347,22.095,169.97,212.089,-1,1,7,85.7,,False,150.999
14985,0.822,24.255,181.74,381.1967,-1,1,4,98.7,,False,275.999
14994,0.64,2.598,20.9,92.9283,-1,1,3,74.1,,False,413.999
15002,1.17,26.58,219.34,92.9273,-1,1,10,93.0,,False,27.814330129260043
15011,2.903,34.768,256.68,697.3651,-1,2,5,100.0,,False,628.999
15019,3.956,25.401,192.63,282.2527,-1,1,4,62.4,,False,822.999
15022,2.615,28.867,214.77,489.228,-1,1,5,71.0,,False,392.999
15023,3.955,29.218,218.26,426.3682,-1,1,5,75.2,,False,172.999
15026,0.692,23.18,174.7,325.0371,-1,1,7,98.5,,False,107.999
15030,2.541,23.082,174.89,286.2464,-1,1,7,83.4,,False,298.999
15031,2.377,28.541,212.39,485.1914,-1,1,7,90.4,,False,358.999
15041,0.342,24.707,185.02,389.0549,-1,1,3,96.3,,False,259.999
15044,2.862,37.921,279.71,733.5578,-1,4,4,52.5,,False,422.889
15047,0.465,22.624,168.5,458.8277,-1,1,13,94.8,,False,64.90465244393738
15059,0.551,16.021,128.09,124.0135,-1,1,4,79.4,,False,322.999
15060,3.726,28.866,215.16,457.2992,-1,2,4,92.7,,False,605.999
15062,0.745,22.466,183.21,102.9559,-1,1,7,77.8,,False,177.999
15072,1.804,39.41,317.69,116.9712,-1,1,8,74.1,,False,180.999
15073,3.496,31.641,234.59,566.354,-1,2,4,98.3,,False,284.999
15078,2.41,29.585,220.09,491.3397,-1,2,4,70.2,,False,537.999
15080,4.105,25.723,192.77,381.2324,-1,3,6,83.4,,False,129.3715369416642
15090,2.726,29.033,217.06,415.2861,-1,1,5,78.0,,False,190.999
15092,1.471,35.483,281.23,141.013,-1,1,7,76.5,,False,225.999
15101,3.091,28.702,214.17,441.3016,-1,2,6,90.3,,False,223.999
15105,1.36,23.621,178.35,311.1384,-1,1,8,91.4,,False,101.999
15108,1.778,24.989,187.79,352.2556,-1,1,5,63.8,,False,261.999
15109,3.23,32.338,239.86,556.4443,-1,2,3,61.9,,False,1139.8890000000001
15119,2.76,27.908,207.99,459.3508,-1,2,6,91.1,,False,415.999
15123,3.564,27.946,208.75,425.1117,-1,1,6,82.4,,False,277.999
15136,2.585,25.499,191.55,356.29,-1,1,3,98.7,,False,806.999
15138,3.612,22.569,171.74,260.2483,-1,1,3,77.5,,False,1193.999
15141,0.788,22.06,172.36,167.0193,-1,1,4,64.4,,False,76.999
15160,4.065,26.143,196.62,346.236,-1,1,6,93.9,,False,179.999
15161,2.503,27.065,202.89,380.2851,-1,1,5,82.1,,False,192.999
15163,1.613,28.751,213.7,506.3536,-1,2,3,100.0,,False,187.999
15164,0.612,26.988,199.32,662.8265,-1,1,9,87.2,,False,235.999
15170,1.478,40.351,296.71,897.5172,-1,2,7,89.0,,False,166.999
15175,2.353,19.852,152.33,220.1478,-1,1,3,54.6,,False,698.1112222222223
15176,0.06,23.444,174.21,500.8188,-1,1,3,43.8,,False,34.55566666666664
15181,2.322,25.806,193.35,384.2261,-1,2,3,100.0,,False,813.999
15185,2.227,39.588,291.25,867.4855,-1,3,7,95.3,,False,222.999
15194,2.236,28.122,209.83,441.2824,-1,2,5,93.7,,False,338.999
15196,1.828,9.043,72.44,116.9714,-1,1,6,99.5,,False,572.999
15201,3.232,21.694,164.68,273.1482,-1,2,4,85.2,,False,749.999
15204,4.439,36.998,273.32,678.6116,-1,2,6,97.9,,False,184.11122222222224
15224,2.268,11.967,96.23,114.9352,-1,1,4,45.8,,False,405.999
15229,3.823,24.533,185.2,313.1913,-1,1,3,94.5,,False,678.999
15237,4.211,38.257,282.2,738.5413,-1,2,7,90.8,,False,113.999
15241,3.725,33.959,251.1,644.3977,-1,4,7,87.1,,False,40.11122222222224
15243,0.271,22.141,165.07,442.6756,-1,1,8,86.1,,False,170.999
15246,2.888,33.126,245.88,542.3306,-1,1,6,93.6,,False,568.999
15249,4.095,33.039,250.7,282.2549,-1,1,4,68.9,,False,934.999
15251,4.573,34.166,253.19,582.5131,-1,2,7,80.9,,False,105.12586137400109
15260,4.435,26.352,197.78,366.2726,-1,1,4,73.4,,False,721.999
15263,2.454,20.609,153.24,481.9762,-1,1,4,99.1,,False,341.999
15269,1.015,21.708,162.42,394.8496,-1,1,7,96.6,,False,297.999
15272,3.137,27.758,207.1,441.1078,-1,2,5,89.9,,False,163.999
15274,4.316,46.952,344.42,1090.8476,-1,4,6,88.4,,False,354.999
15277,1.93,27.699,206.65,442.2657,-1,1,5,82.8,,False,324.999
15282,1.918,19.59,150.21,223.0297,-1,3,4,92.6,,False,842.3865260524619
15283,0.61,25.647,190.17,550.8698,-1,1,7,94.9,,False,224.0001111111111
15284,0.714,26.443,197.51,424.1435,-1,1,6,96.9,,False,156.999
15287,3.056,40.039,294.81,823.5688,-1,1,4,42.5,,False,593.999
15289,0.862,21.188,158.54,392.8536,-1,1,9,98.0,,False,125.999
15291,3.512,23.053,174.48,293.1755,-1,1,5,46.4,,False,185.77788888888887
15302,3.945,28.831,215.22,434.3383,-1,1,4,39.4,,False,364.999
15304,1.315,39.417,296.04,369.1786,-1,1,7,97.8,,False,78.999
15313,3.262,30.942,229.69,537.3618,-1,2,5,100.0,,False,318.999
15318,1.395,33.238,245.67,656.3447,-1,2,5,86.1,,False,207.999
15322,0.713,24.224,179.95,508.8552,-1,1,8,77.7,,False,201.999
15325,2.868,31.735,235.16,580.3313,-1,3,3,79.9,,False,1032.999
15326,4.435,33.409,253.48,283.2661,-1,2,6,75.8,,False,501.6667777777778
15328,3.105,31.842,236.42,533.3147,-1,2,5,99.2,,False,151.999
15334,0.978,26.513,196.11,616.8147,-1,1,10,87.5,,False,189.999
15347,1.083,28.218,211.79,368.1633,-1,1,4,94.1,,False,365.999
15349,2.691,30.709,229.0,453.2826,-1,1,6,82.6,,False,134.999
15350,0.371,20.301,153.83,283.0207,-1,1,8,90.4,,False,197.999
15354,2.837,25.263,186.52,668.964,-1,1,6,98.0,,False,364.84353218151085
15355,1.73,29.445,218.97,498.3173,-1,1,3,49.7,,False,787.999
15357,0.585,16.914,132.37,161.0595,-1,1,6,99.4,,False,537.999
15358,1.21,23.096,173.81,337.0397,-1,2,4,97.8,,False,212.999
15377,2.507,32.166,238.27,590.3109,-1,2,4,46.3,,False,204.999
15390,0.51,20.616,156.13,287.0214,-1,1,3,86.4,,False,317.999
15393,3.376,27.014,199.88,609.0412,-1,2,4,95.1,,False,250.999
15394,1.951,27.677,205.82,495.2746,-1,2,3,88.9,,False,1445.999
15395,4.187,27.042,202.63,384.3586,-1,1,5,69.4,,False,509.26943191428404
15407,0.816,21.955,166.85,267.1234,-1,1,5,98.7,,False,161.999
15414,0.803,27.486,203.17,638.8681,-1,1,8,92.0,,False,276.999
15421,0.789,26.207,196.35,385.1714,-1,1,5,98.8,,False,321.999
15427,2.041,31.699,234.92,575.3664,-1,2,3,65.2,,False,174.999
15431,0.301,30.454,235.24,201.0363,-1,1,5,99.5,,False,428.999
15432,1.847,19.472,145.8,380.9757,-1,1,7,97.2,,False,186.999
15435,1.962,35.565,281.89,141.0138,-1,1,8,89.6,,False,121.93256298903572
15440,1.845,47.529,376.9,141.0147,-1,1,8,99.7,,False,161.22233333333332
15449,3.292,33.687,249.07,644.3795,-1,2,4,99.1,,False,648.999
15458,1.607,8.398,67.25,116.9729,-1,1,7,96.0,,False,228.8056596046786
15459,0.646,27.188,223.32,96.9208,-1,1,10,87.5,,False,87.999
15467,3.273,33.108,244.99,620.3595,-1,4,5,68.5,,False,142.999
15468,4.223,38.736,285.17,823.5398,-1,3,3,88.2,,False,335.33344444444447
15470,3.262,27.758,204.45,769.9593,-1,1,8,92.5,,False,178.999
15473,3.216,24.129,181.86,325.1532,-1,1,3,91.8,,False,882.999
15481,2.614,30.798,228.51,548.3012,-1,2,5,96.7,,False,91.999
15505,0.873,19.474,148.76,239.0682,-1,1,3,90.6,,False,836.999
15506,0.305,26.458,204.29,201.0382,-1,1,3,97.3,,False,780.999
15509,2.636,32.416,253.74,165.0394,-1,1,4,91.1,,False,593.999
15515,0.33,23.255,176.35,280.9775,-1,1,5,85.0,,False,137.999
15516,2.095,19.534,150.33,209.154,-1,1,6,70.7,,False,494.999
15519,2.624,31.34,232.11,593.2085,-1,2,6,99.2,,False,408.999
15523,2.035,28.398,211.56,465.284,-1,1,4,67.5,,False,172.999
15524,1.006,18.145,139.85,203.0212,-1,1,8,91.8,,False,314.999
15526,2.537,24.539,184.87,329.1865,-1,1,4,65.8,,False,37.000111111111096
15532,0.255,16.943,132.6,161.0441,-1,1,3,76.4,,False,1143.999
15535,3.749,34.505,254.81,687.4129,-1,2,7,72.8,,False,187.999
15543,3.051,25.517,191.81,350.2779,-1,1,5,92.2,,False,306.999
15546,2.985,33.236,245.99,614.3466,-1,2,8,97.2,,False,124.999
15547,0.84,24.482,184.82,313.1203,-1,1,4,96.3,,False,446.999
15548,3.307,33.994,251.65,611.4313,-1,3,5,87.3,,False,518.2529630614122
15550,3.598,39.374,289.85,832.5427,-1,2,3,89.2,,False,94.999
15564,0.696,23.353,176.66,297.1467,-1,2,3,97.7,,False,219.999
15569,0.726,19.275,148.01,217.0876,-1,1,3,90.7,,False,1068.999
15571,0.396,24.431,187.47,223.0177,-1,2,4,86.4,,False,67.999
15573,2.092,32.289,240.19,496.3079,-1,2,3,98.8,,False,561.999
15579,3.47,25.174,189.79,324.2733,-1,1,5,98.5,,False,487.999
15583,0.619,29.046,227.12,167.0192,-1,1,6,98.5,,False,164.999
15585,1.086,12.173,100.14,92.9271,-1,1,9,73.1,,False,47.65442045725274
15588,0.441,16.593,128.97,177.019,-1,1,4,96.5,,False,623.999
15590,1.92,30.419,225.85,531.2615,-1,4,3,88.6,,False,280.999
15595,1.534,17.126,131.21,223.9533,-1,1,6,99.3,,False,398.999
15598,2.086,23.962,180.35,337.1718,-1,1,3,60.4,,False,844.2223333333334
15602,2.147,25.915,194.15,385.2281,-1,2,3,59.7,,False,982.999
15606,2.422,22.788,169.07,530.8989,-1,1,4,96.7,,False,182.999
15613,0.511,25.517,209.55,96.9205,-1,1,7,69.9,,False,157.999
15623,3.324,45.152,331.37,1034.7929,-1,2,3,97.3,,False,725.999
15624,2.599,25.434,223.4,59.0128,-1,1,5,96.6,,False,333.999
15625,0.484,25.039,188.95,316.1205,-1,1,3,99.0,,False,554.999
15634,0.421,27.195,203.75,386.9425,-1,1,9,91.3,,False,230.999
15636,3.589,31.229,232.34,493.5082,-1,2,6,57.3,,False,64.999
15639,2.14,31.752,235.06,604.2538,-1,2,5,98.5,,False,252.999
15641,3.213,20.369,155.45,244.0322,-1,1,7,88.0,,False,263.999
15644,1.372,13.755,113.22,92.9263,-1,1,8,87.8,,False,261.7477892176977
15661,1.262,28.957,214.8,550.2316,-1,2,7,86.5,,False,328.999
15663,1.774,25.681,192.89,358.2674,-1,1,6,90.2,,False,169.999
15678,3.253,32.456,240.55,573.3998,-1,4,3,55.0,,False,605.999
15685,1.358,30.041,223.14,521.3373,-1,2,5,100.0,,False,386.999
15689,0.408,19.371,148.48,224.0305,-1,2,3,93.5,,False,552.999
15692,2.921,31.195,231.26,567.3247,-1,2,3,92.3,,False,270.999
15701,1.803,37.384,301.32,116.9742,-1,1,9,88.5,,False,48.644836731202304
15704,3.496,29.515,219.76,477.2243,-1,2,6,95.3,,False,187.999
15708,4.074,34.889,257.57,697.3835,-1,2,5,47.7,,False,531.999
15710,1.617,17.954,137.42,228.9311,-1,1,9,76.9,,False,282.999
15717,2.91,25.404,191.09,344.2891,-1,1,8,98.9,,False,213.999
15718,1.97,21.922,165.94,291.1115,-1,1,3,97.4,,False,457.999
15733,2.693,41.87,307.76,926.5615,-1,4,4,97.5,,False,499.999
15736,1.014,30.928,241.87,167.02,-1,1,5,65.3,,False,159.999
15743,2.585,37.178,274.17,745.4207,-1,3,4,100.0,,False,414.999
15749,2.319,28.973,215.76,473.2464,-1,1,5,82.2,,False,387.999
15751,0.442,24.271,182.52,345.0167,-1,1,5,91.2,,False,240.999
15753,2.974,33.752,249.54,646.3785,-1,2,8,88.6,,False,237.999
15757,2.507,23.841,180.74,283.2267,-1,1,5,90.9,,False,268.999
15760,1.767,25.616,192.06,376.2244,-1,1,7,94.5,,False,64.11122222222224
15769,1.859,27.999,208.82,447.313,-1,2,4,50.9,,False,362.999
15773,0.636,27.846,214.3,213.0237,-1,2,3,95.0,,False,1501.999
15776,3.972,32.705,242.35,580.4429,-1,3,4,67.6,,False,41.33344444444444
15779,2.695,24.344,180.0,618.9636,-1,1,8,98.3,,False,37.28071359201269
15781,0.34,28.376,211.5,458.101,-1,1,3,98.0,,False,114.999
15792,0.659,21.774,167.01,223.1342,-1,1,5,84.7,,False,321.999
15803,2.7,23.601,178.27,308.1955,-1,2,6,97.9,,False,127.66677777777775
15805,2.61,39.132,288.27,793.5418,-1,1,4,57.6,,False,192.999
15810,3.351,31.725,236.36,469.3912,-1,1,4,88.6,,False,250.999
15815,1.418,23.71,184.11,183.1031,-1,1,3,99.4,,False,743.999
15816,1.574,23.859,180.39,301.2036,-1,2,3,96.8,,False,498.999
15820,3.65,32.574,241.67,552.4743,-1,1,3,53.8,,False,107.77788888888915
15821,1.557,29.481,218.97,521.2575,-1,1,3,97.9,,False,712.999
15834,3.661,40.697,299.5,851.6033,-1,1,3,41.3,,False,697.999
15840,3.236,35.237,260.38,665.5181,-1,2,3,82.3,,False,522.999
15841,0.371,21.568,170.31,145.0623,-1,1,3,79.9,,False,1156.999
15848,1.319,18.609,145.17,169.1241,-1,1,3,97.3,,False,666.999
15853,2.667,30.483,226.18,546.2812,-1,1,7,98.1,,False,252.999
15861,2.342,23.141,175.17,292.2035,-1,1,4,68.0,,False,360.999
15868,2.263,30.956,229.93,524.3677,-1,1,7,74.1,,False,231.999
15870,2.67,26.946,201.58,404.2863,-1,1,5,51.8,,False,338.999
15873,1.978,29.379,218.38,507.2336,-1,1,6,74.3,,False,210.999
15875,2.438,25.538,191.8,358.3073,-1,1,3,78.0,,False,481.999
15891,0.519,29.271,217.79,488.1968,-1,2,4,99.4,,False,758.999
15892,3.215,30.699,227.7,554.3301,-1,1,3,76.5,,False,264.999
15897,3.604,31.99,237.09,576.369,-1,2,7,97.6,,False,187.999
15900,4.585,37.908,280.69,607.4261,-1,2,4,96.8,,False,329.999
15906,0.5,17.184,130.85,251.8885,-1,1,4,98.9,,False,736.999
15913,3.352,36.748,272.17,601.4144,-1,2,4,99.9,,False,258.999
15919,4.071,34.079,252.48,587.5009,-1,1,3,45.1,,False,1556.227642261992
15924,3.449,27.33,200.84,880.9466,-1,1,9,71.8,,False,69.64468804198441
15926,3.282,23.043,179.18,179.1793,-1,1,6,90.0,,False,340.999
15928,1.343,31.564,236.93,370.1767,-1,1,8,74.0,,False,84.999
15929,1.858,26.808,200.16,429.2361,-1,1,4,98.9,,False,160.999
15937,1.976,27.843,207.61,451.2441,-1,2,6,87.6,,False,205.22233333333332
15940,2.924,32.824,244.04,507.319,-1,1,5,92.6,,False,226.999
15942,1.212,26.099,195.98,361.2027,-1,1,6,88.0,,False,118.999
15946,4.178,25.524,192.41,325.1887,-1,1,4,70.5,,False,290.999
15948,1.89,27.715,207.05,423.2725,-1,1,6,86.0,,False,135.999
15949,0.859,24.342,182.66,366.1013,-1,1,4,98.3,,False,155.999
15953,1.833,15.418,123.93,116.9712,-1,1,9,82.7,,False,141.889
15955,0.276,22.134,165.0,444.6757,-1,1,8,96.9,,False,135.999
15956,2.956,29.378,222.3,299.2591,-1,2,6,86.6,,False,306.999
15978,1.343,28.352,210.85,496.2745,-1,2,6,100.0,,False,119.999
15981,4.267,41.877,307.75,937.5911,-1,2,9,98.9,,False,123.999
15991,3.05,42.163,314.14,478.2899,-1,2,4,48.7,,False,144.999
15992,1.558,31.646,234.21,612.3866,-1,1,5,53.0,,False,387.999
15993,1.262,32.966,243.71,649.359,-1,1,7,98.4,,False,257.999
15996,2.948,32.638,241.75,593.3482,-1,2,5,97.9,,False,123.999
16000,4.666,31.196,232.4,469.4276,-1,2,4,95.7,,False,239.999
16007,0.289,21.016,160.02,256.0928,-1,1,4,87.4,,False,370.999
16012,0.382,26.504,206.68,172.9899,-1,1,4,90.5,,False,492.999
16016,0.514,25.027,205.52,96.9197,-1,1,9,83.3,,False,64.999
16023,1.854,28.331,211.63,425.2899,-1,1,5,50.1,,False,287.999
16033,2.751,28.108,210.32,403.2857,-1,2,4,66.7,,False,230.999
16034,1.306,30.055,224.06,456.2542,-1,2,4,80.3,,False,347.999
16038,1.752,28.069,208.92,480.2807,-1,1,6,98.8,,False,97.999
16050,2.516,19.967,154.03,201.1766,-1,1,4,77.7,,False,348.999
16059,0.427,23.183,174.8,321.1731,-1,1,3,95.8,,False,418.999
16068,1.604,26.734,199.84,414.2333,-1,4,5,54.0,,False,392.999
16073,2.792,35.806,264.05,742.3575,-1,1,6,79.8,,False,239.999
16077,0.852,23.608,177.26,359.0148,-1,1,6,99.5,,False,94.999
16081,3.625,38.432,283.54,730.5587,-1,2,6,90.5,,False,137.11122222222224
16093,3.155,26.844,201.28,377.3409,-1,1,6,52.1,,False,155.55566666666667
16102,4.06,22.64,172.19,263.2386,-1,1,4,91.1,,False,455.999
16105,1.56,30.78,228.23,560.3324,-1,2,3,91.1,,False,308.999
16109,2.491,26.823,200.78,396.3176,-1,1,5,75.2,,False,150.999
16111,4.013,44.223,324.9,955.7955,-1,2,3,98.9,,False,1152.999
16117,3.963,45.932,337.22,1011.8564,-1,2,6,99.2,,False,441.999
16118,1.752,24.958,187.7,345.212,-1,1,7,83.2,,False,171.999
16119,1.779,24.785,186.21,354.2117,-1,2,5,96.5,,False,383.999
16124,1.874,30.459,226.1,536.2007,-1,1,6,97.0,,False,287.999
16126,2.756,31.315,231.86,600.2051,-1,2,4,100.0,,False,456.999
16130,2.773,29.326,218.0,507.2517,-1,2,7,73.6,,False,207.999
16139,3.553,31.235,231.85,539.3783,-1,2,5,84.1,,False,212.999
16142,2.4,24.476,184.58,320.9876,-1,1,5,86.1,,False,159.70240617862873
16145,3.688,26.426,198.14,377.3057,-1,2,4,53.7,,False,319.999
16148,2.145,25.956,194.52,382.2049,-1,1,5,68.3,,False,411.999
16164,3.255,22.327,169.18,285.1471,-1,1,3,76.9,,False,886.999
16165,2.097,24.448,181.21,556.9586,-1,1,5,92.4,,False,102.999
16170,2.298,29.826,221.47,529.2632,-1,2,4,66.6,,False,311.999
16176,1.526,33.824,250.05,650.3603,-1,2,8,79.4,,False,124.999
16181,0.388,20.365,155.51,241.1456,-1,1,4,98.6,,False,368.999
16183,3.076,25.758,193.49,357.2445,-1,2,4,64.5,,False,529.999
16189,2.327,36.353,267.72,805.2812,-1,1,7,91.8,,False,295.999
16202,1.247,21.694,165.78,239.1635,-1,1,4,92.1,,False,376.999
16205,1.794,26.667,199.53,401.295,-1,2,4,83.9,,False,750.999
16206,3.086,32.152,238.68,539.3707,-1,1,4,58.4,,False,505.999
16207,0.464,30.176,224.75,471.2459,-1,3,3,98.3,,False,903.999
16209,3.196,25.908,194.76,350.3131,-1,1,7,60.8,,False,231.999
16211,0.644,23.312,178.67,227.1007,-1,1,7,97.4,,False,398.999
16227,3.253,36.858,271.76,752.4581,-1,1,6,44.0,,False,64.55566666666665
16228,0.429,27.874,206.4,590.9432,-1,1,10,94.2,,False,189.41940532849452
16237,1.621,21.26,162.04,251.1199,-1,1,4,97.5,,False,354.999
16239,4.25,32.3,239.52,564.3432,-1,2,7,79.4,,False,101.77788888888892
16244,3.435,32.325,239.47,588.3675,-1,3,5,60.0,,False,157.22233333333332
16248,0.373,22.871,174.54,246.0737,-1,1,5,78.2,,False,487.999
16251,1.675,33.432,247.43,615.3798,-1,1,6,86.5,,False,219.999
16252,2.446,24.073,181.62,317.2601,-1,1,6,79.4,,False,230.999
16254,3.9,40.847,300.79,819.6629,-1,2,5,99.2,,False,458.999
16256,2.667,39.412,290.21,814.5675,-1,3,3,52.5,,False,600.7778888888889
16259,3.941,36.134,266.85,690.5575,-1,2,4,69.7,,False,1078.4445555555556
16266,2.294,30.155,223.79,540.1902,-1,3,4,100.0,,False,484.999
16271,2.803,29.377,219.52,421.3717,-1,2,3,87.4,,False,494.999
16278,3.408,29.979,220.08,956.952,-1,1,7,84.4,,False,280.8293937965207
16298,1.705,25.751,193.15,372.194,-1,2,5,98.7,,False,134.999
16305,1.691,28.349,211.42,449.2921,-1,1,6,66.8,,False,233.999
16306,1.569,28.089,209.85,423.2764,-1,2,7,97.9,,False,308.999
16308,4.478,41.191,302.99,875.6024,-1,2,5,56.8,,False,183.999
16315,1.692,28.451,212.06,458.29,-1,1,6,96.7,,False,112.999
16319,1.714,29.406,218.5,515.2263,-1,1,4,96.5,,False,146.999
16321,1.894,27.467,205.44,407.2795,-1,1,4,43.1,,False,402.999
16327,0.833,17.579,132.85,296.8428,-1,1,3,98.9,,False,627.999
16331,4.112,33.173,245.49,617.3766,-1,1,5,71.4,,False,202.999
16334,1.837,27.267,204.1,397.2082,-1,2,3,77.0,,False,971.999
16336,4.054,26.07,195.7,364.2577,-1,1,3,80.8,,False,708.999
16337,1.386,35.375,261.22,691.3977,-1,2,6,90.4,,False,306.999
16343,4.275,39.863,293.44,831.6029,-1,5,3,52.5,,False,190.999
16346,1.677,27.648,206.52,425.2917,-1,1,5,87.8,,False,164.999
16347,3.398,35.862,264.94,675.4839,-1,4,5,90.0,,False,241.999
16348,2.97,38.054,280.72,734.5575,-1,1,3,48.1,,False,589.999
16354,0.386,23.69,185.36,164.0717,-1,1,5,97.3,,False,575.999
16357,2.459,23.019,174.87,269.9878,-1,1,3,98.2,,False,295.44455555555555
16363,1.832,27.942,208.69,427.3064,-1,2,5,90.8,,False,353.999
16366,2.43,24.474,181.71,518.9743,-1,1,3,97.1,,False,552.999
16377,1.858,36.34,300.12,92.926,-1,1,10,98.1,,False,0.8889999999999816
16379,4.439,32.909,244.16,551.2713,-1,3,3,100.0,,False,325.999
16384,3.136,34.674,256.16,671.4073,-1,2,3,88.9,,False,426.999
16393,3.63,39.961,303.44,280.237,-1,2,3,83.8,,False,427.999
16406,1.059,26.751,200.22,397.2086,-1,2,4,98.9,,False,407.999
16422,1.474,4.343,33.92,141.0162,-1,1,5,84.0,,False,488.999
16423,1.893,32.187,237.86,659.2795,-1,3,5,92.2,,False,274.999
16428,1.688,25.954,194.09,407.2493,-1,2,3,82.4,,False,151.999
16430,4.451,39.307,289.89,742.5475,-1,2,4,94.1,,False,523.2223333333334
16437,3.38,31.095,230.55,564.3359,-1,2,4,92.8,,False,404.999
16439,4.488,25.153,190.71,283.2643,-1,1,4,64.2,,False,1356.6922411369012
16445,1.925,28.956,216.1,439.255,-1,2,5,94.7,,False,122.999
16446,1.555,32.188,265.11,94.9236,-1,1,8,80.8,,False,183.999
16456,1.633,22.928,173.51,294.1791,-1,1,3,48.4,,False,583.999
16461,4.295,41.551,305.77,857.525,-1,3,5,76.8,,False,408.999
16469,0.448,19.551,149.55,232.9956,-1,1,3,56.6,,False,534.999
16475,4.417,28.253,210.4,472.2501,-1,1,7,78.1,,False,171.7778888888889
16476,0.386,16.241,127.77,150.0573,-1,1,3,98.8,,False,65.55566666666667
16490,4.521,32.539,241.39,553.4846,-1,1,3,50.5,,False,1107.7658972088072
16491,2.367,24.68,186.35,311.2239,-1,1,3,54.5,,False,244.999
16492,3.093,23.288,177.14,263.2018,-1,1,6,99.0,,False,135.999
16498,3.05,24.13,182.23,309.2824,-1,2,3,45.7,,False,804.3334444444445
16514,1.286,31.464,232.95,601.3303,-1,2,4,90.2,,False,200.999
16516,0.262,23.966,179.39,392.9391,-1,1,6,59.0,,False,46.111222222222295
16518,3.346,34.157,252.46,656.4023,-1,2,4,87.3,,False,97.999
16521,0.91,28.181,232.03,94.9248,-1,1,7,59.7,,False,481.27278451225175
16523,0.512,31.971,235.51,778.9984,-1,3,4,84.2,,False,95.999
16530,3.957,37.425,546.84,766.6941,-2,3,3,57.3,,False,1210.999
16532,2.002,21.805,165.15,287.1458,-1,1,3,88.0,,False,495.999
16534,3.062,36.0,265.46,744.3765,-1,2,4,98.5,,False,334.999
16539,2.614,28.677,214.1,433.2956,-1,2,4,51.8,,False,447.999
16557,0.973,23.121,189.17,99.9554,-1,1,9,79.6,,False,27.343950629062533
16561,0.389,12.117,98.26,105.92,-1,1,4,90.2,,False,635.999
16564,2.827,29.838,221.63,522.3455,-1,1,4,56.7,,False,106.999
16567,0.39,22.758,179.36,148.979,-1,1,6,69.4,,False,363.999
16583,2.432,27.054,202.45,400.3119,-1,1,5,57.9,,False,192.999
16595,0.596,23.325,176.01,315.2175,-1,1,5,97.1,,False,271.999
16631,0.573,16.945,130.2,212.9445,-1,1,3,98.1,,False,709.999
16635,2.338,21.67,160.74,531.9734,-1,1,5,90.2,,False,295.17708030448955
16640,2.307,34.972,257.93,735.2536,-1,3,5,96.7,,False,210.999
16646,0.79,21.048,171.61,102.9549,-1,1,6,78.4,,False,212.999
16648,2.137,37.097,274.51,627.2736,-1,2,5,98.7,,False,239.999
16654,0.574,31.767,244.54,213.0236,-1,1,3,88.0,,False,560.999
16661,1.623,22.715,172.23,281.1738,-1,1,8,93.7,,False,183.88899999999998
16669,2.519,22.44,172.13,223.1706,-1,1,4,97.3,,False,597.999
16672,4.156,38.116,280.82,790.6923,-1,3,4,52.5,,False,596.999
16677,2.645,27.09,202.76,398.3319,-1,1,5,99.0,,False,302.999
16679,0.815,22.24,168.91,271.0058,-1,1,4,61.3,,False,338.999
16681,4.432,41.473,305.45,806.7689,-1,2,4,99.5,,False,437.999
16683,3.592,19.762,151.17,233.1144,-1,1,6,97.7,,False,442.999
16685,3.218,30.904,230.12,477.5353,-1,2,3,67.2,,False,186.999
16689,1.443,21.14,161.45,241.1823,-1,1,4,93.5,,False,595.999
16692,0.246,13.603,109.64,112.9351,-1,1,5,80.3,,False,93.999
16694,1.473,6.759,55.34,92.9284,-1,1,11,84.3,,False,63.40164346170931
16702,0.537,30.134,235.64,167.0202,-1,1,4,56.1,,False,889.999
16706,3.351,30.869,229.16,536.3361,-1,1,7,98.0,,False,129.999
16709,2.561,28.671,212.81,534.952,-1,1,4,98.0,,False,379.999
16710,2.078,29.952,222.25,545.205,-1,1,6,85.1,,False,155.999
16711,2.622,33.887,250.72,624.4721,-1,2,3,45.7,,False,512.999
16714,0.854,23.49,176.91,331.191,-1,1,6,94.3,,False,151.999
16723,3.978,35.58,263.08,647.4924,-1,3,6,52.5,,False,181.999
16728,0.251,15.422,122.84,129.0181,-1,1,7,70.5,,False,346.999
16733,3.426,26.277,201.37,229.1951,-1,1,4,79.1,,False,219.999
16735,0.393,18.62,142.89,219.0664,-1,1,3,97.1,,False,72.999
16739,3.233,45.266,332.25,1032.7699,-1,3,3,95.7,,False,204.999
16740,3.618,37.994,280.36,723.5256,-1,1,7,81.4,,False,173.22233333333332
16748,1.741,29.591,220.43,469.3177,-1,2,6,62.5,,False,199.999
16750,0.167,19.925,151.37,267.0722,-1,1,9,98.9,,False,137.999
16758,0.381,27.187,201.61,552.9501,-1,1,7,87.9,,False,166.999
16759,0.811,37.501,309.74,92.927,-1,1,8,99.1,,False,88.12881657548508
16761,3.541,39.088,287.93,795.5503,-1,3,3,52.5,,False,415.999
16766,2.298,24.102,181.77,320.2323,-1,1,4,96.9,,False,504.999
16768,0.668,26.355,207.26,154.0607,-1,1,7,88.1,,False,103.55566666666667
16771,1.744,28.969,215.97,454.3272,-1,1,4,74.7,,False,322.999
16811,1.168,26.225,196.32,395.1532,-1,2,3,99.8,,False,271.999
16820,3.397,19.608,147.59,330.9805,-1,1,5,97.7,,False,249.999
16826,4.428,29.942,222.21,540.2426,-1,2,3,70.1,,False,214.999
16840,1.44,33.373,246.82,637.3988,-1,1,7,93.5,,False,256.999
16841,0.472,21.269,160.85,297.0074,-1,1,5,99.4,,False,680.999
16856,1.109,17.411,132.24,265.8955,-1,1,3,91.5,,False,516.999
16860,1.97,22.856,171.43,368.8998,-1,1,3,98.1,,False,904.999
16861,0.315,23.696,179.43,290.8467,-1,1,9,89.9,,False,97.999
16868,0.678,5.23,42.67,92.9268,-1,1,5,99.8,,False,153.999
16871,1.531,28.483,209.52,833.6405,-1,1,7,98.5,,False,84.999
16876,0.452,23.399,194.01,89.0234,-1,1,5,97.8,,False,475.999
16880,3.891,31.627,234.23,594.3222,-1,2,5,99.5,,False,170.999
16881,2.514,25.699,193.03,358.3037,-1,1,8,82.5,,False,143.999
16891,1.972,26.904,201.03,419.3137,-1,1,6,97.1,,False,243.999
16899,0.391,27.432,225.84,94.926,-1,1,6,72.3,,False,231.96264427446823
16901,2.838,34.418,254.4,657.4455,-1,2,3,85.6,,False,621.999
16902,3.005,27.026,202.71,373.2779,-1,1,3,93.4,,False,343.999
16907,2.153,18.333,142.39,180.0739,-1,1,5,91.4,,False,284.999
16918,0.608,16.038,132.12,92.929,-1,1,6,98.2,,False,108.999
16922,3.331,36.918,272.71,681.3296,-1,2,6,90.4,,False,122.999
16927,1.464,18.709,154.22,92.9271,-1,1,9,98.9,,False,67.11167062254523
16938,0.414,30.892,227.81,730.9348,-1,1,4,82.1,,False,167.999
16940,1.905,32.217,238.07,661.259,-1,1,6,98.3,,False,295.999
16944,2.1,25.922,192.4,528.9747,-1,1,3,92.1,,False,299.66677777777784
16952,0.707,20.261,154.31,254.0125,-1,1,3,92.6,,False,747.999
16953,2.636,30.473,227.25,452.2813,-1,1,4,77.1,,False,690.999
16956,3.497,31.839,236.57,519.5275,-1,2,4,59.4,,False,699.999
16959,3.55,32.322,239.93,537.6986,-1,1,3,53.1,,False,469.999
16962,2.936,29.392,218.84,476.3473,-1,1,4,99.4,,False,212.999
16964,0.371,31.505,232.1,774.9153,-1,1,7,92.5,,False,80.999
16969,1.371,27.216,202.59,477.2325,-1,2,4,93.7,,False,274.999
16984,1.417,32.303,242.51,369.1752,-1,1,7,82.4,,False,402.999
17013,0.63,26.713,197.91,574.9129,-1,1,5,54.0,,False,522.999
17015,1.904,29.727,220.26,577.2788,-1,3,3,93.7,,False,985.999
17021,4.775,32.39,239.69,617.3605,-1,2,5,94.5,,False,239.999
17024,1.064,24.334,182.95,347.1875,-1,2,4,78.0,,False,243.999
17026,2.328,31.484,233.2,589.0186,-1,2,4,97.6,,False,39.777888888888924
17028,2.623,31.848,235.96,584.3079,-1,1,5,79.9,,False,182.999
17032,3.493,35.447,261.86,677.4615,-1,2,3,100.0,,False,1194.999
17040,0.43,21.983,166.89,273.0759,-1,1,4,98.3,,False,312.999
17043,3.473,31.716,235.21,560.4079,-1,1,3,37.1,,False,513.999
17049,2.457,39.261,288.99,836.49,-1,4,6,93.7,,False,198.999
17054,1.505,28.608,213.35,449.2916,-1,1,5,98.1,,False,181.999
17057,0.385,23.73,184.54,179.0557,-1,1,3,97.7,,False,994.999
17069,3.904,33.139,245.54,584.4126,-1,1,5,73.1,,False,261.999
17078,0.583,28.172,226.92,116.9746,-1,1,5,97.8,,False,203.09354566121448
17079,1.666,25.942,194.24,392.25,-1,1,3,57.8,,False,330.999
17080,1.524,21.569,163.72,273.6588,-1,1,5,73.7,,False,180.999
17087,0.353,23.184,174.88,318.053,-1,1,7,99.0,,False,185.999
17089,3.507,27.638,206.5,421.2738,-1,1,5,94.7,,False,184.999
17097,0.671,22.793,173.49,259.0274,-1,1,4,44.8,,False,127.999
17104,4.185,30.29,225.8,457.4045,-1,1,7,67.4,,False,196.999
17106,2.943,22.731,168.27,581.9706,-1,1,5,91.9,,False,232.999
17110,0.247,18.077,147.93,99.0076,-1,1,4,93.0,,False,330.999
17112,0.415,30.213,222.99,696.9941,-1,1,9,87.8,,False,271.999
17117,2.186,19.374,142.22,880.9526,-1,1,9,92.3,,False,54.999
17123,2.409,23.796,179.6,314.2419,-1,1,4,46.6,,False,535.999
17128,4.139,41.703,306.87,860.6981,-1,1,7,42.6,,False,151.999
17133,2.647,25.29,190.14,348.2616,-1,1,6,74.1,,False,295.999
17138,0.374,23.415,178.71,246.0726,-1,1,5,99.7,,False,186.999
17164,2.612,29.44,219.52,452.3482,-1,1,3,42.9,,False,159.999
17165,1.562,27.083,202.93,385.2058,-1,2,4,78.1,,False,524.999
17174,0.593,28.239,211.16,410.99,-1,1,4,89.2,,False,375.999
17176,1.074,56.023,451.85,116.9722,-1,1,9,71.7,,False,244.999
17178,2.099,25.894,194.21,373.2364,-1,1,7,93.5,,False,173.999
17192,0.852,22.526,169.75,325.0382,-1,1,3,99.0,,False,162.999
17198,4.07,34.973,258.31,683.4702,-1,2,5,92.3,,False,152.999
17206,3.308,29.579,224.59,277.2181,-1,1,5,75.7,,False,480.999
17207,4.083,37.736,824.5,773.6891,-3,2,3,43.3,,False,91.999
17217,0.786,16.312,129.37,136.0162,-1,1,3,97.4,,False,943.999
17218,1.962,23.965,181.43,292.2048,-1,1,3,99.1,,False,586.999
17219,0.442,29.672,220.52,511.353,-1,2,3,94.2,,False,351.999
17227,3.016,23.036,174.7,280.2359,-1,1,5,52.9,,False,18.598866638276775
17234,3.264,32.284,238.89,617.2219,-1,3,4,99.2,,False,111.22233333333332
17244,0.412,27.588,203.89,644.8249,-1,1,9,91.3,,False,85.55566666666667
17248,3.154,32.714,243.31,499.3451,-1,1,3,97.9,,False,618.999
17249,2.369,27.781,207.02,460.2481,-1,1,3,41.5,,False,878.999
17254,2.582,27.779,207.12,451.2522,-1,2,5,63.2,,False,537.6667777777777
17259,4.467,32.461,240.55,580.3987,-1,1,4,46.8,,False,98.55566666666664
17262,3.469,33.375,246.82,636.3858,-1,3,4,98.6,,False,653.4445555555556
17263,3.936,39.956,294.01,855.5444,-1,3,3,75.2,,False,286.999
17268,1.765,26.232,196.48,388.277,-1,1,5,98.5,,False,154.999
17269,3.418,35.181,259.82,687.4125,-1,2,4,62.6,,False,107.999
17274,0.369,19.512,152.92,159.0929,-1,1,3,94.9,,False,324.999
17277,3.422,46.446,340.71,1082.7851,-1,3,6,97.6,,False,117.999
17284,1.517,30.09,223.51,523.2933,-1,1,6,98.0,,False,263.999
17288,2.25,21.295,161.97,262.111,-1,3,3,52.5,,False,427.999
17289,0.694,33.419,275.94,92.9283,-1,1,6,89.3,,False,51.66677777777778
17299,2.813,26.136,196.11,368.2909,-1,2,3,43.3,,False,719.999
17301,4.465,40.504,307.43,283.2662,-1,2,5,85.6,,False,578.5556666666666
17305,2.619,26.298,196.93,391.2147,-1,2,3,96.8,,False,200.999
17307,1.287,34.951,258.2,677.3798,-1,2,7,92.4,,False,174.999
17309,1.705,22.601,181.93,116.9725,-1,1,3,42.6,,False,353.999
17316,1.821,30.552,226.39,577.2194,-1,3,3,92.0,,False,1001.999
17318,0.357,25.952,194.19,400.0568,-1,1,5,98.0,,False,238.999
17325,2.366,22.288,168.67,293.1432,-1,1,4,95.1,,False,42.77788888888887
17326,1.169,12.985,104.12,118.9684,-1,1,9,97.4,,False,79.55566666666667
17331,1.938,27.795,207.23,452.2139,-1,3,4,75.5,,False,357.999
17337,0.363,27.808,205.25,686.8185,-1,1,8,72.9,,False,8.000111111111096
17339,0.679,25.495,188.84,576.8271,-1,1,9,80.0,,False,186.999
17344,1.058,12.966,97.02,368.1624,-1,1,5,84.9,,False,117.999
17352,1.099,40.783,306.37,367.1654,-1,2,4,64.4,,False,132.999
17356,3.306,32.221,238.68,590.3488,-1,2,4,78.1,,False,267.999
17362,0.386,26.281,196.04,442.1972,-1,1,4,86.2,,False,230.999
17377,0.128,28.423,209.88,674.8393,-1,1,6,61.3,,False,257.999
17379,2.273,19.377,149.03,211.1338,-1,1,4,99.1,,False,283.999
17387,1.837,34.709,256.44,669.2837,-1,2,3,76.0,,False,335.999
17388,2.754,32.265,239.0,590.3119,-1,2,6,65.0,,False,161.999
17393,1.425,33.855,278.87,94.9239,-1,1,12,99.7,,False,5.973055507381758
17407,2.722,22.254,169.6,252.2403,-1,1,7,99.0,,False,227.999
17412,0.492,21.955,171.53,167.0204,-1,1,4,93.0,,False,154.999
17417,2.256,23.756,176.55,498.9355,-1,1,4,83.3,,False,276.999
17418,0.409,26.392,201.55,244.964,-1,1,4,73.3,,False,138.999
17421,4.348,39.401,290.4,770.5896,-1,3,7,63.4,,False,188.39334653756026
17429,3.351,19.287,148.6,205.1602,-1,1,3,89.6,,False,548.999
17431,1.672,32.668,269.08,94.9233,-1,1,7,94.9,,False,74.00011111111111
17446,3.659,41.262,303.86,814.7375,-1,2,3,92.6,,False,711.999
17458,3.162,20.388,154.59,278.9799,-1,1,4,99.2,,False,123.999
17460,0.406,24.395,186.25,244.964,-1,1,5,73.0,,False,134.999
17468,0.578,28.862,213.4,632.9571,-1,1,4,59.8,,False,215.999
17470,1.249,31.965,236.66,603.3546,-1,2,6,67.9,,False,223.999
17486,4.042,24.509,184.87,319.2659,-1,1,3,98.2,,False,475.999
17489,0.442,35.604,282.17,141.0164,-1,1,4,93.9,,False,142.999
17497,0.377,23.452,179.97,222.0287,-1,1,4,64.9,,False,395.999
17498,3.428,23.126,175.14,289.1799,-1,1,3,87.5,,False,650.999
17501,1.351,23.684,178.82,311.1531,-1,2,4,68.5,,False,846.999
17507,0.389,29.721,219.37,692.9152,-1,1,5,98.3,,False,130.999
17511,0.699,24.01,185.23,203.0555,-1,1,6,56.0,,False,295.999
17516,2.018,27.482,205.24,427.3056,-1,1,5,74.3,,False,359.999
17524,1.451,10.432,91.26,59.0132,-1,1,10,97.0,,False,41.44455555555555
17527,4.758,29.513,220.28,437.4031,-1,2,3,98.9,,False,206.999
17531,2.663,29.635,221.53,417.3392,-1,1,5,43.5,,False,221.999
17537,1.811,24.853,186.95,343.2488,-1,1,4,79.1,,False,402.889
17539,2.937,27.207,203.35,415.288,-1,1,3,68.3,,False,440.999
17545,0.964,56.056,438.85,167.021,-1,1,4,61.3,,False,178.999
17553,0.903,20.903,159.01,261.0776,-1,1,3,97.6,,False,232.999
17556,3.644,35.159,259.1,767.1032,-1,5,3,100.0,,False,346.999
17560,2.451,30.353,225.32,536.31,-1,1,7,92.7,,False,88.999
17561,3.591,25.947,194.78,364.2098,-1,1,4,85.1,,False,377.999
17562,2.522,32.584,241.6,567.3942,-1,1,6,82.5,,False,371.999
17565,2.288,28.613,213.22,460.3176,-1,1,3,60.3,,False,231.999
17568,0.651,10.276,77.91,259.0293,-1,1,3,99.3,,False,452.999
17574,1.117,2.712,21.87,92.9285,-1,1,3,43.7,,False,84.999
17580,0.661,24.677,190.39,203.0552,-1,1,9,97.5,,False,108.999
17592,3.124,25.396,190.88,351.1998,-1,2,3,95.4,,False,610.999
17593,2.023,29.482,218.93,526.2219,-1,2,3,95.5,,False,369.999
17595,2.727,30.805,228.48,555.2951,-1,1,5,90.1,,False,167.999
17608,1.514,28.741,213.95,479.2664,-1,1,6,98.7,,False,145.999
17625,0.746,21.111,157.96,392.8547,-1,1,11,92.8,,False,113.999
17629,3.853,25.2,189.04,370.1657,-1,1,5,97.9,,False,212.33344444444447
17633,2.686,29.444,219.44,460.3164,-1,1,4,45.0,,False,202.999
17638,0.415,32.306,268.09,89.0227,-1,1,5,97.9,,False,109.999
17658,0.278,23.916,177.1,578.5642,-1,1,8,82.2,,False,98.88899999999998
17666,1.392,28.176,209.86,469.2822,-1,1,3,61.7,,False,533.999
17680,0.229,25.648,225.28,59.0144,-1,1,4,95.5,,False,532.999
17682,1.64,29.58,220.01,495.3329,-1,1,3,54.7,,False,485.999
17684,3.191,38.932,286.94,772.5582,-1,1,4,88.6,,False,116.999
17685,0.703,22.543,171.18,272.1304,-1,1,3,73.3,,False,768.999
17686,0.681,21.705,163.92,307.0301,-1,1,4,98.1,,False,331.999
17687,2.895,20.107,153.51,242.0773,-1,1,8,91.0,,False,136.999
17708,0.806,22.617,170.48,323.023,-1,1,4,91.1,,False,202.999
17710,0.383,22.556,169.59,345.0148,-1,1,6,93.2,,False,114.999
17716,2.682,27.518,205.81,407.2839,-1,1,3,84.7,,False,610.999
17725,3.394,26.558,199.23,371.3196,-1,1,3,42.5,,False,516.999
17733,2.356,38.075,280.65,767.4019,-1,2,3,97.8,,False,312.999
17736,0.528,17.07,130.54,231.8718,-1,1,3,97.8,,False,643.999
17739,2.886,12.144,101.94,78.9584,-1,1,4,83.9,,False,435.999
17746,0.53,18.509,141.89,222.9635,-1,1,4,85.5,,False,103.999
17758,1.742,27.259,203.21,453.1449,-1,2,3,98.0,,False,439.999
17781,2.473,30.588,226.76,567.1949,-1,1,5,84.0,,False,270.999
17787,2.446,24.733,190.71,205.1219,-1,1,4,96.6,,False,402.999
17794,4.402,43.119,317.4,845.8116,-1,2,4,82.7,,False,445.999
17796,4.387,28.341,214.94,283.265,-1,2,3,73.3,,False,577.4445555555556
17800,3.439,30.562,227.56,478.3615,-1,1,5,90.0,,False,130.999
17802,0.576,28.189,209.9,473.1988,-1,2,4,84.9,,False,358.999
17808,1.606,25.279,189.88,357.1951,-1,2,4,64.7,,False,122.999
17809,0.331,19.754,163.7,89.0233,-1,1,3,99.5,,False,520.999
17811,2.523,27.391,204.68,419.2471,-1,1,5,65.4,,False,399.55566666666664
17812,4.581,28.953,215.31,497.2515,-1,1,4,62.6,,False,209.999
17818,3.683,34.047,251.78,640.4066,-1,1,7,97.4,,False,148.999
17822,2.338,29.526,219.36,517.2602,-1,1,4,58.8,,False,317.999
17823,2.759,32.132,238.41,548.4007,-1,1,4,63.9,,False,133.999
17824,4.425,32.36,240.22,536.4798,-1,1,3,90.3,,False,837.2223333333334
17836,3.96,45.136,331.49,985.8426,-1,1,4,91.9,,False,355.999
17838,3.625,24.068,182.05,298.2757,-1,1,4,97.7,,False,272.999
17850,2.616,29.504,219.42,497.3502,-1,1,3,56.8,,False,680.999
17869,0.654,25.441,196.31,203.0551,-1,1,6,74.7,,False,294.999
17872,3.831,39.554,291.08,852.5103,-1,3,6,72.2,,False,308.999
17873,0.594,22.823,171.71,339.0563,-1,1,3,97.5,,False,492.999
17874,2.656,28.18,209.72,481.2403,-1,2,3,98.5,,False,686.4445555555556
17875,2.894,34.709,256.41,676.3856,-1,2,7,53.1,,False,111.999
17886,0.754,25.811,212.46,94.9251,-1,1,10,97.3,,False,371.1659034586294
17888,0.592,22.952,173.41,305.1762,-1,1,3,99.0,,False,587.999
17890,0.4,28.302,216.17,244.9634,-1,1,5,62.6,,False,125.999
17893,0.381,13.602,111.68,95.0118,-1,1,4,96.6,,False,119.999
17895,1.014,23.063,174.41,299.2208,-1,1,4,55.2,,False,100.999
17900,2.07,28.424,212.16,436.3155,-1,1,3,73.0,,False,317.999
17908,0.684,25.059,186.33,492.9098,-1,1,3,58.1,,False,479.999
17909,1.799,25.936,194.84,356.2618,-1,1,3,92.7,,False,312.999
17918,2.952,25.654,189.98,581.9728,-1,1,5,99.4,,False,231.999
17922,3.483,24.161,199.31,93.0689,-1,1,5,99.7,,False,273.999
17927,0.671,23.444,176.29,344.9311,-1,1,8,98.1,,False,86.33344444444445
17931,1.341,30.25,224.29,562.3062,-1,1,4,80.2,,False,456.999
17935,1.772,31.665,255.13,116.9733,-1,1,8,78.4,,False,43.2261526767127
17940,1.752,24.256,182.68,331.25,-1,1,4,98.9,,False,218.999
17943,0.92,30.144,248.84,92.9269,-1,1,11,67.3,,False,9.15824018914418
17948,3.362,24.554,185.13,322.277,-1,2,3,71.9,,False,469.999
17952,0.647,22.085,166.72,311.0223,-1,1,4,98.9,,False,141.999
17963,4.048,26.379,198.04,363.3647,-1,1,3,99.0,,False,580.999
17970,3.96,35.603,262.82,698.66,-1,3,3,52.5,,False,1062.1112222222223
17978,3.552,29.192,217.61,456.3752,-1,2,3,96.6,,False,447.999
17983,0.664,18.689,143.34,221.0435,-1,1,6,90.4,,False,271.999
17997,3.336,26.479,198.52,378.3081,-1,1,6,90.4,,False,101.999
18014,3.077,35.568,262.77,673.5332,-1,1,5,41.9,,False,7.222333333333324
18024,2.133,27.333,203.94,439.1964,-1,2,4,92.8,,False,33.66677777777775
18036,0.128,21.735,163.06,364.8721,-1,1,9,97.3,,False,16.928655925483525
18057,0.663,26.732,200.65,366.1039,-1,1,4,91.5,,False,502.999
18063,0.279,25.221,186.53,616.5556,-1,1,8,89.4,,False,164.999
18068,0.396,23.079,179.89,172.9917,-1,1,3,96.6,,False,643.999
18069,4.437,45.891,336.67,1065.8394,-1,2,3,78.7,,False,1084.999
18071,1.211,25.551,224.44,59.0133,-1,1,6,86.9,,False,57.999
18074,1.826,23.948,180.73,315.1978,-1,1,5,69.3,,False,337.999
18078,1.668,41.396,333.7,116.9733,-1,1,6,63.2,,False,249.55566666666667
18079,1.899,32.201,237.8,683.2394,-1,1,5,92.6,,False,255.999
18088,3.642,26.359,197.63,377.2125,-1,2,4,82.4,,False,469.999
18100,2.252,29.997,222.72,531.2741,-1,1,4,63.4,,False,52.999
18108,0.394,29.048,214.67,648.9308,-1,1,5,98.9,,False,233.999
18114,4.48,44.297,326.11,831.6811,-1,3,3,96.8,,False,434.999
18118,0.483,17.232,133.76,181.0498,-1,1,4,99.6,,False,488.999
18134,1.714,9.835,78.86,116.9704,-1,1,4,85.2,,False,290.999
18139,1.189,29.713,244.69,94.9241,-1,1,7,94.5,,False,157.999
18143,3.234,24.599,199.84,107.0849,-1,1,5,91.2,,False,83.999
18146,1.228,20.247,155.66,213.1486,-1,1,7,99.8,,False,226.999
18153,2.529,27.378,204.62,417.2154,-1,1,3,73.4,,False,451.999
18154,2.785,31.403,233.54,501.2839,-1,1,5,99.3,,False,240.999
18156,3.635,20.017,153.65,219.1757,-1,1,3,50.6,,False,211.999
18157,3.413,26.819,201.04,379.2501,-1,1,4,89.7,,False,477.999
18163,1.994,26.845,200.35,435.2516,-1,1,5,76.2,,False,313.11122222222224
18165,1.439,24.32,182.87,346.1764,-1,1,5,98.3,,False,156.999
18168,0.314,23.366,180.35,201.0375,-1,1,5,99.3,,False,313.999
18187,4.798,29.196,217.32,479.3093,-1,1,3,41.8,,False,27.111222222222295
18193,0.45,24.827,185.77,398.129,-1,1,4,98.5,,False,283.999
18200,2.651,37.462,293.31,165.0405,-1,1,3,99.2,,False,484.999
18205,3.166,36.295,267.97,699.4937,-1,2,4,43.3,,False,7.000111111111124
18215,1.216,24.021,180.19,369.1768,-1,1,5,98.1,,False,328.999
18217,2.541,32.685,241.8,626.3162,-1,1,5,70.5,,False,293.999
18220,0.276,31.755,232.93,1032.2543,-1,1,9,98.2,,False,150.999
18229,4.332,41.964,308.37,939.6035,-1,2,5,85.6,,False,96.999
18232,0.811,23.593,177.73,329.2335,-1,2,3,100.0,,False,115.999
18257,2.443,27.462,205.17,421.1555,-1,2,4,65.3,,False,505.999
18267,2.945,27.531,205.33,447.3493,-1,1,5,87.0,,False,608.999
18271,1.881,18.417,140.98,228.9652,-1,1,10,87.5,,False,36.73415237478761
18283,3.437,25.404,191.32,333.3158,-1,1,7,98.9,,False,97.999
18285,2.679,28.529,212.29,485.3514,-1,2,3,94.4,,False,298.999
18292,1.294,33.176,245.39,634.3299,-1,2,7,96.2,,False,142.999
18306,0.161,23.489,174.36,522.8096,-1,1,5,97.5,,False,96.999
18310,2.796,27.013,202.62,373.3087,-1,2,3,82.4,,False,176.999
18311,1.57,41.926,307.96,969.5737,-1,2,8,84.5,,False,94.999
18313,3.951,34.393,254.19,660.429,-1,2,5,97.6,,False,242.999
18316,4.136,36.374,268.36,723.0515,-1,2,3,56.2,,False,976.3334444444445
18333,4.293,34.356,254.2,624.4977,-1,3,4,69.9,,False,345.999
18335,4.284,25.564,191.99,359.1535,-1,2,6,98.5,,False,68.88899999999998
18340,0.449,27.376,203.81,475.1486,-1,1,6,96.7,,False,188.999
18349,0.735,27.506,206.42,369.1744,-1,1,4,98.6,,False,214.999
18352,1.166,28.872,215.23,455.1673,-1,3,3,79.4,,False,250.999
18359,3.097,28.827,215.29,429.359,-1,1,5,80.8,,False,78.999
18366,0.392,23.426,177.01,304.9413,-1,1,3,46.1,,False,178.1112222222223
18373,2.45,23.842,176.53,581.1189,-1,2,3,81.3,,False,84.999
18382,4.417,41.329,303.99,881.6411,-1,3,6,89.1,,False,228.999
18389,0.099,26.287,194.51,604.8677,-1,1,5,93.5,,False,293.999
18390,3.588,37.89,279.65,716.5381,-1,2,5,85.4,,False,126.66677777777775
18391,1.568,25.77,192.91,395.2095,-1,1,6,96.0,,False,155.999
18397,1.391,21.095,160.72,253.097,-1,1,7,70.2,,False,75.999
18398,4.3,26.562,199.16,377.2671,-1,2,3,86.6,,False,593.999
18403,2.577,23.739,179.28,309.2438,-1,1,3,98.2,,False,606.999
18405,3.096,25.266,190.03,345.2435,-1,2,5,65.9,,False,195.999
18406,2.432,25.753,193.02,380.2575,-1,1,5,50.5,,False,135.999
18409,0.608,24.311,188.53,187.0062,-1,1,5,89.7,,False,172.999
18422,4.079,45.125,331.48,971.822,-1,2,5,94.9,,False,239.999
18423,0.93,21.443,174.84,102.9555,-1,1,7,98.5,,False,266.999
18425,3.784,26.69,200.11,377.3454,-1,2,4,68.0,,False,497.49516320468916
18446,4.526,33.04,242.03,1144.9392,-1,1,3,40.5,,False,99.1112222222223
18449,0.489,29.895,262.69,59.0134,-1,1,10,68.2,,False,36.26173388968701
18452,2.163,29.262,217.6,499.2497,-1,1,5,78.9,,False,264.999
18469,0.408,24.908,190.18,244.9653,-1,1,6,97.8,,False,177.999
18481,0.649,17.07,133.59,161.059,-1,1,4,90.3,,False,189.999
18488,2.543,30.065,223.35,520.298,-1,2,3,64.7,,False,142.999
18495,1.803,4.84,38.51,116.9727,-1,1,6,92.1,,False,213.999
18498,0.8,26.506,198.5,391.1666,-1,1,4,98.7,,False,285.999
18502,4.419,22.928,174.32,265.2547,-1,1,3,84.7,,False,405.2223333333333
18508,2.371,26.953,202.72,346.2831,-1,1,5,77.5,,False,146.999
18510,3.481,34.92,257.88,685.399,-1,3,3,90.0,,False,138.999
18514,0.63,20.57,155.92,281.0142,-1,1,3,98.8,,False,199.999
18515,2.762,32.74,244.08,459.2533,-1,1,5,95.2,,False,295.999
18518,4.249,40.558,298.28,886.5611,-1,3,3,78.8,,False,120.999
18519,0.954,9.374,75.13,116.9698,-1,1,4,93.1,,False,154.999
18523,2.547,37.168,274.15,735.4353,-1,1,3,71.2,,False,215.999
18525,0.593,24.505,192.67,154.0602,-1,1,6,70.0,,False,125.999
18534,2.259,19.59,151.91,185.1552,-1,1,6,81.7,,False,863.6123949856233
18544,1.389,31.25,231.06,639.148,-1,1,6,74.1,,False,113.999
18549,2.672,28.6,212.89,479.2013,-1,1,3,89.9,,False,529.999
18551,3.51,44.493,326.77,984.7705,-1,2,5,50.0,,False,135.999
18565,1.282,23.123,174.83,300.2274,-1,1,4,86.9,,False,420.999
18566,2.962,29.099,216.45,494.2621,-1,1,5,64.6,,False,260.999
18570,0.764,22.981,172.94,337.1695,-1,1,4,84.7,,False,213.999
18571,1.333,26.823,209.69,167.0187,-1,1,3,54.9,,False,106.999
18572,3.302,38.815,286.06,773.5638,-1,1,3,91.2,,False,391.999
18575,3.366,25.815,191.32,563.0377,-1,1,3,96.8,,False,281.999
18578,0.434,23.607,177.92,325.204,-1,1,3,96.7,,False,344.999
18586,0.897,23.979,178.5,470.8627,-1,1,7,68.0,,False,138.999
18589,1.71,26.906,201.31,402.289,-1,1,4,85.4,,False,422.999
18596,2.826,32.117,237.95,585.3419,-1,1,3,75.9,,False,170.999
18598,0.621,25.009,187.62,369.2283,-1,1,5,98.5,,False,132.999
18600,1.964,25.462,191.05,368.1964,-1,1,3,70.1,,False,216.999
18622,3.02,22.194,168.61,269.1752,-1,1,6,87.3,,False,62.999
18624,2.086,26.869,201.07,400.3139,-1,1,5,94.3,,False,149.999
18629,1.592,46.388,373.43,118.9688,-1,1,12,85.1,,False,43.76080466564531
18634,2.603,30.546,226.72,538.3236,-1,1,4,97.4,,False,524.999
18636,3.7,46.577,341.73,1072.8383,-1,2,5,80.0,,False,104.999
18638,1.001,26.221,194.03,604.8693,-1,1,6,69.1,,False,179.7778888888889
18640,1.922,34.418,254.13,691.3264,-1,1,5,89.6,,False,108.999
18643,0.846,23.587,175.53,474.8584,-1,1,6,80.4,,False,147.7728196126928
18646,3.894,25.374,191.04,335.3337,-1,1,4,98.9,,False,302.999
18647,0.421,18.89,144.15,242.9966,-1,1,3,53.8,,False,405.999
18658,0.293,25.026,193.2,201.0383,-1,1,4,94.5,,False,570.999
18663,3.29,23.648,178.81,300.2637,-1,1,4,52.7,,False,97.31027956919945
18673,1.146,24.687,185.69,343.1914,-1,1,6,79.2,,False,56.999
18693,2.275,32.493,240.9,567.3949,-1,1,3,38.7,,False,326.999
18698,4.282,27.498,205.83,397.3709,-1,2,3,77.8,,False,109.77788888888887
18699,0.283,27.557,202.77,814.3982,-1,1,3,94.0,,False,429.999
18700,4.331,29.621,221.35,421.3709,-1,2,3,100.0,,False,194.999
18710,3.314,27.33,204.64,393.3675,-1,1,4,41.5,,False,305.805406233403
18712,4.125,47.601,349.06,1114.8516,-1,3,4,99.6,,False,210.999
18719,1.398,31.867,236.09,584.3485,-1,1,4,93.4,,False,389.999
18723,0.759,32.861,257.03,167.0207,-1,1,6,74.2,,False,105.999
18724,3.621,25.405,191.13,342.314,-1,1,5,55.8,,False,233.999
18725,0.602,27.143,202.44,446.2948,-1,1,5,92.5,,False,278.999
18729,1.72,17.287,151.64,59.0125,-1,1,6,73.2,,False,145.999
18732,0.245,26.603,204.49,216.908,-1,1,5,68.9,,False,192.999
18734,4.276,39.262,289.13,809.5879,-1,3,4,55.7,,False,58.777888888888924
18739,0.257,26.592,198.19,455.1935,-1,1,3,46.6,,False,591.999
18740,0.356,24.823,192.45,188.0451,-1,1,4,97.5,,False,311.999
18742,0.823,23.211,185.44,126.9995,-1,1,9,94.0,,False,10.249834963220962
18744,2.365,21.094,161.69,225.2212,-1,1,8,79.7,,False,164.7778888888889
18745,3.643,45.817,336.25,1044.8065,-1,3,7,86.9,,False,191.999
18747,0.688,14.992,121.56,107.0489,-1,1,3,63.7,,False,422.999
18750,2.161,30.199,224.59,498.3564,-1,1,4,57.8,,False,426.999
18755,1.738,17.711,142.44,116.9726,-1,1,8,96.8,,False,69.8357392498728
18758,0.638,28.213,220.59,167.0184,-1,1,4,48.2,,False,91.999
18759,1.699,55.996,444.15,141.0165,-1,1,6,80.3,,False,229.999
18764,0.964,18.458,144.76,157.1224,-1,1,5,81.0,,False,580.2223333333334
18767,0.85,24.133,197.48,99.9551,-1,1,8,73.2,,False,142.999
18780,1.869,27.48,204.84,455.2126,-1,2,4,89.2,,False,226.999
18782,0.337,29.66,218.99,680.9623,-1,1,5,88.4,,False,188.55566666666667
18786,2.59,27.29,204.7,373.2769,-1,2,3,75.5,,False,278.999
18792,0.634,29.77,219.96,657.0026,-1,1,4,96.8,,False,306.999
18807,0.552,16.197,126.73,161.0214,-1,1,4,93.9,,False,97.999
18818,0.816,19.494,148.09,266.9837,-1,1,3,98.4,,False,488.999
18831,4.105,27.161,203.35,394.3397,-1,1,5,80.2,,False,716.7778888888889
18835,1.918,29.729,220.53,551.323,-1,2,4,92.4,,False,204.999
18836,1.374,29.014,215.77,497.2783,-1,2,4,99.7,,False,504.999
18839,1.999,29.373,218.88,463.3082,-1,2,4,96.9,,False,237.999
18843,2.51,26.513,198.72,381.2115,-1,2,3,65.9,,False,125.999
18851,2.313,29.951,220.62,773.0186,-1,1,3,97.8,,False,152.999
18858,1.358,32.092,237.75,586.3632,-1,1,4,85.0,,False,119.999
18862,2.759,30.557,225.77,660.8496,-1,4,4,93.9,,False,139.999
18868,3.019,39.742,292.28,880.4426,-1,1,3,81.1,,False,362.999
18871,1.454,21.279,161.37,279.0296,-1,1,4,97.8,,False,373.999
18880,3.305,21.44,162.64,277.1681,-1,1,3,76.7,,False,487.999
18881,1.284,35.707,294.17,94.9234,-1,1,8,91.2,,False,50.999
18887,4.598,43.962,322.97,964.7762,-1,2,7,75.5,,False,87.999
18891,1.966,28.164,209.54,487.1078,-1,1,3,92.7,,False,246.999
18894,4.066,28.219,211.05,408.3565,-1,1,4,98.5,,False,340.7778888888889
18903,0.364,26.099,193.15,598.8534,-1,1,3,51.3,,False,441.999
18916,1.008,34.562,285.4,92.928,-1,1,7,86.4,,False,73.999
18917,3.425,30.49,226.69,504.3783,-1,1,6,68.8,,False,177.999
18924,3.42,30.219,225.28,457.3834,-1,1,6,92.4,,False,215.999
18927,4.104,37.576,276.98,767.004,-1,1,7,60.3,,False,85.7778888888889
18928,0.599,26.772,198.33,576.9089,-1,1,11,97.3,,False,74.33486476948787
18933,0.478,29.196,215.46,696.908,-1,1,8,88.9,,False,8.000111111111124
18942,1.399,28.242,210.97,425.291,-1,1,3,62.2,,False,260.999
18943,1.333,35.079,259.05,689.3807,-1,1,5,75.8,,False,176.999
18946,4.05,41.345,304.46,816.7536,-1,2,3,87.6,,False,657.999
18951,3.763,30.019,224.63,404.3622,-1,1,3,97.0,,False,375.999
18953,0.231,28.235,208.73,638.8894,-1,1,9,96.6,,False,141.999
18954,2.884,26.385,207.6,152.9959,-1,1,3,86.1,,False,412.999
18959,3.764,34.727,257.79,540.4399,-1,1,3,73.0,,False,177.999
18965,0.584,26.066,193.49,528.903,-1,1,10,82.9,,False,92.999
18968,1.267,29.432,218.51,531.3164,-1,1,3,76.9,,False,502.999
18976,0.37,25.061,199.98,129.0536,-1,1,4,81.8,,False,330.999
18979,0.513,42.963,377.8,59.0134,-1,1,5,99.2,,False,200.999
18988,0.22,22.181,167.58,304.9184,-1,1,7,96.2,,False,139.999
18990,2.568,31.224,231.51,562.3158,-1,2,4,42.4,,False,150.999
18997,0.362,25.021,188.39,335.1056,-1,1,5,87.4,,False,233.999
18999,2.218,22.936,174.33,267.1969,-1,1,5,60.5,,False,243.999
19005,3.827,35.411,261.54,684.5035,-1,1,4,74.9,,False,1.2223333333333244
19009,0.809,30.296,238.35,154.0599,-1,1,9,87.3,,False,147.11122222222224
19013,1.546,26.963,201.57,413.2883,-1,2,5,61.1,,False,260.999
19016,2.389,31.436,232.82,593.3093,-1,2,3,97.7,,False,66.999
19018,2.2,31.056,230.4,550.2846,-1,2,5,79.4,,False,183.999
19020,2.642,36.273,267.39,757.3542,-1,4,3,96.5,,False,204.999
19030,1.73,27.875,207.55,474.2937,-1,1,4,65.1,,False,264.999
19037,2.28,28.329,209.33,648.977,-1,1,4,96.8,,False,206.999
19038,4.069,40.144,295.95,765.5334,-1,2,3,50.5,,False,164.999
19049,0.38,26.198,195.06,471.1169,-1,2,3,97.1,,False,171.999
19050,3.721,27.449,205.59,390.3466,-1,1,4,65.2,,False,173.999
19053,4.256,34.537,255.35,647.4997,-1,2,4,51.0,,False,299.2223333333333
19057,0.429,27.917,231.59,89.0228,-1,1,5,88.6,,False,156.999
19064,1.209,8.26,66.13,116.9736,-1,1,5,99.8,,False,305.999
19072,2.067,28.313,211.01,459.3134,-1,1,3,63.1,,False,223.999
19077,2.134,32.634,241.46,622.2781,-1,2,4,59.0,,False,202.999
19080,0.385,21.246,161.17,277.1097,-1,1,4,76.9,,False,6.111222222222224
19084,4.579,36.499,269.52,692.5705,-1,2,4,55.7,,False,259.999
19088,2.575,27.096,202.94,390.2752,-1,1,4,47.3,,False,349.999
19090,2.574,24.012,181.5,303.2339,-1,1,4,54.9,,False,170.13450030339857
19094,1.454,17.464,133.53,232.9923,-1,1,5,96.7,,False,71.33344444444445
19096,2.692,15.664,123.02,152.9965,-1,1,6,93.0,,False,211.999
19100,0.99,23.078,173.42,350.0722,-1,1,3,99.1,,False,486.999
19106,1.664,31.082,230.44,565.2851,-1,1,4,95.0,,False,173.999
19111,1.502,24.062,181.54,317.2136,-1,1,3,43.4,,False,305.999
19121,2.599,29.5,219.27,508.319,-1,1,5,80.0,,False,201.999
19124,4.541,44.589,327.45,990.7934,-1,1,5,63.3,,False,83.999
19125,1.532,30.068,222.84,574.2739,-1,1,4,98.5,,False,87.999
19129,0.769,24.237,179.83,534.2541,-1,2,4,92.9,,False,228.999
19136,4.626,29.668,220.37,522.2614,-1,1,4,47.0,,False,258.999
19145,3.632,34.109,251.99,673.3976,-1,2,6,95.6,,False,68.999
19147,1.892,17.934,134.94,330.9817,-1,1,6,99.0,,False,25.111222222222224
19150,0.509,33.808,272.42,116.976,-1,1,9,66.6,,False,170.0352870444093
19151,3.378,34.239,253.08,656.3952,-1,1,4,80.1,,False,274.999
19154,0.795,25.527,189.08,576.8247,-1,1,6,82.5,,False,204.999
19155,0.392,23.342,179.6,212.0041,-1,1,3,98.5,,False,722.999
19160,0.604,22.728,174.18,227.1002,-1,1,6,55.3,,False,258.6667777777778
19167,4.118,22.822,173.34,271.2553,-1,1,4,80.2,,False,324.0001111111111
19174,1.587,32.087,237.6,599.3247,-1,2,5,84.1,,False,64.999
19186,2.161,30.515,226.32,555.3356,-1,1,3,67.9,,False,440.999
19189,1.523,32.842,243.16,603.38,-1,2,4,95.3,,False,223.999
19191,1.55,35.856,264.78,693.411,-1,2,5,90.4,,False,128.999
19195,2.113,24.743,185.97,350.2107,-1,1,3,64.8,,False,312.999
19206,3.516,33.923,250.75,655.4218,-1,1,5,55.7,,False,119.999
19224,0.937,20.513,155.81,269.0136,-1,1,3,99.3,,False,444.999
19230,0.25,23.687,178.11,345.1101,-1,1,6,82.7,,False,168.999
19231,3.954,32.839,243.33,583.4201,-1,3,6,77.3,,False,84.00011111111111
19233,0.433,21.133,166.69,146.9825,-1,1,3,70.9,,False,711.999
19250,3.489,26.212,196.53,377.3074,-1,3,3,88.3,,False,578.999
19253,1.114,24.423,183.25,367.1607,-1,1,4,98.3,,False,162.4445555555556
19263,2.417,23.024,172.67,369.9818,-1,1,4,98.4,,False,72.7778888888889
19264,3.142,26.504,198.57,385.3364,-1,2,3,63.5,,False,343.999
19269,2.167,29.603,220.88,443.2834,-1,1,5,97.0,,False,210.999
19279,4.289,38.899,286.75,761.7318,-1,2,3,82.4,,False,256.0001111111111
19287,1.87,24.519,184.48,340.259,-1,1,3,63.5,,False,512.999
19305,1.99,27.853,207.68,450.2002,-1,2,3,90.7,,False,362.999
19309,1.819,27.439,205.16,411.2267,-1,1,5,67.6,,False,131.999
19317,0.35,20.575,162.27,146.981,-1,1,4,95.2,,False,386.999
19329,4.259,41.732,306.77,917.6177,-1,1,5,97.4,,False,134.999
19331,2.764,33.898,252.48,476.2797,-1,1,3,87.8,,False,182.999
19337,3.385,40.592,298.98,805.6368,-1,2,4,86.8,,False,296.999
19349,2.47,31.07,231.81,445.372,-1,1,4,77.3,,False,310.999
19358,1.691,30.246,224.7,520.3339,-1,1,5,49.1,,False,110.999
19359,1.296,23.672,181.02,237.1091,-1,1,7,95.3,,False,201.11122222222224
19368,3.43,30.785,228.31,556.3458,-1,2,3,98.7,,False,277.999
19383,1.477,26.198,215.66,94.9241,-1,1,8,98.8,,False,4.641877902504916
19388,1.238,29.094,215.8,551.1924,-1,1,3,98.0,,False,322.999
19393,3.736,34.964,258.19,688.4212,-1,1,4,74.4,,False,230.999
19397,3.317,45.803,336.09,1058.7908,-1,2,3,80.5,,False,381.999
19407,1.047,21.347,162.77,249.148,-1,1,6,90.1,,False,88.999
19413,0.483,20.502,157.07,227.1295,-1,1,3,97.1,,False,562.999
19426,3.065,31.046,230.23,559.3434,-1,1,4,98.8,,False,48.111222222222224
19427,2.602,25.735,195.56,269.9884,-1,1,3,98.7,,False,330.2223333333333
19428,4.056,37.14,273.86,750.2318,-1,1,5,68.9,,False,618.8703824043688
19430,1.083,29.006,215.69,499.2947,-1,1,3,97.3,,False,251.999
19437,1.907,54.727,452.28,92.9269,-1,1,7,76.7,,False,105.999
19444,1.903,28.5,212.51,452.309,-1,1,5,52.2,,False,226.999
19446,1.569,23.812,209.11,59.0129,-1,1,7,76.1,,False,74.999
19449,3.637,24.333,183.78,309.3158,-1,1,6,84.0,,False,217.999
19450,1.01,20.843,158.1,277.0194,-1,1,4,81.8,,False,389.999
19457,1.804,32.822,242.86,621.3656,-1,2,3,82.4,,False,392.999
19461,0.374,23.429,177.03,305.0252,-1,1,5,88.5,,False,249.52331594532433
19463,2.46,12.107,101.63,78.9589,-1,1,3,71.2,,False,397.55566666666664
19478,1.935,28.603,213.64,427.3058,-1,1,5,78.0,,False,142.999
19479,0.252,37.21,288.09,194.929,-1,1,4,62.3,,False,435.999
19480,1.644,6.377,50.06,141.0171,-1,1,5,99.4,,False,471.999
19484,1.809,19.795,150.78,253.0255,-1,1,3,98.6,,False,263.999
19487,4.199,30.974,230.5,488.3842,-1,1,3,46.6,,False,493.999
19493,3.06,31.95,236.67,588.3359,-1,2,3,75.0,,False,379.999
19505,2.482,40.398,297.36,836.52,-1,2,4,75.3,,False,173.999
19509,1.146,21.737,164.45,295.0274,-1,1,4,85.4,,False,150.999
19518,1.886,32.399,239.76,615.2933,-1,2,4,90.1,,False,182.999
19525,1.839,29.417,218.67,506.2401,-1,1,4,96.1,,False,175.999
19534,1.83,32.981,243.84,647.3075,-1,2,5,97.6,,False,143.999
19536,2.24,19.592,149.08,257.9853,-1,1,4,99.4,,False,347.999
19543,0.588,23.364,175.68,344.9337,-1,1,7,93.4,,False,45.4021373811546
19557,1.942,24.633,185.07,354.1746,-1,1,6,99.7,,False,96.999
19559,1.96,27.828,207.82,427.3455,-1,1,3,96.7,,False,296.999
19561,1.091,35.095,308.5,59.0131,-1,1,8,81.5,,False,83.999
19565,3.859,34.276,253.23,670.4136,-1,2,4,61.0,,False,359.999
19579,0.968,6.649,54.3,94.9241,-1,1,12,81.6,,False,63.94080483079628
19582,0.555,22.01,167.24,268.1268,-1,1,4,85.3,,False,236.999
19588,1.861,28.782,214.8,439.3088,-1,1,4,97.0,,False,201.999
19596,0.905,19.709,172.97,59.0133,-1,1,6,64.1,,False,279.999
19606,0.783,23.492,177.46,306.9386,-1,1,6,73.3,,False,242.999
19608,2.035,47.199,380.59,116.9712,-1,1,9,71.7,,False,33.87359986178643
19615,0.274,36.258,265.26,1320.0533,-1,1,8,87.0,,False,108.999
19616,1.572,32.948,243.7,633.3641,-1,1,8,92.8,,False,115.999
19618,1.544,25.874,194.06,373.2935,-1,1,4,39.1,,False,184.999
19624,0.151,25.065,185.4,612.8001,-1,1,5,93.6,,False,355.999
19625,3.04,27.684,206.55,441.1091,-1,1,5,48.3,,False,243.999
19638,3.684,29.791,223.26,385.3511,-1,1,5,69.3,,False,232.999
19640,0.912,16.282,126.37,180.9462,-1,1,3,85.2,,False,295.999
19642,3.565,25.853,194.09,363.1886,-1,1,3,94.5,,False,167.999
19644,0.551,16.343,128.31,154.0626,-1,1,4,75.1,,False,261.999
19654,3.222,29.744,218.75,850.9655,-1,1,6,68.8,,False,90.44455555555558
19661,2.673,27.876,208.95,381.2075,-1,2,3,100.0,,False,13.333444444444467
19687,0.855,16.38,128.6,154.0614,-1,1,4,79.2,,False,321.999
19712,2.401,26.997,201.54,432.3219,-1,1,3,42.5,,False,300.999
19722,3.347,35.516,262.44,666.48,-1,2,4,89.8,,False,57.00011111111111
19737,0.462,24.387,180.94,534.8179,-1,1,9,97.5,,False,22.88899999999998
19738,3.631,30.051,223.45,502.3313,-1,1,4,96.5,,False,150.999
19742,0.981,2.755,22.15,94.9251,-1,1,3,93.0,,False,351.999
19745,3.292,37.307,275.38,709.5104,-1,3,3,82.3,,False,69.66677777777775
19746,1.877,27.63,206.37,425.2921,-1,1,4,47.1,,False,349.999
19752,0.373,24.548,184.19,367.1329,-1,2,3,99.1,,False,417.999
19754,0.409,26.297,203.84,189.0041,-1,1,3,98.0,,False,538.999
19755,2.54,14.359,109.02,262.9867,-1,1,9,80.6,,False,10.512509749026862
19757,0.388,29.209,217.14,505.267,-1,1,4,83.2,,False,90.999
19760,2.622,35.665,263.5,670.4469,-1,3,4,76.5,,False,96.0001111111111
19772,3.214,25.61,193.34,313.2767,-1,1,4,65.2,,False,263.999
19781,4.3,26.288,197.25,368.3634,-1,1,3,64.5,,False,182.999
19783,3.962,35.591,262.73,701.3791,-1,2,3,98.3,,False,502.999
19790,3.546,32.17,238.3,588.372,-1,1,5,64.7,,False,94.44455555555555
19791,1.721,25.546,191.83,360.2263,-1,1,6,79.1,,False,243.999
19796,3.46,27.989,209.34,408.3454,-1,1,4,78.5,,False,274.999
19799,1.356,32.297,239.01,617.3064,-1,1,4,90.2,,False,113.999
19800,4.711,39.898,293.56,858.6021,-1,2,4,59.1,,False,118.999
19801,3.493,31.064,230.57,539.3756,-1,1,5,68.1,,False,205.999
19802,0.787,25.729,191.16,508.9417,-1,1,5,83.2,,False,173.44455555555558
19811,0.539,21.817,163.24,394.9038,-1,1,6,81.6,,False,209.999
19813,1.392,12.791,101.51,132.9275,-1,1,5,85.8,,False,120.999
19817,2.057,19.76,152.58,198.1586,-1,1,4,64.2,,False,426.999
19818,0.247,31.08,255.36,96.9595,-1,1,4,91.9,,False,330.999
19820,2.076,27.963,208.87,425.2886,-1,1,4,96.7,,False,290.999
19843,3.444,24.006,180.4,351.1505,-1,2,3,98.5,,False,147.55566666666664
19844,0.608,25.461,190.32,412.1457,-1,1,4,98.6,,False,177.999
19847,0.553,29.771,219.74,690.9182,-1,1,5,97.5,,False,245.30385102750535
19851,1.194,33.25,260.07,167.0199,-1,1,4,82.8,,False,158.999
19855,1.473,25.418,190.68,370.2674,-1,1,4,80.8,,False,258.999
19856,4.694,43.492,319.49,960.7511,-1,2,3,62.4,,False,377.999
19863,1.054,31.237,247.49,141.0202,-1,1,10,96.5,,False,70.37142157315895
19870,4.442,42.99,316.37,847.8318,-1,2,4,91.2,,False,442.68460114767413
19890,2.598,28.406,211.67,462.2643,-1,2,4,72.0,,False,348.999
19904,0.43,29.018,223.22,215.0352,-1,1,3,60.1,,False,279.999
19906,0.293,20.008,151.91,270.797,-1,1,6,82.9,,False,130.999
19908,0.851,30.425,225.64,556.2358,-1,2,3,90.1,,False,331.999
19915,4.771,30.856,229.7,481.4246,-1,1,4,84.6,,False,98.999
19922,1.768,20.7,161.36,171.9992,-1,1,3,98.0,,False,504.74661819850985
19923,3.981,23.926,181.27,287.2767,-1,1,3,99.2,,False,481.999
19930,1.308,27.707,206.96,425.2004,-1,2,4,67.8,,False,194.999
19939,4.363,26.967,201.88,395.3557,-1,2,3,57.0,,False,233.44455555555558
19945,1.216,22.688,171.02,323.0212,-1,1,3,82.4,,False,408.999
19946,0.373,24.092,184.9,222.031,-1,1,3,76.6,,False,443.999
19949,3.01,38.07,280.8,736.5367,-1,3,3,52.5,,False,185.11122222222224
19955,2.455,30.834,229.14,512.3057,-1,2,3,93.2,,False,312.999
19956,3.556,18.081,136.05,330.9818,-1,1,3,99.4,,False,333.999
19960,0.365,27.77,206.8,471.0765,-1,1,4,75.4,,False,301.999
19961,1.236,28.902,225.99,167.0194,-1,1,3,91.1,,False,240.999
19979,0.258,21.48,162.61,290.0885,-1,1,4,93.7,,False,127.999
19980,3.598,42.273,310.91,883.6848,-1,2,3,99.0,,False,351.999
19986,1.492,32.964,243.57,665.3559,-1,1,4,89.2,,False,329.999
19989,0.68,26.827,199.1,532.9886,-1,1,3,67.2,,False,518.999
19996,3.17,34.356,254.2,626.4766,-1,1,5,49.8,,False,91.999
19997,0.295,27.064,208.98,201.0379,-1,1,3,73.7,,False,659.999
20001,4.418,39.232,289.37,740.5327,-1,1,4,94.3,,False,307.999
20008,3.528,31.241,231.87,540.3784,-1,1,5,90.3,,False,313.999
20017,4.255,38.165,281.17,787.5598,-1,2,4,73.5,,False,64.7305179620657
20021,0.589,30.218,232.58,213.0241,-1,1,3,86.8,,False,373.999
20023,0.391,29.712,219.33,688.9222,-1,1,7,81.0,,False,161.999
20035,1.787,23.645,178.16,327.1825,-1,2,7,84.6,,False,325.26817746622567
20036,0.249,26.731,199.42,441.2006,-1,2,3,52.0,,False,90.999
20049,3.218,23.35,176.96,285.1598,-1,1,4,95.6,,False,222.999
20059,3.978,37.475,276.22,768.0346,-1,2,6,92.6,,False,19.444555555555553
20068,0.411,24.009,180.58,343.2104,-1,1,4,92.8,,False,90.999
20079,2.023,32.664,241.39,659.2236,-1,2,3,82.9,,False,412.44455555555555
20089,0.237,37.683,276.58,1008.3002,-1,2,4,83.5,,False,333.999
20095,3.954,19.994,153.13,228.0394,-1,1,3,88.6,,False,365.999
20103,1.628,26.697,199.52,416.2486,-1,1,3,83.0,,False,330.999
20117,0.742,23.196,189.18,102.9556,-1,1,7,96.8,,False,183.999
20130,3.737,27.657,206.18,453.3419,-1,2,3,97.4,,False,346.999
20131,1.303,16.024,128.12,124.0141,-1,1,3,67.3,,False,454.999
20132,0.691,24.156,179.22,534.8129,-1,1,7,92.6,,False,130.999
20136,1.623,26.011,194.59,403.2173,-1,1,5,58.4,,False,97.999
20139,2.554,34.02,251.39,664.354,-1,2,3,67.0,,False,122.999
20144,1.885,29.407,219.05,469.3038,-1,2,3,61.0,,False,653.999
20150,0.452,29.669,219.06,680.9645,-1,1,4,91.0,,False,103.999
20152,2.535,30.71,228.77,469.2649,-1,2,3,96.9,,False,616.999
20158,0.77,27.641,227.05,96.9204,-1,1,8,59.0,,False,141.999
20163,0.755,15.989,131.71,92.9272,-1,1,9,76.3,,False,123.81855740019401
20168,2.113,32.08,237.35,620.18,-1,1,5,69.1,,False,181.999
20184,4.222,38.618,284.97,723.5247,-1,2,3,97.7,,False,95.22233333333332
20194,1.941,44.672,360.19,116.9715,-1,1,10,85.7,,False,24.995392886048165
20197,2.213,29.963,223.21,469.2594,-1,1,6,73.4,,False,78.999
20202,2.04,21.06,161.13,233.1542,-1,1,7,91.5,,False,136.999
20210,3.104,26.115,195.66,385.1905,-1,1,5,98.6,,False,143.999
20211,2.291,34.127,252.06,680.3165,-1,2,5,76.2,,False,147.999
20214,4.717,28.508,212.63,446.3765,-1,1,3,44.7,,False,487.999
20225,0.677,27.116,200.28,662.8265,-1,1,7,64.9,,False,173.999
20242,3.37,33.831,250.16,642.3793,-1,3,6,68.2,,False,123.999
20243,0.653,23.093,184.89,124.0043,-1,1,5,69.6,,False,323.999
20259,2.524,12.524,97.98,158.9117,-1,1,3,58.3,,False,327.999
20262,4.296,46.842,343.67,1076.8679,-1,2,6,87.9,,False,156.999
20266,4.1,26.772,200.64,382.343,-1,2,4,85.0,,False,674.6667777777777
20277,1.551,19.55,150.09,218.0982,-1,1,3,78.2,,False,50.33344444444441
20296,1.159,23.044,174.26,299.1848,-1,1,3,97.8,,False,147.44455555555558
20297,1.355,25.2,188.91,377.2033,-1,1,3,79.6,,False,275.44455555555555
20311,0.34,56.217,444.36,146.9832,-1,1,6,84.4,,False,197.22233333333332
20312,2.308,30.869,228.81,568.2742,-1,1,3,72.7,,False,349.999
20313,1.565,10.99,88.03,118.9682,-1,1,7,79.8,,False,58.00011111111111
20316,1.994,6.928,55.37,116.9728,-1,1,5,91.6,,False,357.999
20320,0.498,17.449,134.93,192.0116,-1,1,3,71.2,,False,270.999
20331,4.241,27.296,204.38,392.3589,-1,1,3,41.7,,False,239.33344444444447
20333,4.335,30.363,226.78,429.3387,-1,1,3,82.7,,False,566.999
20339,2.145,23.378,176.65,305.1747,-1,1,4,98.2,,False,271.999
20340,1.268,17.072,129.68,264.851,-1,1,3,92.6,,False,101.999
20343,0.914,20.152,164.8,99.9565,-1,1,8,94.7,,False,42.263179583586776
20347,2.289,24.958,187.91,335.2609,-1,1,4,43.6,,False,293.999
20354,2.88,26.002,195.24,361.3133,-1,1,3,94.5,,False,218.999
20363,2.076,33.554,248.18,635.417,-1,1,4,49.4,,False,130.999
20372,1.202,22.909,172.96,311.0977,-1,1,3,66.4,,False,223.999
20380,1.006,23.626,178.02,327.1812,-1,1,8,77.4,,False,1.6501194575928935
20383,1.964,41.443,334.09,116.9717,-1,1,9,96.5,,False,4.51014777843136
20401,1.192,27.28,203.2,467.1533,-1,1,6,93.7,,False,113.999
20411,2.816,25.213,186.01,692.9627,-1,1,3,80.5,,False,467.999
20418,0.389,23.535,176.15,392.9397,-1,1,3,69.2,,False,292.11122222222224
20428,0.334,31.876,251.73,146.9807,-1,1,5,98.4,,False,151.999
20444,3.755,22.169,168.86,254.9722,-1,1,4,40.4,,False,337.33344444444447
20459,3.12,29.108,214.28,800.9246,-1,1,3,98.2,,False,249.999
20460,4.398,28.343,212.17,396.3601,-1,1,3,39.4,,False,426.999
20469,1.563,25.411,190.54,375.2774,-1,1,3,83.7,,False,172.999
20475,1.724,38.657,284.76,793.47,-1,1,3,53.9,,False,306.999
20478,3.712,31.106,231.01,528.364,-1,2,3,73.3,,False,113.999
20489,1.91,28.356,210.47,535.1974,-1,1,4,80.7,,False,130.999
20498,0.982,8.039,64.33,116.9702,-1,1,5,84.9,,False,180.2223333333333
20506,0.762,26.916,211.69,154.0612,-1,1,5,77.4,,False,269.999
20509,1.594,23.347,182.44,167.0345,-1,1,3,94.2,,False,308.999
20512,2.006,42.743,344.59,116.9713,-1,1,8,84.3,,False,38.55566666666667
20518,2.922,31.292,232.4,526.2995,-1,1,3,55.3,,False,404.999
20523,1.518,32.28,239.13,587.3547,-1,3,4,100.0,,False,298.999
20538,0.48,28.691,213.02,528.2681,-1,2,3,95.7,,False,247.999
20539,0.251,35.738,276.68,194.9257,-1,1,4,76.5,,False,174.999
20544,4.215,39.364,290.12,775.5648,-1,1,5,38.3,,False,18.33344444444444
20549,0.496,25.617,189.95,550.8738,-1,1,6,79.6,,False,209.0001111111111
20561,1.833,14.011,115.19,94.0377,-1,1,3,97.3,,False,422.999
20566,3.285,24.972,187.37,368.1473,-1,1,5,93.1,,False,185.999
20581,3.277,29.881,222.53,473.4039,-1,1,3,89.7,,False,193.999
20590,3.774,33.943,250.64,687.4153,-1,2,3,78.6,,False,215.999
20595,4.531,28.619,213.65,433.4063,-1,1,3,42.3,,False,247.999
20602,2.833,24.849,187.69,309.2439,-1,1,4,99.4,,False,137.999
20604,2.13,27.778,207.38,432.2812,-1,1,3,97.6,,False,717.889
20613,3.642,37.96,279.48,817.3395,-1,4,3,100.0,,False,223.999
20617,1.044,22.66,184.8,102.9552,-1,1,6,83.1,,False,116.999
20623,2.667,29.556,220.67,433.24,-1,1,5,79.9,,False,249.999
20637,0.99,20.829,158.44,261.0792,-1,1,3,97.1,,False,153.999
20640,0.393,27.166,202.26,473.1975,-1,2,3,66.2,,False,235.999
20641,3.555,39.188,288.71,785.5903,-1,2,3,43.3,,False,327.889
20643,0.301,20.697,157.26,267.0736,-1,1,3,62.0,,False,563.999
20659,3.462,47.109,345.49,1109.807,-1,3,4,84.6,,False,176.999
20661,3.853,28.095,209.4,457.374,-1,1,3,97.9,,False,514.999
20671,3.441,45.583,334.44,1058.7949,-1,2,3,92.7,,False,548.999
20673,1.829,30.774,228.22,559.2463,-1,1,4,51.6,,False,190.999
20684,1.647,23.556,178.35,291.2336,-1,1,4,88.9,,False,307.999
20686,0.643,25.371,189.67,410.9061,-1,1,6,99.4,,False,99.22233333333332
20694,2.446,21.706,165.06,263.1677,-1,1,3,86.0,,False,174.999
20704,0.633,28.99,214.98,557.1521,-1,2,5,95.3,,False,124.999
20709,0.367,15.31,134.22,59.0135,-1,1,7,84.0,,False,42.11804230599705
20715,0.543,25.157,197.81,154.0616,-1,1,4,78.7,,False,373.999
20720,3.635,26.165,196.51,359.2592,-1,1,5,79.3,,False,234.999
20729,2.722,42.453,315.86,500.28,-1,2,3,66.4,,False,411.999
20731,0.496,25.228,209.22,89.0239,-1,1,3,89.0,,False,287.999
20732,3.564,28.152,206.72,930.9532,-1,1,5,83.8,,False,123.999
20734,1.825,26.828,200.61,409.2973,-1,1,3,44.0,,False,267.999
20735,0.373,15.282,122.82,117.0322,-1,1,5,95.6,,False,221.999
20757,0.519,29.366,216.87,672.9504,-1,1,4,70.7,,False,195.999
20763,0.405,18.998,145.37,231.124,-1,1,3,99.4,,False,421.999
20774,2.628,21.518,164.57,235.171,-1,1,5,60.2,,False,283.999
20778,0.584,24.211,180.16,476.9118,-1,1,5,78.6,,False,142.999
20780,2.155,26.117,195.89,373.2381,-1,1,7,81.6,,False,117.999
20786,2.334,23.907,180.59,307.2293,-1,1,3,44.0,,False,308.999
20787,1.888,7.779,61.2,141.0142,-1,1,4,97.7,,False,240.999
20792,1.353,33.486,247.56,648.3457,-1,1,4,82.1,,False,186.999
20793,0.543,29.614,218.58,692.8922,-1,1,7,56.2,,False,36.88899999999998
20794,3.52,39.156,288.22,834.5344,-1,2,4,96.6,,False,69.999
20799,2.974,40.124,294.96,905.51,-1,2,3,97.7,,False,364.999
20803,1.608,20.82,158.61,253.1005,-1,1,3,98.7,,False,51.999
20808,0.399,21.764,165.06,279.0725,-1,1,3,75.7,,False,438.999
20815,0.844,23.243,190.82,96.92,-1,1,4,63.4,,False,74.999
20823,3.947,29.796,226.09,281.2514,-1,1,3,65.7,,False,424.999
20831,2.155,28.278,210.76,458.3199,-1,1,3,72.5,,False,227.999
20833,1.298,23.829,179.07,351.189,-1,1,3,89.1,,False,81.999
20840,2.438,21.527,163.15,283.0871,-1,2,3,41.0,,False,223.7778888888889
20848,0.207,14.85,119.34,116.9715,-1,1,4,57.7,,False,157.999
20866,2.602,21.26,161.7,262.1111,-1,3,3,70.6,,False,141.999
20867,1.696,28.368,211.73,437.2911,-1,1,6,76.1,,False,186.999
20868,0.697,26.734,198.04,576.9103,-1,1,7,99.0,,False,66.999
20879,0.365,23.466,176.57,338.9374,-1,1,5,76.9,,False,188.999
20886,2.597,25.723,192.97,369.9832,-1,1,3,85.3,,False,249.999
20888,1.618,40.327,324.57,118.9676,-1,1,8,65.3,,False,8.222333333333324
20889,4.257,29.515,219.23,521.2587,-1,2,4,68.3,,False,117.999
20893,2.067,19.494,148.04,268.9845,-1,1,3,69.9,,False,194.999
20898,2.529,38.418,289.86,325.1865,-1,1,3,74.6,,False,64.999
20907,4.071,39.804,293.18,807.5719,-1,1,4,69.8,,False,163.999
20908,3.059,32.212,238.76,572.4069,-1,1,3,55.0,,False,403.999
20910,2.871,26.1,192.25,756.9597,-1,1,3,91.8,,False,155.55566666666664
20919,1.761,27.634,206.19,440.2503,-1,2,4,79.4,,False,127.999
20920,2.471,37.807,278.85,738.5381,-1,2,3,88.2,,False,269.44455555555555
20922,4.367,26.922,201.6,392.1556,-1,1,4,96.0,,False,251.999
20928,2.321,28.019,209.26,427.2909,-1,2,3,40.2,,False,132.999
20946,4.098,35.761,263.97,703.4754,-1,3,3,70.7,,False,232.999
20948,0.262,16.864,130.89,181.0357,-1,1,3,59.6,,False,333.999
20949,1.421,19.41,146.52,307.879,-1,1,3,79.4,,False,133.999
20961,0.248,35.279,273.12,194.927,-1,1,4,67.9,,False,272.999
20970,0.315,31.203,240.06,215.0344,-1,1,3,89.4,,False,214.999
20977,0.652,26.754,198.01,598.8758,-1,1,3,98.3,,False,497.999
20981,1.175,29.018,215.63,512.2721,-1,2,3,70.8,,False,104.999
20983,2.001,46.505,368.73,141.0172,-1,1,9,85.7,,False,78.70270396984301
20994,1.062,35.929,264.94,743.3902,-1,3,3,88.0,,False,138.999
20996,0.389,26.57,196.52,618.7829,-1,1,7,90.0,,False,105.999
21009,2.206,32.074,238.22,528.1783,-1,1,5,78.4,,False,171.999
21010,1.66,20.64,157.62,241.0997,-1,1,3,98.4,,False,281.999
21012,0.559,28.836,236.89,96.9192,-1,1,7,97.1,,False,135.999
21014,0.34,24.777,185.2,412.1275,-1,1,4,94.5,,False,454.999
21018,2.286,32.912,243.37,640.229,-1,1,5,49.2,,False,131.999
21032,0.276,31.046,227.9,972.3017,-1,1,4,96.9,,False,294.999
21047,0.406,31.239,242.34,188.0092,-1,1,3,91.6,,False,425.999
21048,0.679,22.745,171.62,315.1016,-1,1,3,77.5,,False,542.999
21052,2.591,34.309,253.71,640.4757,-1,3,3,52.5,,False,21.777888888888924
21057,3.413,32.089,237.74,583.359,-1,2,3,97.3,,False,341.999
21069,3.325,28.648,215.06,365.273,-1,1,3,75.4,,False,344.999
21107,1.804,27.546,206.16,399.2226,-1,1,4,71.1,,False,81.999
21108,2.417,31.484,233.8,530.3541,-1,1,4,73.0,,False,174.999
21110,1.253,21.286,159.59,370.8917,-1,1,3,45.5,,False,476.999
21120,2.32,35.162,259.27,745.2618,-1,2,5,76.8,,False,203.999
21121,1.104,25.327,202.83,124.0041,-1,1,11,99.4,,False,90.19594840058627
21128,0.563,24.853,186.11,388.9426,-1,1,4,83.2,,False,155.999
21129,4.565,28.337,210.85,485.2383,-1,1,3,86.7,,False,187.33344444444444
21131,3.458,29.678,220.96,478.3591,-1,1,4,68.8,,False,251.77788888888887
21132,3.965,35.58,262.67,700.4222,-1,3,3,76.2,,False,350.7778888888889
21140,0.245,38.956,285.67,1084.2889,-1,3,4,85.6,,False,286.999
21141,0.251,30.07,232.7,194.927,-1,1,3,68.9,,False,481.999
21146,0.759,19.701,149.31,281.1251,-1,1,3,98.6,,False,253.999
21151,3.0,44.103,323.73,1025.6437,-1,2,3,67.0,,False,403.999
21152,0.324,25.199,202.59,118.969,-1,1,5,83.8,,False,180.17423529639717
21155,3.425,31.25,231.74,560.3419,-1,1,3,97.4,,False,459.999
21166,0.469,42.726,328.96,215.0341,-1,1,8,96.9,,False,56.999
21183,3.158,22.948,173.92,284.1121,-1,1,3,99.7,,False,398.999
21188,0.721,54.166,447.61,92.9311,-1,1,4,99.3,,False,197.999
21191,0.631,28.79,212.7,658.9094,-1,1,7,99.3,,False,140.999
21200,2.616,31.11,231.04,527.3364,-1,1,4,81.8,,False,138.999
21201,2.66,32.241,239.2,550.386,-1,1,3,60.8,,False,186.999
21204,3.515,27.092,202.22,434.2411,-1,1,6,97.1,,False,102.999
21206,2.616,28.31,211.43,428.3449,-1,1,4,71.8,,False,207.999
21207,0.404,26.196,196.07,397.0029,-1,1,3,57.3,,False,309.999
21209,0.58,23.94,186.62,173.1035,-1,1,4,89.6,,False,100.999
21215,3.186,29.366,219.75,403.3222,-1,1,3,98.5,,False,230.999
21223,0.404,24.186,181.51,364.9947,-1,1,3,56.5,,False,138.999
21227,3.465,31.833,235.94,574.353,-1,1,4,96.7,,False,195.999
21229,1.688,27.114,203.61,361.2757,-1,1,3,89.9,,False,391.999
21236,2.468,22.889,175.77,218.9865,-1,1,3,93.2,,False,188.44455555555555
21241,3.769,25.319,190.63,335.3336,-1,1,5,94.4,,False,200.999
21250,1.902,23.773,179.28,320.192,-1,1,4,78.7,,False,134.66677777777778
21255,1.18,58.823,442.04,369.1737,-1,1,5,64.2,,False,326.999
21259,3.792,39.811,292.83,873.5266,-1,1,4,70.3,,False,291.999
21261,1.057,20.713,157.6,259.6447,-1,1,3,97.0,,False,192.999
21267,1.703,27.679,206.7,427.3091,-1,2,3,82.4,,False,309.999
21271,3.606,40.737,300.15,788.721,-1,1,3,80.4,,False,260.999
21272,1.81,35.461,281.03,141.0166,-1,1,6,89.2,,False,9.777888888888889
21273,0.736,24.547,200.87,99.9561,-1,1,8,89.8,,False,84.22233333333334
21274,0.586,29.185,215.39,696.8493,-1,1,6,86.9,,False,134.999
21290,1.614,24.237,185.27,239.0921,-1,1,4,79.8,,False,173.999
21309,2.999,26.412,207.8,152.9966,-1,1,3,60.1,,False,555.999
21317,0.675,22.038,165.98,328.986,-1,1,3,51.0,,False,53.66677777777784
21334,4.193,41.369,304.05,922.5757,-1,3,3,69.0,,False,294.999
21336,3.839,31.269,232.33,517.3959,-1,2,5,86.0,,False,597.0600841528719
21338,0.775,21.604,167.35,189.0416,-1,1,3,56.4,,False,646.999
21344,0.794,23.4,173.59,534.2517,-1,1,5,78.2,,False,112.999
21347,2.142,29.055,215.92,509.2339,-1,1,3,45.3,,False,186.999
21352,2.244,22.236,168.28,293.1442,-1,1,3,67.9,,False,354.11122222222224
21365,2.731,27.89,208.67,403.2911,-1,1,4,51.5,,False,191.999
21371,4.233,42.161,309.93,920.6406,-1,2,7,84.1,,False,105.999
21385,1.856,27.258,203.39,439.2512,-1,1,3,78.9,,False,188.999
21386,2.131,35.249,268.29,265.1503,-1,1,7,54.0,,False,52.844641579821825
21391,3.122,34.463,254.59,672.3938,-1,2,4,52.5,,False,196.999
21393,0.679,27.944,216.79,187.0063,-1,1,3,46.1,,False,129.999
21396,0.351,26.35,196.37,457.0718,-1,1,4,57.2,,False,272.999
21404,2.159,31.467,232.81,621.1867,-1,1,3,98.7,,False,235.999
21411,2.044,32.488,240.44,613.2689,-1,2,4,82.6,,False,160.999
21412,2.991,31.425,233.36,529.3588,-1,1,3,77.1,,False,236.999
21413,3.762,45.038,330.59,1020.814,-1,3,3,86.7,,False,366.999
21416,0.637,23.803,183.1,213.0874,-1,1,5,90.2,,False,341.6667777777778
21419,3.655,29.849,222.53,456.38,-1,1,3,39.5,,False,404.999
21422,2.224,25.961,195.43,337.1474,-1,1,4,79.4,,False,58.66677777777775
21424,0.418,22.783,172.33,297.1354,-1,1,5,92.6,,False,177.999
21436,3.39,38.584,284.42,765.5525,-1,1,5,62.3,,False,157.999
21439,2.257,23.285,204.48,59.0134,-1,1,3,71.5,,False,571.999
21440,0.863,22.288,167.42,353.0101,-1,1,3,46.4,,False,127.999
21444,3.536,26.819,200.99,383.257,-1,2,4,71.2,,False,258.999
21447,2.462,29.26,218.11,457.2958,-1,1,4,48.0,,False,242.999
21449,4.523,28.156,209.62,475.2517,-1,1,3,97.6,,False,62.999
21455,0.577,30.533,225.11,738.9193,-1,1,6,74.6,,False,181.999
21457,3.882,41.113,302.39,879.6194,-1,1,4,79.9,,False,224.999
21459,0.424,26.672,200.63,345.0143,-1,1,3,99.2,,False,386.999
21465,3.546,24.39,184.83,286.226,-1,1,3,47.3,,False,212.999
21466,3.132,30.572,227.33,502.2965,-1,1,5,72.6,,False,150.55566666666667
21470,0.634,26.775,198.43,566.8983,-1,1,4,74.2,,False,204.999
21471,3.556,39.161,288.64,774.5709,-1,1,4,87.9,,False,176.999
21482,1.968,17.577,136.49,180.0657,-1,1,5,89.1,,False,180.999
21486,1.695,27.044,201.99,425.2575,-1,1,4,76.5,,False,151.999
21500,2.004,22.229,165.32,481.9748,-1,1,5,95.3,,False,11.666777777777753
21504,2.931,32.235,239.22,545.3847,-1,1,3,92.8,,False,170.999
21505,1.593,22.65,171.62,285.2102,-1,1,3,47.5,,False,138.77788888888892
21508,0.801,29.518,218.59,592.2146,-1,1,4,82.3,,False,100.999
21509,3.616,32.439,240.95,526.4215,-1,1,4,72.3,,False,187.999
21511,3.53,33.786,250.36,582.732,-1,1,3,39.8,,False,315.999
21514,1.217,29.518,243.64,92.9299,-1,1,5,80.1,,False,206.52147620398995
21522,0.328,30.375,266.93,59.0143,-1,1,3,83.2,,False,512.999
21535,4.401,35.462,262.03,669.4651,-1,2,5,44.8,,False,157.999
21541,3.676,33.354,247.1,589.1143,-1,2,3,98.0,,False,77.999
21549,1.706,23.901,178.11,452.9544,-1,1,3,82.7,,False,108.999
21554,0.656,31.721,233.61,786.9279,-1,1,9,92.6,,False,54.055760848568355
21558,0.685,20.158,164.33,102.9551,-1,1,5,46.5,,False,88.999
21562,2.961,26.258,193.61,718.958,-1,1,4,98.5,,False,232.999
21563,0.457,28.335,214.04,311.1406,-1,1,4,83.8,,False,293.999
21578,0.572,20.046,153.14,239.0895,-1,1,4,91.6,,False,178.999
21580,0.715,26.172,195.47,424.1468,-1,1,3,61.4,,False,295.999
21582,3.064,37.069,273.17,772.3863,-1,1,3,97.3,,False,100.999
21591,3.756,45.919,336.98,1050.8205,-1,2,4,74.9,,False,330.999
21596,1.602,26.525,198.5,399.2768,-1,1,5,67.4,,False,168.999
21598,0.402,21.938,167.44,244.9669,-1,1,4,51.4,,False,59.999
21603,4.151,37.402,275.69,768.0021,-1,1,4,51.5,,False,241.999
21617,2.223,29.547,217.7,756.9925,-1,1,3,92.5,,False,142.999
21620,4.157,36.424,268.74,723.3019,-1,2,6,73.5,,False,69.395955333713
21629,3.687,34.061,251.76,656.3961,-1,3,5,84.0,,False,157.999
21631,4.055,36.366,268.3,724.0613,-1,2,6,63.1,,False,66.19472063466401
21640,1.758,26.304,216.54,94.924,-1,1,4,89.5,,False,59.999
21649,0.223,29.915,237.0,141.0208,-1,1,4,56.9,,False,226.33344444444447
21656,4.478,40.59,308.05,283.2709,-1,1,3,90.0,,False,346.999
21659,0.544,19.582,149.86,231.0653,-1,1,3,59.3,,False,148.999
21663,1.897,33.997,250.56,765.2426,-1,1,5,83.5,,False,196.999
21664,1.562,30.363,225.79,499.2974,-1,1,4,56.6,,False,93.999
21666,3.176,32.95,244.34,564.4399,-1,1,3,66.8,,False,499.999
21668,1.327,3.063,23.75,141.018,-1,1,3,56.8,,False,269.999
21677,0.399,29.624,221.8,397.0037,-1,1,3,63.1,,False,225.999
21680,3.437,33.116,244.96,628.3679,-1,3,4,55.4,,False,199.999
21682,0.676,23.865,177.4,494.8228,-1,1,7,89.2,,False,59.999
21689,1.136,29.05,217.49,397.2071,-1,1,4,94.1,,False,79.999
21697,4.606,31.403,233.45,506.43,-1,1,3,53.8,,False,312.999
21699,1.666,23.409,176.51,321.2052,-1,1,3,64.9,,False,96.999
21704,3.369,34.265,253.26,657.4003,-1,1,7,66.0,,False,166.999
21716,0.355,22.836,172.91,290.1008,-1,1,3,58.9,,False,279.999
21727,3.653,33.084,244.82,620.3933,-1,3,4,78.4,,False,248.999
21736,4.38,45.293,332.44,1035.7734,-1,1,4,70.0,,False,107.999
21747,0.819,24.262,180.55,476.9078,-1,1,6,83.2,,False,50.999
21759,3.474,35.978,265.69,689.4991,-1,2,4,55.6,,False,191.999
21765,1.827,15.149,132.81,59.0127,-1,1,5,56.3,,False,129.999
21778,0.384,24.414,186.35,246.0764,-1,1,3,99.6,,False,424.999
21780,4.27,42.19,310.05,934.6251,-1,2,6,66.0,,False,130.999
21788,3.425,25.061,189.3,309.2237,-1,1,3,43.4,,False,110.999
21789,2.397,35.684,263.48,695.4696,-1,2,3,40.9,,False,164.999
21794,2.248,19.378,149.21,207.1396,-1,1,4,64.1,,False,11.666777777777781
21801,0.806,23.615,192.61,102.9558,-1,1,6,96.7,,False,207.999
21811,2.416,34.954,257.86,727.3148,-1,1,3,90.8,,False,262.999
21816,0.695,20.857,159.05,248.1399,-1,1,3,95.0,,False,362.999
21828,0.117,15.378,115.51,339.9024,-1,1,5,83.6,,False,189.999
21831,0.675,23.446,191.23,102.9554,-1,1,5,85.0,,False,131.999
21833,0.453,28.246,210.04,497.1314,-1,1,3,84.0,,False,398.999
21838,2.463,33.902,250.56,658.4241,-1,1,4,92.4,,False,110.999
21844,4.413,36.585,277.56,284.2697,-1,1,4,98.9,,False,534.3876994770019
21853,0.498,23.046,178.7,187.0049,-1,1,3,69.2,,False,112.999
21860,3.787,41.392,304.55,857.6843,-1,2,4,66.2,,False,99.999
21862,1.84,26.323,196.99,399.2393,-1,2,3,77.6,,False,486.999
21864,3.746,25.523,191.83,351.2939,-1,1,4,69.8,,False,340.26874763033663
21872,1.434,34.406,254.16,677.3846,-1,1,4,64.5,,False,142.999
21875,0.411,26.391,194.99,646.7989,-1,1,10,98.8,,False,101.38196908048064
21877,4.319,39.111,288.86,689.5623,-1,1,5,73.9,,False,98.33344444444444
21882,0.449,29.615,218.36,728.8885,-1,1,3,55.7,,False,303.999
21884,2.129,26.355,197.81,366.2259,-1,1,5,85.9,,False,101.999
21892,0.532,30.217,222.62,768.876,-1,1,7,90.4,,False,142.22233333333332
21896,0.599,25.637,192.03,386.945,-1,1,5,56.9,,False,23.111222222222224
21900,2.884,33.902,252.43,481.2384,-1,1,4,74.3,,False,158.999
21904,4.181,37.176,274.12,751.092,-1,1,3,46.9,,False,293.77788888888887
21925,2.78,27.904,209.15,382.3017,-1,2,3,89.1,,False,435.999
21936,3.32,30.118,224.24,478.3646,-1,1,3,43.9,,False,480.999
21940,3.665,35.024,258.64,688.4203,-1,2,6,64.8,,False,181.999
21952,3.29,30.682,227.79,534.3201,-1,1,5,79.3,,False,52.33344444444444
21959,3.186,23.337,176.03,318.1346,-1,1,3,97.1,,False,269.999
21966,2.527,28.024,209.35,424.3162,-1,1,4,88.7,,False,308.999
21967,1.688,25.342,190.02,375.2196,-1,1,5,93.3,,False,212.999
21972,0.244,30.422,224.66,675.229,-1,2,3,82.4,,False,246.999
21979,3.988,37.712,277.95,773.1724,-1,1,6,88.6,,False,111.999
22015,3.269,34.671,256.07,684.3952,-1,2,4,80.1,,False,249.999
22023,0.503,37.078,283.36,245.049,-1,1,3,90.0,,False,84.999
22029,3.634,33.034,242.43,995.9386,-1,1,3,83.9,,False,201.999
22037,3.532,40.763,299.81,881.6182,-1,2,5,91.6,,False,105.999
22041,2.13,28.224,210.76,430.3064,-1,1,4,99.5,,False,276.999
22052,1.275,21.337,159.97,370.8914,-1,1,3,63.3,,False,431.999
22053,3.326,22.753,172.36,287.1623,-1,1,3,96.8,,False,288.999
22054,3.085,36.845,271.46,781.3064,-1,2,4,96.3,,False,186.999
22056,1.791,8.619,75.28,59.0131,-1,1,5,51.0,,False,119.55566666666667
22057,0.382,25.632,192.87,340.9357,-1,1,4,64.0,,False,164.999
22063,0.282,29.36,215.92,850.391,-1,1,5,80.8,,False,158.999
22064,2.39,24.812,188.17,281.2292,-1,1,3,91.7,,False,426.999
22067,0.609,19.4,151.63,165.0928,-1,1,3,80.4,,False,367.999
22070,2.253,28.719,213.72,485.2587,-1,1,3,58.2,,False,188.999
22073,2.617,24.47,184.18,337.2772,-1,1,3,76.8,,False,609.999
22074,2.955,23.549,174.34,581.9712,-1,1,4,54.2,,False,169.999
22084,3.845,24.073,183.19,261.2599,-1,1,3,95.5,,False,371.999
22088,1.327,26.296,194.63,598.8489,-1,1,4,98.4,,False,175.999
22096,2.802,24.816,189.08,255.2325,-1,1,3,79.2,,False,143.999
22099,4.369,41.057,301.96,884.62,-1,1,4,93.5,,False,172.999
22109,2.71,26.21,196.31,388.3803,-1,2,4,81.2,,False,123.999
22126,0.516,26.931,199.06,638.8095,-1,1,6,89.9,,False,9.777888888888896
22128,1.976,29.002,215.5,513.2883,-1,2,3,92.5,,False,96.999
22142,1.357,32.046,236.81,657.3381,-1,1,3,97.2,,False,305.999
22144,2.073,28.021,208.5,485.1188,-1,1,3,89.5,,False,368.999
22165,1.436,32.564,241.1,601.3658,-1,1,3,63.7,,False,222.999
22193,1.465,19.234,146.16,264.9271,-1,1,4,57.6,,False,59.44455555555555
22196,0.554,24.393,202.27,89.0235,-1,1,3,51.8,,False,280.999
22198,3.188,31.729,243.36,227.2025,-1,1,3,99.7,,False,298.999
22204,3.529,30.398,227.03,429.3337,-1,1,3,70.0,,False,210.999
22217,0.481,23.169,180.73,171.028,-1,1,4,88.8,,False,224.999
22218,3.258,34.466,255.07,617.2227,-1,3,3,89.9,,False,247.999
22225,1.879,14.381,113.99,135.9699,-1,1,5,68.2,,False,164.999
22228,4.356,29.57,220.76,434.3743,-1,1,3,40.4,,False,145.999
22236,0.794,16.659,128.92,188.9841,-1,1,3,57.5,,False,287.999
22244,1.229,17.793,135.17,264.852,-1,1,3,76.0,,False,223.999
22247,4.054,27.87,208.24,420.3557,-1,1,3,74.7,,False,8.111222222222295
22249,0.634,24.192,182.0,341.2344,-1,1,5,80.5,,False,153.999
22255,2.72,26.39,197.74,384.1837,-1,1,4,92.9,,False,196.22233333333332
22265,0.469,27.603,212.3,215.035,-1,1,3,83.3,,False,243.999
22272,3.195,31.911,236.38,589.3372,-1,1,3,75.7,,False,118.999
22273,1.08,29.948,222.15,549.2576,-1,1,3,96.6,,False,80.999
22289,2.069,30.151,224.04,514.3513,-1,1,3,42.1,,False,514.999
22304,3.73,31.877,236.1,590.3513,-1,1,3,97.8,,False,139.999
22305,2.048,22.177,168.5,268.2019,-1,1,3,90.0,,False,292.999
22307,3.752,32.067,238.93,467.3792,-1,2,3,54.4,,False,128.999
22315,4.578,32.974,244.72,544.4441,-1,1,3,79.7,,False,304.999
22334,2.858,43.544,319.75,993.6033,-1,1,5,97.7,,False,219.999
22335,3.238,27.365,204.59,412.3518,-1,1,3,75.1,,False,350.999
22337,3.245,23.326,176.0,316.1362,-1,1,3,88.7,,False,161.999
22338,2.887,32.371,240.09,559.327,-1,1,4,85.3,,False,289.999
22345,3.531,29.271,217.94,476.348,-1,1,4,89.5,,False,112.11122222222222
22360,1.328,23.677,178.4,327.2207,-1,1,3,59.3,,False,331.999
22375,3.659,24.057,181.38,322.2495,-1,1,5,58.4,,False,128.999
22389,0.785,23.264,178.3,227.1012,-1,1,4,52.4,,False,236.999
22390,0.745,17.865,141.14,143.1085,-1,1,3,56.6,,False,530.999
22395,2.94,27.844,207.7,445.1035,-1,1,3,97.5,,False,220.999
22400,3.692,28.064,209.96,404.3597,-1,1,3,63.7,,False,265.999
22410,1.292,20.949,159.21,266.1464,-1,1,3,51.9,,False,78.999
22429,2.178,29.708,220.7,518.2085,-1,1,3,93.9,,False,217.999
22435,4.411,26.239,197.29,348.2533,-1,1,3,96.7,,False,313.999
22436,3.265,34.238,253.04,660.3882,-1,2,5,77.8,,False,119.999
22457,0.384,29.443,229.64,172.9919,-1,1,4,94.8,,False,226.999
22462,1.577,24.308,182.89,340.258,-1,1,5,88.5,,False,204.999
22485,3.173,35.114,259.21,702.4064,-1,2,4,75.7,,False,221.999
22495,0.414,27.003,201.25,456.9788,-1,1,3,87.1,,False,404.999
22498,3.382,28.144,209.75,457.1442,-1,1,3,43.1,,False,197.999
22511,4.408,25.388,192.48,284.2675,-1,1,3,60.4,,False,372.999
22517,4.236,37.595,277.07,772.7712,-1,2,9,89.8,,False,13.700601857241537
22530,4.083,33.753,249.99,595.0003,-1,1,3,61.3,,False,121.999
22533,0.368,27.055,206.57,246.0732,-1,1,4,64.5,,False,289.999
22535,2.877,28.853,220.02,253.2169,-1,1,3,98.0,,False,142.999
22539,0.983,4.747,41.21,59.0143,-1,1,6,86.5,,False,157.24074933514504
22542,0.947,22.725,171.56,311.06,-1,1,3,90.5,,False,97.999
22544,4.478,30.154,228.73,283.2679,-1,1,5,97.6,,False,59.777888888888896
22548,4.174,35.588,262.97,668.5214,-1,1,5,64.2,,False,226.66677777777778
22549,2.123,30.685,228.22,498.3537,-1,1,4,90.7,,False,105.999
22552,3.024,44.669,327.72,1058.6908,-1,3,3,83.1,,False,211.999
22560,3.695,36.938,272.42,742.7777,-1,2,4,71.2,,False,158.999
22561,1.084,28.616,211.26,680.8753,-1,1,6,98.4,,False,38.44455555555557
22566,1.773,32.396,239.69,623.3811,-1,1,3,88.0,,False,91.999
22580,2.953,34.548,255.54,634.3765,-1,2,3,65.9,,False,117.999
22583,0.455,25.052,187.26,410.9065,-1,1,4,93.9,,False,91.999
22584,2.752,23.984,177.18,644.9622,-1,1,7,99.1,,False,49.999
22592,0.633,21.802,165.08,289.0419,-1,1,4,86.1,,False,134.999
22593,0.396,26.729,198.44,526.9918,-1,1,3,82.8,,False,248.999
22594,4.373,29.819,221.44,526.2908,-1,2,5,81.2,,False,101.37002106300673
22618,3.095,29.211,217.55,472.3388,-1,1,5,77.8,,False,64.22233333333332
22621,0.376,31.077,452.88,1014.9827,-2,3,3,85.2,,False,219.999
22626,2.498,31.163,231.32,537.1812,-1,1,3,59.3,,False,189.999
22627,2.913,31.158,231.04,561.3236,-1,1,3,84.5,,False,272.999
22635,2.986,37.157,274.27,708.4949,-1,4,3,52.5,,False,205.999
22636,1.489,24.813,186.99,327.226,-1,1,3,95.9,,False,163.999
22644,0.64,30.247,232.69,215.036,-1,1,3,46.7,,False,122.999
22645,0.801,21.951,170.05,189.0411,-1,1,4,94.4,,False,250.999
22648,3.176,38.868,286.44,774.5764,-1,1,3,91.0,,False,454.889
22655,0.451,10.81,82.81,215.0317,-1,1,3,63.1,,False,101.999
22656,0.933,25.893,194.35,365.1446,-1,2,4,85.1,,False,174.999
22663,2.908,28.275,210.6,468.2537,-1,1,3,44.6,,False,314.999
22666,0.587,29.279,216.23,672.8909,-1,1,6,95.3,,False,88.999
22672,4.816,43.214,317.33,988.6295,-1,1,4,94.0,,False,124.999
22684,0.791,21.065,163.17,189.0395,-1,1,6,76.4,,False,117.999
22688,0.145,25.146,186.75,516.8685,-1,1,5,97.7,,False,184.999
22689,1.611,24.692,185.61,349.1735,-1,2,3,82.4,,False,485.999
22703,0.671,21.065,157.61,392.8573,-1,1,7,55.5,,False,68.11122222222222
22704,0.365,26.955,200.53,487.0887,-1,1,4,85.3,,False,89.999
22708,0.645,21.215,172.98,102.9566,-1,1,3,82.2,,False,340.999
22709,0.46,24.763,185.57,381.1381,-1,1,4,97.8,,False,112.999
22710,3.241,20.295,153.93,276.9843,-1,1,4,83.7,,False,281.999
22712,3.383,26.353,198.11,350.3128,-1,1,3,51.0,,False,209.999
22715,0.547,34.917,286.98,96.921,-1,1,7,76.3,,False,103.999
22716,0.377,29.846,247.63,89.0232,-1,1,3,91.8,,False,245.999
22718,1.949,25.693,192.65,376.2309,-1,1,4,48.7,,False,320.2223333333333
22724,2.451,20.419,154.68,284.9766,-1,1,5,68.2,,False,107.33344444444444
22731,1.509,29.609,231.53,167.0191,-1,1,4,77.3,,False,88.999
22733,4.163,28.736,214.84,414.369,-1,1,3,68.2,,False,434.999
22745,3.873,45.856,336.51,1042.8482,-1,1,3,91.9,,False,639.3952073173161
22754,1.423,8.42,66.3,141.0182,-1,1,3,81.6,,False,390.999
22755,0.273,30.113,241.27,124.0005,-1,1,6,70.9,,False,22.616238250151497
22756,1.562,44.364,366.48,92.9282,-1,1,9,84.5,,False,18.419632509846366
22774,1.436,20.877,160.36,217.0023,-1,1,6,80.5,,False,174.999
22777,2.404,24.481,181.36,568.9804,-1,1,3,98.6,,False,37.55566666666664
22792,1.217,28.927,215.12,498.291,-1,1,4,52.7,,False,90.999
22797,1.581,32.602,241.7,569.3327,-1,1,5,65.5,,False,126.999
22802,1.575,17.919,139.37,176.0818,-1,1,6,86.7,,False,118.00011111111112
22814,1.244,29.875,233.61,167.0204,-1,1,3,73.7,,False,200.999
22825,4.155,45.477,333.82,1028.8219,-1,1,6,56.9,,False,100.88900000000001
22830,2.302,34.019,251.12,700.2798,-1,1,4,98.9,,False,228.999
22833,0.833,20.357,178.68,59.0138,-1,1,3,78.5,,False,220.999
22842,2.468,26.663,199.13,425.174,-1,1,3,96.4,,False,327.999
22844,4.607,29.08,216.43,483.2665,-1,1,3,53.1,,False,37.777888888888924
22853,0.65,21.661,166.58,213.0873,-1,1,6,86.3,,False,146.7778888888889
22861,3.657,32.662,247.89,281.2395,-1,1,4,90.9,,False,344.999
22866,0.723,26.56,208.88,154.0589,-1,1,4,65.0,,False,126.999
22876,3.983,25.498,191.75,346.1748,-1,1,5,98.9,,False,118.999
22881,1.23,12.449,102.17,94.9251,-1,1,6,99.0,,False,58.66677777777778
22886,1.479,17.679,142.19,116.9736,-1,1,6,88.1,,False,6.58574709042847
22901,0.607,32.088,237.76,583.2599,-1,1,5,74.8,,False,80.999
22902,3.051,32.283,239.41,560.4803,-1,1,3,41.7,,False,141.22233333333332
22904,4.022,35.872,264.71,714.7722,-1,1,5,57.0,,False,89.22233333333332
22905,2.903,31.954,237.34,526.2961,-1,1,3,85.5,,False,221.999
22915,1.594,33.518,247.64,669.3892,-1,1,4,72.9,,False,281.999
22932,0.58,22.854,176.95,191.0376,-1,1,6,86.5,,False,157.999
22933,0.93,22.968,173.79,295.1904,-1,1,7,75.2,,False,110.999
22937,2.995,29.995,223.73,448.3902,-1,1,3,67.7,,False,271.999
22941,0.899,26.36,194.97,616.8202,-1,1,6,74.2,,False,64.999
22945,0.949,13.475,105.16,164.8359,-1,1,3,63.6,,False,111.999
22946,0.497,15.9,130.66,94.9265,-1,1,5,91.6,,False,138.999
22955,2.705,24.985,192.21,213.1507,-1,1,3,87.0,,False,185.999
22967,0.342,31.472,232.42,680.0667,-1,1,3,97.5,,False,199.999
22968,2.464,28.02,208.07,523.9375,-1,1,3,84.9,,False,357.999
22974,2.372,27.634,206.87,396.1525,-1,1,3,77.9,,False,278.999
22978,0.749,20.565,158.67,201.0264,-1,1,4,97.4,,False,116.999
22983,2.181,25.264,189.78,356.2885,-1,1,3,44.0,,False,217.999
22986,1.96,25.143,188.85,357.1399,-1,1,3,72.0,,False,288.999
22988,3.61,34.674,256.16,674.4093,-1,3,3,52.5,,False,148.7778888888889
22989,0.631,27.023,202.44,386.943,-1,1,4,60.4,,False,74.999
22994,1.305,24.894,186.94,359.1716,-1,1,3,75.4,,False,445.999
23005,2.573,19.049,146.63,208.0992,-1,1,4,99.4,,False,97.33344444444445
23008,2.484,32.682,248.45,271.2298,-1,1,3,52.5,,False,235.999
23016,1.451,28.206,210.11,467.2669,-1,1,3,84.5,,False,267.999
23017,2.728,33.79,249.8,650.3691,-1,1,3,56.9,,False,307.999
23027,0.496,26.856,200.56,427.0185,-1,1,5,97.3,,False,216.999
23036,0.801,32.203,264.63,96.9204,-1,1,5,71.7,,False,117.999
23043,4.189,36.292,267.75,724.9317,-1,3,6,75.8,,False,184.54924309007893
23046,0.661,53.95,435.06,116.978,-1,1,6,83.3,,False,61.74274884986147
23055,1.493,23.409,174.53,444.8798,-1,1,7,80.4,,False,101.999
23061,4.041,17.179,133.06,187.0403,-1,1,5,55.8,,False,96.999
23092,4.011,37.183,274.08,763.2068,-1,1,5,73.2,,False,57.48282922217092
23098,4.193,40.973,301.5,858.6229,-1,2,4,96.9,,False,187.999
23109,1.373,23.743,178.97,324.2285,-1,1,3,79.2,,False,192.999
23110,0.838,24.134,211.95,59.0129,-1,1,5,88.4,,False,197.999
23116,1.905,41.008,330.05,118.9678,-1,1,9,87.8,,False,8.785506098710158
23122,2.598,34.112,252.13,652.3524,-1,1,3,98.6,,False,250.999
23142,0.506,25.462,190.72,387.0288,-1,1,3,83.0,,False,236.999
23144,0.425,34.682,287.85,89.024,-1,1,5,96.6,,False,328.999
23146,0.573,29.223,216.96,531.2584,-1,1,4,97.5,,False,185.999
23168,4.2,26.821,201.04,380.3586,-1,1,3,71.6,,False,204.77788888888892
23187,4.238,40.451,298.04,791.5504,-1,2,3,91.8,,False,216.22233333333332
23193,0.539,25.592,196.19,227.1023,-1,1,3,64.1,,False,231.999
23207,4.386,23.367,177.07,285.7511,-1,1,3,82.0,,False,190.999
23222,0.74,20.676,169.1,99.9572,-1,1,7,93.5,,False,16.46144704156518
23223,1.487,30.023,222.98,525.3103,-1,1,3,93.5,,False,309.999
23228,1.556,29.785,220.8,567.3191,-1,1,4,92.6,,False,98.999
23234,3.86,35.038,256.46,1244.9346,-1,1,3,59.5,,False,128.999
23235,1.179,25.355,189.84,391.1822,-1,1,3,66.5,,False,235.999
23238,0.392,15.59,122.32,154.9465,-1,1,3,89.9,,False,20.333444444444467
23241,3.753,34.103,252.04,660.4251,-1,2,4,48.6,,False,101.66677777777778
23248,3.519,34.294,253.74,626.4728,-1,1,5,61.5,,False,123.999
23252,0.628,22.245,171.47,205.0539,-1,1,4,80.7,,False,210.999
23262,0.531,21.674,164.21,285.0771,-1,1,4,86.4,,False,207.999
23264,4.22,25.413,191.12,346.1775,-1,1,3,71.2,,False,227.999
23266,2.417,26.722,200.59,365.1995,-1,1,4,59.1,,False,196.999
23269,3.7,33.199,245.82,601.2282,-1,1,4,88.9,,False,148.11122222222224
23283,0.499,19.328,162.31,79.9554,-1,1,4,99.8,,False,117.999
23291,0.918,45.212,353.83,167.0196,-1,1,3,87.3,,False,254.999
23294,0.41,26.205,204.49,171.0269,-1,1,3,92.9,,False,389.999
23297,4.177,33.406,246.9,655.5633,-1,2,3,52.3,,False,299.999
23301,0.665,20.306,165.53,102.9563,-1,1,5,81.6,,False,112.999
23305,0.341,25.694,195.73,256.9335,-1,1,4,53.6,,False,75.999
23321,1.067,2.835,22.83,94.9253,-1,1,3,70.9,,False,142.999
23332,0.53,26.057,192.64,628.8305,-1,1,4,69.2,,False,78.33344444444445
23333,2.138,30.333,225.51,504.3449,-1,1,4,52.1,,False,207.999
23338,1.084,24.252,183.37,301.1793,-1,1,3,42.1,,False,233.999
23341,0.315,26.327,194.58,638.7926,-1,1,4,72.1,,False,116.999
23344,0.737,23.888,187.8,154.0618,-1,1,4,98.9,,False,105.999
23351,3.061,29.86,224.83,339.255,-1,1,4,62.7,,False,65.999
23353,1.324,23.048,174.26,300.2274,-1,1,3,57.4,,False,157.999
23354,1.846,28.715,214.97,397.2208,-1,1,3,53.8,,False,85.999
23358,2.112,30.789,228.3,563.2246,-1,1,4,80.4,,False,183.999
23361,2.509,23.319,174.3,408.7938,-1,1,3,98.7,,False,200.999
23369,1.376,29.044,217.97,370.1808,-1,1,5,80.3,,False,100.999
23374,3.66,25.097,188.29,369.1708,-1,1,4,79.1,,False,126.999
23393,3.347,35.545,263.41,582.3826,-1,1,3,71.9,,False,180.999
23396,0.476,27.233,225.9,89.0242,-1,1,5,73.1,,False,166.999
23405,2.699,22.732,168.29,580.9656,-1,1,5,93.5,,False,178.999
23412,1.367,26.008,194.23,425.2563,-1,1,4,77.9,,False,146.999
23414,0.465,31.924,262.92,94.9278,-1,1,4,90.6,,False,157.999
23429,1.26,54.126,447.23,92.9277,-1,1,8,84.3,,False,142.842321106004
23436,2.525,30.859,228.72,571.2338,-1,2,3,75.9,,False,326.999
23439,0.945,14.839,118.6,124.0087,-1,1,5,99.1,,False,180.999
23443,1.275,24.938,186.25,423.149,-1,1,4,63.4,,False,156.999
23450,1.447,22.754,172.34,288.2264,-1,1,4,98.6,,False,187.999
23460,0.87,25.108,186.44,518.8684,-1,1,7,73.7,,False,27.726972672860114
23486,0.841,25.063,187.35,410.9067,-1,1,4,52.1,,False,234.11122222222224
23495,0.6,8.633,75.41,59.0136,-1,1,5,98.0,,False,3.1112222222222243
23500,0.835,21.378,161.58,301.0401,-1,1,3,71.3,,False,277.999
23507,1.454,26.442,198.07,387.2241,-1,1,3,93.2,,False,151.999
23508,2.773,38.957,290.22,476.2815,-1,1,3,50.1,,False,188.999
23516,2.888,33.339,247.01,584.4658,-1,1,3,47.8,,False,420.999
23518,1.258,53.788,433.81,116.9718,-1,1,4,63.5,,False,64.2223333333333
23526,2.74,31.298,232.05,566.3284,-1,1,3,66.5,,False,342.999
23527,3.616,39.782,292.58,879.5124,-1,1,3,90.1,,False,205.999
23528,3.821,41.92,308.12,924.601,-1,1,6,87.9,,False,124.999
23530,0.492,27.304,201.57,678.802,-1,1,7,95.0,,False,22.32394131204171
23537,2.114,26.316,197.56,363.1455,-1,1,3,67.4,,False,264.999
23546,1.896,33.092,244.01,741.1982,-1,1,4,81.7,,False,52.999
23548,1.125,22.088,166.69,313.0382,-1,1,3,62.9,,False,243.999
23551,1.601,27.131,238.35,59.0133,-1,1,6,93.2,,False,126.999
23553,2.086,24.005,180.65,338.1742,-1,1,3,74.1,,False,214.999
23555,4.233,35.708,263.62,699.6658,-1,3,4,62.9,,False,457.889
23557,0.846,16.778,131.95,151.0771,-1,1,3,51.8,,False,56.22233333333334
23571,2.724,44.761,328.39,1067.6275,-1,2,3,86.0,,False,273.999
23573,0.721,43.914,345.72,154.0605,-1,1,6,97.4,,False,152.999
23578,4.281,41.723,306.67,918.633,-1,3,4,52.5,,False,131.22233333333332
23584,0.444,32.94,243.64,633.3733,-1,1,4,76.7,,False,55.999
23585,2.095,17.326,151.98,59.0131,-1,1,5,85.2,,False,86.999
23587,0.413,27.224,202.92,455.2348,-1,1,3,80.0,,False,211.999
23610,3.701,28.921,216.39,404.3628,-1,1,4,67.0,,False,222.999
23614,2.293,33.424,247.1,646.2389,-1,1,4,74.2,,False,236.999
23622,1.728,27.973,208.6,449.2888,-1,1,4,87.9,,False,157.999
23630,3.415,32.76,243.23,534.5024,-1,1,3,44.0,,False,419.999
23631,2.864,34.239,253.22,636.4448,-1,2,4,76.4,,False,16.66677777777778
23637,0.276,31.302,229.74,984.2813,-1,1,5,96.7,,False,189.999
23640,0.326,25.971,228.13,59.0135,-1,1,3,66.8,,False,130.999
23641,2.938,28.182,207.86,713.9581,-1,1,3,97.9,,False,129.999
23647,1.997,28.611,212.86,489.264,-1,1,3,93.5,,False,232.999
23649,2.019,29.792,221.09,540.1757,-1,1,4,92.8,,False,105.999
23653,0.427,21.959,182.03,89.0239,-1,1,3,98.4,,False,507.44455555555555
23657,0.382,38.423,318.97,89.0232,-1,1,5,98.3,,False,77.999
23661,0.438,20.161,152.83,280.0295,-1,1,3,48.9,,False,195.999
23667,1.36,25.053,188.2,356.2513,-1,1,4,90.3,,False,156.999
23670,1.762,33.889,250.62,639.415,-1,1,3,37.8,,False,145.999
23690,1.692,8.842,70.84,116.973,-1,1,3,93.4,,False,255.999
23712,0.618,25.108,186.45,518.8646,-1,1,7,79.6,,False,10.333444444444439
23724,0.465,19.463,148.04,260.0265,-1,1,3,75.5,,False,196.999
23727,1.105,23.539,177.26,332.1583,-1,1,4,53.7,,False,212.999
23730,0.368,20.51,155.95,263.0897,-1,1,3,72.5,,False,104.999
23731,0.412,30.415,224.2,744.9156,-1,1,4,98.1,,False,123.7778888888889
23741,3.707,45.341,332.82,1026.8243,-1,1,3,97.0,,False,459.999
23742,3.201,26.082,195.56,376.2983,-1,1,3,94.7,,False,177.999
23749,3.698,22.961,172.6,347.0136,-1,1,5,56.2,,False,3.7778888888888957
23750,3.492,26.316,196.97,397.2586,-1,1,4,76.5,,False,146.999
23753,3.489,39.394,289.96,835.5402,-1,1,3,62.3,,False,145.889
23756,3.267,33.55,248.13,635.382,-1,2,4,82.1,,False,148.0001111111111
23759,1.311,35.424,261.77,662.3922,-1,1,3,86.3,,False,138.999
23769,0.753,20.373,155.82,234.1232,-1,1,3,97.1,,False,200.999
23770,0.665,17.655,136.71,188.0091,-1,1,4,91.3,,False,164.999
23793,2.623,27.442,205.07,418.214,-1,1,4,58.2,,False,155.999
23799,0.64,37.458,285.44,259.0364,-1,1,3,74.9,,False,191.999
23822,1.752,19.352,169.83,59.0137,-1,1,5,51.9,,False,137.44455555555558
23829,3.913,46.579,341.63,1090.8546,-1,3,3,62.2,,False,308.999
23830,3.964,36.976,272.69,742.7649,-1,1,4,40.8,,False,289.11122222222224
23840,4.604,39.822,293.54,770.5807,-1,1,4,74.5,,False,105.999
23850,2.211,20.69,157.16,268.9857,-1,1,3,99.6,,False,200.999
23855,2.087,23.254,179.27,205.1233,-1,1,3,74.4,,False,113.999
23858,0.705,28.989,213.66,744.8324,-1,1,4,78.5,,False,206.999
23859,0.314,26.38,195.63,550.8702,-1,1,3,42.6,,False,174.999
23875,3.594,27.743,207.59,402.3476,-1,1,3,67.2,,False,290.999
23892,3.953,33.609,248.95,594.0868,-1,2,4,51.1,,False,221.999
23893,0.822,23.478,192.1,99.957,-1,1,6,78.1,,False,128.10525911362924
23896,3.942,35.271,260.66,663.4829,-1,3,3,72.0,,False,165.999
23901,0.553,18.421,141.29,220.9676,-1,1,3,97.6,,False,356.999
23905,3.995,41.359,303.93,933.5597,-1,2,5,69.9,,False,112.999
23921,2.133,29.631,220.1,521.2956,-1,1,3,51.0,,False,137.999
23922,3.205,24.333,182.82,353.1488,-1,1,3,67.1,,False,110.999
23932,2.296,30.93,229.44,551.3056,-1,1,3,66.7,,False,267.999
23938,0.451,29.424,217.29,674.9414,-1,1,7,97.6,,False,69.999
23959,3.557,31.134,231.08,541.395,-1,3,3,74.8,,False,289.999
23964,4.66,40.238,296.42,791.5503,-1,2,4,96.1,,False,240.1460432545239
23981,3.902,36.339,268.11,725.4303,-1,2,5,60.7,,False,123.22233333333332
23984,2.77,24.692,182.74,594.9101,-1,1,4,85.6,,False,257.999
23992,1.097,22.018,166.93,281.1195,-1,1,3,97.8,,False,231.999
24005,2.41,33.326,246.48,633.4062,-1,1,3,81.5,,False,174.999
24009,3.436,30.734,228.04,546.321,-1,1,3,63.6,,False,231.999
24018,3.704,34.297,253.43,664.4202,-1,1,4,98.7,,False,84.999
24026,0.364,29.782,228.7,222.0305,-1,1,3,91.2,,False,136.999
24037,0.83,26.691,213.78,124.0056,-1,1,6,99.8,,False,34.55566666666667
24054,3.009,31.456,234.21,479.3009,-1,1,3,52.2,,False,289.999
24058,0.673,26.077,192.62,656.7521,-1,1,5,71.0,,False,136.999
24060,1.048,17.474,132.66,267.8907,-1,1,4,95.3,,False,333.999
24062,2.639,30.561,230.78,315.2545,-1,1,3,99.1,,False,82.999
24065,1.68,28.548,212.3,495.281,-1,2,3,63.4,,False,72.999
24073,2.458,23.141,175.56,278.2488,-1,1,3,79.1,,False,153.999
24074,3.802,45.756,335.75,1048.8421,-1,2,3,66.6,,False,379.999
24084,3.929,36.485,269.1,739.1424,-1,1,3,53.6,,False,121.999
24090,1.721,39.185,310.6,141.0178,-1,1,5,55.4,,False,236.999
24093,0.272,23.618,174.97,566.5837,-1,1,4,78.2,,False,113.999
24094,0.349,30.482,224.66,750.8736,-1,1,5,97.7,,False,68.999
24100,2.289,21.335,162.21,264.1101,-1,1,3,42.8,,False,97.999
24104,0.449,20.18,154.6,227.1014,-1,1,4,77.8,,False,148.999
24115,1.094,18.397,147.75,118.9718,-1,1,7,94.4,,False,25.77788888888888
24121,1.757,4.112,32.08,141.0166,-1,1,5,81.4,,False,99.999
24122,0.826,6.709,58.48,59.014,-1,1,3,43.7,,False,156.999
24126,1.504,18.118,139.64,203.027,-1,1,6,93.1,,False,104.88900000000001
24135,0.136,23.397,173.67,522.8102,-1,1,3,62.8,,False,143.999
24148,2.946,27.695,206.61,443.2547,-1,1,3,97.6,,False,149.999
24161,2.44,23.551,178.14,297.5106,-1,1,3,76.5,,False,158.999
24165,2.729,22.871,168.93,642.9669,-1,1,3,57.5,,False,38.222333333333324
24171,4.078,43.085,316.46,969.6186,-1,2,3,82.4,,False,64.44455555555558
24176,0.839,30.98,229.23,616.2593,-1,1,4,66.0,,False,190.999
24177,2.048,28.904,215.02,491.2438,-1,1,5,81.2,,False,21.11122222222224
24191,4.165,33.981,251.72,592.9644,-1,1,4,38.9,,False,75.999
24199,0.364,23.812,179.56,321.0631,-1,1,3,97.4,,False,271.999
24200,2.565,26.59,199.06,394.3057,-1,1,3,52.1,,False,109.999
24209,4.827,43.086,316.41,987.6258,-1,2,3,82.2,,False,69.999
24210,0.524,24.788,183.74,556.804,-1,1,4,79.9,,False,65.999
24211,2.338,29.089,216.68,469.32,-1,1,3,82.8,,False,197.999
24215,2.13,36.372,268.52,696.4663,-1,1,3,97.0,,False,386.33344444444447
24241,1.657,6.276,50.11,116.9748,-1,1,3,48.7,,False,102.999
24249,2.231,22.278,166.38,418.9765,-1,1,4,69.9,,False,181.999
24250,0.643,26.345,195.17,574.8344,-1,1,4,89.3,,False,126.999
24256,0.92,17.981,138.58,203.0234,-1,1,4,76.1,,False,157.999
24268,1.621,37.572,276.74,797.4419,-1,2,3,80.1,,False,185.999
24279,0.784,20.823,158.39,261.0801,-1,1,4,62.4,,False,265.999
24287,0.918,21.3,170.49,124.0044,-1,1,6,88.9,,False,179.999
24289,1.319,31.025,229.93,574.3414,-1,1,3,86.5,,False,242.999
24292,2.139,24.917,187.57,336.2577,-1,1,3,43.6,,False,176.999
24298,2.376,22.402,166.09,543.9734,-1,1,4,64.3,,False,101.33344444444441
24299,2.194,33.0,243.98,644.2263,-1,1,3,81.3,,False,242.999
24302,1.935,26.796,200.39,408.1725,-1,1,3,80.3,,False,249.999
24304,1.498,34.16,251.67,776.2414,-1,1,3,94.2,,False,111.999
24307,1.346,28.685,212.69,559.1879,-1,1,3,92.6,,False,181.999
24313,1.447,5.566,44.37,116.9694,-1,1,3,51.8,,False,263.999
24333,1.698,27.7,206.94,423.2763,-1,1,4,93.7,,False,124.999
24349,1.571,33.984,251.12,662.3648,-1,2,3,65.5,,False,146.999
24350,0.58,29.788,245.28,94.9279,-1,1,4,90.7,,False,20.111222222222224
24355,3.548,32.735,242.56,583.3481,-1,1,3,62.6,,False,206.999
24358,2.576,17.481,135.61,183.012,-1,1,4,78.1,,False,45.777888888888924
24359,2.544,28.103,209.26,472.2545,-1,1,3,98.0,,False,297.999
24371,4.358,37.022,273.02,747.3023,-1,1,4,59.1,,False,99.22233333333332
24384,1.901,36.286,267.35,783.5795,-1,2,3,72.7,,False,106.999
24396,4.422,41.347,304.1,882.6322,-1,1,5,53.5,,False,139.999
24397,0.651,27.88,206.14,630.8791,-1,1,7,98.1,,False,8.000111111111096
24398,3.121,30.006,223.55,467.5145,-1,1,5,62.8,,False,61.999
24399,0.793,25.867,202.19,167.0207,-1,1,3,35.2,,False,95.999
24408,0.743,22.16,180.71,102.9557,-1,1,4,83.2,,False,63.999
24410,0.913,23.401,176.23,331.1896,-1,1,4,97.6,,False,99.999
24413,1.729,26.366,197.25,402.2356,-1,2,3,57.8,,False,153.999
24424,3.075,29.378,218.72,477.9492,-1,1,3,43.1,,False,100.999
24428,0.38,32.185,237.0,794.9708,-1,1,3,67.5,,False,110.999
24439,2.045,24.138,181.98,323.2228,-1,1,4,61.2,,False,240.39271198381002
24441,0.345,28.254,209.67,539.0734,-1,1,3,68.4,,False,106.999
24451,1.146,22.521,170.62,286.2129,-1,1,3,61.0,,False,214.999
24460,1.929,29.186,217.17,487.2952,-1,1,3,97.3,,False,272.999
24462,2.334,22.922,172.31,347.0116,-1,1,3,69.9,,False,222.999
24489,1.379,33.278,245.99,650.3622,-1,1,4,90.7,,False,138.999
24496,0.603,22.232,168.56,280.8972,-1,1,3,76.4,,False,182.999
24500,3.552,23.876,181.82,257.2303,-1,1,3,98.0,,False,443.999
24501,0.476,22.104,174.38,146.9831,-1,1,3,87.0,,False,56.999
24502,0.832,21.73,163.32,346.9313,-1,1,3,57.8,,False,120.0001111111111
24512,3.357,35.142,259.45,698.4071,-1,1,4,85.5,,False,112.999
24516,4.072,26.708,200.25,377.344,-1,1,4,45.7,,False,19.666777777777753
24519,2.549,36.84,271.54,765.4402,-1,1,4,44.2,,False,87.999
24520,1.462,25.527,191.14,391.218,-1,1,4,59.1,,False,87.999
24526,2.943,20.308,154.95,245.115,-1,1,3,97.9,,False,141.999
24531,3.104,20.245,154.5,244.0334,-1,1,3,96.6,,False,264.999
24536,4.117,33.994,251.8,594.9394,-1,1,4,69.3,,False,190.999
24538,0.251,14.734,113.71,195.9,-1,1,4,75.2,,False,101.999
24544,1.501,23.871,179.07,368.9783,-1,1,4,70.0,,False,63.999
24549,3.037,38.745,289.37,436.2902,-1,1,3,82.3,,False,204.999
24557,2.001,30.036,223.13,520.3084,-1,1,3,78.8,,False,112.999
24559,3.164,28.902,216.36,397.3164,-1,1,3,80.0,,False,236.999
24561,0.307,24.321,180.32,550.7222,-1,1,5,74.4,,False,110.999
24575,4.484,39.076,288.08,763.1901,-1,2,3,80.8,,False,72.999
24578,1.514,29.756,220.55,568.2706,-1,1,3,87.1,,False,79.999
24581,2.655,32.456,240.22,610.326,-1,1,3,41.8,,False,228.999
24593,1.617,25.422,190.9,360.2296,-1,1,3,75.9,,False,225.999
24594,4.067,34.162,253.02,595.9155,-1,1,4,44.7,,False,145.999
24595,3.318,30.987,230.52,493.5109,-1,1,3,84.7,,False,57.999
24596,2.243,26.69,199.98,385.3021,-1,1,4,81.3,,False,34.50958651618015
24600,0.844,27.009,200.11,572.9213,-1,1,4,56.3,,False,88.66677777777775
24610,0.989,34.751,271.83,167.0207,-1,1,3,99.8,,False,107.999
24612,2.313,29.128,216.6,498.2033,-1,1,3,94.5,,False,175.999
24634,0.652,23.335,174.19,426.9391,-1,1,4,59.5,,False,148.999
24635,0.282,29.25,215.09,856.3829,-1,1,6,91.4,,False,92.999
24639,1.446,19.647,151.84,195.1408,-1,1,3,60.3,,False,239.999
24642,4.008,28.189,211.2,387.3665,-1,1,4,57.8,,False,74.999
24644,1.113,23.934,180.05,341.1781,-1,1,3,89.4,,False,166.999
24648,2.905,32.584,242.61,480.6124,-1,1,3,68.0,,False,257.999
24663,0.297,32.046,247.56,201.0367,-1,1,3,60.7,,False,142.999
24673,2.319,35.135,266.77,279.1653,-1,1,4,77.6,,False,19.66677777777778
24686,4.578,33.48,248.37,555.5224,-1,1,3,69.3,,False,26.11122222222224
24690,4.232,37.011,272.94,745.0034,-1,3,4,52.5,,False,112.999
24691,1.932,18.306,140.12,228.9688,-1,1,4,77.7,,False,229.55566666666667
24695,0.319,27.199,214.48,148.9791,-1,1,3,87.7,,False,138.999
24697,0.838,23.432,176.63,323.2242,-1,1,3,55.6,,False,100.999
24704,2.985,28.594,212.87,477.0419,-1,1,4,73.8,,False,89.999
24705,2.118,29.313,217.92,504.2128,-1,1,4,94.1,,False,182.999
24710,4.157,41.272,303.33,924.5781,-1,3,3,83.7,,False,194.999
24718,1.853,29.669,220.97,472.3423,-1,1,3,47.5,,False,64.999
24720,1.861,26.389,197.25,413.2179,-1,1,3,72.4,,False,125.999
24727,1.928,30.748,228.14,547.2762,-1,1,3,79.7,,False,323.999
24729,1.456,25.567,192.11,354.2335,-1,1,4,58.4,,False,148.999
24734,3.632,34.763,256.93,659.4162,-1,1,3,54.6,,False,186.999
24745,2.272,24.819,186.9,333.2418,-1,2,4,97.8,,False,111.999
24750,0.498,26.932,199.21,614.8512,-1,1,4,74.9,,False,136.66677777777775
24755,0.664,25.523,189.23,552.8673,-1,1,3,98.3,,False,203.999
24759,1.788,34.933,307.09,59.0138,-1,1,6,97.6,,False,85.999
24766,3.664,31.006,230.23,529.3976,-1,1,3,59.2,,False,212.999
24769,0.57,27.051,200.11,614.8512,-1,1,8,92.5,,False,10.995136325120995
24784,1.617,6.408,50.31,141.0202,-1,1,3,66.9,,False,258.999
24801,3.401,19.811,149.97,288.9359,-1,1,4,85.6,,False,189.65007668677825
24814,0.502,26.704,207.73,179.0551,-1,1,3,53.8,,False,305.999
24837,2.454,35.835,264.75,670.4504,-1,2,5,60.9,,False,48.090364804875946
24841,1.89,3.757,29.25,141.0135,-1,1,4,94.0,,False,120.11122222222222
24846,2.133,36.028,296.82,94.9233,-1,1,4,61.1,,False,165.999
24852,3.541,20.679,157.48,255.0994,-1,1,4,72.3,,False,106.999
24859,1.615,18.334,147.48,116.9744,-1,1,5,84.4,,False,120.999
24861,0.635,27.156,201.38,552.953,-1,1,3,89.7,,False,71.999
24865,1.688,17.292,139.06,116.9706,-1,1,6,60.5,,False,68.999
24875,0.809,18.187,141.99,167.1079,-1,1,3,71.6,,False,178.999
24878,2.628,28.908,215.1,487.273,-1,1,3,58.2,,False,150.55566666666667
24892,0.557,14.187,108.85,215.0335,-1,1,5,61.3,,False,200.999
24895,0.593,33.742,259.78,213.025,-1,1,3,87.2,,False,300.999
24905,0.84,25.513,189.17,550.87,-1,1,4,61.7,,False,64.66677777777778
24910,4.384,24.545,185.09,321.282,-1,1,3,74.4,,False,37.11122222222224
24911,3.948,36.658,270.36,740.7673,-1,1,5,48.6,,False,84.66677777777778
24915,3.445,31.219,231.5,560.3397,-1,1,3,90.2,,False,126.999
24918,0.272,17.665,134.1,268.8033,-1,1,3,52.5,,False,108.999
24927,0.742,23.491,687.2,306.9366,-4,2,3,79.6,,False,77.999
24928,1.666,23.507,179.75,237.1105,-1,1,3,97.8,,False,251.999
24944,2.635,19.26,148.13,211.0633,-1,1,4,76.8,,False,120.999
24955,0.604,20.674,157.5,253.0189,-1,1,3,81.5,,False,301.999
24964,4.539,29.227,217.25,505.2771,-1,1,3,86.4,,False,141.11122222222224
24966,0.905,28.743,215.71,369.1768,-1,1,4,62.5,,False,167.999
24968,2.217,30.127,223.52,546.2871,-1,2,3,48.2,,False,195.999
24972,0.808,27.222,201.37,614.9078,-1,1,3,60.7,,False,102.999
24973,4.01,36.303,267.83,725.1188,-1,1,5,54.7,,False,161.0699998519621
24975,0.287,27.385,202.15,680.8027,-1,1,3,66.3,,False,228.999
24977,0.443,16.768,128.75,215.0354,-1,1,5,73.4,,False,66.999
25000,2.138,27.465,205.15,424.3157,-1,1,3,60.7,,False,215.999
25011,0.279,25.384,187.74,614.6485,-1,1,3,63.5,,False,266.999
25019,0.458,28.455,210.18,662.9124,-1,1,3,49.9,,False,58.33344444444444
25021,1.63,26.476,198.14,399.309,-1,1,3,69.3,,False,230.999
25036,0.784,35.772,294.69,94.9254,-1,1,5,78.6,,False,24.111222222222224
25054,3.982,34.594,255.6,668.3966,-1,1,4,59.9,,False,152.999
25058,4.293,43.945,323.11,902.865,-1,2,5,77.5,,False,5.995027265580262
25059,4.542,37.194,274.11,766.838,-1,1,3,47.8,,False,18.777888888888924
25063,1.646,30.295,225.37,493.3183,-1,1,4,65.5,,False,50.999
25070,0.719,3.51,28.46,92.9273,-1,1,4,92.6,,False,241.15227702793504
25089,1.733,21.379,161.92,287.0444,-1,1,5,97.7,,False,30.33344444444444
25100,3.763,29.096,216.88,457.373,-1,1,3,50.9,,False,133.999
25108,0.632,27.921,209.53,369.1756,-1,1,3,82.4,,False,121.999
25113,0.287,28.714,211.28,818.4681,-1,1,3,77.6,,False,50.999
25114,0.581,32.207,265.91,92.9301,-1,1,4,59.7,,False,185.999
25117,3.297,31.571,233.84,589.3442,-1,2,3,69.9,,False,118.999
25121,2.319,32.311,239.05,622.1951,-1,1,3,66.7,,False,196.999
25135,2.471,33.48,247.86,605.2438,-1,2,3,78.2,,False,378.2223333333333
25137,2.894,22.828,173.63,263.238,-1,1,3,97.3,,False,175.999
25156,0.244,23.311,174.2,412.9021,-1,1,6,58.1,,False,29.22021342287576
25161,3.272,29.789,222.07,457.3319,-1,1,3,41.0,,False,191.999
25166,1.948,30.96,229.38,583.2107,-1,1,3,96.5,,False,359.999
25194,1.799,45.324,373.54,94.9245,-1,1,4,95.9,,False,58.999
25195,1.657,32.027,237.24,588.3855,-1,2,3,66.6,,False,237.999
25216,1.317,28.808,214.25,495.2975,-1,1,3,88.4,,False,207.999
25219,2.252,24.841,186.66,353.1614,-1,1,3,66.1,,False,247.999
25243,1.242,25.031,187.68,375.1869,-1,2,3,96.8,,False,111.999
25256,3.548,34.317,253.65,654.384,-1,1,3,53.8,,False,58.999
25264,2.748,41.95,308.22,940.5828,-1,1,3,95.5,,False,188.0001111111111
25266,1.285,11.791,96.75,94.9248,-1,1,4,75.4,,False,153.999
25272,1.852,24.876,187.03,347.2234,-1,1,3,70.9,,False,251.999
25283,2.208,32.001,237.16,576.3692,-1,1,3,90.9,,False,139.999
25285,2.297,24.949,187.69,342.2728,-1,1,4,73.6,,False,141.0001111111111
25290,3.214,27.96,214.4,227.2033,-1,1,4,73.3,,False,144.999
25291,1.432,45.035,372.05,92.9277,-1,1,5,82.4,,False,117.999
25298,0.326,24.806,184.23,514.8114,-1,1,5,95.4,,False,51.111222222222224
25299,2.206,32.764,242.5,613.4159,-1,1,3,97.4,,False,243.999
25300,0.297,27.118,213.82,148.9797,-1,1,3,79.3,,False,379.999
25305,1.817,27.078,201.99,443.2503,-1,1,4,81.7,,False,135.999
25311,0.778,28.043,206.76,728.8032,-1,1,4,96.7,,False,159.999
25331,2.125,30.326,225.21,526.3481,-1,1,3,48.3,,False,169.999
25339,0.451,27.72,204.79,654.8424,-1,1,5,86.7,,False,62.66677777777778
25350,0.827,23.053,178.62,189.042,-1,1,4,78.4,,False,82.999
25356,3.151,42.165,309.74,964.452,-1,2,3,90.6,,False,105.999
25357,1.637,29.113,216.56,492.2833,-1,1,3,75.1,,False,186.999
25368,0.905,28.55,212.12,513.2797,-1,1,3,80.8,,False,65.999
25374,2.033,31.984,237.14,565.3765,-1,1,3,59.9,,False,112.999
25383,3.159,33.701,249.14,648.3922,-1,2,3,41.4,,False,158.999
25391,1.148,17.361,135.41,169.0663,-1,1,3,92.8,,False,89.999
25401,4.419,36.764,271.11,742.0693,-1,1,4,47.5,,False,88.999
25409,1.259,35.679,262.81,791.3859,-1,1,4,62.6,,False,81.999
25412,1.603,20.472,157.67,207.1399,-1,1,4,83.0,,False,47.111222222222224
25417,0.296,19.186,147.65,208.8428,-1,1,4,87.1,,False,143.999
25446,3.864,47.057,345.13,1091.8547,-1,2,3,77.1,,False,152.999
25452,1.324,18.07,141.08,167.0211,-1,1,4,85.1,,False,105.999
25455,1.142,22.069,167.11,289.1822,-1,1,3,72.0,,False,89.999
25456,0.494,22.419,171.97,223.0219,-1,1,4,81.2,,False,135.999
25464,4.533,35.543,262.61,671.5223,-1,1,3,57.8,,False,149.999
25466,0.4,29.128,218.08,397.0042,-1,1,3,50.6,,False,254.999
25477,3.212,16.153,123.64,227.2034,-1,1,3,81.3,,False,227.999
25479,3.469,27.027,199.23,730.9609,-1,1,5,59.6,,False,78.999
25484,0.559,24.792,190.74,213.0877,-1,1,4,76.0,,False,250.88899999999998
25485,4.364,31.342,233.14,495.6763,-1,3,3,52.5,,False,159.999
25493,3.769,35.486,262.16,675.4166,-1,1,3,43.6,,False,227.999
25497,3.001,34.852,257.36,688.3863,-1,1,3,53.1,,False,115.999
25506,4.281,35.658,263.29,692.4745,-1,1,3,83.3,,False,175.999
25510,3.542,20.377,155.51,244.0325,-1,1,5,86.5,,False,61.999
25515,3.866,39.673,292.11,817.8183,-1,1,4,54.7,,False,108.55566666666667
25518,2.792,31.568,233.93,577.3164,-1,1,3,84.5,,False,147.999
25520,0.775,55.096,436.93,141.0209,-1,1,3,46.0,,False,238.999
25524,0.519,29.539,230.98,167.0207,-1,1,3,75.9,,False,167.999
25525,3.37,44.872,329.57,979.7909,-1,1,4,89.1,,False,53.999
25528,1.508,30.527,226.33,563.3134,-1,1,3,86.0,,False,238.999
25531,1.681,23.179,172.9,436.918,-1,1,3,73.0,,False,192.999
25535,0.722,28.416,209.69,698.8235,-1,1,5,70.4,,False,113.999
25556,1.575,4.561,36.26,116.9748,-1,1,4,44.2,,False,151.66677777777778
25559,3.709,47.333,347.09,1113.8367,-1,1,4,89.2,,False,94.999
25560,3.971,26.751,200.41,387.2054,-1,1,3,67.2,,False,201.999
25561,1.748,21.44,163.41,251.1222,-1,1,3,68.2,,False,277.999
25565,2.643,33.291,246.55,595.4288,-1,1,3,53.7,,False,223.999
25569,2.817,27.493,205.36,425.1118,-1,1,3,58.5,,False,151.999
25572,1.625,11.266,90.25,118.9671,-1,1,4,56.6,,False,154.999
25577,3.789,46.131,338.53,1047.8235,-1,2,4,65.9,,False,155.999
25582,2.521,21.696,165.74,240.2403,-1,1,4,77.4,,False,72.999
25585,4.232,32.131,238.22,564.3524,-1,1,3,72.8,,False,103.22233333333334
25591,1.518,30.81,228.62,545.3415,-1,1,3,54.1,,False,263.999
25593,3.034,20.763,158.53,242.1795,-1,1,3,86.5,,False,121.999
25595,0.57,23.672,177.18,392.9405,-1,1,3,99.4,,False,27.666777777777725
25601,0.477,28.459,209.75,744.775,-1,1,4,93.1,,False,137.999
25611,4.198,37.755,278.62,714.5211,-1,1,6,50.5,,False,2.626767614617151
25616,0.467,12.028,99.45,89.0236,-1,1,3,93.5,,False,158.999
25621,4.462,25.985,197.0,284.2706,-1,1,3,95.3,,False,167.999
25627,4.24,37.042,273.0,765.7832,-1,1,3,46.5,,False,101.999
25629,1.549,23.87,180.18,313.1668,-1,1,3,43.4,,False,163.999
25633,2.521,32.035,237.02,621.2383,-1,1,3,51.4,,False,224.999
25645,2.662,40.612,318.05,165.0408,-1,1,3,92.9,,False,199.999
25654,0.539,23.235,178.63,215.0346,-1,1,3,88.5,,False,187.999
25656,1.668,24.778,186.24,350.2421,-1,1,3,45.2,,False,84.999
25657,4.42,22.929,174.3,266.258,-1,1,3,99.1,,False,124.999
25659,1.215,31.304,231.69,611.3459,-1,1,4,63.1,,False,99.999
25663,0.57,24.928,185.59,468.9498,-1,1,4,79.3,,False,32.66677777777778
25669,3.305,32.143,238.62,537.8402,-1,2,3,74.2,,False,152.999
25670,4.196,33.949,251.48,592.169,-1,1,3,52.3,,False,151.999
25673,0.432,26.133,193.58,574.8386,-1,1,4,50.7,,False,44.44455555555558
25684,3.249,27.923,208.66,419.1781,-1,1,3,95.0,,False,94.999
25685,2.567,32.886,243.76,573.3776,-1,1,3,50.2,,False,158.999
25686,0.754,27.807,205.58,634.8613,-1,1,4,49.8,,False,133.999
25697,2.217,27.576,205.6,451.2086,-1,1,3,94.0,,False,246.999
25712,1.999,27.12,202.65,419.2851,-1,1,3,86.1,,False,148.999
25718,0.333,29.238,230.82,146.9844,-1,1,3,71.8,,False,228.999
25722,1.868,26.199,196.38,380.2838,-1,1,3,88.0,,False,152.999
25731,3.389,32.193,238.6,575.3899,-1,1,3,69.8,,False,189.999
25744,1.887,11.26,90.36,116.9719,-1,1,4,54.0,,False,128.88899999999998
25750,3.808,32.635,241.95,567.2657,-1,1,3,45.0,,False,227.999
25757,0.243,22.245,165.48,478.7884,-1,1,4,88.4,,False,60.999
25766,2.74,24.586,181.95,594.9132,-1,1,3,53.6,,False,90.999
25775,3.703,28.027,209.12,441.3376,-1,1,3,80.5,,False,129.999
25779,3.287,27.537,205.97,406.3409,-1,1,3,97.5,,False,115.999
25785,1.271,30.783,228.21,565.2847,-1,1,3,67.7,,False,219.999
25787,4.237,33.66,248.96,634.4495,-1,1,3,88.2,,False,129.999
25788,0.54,18.054,139.5,195.0687,-1,1,3,67.6,,False,291.44455555555555
25808,3.074,45.347,332.66,1078.7038,-1,2,3,41.3,,False,144.999
25809,0.811,22.863,175.85,213.086,-1,1,3,60.8,,False,195.22233333333332
25814,3.927,34.008,251.66,618.491,-1,1,4,48.7,,False,243.69860020799428
25822,0.882,22.626,171.42,286.213,-1,1,3,86.2,,False,294.999
25846,3.639,28.667,223.23,177.0908,-1,1,3,54.0,,False,193.999
25850,4.466,36.789,271.26,747.8411,-1,1,3,52.4,,False,8.44455555555561
25853,3.558,36.363,268.27,724.0918,-1,1,5,66.7,,False,54.55566666666667
25890,1.128,24.084,181.22,339.2217,-1,1,3,72.2,,False,153.999
25894,2.831,24.96,219.23,59.0123,-1,1,4,98.4,,False,13.777888888888896
25896,0.782,31.617,232.85,786.9276,-1,1,7,72.2,,False,40.56209130926737
25912,1.05,33.287,245.5,731.4055,-1,1,3,98.6,,False,109.999
25927,0.467,21.299,162.15,257.1163,-1,1,3,53.5,,False,309.999
25933,2.081,37.97,279.69,794.4105,-1,2,3,72.0,,False,97.999
25943,4.122,25.415,190.46,381.1787,-1,1,3,81.9,,False,99.66677777777775
25945,2.094,30.79,229.01,496.3388,-1,1,3,44.8,,False,87.999
25952,4.59,29.732,220.66,538.2259,-1,1,3,64.2,,False,183.999
25962,4.174,37.206,274.34,751.9793,-1,1,4,47.1,,False,67.999
25965,2.061,20.969,160.11,242.1781,-1,1,4,88.1,,False,172.999
25978,1.832,27.093,202.53,413.292,-1,1,3,43.9,,False,145.22233333333332
25981,3.548,30.565,227.62,473.9588,-1,1,3,59.2,,False,283.999
25984,0.633,25.29,194.57,213.088,-1,1,4,72.9,,False,62.111222222222224
25996,3.69,31.32,233.0,493.7414,-1,1,4,71.7,,False,115.999
26019,0.519,29.044,214.76,630.967,-1,1,4,49.7,,False,155.55566666666664
26025,1.924,40.735,328.35,116.9741,-1,1,5,78.3,,False,149.88899999999998
26034,1.732,26.482,197.89,417.2354,-1,1,4,62.9,,False,106.999
26035,0.387,32.507,239.84,715.0418,-1,1,4,84.5,,False,80.999
26048,1.196,23.621,193.27,99.957,-1,1,5,77.4,,False,99.11122222222222
26055,0.801,30.348,223.56,772.836,-1,1,5,72.3,,False,66.999
26059,0.383,25.202,197.24,164.0713,-1,1,3,98.0,,False,148.999
26060,3.317,33.024,244.4,616.3677,-1,1,3,79.4,,False,83.00011111111112
26063,4.445,37.393,275.6,767.2868,-1,2,4,76.8,,False,94.44455555555558
26069,3.711,37.714,278.34,716.5486,-1,2,3,97.4,,False,232.999
26080,4.148,37.706,277.88,773.1335,-1,1,4,50.2,,False,154.999
26087,0.426,33.266,245.86,655.342,-1,1,3,98.2,,False,146.999
26097,4.287,37.543,276.67,773.2864,-1,1,3,41.2,,False,111.999
26107,2.338,15.897,121.34,238.8931,-1,1,3,77.9,,False,99.55566666666667
26114,0.456,25.331,187.63,574.8347,-1,1,4,78.8,,False,131.77788888888887
26120,0.397,49.263,409.12,89.0242,-1,1,3,83.0,,False,174.999
26127,0.878,18.262,138.79,262.9041,-1,1,5,62.3,,False,23.444555555555553
26136,1.562,16.342,128.31,154.0634,-1,1,4,85.0,,False,191.999
26143,1.289,25.428,190.35,394.1361,-1,1,3,94.5,,False,219.999
26152,1.408,15.592,128.12,94.925,-1,1,4,44.9,,False,119.999
26156,0.865,29.745,219.52,698.9046,-1,1,3,61.3,,False,131.999
26160,1.033,23.837,179.02,357.0339,-1,1,3,81.8,,False,69.999
26163,0.324,20.494,156.79,232.8873,-1,1,3,97.9,,False,144.999
26169,0.257,24.398,196.13,118.9677,-1,1,3,35.3,,False,86.999
26172,0.726,10.828,94.02,61.9875,-1,1,4,81.9,,False,8.00011111111111
26174,2.487,29.184,216.98,501.2071,-1,1,3,48.9,,False,201.999
26184,0.882,27.977,220.05,154.0617,-1,1,3,51.7,,False,204.999
26199,0.464,31.224,243.0,179.0549,-1,1,3,98.5,,False,117.999
26205,0.964,23.483,188.02,124.0046,-1,1,4,98.8,,False,167.999
26207,3.822,23.275,177.23,257.2406,-1,1,3,86.3,,False,220.999
26211,1.784,10.846,89.17,92.9287,-1,1,3,66.2,,False,52.999
26214,4.139,17.24,132.55,210.9995,-1,1,3,48.9,,False,96.999
26215,0.536,54.715,451.07,94.929,-1,1,3,63.6,,False,116.999
26227,1.587,33.705,249.15,650.3648,-1,1,3,78.5,,False,86.999
26254,0.526,30.128,222.15,730.9087,-1,1,3,92.6,,False,149.999
26256,0.252,28.363,215.79,264.9891,-1,1,4,90.1,,False,164.999
26264,4.12,33.752,250.0,593.1522,-1,1,4,46.0,,False,92.999
26267,1.336,29.953,223.75,427.216,-1,1,3,50.2,,False,154.999
26268,3.24,34.648,255.91,680.4055,-1,1,3,53.6,,False,188.999
26273,2.192,38.197,281.2,823.4609,-1,2,3,51.1,,False,253.999
26274,2.824,16.784,131.12,165.042,-1,1,3,73.7,,False,130.44455555555555
26284,4.118,44.358,325.77,985.757,-1,1,5,69.0,,False,31.222333333333324
26287,4.04,33.53,248.36,591.5935,-1,2,3,47.5,,False,93.999
26290,1.231,33.235,259.95,167.0218,-1,1,3,41.2,,False,179.999
26294,3.919,37.143,273.77,764.2802,-1,1,3,70.3,,False,121.999
26296,3.875,37.073,273.41,743.9197,-1,1,3,57.8,,False,245.999
26310,2.737,42.582,316.83,501.2871,-1,1,4,76.3,,False,189.999
26311,0.958,17.085,130.9,223.9405,-1,1,3,97.3,,False,181.999
26312,4.421,30.217,224.22,543.2465,-1,1,3,56.1,,False,44.88900000000001
26321,1.865,16.001,128.64,116.9741,-1,1,5,74.0,,False,82.09182511824002
26327,1.467,22.791,176.34,193.1612,-1,1,3,92.7,,False,83.66677777777775
26330,1.251,25.506,191.01,389.1394,-1,1,3,94.0,,False,172.999
26335,1.632,57.573,464.27,116.9766,-1,1,3,73.3,,False,139.999
26340,0.849,25.03,205.54,96.9223,-1,1,4,58.7,,False,142.999
26343,4.111,45.724,335.52,1048.8418,-1,3,3,58.8,,False,230.999
26347,1.786,5.96,46.77,141.0181,-1,1,5,70.1,,False,17.555666666666667
26355,3.755,39.529,291.33,772.6029,-1,1,4,64.9,,False,58.44455555555558
26356,1.194,23.116,174.36,318.1382,-1,1,3,78.9,,False,164.999
26373,0.706,21.647,166.95,203.0567,-1,1,3,74.7,,False,183.999
26375,2.615,34.181,252.57,666.3559,-1,1,3,44.8,,False,83.999
26376,3.253,35.415,261.83,651.4869,-1,1,4,65.0,,False,9.333444444444439
26401,2.79,33.391,247.33,591.3959,-1,1,3,63.7,,False,179.999
26406,1.409,26.305,194.69,598.8479,-1,1,3,78.3,,False,159.999
26407,0.684,24.241,180.39,476.9128,-1,1,3,65.1,,False,194.999
26427,1.918,29.603,219.96,515.2485,-1,1,3,52.1,,False,143.999
26434,1.639,47.335,375.3,141.019,-1,1,4,81.7,,False,49.55566666666667
26438,1.991,26.641,199.29,404.2531,-1,1,3,82.6,,False,217.999
26444,4.239,28.526,212.75,447.3765,-1,1,3,55.6,,False,229.59026515376473
26454,1.013,26.804,198.98,528.9595,-1,1,5,62.5,,False,114.999
26459,3.626,39.555,291.33,807.5733,-1,1,3,56.1,,False,194.999
26464,1.391,8.758,71.9,92.9291,-1,1,4,97.5,,False,172.85272927101252
26466,1.65,7.698,60.58,141.0162,-1,1,3,99.8,,False,196.999
26471,2.178,58.008,441.86,265.1522,-1,1,3,69.5,,False,282.2223333333333
26484,0.788,23.526,176.77,352.2057,-1,1,3,86.2,,False,95.999
26488,0.438,19.663,150.51,230.0642,-1,1,3,56.7,,False,104.999
26492,1.929,32.692,242.0,607.3532,-1,2,3,98.6,,False,140.999
26500,0.246,7.346,58.31,126.9998,-1,1,4,97.4,,False,119.22233333333332
26506,3.491,34.923,258.02,670.4892,-1,1,4,43.7,,False,84.88899999999998
26509,2.382,21.381,163.03,249.1141,-1,1,4,89.5,,False,85.999
26524,1.633,24.178,181.81,345.206,-1,1,3,50.9,,False,272.999
26525,0.924,23.455,174.54,474.861,-1,1,3,84.6,,False,154.999
26527,4.303,36.518,269.33,738.8201,-1,1,4,57.3,,False,37.2292228098008
26539,1.474,29.211,217.92,445.3004,-1,1,3,45.1,,False,118.999
26546,1.487,25.632,190.28,526.886,-1,1,4,63.4,,False,111.999
26552,3.048,45.032,330.37,1062.7245,-1,1,3,66.3,,False,124.999
26559,1.024,40.61,317.76,167.0214,-1,1,3,97.2,,False,108.999
26560,3.718,27.528,205.97,401.3482,-1,1,3,74.3,,False,167.33344444444447
26566,3.566,37.502,276.84,707.5538,-1,1,4,82.2,,False,135.999
26573,0.436,58.425,468.63,124.0055,-1,1,6,85.4,,False,3.548701829337517
26575,1.064,14.548,113.47,167.0222,-1,1,3,55.6,,False,202.999
26576,0.409,50.023,388.22,189.0085,-1,1,3,85.0,,False,194.999
26588,3.721,38.906,286.77,766.5827,-1,1,4,62.9,,False,76.44455555555558
26591,0.837,46.187,361.48,167.0198,-1,1,3,99.0,,False,72.999
26598,3.939,46.586,341.77,1068.8558,-1,1,3,68.0,,False,59.999
26603,0.423,19.294,148.23,215.0788,-1,2,3,53.0,,False,96.999
26606,0.578,26.647,196.67,686.7881,-1,1,4,66.0,,False,181.999
26614,4.26,36.888,271.98,747.2201,-1,1,3,48.9,,False,98.22233333333332
26621,0.532,12.311,95.19,187.0046,-1,1,3,58.0,,False,120.999
26622,2.346,20.849,159.19,242.1786,-1,1,4,91.7,,False,58.999
26625,0.694,43.195,379.86,59.013,-1,1,5,81.0,,False,113.999
26626,0.496,26.687,198.94,453.1125,-1,1,3,43.5,,False,122.999
26632,0.475,12.947,100.14,187.0057,-1,1,4,82.4,,False,156.688134847841
26645,0.284,32.794,240.4,1086.2233,-1,1,4,98.9,,False,122.999
26650,3.241,34.998,258.34,700.3886,-1,1,3,56.3,,False,131.999
26652,0.628,22.222,168.49,280.8986,-1,1,3,88.6,,False,88.66677777777775
26653,0.296,57.943,447.98,201.0398,-1,1,3,90.8,,False,151.999
26656,0.674,30.796,238.97,187.0049,-1,1,4,87.3,,False,116.999
26669,1.467,24.103,181.29,343.185,-1,1,3,40.2,,False,125.999
26670,0.672,24.767,196.83,135.0285,-1,1,3,52.4,,False,217.999
26676,1.114,11.193,83.65,371.179,-1,1,3,77.2,,False,66.999
26681,2.505,42.947,315.22,1028.5278,-1,1,3,61.7,,False,84.999
26689,0.471,30.587,225.17,802.8186,-1,1,4,56.3,,False,69.11122222222222
26700,3.572,35.678,263.61,669.472,-1,1,3,38.9,,False,136.999
26703,0.352,29.359,217.99,529.1764,-1,1,3,87.3,,False,159.999
26704,0.529,21.863,170.37,173.1048,-1,1,3,44.8,,False,162.999
26737,3.651,39.715,292.48,808.5817,-1,1,3,81.6,,False,110.999
26749,1.394,33.298,246.27,636.3475,-1,1,3,46.3,,False,150.999
26750,0.403,35.918,263.7,984.9283,-1,1,3,88.1,,False,127.999
26752,0.419,19.451,147.87,262.9881,-1,1,3,76.8,,False,99.999
26765,3.678,31.845,236.59,519.5774,-1,4,3,70.0,,False,147.999
26771,1.748,17.796,138.42,176.0847,-1,1,3,83.5,,False,144.66677777777778
26776,1.529,12.688,100.85,130.9312,-1,1,3,85.4,,False,79.7778888888889
26790,4.41,36.379,268.38,725.8107,-1,1,3,44.0,,False,180.55566666666667
26792,0.703,50.513,397.77,154.0608,-1,1,4,67.3,,False,51.999
26809,3.636,34.212,253.42,592.572,-1,1,3,80.6,,False,138.999
26813,0.778,9.399,74.91,124.0034,-1,1,3,97.8,,False,173.999
26816,3.51,32.247,239.34,539.997,-1,1,3,78.9,,False,79.999
26819,0.892,3.469,29.92,59.0142,-1,1,3,62.3,,False,275.999
26828,0.619,12.919,106.31,92.9294,-1,1,3,41.1,,False,93.999
26830,4.124,46.657,342.19,1093.8736,-1,2,3,59.2,,False,186.999
26832,3.254,35.604,262.97,681.5017,-1,1,3,83.3,,False,146.999
26838,1.612,18.039,139.07,202.0289,-1,1,3,86.3,,False,70.999
26839,2.008,26.27,196.85,383.2021,-1,1,4,89.2,,False,98.999
26846,3.63,34.043,251.68,649.4242,-1,2,3,48.2,,False,99.55566666666667
26859,4.616,33.066,245.07,576.098,-1,1,4,57.3,,False,116.999
26865,1.632,24.86,186.8,352.9454,-1,1,3,74.4,,False,156.999
26866,0.281,25.281,187.38,560.596,-1,1,3,88.7,,False,79.999
26872,2.502,34.685,256.4,651.4612,-1,1,3,91.9,,False,12.444555555555553
26903,1.113,21.184,161.39,253.1465,-1,1,3,75.2,,False,96.999
26906,3.436,29.07,216.78,451.4136,-1,1,4,56.3,,False,15.777888888888896
26913,4.327,40.042,294.71,840.9895,-1,2,3,80.1,,False,211.999
26917,0.74,22.523,167.75,458.8307,-1,1,4,87.8,,False,26.111222222222224
26923,3.983,36.377,268.38,724.815,-1,1,4,79.6,,False,95.66677777777778
26929,4.315,41.579,305.61,926.5922,-1,1,3,66.1,,False,133.999
26931,1.159,17.347,133.6,204.9682,-1,1,3,87.8,,False,118.999
26939,1.485,31.081,230.45,564.3191,-1,2,3,63.6,,False,198.999
26942,0.309,22.338,169.06,292.8451,-1,1,3,82.7,,False,82.999
26949,3.713,35.958,265.36,715.2123,-1,2,3,52.9,,False,88.999
26951,2.191,25.509,192.16,331.2284,-1,1,3,69.7,,False,132.999
26976,3.623,46.386,340.28,1073.8441,-1,1,3,70.7,,False,189.999
26983,4.367,40.063,294.86,840.9457,-1,3,3,53.2,,False,121.88900000000001
26984,1.447,5.59,48.61,59.0144,-1,1,3,74.9,,False,143.999
26998,2.462,34.693,256.47,650.4577,-1,1,3,74.7,,False,1.666777777777753
27026,3.534,29.933,223.29,446.0483,-1,1,3,56.1,,False,93.999
27030,1.773,23.614,175.48,500.8168,-1,1,3,73.9,,False,105.999
27043,4.104,33.898,251.13,588.9227,-1,2,4,55.0,,False,80.999
27062,0.531,27.135,200.31,680.7994,-1,1,4,60.0,,False,117.999
27067,2.867,36.399,268.74,697.4697,-1,1,4,96.2,,False,43.44455555555558
27068,1.384,2.665,22.89,59.0145,-1,1,3,48.6,,False,93.00011111111112
27073,1.54,27.755,206.67,473.1703,-1,1,3,74.8,,False,91.999
27076,0.679,22.645,174.07,215.0359,-1,1,3,79.9,,False,79.999
27079,4.264,36.401,268.57,724.924,-1,1,3,36.9,,False,85.77788888888892
27090,2.772,44.789,328.58,1072.6752,-1,1,3,98.6,,False,164.999
27100,0.928,28.839,215.99,392.1215,-1,1,3,53.5,,False,155.999
27115,1.456,21.371,162.54,262.1565,-1,1,3,88.7,,False,169.999
27119,2.203,43.565,323.08,572.991,-1,1,3,62.6,,False,216.77788888888887
27126,1.601,31.319,231.8,609.3693,-1,1,3,97.9,,False,74.999
27133,1.304,3.039,26.15,59.0138,-1,1,4,71.7,,False,139.999
27134,2.834,36.566,269.98,699.4703,-1,1,3,70.4,,False,126.999
27136,0.423,21.286,164.06,204.9721,-1,1,3,48.7,,False,172.999
27141,4.299,23.259,176.33,282.6609,-1,1,3,79.2,,False,7.222333333333324
27146,1.475,35.984,316.34,59.0131,-1,1,4,85.6,,False,100.999
27150,0.368,25.88,195.55,307.0681,-1,1,3,84.1,,False,201.999
27180,0.911,26.276,194.52,590.8633,-1,1,3,91.9,,False,126.999
27187,4.355,36.827,271.53,749.3747,-1,1,3,63.0,,False,42.22233333333331
27197,3.189,37.681,278.02,723.5366,-1,2,3,55.6,,False,144.66677777777778
27201,0.864,19.723,161.29,99.9571,-1,1,4,88.8,,False,6.666777777777753
27204,3.454,28.621,214.52,383.3328,-1,1,3,42.0,,False,106.999
27220,4.459,33.773,250.16,593.1732,-1,1,4,66.6,,False,92.999
27221,3.356,31.136,232.16,455.3193,-1,1,3,57.6,,False,103.999
27224,3.549,25.421,192.81,281.2392,-1,1,3,80.1,,False,105.999
27232,1.394,28.029,208.81,465.2473,-1,1,3,77.6,,False,55.999
27234,1.406,25.216,189.29,363.2166,-1,1,3,52.3,,False,123.999
27240,0.963,17.84,136.05,245.0066,-1,1,3,97.8,,False,150.999
27242,0.346,24.946,184.72,580.8272,-1,1,4,73.7,,False,2.22233333333331
27248,0.603,29.743,219.28,736.8446,-1,1,4,98.7,,False,137.999
27260,1.577,26.352,195.04,598.8519,-1,1,3,91.4,,False,124.999
27278,1.682,27.951,208.96,413.2397,-1,1,3,81.4,,False,78.999
27285,3.458,34.006,251.24,669.4034,-1,1,4,59.2,,False,70.999
27303,0.509,22.725,169.7,420.8574,-1,1,4,89.8,,False,76.999
27305,1.074,29.657,218.85,698.9043,-1,1,3,64.2,,False,61.999
27306,4.76,39.737,292.62,817.0183,-1,1,3,53.3,,False,102.999
27307,0.099,58.647,515.91,59.0148,-1,1,3,49.6,,False,80.44455555555555
27323,4.802,44.421,326.23,988.782,-1,2,3,50.3,,False,166.999
27328,1.598,34.54,255.02,693.3872,-1,1,3,97.3,,False,104.999
27342,1.299,29.95,239.95,124.0054,-1,1,5,79.7,,False,60.39486732998991
27344,0.549,32.704,248.77,267.9958,-1,1,3,83.3,,False,186.999
27347,0.678,28.609,211.19,682.8761,-1,1,3,94.5,,False,101.999
27352,2.754,24.119,211.82,59.0132,-1,1,4,75.2,,False,85.999
27360,0.613,18.185,141.98,167.0224,-1,1,3,76.6,,False,109.999
27362,4.142,36.296,267.81,720.6412,-1,2,4,71.4,,False,26.66677777777778
27366,3.828,45.888,336.68,1058.7894,-1,2,3,38.7,,False,188.999
27368,2.901,34.679,256.33,657.3969,-1,1,4,53.8,,False,85.999
27372,2.515,24.871,188.17,297.2436,-1,1,3,79.6,,False,129.999
27379,0.087,23.202,173.08,436.917,-1,1,3,46.9,,False,130.999
27386,3.341,46.279,339.44,1086.818,-1,1,3,66.6,,False,163.999
27392,0.478,30.908,227.66,778.8634,-1,1,4,85.8,,False,44.66677777777778
27399,0.683,32.094,252.51,154.0635,-1,1,4,74.0,,False,150.999
27405,0.936,33.488,247.21,695.3688,-1,1,3,66.1,,False,167.999
27409,3.369,36.259,267.53,724.4293,-1,1,3,70.4,,False,70.999
27412,3.273,30.868,229.15,536.2874,-1,1,3,98.4,,False,120.999
27438,0.389,31.423,231.33,806.8383,-1,1,3,70.5,,False,52.999
27439,0.946,30.083,222.01,696.9383,-1,1,5,87.0,,False,46.162227666320945
27460,1.747,17.725,134.75,260.8751,-1,1,4,96.5,,False,49.999
27464,4.155,35.704,263.57,699.894,-1,1,3,42.8,,False,84.44455555555557
27468,4.337,37.679,277.7,773.426,-1,1,3,43.1,,False,152.999
27490,4.025,34.492,255.47,595.6922,-1,1,3,80.1,,False,110.999
27502,2.616,21.701,160.98,530.9655,-1,1,4,98.0,,False,91.999
27508,3.876,32.027,237.99,517.6114,-1,1,3,48.0,,False,88.999
27540,0.42,17.635,135.34,217.9774,-1,1,3,81.4,,False,79.999
27542,0.705,8.96,78.3,59.0146,-1,1,4,59.5,,False,11.00011111111111
27547,4.053,34.185,253.21,595.1011,-1,1,3,65.6,,False,96.999
27549,0.341,27.563,203.46,680.8036,-1,1,3,50.0,,False,7.000111111111096
27555,1.629,43.178,342.32,141.0196,-1,1,5,41.9,,False,5.6667777777777815
27568,4.209,33.576,248.84,577.6141,-1,3,3,67.6,,False,72.11122222222224
27572,3.705,30.987,230.52,493.6603,-1,1,3,44.2,,False,163.999
27574,4.532,30.147,223.71,542.2604,-1,1,3,61.9,,False,145.66677777777778
27615,0.628,24.259,191.63,145.0614,-1,1,3,76.5,,False,150.999
27622,1.765,43.402,358.53,92.9279,-1,1,3,97.4,,False,71.999
27631,0.784,25.113,185.84,598.7964,-1,1,3,61.7,,False,145.999
27633,4.382,40.012,294.48,842.0841,-1,1,3,54.9,,False,62.111222222222224
27634,0.949,23.329,173.93,444.8803,-1,1,3,45.5,,False,103.999
27643,0.673,13.798,110.67,118.9179,-1,1,3,82.5,,False,100.999
27651,1.842,27.384,220.19,118.9701,-1,1,4,43.8,,False,22.111222222222224
27655,2.573,30.585,227.52,494.3627,-1,1,3,40.0,,False,109.999
27660,0.609,25.529,196.98,203.0588,-1,1,3,43.4,,False,151.999
27665,4.153,37.302,274.93,766.2228,-1,1,3,97.1,,False,108.999
27667,4.155,33.298,246.8,573.6779,-1,1,3,78.7,,False,124.999
27693,4.283,36.654,270.34,740.7891,-1,1,3,40.3,,False,155.999
27699,4.439,40.369,296.97,866.8759,-1,1,3,50.8,,False,108.999
27708,1.366,40.781,306.35,367.1619,-1,1,3,92.0,,False,81.999
27709,1.716,19.239,147.73,217.0891,-1,1,4,90.7,,False,47.66677777777778
27711,2.553,22.842,172.87,293.3886,-1,1,3,87.2,,False,98.999
27715,0.671,23.096,178.05,205.056,-1,1,3,90.9,,False,58.999
27738,2.677,41.594,305.87,896.5747,-1,1,3,44.8,,False,50.999
27740,3.957,40.135,295.38,841.9036,-1,1,3,39.8,,False,34.88899999999998
27742,1.813,18.232,140.96,193.0884,-1,1,3,89.4,,False,62.33344444444445
27744,1.174,21.083,161.62,224.9387,-1,1,3,85.1,,False,73.999
27746,1.413,24.485,183.9,357.201,-1,1,4,97.0,,False,84.999
27747,0.866,28.332,209.06,696.8277,-1,1,3,51.3,,False,129.999
27750,3.751,32.529,240.85,600.3678,-1,1,3,87.4,,False,152.22233333333332
27757,0.482,25.668,190.53,526.9083,-1,1,3,87.4,,False,143.999
27764,0.628,27.965,224.01,124.0072,-1,1,3,55.7,,False,181.999
27770,0.789,27.639,204.32,634.8704,-1,1,3,83.2,,False,118.999
27775,0.752,28.963,215.44,493.2455,-1,1,3,98.3,,False,80.999
27776,3.597,32.703,242.83,534.1405,-1,1,3,51.6,,False,112.999
27804,4.39,35.675,263.35,699.8508,-1,1,4,70.0,,False,89.57773583221173
27807,4.589,33.325,247.03,573.781,-1,1,3,53.0,,False,117.999
27813,3.563,20.987,160.63,231.2128,-1,1,3,86.4,,False,69.999
27814,1.183,40.726,358.09,59.0141,-1,1,4,85.4,,False,48.22233333333331
27829,2.22,39.522,293.06,572.9936,-1,1,3,52.9,,False,56.33344444444445
27831,4.271,34.414,254.91,594.9951,-1,1,3,43.7,,False,106.999
27833,2.984,30.257,224.73,524.4235,-1,1,3,42.3,,False,110.999
27836,0.864,13.733,110.33,116.9776,-1,1,4,80.7,,False,20.22233333333331
27844,3.573,31.874,237.8,447.1002,-1,1,3,54.2,,False,55.999
27847,3.261,26.511,198.65,384.259,-1,1,3,83.2,,False,182.999
27851,0.737,25.508,188.94,576.8329,-1,1,3,69.9,,False,102.999
27854,1.021,24.26,179.94,540.8301,-1,1,3,53.1,,False,83.999
27868,0.393,41.639,325.01,172.9911,-1,1,3,96.8,,False,51.999
27875,1.303,9.64,84.28,59.0125,-1,1,4,93.4,,False,89.999
27880,4.432,40.427,297.53,844.9325,-1,2,4,46.8,,False,94.999
27886,2.754,44.671,327.67,1075.6458,-1,1,3,76.0,,False,106.999
27887,2.113,16.651,129.43,177.0221,-1,1,3,87.0,,False,65.999
27921,3.706,31.019,230.76,493.7143,-1,2,3,45.2,,False,111.999
27922,3.039,21.466,163.74,247.1734,-1,1,3,52.2,,False,59.44455555555556
27923,0.571,49.936,401.72,119.9455,-1,1,3,84.6,,False,130.999
27929,1.635,17.624,133.99,260.8749,-1,1,3,74.9,,False,7.333444444444439
27934,4.189,33.166,245.99,560.0712,-1,2,3,43.9,,False,142.999
27937,3.841,46.705,342.65,1075.8645,-1,1,3,77.6,,False,165.999
27955,1.827,44.338,351.53,141.0178,-1,1,4,94.5,,False,107.999
27959,0.717,27.619,227.38,94.9285,-1,1,3,68.2,,False,60.999
27964,0.95,29.502,217.48,738.842,-1,1,4,90.3,,False,71.22233333333332
27967,3.996,46.181,338.89,1053.8408,-1,1,3,98.9,,False,112.999
27972,0.331,28.232,208.48,672.8713,-1,1,3,82.4,,False,94.999
27974,0.796,26.841,199.2,534.2533,-1,1,3,88.6,,False,100.999
27975,1.996,24.635,185.3,343.2544,-1,1,3,92.4,,False,162.58816164849645
27977,1.19,52.06,412.88,141.0163,-1,1,4,86.5,,False,84.999
27992,0.716,25.911,202.54,167.0209,-1,1,3,69.0,,False,137.999
27997,4.092,36.878,271.96,742.3097,-1,1,3,60.1,,False,133.999
27999,0.387,53.767,444.31,92.9295,-1,1,4,80.8,,False,39.888999999999996
28003,1.336,23.625,176.42,422.9159,-1,1,3,76.9,,False,61.999
28006,1.079,29.67,235.04,141.0201,-1,1,3,67.0,,False,111.999
28012,4.205,14.013,106.34,264.9685,-1,1,3,70.3,,False,132.999
28015,0.616,21.167,162.27,224.9374,-1,1,3,77.8,,False,119.999
28019,2.604,23.275,172.16,604.9697,-1,1,3,74.2,,False,75.999
28027,0.653,26.138,209.34,124.008,-1,1,3,74.2,,False,182.999
28028,3.302,22.846,173.86,260.2094,-1,1,3,64.4,,False,87.999
28033,3.228,39.33,289.65,807.5736,-1,1,3,43.4,,False,122.999
28047,3.848,24.342,183.03,346.1668,-1,1,4,96.9,,False,42.66677777777775
28056,0.744,25.287,187.3,574.8315,-1,1,4,98.3,,False,23.45119735978153
28063,0.678,25.357,203.06,124.0071,-1,1,3,71.1,,False,132.7778888888889
28064,0.37,22.802,172.17,310.1169,-1,1,3,86.2,,False,62.999
28067,4.224,33.375,247.36,578.0665,-1,1,3,47.9,,False,89.999
28078,1.503,18.034,139.03,202.0285,-1,1,3,86.2,,False,134.999
28083,0.702,29.283,215.95,722.8732,-1,1,3,58.2,,False,132.999
28085,2.395,23.96,210.42,59.0131,-1,1,4,85.2,,False,71.999
28113,4.128,36.746,271.0,742.1755,-1,1,3,53.8,,False,111.999
28115,0.312,50.97,423.32,89.0231,-1,1,3,60.6,,False,52.999
28116,3.669,46.34,339.98,1070.8263,-1,1,3,78.5,,False,126.999
28122,2.33,22.943,169.97,563.9788,-1,1,3,88.1,,False,29.777888888888896
28126,4.573,32.995,244.54,575.8197,-1,1,3,68.1,,False,113.999
28128,0.842,26.592,212.98,124.0072,-1,1,3,39.8,,False,82.44455555555555
28141,2.927,43.823,321.63,1028.6464,-1,1,3,55.7,,False,66.999
28144,4.229,38.273,281.96,792.295,-1,1,3,76.5,,False,105.999
28150,0.905,32.828,270.4,94.9263,-1,1,4,97.6,,False,74.999
28153,3.275,33.825,249.98,660.3928,-1,1,3,99.0,,False,113.999
28158,1.881,8.757,76.51,59.0141,-1,1,5,87.9,,False,7.250658780760048
28166,3.384,32.364,240.27,535.8679,-1,1,4,59.2,,False,90.999
28169,0.738,14.938,122.71,94.9259,-1,1,3,71.9,,False,108.999
28172,0.543,25.724,199.37,189.0432,-1,1,3,83.7,,False,62.999
28177,0.368,37.274,287.13,212.0052,-1,1,3,88.5,,False,114.999
28182,1.381,28.107,209.28,474.2906,-1,1,4,53.7,,False,82.999
28185,1.142,23.245,174.78,344.9346,-1,1,4,91.0,,False,68.11122222222222
28188,4.171,35.665,263.29,698.9474,-1,1,3,59.6,,False,78.22233333333332
28194,0.599,25.067,199.75,131.0805,-1,1,3,82.9,,False,103.999
28195,3.091,33.627,248.62,646.3811,-1,1,3,67.3,,False,75.00011111111111
28202,1.309,23.48,177.37,306.9399,-1,1,4,94.5,,False,3.555666666666667
28215,1.513,22.913,171.32,404.8917,-1,1,3,73.7,,False,120.999
28221,1.455,20.872,159.37,242.1818,-1,1,3,59.0,,False,133.999
28224,2.747,21.297,162.87,235.1722,-1,1,3,84.1,,False,160.999
28225,4.216,36.775,271.24,736.7718,-1,1,4,46.6,,False,33.888999999999996
28234,0.792,16.259,127.85,151.0402,-1,1,3,81.4,,False,142.66677777777778
28236,0.563,47.105,358.56,267.9915,-1,1,3,94.9,,False,137.999
28251,3.705,41.523,305.19,915.6063,-1,2,3,67.8,,False,87.22233333333332
28252,1.223,23.3,174.22,404.8897,-1,1,3,97.0,,False,56.999
28254,0.444,30.786,255.43,89.0244,-1,1,3,65.2,,False,88.999
28286,4.237,34.191,253.3,590.6915,-1,1,3,60.4,,False,90.999
28294,4.105,33.644,249.24,590.1062,-1,1,3,60.0,,False,98.999
28327,3.957,36.739,270.96,741.132,-1,2,3,56.0,,False,121.44455555555555
28334,0.56,23.259,190.29,99.9584,-1,1,3,84.1,,False,119.11122222222222
28339,2.011,31.131,231.0,545.3516,-1,1,3,48.9,,False,117.999
28344,3.965,37.711,277.92,776.0827,-1,1,3,69.4,,False,56.44455555555558
28345,2.974,34.095,251.88,670.3816,-1,1,3,46.3,,False,65.999
28357,0.591,27.137,200.32,678.8023,-1,1,3,52.6,,False,136.33344444444447
28359,4.272,36.266,267.54,726.2863,-1,1,3,65.4,,False,30.555666666666667
28361,0.554,22.609,171.03,296.1982,-1,1,3,66.3,,False,134.999
28379,3.874,31.874,236.79,521.9938,-1,1,3,79.0,,False,66.999
28386,0.278,27.62,203.52,750.4466,-1,1,3,93.0,,False,96.999
28399,0.277,32.905,241.22,1088.2202,-1,1,3,55.0,,False,113.999
28410,2.848,29.926,222.39,511.5187,-1,1,3,44.2,,False,94.999
28416,0.461,20.436,155.56,257.046,-1,1,3,81.5,,False,81.999
28417,4.249,37.256,274.61,766.157,-1,1,4,43.5,,False,23.00011111111111
28418,4.086,27.372,205.45,366.3781,-1,1,3,56.3,,False,109.66677777777778
28419,0.274,22.862,176.35,203.0201,-1,1,3,98.2,,False,60.999
28421,0.843,29.243,256.96,59.0145,-1,1,3,58.7,,False,108.999
28427,1.691,47.504,391.51,94.9257,-1,1,3,89.3,,False,105.999
28450,3.926,33.764,250.13,589.7176,-1,1,3,39.9,,False,119.999
28451,2.915,38.553,284.3,749.5678,-1,1,3,52.2,,False,68.999
28454,0.497,31.198,229.71,794.8908,-1,1,3,65.0,,False,90.999
28458,4.176,36.669,270.47,737.0921,-1,1,4,55.1,,False,27.88899999999998
28473,1.917,33.379,246.26,719.2975,-1,1,3,98.4,,False,70.999
28474,3.719,33.34,244.58,1031.9463,-1,1,3,72.8,,False,80.33344444444444
28479,1.543,41.314,327.5,141.0198,-1,1,3,55.6,,False,53.999
28482,2.964,39.187,288.71,783.5739,-1,1,4,54.4,,False,83.83513095697612
28486,0.618,6.728,51.77,187.009,-1,1,3,43.9,,False,86.999
28497,2.081,19.45,144.24,528.9769,-1,1,3,53.1,,False,68.00011111111111
28505,2.602,24.989,184.87,604.9736,-1,1,3,75.1,,False,64.44455555555555
28506,2.769,28.007,208.74,458.3311,-1,1,3,64.0,,False,97.999
28510,4.654,40.282,296.74,792.5571,-1,1,3,68.7,,False,20.666777777777753
28512,3.186,39.185,288.64,797.5549,-1,2,3,45.6,,False,33.777888888888896
28522,2.353,23.489,173.74,606.967,-1,1,3,70.4,,False,63.77788888888889
28524,4.152,37.367,275.41,767.9725,-1,2,3,35.3,,False,57.33344444444445
28532,3.618,34.099,252.03,657.4051,-1,1,3,80.2,,False,2.6667777777777815
28535,3.051,23.101,175.16,281.3562,-1,1,3,74.9,,False,58.999
28544,3.38,36.462,269.01,723.7729,-1,3,3,52.5,,False,56.999
28548,0.685,27.057,200.32,590.89,-1,1,3,61.3,,False,57.111222222222224
28557,4.42,34.905,258.03,651.5266,-1,1,3,96.6,,False,48.66677777777778
28558,1.882,23.108,172.37,436.9178,-1,1,3,88.8,,False,109.999
28560,4.178,38.948,287.11,762.8532,-1,1,3,44.7,,False,54.88899999999998
28566,3.85,36.203,267.41,680.5781,-1,1,3,50.2,,False,64.33344444444444
28567,3.632,35.259,260.44,678.4628,-1,1,3,71.3,,False,102.999
28573,1.817,45.335,364.9,118.9701,-1,1,3,89.5,,False,113.999
28574,0.414,21.684,164.5,277.1092,-1,1,3,68.1,,False,146.999
28575,3.883,35.917,271.76,303.2321,-1,1,3,98.0,,False,133.22233333333332
28578,4.148,41.649,306.05,936.6056,-1,1,3,63.6,,False,61.999
28592,4.73,39.673,292.14,817.8441,-1,3,3,52.5,,False,84.999
28593,1.528,20.063,153.62,228.9332,-1,1,3,72.9,,False,65.999
28599,4.188,39.996,294.36,842.0023,-1,1,3,39.3,,False,10.666777777777781
28602,3.567,36.312,267.9,723.2232,-1,2,3,68.3,,False,3.666777777777753
28606,0.577,34.786,278.8,124.0067,-1,1,3,77.9,,False,97.999
28608,3.756,37.844,278.87,776.9334,-1,1,3,61.1,,False,49.222333333333324
28644,0.709,23.716,177.9,368.9797,-1,1,3,64.8,,False,33.00011111111111
28645,3.33,30.295,225.76,463.9587,-1,1,3,46.5,,False,77.999
28654,0.47,29.052,214.39,696.8576,-1,1,3,99.2,,False,118.999
28655,3.949,41.242,303.15,921.5677,-1,1,3,89.5,,False,96.999
28660,0.808,9.944,81.49,94.9239,-1,1,3,59.0,,False,9.555666666666667
28661,1.293,29.508,217.61,722.8695,-1,1,3,90.3,,False,116.999
28667,0.587,29.203,215.65,674.89,-1,1,3,40.4,,False,107.999
28670,3.282,26.097,196.74,325.2733,-1,1,3,90.9,,False,112.999
28677,0.41,25.422,186.37,1024.679,-1,1,3,85.8,,False,115.999
28679,4.597,36.832,271.6,744.8659,-1,1,3,78.7,,False,35.00011111111111
28685,4.17,37.223,274.4,760.8396,-1,1,3,48.4,,False,83.999
28705,1.063,14.466,118.82,94.9268,-1,1,3,94.8,,False,85.999
28707,1.341,31.876,235.81,625.3696,-1,1,3,47.1,,False,120.999
28709,0.84,29.524,217.37,792.8395,-1,1,3,78.2,,False,29.777888888888896
28710,2.027,15.277,119.74,156.942,-1,1,3,63.7,,False,10.00011111111111
28711,0.758,23.445,177.1,306.9434,-1,1,3,82.0,,False,87.999
28717,3.52,34.137,252.29,660.4091,-1,1,3,93.3,,False,84.999
28719,0.72,13.681,102.84,328.9809,-1,1,3,97.1,,False,60.22233333333331
28722,3.215,39.74,292.65,811.5853,-1,1,3,55.3,,False,58.999
28728,1.999,17.415,140.06,116.9736,-1,1,3,70.1,,False,14.000111111111096
28730,0.368,56.73,467.65,94.927,-1,1,3,66.6,,False,28.88900000000001
28739,1.272,4.433,34.63,141.0201,-1,1,3,83.1,,False,85.999
28745,3.623,39.917,293.76,841.7388,-1,3,3,67.7,,False,2.555666666666667
28755,0.537,45.098,361.59,124.0064,-1,1,3,47.6,,False,133.999
28756,0.535,40.085,311.23,187.0073,-1,1,3,85.3,,False,1.0001111111111243
28757,2.658,16.703,123.96,502.3005,-1,1,3,66.4,,False,70.999
28774,0.591,37.348,300.32,119.9461,-1,1,4,81.1,,False,26.222333333333324
28777,3.276,13.009,98.98,249.4745,-1,1,3,64.4,,False,64.999
28778,0.606,54.183,417.48,213.0251,-1,1,3,97.2,,False,73.999
28805,4.258,37.075,273.23,767.7868,-1,3,3,67.6,,False,8.333444444444439
28825,3.05,41.928,308.23,914.598,-1,1,3,63.5,,False,110.999
28834,0.541,50.573,405.55,124.0062,-1,1,3,75.1,,False,86.22233333333334
28835,1.691,35.631,282.38,141.0198,-1,1,3,58.0,,False,55.999
28841,0.429,24.829,184.84,470.9459,-1,1,3,90.4,,False,82.999
28875,0.792,28.856,213.13,666.8732,-1,1,4,54.5,,False,8.000111111111117
28903,2.131,21.462,163.68,248.1662,-1,1,3,72.8,,False,36.77788888888889
28921,0.488,30.498,224.75,754.8931,-1,1,3,56.2,,False,81.22233333333332
28927,2.926,19.412,149.31,211.0681,-1,1,3,99.7,,False,90.999
28928,4.325,36.789,271.31,741.3632,-1,2,3,52.9,,False,6.777888888888896
28932,3.318,37.177,274.36,711.5136,-1,1,3,58.5,,False,43.88899999999998
28938,0.54,55.664,458.86,94.928,-1,1,3,71.0,,False,5.444555555555581
28951,2.536,13.117,99.8,249.4056,-1,1,3,74.9,,False,76.999
28982,4.144,36.311,267.9,726.1241,-1,1,3,50.4,,False,40.88899999999998
28995,1.858,40.827,323.63,141.0205,-1,1,3,87.0,,False,67.999
29003,1.817,8.938,71.49,118.9696,-1,1,3,72.6,,False,31.22233333333334
29011,3.107,13.089,99.58,249.4322,-1,1,3,48.5,,False,53.999
29020,0.327,29.157,214.96,732.8078,-1,1,3,94.9,,False,76.999
29022,0.83,46.938,412.82,59.0152,-1,1,3,85.6,,False,71.999
29030,4.235,37.653,277.48,773.0541,-1,2,3,44.6,,False,20.555666666666667
29046,2.117,28.087,209.3,460.187,-1,1,3,96.9,,False,69.999
29052,1.382,7.909,60.35,221.1538,-1,1,3,57.2,,False,25.555666666666667
29100,3.816,23.191,175.76,284.3501,-1,1,3,54.9,,False,56.22233333333334
29119,2.93,44.815,328.86,1051.41,-1,1,3,77.1,,False,50.999
29123,1.246,24.089,192.87,124.0033,-1,1,3,53.1,,False,23.66677777777778
29124,1.523,43.078,355.88,92.9257,-1,1,3,51.1,,False,25.66677777777778
29126,2.323,13.072,99.46,249.4306,-1,1,3,45.9,,False,63.999
29138,0.566,29.952,220.73,754.8163,-1,1,3,52.1,,False,34.777888888888896
29150,1.871,13.1,99.67,249.4634,-1,1,4,52.1,,False,7.111222222222224
29183,0.84,31.648,232.88,826.8614,-1,1,3,58.4,,False,6.000111111111117
29207,3.965,37.786,278.47,776.0931,-1,1,3,67.3,,False,8.000111111111124
29250,3.194,38.75,285.37,807.53,-1,1,3,58.1,,False,0.8890000000000029
29259,1.438,26.665,197.9,532.9314,-1,1,3,98.6,,False,2.889000000000003
