ID,RT,DT,CCS,m/z,SD,Abundance,37 2286 - DBS.d.DeMP,40 2182 - DBS.d.DeMP,43 2187 - DBS.d.DeMP,46 2854 - DBS.d.DeMP,49 2911 - DBS.d.DeMP,127 1777 - DBS.d.DeMP,130 1821 - DBS.d.DeMP,133 1673 - DBS.d.DeMP,136 1894 - DBS.d.DeMP,139 3330 - DBS.d.DeMP,82 2003 - DBS.d.DeMP,85 2095 - DBS.d.DeMP,88 2046 - DBS.d.DeMP,91 2889 - DBS.d.DeMP,94 3021 - DBS.d.DeMP,DBS 2184.d.DeMP,Blank 1.d,Blank 2.d,Blank 3.d
1,14.028,25.935,195.22,355.3229,0.0004,246420,233076,219190,282730,0.001,255787,272673,281730,241242,288466,282949,261098,250575,331434,215431,301981,224350,64215,16527,29738
2,13.924,30.655,228.6,473.2842,0.0006,183728,185930,144889,200557,0.001,215399,259373,150857,240228,158588,187742,151096,262934,207276,200245,153545,220983,29450,51343,29214
3,14.463,23.36,177.48,283.2651,0.0004,89923,63222,77060,89702,0.001,82528,102371,63610,88281,90605,83020,63650,90089,111789,53261,99675,279898,11163,4741,4941
4,13.644,22.18,169.36,255.2333,0.0003,86456,74365,76182,84516,0.001,80555,86964,63945,79313,68665,76635,60092,76426,87507,58963,87510,321662,28643,23192,27403
5,13.899,23.166,176.07,281.2491,0.0003,80416,45182,108267,97527,0.001,74326,113257,54908,79485,26021,47836,45759,59455,85265,23839,105755,319778,2467,1852,1817
6,12.854,26.418,198.57,369.3013,0.0006,79287,77067,65472,54929,0.001,76785,70458,85513,87539,95584,96089,81352,115343,66238,83199,114882,98144,798,363,710
7,15.47,25.651,193.42,339.3278,0.0004,78740,63166,74040,76439,0.001,82554,92843,71897,87015,94125,85797,91823,93139,107294,60415,100881,78415,2382,640,830
8,15.307,27.193,204.13,383.354,0.0005,75748,56243,66253,62485,0.001,75755,94465,67507,93608,100162,80243,86181,92516,100408,60029,99898,76211,724,395,0.001
9,13.352,23.124,175.82,279.2333,0.0004,62009,33442,51890,66008,0.001,55405,87939,43834,69339,28274,40033,42654,43667,56485,21080,98841,253246,0.001,0.001,0.001
10,14.664,26.903,201.96,383.3537,0.0005,55648,46020,33612,72307,0.001,54071,64259,64246,47430,67360,65022,53497,43877,127328,29390,78745,43210,7074,680,1290
11,14.931,26.093,196.42,355.3225,0.0005,44802,30839,37815,36716,0.001,43789,57332,39403,52366,58283,48885,48719,54941,54462,36225,54459,62605,398,0.001,0.001
12,13.222,24.792,187.21,327.2904,0.0003,41826,36135,37451,31791,0.001,39066,45254,48319,43690,52890,53604,45027,53552,40035,50388,56306,35714,7418,4966,7215
13,15.733,28.203,211.21,411.3851,0.0007,40061,32058,35774,40270,0.001,44227,47641,32542,50886,52662,45172,48582,52808,68546,29708,57435,2661,235,164,144
14,12.614,25.735,194.37,325.1849,0.0007,39060,40931,49306,36457,0.001,95,66157,36819,47501,41859,47100,46731,53133,41036,45998,41615,30228,47648,1738,57430
15,15.943,26.659,200.47,367.3584,0.0006,36541,32752,33437,35778,0.001,36952,45916,33012,44124,44057,45437,48458,48916,56247,28229,51335,0.001,1200,802,840
16,13.408,24.1,182.57,303.2331,0.0005,33310,23131,24598,49759,0.001,49937,43009,19599,34527,376,27900,9784,17468,18285,13491,35306,165783,0.001,0.001,0.001
17,13.689,27.539,206.48,397.3333,0.0008,30588,25597,20480,24967,0.001,27909,26361,36930,30605,47954,36372,31277,34800,41899,26347,44177,33732,292,97,170
18,12.501,24.388,184.22,325.1846,0.0004,29751,24681,31208,26758,0.001,28582,53445,26398,34405,29997,33524,32596,34862,30924,34049,29401,25189,0.001,0.001,10783
19,12.463,35.188,260.2,674.1865,0.0012,27232,30653,28112,25182,0.001,27724,17937,29399,30692,25699,32410,28334,40304,32606,27814,34875,23973,0.001,0.001,0.001
20,9.941,21.279,160.68,329.0474,0.0003,27068,23102,19272,36013,0.001,23872,17230,21686,23254,25791,30480,23824,34378,33957,29544,23950,66731,5383,2100,3089
21,14.027,27.716,207.77,399.3303,0.0006,26848,22053,20749,25574,0.001,23256,24417,25636,22278,26843,25333,24635,23015,29896,20828,27658,87391,5631,1203,2079
22,13.521,29.174,217.25,500.28,0.0007,26723,6227,9181,24233,0.001,17637,52002,24868,33069,9657,78914,15461,54818,21443,38041,36153,5856,0.001,0.001,0.001
23,9.421,18.554,139.53,368.9762,0.0005,25442,28007,25192,26954,0.001,24896,41759,18420,26270,35562,52227,28054,21679,18385,22298,24455,12916,19544,18506,16212
24,12.527,27.604,206.58,421.2278,0.0005,22138,20336,19969,15872,0.001,20805,34081,14095,23504,22223,27456,17250,23552,18627,26251,43780,26410,1850,1230,4026
25,15.515,27.712,207.79,397.37,0.0005,20487,15098,17600,17665,0.001,21527,27694,16971,24524,26469,22141,24031,24681,29049,15086,27879,17377,0.001,0.001,0.001
26,12.464,34.655,256.48,646.1909,0.001,20082,23936,21180,18451,0.001,20217,13601,20892,21876,19424,24661,20671,30900,23670,19692,25596,16552,0.001,0.001,0.001
27,13.105,25.756,194.19,339.2007,0.0004,19510,0.001,23272,18184,0.001,19528,32843,17491,26036,21263,24077,22783,28007,22678,21001,20940,14057,0.001,0.001,0.001
28,15.127,26.651,200.34,369.3376,0.0004,18402,12662,15153,14269,0.001,18296,24097,15350,23483,25465,20026,20684,23355,23309,14166,23934,20184,0.001,0.001,0.001
29,7.504,26.142,196.56,367.1588,0.0007,16769,8964,14474,10646,0.001,26573,5614,25921,40027,18301,48367,2032,21786,8172,16819,14919,5687,0.001,0.001,0.001
30,11.471,24.482,185.6,297.1529,0.0006,16056,18591,21123,15366,0.001,0.001,39540,0.001,26480,21055,0.001,21988,24844,18696,26571,21716,923,32651,0.001,0.001
31,13.546,30.201,224.29,557.2982,0.0013,15767,8419,20024,20205,0.001,12615,14227,19603,12331,8023,18293,22497,26347,24098,20549,20126,4917,0.001,0.001,0.001
32,13.75,29.337,218.77,480.3114,0.0006,13472,14375,13916,11672,0.001,14179,13542,15221,17369,14455,17655,10127,18082,24188,9753,21021,0.001,0.001,0.001,0.001
33,13.537,28.761,214.01,513.2709,0.001,13402,0.001,18592,17408,0.001,11663,11926,17756,11065,0.001,16095,21052,25162,22227,18040,18699,4741,0.001,0.001,0.001
34,15.018,24.511,185.47,311.2953,0.0004,13163,10576,12271,13956,0.001,14798,16385,12313,13820,16153,15391,15834,16077,20330,10416,18142,4141,802,356,358
35,12.857,27.373,205.35,391.2836,0.0009,12354,12754,12055,9820,0.001,13319,11183,14225,13538,15626,14338,14005,17218,12289,13597,16391,7300,216,107,0.001
36,13.557,31.58,234.1,601.3259,0.0014,12326,6885,15390,15740,0.001,9833,10631,14659,10344,6034,13836,16668,22041,19767,15893,15824,3675,0.001,0.001,0.001
37,13.02,26.353,198.66,339.1999,0.0009,11857,0.001,26213,0.001,0.001,1385,37279,20267,1763,566,26795,1630,31508,24487,1478,0.001,16335,0.001,26491,0.001
38,2.433,17.622,137.02,187.0069,0.0004,11747,16126,9391,4670,0.001,3450,6156,6594,3051,10380,3386,3169,4606,4490,5113,11511,95866,0.001,0.001,0.001
39,12.437,24.02,182.27,291.2,0.0004,11491,11645,12339,13639,0.001,12370,12340,13832,14109,14622,12771,13812,11360,13798,14338,12381,495,2238,1932,1949
40,15.725,26.171,197.05,353.343,0.0004,10332,9195,9797,11181,0.001,10725,10417,7998,12366,11546,11636,12957,14091,15489,7269,13186,7462,0.001,0.001,0.001
41,4.866,16.98,253.87,224.0609,0.0005,10157,4287,10565,1723,0.001,6463,0.001,31290,10336,6970,43449,447,2334,2652,20207,21048,746,0.001,0.001,0.001
42,14.964,32.109,239.56,465.3054,0.0007,9933,6452,10206,3567,0.001,10463,14072,6858,21362,11586,12012,12738,17362,5422,9822,11873,5127,0.001,0.001,0.001
43,0.244,20.33,154.31,291.0832,0.0004,9751,12120,4486,8800,0.001,6226,6727,8566,15404,5931,13303,3180,8514,4847,5204,8073,44628,0.001,0.001,0.001
44,12.208,25.955,193.45,485.0694,0.0006,9070,7519,4374,26045,0.001,8204,3015,4410,5951,7678,7124,6044,12524,20511,7423,4145,20160,4833,721,1602
45,12.69,25.847,194.01,385.2399,0.0005,8463,7966,6804,11047,0.001,9141,11588,7289,10136,6669,11469,6517,9698,9222,7956,10730,9175,1195,619,1055
46,13.567,32.94,243.8,645.3526,0.0018,8366,3698,9915,10969,0.001,6132,7958,10440,7342,3972,9798,11658,14649,13383,11122,10514,2301,0.001,0.001,0.001
47,15.647,36.156,267.09,716.5258,0.0015,8346,2608,1403,3112,0.001,12125,37746,15869,3789,3543,19646,5389,4692,626,13767,9223,0.001,216,0.001,0.001
48,15.236,36.475,269.41,722.5157,0.0015,7856,2643,1886,3494,0.001,10833,33015,11557,8674,11085,17735,2599,3564,759,9408,8445,0.001,1161,0.001,0.001
49,15.309,27.769,208.02,409.3509,0.0006,7553,6530,8175,6038,0.001,7846,8469,8247,9093,11573,8136,9167,10136,9148,7014,9972,1300,0.001,0.001,0.001
50,16.195,27.13,203.71,381.3745,0.0005,7397,7267,7447,8687,0.001,7917,7644,6316,7643,7864,8421,8671,10116,13779,5538,10483,561,0.001,0.001,0.001
51,14.368,26.425,198.63,369.3374,0.0006,7391,5692,3719,8573,0.001,6566,8537,9093,5949,10033,8862,7187,5540,18296,4214,11339,4652,943,0.001,197
52,14.932,26.722,200.65,381.3187,0.0004,7330,6402,7722,6897,0.001,8631,7991,6884,8879,9516,7857,9838,9595,9495,7192,9006,1381,0.001,0.001,0.001
53,14.422,24.903,188.06,327.2901,0.0007,7292,5825,6133,7521,0.001,8526,127,7969,8498,9803,9125,9158,8634,12935,6926,169,15329,0.001,0.001,0.001
54,13.513,28.469,212.29,476.2783,0.0009,7248,1577,2521,6720,0.001,3686,8516,6854,7022,3180,17886,8583,19932,6887,8619,12400,1585,0.001,0.001,0.001
55,16.15,34.853,257.83,671.468,0.0016,7066,1384,1038,3618,0.001,8390,37591,4225,27165,9581,4927,1645,665,0.001,3197,9627,0.001,0.001,0.001,0.001
56,15.306,29.935,222.95,497.3663,0.0007,6861,4328,6299,4774,0.001,7319,7798,5256,9071,8070,8182,9556,9373,6580,5760,9784,7623,0.001,0.001,0.001
57,16.223,29.158,217.99,439.4168,0.0005,6774,5655,5079,8786,0.001,7762,7336,4855,7344,7935,7766,7795,8296,15996,4029,9755,0.001,0.001,0.001,0.001
58,14.826,28.985,216.29,464.3157,0.0007,6733,3887,8698,2147,0.001,7467,7997,5235,12862,7620,8567,6787,14108,4251,6754,9064,2289,0.001,0.001,0.001
59,14.666,28.728,214.9,427.3608,0.0005,6572,5152,3861,8882,0.001,6309,4732,5293,5284,6258,6444,6283,5252,13423,2868,8493,16621,696,0.001,0.001
60,12.493,22.874,173.54,293.1785,0.0004,6570,8131,10465,8274,0.001,7285,6374,3535,5506,6453,6688,3567,8105,6901,6864,8064,8909,2223,3131,9282
61,14.932,28.893,215.54,469.3344,0.0005,6385,4854,5994,5251,0.001,7103,7988,5739,7433,7469,6637,8063,7739,7196,5928,7374,7386,0.001,0.001,0.001
62,13.981,29.531,220.24,473.2837,0.0007,6346,5547,3882,7737,0.001,6782,8158,4740,9150,6265,6337,4907,12403,7433,8031,4764,5396,0.001,353,0.001
63,13.386,19.557,150.46,223.0281,0.0003,6167,5763,4901,11515,0.001,5383,3925,5932,5674,3992,10660,6326,10209,10018,7808,6563,0.001,581,0.001,187
64,12.966,21.984,167.96,253.2172,0.0005,6045,1722,6520,3833,0.001,5350,15517,3419,3305,321,1756,0.001,3033,2127,0.001,7395,42417,0.001,0.001,0.001
65,14.028,29.022,216.31,483.35,0.0007,5821,5811,5860,6648,0.001,6198,6648,6558,6010,7095,6736,6665,5843,7662,5989,6665,2754,2236,321,576
66,11.225,23.51,178.2,295.2281,0.0002,5608,0.001,0.001,0.001,0.001,7876,3644,0.001,5068,0.001,0.001,0.001,0.001,0.001,0.001,9128,64016,0.001,0.001,0.001
67,14.028,27.716,207.79,398.3329,0.0006,5605,4467,3957,5274,0.001,4838,5109,5422,4691,5764,5196,4769,4881,6038,4008,5494,19777,1048,180,0.001
68,14.552,30.299,225.53,508.3415,0.0011,5523,5801,6000,4517,0.001,6091,6927,2906,8566,5892,6185,3973,10194,8574,2460,9619,655,0.001,0.001,0.001
69,12.535,24.106,182.13,325.1846,0.0003,5480,8012,0.001,10245,0.001,0.001,20546,7624,8988,8095,0.001,0.001,13018,0.001,11146,0.001,0.001,0.001,0.001,0.001
70,13.649,25.376,191.3,341.3064,0.0005,5456,4714,4394,4691,0.001,5010,5645,6743,5696,7864,6907,5942,5888,7218,5252,6960,4367,822,283,441
71,12.69,25.84,193.97,384.2426,0.0005,5434,5023,4200,6938,0.001,5800,7652,4504,6640,4324,7460,3906,6247,5866,5454,6819,6116,790,410,596
72,13.313,21.287,160.75,329.0469,0.0003,5365,4274,4226,9716,0.001,3664,1823,3157,3927,3541,6796,5323,8894,12972,4880,5095,7550,0.001,0.001,0.001
73,10.046,27.146,202.51,469.2478,0.0005,5145,3058,5038,5516,0.001,4181,4848,3562,8257,2298,5131,6300,10105,7224,7261,5412,4131,1104,671,663
74,13.454,29.678,221.02,504.311,0.0007,5136,4498,1680,4320,0.001,4414,5237,5168,7181,5730,10401,5976,9427,6826,4211,7105,0.001,0.001,0.001,0.001
75,16.453,38.716,285.35,810.5327,0.0019,5131,551,0.001,949,0.001,10053,29236,2904,6759,6310,8337,1865,1240,0.001,6721,7173,0.001,0.001,0.001,0.001
76,14.213,25.946,193.4,485.0692,0.0006,5072,2862,4290,8954,0.001,3199,3571,3793,3354,2528,5532,3419,5770,10653,3259,6829,13141,0.001,0.001,0.001
77,16.438,36.364,269.15,646.6166,0.001,5062,0.001,2519,4811,0.001,1859,0.001,25769,6427,8900,10158,0.001,8843,7137,0.001,4569,0.001,1985,1387,1109
78,14.388,27.838,208.05,441.3029,0.0005,5058,4236,5893,7088,0.001,6764,4293,2785,5073,4022,4836,6157,8021,7269,3588,5591,5319,0.001,0.001,0.001
79,14.55,29.171,217.48,480.3106,0.0008,5006,2660,4686,1112,0.001,4106,8108,4238,6912,6885,6796,5313,10515,2039,4896,8987,2847,0.001,0.001,0.001
80,15.251,25.086,189.48,325.3114,0.0004,4974,4059,4558,5196,0.001,5333,5124,4252,4969,5509,5191,5615,5816,7422,3658,5969,6905,216,122,0.001
81,9.943,25.7,192.29,425.2215,0.0005,4967,3009,4744,4678,0.001,3957,5015,3870,7748,2426,5332,5922,9053,6739,7016,5545,4422,1053,794,695
82,13.006,24.925,187.87,339.1997,0.0006,4798,0.001,6611,0.001,0.001,0.001,11091,0.001,7762,0.001,7825,6258,8226,6741,0.001,6090,16160,0.001,0.001,6675
83,8.619,26.023,195.69,369.1741,0.0007,4764,310,1447,1391,0.001,15278,2784,9614,7187,7468,3151,376,7096,5206,4017,10891,0.001,0.001,0.001,0.001
84,13.797,28.188,210.45,452.279,0.0008,4722,0.001,4912,0.001,0.001,4093,8076,3570,9239,0.001,7133,0.001,10897,6191,5992,11226,4222,0.001,0.001,0.001
85,14.092,19.57,150.53,223.0281,0.0003,4701,2863,2806,5897,0.001,2360,3944,5233,4020,3302,7683,4120,6369,8493,5710,5052,7362,250,0.001,0.001
86,13.903,32.398,240.18,599.3211,0.0009,4601,4364,8613,2724,0.001,3973,3617,3090,7325,3485,3794,2958,7015,8706,2224,7039,4696,0.001,0.001,0.001
87,12.208,23.211,174.22,387.0337,0.0006,4559,4529,2602,15590,0.001,4857,1555,2390,3093,4229,3744,3279,7355,12731,4166,2349,477,2545,401,924
88,12.464,34.292,253.91,632.1736,0.001,4487,5424,4673,4281,0.001,4655,3079,4675,5017,4190,5336,4384,6652,5150,4346,5657,4268,0.001,0.001,0.001
89,12.859,25.728,193.76,351.2906,0.0006,4459,4260,3752,2902,0.001,4399,4237,5534,5181,6157,6146,4668,7455,3977,5247,7162,270,0.001,0.001,0.001
90,15.309,25.616,193.21,337.3476,0.0006,4412,3434,4245,3976,0.001,4790,5791,4096,5748,6296,5112,5592,5521,6014,3650,6185,147,0.001,0.001,0.001
91,0.68,20.815,158.61,267.0718,0.0005,4344,3247,6801,2284,0.001,4988,1283,247,6329,3482,302,6257,1933,1283,115,3861,27097,0.001,0.001,0.001
92,13.537,32.671,242.82,537.4167,0.0009,4309,921,1708,4901,0.001,2604,1185,2407,9271,662,14968,3088,5214,5007,8299,2716,5988,0.001,0.001,0.001
93,15.277,27.928,209.7,381.3166,0.0005,4286,2941,7038,1350,0.001,3537,3029,3499,6453,4662,3673,7770,10462,1652,3182,7090,2243,0.001,0.001,0.001
94,12.859,23.896,180.93,307.3004,0.0005,4275,4513,3813,3101,0.001,4367,4000,4915,4935,5696,5725,4478,7132,3782,5041,6808,100,0.001,0.001,0.001
95,15.263,29.916,222.82,496.3684,0.0011,4213,2609,3998,183,0.001,4827,4668,3206,5871,5418,5038,5914,6113,4280,3672,6683,4925,0.001,0.001,0.001
96,15.687,28.727,214.8,437.3819,0.0005,4187,3516,4039,4001,0.001,5226,4312,3429,5094,6048,4372,4690,5641,7169,3154,6305,0.001,0.001,0.001,0.001
97,14.932,28.894,215.56,468.3369,0.0006,4187,3179,3938,3459,0.001,4737,5049,3494,4893,5025,4402,5263,5283,4903,3868,4936,4558,0.001,0.001,0.001
98,14.212,21.285,160.74,329.0468,0.0004,4137,2374,3210,6653,0.001,2522,2872,3224,2932,2171,4578,2798,4807,8744,2627,5760,10924,0.001,0.001,0.001
99,14.084,25.136,189.73,331.2641,0.0005,4098,2642,4079,8877,0.001,7360,6238,2230,4302,1747,3616,1062,2541,2809,2384,5591,10086,0.001,0.001,0.001
100,13.547,34.248,253.17,689.3782,0.0009,4086,0.001,5041,5926,0.001,2779,3591,5045,3531,1787,5140,6004,8257,7347,5884,5046,0.001,0.001,0.001,0.001
101,13.221,26.497,199.13,371.2975,0.0005,4044,2431,2552,2085,0.001,2620,3262,3572,3229,3834,4145,3097,4065,2791,3779,4425,18822,448,269,385
102,10.14,28.689,213.49,513.2732,0.0006,4017,2378,3729,4379,0.001,3115,3953,2880,6256,1800,4130,4673,7904,5898,5663,4479,3036,851,442,518
103,13.745,24.158,182.96,305.2481,0.0005,3913,2248,2014,4831,0.001,6373,5939,3204,3894,1354,1587,0.001,1703,1638,1183,5802,20840,0.001,0.001,0.001
104,14.015,28.846,215.08,478.2942,0.0008,3906,1754,2928,2581,0.001,2360,8744,2876,6005,2329,5921,3650,7508,4909,3666,5469,1798,0.001,0.001,0.001
105,5.362,17.52,261.47,238.0771,0.0005,3833,4269,1959,1428,0.001,6525,0.001,8583,6626,6150,9056,575,3701,1376,6094,4023,968,0.001,0.001,0.001
106,13.521,29.777,221.47,524.2792,0.0011,3818,607,1560,2948,0.001,1447,9370,4207,6328,921,9446,2793,5739,3358,4841,6423,1098,0.001,0.001,0.001
107,14.028,26.572,199.51,381.318,0.0005,3794,3729,3726,4083,0.001,4179,4482,4726,4138,4766,4377,4624,4152,4863,3840,4507,519,1161,200,345
108,14.028,29.02,216.31,482.3524,0.0007,3734,3608,3840,4167,0.001,3807,4271,4234,3826,4567,4207,4149,3968,5039,3834,4437,1783,1409,174,385
109,8.737,27.631,207.18,397.2053,0.0009,3691,2137,788,1433,0.001,7763,938,2983,10415,4316,11810,596,7514,1660,2830,2850,1029,0.001,0.001,0.001
110,6.921,26.378,198.3,369.1734,0.0008,3679,583,1652,415,0.001,1729,215,2004,3955,1145,40322,0.001,1016,431,1286,3867,245,0.001,0.001,0.001
111,14.029,28.457,212.72,437.3243,0.0005,3656,3215,3304,3647,0.001,3766,3082,3838,3452,4135,3663,3800,3291,3841,3110,3914,8442,1948,864,1685
112,14.906,24.463,185.22,309.3159,0.0004,3638,2679,3651,3344,0.001,3925,5113,3333,4330,5069,4075,4513,5035,5007,3211,4921,0.001,0.001,0.001,0.001
113,13.338,24.999,188.79,327.2324,0.0006,3480,1484,2608,4340,0.001,3805,5170,2297,4756,1398,2063,1143,1020,1683,895,3580,19430,0.001,0.001,0.001
114,13.694,28.531,213.56,419.3139,0.0006,3458,3105,2683,2926,0.001,3350,2626,4061,3201,5331,3819,4206,4690,5672,3015,5297,1347,0.001,0.001,0.001
115,9.827,24.38,183.07,381.1945,0.0004,3428,2201,3087,3146,0.001,2686,3564,2382,5830,1584,3515,3868,6211,4424,4604,3503,4242,736,536,521
116,13.298,26.987,202.61,383.3166,0.0005,3366,2771,2256,2156,0.001,2646,3120,4230,3707,5102,4660,3325,4579,3345,3228,5101,3634,0.001,0.001,0.001
117,3.892,15.714,124.56,144.0452,0.0003,3339,3572,3852,3129,0.001,2537,7703,2570,5982,3188,6326,1371,2221,1704,3644,2541,3085,0.001,0.001,0.001
118,14.011,22.716,172.67,283.1097,0.0004,3329,0.001,4842,3787,0.001,3109,3786,2043,4691,0.001,3109,0.001,20676,0.001,4725,2500,0.001,0.001,0.001,0.001
119,13.943,30.657,228.01,524.2997,0.0007,3274,1436,4079,1628,0.001,2125,5061,1566,6251,1426,2925,3017,7618,2340,2249,5031,5639,0.001,0.001,0.001
120,12.559,21.028,161.56,227.2006,0.0005,3252,2030,1839,2354,0.001,2257,2561,1524,1888,1190,1580,924,2759,1598,913,2781,25834,205,251,264
121,14.215,28.153,209.09,557.1086,0.001,3204,2036,2859,6083,0.001,2133,2708,2662,2468,1729,3652,2638,4338,7956,2339,5093,2564,0.001,0.001,0.001
122,14.028,30.311,225.26,539.3378,0.001,3148,2701,2543,3906,0.001,3080,3174,3570,3148,3971,3872,3484,3037,6001,2754,4636,488,1534,174,412
123,14.028,30.322,225.35,538.3401,0.0012,3120,2803,2437,3794,0.001,3201,3226,3593,3039,3914,3753,3423,3221,6019,2492,4593,410,1482,192,469
124,14.389,27.839,208.07,440.3054,0.0005,3105,2542,3684,4540,0.001,4175,2687,1681,3162,2664,2986,3594,4763,4398,2042,3385,3378,0.001,0.001,0.001
125,9.929,20.817,157.6,309.0394,0.0004,3000,3122,2420,4844,0.001,3065,2074,2846,3011,3422,4150,3011,4597,4488,3768,2935,249,589,237,338
126,13.647,32.871,244.34,533.4569,0.0008,2990,3283,3715,4367,0.001,3641,3571,2001,2989,2565,2993,2139,3252,4006,1684,3890,3742,603,451,568
127,12.641,25.844,195.17,325.184,0.0009,2974,0.001,0.001,92,0.001,41667,0.001,0.001,0.001,0.001,0.001,2043,0.001,1966,0.001,0.001,1815,0.001,0.001,1988
128,15.936,28.676,214.61,425.3997,0.0005,2967,2068,2229,2936,0.001,3071,4008,2107,3594,4033,3587,3307,3392,6574,1722,4849,0.001,0.001,0.001,0.001
129,14.183,23.195,174.16,387.0337,0.0005,2967,2079,3069,6322,0.001,2251,2425,2487,2349,1779,3588,2416,4029,7689,2288,4697,0.001,0.001,0.001,0.001
130,14.172,27.984,209.21,436.2837,0.0008,2957,1632,3196,1289,0.001,2765,3408,2469,5687,2881,4567,2050,5885,3274,2773,4357,1084,0.001,0.001,0.001
131,16.411,35.073,259.3,673.4838,0.0016,2812,0.001,0.001,0.001,0.001,1768,23581,1166,9602,2286,2246,0.001,373,0.001,1133,2833,0.001,1639,0.001,0.001
132,14.081,22.753,173.3,269.2472,0.0004,2767,1946,1926,3868,0.001,2470,6281,2325,2954,2444,3748,1713,2996,4145,1679,3154,2624,0.001,0.001,0.001
133,2.432,24.289,182.16,397.0027,0.0007,2759,6712,3413,637,0.001,399,1070,1762,210,4392,256,243,587,576,914,4841,18131,0.001,0.001,0.001
134,0.372,23.05,173.31,367.1046,0.0005,2738,3370,6780,0.001,0.001,2491,3732,4316,5621,3202,2147,1773,1694,2212,1340,3311,1824,0.001,0.001,0.001
135,15.079,27.914,209.27,399.3481,0.0005,2718,1728,2312,2001,0.001,2863,3727,2112,3146,3749,2943,3223,3557,3786,2147,3607,2594,0.001,0.001,0.001
136,14.619,24.276,183.75,309.2793,0.0004,2681,1490,3508,3675,0.001,3315,4291,1723,2488,882,1212,1772,1354,3420,942,3992,8839,0.001,0.001,0.001
137,6.41,17.861,136.72,244.907,0.0004,2645,2026,751,960,0.001,1755,6052,3606,4811,1300,2644,759,2512,2034,1905,770,10428,0.001,0.001,0.001
138,14.347,34.338,254.55,595.4947,0.0011,2641,0.001,79,1596,0.001,1823,0.001,2020,7211,1454,8665,3891,2257,1723,2637,2277,6617,0.001,0.001,0.001
139,8.943,19.555,150.41,223.0278,0.0002,2597,3212,1816,4134,0.001,1717,1648,1864,2614,2800,4113,2747,4429,4967,3170,1797,516,2818,484,721
140,14.388,25.634,193.01,353.2873,0.0004,2502,2152,2480,2864,0.001,3188,2925,1845,2583,2888,2608,3268,3395,4071,2006,3273,487,0.001,0.001,0.001
141,10.046,28.954,215.46,513.2554,0.0006,2494,1430,2176,2276,0.001,1916,2448,1925,4079,1361,2618,2957,4373,3256,3337,2485,3265,598,428,447
142,14.03,29.37,218.74,497.3651,0.0008,2433,2286,2243,2722,0.001,2588,2476,2639,2537,3017,2823,2796,2565,3523,2362,2948,1407,817,0.001,207
143,10.229,30.179,224.12,557.2992,0.0009,2357,1277,2071,2551,0.001,1486,2223,1641,3601,1165,2583,2836,4910,3523,3608,2444,1800,0.001,0.001,0.001
144,11.273,23.415,177.59,295.2275,0.0004,2357,6055,4826,2926,0.001,704,907,5329,800,1265,1694,914,3008,5889,1495,700,1198,0.001,0.001,0.001
145,13.849,22.739,172.84,283.1094,0.0004,2349,3293,1948,1617,0.001,1556,2880,1547,3314,3683,3002,3131,4576,2815,2354,1870,0.001,0.001,0.001,0.001
146,9.599,19.684,147.3,430.9721,0.0004,2345,6804,6644,5596,0.001,4562,1050,961,1072,1009,1014,1798,2007,1789,1616,1590,0.001,1031,937,1034
147,13.313,24.5,184.98,329.0454,0.0004,2276,1897,1947,4869,0.001,1539,582,1152,1451,1263,2569,2269,4029,5976,2038,2197,2639,0.001,0.001,0.001
148,14.046,29.358,218.75,489.2779,0.0006,2260,1677,1871,2266,0.001,2025,1755,975,2350,1519,1309,1390,8030,1794,2307,1036,5861,185,0.001,294
149,14.4,19.567,150.51,223.0278,0.0004,2259,1595,2335,3060,0.001,1539,1444,2502,2448,2580,3191,2349,3761,1154,2889,3302,1988,0.001,0.001,0.001
150,9.942,27.562,205.61,469.2288,0.0005,2244,1418,1972,1992,0.001,1727,2223,1669,3545,1143,2471,2542,3582,2860,3204,2565,2991,612,441,408
151,15.981,33.901,251.71,564.5372,0.001,2241,960,1113,1130,0.001,3204,8872,3617,1303,1925,3727,1381,2525,780,1889,3433,0.001,647,0.001,0.001
152,16.096,35.448,262.03,695.4685,0.0014,2164,0.001,0.001,1769,0.001,2971,15400,0.001,7602,2434,2159,0.001,0.001,0.001,0.001,2287,0.001,0.001,0.001,0.001
153,15.134,29.401,219.15,483.3497,0.0007,2122,1288,1790,1434,0.001,2034,3026,1768,2604,2570,2485,2422,3129,2295,1583,2941,2588,0.001,0.001,0.001
154,15.128,27.241,204.3,395.3345,0.0005,2116,1649,2073,1716,0.001,2348,2519,1804,2789,3251,2333,2555,3071,2765,1688,2870,418,0.001,0.001,0.001
155,13.493,27.293,203.7,469.2465,0.0004,2105,0.001,0.001,0.001,0.001,7806,8484,0.001,0.001,0.001,0.001,0.001,17385,0.001,0.001,0.001,0.001,0.001,0.001,0.001
156,14.002,30.021,223.48,506.3255,0.0008,2099,2538,1320,1912,0.001,1916,2553,1909,2715,1985,3271,2063,3903,3480,1367,2317,335,0.001,0.001,0.001
157,13.644,25.335,191.08,337.2364,0.0004,2074,1254,1401,1419,0.001,1464,1334,969,1265,1158,1043,996,1225,1500,960,1360,15831,782,959,972
158,13.971,25.768,194.01,353.3059,0.0004,2056,1924,1472,1922,0.001,1724,1728,2626,1704,2945,2430,2244,2490,3134,1609,3438,1505,293,0.001,102
159,16.366,40.323,296.79,885.5525,0.002,2002,791,787,423,0.001,2305,6977,1827,4083,3933,4147,870,1257,426,1651,2548,0.001,0.001,0.001,0.001
160,13.663,25.062,189.22,329.2481,0.0005,2001,1510,1190,3161,0.001,3942,3031,661,2394,868,1568,625,993,1015,649,3135,7274,0.001,0.001,0.001
161,12.69,27.221,203.59,429.2467,0.0005,1996,1619,1486,2503,0.001,2023,3228,1589,2338,1571,2622,1340,2171,2130,1800,2465,3053,393,231,398
162,13.224,27.969,208.82,455.3175,0.0007,1987,1603,1677,1274,0.001,1767,2243,2336,2023,2687,2862,2000,2852,1840,2366,3139,1118,199,0.001,152
163,13.345,30.695,228.93,467.3741,0.0008,1965,0.001,821,2033,0.001,0.001,0.001,0.001,4038,0.001,8752,1506,2710,2239,2239,0.001,7104,0.001,0.001,0.001
164,10.141,30.259,224.7,557.2817,0.0008,1960,1169,1824,1911,0.001,1577,1756,1457,2909,1086,1899,2156,3342,2783,2735,2177,2574,536,289,319
165,14.464,26.451,198.9,365.2663,0.0005,1894,972,1321,1601,0.001,1376,1255,915,1305,1296,1171,947,1521,1747,719,1428,12722,205,228,246
166,13.549,28.165,210.34,452.2782,0.0007,1871,2747,0.001,2159,0.001,0.001,2343,0.001,1996,3233,2094,4558,4625,392,2647,3143,0.001,0.001,0.001,0.001
167,14.028,29.689,220.92,513.3413,0.0008,1814,1567,1545,1827,0.001,1685,1841,2260,1847,2305,2173,2057,1828,2833,1726,2428,1099,1111,167,356
168,13.902,26.094,196.27,363.2512,0.0005,1813,719,1724,1780,0.001,1333,1577,839,1304,444,688,841,970,1346,379,1680,13386,0.001,0.001,0.001
169,13.227,29.154,216.99,510.3089,0.0008,1810,1402,1358,1214,0.001,1592,2146,2382,2252,2755,2707,1939,2316,1758,2298,2596,247,0.001,133,0.001
170,14.914,27.369,205.22,397.3687,0.0006,1801,1502,1004,3068,0.001,1718,1922,1808,1515,1905,2030,1622,1383,4760,841,2466,1271,0.001,0.001,0.001
171,0.244,21.546,162.7,329.0297,0.0004,1788,1940,1641,2152,0.001,1686,1785,2222,1990,2210,2327,1448,2261,1890,1816,2095,1150,0.001,0.001,0.001
172,15.11,27.816,208.33,411.3845,0.0005,1778,1513,999,2506,0.001,1799,2043,1786,1646,2007,2222,1724,1578,4530,723,2302,1067,94,0.001,0.001
173,9.827,26.093,195.23,425.2018,0.0004,1775,1017,1474,1639,0.001,1316,1721,1281,3013,902,1690,1971,2844,2028,2449,1724,3338,491,316,297
174,11.907,23.384,177.85,277.1838,0.0004,1763,1881,1909,1700,0.001,1896,1782,2024,2104,2147,2149,1967,2147,2203,2105,2058,132,1876,1647,1599
175,12.69,27.22,203.61,428.2494,0.0006,1751,1544,1256,2185,0.001,1808,2792,1396,1986,1351,2262,1178,1893,1858,1500,2276,2736,383,224,286
176,13.2,29.119,216.75,511.3064,0.0009,1749,1533,1339,1132,0.001,1506,2192,2130,2254,2537,2599,1894,2398,1620,2262,2591,0.001,175,95,178
177,12.821,23.04,175.25,277.2165,0.0004,1748,612,1042,1566,0.001,747,2234,750,1669,527,823,635,802,1038,0.001,3588,11941,0.001,0.001,0.001
178,13.51,29.769,221.22,541.2681,0.0012,1744,1060,2308,2067,0.001,1479,1520,2216,1304,1083,1891,2504,2820,2526,2328,2280,524,332,208,160
179,13.455,34.736,256.73,701.286,0.0015,1725,810,2088,2037,0.001,1403,1951,2467,1444,0.001,2659,2684,2846,2487,2386,2343,0.001,0.001,0.001,167
180,10.85,26.837,200.37,448.306,0.0006,1716,0.001,0.001,0.001,0.001,4216,0.001,0.001,926,0.001,0.001,0.001,6249,487,4040,4843,6689,0.001,0.001,0.001
181,13.771,19.562,150.51,223.0277,0.0003,1703,1161,1608,2614,0.001,1317,932,1645,1968,1782,2197,1279,2808,4141,1899,1898,0.001,0.001,0.001,0.001
182,12.641,22.573,171.86,271.2266,0.0004,1699,1638,1295,2288,0.001,1977,2507,1541,2026,1387,2448,1303,2272,2123,1764,2200,420,278,197,252
183,15.516,28.256,211.44,423.3653,0.0006,1698,1401,1513,1425,0.001,1943,2009,1510,2292,2366,1816,2207,2282,2386,1352,2388,283,0.001,0.001,0.001
184,7.851,27.972,209.48,413.1999,0.0007,1679,1479,625,501,0.001,3286,324,1856,3919,1579,6792,255,1620,973,1885,1288,477,0.001,0.001,0.001
185,4.538,26.404,197.41,435.2024,0.0012,1678,815,985,1227,0.001,1005,2627,1654,4327,1691,1825,1741,2321,2216,2324,2020,69,614,326,245
186,13.569,33.32,247.55,539.4316,0.001,1660,0.001,348,951,0.001,0.001,0.001,629,2422,329,4322,2149,1582,755,1848,407,10813,0.001,0.001,0.001
187,10.092,22.271,165.88,498.9292,0.0009,1643,1061,0.001,2843,0.001,5246,730,1206,1574,2121,837,3832,2117,0.001,3068,514,1146,3713,0.001,666
188,13.51,27.54,205.46,468.2317,0.0006,1643,932,2519,1962,0.001,1337,1295,2112,1126,866,1775,2487,2642,2338,2165,2119,609,227,160,136
189,15.5,37.113,273.9,748.5315,0.0015,1635,352,0.001,0.001,0.001,1718,11222,2931,1192,2013,3907,0.001,0.001,0.001,1738,1083,0.001,0.001,0.001,0.001
190,15.31,29.141,217.58,455.3921,0.0008,1623,1270,1531,1549,0.001,1822,1967,1318,2004,2101,1707,1967,2257,2379,1225,2230,636,0.001,0.001,0.001
191,13.901,30.638,228.68,473.4344,0.0033,1608,5778,4246,0.001,0.001,6982,0.001,4212,0.001,4502,0.001,0.001,0.001,0.001,0.001,0.001,0.001,0.001,955,0.001
192,12.352,25.814,194.32,355.285,0.0005,1593,1579,1342,1220,0.001,1619,1571,1827,1985,1785,2161,1556,2267,1243,1988,2276,1061,0.001,0.001,0.001
193,13.577,29.319,218.57,480.3098,0.0007,1573,1445,1656,1374,0.001,1543,1156,1454,1631,1067,1812,1000,2527,3012,968,2554,1967,0.001,0.001,0.001
194,14.691,25.499,192.24,341.3058,0.0004,1571,1021,1236,1221,0.001,1588,2149,1198,1686,1835,1757,1527,1633,1855,1226,2085,3126,0.001,0.001,0.001
195,13.55,33.145,246.11,559.3985,0.001,1556,217,1025,2484,0.001,805,188,904,1840,0.001,4734,1482,3347,2549,3390,977,957,0.001,0.001,0.001
196,0.777,21.557,164.15,271.1353,0.0004,1556,642,3273,1424,0.001,778,1508,460,2575,0.001,1164,0.001,2259,513,2568,1225,6510,0.001,0.001,0.001
197,12.94,24.636,186.57,305.2146,0.0006,1546,1122,1171,1133,0.001,1169,2759,1947,2169,2051,2233,1560,1836,1680,1856,1954,100,1688,1497,1367
198,13.468,36.003,265.76,745.3098,0.0011,1535,0.001,1876,1874,0.001,1505,1816,2346,1470,0.001,2424,2240,2213,2274,2318,2197,0.001,0.001,0.001,0.001
199,14.032,29.373,218.77,496.3675,0.0009,1534,1514,1416,1822,0.001,1498,1620,1698,1498,1821,1739,1771,1577,2254,1498,1917,907,548,0.001,0.001
200,14.324,28.626,213.7,462.2984,0.0006,1528,786,1219,819,0.001,964,2822,1340,2757,1346,2502,1227,2901,2635,1709,1422,0.001,0.001,0.001,0.001
201,7.873,26.238,197.24,369.1733,0.0005,1528,94,676,611,0.001,5574,919,1423,1880,2381,1730,192,1860,1542,3371,1968,223,0.001,0.001,0.001
202,0.952,16.692,129.71,188.9852,0.0004,1488,934,462,407,0.001,2255,1362,1398,614,455,0.001,3628,2562,506,641,171,8414,0.001,0.001,0.001
203,13.747,26.744,200.35,409.2351,0.0006,1488,1614,1521,1403,0.001,1623,1619,1875,2081,1940,1909,1449,1817,2263,1335,565,788,0.001,0.001,0.001
204,15.515,30.423,226.42,511.3802,0.0007,1487,811,1035,960,0.001,1417,2192,1169,1883,2052,1716,1658,1738,1817,1081,2129,2128,0.001,0.001,0.001
205,13.652,26.819,200.85,413.2696,0.0006,1453,856,1195,2379,0.001,1376,1937,1080,1362,1146,1669,1176,1880,2458,995,1890,1848,0.001,0.001,0.001
206,14.663,29.532,219.86,505.3091,0.0006,1448,1172,1330,2059,0.001,1218,1942,1119,1656,1057,1921,1149,2198,2027,1411,1749,1166,0.001,0.001,0.001
207,14.931,26.717,200.63,380.3208,0.0004,1448,1152,1492,1256,0.001,1846,1625,1289,1706,2038,1614,1893,1880,1857,1461,1806,250,0.001,0.001,0.001
208,14.029,29.082,217.3,443.3371,0.0005,1438,765,718,790,0.001,802,859,988,913,910,935,920,860,913,750,965,10912,202,0.001,0.001
209,13.496,28.528,212.47,497.2409,0.0009,1436,881,1919,1910,0.001,1228,1472,2028,1275,1086,1920,2107,2396,2122,0.001,1940,695,355,243,173
210,15.309,27.765,208.01,408.353,0.0008,1436,1220,1447,1123,0.001,1495,1607,1547,1760,2226,1422,1878,2017,1629,1270,2033,302,0.001,0.001,0.001
211,14.029,29.668,220.78,512.3438,0.0007,1431,1211,1233,1499,0.001,1373,1544,1770,1526,1856,1668,1541,1498,2170,1316,1913,785,887,0.001,215
212,13.351,25.837,194.38,361.2357,0.0005,1431,664,1042,1137,0.001,978,1442,774,1201,638,695,997,856,1160,460,1654,9201,0.001,0.001,0.001
213,13.751,25.744,193.83,353.3056,0.0004,1428,1433,1127,1111,0.001,1319,1624,1644,1663,1647,1829,1149,1956,1687,1316,2265,1081,234,0.001,121
214,13.523,28.942,215.38,512.2578,0.0009,1417,898,1968,1747,0.001,1195,1182,1951,1012,951,1564,2089,2053,1977,1877,1691,523,252,158,143
215,13.945,30.305,225.16,546.2811,0.0009,1417,888,2191,942,0.001,1252,1640,816,2314,748,1281,1781,2925,1193,1086,2155,1454,0.001,0.001,0.001
216,14.273,24.925,187.93,327.2903,0.0007,1415,0.001,0.001,0.001,0.001,0.001,11139,0.001,0.001,0.001,0.001,0.001,0.001,0.001,0.001,11190,305,0.001,0.001,0.001
217,12.436,32.456,240.95,570.172,0.0007,1414,1724,1606,1285,0.001,1423,1014,1606,1568,1452,1873,1684,2316,1701,1444,1920,0.001,0.001,0.001,0.001
218,10.63,19.556,150.41,223.0276,0.0003,1413,1648,975,3411,0.001,1287,1054,840,1462,1283,1931,1140,2100,2659,1497,927,388,1018,408,570
219,16.01,36.85,272.06,742.5411,0.0017,1410,497,0.001,411,0.001,1507,7098,2270,0.001,3045,2309,1415,0.001,0.001,2395,1618,0.001,0.001,0.001,0.001
220,16.032,37.512,276.57,766.5427,0.0021,1406,0.001,0.001,0.001,0.001,0.001,11991,3538,0.001,2523,4083,0.001,0.001,0.001,353,0.001,0.001,0.001,0.001,0.001
221,14.611,24.433,184.94,311.2944,0.0005,1393,1118,1024,2080,0.001,1190,2247,1434,1621,1218,1658,1020,2130,2647,1164,1735,0.001,0.001,0.001,0.001
222,4.938,27.658,206.24,479.2296,0.0006,1364,626,660,943,0.001,827,2068,1262,3687,1107,1403,1553,2262,1997,1821,1603,0.001,504,224,248
223,12.208,25.898,194.36,387.0335,0.0005,1351,1169,623,4464,0.001,1182,370,594,774,1032,839,755,1868,3209,1049,605,3086,615,137,258
224,15.476,28.611,214.12,421.3292,0.0004,1351,1204,1440,1249,0.001,1280,1012,1088,1387,1577,1198,1886,1510,1904,936,1655,2288,0.001,0.001,0.001
225,4.854,25.068,188.88,351.1626,0.0007,1337,386,1285,205,0.001,718,0.001,4537,1019,712,6747,0.001,313,245,2605,2626,0.001,0.001,0.001,0.001
226,14.031,28.572,213.11,471.3283,0.0006,1330,1429,1286,1973,0.001,1638,1100,1182,1023,1330,1178,1421,1232,2212,951,1603,1719,401,0.001,0.001
227,13.656,17.492,134.78,218.0309,0.0007,1312,955,894,2133,0.001,2089,1952,2041,2149,1190,0.001,1943,1132,1676,1145,1690,0.001,943,0.001,0.001
228,1.949,13.076,100.13,248.971,0.001,1290,7299,0.001,6302,0.001,0.001,0.001,0.001,0.001,4130,0.001,1560,1350,0.001,0.001,0.001,0.001,0.001,0.001,0.001
229,15.715,39.886,293.93,818.5937,0.0014,1288,902,1329,728,0.001,1314,2683,2585,1126,2158,1724,725,1037,1475,1578,1250,0.001,1422,0.001,0.001
230,15.134,29.405,219.19,482.352,0.0007,1286,687,1025,805,0.001,1290,1721,1075,1676,1651,1538,1432,1850,1471,967,1682,1708,0.001,0.001,0.001
231,13.468,36.002,265.78,744.3104,0.001,1277,0.001,1790,1773,0.001,1427,1727,2190,0.001,864,2234,2139,2097,0.001,2066,2117,0.001,0.001,0.001,0.001
232,13.554,35.512,262.17,733.4041,0.001,1276,0.001,1900,2208,0.001,0.001,1264,1835,1201,567,0.001,2084,2793,2737,2038,1787,0.001,0.001,0.001,0.001
233,10.868,23.33,177.01,293.2117,0.0004,1274,1525,990,1026,0.001,2089,1620,1770,1847,391,521,0.001,0.001,1303,398,3039,3867,0.001,0.001,0.001
234,11.722,23.603,178.96,297.2428,0.0003,1269,1093,1860,957,0.001,1589,1055,663,1397,530,833,763,1943,1147,844,1822,3806,0.001,0.001,0.001
235,10.229,31.5,233.49,601.3084,0.0008,1265,718,1146,1352,0.001,919,1301,903,1717,700,1306,1329,2202,1857,1721,1348,1714,298,206,206
236,10.559,23.236,176.24,295.2271,0.0004,1263,690,1035,1036,0.001,1168,2331,941,1702,241,778,371,522,1017,380,1650,6352,0.001,0.001,0.001
237,16.292,35.5,262.38,697.4828,0.0014,1260,201,0.001,626,0.001,1221,8956,665,3998,1283,838,367,208,0.001,424,1371,0.001,0.001,0.001,0.001
238,1.236,16.591,129.69,172.9906,0.0003,1246,809,222,325,0.001,500,951,866,3003,944,1882,1430,2535,460,662,778,4575,0.001,0.001,0.001
239,13.91,34.253,254.08,585.4865,0.0009,1246,485,2463,2511,0.001,1587,2517,541,1205,118,0.001,460,683,1777,0.001,2401,3180,0.001,0.001,0.001
240,13.453,34.748,256.78,700.2871,0.0011,1243,0.001,1800,1777,0.001,0.001,0.001,2200,0.001,0.001,2556,2304,2397,2401,2261,2191,0.001,0.001,0.001,0.001
241,14.668,28.724,214.89,426.3629,0.0006,1227,937,721,1640,0.001,1187,792,860,915,1116,1154,1119,892,2657,534,1501,3608,0.001,0.001,0.001
242,13.204,17.392,133.94,219.0275,0.0007,1226,0.001,2029,2610,0.001,2416,2424,0.001,2393,0.001,732,0.001,486,0.001,0.001,2507,4016,0.001,0.001,0.001
243,14.028,30.324,225.38,537.3427,0.001,1211,1097,956,1643,0.001,1163,1241,1282,1209,1600,1508,1272,1167,2295,1011,1742,189,560,90,180
244,12.461,35.187,260.2,672.1888,0.0012,1201,1389,1263,1091,0.001,1321,749,1255,1377,1109,1414,1205,1783,1378,1273,1502,1109,0.001,0.001,0.001
245,13.222,27.958,208.75,454.3202,0.0008,1197,1062,1027,835,0.001,1108,1268,1510,1243,1525,1551,1290,1685,1053,1491,1806,703,140,108,92
246,9.698,23.021,173.66,337.1675,0.0004,1195,736,1030,1020,0.001,835,1145,766,1863,572,1132,1178,1903,1372,1449,1055,3069,333,225,0.001
247,13.503,17.512,134.87,218.0309,0.0003,1194,0.001,0.001,2815,0.001,3025,3051,0.001,3125,0.001,0.001,0.001,0.001,0.001,1453,0.001,5636,0.001,0.001,0.001
248,15.098,25.045,189.28,323.3312,0.0005,1192,905,1163,999,0.001,1379,1606,995,1472,1727,1311,1439,1735,1730,973,1630,0.001,0.001,0.001,0.001
249,13.225,27.307,204.55,409.293,0.0006,1185,944,1085,876,0.001,1160,1110,1378,1137,1434,1327,1421,1371,1124,1330,1553,1714,0.001,0.001,269
250,15.54,26.297,197.76,365.3417,0.0005,1177,776,1497,1345,0.001,1777,1565,698,1675,739,1232,1075,1105,1490,624,1935,1305,0.001,0.001,0.001
251,13.437,33.419,247.3,657.2616,0.0015,1177,558,1197,1238,0.001,889,1330,1540,1099,882,2102,1501,1920,1571,1531,1474,0.001,0.001,227,171
252,15.685,26.681,200.7,365.3779,0.0004,1174,785,908,1242,0.001,1299,1333,908,1538,1481,1393,1535,1703,2193,825,1645,0.001,0.001,0.001,0.001
253,15.021,25.315,190.54,359.153,0.0005,1169,978,1060,1350,0.001,866,1441,1096,1106,1306,1688,1439,1926,2026,981,1440,0.001,183,0.001,0.001
254,16.313,37.252,274.96,750.5466,0.0016,1169,0.001,0.001,646,0.001,2431,9380,2083,0.001,0.001,2882,0.001,0.001,0.001,141,1140,0.001,0.001,0.001,0.001
255,13.468,24.099,182.48,303.232,0.0008,1164,0.001,0.001,0.001,0.001,0.001,0.001,323,0.001,15813,914,230,597,287,453,0.001,0.001,0.001,0.001,0.001
256,15.737,30.92,229.96,525.3965,0.001,1163,700,615,1160,0.001,1237,2447,684,1629,1198,2029,1466,1366,1215,943,1604,309,0.001,0.001,0.001
257,11.891,26.754,200.82,385.2947,0.0005,1159,1218,935,869,0.001,993,1023,1277,1281,1276,1484,1123,1671,924,1451,1691,1330,0.001,0.001,0.001
258,8.901,22.516,171.25,277.1796,0.0004,1135,653,1023,869,0.001,814,609,392,1479,399,555,1217,2108,1358,1099,928,4654,191,192,0.001
259,14.702,25.944,193.39,485.0681,0.0005,1124,536,805,1632,0.001,570,689,733,699,595,1040,652,1166,2246,714,1089,4811,0.001,0.001,0.001
260,14.031,28.663,213.82,469.3328,0.0005,1122,1141,1107,1313,0.001,1233,1174,1278,1123,1181,1304,1251,1107,1606,1122,1358,658,507,0.001,0.001
261,12.755,19.128,145.29,288.0328,0.0004,1121,0.001,1211,1234,0.001,1258,1525,1456,1502,1598,1436,1376,1243,1329,1434,1335,0.001,1398,482,0.001
262,4.084,24.996,187.58,391.1759,0.0005,1117,637,634,778,0.001,653,1852,1212,2827,1207,1304,1173,1486,1465,1475,1171,0.001,465,228,0.001
263,13.498,30.976,229.83,585.2942,0.0007,1113,761,1525,1472,0.001,0.001,0.001,1933,1096,0.001,1681,1892,2077,1817,1716,1836,0.001,0.001,0.001,0.001
264,15.991,36.837,271.94,742.5405,0.0015,1105,304,110,396,0.001,1398,5838,2079,454,423,2090,965,643,115,1529,1336,0.001,1044,0.001,0.001
265,13.474,19.121,145.25,288.0328,0.0006,1102,766,1111,1195,0.001,1381,831,1591,1537,1525,1550,1393,861,1263,1012,1620,0.001,1665,763,730
266,14.178,24.237,183.51,307.2633,0.0004,1095,854,1072,1625,0.001,1388,1719,887,1062,712,805,426,631,1085,449,1962,2841,0.001,0.001,0.001
267,13.496,26.076,195.12,424.2049,0.0006,1092,547,1521,1173,0.001,845,951,1366,722,648,1344,1602,1787,1696,1224,1422,618,227,170,0.001
268,13.377,26.386,198.06,385.2351,0.0007,1091,934,880,1480,0.001,1732,1201,630,994,579,821,433,551,669,533,1046,4965,0.001,0.001,0.001
269,1.574,19.996,153.55,227.0119,0.0011,1088,0.001,0.001,141,0.001,0.001,297,0.001,0.001,0.001,482,0.001,107,0.001,0.001,0.001,16387,0.001,0.001,0.001
270,13.528,33.086,245.86,539.432,0.0011,1087,178,0.001,1009,0.001,569,167,606,763,612,6662,1956,1860,773,1377,0.001,859,0.001,0.001,0.001
271,12.828,24.483,185.08,321.2789,0.0004,1074,1061,861,745,0.001,1077,1057,1355,1273,1451,1552,1241,1775,904,1183,1644,0.001,0.001,0.001,0.001
272,14.089,34.244,253.85,593.4786,0.0019,1070,748,0.001,0.001,0.001,163,0.001,1348,4297,0.001,5958,0.001,0.001,0.001,185,2051,2365,0.001,0.001,0.001
273,13.478,30.327,225.51,528.3097,0.0022,1070,1088,649,1351,0.001,689,1276,1012,1415,1179,2620,528,1785,1266,1023,890,341,0.001,0.001,0.001
274,13.354,33.8,250.74,581.4556,0.0008,1066,450,942,1530,0.001,1073,2335,615,1486,269,460,775,685,1039,158,3297,1935,0.001,0.001,0.001
275,14.033,28.601,213.35,470.3318,0.0008,1064,1196,987,1592,0.001,1276,901,926,899,1069,949,1059,957,1818,848,1391,1162,0.001,0.001,0.001
276,14.933,30.238,225.02,513.3407,0.0007,1054,691,913,743,0.001,1172,1319,913,1110,1354,1077,1465,1260,1061,945,1277,1567,0.001,0.001,0.001
277,12.693,25.839,193.99,383.2453,0.0006,1052,1061,875,1370,0.001,1141,1452,848,1158,824,1515,718,1134,1168,997,1396,1179,178,0.001,0.001
278,4.53,26.397,197.42,434.2055,0.0006,1051,520,656,750,0.001,648,1656,1037,2567,1095,1137,1061,1586,1440,1462,1205,0.001,417,0.001,156
279,13.227,28.622,213.32,485.3088,0.0006,1039,709,790,615,0.001,846,1352,1212,1284,1458,1536,989,1356,920,1269,1576,717,0.001,0.001,0.001
280,13.371,34.285,254.11,605.4551,0.0012,1039,740,996,2260,0.001,1965,2125,650,1304,330,752,369,597,678,0.001,2046,1815,0.001,0.001,0.001
281,13.774,17.51,134.84,218.0308,0.0004,1037,0.001,1232,0.001,0.001,2131,1249,0.001,2599,0.001,0.001,1264,1366,808,1033,0.001,4913,0.001,0.001,0.001
282,7.454,24.241,183.02,329.2322,0.0004,1034,546,1155,823,0.001,1708,274,410,694,169,284,383,517,488,224,2313,6555,0.001,0.001,0.001
283,14.669,29.553,220.51,465.3563,0.0005,1005,749,605,1297,0.001,1011,817,982,729,1092,997,1068,796,2379,485,1257,1809,0.001,0.001,0.001
284,13.606,23.742,179.96,299.2585,0.0004,994,766,881,1452,0.001,1118,1433,809,1119,965,1202,1039,1283,1566,760,1311,193,0.001,0.001,0.001
285,15.442,34.305,254.58,571.4367,0.0008,993,682,520,1502,0.001,1242,1023,632,1337,863,818,1053,1217,1337,529,2020,1107,0.001,0.001,0.001
286,13.452,17.439,134.22,219.0275,0.0003,993,0.001,0.001,0.001,0.001,1703,2545,0.001,2680,0.001,871,1842,0.001,0.001,0.001,2193,4046,0.001,0.001,0.001
287,12.45,13.095,100.12,248.9716,0.0006,988,6574,0.001,0.001,0.001,0.001,0.001,0.001,0.001,0.001,0.001,2818,0.001,0.001,0.001,0.001,6415,0.001,0.001,0.001
288,10.891,26.773,199.98,448.3054,0.0009,980,207,186,86,0.001,0.001,711,180,1834,759,0.001,239,3575,1631,3382,0.001,2884,0.001,0.001,0.001
289,15.722,35.078,259.46,673.4828,0.001,979,860,984,730,0.001,1063,1446,1378,1099,1554,1373,902,886,1121,1270,998,0.001,0.001,0.001,0.001
290,12.47,34.263,253.35,676.1804,0.0012,979,1204,1162,961,0.001,1022,824,1066,1056,1013,993,1031,1343,1201,1096,1148,542,0.001,0.001,0.001
291,13.517,24.178,182.76,319.2304,0.0004,978,635,915,917,0.001,911,1300,1317,1159,948,1370,1104,1151,1340,1212,1197,166,369,308,271
292,13.166,17.508,134.78,218.0306,0.0008,974,0.001,0.001,3176,0.001,0.001,3260,0.001,3072,0.001,0.001,0.001,789,0.001,0.001,0.001,5292,0.001,0.001,0.001
293,9.351,22.526,168.52,428.9731,0.0008,974,971,974,887,0.001,883,1246,876,1103,1210,1439,912,1032,1057,1339,1373,274,895,977,1022
294,14.202,30.517,224.21,994.9358,0.0023,973,1080,1025,1034,0.001,1031,975,934,1096,1051,1038,1111,1108,1303,1240,1173,362,946,523,464
295,13.436,33.431,247.37,656.2625,0.0019,968,0.001,1144,1081,0.001,850,1331,1344,0.001,809,1879,1420,1636,1347,1393,1261,0.001,344,231,0.001
296,13.057,24.001,181.86,301.2164,0.0006,965,0.001,197,669,0.001,620,886,0.001,622,4720,238,399,0.001,0.001,224,981,5886,0.001,0.001,0.001
297,14.035,27.8,207.8,437.267,0.001,964,0.001,1935,302,0.001,915,2497,0.001,956,231,1396,273,4081,1134,1092,376,232,0.001,0.001,0.001
298,13.662,26.704,200.61,379.3208,0.0006,958,869,754,772,0.001,904,798,1272,1124,1712,1126,1064,1200,1403,838,1491,0.001,0.001,0.001,0.001
299,15.022,28.001,209.52,427.216,0.0006,951,776,883,1177,0.001,733,1057,899,852,1086,1345,1111,1518,1670,909,1207,0.001,139,0.001,0.001
300,13.652,26.816,200.84,412.2725,0.0006,949,584,709,1562,0.001,978,1195,681,872,792,1182,889,1288,1669,626,1177,979,0.001,0.001,0.001
301,14.549,27.802,207.84,437.2671,0.0007,947,761,903,785,0.001,980,876,457,1293,919,1040,704,1560,1291,435,1414,1731,0.001,0.001,0.001
302,13.478,27.124,202.83,433.2357,0.0007,944,706,357,754,0.001,760,906,963,1102,1124,1547,1242,1573,1168,839,1322,735,0.001,0.001,0.001
303,16.034,37.572,277.14,766.5408,0.0015,940,530,0.001,0.001,0.001,3434,800,1763,0.001,300,306,760,164,0.001,5273,1703,0.001,504,0.001,0.001
304,13.452,25.87,193.8,409.1887,0.0007,939,437,750,814,0.001,761,920,1161,834,707,1247,1064,1159,1091,1083,1088,1900,240,167,0.001
305,16.481,38.243,281.92,786.531,0.0018,938,0.001,0.001,0.001,0.001,394,1427,0.001,5597,2573,3016,0.001,276,0.001,1075,643,0.001,0.001,0.001,0.001
306,15.125,27.004,202.4,405.2857,0.0005,936,1201,1188,976,0.001,1127,793,991,1030,1088,900,1184,1239,1073,1141,1042,0.001,1056,0.001,595
307,10.095,22.164,165.13,498.929,0.001,930,0.001,1426,4127,0.001,445,0.001,0.001,2663,0.001,0.001,0.001,2797,1929,0.001,0.001,1487,0.001,378,0.001
308,13.522,26.743,201.34,353.2147,0.0003,930,569,1288,882,0.001,879,1266,854,1004,501,928,1055,1427,1279,974,1032,934,130,115,162
309,16.273,36.023,266.27,700.5311,0.0015,923,0.001,0.001,0.001,0.001,2245,8967,0.001,0.001,0.001,3559,0.001,0.001,0.001,0.001,0.001,0.001,0.001,0.001,0.001
310,15.266,34.437,255.56,571.4369,0.0009,922,664,410,1529,0.001,1106,1095,770,1217,851,881,724,888,1345,510,1459,1302,0.001,0.001,0.001
311,14.241,34.17,253.38,593.4786,0.0011,921,732,558,1021,0.001,917,0.001,0.001,2013,801,2621,765,1462,1072,905,832,1037,0.001,0.001,0.001
312,12.875,17.444,134.34,219.0275,0.0005,919,828,523,0.001,0.001,1940,2757,0.001,2567,0.001,813,0.001,668,0.001,705,2434,1468,0.001,0.001,0.001
313,0.36,20.263,154.15,277.0728,0.0003,917,557,914,1039,0.001,1332,805,1227,1569,1184,918,250,925,1663,364,1199,732,0.001,0.001,0.001
314,13.536,30.263,224.75,556.2837,0.0008,907,762,1113,1010,0.001,881,833,1206,815,678,1090,1255,1134,1221,990,1180,337,206,0.001,0.001
315,14.933,30.234,225,512.3431,0.0007,902,648,832,657,0.001,1001,1140,825,946,1115,963,1153,1040,972,791,1095,1246,0.001,0.001,0.001
316,4.388,17.569,261.87,246.0743,0.0006,894,1131,0.001,0.001,0.001,950,0.001,2084,1865,1400,2877,0.001,702,483,1605,896,312,0.001,0.001,0.001
317,14.389,29.175,217.44,485.3094,0.0006,893,688,1040,1406,0.001,1270,685,440,814,615,731,1103,1496,1289,555,871,1290,0.001,0.001,0.001
318,16.39,35.836,265.73,597.4529,0.0008,893,1008,283,1039,0.001,617,1970,1005,1627,1554,828,797,429,1853,378,905,0.001,0.001,0.001,0.001
319,12.195,22.256,170.16,249.1487,0.0005,892,595,520,717,0.001,673,1327,642,1026,792,1106,761,1044,718,842,1022,2483,0.001,0.001,0.001
320,12.86,29.981,222.95,527.3202,0.0008,888,946,717,575,0.001,827,822,1065,1020,1233,1189,891,1443,697,992,1372,423,0.001,0.001,0.001
321,5.82,27.798,207.29,479.229,0.0011,884,393,485,564,0.001,634,1383,775,2497,749,956,925,1270,1139,1240,1141,0.001,200,70,74
322,5.312,28.914,215.11,523.2554,0.0009,884,363,502,784,0.001,553,1306,714,2501,671,799,958,1501,1396,1176,913,0.001,273,146,0.001
323,12.463,34.651,256.47,644.1929,0.001,880,1047,956,808,0.001,868,517,939,1047,741,1015,943,1463,987,912,1164,677,0.001,0.001,0.001
324,5.422,26.548,198.54,435.2021,0.0005,880,462,492,583,0.001,560,1338,811,2486,879,920,857,1395,1087,1164,1048,0.001,194,108,0.001
325,12.85,18.959,144.63,262.0361,0.0005,877,0.001,1596,1571,0.001,1442,1756,0.001,1962,0.001,0.001,0.001,817,0.001,0.001,1884,3000,935,0.001,0.001
326,16.363,35.95,266.46,611.4685,0.0008,875,664,339,1359,0.001,642,1501,730,1546,1220,919,853,629,2796,0.001,797,0.001,0.001,0.001,0.001
327,13.556,31.717,235.53,559.3983,0.0011,872,152,374,1874,0.001,344,0.001,534,976,0.001,2887,1210,1812,1498,1632,363,291,0.001,0.001,0.001
328,11.457,21.171,161.85,250.1437,0.0002,865,912,656,808,0.001,773,682,948,1032,999,1157,970,1466,1150,1209,732,347,0.001,0.001,0.001
329,14.064,17.499,134.79,218.0309,0.001,863,0.001,1153,1908,0.001,1347,425,1144,0.001,0.001,0.001,860,2421,1334,888,0.001,2335,726,712,0.001
330,15.763,37.417,276.07,766.5418,0.0014,862,0.001,0.001,850,0.001,1265,5992,0.001,1187,0.001,2119,0.001,0.001,0.001,1626,754,0.001,0.001,0.001,0.001
331,8.315,17.518,132.43,321.9886,0.0005,860,910,780,763,0.001,761,1081,844,1021,964,1266,883,750,879,1027,1136,692,837,826,907
332,8.441,20.124,297.12,399.0745,0.003,860,0.001,0.001,8737,0.001,0.001,0.001,0.001,0.001,0.001,0.001,0.001,0.001,0.001,0.001,5019,0.001,0.001,0.001,0.001
333,16.188,40.48,298.15,844.6096,0.0015,857,677,349,415,0.001,550,1839,1300,1018,2229,1019,850,558,1056,990,862,0.001,1136,0.001,0.001
334,13.926,29.517,217.04,944.9401,0.002,856,1010,1001,885,0.001,842,708,926,679,1001,873,1108,982,965,1128,949,642,812,578,0.001
335,14.933,28.087,210.11,427.3601,0.0006,856,657,843,929,0.001,1029,1104,679,846,976,868,950,1100,1246,737,1227,507,0.001,0.001,0.001
336,15.261,28.484,213.08,427.3595,0.0006,855,738,774,783,0.001,987,953,855,1012,1315,902,1037,1160,1259,695,1158,55,0.001,0.001,114
337,13.36,25.265,190.97,319.2306,0.0004,854,550,609,875,0.001,802,1752,960,1599,790,1225,662,746,819,633,1477,172,330,283,287
338,13.538,25.869,194.79,353.215,0.0005,853,585,1196,981,0.001,859,1329,622,1038,487,817,1162,1261,1269,0.001,1102,947,0.001,0.001,0.001
339,14.668,29.989,223.18,511.3802,0.0007,850,899,702,1526,0.001,1067,516,636,695,800,908,1175,862,1867,496,961,497,141,0.001,0.001
340,8.815,17.773,134.25,328.7618,0.0006,849,977,748,855,0.001,907,862,794,1069,1083,1109,932,1111,948,1080,1024,88,0.001,0.001,0.001
341,15.649,33.575,248.49,655.4228,0.0008,845,913,677,1907,0.001,427,608,965,618,507,1117,761,980,1683,980,1378,0.001,0.001,0.001,0.001
342,13.887,28.561,213.75,425.3626,0.0007,845,380,318,1005,0.001,697,0.001,552,2024,574,4062,503,891,854,700,957,0.001,0.001,0.001,0.001
343,13.987,27.782,207.66,437.2673,0.001,836,762,415,856,0.001,0.001,719,772,3050,660,1765,1356,409,0.001,64,2322,223,0.001,0.001,0.001
344,9.734,23.711,179.38,311.222,0.0004,834,927,0.001,0.001,0.001,1533,0.001,950,2037,0.001,793,985,1770,962,901,1556,934,0.001,0.001,0.001
345,13.52,30.316,225.58,520.3042,0.0009,834,381,355,824,0.001,559,1974,1247,1423,277,912,425,2229,883,550,1297,0.001,0.001,0.001,0.001
346,13.141,21.6,165.42,241.2167,0.0005,822,945,647,1193,0.001,837,1573,611,994,729,1045,413,1015,990,560,947,647,0.001,0.001,0.001
347,14.03,31.733,235.4,582.3473,0.0012,821,649,592,1011,0.001,803,747,970,869,1003,886,967,754,1569,741,1155,423,471,0.001,185
348,13.325,27.661,203.75,844.9462,0.0014,821,896,981,947,0.001,942,691,705,731,724,745,978,900,960,1027,866,1036,446,353,0.001
349,14.195,17.367,133.8,219.0273,0.0003,820,814,1688,2186,0.001,1732,0.001,0.001,0.001,0.001,0.001,984,1814,954,0.001,0.001,2947,0.001,0.001,0.001
350,14.004,27.035,203.14,375.2873,0.0005,819,906,871,893,0.001,881,788,961,940,1131,916,1072,891,1015,858,973,0.001,550,266,456
351,14.829,34.628,255.06,839.1232,0.0017,817,606,1520,1008,0.001,306,482,875,572,270,765,377,1710,1400,309,2553,316,0.001,0.001,0.001
352,13.007,19.121,145.28,288.0327,0.0003,815,738,0.001,1374,0.001,1354,1656,0.001,0.001,1650,0.001,1533,1575,1575,1584,0.001,0.001,0.001,0.001,0.001
353,12.187,18.444,141.71,228.9814,0.0003,814,765,504,2921,0.001,748,314,442,563,762,632,591,1290,2318,741,432,0.001,479,0.001,147
354,13.49,29.812,221.93,506.2906,0.0017,813,368,480,828,0.001,305,1063,1025,671,524,1582,868,1791,951,721,1600,236,0.001,0.001,0.001
355,12.655,25.052,188.89,339.1987,0.0007,808,0.001,0.001,0.001,0.001,1495,0.001,5280,0.001,482,546,494,449,508,1863,1815,0.001,0.001,0.001,0.001
356,13.672,17.456,134.41,219.0275,0.0003,808,0.001,0.001,0.001,0.001,1778,1151,1671,1834,0.001,959,0.001,1248,1711,1138,1442,0.001,0.001,0.001,0.001
357,14.473,34.727,257.53,589.519,0.0008,807,466,763,1263,0.001,865,953,464,764,808,723,574,1004,1450,287,1072,1453,0.001,0.001,0.001
358,15.687,28.729,214.83,436.3836,0.0004,806,667,785,678,0.001,1036,822,685,1025,1199,901,989,985,1412,609,1099,0.001,0.001,0.001,0.001
359,15.257,28.475,213.23,413.3624,0.0005,800,516,707,561,0.001,863,995,674,919,1154,839,903,1074,1135,596,1260,609,0.001,0.001,0.001
360,14.916,27.383,205.29,399.3291,0.0005,799,624,801,777,0.001,894,891,664,1084,1066,809,1025,1113,1076,749,1050,157,0.001,0.001,0.001
361,15.495,30.435,226.44,510.3825,0.0008,796,0.001,0.001,659,0.001,902,1353,694,1111,1146,1068,1071,1108,1129,724,1373,399,0.001,0.001,0.001
362,15.305,29.931,222.95,495.3708,0.0009,793,532,703,538,0.001,843,845,583,1059,942,871,1145,1093,728,658,1260,893,0.001,0.001,0.001
363,13.444,17.5,134.88,218.0308,0.0004,790,1257,2054,0.001,0.001,1559,0.001,0.001,2019,1460,0.001,0.001,1395,0.001,1724,1172,0.001,0.001,0.001,0.001
364,0.25,20.877,157.94,315.0395,0.0005,787,1084,751,593,0.001,455,186,1250,0.001,2191,977,1154,880,921,1027,649,478,0.001,0.001,0.001
365,8.819,17.78,134.28,330.7599,0.0005,785,961,786,804,0.001,870,869,811,930,1003,1241,953,1156,978,0.001,1087,104,0.001,0.001,0.001
366,14.109,27.838,208.46,413.3446,0.0006,784,782,304,909,0.001,845,871,913,887,930,957,859,453,913,743,941,1244,200,0.001,0.001
367,16.207,36.087,266.51,721.4827,0.0014,784,0.001,0.001,539,0.001,694,7401,275,1653,555,591,101,0.001,0.001,159,574,0.001,0.001,0.001,0.001
368,4.937,27.67,206.26,478.2322,0.0007,782,0.001,0.001,664,0.001,0.001,1229,805,2451,700,817,1054,1354,1372,1115,955,0.001,293,0.001,161
369,13.225,26.5,199.19,370.2996,0.0005,780,476,420,460,0.001,426,663,618,591,700,871,562,803,510,638,738,4007,0.001,0.001,0.001
370,12.692,23.437,177.71,297.2241,0.0004,780,679,601,984,0.001,796,1096,620,974,580,1044,576,857,788,720,1033,1127,0.001,0.001,0.001
371,9.697,24.65,185.1,381.1744,0.0005,779,404,584,617,0.001,611,739,512,1124,370,798,755,1152,839,889,722,2342,285,215,173
372,15.469,26.167,197.12,351.3626,0.0004,778,579,703,695,0.001,851,1129,670,1060,1050,901,875,1023,1187,538,1189,0.001,0.001,0.001,0.001
373,14.134,29.992,222.92,528.3106,0.0009,776,0.001,0.001,0.001,0.001,0.001,4069,0.001,1688,0.001,2218,0.001,1499,0.001,1332,1612,0.001,0.001,0.001,0.001
374,14.93,28.885,215.51,467.3387,0.0006,774,557,714,646,0.001,968,840,614,872,953,803,986,990,936,657,1033,813,0.001,0.001,0.001
375,10.904,23.341,177.04,293.2116,0.0005,774,0.001,882,798,0.001,0.001,0.001,0.001,0.001,547,872,383,736,0.001,489,0.001,7672,0.001,0.001,0.001
376,9.925,24.548,183.51,443.0565,0.0005,770,708,641,1209,0.001,740,536,593,764,677,977,746,1475,1257,1177,812,0.001,102,0.001,0.001
377,13.226,28.618,213.3,484.3111,0.0008,769,492,489,492,0.001,679,936,975,1031,1105,1139,719,988,707,947,1059,543,100,0.001,0.001
378,12.674,17.507,134.78,218.0309,0.0014,767,0.001,0.001,2349,0.001,0.001,3042,0.001,3275,0.001,0.001,555,700,0.001,961,0.001,1383,0.001,0.001,0.001
379,15.716,29.549,220.62,455.3921,0.0007,766,558,663,778,0.001,843,727,522,940,950,796,867,961,1284,564,1094,709,0.001,0.001,0.001
380,14.669,27.474,205.81,409.3495,0.0008,763,716,486,1292,0.001,1007,602,661,749,796,937,835,755,1774,406,1127,69,0.001,0.001,0.001
381,13.664,24.935,188.17,335.3307,0.0004,760,593,568,548,0.001,669,671,1036,881,1398,932,852,926,1170,741,1171,0.001,0.001,0.001,0.001
382,16.484,35.446,262.79,599.469,0.0006,759,0.001,242,862,0.001,549,1520,830,1515,885,917,844,702,1991,506,779,0.001,0.001,0.001,0.001
383,12.724,19.128,145.31,287.0364,0.0008,757,0.001,871,830,0.001,849,1027,1156,1050,569,987,1112,893,933,932,908,0.001,0.001,267,0.001
384,11.488,22.847,170.13,505.9704,0.0008,752,739,780,932,0.001,768,651,771,921,1028,923,747,849,1142,750,859,179,0.001,0.001,0.001
385,12.114,25.384,190.78,371.2229,0.0005,751,666,474,868,0.001,828,1435,643,970,459,1181,458,924,571,831,892,816,198,124,251
386,11.836,24.641,186.36,312.1704,0.0015,743,0.001,0.001,0.001,0.001,0.001,94,0.001,0.001,5110,0.001,0.001,0.001,86,6593,0.001,0.001,0.001,0.001,0.001
387,13.381,34.731,257.21,629.456,0.0013,742,635,620,2536,0.001,2427,1186,327,877,219,623,0.001,250,328,0.001,964,881,0.001,0.001,0.001
388,12.407,28.881,215.23,485.2786,0.0006,742,778,1525,485,0.001,523,397,350,666,460,919,319,2030,649,838,1512,414,160,231,408
389,13.989,17.508,134.78,218.0305,0.0005,741,0.001,658,0.001,0.001,0.001,1560,0.001,1602,0.001,0.001,1128,1304,504,0.001,485,4622,0.001,0.001,0.001
390,13.247,18.951,144.62,262.0359,0.0005,734,758,1715,1453,0.001,1304,0.001,927,1014,0.001,845,639,999,670,0.001,1422,0.001,1038,0.001,0.001
391,14.389,29.174,217.45,484.312,0.0005,733,587,940,1122,0.001,1009,456,343,683,552,651,923,1197,1019,474,712,1058,0.001,0.001,0.001
392,12.97,25.544,192.73,339.1982,0.0019,731,1552,2037,0.001,0.001,244,0.001,1716,216,1655,0.001,0.001,2751,0.001,1518,0.001,0.001,0.001,0.001,0.001
393,15.119,25.315,190.93,337.3108,0.0005,730,706,836,921,0.001,1127,783,636,689,669,579,903,526,965,545,900,894,289,238,0.001
394,14.365,23.704,179.78,295.2635,0.0003,728,530,403,864,0.001,557,1127,612,631,575,755,403,802,1117,499,889,1890,0.001,0.001,0.001
395,13.43,30.65,228.67,467.3734,0.0008,727,502,167,350,0.001,1094,593,980,535,845,2995,0.001,624,536,577,349,1491,0.001,0.001,0.001
396,2.784,25.745,192.49,439.1975,0.0006,727,364,481,740,0.001,447,1036,550,1848,577,698,744,1097,1089,1177,778,0.001,322,228,0.001
397,0.466,15.201,121.16,135.0303,0.0003,726,466,812,910,0.001,996,661,0.001,475,272,930,593,717,373,0.001,889,3519,0.001,0.001,0.001
398,12.86,30.029,223.32,526.3224,0.001,724,745,526,462,0.001,722,660,822,856,1012,996,748,1168,583,834,1105,348,0.001,0.001,0.001
399,13.17,25.729,193.84,347.2561,0.0007,721,622,662,625,0.001,796,708,817,694,881,848,961,968,785,932,1001,240,185,164,186
400,3.714,27.75,206.84,483.262,0.0008,716,484,629,904,0.001,551,1015,522,1541,371,544,685,1072,1145,984,553,461,365,256,232
401,10.371,21.948,163.69,480.9691,0.0006,715,745,761,799,0.001,782,824,784,799,758,833,838,998,823,873,830,0.001,676,677,667
402,2.252,15.763,124.95,144.0449,0.0003,714,491,280,355,0.001,306,1213,1789,747,2201,1880,306,298,0.001,661,348,553,0.001,0.001,0.001
403,13.481,18.964,144.7,262.0361,0.0005,713,0.001,1229,1474,0.001,1254,1896,0.001,0.001,0.001,0.001,0.001,0.001,0.001,0.001,1320,4227,0.001,0.001,0.001
404,16.026,32.988,244.72,588.4405,0.0009,711,370,554,152,0.001,681,1076,657,1522,658,567,1879,1631,219,580,835,0.001,0.001,0.001,0.001
405,12.466,34.512,255.39,650.1384,0.0009,711,624,519,499,0.001,506,365,521,563,464,619,522,665,472,495,532,4005,0.001,0.001,0.001
406,13.228,17.494,134.76,218.031,0.0007,709,0.001,0.001,2272,0.001,0.001,0.001,0.001,2735,591,0.001,0.001,802,2228,0.001,2723,0.001,0.001,0.001,0.001
407,13.464,22.593,172.15,267.2314,0.0004,706,695,663,776,0.001,617,2022,377,973,343,494,0.001,521,650,234,607,2328,0.001,0.001,0.001
408,7.694,24.39,184.18,329.2322,0.0006,706,212,297,204,0.001,309,0.001,0.001,0.001,100,139,149,231,221,0.001,2043,7385,0.001,0.001,0.001
409,14.184,18.448,141.75,228.9814,0.0003,705,473,695,1426,0.001,480,583,610,559,435,976,646,1018,1842,495,1035,0.001,0.001,0.001,0.001
410,11.492,23.454,177.94,297.242,0.001,702,739,1760,837,0.001,1579,1273,0.001,1581,292,0.001,0.001,593,817,0.001,1768,0.001,0.001,0.001,0.001
411,14.213,25.888,194.29,387.0336,0.0004,702,409,612,1175,0.001,414,483,502,476,385,702,459,822,1497,413,1066,1823,0.001,0.001,0.001
412,11.407,22.875,173.36,297.1517,0.0008,702,0.001,0.001,0.001,0.001,881,2557,1009,1606,1265,1638,0.001,0.001,0.001,0.001,1181,1095,62,1247,0.001
413,4.084,25.002,187.64,390.1789,0.0006,699,392,453,478,0.001,417,1151,758,1748,728,820,734,877,872,940,809,0.001,295,191,0.001
414,13.05,19.11,145.13,289.0298,0.0005,696,0.001,828,829,0.001,792,898,881,993,990,681,869,767,971,829,807,0.001,402,0.001,0.001
415,13.621,17.505,134.84,217.0342,0.0004,696,0.001,0.001,1449,0.001,960,1446,1303,1087,573,0.001,0.001,780,416,457,806,1858,0.001,0.001,0.001
416,13.992,33.718,249.98,593.4788,0.001,695,605,0.001,704,0.001,785,0.001,702,1008,451,1351,796,1085,766,1100,1127,641,0.001,0.001,0.001
417,15.684,30.912,229.97,524.3991,0.0007,693,426,376,703,0.001,808,1537,446,830,779,1174,850,855,743,546,1022,0.001,0.001,0.001,0.001
418,13.811,18.968,144.65,262.0357,0.0007,693,0.001,1306,0.001,0.001,1216,1595,0.001,1424,0.001,0.001,0.001,339,712,0.001,1494,2994,0.001,0.001,0.001
419,14.272,21.775,165.06,299.0258,0.0015,690,0.001,731,1701,0.001,576,2760,383,858,0.001,1269,0.001,460,585,716,939,57,0.001,0.001,0.001
420,13.62,27.034,202.99,381.2462,0.0005,690,448,650,498,0.001,504,1105,679,901,799,799,848,1019,691,656,605,831,179,0.001,0.001
421,13.146,18.926,144.31,263.0328,0.0005,689,0.001,1101,0.001,0.001,1000,0.001,0.001,1336,570,0.001,0.001,1042,1338,0.001,1325,3316,0.001,0.001,0.001
422,13.199,29.15,217.04,509.3117,0.0006,688,582,557,492,0.001,649,868,887,852,911,1053,715,892,623,930,1000,0.001,0.001,0.001,0.001
423,14.068,17.509,134.85,218.031,0.0002,688,0.001,1086,0.001,0.001,1198,882,0.001,2479,0.001,0.001,0.001,0.001,0.001,0.001,2339,3027,0.001,0.001,0.001
424,3.401,26.414,197.43,439.2349,0.0006,678,499,653,840,0.001,521,952,484,1548,417,492,697,1021,1010,733,537,443,277,231,0.001
425,13.408,30.129,225.07,445.3317,0.0009,675,0.001,479,993,0.001,312,0.001,476,3271,523,1148,181,688,724,1099,0.001,900,0.001,0.001,0.001
426,12.439,31.919,237.26,541.1679,0.0006,674,819,762,662,0.001,678,409,760,798,642,892,719,1170,832,694,949,0.001,0.001,0.001,0.001
427,14.031,26.575,199.56,380.3206,0.0007,672,597,614,773,0.001,750,706,852,720,898,849,797,711,809,719,831,127,204,0.001,0.001
428,14.031,29.027,216.38,481.3549,0.0005,672,625,716,776,0.001,717,708,797,698,746,739,755,759,905,663,802,341,273,0.001,0.001
429,15.93,26.894,201.99,381.373,0.0007,668,90,370,1660,0.001,657,0.001,300,1169,510,3178,468,468,1007,316,497,0.001,0.001,176,172
430,13.449,25.206,188.9,407.1718,0.0006,667,559,812,783,0.001,630,738,796,555,588,866,825,982,876,847,812,0.001,325,258,142
431,0.593,16.318,127.42,173.9859,0.0006,665,0.001,0.001,0.001,0.001,451,0.001,430,0.001,0.001,0.001,541,511,0.001,0.001,0.001,8712,0.001,0.001,0.001
432,13.761,32.606,242.16,554.3464,0.0009,663,637,509,423,0.001,581,598,658,818,615,740,397,679,940,353,870,1789,0.001,0.001,0.001
433,13.592,17.474,134.41,219.0276,0.0003,663,0.001,0.001,0.001,0.001,0.001,1907,0.001,2114,0.001,0.001,0.001,0.001,1286,0.001,1972,3321,0.001,0.001,0.001
434,14.787,23.918,181.35,297.2791,0.0004,661,553,649,695,0.001,756,1008,618,671,740,738,550,726,1089,452,915,413,0.001,0.001,0.001
435,12.691,26.381,197.79,399.2538,0.0006,659,689,533,901,0.001,736,831,543,759,453,900,475,832,766,619,745,762,81,0.001,0.001
436,12.398,23.75,179.44,323.1888,0.0006,658,1605,989,885,0.001,1018,245,290,433,573,1057,263,743,638,480,606,696,227,345,552
437,14.046,28.072,210.18,411.3473,0.0007,656,0.001,812,0.001,0.001,643,661,788,765,1025,1069,631,866,1034,483,936,787,0.001,0.001,0.001
438,14.031,31.72,235.3,583.3448,0.0013,655,625,475,838,0.001,652,585,737,691,786,753,655,631,1149,560,916,432,0.001,0.001,159
439,1.504,18.64,143.81,212.001,0.0004,655,1849,333,330,0.001,301,283,658,429,598,201,698,822,573,246,1249,1913,0.001,0.001,0.001
440,0.253,21.092,159.01,343.9932,0.0008,655,623,454,491,0.001,405,248,755,708,829,768,377,478,851,588,300,2604,0.001,0.001,0.001
441,2.194,16.988,132.49,179.0556,0.0006,654,134,582,186,0.001,252,462,2345,477,284,0.001,604,887,0.001,319,1112,2813,0.001,0.001,0.001
442,14.37,28.213,211.24,413.3444,0.0007,651,491,0.001,820,0.001,607,562,559,433,644,643,587,427,1589,345,810,1904,99,0.001,0.001
443,12.458,26.082,196.05,369.3004,0.0007,649,583,582,528,0.001,609,900,670,741,704,796,649,826,410,853,837,699,185,286,312
444,13.087,18.946,144.59,262.036,0.0005,649,0.001,1588,1680,0.001,1550,2033,0.001,1667,0.001,0.001,544,785,529,0.001,0.001,0.001,942,0.001,0.001
445,10.289,31.562,234.06,601.3249,0.0006,648,550,940,1233,0.001,0.001,1057,741,0.001,0.001,0.001,1309,0.001,1805,1613,1125,0.001,0.001,0.001,0.001
446,16.231,35.924,266.51,585.4524,0.0007,644,510,352,935,0.001,631,1008,570,1011,928,590,588,423,1878,331,548,0.001,0.001,0.001,0.001
447,13.532,31.582,235.67,467.314,0.0015,642,96,647,1139,0.001,340,105,637,1410,225,1800,232,1001,1351,1026,270,0.001,0.001,0.001,0.001
448,12.188,22.695,170.71,367.0268,0.0005,642,550,312,2466,0.001,552,249,358,427,620,539,464,968,1876,587,307,0.001,347,0.001,129
449,8.981,27.448,205.87,395.1891,0.0009,636,548,145,270,0.001,1573,0.001,429,1396,466,2916,0.001,846,0.001,1254,224,110,0.001,0.001,0.001
450,12.569,34.667,256.26,668.1703,0.0014,634,0.001,0.001,734,0.001,0.001,988,945,913,952,986,950,856,900,853,144,928,0.001,0.001,0.001
451,13.482,37.202,274.35,789.3357,0.0015,634,0.001,0.001,1316,0.001,1076,1372,1712,0.001,0.001,1556,0.001,0.001,1496,1608,0.001,0.001,0.001,0.001,0.001
452,16.412,39.807,293.09,861.5516,0.0014,633,324,257,0.001,0.001,522,2167,599,1115,886,662,857,0.001,245,944,1543,0.001,0.001,0.001,0.001
453,12.19,25.462,190.02,469.0369,0.0006,632,509,376,2556,0.001,589,222,311,375,527,458,412,1055,1921,495,305,0.001,278,0.001,0.001
454,13.089,19.13,145.35,287.0362,0.0004,631,534,0.001,972,0.001,1001,1056,1138,1087,0.001,1061,993,0.001,0.001,1189,1071,0.001,1028,0.001,0.001
455,15.924,27.523,206.5,393.3734,0.0005,630,536,520,756,0.001,644,690,441,795,680,854,819,878,1172,416,875,0.001,0.001,0.001,0.001
456,14.031,28.678,213.94,468.3352,0.0009,628,664,625,700,0.001,644,661,723,747,798,735,658,601,836,633,728,299,283,0.001,0.001
457,13.634,35.039,259.14,664.4203,0.0014,628,637,275,449,0.001,0.001,861,1228,659,721,874,666,627,719,692,1152,481,0.001,0.001,0.001
458,14.361,28.515,213.35,425.3624,0.0008,627,492,308,747,0.001,563,772,696,638,1022,953,644,565,1695,430,0.001,506,0.001,0.001,0.001
459,13.078,18.959,144.71,261.0394,0.0004,625,1036,956,1095,0.001,930,1209,0.001,0.001,0.001,0.001,0.001,0.001,1150,0.001,1148,2481,0.001,0.001,0.001
460,15.463,29.029,217.08,427.3789,0.0007,622,0.001,0.001,567,0.001,867,1110,0.001,933,1114,873,749,930,1124,0.001,1113,565,0.001,0.001,0.001
461,4.042,20.501,156.81,245.0476,0.0006,621,1408,0.001,0.001,0.001,0.001,0.001,684,1210,2553,393,311,180,180,678,2225,112,0.001,0.001,0.001
462,16.449,37.204,274.66,744.5203,0.0013,620,180,318,116,0.001,330,3185,469,830,677,1262,549,391,0.001,576,1040,0.001,0.001,0.001,0.001
463,13.198,28.334,211.43,469.3324,0.0006,620,624,553,435,0.001,604,702,690,655,890,892,642,834,581,815,1005,0.001,0.001,0.001,0.001
464,14.246,29.026,216.57,466.3298,0.0011,619,752,1074,760,0.001,976,279,274,645,452,678,335,1330,1038,261,914,135,0.001,0.001,0.001
465,13.516,30.137,224.15,517.3041,0.0013,618,0.001,639,345,0.001,0.001,353,557,371,227,1217,1064,2326,607,962,938,288,0.001,0.001,0.001
466,13.606,17.486,134.77,217.0342,0.0005,614,676,1016,969,0.001,996,0.001,853,1086,845,0.001,934,789,923,289,455,0.001,0.001,420,266
467,12.563,24.394,184.89,299.2005,0.0005,614,617,295,282,0.001,538,596,258,414,2348,1042,236,395,330,809,600,1057,379,336,338
468,12.47,34.668,256.42,668.1701,0.0011,612,697,811,713,0.001,749,0.001,792,616,841,721,769,0.001,736,725,788,832,0.001,0.001,0.001
469,12.44,31.901,236.82,572.1519,0.0008,610,0.001,930,821,0.001,896,549,0.001,1001,862,1133,0.001,1471,0.001,939,1159,0.001,0.001,0.001,0.001
470,15.686,30.212,225.25,483.4227,0.0006,609,429,528,682,0.001,679,652,516,755,811,637,733,792,1260,424,849,0.001,0.001,0.001,0.001
471,14.035,37.716,278.43,733.6338,0.0012,609,501,312,838,0.001,597,442,696,409,822,639,594,601,1561,291,947,497,0.001,0.001,0.001
472,14.134,33.901,251.05,593.4794,0.0021,607,0.001,0.001,0.001,0.001,0.001,0.001,0.001,2801,0.001,3590,0.001,0.001,0.001,1595,0.001,1721,0.001,0.001,0.001
473,15.377,32.053,238.32,529.2854,0.0007,607,301,437,656,0.001,629,566,341,616,559,585,640,641,982,381,647,1723,0.001,0.001,0.001
474,10.93,23.359,177.23,293.2116,0.0004,604,980,0.001,312,0.001,1610,1117,1097,1182,0.001,0.001,0.001,0.001,1152,0.001,1990,218,0.001,0.001,0.001
475,15.728,36.967,272.85,744.5562,0.0013,603,581,761,0.001,0.001,659,1058,1090,516,950,771,495,552,777,748,683,0.001,816,0.001,0.001
476,6.395,17.862,136.71,246.9037,0.0004,602,1823,775,0.001,0.001,0.001,0.001,0.001,0.001,1235,0.001,875,0.001,2199,2023,704,0.001,0.001,0.001,0.001
477,14.358,23.339,177.45,281.2843,0.0004,602,417,473,554,0.001,668,823,567,707,880,715,670,670,1066,550,871,0.001,0.001,0.001,0.001
478,11.848,24.402,184.48,319.2262,0.0008,601,325,0.001,151,0.001,494,0.001,0.001,253,0.001,0.001,0.001,192,319,229,0.001,7658,0.001,0.001,0.001
479,13.286,20.838,157.81,309.039,0.0004,598,516,458,1184,0.001,436,223,399,463,441,881,621,1153,1632,581,579,0.001,0.001,0.001,0.001
480,15.308,30.176,225.17,465.3555,0.0006,597,555,641,399,0.001,658,429,0.001,735,735,425,877,753,626,448,703,1570,0.001,0.001,0.001
481,15.316,38.569,285.38,651.4485,0.0009,597,303,348,519,0.001,453,495,323,398,476,465,473,590,852,335,413,3106,0.001,0.001,0.001
482,12.521,30.181,224.45,523.3093,0.001,596,361,533,0.001,0.001,446,611,778,1150,1259,513,490,1411,396,495,642,444,0.001,0.001,0.001
483,13.785,25.027,188.96,329.2476,0.0004,595,250,512,1111,0.001,1003,1179,337,468,258,362,170,323,0.001,220,565,2765,0.001,0.001,0.001
484,15.311,31.272,232.4,541.3724,0.0008,594,366,436,399,0.001,579,462,400,766,569,618,860,770,596,456,741,1493,0.001,0.001,0.001
485,14.933,29.464,219.61,483.349,0.0008,594,489,550,460,0.001,668,637,595,615,815,596,860,749,632,539,683,622,0.001,0.001,0.001
486,9.923,15.772,124.45,152.9835,0.0003,594,635,497,1013,0.001,656,421,505,614,619,753,585,850,1035,733,589,0.001,149,0.001,86
487,12.715,19.097,145.04,289.0297,0.0003,593,0.001,782,745,0.001,692,0.001,787,836,880,794,804,779,827,803,764,0.001,316,0.001,0.001
488,14.676,23.207,174.25,387.0329,0.0004,588,428,527,1087,0.001,440,500,526,409,428,742,488,820,1671,489,845,0.001,0.001,0.001,0.001
489,9.422,18.463,144.53,168.9883,0.0002,587,689,537,687,0.001,623,960,445,601,848,1134,583,437,436,532,595,279,492,449,435
490,15.312,30.47,226.77,511.3798,0.0007,586,472,456,417,0.001,522,766,714,689,867,701,655,672,590,548,738,575,0.001,0.001,0.001
491,13.227,30.654,227.67,554.3152,0.001,585,483,516,423,0.001,618,744,752,732,740,789,606,675,613,680,701,290,92,0.001,0.001
492,14.389,27.841,208.1,439.308,0.0007,582,487,677,783,0.001,698,517,286,622,511,612,753,984,823,350,635,571,0.001,0.001,0.001
493,12.828,25.678,194.45,307.2999,0.0005,581,612,483,459,0.001,567,581,654,695,791,753,687,938,552,669,862,0.001,0.001,0.001,0.001
494,12.6,18.964,144.57,262.0362,0.0008,580,0.001,1552,0.001,0.001,0.001,1902,0.001,1716,0.001,0.001,0.001,0.001,0.001,0.001,1739,2373,628,0.001,0.001
495,14.028,30.118,223.96,527.3554,0.001,580,482,493,653,0.001,584,593,643,641,731,678,627,591,792,565,698,509,316,56,121
496,15.006,23.349,177.41,283.2637,0.0006,579,334,196,181,0.001,419,445,400,459,445,544,405,200,332,308,514,4089,0.001,289,0.001
497,15.31,35.972,266.1,661.4392,0.0012,578,595,387,1060,0.001,649,770,0.001,626,428,419,481,1221,1059,607,262,690,0.001,0.001,0.001
498,5.819,27.799,207.34,478.2321,0.0006,577,294,334,356,0.001,436,832,505,1589,440,681,596,912,751,758,744,0.001,0.001,0.001,0.001
499,11.817,25.198,189.98,341.2688,0.0005,576,523,449,484,0.001,505,625,520,696,575,897,471,782,392,646,759,885,0.001,0.001,0.001
500,5.423,26.544,198.52,434.2049,0.0007,573,310,378,386,0.001,378,876,503,1618,559,638,592,795,709,744,684,0.001,149,63,0.001
501,11.915,23.482,178.05,297.2429,0.0005,573,0.001,1744,428,0.001,366,472,0.001,0.001,0.001,372,0.001,1924,391,0.001,0.001,3467,0.001,128,0.001
502,13.225,25.481,191.86,353.2866,0.0006,568,495,516,393,0.001,567,651,661,660,765,748,595,770,542,700,823,203,0.001,0.001,0.001
503,10.323,32.786,242.64,645.3357,0.0027,567,392,568,656,0.001,0.001,663,0.001,1049,347,760,744,1106,977,850,0.001,957,0.001,0.001,117
504,6.169,29.035,216.02,523.2557,0.0005,566,318,363,375,0.001,328,844,436,1736,402,484,597,930,864,714,663,0.001,164,0.001,0.001
505,15.354,29.578,221.56,409.3109,0.0008,565,4418,161,599,0.001,237,281,0.001,193,502,184,217,910,735,337,138,121,0.001,0.001,0.001
506,12.462,30.169,224.33,529.3047,0.001,563,394,969,443,0.001,401,954,0.001,554,544,703,457,905,446,891,882,469,0.001,140,212
507,12.643,17.5,134.77,217.0343,0.0003,562,0.001,468,0.001,0.001,0.001,1493,1456,1542,0.001,0.001,0.001,1076,606,318,1266,769,0.001,0.001,0.001
508,9.859,23.736,179.23,311.2223,0.0002,562,0.001,0.001,0.001,0.001,0.001,0.001,0.001,0.001,0.001,0.001,0.001,0.001,0.001,0.001,3224,5765,0.001,0.001,0.001
509,13.848,17.51,134.69,219.0273,0.0005,559,0.001,0.001,0.001,0.001,0.001,1311,601,2155,0.001,0.001,0.001,0.001,0.001,0.001,961,3918,0.001,0.001,0.001
510,13.526,19.127,145.31,288.0329,0.0004,559,0.001,931,913,0.001,839,1220,855,1089,1078,0.001,1007,1013,0.001,0.001,0.001,0.001,0.001,449,0.001
511,13.239,19.059,144.74,289.0296,0.0004,559,0.001,748,627,0.001,708,714,679,655,863,417,819,505,726,789,693,0.001,0.001,0.001,101
512,13.074,31.377,232.88,571.2888,0.0008,556,1151,742,366,0.001,610,423,390,776,0.001,273,255,844,940,268,938,920,0.001,0.001,0.001
513,15.941,29.648,221.51,449.3611,0.0005,553,583,602,708,0.001,511,437,373,618,642,598,835,818,969,375,777,0.001,0.001,0.001,0.001
514,12.589,24.14,182.22,326.1869,0.0004,552,0.001,0.001,0.001,0.001,1491,0.001,0.001,0.001,0.001,2014,0.001,2122,1407,0.001,0.001,1802,0.001,1480,0.001
515,2.47,24.345,182.64,395.1706,0.0005,552,232,362,554,0.001,403,752,567,1339,533,597,665,782,689,770,584,0.001,292,0.001,173
516,13.227,27.534,205.78,441.3017,0.0006,551,501,444,404,0.001,521,607,619,587,771,732,589,729,454,753,768,335,0.001,0.001,0.001
517,12.719,18.958,144.68,261.0397,0.0005,551,903,1038,968,0.001,836,1121,420,1097,0.001,400,0.001,0.001,1038,0.001,0.001,989,0.001,0.001,0.001
518,12.367,24.541,185.25,326.1865,0.0009,550,0.001,88,0.001,0.001,0.001,132,0.001,137,0.001,0.001,0.001,149,8020,203,0.001,63,1542,0.001,0.001
519,13.758,29.849,221.96,526.2936,0.001,549,275,0.001,319,0.001,684,1426,357,0.001,388,1468,194,881,452,507,1556,282,0.001,0.001,0.001
520,14.081,17.479,134.53,219.0273,0.0002,549,0.001,0.001,0.001,0.001,1134,838,878,0.001,0.001,0.001,0.001,1126,0.001,762,941,3102,0.001,0.001,0.001
521,13.297,18.961,144.67,261.0396,0.0006,548,863,0.001,862,0.001,850,946,0.001,0.001,0.001,0.001,0.001,0.001,1029,0.001,981,3244,0.001,0.001,351
522,5.991,19.766,151.71,229.0533,0.001,547,0.001,0.001,0.001,0.001,70,0.001,0.001,3244,0.001,0.001,0.001,0.001,0.001,0.001,164,5271,0.001,0.001,0.001
523,15.406,27.233,204.31,383.4831,0.003,540,0.001,0.001,0.001,0.001,1711,0.001,0.001,0.001,2500,0.001,0.001,0.001,2461,0.001,0.001,1961,0.001,0.001,0.001
524,16.209,27.294,204.72,395.3891,0.0007,538,0.001,280,1458,0.001,428,151,243,855,370,2577,471,394,808,235,337,0.001,0.001,0.001,0.001
525,9.945,24.573,183.66,442.0594,0.0007,538,440,404,833,0.001,565,311,393,520,423,662,481,901,739,714,546,674,82,0.001,0.001
526,12.219,23.623,179.07,299.2582,0.0006,538,626,665,561,0.001,604,830,566,788,516,826,0.001,843,562,165,531,519,57,0.001,0.001
527,14.669,29.985,223.17,510.3829,0.0009,538,545,432,949,0.001,679,304,386,435,503,594,711,602,1215,317,661,268,85,0.001,0.001
528,13.528,28.13,210.12,452.2777,0.0007,537,376,1541,783,0.001,729,0.001,944,0.001,332,0.001,1739,107,1500,0.001,0.001,535,0.001,0.001,0.001
529,8.901,22.665,171.8,299.1615,0.0005,536,497,744,644,0.001,676,354,197,700,220,284,867,1288,843,559,592,118,94,146,111
530,13.455,26.783,200.52,409.2351,0.0004,536,0.001,0.001,545,0.001,0.001,1100,0.001,2050,0.001,0.001,0.001,0.001,568,0.001,1921,2395,0.001,0.001,0.001
531,15.008,36.569,269.99,740.5244,0.0027,536,0.001,56,0.001,0.001,797,3928,1039,0.001,0.001,1162,0.001,0.001,0.001,895,692,0.001,0.001,0.001,0.001
532,15.241,28.728,214.7,441.3753,0.0009,531,295,374,324,0.001,404,397,358,463,396,435,341,437,479,339,552,2903,0.001,0.001,0.001
533,7.233,24.134,182.28,329.2324,0.0004,531,661,1030,726,0.001,1499,380,439,893,246,391,518,674,777,261,0.001,0.001,0.001,0.001,0.001
534,13.468,23.978,181.2,321.21,0.0004,531,307,1046,605,0.001,522,445,242,377,356,376,410,659,571,561,639,1373,117,174,370
535,15.126,32.191,240.2,459.3261,0.0008,531,0.001,569,761,0.001,0.001,870,0.001,0.001,0.001,814,647,1229,1673,0.001,1522,403,0.001,0.001,0.001
536,13.428,23.631,177.8,363.1452,0.0007,528,288,588,539,0.001,439,614,732,551,484,818,732,723,675,642,615,0.001,213,160,0.001
537,12.693,27.223,203.65,427.2522,0.0007,525,468,347,699,0.001,592,776,403,545,452,690,368,549,533,451,674,858,0.001,87,0.001
538,0.371,23.047,173.31,366.1074,0.0006,525,610,1267,0.001,0.001,451,737,776,1157,652,419,370,362,403,297,592,303,0.001,0.001,0.001
539,12.859,28.729,214.15,483.3118,0.0008,525,588,412,311,0.001,472,419,589,688,788,753,482,832,344,633,718,364,0.001,0.001,0.001
540,13.552,32.192,238.34,629.3175,0.0028,523,0.001,823,906,0.001,0.001,0.001,0.001,723,0.001,0.001,1107,1205,1218,1080,1098,212,0.001,0.001,117
541,14.036,29.094,217.43,442.3395,0.0008,520,289,235,321,0.001,284,294,0.001,274,411,321,337,296,350,284,0.001,4624,0.001,0.001,0.001
542,13.127,26.491,199.1,371.3153,0.0006,519,409,424,381,0.001,475,558,580,585,681,642,518,583,609,624,712,520,0.001,0.001,0.001
543,13.327,17.51,134.72,219.0275,0.0006,519,0.001,0.001,0.001,0.001,0.001,985,0.001,1656,0.001,1174,0.001,1373,0.001,1421,433,1255,0.001,0.001,0.001
544,4.024,28.982,215.52,527.2881,0.001,519,398,439,714,0.001,359,807,347,1034,285,381,580,802,858,668,366,258,248,228,204
545,15.497,26.117,196.63,353.342,0.0006,517,314,220,1004,0.001,333,183,249,846,273,1830,414,391,785,412,576,445,310,100,243
546,14.944,27.781,208.04,413.3443,0.0006,516,260,339,303,0.001,440,433,267,410,533,393,500,268,446,302,443,2911,0.001,0.001,0.001
547,0.245,22.223,167.4,351.0109,0.0005,511,557,626,613,0.001,481,440,625,443,734,569,515,508,550,528,539,448,0.001,0.001,0.001
548,13.478,24.641,185.06,380.1774,0.0004,511,306,509,491,0.001,408,494,590,442,361,679,675,704,606,594,610,706,0.001,0.001,0.001
549,13.714,18.949,144.65,262.036,0.0004,510,816,1153,1109,0.001,1087,713,532,1108,734,0.001,0.001,914,0.001,0.001,0.001,0.001,0.001,0.001,0.001
550,5.82,30.08,223.39,566.2461,0.0006,505,487,505,574,0.001,596,707,0.001,1225,0.001,0.001,665,972,697,937,718,0.001,152,0.001,0.001
551,1.673,21.807,166.15,263.1028,0.001,504,140,0.001,0.001,0.001,0.001,170,0.001,0.001,0.001,0.001,0.001,0.001,0.001,0.001,0.001,7751,0.001,0.001,0.001
552,3.087,27.184,202.67,483.2238,0.0008,503,234,332,497,0.001,320,739,422,1483,390,522,537,680,785,662,451,0.001,284,173,142
553,13.551,31.501,233.53,600.3095,0.0011,503,397,590,547,0.001,565,521,676,562,427,516,678,598,636,607,565,158,0.001,0.001,0.001
554,0.613,13.078,100.13,248.9709,0.0003,501,0.001,2272,1755,0.001,1530,0.001,0.001,0.001,0.001,0.001,0.001,0.001,0.001,0.001,0.001,2466,0.001,0.001,0.001
555,15.767,33.336,248.3,499.3795,0.0008,501,523,514,721,0.001,400,709,355,827,744,795,181,324,1329,236,361,0.001,0.001,0.001,0.001
556,14.032,30.12,223.99,526.3585,0.001,501,461,471,561,0.001,502,450,537,477,657,574,579,496,695,459,630,461,291,0.001,0.001
557,14.694,28.364,211.78,455.3168,0.0006,500,364,486,585,0.001,714,461,226,516,521,560,617,843,626,455,620,402,0.001,0.001,0.001
558,13.348,17.514,134.85,217.0343,0.0001,498,0.001,0.001,0.001,0.001,1429,1358,1368,1354,0.001,0.001,0.001,0.001,0.001,0.001,0.001,2461,0.001,0.001,0.001
559,12.05,24.469,184.83,319.2266,0.0009,495,0.001,0.001,0.001,0.001,294,0.001,0.001,0.001,0.001,0.001,0.001,0.001,0.001,0.001,241,7378,0.001,0.001,0.001
560,15.311,31.27,232.39,540.375,0.0009,494,275,348,358,0.001,542,396,353,648,458,558,697,536,517,367,595,1263,0.001,0.001,0.001
561,15.682,32.48,241.24,553.4831,0.0008,493,266,411,719,0.001,340,516,400,410,404,633,423,795,999,348,495,735,0.001,0.001,0.001
562,14.434,17.524,134.9,218.0307,0.0004,492,0.001,0.001,0.001,0.001,966,0.001,0.001,2247,0.001,0.001,0.001,1267,0.001,0.001,921,2464,0.001,0.001,0.001
563,12.043,23.566,178.57,297.2429,0.0006,490,0.001,0.001,324,0.001,0.001,0.001,229,0.001,0.001,194,0.001,2343,0.001,276,0.001,4473,0.001,0.001,0.001
564,9.356,26.058,195.87,369.173,0.0008,490,0.001,159,190,0.001,988,0.001,489,1185,684,1010,0.001,664,374,1029,977,84,0.001,0.001,0.001
565,5.311,28.925,215.21,522.2582,0.0008,489,261,345,468,0.001,358,851,0.001,1807,436,513,544,832,0.001,778,624,0.001,168,138,110
566,15.97,39.019,287.84,753.5847,0.0009,485,0.001,0.001,2127,0.001,0.001,0.001,416,353,1446,659,0.001,396,1098,792,478,0.001,0.001,0.001,0.001
567,2.784,25.708,192.22,438.2003,0.0005,485,258,325,490,0.001,292,755,410,1385,420,464,458,601,659,762,475,0.001,189,0.001,124
568,16.306,24.277,183.36,329.2321,0.0004,484,556,293,639,0.001,402,539,616,704,631,553,0.001,891,900,363,659,0.001,0.001,0.001,0.001
569,4.047,13.113,100.27,248.9704,0.0013,484,0.001,0.001,0.001,0.001,804,0.001,0.001,742,0.001,0.001,1218,0.001,0.001,0.001,0.001,4975,0.001,0.001,0.001
570,14.183,22.692,170.7,367.0267,0.0005,484,320,498,1026,0.001,376,410,411,374,287,542,390,670,1258,363,811,0.001,0.001,0.001,0.001
571,16.287,32.165,239.48,508.4731,0.0008,483,332,322,83,0.001,627,1093,507,842,607,0.001,1164,1013,115,278,739,0.001,0.001,0.001,0.001
572,13.748,17.511,134.89,217.0342,0.0003,479,0.001,0.001,1296,0.001,860,1216,402,1151,0.001,0.001,0.001,0.001,0.001,0.001,572,2169,0.001,0.001,0.001
573,7.631,17.609,132.98,330.978,0.0003,479,548,593,554,0.001,560,536,440,471,453,479,604,589,571,492,511,260,409,418,364
574,14.758,19.564,150.47,223.0276,0.0004,474,475,484,855,0.001,0.001,332,550,567,0.001,900,456,779,921,721,0.001,544,0.001,0.001,0.001
575,12.787,32.296,239.26,619.2883,0.0013,473,537,303,409,0.001,487,743,433,1026,433,650,186,304,412,429,723,496,0.001,0.001,0.001
576,15.046,28.299,211.46,443.2464,0.0005,472,288,383,461,0.001,315,454,355,336,410,558,451,667,629,363,477,1401,0.001,0.001,0.001
577,16.032,35.093,259.65,659.5145,0.0013,472,257,0.001,114,0.001,436,1004,387,1076,532,347,1208,1081,147,369,588,0.001,0.001,0.001,0.001
578,15.335,34.797,257.61,644.5033,0.001,471,319,574,363,0.001,560,827,556,600,1003,758,412,384,0.001,736,438,0.001,622,0.001,0.001
579,12.116,25.396,190.89,370.2259,0.0007,470,389,336,451,0.001,449,839,407,557,361,696,347,588,419,557,561,563,134,0.001,0.001
580,13.369,19.132,145.4,288.0324,0.0004,468,0.001,970,1192,0.001,1210,0.001,0.001,0.001,0.001,0.001,986,1288,953,894,0.001,0.001,0.001,0.001,0.001
581,11.307,23.854,180.81,297.1522,0.0003,468,714,0.001,0.001,0.001,633,1696,863,0.001,802,0.001,0.001,973,0.001,1232,0.001,577,0.001,1023,0.001
582,15.207,29.962,223.21,492.3457,0.001,468,282,813,558,0.001,780,220,271,654,749,352,682,897,125,305,728,68,0.001,0.001,0.001
583,15.71,21.279,160.74,329.0459,0.0004,468,370,429,779,0.001,247,249,419,342,303,899,385,984,1035,377,665,0.001,0.001,0.001,0.001
584,14.359,25.622,192.99,352.2899,0.0005,468,424,437,507,0.001,563,561,379,523,546,578,570,579,782,401,630,0.001,0.001,0.001,0.001
585,12.979,21.977,167.92,253.2165,0.0005,464,3428,0.001,687,0.001,0.001,0.001,0.001,0.001,729,315,558,487,0.001,1226,0.001,0.001,0.001,0.001,128
586,5.512,17.424,136.53,169.0658,0.0002,464,0.001,0.001,5993,0.001,0.001,0.001,0.001,0.001,1432,0.001,0.001,0.001,0.001,0.001,0.001,0.001,0.001,0.001,0.001
587,14.708,32.211,237.92,713.1294,0.0011,463,226,333,723,0.001,0.001,299,349,298,271,477,0.001,592,1046,299,524,1972,0.001,0.001,0.001
588,14.294,18.951,144.49,263.0325,0.0004,462,456,0.001,398,0.001,0.001,0.001,0.001,843,0.001,0.001,931,930,792,851,0.001,2190,0.001,593,0.001
589,14.214,26.33,196.11,499.0831,0.001,462,293,403,986,0.001,386,374,365,345,264,478,391,564,1153,310,670,406,0.001,0.001,0.001
590,14.931,37.847,279.85,669.4585,0.0009,460,275,323,657,0.001,0.001,353,297,338,392,570,441,448,1242,0.001,517,1506,0.001,0.001,0.001
591,14.246,30.705,229.16,461.3263,0.0007,459,393,274,781,0.001,362,585,404,318,420,525,465,475,1045,313,457,524,0.001,0.001,0.001
592,14.494,31.474,231.09,1044.9332,0.0024,459,487,514,536,0.001,462,460,468,529,458,515,533,539,508,510,526,291,590,370,362
593,13.233,27.458,205.2,443.2969,0.0007,458,587,549,446,0.001,558,473,567,510,0.001,0.001,521,659,426,581,713,734,0.001,0.001,0.001
594,5.256,17.029,254.55,225.068,0.0004,458,0.001,0.001,0.001,0.001,513,0.001,1082,0.001,547,1546,0.001,0.001,0.001,1922,1712,0.001,0.001,0.001,0.001
595,14.39,28.405,212.09,455.3166,0.0007,456,349,425,583,0.001,557,410,310,480,416,399,646,735,684,353,492,457,0.001,0.001,0.001
596,13.678,18.934,144.37,263.0328,0.0006,455,0.001,915,1241,0.001,0.001,0.001,0.001,0.001,0.001,0.001,0.001,979,1198,0.001,0.001,2944,906,0.001,343
597,2.044,17.681,136.75,203.001,0.0005,453,598,0.001,199,0.001,680,118,523,107,204,0.001,1141,219,1816,0.001,290,1347,0.001,0.001,0.001
598,14.184,25.443,189.88,469.0367,0.0005,452,293,518,990,0.001,355,343,366,330,261,552,373,633,1213,331,679,0.001,0.001,0.001,0.001
599,14.409,19.599,150.5,223.0277,0.0002,451,0.001,0.001,0.001,0.001,0.001,508,0.001,0.001,0.001,0.001,0.001,0.001,5445,0.001,0.001,1270,0.001,0.001,0.001
600,0.454,14.771,117.78,135.0307,0.0004,451,328,931,996,0.001,978,677,0.001,406,270,700,0.001,549,341,308,730,0.001,0.001,0.001,0.001
601,16.392,35.609,263,699.4995,0.0019,449,0.001,0.001,0.001,0.001,0.001,0.001,0.001,0.001,0.001,6379,0.001,0.001,0.001,806,0.001,0.001,73,0.001,0.001
602,14.263,31.408,233.81,495.4052,0.0008,449,0.001,0.001,0.001,0.001,468,0.001,624,1140,576,58,1248,532,0.001,991,0.001,1540,0.001,0.001,0.001
603,13.606,18.953,144.73,262.036,0.0002,447,1102,1191,1116,0.001,842,0.001,0.001,1219,859,829,0.001,0.001,0.001,0.001,0.001,0.001,0.001,0.001,0.001
604,11.173,23.148,176.08,277.2165,0.0004,447,682,554,364,0.001,1012,382,704,547,0.001,205,0.001,0.001,657,195,1086,769,0.001,0.001,0.001
605,14.003,30.937,229.56,582.3472,0.0009,447,434,394,603,0.001,470,503,479,412,540,532,496,466,824,399,598,0.001,276,0.001,0.001
606,13.251,30.208,223.62,641.0893,0.0009,444,0.001,301,1469,0.001,337,0.001,231,0.001,0.001,328,340,725,1696,278,215,1190,0.001,0.001,0.001
607,15.133,36.668,270.71,740.5241,0.0013,444,58,0.001,340,0.001,437,2953,503,0.001,409,580,771,103,0.001,548,403,0.001,0.001,0.001,0.001
608,14.305,29.973,223.3,492.3095,0.0008,444,0.001,0.001,236,0.001,300,560,578,798,665,485,357,0.001,2025,293,805,0.001,0.001,0.001,0.001
609,13.746,18.958,144.6,262.0354,0.0004,444,0.001,0.001,1074,0.001,0.001,0.001,845,872,0.001,0.001,718,985,860,702,1041,0.001,0.001,0.001,0.001
610,14.032,29.673,220.83,511.346,0.0008,442,351,368,464,0.001,482,480,495,503,510,527,487,467,617,441,603,278,278,0.001,0.001
611,14.764,26.966,397.96,383.4825,0.0021,441,0.001,0.001,0.001,0.001,969,1229,1256,0.001,1414,0.001,0.001,2193,0.001,0.001,0.001,0.001,0.001,0.001,0.001
612,13.474,28.258,210.31,511.2378,0.0011,441,262,492,474,0.001,377,488,548,399,414,511,522,615,579,543,560,271,178,130,0.001
613,9.609,23.707,179.29,311.2222,0.0004,441,0.001,928,0.001,0.001,0.001,898,0.001,864,0.001,436,0.001,0.001,0.001,0.001,1794,2129,0.001,0.001,0.001
614,14.072,18.981,144.7,262.0362,0.0004,441,0.001,1273,0.001,0.001,0.001,0.001,0.001,1193,0.001,0.001,0.001,0.001,0.001,0.001,1212,3370,1192,0.001,0.001
615,0.258,13.575,106.16,170.833,0.0004,440,0.001,0.001,0.001,0.001,0.001,1017,0.001,960,850,940,916,502,0.001,802,615,436,0.001,0.001,0.001
616,13.457,18.039,139.33,208.9749,0.0005,440,278,526,1129,0.001,487,820,226,632,357,561,242,445,411,517,402,0.001,0.001,0.001,0.001
617,4.87,28.52,213.03,449.129,0.0018,438,53,358,0.001,0.001,198,0.001,1636,368,265,2291,0.001,0.001,0.001,774,923,135,0.001,0.001,0.001
618,13.675,19.128,145.33,287.036,0.0003,437,0.001,697,590,0.001,702,697,603,640,0.001,0.001,711,556,586,652,562,0.001,0.001,0.001,385
619,13.362,28.137,210.59,421.2501,0.0009,437,655,335,1102,0.001,803,930,203,900,0.001,289,195,718,239,270,114,239,0.001,0.001,0.001
620,12.975,26.716,197,794.9474,0.0014,437,500,509,514,0.001,501,309,286,331,273,372,458,481,449,468,545,996,259,0.001,220
621,10.049,28.957,215.49,512.2573,0.0008,437,283,399,395,0.001,315,375,316,712,249,473,463,722,553,583,478,673,0.001,110,85
622,12.44,32.17,239.14,540.1611,0.0007,436,538,499,423,0.001,458,272,464,532,483,553,424,801,529,435,562,0.001,0.001,0.001,0.001
623,14.64,25.915,194.6,381.2279,0.0006,435,429,387,493,0.001,383,609,454,373,463,485,393,577,741,421,603,156,167,0.001,0.001
624,13.825,27.499,205.61,435.2512,0.0007,435,436,328,334,0.001,353,325,411,506,407,697,419,582,558,0.001,462,1147,0.001,0.001,0.001
625,13.969,18.962,144.65,262.0358,0.0004,433,0.001,711,0.001,0.001,825,461,549,0.001,599,0.001,822,623,686,820,832,0.001,0.001,563,0.001
626,14.923,29.236,218.94,411.3841,0.0006,433,0.001,194,428,0.001,299,0.001,230,801,110,1404,723,377,550,194,0.001,1616,0.001,0.001,0.001
627,4.971,25.161,188.82,391.1759,0.0004,432,272,240,295,0.001,287,734,387,1095,464,570,446,609,412,550,558,0.001,112,70,0.001
628,13.454,26.964,201.18,467.2115,0.0009,430,231,461,461,0.001,387,444,516,388,353,566,545,576,528,593,526,307,0.001,141,0.001
629,12.825,26.42,198.52,369.4285,0.0026,429,0.001,0.001,0.001,0.001,0.001,0.001,0.001,0.001,0.001,2431,0.001,3043,1384,0.001,0.001,0.001,0.001,0.001,0.001
630,11.448,23.372,177.29,295.2271,0.0007,429,461,580,441,0.001,443,407,679,564,0.001,471,0.001,459,0.001,0.001,1256,1096,0.001,0.001,0.001
631,11.725,24.186,182.7,319.2266,0.001,428,0.001,0.001,0.001,0.001,447,0.001,0.001,0.001,0.001,0.001,0.001,0.001,0.001,0.001,312,6090,0.001,0.001,0.001
632,1.441,13.098,100.19,248.9708,0.0009,427,0.001,0.001,0.001,0.001,0.001,0.001,0.001,0.001,5706,0.001,1133,0.001,0.001,0.001,0.001,0.001,0.001,0.001,0.001
633,12.993,27.981,209.23,435.2102,0.0007,427,626,584,523,0.001,510,458,418,452,413,434,463,497,490,452,504,0.001,303,254,238
634,12.516,34.965,258.35,696.1657,0.0019,426,81,0.001,60,0.001,471,493,490,519,534,470,452,443,486,509,500,1306,0.001,0.001,0.001
635,12.462,35.189,260.09,690.196,0.0016,425,534,487,416,0.001,421,0.001,532,480,377,490,396,781,581,393,667,247,0.001,0.001,0.001
636,13.619,28.986,216.27,464.2779,0.0009,425,253,481,343,0.001,0.001,0.001,401,504,245,427,166,655,2105,199,678,336,0.001,0.001,0.001
637,13.215,27.355,203.36,543.0556,0.0006,424,389,296,1497,0.001,352,167,0.001,291,371,357,290,737,1485,313,245,0.001,0.001,0.001,0.001
638,14.125,30.816,229.76,477.3215,0.0006,423,309,326,614,0.001,474,494,286,393,375,480,359,494,1051,265,509,336,0.001,0.001,0.001
639,13.716,37.58,276.7,755.3535,0.0058,422,0.001,0.001,0.001,0.001,0.001,0.001,0.001,0.001,0.001,381,0.001,0.001,0.001,0.001,0.001,6376,0.001,0.001,0.001
640,12.457,25.889,195.28,337.1833,0.0005,421,323,392,355,0.001,379,852,410,537,468,436,496,561,385,476,354,315,0.001,0.001,0.001
641,13.228,28.34,211.43,468.3348,0.0005,420,410,399,273,0.001,346,440,485,452,551,620,419,582,386,529,566,266,0.001,0.001,0.001
642,13.599,18.974,144.8,261.0395,0.0003,419,785,0.001,886,0.001,802,0.001,0.001,822,0.001,0.001,0.001,0.001,856,0.001,0.001,2553,0.001,0.001,0.001
643,16.197,35.782,264.47,699.497,0.0013,419,432,334,384,0.001,336,0.001,719,570,872,607,564,355,620,490,414,0.001,894,0.001,0.001
644,11.811,24.896,188.04,325.1828,0.0005,418,275,0.001,0.001,0.001,258,469,555,537,599,793,691,618,628,619,640,0.001,364,687,0.001
645,12.993,17.515,134.77,217.0342,0.0001,417,0.001,0.001,0.001,0.001,0.001,1540,1502,1397,0.001,0.001,0.001,0.001,0.001,0.001,0.001,2235,0.001,0.001,0.001
646,10.316,19.657,147.2,418.9714,0.0008,417,428,516,533,0.001,449,470,360,683,454,568,0.001,663,600,386,258,304,254,246,288
647,9.22,23.683,179.22,311.2218,0.0003,417,517,570,0.001,0.001,473,0.001,530,934,0.001,0.001,0.001,926,589,429,1223,478,0.001,0.001,0.001
648,13.832,28.83,214.92,478.293,0.0011,416,202,250,0.001,0.001,316,1557,293,607,304,777,298,572,247,363,638,224,0.001,0.001,0.001
649,9.946,27.558,205.6,468.2312,0.0006,415,244,413,367,0.001,279,371,361,586,272,548,473,660,550,520,411,581,164,0.001,0.001
650,13.234,30.668,227.74,555.3126,0.001,415,385,0.001,313,0.001,395,598,513,506,652,630,518,604,0.001,544,652,323,0.001,0.001,0.001
651,12.695,26.388,197.87,398.2567,0.0005,413,426,381,573,0.001,442,568,403,506,0.001,586,299,499,474,409,560,484,0.001,0.001,0.001
652,14.003,31.73,235.45,581.3502,0.0007,413,366,341,515,0.001,441,380,484,403,563,416,523,419,778,391,586,0.001,210,0.001,0.001
653,16.227,29.634,221.18,465.4143,0.001,412,317,312,514,0.001,469,304,297,377,573,472,560,499,1135,262,500,0.001,0.001,0.001,0.001
654,16.464,32.873,244.36,534.4896,0.0007,412,369,0.001,0.001,0.001,593,1503,361,561,606,330,584,733,0.001,156,789,0.001,0.001,0.001,0.001
655,13.412,18.938,144.51,263.0321,0.0005,411,354,739,817,0.001,850,0.001,0.001,0.001,603,592,0.001,802,907,521,393,0.001,0.001,318,0.001
656,6.012,26.547,199.34,383.1518,0.0005,410,1539,226,271,0.001,795,0.001,767,363,228,83,0.001,0.001,0.001,1438,282,564,0.001,0.001,0.001
657,13.244,27.287,204.15,425.2578,0.0007,410,312,840,316,0.001,335,444,286,411,356,516,295,771,296,479,534,365,203,270,585
658,14.462,18.966,144.64,262.0358,0.0006,409,543,0.001,0.001,0.001,518,0.001,0.001,0.001,0.001,0.001,1316,0.001,0.001,514,696,2952,0.001,0.001,577
659,15.147,30.268,225.29,509.3297,0.001,408,209,560,389,0.001,213,431,257,576,453,550,280,226,205,196,245,1745,0.001,0.001,0.001
660,8.019,19.057,145.79,247.042,0.0005,407,271,314,552,0.001,383,389,255,491,248,470,256,473,384,389,380,1259,226,0.001,0.001
661,13.299,19.126,145.33,287.0363,0.0006,407,505,0.001,767,0.001,741,859,0.001,0.001,534,804,756,0.001,0.001,635,912,0.001,0.001,396,0.001
662,13.068,18.925,144.42,263.0328,0.0005,406,484,1093,0.001,0.001,1118,0.001,0.001,1085,0.001,0.001,0.001,1216,0.001,474,1026,0.001,555,0.001,0.001
663,13.298,27.947,209.42,405.2977,0.0006,406,382,430,254,0.001,488,252,482,330,627,401,495,562,506,443,567,274,0.001,0.001,0.001
664,9.178,18.438,138.67,368.9747,0.0005,406,545,381,444,0.001,348,616,350,380,556,891,538,304,294,356,382,104,319,272,247
665,4.183,13.138,100.29,248.9712,0.0014,404,0.001,0.001,0.001,0.001,0.001,0.001,0.001,0.001,0.001,0.001,601,0.001,0.001,0.001,0.001,5865,0.001,0.001,0.001
666,15.514,28.955,215.92,475.3341,0.0007,403,283,361,637,0.001,300,369,335,367,258,442,379,703,824,352,474,367,0.001,0.001,0.001
667,12.425,40.536,298.27,906.3707,0.0014,401,408,432,460,0.001,477,392,549,581,522,526,526,487,570,0.001,492,0.001,0.001,0.001,0.001
668,6.167,30.299,224.98,567.2624,0.0007,401,285,323,319,0.001,312,561,297,950,286,310,437,796,561,591,389,0.001,0.001,0.001,0.001
669,13.343,17.483,134.74,217.0344,0.0003,400,0.001,0.001,1022,0.001,1146,1250,0.001,1219,0.001,0.001,0.001,0.001,0.001,831,934,0.001,424,455,0.001
670,5.31,30.187,224.12,567.2626,0.0008,400,255,322,428,0.001,336,584,288,926,307,299,428,685,594,494,455,0.001,184,119,114
671,15.663,37.138,274.14,748.5301,0.0014,399,70,256,1057,0.001,282,1928,382,173,0.001,428,680,489,205,267,172,0.001,388,0.001,0.001
672,2.158,23.178,175.71,299.1663,0.0006,398,241,381,939,0.001,350,677,0.001,849,108,224,0.001,606,296,0.001,753,951,0.001,0.001,0.001
673,13.956,22.495,171.45,267.1145,0.0005,397,391,266,507,0.001,464,520,304,623,365,388,322,813,467,562,355,0.001,0.001,0.001,0.001
674,9.631,23.674,179.24,311.222,0.0004,396,562,521,588,0.001,714,603,483,753,533,349,0.001,580,651,0.001,0.001,0.001,0.001,0.001,0.001
675,14.045,17.504,134.79,217.0341,0.0003,395,0.001,0.001,0.001,0.001,985,1115,0.001,1040,0.001,0.001,1007,0.001,552,0.001,0.001,1623,772,0.001,0.001
676,11.114,19.986,154.75,199.1696,0.0006,395,294,189,280,0.001,328,293,206,0.001,236,265,165,712,196,171,409,2570,96,0.001,0.001
677,0.414,19.916,152.47,243.1035,0.0007,393,0.001,592,233,0.001,105,254,0.001,309,0.001,1145,0.001,702,158,442,1015,1339,0.001,0.001,0.001
678,9.456,23.727,179.57,311.2219,0.0005,393,642,0.001,0.001,0.001,728,480,573,815,397,369,363,0.001,520,0.001,1405,0.001,0.001,0.001,0.001
679,15.761,32.642,242.44,553.4832,0.0014,393,266,406,712,0.001,297,370,313,408,355,406,311,618,934,331,468,95,0.001,0.001,0.001
680,8.207,28.976,215.68,510.2528,0.0008,393,0.001,330,249,0.001,0.001,0.001,308,1623,222,0.001,253,676,457,1432,730,0.001,0.001,0.001,0.001
681,5.649,30.197,224.17,567.2816,0.0009,392,0.001,229,337,0.001,215,581,292,1214,248,356,455,674,681,559,423,0.001,107,82,80
682,1.079,16.766,130.58,181.9907,0.0008,391,91,0.001,166,0.001,0.001,0.001,0.001,0.001,0.001,148,0.001,4603,0.001,0.001,1149,102,0.001,0.001,0.001
683,14.872,28.804,214.98,466.33,0.0008,390,284,618,194,0.001,493,371,282,757,286,410,436,981,219,419,496,0.001,0.001,0.001,0.001
684,4.883,23.548,178.16,313.1183,0.0004,390,323,304,395,0.001,349,501,245,749,258,860,233,519,312,664,304,218,0.001,0.001,0.001
685,14.032,27.283,204.92,377.303,0.0005,389,361,417,411,0.001,429,422,497,452,438,401,457,432,341,363,453,345,312,0.001,298
686,6.733,21.624,162.5,370.8736,0.0014,387,0.001,0.001,0.001,0.001,0.001,5902,0.001,0.001,0.001,0.001,0.001,297,0.001,0.001,0.001,0.001,0.001,0.001,0.001
687,14.775,23.544,177.29,357.0126,0.0006,387,0.001,574,1147,0.001,436,1239,180,563,0.001,664,0.001,0.001,399,376,613,0.001,0.001,0.001,0.001
688,13.466,32.844,243.65,578.3467,0.001,387,255,0.001,353,0.001,301,336,401,497,406,798,473,746,487,380,582,171,0.001,0.001,0.001
689,14.593,34.923,258.29,671.4667,0.0009,387,340,339,0.001,0.001,331,672,759,504,814,536,472,0.001,420,540,458,0.001,742,0.001,0.001
690,13.417,32.057,237.58,613.2378,0.0027,386,231,344,307,0.001,309,529,494,467,380,740,434,500,376,552,509,0.001,174,0.001,0.001
691,13.514,27.448,205.29,435.2511,0.0008,384,314,343,432,0.001,337,946,316,1369,270,310,289,0.001,385,238,591,0.001,0.001,0.001,0.001
692,15.365,33.935,251.53,582.3806,0.0041,383,0.001,77,0.001,0.001,0.001,0.001,0.001,0.001,0.001,0.001,0.001,0.001,0.001,0.001,0.001,6043,0.001,0.001,0.001
693,14.606,28.697,215.18,397.3674,0.0007,382,127,157,316,0.001,303,0.001,155,687,199,1227,671,323,477,191,229,1057,0.001,0.001,0.001
694,13.331,28.182,207.83,780.9494,0.0013,379,0.001,480,460,0.001,414,389,310,348,395,344,522,478,490,469,484,485,0.001,0.001,233
695,13.233,27.477,205.36,442.3006,0.0008,378,485,457,382,0.001,455,415,428,398,0.001,0.001,505,556,366,546,554,493,0.001,0.001,0.001
696,15.1,27.224,204.24,394.337,0.0006,377,319,359,322,0.001,471,430,370,470,545,416,458,507,490,351,525,0.001,0.001,0.001,0.001
697,15.357,35.85,265.01,698.5131,0.0016,376,172,0.001,222,0.001,473,2169,0.001,0.001,933,988,242,0.001,0.001,463,356,0.001,0.001,0.001,0.001
698,14.324,27.566,206.02,443.2827,0.0012,376,554,518,0.001,0.001,721,582,394,700,344,649,0.001,0.001,0.001,442,1114,0.001,511,132,150
699,3.09,25.009,187.57,395.2084,0.0005,376,257,310,500,0.001,271,498,276,778,287,281,346,449,508,503,309,444,190,102,0.001
700,14.267,18.401,141.34,230.9774,0.0003,376,449,559,218,0.001,436,562,549,0.001,389,738,539,841,314,414,0.001,0.001,0.001,0.001,0.001
701,11.514,18.996,146.04,227.0016,0.0004,375,438,539,483,0.001,418,475,0.001,507,435,0.001,427,608,645,550,482,0.001,0.001,0.001,0.001
702,15.224,36.966,272.85,746.5004,0.0016,375,0.001,331,99,0.001,192,921,305,1014,0.001,533,376,885,193,450,699,0.001,0.001,0.001,0.001
703,14.935,29.467,219.66,482.3516,0.0009,373,307,388,308,0.001,443,408,349,358,609,427,568,517,412,0.001,457,411,0.001,0.001,0.001
704,13.372,18.893,143.99,263.033,0.0006,372,0.001,924,0.001,0.001,0.001,0.001,0.001,0.001,532,0.001,0.001,0.001,1152,0.001,0.001,3349,0.001,0.001,0.001
705,13.468,26.747,199.83,451.1976,0.0005,372,328,430,460,0.001,381,0.001,491,399,381,524,501,562,466,516,517,0.001,181,0.001,0.001
706,12.544,34.397,254.43,654.1539,0.0013,372,0.001,362,411,0.001,0.001,483,556,552,576,565,0.001,524,511,469,457,485,0.001,0.001,0.001
707,13.601,29.845,222.02,526.2925,0.0022,371,0.001,0.001,211,0.001,373,1990,0.001,1165,0.001,970,0.001,0.001,0.001,416,811,0.001,0.001,0.001,0.001
708,14.001,24.44,185.04,309.3151,0.0005,370,335,315,456,0.001,365,457,506,346,472,471,379,399,630,248,533,0.001,0.001,0.001,0.001
709,7.902,21.117,160.37,287.0367,0.0005,369,245,307,293,0.001,297,381,325,429,465,619,414,501,429,324,591,290,332,318,348
710,12.476,44.083,322.75,1247.3433,0.0033,367,593,0.001,0.001,0.001,0.001,0.001,477,569,416,662,426,1182,601,0.001,733,211,0.001,0.001,0.001
711,12.32,26.722,200.78,377.2657,0.0005,366,375,337,356,0.001,395,384,413,433,404,480,392,637,331,430,496,0.001,0.001,0.001,0.001
712,13.57,26.818,202.96,303.2319,0.0014,365,0.001,0.001,0.001,0.001,544,0.001,0.001,0.001,0.001,0.001,0.001,0.001,0.001,0.001,0.001,5289,0.001,0.001,0.001
713,0.433,13.068,99.96,248.9708,0.0001,362,0.001,0.001,0.001,0.001,0.001,1363,1180,999,1170,1078,0.001,0.001,0.001,0.001,0.001,0.001,0.001,0.001,0.001
714,13.978,30.022,223.26,528.3103,0.0017,362,0.001,0.001,594,0.001,813,977,846,248,683,432,0.001,97,788,0.001,311,0.001,0.001,0.001,0.001
715,15.119,23.175,176.15,281.248,0.0004,362,340,691,383,0.001,284,479,536,325,309,287,275,434,481,0.001,624,338,428,231,0.001
716,13.649,24.566,185.57,325.2545,0.0005,361,326,344,527,0.001,360,441,337,365,294,436,274,482,534,310,483,269,0.001,0.001,0.001
717,14.84,28.005,209.62,419.3524,0.0005,361,389,305,285,0.001,286,629,466,440,396,468,185,330,625,233,581,164,0.001,0.001,0.001
718,15.061,27.091,596.36,383.4828,0.0014,361,0.001,0.001,1560,0.001,0.001,0.001,0.001,2230,0.001,0.001,1985,0.001,0.001,0.001,0.001,0.001,0.001,0.001,0.001
719,13.356,31.332,233.46,489.2771,0.0009,360,389,209,517,0.001,615,682,196,758,239,389,217,616,352,326,0.001,258,0.001,0.001,0.001
720,15.392,25.353,190.15,395.2431,0.0006,359,378,352,699,0.001,235,367,374,257,206,511,291,426,426,406,640,180,0.001,0.001,0.001
721,15.61,21.286,160.72,329.0459,0.0004,359,389,460,0.001,0.001,276,294,413,342,338,0.001,380,237,1002,332,797,486,0.001,0.001,0.001
722,13.624,27.374,203.44,543.0555,0.0012,359,338,458,879,0.001,332,210,332,298,237,430,353,538,93,353,523,370,0.001,0.001,0.001
723,15.402,30.456,226.61,510.3824,0.0006,358,522,613,0.001,0.001,0.001,454,428,444,619,496,0.001,415,0.001,0.001,481,1251,0.001,0.001,0.001
724,14.219,20.82,157.64,309.0385,0.0012,357,302,420,781,0.001,343,358,0.001,0.001,288,488,0.001,540,1042,343,689,122,0.001,0.001,0.001
725,7.943,28.119,210.33,427.2149,0.0007,357,0.001,0.001,0.001,0.001,209,0.001,303,400,165,0.001,0.001,0.001,119,133,4378,0.001,0.001,0.001,0.001
726,14.53,30.682,229.22,441.394,0.0007,355,0.001,0.001,303,0.001,246,0.001,0.001,551,0.001,795,707,383,277,267,0.001,2149,0.001,0.001,0.001
727,13.488,29.146,217.19,490.2935,0.0008,353,0.001,285,236,0.001,199,149,358,239,138,629,635,1421,330,538,489,0.001,0.001,0.001,0.001
728,5.821,30.069,223.36,567.2431,0.0006,352,466,489,574,0.001,579,0.001,0.001,1061,0.001,0.001,0.001,947,802,720,0.001,0.001,171,0.001,0.001
729,12.68,18.939,144.44,263.0326,0.0003,351,0.001,0.001,786,0.001,0.001,0.001,0.001,1222,0.001,0.001,0.001,1127,1196,0.001,1287,0.001,509,0.001,0.001
730,6.168,29.032,215.99,522.2582,0.0008,350,191,221,0.001,0.001,227,543,276,1075,276,381,382,602,514,489,419,0.001,0.001,0.001,0.001
731,15.677,34.189,253.79,571.4363,0.0009,350,404,158,499,0.001,300,381,460,561,637,317,369,267,478,187,574,0.001,0.001,0.001,0.001
732,13.612,33.706,250.2,561.4126,0.0013,349,0.001,212,672,0.001,0.001,0.001,0.001,0.001,0.001,1837,0.001,1406,0.001,1028,258,176,0.001,0.001,0.001
733,5.818,28.95,215.41,523.2361,0.0009,349,227,274,336,0.001,349,453,301,842,0.001,329,353,590,475,523,536,0.001,0.001,0.001,0.001
734,15.612,28.133,208.98,557.1077,0.0008,349,249,397,621,0.001,0.001,204,339,299,0.001,623,295,747,858,308,638,0.001,0.001,0.001,0.001
735,14.657,29.887,222.32,521.3029,0.0012,348,325,272,470,0.001,353,323,238,349,289,396,348,595,533,390,399,283,0.001,0.001,0.001
736,13.041,20.509,155.29,306.0435,0.0004,345,0.001,0.001,378,0.001,422,451,494,0.001,477,452,416,450,484,361,0.001,1142,0.001,136,0.001
737,14.694,26.16,196.69,367.3021,0.0006,345,262,328,294,0.001,461,358,264,352,422,436,452,523,471,364,438,91,0.001,0.001,0.001
738,12.293,23.531,177.17,357.0127,0.0005,345,353,308,562,0.001,301,433,263,394,404,580,303,485,377,453,298,0.001,118,0.001,0.001
739,13.12,28.675,214.67,415.3205,0.0008,344,188,0.001,328,0.001,414,380,331,842,255,993,0.001,601,393,464,0.001,307,0.001,0.001,0.001
740,15.048,29.659,221.44,459.3265,0.0007,343,199,280,510,0.001,174,438,264,193,153,422,304,567,924,307,748,0.001,0.001,0.001,0.001
741,15.07,29.097,217.89,413.3054,0.0006,342,228,193,156,0.001,329,1119,368,569,535,485,255,0.001,159,329,637,113,0.001,0.001,0.001
742,15.038,36.992,273.07,746.5142,0.0013,342,0.001,0.001,162,0.001,246,2990,652,0.001,416,736,0.001,0.001,0.001,0.001,264,0.001,0.001,0.001,0.001
743,14.851,28.435,212.94,411.3833,0.0007,340,0.001,170,351,0.001,248,0.001,208,578,166,1049,572,309,450,123,182,1032,0.001,0.001,0.001
744,9.598,20.648,154.53,430.9711,0.0006,339,921,855,882,0.001,664,172,205,175,151,0.001,260,333,273,272,259,0.001,0.001,0.001,171
745,5.311,30.186,224.14,566.2653,0.0006,339,236,270,330,0.001,309,448,241,799,233,289,413,563,497,506,287,0.001,148,0.001,0.001
746,13.72,19.12,145.25,289.0291,0.0004,339,0.001,639,625,0.001,667,0.001,557,0.001,617,0.001,506,605,0.001,631,570,0.001,0.001,0.001,0.001
747,10.306,21.953,167.18,267.1131,0.0003,338,0.001,355,0.001,0.001,0.001,812,0.001,1295,0.001,793,0.001,810,0.001,670,0.001,667,0.001,0.001,0.001
748,13.735,17.434,134.32,219.0278,0.0003,338,906,922,0.001,0.001,0.001,1214,876,0.001,0.001,778,0.001,0.001,704,0.001,0.001,0.001,0.001,0.001,0.001
749,6.166,30.297,224.98,566.2652,0.0005,337,199,291,325,0.001,271,456,246,833,234,255,401,600,490,432,364,0.001,0.001,0.001,0.001
750,15.115,33.719,250.15,557.4574,0.0012,337,0.001,0.001,0.001,0.001,0.001,0.001,167,1564,531,1645,0.001,0.001,0.001,561,867,61,0.001,0.001,0.001
751,11.914,23.601,178.83,297.2427,0.0003,337,0.001,0.001,0.001,0.001,1534,0.001,0.001,1616,0.001,0.001,0.001,0.001,0.001,0.001,1547,692,0.001,0.001,0.001
752,16.417,37.86,279.25,774.5447,0.0016,337,0.001,0.001,174,0.001,398,2315,568,264,0.001,697,158,0.001,0.001,514,298,0.001,0.001,0.001,0.001
753,15.09,32.193,239.97,479.3255,0.0016,337,281,266,432,0.001,0.001,401,317,438,875,442,0.001,0.001,721,270,484,457,0.001,0.001,0.001
754,10.813,23.885,180.69,315.253,0.0005,336,380,361,334,0.001,473,471,221,532,0.001,524,240,523,378,394,551,0.001,229,241,241
755,13.494,29.696,220.56,555.2645,0.001,336,243,409,412,0.001,334,335,428,272,279,440,417,472,435,352,390,161,0.001,0.001,0.001
756,16.321,33.464,248.05,602.4565,0.0008,336,0.001,300,0.001,0.001,351,510,279,660,424,361,791,1005,0.001,371,320,0.001,0.001,0.001,0.001
757,14.195,19.007,144.66,262.0361,0.0008,335,0.001,0.001,0.001,0.001,0.001,0.001,0.001,0.001,0.001,0.001,0.001,0.001,0.001,0.001,1117,4242,0.001,0.001,0.001
758,14.002,30.948,229.6,583.3449,0.0008,335,325,290,0.001,0.001,411,368,402,361,430,422,399,386,679,314,572,0.001,204,0.001,0.001
759,9.946,25.887,192.94,487.0643,0.0006,334,296,262,584,0.001,251,188,214,325,240,440,311,505,434,424,320,554,0.001,0.001,0.001
760,15.898,38.937,286.85,833.5205,0.0011,333,216,202,0.001,0.001,239,1189,450,656,380,286,238,0.001,109,383,979,0.001,0.001,0.001,0.001
761,16.306,35.926,266.23,609.4524,0.0009,333,458,0.001,664,0.001,0.001,493,526,527,585,350,201,0.001,1202,0.001,315,0.001,0.001,0.001,0.001
762,12.976,26.856,198.32,730.9526,0.0014,332,435,411,400,0.001,346,291,233,0.001,262,228,420,422,362,430,403,665,239,219,189
763,12.053,24.668,186.53,313.1668,0.0011,331,0.001,0.001,0.001,0.001,0.001,2413,0.001,0.001,0.001,0.001,0.001,1612,1131,0.001,132,0.001,0.001,0.001,137
764,13.526,35.99,265.79,714.5088,0.0012,330,0.001,0.001,0.001,0.001,351,1653,623,0.001,0.001,899,286,0.001,0.001,892,574,0.001,0.001,0.001,0.001
765,12.86,28.771,214.47,482.3142,0.0008,329,382,243,194,0.001,301,308,355,396,468,438,300,539,260,353,493,238,0.001,0.001,0.001
766,16.128,35.62,264.26,583.437,0.0008,328,449,0.001,406,0.001,246,414,356,692,543,258,444,270,842,0.001,321,0.001,0.001,0.001,0.001
767,11.116,23.366,177.22,293.2112,0.0003,327,336,0.001,0.001,0.001,470,369,256,353,159,192,169,206,333,208,744,1437,0.001,0.001,0.001
768,14.881,27.322,205.05,385.3317,0.0007,327,215,375,294,0.001,0.001,469,310,388,489,416,367,459,490,0.001,453,503,0.001,0.001,0.001
769,12.693,32.985,245,551.4499,0.0008,327,232,151,494,0.001,279,499,179,343,137,448,150,321,239,205,402,1148,0.001,0.001,0.001
770,8.386,16.24,124.57,236.9942,0.0003,327,339,305,305,0.001,387,430,363,423,410,446,368,418,338,357,338,0.001,315,333,309
771,12.754,17.116,131.75,220.0251,0.0006,327,0.001,0.001,962,0.001,713,817,0.001,737,310,0.001,0.001,0.001,712,0.001,0.001,975,0.001,0.001,0.001
772,4.33,30.305,224.92,571.3135,0.0012,326,177,268,452,0.001,244,495,208,700,228,222,349,447,536,427,296,164,161,0.001,0.001
773,2.469,24.326,182.44,394.1736,0.0007,326,0.001,0.001,293,0.001,0.001,529,369,989,375,446,368,512,471,503,357,0.001,0.001,0.001,0.001
774,11.687,26.546,196.94,589.0126,0.0009,325,297,355,350,0.001,360,354,330,372,491,439,279,280,421,388,488,0.001,284,272,397
775,3.398,28.638,213.02,527.2495,0.0011,325,150,237,338,0.001,189,511,239,823,266,329,343,444,558,433,342,0.001,151,121,0.001
776,15.007,29.806,222.1,489.3134,0.0008,325,251,349,502,0.001,339,0.001,271,308,287,455,313,460,689,300,350,326,0.001,0.001,0.001
777,13.476,27.664,206.05,497.2236,0.0011,325,235,394,332,0.001,330,342,421,318,334,391,495,431,379,0.001,403,390,133,110,0.001
778,16.458,37.027,273.67,698.5587,0.0017,324,235,258,65,0.001,366,308,237,410,471,373,711,865,116,438,332,0.001,0.001,0.001,0.001
779,14.191,17.108,131.65,221.0212,0.0004,324,673,682,0.001,0.001,0.001,0.001,500,222,0.001,0.001,547,0.001,583,534,0.001,1439,430,0.001,0.001
780,11.128,24.141,182.55,317.209,0.0004,323,487,486,311,0.001,696,343,454,406,200,0.001,0.001,280,594,188,632,98,0.001,0.001,0.001
781,11.104,21.788,165.22,297.046,0.0004,323,466,260,536,0.001,265,0.001,300,330,347,373,362,513,571,466,236,149,223,0.001,0.001
782,9.483,21.367,159.65,448.9315,0.0009,323,225,244,482,0.001,1141,0.001,181,370,320,185,642,352,0.001,609,98,319,686,57,150
783,13.32,17.477,134.59,219.0273,0.0004,323,0.001,928,0.001,0.001,0.001,1112,825,0.001,0.001,777,0.001,560,0.001,0.001,959,0.001,0.001,0.001,0.001
784,11.184,26.194,196.71,377.2284,0.0007,320,0.001,0.001,182,0.001,569,229,299,295,0.001,143,0.001,228,336,0.001,0.001,2835,0.001,0.001,0.001
785,0.377,23.806,179.04,364.1412,0.0009,316,472,147,0.001,0.001,285,288,244,687,262,647,123,460,368,332,430,315,0.001,0.001,0.001
786,15.383,28.949,216.31,441.3758,0.0008,316,219,245,0.001,0.001,261,324,271,352,580,323,538,541,516,242,387,259,0.001,0.001,0.001
787,0.259,13.578,106.16,172.8302,0.0005,316,0.001,768,0.001,0.001,469,783,682,0.001,0.001,776,766,521,0.001,0.001,0.001,291,0.001,0.001,0.001
788,14.347,30.279,225.44,508.3399,0.0006,316,370,350,248,0.001,413,279,163,453,331,298,224,615,534,176,594,0.001,0.001,0.001,0.001
789,8.245,23.898,177.01,638.9515,0.0009,315,575,561,512,0.001,471,282,267,290,0.001,275,335,350,410,345,368,0.001,252,266,249
790,6.772,30.228,224.64,541.3035,0.0008,315,252,285,372,0.001,243,474,280,591,266,0.001,377,541,501,390,286,183,92,0.001,0.001
791,15.294,28.276,211.56,425.3989,0.0008,315,280,241,438,0.001,337,403,339,381,0.001,410,338,296,753,177,435,206,0.001,0.001,0.001
792,16.16,33.732,250.02,614.4561,0.0008,314,369,524,176,0.001,449,520,0.001,0.001,463,485,83,864,215,308,573,0.001,0.001,0.001,0.001
793,14.694,28.36,211.76,454.3196,0.0005,314,216,312,376,0.001,425,293,192,302,302,340,381,487,454,268,372,304,0.001,0.001,0.001
794,12.982,17.116,131.76,221.0214,0.0004,314,0.001,781,680,0.001,742,723,0.001,672,0.001,0.001,0.001,0.001,742,0.001,0.001,681,272,0.001,0.001
795,14.002,25.648,193.51,337.3106,0.0005,314,283,287,388,0.001,331,357,394,340,440,376,328,398,458,232,404,0.001,0.001,0.001,0.001
796,12.918,17.111,131.73,221.0213,0.0007,311,340,768,0.001,0.001,767,704,0.001,0.001,0.001,0.001,0.001,794,782,0.001,0.001,815,0.001,0.001,0.001
797,13.3,29.825,223.26,417.2097,0.0006,310,260,382,244,0.001,298,381,218,428,269,340,315,454,432,256,272,416,0.001,77,0.001
798,10.357,21.977,167.23,267.1131,0.0003,310,0.001,0.001,0.001,0.001,0.001,0.001,0.001,846,0.001,1065,0.001,0.001,0.001,1077,0.001,1973,0.001,0.001,0.001
799,9.831,26.094,195.23,424.2045,0.0006,309,218,272,277,0.001,0.001,290,290,527,203,377,339,506,366,408,291,576,0.001,0.001,0.001
800,13.229,30.676,227.85,553.3181,0.001,309,287,239,196,0.001,317,428,361,355,396,425,279,387,299,372,395,203,0.001,0.001,0.001
801,12.779,28.041,210.03,411.2896,0.001,309,205,177,306,0.001,248,170,205,0.001,197,1291,225,522,227,153,661,352,0.001,0.001,0.001
802,13.292,29.701,221.1,504.3088,0.0009,308,229,0.001,257,0.001,248,344,247,327,349,733,336,529,305,289,409,319,0.001,0.001,0.001
803,12.213,19.126,145.29,288.0329,0.0003,307,0.001,678,652,0.001,0.001,713,0.001,0.001,0.001,469,471,645,0.001,652,638,0.001,0.001,0.001,0.001
804,9.945,25.897,193.02,486.0673,0.0007,307,250,234,466,0.001,298,179,194,261,264,339,306,496,438,429,270,490,0.001,0.001,0.001
805,13.574,18.95,144.7,261.0393,0.0002,307,771,745,687,0.001,717,0.001,0.001,709,0.001,504,0.001,0.001,771,0.001,0.001,0.001,0.001,0.001,512
806,15.155,29.958,223.07,496.3673,0.0009,306,0.001,0.001,2935,0.001,172,149,0.001,158,274,192,172,216,231,0.001,219,185,0.001,0.001,0.001
807,14.287,34.924,258.32,671.4668,0.0009,306,285,0.001,175,0.001,300,656,679,384,686,419,391,0.001,394,531,0.001,0.001,121,0.001,0.001
808,3.087,27.162,202.52,482.2266,0.0006,306,140,217,267,0.001,163,478,248,939,236,265,298,497,450,385,311,0.001,178,105,91
809,13.246,27.803,208.18,415.3041,0.0007,306,125,0.001,122,0.001,135,178,0.001,0.001,0.001,0.001,0.001,223,172,179,258,3498,0.001,0.001,0.001
810,15.568,31.841,237.67,459.3264,0.0009,305,221,283,460,0.001,191,389,223,178,0.001,455,291,733,739,0.001,625,95,0.001,0.001,0.001
811,13.114,13.082,100.2,248.9952,0.0025,305,653,0.001,0.001,0.001,1576,0.001,0.001,0.001,0.001,0.001,1316,1327,0.001,0.001,0.001,0.001,0.001,0.001,0.001
812,13.177,17.473,134.54,218.0313,0.0004,304,0.001,0.001,0.001,0.001,0.001,2998,0.001,0.001,1148,0.001,0.001,0.001,0.001,713,0.001,0.001,0.001,0.001,0.001
813,15.134,30.742,228.61,527.3561,0.0007,304,167,297,183,0.001,307,327,312,407,395,328,394,393,377,0.001,452,519,0.001,0.001,0.001
814,4.695,27.135,202.49,469.2466,0.0008,303,203,254,351,0.001,242,248,197,449,202,190,555,615,625,363,355,0.001,0.001,0.001,0.001
815,13.57,26.366,197.74,395.2463,0.0008,302,453,570,267,0.001,423,236,139,214,281,437,162,0.001,172,139,225,1121,0.001,0.001,169
816,15.524,34.551,255.65,649.4368,0.001,302,0.001,221,420,0.001,202,81,250,0.001,223,295,215,479,561,245,334,1311,0.001,0.001,0.001
817,15.108,21.325,160.94,329.0459,0.0005,302,0.001,0.001,989,0.001,0.001,0.001,0.001,257,0.001,1017,0.001,686,588,0.001,1032,264,0.001,0.001,0.001
818,15.306,35.692,263.59,687.4614,0.002,302,0.001,0.001,0.001,0.001,0.001,1579,441,1289,154,190,0.001,0.001,691,0.001,255,233,0.001,0.001,0.001
819,12.464,35.128,260.72,570.1721,0.0009,302,399,406,373,0.001,311,0.001,331,375,319,372,0.001,458,388,332,425,343,0.001,0.001,0.001
820,13.575,31.917,238.42,445.3317,0.0009,302,94,0.001,396,0.001,183,0.001,268,1054,218,805,0.001,299,397,399,0.001,717,0.001,0.001,0.001
821,8.004,16.44,129.99,149.009,0.0004,301,307,303,498,0.001,340,340,244,450,274,590,0.001,421,404,415,232,0.001,255,0.001,0.001
822,14.541,33.558,248.9,582.3781,0.0012,301,0.001,345,250,0.001,315,369,166,493,343,274,223,531,518,0.001,543,446,0.001,0.001,0.001
823,14.161,29.15,217.52,464.3141,0.0005,301,326,371,374,0.001,395,168,175,388,212,349,167,493,896,141,283,73,0.001,0.001,0.001
824,9.951,20.551,156.02,289.0325,0.0009,300,308,0.001,441,0.001,292,262,346,299,358,420,295,513,438,406,307,119,0.001,0.001,0.001
825,13.887,24.208,183.38,305.2473,0.0007,300,195,273,523,0.001,419,548,136,0.001,0.001,0.001,1096,0.001,0.001,103,258,1247,0.001,0.001,0.001
826,13.375,22.59,172.38,259.2414,0.0004,300,286,326,646,0.001,590,567,234,455,192,334,0.001,179,190,133,533,133,0.001,0.001,0.001
827,0.243,29.876,221.14,659.0677,0.0009,300,442,318,429,0.001,303,392,557,0.001,466,451,268,413,0.001,297,462,0.001,0.001,0.001,0.001
828,10.15,30.267,224.76,556.2831,0.0011,299,0.001,358,298,0.001,297,372,270,548,0.001,365,0.001,601,431,464,335,451,0.001,0.001,88
829,13.477,29.7,220.96,515.2391,0.0009,299,228,0.001,196,0.001,248,216,254,308,316,367,334,336,334,253,283,1116,0.001,0.001,0.001
830,15.77,28.138,209.06,557.1074,0.0009,299,250,277,648,0.001,138,169,254,0.001,0.001,650,285,597,796,266,457,0.001,0.001,0.001,0.001
831,5.83,28.965,215.45,522.239,0.0012,299,245,251,233,0.001,230,380,215,695,211,274,328,444,345,441,396,97,104,0.001,0.001
832,7.009,31.534,233.97,585.3303,0.0006,299,219,252,416,0.001,229,413,243,535,200,220,377,499,451,406,321,0.001,0.001,0.001,0.001
833,16.016,35.333,261.26,695.4665,0.0012,298,223,154,205,0.001,169,1340,770,692,195,0.001,0.001,74,0.001,939,0.001,0.001,0.001,0.001,0.001
834,12.425,25.895,195.57,326.1869,0.0005,297,0.001,844,0.001,0.001,0.001,0.001,0.001,900,0.001,848,0.001,729,0.001,823,608,0.001,0.001,0.001,0.001
835,11.98,24.057,182.04,313.1679,0.0008,297,0.001,185,0.001,0.001,0.001,2662,0.001,0.001,0.001,196,1705,0.001,0.001,0.001,0.001,0.001,0.001,0.001,0.001
836,15.096,35.945,265.65,701.5134,0.0012,296,0.001,0.001,377,0.001,661,2713,0.001,309,216,0.001,0.001,211,0.001,256,0.001,0.001,0.001,0.001,0.001
837,15.313,29.152,217.67,454.3943,0.0008,296,225,291,285,0.001,305,314,280,355,360,346,361,401,468,219,366,154,0.001,0.001,0.001
838,12.416,34.377,254.46,654.1538,0.0007,295,371,343,337,0.001,406,0.001,445,454,438,0.001,445,332,405,358,389,0.001,0.001,0.001,0.001
839,13.625,30.502,227.29,485.2811,0.0005,295,359,0.001,338,0.001,433,372,304,354,367,345,353,360,363,361,341,69,0.001,0.001,0.001
840,13.436,33.432,247.44,655.2641,0.0012,295,191,374,495,0.001,0.001,418,509,0.001,0.001,628,515,621,472,490,0.001,0.001,0.001,0.001,0.001
841,13.564,19.146,145.37,288.0328,0.0006,294,538,0.001,0.001,0.001,847,0.001,0.001,782,0.001,738,0.001,822,0.001,0.001,805,179,0.001,609,0.001
842,15.671,23.191,174.14,387.0327,0.0004,294,316,307,468,0.001,176,0.001,319,307,201,444,228,513,608,296,516,0.001,0.001,0.001,0.001
843,13.233,17.139,131.87,220.025,0.0005,293,0.001,0.001,902,0.001,0.001,0.001,0.001,771,0.001,0.001,0.001,0.001,814,0.001,0.001,2208,0.001,0.001,0.001
844,0.246,20.421,155.44,273.0716,0.0004,293,529,142,356,0.001,0.001,184,298,572,204,482,0.001,290,0.001,167,292,1178,0.001,0.001,0.001
845,13.522,26.729,200.3,409.2344,0.0005,292,384,417,350,0.001,414,160,342,486,365,377,275,422,0.001,251,436,0.001,0.001,0.001,0.001
846,8.244,21.446,159.55,530.9649,0.0007,292,575,494,497,0.001,444,211,220,243,246,249,316,288,332,292,267,0.001,256,238,237
847,15.687,31.4,233.41,539.412,0.0008,291,0.001,207,279,0.001,354,605,266,0.001,421,510,395,416,408,250,550,0.001,0.001,0.001,0.001
848,10.843,24.492,185.26,315.1928,0.0004,291,467,245,346,0.001,531,498,516,507,187,0.001,0.001,0.001,425,143,627,168,0.001,0.001,0.001
849,14.698,24.712,186.67,325.3094,0.0005,290,308,299,384,0.001,240,376,335,290,343,341,285,358,477,303,0.001,304,0.001,0.001,0.001
850,13.26,26.344,197.71,388.2516,0.0006,290,519,785,391,0.001,258,340,505,318,293,181,0.001,0.001,227,169,449,207,0.001,0.001,0.001
851,13.571,17.331,133.58,219.0272,0.0004,290,1091,0.001,0.001,0.001,1267,0.001,0.001,0.001,0.001,0.001,1055,1229,0.001,0.001,0.001,0.001,0.001,0.001,0.001
852,15.47,29.675,221.4,469.4073,0.0005,290,232,290,0.001,0.001,329,413,287,387,375,338,367,385,491,242,500,0.001,0.001,0.001,0.001
853,14.88,28.805,214.78,475.2956,0.0012,289,315,184,478,0.001,0.001,277,253,349,441,371,314,533,482,272,249,105,0.001,0.001,0.001
854,15.718,29.876,222.87,469.4071,0.0011,289,241,262,302,0.001,294,272,252,364,407,283,393,377,482,199,400,95,0.001,0.001,0.001
855,0.244,21.861,164.98,335.1086,0.0006,288,562,93,241,0.001,199,411,176,914,203,364,0.001,400,0.001,0.001,494,551,0.001,0.001,0.001
856,12.44,31.656,235.16,556.1552,0.0004,287,338,315,290,0.001,302,174,320,339,275,386,295,475,400,293,396,0.001,0.001,0.001,0.001
857,16.225,39.144,288.38,835.5363,0.0012,286,227,233,0.001,0.001,297,1164,374,464,375,245,0.001,337,0.001,262,604,0.001,0.001,0.001,0.001
858,11.183,27.284,204.16,423.2541,0.0008,286,471,347,0.001,0.001,734,233,361,331,0.001,124,0.001,190,402,0.001,711,670,0.001,0.001,0.001
859,13.109,28.951,216.51,431.3157,0.0007,286,259,213,181,0.001,169,648,328,461,453,476,159,274,124,313,348,166,0.001,0.001,0.001
860,11.429,27.075,203,391.2849,0.0008,285,0.001,0.001,0.001,0.001,1996,0.001,0.001,237,0.001,0.001,0.001,1324,0.001,463,0.001,536,0.001,0.001,0.001
861,14.645,34.246,253.86,595.4937,0.0012,285,0.001,720,609,0.001,0.001,0.001,0.001,1032,0.001,1225,0.001,0.001,0.001,374,539,56,0.001,0.001,0.001
862,14.099,17.508,134.69,219.0275,0.0002,285,0.001,0.001,977,0.001,0.001,0.001,0.001,0.001,0.001,0.001,0.001,0.001,0.001,0.001,0.001,3577,0.001,0.001,0.001
863,14.406,17.45,134.27,219.0272,0.0005,285,0.001,0.001,1738,0.001,0.001,0.001,0.001,0.001,0.001,0.001,0.001,773,0.001,0.001,0.001,2042,0.001,0.001,0.001
864,14.032,28.497,213.26,421.3099,0.0008,284,295,312,299,0.001,347,273,279,306,366,297,290,279,268,296,328,306,0.001,0.001,128
865,13.23,27.557,205.97,440.304,0.0005,283,287,254,208,0.001,285,0.001,423,367,404,386,329,394,242,352,424,179,0.001,0.001,0.001
866,13.32,27.594,206.26,437.2215,0.0006,283,239,359,285,0.001,0.001,280,273,298,0.001,0.001,401,308,374,222,305,1184,0.001,0.001,0.001
867,12.828,30.497,226.59,544.2668,0.0013,283,136,0.001,463,0.001,341,1322,198,587,206,0.001,171,153,0.001,285,391,267,0.001,0.001,0.001
868,15.601,37.794,279.83,627.4033,0.0012,281,149,0.001,284,0.001,211,207,177,259,268,227,241,311,477,0.001,233,1455,0.001,0.001,0.001
869,15.311,30.4,226.8,468.3294,0.0012,281,104,186,119,0.001,216,0.001,104,0.001,150,167,269,197,206,120,195,2464,0.001,0.001,0.001
870,14.389,28.416,212.18,454.3195,0.001,281,247,293,364,0.001,333,225,194,248,283,290,352,455,420,188,294,306,0.001,0.001,0.001
871,0.411,21.52,162.99,305.1042,0.0005,280,222,752,0.001,0.001,195,332,333,434,0.001,452,0.001,280,152,227,593,513,0.001,0.001,0.001
872,14.642,30.35,225.81,525.3948,0.0007,280,354,271,550,0.001,406,214,0.001,295,0.001,349,370,372,674,172,454,0.001,0.001,0.001,0.001
873,4.937,28.837,214.59,523.2359,0.0009,280,240,274,332,0.001,277,422,0.001,691,294,267,331,559,472,0.001,315,0.001,0.001,0.001,0.001
874,14.142,30.186,224.74,503.2923,0.0008,280,180,125,358,0.001,225,612,302,332,247,476,242,336,266,292,337,142,0.001,0.001,0.001
875,15.129,27.925,209.09,413.3443,0.0008,278,0.001,263,233,0.001,244,328,252,364,353,269,322,0.001,350,251,380,846,0.001,0.001,0.001
876,14.455,28.825,215.15,462.2985,0.0006,277,302,398,0.001,0.001,358,0.001,413,1022,537,0.001,0.001,896,0.001,0.001,0.001,513,0.001,0.001,0.001
877,15.915,27.232,204.34,393.3731,0.0009,277,0.001,347,640,0.001,687,0.001,0.001,343,0.001,939,313,0.001,376,354,434,0.001,0.001,0.001,0.001
878,14.935,21.309,160.81,329.0461,0.0003,277,0.001,0.001,384,0.001,0.001,0.001,346,0.001,0.001,371,0.001,870,741,0.001,0.001,1717,0.001,0.001,0.001
879,13.341,29.202,217.45,500.2777,0.0011,276,122,0.001,185,0.001,310,1309,0.001,353,248,889,130,0.001,0.001,457,299,114,0.001,0.001,0.001
880,13.447,32.096,237.85,612.2382,0.0021,276,214,337,298,0.001,269,496,488,418,417,0.001,0.001,440,0.001,430,432,176,162,0.001,0.001
881,13.231,23.453,177.66,305.2148,0.0005,275,294,322,315,0.001,305,360,346,340,395,152,346,377,320,76,446,0.001,173,208,182
882,13.336,31.067,231.41,489.3556,0.001,274,0.001,0.001,351,0.001,212,0.001,162,471,0.001,934,317,432,391,437,0.001,683,0.001,0.001,0.001
883,2.44,17.538,142.81,107.0504,0.0003,274,450,224,0.001,0.001,0.001,180,101,0.001,290,0.001,0.001,0.001,0.001,0.001,242,2903,0.001,0.001,0.001
884,15.238,35.671,264.63,581.4577,0.0011,274,247,541,0.001,0.001,0.001,231,358,456,425,184,156,0.001,1791,0.001,0.001,0.001,0.001,0.001,0.001
885,13.996,22.758,173.32,269.2468,0.0005,273,286,296,477,0.001,309,455,209,477,182,308,112,373,366,128,296,100,191,0.001,158
886,11.7,28.547,213.2,449.253,0.0009,273,0.001,166,0.001,0.001,0.001,0.001,0.001,1257,276,731,0.001,546,154,459,780,0.001,0.001,0.001,0.001
887,16.38,36.135,266.71,723.4991,0.0019,273,0.001,0.001,0.001,0.001,0.001,1081,0.001,0.001,0.001,3288,0.001,0.001,0.001,0.001,0.001,0.001,0.001,0.001,0.001
888,9.42,18.492,142.39,218.9844,0.0005,273,355,259,337,0.001,242,389,206,256,406,553,288,232,158,268,265,154,203,204,176
889,13.357,17.481,134.66,218.0313,0.0003,273,0.001,628,0.001,0.001,0.001,742,0.001,0.001,1063,0.001,0.001,0.001,729,582,621,0.001,0.001,0.001,0.001
890,12.189,21.03,159.27,309.0044,0.0006,273,302,131,1122,0.001,331,105,133,225,276,265,0.001,388,736,228,123,0.001,186,0.001,0.001
891,15.703,25.944,193.4,485.0682,0.0005,273,0.001,0.001,993,0.001,0.001,0.001,0.001,0.001,0.001,722,0.001,823,1100,0.001,723,0.001,0.001,0.001,0.001
892,13.763,17.108,131.77,220.0247,0.0003,272,386,461,556,0.001,640,0.001,0.001,0.001,0.001,0.001,0.001,0.001,549,0.001,756,1011,475,0.001,0.001
893,9.359,23.676,179.19,311.2219,0.0004,272,377,410,370,0.001,566,331,378,0.001,322,374,229,0.001,415,261,0.001,322,0.001,0.001,0.001
894,8.871,26.933,201.18,448.3051,0.0002,272,298,0.001,0.001,0.001,577,0.001,0.001,0.001,0.001,0.001,0.001,878,0.001,0.001,1133,1466,0.001,0.001,0.001
895,4.852,26.378,196.82,471.1118,0.0008,271,0.001,223,0.001,0.001,148,0.001,949,290,195,1406,0.001,0.001,0.001,507,625,0.001,0.001,0.001,0.001
896,0.488,15.367,121.36,151.025,0.0004,271,169,311,354,0.001,167,196,0.001,298,144,407,353,0.001,139,240,361,1203,0.001,0.001,0.001
897,8.727,27.745,208.11,391.2849,0.001,271,691,0.001,0.001,0.001,384,0.001,0.001,0.001,0.001,107,0.001,392,0.001,0.001,2618,149,0.001,0.001,0.001
898,15.011,30.007,223.53,495.3146,0.0009,271,177,301,399,0.001,115,251,0.001,354,569,268,297,138,0.001,221,282,968,0.001,0.001,0.001
899,6.479,31.587,234.11,611.2896,0.0006,270,239,243,0.001,0.001,236,395,210,722,228,236,0.001,642,471,386,312,0.001,0.001,0.001,0.001
900,11.505,18.963,145.88,225.0058,0.0004,269,256,287,1021,0.001,323,0.001,0.001,299,0.001,733,0.001,359,431,350,250,0.001,0.001,0.001,0.001
901,15.216,26.218,197.24,367.3568,0.0006,269,332,390,561,0.001,295,0.001,351,0.001,0.001,429,0.001,517,768,227,439,0.001,0.001,0.001,0.001
902,8.194,19.876,149.2,399.066,0.0037,269,0.001,0.001,0.001,0.001,3163,0.001,0.001,0.001,0.001,0.001,1145,0.001,0.001,0.001,0.001,0.001,0.001,0.001,0.001
903,12.829,25.08,189.51,325.3103,0.0004,269,304,273,266,0.001,293,0.001,409,394,406,395,326,512,274,0.001,454,0.001,0.001,0.001,0.001
904,16.265,27.497,206.3,392.353,0.0008,269,194,0.001,110,0.001,222,1006,0.001,402,390,483,268,245,140,402,438,0.001,0.001,0.001,0.001
905,12.063,29.348,219.52,429.3005,0.0007,268,138,436,330,0.001,449,232,0.001,219,0.001,249,241,262,191,134,757,652,0.001,0.001,0.001
906,14.934,29.103,217.52,437.3245,0.0005,267,197,254,0.001,0.001,252,182,211,256,340,193,314,279,323,0.001,284,1191,0.001,0.001,0.001
907,4.386,25.701,192.28,425.2205,0.0007,267,236,295,0.001,0.001,235,278,235,513,216,183,444,657,544,0.001,311,120,0.001,0.001,0.001
908,14.586,39.689,292.39,816.5778,0.0015,266,0.001,0.001,0.001,0.001,59,875,977,519,826,0.001,0.001,0.001,0.001,537,468,0.001,625,0.001,0.001
909,13.199,29.886,222.01,554.3152,0.001,266,0.001,217,216,0.001,256,380,334,335,409,363,331,408,313,332,360,0.001,0.001,0.001,0.001
910,11.42,23.366,177.29,295.2272,0.0003,266,322,353,275,0.001,276,432,338,309,398,338,0.001,433,386,389,0.001,0.001,0.001,0.001,0.001
911,13.105,18.96,144.67,260.0427,0.0004,265,0.001,310,292,0.001,320,329,330,0.001,0.001,341,333,300,321,339,302,727,0.001,0.001,0.001
912,13.448,25.194,188.79,406.1748,0.0008,265,0.001,358,0.001,0.001,278,299,408,277,252,404,386,438,452,345,335,0.001,136,0.001,0.001
913,4.087,27.226,203.05,478.1936,0.0009,264,288,278,279,0.001,296,345,221,380,230,243,324,357,342,379,268,0.001,120,59,0.001
914,16.413,38.211,282.1,763.6093,0.001,264,423,577,247,0.001,305,0.001,549,0.001,0.001,0.001,0.001,149,949,0.001,1028,0.001,0.001,0.001,0.001
915,6.483,30.294,224.96,567.2811,0.0008,264,148,189,260,0.001,208,0.001,213,844,186,213,295,539,473,314,341,0.001,0.001,0.001,0.001
916,13.761,17.503,134.82,218.0303,0.0007,261,728,0.001,0.001,0.001,0.001,0.001,0.001,0.001,663,0.001,599,764,0.001,646,777,0.001,0.001,622,0.001
917,13.535,24.971,188.32,339.1984,0.0006,260,122,165,153,0.001,138,134,152,120,0.001,111,152,0.001,124,126,165,2505,0.001,0.001,0.001
918,13.315,31.915,236.62,597.3042,0.0011,260,323,239,253,0.001,178,238,195,470,155,242,203,285,496,215,320,354,0.001,0.001,0.001
919,0.408,18.562,143.1,215.0718,0.0004,260,160,331,773,0.001,265,0.001,158,357,0.001,520,0.001,278,230,178,400,516,0.001,0.001,0.001
920,14.936,30.238,225.05,511.3458,0.001,260,190,226,172,0.001,302,337,253,0.001,328,316,331,367,316,259,371,396,0.001,0.001,0.001
921,2.004,15.909,126.21,142.0657,0.0005,260,0.001,0.001,183,0.001,140,817,256,0.001,0.001,0.001,495,780,0.001,630,254,603,0.001,0.001,0.001
922,13.766,30.492,226.79,524.2986,0.0009,260,166,319,127,0.001,218,292,0.001,476,151,220,180,822,244,158,361,421,0.001,0.001,0.001
923,15.769,30.28,224.13,655.1049,0.001,258,197,241,550,0.001,156,108,217,165,174,454,211,496,606,222,336,0.001,0.001,0.001,0.001
924,6.804,17.916,135.65,310.8362,0.001,258,202,121,265,0.001,180,299,0.001,759,221,400,0.001,346,177,198,58,903,0.001,0.001,0.001
925,13.836,13.099,100.29,248.9924,0.0007,257,0.001,0.001,0.001,0.001,1369,0.001,0.001,0.001,0.001,0.001,1396,1350,0.001,0.001,0.001,0.001,0.001,0.001,0.001
926,13.32,24.428,184.81,315.1929,0.0004,257,239,268,255,0.001,246,345,347,301,233,279,353,328,348,193,375,0.001,0.001,0.001,0.001
927,12.759,17.411,133.31,244.0264,0.0011,257,83,0.001,330,0.001,0.001,493,0.001,468,0.001,414,463,423,464,481,486,0.001,0.001,0.001,0.001
928,14.643,31.336,232.69,566.3711,0.0007,256,258,252,492,0.001,434,172,0.001,255,210,246,311,345,671,147,303,0.001,0.001,0.001,0.001
929,12.829,30.382,225.73,552.3184,0.0011,256,314,208,196,0.001,247,266,336,266,362,374,273,366,209,341,335,0.001,0.001,0.001,0.001
930,12.989,25.543,192.16,362.2361,0.0007,256,430,630,252,0.001,300,198,413,283,303,0.001,112,210,252,187,356,167,0.001,0.001,0.001
931,14.79,37.182,274.26,764.5244,0.0015,256,0.001,0.001,0.001,0.001,277,2116,434,0.001,0.001,486,185,0.001,0.001,331,263,0.001,0.001,0.001,0.001
932,14.73,33.224,246.39,575.4676,0.0011,255,0.001,0.001,305,0.001,0.001,0.001,0.001,811,195,780,0.001,371,312,323,419,569,0.001,0.001,0.001
933,14.054,17.121,131.8,220.0247,0.0004,255,0.001,808,0.001,0.001,539,0.001,0.001,0.001,0.001,0.001,0.001,0.001,0.001,610,547,1570,584,0.001,0.001
934,4.937,28.841,214.58,522.2386,0.0009,254,207,245,286,0.001,259,359,216,517,244,236,0.001,449,388,376,277,0.001,137,0.001,64
935,13.397,18.943,144.54,262.0349,0.0006,253,759,0.001,820,0.001,0.001,519,0.001,0.001,0.001,0.001,501,441,591,422,0.001,0.001,0.001,0.001,0.001
936,12.544,18.929,144.36,263.0331,0.0006,253,0.001,0.001,1098,0.001,0.001,537,446,464,0.001,0.001,0.001,0.001,906,599,0.001,0.001,508,0.001,0.001
937,12.317,24.414,183.48,373.0439,0.0005,253,215,198,335,0.001,238,363,220,343,256,346,205,338,263,275,246,199,0.001,0.001,0.001
938,16.452,39.037,287.55,832.5131,0.0012,252,0.001,0.001,143,0.001,497,700,271,389,357,513,0.001,179,0.001,536,448,0.001,0.001,0.001,0.001
939,1.609,25.712,192.32,429.1537,0.0008,251,194,196,279,0.001,0.001,326,260,467,0.001,1117,243,311,201,0.001,295,127,0.001,0.001,0.001
940,14.085,27.786,207.87,413.2785,0.0007,250,0.001,0.001,0.001,0.001,0.001,0.001,261,243,0.001,0.001,259,0.001,0.001,189,194,2856,0.001,0.001,0.001
941,14.026,27.444,205,435.2513,0.0007,250,0.001,0.001,0.001,0.001,0.001,441,0.001,503,397,0.001,0.001,653,668,0.001,433,905,0.001,0.001,0.001
942,2.157,20.412,155.78,259.0965,0.0005,250,268,342,472,0.001,250,371,120,384,126,228,0.001,371,274,211,324,255,0.001,0.001,0.001
943,15.446,33.681,249.67,613.4607,0.0007,249,212,297,436,0.001,222,370,0.001,284,0.001,369,288,535,667,308,0.001,0.001,0.001,0.001,0.001
944,13.423,19.081,146.8,225.0064,0.0005,249,0.001,513,951,0.001,460,818,0.001,699,347,0.001,0.001,0.001,0.001,190,0.001,0.001,0.001,0.001,0.001
945,16.178,35.815,264.79,685.529,0.0011,249,217,328,0.001,0.001,233,560,205,501,0.001,267,386,540,133,181,426,0.001,0.001,0.001,0.001
946,15.104,33.61,248.61,655.4218,0.0014,248,0.001,0.001,577,0.001,98,0.001,310,204,222,374,0.001,469,894,408,339,73,0.001,0.001,0.001
947,15.095,33.197,246.72,538.5211,0.0007,247,0.001,174,0.001,0.001,397,921,778,0.001,187,341,247,293,0.001,204,416,0.001,174,0.001,0.001
948,13.644,23.214,174.73,337.1519,0.0007,247,0.001,0.001,0.001,0.001,0.001,0.001,0.001,0.001,0.001,0.001,0.001,0.001,0.001,0.001,0.001,3956,267,0.001,0.001
949,13.727,29.346,218.62,491.2388,0.0006,247,0.001,258,255,0.001,324,337,361,319,154,349,0.001,359,303,269,296,371,0.001,0.001,0.001
950,15.305,37.589,277.19,772.5175,0.0026,247,0.001,258,0.001,0.001,0.001,0.001,0.001,690,61,0.001,641,1032,172,455,643,0.001,0.001,0.001,0.001
951,13.812,29.612,220.61,490.2936,0.0009,247,181,222,121,0.001,0.001,185,185,351,0.001,247,0.001,277,1418,106,292,365,0.001,0.001,0.001
952,15.068,34.312,254.74,557.457,0.0012,247,0.001,692,0.001,0.001,426,0.001,696,0.001,0.001,0.001,0.001,866,941,0.001,0.001,327,0.001,0.001,0.001
953,10.5,23.954,181.21,313.2374,0.0005,246,205,253,250,0.001,272,71,292,370,283,275,222,380,274,299,318,172,208,165,184
954,15.516,31.752,235.81,555.3877,0.0012,246,156,179,149,0.001,218,253,147,322,326,264,271,280,359,190,385,434,0.001,0.001,0.001
955,13.666,25.528,192.36,349.3104,0.0006,246,269,209,230,0.001,222,0.001,344,287,394,359,299,301,400,240,379,0.001,0.001,0.001,0.001
956,16.24,24.21,182.8,329.232,0.0004,246,0.001,286,0.001,0.001,0.001,0.001,0.001,0.001,0.001,0.001,1093,1109,1030,411,0.001,0.001,0.001,0.001,0.001
957,15.563,35.209,261.29,573.416,0.0015,245,263,142,340,0.001,123,497,0.001,540,775,492,78,0.001,418,150,0.001,109,0.001,0.001,0.001
958,14.029,28.761,215.14,425.3624,0.0012,245,0.001,0.001,269,0.001,216,0.001,209,739,0.001,1341,0.001,0.001,0.001,0.001,129,1012,0.001,0.001,0.001
959,13.043,32.94,244.17,608.3574,0.001,244,417,0.001,186,0.001,110,482,503,286,526,616,0.001,0.001,196,336,252,0.001,0.001,0.001,0.001
960,13.72,17.483,134.7,219.0276,0.0004,244,772,696,0.001,0.001,0.001,0.001,698,0.001,0.001,0.001,0.001,607,0.001,361,776,0.001,0.001,0.001,0.001
961,12.44,31.463,233.44,586.1305,0.0008,244,302,302,227,0.001,262,150,269,288,219,316,255,375,323,254,361,0.001,0.001,0.001,0.001
962,12.048,25.261,191.18,311.2807,0.0014,244,0.001,941,0.001,0.001,0.001,0.001,638,1144,0.001,0.001,0.001,1174,0.001,0.001,0.001,0.001,0.001,0.001,0.001
963,14.867,29.104,217.93,413.3055,0.0009,244,183,0.001,152,0.001,222,1058,0.001,439,428,428,0.001,0.001,119,290,448,129,0.001,0.001,0.001
964,12.189,23.209,174.34,388.0346,0.0003,243,0.001,0.001,3297,0.001,0.001,0.001,0.001,593,0.001,0.001,0.001,0.001,0.001,0.001,0.001,0.001,0.001,0.001,0.001
965,12.75,18.964,144.67,260.0426,0.0006,243,0.001,327,0.001,0.001,285,325,315,330,240,178,305,285,334,336,291,336,0.001,0.001,0.001
966,12.532,27.531,206.08,419.2831,0.0007,243,262,278,216,0.001,271,141,237,228,278,340,339,372,174,328,336,83,0.001,0.001,0.001
967,12.903,18.856,143.82,263.0328,0.0006,243,0.001,1133,0.001,0.001,0.001,0.001,0.001,0.001,0.001,389,0.001,1145,1215,0.001,0.001,0.001,609,0.001,0.001
968,8.785,17.762,134.24,326.7639,0.0005,243,265,224,220,0.001,296,255,229,271,298,320,266,368,273,304,292,0.001,0.001,0.001,0.001
969,4.971,25.168,188.85,390.1787,0.0006,242,164,128,0.001,0.001,0.001,423,275,685,270,379,262,374,233,344,340,0.001,0.001,0.001,0.001
970,14.714,18.969,144.68,262.0359,0.0005,242,435,0.001,0.001,0.001,493,0.001,0.001,0.001,0.001,0.001,612,0.001,0.001,0.001,0.001,2327,0.001,0.001,632
971,15.262,32.885,244.82,493.3351,0.0013,241,0.001,0.001,0.001,0.001,322,388,264,407,1105,264,238,283,0.001,208,182,199,0.001,0.001,0.001
972,0.812,19.431,149.34,230.0124,0.0001,241,0.001,0.001,0.001,0.001,284,0.001,0.001,0.001,0.001,0.001,0.001,0.001,0.001,0.001,3573,0.001,0.001,0.001,0.001
973,14.389,29.171,217.44,483.3152,0.0009,241,220,336,299,0.001,311,142,134,226,164,201,282,411,377,186,250,317,0.001,0.001,0.001
974,12.199,29.971,223.58,465.358,0.0013,241,0.001,122,409,0.001,0.001,0.001,0.001,1187,0.001,863,0.001,350,300,244,0.001,373,0.001,0.001,0.001
975,10.403,34.077,251.8,689.3607,0.0015,240,219,333,0.001,0.001,0.001,308,240,469,168,352,0.001,521,0.001,437,332,467,0.001,0.001,0.001
976,11.179,28.781,214.61,478.2444,0.0009,240,378,288,163,0.001,506,223,372,342,0.001,112,0.001,153,411,105,623,165,0.001,0.001,0.001
977,13.731,32.419,240.34,599.3192,0.0013,240,212,465,157,0.001,209,142,159,332,170,165,150,383,524,145,420,207,0.001,0.001,0.001
978,13.347,17.436,133.47,244.0263,0.0006,240,0.001,0.001,0.001,0.001,341,527,0.001,422,0.001,438,451,430,303,451,476,0.001,534,169,0.001
979,10.659,27.83,207.16,498.2888,0.0008,240,0.001,0.001,0.001,0.001,787,317,220,304,0.001,0.001,0.001,321,267,229,206,1185,0.001,0.001,0.001
980,16.036,35.971,265.66,719.4669,0.0012,239,0.001,0.001,0.001,0.001,236,2212,0.001,905,303,172,0.001,0.001,0.001,0.001,0.001,0.001,0.001,0.001,0.001
981,5.075,13.098,100.11,248.9715,0.001,238,0.001,0.001,0.001,0.001,901,0.001,0.001,0.001,0.001,0.001,0.001,0.001,0.001,0.001,0.001,2913,0.001,0.001,0.001
982,15.136,30.752,228.66,526.3588,0.0009,238,0.001,225,187,0.001,282,293,240,309,284,319,312,0.001,330,173,414,442,0.001,0.001,0.001
983,13.193,17.428,133.45,245.0226,0.0004,238,311,339,282,0.001,277,286,0.001,293,275,262,286,295,283,294,323,0.001,0.001,283,0.001
984,11.953,24.381,184.13,321.2423,0.0005,237,0.001,0.001,0.001,0.001,407,0.001,209,0.001,0.001,0.001,0.001,0.001,0.001,0.001,280,2899,0.001,0.001,0.001
985,0.79,21.585,164.35,270.1385,0.0003,237,0.001,656,292,0.001,0.001,326,0.001,494,0.001,0.001,0.001,411,0.001,342,0.001,1274,0.001,0.001,0.001
986,14.679,30.186,225.19,471.3668,0.0011,236,146,100,236,0.001,185,0.001,110,0.001,161,215,153,0.001,381,0.001,271,1825,0.001,0.001,0.001
987,8.204,19.834,294.71,279.6134,0.0006,236,0.001,0.001,0.001,0.001,221,0.001,982,1343,182,420,0.001,0.001,0.001,633,0.001,0.001,0.001,0.001,0.001
988,8.376,26.275,197.46,371.189,0.0005,236,0.001,0.001,0.001,0.001,244,0.001,200,205,229,1460,0.001,0.001,102,466,872,0.001,0.001,0.001,0.001
989,12.588,25.818,190.93,680.9559,0.0012,236,266,250,260,0.001,257,175,139,188,0.001,152,341,333,265,320,270,560,0.001,0.001,159
990,13.95,32.885,243.54,628.284,0.0013,236,193,377,180,0.001,238,229,130,376,176,0.001,350,469,227,243,330,256,0.001,0.001,0.001
991,14.887,32.91,243.97,591.3899,0.0011,236,0.001,161,216,0.001,0.001,0.001,297,479,425,271,257,231,415,202,487,332,0.001,0.001,0.001
992,11.411,27.038,202.89,391.2845,0.0006,236,141,718,146,0.001,320,0.001,0.001,577,309,259,0.001,331,0.001,0.001,445,524,0.001,0.001,0.001
993,15.241,28.965,215.81,491.3285,0.0008,235,204,237,354,0.001,194,244,0.001,238,227,297,228,482,357,271,288,146,0.001,0.001,0.001
994,13.735,33.806,250.57,591.4635,0.0011,235,0.001,0.001,0.001,0.001,0.001,0.001,0.001,1117,0.001,1490,0.001,0.001,0.001,350,810,0.001,0.001,0.001,0.001
995,10.057,31.946,236.51,629.3013,0.0012,235,176,0.001,0.001,0.001,192,275,0.001,390,177,264,345,486,383,378,274,422,0.001,0.001,0.001
996,13.475,27.171,203.99,381.1753,0.0008,235,0.001,251,244,0.001,173,253,324,200,243,340,284,317,297,265,305,261,97,75,0.001
997,12.186,18.396,141.29,230.9774,0.0005,235,517,367,0.001,0.001,656,263,357,0.001,643,0.001,0.001,0.001,0.001,609,345,0.001,400,0.001,147
998,7.884,20.273,155.42,236.1043,0.0005,234,0.001,181,224,0.001,186,282,139,370,201,196,194,284,226,277,0.001,979,0.001,105,84
999,14.809,24.427,183.56,373.044,0.0006,234,0.001,297,605,0.001,220,690,103,233,0.001,343,0.001,0.001,218,213,318,496,0.001,0.001,0.001
1000,15.375,28.451,212.93,423.4195,0.0007,233,252,271,285,0.001,97,284,223,274,375,224,207,210,334,392,298,0.001,297,297,0.001
1001,12.124,35.906,265.59,645.3269,0.0017,233,0.001,0.001,278,0.001,0.001,981,396,602,0.001,644,0.001,0.001,0.001,579,0.001,244,0.001,0.001,0.001
1002,10.734,29.378,218.33,530.3085,0.001,233,0.001,0.001,0.001,0.001,565,0.001,0.001,296,0.001,84,80,826,252,449,589,583,0.001,0.001,0.001
1003,4.631,28.592,212.76,523.2164,0.0007,233,404,407,0.001,0.001,402,494,421,642,0.001,338,0.001,614,0.001,0.001,0.001,0.001,196,0.001,0.001
1004,14.673,31.349,232.71,567.3686,0.001,232,248,225,473,0.001,378,126,120,241,213,285,333,318,536,149,0.001,70,0.001,0.001,0.001
1005,12.227,23.191,172.23,569.9654,0.0008,232,230,255,401,0.001,272,0.001,268,258,289,303,235,255,416,208,325,0.001,0.001,0.001,374
1006,15.432,25.663,379.42,339.4477,0.0008,232,0.001,0.001,0.001,0.001,0.001,0.001,1499,0.001,0.001,0.001,2213,0.001,0.001,0.001,0.001,0.001,0.001,0.001,0.001
1007,13.656,24.037,181.69,319.2302,0.0006,232,197,247,231,0.001,232,225,272,274,233,273,232,301,315,263,288,127,165,113,165
1008,12.44,31.371,233.06,555.1479,0.0007,232,283,270,218,0.001,247,0.001,260,299,240,349,271,417,297,239,318,0.001,0.001,0.001,0.001
1009,14.578,28.022,209.76,419.3521,0.0007,232,221,314,323,0.001,277,151,229,0.001,213,238,187,244,473,144,530,163,0.001,0.001,0.001
1010,13.23,28.62,213.3,483.3134,0.0012,231,188,198,170,0.001,0.001,339,288,332,342,399,0.001,327,226,309,364,209,0.001,0.001,0.001
1011,13.207,26.329,197.4,399.2537,0.0008,231,226,166,316,0.001,247,453,0.001,258,207,381,162,259,278,194,280,263,0.001,0.001,0.001
1012,4.087,27.201,202.87,479.1906,0.0006,230,260,293,276,0.001,252,256,242,445,199,0.001,275,348,289,278,266,0.001,110,0.001,0.001
1013,12.829,30.388,225.74,553.3161,0.001,230,278,0.001,194,0.001,204,289,313,267,343,300,267,364,226,284,347,0.001,0.001,0.001,0.001
1014,11.177,28.176,210.42,453.2455,0.0011,230,276,205,143,0.001,418,157,267,273,0.001,83,0.001,138,289,88,566,769,0.001,0.001,0.001
1015,2.054,22.893,172.42,351.1433,0.0008,229,0.001,169,223,0.001,0.001,353,287,441,328,350,218,319,311,356,312,0.001,287,0.001,0.001
1016,10.133,19.727,147.52,442.9714,0.0008,229,426,483,420,0.001,333,170,131,151,169,90,261,289,266,218,256,0.001,0.001,0.001,0.001
1017,15.443,28.717,214.71,439.4144,0.0009,229,183,156,295,0.001,293,373,213,272,321,314,266,266,431,0.001,279,0.001,0.001,0.001,0.001
1018,12.863,27.815,208.4,407.2561,0.0006,229,215,235,167,0.001,259,0.001,314,258,291,289,249,376,192,226,308,282,0.001,0.001,0.001
1019,12.622,25.252,189.87,367.2153,0.0006,229,440,366,264,0.001,312,168,121,153,227,322,167,176,225,202,196,317,0.001,239,363
1020,5.777,16.945,253.4,224.0606,0.0008,228,0.001,271,0.001,0.001,287,0.001,819,494,0.001,849,0.001,0.001,0.001,491,441,0.001,0.001,0.001,0.001
1021,14.997,32.144,239.97,459.3263,0.0006,228,289,153,223,0.001,0.001,291,359,327,0.001,261,0.001,365,495,458,421,0.001,0.001,0.001,0.001
1022,13.262,23.989,181.79,301.2163,0.0008,227,428,166,191,0.001,108,218,318,146,880,235,139,220,182,151,180,63,0.001,0.001,0.001
1023,15.919,13.093,100.24,248.9941,0.0005,226,0.001,0.001,0.001,0.001,1193,0.001,0.001,0.001,0.001,0.001,1281,1146,0.001,0.001,0.001,0.001,0.001,0.001,0.001
1024,14.508,28.272,210.94,469.296,0.0011,226,289,317,0.001,0.001,417,407,330,208,140,111,228,217,240,123,589,0.001,0.001,0.001,0.001
1025,11.982,23.436,177.71,297.2429,0.0006,224,250,351,0.001,0.001,304,366,235,331,235,322,200,0.001,362,295,339,0.001,131,136,158
1026,3.129,17.961,139.11,199.0056,0.0004,224,146,186,0.001,0.001,374,0.001,257,0.001,0.001,0.001,565,0.001,139,326,213,1375,0.001,0.001,0.001
1027,13.91,27.836,208.03,439.2371,0.0008,223,0.001,346,386,0.001,313,331,243,283,133,192,321,0.001,356,179,304,185,0.001,0.001,0.001
1028,13.841,33.809,250.69,591.4624,0.0011,223,222,0.001,190,0.001,271,0.001,69,428,0.001,602,83,361,359,211,392,381,0.001,0.001,0.001
1029,13.516,27.926,208.58,450.2616,0.0011,222,0.001,283,206,0.001,0.001,275,138,351,0.001,446,108,658,295,204,595,0.001,0.001,0.001,0.001
1030,16.399,37.496,276.69,755.5352,0.0021,222,0.001,205,0.001,0.001,333,504,0.001,331,465,461,391,0.001,0.001,401,464,0.001,0.001,0.001,0.001
1031,15.43,25.645,193.3,339.447,0.0028,222,0.001,0.001,0.001,0.001,0.001,0.001,0.001,0.001,0.001,0.001,0.001,2273,0.001,1281,0.001,0.001,0.001,0.001,0.001
1032,15.117,29.413,219.19,481.3549,0.0009,222,0.001,0.001,173,0.001,244,360,240,320,312,334,296,351,284,185,361,86,0.001,0.001,0.001
1033,5.821,30.08,223.33,565.2492,0.0009,221,187,234,0.001,0.001,227,276,189,438,168,223,248,450,275,336,291,0.001,83,0.001,0.001
1034,14.395,29.679,221.19,492.3457,0.0008,221,434,467,0.001,0.001,444,131,0.001,0.001,209,356,0.001,513,643,0.001,345,0.001,0.001,0.001,0.001
1035,2.274,17.353,134.25,203.0011,0.0004,221,138,106,0.001,0.001,599,0.001,229,0.001,0.001,0.001,194,0.001,0.001,55,0.001,2218,0.001,0.001,0.001
1036,13.425,23.627,177.79,362.1482,0.0008,221,0.001,222,242,0.001,212,264,272,278,228,321,327,326,290,263,290,0.001,0.001,0.001,0.001
1037,13.504,29.006,215.46,541.2499,0.0012,221,0.001,0.001,0.001,0.001,371,367,488,337,414,420,455,0.001,0.001,446,0.001,230,212,131,105
1038,9.74,27.105,202.16,464.3007,0.0009,220,0.001,0.001,0.001,0.001,171,151,0.001,278,0.001,0.001,0.001,423,309,652,347,1194,0.001,0.001,0.001
1039,15.572,35.694,263.85,687.4609,0.0014,220,211,275,166,0.001,168,333,0.001,439,255,315,216,430,0.001,207,247,260,0.001,0.001,0.001
1040,16.414,34.414,254.68,647.4664,0.0006,220,0.001,0.001,0.001,0.001,293,1002,0.001,1046,362,301,0.001,0.001,0.001,0.001,514,0.001,0.001,0.001,0.001
1041,14.37,30.451,226.71,506.3241,0.0007,220,263,0.001,190,0.001,0.001,265,0.001,839,251,177,0.001,512,665,0.001,355,0.001,0.001,0.001,0.001
1042,12.51,29.739,222.21,445.2951,0.0008,220,201,209,327,0.001,405,0.001,0.001,238,0.001,235,234,301,197,211,442,515,0.001,0.001,0.001
1043,4.848,21.556,317,471.1121,0.001,219,0.001,0.001,0.001,0.001,0.001,0.001,1002,0.001,0.001,1696,0.001,0.001,0.001,362,450,0.001,0.001,0.001,0.001
1044,0.53,20.39,154.81,279.0378,0.0013,219,0.001,0.001,0.001,0.001,0.001,88,0.001,0.001,0.001,121,0.001,0.001,0.001,0.001,0.001,3293,0.001,0.001,0.001
1045,0.371,21.797,166.19,255.1318,0.0005,219,0.001,0.001,0.001,0.001,0.001,313,0.001,222,0.001,0.001,0.001,0.001,0.001,0.001,0.001,2965,0.001,0.001,0.001
1046,6.49,28.839,214.8,497.2767,0.0009,218,200,214,244,0.001,218,271,139,353,138,184,207,286,285,237,247,264,0.001,0.001,0.001
1047,14.205,18.331,140.63,233.0423,0.0004,218,0.001,291,239,0.001,0.001,234,271,303,368,250,269,0.001,261,265,255,478,344,0.001,240
1048,5.562,24.772,185.71,401.0854,0.0005,218,173,214,300,0.001,199,182,0.001,414,101,111,327,386,377,309,171,220,0.001,0.001,0.001
1049,15.685,31.209,232.5,493.3878,0.0005,217,238,0.001,0.001,0.001,305,153,0.001,346,434,252,460,417,538,0.001,335,0.001,0.001,0.001,0.001
1050,14.624,26.73,200.69,381.336,0.0005,217,226,176,215,0.001,0.001,213,277,182,341,301,277,0.001,459,207,435,167,0.001,0.001,0.001
1051,3.643,21.327,161.06,330.0452,0.0006,217,284,249,320,0.001,0.001,0.001,207,210,272,312,231,378,379,340,288,0.001,0.001,0.001,0.001
1052,14.006,31.66,235.81,491.3737,0.0011,216,0.001,268,405,0.001,0.001,0.001,0.001,979,252,465,0.001,391,0.001,381,0.001,321,0.001,0.001,0.001
1053,5.648,31.479,233.21,611.2892,0.0008,216,0.001,210,0.001,0.001,0.001,0.001,263,591,183,212,282,585,444,396,296,0.001,124,0.001,77
1054,14.394,26.241,197.2,371.2969,0.0007,216,211,182,0.001,0.001,240,312,0.001,237,257,0.001,231,264,329,164,280,752,0.001,0.001,0.001
1055,15.132,29.96,223.1,497.3641,0.0008,216,0.001,196,170,0.001,187,247,232,234,399,281,293,292,280,155,273,216,0.001,0.001,0.001
1056,5.65,31.469,233.24,610.2916,0.001,216,0.001,188,236,0.001,171,297,192,576,170,0.001,236,443,356,343,242,0.001,115,0.001,0.001
1057,10.434,22.487,171.27,269.1297,0.0003,215,204,164,179,0.001,188,177,153,219,0.001,283,272,366,274,290,177,500,195,239,186
1058,10.822,22.398,170.52,271.2268,0.0006,215,230,228,255,0.001,279,196,146,309,161,279,166,278,167,168,391,193,140,75,112
1059,13.197,26.051,196.28,349.2712,0.0005,215,216,160,182,0.001,254,242,270,215,260,231,343,318,220,249,284,0.001,87,0.001,0.001
1060,12.597,26.916,201.52,415.2485,0.0007,215,201,0.001,282,0.001,264,384,0.001,256,175,347,190,245,230,279,308,282,0.001,0.001,0.001
1061,13.24,19.124,145.32,286.0394,0.0004,215,376,0.001,353,0.001,376,203,359,373,392,0.001,385,322,0.001,294,0.001,0.001,373,229,0.001
1062,12.011,18.974,144.59,262.0368,0.0013,214,0.001,0.001,0.001,0.001,0.001,824,0.001,606,0.001,314,0.001,0.001,716,0.001,0.001,965,580,0.001,0.001
1063,5.968,30.194,224.37,541.3029,0.001,214,180,0.001,286,0.001,199,300,164,467,0.001,186,258,367,320,308,235,151,0.001,0.001,0.001
1064,15.589,30.279,224.07,655.1051,0.0012,214,169,239,358,0.001,118,151,225,0.001,0.001,378,169,409,469,172,446,114,0.001,0.001,0.001
1065,12.828,25.183,189.9,339.2893,0.0007,214,238,0.001,0.001,0.001,198,221,284,284,377,331,232,397,234,270,350,0.001,0.001,0.001,0.001
1066,9.834,31.859,235.86,629.2636,0.0014,213,0.001,207,191,0.001,0.001,236,207,399,109,254,260,470,258,273,268,279,85,0.001,0.001
1067,12.19,28.734,213.04,599.0786,0.0011,213,0.001,0.001,978,0.001,218,0.001,0.001,229,210,181,173,407,661,217,135,0.001,159,0.001,0.001
1068,14.95,29.342,219.24,440.2985,0.001,213,0.001,0.001,111,0.001,218,0.001,0.001,164,0.001,0.001,202,158,128,114,115,2191,0.001,0.001,0.001
1069,14.467,18.963,144.43,263.0326,0.0009,213,0.001,0.001,0.001,0.001,0.001,0.001,0.001,0.001,0.001,0.001,0.001,527,492,0.001,0.001,2381,0.001,617,0.001
1070,14.129,19.112,145.26,289.0295,0.0004,211,520,541,456,0.001,492,0.001,0.001,0.001,427,0.001,482,0.001,0.001,0.001,463,0.001,0.001,526,0.001
1071,11.045,20.841,155.57,468.9675,0.0009,211,206,252,276,0.001,298,266,240,268,210,222,214,270,270,189,196,0.001,189,0.001,221
1072,13.887,33.819,250.79,593.4774,0.0013,211,292,168,315,0.001,314,242,254,0.001,0.001,0.001,400,172,118,433,398,269,0.001,0.001,0.001
1073,10.236,31.506,233.54,600.3102,0.0012,210,146,0.001,255,0.001,192,209,171,332,0.001,266,269,379,329,268,255,288,0.001,0.001,0.001
1074,9.885,27.101,203.38,391.2847,0.0008,210,169,100,0.001,0.001,0.001,0.001,0.001,535,142,268,0.001,250,0.001,0.001,1893,0.001,0.001,0.001,0.001
1075,12.99,27.1,202.59,433.2355,0.0007,210,0.001,0.001,239,0.001,249,558,0.001,996,250,218,163,0.001,97,0.001,254,330,0.001,0.001,0.001
1076,13.765,27.508,205.7,435.251,0.0006,209,414,300,285,0.001,410,254,365,174,0.001,397,319,0.001,0.001,298,0.001,135,0.001,0.001,0.001
1077,9.566,23.191,174.92,337.1487,0.0007,209,166,167,0.001,0.001,150,187,115,286,0.001,264,144,259,208,243,166,994,81,0.001,0.001
1078,14.506,33.889,251.33,593.4776,0.0014,209,82,69,385,0.001,454,0.001,0.001,268,0.001,57,595,586,506,109,0.001,237,0.001,0.001,0.001
1079,10.184,24.486,184.8,335.2207,0.0007,209,227,220,106,0.001,188,0.001,0.001,185,0.001,0.001,0.001,0.001,496,0.001,146,1773,106,0.001,0.001
1080,11.148,28.74,214.38,479.2421,0.0007,209,429,299,191,0.001,496,202,348,256,84,0.001,0.001,0.001,386,91,554,0.001,0.001,0.001,0.001
1081,9.424,18.593,140.14,346.9725,0.0009,208,306,262,269,0.001,201,439,159,276,0.001,543,0.001,196,155,188,243,97,197,227,165
1082,15.319,18.043,140.27,187.0965,0.0007,208,105,0.001,183,0.001,152,140,0.001,139,83,132,147,149,186,0.001,284,1630,0.001,0.001,0.001
1083,13.341,25.222,190.21,339.2897,0.0005,208,227,159,186,0.001,194,252,249,262,293,246,0.001,340,199,183,301,239,0.001,0.001,0.001
1084,15.519,25.955,193.5,485.0676,0.0007,208,399,417,623,0.001,0.001,0.001,364,0.001,0.001,0.001,365,0.001,0.001,0.001,537,615,0.001,0.001,0.001
1085,0.989,17.836,139.92,164.0707,0.0005,207,195,0.001,173,0.001,140,259,0.001,283,110,252,219,137,0.001,0.001,191,1351,0.001,0.001,0.001
1086,15.45,25.941,193.26,485.068,0.0006,207,0.001,456,0.001,0.001,0.001,199,499,288,236,0.001,0.001,386,440,339,0.001,463,0.001,0.001,0.001
1087,9.953,30.518,226.26,585.274,0.0011,207,0.001,252,0.001,0.001,0.001,281,192,398,183,266,278,0.001,392,342,317,405,0.001,0.001,0.001
1088,1.607,19.082,146.71,225.0626,0.0006,206,163,229,256,0.001,218,258,211,210,255,285,216,201,254,212,185,142,0.001,0.001,0.001
1089,13.461,23.191,174.87,336.1523,0.0009,206,0.001,217,0.001,0.001,0.001,237,246,178,131,296,232,294,255,218,203,788,0.001,0.001,0.001
1090,14.966,33.607,249.35,577.4829,0.001,206,0.001,135,273,0.001,182,0.001,0.001,475,0.001,587,391,202,208,0.001,0.001,838,0.001,0.001,0.001
1091,9.327,28.909,215.03,512.2674,0.0012,205,0.001,0.001,157,0.001,0.001,0.001,174,489,0.001,107,91,209,190,1730,0.001,134,0.001,0.001,0.001
1092,9.835,29.035,215.76,541.2485,0.001,205,0.001,206,215,0.001,172,208,171,343,0.001,219,215,366,289,252,212,412,0.001,0.001,0.001
1093,0.782,18.439,142.88,190.0538,0.0002,205,0.001,0.001,0.001,0.001,0.001,314,0.001,0.001,0.001,0.001,0.001,0.001,0.001,0.001,0.001,2961,0.001,0.001,0.001
1094,15.688,25.945,193.3,485.0678,0.0009,205,0.001,0.001,0.001,0.001,0.001,0.001,0.001,0.001,0.001,1030,0.001,820,794,0.001,631,0.001,0.001,0.001,0.001
1095,15.039,29.859,222.3,505.3083,0.0007,204,216,211,312,0.001,194,231,176,0.001,195,247,197,269,433,159,218,210,0.001,0.001,0.001
1096,14.424,31.558,234.62,534.3563,0.0013,204,171,235,195,0.001,152,0.001,0.001,268,181,150,93,228,993,0.001,484,110,0.001,0.001,0.001
1097,4.661,28.633,213.05,522.2185,0.0004,204,0.001,0.001,425,0.001,417,0.001,363,602,0.001,0.001,468,0.001,494,0.001,490,0.001,0.001,0.001,0.001
1098,12.925,24.948,188.01,340.2018,0.001,204,0.001,405,0.001,0.001,0.001,663,292,1394,0.001,0.001,130,0.001,299,0.001,0.001,75,0.001,222,0.001
1099,15.321,39.418,290.67,775.7013,0.0022,203,0.001,97,104,0.001,164,559,0.001,379,368,239,0.001,308,241,0.001,481,315,0.001,0.001,0.001
1100,14.587,17.433,134.37,219.0271,0.0002,203,0.001,744,955,0.001,0.001,459,0.001,0.001,0.001,0.001,0.001,1094,0.001,0.001,0.001,0.001,0.001,0.001,0.001
1101,14.696,32.724,242.8,578.3818,0.0012,203,166,282,202,0.001,171,0.001,184,128,197,124,189,243,531,86,659,89,0.001,0.001,0.001
1102,13.017,23.44,177.47,307.1946,0.0007,203,325,295,278,0.001,346,167,0.001,185,177,224,140,167,180,108,177,479,117,161,264
1103,14.336,22.177,169.3,255.2324,0.0004,203,0.001,0.001,224,0.001,230,279,224,247,262,206,208,0.001,222,0.001,313,831,137,126,0.001
1104,14.436,27.808,211.43,283.263,0.0005,203,0.001,597,0.001,0.001,810,0.001,0.001,987,851,0.001,0.001,0.001,0.001,0.001,0.001,0.001,0.001,0.001,0.001
1105,14.721,30.683,228.92,461.3623,0.0006,203,0.001,0.001,354,0.001,220,316,215,268,0.001,251,200,286,444,214,292,181,0.001,0.001,0.001
1106,14.274,26.8,200.33,409.2352,0.0004,203,0.001,0.001,0.001,0.001,0.001,0.001,0.001,68,0.001,0.001,0.001,0.001,0.001,0.001,0.001,3172,0.001,0.001,0.001
1107,5.65,30.191,224.13,566.2842,0.001,202,0.001,161,223,0.001,0.001,328,0.001,770,198,218,238,458,418,0.001,227,0.001,0.001,65,0.001
1108,12.387,34.658,256.61,668.1696,0.0003,202,613,691,0.001,0.001,632,0.001,0.001,0.001,0.001,0.001,0.001,653,0.001,0.001,644,0.001,0.001,0.001,0.001
1109,16.091,37.174,274.18,750.5452,0.0013,202,0.001,0.001,0.001,0.001,0.001,312,283,0.001,0.001,0.001,273,0.001,0.001,2360,0.001,0.001,0.001,0.001,0.001
1110,9.581,21.609,163.98,293.1414,0.0008,201,139,202,196,0.001,161,0.001,174,350,0.001,279,0.001,314,0.001,74,233,1096,86,0.001,0.001
1111,10.249,21.95,167.32,267.1127,0.0004,201,263,0.001,463,0.001,432,657,245,0.001,0.001,0.001,167,493,259,0.001,231,0.001,0.001,0.001,0.001
1112,15.232,37.34,275.42,764.5251,0.0012,201,0.001,0.001,0.001,0.001,285,1524,314,0.001,136,281,0.001,0.001,0.001,381,287,0.001,0.001,0.001,0.001
1113,0.248,19.544,149.51,247.0928,0.0006,199,478,131,360,0.001,0.001,266,0.001,656,0.001,520,93,319,0.001,0.001,0.001,358,0.001,0.001,0.001
1114,15.57,32.898,243.99,585.4281,0.0015,199,0.001,215,329,0.001,160,253,237,165,0.001,283,183,371,481,181,271,50,0.001,0.001,0.001
1115,12.143,24.715,183.07,630.9578,0.001,198,271,291,305,0.001,255,118,0.001,137,0.001,152,269,253,221,260,265,375,172,0.001,0.001
1116,14.799,27.342,203.25,543.0557,0.0007,198,0.001,468,291,0.001,0.001,0.001,286,0.001,0.001,280,0.001,562,480,0.001,805,0.001,0.001,0.001,0.001
1117,2.469,23.972,180.11,377.1598,0.0006,198,0.001,154,160,0.001,115,331,163,667,159,214,200,239,260,311,191,0.001,85,0.001,0.001
1118,12.435,30.071,223.75,509.2935,0.0011,198,0.001,172,0.001,0.001,153,240,318,377,269,209,0.001,426,138,178,447,235,0.001,0.001,0.001
1119,4.044,24.386,183.11,381.1939,0.0005,198,0.001,243,259,0.001,169,169,133,378,0.001,156,295,409,348,247,217,139,0.001,0.001,0.001
1120,13.711,17.429,133.5,244.0263,0.0003,197,315,371,349,0.001,0.001,473,0.001,441,0.001,437,0.001,362,0.001,411,0.001,0.001,502,0.001,0.001
1121,15.768,32.201,237.86,713.1301,0.0012,197,0.001,0.001,586,0.001,0.001,0.001,0.001,0.001,175,723,0.001,563,734,0.001,377,0.001,0.001,0.001,0.001
1122,15.128,19.575,150.48,223.0274,0.0003,197,0.001,455,0.001,0.001,0.001,481,376,0.001,0.001,0.001,0.001,620,750,0.001,0.001,468,0.001,0.001,0.001
1123,12.072,21.792,165.26,297.0459,0.0005,197,262,108,427,0.001,215,0.001,152,192,216,263,187,348,410,213,0.001,155,0.001,0.001,0.001
1124,13.63,17.131,131.78,220.0248,0.0006,197,0.001,643,0.001,0.001,0.001,0.001,0.001,0.001,0.001,0.001,0.001,0.001,689,0.001,0.001,1813,0.001,0.001,0.001
1125,12.672,19.125,145.25,286.0397,0.0005,197,0.001,342,345,0.001,0.001,354,385,343,0.001,336,0.001,0.001,330,330,326,53,0.001,0.001,223
1126,6.398,17.876,136.8,248.9005,0.0004,196,541,192,253,0.001,0.001,0.001,0.001,0.001,0.001,0.001,210,728,539,483,196,0.001,0.001,0.001,0.001
1127,12.118,26.793,200.63,415.2293,0.0007,196,185,127,284,0.001,197,311,183,254,136,297,121,266,0.001,209,226,341,0.001,0.001,0.001
1128,14.184,26.847,199.88,511.0638,0.0008,196,0.001,239,476,0.001,188,169,0.001,220,151,245,209,311,582,0.001,347,0.001,0.001,0.001,0.001
1129,13.101,20.512,155.39,305.0469,0.0004,196,0.001,310,227,0.001,286,0.001,0.001,312,0.001,0.001,318,309,0.001,345,0.001,1030,0.001,0.001,0.001
1130,15.08,32.189,239.27,536.4677,0.001,196,148,166,0.001,0.001,0.001,470,0.001,378,386,191,417,372,0.001,188,414,0.001,0.001,0.001,0.001
1131,13.576,19.12,145.32,287.0358,0.0003,195,0.001,613,0.001,0.001,608,0.001,590,0.001,0.001,0.001,640,0.001,0.001,0.001,676,0.001,0.001,0.001,0.001
1132,13.627,27.07,203.19,385.3131,0.0011,195,181,156,148,0.001,152,176,257,241,327,171,198,218,243,195,196,257,0.001,0.001,0.001
1133,14.643,30.697,228.23,541.3713,0.001,195,214,203,437,0.001,286,0.001,146,0.001,212,247,327,245,494,0.001,303,0.001,0.001,0.001,0.001
1134,14.761,19.6,150.51,223.0275,0.0003,195,0.001,0.001,0.001,0.001,0.001,0.001,0.001,0.001,0.001,0.001,0.001,878,935,0.001,0.001,1301,0.001,0.001,0.001
1135,15.764,23.204,174.19,387.0332,0.0007,195,0.001,0.001,635,0.001,0.001,0.001,0.001,0.001,0.001,642,0.001,572,804,0.001,459,0.001,0.001,0.001,0.001
1136,13.834,18.334,140.65,232.0459,0.0004,195,0.001,0.001,325,0.001,0.001,349,0.001,397,353,349,377,341,0.001,0.001,0.001,621,0.001,0.001,0.001
1137,7.803,24.467,184.68,329.232,0.0004,194,0.001,471,307,0.001,0.001,76,0.001,328,0.001,120,0.001,101,193,0.001,542,966,0.001,0.001,0.001
1138,2.109,17.87,137.91,203.001,0.0004,194,0.001,0.001,0.001,0.001,0.001,0.001,0.001,0.001,0.001,0.001,0.001,0.001,0.001,1627,0.001,1476,0.001,0.001,0.001
1139,14.422,13.109,100.36,248.992,0.0003,194,0.001,0.001,0.001,0.001,1159,0.001,0.001,0.001,0.001,0.001,1028,913,0.001,0.001,0.001,0.001,0.001,0.001,0.001
1140,15.518,31.759,235.88,554.39,0.0013,194,139,144,184,0.001,205,205,158,0.001,245,220,223,247,274,154,308,394,0.001,0.001,0.001
1141,12.636,28.485,212.42,479.2825,0.0008,194,320,183,178,0.001,0.001,316,323,240,262,156,295,363,100,362,0.001,0.001,0.001,0.001,0.001
1142,15.421,34.431,254.81,647.4654,0.0009,193,0.001,168,0.001,0.001,295,466,339,145,231,320,272,230,0.001,325,297,0.001,0.001,0.001,0.001
1143,14.31,33.217,246.59,573.4527,0.0007,193,0.001,144,0.001,0.001,260,0.001,0.001,909,0.001,1044,0.001,0.001,70,0.001,661,0.001,0.001,0.001,0.001
1144,15.441,23.343,177.38,283.2633,0.0005,193,191,157,168,0.001,140,159,148,0.001,0.001,150,184,189,146,160,120,1176,0.001,0.001,0.001
1145,14.043,28.171,210.53,440.2993,0.0013,193,0.001,129,155,0.001,149,97,152,0.001,143,109,150,0.001,164,110,99,1629,0.001,0.001,0.001
1146,11.056,22.1,164.37,530.9649,0.0012,193,234,244,233,0.001,209,176,178,173,213,200,195,261,207,232,262,64,0.001,0.001,145
1147,14.032,17.505,134.65,217.0343,0.0001,193,0.001,0.001,0.001,0.001,0.001,1007,0.001,0.001,0.001,0.001,0.001,0.001,0.001,0.001,0.001,2073,0.001,427,0.001
1148,14.486,26.748,200.74,381.3355,0.0003,192,0.001,0.001,220,0.001,0.001,354,284,263,0.001,332,321,271,425,0.001,411,198,0.001,0.001,0.001
1149,15.466,35.633,263.42,685.4082,0.0015,192,141,143,269,0.001,173,204,151,202,205,222,0.001,248,449,0.001,201,464,0.001,0.001,0.001
1150,11.187,26.872,201.36,409.2376,0.0004,192,331,226,108,0.001,447,159,282,234,0.001,0.001,0.001,0.001,273,0.001,509,499,0.001,0.001,0.001
1151,16.233,31.789,236.17,553.4276,0.0008,191,125,166,228,0.001,255,208,124,232,185,248,208,215,367,131,368,0.001,0.001,0.001,0.001
1152,1.257,23.562,177.74,339.1035,0.0009,191,0.001,0.001,529,0.001,0.001,0.001,0.001,2176,0.001,0.001,0.001,0.001,0.001,100,253,0.001,0.001,0.001,0.001
1153,9.951,33.17,245.31,673.2904,0.0017,191,143,147,174,0.001,161,268,187,386,134,262,0.001,365,288,309,0.001,233,0.001,53,0.001
1154,11.187,27.286,204.2,422.2572,0.0006,191,332,236,0.001,0.001,409,166,273,246,0.001,0.001,0.001,170,268,0.001,468,488,0.001,0.001,0.001
1155,16.186,23.347,177.42,283.2633,0.0006,191,118,161,141,0.001,174,0.001,0.001,0.001,145,0.001,187,137,146,161,147,1531,0.001,196,0.001
1156,3.16,17.741,264.27,259.0091,0.0001,190,1174,0.001,0.001,0.001,0.001,0.001,545,1327,0.001,0.001,0.001,0.001,0.001,0.001,0.001,0.001,0.001,0.001,0.001
1157,14.802,30.299,224.15,655.1046,0.0012,190,0.001,288,339,0.001,0.001,134,197,0.001,0.001,0.001,0.001,368,546,0.001,523,647,0.001,0.001,0.001
1158,13.448,27.259,203.56,454.2172,0.0006,190,199,0.001,0.001,0.001,246,250,382,270,262,360,0.001,0.001,354,344,372,0.001,0.001,0.001,0.001
1159,7.886,20.088,154.57,220.1458,0.0005,190,294,0.001,226,0.001,0.001,268,161,343,176,196,176,245,177,275,174,326,129,0.001,0.001
1160,13.476,18.334,140.66,233.0422,0.0005,189,0.001,224,242,0.001,0.001,251,293,190,316,321,168,322,330,0.001,0.001,373,0.001,0.001,0.001
1161,6.48,31.591,234.14,610.2919,0.0008,189,0.001,172,220,0.001,0.001,331,0.001,633,0.001,0.001,268,481,372,314,237,0.001,0.001,0.001,0.001
1162,13.098,29.02,216.46,478.2933,0.0004,189,357,137,143,0.001,329,0.001,348,218,220,387,0.001,271,126,166,320,0.001,0.001,0.001,0.001
1163,9.323,29.264,217.49,534.2499,0.0013,188,0.001,101,147,0.001,0.001,0.001,137,408,141,77,0.001,217,214,1457,0.001,108,0.001,0.001,0.001
1164,14.248,20.917,158.97,282.9932,0.0004,188,0.001,255,436,0.001,0.001,690,140,250,0.001,362,0.001,178,188,254,250,0.001,0.001,0.001,0.001
1165,13.173,29.124,216.87,499.3245,0.001,187,188,0.001,158,0.001,218,261,300,296,349,0.001,260,215,235,0.001,239,279,0.001,0.001,0.001
1166,13.674,18.326,140.64,233.0421,0.0004,187,0.001,195,216,0.001,0.001,298,189,252,366,203,290,217,273,262,236,0.001,286,0.001,0.001
1167,13.235,27.962,208.83,453.3225,0.0012,187,205,212,212,0.001,208,307,254,0.001,348,0.001,240,296,0.001,283,297,132,0.001,0.001,0.001
1168,9.352,30.234,225.6,455.246,0.0009,187,0.001,687,0.001,0.001,0.001,0.001,213,275,686,0.001,0.001,0.001,181,838,0.001,113,0.001,0.001,0.001
1169,8.782,17.785,134.35,332.7575,0.0006,187,223,248,274,0.001,232,0.001,243,238,360,0.001,252,336,0.001,304,281,0.001,0.001,0.001,0.001
1170,15.75,27.689,207.5,409.4041,0.0004,187,184,211,382,0.001,181,202,190,0.001,173,231,220,275,478,0.001,258,0.001,0.001,0.001,0.001
1171,16.237,36.039,266.94,625.4473,0.0009,187,172,68,0.001,0.001,120,438,234,331,314,242,178,147,584,0.001,157,0.001,0.001,0.001,0.001
1172,13.208,29.099,216.69,498.3275,0.0009,186,142,171,128,0.001,0.001,251,228,260,255,309,245,283,202,0.001,315,193,0.001,0.001,0.001
1173,11.568,24.226,183.18,319.2259,0.0006,186,310,253,223,0.001,497,0.001,190,0.001,0.001,0.001,0.001,118,173,166,376,672,0.001,0.001,0.001
1174,9.793,29.641,220.71,507.2223,0.0011,186,112,148,332,0.001,0.001,0.001,0.001,0.001,0.001,0.001,0.001,1115,214,0.001,0.001,1054,0.001,0.001,0.001
1175,5.428,28.729,213.92,522.2193,0.0007,186,401,434,486,0.001,414,0.001,0.001,0.001,342,424,473,0.001,0.001,0.001,0.001,0.001,0.001,0.001,0.001
1176,4.997,28.663,213.36,513.2719,0.0006,186,172,201,285,0.001,0.001,171,0.001,345,159,0.001,288,478,372,292,210,0.001,0.001,0.001,0.001
1177,13.473,35.518,262.25,720.3201,0.0015,186,0.001,0.001,387,0.001,0.001,219,0.001,207,127,272,354,371,354,353,329,0.001,0.001,0.001,0.001
1178,15.539,29.005,216.64,441.3752,0.0008,186,0.001,0.001,243,0.001,0.001,0.001,0.001,0.001,430,0.001,390,395,434,0.001,484,594,0.001,0.001,0.001
1179,12.803,17.504,134.65,217.0343,0.0004,185,0.001,0.001,0.001,0.001,0.001,1351,0.001,0.001,0.001,0.001,0.001,774,0.001,0.001,0.001,841,0.001,0.001,0.001
1180,5.147,26.819,201.35,385.1678,0.0004,185,1175,0.001,0.001,0.001,0.001,0.001,791,0.001,0.001,566,0.001,0.001,0.001,423,0.001,0.001,0.001,0.001,0.001
1181,9.947,31.942,236.54,629.2825,0.0013,185,105,178,194,0.001,133,158,137,285,102,210,183,365,249,232,185,237,65,0.001,0.001
1182,13.077,13.085,100.22,248.995,0.0011,185,0.001,0.001,0.001,0.001,1375,0.001,0.001,0.001,0.001,0.001,1577,0.001,0.001,0.001,0.001,0.001,0.001,0.001,0.001
1183,7.84,24.594,185.52,329.2317,0.0004,184,0.001,0.001,0.001,0.001,599,0.001,0.001,0.001,0.001,0.001,0.001,0.001,0.001,0.001,0.001,2351,0.001,0.001,0.001
1184,13.422,31.177,232.79,445.3324,0.0007,184,0.001,0.001,284,0.001,0.001,0.001,246,812,251,515,0.001,264,249,246,0.001,82,0.001,0.001,0.001
1185,12.865,30.592,227.32,541.3345,0.0014,184,208,152,146,0.001,0.001,193,238,222,365,277,231,316,161,0.001,303,134,0.001,0.001,0.001
1186,15.139,29.174,217.49,483.2636,0.0006,184,177,269,176,0.001,196,173,204,213,193,238,205,275,196,221,209,0.001,156,173,145
1187,9.924,21.277,160.75,329.1599,0.001,184,196,144,499,0.001,226,0.001,153,177,0.001,320,224,403,397,0.001,200,0.001,0.001,0.001,0.001
1188,13.485,31.155,231.03,599.2913,0.0007,184,198,263,231,0.001,252,246,290,0.001,218,0.001,229,279,240,249,243,0.001,81,0.001,77
1189,6.426,26.948,201.33,437.0533,0.0013,184,0.001,0.001,336,0.001,0.001,0.001,930,1551,0.001,0.001,0.001,0.001,0.001,0.001,0.001,121,0.001,0.001,0.001
1190,12.83,30.008,223.23,525.3253,0.0009,184,243,140,154,0.001,0.001,0.001,234,342,382,288,208,327,0.001,286,334,0.001,0.001,0.001,0.001
1191,12.44,30.418,226.32,525.1371,0.0011,184,263,240,230,0.001,209,150,266,246,245,337,230,0.001,286,235,0.001,0.001,0.001,0.001,0.001
1192,11.943,23.533,177.2,357.0124,0.001,183,224,181,302,0.001,164,237,0.001,260,200,255,190,227,243,260,191,0.001,0.001,0.001,0.001
1193,14.637,26.741,200.81,371.3153,0.0005,183,0.001,0.001,0.001,0.001,0.001,381,215,331,351,301,334,340,0.001,258,0.001,418,0.001,0.001,0.001
1194,14.003,30.311,225.42,536.3453,0.0008,183,193,208,275,0.001,221,0.001,0.001,257,283,0.001,228,250,447,201,364,0.001,0.001,0.001,0.001
1195,5.513,16.379,128.99,158.0372,0.0001,182,0.001,0.001,2277,0.001,0.001,0.001,0.001,0.001,641,0.001,0.001,0.001,0.001,0.001,0.001,0.001,0.001,0.001,0.001
1196,5.659,28.799,214.48,497.2763,0.0008,182,0.001,211,233,0.001,209,206,202,297,150,0.001,212,274,275,248,169,226,0.001,0.001,0.001
1197,14.392,29.153,217.27,480.3092,0.0009,182,117,181,0.001,0.001,0.001,310,0.001,281,292,297,245,473,0.001,228,369,115,0.001,0.001,0.001
1198,14.813,26.997,202.33,403.263,0.0006,182,0.001,242,245,0.001,137,298,0.001,193,0.001,241,189,386,442,0.001,313,221,0.001,0.001,0.001
1199,10.282,21.968,163.61,498.9278,0.0009,182,0.001,0.001,319,0.001,326,0.001,121,388,0.001,0.001,419,492,462,239,0.001,140,314,0.001,0.001
1200,13.406,26.435,198.65,367.2297,0.0004,181,112,0.001,0.001,0.001,0.001,0.001,172,385,256,354,248,320,166,259,357,269,0.001,0.001,0.001
1201,11.721,24.239,183.23,319.2258,0.0015,181,319,238,0.001,0.001,456,294,166,278,0.001,0.001,0.001,0.001,0.001,65,320,760,0.001,0.001,0.001
1202,15.128,28.566,213.52,447.3462,0.0005,181,257,384,162,0.001,201,0.001,157,184,0.001,186,0.001,331,634,0.001,395,0.001,0.001,0.001,0.001
1203,12.887,18.328,140.66,233.0423,0.0003,181,254,0.001,273,0.001,0.001,351,258,345,310,312,0.001,270,270,246,0.001,0.001,0.001,0.001,0.001
1204,13.549,29.726,222.05,447.347,0.0008,180,87,104,264,0.001,0.001,0.001,0.001,598,165,1037,102,284,0.001,0.001,115,131,0.001,0.001,0.001
1205,12.441,32.948,244.17,616.1413,0.0009,180,244,201,197,0.001,205,107,159,234,193,250,173,301,189,197,231,0.001,0.001,0.001,0.001
1206,12.172,18.937,144.39,262.0369,0.001,180,0.001,0.001,0.001,0.001,0.001,772,0.001,531,615,499,0.001,0.001,462,0.001,0.001,0.001,538,0.001,0.001
1207,14.68,30.371,225.82,524.3971,0.0011,180,0.001,0.001,349,0.001,278,151,167,224,0.001,233,299,253,455,0.001,291,178,0.001,0.001,0.001
1208,14.003,30.94,229.59,581.3499,0.0007,180,0.001,206,300,0.001,242,238,242,227,295,0.001,0.001,236,371,201,316,0.001,0.001,0.001,0.001
1209,13.765,17.129,131.76,221.0211,0.0004,179,0.001,633,0.001,0.001,0.001,0.001,0.001,0.001,0.001,0.001,0.001,0.001,648,0.001,636,951,381,0.001,0.001
1210,14.499,33.316,247.29,573.4521,0.001,179,220,164,180,0.001,150,0.001,0.001,478,0.001,322,0.001,366,414,376,0.001,190,0.001,0.001,0.001
1211,8.518,20.569,154.09,414.9054,0.0009,178,300,398,0.001,0.001,422,152,277,247,110,325,0.001,110,0.001,227,286,0.001,302,0.001,59
1212,2.785,25.777,192.93,421.1864,0.0008,178,0.001,0.001,177,0.001,106,283,0.001,696,167,225,216,247,272,279,185,0.001,83,0.001,0.001
1213,13.53,29.58,221.61,409.3108,0.0005,178,161,171,221,0.001,176,179,197,236,210,167,234,241,248,231,180,0.001,204,122,0.001
1214,12.174,13.092,100.23,248.9933,0.0006,178,0.001,0.001,0.001,0.001,1040,0.001,0.001,0.001,0.001,0.001,782,1026,0.001,0.001,0.001,0.001,0.001,0.001,0.001
1215,14.157,21.76,164.96,299.0257,0.0009,178,199,136,218,0.001,94,261,123,193,248,147,240,196,152,187,196,255,0.001,0.001,0.001
1216,2.445,28.859,224.24,187.0055,0.0008,177,171,0.001,196,0.001,175,0.001,232,0.001,153,229,256,222,0.001,248,0.001,957,0.001,0.001,0.001
1217,12.901,19.128,145.41,286.0395,0.0004,177,0.001,402,430,0.001,317,0.001,410,0.001,457,0.001,408,0.001,0.001,0.001,412,0.001,0.001,0.001,0.001
1218,13.484,27.937,208.17,495.2247,0.0009,177,169,232,182,0.001,216,0.001,242,205,258,193,238,244,200,211,245,0.001,0.001,0.001,105
1219,16.104,23.354,177.51,283.2633,0.0004,177,184,173,217,0.001,197,0.001,0.001,0.001,0.001,0.001,128,146,0.001,162,149,1478,0.001,0.001,0.001
1220,10.244,23.943,181.13,313.2372,0.0006,177,169,167,197,0.001,216,204,173,109,226,214,170,198,168,158,259,203,196,0.001,163
1221,13.501,28.521,213.4,425.2009,0.0008,177,117,228,229,0.001,143,166,194,153,148,0.001,301,296,245,251,234,125,0.001,0.001,0.001
1222,13.592,19.112,145.19,289.0296,0.0003,176,0.001,598,0.001,0.001,549,442,0.001,0.001,624,0.001,0.001,0.001,608,0.001,0.001,0.001,0.001,408,0.001
1223,15.284,29.597,220.45,497.2785,0.0008,176,256,285,265,0.001,244,0.001,0.001,229,239,0.001,272,244,216,222,254,93,0.001,252,0.001
1224,12.595,25.788,190.37,744.9512,0.0012,176,241,237,0.001,0.001,249,134,0.001,170,0.001,0.001,289,0.001,241,220,238,797,121,0.001,0.001
1225,14.816,21.292,160.85,329.0456,0.0007,176,296,572,219,0.001,0.001,0.001,0.001,273,0.001,386,216,223,315,0.001,315,0.001,0.001,0.001,0.001
1226,15.064,27.079,203.54,383.4786,0.0019,176,0.001,397,1269,0.001,0.001,0.001,0.001,0.001,0.001,0.001,0.001,0.001,0.001,1147,0.001,0.001,0.001,0.001,0.001
1227,13.781,18.96,144.6,261.0392,0.0004,176,0.001,0.001,0.001,0.001,0.001,0.001,537,710,316,0.001,623,0.001,623,0.001,0.001,0.001,0.001,0.001,474
1228,12.476,25.072,189.2,339.1981,0.0007,176,282,324,306,0.001,359,0.001,420,0.001,0.001,0.001,0.001,0.001,303,448,366,0.001,0.001,105,0.001
1229,12.173,23.517,178.26,297.2426,0.0004,175,0.001,0.001,261,0.001,362,0.001,226,315,188,216,0.001,328,259,183,0.001,461,0.001,0.001,0.001
1230,13.365,19.108,145.24,288.0327,0.0003,175,747,0.001,545,0.001,0.001,741,0.001,0.001,0.001,0.001,0.001,0.001,0.001,0.001,764,0.001,0.001,0.001,0.001
1231,13.133,23.518,178.21,305.2147,0.0005,174,306,350,0.001,0.001,438,0.001,0.001,0.001,0.001,377,0.001,0.001,483,385,444,0.001,0.001,0.001,356
1232,2.445,31.871,247.62,187.0055,0.0004,174,0.001,150,157,0.001,202,267,293,192,251,273,188,0.001,0.001,258,0.001,550,0.001,0.001,0.001
1233,2.433,28.04,217.87,187.0059,0.0009,174,117,0.001,182,0.001,251,199,226,172,158,0.001,192,0.001,230,264,140,647,0.001,0.001,0.001
1234,13.514,33.097,245.83,560.4012,0.0003,174,0.001,0.001,679,0.001,0.001,0.001,0.001,0.001,0.001,0.001,0.001,1030,0.001,1069,0.001,0.001,0.001,0.001,0.001
1235,13.829,19.083,144.97,289.0296,0.0004,173,0.001,607,489,0.001,0.001,0.001,564,0.001,0.001,0.001,0.001,523,0.001,591,0.001,0.001,0.001,338,0.001
1236,9.955,25.916,193.17,485.0689,0.001,173,0.001,125,340,0.001,177,119,0.001,148,0.001,241,0.001,354,257,250,0.001,761,0.001,0.001,0.001
1237,13.795,18.961,144.65,260.0427,0.0004,173,0.001,266,0.001,0.001,204,0.001,240,223,293,0.001,231,0.001,350,250,0.001,712,245,0.001,0.001
1238,13.618,39.854,293.47,843.4053,0.0041,173,0.001,75,96,0.001,0.001,105,0.001,0.001,0.001,0.001,74,0.001,0.001,0.001,0.001,2418,0.001,0.001,0.001
1239,4.532,26.404,197.49,433.2083,0.0004,173,137,118,137,0.001,0.001,0.001,178,475,203,206,215,272,264,285,277,0.001,0.001,0.001,0.001
1240,13.485,29.779,221.36,540.27,0.001,173,0.001,0.001,379,0.001,262,0.001,0.001,224,218,348,0.001,465,473,397,0.001,0.001,0.001,0.001,0.001
1241,14.002,30.845,229.16,553.3527,0.0009,173,170,153,223,0.001,183,160,0.001,149,309,205,231,184,337,173,286,0.001,114,0.001,0.001
1242,9.812,26.775,200.02,451.1972,0.0009,172,154,225,0.001,0.001,193,210,175,321,144,254,0.001,342,253,272,216,0.001,0.001,0.001,0.001
1243,12.869,27.938,209.16,413.3256,0.0008,172,302,0.001,166,0.001,0.001,188,0.001,0.001,448,0.001,289,363,0.001,245,477,281,0.001,0.001,0.001
1244,12.122,22.002,167.9,257.211,0.0007,172,0.001,105,0.001,0.001,147,197,85,168,78,155,110,132,91,0.001,128,1361,0.001,0.001,0.001
1245,12.548,31.465,233.44,573.3309,0.0011,172,0.001,373,143,0.001,0.001,188,0.001,245,193,287,0.001,433,0.001,254,342,296,0.001,0.001,111
1246,14.926,32.492,241.17,562.3871,0.0007,172,0.001,344,304,0.001,0.001,0.001,0.001,286,173,0.001,0.001,348,864,0.001,288,146,0.001,0.001,0.001
1247,11.19,28.174,210.41,452.2481,0.0008,172,227,187,0.001,0.001,343,120,243,238,0.001,0.001,0.001,0.001,300,0.001,511,582,0.001,0.001,0.001
1248,14.823,30.19,223.48,641.0895,0.0013,172,0.001,293,244,0.001,78,133,0.001,140,0.001,188,0.001,410,342,86,609,225,0.001,0.001,0.001
1249,15.705,29.998,223.9,459.326,0.0004,172,125,143,293,0.001,0.001,201,0.001,0.001,0.001,263,157,267,531,137,402,228,0.001,0.001,0.001
1250,6.354,13.127,100.21,248.9706,0.0006,171,0.001,0.001,0.001,0.001,0.001,0.001,0.001,0.001,0.001,0.001,751,0.001,0.001,0.001,0.001,1987,0.001,0.001,0.001
1251,15.275,26.352,198.23,365.3413,0.0007,171,146,159,141,0.001,163,207,184,203,267,195,193,245,230,158,243,0.001,0.001,0.001,0.001
1252,12.507,19.146,145.34,287.0362,0.0009,171,402,0.001,0.001,0.001,0.001,0.001,0.001,0.001,477,672,318,0.001,0.001,0.001,690,174,0.001,0.001,0.001
1253,16.294,39.203,288.7,834.5296,0.0029,170,0.001,0.001,0.001,0.001,364,205,182,649,0.001,515,0.001,108,0.001,222,474,0.001,0.001,0.001,0.001
1254,3.652,21.3,160.84,329.0465,0.0008,170,218,0.001,346,0.001,241,0.001,161,193,0.001,320,143,363,0.001,297,265,171,0.001,0.001,0.001
1255,15.209,27.986,209.25,436.2831,0.0005,170,0.001,0.001,165,0.001,438,354,241,195,254,516,0.001,0.001,0.001,371,182,0.001,0.001,0.001,0.001
1256,12.436,31.428,233.6,540.1605,0.0006,170,346,0.001,288,0.001,0.001,0.001,0.001,344,0.001,397,241,465,0.001,262,369,0.001,0.001,0.001,0.001
1257,13.185,18.963,144.8,261.0394,0.0006,169,0.001,826,0.001,0.001,930,0.001,0.001,0.001,0.001,467,0.001,486,0.001,0.001,0.001,0.001,0.001,0.001,0.001
1258,15.533,23.176,174.01,387.0328,0.0006,169,235,334,0.001,0.001,181,170,262,242,162,0.001,289,0.001,326,191,314,0.001,0.001,0.001,0.001
1259,15.337,35.478,262.09,690.5092,0.0014,169,0.001,0.001,0.001,0.001,0.001,1322,263,0.001,0.001,573,0.001,0.001,0.001,280,264,0.001,0.001,0.001,0.001
1260,14.915,35.868,264.88,703.4564,0.0014,169,0.001,0.001,0.001,0.001,0.001,1162,0.001,1238,0.001,0.001,0.001,0.001,0.001,0.001,299,0.001,0.001,0.001,0.001
1261,8.32,17.512,132.45,318.9779,0.0006,169,216,171,169,0.001,196,214,148,200,176,265,138,185,147,0.001,200,274,0.001,129,0.001
1262,13.469,26.742,199.8,450.2,0.0008,169,124,213,236,0.001,175,205,204,0.001,214,287,253,190,215,203,177,0.001,65,0.001,0.001
1263,8.973,21.972,167.41,267.1129,0.0005,169,209,136,196,0.001,0.001,404,0.001,371,0.001,517,90,189,0.001,269,227,88,0.001,0.001,0.001
1264,12.637,17.138,131.84,220.025,0.0006,168,0.001,0.001,0.001,0.001,807,0.001,0.001,0.001,0.001,0.001,0.001,0.001,778,0.001,0.001,1103,0.001,0.001,0.001
1265,14.336,18.992,144.57,261.0402,0.0001,168,0.001,0.001,0.001,0.001,0.001,0.001,0.001,0.001,0.001,0.001,0.001,0.001,0.001,0.001,0.001,2681,458,0.001,0.001
1266,12.435,33.225,246.52,585.1572,0.0007,168,201,238,184,0.001,181,0.001,190,201,186,229,177,259,246,184,204,0.001,0.001,0.001,0.001
1267,12.743,28.33,211.65,452.2774,0.001,167,273,110,169,0.001,240,181,290,230,223,269,143,225,0.001,0.001,322,0.001,0.001,0.001,0.001
1268,10.451,21.74,164.85,299.0248,0.0006,167,191,210,312,0.001,0.001,231,191,226,188,234,191,234,237,228,0.001,0.001,0.001,0.001,0.001
1269,10.918,22.462,170.97,271.2267,0.0006,167,154,190,0.001,0.001,0.001,291,145,183,146,182,136,180,95,176,179,615,0.001,0.001,0.001
1270,12.164,19.129,145.29,287.0369,0.0008,166,0.001,0.001,356,0.001,0.001,0.001,0.001,535,391,570,378,431,0.001,0.001,0.001,0.001,0.001,379,0.001
1271,11.864,28.769,214.5,481.2956,0.0006,166,230,0.001,165,0.001,247,149,233,0.001,242,252,199,281,150,242,270,0.001,0.001,0.001,0.001
1272,14.22,27.826,207.98,438.2982,0.0011,166,0.001,349,0.001,0.001,0.001,0.001,184,0.001,241,0.001,213,817,373,0.001,479,0.001,0.001,0.001,0.001
1273,13.119,17.439,133.55,245.0225,0.0004,166,308,299,0.001,0.001,264,0.001,0.001,260,375,297,274,301,273,0.001,0.001,0.001,0.001,0.001,0.001
1274,12.647,17.137,131.81,221.0212,0.0006,165,0.001,0.001,0.001,0.001,677,0.001,0.001,0.001,0.001,0.001,0.001,669,593,0.001,0.001,707,0.001,0.001,0.001
1275,13.39,24.099,183.91,259.2422,0.0005,165,121,85,270,0.001,293,195,121,183,75,0.001,0.001,0.001,104,0.001,0.001,1193,0.001,0.001,0.001
1276,0.71,20.128,153.4,267.0722,0.0004,165,0.001,216,292,0.001,331,0.001,0.001,221,0.001,0.001,227,154,161,0.001,0.001,1035,0.001,0.001,0.001
1277,10.059,34.428,254.25,717.3156,0.0019,165,0.001,153,165,0.001,155,0.001,0.001,334,113,231,199,357,271,256,210,190,0.001,0.001,0.001
1278,13.557,31.842,236.88,513.4153,0.0011,164,0.001,74,184,0.001,0.001,0.001,0.001,286,0.001,793,213,200,256,222,0.001,403,0.001,0.001,0.001
1279,12.779,17.437,133.49,245.0227,0.0004,164,268,0.001,0.001,0.001,220,352,0.001,234,351,0.001,306,282,342,0.001,273,0.001,0.001,0.001,0.001
1280,15.297,28.474,212.99,426.3623,0.0008,164,0.001,161,173,0.001,179,186,200,0.001,270,187,207,211,237,130,236,251,0.001,0.001,0.001
1281,15.687,36.91,272.51,732.5191,0.0007,164,81,341,0.001,0.001,0.001,434,235,366,158,329,0.001,453,0.001,228,0.001,0.001,0.001,0.001,0.001
1282,14.68,28.67,214.34,441.3749,0.0011,164,275,151,313,0.001,233,135,175,145,0.001,170,192,143,458,0.001,233,0.001,0.001,0.001,0.001
1283,14.698,21.803,165.29,297.0459,0.0005,164,0.001,0.001,269,0.001,146,0.001,0.001,254,0.001,337,0.001,350,458,258,292,258,0.001,0.001,0.001
1284,13.473,35.517,262.35,719.3201,0.001,164,0.001,245,236,0.001,182,165,0.001,116,136,227,300,289,235,243,243,0.001,0.001,0.001,0.001
1285,14.674,29.125,217.99,415.3213,0.0011,164,202,195,0.001,0.001,0.001,216,184,249,222,225,133,272,213,0.001,247,258,0.001,0.001,0.001
1286,14.949,37.749,278.77,719.6381,0.0018,163,102,113,0.001,0.001,242,278,0.001,252,264,0.001,0.001,321,298,137,0.001,594,0.001,0.001,0.001
1287,13.269,20.487,155.07,306.044,0.0017,162,0.001,0.001,340,0.001,0.001,0.001,0.001,0.001,435,0.001,0.001,430,0.001,0.001,0.001,1390,0.001,171,0.001
1288,14.015,17.128,131.73,221.0213,0.0003,161,0.001,673,0.001,0.001,0.001,0.001,0.001,0.001,0.001,0.001,548,0.001,0.001,0.001,0.001,1362,0.001,0.001,0.001
1289,14.591,23.406,177.68,284.3748,0.001,161,0.001,199,0.001,0.001,0.001,0.001,0.001,0.001,0.001,0.001,0.001,229,0.001,0.001,0.001,2149,0.001,0.001,0.001
1290,10.489,24.636,185.86,335.2189,0.0008,161,123,150,144,0.001,0.001,146,0.001,157,129,142,0.001,153,0.001,0.001,135,1296,0.001,107,95
1291,14.112,21.787,165.21,297.0459,0.0006,161,0.001,0.001,262,0.001,104,152,192,228,194,265,153,306,320,238,159,0.001,0.001,0.001,0.001
1292,12.966,18.328,140.67,233.0423,0.0003,161,182,0.001,0.001,0.001,229,287,0.001,244,304,290,229,293,202,311,0.001,0.001,0.001,0.001,0.001
1293,14.788,17.528,135.01,218.0304,0.001,161,0.001,0.001,745,0.001,302,0.001,0.001,0.001,0.001,0.001,0.001,0.001,0.001,0.001,337,1184,0.001,0.001,0.001
1294,6.255,31.505,233.68,585.3298,0.0014,160,166,180,0.001,0.001,171,296,0.001,381,0.001,160,233,357,324,0.001,194,104,0.001,0.001,0.001
1295,13.507,37.531,277.1,755.3469,0.0011,160,159,271,283,0.001,189,0.001,371,280,0.001,0.001,0.001,349,345,318,0.001,0.001,0.001,0.001,0.001
1296,13.821,32.801,243.63,539.4308,0.001,160,0.001,0.001,0.001,0.001,256,0.001,234,0.001,0.001,165,431,431,0.001,377,232,435,0.001,0.001,0.001
1297,13.611,35.088,259.12,666.2894,0.0037,160,0.001,0.001,0.001,0.001,0.001,0.001,0.001,0.001,0.001,57,0.001,0.001,60,0.001,0.001,2443,0.001,0.001,0.001
1298,4.542,27.452,204.62,479.2099,0.0014,160,0.001,0.001,165,0.001,154,231,178,337,156,153,192,265,206,242,207,73,0.001,0.001,0.001
1299,2.83,16.68,130.32,172.0393,0.0003,160,0.001,0.001,0.001,0.001,0.001,294,470,202,837,347,0.001,0.001,0.001,120,83,206,0.001,0.001,0.001
1300,2.444,30.225,234.66,187.0058,0.0013,160,0.001,0.001,0.001,0.001,0.001,0.001,179,0.001,209,224,350,282,246,322,107,634,0.001,0.001,0.001
1301,15.154,28.595,213.65,441.3748,0.0009,159,0.001,313,0.001,0.001,393,419,289,382,0.001,346,0.001,0.001,0.001,231,0.001,177,0.001,0.001,0.001
1302,10.152,33.28,246.08,673.328,0.0016,159,0.001,208,223,0.001,162,0.001,162,0.001,105,234,252,377,282,0.001,243,300,62,0.001,0.001
1303,6.014,20.7,157.57,273.0424,0.0008,159,174,188,224,0.001,207,152,122,222,0.001,178,128,255,201,225,157,115,305,84,0.001
1304,13.244,29.217,217.83,480.2737,0.0012,159,135,143,163,0.001,111,201,160,214,127,253,0.001,207,200,153,402,77,0.001,0.001,0.001
1305,13.456,25.781,194.46,337.1483,0.0008,159,74,178,184,0.001,144,168,195,125,141,0.001,208,212,201,166,184,362,0.001,0.001,0.001
1306,15.295,26.855,201.73,381.3723,0.0005,158,187,194,274,0.001,203,203,142,174,175,178,167,0.001,370,0.001,257,0.001,0.001,0.001,0.001
1307,14.63,28.068,210.41,397.3313,0.0006,158,192,0.001,532,0.001,0.001,0.001,237,410,0.001,0.001,0.001,267,301,0.001,381,203,0.001,0.001,0.001
1308,6.733,21.636,162.55,372.871,0.0018,158,0.001,0.001,0.001,0.001,0.001,2363,0.001,0.001,0.001,0.001,0.001,157,0.001,0.001,0.001,0.001,0.001,0.001,0.001
1309,12.947,17.44,133.53,244.0263,0.0003,157,0.001,0.001,395,0.001,0.001,0.001,302,477,0.001,488,0.001,473,377,0.001,0.001,0.001,0.001,0.001,0.001
1310,14.828,18.991,144.62,262.0355,0.0005,156,0.001,0.001,0.001,0.001,0.001,0.001,0.001,0.001,0.001,0.001,486,0.001,430,0.001,0.001,1582,0.001,0.001,0.001
1311,13.385,30.404,226.79,467.3731,0.0011,156,0.001,0.001,201,0.001,165,0.001,0.001,330,0.001,950,0.001,232,0.001,0.001,0.001,613,0.001,0.001,0.001
1312,15.684,36.514,269.66,724.5283,0.0016,156,0.001,55,131,0.001,179,800,370,154,54,0.001,200,117,59,232,139,0.001,235,0.001,0.001
1313,14.966,25.928,193.28,485.0674,0.001,156,0.001,308,355,0.001,0.001,156,96,126,0.001,285,161,336,318,0.001,347,0.001,0.001,0.001,0.001
1314,3.657,21.342,161.09,331.0423,0.0009,156,320,0.001,374,0.001,0.001,0.001,0.001,295,295,328,0.001,387,0.001,411,0.001,78,0.001,0.001,0.001
1315,12.192,23.166,175.54,307.0088,0.0006,155,200,132,654,0.001,195,0.001,0.001,140,202,0.001,0.001,287,501,176,0.001,0.001,0.001,0.001,0.001
1316,15.767,26.317,196.06,499.0829,0.0008,155,187,176,361,0.001,0.001,91,0.001,0.001,95,356,160,304,372,164,220,0.001,0.001,0.001,0.001
1317,15.016,28.953,215.93,475.342,0.0008,155,105,285,0.001,0.001,416,113,0.001,0.001,0.001,0.001,0.001,210,331,0.001,606,419,0.001,0.001,0.001
1318,15.473,30.937,230.12,525.396,0.0012,155,106,168,0.001,0.001,199,271,167,236,285,190,212,246,0.001,152,250,0.001,0.001,0.001,0.001
1319,15.685,31.403,233.41,538.4147,0.0007,155,0.001,0.001,180,0.001,199,375,182,239,241,322,227,236,0.001,0.001,281,0.001,0.001,0.001,0.001
1320,10.312,22.66,168.75,508.9517,0.0009,155,197,157,211,0.001,199,182,0.001,188,188,219,164,154,224,186,208,0.001,230,222,0.001
1321,13.701,17.471,134.52,218.031,0.0006,155,0.001,0.001,0.001,0.001,0.001,1264,0.001,0.001,0.001,0.001,0.001,0.001,0.001,0.001,1213,0.001,0.001,0.001,0.001
1322,9.951,27.25,202.57,530.0745,0.0011,155,0.001,0.001,219,0.001,168,98,0.001,206,144,231,176,244,248,249,186,307,0.001,0.001,0.001
1323,13.715,17.112,131.77,221.0214,0.0003,155,0.001,750,0.001,0.001,540,0.001,0.001,505,286,0.001,0.001,0.001,0.001,394,0.001,0.001,362,0.001,0.001
1324,8.581,26.129,196.59,367.1574,0.0008,155,90,68,91,0.001,217,0.001,150,683,180,750,0.001,246,0.001,0.001,0.001,0.001,0.001,0.001,0.001
1325,2.721,24.77,186.35,359.123,0.0005,154,0.001,101,164,0.001,0.001,290,175,321,154,442,0.001,156,124,205,0.001,331,0.001,0.001,0.001
1326,12.825,23.889,180.77,308.3034,0.0006,154,0.001,0.001,0.001,0.001,0.001,0.001,0.001,0.001,0.001,1173,0.001,0.001,0.001,0.001,1289,0.001,0.001,0.001,0.001
1327,15.135,28.252,211.38,427.3597,0.0012,154,89,151,142,0.001,163,132,0.001,172,202,160,196,0.001,0.001,0.001,188,866,0.001,0.001,0.001
1328,8.312,19.998,439.82,399.0622,0.0012,153,0.001,0.001,0.001,0.001,0.001,0.001,0.001,0.001,0.001,0.001,0.001,0.001,1014,1440,0.001,0.001,0.001,0.001,0.001
1329,10.696,26.838,200.5,448.3055,0.0008,153,581,0.001,0.001,0.001,0.001,0.001,411,0.001,662,426,371,0.001,0.001,0.001,0.001,0.001,0.001,0.001,0.001
1330,6.76,32.831,242.93,655.3155,0.0012,153,0.001,0.001,176,0.001,127,164,0.001,457,138,186,215,298,273,230,184,0.001,0.001,0.001,0.001
1331,11.559,21.82,165.78,283.0783,0.0005,153,0.001,0.001,169,0.001,0.001,212,173,228,201,271,156,229,313,160,332,0.001,0.001,0.001,0.001
1332,13.434,26.456,198.92,367.2297,0.0004,153,0.001,308,287,0.001,293,0.001,0.001,191,272,0.001,199,241,0.001,208,0.001,441,0.001,0.001,0.001
1333,14.135,33.352,247.18,591.4627,0.0016,153,0.001,0.001,141,0.001,0.001,0.001,0.001,531,0.001,735,99,196,0.001,224,330,184,0.001,0.001,0.001
1334,9.447,20.844,156.65,368.9737,0.001,152,113,0.001,0.001,0.001,0.001,159,0.001,0.001,146,212,138,90,0.001,0.001,0.001,1580,0.001,0.001,0.001
1335,15.285,37.627,277.38,772.5269,0.0021,152,0.001,0.001,0.001,0.001,0.001,2048,0.001,0.001,387,0.001,0.001,0.001,0.001,0.001,0.001,0.001,0.001,0.001,0.001
1336,12.298,23.612,178.86,299.2579,0.0005,152,0.001,0.001,0.001,0.001,258,0.001,0.001,0.001,0.001,565,491,0.001,0.001,0.001,779,342,0.001,0.001,0.001
1337,13.648,33.289,246.78,591.4628,0.0016,152,164,0.001,0.001,0.001,135,0.001,0.001,475,57,556,0.001,164,172,212,381,117,0.001,0.001,0.001
1338,13.433,17.142,131.81,221.0217,0.0004,152,0.001,611,0.001,0.001,0.001,0.001,0.001,0.001,0.001,0.001,0.001,0.001,0.001,0.001,0.001,1822,0.001,0.001,0.001
1339,14.509,28.28,211.08,468.2986,0.0009,152,260,230,219,0.001,236,206,187,164,0.001,0.001,168,136,171,0.001,451,0.001,0.001,0.001,0.001
1340,15.787,23.701,179.43,311.2216,0.001,152,153,283,208,0.001,0.001,0.001,340,293,386,186,0.001,0.001,505,73,0.001,0.001,0.001,0.001,0.001
1341,13.147,20.494,155.28,307.0401,0.0005,152,239,274,274,0.001,239,261,0.001,0.001,0.001,0.001,0.001,246,0.001,0.001,0.001,894,0.001,0.001,0.001
1342,15.063,27.539,206.57,393.2979,0.0007,152,145,209,0.001,0.001,229,0.001,0.001,178,0.001,173,247,0.001,283,0.001,254,708,0.001,0.001,0.001
1343,15.127,33.124,246.01,557.4565,0.001,151,0.001,448,211,0.001,286,0.001,0.001,0.001,0.001,0.001,282,448,530,0.001,0.001,218,0.001,0.001,0.001
1344,6.484,30.3,224.99,566.2836,0.0008,151,81,108,156,0.001,0.001,0.001,0.001,512,123,150,223,298,321,229,219,0.001,0.001,0.001,0.001
1345,15.362,30.361,225.98,509.3857,0.0009,151,124,65,122,0.001,132,237,145,215,256,203,0.001,235,188,138,260,97,0.001,0.001,0.001
1346,11.361,24.393,184.48,319.2262,0.0005,151,309,222,269,0.001,112,161,140,283,0.001,0.001,0.001,182,215,179,342,0.001,0.001,0.001,0.001
1347,12.12,26.776,200.49,414.2325,0.0009,151,0.001,110,231,0.001,173,305,158,188,0.001,249,0.001,224,164,186,191,234,0.001,0.001,77
1348,14.794,34.684,257.1,595.4936,0.0011,151,94,0.001,0.001,0.001,233,0.001,0.001,452,0.001,595,0.001,0.001,0.001,145,202,691,0.001,0.001,0.001
1349,11.786,26.059,196.05,363.2507,0.0008,151,200,185,0.001,0.001,177,0.001,177,240,148,222,196,259,159,208,238,0.001,0.001,0.001,0.001
1350,15.425,39.298,289.73,792.5773,0.0011,150,0.001,0.001,149,0.001,255,548,0.001,0.001,216,316,167,223,0.001,270,263,0.001,0.001,0.001,0.001
1351,5.426,28.736,213.84,521.2225,0.0007,150,203,220,216,0.001,0.001,286,0.001,0.001,158,0.001,252,308,263,279,221,0.001,0.001,0.001,0.001
1352,13.45,25.69,193.52,352.2848,0.001,150,134,164,174,0.001,153,0.001,203,179,174,249,180,213,160,204,217,0.001,0.001,0.001,0.001
1353,16.068,40.904,301.02,868.6097,0.0013,150,0.001,136,0.001,0.001,0.001,0.001,218,306,727,406,0.001,142,204,263,0.001,0.001,294,0.001,0.001
1354,15.571,25.95,193.42,485.0672,0.0008,150,315,141,0.001,0.001,232,257,0.001,292,272,0.001,0.001,191,140,296,187,75,0.001,0.001,0.001
1355,15.936,29.184,217.95,451.3972,0.0007,150,0.001,0.001,182,0.001,181,162,0.001,227,202,217,220,213,374,104,312,0.001,0.001,0.001,0.001
1356,15.25,39.069,287.75,840.5048,0.0025,149,67,232,133,0.001,127,0.001,142,217,0.001,125,165,479,230,113,261,97,0.001,0.001,0.001
1357,6.802,25.847,194.36,369.1727,0.0005,149,0.001,391,0.001,0.001,313,0.001,653,172,226,0.001,0.001,0.001,0.001,308,324,0.001,0.001,0.001,0.001
1358,14.646,28.965,216.42,439.3786,0.0008,149,117,0.001,257,0.001,0.001,171,0.001,151,222,173,172,149,400,127,266,182,0.001,0.001,0.001
1359,13.392,18.961,144.66,260.0429,0.0004,148,0.001,276,0.001,0.001,238,0.001,0.001,0.001,306,195,0.001,0.001,183,306,0.001,867,0.001,0.001,0.001
1360,5.739,31.317,232.06,611.2692,0.0008,148,0.001,382,0.001,0.001,0.001,0.001,385,0.001,0.001,390,0.001,0.001,0.001,714,500,0.001,0.001,117,0.001
1361,12.093,19.136,145.35,288.0324,0.0018,148,0.001,0.001,562,0.001,0.001,197,0.001,549,0.001,0.001,529,0.001,0.001,533,0.001,0.001,0.001,0.001,0.001
1362,14.743,30.296,224.17,655.1043,0.0016,148,141,178,240,0.001,0.001,158,193,0.001,0.001,247,168,274,278,0.001,279,213,0.001,0.001,0.001
1363,9.951,27.232,202.48,531.0714,0.0011,148,162,132,253,0.001,0.001,0.001,128,176,127,178,0.001,251,246,233,194,287,0.001,0.001,0.001
1364,13.453,34.752,256.89,699.2873,0.0015,148,0.001,0.001,710,0.001,0.001,0.001,869,0.001,0.001,0.001,787,0.001,0.001,0.001,0.001,0.001,0.001,0.001,0.001
1365,13.199,29.904,222.06,555.3129,0.0007,148,0.001,0.001,178,0.001,0.001,0.001,323,281,0.001,328,271,323,0.001,311,350,0.001,0.001,0.001,0.001
1366,14.41,32.265,239.54,552.4626,0.0012,148,0.001,0.001,0.001,0.001,0.001,608,261,267,279,225,193,0.001,0.001,178,352,0.001,0.001,0.001,0.001
1367,12.432,30.574,227.43,523.157,0.0009,148,245,0.001,206,0.001,0.001,0.001,0.001,255,211,255,0.001,404,255,223,307,0.001,0.001,0.001,0.001
1368,15.465,29.315,218.91,455.3919,0.0008,148,0.001,155,160,0.001,208,180,146,203,203,206,203,187,280,0.001,229,0.001,0.001,0.001,0.001
1369,2.159,20.422,155.9,258.0995,0.0006,148,165,189,302,0.001,175,189,0.001,233,0.001,160,0.001,213,169,137,258,170,0.001,0.001,0.001
1370,15.212,33.069,245.4,559.4718,0.0009,147,0.001,0.001,333,0.001,0.001,0.001,0.001,377,0.001,419,215,233,184,195,281,115,0.001,0.001,0.001
1371,15.681,32.183,237.83,713.1287,0.0014,147,200,286,281,0.001,0.001,0.001,298,0.001,0.001,297,233,0.001,357,274,123,0.001,0.001,0.001,0.001
1372,0.363,20.248,154.05,276.076,0.0005,146,0.001,218,198,0.001,260,175,229,298,198,0.001,0.001,179,237,0.001,214,135,0.001,0.001,0.001
1373,12.449,25.208,190.57,311.1679,0.0004,146,0.001,0.001,0.001,0.001,0.001,159,187,0.001,145,0.001,0.001,0.001,192,177,0.001,1476,281,0.001,0.001
1374,14.28,30.065,223.9,499.3634,0.0011,145,159,0.001,136,0.001,123,204,233,0.001,213,188,0.001,0.001,0.001,0.001,786,283,0.001,0.001,0.001
1375,13.258,17.519,134.93,217.0336,0.0008,145,0.001,0.001,0.001,0.001,0.001,0.001,0.001,1398,0.001,0.001,0.001,599,0.001,0.001,325,0.001,0.001,0.001,0.001
1376,14.982,28.885,216.21,411.3836,0.0006,145,0.001,0.001,215,0.001,0.001,0.001,0.001,292,194,436,285,174,221,0.001,159,344,0.001,0.001,0.001
1377,14.002,30.86,229.24,552.3547,0.0005,145,0.001,0.001,249,0.001,192,162,263,0.001,231,0.001,194,180,382,163,303,0.001,0.001,0.001,0.001
1378,12.941,20.495,155.39,305.0469,0.0004,145,283,304,299,0.001,291,0.001,0.001,295,0.001,0.001,0.001,262,289,295,0.001,0.001,0.001,0.001,0.001
1379,9.246,22.949,172.73,366.8989,0.0009,145,0.001,0.001,316,0.001,0.001,0.001,0.001,2000,0.001,0.001,0.001,0.001,0.001,0.001,0.001,0.001,0.001,0.001,0.001
1380,13.895,33.688,249.94,573.4522,0.0012,144,0.001,0.001,205,0.001,150,0.001,153,587,0.001,606,0.001,253,0.001,0.001,0.001,357,0.001,0.001,0.001
1381,12.831,28.597,213.43,467.2674,0.0009,144,217,0.001,179,0.001,255,0.001,224,226,0.001,196,313,274,212,214,0.001,0.001,0.001,0.001,0.001
1382,12.694,23.427,177.66,296.2272,0.0007,144,157,163,197,0.001,143,185,0.001,135,125,195,131,174,162,110,173,260,0.001,0.001,0.001
1383,7.571,13.086,99.89,248.9716,0.0006,144,0.001,0.001,0.001,0.001,0.001,0.001,0.001,704,0.001,0.001,0.001,0.001,0.001,0.001,0.001,1600,0.001,0.001,0.001
1384,13.733,33.643,248.36,661.346,0,144,0.001,0.001,0.001,0.001,0.001,63,0.001,0.001,0.001,0.001,0.001,0.001,0.001,0.001,0.001,2239,0.001,0.001,0.001
1385,7.234,32.798,243,629.3563,0.0006,144,126,179,187,0.001,183,226,153,346,0.001,0.001,188,288,0.001,227,194,0.001,0.001,0.001,0.001
1386,13.505,29.559,220.88,445.3311,0.001,143,0.001,156,261,0.001,0.001,82,0.001,577,0.001,529,0.001,227,0.001,317,142,0.001,0.001,0.001,0.001
1387,13.475,17.143,131.82,221.0217,0.0004,143,0.001,772,0.001,0.001,0.001,0.001,0.001,0.001,0.001,0.001,0.001,0.001,0.001,0.001,0.001,1518,0.001,0.001,0.001
1388,14.124,33.976,251.05,719.1498,0.0009,143,157,127,261,0.001,135,0.001,99,0.001,0.001,237,233,264,334,270,171,0.001,0.001,0.001,0.001
1389,0.662,20.219,155.34,227.1027,0.0004,143,0.001,82,0.001,0.001,104,0.001,0.001,145,0.001,0.001,128,0.001,0.001,0.001,0.001,1825,0.001,0.001,0.001
1390,15.591,33.662,249.39,621.4052,0.0011,143,79,154,206,0.001,124,167,0.001,0.001,0.001,202,0.001,318,379,137,211,304,0.001,0.001,0.001
1391,14.231,21.024,159.18,309.0044,0.0005,142,0.001,229,468,0.001,0.001,176,181,0.001,157,255,155,0.001,127,176,351,0.001,0.001,0.001,0.001
1392,9.846,32.661,241.6,655.2596,0.0019,142,147,0.001,185,0.001,0.001,0.001,0.001,276,127,220,251,414,230,276,0.001,149,0.001,0.001,0.001
1393,13.395,30.219,224.76,522.2826,0.0012,142,157,180,143,0.001,0.001,280,130,220,0.001,0.001,183,248,279,0.001,269,184,0.001,0.001,0.001
1394,13.258,26.74,200.54,397.3115,0.0008,142,0.001,125,157,0.001,132,185,160,168,226,185,139,180,208,160,247,0.001,0.001,0.001,0.001
1395,13.36,27.086,202.7,421.2436,0.0008,142,150,189,0.001,0.001,159,205,244,178,135,0.001,249,210,234,0.001,199,116,0.001,0.001,0.001
1396,12.984,25.001,188.64,335.219,0.0009,142,61,180,0.001,0.001,186,269,76,0.001,0.001,0.001,0.001,0.001,89,0.001,159,1245,0.001,0.001,0.001
1397,14.005,30.245,225.11,508.3051,0.0014,141,0.001,0.001,144,0.001,0.001,0.001,278,0.001,325,0.001,177,296,510,0.001,531,0.001,0.001,0.001,0.001
1398,4.939,29.95,222.51,567.2426,0.0004,141,408,0.001,490,0.001,0.001,0.001,0.001,0.001,0.001,0.001,0.001,754,600,0.001,0.001,0.001,0.001,0.001,0.001
1399,15.679,28.21,415.58,411.5178,0.0015,141,0.001,0.001,0.001,0.001,0.001,0.001,0.001,0.001,905,0.001,0.001,0.001,1344,0.001,0.001,0.001,0.001,0.001,0.001
1400,14.055,24.293,183.77,313.2736,0.0007,140,0.001,95,198,0.001,170,231,140,134,181,0.001,0.001,194,223,131,0.001,548,0.001,0.001,0.001
1401,14.007,29.268,218.09,494.3307,0.0011,140,150,140,201,0.001,161,163,158,0.001,186,189,176,165,222,128,202,0.001,0.001,0.001,0.001
1402,0.649,16.116,128.05,138.0554,0.0005,140,0.001,0.001,0.001,0.001,0.001,444,0.001,325,0.001,300,0.001,170,0.001,0.001,153,849,0.001,0.001,0.001
1403,12.829,30.258,224.56,566.2488,0.0021,140,0.001,57,264,0.001,0.001,685,140,311,112,0.001,126,0.001,70,154,218,104,0.001,0.001,0.001
1404,14.94,28.088,210.11,426.3627,0.0007,140,149,160,174,0.001,0.001,0.001,0.001,168,192,192,215,205,267,162,243,113,0.001,0.001,0.001
1405,15.75,37.045,273.38,750.544,0.0016,140,0.001,0.001,0.001,0.001,239,1177,0.001,0.001,180,455,0.001,0.001,0.001,188,0.001,0.001,0.001,0.001,0.001
1406,6.169,31.38,232.57,609.2756,0.001,140,0.001,179,168,0.001,0.001,215,0.001,379,150,145,221,275,232,273,0.001,0.001,0.001,0.001,0.001
1407,13.776,29.941,223.66,447.3472,0.0007,140,0.001,87,208,0.001,120,0.001,0.001,393,145,460,0.001,255,139,311,0.001,119,0.001,0.001,0.001
1408,9.242,19.813,294.24,280.6209,0.0005,139,0.001,0.001,0.001,0.001,0.001,0.001,577,575,252,0.001,0.001,0.001,204,622,0.001,0.001,0.001,0.001,0.001
1409,12.279,23.549,178.54,299.2581,0.0008,139,185,244,172,0.001,0.001,233,131,191,0.001,178,91,0.001,160,643,0.001,0.001,0.001,0.001,247
1410,13.93,29.917,223.6,447.3109,0.0009,139,181,168,220,0.001,224,234,0.001,0.001,334,0.001,195,189,0.001,139,343,0.001,0.001,0.001,0.001
1411,10.244,21.96,167.47,267.1125,0.0002,139,265,238,362,0.001,286,0.001,257,0.001,0.001,0.001,301,0.001,208,0.001,310,0.001,0.001,0.001,0.001
1412,0.393,20.621,156.5,293.0673,0.0008,139,82,321,200,0.001,200,610,0.001,223,0.001,93,0.001,79,68,0.001,176,174,0.001,0.001,0.001
1413,15.149,35.118,259.9,649.4373,0.0014,139,95,146,225,0.001,112,0.001,108,145,139,167,0.001,304,234,122,176,249,0.001,0.001,0.001
1414,16.45,35.981,265.8,705.4869,0.0014,139,0.001,0.001,0.001,0.001,189,1223,63,329,158,153,0.001,0.001,0.001,0.001,105,0.001,0.001,0.001,0.001
1415,15.996,33.777,251.42,513.3946,0.0006,139,260,146,0.001,0.001,237,363,0.001,209,179,0.001,0.001,202,408,0.001,213,0.001,0.001,0.001,0.001
1416,5.422,27.578,205.62,479.2098,0.0007,138,0.001,0.001,152,0.001,156,225,153,363,160,180,0.001,261,189,182,194,0.001,0.001,0.001,0.001
1417,14.208,26.441,198.3,395.2554,0.0013,138,188,302,0.001,0.001,251,0.001,0.001,199,141,211,0.001,374,235,0.001,237,76,0.001,0.001,0.001
1418,14.013,28.153,210.62,425.3253,0.0007,138,151,0.001,197,0.001,188,182,0.001,184,170,0.001,181,179,193,133,206,250,0.001,0.001,0.001
1419,15.751,36.448,269.05,730.5029,0.0012,138,0.001,279,0.001,0.001,0.001,362,272,298,0.001,0.001,230,285,0.001,195,289,0.001,0.001,0.001,0.001
1420,11.193,25.289,191.81,295.2273,0.0006,138,207,151,0.001,0.001,344,0.001,0.001,139,0.001,0.001,0.001,0.001,198,0.001,339,829,0.001,0.001,0.001
1421,13.909,27.316,204.39,423.2592,0.0011,138,0.001,189,237,0.001,210,201,171,0.001,112,175,171,157,194,0.001,240,150,0.001,0.001,0.001
1422,13.863,25.944,194.96,373.1673,0.0003,138,138,110,200,0.001,144,164,128,157,0.001,163,116,185,162,159,180,201,0.001,0.001,0.001
1423,16.326,35.532,262.7,673.5288,0.0012,138,0.001,0.001,0.001,0.001,231,368,137,0.001,274,0.001,336,460,76,176,148,0.001,0.001,0.001,0.001
1424,14.618,17.117,131.83,220.0246,0.0005,138,292,0.001,465,0.001,386,0.001,0.001,0.001,0.001,0.001,0.001,412,0.001,0.001,0.001,646,0.001,0.001,0.001
1425,14.681,30.715,228.25,540.3732,0.0011,137,0.001,167,318,0.001,222,0.001,127,0.001,131,0.001,240,210,322,109,230,119,0.001,0.001,0.001
1426,3.397,28.624,212.79,526.2525,0.0009,137,0.001,0.001,0.001,0.001,0.001,298,0.001,602,161,200,158,283,0.001,302,184,0.001,0.001,95,0.001
1427,2.053,22.884,172.37,350.1464,0.0007,137,102,174,0.001,0.001,0.001,255,0.001,307,230,283,0.001,178,209,262,188,0.001,147,106,82
1428,6.913,24.243,182.91,333.2058,0.0004,137,0.001,0.001,273,0.001,402,498,166,0.001,0.001,0.001,246,187,0.001,122,0.001,291,0.001,0.001,0.001
1429,12.469,34.297,254,630.1756,0.001,137,194,148,150,0.001,162,138,166,190,0.001,259,172,246,0.001,0.001,194,166,0.001,0.001,0.001
1430,13.485,28.265,210.36,510.2404,0.001,136,156,218,0.001,0.001,173,0.001,257,160,163,251,276,0.001,226,195,0.001,108,112,0.001,0.001
1431,14.055,27.363,204.68,427.2859,0.0008,136,122,113,218,0.001,0.001,207,129,148,0.001,191,167,179,235,167,163,142,0.001,0.001,0.001
1432,13.909,28.1,210.44,411.3469,0.001,136,528,0.001,591,0.001,0.001,0.001,0.001,217,0.001,617,0.001,0.001,0.001,0.001,0.001,221,0.001,0.001,0.001
1433,13.71,19.122,145.33,289.0292,0.0002,136,0.001,0.001,496,0.001,545,0.001,0.001,0.001,0.001,0.001,669,462,0.001,0.001,0.001,0.001,0.001,0.001,0.001
1434,12.543,18.329,140.67,233.0423,0.0004,135,200,0.001,0.001,0.001,224,227,261,258,268,245,0.001,0.001,0.001,247,236,0.001,0.001,242,0.001
1435,9.682,25.217,189,407.1719,0.0009,135,0.001,148,149,0.001,150,173,0.001,266,0.001,132,202,306,197,254,187,0.001,0.001,0.001,0.001
1436,13.393,28.136,210.02,461.2212,0.001,135,207,208,221,0.001,255,153,144,0.001,0.001,171,111,136,130,154,174,97,0.001,0.001,0.001
1437,13.47,28.516,212.46,496.2427,0.0006,134,154,0.001,286,0.001,0.001,238,0.001,208,0.001,0.001,395,484,0.001,0.001,384,0.001,0.001,0.001,0.001
1438,9.841,30.56,226.5,585.2551,0.0011,134,0.001,0.001,0.001,0.001,0.001,178,135,320,0.001,170,187,289,204,224,217,224,0.001,0.001,0.001
1439,13.141,18.586,141.74,264.0324,0.0005,134,0.001,297,317,0.001,0.001,201,196,0.001,258,0.001,235,254,263,127,0.001,0.001,271,0.001,0.001
1440,12.299,17.512,134.82,217.0346,0.0001,134,0.001,525,0.001,0.001,0.001,0.001,0.001,0.001,0.001,0.001,0.001,0.001,0.001,521,0.001,1101,0.001,0.001,0.001
1441,16.293,27.971,209.15,436.2827,0.0004,134,0.001,0.001,214,0.001,380,294,277,0.001,0.001,338,0.001,90,0.001,331,212,0.001,0.001,0.001,0.001
1442,14.078,24.491,185.51,303.2311,0.0008,133,135,0.001,119,0.001,0.001,0.001,0.001,0.001,1595,0.001,0.001,0.001,0.001,0.001,137,149,0.001,0.001,0.001
1443,12.844,29.664,221.74,429.3004,0.0009,133,210,0.001,0.001,0.001,0.001,260,283,224,340,0.001,0.001,94,0.001,190,363,170,0.001,0.001,0.001
1444,10.259,21.551,164.77,249.1487,0.0004,133,282,0.001,142,0.001,122,234,145,0.001,277,211,144,185,0.001,0.001,0.001,391,0.001,0.001,0.001
1445,16.183,35.689,264.09,671.5391,0.0013,133,167,210,372,0.001,0.001,0.001,0.001,0.001,0.001,316,245,362,460,0.001,0.001,0.001,0.001,0.001,0.001
1446,12.373,17.171,132.16,221.0229,0.0016,133,94,0.001,0.001,0.001,660,636,0.001,0.001,0.001,0.001,0.001,0.001,0.001,0.001,0.001,736,0.001,0.001,0.001
1447,9.84,31.834,235.64,628.266,0.0011,133,0.001,156,0.001,0.001,0.001,0.001,0.001,309,124,177,194,288,245,234,179,215,0.001,50,0.001
1448,0.367,22.129,166.59,358.0455,0.0009,132,290,0.001,0.001,0.001,114,278,0.001,312,0.001,323,121,152,289,0.001,238,0.001,0.001,0.001,0.001
1449,13.542,34.263,253.06,677.2926,0.0041,132,0.001,0.001,0.001,0.001,0.001,344,0.001,233,0.001,440,0.001,634,0.001,0.001,0.001,466,0.001,0.001,0.001
1450,12.439,33.023,244.92,602.1613,0.0008,132,203,197,195,0.001,164,0.001,224,0.001,208,236,181,0.001,222,0.001,287,0.001,0.001,0.001,0.001
1451,15.209,35.878,265,703.4551,0.0019,132,0.001,0.001,239,0.001,140,147,226,245,0.001,0.001,214,210,260,0.001,323,111,0.001,0.001,0.001
1452,12.461,34.934,258.44,696.1649,0.0006,132,461,428,381,0.001,0.001,0.001,0.001,0.001,0.001,0.001,0.001,421,0.001,0.001,424,0.001,0.001,0.001,0.001
1453,4.534,28.597,212.69,521.2219,0.0011,132,0.001,169,0.001,0.001,0.001,214,159,262,0.001,173,222,280,229,238,167,0.001,85,0.001,0.001
1454,13.471,25.899,193.88,408.1912,0.0008,132,0.001,0.001,0.001,0.001,0.001,0.001,265,138,0.001,263,217,218,213,210,221,366,0.001,0.001,0.001
1455,12.926,30.15,224.25,528.2726,0.0007,132,130,0.001,81,0.001,156,398,168,207,220,349,0.001,62,0.001,160,176,0.001,0.001,0.001,0.001
1456,12.435,33.471,248.06,615.1683,0.0008,132,281,245,204,0.001,0.001,0.001,152,176,0.001,210,175,274,217,0.001,173,0.001,0.001,0.001,0.001
1457,15.773,34.18,253.58,581.3821,0.0012,132,186,0.001,341,0.001,0.001,168,0.001,254,267,228,93,0.001,454,0.001,116,0.001,0.001,0.001,0.001
1458,1.258,24.361,183.83,339.103,0.0008,132,0.001,0.001,416,0.001,86,0.001,0.001,1339,0.001,0.001,0.001,130,0.001,0.001,135,0.001,0.001,0.001,0.001
1459,9.929,27.974,208.44,495.2244,0.0009,132,90,157,160,0.001,0.001,187,0.001,253,112,196,0.001,296,247,215,193,0.001,0.001,0.001,0.001
1460,9.685,31.377,232.54,611.2343,0.0006,131,136,0.001,0.001,0.001,185,225,157,0.001,0.001,255,223,405,229,285,0.001,0.001,0.001,0.001,0.001
1461,5.65,32.55,240.73,655.2944,0.0003,131,0.001,0.001,0.001,0.001,0.001,423,200,741,224,0.001,0.001,0.001,511,0.001,0.001,0.001,0.001,0.001,0.001
1462,15.208,35.285,260.82,685.4467,0.0005,131,0.001,0.001,0.001,0.001,113,936,112,599,0.001,134,0.001,0.001,0.001,0.001,201,0.001,0.001,0.001,0.001
1463,14.723,30.287,225.81,479.4825,0.0005,131,0.001,319,0.001,0.001,0.001,0.001,308,0.001,261,0.001,0.001,0.001,332,873,0.001,0.001,0.001,0.001,0.001
1464,1.608,17.585,136.07,203.0007,0.0004,131,295,0.001,0.001,0.001,375,83,139,0.001,0.001,0.001,654,437,0.001,108,0.001,0.001,0.001,0.001,0.001
1465,15.974,28.857,421.79,813.9784,0.0014,131,0.001,0.001,0.001,0.001,536,299,196,0.001,0.001,252,202,0.001,0.001,292,311,0.001,0.001,0.001,0.001
1466,3.402,31.089,230.27,615.2318,0.0011,130,71,0.001,140,0.001,0.001,214,105,372,91,128,133,176,200,174,137,146,72,0.001,0.001
1467,3.469,13.131,100.44,248.9706,0.0013,130,0.001,0.001,0.001,0.001,0.001,0.001,0.001,746,0.001,0.001,677,664,0.001,0.001,0.001,0.001,0.001,0.001,0.001
1468,15.455,27.368,204.77,419.3018,0.0007,130,0.001,0.001,0.001,0.001,0.001,620,0.001,0.001,433,700,0.001,331,0.001,0.001,0.001,0.001,0.001,0.001,0.001
1469,11.596,18.998,145.97,227.0013,0.0003,130,0.001,0.001,0.001,0.001,186,0.001,337,199,172,189,146,292,352,208,0.001,0.001,232,0.001,0.001
1470,14.012,30.943,229.77,557.3476,0.0012,130,50,82,0.001,0.001,133,0.001,158,133,0.001,142,133,138,211,0.001,199,702,0.001,0.001,0.001
1471,9.173,21.876,166.7,267.1129,0.0005,130,204,171,209,0.001,0.001,280,0.001,294,0.001,544,0.001,0.001,0.001,0.001,259,118,0.001,0.001,0.001
1472,12.225,28.758,213.16,598.0814,0.0015,130,140,0.001,536,0.001,0.001,0.001,71,130,114,116,86,221,384,0.001,0.001,280,87,0.001,0.001
1473,9.924,18.538,142.36,231.0109,0.0004,130,112,114,292,0.001,0.001,125,0.001,142,153,204,202,206,205,185,135,0.001,0.001,0.001,0.001
1474,14.552,28.639,213.72,463.2819,0.0011,130,146,147,135,0.001,127,94,85,192,105,138,109,205,200,69,222,101,0.001,0.001,0.001
1475,15.294,35.647,264.23,600.3551,0.0018,130,90,207,0.001,0.001,192,90,0.001,194,0.001,0.001,302,252,0.001,113,251,382,0.001,0.001,0.001
1476,15.73,36.949,272.72,736.531,0.0009,130,0.001,0.001,0.001,0.001,196,900,208,109,144,308,0.001,0.001,0.001,207,0.001,0.001,0.001,0.001,0.001
1477,3.396,29.868,221.71,571.2576,0.0009,129,0.001,142,190,0.001,128,182,0.001,300,123,181,134,218,254,216,0.001,0.001,80,0.001,72
1478,14.714,25.882,194.2,387.0334,0.0008,129,0.001,115,177,0.001,0.001,0.001,129,88,99,167,0.001,188,367,0.001,178,559,0.001,0.001,0.001
1479,14.297,31.167,232.14,495.4053,0.0012,129,138,171,393,0.001,0.001,256,79,135,92,414,196,0.001,0.001,0.001,0.001,193,0.001,0.001,0.001
1480,5.17,26.86,201.58,385.1673,0.0006,129,0.001,0.001,94,0.001,360,0.001,0.001,337,0.001,386,0.001,0.001,0.001,249,357,282,0.001,0.001,0.001
1481,15.306,35.621,264.06,601.3532,0.002,129,0.001,253,68,0.001,186,0.001,0.001,252,110,0.001,342,345,0.001,0.001,0.001,508,0.001,0.001,0.001
1482,14.441,30.663,227.99,525.3786,0.001,129,249,146,0.001,0.001,0.001,145,288,0.001,0.001,0.001,107,0.001,322,0.001,661,139,0.001,0.001,0.001
1483,13.063,27.794,207.62,457.236,0.0008,129,161,0.001,256,0.001,0.001,715,0.001,636,0.001,289,0.001,0.001,0.001,0.001,0.001,0.001,0.001,0.001,0.001
1484,1.102,16.208,127.05,165.0408,0.0004,128,0.001,0.001,0.001,0.001,391,148,517,0.001,0.001,0.001,167,550,0.001,0.001,0.001,281,0.001,0.001,0.001
1485,16.436,29.183,218.09,451.4154,0.0008,128,190,191,281,0.001,195,0.001,0.001,221,0.001,253,275,0.001,0.001,133,307,0.001,0.001,0.001,0.001
1486,13.116,25.032,188.82,339.3142,0.0007,128,162,271,0.001,0.001,159,350,143,0.001,0.001,233,219,358,0.001,149,0.001,0.001,187,193,0.001
1487,0.251,18.417,141.97,215.0661,0.0005,128,253,0.001,97,0.001,103,0.001,149,269,128,0.001,0.001,92,143,0.001,120,690,0.001,0.001,0.001
1488,14.058,29.973,223.25,491.315,0.0014,128,0.001,229,0.001,0.001,244,181,211,0.001,241,0.001,228,0.001,224,0.001,213,272,0.001,0.001,0.001
1489,11.767,20.777,159.6,225.1853,0.0005,128,155,0.001,0.001,0.001,0.001,317,0.001,0.001,0.001,0.001,0.001,176,0.001,0.001,0.001,1394,0.001,0.001,0.001
1490,14.886,29.184,218.14,441.3756,0.0007,127,124,0.001,206,0.001,178,119,158,147,144,162,132,122,367,0.001,179,0.001,0.001,0.001,0.001
1491,13.533,21.629,164,293.1405,0.001,127,133,0.001,0.001,0.001,0.001,280,0.001,0.001,0.001,0.001,0.001,0.001,0.001,303,0.001,1321,0.001,0.001,0.001
1492,1.11,16.198,127.02,165.0408,0.0005,127,0.001,149,0.001,0.001,284,145,270,123,165,0.001,137,247,0.001,200,86,228,0.001,0.001,0.001
1493,0.239,21.222,159.9,352.9953,0.001,127,147,138,105,0.001,110,138,146,209,101,143,109,0.001,491,194,0.001,0.001,0.001,0.001,0.001
1494,13.951,29.594,219.08,625.0584,0.0012,127,0.001,0.001,355,0.001,0.001,0.001,0.001,0.001,0.001,281,0.001,271,394,145,345,239,0.001,0.001,0.001
1495,14.509,28.72,214.06,475.2968,0.0008,127,0.001,0.001,226,0.001,0.001,126,171,189,131,0.001,259,267,257,217,0.001,184,0.001,0.001,0.001
1496,13.676,34.854,257.33,705.3716,0.0005,127,0.001,99,0.001,0.001,0.001,0.001,0.001,0.001,0.001,0.001,88,0.001,0.001,0.001,0.001,1838,0.001,0.001,0.001
1497,16.314,37.584,277.22,760.5162,0.0013,127,0.001,122,0.001,0.001,0.001,661,78,454,112,0.001,151,156,0.001,124,166,0.001,0.001,0.001,0.001
1498,13.798,30.675,228.53,489.2759,0.0008,126,82,0.001,0.001,0.001,218,0.001,0.001,207,0.001,0.001,0.001,394,0.001,0.001,0.001,1121,0.001,0.001,0.001
1499,16.003,34.151,253.03,645.4493,0.0019,126,53,61,0.001,0.001,291,1141,0.001,475,0.001,0.001,0.001,0.001,0.001,0.001,0.001,0.001,0.001,0.001,0.001
1500,14.1,18.968,144.75,260.0427,0.0005,126,252,233,253,0.001,0.001,0.001,0.001,0.001,0.001,0.001,259,0.001,177,227,0.001,619,243,0.001,0.001
1501,16.44,36.69,271.07,682.5911,0.0021,126,0.001,0.001,167,0.001,0.001,0.001,806,203,321,309,0.001,0.001,0.001,0.001,154,59,0.001,0.001,0.001
1502,13.878,30.431,226.4,530.3254,0.0009,126,215,129,195,0.001,182,0.001,210,352,0.001,57,136,0.001,229,0.001,311,0.001,0.001,0.001,0.001
1503,9.734,23.369,177.31,293.2112,0.0005,126,185,169,0.001,0.001,287,0.001,146,314,0.001,0.001,0.001,242,0.001,0.001,507,165,0.001,0.001,0.001
1504,15.279,30.476,227.01,510.382,0.0002,126,301,0.001,268,0.001,354,0.001,0.001,0.001,0.001,0.001,351,0.001,363,376,0.001,0.001,0.001,0.001,0.001
1505,4.39,27.555,205.57,469.2274,0.0007,126,138,0.001,185,0.001,135,134,107,318,0.001,0.001,238,0.001,289,0.001,169,296,0.001,0.001,0.001
1506,8.241,19.825,150.76,279.6131,0.0008,126,250,241,140,0.001,0.001,180,0.001,0.001,0.001,0.001,167,202,359,0.001,321,149,0.001,0.001,0.001
1507,12.432,35.151,259.96,678.1638,0.0012,126,150,125,148,0.001,156,85,157,151,144,139,123,161,158,154,157,0.001,0.001,0.001,0.001
1508,11.653,24.222,183.18,319.2259,0.0008,125,263,192,218,0.001,92,158,180,0.001,76,155,107,227,232,107,0.001,0.001,0.001,0.001,0.001
1509,2.611,19.128,146.66,230.995,0.0003,125,0.001,0.001,0.001,0.001,0.001,141,123,0.001,668,0.001,0.001,0.001,0.001,0.001,0.001,1071,0.001,0.001,0.001
1510,8.688,26.175,196.66,369.1727,0.0003,125,0.001,0.001,0.001,0.001,212,0.001,0.001,0.001,231,310,0.001,0.001,0.001,315,182,753,0.001,0.001,0.001
1511,14.813,23.245,174.44,387.0327,0.0013,125,0.001,232,276,0.001,0.001,0.001,199,0.001,0.001,204,0.001,264,295,0.001,356,176,0.001,0.001,0.001
1512,13.146,17.514,134.86,218.03,0.0006,125,0.001,0.001,0.001,0.001,0.001,0.001,0.001,0.001,0.001,0.001,0.001,689,606,706,0.001,0.001,0.001,0.001,0.001
1513,12.434,30.89,229.58,539.1531,0.0008,125,179,175,0.001,0.001,0.001,0.001,152,161,187,163,171,250,183,155,222,0.001,0.001,0.001,0.001
1514,13.127,24.661,186.34,325.2729,0.0006,125,210,0.001,161,0.001,176,190,245,222,177,0.001,182,225,0.001,0.001,210,0.001,0.001,0.001,0.001
1515,5.63,17.568,262.25,239.0847,0.0003,125,0.001,0.001,0.001,0.001,439,0.001,0.001,0.001,1222,0.001,0.001,0.001,0.001,336,0.001,0.001,0.001,0.001,0.001
1516,1.597,21.322,161.63,301.0494,0.0006,125,133,181,206,0.001,0.001,143,143,153,159,0.001,188,173,166,181,167,0.001,0.001,0.001,0.001
1517,14.329,35.19,260.02,669.4584,0.0031,125,0.001,0.001,0.001,0.001,0.001,0.001,228,131,203,266,63,0.001,141,0.001,683,277,0.001,0.001,0.001
1518,11.166,25.458,192,339.2355,0.001,124,243,187,109,0.001,314,101,196,175,0.001,67,0.001,90,0.001,56,302,147,0.001,0.001,0.001
1519,2.049,15.396,121.43,153.018,0.0007,124,106,199,0.001,0.001,0.001,0.001,206,75,0.001,0.001,538,0.001,0.001,0.001,0.001,861,0.001,0.001,0.001
1520,2.546,19.813,152.39,222.0794,0.0006,124,144,0.001,0.001,0.001,296,0.001,0.001,197,172,176,97,0.001,289,0.001,306,303,0.001,0.001,0.001
1521,12.904,29.222,217.58,497.3281,0.0016,124,157,0.001,0.001,0.001,185,140,177,194,202,206,0.001,242,0.001,117,230,127,0.001,0.001,0.001
1522,14.563,17.137,131.83,220.0249,0.0005,123,0.001,0.001,0.001,0.001,428,0.001,0.001,0.001,0.001,273,0.001,0.001,0.001,0.001,0.001,1270,0.001,0.001,0.001
1523,12.608,26.913,201.56,414.2518,0.0005,123,67,113,209,0.001,163,275,133,157,152,209,0.001,148,0.001,0.001,185,154,0.001,0.001,0.001
1524,5.372,23.021,173.75,335.0991,0.0006,123,0.001,154,147,0.001,135,218,0.001,328,116,148,106,205,129,279,0.001,0.001,0.001,0.001,0.001
1525,14.708,18.465,141.9,228.981,0.0004,123,63,169,281,0.001,0.001,0.001,140,0.001,0.001,254,0.001,296,436,126,198,0.001,0.001,0.001,0.001
1526,14.262,29.392,219.71,433.3313,0.0011,123,0.001,154,193,0.001,0.001,319,0.001,195,226,62,188,132,222,158,0.001,112,0.001,0.001,0.001
1527,15.914,31.369,233.19,539.4121,0.001,123,215,124,0.001,0.001,146,191,108,0.001,155,224,200,145,220,0.001,232,0.001,0.001,0.001,0.001
1528,15.671,29.568,220.7,454.3939,0.0007,122,123,0.001,0.001,0.001,197,143,129,0.001,193,162,156,230,240,95,220,71,0.001,0.001,0.001
1529,14.879,29.952,223.2,494.361,0.0005,122,164,217,0.001,0.001,327,0.001,0.001,181,226,166,0.001,309,163,0.001,206,0.001,0.001,0.001,0.001
1530,12.782,31.611,234.46,595.2881,0.0012,122,161,147,109,0.001,126,182,221,0.001,0.001,0.001,0.001,0.001,0.001,355,450,202,0.001,0.001,0.001
1531,2.793,18.092,139.44,215.0004,0.0005,122,0.001,56,0.001,0.001,224,0.001,0.001,0.001,0.001,0.001,0.001,192,0.001,207,288,983,0.001,0.001,0.001
1532,13.504,34.165,252.77,647.3112,0.0013,122,92,0.001,96,0.001,0.001,0.001,0.001,136,115,125,127,124,114,113,120,785,0.001,0.001,0.001
1533,14.827,25.29,190.73,339.3257,0.0006,121,121,121,158,0.001,110,177,0.001,0.001,161,167,104,158,208,102,190,164,0.001,0.001,0.001
1534,15.106,33.357,244.67,1144.9264,0.002,121,0.001,166,162,0.001,170,186,193,176,156,154,188,192,0.001,0.001,198,0.001,0.001,174,158
1535,9.686,31.382,232.66,610.2368,0.0009,121,140,0.001,218,0.001,162,195,0.001,0.001,0.001,229,166,388,212,0.001,228,0.001,0.001,0.001,0.001
1536,14.548,30.347,225.81,519.2693,0.0013,121,155,179,158,0.001,167,0.001,0.001,195,0.001,0.001,143,250,183,0.001,209,298,0.001,0.001,0.001
1537,12.872,30.602,227.36,540.3364,0.0013,121,159,146,0.001,0.001,0.001,133,200,210,0.001,218,201,0.001,141,191,241,96,0.001,0.001,0.001
1538,13.457,25.841,194.28,361.1913,0.001,121,0.001,0.001,0.001,0.001,103,0.001,89,0.001,0.001,65,0.001,0.001,0.001,0.001,0.001,1678,0.001,0.001,0.001
1539,15.357,30.189,225.14,473.3993,0.001,121,0.001,585,0.001,0.001,0.001,245,419,355,0.001,0.001,143,187,0.001,0.001,0.001,0.001,0.001,0.001,0.001
1540,13.094,29.228,218.61,429.3005,0.0009,121,0.001,210,261,0.001,262,0.001,67,114,58,0.001,0.001,186,105,0.001,302,368,0.001,0.001,0.001
1541,12.432,34.808,257,728.172,0.001,121,0.001,0.001,0.001,0.001,251,0.001,0.001,282,0.001,0.001,255,492,0.001,259,392,0.001,0.001,0.001,0.001
1542,12.44,33.256,246.82,584.151,0.0005,121,222,175,160,0.001,188,0.001,183,0.001,159,0.001,160,272,182,0.001,228,0.001,0.001,0.001,0.001
1543,13.193,17.514,134.82,216.0378,0.0002,120,0.001,0.001,0.001,0.001,0.001,0.001,0.001,351,399,358,0.001,0.001,0.001,0.001,314,503,0.001,0.001,0.001
1544,13.81,24.885,187.62,327.2893,0.0005,120,0.001,0.001,0.001,0.001,0.001,0.001,84,0.001,0.001,0.001,0.001,76,0.001,0.001,0.001,1759,0.001,0.001,0.001
1545,14.12,32.933,243.5,693.1535,0.0011,120,98,86,185,0.001,101,89,0.001,116,113,249,0.001,223,303,204,148,0.001,0.001,0.001,0.001
1546,13.344,27.4,207.8,303.2374,0.0021,120,0.001,0.001,648,0.001,735,531,0.001,0.001,0.001,0.001,0.001,0.001,0.001,0.001,0.001,0.001,0.001,0.001,0.001
1547,13.466,26.955,201.12,466.2142,0.001,120,94,182,196,0.001,0.001,190,0.001,166,168,0.001,192,0.001,223,185,201,115,0.001,0.001,0.001
1548,7.025,33.526,248.07,645.3506,0.0013,119,0.001,99,99,0.001,0.001,107,63,136,0.001,0.001,111,128,132,125,95,815,0.001,0.001,0.001
1549,13.372,29.962,223.43,467.3136,0.0007,119,0.001,0.001,0.001,0.001,0.001,0.001,0.001,663,149,303,0.001,209,244,339,0.001,0.001,0.001,0.001,0.001
1550,9.837,22.638,172.38,269.1293,0.0009,119,0.001,0.001,104,0.001,201,215,0.001,172,0.001,0.001,0.001,276,106,271,0.001,557,0.001,189,0.001
1551,13.468,29.021,215.68,540.2528,0.0012,119,0.001,0.001,181,0.001,148,137,193,131,155,196,213,207,0.001,168,172,0.001,0.001,0.001,69
1552,12.365,25.87,195.29,326.1865,0.0002,119,0.001,0.001,0.001,0.001,0.001,0.001,0.001,0.001,0.001,0.001,0.001,1051,0.001,0.001,849,0.001,0.001,0.001,0.001
1553,10.065,33.289,246.04,673.3087,0.0015,119,0.001,172,0.001,0.001,0.001,0.001,169,236,0.001,0.001,182,320,210,226,162,221,0.001,0.001,0.001
1554,1.613,19.379,149.64,204.0659,0.0005,119,0.001,0.001,0.001,0.001,0.001,0.001,0.001,66,0.001,141,0.001,0.001,0.001,0.001,130,1560,0.001,0.001,0.001
1555,13.9,30.759,226.5,880.9429,0.001,119,159,180,164,0.001,158,167,0.001,129,131,154,175,154,187,139,0.001,0.001,0.001,0.001,0.001
1556,15.56,36.414,268.93,724.5292,0.0019,119,0.001,0.001,0.001,0.001,191,726,0.001,0.001,525,455,0.001,0.001,0.001,0.001,0.001,0.001,0.001,0.001,0.001
1557,13.88,27.253,203.84,433.189,0.0007,118,162,135,270,0.001,145,0.001,157,173,126,181,0.001,206,0.001,0.001,0.001,340,0.001,0.001,0.001
1558,16.048,29.085,217.37,439.4149,0.0012,118,0.001,127,166,0.001,131,0.001,125,192,0.001,191,174,204,237,0.001,177,170,0.001,0.001,0.001
1559,13.197,24.8,187.55,327.4047,0.0009,118,440,0.001,307,0.001,479,0.001,0.001,667,0.001,0.001,0.001,0.001,0.001,0.001,0.001,0.001,0.001,0.001,0.001
1560,14.008,18.355,140.7,232.0459,0,118,0.001,0.001,0.001,0.001,0.001,328,0.001,336,391,0.001,0.001,0.001,0.001,0.001,0.001,836,0.001,0.001,0.001
1561,16.053,38.612,284.66,808.5163,0.0013,118,0.001,0.001,0.001,0.001,158,1539,0.001,192,0.001,0.001,0.001,0.001,0.001,0.001,0.001,0.001,0.001,0.001,0.001
1562,14.331,32.067,238.51,521.4205,0.0009,118,0.001,0.001,204,0.001,0.001,0.001,0.001,497,170,317,0.001,336,0.001,365,0.001,0.001,0.001,0.001,0.001
1563,10.916,27.716,206.22,498.2887,0.0009,118,0.001,0.001,0.001,0.001,0.001,107,0.001,217,182,0.001,0.001,254,0.001,393,0.001,730,0.001,0.001,0.001
1564,8.743,18.101,137.96,264.8349,0.0012,118,0.001,0.001,0.001,0.001,0.001,205,0.001,0.001,0.001,0.001,94,0.001,0.001,1584,0.001,0.001,0.001,0.001,0.001
1565,5.349,26.221,196.97,379.1939,0.0006,117,146,0.001,0.001,0.001,269,0.001,321,258,257,312,0.001,153,0.001,0.001,163,0.001,0.001,0.001,0.001
1566,13.54,36.708,270.96,735.3668,0.0008,117,138,0.001,178,0.001,157,203,0.001,145,158,155,153,0.001,203,0.001,165,224,0.001,0.001,0.001
1567,15.551,26.337,196.17,499.0826,0.0006,117,136,150,238,0.001,0.001,0.001,149,0.001,0.001,0.001,0.001,254,363,108,268,210,0.001,0.001,0.001
1568,13.656,37.254,274.49,788.3333,0.0052,117,0.001,0.001,0.001,0.001,1002,65,0.001,0.001,0.001,0.001,0.001,0.001,0.001,0.001,93,712,0.001,0.001,0.001
1569,13.521,35.48,262.21,691.3393,0.0011,117,125,0.001,160,0.001,161,0.001,158,157,185,0.001,163,135,139,148,0.001,337,0.001,0.001,0.001
1570,13.094,18.332,140.66,232.046,0.0001,117,0.001,0.001,0.001,0.001,0.001,380,329,388,392,377,0.001,0.001,0.001,0.001,0.001,0.001,0.001,0.001,0.001
1571,13.202,17.427,133.57,244.0262,0.0004,117,0.001,298,396,0.001,367,0.001,0.001,0.001,0.001,0.001,0.001,419,386,0.001,0.001,0.001,0.001,0.001,0.001
1572,5.955,32.713,242.06,655.3153,0.0014,116,0.001,109,0.001,0.001,126,225,0.001,337,0.001,151,190,258,264,202,0.001,0.001,0.001,67,0.001
1573,13.256,27.803,208,414.3071,0.0007,116,0.001,0.001,0.001,0.001,0.001,0.001,0.001,0.001,80,0.001,81,93,70,92,110,1334,0.001,0.001,0.001
1574,12.59,26.297,197.58,371.3158,0.0008,116,143,121,0.001,0.001,0.001,196,207,195,122,207,0.001,176,92,0.001,199,199,0.001,0.001,0.001
1575,13.31,29.821,222.84,445.3317,0.0008,116,148,114,167,0.001,123,0.001,98,347,0.001,396,0.001,184,132,0.001,0.001,146,0.001,0.001,0.001
1576,6.391,17.519,133.41,266.8873,0.0004,116,0.001,0.001,0.001,0.001,0.001,191,138,340,128,269,0.001,191,0.001,0.001,0.001,597,0.001,0.001,0.001
1577,12.195,17.303,133.54,212.9492,0.0006,116,142,101,599,0.001,0.001,0.001,0.001,0.001,160,106,124,217,401,0.001,0.001,0.001,0.001,0.001,0.001
1578,11.386,30.53,227.14,520.3031,0.0007,115,179,0.001,135,0.001,0.001,0.001,176,222,111,372,0.001,167,353,132,0.001,0.001,0.001,0.001,0.001
1579,4.939,29.966,222.49,565.2493,0.0007,115,0.001,172,216,0.001,0.001,0.001,0.001,0.001,119,120,242,279,278,230,189,0.001,0.001,0.001,0.001
1580,13.601,36.029,265.58,743.3083,0.0037,115,0.001,0.001,0.001,0.001,0.001,688,0.001,0.001,0.001,0.001,0.001,738,0.001,0.001,54,359,0.001,0.001,0.001
1581,13.225,26.788,200.81,409.235,0.0008,115,313,294,0.001,0.001,348,103,0.001,114,350,315,0.001,0.001,0.001,0.001,0.001,0.001,0.001,0.001,0.001
1582,1.621,19.638,151.98,203.0816,0.0008,114,118,114,138,0.001,184,0.001,0.001,166,0.001,0.001,0.001,0.001,0.001,0.001,0.001,1110,0.001,0.001,0.001
1583,11.324,23.123,175.34,297.1524,0.0006,114,0.001,0.001,651,0.001,0.001,762,0.001,106,0.001,0.001,0.001,0.001,0.001,0.001,311,0.001,0.001,76,0.001
1584,13.819,29.578,219.16,625.058,0.0009,114,166,204,0.001,0.001,194,0.001,0.001,152,0.001,195,190,215,133,156,224,0.001,0.001,0.001,0.001
1585,13.585,32.763,242.37,644.3342,0.0021,114,0.001,281,0.001,0.001,0.001,0.001,0.001,212,0.001,278,305,296,332,0.001,0.001,122,86,0.001,0.001
1586,5.881,31.456,233.11,610.252,0.0021,114,162,174,201,0.001,0.001,210,123,0.001,0.001,0.001,169,0.001,184,0.001,173,429,0.001,0.001,0.001
1587,9.933,33.879,250.37,699.287,0.0013,114,130,160,0.001,0.001,0.001,0.001,0.001,0.001,89,204,197,352,270,238,182,0.001,0.001,0.001,0.001
1588,12.711,28.666,213.81,472.2547,0.0008,114,131,0.001,219,0.001,153,0.001,118,0.001,0.001,230,0.001,0.001,178,182,220,386,0.001,0.001,0.001
1589,15.964,34.051,251.83,661.3634,0.001,113,0.001,0.001,171,0.001,190,0.001,99,146,0.001,234,237,253,0.001,0.001,177,308,0.001,0.001,0.001
1590,13.624,26.812,200.85,411.2748,0.0005,113,145,0.001,295,0.001,0.001,0.001,149,0.001,145,256,167,251,275,126,0.001,0.001,0.001,0.001,0.001
1591,12.829,29.153,217.21,499.3236,0.0009,113,232,153,112,0.001,192,0.001,160,168,170,167,174,0.001,108,172,0.001,0.001,0.001,0.001,0.001
1592,12.193,20.753,159.55,228.9807,0.0005,113,150,113,543,0.001,154,0.001,0.001,0.001,0.001,0.001,0.001,272,433,143,0.001,0.001,0.001,0.001,0.001
1593,12.656,18.979,144.68,260.0428,0.0007,113,0.001,0.001,0.001,0.001,0.001,0.001,315,320,0.001,0.001,244,0.001,294,0.001,312,322,0.001,0.001,0.001
1594,9.963,33.902,250.58,698.2881,0.0024,113,125,163,152,0.001,128,0.001,0.001,0.001,0.001,150,0.001,300,221,246,196,121,0.001,0.001,0.001
1595,12.198,23.514,178.18,297.2427,0.0005,112,0.001,348,0.001,0.001,0.001,380,0.001,0.001,155,0.001,0.001,398,0.001,0.001,0.001,518,0.001,0.001,0.001
1596,13.346,20.525,155.38,305.0467,0.0005,112,0.001,0.001,0.001,0.001,224,0.001,0.001,0.001,0.001,0.001,265,274,0.001,250,0.001,783,0.001,0.001,0.001
1597,12.597,25.765,194.85,325.2967,0.0009,112,0.001,0.001,479,0.001,577,0.001,0.001,0.001,0.001,0.001,738,0.001,0.001,0.001,0.001,0.001,0.001,0.001,0.001
1598,14.142,28.74,214.11,491.292,0.0009,112,0.001,0.001,0.001,0.001,128,382,316,243,359,226,0.001,138,0.001,0.001,0.001,0.001,0.001,0.001,0.001
1599,15.329,31.277,232.45,539.3776,0.0012,112,115,150,0.001,0.001,161,137,0.001,179,0.001,155,197,0.001,153,0.001,225,314,0.001,0.001,0.001
1600,9.962,33.157,245.07,672.2924,0.0019,112,85,0.001,0.001,0.001,0.001,0.001,146,265,0.001,222,181,293,217,225,0.001,152,0.001,0.001,0.001
1601,13.199,29.156,216.98,508.3148,0.0009,112,109,0.001,0.001,0.001,0.001,166,173,185,227,198,163,206,0.001,158,199,0.001,0.001,0.001,0.001
1602,13.557,20.506,155.21,306.0435,0.0007,111,0.001,0.001,0.001,0.001,253,0.001,0.001,0.001,0.001,0.001,0.001,393,0.001,0.001,0.001,1137,0.001,247,0.001
1603,5.956,31.489,233.31,611.3072,0.0015,111,0.001,0.001,115,0.001,0.001,186,0.001,388,0.001,115,152,245,244,169,168,0.001,0.001,0.001,0.001
1604,8.202,19.284,287.09,254.6218,0.0005,111,0.001,0.001,0.001,0.001,0.001,0.001,0.001,571,0.001,0.001,0.001,251,0.001,616,342,0.001,0.001,0.001,0.001
1605,15.78,38.032,280.39,790.5397,0.0012,111,0.001,0.001,0.001,0.001,140,965,377,0.001,0.001,0.001,0.001,0.001,0.001,298,0.001,0.001,82,0.001,0.001
1606,7.51,28.312,211.41,449.1601,0.001,111,0.001,0.001,80,0.001,182,0.001,233,259,156,292,0.001,163,89,137,97,91,0.001,0.001,0.001
1607,14.48,24.425,185.55,283.2633,0.0008,111,0.001,305,0.001,0.001,356,0.001,204,0.001,0.001,0.001,0.001,346,0.001,0.001,434,133,0.001,0.001,0.001
1608,3.711,30.025,222.82,571.276,0.0011,111,0.001,0.001,184,0.001,0.001,240,119,373,0.001,131,0.001,241,269,220,0.001,0.001,0.001,0.001,0.001
1609,9.815,32.637,241.62,654.2625,0.0011,111,118,185,0.001,0.001,157,0.001,0.001,333,0.001,199,171,372,0.001,240,0.001,0.001,0.001,0.001,0.001
1610,12.858,25.68,193.19,357.256,0.0006,111,0.001,0.001,0.001,0.001,0.001,250,184,160,193,207,144,211,0.001,187,239,0.001,0.001,0.001,0.001
1611,14.592,37.293,275.3,753.4694,0.0011,111,149,148,101,0.001,106,187,0.001,211,214,0.001,195,131,124,206,0.001,0.001,0.001,0.001,0.001
1612,12.434,34.806,257.08,727.1763,0.0011,110,171,167,0.001,0.001,182,0.001,154,0.001,106,0.001,167,250,201,152,216,0.001,0.001,0.001,0.001
1613,0.25,29.388,217.59,621.1205,0.0021,110,0.001,0.001,184,0.001,0.001,185,168,395,74,326,0.001,0.001,0.001,0.001,233,201,0.001,0.001,0.001
1614,9.954,23.535,176.4,401.0836,0.0007,110,0.001,0.001,223,0.001,172,140,101,0.001,0.001,174,144,240,189,0.001,150,233,0.001,0.001,0.001
1615,15.218,29.298,218.45,475.2947,0.0021,110,150,0.001,276,0.001,190,121,121,0.001,108,143,0.001,219,174,0.001,158,100,153,148,0.001
1616,4.172,25.014,187.67,389.1816,0.0008,110,0.001,0.001,0.001,0.001,126,281,187,328,161,0.001,161,194,0.001,208,114,0.001,86,0.001,0.001
1617,14.698,26.149,196.81,359.2942,0.0006,110,114,177,225,0.001,251,178,0.001,130,0.001,129,0.001,0.001,115,0.001,189,251,0.001,0.001,0.001
1618,2.432,27.163,211.03,187.0057,0.001,110,0.001,128,159,0.001,0.001,154,147,0.001,0.001,144,0.001,0.001,218,171,93,542,0.001,0.001,0.001
1619,12.543,24.989,188.62,327.1843,0.0002,110,0.001,0.001,0.001,0.001,0.001,0.001,0.001,1752,0.001,0.001,0.001,0.001,0.001,0.001,0.001,0.001,0.001,131,0.001
1620,15.484,34.32,255.29,529.389,0.0005,109,0.001,234,186,0.001,125,169,89,204,161,0.001,0.001,0.001,578,0.001,0.001,0.001,0.001,0.001,0.001
1621,9.718,24.671,185.18,380.1774,0.0008,109,0.001,133,0.001,0.001,0.001,146,0.001,203,0.001,180,149,201,189,0.001,0.001,539,0.001,0.001,0.001
1622,11.902,26.987,202.17,411.2915,0.0009,109,145,116,136,0.001,142,0.001,128,0.001,150,187,0.001,200,0.001,172,218,144,0.001,0.001,0.001
1623,12.191,27.553,204.74,555.0715,0.0015,109,148,0.001,553,0.001,135,0.001,0.001,0.001,0.001,154,123,0.001,396,124,103,0.001,87,0.001,0.001
1624,2.442,26.216,203.5,187.0052,0.0008,109,0.001,0.001,0.001,0.001,0.001,0.001,0.001,99,0.001,91,198,0.001,280,0.001,0.001,1068,0.001,0.001,0.001
1625,3.087,28.486,211.92,527.2301,0.0013,108,0.001,132,183,0.001,112,186,0.001,313,126,134,168,0.001,205,173,0.001,0.001,0.001,0.001,0.001
1626,15.47,28.27,211.67,422.3673,0.0004,108,0.001,303,0.001,0.001,378,0.001,306,0.001,0.001,0.001,0.001,0.001,0.001,249,494,0.001,0.001,0.001,0.001
1627,13.872,31.185,232.08,493.3897,0.0009,108,0.001,0.001,0.001,0.001,0.001,0.001,0.001,328,77,565,0.001,0.001,143,191,63,358,0.001,0.001,0.001
1628,11.842,24.293,183.67,321.242,0.0005,108,284,168,0.001,0.001,400,0.001,0.001,0.001,0.001,0.001,0.001,0.001,0.001,0.001,307,566,0.001,0.001,0.001
1629,15.283,25.882,194.91,351.3254,0.0003,108,160,142,215,0.001,0.001,180,113,137,0.001,0.001,153,114,197,133,0.001,176,0.001,0.001,0.001
1630,16.167,32.89,243.94,597.3499,0.001,107,170,183,103,0.001,159,0.001,188,141,148,177,185,0.001,97,0.001,167,0.001,208,0.001,0.001
1631,13.585,32.81,243.03,603.2855,0.0005,107,0.001,0.001,0.001,0.001,77,0.001,0.001,0.001,0.001,0.001,72,0.001,0.001,0.001,0.001,1569,0.001,0.001,0.001
1632,12.829,19.159,145.24,289.0293,0.0005,107,0.001,0.001,0.001,0.001,0.001,0.001,0.001,805,0.001,0.001,0.001,0.001,0.001,792,0.001,118,0.001,0.001,0.001
1633,13.606,26.358,198.5,339.1985,0.0002,107,0.001,0.001,0.001,0.001,0.001,0.001,100,0.001,0.001,83,0.001,100,0.001,0.001,0.001,1429,0.001,0.001,0.001
1634,14.049,30.134,224.05,525.3608,0.001,107,0.001,144,0.001,0.001,150,0.001,191,162,205,0.001,191,161,217,148,0.001,143,0.001,0.001,0.001
1635,16.279,36.031,266.32,701.5315,0.001,107,0.001,0.001,217,0.001,0.001,0.001,930,0.001,0.001,0.001,0.001,0.001,0.001,0.001,563,0.001,0.001,0.001,0.001
1636,13.45,27.933,208.49,459.2508,0.001,107,0.001,0.001,0.001,0.001,132,0.001,176,197,220,244,209,300,0.001,0.001,231,0.001,0.001,0.001,0.001
1637,15.544,30.686,228.77,479.3705,0.0007,107,137,141,0.001,0.001,167,0.001,0.001,0.001,214,183,0.001,192,173,0.001,180,320,0.001,0.001,0.001
1638,13.432,27.898,208.22,457.2355,0.0008,106,106,0.001,0.001,0.001,139,194,0.001,184,195,247,0.001,0.001,181,123,118,214,0.001,0.001,0.001
1639,14.408,39.677,292.45,816.5761,0.0002,106,0.001,291,229,0.001,0.001,95,0.001,0.001,0.001,0.001,381,285,0.001,0.001,420,0.001,0.001,0.001,0.001
1640,13.939,19.133,145.25,288.0322,0.0003,106,0.001,0.001,0.001,0.001,0.001,0.001,0.001,0.001,0.001,0.001,0.001,456,576,0.001,669,0.001,0.001,0.001,0.001
1641,15.34,36.805,271.88,715.5775,0.0008,106,0.001,0.001,141,0.001,193,358,0.001,193,281,246,0.001,121,167,0.001,0.001,0.001,0.001,0.001,0.001
1642,13.784,23.213,176.38,283.263,0.0005,106,170,0.001,176,0.001,192,0.001,176,0.001,201,178,138,173,0.001,0.001,154,142,0.001,0.001,0.001
1643,12.711,28.649,213.62,473.252,0.001,106,116,0.001,0.001,0.001,160,208,0.001,199,145,0.001,0.001,149,0.001,138,203,379,0.001,0.001,0.001
1644,13.759,27.564,206.66,397.4588,0.001,106,0.001,0.001,206,0.001,231,0.001,0.001,328,0.001,0.001,0.001,447,0.001,0.001,0.001,484,0.001,0.001,0.001
1645,13.794,30.023,223.54,506.3245,0.0011,106,195,0.001,0.001,0.001,154,218,0.001,214,0.001,310,0.001,264,0.001,142,198,0.001,0.001,0.001,0.001
1646,11.646,23.477,174.17,580.9611,0.0012,106,169,0.001,215,0.001,0.001,0.001,109,0.001,0.001,0.001,208,229,193,219,194,158,0.001,93,0.001
1647,13.198,29.885,221.87,553.3187,0.0012,106,0.001,0.001,0.001,0.001,0.001,195,189,206,216,225,0.001,215,0.001,177,269,0.001,0.001,0.001,0.001
1648,15.797,27.692,207.58,397.3682,0.0008,106,135,113,0.001,0.001,0.001,269,180,263,186,0.001,0.001,0.001,286,0.001,0.001,260,162,0.001,65
1649,16.366,32.343,239.91,599.3191,0.0011,105,185,180,103,0.001,157,0.001,179,0.001,255,0.001,120,139,0.001,177,190,0.001,0.001,0.001,0.001
1650,15.056,21.807,165.36,297.0455,0.0008,105,183,185,109,0.001,0.001,177,178,0.001,0.001,96,183,88,164,0.001,116,205,0.001,0.001,0.001
1651,9.77,13.029,99.75,248.9823,0.0008,105,513,0.001,0.001,0.001,0.001,0.001,0.001,461,0.001,0.001,709,0.001,0.001,0.001,0.001,0.001,0.001,0.001,0.001
1652,9.73,24.959,188,355.2287,0.0004,105,88,193,106,0.001,266,124,136,225,0.001,0.001,0.001,187,195,0.001,163,0.001,0.001,0.001,0.001
1653,15.094,29.079,216.72,475.3421,0.0009,105,0.001,0.001,0.001,0.001,342,0.001,0.001,0.001,0.001,73,0.001,182,256,0.001,501,328,0.001,0.001,0.001
1654,16.489,34.049,252.78,566.5515,0.0017,105,0.001,0.001,0.001,0.001,161,889,443,0.001,0.001,0.001,0.001,0.001,0.001,189,0.001,0.001,0.001,0.001,0.001
1655,14.999,34.291,254.72,558.4598,0.0007,105,127,234,0.001,0.001,0.001,0.001,0.001,522,0.001,0.001,0.001,0.001,295,212,289,0.001,0.001,0.001,0.001
1656,12.533,37.893,279.67,750.1721,0.0016,105,138,149,139,0.001,177,164,0.001,175,0.001,179,131,0.001,171,151,0.001,102,0.001,0.001,0.001
1657,14.171,31.504,234.28,495.4045,0.0011,104,0.001,0.001,0.001,0.001,0.001,0.001,0.001,0.001,0.001,412,0.001,0.001,508,0.001,0.001,747,0.001,0.001,0.001
1658,14.498,28.477,212.66,450.2973,0.0011,104,0.001,0.001,0.001,0.001,149,0.001,118,319,192,162,0.001,300,122,136,169,0.001,0.001,0.001,0.001
1659,14.186,17.316,133.66,212.9494,0.0005,104,122,148,336,0.001,127,119,0.001,0.001,0.001,220,0.001,0.001,268,139,187,0.001,0.001,0.001,0.001
1660,14.343,29.48,219.65,497.3636,0.0009,104,173,0.001,237,0.001,184,104,129,0.001,137,0.001,161,0.001,342,0.001,195,0.001,0.001,0.001,0.001
1661,13.137,27.006,202.51,397.3123,0.0007,104,99,123,104,0.001,128,123,140,128,134,161,0.001,155,132,117,0.001,113,0.001,0.001,0.001
1662,9.956,29.786,221.24,541.267,0.0012,103,0.001,138,0.001,0.001,0.001,0.001,115,179,0.001,124,160,240,174,192,135,196,0.001,0.001,0.001
1663,15.682,30.927,230.1,523.4018,0.0013,103,69,0.001,119,0.001,153,269,0.001,162,148,262,0.001,154,0.001,96,220,0.001,0.001,0.001,0.001
1664,14.342,36.774,271.53,742.5394,0.0008,103,192,162,0.001,0.001,0.001,0.001,0.001,0.001,497,0.001,250,0.001,242,309,0.001,0.001,0.001,0.001,0.001
1665,14.92,27.354,203.33,543.0548,0.0006,103,247,0.001,203,0.001,81,0.001,109,196,64,0.001,111,146,276,91,125,0.001,0.001,0.001,0.001
1666,2.452,30.84,239.58,187.0059,0.0004,103,0.001,0.001,213,0.001,208,0.001,225,216,0.001,190,0.001,0.001,0.001,0.001,143,450,0.001,0.001,0.001
1667,14.705,21.289,160.77,329.0456,0.0006,102,203,141,0.001,0.001,176,213,0.001,0.001,0.001,0.001,99,386,97,190,0.001,134,0.001,0.001,0.001
1668,0.338,17.155,133.36,187.0403,0.0004,102,0.001,0.001,817,0.001,184,0.001,163,0.001,0.001,0.001,0.001,144,0.001,0.001,163,166,0.001,0.001,0.001
1669,14.234,30.199,223.55,645.1212,0.0016,102,0.001,133,289,0.001,140,98,114,126,0.001,0.001,0.001,190,342,0.001,0.001,205,0.001,0.001,0.001
1670,4.045,26.09,195.16,425.2011,0.0006,102,0.001,151,0.001,0.001,93,0.001,0.001,182,97,86,134,199,214,150,123,208,0.001,0.001,0.001
1671,15.862,39.518,290.81,857.5207,0.0012,102,0.001,0.001,0.001,0.001,0.001,709,162,324,186,0.001,0.001,0.001,0.001,0.001,255,0.001,0.001,0.001,0.001
1672,13.284,15.775,124.47,152.9832,0.0003,102,0.001,124,273,0.001,0.001,0.001,0.001,0.001,100,176,130,310,373,150,0.001,0.001,0.001,0.001,0.001
1673,9.55,30.109,223.57,566.2096,0.001,102,0.001,128,128,0.001,128,0.001,99,246,0.001,211,149,234,146,163,0.001,0.001,69,0.001,0.001
1674,5.595,16.939,130.37,224.061,0.0004,102,169,0.001,169,0.001,0.001,725,0.001,0.001,309,0.001,0.001,256,0.001,0.001,0.001,0.001,0.001,0.001,0.001
1675,7.148,24.615,185.94,329.1743,0.0006,102,135,0.001,98,0.001,211,185,301,156,0.001,344,0.001,0.001,0.001,198,0.001,0.001,0.001,0.001,0.001
1676,12.431,35.51,262.14,742.1905,0.0015,102,217,0.001,171,0.001,0.001,0.001,155,198,0.001,193,0.001,326,149,0.001,215,0.001,0.001,0.001,0.001
1677,12.686,28.53,213.55,410.1612,0.0011,101,0.001,0.001,56,0.001,0.001,0.001,0.001,0.001,0.001,0.001,0.001,0.001,0.001,0.001,0.001,1567,0.001,91,67
1678,1.493,29.806,229.84,212.0014,0.0006,101,254,160,0.001,0.001,0.001,107,210,141,146,0.001,0.001,229,152,0.001,218,0.001,0.001,0.001,0.001
1679,11.385,27.958,208.86,449.23,0.0008,101,163,57,0.001,0.001,0.001,130,0.001,260,134,0.001,0.001,193,339,159,182,0.001,0.001,0.001,0.001
1680,13.046,19.078,145.95,247.0421,0.001,101,0.001,76,104,0.001,111,0.001,70,0.001,0.001,100,75,104,172,94,0.001,708,0.001,0.001,0.001
1681,14.961,27.4,205.39,398.332,0.0012,101,156,0.001,154,0.001,0.001,0.001,0.001,192,225,0.001,197,0.001,0.001,152,0.001,537,0.001,0.001,0.001
1682,16.404,34.581,256.32,590.5516,0.0016,101,0.001,0.001,0.001,0.001,0.001,764,211,91,216,0.001,130,115,84,0.001,0.001,0.001,111,0.001,0.001
1683,13.49,36.742,271.11,765.3451,0.0014,101,0.001,251,0.001,0.001,247,210,241,0.001,143,249,269,0.001,0.001,0.001,0.001,0.001,0.001,0.001,0.001
1684,13.192,18.945,144.56,260.0425,0.0004,101,0.001,263,0.001,0.001,0.001,246,0.001,0.001,0.001,0.001,321,0.001,275,247,257,0.001,122,0.001,0.001
1685,6.809,17.924,135.62,312.8336,0.0013,100,105,0.001,150,0.001,0.001,129,148,334,100,0.001,0.001,135,81,0.001,0.001,424,0.001,0.001,0.001
1686,12.883,20.498,155.41,305.0469,0.0003,100,255,0.001,261,0.001,236,0.001,0.001,277,0.001,0.001,0.001,295,0.001,282,0.001,0.001,0.001,0.001,0.001
1687,14.559,33.302,247.27,575.4669,0.0011,100,219,240,208,0.001,235,0.001,0.001,0.001,0.001,0.001,72,239,261,63,68,0.001,0.001,0.001,0.001
1688,7.332,28.584,213.7,427.2145,0.0013,100,0.001,93,0.001,0.001,0.001,0.001,125,324,0.001,0.001,0.001,0.001,0.001,144,842,75,0.001,0.001,0.001
1689,16.345,35.406,261.91,679.4713,0.0013,100,0.001,0.001,96,0.001,166,841,0.001,385,0.001,0.001,0.001,0.001,0.001,0.001,115,0.001,0.001,0.001,0.001
1690,12.752,26.24,195.93,455.0465,0.0011,100,172,98,192,0.001,0.001,0.001,0.001,122,0.001,173,131,206,204,0.001,129,176,0.001,0.001,0.001
1691,13.538,36.757,271.09,764.3425,0.0033,100,0.001,0.001,229,0.001,178,171,223,170,0.001,0.001,205,0.001,0.001,0.001,215,210,0.001,0.001,0.001
1692,11.708,29.153,216.89,516.2725,0.0011,100,0.001,0.001,139,0.001,0.001,270,0.001,248,0.001,292,0.001,257,91,123,179,0.001,0.001,0.001,0.001
1693,15.077,33.063,245.37,558.46,0.0023,100,0.001,0.001,193,0.001,0.001,0.001,0.001,266,105,332,0.001,0.001,193,176,250,82,0.001,0.001,0.001
1694,12.525,20.517,155.3,306.0434,0.0011,99,0.001,0.001,341,0.001,0.001,186,0.001,423,0.001,0.001,0.001,0.001,0.001,0.001,207,431,0.001,0.001,0.001
1695,9.795,29.584,219.95,529.2041,0.0006,99,117,0.001,272,0.001,0.001,0.001,0.001,0.001,0.001,0.001,0.001,700,133,88,0.001,275,0.001,0.001,0.001
1696,2.819,15.776,125.05,144.0449,0.0005,99,114,0.001,0.001,0.001,0.001,0.001,430,148,549,290,53,0.001,0.001,0.001,0.001,0.001,0.001,0.001,0.001
1697,13.517,27.277,203.59,452.2178,0.0008,99,0.001,273,0.001,0.001,0.001,241,334,0.001,210,0.001,0.001,0.001,0.001,282,0.001,242,0.001,0.001,0.001
1698,9.578,30.155,223.84,567.2069,0.0019,99,98,151,0.001,0.001,120,0.001,0.001,268,107,0.001,0.001,253,155,184,151,93,0.001,0.001,0.001
1699,13.556,25.402,191.14,339.1967,0.0017,98,0.001,0.001,0.001,0.001,0.001,0.001,0.001,0.001,186,0.001,0.001,0.001,0.001,0.001,0.001,1387,0.001,0.001,0.001
1700,15.59,38.087,280.85,778.5135,0.0012,98,0.001,87,0.001,0.001,0.001,504,0.001,255,187,289,0.001,249,0.001,0.001,0.001,0.001,0.001,0.001,0.001
1701,3.396,29.858,221.63,570.2597,0.0008,98,0.001,0.001,162,0.001,84,168,97,250,0.001,79,153,191,217,169,0.001,0.001,0.001,0.001,0.001
1702,9.923,23.236,174.46,387.0329,0.0004,98,193,0.001,306,0.001,0.001,0.001,134,0.001,0.001,0.001,0.001,276,273,241,146,0.001,0.001,0.001,0.001
1703,13.789,32.002,238.05,519.4047,0.0007,98,0.001,0.001,194,0.001,0.001,0.001,103,434,0.001,366,0.001,222,0.001,247,0.001,0.001,0.001,0.001,0.001
1704,14.39,31.56,234.93,503.4096,0.0007,98,0.001,0.001,164,0.001,0.001,0.001,0.001,358,0.001,259,113,195,166,212,96,0.001,0.001,0.001,0.001
1705,15.214,25.855,194.8,351.3262,0.0005,98,0.001,0.001,130,0.001,217,0.001,0.001,244,0.001,448,0.001,0.001,221,0.001,303,0.001,0.001,0.001,0.001
1706,13.487,36.724,271.1,763.3438,0.0025,97,103,192,163,0.001,139,0.001,0.001,0.001,0.001,144,193,191,246,188,0.001,0.001,0.001,0.001,0.001
1707,13.782,17.438,133.58,245.0223,0.0004,97,203,241,228,0.001,114,0.001,0.001,207,0.001,0.001,210,219,0.001,0.001,136,0.001,0.001,0.001,155
1708,13.202,30.68,227.71,580.3111,0.0009,97,0.001,159,152,0.001,168,0.001,176,168,223,162,160,0.001,0.001,188,0.001,0.001,0.001,0.001,0.001
1709,5.964,17.07,131.24,220.9391,0.0004,97,0.001,0.001,0.001,0.001,0.001,0.001,107,202,0.001,239,0.001,0.001,72,0.001,0.001,932,0.001,0.001,0.001
1710,11.43,23.39,177.41,295.2271,0.0007,97,190,156,178,0.001,0.001,0.001,195,0.001,235,174,218,0.001,0.001,0.001,0.001,206,0.001,0.001,0.001
1711,5.422,27.585,205.71,478.2125,0.0005,97,0.001,0.001,141,0.001,162,179,0.001,288,119,0.001,0.001,190,173,167,133,0.001,0.001,0.001,0.001
1712,14.641,27.466,205.87,408.3522,0.0009,97,147,0.001,234,0.001,182,111,118,0.001,0.001,239,179,0.001,340,0.001,0.001,0.001,0.001,0.001,0.001
1713,7.361,26.504,199.21,371.1889,0.0008,97,0.001,0.001,0.001,0.001,152,0.001,0.001,82,86,1006,0.001,0.001,0.001,0.001,223,0.001,0.001,0.001,0.001
1714,0.66,18.046,140.22,187.0965,0.0003,97,0.001,0.001,0.001,0.001,87,65,0.001,97,0.001,52,0.001,0.001,0.001,0.001,256,991,0.001,0.001,0.001
1715,12.257,26.92,200.34,511.0634,0.0007,97,0.001,0.001,492,0.001,137,0.001,0.001,0.001,0.001,0.001,0.001,221,363,145,0.001,187,0.001,0.001,0.001
1716,3.638,18.502,143.2,201.022,0.0003,97,118,0.001,0.001,0.001,55,0.001,0.001,0.001,0.001,0.001,0.001,0.001,0.001,0.001,0.001,1371,0.001,0.001,0.001
1717,13.708,25.226,190.47,311.1678,0.0002,96,0.001,0.001,0.001,0.001,0.001,0.001,0.001,0.001,0.001,80,0.001,0.001,0.001,0.001,0.001,1463,0.001,0.001,0.001
1718,2.446,24.136,187.56,187.0066,0.0004,96,213,174,0.001,0.001,0.001,0.001,0.001,0.001,185,0.001,0.001,0.001,0.001,0.001,172,796,0.001,0.001,0.001
1719,13.924,18.959,144.7,260.0427,0.0003,96,0.001,220,0.001,0.001,184,216,185,139,0.001,0.001,0.001,222,178,0.001,196,0.001,224,0.001,0.001
1720,15.466,27.693,207.69,397.4942,0.0006,96,57,123,0.001,0.001,0.001,0.001,95,220,277,0.001,196,0.001,277,0.001,294,0.001,0.001,0.001,0.001
1721,13.253,23.876,181.08,301.2165,0.0003,96,0.001,195,232,0.001,170,0.001,0.001,194,516,0.001,0.001,230,0.001,0.001,0.001,0.001,0.001,0.001,0.001
1722,12.44,31.806,236.16,558.1709,0.0007,96,0.001,0.001,0.001,0.001,215,0.001,0.001,0.001,214,265,194,0.001,194,200,254,0.001,0.001,0.001,0.001
1723,14.187,27.541,204.54,555.0717,0.0011,96,0.001,0.001,252,0.001,0.001,113,100,0.001,0.001,159,0.001,194,364,139,215,0.001,0.001,0.001,0.001
1724,13.674,32.003,238.13,511.3992,0.0014,96,0.001,0.001,110,0.001,105,0.001,0.001,0.001,0.001,752,279,0.001,0.001,123,0.001,166,0.001,0.001,0.001
1725,14.221,31.44,232.49,699.0772,0.0006,96,119,148,301,0.001,0.001,145,0.001,0.001,0.001,0.001,0.001,0.001,436,149,233,0.001,0.001,0.001,0.001
1726,14.184,15.772,124.51,152.9836,0.0005,96,95,114,220,0.001,135,0.001,146,0.001,0.001,179,0.001,166,274,0.001,201,0.001,0.001,0.001,0.001
1727,12.44,32.55,241.67,571.1748,0.0007,96,0.001,0.001,0.001,0.001,505,0.001,0.001,536,489,0.001,0.001,0.001,0.001,0.001,0.001,0.001,0.001,0.001,0.001
1728,13.453,27.729,206.56,496.2265,0.0014,96,139,142,0.001,0.001,0.001,149,142,137,132,0.001,200,0.001,147,181,159,0.001,0.001,0.001,0.001
1729,10.937,24.635,186.21,315.1926,0.0006,95,0.001,219,0.001,0.001,0.001,154,178,0.001,0.001,278,0.001,0.001,221,0.001,328,149,0.001,0.001,0.001
1730,8.3,29.032,215.93,510.2519,0.0015,95,0.001,0.001,0.001,0.001,395,0.001,0.001,0.001,0.001,566,0.001,0.001,0.001,0.001,0.001,566,0.001,0.001,0.001
1731,14.893,34.528,255.51,663.4152,0.0006,95,116,0.001,244,0.001,62,0.001,142,0.001,119,0.001,133,243,298,0.001,170,0.001,0.001,0.001,0.001
1732,6.35,23.61,178.52,313.1184,0.0011,95,0.001,0.001,133,0.001,0.001,149,79,274,91,304,0.001,150,0.001,204,0.001,143,0.001,0.001,0.001
1733,15.034,22.184,169.23,255.2321,0.0005,95,0.001,0.001,0.001,0.001,0.001,0.001,0.001,179,0.001,0.001,184,193,0.001,0.001,256,715,129,0.001,0.001
1734,13.498,33.089,245.38,591.4632,0.0006,95,0.001,75,0.001,0.001,0.001,0.001,0.001,436,0.001,697,0.001,187,130,0.001,0.001,0.001,0.001,0.001,0.001
1735,13.264,26.231,197.29,365.305,0.0007,95,122,0.001,0.001,0.001,106,153,171,144,232,214,0.001,191,0.001,0.001,192,0.001,0.001,0.001,0.001
1736,4.721,28.976,215.51,513.2534,0.0013,95,0.001,0.001,205,0.001,0.001,0.001,0.001,266,0.001,0.001,240,0.001,291,218,0.001,304,0.001,0.001,0.001
1737,16.403,27.626,206.85,395.3893,0.0007,95,0.001,0.001,0.001,0.001,0.001,0.001,196,0.001,215,0.001,0.001,0.001,0.001,0.001,0.001,1108,0.001,0.001,0.001
1738,12.187,20.928,158.88,288.9983,0.0006,95,0.001,0.001,436,0.001,0.001,67,82,0.001,120,118,0.001,212,390,0.001,93,0.001,0.001,0.001,0.001
1739,9.72,30.516,226.17,584.2388,0.0009,95,0.001,0.001,0.001,0.001,0.001,149,0.001,228,0.001,0.001,142,280,174,188,153,202,0.001,0.001,0.001
1740,14.124,33.983,251.01,718.1525,0.0008,95,117,108,0.001,0.001,0.001,0.001,108,125,0.001,170,186,259,265,176,0.001,0.001,0.001,0.001,0.001
1741,13.998,33.202,246.18,580.3617,0.0013,95,155,0.001,0.001,0.001,0.001,103,97,165,0.001,172,139,255,218,0.001,0.001,208,0.001,0.001,0.001
1742,14.821,21.282,160.82,329.0458,0.0006,94,0.001,225,450,0.001,155,224,0.001,0.001,0.001,169,213,74,0.001,0.001,0.001,0.001,0.001,0.001,0.001
1743,10.902,20.826,159.7,233.153,0.0007,94,0.001,0.001,0.001,0.001,169,217,0.001,198,119,176,0.001,279,0.001,155,120,74,0.001,0.001,0.001
1744,5.422,26.556,198.55,433.2076,0.0008,94,65,0.001,0.001,0.001,0.001,138,121,326,128,110,172,170,130,147,0.001,0.001,0.001,0.001,0.001
1745,12.833,28.176,210.5,451.2903,0.0012,94,110,0.001,108,0.001,173,0.001,141,141,0.001,137,172,203,0.001,153,169,0.001,0.001,0.001,0.001
1746,8.439,20.113,150.9,399.435,0.002,94,0.001,907,0.001,0.001,0.001,0.001,0.001,0.001,0.001,534,0.001,0.001,66,0.001,0.001,0.001,0.001,0.001,0.001
1747,15.879,35.823,264.43,719.4676,0.0004,94,0.001,0.001,0.001,0.001,0.001,809,0.001,396,141,159,0.001,0.001,0.001,0.001,0.001,0.001,0.001,0.001,0.001
1748,12.74,17.432,133.5,245.0226,0.0002,94,207,0.001,0.001,0.001,265,261,0.001,264,0.001,0.001,0.001,0.001,240,0.001,266,0.001,0.001,0.001,0.001
1749,14.318,37.302,275.11,753.4704,0.0009,94,0.001,0.001,0.001,0.001,0.001,181,230,209,244,0.001,178,98,178,0.001,181,0.001,0.001,0.001,0.001
1750,10.832,23.355,177.08,293.2112,0.0004,94,0.001,307,0.001,0.001,0.001,0.001,0.001,0.001,0.001,0.001,360,375,0.001,0.001,91,363,0.001,0.001,0.001
1751,15.693,23.166,176.17,281.2479,0.0005,93,160,192,0.001,0.001,165,0.001,264,156,0.001,176,113,0.001,0.001,0.001,269,0.001,0.001,0.001,0.001
1752,15.341,32.047,238.39,531.2825,0.0003,93,205,304,0.001,0.001,0.001,0.001,276,0.001,0.001,0.001,470,0.001,0.001,240,0.001,0.001,0.001,0.001,0.001
1753,14.373,27.825,207.88,437.2671,0.0005,93,0.001,0.001,124,0.001,0.001,116,0.001,0.001,0.001,138,0.001,0.001,200,0.001,0.001,915,0.001,0.001,0.001
1754,13.942,17.513,134.81,219.027,0.0001,93,0.001,0.001,0.001,0.001,0.001,428,0.001,0.001,0.001,493,0.001,0.001,0.001,0.001,572,0.001,0.001,0.001,0.001
1755,3.092,29.763,220.79,571.2044,0.0017,93,0.001,0.001,0.001,0.001,69,162,94,273,95,117,107,135,175,0.001,122,143,0.001,0.001,0.001
1756,14.436,27.167,203.38,421.2717,0.0016,93,129,178,205,0.001,142,0.001,0.001,0.001,0.001,113,82,172,216,0.001,111,143,0.001,0.001,0.001
1757,11.943,24.411,183.48,373.0439,0.0009,93,125,0.001,232,0.001,0.001,162,0.001,163,157,199,139,153,161,0.001,0.001,0.001,0.001,0.001,0.001
1758,16.234,31.778,236.06,552.4301,0.0008,93,0.001,113,0.001,0.001,192,0.001,97,158,0.001,208,120,166,220,0.001,213,0.001,0.001,0.001,0.001
1759,15.54,30.933,230,524.3989,0.0011,93,0.001,81,95,0.001,0.001,176,142,204,209,151,148,0.001,0.001,0.001,159,120,0.001,0.001,0.001
1760,14.411,28.535,213.08,464.3116,0.0007,93,144,202,238,0.001,0.001,0.001,0.001,97,0.001,0.001,0.001,0.001,396,209,198,0.001,0.001,0.001,0.001
1761,4.53,27.444,204.72,478.2127,0.0008,93,111,113,122,0.001,0.001,194,0.001,236,0.001,132,179,225,0.001,0.001,171,0.001,0.001,0.001,0.001
1762,13.677,36.008,265.59,745.3043,0.0031,93,0.001,0.001,63,0.001,0.001,0.001,0.001,0.001,0.001,0.001,0.001,119,0.001,0.001,125,1175,0.001,0.001,0.001
1763,15.899,29.621,221.03,467.4463,0.0011,93,0.001,0.001,132,0.001,171,186,0.001,0.001,220,173,167,0.001,266,0.001,166,0.001,0.001,0.001,0.001
1764,13.201,28.859,215.49,463.283,0.0013,93,116,144,97,0.001,126,0.001,164,158,170,142,0.001,186,0.001,0.001,177,0.001,0.001,0.001,0.001
1765,13.696,25.759,193.93,350.3077,0.0011,92,0.001,0.001,0.001,0.001,0.001,221,237,0.001,0.001,211,161,0.001,226,171,252,0.001,0.001,0.001,0.001
1766,14.125,28.314,211.87,423.3078,0.0006,92,0.001,0.001,86,0.001,69,0.001,0.001,0.001,0.001,0.001,59,0.001,0.001,0.001,0.001,1265,0.001,0.001,0.001
1767,15.945,36.718,271.49,674.5729,0.0009,92,0.001,0.001,0.001,0.001,71,0.001,205,0.001,387,0.001,208,241,0.001,0.001,365,0.001,0.001,0.001,0.001
1768,15.02,33.129,245.48,605.4049,0.0019,92,0.001,0.001,58,0.001,80,227,255,206,0.001,0.001,0.001,92,198,0.001,0.001,361,0.001,0.001,0.001
1769,14.004,31.628,234.36,608.3434,0.0008,92,0.001,162,0.001,0.001,0.001,142,155,174,0.001,0.001,198,0.001,275,155,212,0.001,0.001,0.001,69
1770,12.637,27.838,208.2,435.2775,0.0013,92,134,110,0.001,0.001,127,0.001,0.001,133,145,163,131,228,0.001,151,151,0.001,0.001,0.001,0.001
1771,12.882,30.938,229.71,555.2889,0.0012,92,0.001,138,0.001,0.001,113,0.001,0.001,0.001,152,145,155,142,0.001,140,146,338,0.001,0.001,0.001
1772,15.174,36.722,271.18,731.4874,0.0008,92,0.001,0.001,112,0.001,55,425,0.001,446,91,210,0.001,0.001,0.001,0.001,130,0.001,0.001,0.001,0.001
1773,14.814,21.801,165.23,297.0455,0.0004,92,0.001,155,0.001,0.001,0.001,95,0.001,109,125,74,75,142,256,148,177,113,0.001,0.001,0.001
1774,12.557,34.024,251.47,698.1606,0.0029,92,78,159,159,0.001,84,138,0.001,186,176,179,119,0.001,0.001,120,0.001,71,0.001,0.001,0.001
1775,12.434,29.149,217.69,441.3581,0.0009,92,0.001,0.001,133,0.001,0.001,0.001,0.001,251,0.001,435,0.001,0.001,0.001,0.001,0.001,649,0.001,0.001,0.001
1776,9.998,23.086,173.06,387.0668,0.001,92,0.001,0.001,0.001,0.001,0.001,0.001,119,0.001,0.001,0.001,180,0.001,0.001,0.001,154,1011,0.001,0.001,0.001
1777,13.822,26.651,200.1,390.2668,0.0008,91,94,167,86,0.001,192,151,0.001,0.001,162,170,0.001,0.001,197,0.001,244,0.001,0.001,0.001,0.001
1778,13.477,35.499,262.2,721.3185,0.0012,91,230,0.001,0.001,0.001,0.001,0.001,0.001,0.001,0.001,0.001,381,489,0.001,0.001,362,0.001,0.001,0.001,0.001
1779,0.74,16.885,130.39,204.9792,0.0004,91,0.001,0.001,0.001,0.001,0.001,310,148,0.001,0.001,149,0.001,257,0.001,0.001,0.001,597,0.001,0.001,0.001
1780,15.514,35.261,260.35,719.3564,0.0009,91,84,0.001,254,0.001,0.001,158,0.001,0.001,0.001,171,0.001,305,0.001,142,181,164,0.001,0.001,0.001
1781,13.199,28.17,210.2,466.3015,0.001,91,0.001,111,0.001,0.001,109,169,0.001,161,201,209,107,152,130,109,0.001,0.001,0.001,0.001,0.001
1782,10.255,21.96,163.66,498.9279,0.0008,91,117,161,227,0.001,218,0.001,0.001,185,0.001,0.001,203,0.001,154,0.001,0.001,188,0.001,0.001,0.001
1783,13.388,19.132,145.39,287.0358,0,91,0.001,0.001,0.001,0.001,391,0.001,0.001,525,0.001,0.001,0.001,0.001,0.001,0.001,534,0.001,0.001,0.001,0.001
1784,13.5,27.719,207.65,403.3584,0,91,0.001,0.001,0.001,0.001,0.001,0.001,0.001,495,0.001,954,0.001,0.001,0.001,0.001,0.001,0.001,0.001,0.001,0.001
1785,13.302,25.701,193.46,353.2145,0.0006,91,0.001,101,0.001,0.001,102,176,87,107,124,155,120,154,109,0.001,116,98,0.001,0.001,152
1786,13.475,24.383,184.07,325.1825,0.0004,91,0.001,0.001,0.001,0.001,107,0.001,132,127,76,0.001,0.001,0.001,0.001,0.001,153,853,0.001,0.001,0.001
1787,8.514,24.808,186.96,343.2466,0.0011,91,160,0.001,78,0.001,0.001,0.001,0.001,209,81,0.001,0.001,0.001,179,0.001,425,316,0.001,0.001,0.001
1788,14.695,29.683,221.09,497.3637,0.0008,90,175,0.001,232,0.001,184,109,0.001,136,0.001,0.001,0.001,188,290,0.001,0.001,131,0.001,0.001,0.001
1789,13.515,29.132,217.04,487.3412,0.0011,90,0.001,87,123,0.001,0.001,0.001,112,152,0.001,215,119,251,0.001,156,147,83,0.001,0.001,0.001
1790,5.909,31.437,232.82,611.2486,0.002,90,0.001,144,0.001,0.001,0.001,0.001,103,0.001,0.001,0.001,0.001,211,0.001,182,138,665,0.001,0.001,0.001
1791,13.921,28.65,213.77,467.3375,0.0011,90,119,0.001,0.001,0.001,118,138,134,153,151,0.001,156,133,203,138,0.001,0.001,0.001,0.001,0.001
1792,14.013,21.762,165.96,267.078,0.0004,90,0.001,229,196,0.001,0.001,0.001,0.001,179,0.001,0.001,0.001,839,0.001,0.001,0.001,0.001,0.001,0.001,0.001
1793,7.485,26.149,196.62,367.277,0.0022,90,0.001,61,0.001,0.001,0.001,0.001,0.001,493,0.001,734,0.001,0.001,0.001,91,63,0.001,0.001,0.001,0.001
1794,14.162,29.844,222.25,494.3244,0.001,90,0.001,101,141,0.001,0.001,0.001,82,220,121,164,0.001,307,240,0.001,0.001,63,0.001,0.001,0.001
1795,14.127,30.42,226.01,519.3233,0.003,90,0.001,0.001,0.001,0.001,0.001,0.001,0.001,0.001,203,162,0.001,0.001,0.001,0.001,0.001,1073,54,0.001,0.001
1796,15.907,35.29,262.01,569.4205,0.0014,90,115,0.001,156,0.001,86,0.001,0.001,216,216,0.001,142,93,358,55,0.001,0.001,0.001,0.001,0.001
1797,15.662,33.719,249.61,623.4032,0.001,90,0.001,0.001,140,0.001,0.001,0.001,0.001,95,0.001,112,123,200,70,87,0.001,609,0.001,0.001,0.001
1798,11.734,13.142,100.66,248.9966,0.0019,90,1242,0.001,0.001,0.001,0.001,0.001,0.001,0.001,0.001,0.001,0.001,193,0.001,0.001,0.001,0.001,0.001,0.001,0.001
1799,11.239,25.48,190.16,469.0362,0.0008,90,0.001,113,179,0.001,122,0.001,110,0.001,75,128,92,175,134,150,157,0.001,0.001,0.001,0.001
1800,16.324,24.005,181.34,327.2162,0.0006,90,200,0.001,190,0.001,0.001,0.001,0.001,228,192,0.001,164,0.001,250,0.001,210,0.001,0.001,0.001,0.001
1801,10.323,32.762,242.43,644.3357,0.0013,89,0.001,121,128,0.001,0.001,152,0.001,0.001,85,115,154,213,168,0.001,141,153,0.001,0.001,0.001
1802,11.567,18.954,145.79,225.0057,0.0005,89,110,96,243,0.001,0.001,0.001,187,0.001,233,124,225,0.001,211,0.001,0.001,0.001,159,0.001,0.001
1803,13.965,20.504,155.3,305.0464,0.0006,89,139,0.001,0.001,0.001,225,0.001,0.001,0.001,0.001,0.001,0.001,198,0.001,242,0.001,624,0.001,0.001,199
1804,13.466,24.396,183.31,365.1619,0.0011,89,0.001,0.001,0.001,0.001,0.001,0.001,151,141,0.001,189,132,170,0.001,177,0.001,467,0.001,0.001,0.001
1805,9.04,27.716,207.91,399.2199,0.0007,89,0.001,0.001,74,0.001,440,0.001,0.001,149,606,0.001,0.001,156,0.001,0.001,0.001,0.001,0.001,0.001,0.001
1806,13.734,31.454,234.16,493.3894,0.0013,89,0.001,0.001,225,0.001,0.001,0.001,0.001,344,0.001,371,0.001,0.001,0.001,0.001,0.001,480,0.001,0.001,0.001
1807,13.526,30.211,225.38,469.3285,0.0007,89,0.001,0.001,224,0.001,0.001,0.001,0.001,212,0.001,533,0.001,257,192,0.001,0.001,0.001,0.001,0.001,0.001
1808,12.748,18.329,140.63,232.0461,0.0003,89,0.001,0.001,0.001,0.001,0.001,341,0.001,332,363,382,0.001,0.001,0.001,0.001,0.001,0.001,0.001,0.001,0.001
1809,14.01,28.612,213.62,453.2888,0.0007,89,154,0.001,0.001,0.001,0.001,126,138,174,157,179,0.001,182,183,124,0.001,0.001,0.001,0.001,0.001
1810,2.787,27.888,207.57,508.2036,0.0014,89,0.001,0.001,177,0.001,0.001,0.001,150,272,0.001,110,154,170,181,202,0.001,0.001,0.001,0.001,0.001
1811,15.684,28.214,620.84,411.513,0.0017,88,0.001,0.001,0.001,0.001,665,0.001,0.001,0.001,0.001,0.001,749,0.001,0.001,0.001,0.001,0.001,0.001,0.001,0.001
1812,15.683,29.161,218.02,435.3457,0.0012,88,137,144,139,0.001,0.001,0.001,0.001,0.001,193,0.001,165,177,171,0.001,124,162,0.001,0.001,0.001
1813,3.809,13.162,100.68,248.9693,0.0006,88,0.001,0.001,0.001,0.001,0.001,0.001,0.001,0.001,0.001,0.001,762,649,0.001,0.001,0.001,0.001,0.001,0.001,0.001
1814,13.317,26.393,198.46,367.2296,0.0008,88,0.001,177,109,0.001,159,0.001,0.001,314,0.001,0.001,177,289,0.001,0.001,0.001,184,0.001,0.001,122
1815,14.453,33.222,246.55,573.4516,0.0007,88,0.001,221,192,0.001,166,0.001,114,0.001,0.001,0.001,108,213,190,0.001,0.001,200,0.001,0.001,0.001
1816,13.627,30.646,228.04,489.3551,0.001,88,0.001,0.001,0.001,0.001,0.001,0.001,0.001,149,0.001,787,0.001,215,0.001,0.001,0.001,253,0.001,0.001,0.001
1817,15.733,37.512,276.77,758.5372,0.0026,88,0.001,91,0.001,0.001,51,307,109,147,100,150,0.001,251,0.001,102,95,0.001,0.001,0.001,0.001
1818,3.718,32.409,239.65,659.2556,0.0019,88,0.001,0.001,94,0.001,0.001,151,83,290,0.001,87,100,124,140,128,115,91,71,0.001,0.001
1819,13.431,31.7,235.15,587.2527,0.0011,88,0.001,188,0.001,0.001,149,130,174,126,0.001,0.001,184,0.001,141,183,127,0.001,0.001,0.001,0.001
1820,13.914,21.287,160.65,329.0458,0.0003,87,0.001,0.001,377,0.001,0.001,0.001,0.001,0.001,0.001,0.001,144,230,307,0.001,167,173,0.001,0.001,0.001
1821,4.63,31.678,234.58,615.3407,0.0015,87,0.001,0.001,177,0.001,0.001,187,0.001,335,0.001,136,126,0.001,253,0.001,109,71,0.001,75,63
1822,6.156,32.73,242.15,654.3171,0.001,87,85,0.001,0.001,0.001,0.001,153,108,283,0.001,0.001,132,209,259,164,0.001,0.001,0.001,0.001,0.001
1823,14.969,35.315,260.89,701.3899,0.0014,87,0.001,140,222,0.001,0.001,0.001,0.001,0.001,0.001,0.001,0.001,294,310,131,190,105,0.001,0.001,0.001
1824,14.247,30.697,228.91,475.3051,0.0009,87,114,138,183,0.001,0.001,122,0.001,115,0.001,126,0.001,136,297,0.001,0.001,161,0.001,0.001,0.001
1825,16.276,34.251,254.7,527.409,0.0007,87,0.001,0.001,148,0.001,172,0.001,147,198,0.001,117,0.001,135,200,69,206,0.001,0.001,0.001,0.001
1826,14.74,23.34,177.53,283.2634,0.0005,87,222,262,227,0.001,216,0.001,0.001,227,0.001,0.001,0.001,0.001,0.001,0.001,236,0.001,0.001,119,0.001
1827,2.7,23.878,180.65,315.134,0.0007,87,157,0.001,0.001,0.001,70,214,0.001,254,0.001,323,0.001,197,0.001,0.001,174,0.001,0.001,0.001,0.001
1828,13.017,26.477,198.42,411.2531,0.0009,87,0.001,175,205,0.001,135,280,0.001,164,0.001,0.001,82,180,0.001,0.001,167,0.001,0.001,0.001,0.001
1829,13.197,27.281,204.7,393.2791,0.0009,87,119,133,0.001,0.001,121,120,136,127,160,0.001,139,178,0.001,155,0.001,0.001,0.001,0.001,0.001
1830,0.796,19.466,149.41,229.0885,0.0008,87,0.001,0.001,402,0.001,0.001,0.001,0.001,273,0.001,177,0.001,0.001,0.001,101,0.001,434,0.001,0.001,0.001
1831,6.168,31.381,232.75,610.2727,0.0009,87,0.001,397,0.001,0.001,0.001,0.001,0.001,989,0.001,0.001,0.001,0.001,0.001,0.001,0.001,0.001,0.001,0.001,0.001
1832,7.7,18.574,146.1,157.1228,0.0004,87,189,0.001,0.001,0.001,0.001,105,0.001,171,246,0.001,152,182,0.001,0.001,0.001,340,0.001,0.001,0.001
1833,15.142,34.541,255.53,663.4141,0.0014,87,95,125,252,0.001,0.001,0.001,0.001,0.001,0.001,209,0.001,0.001,318,152,175,58,0.001,0.001,0.001
1834,8.339,24.423,184.19,329.2324,0.0004,87,0.001,0.001,0.001,0.001,0.001,0.001,0.001,161,0.001,94,0.001,0.001,0.001,76,185,868,0.001,0.001,0.001
1835,13.411,27.389,203.59,543.055,0.0004,86,0.001,0.001,150,0.001,0.001,0.001,0.001,0.001,0.001,0.001,0.001,0.001,1027,104,102,0.001,0.001,0.001,0.001
1836,14.186,23.151,175.48,307.0086,0.0005,86,106,154,239,0.001,135,0.001,0.001,0.001,0.001,167,0.001,0.001,356,0.001,225,0.001,0.001,0.001,0.001
1837,14.25,32.33,239.85,576.3662,0.0014,86,0.001,0.001,56,0.001,0.001,185,210,0.001,157,132,114,91,0.001,74,360,0.001,0.001,0.001,0.001
1838,15.566,37.278,275,756.5186,0.0009,86,0.001,54,0.001,0.001,0.001,408,0.001,148,74,209,114,239,0.001,0.001,133,0.001,0.001,0.001,0.001
1839,11.864,27.7,207.64,407.2765,0.0007,86,0.001,141,160,0.001,190,0.001,0.001,0.001,161,192,162,0.001,0.001,143,228,0.001,0.001,0.001,0.001
1840,13.819,29.374,218.69,491.2388,0.0009,86,312,0.001,0.001,0.001,0.001,0.001,0.001,0.001,410,0.001,0.001,0.001,0.001,0.001,0.001,654,0.001,0.001,0.001
1841,14.718,36.785,271.72,742.5394,0.0007,86,260,154,0.001,0.001,253,0.001,0.001,198,287,222,0.001,0.001,0.001,0.001,0.001,0.001,0.001,0.001,0.001
1842,15.688,37.462,276.47,755.4882,0.0023,86,101,0.001,135,0.001,126,144,129,153,180,154,131,0.001,0.001,0.001,120,0.001,232,0.001,0.001
1843,11.56,23.967,179.62,403.0636,0.001,86,103,0.001,209,0.001,0.001,88,0.001,0.001,0.001,0.001,0.001,103,132,0.001,0.001,737,0.001,0.001,0.001
1844,8.246,19.287,147.35,254.6221,0.0007,86,97,209,0.001,0.001,219,0.001,0.001,0.001,131,299,0.001,0.001,272,0.001,0.001,144,0.001,0.001,0.001
1845,15.749,37.698,278.07,774.5446,0.0021,86,0.001,0.001,0.001,0.001,151,976,0.001,0.001,0.001,177,66,0.001,0.001,0.001,0.001,0.001,0.001,0.001,0.001
1846,2.782,25.777,192.86,420.1896,0.0011,86,0.001,0.001,0.001,0.001,0.001,239,0.001,413,0.001,155,0.001,206,213,0.001,143,0.001,0.001,0.001,0.001
1847,9.717,18.545,139.54,368.9742,0.0007,85,146,0.001,129,0.001,140,123,253,0.001,110,0.001,0.001,142,128,0.001,195,0.001,0.001,0.001,0.001
1848,14.123,26.247,197.25,367.3206,0.0007,85,0.001,0.001,0.001,0.001,0.001,168,187,124,159,180,0.001,136,96,134,182,0.001,0.001,0.001,0.001
1849,15.86,27.243,204.4,393.373,0.0004,85,151,0.001,0.001,0.001,205,96,233,222,0.001,0.001,0.001,208,0.001,0.001,251,0.001,0.001,0.001,0.001
1850,15.558,26.763,200.99,379.3565,0.0008,85,0.001,0.001,313,0.001,0.001,0.001,0.001,185,91,436,0.001,0.001,221,0.001,119,0.001,0.001,0.001,0.001
1851,14.358,27.027,202.67,399.3284,0.0007,85,0.001,0.001,154,0.001,193,195,0.001,0.001,137,136,152,0.001,207,0.001,189,0.001,0.001,0.001,0.001
1852,9.701,24.551,185.25,335.2211,0.0003,85,162,120,0.001,0.001,0.001,0.001,0.001,0.001,0.001,0.001,0.001,0.001,0.001,0.001,0.001,1080,0.001,0.001,0.001
1853,0.408,23.99,198.3,92.9278,0.0002,85,93,80,0.001,0.001,0.001,103,165,85,0.001,144,124,106,93,126,103,140,0.001,0.001,0.001
1854,12.714,23.544,177.33,357.0128,0.0011,85,118,109,167,0.001,110,109,0.001,119,139,146,0.001,169,0.001,175,0.001,0.001,0.001,0.001,0.001
1855,14.846,29.389,219.54,453.3943,0.0012,85,109,0.001,129,0.001,131,0.001,107,0.001,174,0.001,134,150,220,0.001,207,0.001,0.001,0.001,0.001
1856,12.087,24.161,182.84,314.1687,0.0007,85,179,0.001,0.001,0.001,192,0.001,0.001,0.001,0.001,261,0.001,0.001,204,286,237,0.001,0.001,0.001,0.001
1857,15.44,26.041,196.06,355.3201,0.0009,85,0.001,144,187,0.001,154,0.001,0.001,0.001,138,0.001,386,0.001,0.001,144,0.001,204,0.001,0.001,0.001
1858,9.924,15.093,118.92,156.9417,0.0002,85,0.001,128,261,0.001,203,0.001,0.001,155,197,0.001,157,256,0.001,0.001,0.001,0.001,0.001,0.001,0.001
1859,13.539,26.363,199.99,279.2331,0.0012,85,0.001,0.001,0.001,0.001,0.001,0.001,108,0.001,0.001,0.001,0.001,0.001,0.001,0.001,0.001,1248,0.001,0.001,0.001
1860,14,27.703,207.82,399.4547,0.0011,85,169,135,233,0.001,0.001,230,248,0.001,0.001,0.001,0.001,193,0.001,148,0.001,0.001,0.001,0.001,0.001
1861,15.324,28.802,215.13,440.3778,0.0006,85,0.001,0.001,0.001,0.001,109,105,0.001,0.001,0.001,0.001,0.001,113,153,104,104,667,0.001,0.001,0.001
1862,12.234,27.914,208.88,396.1457,0.0003,85,0.001,0.001,0.001,0.001,0.001,0.001,0.001,55,0.001,0.001,0.001,0.001,0.001,0.001,0.001,1300,0.001,0.001,0.001
1863,11.149,26.519,199.05,393.1941,0.0006,85,0.001,214,130,0.001,213,0.001,168,151,0.001,0.001,0.001,0.001,236,0.001,242,0.001,0.001,0.001,0.001
1864,10.482,35.344,260.87,733.3889,0.0028,85,86,0.001,147,0.001,0.001,0.001,96,190,0.001,0.001,0.001,227,199,184,0.001,223,0.001,0.001,0.001
1865,14.116,25.457,191.88,341.3053,0.0003,84,120,0.001,102,0.001,0.001,0.001,130,116,195,166,0.001,72,0.001,0.001,165,285,0.001,0.001,0.001
1866,2.45,17.542,147.71,79.9577,0.0004,84,136,0.001,0.001,0.001,0.001,0.001,0.001,0.001,103,0.001,0.001,0.001,0.001,0.001,154,958,0.001,0.001,0.001
1867,13.643,25.843,194.89,325.1832,0.0004,84,0.001,0.001,0.001,0.001,0.001,0.001,0.001,85,0.001,0.001,0.001,88,0.001,0.001,0.001,1174,0.001,0.001,0.001
1868,15.155,35.918,266.08,622.6144,0.0009,84,0.001,0.001,162,0.001,0.001,0.001,725,272,0.001,0.001,0.001,186,0.001,0.001,0.001,0.001,0.001,0.001,0.001
1869,12.445,31.886,236.67,573.1541,0.0008,84,335,0.001,0.001,0.001,0.001,0.001,0.001,0.001,277,0.001,323,0.001,408,0.001,0.001,0.001,0.001,0.001,0.001
1870,15.687,30.203,225.22,482.425,0.0009,84,115,139,146,0.001,0.001,161,0.001,0.001,183,138,0.001,153,225,83,0.001,0.001,0.001,0.001,0.001
1871,13.45,30.27,225.02,522.282,0.0012,84,0.001,0.001,109,0.001,0.001,0.001,0.001,412,0.001,0.001,0.001,304,101,0.001,0.001,416,0.001,0.001,0.001
1872,13.626,36.142,266.41,749.3965,0.0015,84,0.001,0.001,0.001,0.001,0.001,0.001,0.001,73,0.001,0.001,0.001,0.001,135,135,98,901,0.001,0.001,0.001
1873,16.243,40.169,295.73,860.6108,0.0015,84,0.001,0.001,0.001,0.001,365,0.001,0.001,0.001,0.001,274,163,0.001,0.001,184,355,0.001,0.001,0.001,0.001
1874,12.69,18.599,141.77,264.0323,0.0007,84,0.001,0.001,0.001,0.001,0.001,0.001,210,230,221,236,248,0.001,0.001,0.001,196,0.001,0.001,0.001,0.001
1875,14.319,29.306,218.51,476.3135,0.0007,84,0.001,137,0.001,0.001,0.001,0.001,0.001,168,0.001,193,194,277,0.001,185,183,0.001,0.001,0.001,0.001
1876,15.861,36.891,272.33,736.5302,0.0012,84,0.001,0.001,0.001,0.001,157,695,131,101,0.001,252,0.001,0.001,0.001,0.001,0.001,0.001,0.001,0.001,0.001
1877,15.241,32.111,238.24,578.3824,0.0007,83,0.001,174,0.001,0.001,0.001,0.001,0.001,172,59,0.001,228,529,0.001,0.001,173,0.001,0.001,0.001,0.001
1878,2.468,23.955,179.98,376.1626,0.0012,83,0.001,0.001,116,0.001,0.001,188,0.001,515,0.001,122,0.001,204,0.001,189,0.001,0.001,0.001,0.001,0.001
1879,13.787,29.874,223.07,449.3618,0.0014,83,0.001,75,0.001,0.001,100,0.001,0.001,285,114,320,70,169,80,0.001,0.001,121,0.001,0.001,0.001
1880,15.268,29.077,216.64,487.2979,0.0012,83,0.001,142,159,0.001,0.001,101,0.001,0.001,0.001,0.001,0.001,302,340,0.001,135,146,0.001,0.001,0.001
1881,12.556,36.703,270.79,736.1575,0.0017,83,0.001,0.001,149,0.001,0.001,176,189,156,150,103,0.001,153,143,0.001,0.001,105,0.001,0.001,0.001
1882,0.34,13.189,104.49,144.9629,0.0005,83,0.001,0.001,0.001,0.001,0.001,0.001,0.001,0.001,0.001,595,0.001,113,0.001,501,114,0.001,0.001,0.001,128
1883,5.021,30.279,224.74,557.2793,0.0008,83,0.001,0.001,137,0.001,0.001,0.001,0.001,171,105,0.001,135,270,213,0.001,111,180,0.001,0.001,0.001
1884,15.097,32.748,243.04,567.4625,0.001,83,0.001,0.001,194,0.001,0.001,0.001,105,0.001,116,141,134,188,274,0.001,169,0.001,0.001,0.001,0.001
1885,15.854,34.611,256.07,642.487,0.001,83,0.001,0.001,0.001,0.001,0.001,0.001,0.001,348,195,0.001,0.001,514,0.001,133,130,0.001,0.001,0.001,0.001
1886,15.891,23.345,177.43,283.2632,0.0006,82,115,134,129,0.001,115,0.001,84,0.001,109,112,124,95,106,85,111,0.001,94,122,0.001
1887,13.465,24.494,183.89,383.1776,0.0008,82,101,0.001,0.001,0.001,0.001,0.001,224,132,138,211,236,277,0.001,0.001,0.001,0.001,0.001,0.001,0.001
1888,14.187,20.791,159.79,228.9804,0.0003,82,0.001,132,269,0.001,91,0.001,0.001,0.001,0.001,0.001,124,138,331,0.001,233,0.001,0.001,0.001,0.001
1889,13.408,25.742,192.67,423.1855,0.0006,82,0.001,134,126,0.001,0.001,141,0.001,128,117,255,119,0.001,108,0.001,190,0.001,0.001,0.001,0.001
1890,14.343,35.877,265,692.4502,0.0022,82,165,0.001,0.001,0.001,0.001,0.001,0.001,123,0.001,156,138,148,209,0.001,196,181,0.001,0.001,0.001
1891,0.279,13.603,106.11,174.8274,0.0005,82,0.001,0.001,0.001,0.001,0.001,437,0.001,0.001,0.001,0.001,0.001,0.001,743,0.001,0.001,136,0.001,0.001,0.001
1892,14.792,25.947,193.41,485.0673,0.001,82,162,0.001,243,0.001,85,99,217,0.001,0.001,193,113,0.001,0.001,71,0.001,131,0.001,0.001,0.001
1893,2.201,16.401,127.59,183.0041,0.0006,82,0.001,0.001,0.001,0.001,0.001,276,0.001,243,191,269,0.001,160,0.001,0.001,0.001,174,0.001,0.001,0.001
1894,14.535,33.649,249.6,577.4826,0.0011,82,0.001,68,53,0.001,0.001,0.001,133,270,0.001,374,0.001,0.001,58,97,0.001,260,0.001,0.001,0.001
1895,12.965,25.655,193.12,353.2142,0.0005,82,0.001,64,89,0.001,0.001,191,0.001,0.001,0.001,175,144,193,168,0.001,123,166,0.001,73,0.001
1896,6.958,17.537,134.98,218.0294,0.0006,82,363,0.001,0.001,0.001,0.001,0.001,0.001,0.001,0.001,0.001,0.001,0.001,0.001,485,0.001,464,0.001,0.001,0.001
1897,12.425,23.91,180.92,311.1679,0.0006,82,0.001,0.001,179,0.001,0.001,188,199,0.001,162,146,224,0.001,211,0.001,0.001,0.001,0.001,0.001,0.001
1898,15.431,36.291,267.89,718.5387,0.0005,82,0.001,0.001,0.001,0.001,0.001,371,196,103,0.001,0.001,0.001,183,0.001,271,184,0.001,86,0.001,0.001
1899,13.769,28.175,210.01,457.2749,0.0016,82,0.001,0.001,0.001,0.001,0.001,0.001,298,0.001,0.001,0.001,356,0.001,0.001,0.001,0.001,652,0.001,0.001,0.001
1900,1.597,26.179,195.64,451.1349,0.0005,82,139,129,156,0.001,0.001,155,129,0.001,0.001,306,0.001,126,0.001,0.001,166,0.001,0.001,0.001,0.001
1901,12.819,18.783,142.77,290.0286,0.0005,81,267,0.001,300,0.001,283,0.001,0.001,0.001,0.001,0.001,230,0.001,223,0.001,0.001,0.001,0.001,0.001,0.001
1902,12.449,25.942,194.83,377.2356,0.0007,81,99,0.001,154,0.001,0.001,0.001,0.001,0.001,0.001,137,0.001,285,182,333,0.001,112,0.001,0.001,0.001
1903,11.866,28.737,214.32,480.2987,0.0007,81,0.001,95,100,0.001,142,103,0.001,0.001,129,194,0.001,185,0.001,172,182,0.001,0.001,0.001,0.001
1904,14.236,28.049,209.93,412.3474,0.0006,81,0.001,0.001,151,0.001,0.001,0.001,0.001,0.001,0.001,0.001,328,0.001,297,238,0.001,288,0.001,0.001,0.001
1905,8.473,20.594,154.28,416.9018,0.0008,81,0.001,0.001,212,0.001,151,0.001,0.001,0.001,222,0.001,290,0.001,0.001,317,109,0.001,0.001,0.001,102
1906,16.207,37.742,278.4,761.526,0.0012,81,0.001,0.001,0.001,0.001,163,212,77,154,315,266,0.001,0.001,0.001,0.001,113,0.001,0.001,0.001,0.001
1907,14.074,21.751,164.8,299.0248,0.0008,81,135,0.001,0.001,0.001,0.001,106,116,0.001,124,187,132,177,200,0.001,0.001,122,0.001,0.001,0.001
1908,14.581,39.648,292.1,817.581,0.0041,81,132,0.001,0.001,0.001,0.001,133,402,0.001,149,0.001,71,0.001,189,0.001,222,0.001,0.001,0.001,0.001
1909,15.31,34.878,257.96,649.4366,0.0016,81,180,0.001,0.001,0.001,0.001,304,0.001,0.001,90,127,0.001,174,190,100,0.001,132,0.001,0.001,0.001
1910,13.229,26.352,197.48,398.2561,0.0008,81,0.001,0.001,0.001,0.001,162,0.001,117,153,0.001,219,117,0.001,187,0.001,176,163,0.001,0.001,0.001
1911,12.919,27.782,207.55,457.2353,0.001,81,147,0.001,186,0.001,204,0.001,0.001,226,214,0.001,0.001,0.001,0.001,131,186,0.001,0.001,0.001,0.001
1912,5.313,28.894,214.92,521.261,0.0014,81,0.001,0.001,98,0.001,0.001,240,0.001,294,0.001,0.001,118,171,199,173,0.001,0.001,0.001,0.001,0.001
1913,9.148,26.035,195.76,371.1892,0.0004,81,0.001,0.001,216,0.001,0.001,0.001,0.001,185,0.001,0.001,0.001,0.001,0.001,0.001,892,0.001,0.001,0.001,0.001
1914,7.435,25.237,190.06,355.2287,0.0006,81,0.001,200,110,0.001,240,0.001,0.001,0.001,0.001,0.001,0.001,0.001,0.001,0.001,327,414,0.001,0.001,0.001
1915,15.237,36.433,269.47,646.6124,0.0022,81,0.001,0.001,0.001,0.001,72,0.001,1060,0.001,0.001,0.001,0.001,71,0.001,0.001,0.001,88,0.001,0.001,62
1916,14.843,25.254,190.54,335.2945,0.0005,81,110,0.001,225,0.001,175,0.001,0.001,138,0.001,97,0.001,0.001,126,0.001,186,234,0.001,0.001,0.001
1917,12.449,44.052,323.04,1248.3441,0.0018,81,0.001,296,262,0.001,304,123,0.001,0.001,0.001,0.001,0.001,0.001,0.001,304,0.001,0.001,0.001,0.001,0.001
1918,13.458,34.26,253.22,675.2955,0.0022,81,0.001,0.001,0.001,0.001,0.001,0.001,0.001,0.001,120,277,337,0.001,0.001,302,253,0.001,0.001,0.001,0.001
1919,2.792,23.748,178.76,351.1819,0.0003,80,0.001,0.001,125,0.001,0.001,174,105,236,0.001,0.001,0.001,0.001,0.001,176,136,330,0.001,0.001,0.001
1920,1.56,26.286,202.76,212.0012,0.0007,80,125,112,0.001,0.001,0.001,98,210,0.001,268,0.001,0.001,205,0.001,0.001,264,0.001,0.001,0.001,0.001
1921,5.274,30.163,224.12,557.2979,0.001,80,0.001,111,134,0.001,100,0.001,0.001,167,0.001,0.001,190,249,219,0.001,110,0.001,0.001,0.001,0.001
1922,13.908,32.469,241.11,562.2139,0.0011,80,216,0.001,154,0.001,0.001,169,0.001,0.001,0.001,84,168,252,0.001,234,0.001,0.001,0.001,100,0.001
1923,13.07,18.837,150.49,131.0119,0.0004,80,107,0.001,69,0.001,121,100,124,55,98,79,73,111,130,111,98,0.001,0.001,0.001,0.001
1924,1.494,26.947,207.81,212.0004,0.0007,80,276,0.001,0.001,0.001,0.001,0.001,0.001,0.001,185,0.001,242,267,306,0.001,0.001,0.001,0.001,0.001,0.001
1925,13.076,35.207,260.28,674.1826,0.0021,80,0.001,153,0.001,0.001,82,0.001,0.001,0.001,333,0.001,160,0.001,92,164,164,128,0.001,0.001,0.001
1926,15.376,28.607,213.69,439.3773,0.0012,80,0.001,0.001,387,0.001,0.001,0.001,0.001,129,0.001,155,206,0.001,0.001,0.001,0.001,396,0.001,0.001,0.001
1927,6.254,32.736,242.29,655.2743,0.0015,79,133,127,0.001,0.001,166,0.001,97,0.001,0.001,0.001,0.001,0.001,152,0.001,0.001,596,0.001,0.001,0.001
1928,16.124,38.1,281.02,781.5017,0.0032,79,81,0.001,98,0.001,112,337,0.001,55,133,75,131,0.001,152,94,0.001,0.001,0.001,0.001,0.001
1929,12.083,23.986,181.65,301.216,0.0012,79,0.001,0.001,0.001,0.001,146,0.001,0.001,219,229,0.001,0.001,0.001,195,0.001,149,326,0.001,0.001,0.001
1930,6.858,32.294,238.89,601.3242,0.0014,79,0.001,0.001,0.001,0.001,0.001,0.001,0.001,0.001,0.001,0.001,0.001,94,0.001,0.001,0.001,1169,0.001,0.001,0.001
1931,15.87,36.758,271.65,676.5886,0.0013,79,0.001,0.001,0.001,0.001,0.001,168,124,199,206,0.001,132,270,0.001,0.001,164,0.001,0.001,0.001,0.001
1932,6.827,17.917,135.71,308.8389,0.0012,79,77,92,152,0.001,0.001,0.001,173,346,0.001,0.001,0.001,0.001,0.001,0.001,0.001,420,0.001,0.001,0.001
1933,0.588,17.851,138.23,197.0668,0.0003,79,0.001,0.001,0.001,0.001,206,0.001,242,0.001,0.001,0.001,0.001,367,0.001,0.001,0.001,445,0.001,0.001,0.001
1934,13.229,18.031,139.28,208.975,0.0009,79,73,0.001,142,0.001,100,121,0.001,148,0.001,139,0.001,179,107,142,108,0.001,0.001,0.001,0.001
1935,12.172,28.004,209.72,393.1714,0.0005,78,0.001,0.001,0.001,0.001,0.001,0.001,0.001,59,0.001,0.001,0.001,0.001,54,0.001,0.001,1140,0.001,0.001,0.001
1936,14.363,32.192,239.2,521.4199,0.0012,78,0.001,0.001,0.001,0.001,0.001,0.001,154,0.001,0.001,325,165,0.001,0.001,360,99,149,0.001,0.001,0.001
1937,14.317,30.321,225.79,503.3242,0.0005,78,76,124,0.001,0.001,0.001,0.001,119,149,232,144,0.001,261,0.001,0.001,147,0.001,0.001,0.001,0.001
1938,15.941,26.651,1553.82,367.4788,0.0006,78,0.001,0.001,0.001,0.001,574,678,0.001,0.001,0.001,0.001,0.001,0.001,0.001,0.001,0.001,0.001,0.001,0.001,0.001
1939,14.962,23.347,177.37,283.263,0.0007,78,0.001,0.001,0.001,0.001,216,186,128,0.001,0.001,0.001,182,202,0.001,178,160,0.001,214,0.001,0.001
1940,9.734,30.531,226.44,585.2361,0.0013,78,116,0.001,0.001,0.001,118,0.001,0.001,335,0.001,214,0.001,0.001,0.001,225,0.001,243,0.001,0.001,0.001
1941,13.483,31.174,231.47,550.3152,0.0014,78,0.001,0.001,0.001,0.001,0.001,537,0.001,0.001,0.001,625,0.001,0.001,0.001,88,0.001,0.001,0.001,0.001,0.001
1942,15.172,29.648,221.19,451.3393,0.0012,78,0.001,0.001,0.001,0.001,0.001,0.001,0.001,146,163,0.001,164,175,178,0.001,0.001,422,0.001,0.001,0.001
1943,11.509,26.271,197.48,365.2689,0.0007,78,0.001,0.001,0.001,0.001,0.001,0.001,82,378,59,439,0.001,0.001,103,185,0.001,0.001,0.001,0.001,0.001
1944,13.754,30.836,229.08,554.3525,0.0011,78,125,54,85,0.001,94,112,0.001,132,234,0.001,143,0.001,0.001,0.001,143,121,0.001,0.001,0.001
1945,13.196,25.468,191.81,352.2897,0.0009,78,0.001,106,0.001,0.001,115,0.001,132,143,155,162,0.001,164,116,149,0.001,0.001,0.001,0.001,0.001
1946,11.056,29.611,219.83,530.3083,0.001,78,0.001,0.001,0.001,0.001,0.001,0.001,0.001,0.001,0.001,0.001,0.001,460,0.001,505,0.001,275,0.001,0.001,0.001
1947,15.633,27.133,203.52,391.3572,0.0008,77,0.001,0.001,175,0.001,181,0.001,0.001,180,0.001,328,0.001,0.001,168,107,0.001,99,0.001,0.001,0.001
1948,15.326,32.252,240.59,459.3257,0.0007,77,61,0.001,0.001,0.001,0.001,151,0.001,0.001,214,0.001,0.001,231,242,0.001,186,153,0.001,0.001,0.001
1949,15.63,26.498,199.28,367.3569,0.001,77,142,159,281,0.001,0.001,0.001,0.001,187,0.001,275,0.001,0.001,0.001,0.001,0.001,194,0.001,0.001,0.001
1950,15.747,37.413,276.02,766.5401,0.0011,77,0.001,0.001,258,0.001,0.001,0.001,0.001,0.001,254,0.001,172,554,0.001,0.001,0.001,0.001,0.001,0.001,0.001
1951,12.828,29.172,217.44,498.3268,0.0015,77,187,147,99,0.001,144,0.001,154,0.001,0.001,0.001,0.001,190,0.001,159,158,0.001,0.001,0.001,0.001
1952,13.797,30.862,229.15,555.351,0.0017,77,144,86,0.001,0.001,0.001,0.001,186,151,236,82,59,0.001,0.001,0.001,200,92,0.001,0.001,0.001
1953,14.623,32.802,243.71,549.4514,0.0011,77,75,109,161,0.001,0.001,0.001,95,333,0.001,396,0.001,0.001,0.001,0.001,0.001,66,0.001,0.001,0.001
1954,9.405,18.546,139.52,369.0945,0.0009,77,302,244,0.001,0.001,0.001,0.001,121,0.001,0.001,0.001,275,172,121,0.001,0.001,0.001,158,0.001,0.001
1955,14.16,18.342,140.75,231.0489,0.0006,77,0.001,130,0.001,0.001,0.001,132,0.001,0.001,0.001,164,149,149,154,0.001,0.001,357,0.001,0.001,0.001
1956,16.221,30.559,227.74,483.4226,0.0008,77,0.001,0.001,154,0.001,0.001,0.001,0.001,134,169,0.001,139,155,305,0.001,179,0.001,0.001,0.001,0.001
1957,13.085,18.306,140.5,233.0421,0.0003,77,0.001,226,0.001,0.001,0.001,310,0.001,0.001,0.001,0.001,234,216,249,0.001,0.001,0.001,0.001,0.001,0.001
1958,0.241,21.032,159.21,313.0536,0.0008,77,149,0.001,0.001,0.001,137,119,0.001,475,0.001,236,0.001,0.001,0.001,0.001,116,0.001,0.001,0.001,0.001
1959,13.385,30.688,227.39,619.1337,0.0008,77,156,0.001,0.001,0.001,98,0.001,0.001,115,128,204,144,178,0.001,209,0.001,0.001,0.001,0.001,0.001
1960,14.016,31.48,234.47,495.4049,0.0002,77,0.001,195,0.001,0.001,0.001,0.001,0.001,246,0.001,0.001,244,181,0.001,178,187,0.001,0.001,0.001,0.001
1961,13.327,29.939,222.51,544.265,0.001,77,0.001,0.001,94,0.001,126,0.001,0.001,226,74,122,0.001,246,179,0.001,163,0.001,0.001,0.001,0.001
1962,5.313,31.278,231.98,610.2719,0.0005,77,0.001,400,0.001,0.001,0.001,0.001,0.001,830,0.001,0.001,0.001,0.001,0.001,0.001,0.001,0.001,0.001,0.001,0.001
1963,13.487,29.803,222.48,469.2281,0.0015,77,94,137,120,0.001,97,0.001,150,0.001,0.001,148,0.001,169,168,0.001,146,0.001,0.001,0.001,0.001
1964,3.408,26.441,197.62,438.2374,0.0012,77,0.001,0.001,199,0.001,124,216,0.001,269,81,0.001,0.001,209,0.001,0.001,0.001,130,0.001,0.001,0.001
1965,3.71,27.741,206.9,482.2642,0.0009,77,121,0.001,186,0.001,105,0.001,0.001,311,84,86,0.001,208,0.001,0.001,126,0.001,0.001,0.001,0.001
1966,0.766,21.434,163.33,270.1384,0.0007,77,172,0.001,0.001,0.001,174,0.001,0.001,0.001,0.001,255,0.001,0.001,0.001,400,223,0.001,0.001,0.001,0.001
1967,5.31,30.18,224.07,565.2682,0.001,77,91,0.001,126,0.001,0.001,121,100,0.001,95,0.001,103,170,159,147,112,0.001,0.001,0.001,0.001
1968,10.068,30.982,229.68,585.293,0.0013,77,0.001,0.001,114,0.001,0.001,0.001,0.001,168,64,123,155,213,0.001,170,0.001,217,0.001,0.001,0.001
1969,9.922,20.75,159.36,231.011,0.0005,76,149,99,213,0.001,0.001,74,77,0.001,129,176,0.001,0.001,180,125,0.001,0.001,0.001,0.001,0.001
1970,15.109,34.506,255.55,631.4696,0.0017,76,0.001,107,227,0.001,108,0.001,0.001,172,0.001,205,0.001,237,0.001,0.001,0.001,165,0.001,0.001,0.001
1971,2.448,32.4,251.73,187.0052,0.0008,76,0.001,151,0.001,0.001,0.001,0.001,0.001,0.001,0.001,247,0.001,231,288,150,153,0.001,0.001,0.001,0.001
1972,13.023,34.647,256.45,646.1876,0.002,76,0.001,0.001,82,0.001,51,103,91,0.001,133,146,322,226,0.001,65,0.001,0.001,0.001,0.001,0.001
1973,13.53,30.753,229.9,445.3313,0.0008,76,0.001,130,193,0.001,110,0.001,170,0.001,102,386,0.001,126,0.001,0.001,0.001,0.001,0.001,0.001,0.001
1974,14.746,27.384,203.46,543.0552,0.0015,76,0.001,0.001,166,0.001,122,141,0.001,0.001,108,121,152,0.001,193,157,0.001,57,0.001,0.001,0.001
1975,5.299,28.653,213.18,524.2164,0.001,76,0.001,138,0.001,0.001,132,188,0.001,210,0.001,0.001,176,0.001,197,175,0.001,0.001,0.001,0.001,0.001
1976,14.513,36.778,271.32,742.5411,0,76,0.001,0.001,0.001,0.001,0.001,0.001,669,0.001,546,0.001,0.001,0.001,0.001,0.001,0.001,0.001,0.001,0.001,0.001
1977,14.931,33.736,250.46,562.5214,0.0007,76,0.001,0.001,0.001,0.001,152,618,198,0.001,0.001,160,0.001,85,0.001,0.001,0.001,0.001,0.001,0.001,0.001
1978,6.866,22.686,172.46,280.1904,0.0004,76,174,0.001,0.001,0.001,0.001,415,132,143,0.001,126,0.001,0.001,0.001,0.001,222,0.001,0.001,0.001,0.001
1979,13.435,29.146,216.92,523.2007,0.0013,76,53,127,91,0.001,96,0.001,131,121,0.001,174,137,0.001,126,155,0.001,0.001,0.001,0.001,0.001
1980,14.84,25.365,190.14,395.243,0.0009,76,0.001,0.001,163,0.001,0.001,176,0.001,95,0.001,156,0.001,169,234,128,0.001,89,0.001,0.001,0.001
1981,12.473,29.066,218,401.3054,0.0008,76,143,138,0.001,0.001,219,0.001,0.001,0.001,0.001,131,148,174,0.001,0.001,255,0.001,0.001,0.001,0.001
1982,14.194,18.034,139.32,208.9748,0.0005,75,104,123,206,0.001,0.001,97,132,0.001,0.001,119,64,0.001,286,75,0.001,0.001,0.001,0.001,0.001
1983,8.841,25.194,189.79,343.2478,0.0009,75,228,0.001,0.001,0.001,0.001,0.001,150,0.001,0.001,0.001,0.001,0.001,229,0.001,205,393,0.001,0.001,0.001
1984,5.257,17.017,130.92,225.0681,0.0015,75,0.001,174,141,0.001,0.001,80,0.001,317,0.001,0.001,0.001,160,333,0.001,0.001,0.001,0.001,0.001,0.001
1985,14.074,32.68,242.85,539.4301,0.0015,75,0.001,0.001,85,0.001,78,0.001,0.001,0.001,0.001,432,0.001,0.001,114,0.001,0.001,495,0.001,0.001,0.001
1986,13.618,24.131,184.24,255.2329,0.0005,75,0.001,0.001,264,0.001,0.001,0.001,144,203,178,0.001,192,0.001,221,0.001,0.001,0.001,0.001,62,0.001
1987,8.11,24.318,183.57,329.2322,0.0005,75,0.001,140,0.001,0.001,231,0.001,0.001,135,0.001,0.001,0.001,0.001,109,0.001,247,339,0.001,0.001,0.001
1988,12.057,26.448,198.21,401.2319,0.0008,75,0.001,90,108,0.001,0.001,178,128,0.001,0.001,198,0.001,0.001,0.001,173,157,169,0.001,0.001,0.001
1989,12.865,35.16,259.91,675.1849,0.0013,75,236,0.001,162,0.001,0.001,87,79,76,0.001,0.001,246,0.001,64,150,0.001,97,0.001,0.001,0.001
1990,14.648,29.388,218.97,485.3269,0.0008,75,0.001,135,153,0.001,0.001,0.001,102,0.001,143,0.001,146,0.001,187,0.001,164,166,0.001,0.001,0.001
1991,15.044,33.425,247.5,618.4134,0.002,75,0.001,0.001,0.001,0.001,0.001,411,0.001,209,0.001,215,65,188,0.001,0.001,107,0.001,0.001,0.001,0.001
1992,12.565,24.962,188.48,328.1841,0.0007,75,0.001,0.001,0.001,0.001,263,161,0.001,0.001,0.001,265,205,0.001,0.001,197,101,0.001,0.001,0.001,0.001
1993,14.192,28.9,215.88,425.3622,0.0011,75,0.001,0.001,0.001,0.001,0.001,0.001,0.001,0.001,0.001,493,216,0.001,0.001,0.001,0.001,483,0.001,0.001,0.001
1994,15.77,27.332,203.21,543.0552,0.0012,75,88,121,207,0.001,0.001,0.001,84,63,0.001,0.001,101,151,267,110,0.001,0.001,0.001,0.001,0.001
1995,12.088,24.167,182.8,311.2789,0.0001,75,0.001,0.001,0.001,0.001,0.001,0.001,0.001,506,354,0.001,0.001,0.001,332,0.001,0.001,0.001,0.001,0.001,0.001
1996,14.496,28.073,209.68,441.2525,0.0007,74,0.001,0.001,217,0.001,0.001,0.001,0.001,0.001,120,0.001,173,217,195,88,0.001,181,0.001,0.001,81
1997,14.925,23.18,173.97,387.0334,0.001,74,0.001,193,0.001,0.001,0.001,127,173,129,66,172,0.001,261,69,0.001,0.001,0.001,0.001,0.001,0.001
1998,12.437,34.5,255.16,652.1384,0.0011,74,0.001,0.001,0.001,0.001,0.001,0.001,172,0.001,192,219,194,0.001,0.001,198,211,0.001,0.001,0.001,0.001
1999,3.193,18.566,142.92,217.0156,0.0004,74,0.001,0.001,0.001,0.001,197,0.001,140,0.001,0.001,0.001,0.001,0.001,0.001,0.001,0.001,849,0.001,0.001,0.001
2000,13.519,38.714,285.54,799.3749,0.002,74,108,0.001,151,0.001,128,0.001,201,180,0.001,0.001,0.001,186,0.001,228,0.001,0.001,0.001,0.001,0.001
2001,2.787,27.872,207.53,509.201,0.0013,74,124,0.001,143,0.001,126,0.001,107,0.001,0.001,107,0.001,160,152,157,103,0.001,76,0.001,0.001
2002,13.529,30.491,227.3,471.2652,0.0012,73,0.001,0.001,155,0.001,0.001,185,0.001,118,70,95,0.001,258,0.001,202,0.001,92,0.001,0.001,0.001
2003,16.455,37.016,273.34,747.5189,0.0008,73,68,77,0.001,0.001,126,0.001,164,0.001,237,0.001,0.001,0.001,0.001,183,320,0.001,0.001,0.001,0.001
2004,13.465,29.693,220.53,554.2676,0.0012,73,0.001,0.001,0.001,0.001,129,0.001,174,0.001,154,175,195,169,0.001,0.001,179,0.001,0.001,0.001,0.001
2005,15.307,40.312,296.73,842.5944,0.0007,73,0.001,0.001,0.001,0.001,0.001,0.001,681,0.001,493,0.001,0.001,0.001,0.001,0.001,0.001,0.001,62,0.001,0.001
2006,13.261,26.69,200.22,385.2474,0.0011,73,94,0.001,0.001,0.001,0.001,75,110,95,93,0.001,0.001,0.001,87,0.001,0.001,619,0.001,0.001,0.001
2007,13.003,17.427,133.48,243.0303,0.0002,73,277,0.001,0.001,0.001,0.001,310,273,0.001,0.001,312,0.001,0.001,0.001,0.001,0.001,0.001,0.001,0.001,0.001
2008,10.079,35.096,258.9,742.3155,0.0024,73,0.001,124,0.001,0.001,0.001,0.001,77,224,0.001,146,0.001,244,0.001,230,0.001,127,0.001,0.001,0.001
2009,7.564,17.513,134.8,218.0295,0.0012,73,247,0.001,0.001,0.001,0.001,0.001,0.001,0.001,0.001,0.001,0.001,0.001,0.001,282,0.001,642,0.001,0.001,0.001
2010,2.054,22.676,171.12,333.1324,0.0008,73,0.001,0.001,79,0.001,0.001,174,92,267,0.001,174,103,0.001,102,178,0.001,0.001,57,0.001,0.001
2011,12.429,19.82,150.84,276.0524,0.0006,73,97,101,79,0.001,101,125,0.001,0.001,133,102,0.001,0.001,113,0.001,109,209,0.001,0.001,0.001
2012,9.657,23.331,177.01,293.2112,0.0004,73,92,0.001,81,0.001,0.001,79,89,122,104,141,106,143,144,67,0.001,0.001,0.001,0.001,0.001
2013,0.425,19.934,152.56,242.1072,0.0008,73,0.001,134,0.001,0.001,0.001,0.001,0.001,57,0.001,229,0.001,125,0.001,0.001,239,383,0.001,0.001,0.001
2014,0.526,16.387,131.04,130.0873,0.0004,73,97,0.001,76,0.001,55,132,0.001,189,0.001,0.001,0.001,0.001,0.001,0.001,0.001,617,0.001,0.001,0.001
2015,6.036,33.928,250.68,699.297,0.0023,73,0.001,93,87,0.001,0.001,0.001,160,466,0.001,0.001,0.001,0.001,0.001,0.001,0.001,359,0.001,0.001,0.001
2016,13.389,31.766,235.24,645.1309,0.0009,73,154,0.001,152,0.001,87,0.001,0.001,0.001,0.001,197,138,172,0.001,174,90,0.001,0.001,0.001,0.001
2017,8.728,25.083,188.94,343.2472,0.001,73,0.001,0.001,0.001,0.001,188,0.001,244,0.001,0.001,0.001,0.001,0.001,0.001,0.001,461,267,0.001,0.001,0.001
2018,13.594,33.378,247.43,561.4136,0.0019,72,0.001,0.001,0.001,0.001,0.001,0.001,0.001,187,0.001,416,0.001,0.001,0.001,0.001,0.001,552,0.001,0.001,0.001
2019,12.829,30.393,225.73,551.321,0.0009,72,117,0.001,0.001,0.001,0.001,120,151,161,145,151,0.001,158,0.001,0.001,152,0.001,0.001,0.001,0.001
2020,9.726,24.397,184.01,333.2032,0.0009,72,0.001,0.001,74,0.001,0.001,0.001,0.001,158,83,0.001,197,280,0.001,179,0.001,181,0.001,0.001,0.001
2021,11.212,26.828,200.87,408.2403,0.0007,72,200,0.001,0.001,0.001,0.001,111,0.001,0.001,0.001,0.001,0.001,82,166,0.001,295,296,0.001,0.001,0.001
2022,0.585,23.439,193.71,92.9278,0.0005,72,95,0.001,0.001,0.001,0.001,167,0.001,109,112,0.001,120,84,127,164,0.001,171,0.001,0.001,0.001
2023,14.183,32.773,243.41,539.4309,0.0014,72,0.001,0.001,148,0.001,0.001,0.001,0.001,154,0.001,431,0.001,147,0.001,0.001,0.001,266,0.001,0.001,0.001
2024,13.04,30.423,226.04,545.2491,0.0011,71,186,0.001,0.001,0.001,0.001,235,0.001,0.001,230,224,0.001,0.001,0.001,134,134,0.001,0.001,0.001,0.001
2025,13.044,18.594,141.82,265.0283,0.0005,71,156,0.001,200,0.001,146,0.001,0.001,0.001,171,0.001,0.001,0.001,0.001,0.001,0.001,469,0.001,0.001,0.001
2026,15.3,37.572,276.99,770.4988,0.0006,71,0.001,0.001,0.001,0.001,0.001,364,0.001,307,0.001,213,0.001,0.001,0.001,258,0.001,0.001,0.001,0.001,0.001
2027,15.689,37.046,273.36,754.5042,0.0018,71,0.001,0.001,0.001,0.001,107,478,0.001,0.001,0.001,236,0.001,95,0.001,225,0.001,0.001,0.001,0.001,0.001
2028,12.446,17.436,133.55,245.0222,0.0006,71,0.001,206,0.001,0.001,263,0.001,0.001,0.001,219,0.001,0.001,0.001,226,0.001,224,0.001,0.001,0.001,0.001
2029,13.199,29.772,221.45,525.3211,0.0008,71,84,0.001,0.001,0.001,115,125,148,0.001,0.001,137,122,0.001,91,125,191,0.001,0.001,0.001,0.001
2030,13.497,38.373,282.52,833.3581,0.0004,71,0.001,0.001,0.001,0.001,0.001,0.001,0.001,0.001,485,0.001,653,0.001,0.001,0.001,0.001,0.001,0.001,0.001,0.001
2031,11.774,23.431,177.42,295.227,0.0005,71,0.001,0.001,0.001,0.001,0.001,0.001,0.001,0.001,156,0.001,0.001,0.001,0.001,0.001,453,528,0.001,0.001,0.001
2032,11.007,24.822,188.19,293.2101,0.0003,71,0.001,0.001,0.001,0.001,140,164,0.001,0.001,0.001,76,0.001,0.001,107,0.001,196,453,0.001,0.001,0.001
2033,13.479,18.37,141.95,206.9959,0.0004,71,0.001,96,229,0.001,0.001,0.001,101,0.001,0.001,187,105,154,145,117,0.001,0.001,0.001,0.001,0.001
2034,14.66,23.879,181.09,295.2996,0.0008,71,0.001,127,0.001,0.001,0.001,173,114,161,195,153,0.001,0.001,0.001,0.001,210,0.001,0.001,0.001,0.001
2035,6.581,33.992,251.03,699.3002,0.001,71,0.001,0.001,114,0.001,0.001,0.001,0.001,162,0.001,0.001,0.001,207,194,0.001,0.001,453,0.001,0.001,0.001
2036,16.287,37.407,276.26,714.5543,0.0012,71,0.001,0.001,0.001,0.001,104,125,0.001,0.001,159,146,260,237,0.001,0.001,98,0.001,0.001,0.001,0.001
2037,6.405,17.515,133.39,264.8896,0.0005,71,0.001,0.001,0.001,0.001,0.001,111,0.001,236,0.001,215,0.001,0.001,0.001,134,0.001,433,0.001,0.001,0.001
2038,9.436,23.334,177.02,293.2111,0.0006,71,0.001,0.001,0.001,0.001,171,0.001,186,166,0.001,116,0.001,98,157,0.001,234,0.001,0.001,0.001,0.001
2039,2.783,23.397,176.28,351.1818,0.0008,71,0.001,114,124,0.001,0.001,0.001,0.001,201,0.001,0.001,153,190,178,168,0.001,0.001,0.001,0.001,0.001
2040,0.582,23.05,173.37,367.1038,0.0002,70,0.001,309,0.001,0.001,0.001,362,0.001,327,0.001,0.001,0.001,0.001,0.001,0.001,128,0.001,0.001,0.001,0.001
2041,5.002,23.087,174.12,335.0997,0.0005,70,0.001,0.001,0.001,0.001,0.001,161,0.001,234,0.001,304,0.001,184,0.001,240,0.001,0.001,0.001,0.001,0.001
2042,2.445,34.083,264.76,187.0051,0.0007,70,177,0.001,0.001,0.001,0.001,123,0.001,121,0.001,72,152,0.001,215,185,78,0.001,0.001,0.001,0.001
2043,0.552,17.679,136.8,198.0399,0.0006,70,0.001,0.001,0.001,0.001,0.001,379,0.001,187,0.001,183,0.001,0.001,0.001,216,0.001,158,0.001,0.001,0.001
2044,12.43,30.329,442.97,930.7524,0.0019,70,0.001,135,0.001,0.001,137,0.001,101,0.001,92,164,0.001,290,0.001,0.001,203,0.001,0.001,0.001,0.001
2045,6.166,35.118,259.13,743.3244,0.004,70,66,0.001,61,0.001,0.001,0.001,88,237,0.001,0.001,79,170,146,0.001,106,167,0.001,0.001,0.001
2046,15.285,26.243,197.35,363.3257,0.0009,70,0.001,0.001,174,0.001,172,0.001,0.001,0.001,0.001,141,0.001,135,146,0.001,193,159,0.001,0.001,0.001
2047,15.613,37.399,276,728.5983,0.0007,70,0.001,0.001,0.001,0.001,0.001,0.001,560,248,117,0.001,0.001,0.001,0.001,0.001,195,0.001,0.001,0.001,0.001
2048,15.299,40.357,297,848.5646,0.0031,70,0.001,0.001,0.001,0.001,83,0.001,192,0.001,0.001,161,153,0.001,0.001,100,328,102,0.001,0.001,0.001
2049,3.71,30.025,222.76,570.2793,0.001,70,0.001,0.001,0.001,0.001,0.001,0.001,96,275,0.001,76,128,137,160,149,98,0.001,0.001,0.001,0.001
2050,0.407,24.402,201.81,92.9277,0.0004,70,0.001,142,0.001,0.001,122,166,139,0.001,189,127,0.001,153,0.001,80,0.001,0.001,0.001,0.001,0.001
2051,4.849,16.889,139.04,96.9597,0.0002,69,0.001,0.001,0.001,0.001,90,0.001,218,84,0.001,386,0.001,0.001,0.001,160,171,0.001,0.001,0.001,0.001
2052,12.887,31.39,232.85,570.3291,0.0019,69,133,0.001,0.001,0.001,0.001,0.001,0.001,159,154,114,120,0.001,0.001,154,171,104,0.001,0.001,0.001
2053,12.137,30.03,227,311.1685,0.0007,69,0.001,0.001,0.001,0.001,0.001,158,177,0.001,171,137,0.001,195,102,0.001,0.001,169,0.001,183,0.001
2054,13.475,23.548,178.37,305.2144,0.0007,69,0.001,130,118,0.001,0.001,0.001,124,106,84,0.001,134,138,141,134,0.001,0.001,0.001,0.001,0.001
2055,13.739,29.514,219.93,478.293,0.0008,69,0.001,0.001,0.001,0.001,125,0.001,149,210,0.001,0.001,0.001,142,214,0.001,166,102,0.001,0.001,0.001
2056,13.359,19.839,150.85,277.0489,0.0008,69,0.001,0.001,0.001,0.001,53,0.001,120,105,121,93,99,0.001,0.001,79,112,326,95,83,0.001
2057,14.117,27.733,210.3,281.2495,0.0008,69,0.001,0.001,0.001,0.001,0.001,0.001,0.001,0.001,0.001,0.001,0.001,0.001,0.001,0.001,128,978,0.001,0.001,0.001
2058,16.018,33.786,249.74,621.4047,0.0019,69,0.001,0.001,0.001,0.001,0.001,0.001,0.001,0.001,0.001,0.001,0.001,0.001,110,0.001,0.001,995,0.001,0.001,0.001
2059,15.167,29.569,220.29,497.278,0.0017,69,207,0.001,180,0.001,0.001,68,184,0.001,0.001,205,0.001,0.001,174,85,0.001,0.001,0.001,0.001,0.001
2060,13.753,30.594,228.07,489.2757,0.0014,69,170,95,83,0.001,0.001,160,0.001,156,0.001,135,0.001,192,0.001,111,0.001,0.001,0.001,0.001,0.001
2061,12.789,27.134,203.01,433.2164,0.0015,69,145,0.001,174,0.001,144,0.001,68,0.001,0.001,0.001,81,227,98,164,0.001,0.001,0.001,0.001,0.001
2062,13.987,35.022,259.3,615.4583,0.0028,69,0.001,0.001,0.001,0.001,89,0.001,0.001,235,62,0.001,0.001,0.001,0.001,0.001,0.001,715,0.001,0.001,0.001
2063,0.511,18.576,144.46,180.0662,0.0004,69,0.001,0.001,0.001,0.001,0.001,0.001,0.001,194,0.001,0.001,0.001,0.001,0.001,0.001,0.001,907,0.001,0.001,0.001
2064,8.978,20.095,150.76,398.934,0.001,69,117,0.001,89,0.001,175,0.001,158,98,0.001,0.001,132,0.001,77,135,120,0.001,0.001,86,0.001
2065,13.487,37.163,274.09,790.3313,0.0051,69,0.001,554,0.001,0.001,0.001,0.001,0.001,0.001,0.001,0.001,0.001,0.001,0.001,0.001,546,0.001,73,0.001,0.001
2066,14.273,29.396,217.91,601.1141,0.0012,69,79,0.001,179,0.001,0.001,0.001,0.001,0.001,0.001,0.001,76,0.001,221,0.001,0.001,545,0.001,0.001,0.001
2067,14.257,29.606,219.01,625.0585,0.0018,68,0.001,0.001,0.001,0.001,0.001,0.001,189,0.001,0.001,0.001,0.001,0.001,572,0.001,57,276,0.001,0.001,0.001
2068,1.771,16.24,128.25,150.055,0.0002,68,0.001,0.001,0.001,0.001,0.001,0.001,0.001,0.001,0.001,0.001,661,0.001,0.001,0.001,432,0.001,0.001,0.001,0.001
2069,14.929,23.335,177.3,283.2637,0.0005,68,212,0.001,0.001,0.001,0.001,199,0.001,0.001,175,162,0.001,0.001,173,172,0.001,0.001,176,0.001,0.001
2070,14.498,27.574,206.33,425.2749,0.0008,68,97,0.001,159,0.001,142,0.001,71,0.001,0.001,0.001,137,171,0.001,0.001,124,190,0.001,0.001,0.001
2071,11.692,29.36,218.43,507.2224,0.001,68,73,0.001,0.001,0.001,0.001,0.001,0.001,0.001,0.001,159,0.001,435,91,0.001,0.001,332,0.001,0.001,0.001
2072,13.473,26.866,201.75,381.2453,0.0006,68,0.001,0.001,161,0.001,0.001,0.001,0.001,0.001,0.001,0.001,264,244,0.001,212,208,0.001,0.001,0.001,0.001
2073,10.336,27.186,203.51,407.2799,0.0003,68,0.001,0.001,0.001,0.001,579,0.001,0.001,0.001,0.001,0.001,0.001,0.001,0.001,0.001,0.001,508,0.001,0.001,0.001
2074,9.726,29.128,216.43,541.2295,0.0011,68,0.001,121,0.001,0.001,110,0.001,0.001,0.001,69,185,0.001,267,0.001,174,0.001,160,0.001,0.001,0.001
2075,13.945,25.328,190.69,359.1526,0.0008,68,86,0.001,150,0.001,73,0.001,0.001,0.001,0.001,181,0.001,216,123,142,115,0.001,0.001,0.001,0.001
2076,14.256,33.874,251.04,591.4627,0.0016,68,0.001,0.001,0.001,0.001,124,0.001,75,262,0.001,367,0.001,0.001,0.001,127,0.001,131,0.001,0.001,0.001
2077,8.739,18.095,137.86,266.8317,0,68,0.001,0.001,0.001,0.001,0.001,123,0.001,0.001,0.001,0.001,0.001,0.001,0.001,963,0.001,0.001,0.001,0.001,0.001
2078,14.93,33.735,250.22,595.4944,0.0012,68,0.001,132,246,0.001,0.001,0.001,0.001,186,0.001,172,135,214,0.001,0.001,0.001,0.001,0.001,0.001,0.001
2079,0.531,22.256,184.01,92.928,0.0005,68,0.001,0.001,79,0.001,0.001,157,136,149,159,106,0.001,64,101,0.001,131,0.001,0.001,0.001,0.001
2080,14.951,23.325,177.38,283.2635,0.0007,68,0.001,374,387,0.001,0.001,0.001,0.001,167,0.001,0.001,0.001,154,0.001,0.001,0.001,0.001,0.001,0.001,0.001
2081,8.734,18.098,137.99,262.8376,0.0002,68,0.001,0.001,0.001,0.001,0.001,141,0.001,0.001,0.001,0.001,0.001,0.001,0.001,941,0.001,0.001,0.001,0.001,0.001
2082,15.883,31.355,233.2,538.4139,0.0007,67,109,133,99,0.001,108,135,0.001,118,0.001,0.001,107,100,0.001,0.001,170,0.001,0.001,0.001,0.001
2083,13.434,34.55,255.66,650.4036,0.0011,67,0.001,73,0.001,0.001,0.001,252,336,115,144,0.001,0.001,0.001,0.001,0.001,159,0.001,0.001,0.001,0.001
2084,14.644,31.336,232.69,565.3736,0.0011,67,107,0.001,0.001,0.001,166,0.001,0.001,107,0.001,0.001,144,160,266,0.001,128,0.001,0.001,0.001,0.001
2085,14.212,19.116,145.32,287.0358,0.0006,67,524,0.001,0.001,0.001,0.001,0.001,0.001,0.001,0.001,0.001,554,0.001,0.001,0.001,0.001,0.001,0.001,0.001,0.001
2086,15.106,28.409,212.32,437.3631,0.0014,67,77,0.001,192,0.001,0.001,0.001,0.001,0.001,0.001,234,0.001,86,89,102,150,147,0.001,0.001,0.001
2087,12.918,26.804,200.97,411.204,0.0013,67,112,217,148,0.001,189,0.001,97,0.001,0.001,0.001,0.001,99,0.001,0.001,215,0.001,0.001,0.001,0.001
2088,13.919,29.431,219.72,447.3456,0.001,67,0.001,77,0.001,0.001,0.001,0.001,0.001,228,76,384,0.001,0.001,0.001,143,62,106,0.001,0.001,0.001
2089,12.119,27.133,205.17,311.1688,0.0009,67,0.001,0.001,178,0.001,0.001,0.001,0.001,0.001,0.001,0.001,264,0.001,157,0.001,0.001,477,0.001,0.001,85
2090,13.777,31.281,233.05,493.3897,0.0006,67,0.001,67,158,0.001,0.001,0.001,0.001,217,81,167,87,117,0.001,180,0.001,0.001,0.001,0.001,0.001
2091,14.904,25.211,190.07,337.311,0.0008,67,0.001,0.001,0.001,0.001,0.001,207,121,191,206,0.001,165,0.001,0.001,0.001,184,0.001,0.001,0.001,0.001
2092,13.613,32.048,238.17,535.3972,0.0018,67,0.001,62,144,0.001,0.001,0.001,0.001,0.001,0.001,362,102,163,125,59,0.001,57,0.001,0.001,0.001
2093,13.508,29.766,221.53,509.2878,0.0011,67,0.001,0.001,128,0.001,0.001,131,170,113,0.001,173,81,0.001,0.001,75,202,0.001,0.001,0.001,0.001
2094,12.46,24.973,188.03,348.2205,0.0004,67,0.001,0.001,0.001,0.001,206,165,100,149,206,146,0.001,0.001,0.001,0.001,0.001,100,0.001,0.001,0.001
2095,6.193,22.107,167.56,299.1279,0.0005,67,133,119,0.001,0.001,0.001,0.001,0.001,0.001,0.001,0.001,0.001,170,183,0.001,222,243,0.001,0.001,0.001
2096,2.257,31.604,234.26,599.3032,0.0016,67,0.001,82,217,0.001,0.001,143,0.001,346,0.001,0.001,193,0.001,0.001,0.001,0.001,89,0.001,0.001,0.001
2097,15.709,32.774,243.16,585.4272,0.001,67,136,0.001,165,0.001,0.001,0.001,0.001,0.001,0.001,0.001,112,200,193,108,155,0.001,0.001,0.001,0.001
2098,7.22,28.779,214.1,511.255,0.0007,67,0.001,0.001,0.001,0.001,0.001,108,0.001,447,0.001,0.001,310,0.001,0.001,204,0.001,0.001,0.001,0.001,0.001
2099,13.531,32.564,241.95,554.345,0.0007,67,0.001,0.001,123,0.001,136,0.001,0.001,164,0.001,0.001,0.001,224,247,0.001,172,0.001,0.001,0.001,0.001
2100,0.356,23.034,173.58,346.054,0.001,67,0.001,0.001,0.001,0.001,86,0.001,0.001,154,0.001,241,0.001,287,87,111,98,0.001,0.001,0.001,0.001
2101,10.035,34.378,254.02,716.3179,0.0014,67,0.001,122,121,0.001,0.001,129,0.001,242,0.001,0.001,0.001,0.001,226,224,0.001,0.001,0.001,0.001,0.001
2102,14.017,30.954,229.82,556.3494,0.002,66,0.001,0.001,148,0.001,109,115,0.001,0.001,0.001,117,0.001,0.001,223,82,187,82,0.001,0.001,0.001
2103,4.374,17.553,134.45,246.0748,0.0003,66,0.001,577,213,0.001,0.001,110,0.001,0.001,0.001,0.001,162,0.001,0.001,0.001,0.001,0.001,0.001,0.001,0.001
2104,13.897,30.666,672.86,475.3824,0.0036,66,0.001,0.001,0.001,0.001,0.001,0.001,0.001,0.001,0.001,452,0.001,0.001,0.001,609,0.001,0.001,0.001,0.001,0.001
2105,10.108,18.542,139.47,368.974,0.0008,66,54,72,90,0.001,0.001,92,75,70,75,53,115,116,101,71,76,0.001,63,53,0.001
2106,14.004,29.208,217.58,495.3292,0.0007,66,0.001,0.001,205,0.001,0.001,197,0.001,0.001,0.001,243,228,187,0.001,0.001,0.001,0.001,0.001,0.001,0.001
2107,7.354,22.022,167.43,267.1224,0.0004,66,0.001,0.001,0.001,0.001,0.001,0.001,0.001,0.001,0.001,0.001,0.001,0.001,0.001,0.001,106,949,0.001,0.001,0.001
2108,13.531,30.169,225.09,467.3136,0.0006,66,0.001,0.001,186,0.001,0.001,0.001,0.001,238,0.001,264,0.001,0.001,206,161,0.001,0.001,0.001,0.001,0.001
2109,9.848,29.051,215.79,540.2507,0.0007,66,0.001,88,0.001,0.001,0.001,100,0.001,0.001,0.001,0.001,102,215,103,122,102,222,0.001,0.001,0.001
2110,12.891,25.421,189.87,461.0518,0.0011,66,106,0.001,495,0.001,0.001,0.001,0.001,0.001,109,0.001,0.001,225,0.001,119,0.001,0.001,0.001,0.001,0.001
2111,9.659,24.833,187.06,355.2284,0.0009,66,200,0.001,0.001,0.001,99,0.001,0.001,127,0.001,0.001,0.001,106,0.001,0.001,521,0.001,0.001,0.001,0.001
2112,14.287,18.989,144.79,260.0426,0.0006,66,0.001,0.001,221,0.001,0.001,0.001,0.001,0.001,0.001,0.001,259,0.001,0.001,0.001,0.001,572,0.001,0.001,0.001
2113,16.276,35.838,265.78,597.4519,0.0008,66,155,0.001,146,0.001,0.001,231,0.001,0.001,197,0.001,0.001,0.001,211,0.001,112,0.001,0.001,0.001,0.001
2114,13.388,28.815,215.04,466.2936,0.002,66,105,0.001,0.001,0.001,107,0.001,159,161,0.001,0.001,88,156,225,50,0.001,0.001,0.001,0.001,0.001
2115,16.295,24.296,183.38,330.2353,0.0005,66,0.001,0.001,0.001,0.001,88,77,0.001,120,112,86,153,0.001,186,76,152,0.001,0.001,0.001,0.001
2116,16.434,37.991,280.29,706.6344,0.0034,66,0.001,0.001,0.001,0.001,0.001,0.001,641,0.001,186,0.001,0.001,0.001,118,0.001,0.001,104,0.001,0.001,0.001
2117,5.129,30.058,223.16,567.2238,0.0006,66,129,0.001,0.001,0.001,102,121,105,156,0.001,0.001,0.001,153,115,79,89,0.001,0.001,0.001,0.001
2118,11.062,23.815,177.61,450.9244,0.0008,66,0.001,0.001,0.001,0.001,0.001,264,0.001,0.001,0.001,0.001,0.001,244,0.001,0.001,0.001,541,0.001,0.001,0.001
2119,5.313,31.268,231.62,609.2759,0.0006,65,0.001,0.001,0.001,0.001,0.001,203,0.001,283,0.001,0.001,0.001,290,270,0.001,0.001,0.001,0.001,0.001,0.001
2120,13.484,31.677,235.01,582.2817,0.0009,65,56,0.001,56,0.001,0.001,192,109,116,0.001,127,71,88,0.001,147,84,0.001,0.001,0.001,0.001
2121,14.826,37.265,274.84,753.4697,0.0014,65,0.001,0.001,0.001,0.001,0.001,133,0.001,171,58,173,124,58,0.001,150,178,0.001,0.001,0.001,0.001
2122,10.212,34.531,255.11,717.3527,0.0014,65,0.001,104,0.001,0.001,115,0.001,111,183,0.001,0.001,186,0.001,0.001,181,163,0.001,0.001,0.001,0.001
2123,12.195,18.062,139.48,208.9747,0.0003,65,0.001,0.001,418,0.001,0.001,0.001,0.001,0.001,91,0.001,0.001,159,263,111,0.001,0.001,0.001,0.001,0.001
2124,14.048,32.331,240.94,473.281,0.001,65,0.001,278,0.001,0.001,0.001,0.001,0.001,0.001,0.001,0.001,0.001,0.001,0.001,328,0.001,435,0.001,0.001,0.001
2125,15.464,36.42,269.26,685.4082,0.002,65,66,0.001,144,0.001,0.001,94,0.001,103,0.001,134,109,0.001,245,0.001,146,0.001,0.001,0.001,0.001
2126,14.573,28.05,210.22,397.3676,0.0012,65,0.001,0.001,0.001,0.001,0.001,0.001,0.001,0.001,0.001,665,373,0.001,0.001,0.001,0.001,0.001,0.001,0.001,0.001
2127,2.19,23.539,189.91,116.9724,0.0004,65,88,0.001,0.001,0.001,0.001,119,115,77,126,125,82,0.001,148,81,77,0.001,79,0.001,0.001
2128,2.783,25.712,192.15,437.2035,0.0009,65,0.001,0.001,0.001,0.001,0.001,175,94,241,0.001,100,0.001,185,0.001,128,114,0.001,0.001,0.001,0.001
2129,15.352,29.256,218.44,459.327,0.0011,65,0.001,0.001,149,0.001,73,132,0.001,0.001,0.001,147,0.001,81,233,0.001,222,0.001,0.001,0.001,0.001
2130,9.292,19.263,286.76,255.6297,0.0001,65,0.001,0.001,0.001,0.001,0.001,0.001,0.001,242,0.001,0.001,0.001,0.001,0.001,794,0.001,0.001,0.001,0.001,0.001
2131,13.711,37.238,274.36,789.3266,0.0014,65,0.001,0.001,65,0.001,0.001,0.001,0.001,0.001,0.001,0.001,0.001,0.001,92,0.001,0.001,879,0.001,0.001,0.001
2132,13.52,31.698,235.55,560.4009,0.0007,65,0.001,0.001,511,0.001,0.001,0.001,0.001,0.001,0.001,0.001,0.001,524,0.001,0.001,0.001,0.001,0.001,0.001,0.001
2133,16.456,32.821,243.13,628.2839,0.0006,65,0.001,81,0.001,0.001,160,0.001,0.001,0.001,167,168,0.001,111,0.001,166,179,0.001,0.001,0.001,0.001
2134,15.729,26.985,202.55,379.3567,0.0011,64,0.001,0.001,0.001,0.001,111,62,0.001,0.001,102,128,131,0.001,157,97,131,112,0.001,0.001,0.001
2135,13.56,17.506,134.69,216.0377,0.0004,64,0.001,0.001,0.001,0.001,0.001,349,0.001,311,0.001,0.001,0.001,0.001,0.001,0.001,0.001,369,0.001,0.001,0.001
2136,14.777,21.736,164.82,299.025,0.0007,64,0.001,114,208,0.001,0.001,220,0.001,106,0.001,123,0.001,74,78,0.001,106,0.001,0.001,0.001,0.001
2137,3.405,31.113,230.42,614.2341,0.0029,64,0.001,0.001,0.001,0.001,67,135,85,198,0.001,77,92,106,0.001,87,84,97,0.001,0.001,0.001
2138,14.679,25.47,190.09,469.0363,0.001,64,0.001,99,193,0.001,0.001,0.001,102,0.001,0.001,153,98,152,231,0.001,0.001,0.001,0.001,0.001,0.001
2139,13.498,26.409,199.01,339.1969,0.0016,64,0.001,0.001,0.001,0.001,89,0.001,127,140,0.001,0.001,0.001,0.001,0.001,0.001,0.001,670,0.001,0.001,0.001
2140,15.633,38.421,282.94,794.5087,0.0038,64,0.001,0.001,0.001,0.001,0.001,246,0.001,0.001,136,201,127,253,0.001,0.001,0.001,63,0.001,0.001,0.001
2141,13.578,30.647,228.62,467.3732,0.0008,64,121,0.001,0.001,0.001,257,134,227,0.001,0.001,0.001,0.001,0.001,0.001,0.001,0.001,286,0.001,0.001,0.001
2142,2.785,26.834,200.23,465.1931,0.0014,64,0.001,0.001,126,0.001,0.001,113,0.001,233,0.001,103,131,0.001,146,173,0.001,0.001,0.001,0.001,0.001
2143,12.824,17.484,134.62,218.0298,0,64,0.001,0.001,0.001,0.001,0.001,0.001,0.001,0.001,0.001,0.001,462,562,0.001,0.001,0.001,0.001,0.001,0.001,0.001
2144,13.619,27.372,204.8,427.2858,0.0006,64,0.001,81,176,0.001,0.001,120,0.001,112,0.001,127,85,0.001,164,0.001,159,0.001,0.001,0.001,0.001
2145,15.965,34.063,251.99,663.3602,0.0017,64,85,108,0.001,0.001,143,0.001,72,0.001,108,0.001,0.001,0.001,194,0.001,127,185,0.001,0.001,0.001
2146,5.816,27.803,207.22,477.2353,0.0012,64,0.001,0.001,0.001,0.001,0.001,211,116,311,0.001,0.001,0.001,0.001,180,0.001,203,0.001,0.001,0.001,0.001
2147,5.4,32.659,241.62,655.2724,0.0025,64,0.001,0.001,117,0.001,110,0.001,86,136,69,0.001,0.001,0.001,0.001,0.001,0.001,502,0.001,0.001,0.001
2148,9.193,19.825,150.7,280.6211,0.0007,64,100,0.001,215,0.001,0.001,86,0.001,0.001,0.001,103,104,131,0.001,97,0.001,180,0.001,0.001,0.001
2149,9.123,23.618,178.88,311.2212,0.0003,64,0.001,269,222,0.001,0.001,0.001,0.001,0.001,0.001,0.001,368,0.001,157,0.001,0.001,0.001,0.001,0.001,0.001
2150,9.815,26.754,199.75,450.1999,0.0009,64,0.001,0.001,0.001,0.001,0.001,80,0.001,155,61,91,108,161,121,151,88,0.001,0.001,0.001,0.001
2151,15.069,32.86,243.94,551.467,0.0017,63,0.001,0.001,172,0.001,0.001,0.001,0.001,70,98,392,0.001,0.001,126,0.001,89,67,0.001,0.001,0.001
2152,6.037,32.242,238.5,601.3233,0.0009,63,0.001,0.001,0.001,0.001,0.001,0.001,0.001,0.001,0.001,0.001,0.001,62,0.001,0.001,0.001,951,0.001,0.001,0.001
2153,12.987,28.687,213.65,485.3067,0.0025,63,0.001,375,0.001,0.001,0.001,0.001,0.001,0.001,0.001,0.001,0.001,0.001,280,0.001,0.001,358,0.001,0.001,0.001
2154,6.37,17.54,134.8,218.0292,0.0006,63,0.001,0.001,0.001,0.001,0.001,0.001,0.001,0.001,0.001,0.001,0.001,0.001,0.001,381,0.001,631,0.001,0.001,0.001
2155,10.371,22.289,165.74,544.9644,0.0007,63,105,123,98,0.001,0.001,110,0.001,141,142,166,0.001,0.001,0.001,126,0.001,0.001,116,0.001,0.001
2156,16.2,37.209,274.77,753.5092,0,63,0.001,0.001,0.001,0.001,917,0.001,0.001,0.001,93,0.001,0.001,0.001,0.001,0.001,0.001,0.001,0.001,0.001,0.001
2157,13.521,37.898,279.65,779.3916,0.001,63,138,127,0.001,0.001,118,0.001,0.001,146,142,164,0.001,0.001,0.001,0.001,175,0.001,0.001,0.001,0.001
2158,15.187,37.775,279.21,667.4417,0.0021,63,0.001,0.001,0.001,0.001,98,93,0.001,87,0.001,0.001,105,133,189,81,0.001,222,0.001,0.001,0.001
2159,13.387,31.784,235.26,644.1337,0.0007,63,0.001,0.001,145,0.001,0.001,0.001,0.001,100,143,0.001,0.001,186,215,219,0.001,0.001,0.001,0.001,0.001
2160,12.337,27.039,202.33,396.1456,0.0004,63,0.001,0.001,0.001,0.001,0.001,0.001,0.001,0.001,0.001,0.001,0.001,0.001,0.001,0.001,0.001,1007,0.001,0.001,107
2161,14.059,30.095,223.66,528.3084,0.0013,63,0.001,0.001,0.001,0.001,223,0.001,161,0.001,144,0.001,66,145,67,0.001,0.001,200,0.001,0.001,0.001
2162,13.728,27.687,211.37,255.2334,0.0015,63,0.001,0.001,208,0.001,105,0.001,0.001,0.001,0.001,0.001,0.001,0.001,129,0.001,0.001,564,0.001,0.001,0.001
2163,12.925,28.854,214.96,473.2845,0.0008,63,0.001,0.001,0.001,0.001,0.001,71,106,67,99,0.001,0.001,0.001,0.001,0.001,0.001,662,0.001,0.001,0.001
2164,2.786,27.118,202.27,483.2035,0.001,63,0.001,98,162,0.001,91,0.001,0.001,241,0.001,0.001,134,0.001,0.001,177,100,0.001,0.001,0.001,0.001
2165,14.968,35.334,262.23,569.4577,0.0007,63,0.001,266,0.001,0.001,0.001,0.001,81,0.001,115,67,0.001,0.001,354,0.001,118,0.001,0.001,0.001,0.001
2166,14.925,30.374,226.87,445.3666,0.001,63,110,0.001,176,0.001,0.001,0.001,89,0.001,0.001,95,98,171,173,0.001,0.001,88,0.001,0.001,0.001
2167,14.338,26.991,202.41,395.3336,0.0007,63,0.001,0.001,162,0.001,0.001,96,0.001,0.001,0.001,113,142,108,268,0.001,111,0.001,0.001,0.001,0.001
2168,14.999,33.695,249.5,625.4232,0.0011,62,0.001,0.001,129,0.001,76,105,91,111,0.001,0.001,0.001,0.001,215,0.001,146,126,0.001,0.001,0.001
2169,12.249,30.081,222.64,643.0854,0.001,62,94,0.001,263,0.001,0.001,0.001,0.001,0.001,72,0.001,62,141,225,0.001,0.001,142,0.001,0.001,0.001
2170,13.441,24.903,187.51,351.2199,0.0009,62,192,0.001,0.001,0.001,172,85,0.001,91,138,166,0.001,0.001,0.001,0.001,0.001,154,0.001,0.001,0.001
2171,13.267,24.433,184.68,321.3147,0.0009,62,77,72,0.001,0.001,0.001,0.001,168,138,137,0.001,0.001,151,0.001,92,161,0.001,0.001,0.001,0.001
2172,9.97,24.582,183.7,441.0619,0.0005,62,0.001,86,208,0.001,0.001,0.001,0.001,0.001,0.001,0.001,129,162,136,0.001,136,138,0.001,0.001,0.001
2173,14.075,30.159,224.99,506.3248,0.0002,62,563,0.001,429,0.001,0.001,0.001,0.001,0.001,0.001,0.001,0.001,0.001,0.001,0.001,0.001,0.001,0.001,0.001,0.001
2174,14.411,25.933,195.23,355.3204,0.0007,62,123,98,0.001,0.001,108,148,0.001,0.001,0.001,152,0.001,0.001,0.001,113,158,92,0.001,0.001,0.001
2175,14.005,27.939,209.02,444.253,0.0005,62,172,151,188,0.001,151,111,0.001,0.001,0.001,0.001,0.001,0.001,219,0.001,0.001,0.001,0.001,0.001,0.001
2176,3.71,31.237,231.6,615.2845,0.0018,62,80,0.001,137,0.001,94,149,104,260,0.001,0.001,0.001,165,0.001,0.001,0.001,0.001,0.001,0.001,0.001
2177,11.954,22.424,170.45,283.078,0.001,62,0.001,102,140,0.001,0.001,0.001,0.001,145,139,197,0.001,0.001,194,70,0.001,0.001,0.001,0.001,0.001
2178,15.541,35.263,260.29,717.3563,0.0017,62,0.001,125,0.001,0.001,0.001,147,99,73,0.001,0.001,0.001,0.001,250,136,0.001,155,0.001,0.001,0.001
2179,15.156,30.406,226.41,513.3569,0.0014,62,199,231,208,0.001,0.001,0.001,0.001,0.001,0.001,0.001,0.001,0.001,0.001,0.001,0.001,347,0.001,0.001,0.001
2180,13.466,33.4,247.64,602.3458,0.0009,61,129,0.001,144,0.001,0.001,0.001,0.001,0.001,126,0.001,0.001,186,133,145,120,0.001,0.001,0.001,0.001
2181,1.193,25.736,207.62,116.9723,0.0004,61,0.001,0.001,71,0.001,0.001,91,97,111,87,96,0.001,64,112,119,134,0.001,0.001,0.001,0.001
2182,0.258,16.137,125.59,182.9959,0.0004,61,0.001,0.001,90,0.001,0.001,154,0.001,0.001,0.001,203,0.001,133,0.001,0.001,0.001,402,0.001,0.001,0.001
2183,14.587,32.159,238.82,560.371,0.0018,61,60,122,103,0.001,0.001,57,0.001,88,0.001,0.001,0.001,0.001,411,0.001,0.001,140,0.001,0.001,0.001
2184,13.512,39.447,290.36,877.3853,0.0019,61,203,0.001,0.001,0.001,0.001,0.001,289,0.001,219,270,0.001,0.001,0.001,0.001,0.001,0.001,0.001,0.001,0.001
2185,14.741,30.211,225.06,470.3692,0.0005,61,0.001,0.001,0.001,0.001,0.001,0.001,0.001,0.001,79,0.001,0.001,0.001,136,0.001,117,648,0.001,0.001,0.001
2186,13.205,28.216,210.51,467.2987,0.0016,61,84,0.001,0.001,0.001,0.001,154,0.001,0.001,0.001,191,164,181,0.001,0.001,204,0.001,0.001,0.001,0.001
2187,0.712,27.706,205.75,557.1346,0.0017,61,0.001,230,0.001,0.001,106,0.001,0.001,129,0.001,0.001,294,0.001,0.001,0.001,0.001,219,0.001,0.001,0.001
2188,4.215,27.222,203.12,477.1961,0.0008,61,133,102,0.001,0.001,149,139,0.001,183,0.001,0.001,0.001,0.001,143,0.001,128,0.001,0.001,0.001,0.001
2189,0.248,13.547,106.08,168.8358,0.0002,61,0.001,0.001,0.001,0.001,0.001,0.001,535,0.001,0.001,0.001,0.001,442,0.001,0.001,0.001,0.001,0.001,0.001,0.001
2190,11.975,27.211,203.44,433.2382,0.0008,61,0.001,103,0.001,0.001,125,0.001,0.001,177,0.001,0.001,0.001,98,156,104,0.001,213,0.001,0.001,0.001
2191,14.049,27.959,208.51,467.2803,0.0009,61,0.001,0.001,0.001,0.001,0.001,303,198,0.001,165,0.001,0.001,0.001,0.001,115,194,0.001,0.001,0.001,0.001
2192,11.452,18.84,150.56,131.0122,0.0004,61,103,90,78,0.001,71,92,0.001,100,0.001,102,86,0.001,66,91,95,0.001,99,0.001,0.001
2193,9.793,23.044,173.76,337.1669,0.0005,61,0.001,0.001,0.001,0.001,0.001,103,0.001,187,0.001,127,97,187,0.001,152,119,0.001,0.001,0.001,178
2194,12.303,17.435,133.52,244.0266,0.001,61,0.001,0.001,310,0.001,0.001,219,0.001,0.001,0.001,219,0.001,0.001,0.001,0.001,222,0.001,0.001,0.001,0.001
2195,0.977,16.623,135.06,109.0289,0.0004,61,0.001,0.001,0.001,0.001,178,74,112,0.001,0.001,0.001,221,0.001,0.001,0.001,0.001,385,0.001,0.001,0.001
2196,13.326,27.819,211.79,279.2327,0.0013,60,79,202,0.001,0.001,204,0.001,0.001,0.001,0.001,0.001,0.001,0.001,0.001,0.001,482,0.001,0.001,0.001,0.001
2197,13.75,29.915,223.03,494.3244,0.0006,60,93,110,98,0.001,91,0.001,0.001,171,0.001,114,0.001,126,163,0.001,0.001,0.001,0.001,0.001,0.001
2198,14.182,23.12,175,309.0051,0.0007,60,0.001,0.001,222,0.001,0.001,0.001,82,71,0.001,89,0.001,115,256,0.001,129,0.001,0.001,0.001,0.001
2199,0.253,30.239,223.54,681.0478,0.0017,60,0.001,0.001,156,0.001,87,0.001,181,0.001,157,0.001,0.001,121,0.001,113,0.001,149,0.001,0.001,0.001
2200,14.007,31.629,234.53,607.3456,0.0015,60,96,91,125,0.001,0.001,108,124,0.001,127,0.001,134,0.001,158,0.001,0.001,0.001,0.001,0.001,0.001
2201,12.842,27.788,207.7,410.1612,0.0005,60,0.001,0.001,0.001,0.001,0.001,0.001,0.001,0.001,0.001,0.001,0.001,0.001,0.001,0.001,0.001,962,68,0.001,0.001
2202,7.576,25.36,190.77,355.229,0.0003,60,125,0.001,0.001,0.001,0.001,0.001,0.001,0.001,0.001,0.001,0.001,0.001,0.001,0.001,307,530,0.001,0.001,0.001
2203,13.646,37.594,276.96,754.3476,0.0019,60,0.001,0.001,0.001,0.001,0.001,79,0.001,0.001,0.001,60,0.001,0.001,0.001,0.001,0.001,822,0.001,0.001,0.001
2204,9.848,30.494,226.09,584.2567,0.0015,60,0.001,0.001,0.001,0.001,98,92,83,0.001,0.001,0.001,117,177,140,126,0.001,128,0.001,0.001,0.001
2205,13.815,31.581,235.42,491.3735,0.0008,60,0.001,54,86,0.001,129,0.001,0.001,240,0.001,0.001,150,0.001,236,61,0.001,0.001,0.001,0.001,0.001
2206,13.33,26.886,201.18,409.2346,0.0007,60,0.001,0.001,0.001,0.001,0.001,0.001,214,0.001,0.001,221,171,151,0.001,0.001,0.001,198,0.001,0.001,0.001
2207,12.743,18.337,140.76,233.0418,0.0004,60,0.001,0.001,224,0.001,0.001,0.001,0.001,0.001,0.001,0.001,0.001,0.001,268,243,220,0.001,0.001,0.001,0.001
2208,12.964,24.072,182.36,306.2177,0.0009,60,0.001,97,0.001,0.001,109,0.001,0.001,233,180,0.001,0.001,154,0.001,182,0.001,0.001,0.001,0.001,0.001
2209,13.62,37.353,275.33,793.4249,0.0015,60,0.001,71,78,0.001,0.001,0.001,0.001,0.001,0.001,0.001,116,0.001,0.001,120,94,475,0.001,0.001,0.001
2210,14.228,20.5,155.26,307.0399,0.0002,60,0.001,163,156,0.001,0.001,0.001,0.001,0.001,0.001,0.001,0.001,0.001,0.001,0.001,0.001,634,0.001,0.001,0.001
2211,4.63,23.636,178.62,313.1187,0.0006,60,0.001,0.001,0.001,0.001,0.001,191,0.001,206,0.001,306,0.001,0.001,0.001,147,0.001,103,0.001,0.001,0.001
2212,14.382,32.808,244.26,501.3948,0.001,59,0.001,0.001,0.001,0.001,97,0.001,129,255,0.001,289,0.001,0.001,114,0.001,67,0.001,0.001,0.001,0.001
2213,13.758,35.98,265.8,714.5072,0.0013,59,0.001,0.001,152,0.001,132,222,114,0.001,63,118,60,0.001,0.001,0.001,90,0.001,0.001,0.001,0.001
2214,9.549,29.129,216.69,523.2002,0.0007,59,0.001,79,0.001,0.001,61,92,0.001,217,0.001,0.001,0.001,164,120,129,88,0.001,0.001,55,0.001
2215,8.351,24.565,185.19,343.2475,0.0006,59,0.001,0.001,0.001,0.001,179,0.001,148,0.001,0.001,77,0.001,0.001,149,0.001,397,0.001,0.001,0.001,0.001
2216,13.478,25.858,193.37,427.2183,0.0005,59,0.001,0.001,0.001,0.001,0.001,0.001,433,0.001,0.001,0.001,0.001,0.001,515,0.001,0.001,0.001,0.001,0.001,0.001
2217,0.671,19.364,148.3,246.0073,0.001,59,0.001,0.001,0.001,0.001,95,0.001,0.001,0.001,0.001,0.001,0.001,0.001,0.001,0.001,853,0.001,0.001,0.001,0.001
2218,12.898,17.482,134.8,216.0377,0.0007,59,0.001,305,0.001,0.001,0.001,0.001,0.001,0.001,0.001,348,0.001,0.001,0.001,0.001,295,0.001,0.001,0.001,0.001
2219,13.661,26.667,201.16,335.3304,0.0011,59,0.001,0.001,93,0.001,0.001,120,154,92,193,0.001,149,0.001,146,0.001,0.001,0.001,0.001,0.001,0.001
2220,15.467,35.319,260.88,721.3549,0.0016,59,56,85,119,0.001,52,82,0.001,52,0.001,0.001,69,159,175,0.001,0.001,97,0.001,0.001,0.001
2221,6.191,23.69,179.04,313.1187,0.0004,59,0.001,0.001,0.001,0.001,0.001,158,79,212,0.001,233,0.001,0.001,0.001,0.001,107,157,0.001,0.001,0.001
2222,14.53,34.957,258.64,617.4773,0.0027,59,0.001,0.001,0.001,0.001,0.001,0.001,0.001,266,0.001,302,51,0.001,0.001,0.001,0.001,324,0.001,0.001,0.001
2223,13.076,26.349,198.85,339.3139,0.0011,59,143,0.001,0.001,0.001,174,456,0.001,0.001,0.001,0.001,0.001,0.001,0.001,170,0.001,0.001,0.001,0.001,0.001
2224,14.002,28.57,213.48,451.3207,0.0008,59,107,105,0.001,0.001,117,0.001,0.001,97,0.001,106,0.001,131,161,0.001,119,0.001,0.001,0.001,0.001
2225,15.726,34.498,256.43,543.4043,0.0008,59,72,115,94,0.001,95,0.001,0.001,0.001,71,90,0.001,0.001,275,0.001,0.001,130,0.001,0.001,0.001
2226,9.917,19.858,148.69,442.971,0.0006,59,215,260,173,0.001,198,0.001,0.001,0.001,0.001,0.001,95,0.001,0.001,0.001,0.001,0.001,0.001,0.001,0.001
2227,14.004,29.969,223.27,490.3166,0.001,59,0.001,162,0.001,0.001,0.001,136,177,0.001,136,0.001,167,0.001,162,0.001,0.001,0.001,82,0.001,0.001
2228,2.421,31.325,243.53,187.0061,0.0002,59,102,0.001,159,0.001,0.001,0.001,0.001,0.001,0.001,0.001,0.001,246,221,210,0.001,0.001,0.001,0.001,0.001
2229,15.351,27.062,202.97,381.3364,0.0007,59,0.001,0.001,0.001,0.001,0.001,134,0.001,176,219,0.001,0.001,0.001,192,0.001,0.001,217,0.001,0.001,0.001
2230,16.168,38.827,286.31,759.5672,0.0012,59,0.001,0.001,0.001,0.001,0.001,322,138,269,0.001,0.001,0.001,208,0.001,0.001,0.001,0.001,0.001,0.001,0.001
2231,16.389,35.251,260.59,685.4838,0.0007,59,0.001,0.001,0.001,0.001,88,436,0.001,250,97,65,0.001,0.001,0.001,0.001,0.001,0.001,0.001,0.001,0.001
2232,16.026,38.139,281.59,733.5506,0.0014,58,0.001,82,0.001,0.001,0.001,330,0.001,0.001,185,0.001,0.001,337,0.001,0.001,0.001,0.001,0.001,0.001,0.001
2233,12.527,18.827,142.86,290.0284,0.0004,58,0.001,0.001,0.001,0.001,226,0.001,196,0.001,0.001,0.001,230,0.001,0.001,0.001,220,60,0.001,0.001,0.001
2234,15.623,38.55,284.17,798.5293,0.0012,58,0.001,0.001,0.001,0.001,125,364,120,0.001,0.001,205,0.001,0.001,0.001,0.001,117,0.001,0.001,0.001,0.001
2235,15.94,36.523,269.71,715.493,0.0018,58,0.001,95,0.001,0.001,0.001,97,0.001,0.001,83,100,65,168,249,0.001,72,0.001,0.001,0.001,0.001
2236,12.194,19.271,147.71,239.002,0.0005,58,0.001,0.001,348,0.001,0.001,0.001,0.001,0.001,0.001,112,0.001,163,304,0.001,0.001,0.001,0.001,0.001,0.001
2237,5.648,26.173,197.06,352.0849,0.0004,58,228,118,0.001,0.001,0.001,0.001,111,0.001,130,0.001,0.001,0.001,0.001,0.001,255,84,0.001,0.001,0.001
2238,9.627,23.344,177.03,293.2111,0.0006,58,0.001,0.001,0.001,0.001,0.001,143,0.001,209,0.001,64,0.001,0.001,0.001,111,399,0.001,0.001,0.001,0.001
2239,13.708,32.833,244.21,539.4316,0.0021,58,0.001,0.001,0.001,0.001,108,0.001,0.001,0.001,0.001,817,0.001,0.001,0.001,0.001,0.001,0.001,0.001,0.001,0.001
2240,13.54,23.54,176.47,401.0847,0.0011,58,0.001,0.001,185,0.001,0.001,0.001,72,0.001,69,104,0.001,195,202,0.001,97,0.001,0.001,0.001,0.001
2241,12.427,34.644,256.28,646.35,0.0016,58,0.001,0.001,0.001,0.001,0.001,0.001,0.001,0.001,158,0.001,0.001,390,216,159,0.001,0.001,0.001,0.001,0.001
2242,16.257,30.167,225.09,463.3763,0.0011,58,0.001,125,0.001,0.001,0.001,0.001,95,0.001,120,101,124,168,190,0.001,0.001,0.001,0.001,0.001,0.001
2243,7.279,34.832,257.17,689.377,0.0014,58,0.001,0.001,0.001,0.001,0.001,0.001,0.001,0.001,56,0.001,0.001,165,140,126,0.001,435,0.001,0.001,0.001
2244,13.285,24.316,182.29,401.085,0.0008,58,0.001,0.001,227,0.001,0.001,0.001,0.001,65,0.001,121,0.001,157,251,101,0.001,0.001,0.001,0.001,0.001
2245,14.987,35.285,260.68,699.3896,0.0019,58,62,0.001,0.001,0.001,112,53,0.001,61,0.001,202,73,0.001,0.001,0.001,0.001,359,0.001,0.001,0.001
2246,13.531,29.335,218.76,467.3139,0.0008,58,0.001,0.001,0.001,0.001,0.001,0.001,0.001,191,0.001,212,0.001,155,184,179,0.001,0.001,0.001,0.001,0.001
2247,9.335,23.329,176.98,293.2114,0.0008,58,0.001,0.001,0.001,0.001,155,147,0.001,146,96,0.001,0.001,58,151,0.001,168,0.001,0.001,0.001,0.001
2248,13.415,32.063,237.47,612.2474,0,57,0.001,0.001,0.001,0.001,0.001,0.001,0.001,0.001,0.001,619,0.001,0.001,300,0.001,0.001,0.001,0.001,0.001,0.001
2249,16.146,35.894,264.99,715.4749,0.0015,57,0.001,0.001,0.001,0.001,0.001,385,0.001,298,126,0.001,0.001,0.001,0.001,0.001,108,0.001,0.001,0.001,0.001
2250,12.677,32.918,244.62,517.3901,0.0007,57,0.001,0.001,0.001,0.001,0.001,0.001,0.001,235,0.001,295,0.001,118,0.001,125,0.001,143,0.001,0.001,0.001
2251,5.959,33.794,249.73,699.3175,0.0038,57,0.001,0.001,201,0.001,0.001,241,0.001,0.001,0.001,0.001,0.001,306,0.001,0.001,165,0.001,0.001,59,0.001
2252,14.055,34.881,258.16,615.4603,0.0018,57,0.001,0.001,0.001,0.001,0.001,69,0.001,148,0.001,292,0.001,0.001,0.001,131,88,184,0.001,0.001,0.001
2253,11.946,18.862,150.73,131.012,0.0005,57,104,73,113,0.001,0.001,0.001,97,0.001,0.001,0.001,110,88,130,105,92,0.001,0.001,0.001,0.001
2254,12.432,31.54,234.23,560.1513,0.0013,57,112,97,0.001,0.001,0.001,0.001,90,93,0.001,119,0.001,155,129,0.001,116,0.001,0.001,0.001,0.001
2255,15.688,33.693,249.52,614.4599,0.004,57,0.001,0.001,0.001,0.001,0.001,0.001,0.001,0.001,100,0.001,635,0.001,0.001,0.001,176,0.001,0.001,0.001,0.001
2256,12.328,30.04,224.04,465.3583,0.0008,57,0.001,0.001,0.001,0.001,0.001,0.001,140,232,227,229,0.001,0.001,0.001,83,0.001,0.001,0.001,0.001,0.001
2257,4.938,27.666,206.38,477.2349,0.0009,57,0.001,0.001,192,0.001,0.001,267,0.001,451,0.001,0.001,0.001,0.001,0.001,0.001,0.001,0.001,0.001,0.001,0.001
2258,14.85,29.921,222.86,499.3441,0.0019,57,0.001,77,0.001,0.001,118,104,0.001,103,0.001,0.001,147,125,107,0.001,129,0.001,0.001,0.001,0.001
2259,16.293,26.694,200.73,367.3557,0.0008,57,0.001,196,169,0.001,143,0.001,0.001,88,0.001,0.001,114,0.001,0.001,94,0.001,106,0.001,0.001,0.001
2260,16.31,26.599,200.02,367.3554,0.001,57,209,196,0.001,0.001,136,0.001,0.001,0.001,0.001,0.001,98,90,0.001,0.001,0.001,180,0.001,0.001,75
2261,11.207,28.764,214.51,477.2475,0.0009,57,168,0.001,78,0.001,213,0.001,166,0.001,0.001,0.001,0.001,79,145,0.001,0.001,59,0.001,0.001,0.001
2262,14.004,28.94,216.42,435.3261,0.0007,57,0.001,118,0.001,0.001,138,115,0.001,139,0.001,0.001,0.001,140,0.001,125,130,0.001,0.001,0.001,0.001
2263,16.216,29.661,221.39,464.4144,0.0008,57,0.001,0.001,138,0.001,103,0.001,60,95,140,0.001,0.001,0.001,226,0.001,143,0.001,0.001,0.001,0.001
2264,5.106,20.006,152.97,249.0312,0.0005,56,124,0.001,0.001,0.001,0.001,176,0.001,94,0.001,124,0.001,135,0.001,130,120,0.001,164,0.001,0.001
2265,15.409,19.575,150.32,223.0274,0.0001,56,0.001,0.001,0.001,0.001,0.001,298,229,0.001,0.001,0.001,0.001,0.001,0.001,0.001,0.001,376,0.001,0.001,0.001
2266,13.092,19.817,150.83,276.0525,0.0005,56,100,108,0.001,0.001,95,145,0.001,0.001,0.001,0.001,0.001,128,0.001,0.001,0.001,324,0.001,0.001,0.001
2267,8.475,25.082,188.73,353.2324,0.0005,56,0.001,0.001,0.001,0.001,130,0.001,0.001,84,0.001,0.001,0.001,0.001,0.001,0.001,97,588,0.001,0.001,0.001
2268,15.092,30.343,226.59,443.3518,0.0007,56,0.001,0.001,175,0.001,0.001,154,0.001,0.001,0.001,145,0.001,0.001,185,0.001,142,97,0.001,0.001,0.001
2269,16.106,28.187,211.18,412.3865,0.0011,56,76,0.001,90,0.001,109,113,0.001,80,0.001,117,0.001,129,80,0.001,104,0.001,0.001,0.001,0.001
2270,1.218,23.968,193.51,116.9724,0.0003,56,99,107,124,0.001,0.001,0.001,0.001,111,132,0.001,88,119,0.001,117,0.001,0.001,0.001,0.001,0.001
2271,13.463,22.958,173.19,339.1476,0.0011,56,0.001,139,112,0.001,0.001,74,116,0.001,0.001,120,107,0.001,104,125,0.001,0.001,0.001,0.001,0.001
2272,15.052,26.628,200.2,369.4558,0.0013,56,53,90,0.001,0.001,137,0.001,0.001,0.001,209,0.001,149,0.001,112,0.001,0.001,146,0.001,0.001,0.001
2273,13.421,27.103,203.02,397.3313,0.0013,56,0.001,0.001,0.001,0.001,0.001,0.001,0.001,189,95,192,0.001,140,0.001,0.001,178,102,0.001,0.001,0.001
2274,3.09,27.305,203.77,465.2119,0.0012,56,0.001,0.001,130,0.001,0.001,0.001,0.001,394,0.001,0.001,91,151,0.001,0.001,129,0.001,0.001,0.001,0.001
2275,14.453,26.692,200.44,385.3111,0.0006,56,80,0.001,68,0.001,89,0.001,0.001,0.001,0.001,0.001,0.001,0.001,126,0.001,0.001,531,0.001,0.001,0.001
2276,2.474,26.568,198.18,464.1758,0.0011,56,0.001,0.001,0.001,0.001,0.001,129,0.001,181,83,120,101,142,138,0.001,0.001,0.001,0.001,0.001,0.001
2277,14.676,28.239,210.54,445.2511,0.0024,56,0.001,0.001,0.001,0.001,0.001,0.001,0.001,0.001,0.001,76,0.001,0.001,0.001,0.001,0.001,815,0.001,0.001,0.001
2278,4.017,28.979,215.42,526.2911,0.0007,55,0.001,0.001,0.001,0.001,0.001,135,0.001,233,0.001,60,111,143,205,0.001,0.001,0.001,0.001,0.001,0.001
2279,13.896,25.949,194.85,375.1649,0.001,55,0.001,0.001,156,0.001,0.001,0.001,0.001,0.001,88,123,0.001,129,158,111,0.001,121,0.001,0.001,0.001
2280,12.108,18.934,144.4,261.0406,0.0015,55,0.001,0.001,0.001,0.001,0.001,0.001,359,0.001,207,0.001,0.001,0.001,319,0.001,0.001,0.001,0.001,0.001,0.001
2281,13.359,31.739,235.77,537.4144,0.001,55,57,0.001,0.001,0.001,0.001,0.001,0.001,97,0.001,0.001,92,93,120,180,0.001,245,0.001,0.001,0.001
2282,13.486,36.697,270.83,762.3434,0.003,55,66,90,111,0.001,0.001,0.001,124,0.001,0.001,0.001,101,111,100,87,94,0.001,0.001,0.001,0.001
2283,1.371,17.65,137.11,183.0644,0.0018,55,0.001,0.001,0.001,0.001,0.001,0.001,0.001,0.001,0.001,0.001,98,0.001,0.001,0.001,0.001,786,0.001,0.001,0.001
2284,15.616,27.355,203.37,543.0552,0.0007,55,102,0.001,0.001,0.001,74,0.001,0.001,0.001,0.001,0.001,0.001,209,241,96,161,0.001,0.001,0.001,0.001
2285,15.811,38.142,281.21,782.5319,0.0028,55,0.001,0.001,0.001,0.001,62,273,67,0.001,83,161,0.001,0.001,0.001,149,86,0.001,0.001,0.001,0.001
2286,11.997,19.124,145.38,287.0376,0.0003,55,0.001,0.001,422,0.001,0.001,0.001,0.001,0.001,0.001,458,0.001,0.001,0.001,0.001,0.001,0.001,0.001,0.001,0.001
2287,12.807,17.1,131.74,221.0213,0.0003,55,334,0.001,0.001,0.001,0.001,546,0.001,0.001,0.001,0.001,0.001,0.001,0.001,0.001,0.001,0.001,0.001,0.001,0.001
2288,11.625,21.885,163.25,466.956,0.0016,55,0.001,0.001,0.001,0.001,109,84,0.001,0.001,72,111,0.001,87,179,91,0.001,147,0.001,0.001,0.001
2289,0.403,22.77,188.33,92.9274,0.0004,55,76,109,0.001,0.001,0.001,0.001,133,113,103,118,0.001,131,95,0.001,0.001,0.001,0.001,0.001,0.001
2290,13.342,24.016,182,303.3418,0.0023,55,203,0.001,0.001,0.001,0.001,582,0.001,0.001,0.001,0.001,0.001,0.001,90,0.001,0.001,0.001,0.001,0.001,0.001
2291,12.797,20.474,155.39,307.0399,0.0006,55,211,227,236,0.001,198,0.001,0.001,0.001,0.001,0.001,0.001,0.001,0.001,0.001,0.001,0.001,0.001,0.001,0.001
2292,11.45,29.295,218.96,445.2953,0.0017,55,121,112,103,0.001,91,0.001,96,111,138,0.001,0.001,0.001,0.001,0.001,0.001,100,0.001,0.001,0.001
2293,11.879,31.946,237.88,489.3577,0.0012,54,0.001,0.001,167,0.001,0.001,0.001,0.001,187,0.001,145,0.001,117,94,0.001,0.001,160,0.001,0.001,0.001
2294,6.163,30.284,224.72,565.2674,0.0008,54,0.001,0.001,0.001,0.001,0.001,127,0.001,198,0.001,0.001,120,171,120,134,0.001,0.001,0.001,0.001,0.001
2295,13.357,29.836,222.89,447.3469,0.0007,54,0.001,0.001,104,0.001,0.001,0.001,160,0.001,0.001,284,0.001,0.001,88,233,0.001,0.001,0.001,0.001,0.001
2296,0.601,21.888,167.14,257.1284,0.0009,54,0.001,0.001,90,0.001,78,145,0.001,148,66,226,0.001,0.001,0.001,0.001,116,0.001,0.001,0.001,0.001
2297,16.131,37.394,275.77,756.5206,0.0007,54,0.001,0.001,0.001,0.001,0.001,567,96,0.001,206,0.001,0.001,0.001,0.001,0.001,0.001,0.001,0.001,0.001,0.001
2298,15.529,28.155,209.1,557.1069,0.001,54,0.001,0.001,0.001,0.001,180,71,0.001,0.001,152,0.001,0.001,139,174,0.001,153,0.001,0.001,0.001,0.001
2299,15.425,35.223,260.23,719.3579,0.0007,54,0.001,133,0.001,0.001,106,0.001,164,141,139,184,0.001,0.001,0.001,0.001,0.001,0.001,0.001,0.001,0.001
2300,13.505,31.135,232.45,445.3311,0.0006,54,0.001,0.001,0.001,0.001,150,0.001,0.001,0.001,0.001,220,0.001,0.001,0.001,0.001,104,393,0.001,0.001,0.001
2301,12.987,28.989,216.32,462.2045,0.0011,54,0.001,0.001,0.001,0.001,115,0.001,0.001,127,0.001,91,77,159,104,193,0.001,0.001,0.001,107,0.001
2302,12.109,24.042,181.85,311.2981,0.0008,54,0.001,0.001,0.001,0.001,0.001,0.001,0.001,243,0.001,0.001,0.001,456,166,0.001,0.001,0.001,0.001,0.001,0.001
2303,1.496,29.072,224.06,212.0012,0.0004,54,0.001,0.001,0.001,0.001,0.001,0.001,0.001,133,0.001,0.001,0.001,229,192,0.001,311,0.001,0.001,0.001,0.001
2304,14.875,31.821,236.27,546.3171,0.0006,54,0.001,138,0.001,0.001,0.001,0.001,0.001,156,0.001,0.001,79,175,0.001,0.001,0.001,317,0.001,0.001,0.001
2305,9.986,24.721,186.53,335.2207,0.0005,54,95,81,0.001,0.001,0.001,0.001,0.001,0.001,0.001,0.001,0.001,0.001,0.001,0.001,0.001,688,0.001,0.001,0.001
2306,13.318,24.871,187.67,329.1884,0.0014,54,0.001,91,0.001,0.001,0.001,105,0.001,0.001,0.001,0.001,63,134,0.001,112,0.001,358,0.001,0.001,0.001
2307,0.695,25.417,210.17,92.928,0.0005,54,88,0.001,124,0.001,95,84,0.001,104,0.001,0.001,0.001,0.001,76,0.001,114,178,0.001,0.001,0.001
2308,13.874,27.75,207.43,437.2651,0.001,54,0.001,118,0.001,0.001,0.001,0.001,0.001,67,0.001,76,64,212,0.001,183,143,0.001,0.001,0.001,0.001
2309,15.872,29.981,223.96,455.4095,0.0011,54,0.001,136,179,0.001,0.001,0.001,0.001,0.001,231,211,106,0.001,0.001,0.001,0.001,0.001,0.001,0.001,0.001
2310,12.381,25.116,189.4,339.1985,0.0006,54,0.001,0.001,0.001,0.001,173,0.001,148,0.001,0.001,0.001,154,0.001,0.001,159,229,0.001,136,0.001,0.001
2311,15.364,32.392,240.47,551.4667,0.0024,54,0.001,0.001,113,0.001,0.001,0.001,0.001,79,0.001,117,52,135,187,0.001,127,52,0.001,0.001,0.001
2312,13.48,35.971,265.69,746.3082,0.0001,54,437,0.001,0.001,0.001,0.001,0.001,0.001,0.001,425,0.001,0.001,0.001,0.001,0.001,0.001,0.001,0.001,0.001,0.001
2313,6.483,32.069,237.48,629.2991,0.0012,54,0.001,0.001,101,0.001,0.001,0.001,0.001,229,0.001,0.001,99,190,126,0.001,117,0.001,0.001,0.001,0.001
2314,11.774,17.506,134.76,219.0252,0.001,54,0.001,0.001,0.001,0.001,0.001,0.001,0.001,0.001,0.001,468,0.001,0.001,0.001,394,0.001,0.001,0.001,0.001,0.001
2315,13.451,30.371,225.35,567.2265,0.0014,54,0.001,0.001,0.001,0.001,0.001,95,116,0.001,0.001,148,106,88,103,97,108,0.001,0.001,0.001,0.001
2316,9.725,29.096,216.05,540.2329,0.0013,54,0.001,0.001,0.001,0.001,0.001,121,0.001,142,0.001,118,0.001,166,94,94,0.001,125,0.001,0.001,0.001
2317,12.764,24.228,183.24,313.2735,0.0007,54,91,0.001,77,0.001,0.001,67,0.001,75,95,86,0.001,108,0.001,77,110,73,0.001,0.001,0.001
2318,10.266,21.565,320.13,294.6195,0.001,54,0.001,0.001,335,0.001,0.001,0.001,223,0.001,0.001,0.001,301,0.001,0.001,0.001,0.001,0.001,0.001,0.001,0.001
2319,14.436,29.51,219.75,496.3663,0.0012,54,0.001,0.001,161,0.001,105,0.001,92,0.001,0.001,119,103,109,0.001,0.001,115,55,0.001,0.001,0.001
2320,15.237,38.759,285.46,814.5255,0.002,54,0.001,0.001,0.001,0.001,0.001,416,0.001,0.001,0.001,234,0.001,208,0.001,0.001,0.001,0.001,0.001,0.001,0.001
2321,13.59,31.614,234.28,595.2234,0.002,54,0.001,0.001,0.001,0.001,50,105,112,190,0.001,116,0.001,104,0.001,0.001,0.001,179,0.001,0.001,0.001
2322,1.336,15.134,120.42,137.023,0.0002,53,0.001,0.001,0.001,0.001,0.001,0.001,0.001,0.001,0.001,0.001,614,0.001,0.001,0.001,241,0.001,0.001,0.001,0.001
2323,15.758,37.166,274.33,738.5108,0.0027,53,0.001,0.001,0.001,0.001,108,327,80,190,0.001,55,0.001,94,0.001,0.001,0.001,0.001,0.001,0.001,0.001
2324,9.389,23.303,176.77,293.2108,0.0005,53,125,0.001,0.001,0.001,0.001,108,0.001,129,80,0.001,97,111,122,82,0.001,0.001,0.001,0.001,0.001
2325,16.352,17.487,134.82,218.0303,0.0003,53,193,0.001,0.001,0.001,120,0.001,239,0.001,0.001,299,0.001,0.001,0.001,0.001,0.001,0.001,0.001,0.001,0.001
2326,11.523,27.467,206.17,387.251,0.0015,53,0.001,0.001,0.001,0.001,74,0.001,0.001,319,114,343,0.001,0.001,0.001,0.001,0.001,0.001,0.001,0.001,0.001
2327,16.177,34.86,259.02,551.4106,0.0006,53,86,0.001,116,0.001,0.001,0.001,76,119,0.001,85,0.001,0.001,365,0.001,0.001,0.001,0.001,0.001,0.001
2328,12.412,34.01,251.64,698.1605,0.0019,53,115,139,115,0.001,138,206,0.001,0.001,133,0.001,0.001,0.001,0.001,0.001,0.001,0.001,0.001,0.001,0.001
2329,13.769,32.757,243.32,537.4154,0.0011,53,0.001,0.001,52,0.001,0.001,0.001,0.001,132,0.001,0.001,0.001,167,0.001,62,190,243,0.001,0.001,0.001
2330,9.9,18.535,139.42,368.974,0.0008,53,59,79,0.001,0.001,0.001,127,101,106,78,91,0.001,98,0.001,107,0.001,0.001,0.001,0.001,0.001
2331,5.979,17.087,131.37,222.9364,0.0008,53,69,0.001,0.001,0.001,0.001,0.001,0.001,89,0.001,89,0.001,0.001,0.001,0.001,0.001,598,0.001,0.001,0.001
2332,5.82,28.976,215.53,521.2421,0.001,53,0.001,0.001,0.001,0.001,90,0.001,0.001,190,68,70,0.001,151,0.001,133,143,0.001,0.001,0.001,0.001
2333,5.622,23.39,178.28,272.1282,0.0001,53,330,173,0.001,0.001,0.001,0.001,0.001,0.001,0.001,0.001,0.001,0.001,0.001,0.001,340,0.001,0.001,0.001,0.001
2334,3.087,28.434,211.61,526.2324,0.0008,53,83,97,122,0.001,0.001,0.001,0.001,243,0.001,0.001,0.001,154,0.001,144,0.001,0.001,0.001,0.001,53
2335,13.566,33.212,246.29,565.4462,0.0014,53,0.001,0.001,0.001,0.001,0.001,0.001,0.001,139,0.001,232,0.001,129,77,114,0.001,152,0.001,0.001,0.001
2336,13.684,29.834,221.84,517.3153,0.0015,53,133,0.001,0.001,0.001,0.001,0.001,0.001,150,0.001,114,0.001,246,70,0.001,0.001,130,0.001,0.001,0.001
2337,14.281,28.687,214.44,431.315,0.0009,53,0.001,0.001,0.001,0.001,0.001,245,0.001,0.001,0.001,184,0.001,0.001,0.001,131,280,0.001,0.001,0.001,0.001
2338,15.014,24.512,185.51,311.4031,0.0008,52,0.001,0.001,73,0.001,78,0.001,0.001,72,88,75,83,86,149,0.001,133,0.001,0.001,0.001,0.001
2339,5.766,22.973,173.39,335.0987,0.0006,52,135,0.001,163,0.001,0.001,75,0.001,0.001,0.001,0.001,101,167,0.001,60,134,0.001,0.001,0.001,0.001
2340,15.734,32.878,243.88,597.3493,0.0008,52,0.001,112,113,0.001,98,0.001,0.001,0.001,114,0.001,118,0.001,176,0.001,103,0.001,99,0.001,0.001
2341,12.43,31.307,232.53,557.2631,0.0012,52,85,0.001,0.001,0.001,51,0.001,133,86,109,132,0.001,124,0.001,0.001,113,0.001,0.001,0.001,0.001
2342,15.049,32.068,239.12,481.3266,0.0007,52,0.001,86,174,0.001,0.001,0.001,0.001,0.001,0.001,112,98,137,226,0.001,0.001,0.001,0.001,0.001,0.001
2343,15.24,38.335,282.63,796.5132,0.0032,52,0.001,56,0.001,0.001,0.001,422,0.001,0.001,96,258,0.001,0.001,0.001,0.001,0.001,0.001,0.001,0.001,0.001
2344,12.93,20.103,152.41,301.0517,0.0003,52,0.001,62,73,0.001,68,83,0.001,79,109,0.001,86,0.001,91,105,76,0.001,0.001,0.001,77
2345,12.92,18.332,140.58,231.0491,0.0002,52,0.001,0.001,0.001,0.001,0.001,146,0.001,0.001,166,153,0.001,0.001,0.001,0.001,0.001,367,128,0.001,0.001
2346,13.198,26.777,200.99,385.3126,0.0013,52,0.001,0.001,0.001,0.001,77,157,148,0.001,150,149,0.001,150,0.001,0.001,0.001,0.001,0.001,0.001,0.001
2347,14.001,31.71,235.23,580.353,0.0013,52,127,0.001,0.001,0.001,0.001,126,0.001,152,155,151,0.001,0.001,0.001,120,0.001,0.001,55,0.001,0.001
2348,13.311,27.16,202.89,433.2351,0.0009,52,0.001,0.001,0.001,0.001,0.001,0.001,125,0.001,111,233,145,0.001,0.001,0.001,156,61,0.001,0.001,0.001
2349,15.253,33.043,245.03,606.414,0.0021,52,0.001,128,0.001,0.001,72,0.001,0.001,0.001,0.001,0.001,0.001,336,0.001,54,240,0.001,0.001,0.001,0.001
2350,3.098,25.098,188.15,394.2114,0.0008,52,0.001,0.001,123,0.001,0.001,0.001,0.001,175,0.001,0.001,96,105,133,0.001,93,104,0.001,0.001,0.001
2351,14.473,19.015,144.77,260.0426,0.0005,52,0.001,0.001,0.001,0.001,0.001,0.001,0.001,0.001,0.001,0.001,204,0.001,0.001,0.001,0.001,622,0.001,0.001,0.001
2352,11.894,27.291,204.45,401.2306,0.0012,52,0.001,0.001,0.001,0.001,150,57,0.001,0.001,0.001,0.001,0.001,99,128,0.001,82,309,0.001,0.001,0.001
2353,12.84,28.301,211.98,391.2842,0.001,51,0.001,0.001,0.001,0.001,0.001,0.001,0.001,231,0.001,109,0.001,0.001,0.001,0.001,0.001,483,0.001,0.001,0.001
2354,1.758,26.248,211.79,116.9723,0.001,51,58,0.001,62,0.001,119,143,0.001,84,89,80,0.001,0.001,0.001,88,0.001,100,0.001,0.001,0.001
2355,2.701,25.004,187.76,381.1044,0.0007,51,99,0.001,0.001,0.001,0.001,157,88,0.001,0.001,190,0.001,0.001,0.001,132,157,0.001,0.001,0.001,0.001
2356,12.852,28.194,211.55,383.2945,0.0008,51,0.001,0.001,0.001,0.001,0.001,142,0.001,0.001,122,106,62,90,0.001,125,174,0.001,0.001,0.001,0.001
2357,2.702,24.978,187.33,403.0869,0.0015,51,0.001,99,0.001,0.001,117,147,0.001,210,0.001,248,0.001,0.001,0.001,0.001,0.001,0.001,0.001,0.001,0.001
2358,14.143,18.38,141.99,206.9964,0.0008,51,0.001,0.001,107,0.001,0.001,95,89,92,0.001,130,0.001,96,114,98,0.001,0.001,0.001,0.001,0.001
2359,14.218,25.013,188.61,336.2352,0.0006,51,0.001,0.001,0.001,0.001,0.001,0.001,0.001,127,0.001,0.001,220,158,160,0.001,155,0.001,0.001,0.001,0.001
2360,1.498,31.527,243.17,212.0017,0.0009,51,168,96,0.001,0.001,0.001,0.001,0.001,104,0.001,0.001,111,155,0.001,0.001,185,0.001,0.001,0.001,0.001
2361,15.823,18.999,144.92,262.0353,0.0004,51,0.001,0.001,51,0.001,98,0.001,0.001,0.001,0.001,0.001,0.001,0.001,309,0.001,0.001,361,0.001,0.001,0.001
2362,1.488,27.573,212.74,212.0017,0.0003,51,241,0.001,0.001,0.001,105,95,217,161,0.001,0.001,0.001,0.001,0.001,0.001,0.001,0.001,0.001,0.001,0.001
2363,10.329,21.611,163.75,294.62,0.0016,51,0.001,0.001,0.001,0.001,0.001,0.001,0.001,0.001,132,189,0.001,52,0.001,347,0.001,99,0.001,0.001,0.001
2364,12.438,30.335,223.23,931.2531,0.001,51,258,0.001,106,0.001,0.001,0.001,0.001,173,0.001,0.001,83,0.001,199,0.001,0.001,0.001,0.001,0.001,0.001
2365,16.068,27.174,204.23,383.3527,0.0012,51,110,0.001,166,0.001,183,0.001,0.001,219,0.001,141,0.001,0.001,0.001,0.001,0.001,0.001,0.001,0.001,0.001
2366,13.693,29.292,218.09,502.2932,0.0023,51,0.001,0.001,74,0.001,0.001,0.001,152,196,111,0.001,0.001,148,78,0.001,59,0.001,0.001,0.001,0.001
2367,11.719,19.079,145.18,263.0319,0.003,51,0.001,0.001,0.001,0.001,0.001,134,0.001,0.001,0.001,0.001,0.001,0.001,0.001,0.001,0.001,684,0.001,0.001,0.001
2368,12.717,28.653,213.75,471.2576,0.0009,51,79,0.001,104,0.001,76,0.001,73,0.001,0.001,91,0.001,104,0.001,0.001,97,194,0.001,0.001,0.001
2369,11.859,27.821,207.89,447.2531,0.0005,51,158,86,0.001,0.001,131,0.001,0.001,169,0.001,0.001,0.001,0.001,150,0.001,0.001,123,0.001,0.001,0.001
2370,16.424,35.198,260.1,681.4875,0.0002,51,0.001,0.001,0.001,0.001,0.001,529,0.001,287,0.001,0.001,0.001,0.001,0.001,0.001,0.001,0.001,0.001,0.001,0.001
2371,13.52,31.803,236.64,515.371,0.0011,51,0.001,0.001,141,0.001,0.001,0.001,0.001,0.001,0.001,295,115,0.001,119,145,0.001,0.001,0.001,0.001,0.001
2372,15.645,30.201,223.44,641.0881,0.002,51,0.001,0.001,146,0.001,0.001,0.001,0.001,0.001,0.001,137,0.001,178,160,0.001,0.001,194,0.001,0.001,0.001
2373,14.398,21.805,165.25,297.0459,0.0003,51,0.001,0.001,137,0.001,0.001,0.001,98,0.001,0.001,114,0.001,0.001,182,0.001,122,162,0.001,0.001,0.001
2374,16.368,36.243,267.49,725.5106,0.0046,51,0.001,0.001,0.001,0.001,0.001,105,0.001,0.001,54,655,0.001,0.001,0.001,0.001,0.001,0.001,0.001,0.001,0.001
2375,13.809,21.336,161.02,329.0452,0.0006,51,0.001,0.001,0.001,0.001,163,0.001,0.001,0.001,0.001,0.001,0.001,77,184,170,0.001,219,0.001,0.001,0.001
2376,5.649,31.966,236.82,629.2998,0.0015,51,0.001,63,93,0.001,0.001,109,0.001,233,0.001,0.001,0.001,169,0.001,145,0.001,0.001,0.001,0.001,0.001
2377,12.733,27.836,207.97,443.2615,0.0009,51,0.001,0.001,104,0.001,113,0.001,0.001,0.001,0.001,155,0.001,0.001,0.001,101,131,208,0.001,0.001,0.001
2378,12.797,19.977,153.57,227.0464,0.0002,51,163,0.001,0.001,0.001,125,174,0.001,0.001,0.001,0.001,0.001,204,77,0.001,69,0.001,0.001,0.001,0.001
2379,13.064,28.282,210.8,449.2409,0.0022,51,0.001,0.001,0.001,0.001,0.001,0.001,68,0.001,0.001,0.001,0.001,0.001,0.001,0.001,0.001,744,0.001,0.001,0.001
2380,15.162,30.753,228.58,525.3612,0.0012,51,0.001,0.001,0.001,0.001,121,0.001,0.001,0.001,107,97,97,119,98,0.001,0.001,173,0.001,0.001,0.001
2381,15.143,27.931,209.04,412.3472,0.0018,51,0.001,0.001,0.001,0.001,69,0.001,0.001,0.001,70,0.001,96,0.001,0.001,0.001,0.001,576,0.001,0.001,0.001
2382,5.348,29.629,220.82,477.1613,0.0012,51,0.001,0.001,0.001,0.001,0.001,0.001,163,0.001,136,209,0.001,62,0.001,133,107,0.001,0.001,0.001,0.001
2383,13.862,26.631,199.72,387.2506,0.0012,51,0.001,0.001,0.001,0.001,181,150,0.001,0.001,0.001,0.001,0.001,0.001,0.001,0.001,0.001,479,0.001,0.001,0.001
2384,15.637,38.005,280.24,780.5176,0.0025,51,0.001,0.001,0.001,0.001,55,274,65,0.001,0.001,171,0.001,79,0.001,166,0.001,0.001,0.001,0.001,0.001
2385,14.383,28.903,215.33,487.2878,0.0017,51,105,108,0.001,0.001,0.001,77,0.001,0.001,58,88,88,0.001,0.001,0.001,151,134,92,0.001,0.001
2386,13.678,27.388,204.79,426.2901,0.0016,51,0.001,0.001,135,0.001,0.001,84,0.001,66,0.001,106,0.001,89,129,0.001,106,93,0.001,0.001,0.001
2387,13.956,29.998,223.06,517.2532,0.0016,50,0.001,0.001,0.001,0.001,135,0.001,0.001,0.001,0.001,115,113,166,0.001,0.001,89,189,0.001,0.001,0.001
2388,12.393,34.073,252.11,667.2662,0.0011,50,70,0.001,152,0.001,0.001,0.001,0.001,0.001,0.001,109,0.001,222,121,0.001,132,0.001,0.001,0.001,0.001
2389,9.573,24.508,184.94,335.2204,0.0004,50,131,98,0.001,0.001,92,70,85,0.001,0.001,0.001,0.001,0.001,174,0.001,0.001,155,0.001,0.001,0.001
2390,9.731,27.683,205.98,497.2224,0.0009,50,0.001,0.001,0.001,0.001,0.001,113,0.001,150,0.001,106,89,118,0.001,0.001,0.001,229,0.001,0.001,0.001
2391,3.088,28.181,209.78,509.2196,0.0015,50,0.001,0.001,123,0.001,0.001,0.001,0.001,274,75,0.001,0.001,0.001,191,142,0.001,0.001,0.001,0.001,0.001
2392,12.826,26.429,390.6,369.564,0.0006,50,0.001,0.001,0.001,0.001,251,0.001,0.001,0.001,0.001,0.001,0.001,553,0.001,0.001,0.001,0.001,0.001,0.001,0.001
2393,13.446,28.531,212.1,531.1176,0.0015,50,86,0.001,144,0.001,0.001,0.001,0.001,70,0.001,110,0.001,132,145,0.001,0.001,115,0.001,0.001,0.001
2394,5.434,17.648,133.71,303.9482,0.0009,50,0.001,0.001,117,0.001,120,0.001,101,0.001,0.001,191,0.001,0.001,79,116,0.001,75,0.001,132,0.001
2395,0.317,24.863,205.48,92.9272,0.0004,50,0.001,0.001,0.001,0.001,0.001,0.001,151,0.001,0.001,0.001,148,129,106,136,128,0.001,0.001,0.001,0.001
2396,13.647,28.052,210.32,403.3579,0.0003,50,0.001,0.001,0.001,0.001,79,0.001,0.001,256,0.001,461,0.001,0.001,0.001,0.001,0.001,0.001,0.001,0.001,0.001
2397,3.089,28.148,209.59,508.2222,0.0013,50,0.001,0.001,115,0.001,82,128,0.001,0.001,0.001,102,99,0.001,141,128,0.001,0.001,0.001,0.001,0.001
2398,15.504,34.56,255.75,651.4345,0.0015,50,0.001,0.001,0.001,0.001,126,0.001,179,180,0.001,260,0.001,50,0.001,0.001,0.001,0.001,0.001,0.001,0.001
2399,13.276,29.092,217.2,424.1779,0.0006,50,0.001,0.001,0.001,0.001,0.001,0.001,0.001,0.001,0.001,0.001,0.001,0.001,0.001,0.001,0.001,794,105,0.001,0.001
2400,13.525,33.511,247.95,674.3469,0.0012,50,0.001,141,0.001,0.001,131,0.001,0.001,146,0.001,155,0.001,0.001,220,0.001,0.001,0.001,0.001,0.001,0.001
2401,0.721,22.872,172.78,325.0298,0.0009,49,0.001,141,0.001,0.001,88,0.001,0.001,0.001,96,0.001,0.001,0.001,0.001,0.001,0.001,466,0.001,0.001,0.001
2402,10.373,32.932,243.63,645.3544,0.0044,49,0.001,0.001,0.001,0.001,0.001,0.001,0.001,0.001,0.001,0.001,0.001,0.001,791,0.001,0.001,0.001,0.001,0.001,72
2403,15.628,35.759,264.29,685.518,0.001,49,0.001,0.001,0.001,0.001,95,153,72,87,84,104,0.001,0.001,145,50,0.001,0.001,0.001,0.001,0.001
2404,15.592,33.706,249.61,615.4603,0.0002,49,0.001,0.001,0.001,0.001,0.001,151,137,0.001,115,0.001,0.001,0.001,250,0.001,137,0.001,0.001,0.001,0.001
2405,13.239,19.096,146.82,225.0055,0.0008,49,0.001,0.001,189,0.001,0.001,0.001,0.001,0.001,0.001,0.001,0.001,187,154,109,151,0.001,0.001,0.001,71
2406,16.318,37.074,273.61,747.5176,0.0007,49,0.001,0.001,0.001,0.001,177,0.001,92,0.001,0.001,0.001,105,123,0.001,0.001,292,0.001,0.001,0.001,0.001
2407,12.722,18.318,140.26,245.0221,0.0007,49,88,69,0.001,0.001,103,0.001,0.001,0.001,73,0.001,75,92,115,83,91,0.001,0.001,0.001,0.001
2408,10.701,27.213,203.02,470.2872,0.0004,49,0.001,0.001,0.001,0.001,174,0.001,0.001,74,0.001,0.001,0.001,212,0.001,112,215,0.001,0.001,0.001,0.001
2409,13.136,30.991,230.87,489.3561,0.0017,49,0.001,171,54,0.001,0.001,64,0.001,175,0.001,182,0.001,0.001,0.001,0.001,73,68,0.001,0.001,0.001
2410,15.87,28.643,213.68,459.3021,0.002,49,0.001,0.001,215,0.001,0.001,0.001,0.001,0.001,0.001,152,0.001,0.001,187,139,0.001,94,0.001,0.001,0.001
2411,9.687,30.402,225.87,567.2256,0.0007,49,0.001,93,84,0.001,75,0.001,0.001,217,0.001,0.001,0.001,0.001,144,173,0.001,0.001,0.001,0.001,0.001
2412,1.639,27.335,220.52,116.9727,0.0007,49,0.001,56,0.001,0.001,0.001,84,0.001,128,109,91,103,0.001,111,104,0.001,0.001,0.001,0.001,0.001
2413,13.901,35.417,263.97,473.2814,0.0033,49,0.001,0.001,0.001,0.001,0.001,646,0.001,0.001,0.001,0.001,139,0.001,0.001,0.001,0.001,0.001,0.001,0.001,0.001
2414,14.805,27.561,206.72,397.3112,0.0018,49,0.001,107,0.001,0.001,103,107,59,119,0.001,0.001,97,192,0.001,0.001,0.001,0.001,0.001,0.001,0.001
2415,13.513,24.299,184.1,293.1213,0.0007,49,0.001,0.001,0.001,0.001,0.001,0.001,117,0.001,0.001,174,0.001,0.001,0.001,0.001,106,387,0.001,0.001,0.001
2416,16.128,33.767,249.6,621.4068,0.0048,49,0.001,0.001,0.001,0.001,0.001,0.001,0.001,0.001,0.001,0.001,0.001,0.001,61,0.001,0.001,723,0.001,0.001,0.001
2417,5.114,26.848,201.51,385.1674,0.0003,49,0.001,155,126,0.001,0.001,0.001,0.001,0.001,180,0.001,0.001,0.001,0.001,0.001,185,138,0.001,0.001,0.001
2418,14.512,36.774,271.28,743.5446,0.0012,49,0.001,0.001,0.001,0.001,0.001,212,243,138,190,0.001,0.001,0.001,0.001,0.001,0.001,0.001,0.001,0.001,0.001
2419,1.412,25.564,206.32,116.9726,0.0003,49,89,0.001,0.001,0.001,117,0.001,0.001,0.001,127,0.001,0.001,118,115,103,114,0.001,0.001,75,0.001
2420,14.7,32.462,241.03,549.4511,0.002,49,0.001,0.001,0.001,0.001,0.001,0.001,0.001,288,83,347,0.001,0.001,64,0.001,0.001,0.001,0.001,0.001,0.001
2421,10.034,29.044,215.93,539.2516,0.0011,49,71,0.001,127,0.001,0.001,0.001,58,166,53,0.001,0.001,174,133,0.001,0.001,0.001,0.001,0.001,0.001
2422,12.743,21.119,162.15,225.2219,0.0008,49,0.001,0.001,0.001,0.001,0.001,0.001,0.001,0.001,86,158,0.001,0.001,190,140,0.001,207,0.001,0.001,0.001
2423,12.116,24.871,183.89,694.9527,0.0018,49,0.001,105,0.001,0.001,120,0.001,65,64,57,0.001,139,116,0.001,114,0.001,0.001,0.001,62,0.001
2424,14.318,32,238.06,493.3889,0.0019,49,0.001,0.001,0.001,0.001,0.001,0.001,0.001,369,0.001,0.001,99,104,0.001,0.001,0.001,208,0.001,0.001,0.001
2425,13.995,29.804,222.47,449.362,0.0006,49,0.001,0.001,0.001,0.001,97,0.001,0.001,287,0.001,0.001,63,221,0.001,0.001,0.001,111,0.001,0.001,0.001
2426,14.943,25.988,195.56,353.3048,0.0008,49,0.001,92,0.001,0.001,0.001,89,0.001,75,129,82,0.001,0.001,94,0.001,0.001,218,0.001,0.001,0.001
2427,11.06,23.835,177.74,452.9212,0.0006,49,0.001,0.001,0.001,0.001,0.001,206,0.001,0.001,0.001,0.001,0.001,164,0.001,0.001,0.001,406,0.001,0.001,0.001
2428,13.39,28.191,210.05,480.2595,0.0011,49,0.001,0.001,136,0.001,0.001,0.001,84,68,0.001,0.001,77,75,0.001,0.001,179,157,0.001,0.001,0.001
2429,13.588,27.74,207.89,403.3568,0.0012,49,0.001,0.001,0.001,0.001,114,0.001,63,141,0.001,250,0.001,0.001,131,0.001,77,0.001,0.001,0.001,0.001
2430,13.834,27.259,203.8,435.1859,0.0006,49,114,0.001,0.001,0.001,0.001,164,0.001,0.001,0.001,112,0.001,0.001,154,116,116,0.001,0.001,0.001,0.001
2431,13.343,31.322,233.04,517.3881,0.0013,48,0.001,0.001,117,0.001,0.001,0.001,0.001,335,0.001,0.001,0.001,120,0.001,123,79,0.001,0.001,0.001,0.001
2432,12.533,25.922,195.85,326.1873,0.0003,48,0.001,229,0.001,0.001,0.001,0.001,0.001,0.001,0.001,0.001,0.001,258,0.001,0.001,287,0.001,0.001,0.001,0.001
2433,4.61,17.305,133.33,211.0231,0.0007,48,0.001,0.001,0.001,0.001,0.001,371,0.001,0.001,0.001,0.001,0.001,0.001,96,0.001,0.001,307,0.001,0.001,0.001
2434,2.803,22.327,180.08,116.9725,0.0006,48,0.001,0.001,0.001,0.001,114,90,0.001,85,0.001,99,55,0.001,75,103,0.001,152,0.001,0.001,0.001
2435,13.456,34.227,253.09,674.2949,0.0021,48,0.001,132,0.001,0.001,0.001,0.001,132,81,0.001,0.001,0.001,164,135,129,0.001,0.001,0.001,0.001,0.001
2436,13.278,19.842,150.96,276.0522,0.001,48,0.001,107,0.001,0.001,91,0.001,0.001,0.001,0.001,0.001,0.001,125,0.001,0.001,0.001,450,0.001,0.001,0.001
2437,15.689,27.16,203.94,384.3556,0.0009,48,116,0.001,76,0.001,0.001,0.001,0.001,0.001,112,88,0.001,86,0.001,143,151,0.001,0.001,0.001,0.001
2438,10.906,25.283,190.23,345.1488,0.0003,48,0.001,0.001,0.001,0.001,0.001,0.001,0.001,0.001,485,0.001,137,0.001,0.001,0.001,0.001,150,0.001,0.001,0.001
2439,16.182,37.65,277.57,768.5222,0.0014,48,0.001,0.001,0.001,0.001,0.001,0.001,133,136,218,0.001,125,0.001,0.001,0.001,159,0.001,0.001,0.001,0.001
2440,14.005,37.012,273.4,719.6373,0.0012,48,86,0.001,0.001,0.001,79,0.001,87,93,0.001,0.001,86,0.001,175,0.001,164,0.001,0.001,0.001,0.001
2441,1.202,25.202,203.44,116.9727,0.0006,48,79,116,0.001,0.001,126,76,92,0.001,62,66,0.001,77,0.001,75,0.001,0.001,0.001,0.001,0.001
2442,13.435,21.253,160.86,311.0353,0.0009,48,128,0.001,0.001,0.001,0.001,0.001,0.001,113,0.001,162,150,73,0.001,0.001,138,0.001,0.001,0.001,0.001
2443,14.182,20.903,158.74,288.9979,0.0007,48,0.001,0.001,217,0.001,0.001,0.001,0.001,0.001,0.001,114,0.001,0.001,265,0.001,167,0.001,0.001,0.001,0.001
2444,2.429,30.072,233.71,187.0058,0.0003,48,0.001,0.001,0.001,0.001,202,0.001,210,0.001,0.001,205,0.001,0.001,0.001,0.001,145,0.001,0.001,0.001,0.001
2445,14.436,29.003,216.58,451.3394,0.0008,48,72,0.001,172,0.001,0.001,0.001,0.001,0.001,0.001,0.001,0.001,0.001,238,0.001,113,167,0.001,0.001,0.001
2446,10.287,22.701,172.26,289.094,0.0006,48,0.001,0.001,0.001,0.001,0.001,86,0.001,169,0.001,185,0.001,147,0.001,174,0.001,0.001,0.001,0.001,0.001
2447,10.081,31.961,236.56,628.3028,0.0015,48,0.001,0.001,127,0.001,0.001,0.001,99,0.001,86,0.001,122,0.001,146,0.001,0.001,181,0.001,0.001,0.001
2448,13.459,34.227,252.96,676.2935,0.0013,48,0.001,0.001,0.001,0.001,0.001,0.001,0.001,0.001,0.001,0.001,390,0.001,0.001,371,0.001,0.001,0.001,0.001,0.001
2449,13.895,33.201,247.69,473.2861,0.001,48,0.001,267,0.001,0.001,0.001,0.001,193,0.001,300,0.001,0.001,0.001,0.001,0.001,0.001,0.001,0.001,0.001,0.001
2450,13.047,28.283,212.23,401.3045,0.0004,48,107,137,0.001,0.001,151,0.001,0.001,0.001,144,0.001,0.001,0.001,0.001,0.001,221,0.001,0.001,0.001,0.001
2451,12.717,27.23,203.68,426.2553,0.0009,48,0.001,91,0.001,0.001,92,100,0.001,96,0.001,0.001,0.001,0.001,86,80,105,110,0.001,0.001,0.001
2452,13.673,29.638,220.64,511.3434,0.0011,47,0.001,76,0.001,0.001,71,0.001,129,104,183,0.001,106,0.001,0.001,90,0.001,0.001,0.001,0.001,0.001
2453,13.502,37.946,279.61,808.3678,0.0027,47,79,0.001,0.001,0.001,0.001,0.001,147,79,0.001,126,109,0.001,0.001,98,120,0.001,0.001,0.001,0.001
2454,12.72,19.821,150.76,275.0554,0.0009,47,0.001,0.001,0.001,0.001,74,94,73,0.001,74,91,60,79,65,0.001,0.001,147,0.001,0.001,0.001
2455,7.049,28.836,215.01,484.9982,0.0008,47,0.001,110,94,0.001,75,0.001,0.001,83,106,92,107,0.001,89,0.001,0.001,0.001,0.001,128,0.001
2456,12.154,26.464,198.19,401.2325,0.0008,47,0.001,0.001,0.001,0.001,0.001,0.001,56,128,0.001,137,0.001,98,0.001,100,102,133,0.001,0.001,0.001
2457,13.881,33.815,250.49,636.3874,0.0015,47,163,0.001,130,0.001,0.001,0.001,0.001,0.001,218,189,54,0.001,0.001,0.001,0.001,0.001,0.001,0.001,0.001
2458,1.489,28.159,217.03,212.0005,0.0001,47,0.001,0.001,0.001,0.001,0.001,0.001,232,0.001,0.001,0.001,270,0.001,252,0.001,0.001,0.001,0.001,0.001,0.001
2459,13.344,31.05,231.48,467.3733,0.0018,47,0.001,0.001,150,0.001,0.001,0.001,74,0.001,0.001,0.001,0.001,0.001,0.001,0.001,0.001,529,0.001,0.001,0.001
2460,10.865,30.944,229.16,612.3105,0.0009,47,0.001,0.001,0.001,0.001,163,0.001,0.001,0.001,0.001,0.001,0.001,120,0.001,131,153,186,0.001,0.001,0.001
2461,0.247,17.836,137.47,219.0309,0.0004,47,0.001,0.001,506,0.001,0.001,246,0.001,0.001,0.001,0.001,0.001,0.001,0.001,0.001,0.001,0.001,0.001,0.001,0.001
2462,11.278,26.461,198.11,419.3158,0.0007,47,0.001,0.001,0.001,0.001,125,0.001,0.001,379,70,178,0.001,0.001,0.001,0.001,0.001,0.001,0.001,0.001,0.001
2463,4.874,23.242,175.03,357.082,0.0005,47,0.001,99,99,0.001,0.001,0.001,0.001,183,0.001,0.001,0.001,119,0.001,177,74,0.001,0.001,0.001,0.001
2464,6.301,33.479,247.41,645.3499,0.0014,47,0.001,0.001,0.001,0.001,0.001,0.001,0.001,0.001,0.001,0.001,0.001,103,95,0.001,0.001,553,0.001,0.001,0.001
2465,13.275,29.134,217.57,421.2025,0.0003,47,0.001,0.001,0.001,0.001,0.001,0.001,0.001,0.001,0.001,0.001,0.001,0.001,0.001,0.001,0.001,750,88,0.001,0.001
2466,11.168,18.323,140.3,245.022,0.0006,47,87,77,0.001,0.001,75,0.001,0.001,0.001,78,0.001,95,90,91,75,81,0.001,0.001,0.001,0.001
2467,6.58,34.002,251.11,698.3027,0.0012,47,112,0.001,0.001,0.001,0.001,0.001,84,189,80,0.001,0.001,0.001,0.001,0.001,0.001,284,0.001,0.001,0.001
2468,15.41,33.582,249.46,533.3437,0.0004,47,0.001,237,0.001,0.001,0.001,0.001,0.001,0.001,0.001,0.001,0.001,238,0.001,0.001,0.001,274,0.001,0.001,0.001
2469,14.025,27.391,204.81,426.2882,0.0018,47,0.001,0.001,133,0.001,0.001,114,0.001,101,54,125,0.001,0.001,0.001,0.001,113,109,0.001,0.001,0.001
2470,14.414,30.127,224.73,451.3783,0.0009,47,0.001,0.001,0.001,0.001,0.001,0.001,54,181,91,202,0.001,0.001,0.001,0.001,0.001,220,0.001,0.001,0.001
2471,0.977,23.014,173.92,322.0593,0.0005,47,96,0.001,0.001,0.001,0.001,0.001,95,89,0.001,0.001,171,143,0.001,153,0.001,0.001,0.001,0.001,0.001
2472,12.502,27.59,206.53,421.3548,0.0016,47,0.001,0.001,97,0.001,0.001,435,74,0.001,0.001,0.001,0.001,0.001,141,0.001,0.001,0.001,0.001,0.001,0.001
2473,11.979,27.375,203.57,543.055,0.0008,47,0.001,67,159,0.001,83,0.001,80,0.001,0.001,55,0.001,154,149,0.001,0.001,0.001,0.001,0.001,0.001
2474,13.48,37.183,274.23,791.3331,0.0027,47,0.001,0.001,260,0.001,0.001,0.001,0.001,0.001,0.001,240,0.001,0.001,246,0.001,0.001,0.001,0.001,0.001,0.001
2475,13.58,31.943,237.69,519.4034,0.0007,47,0.001,0.001,107,0.001,68,0.001,0.001,74,0.001,0.001,87,115,140,154,0.001,0.001,0.001,0.001,0.001
2476,14.999,27.296,205.21,355.3218,0.0007,47,0.001,0.001,0.001,0.001,0.001,0.001,0.001,148,0.001,0.001,0.001,151,139,0.001,0.001,306,0.001,0.001,0.001
2477,13.502,32.577,241.13,643.3167,0.0014,46,0.001,0.001,142,0.001,0.001,122,0.001,121,120,0.001,124,0.001,0.001,0.001,114,0.001,0.001,0.001,0.001
2478,9.929,30.503,226.36,584.2758,0.0003,46,86,0.001,131,0.001,0.001,0.001,73,0.001,0.001,0.001,0.001,205,0.001,134,113,0.001,0.001,0.001,0.001
2479,4.236,27.194,215.84,141.0178,0.0011,46,0.001,89,60,0.001,96,106,81,0.001,83,0.001,114,0.001,61,52,0.001,0.001,0.001,89,0.001
2480,7.22,25.023,188.59,355.2283,0.0007,46,0.001,182,122,0.001,218,0.001,0.001,136,0.001,0.001,0.001,83,0.001,0.001,0.001,0.001,0.001,0.001,0.001
2481,14.082,31.782,235.98,550.3506,0.0016,46,0.001,0.001,0.001,0.001,0.001,0.001,124,0.001,0.001,86,0.001,0.001,160,73,298,0.001,0.001,0.001,0.001
2482,0.823,17.628,136.6,195.0516,0.0003,46,97,0.001,0.001,0.001,0.001,0.001,130,0.001,0.001,0.001,0.001,0.001,0.001,0.001,168,345,0.001,0.001,0.001
2483,15.231,29.237,218.02,465.4305,0.0011,46,0.001,0.001,92,0.001,0.001,0.001,0.001,0.001,0.001,0.001,0.001,112,143,0.001,0.001,393,0.001,0.001,0.001
2484,13.542,25.227,190.23,339.2894,0.0007,46,0.001,83,0.001,0.001,0.001,0.001,140,0.001,0.001,120,111,0.001,138,0.001,147,0.001,0.001,0.001,0.001
2485,13.534,33.86,250.76,613.4448,0.0011,46,0.001,0.001,0.001,0.001,0.001,0.001,0.001,0.001,0.001,365,0.001,0.001,0.001,0.001,374,0.001,0.001,0.001,0.001
2486,6.764,31.578,233.9,611.3082,0.0009,46,0.001,0.001,0.001,0.001,0.001,0.001,0.001,319,0.001,92,0.001,0.001,162,165,0.001,0.001,0.001,0.001,0.001
2487,3.088,29.232,217.03,553.2273,0.0012,46,0.001,0.001,0.001,0.001,0.001,126,0.001,0.001,97,0.001,106,144,140,0.001,124,0.001,0.001,0.001,0.001
2488,15.326,33.578,249.47,532.3473,0.0018,46,0.001,153,0.001,0.001,0.001,0.001,0.001,0.001,54,0.001,99,170,0.001,0.001,115,146,0.001,0.001,0.001
2489,15.282,33.189,246.86,538.5204,0.0009,46,0.001,103,89,0.001,111,151,0.001,0.001,0.001,0.001,0.001,0.001,140,143,0.001,0.001,0.001,0.001,0.001
2490,12.888,25.711,193.47,353.2157,0.0018,46,0.001,127,0.001,0.001,0.001,171,0.001,141,0.001,0.001,0.001,61,0.001,145,0.001,89,0.001,0.001,0.001
2491,1.527,18.602,143.31,211.0825,0.0006,46,0.001,0.001,0.001,0.001,0.001,0.001,185,0.001,0.001,0.001,0.001,0.001,0.001,0.001,324,223,0.001,0.001,0.001
2492,15.036,32.951,245.28,505.3362,0.0009,46,0.001,0.001,0.001,0.001,100,98,192,142,120,80,0.001,0.001,0.001,0.001,0.001,0.001,0.001,0.001,0.001
2493,4.848,25.87,194.39,369.1729,0.0012,46,0.001,0.001,0.001,0.001,0.001,0.001,279,0.001,0.001,307,0.001,0.001,0.001,0.001,146,0.001,0.001,0.001,0.001
2494,5.658,32.685,241.54,654.2766,0.0023,46,0.001,0.001,0.001,0.001,0.001,0.001,0.001,0.001,0.001,85,0.001,0.001,158,156,0.001,330,0.001,0.001,0.001
2495,9.581,24.801,187.25,327.1327,0.0008,46,83,0.001,0.001,0.001,75,129,0.001,138,75,0.001,0.001,0.001,0.001,0.001,102,126,0.001,0.001,0.001
2496,16.264,24.248,183.05,330.2354,0.0004,46,0.001,0.001,120,0.001,0.001,79,0.001,133,115,106,175,0.001,0.001,0.001,0.001,0.001,0.001,0.001,0.001
2497,15.467,36.715,270.94,730.5019,0.0012,45,0.001,0.001,0.001,0.001,0.001,120,0.001,212,0.001,0.001,0.001,214,0.001,181,0.001,0.001,0.001,0.001,0.001
2498,15.689,18.453,141.77,228.9812,0.0006,45,0.001,0.001,215,0.001,0.001,0.001,0.001,0.001,0.001,190,0.001,169,153,0.001,0.001,0.001,0.001,0.001,0.001
2499,12.435,31.724,235.92,524.1667,0.0011,45,107,0.001,0.001,0.001,0.001,57,91,118,94,122,0.001,0.001,0.001,0.001,137,0.001,0.001,0.001,0.001
2500,15.988,33.08,245.59,551.5407,0.0006,45,0.001,0.001,0.001,0.001,0.001,0.001,90,0.001,84,104,0.001,127,0.001,321,0.001,0.001,0.001,0.001,0.001
2501,15.858,34.699,256.5,669.4509,0.0004,45,0.001,0.001,0.001,0.001,0.001,498,0.001,228,0.001,0.001,0.001,0.001,0.001,0.001,0.001,0.001,0.001,0.001,0.001
2502,13.19,32.16,239.17,511.399,0.0016,45,0.001,0.001,114,0.001,0.001,0.001,0.001,0.001,0.001,366,0.001,0.001,0.001,0.001,0.001,245,0.001,0.001,0.001
2503,5.084,31.341,232.35,610.2525,0.0018,45,0.001,98,156,0.001,0.001,0.001,106,0.001,0.001,121,0.001,0.001,0.001,139,105,0.001,0.001,0.001,0.001
2504,9.683,31.374,232.5,609.2401,0.0013,45,0.001,0.001,86,0.001,0.001,84,0.001,167,0.001,100,114,174,0.001,0.001,0.001,0.001,0.001,0.001,0.001
2505,9.541,23.586,178.3,309.206,0.0004,45,0.001,0.001,0.001,0.001,0.001,203,0.001,85,0.001,0.001,0.001,0.001,0.001,0.001,165,272,0.001,0.001,0.001
2506,14.607,27.994,209.46,409.3676,0.0011,45,0.001,0.001,0.001,0.001,0.001,0.001,0.001,167,0.001,201,0.001,0.001,114,75,0.001,167,0.001,0.001,0.001
2507,13.133,26.341,197.92,369.2999,0.0006,45,0.001,0.001,0.001,0.001,0.001,89,163,115,0.001,148,0.001,85,0.001,124,0.001,0.001,0.001,0.001,0.001
2508,14.857,30.291,225.91,479.4821,0.0014,45,0.001,0.001,229,0.001,0.001,0.001,0.001,0.001,303,0.001,0.001,191,0.001,0.001,0.001,0.001,0.001,0.001,0.001
2509,14.774,19.587,150.41,223.0278,0.0006,45,0.001,0.001,0.001,0.001,0.001,129,309,0.001,0.001,0.001,0.001,0.001,0.001,0.001,0.001,284,0.001,0.001,0.001
2510,11.036,21.436,163.8,249.1523,0.0006,45,114,0.001,0.001,0.001,0.001,140,0.001,107,0.001,0.001,0.001,74,0.001,134,0.001,152,0.001,0.001,0.001
2511,12.597,20.466,155.19,307.04,0.0003,45,249,0.001,229,0.001,0.001,0.001,0.001,0.001,0.001,0.001,0.001,0.001,243,0.001,0.001,0.001,0.001,0.001,0.001
2512,14.96,24.82,187.34,323.2943,0.0009,45,0.001,0.001,0.001,0.001,0.001,123,74,0.001,0.001,63,80,0.001,154,0.001,67,159,0.001,0.001,0.001
2513,11.679,18.314,140.23,245.0222,0.0007,45,64,73,0.001,0.001,55,67,75,0.001,0.001,0.001,83,76,74,74,77,0.001,0.001,0.001,0.001
2514,7.544,27.63,206.46,425.1159,0.0011,45,0.001,0.001,0.001,0.001,0.001,0.001,113,142,0.001,126,0.001,0.001,0.001,0.001,0.001,337,0.001,0.001,0.001
2515,1.272,16.542,136.65,93.0345,0.0002,45,0.001,0.001,0.001,0.001,0.001,0.001,0.001,196,0.001,107,0.001,156,0.001,0.001,0.001,259,0.001,0.001,0.001
2516,15.001,19.535,150.2,223.0279,0.0005,45,0.001,0.001,0.001,0.001,0.001,399,318,0.001,0.001,0.001,0.001,0.001,0.001,0.001,0.001,0.001,0.001,0.001,0.001
2517,14.516,25.224,190.42,333.2787,0.0005,45,0.001,115,131,0.001,163,0.001,0.001,0.001,66,0.001,0.001,0.001,0.001,0.001,0.001,241,0.001,0.001,0.001
2518,13.69,28.646,214.01,423.3463,0.0014,45,0.001,0.001,0.001,0.001,0.001,0.001,0.001,218,0.001,416,0.001,0.001,0.001,0.001,0.001,81,0.001,0.001,0.001
2519,14.281,19.881,151.26,276.0527,0.0006,45,103,0.001,0.001,0.001,92,0.001,0.001,0.001,0.001,0.001,0.001,0.001,0.001,68,0.001,451,0.001,0.001,0.001
2520,15.262,32.857,243.64,597.3487,0.0014,45,105,116,0.001,0.001,0.001,76,0.001,105,0.001,0.001,111,0.001,0.001,89,112,0.001,66,0.001,0.001
2521,10.072,27.614,206.7,399.2197,0.0009,45,0.001,0.001,0.001,0.001,0.001,0.001,0.001,137,511,0.001,0.001,0.001,0.001,0.001,0.001,66,0.001,0.001,0.001
2522,8.676,24.748,186.18,353.2312,0.0011,45,100,0.001,0.001,0.001,0.001,0.001,0.001,0.001,0.001,0.001,0.001,0.001,0.001,0.001,0.001,613,0.001,0.001,0.001
2523,16.026,28.392,212.3,423.4187,0.0001,45,0.001,0.001,158,0.001,0.001,0.001,0.001,0.001,0.001,0.001,0.001,0.001,251,0.001,0.001,304,0.001,0.001,0.001
2524,13.567,30.903,230.09,491.372,0.0011,45,0.001,0.001,103,0.001,0.001,0.001,0.001,196,0.001,0.001,75,0.001,92,149,0.001,98,0.001,0.001,0.001
2525,13.468,30.951,229.79,552.3096,0.0015,45,0.001,0.001,0.001,0.001,0.001,131,0.001,175,0.001,138,85,0.001,96,0.001,88,0.001,0.001,0.001,0.001
2526,2.107,16.193,127.3,161.0237,0.0005,45,440,0.001,0.001,0.001,0.001,0.001,0.001,90,0.001,0.001,0.001,0.001,0.001,182,0.001,0.001,0.001,0.001,0.001
2527,1.413,17.702,136.18,218.9955,0.0006,44,121,0.001,0.001,0.001,0.001,0.001,0.001,0.001,0.001,0.001,0.001,0.001,0.001,0.001,0.001,590,0.001,0.001,0.001
2528,15.687,32.187,238.91,569.4025,0.002,44,55,0.001,0.001,0.001,0.001,211,0.001,0.001,0.001,160,188,0.001,0.001,97,0.001,0.001,0.001,0.001,0.001
2529,1.503,22.558,173.91,212.0009,0.0017,44,0.001,0.001,0.001,0.001,0.001,0.001,0.001,0.001,53,0.001,251,0.001,121,0.001,286,0.001,0.001,0.001,0.001
2530,2.539,25.001,187.39,403.0859,0.0008,44,0.001,80,0.001,0.001,0.001,0.001,138,0.001,0.001,162,0.001,129,58,0.001,144,0.001,0.001,0.001,0.001
2531,14.195,32.957,243.45,692.1546,0.0019,44,0.001,56,0.001,0.001,0.001,0.001,0.001,0.001,0.001,164,0.001,153,0.001,154,128,55,0.001,0.001,0.001
2532,12.733,37.009,273.24,673.3571,0.002,44,0.001,0.001,0.001,0.001,0.001,0.001,195,0.001,0.001,0.001,283,0.001,0.001,0.001,0.001,230,0.001,0.001,0.001
2533,15.333,32.905,244.14,579.5358,0.001,44,0.001,0.001,172,0.001,0.001,0.001,0.001,85,0.001,0.001,0.001,240,93,115,0.001,0.001,0.001,0.001,0.001
2534,15.719,36.852,272.49,676.5884,0.0007,44,0.001,86,0.001,0.001,0.001,0.001,0.001,0.001,176,0.001,71,221,0.001,0.001,151,0.001,0.001,0.001,0.001
2535,9.681,31.755,235.16,628.2473,0.0007,44,0.001,72,0.001,0.001,0.001,80,0.001,157,0.001,0.001,85,118,0.001,119,74,0.001,0.001,0.001,0.001
2536,13.617,23.479,179.2,255.2328,0.0006,44,0.001,0.001,0.001,0.001,0.001,0.001,186,0.001,0.001,0.001,0.001,292,0.001,226,0.001,0.001,0.001,0.001,0.001
2537,2.37,18.229,140.41,213.9628,0.0006,44,0.001,0.001,0.001,0.001,0.001,0.001,0.001,0.001,0.001,118,0.001,0.001,130,186,160,110,80,0.001,0.001
2538,0.241,24.348,182.05,433.0132,0.0009,44,68,92,0.001,0.001,0.001,0.001,69,98,92,0.001,0.001,88,0.001,0.001,87,109,0.001,0.001,0.001
2539,3.166,25.175,188.35,439.0695,0.0001,44,241,0.001,0.001,0.001,0.001,0.001,0.001,461,0.001,0.001,0.001,0.001,0.001,0.001,0.001,0.001,0.001,0.001,0.001
2540,13.306,29.934,222.29,529.3161,0.0022,44,0.001,0.001,0.001,0.001,0.001,0.001,0.001,98,100,0.001,0.001,0.001,0.001,100,0.001,404,0.001,0.001,0.001
2541,13.686,34.415,254.98,609.4387,0.002,44,0.001,0.001,117,0.001,85,0.001,71,0.001,0.001,0.001,0.001,98,113,0.001,84,133,0.001,0.001,0.001
2542,12.435,34.971,258.64,697.1685,0.0007,44,0.001,162,0.001,0.001,168,0.001,0.001,0.001,189,0.001,0.001,0.001,0.001,181,0.001,0.001,0.001,0.001,0.001
2543,6.339,32.777,242.36,654.2773,0.0007,44,0.001,0.001,0.001,0.001,145,0.001,0.001,0.001,0.001,0.001,0.001,0.001,0.001,145,0.001,410,0.001,0.001,0.001
2544,13.92,27.643,207.37,395.2613,0.0009,44,0.001,105,0.001,0.001,72,0.001,0.001,92,109,0.001,0.001,107,113,0.001,101,0.001,0.001,0.001,0.001
2545,12.188,20.985,159.05,307.0077,0.0009,44,0.001,0.001,265,0.001,93,0.001,67,0.001,0.001,0.001,0.001,0.001,274,0.001,0.001,0.001,0.001,0.001,0.001
2546,14.116,28.808,218.45,281.2489,0.001,44,0.001,0.001,0.001,0.001,0.001,0.001,0.001,0.001,0.001,0.001,0.001,0.001,0.001,0.001,175,523,0.001,0.001,0.001
2547,3.18,19.714,151.12,232.9935,0.0001,44,112,0.001,0.001,0.001,0.001,0.001,0.001,0.001,0.001,0.001,0.001,0.001,0.001,0.001,0.001,586,0.001,0.001,0.001
2548,13.488,27.768,208.6,385.332,0.001,44,99,0.001,138,0.001,0.001,0.001,0.001,0.001,0.001,259,0.001,202,0.001,0.001,0.001,0.001,0.001,0.001,0.001
2549,14.831,32.904,244.13,551.4676,0.0015,44,0.001,0.001,0.001,0.001,0.001,0.001,0.001,217,0.001,162,0.001,54,113,0.001,0.001,151,0.001,0.001,0.001
2550,13.511,29.369,219.28,479.2885,0.0006,44,0.001,228,140,0.001,215,0.001,0.001,0.001,0.001,0.001,0.001,0.001,0.001,0.001,114,0.001,0.001,0.001,0.001
2551,14.618,32.677,242.21,610.3754,0.002,44,0.001,0.001,112,0.001,77,229,0.001,0.001,56,76,73,74,0.001,0.001,0.001,0.001,0.001,0.001,0.001
2552,13.728,28.872,220.27,255.2328,0.0007,44,67,0.001,0.001,0.001,0.001,0.001,64,0.001,0.001,0.001,0.001,0.001,0.001,0.001,148,418,0.001,0.001,0.001
2553,8.444,22.491,168.8,398.9368,0.0009,44,100,119,0.001,0.001,0.001,0.001,0.001,0.001,0.001,107,0.001,0.001,0.001,370,0.001,0.001,0.001,0.001,0.001
2554,11.099,18.827,150.41,130.0162,0.0006,44,0.001,62,0.001,0.001,0.001,63,66,61,76,82,79,0.001,0.001,70,0.001,137,0.001,66,0.001
2555,15.172,36.421,269.28,707.5457,0.0006,43,0.001,309,154,0.001,0.001,0.001,0.001,0.001,91,141,0.001,0.001,0.001,0.001,0.001,0.001,0.001,0.001,0.001
2556,3.68,23.022,173.59,337.1668,0.0007,43,0.001,0.001,0.001,0.001,0.001,92,0.001,97,0.001,75,90,161,103,0.001,77,0.001,0.001,0.001,0.001
2557,14.723,26.294,195.92,499.0822,0.0004,43,0.001,90,151,0.001,0.001,68,0.001,0.001,0.001,59,0.001,0.001,198,0.001,129,0.001,0.001,0.001,0.001
2558,13.269,28.482,212.29,476.2763,0.0011,43,0.001,0.001,0.001,0.001,0.001,191,0.001,0.001,0.001,239,0.001,138,0.001,0.001,126,0.001,0.001,0.001,0.001
2559,3.71,31.213,231.29,614.2865,0.0011,43,0.001,0.001,113,0.001,0.001,142,0.001,200,0.001,0.001,110,0.001,128,0.001,0.001,0.001,0.001,0.001,0.001
2560,13.968,36.069,266.87,667.4887,0.0019,43,0.001,94,77,0.001,71,0.001,0.001,0.001,0.001,0.001,0.001,0.001,71,0.001,0.001,380,0.001,0.001,0.001
2561,16.175,26.715,200.79,366.3362,0.0006,43,0.001,0.001,0.001,0.001,0.001,195,63,135,88,0.001,89,0.001,0.001,0.001,123,0.001,0.001,0.001,0.001
2562,14.118,26.505,198.69,393.2394,0.0003,43,0.001,104,0.001,0.001,0.001,0.001,0.001,124,0.001,0.001,0.001,143,232,0.001,0.001,89,0.001,0.001,0.001
2563,14.435,23.084,175.93,265.2523,0.0004,43,0.001,107,0.001,0.001,0.001,136,0.001,115,0.001,0.001,92,106,0.001,0.001,135,0.001,0.001,0.001,0.001
2564,15.449,13.069,100.21,249.9733,0.0001,43,345,345,0.001,0.001,0.001,0.001,0.001,0.001,0.001,0.001,0.001,0.001,0.001,0.001,0.001,0.001,0.001,0.001,0.001
2565,11.212,34.28,253.68,648.1661,0.0008,43,0.001,0.001,0.001,0.001,94,91,0.001,115,131,153,0.001,0.001,106,0.001,0.001,0.001,0.001,0.001,0.001
2566,2.025,24.275,195.94,116.9723,0.0004,43,0.001,0.001,92,0.001,105,0.001,0.001,0.001,0.001,133,0.001,107,71,94,86,0.001,0.001,0.001,0.001
2567,14.857,29.307,218.45,468.3311,0.0017,43,0.001,0.001,74,0.001,0.001,0.001,0.001,0.001,0.001,0.001,0.001,0.001,0.001,0.001,0.001,614,0.001,0.001,0.001
2568,2.481,23.895,180.88,315.1333,0.0007,43,0.001,71,154,0.001,82,0.001,0.001,164,0.001,0.001,0.001,0.001,98,119,0.001,0.001,0.001,0.001,0.001
2569,14.755,20.873,158.64,282.993,0.0006,43,0.001,0.001,176,0.001,0.001,149,0.001,0.001,0.001,115,0.001,0.001,114,0.001,133,0.001,0.001,0.001,0.001
2570,5.57,27.89,207.82,481.2443,0.0009,43,0.001,0.001,0.001,0.001,0.001,116,0.001,249,0.001,90,0.001,140,0.001,0.001,92,0.001,0.001,0.001,0.001
2571,11.603,23.489,178.14,298.2452,0.0003,43,0.001,0.001,145,0.001,133,0.001,0.001,79,0.001,0.001,99,97,0.001,133,0.001,0.001,0.001,0.001,0.001
2572,11.341,23.504,176.32,387.0331,0.0016,43,0.001,0.001,144,0.001,0.001,0.001,0.001,0.001,0.001,93,0.001,84,105,111,0.001,148,0.001,0.001,0.001
2573,15.492,19.601,150.52,223.0274,0.0005,43,0.001,0.001,0.001,0.001,0.001,288,122,0.001,0.001,0.001,0.001,0.001,0.001,0.001,0.001,275,0.001,0.001,0.001
2574,12.677,26.868,201.18,415.2478,0.0009,43,115,0.001,0.001,0.001,0.001,0.001,143,0.001,104,153,69,0.001,100,0.001,0.001,0.001,0.001,0.001,0.001
2575,7.497,28.373,213.49,367.1571,0.0008,43,0.001,124,0.001,0.001,191,0.001,255,0.001,0.001,0.001,0.001,0.001,0.001,0.001,113,0.001,0.001,0.001,0.001
2576,13.519,31.915,236.4,619.2223,0.001,43,105,0.001,94,0.001,0.001,0.001,113,0.001,0.001,0.001,146,0.001,126,0.001,0.001,99,0.001,0.001,0.001
2577,13.664,35.064,258.94,667.2907,0.0009,43,0.001,0.001,0.001,0.001,0.001,0.001,0.001,0.001,0.001,0.001,216,257,0.001,0.001,0.001,209,0.001,0.001,0.001
2578,12.1,21.608,162.74,359.0325,0.0007,43,94,0.001,93,0.001,103,0.001,0.001,0.001,0.001,0.001,100,105,0.001,109,77,0.001,0.001,0.001,0.001
2579,15.141,34.578,255.61,665.4142,0.002,43,0.001,123,0.001,0.001,0.001,0.001,0.001,0.001,0.001,123,0.001,193,168,0.001,0.001,74,0.001,0.001,0.001
2580,14.688,28.756,214.48,477.2948,0.0015,43,0.001,0.001,83,0.001,71,0.001,108,0.001,124,92,0.001,113,0.001,0.001,89,0.001,0.001,0.001,0.001
2581,0.463,21.511,177.95,92.9281,0.0004,43,123,101,0.001,0.001,0.001,101,0.001,60,90,0.001,85,0.001,120,0.001,0.001,0.001,0.001,0.001,0.001
2582,14.663,34.089,258.39,283.2632,0.0002,43,0.001,0.001,0.001,0.001,0.001,0.001,0.001,0.001,0.001,0.001,0.001,78,0.001,0.001,0.001,602,0.001,0.001,0.001
2583,9.439,26.718,200.44,391.2829,0.001,42,129,0.001,0.001,0.001,267,0.001,0.001,0.001,0.001,0.001,0.001,0.001,0.001,0.001,186,96,0.001,0.001,0.001
2584,13.47,35.511,262.14,718.3189,0.0024,42,0.001,0.001,0.001,0.001,0.001,81,114,0.001,60,0.001,150,0.001,157,0.001,115,0.001,0.001,0.001,0.001
2585,2.702,15.642,124.52,134.0606,0.0003,42,0.001,0.001,0.001,0.001,0.001,0.001,0.001,137,0.001,146,0.001,0.001,0.001,0.001,0.001,394,0.001,0.001,0.001
2586,14.621,28.787,215.49,409.368,0.0009,42,0.001,71,0.001,0.001,0.001,0.001,0.001,177,0.001,233,0.001,0.001,0.001,0.001,0.001,195,0.001,0.001,0.001
2587,12.441,32.171,238.61,604.1409,0.0013,42,108,0.001,78,0.001,96,0.001,0.001,0.001,0.001,103,82,0.001,98,0.001,111,0.001,0.001,0.001,0.001
2588,13.137,29.794,221.78,524.3241,0.0027,42,66,101,0.001,0.001,127,0.001,0.001,59,156,167,0.001,0.001,0.001,0.001,0.001,0.001,0.001,0.001,0.001
2589,16.428,36.886,272.07,749.5181,0.0043,42,0.001,0.001,0.001,0.001,0.001,66,0.001,0.001,0.001,609,0.001,0.001,0.001,0.001,0.001,0.001,0.001,0.001,0.001
2590,1.285,16.933,134.51,139.0756,0.0006,42,0.001,0.001,0.001,0.001,70,66,0.001,0.001,0.001,0.001,0.001,76,0.001,0.001,83,379,0.001,52,0.001
2591,8.252,30.354,226.44,471.2415,0.0008,42,0.001,243,0.001,0.001,0.001,0.001,109,141,0.001,0.001,0.001,0.001,0.001,181,0.001,0.001,0.001,0.001,0.001
2592,5.351,26.935,202.41,379.1936,0.0004,42,81,0.001,0.001,0.001,119,0.001,0.001,0.001,123,214,0.001,0.001,0.001,137,0.001,0.001,0.001,0.001,0.001
2593,4.939,31.336,232.2,611.2495,0.001,42,0.001,117,0.001,0.001,0.001,92,102,0.001,0.001,0.001,97,153,0.001,112,0.001,0.001,0.001,0.001,0.001
2594,1.498,30.895,238.4,212.0012,0.0008,42,0.001,105,104,0.001,72,0.001,0.001,121,141,0.001,0.001,0.001,130,0.001,0.001,0.001,0.001,0.001,0.001
2595,9.93,31.926,236.53,628.2852,0.0007,42,0.001,99,103,0.001,0.001,0.001,0.001,165,54,0.001,115,0.001,0.001,137,0.001,0.001,0.001,0.001,0.001
2596,15.657,29.159,217.83,453.4309,0.0007,42,0.001,0.001,123,0.001,97,94,0.001,0.001,0.001,91,0.001,0.001,161,0.001,107,0.001,0.001,0.001,0.001
2597,16.375,38.521,283.74,808.5116,0.0015,42,0.001,0.001,0.001,0.001,0.001,0.001,0.001,293,188,0.001,64,0.001,0.001,127,0.001,0.001,0.001,0.001,0.001
2598,14.588,28.49,216.09,283.265,0.0025,42,0.001,0.001,0.001,0.001,0.001,67,106,0.001,0.001,0.001,0.001,0.001,0.001,0.001,0.001,499,0.001,0.001,0.001
2599,15.45,30.489,226.67,509.3841,0.0014,42,0.001,0.001,0.001,0.001,0.001,119,0.001,0.001,131,0.001,0.001,103,0.001,0.001,92,227,0.001,0.001,0.001
2600,12.188,25.92,194.58,389.0314,0.0007,42,0.001,0.001,444,0.001,0.001,0.001,0.001,0.001,0.001,122,106,0.001,0.001,0.001,0.001,0.001,0.001,0.001,0.001
2601,13.614,26.81,200.69,413.2689,0.001,42,0.001,0.001,0.001,0.001,0.001,180,0.001,0.001,0.001,148,0.001,109,133,0.001,102,0.001,0.001,0.001,0.001
2602,14.322,27.515,205.64,444.2827,0.0007,42,0.001,0.001,192,0.001,0.001,0.001,0.001,0.001,0.001,0.001,136,151,192,0.001,0.001,0.001,0.001,0.001,0.001
2603,14.999,30.224,223.61,641.0888,0.0018,42,0.001,0.001,113,0.001,0.001,0.001,0.001,0.001,0.001,0.001,0.001,103,194,0.001,0.001,261,0.001,0.001,0.001
2604,13.697,34.618,256.46,625.4844,0.0013,42,76,0.001,149,0.001,122,0.001,73,88,0.001,0.001,0.001,0.001,0.001,0.001,0.001,163,0.001,0.001,0.001
2605,5.674,28.652,227.39,141.0147,0.0006,42,0.001,0.001,75,0.001,108,85,0.001,0.001,0.001,104,63,0.001,103,0.001,131,0.001,0.001,0.001,0.001
2606,15.614,30.154,223.36,641.0893,0.0008,42,0.001,75,130,0.001,0.001,0.001,0.001,0.001,0.001,131,0.001,0.001,179,0.001,152,0.001,0.001,0.001,0.001
2607,13.2,28.876,215.5,462.2854,0.0004,42,0.001,92,0.001,0.001,0.001,0.001,85,103,0.001,142,114,0.001,0.001,0.001,131,0.001,0.001,0.001,0.001
2608,7.407,24.517,185.12,329.2319,0.0008,42,0.001,0.001,185,0.001,0.001,146,0.001,0.001,94,107,133,0.001,0.001,0.001,0.001,0.001,0.001,0.001,0.001
2609,6.165,30.731,228.09,585.2718,0.0024,42,0.001,0.001,88,0.001,61,0.001,0.001,211,0.001,0.001,0.001,178,0.001,127,0.001,0.001,0.001,0.001,0.001
2610,12.838,22.806,173.26,285.1331,0.0005,42,110,0.001,0.001,0.001,0.001,139,0.001,77,0.001,193,0.001,146,0.001,0.001,0.001,0.001,0.001,0.001,0.001
2611,12.193,22.092,165.73,401.0459,0.001,42,96,0.001,68,0.001,92,95,0.001,0.001,0.001,0.001,73,90,75,0.001,76,0.001,0.001,0.001,0.001
2612,12.182,17.117,131.9,220.0238,0.0005,42,0.001,0.001,0.001,0.001,488,0.001,0.001,0.001,0.001,0.001,0.001,0.001,0.001,0.001,176,0.001,0.001,0.001,0.001
2613,13.616,24.962,190.61,255.233,0.0009,42,0.001,0.001,0.001,0.001,126,0.001,78,0.001,133,0.001,0.001,0.001,174,0.001,153,0.001,0.001,0.001,0.001
2614,12.879,31.152,231.97,489.3577,0.0012,41,0.001,0.001,75,0.001,0.001,0.001,0.001,184,0.001,128,0.001,0.001,72,59,0.001,145,0.001,0.001,0.001
2615,14.411,18.628,141.88,265.0286,0.0004,41,0.001,0.001,126,0.001,0.001,0.001,0.001,0.001,0.001,0.001,0.001,0.001,0.001,0.001,0.001,537,0.001,0.001,0.001
2616,15.568,36.289,267.74,713.4754,0.0029,41,0.001,0.001,0.001,0.001,0.001,205,0.001,209,91,0.001,0.001,0.001,0.001,0.001,94,64,0.001,0.001,0.001
2617,11.651,18.578,141.61,264.0322,0.0003,41,0.001,0.001,0.001,0.001,0.001,0.001,0.001,0.001,213,237,0.001,0.001,212,0.001,0.001,0.001,0.001,0.001,0.001
2618,11.246,26.951,201.73,411.2336,0.0015,41,0.001,136,0.001,0.001,0.001,76,0.001,0.001,0.001,0.001,0.001,90,0.001,0.001,0.001,360,0.001,0.001,0.001
2619,13.485,31.186,231.28,598.2933,0.0019,41,61,0.001,0.001,0.001,85,0.001,119,0.001,89,0.001,0.001,0.001,96,102,110,0.001,0.001,0.001,0.001
2620,2.475,26.55,198.26,465.1738,0.001,41,61,78,0.001,0.001,72,102,0.001,150,0.001,0.001,0.001,96,0.001,103,0.001,0.001,0.001,0.001,0.001
2621,15.321,29.933,223.03,454.3137,0.0004,41,0.001,0.001,0.001,0.001,0.001,0.001,0.001,0.001,0.001,0.001,0.001,81,0.001,0.001,0.001,581,0.001,0.001,0.001
2622,9.603,29.2,216.76,541.2096,0.0015,41,0.001,0.001,0.001,0.001,0.001,0.001,0.001,200,0.001,134,0.001,0.001,115,0.001,93,120,0.001,0.001,0.001
2623,7.851,23.677,179.19,311.2213,0.0003,41,0.001,95,0.001,0.001,103,0.001,0.001,0.001,0.001,0.001,0.001,0.001,0.001,0.001,0.001,463,0.001,0.001,0.001
2624,13.715,30.299,225.01,546.2807,0.0013,41,0.001,0.001,0.001,0.001,0.001,0.001,0.001,135,0.001,76,0.001,174,67,103,106,0.001,0.001,0.001,0.001
2625,12.497,16.476,130.13,149.009,0.0004,41,174,0.001,0.001,0.001,0.001,0.001,0.001,0.001,0.001,0.001,0.001,144,0.001,165,0.001,176,0.001,0.001,0.001
2626,15.334,13.075,100.06,249.9716,0.0008,41,0.001,224,0.001,0.001,0.001,0.001,0.001,0.001,128,0.001,0.001,159,148,0.001,0.001,0.001,0.001,0.001,0.001
2627,14.644,28.219,211.66,403.3184,0.0012,41,0.001,0.001,175,0.001,143,0.001,0.001,94,0.001,0.001,0.001,0.001,246,0.001,0.001,0.001,0.001,0.001,0.001
2628,12.799,28.015,209.39,433.214,0.0012,41,0.001,0.001,0.001,0.001,0.001,128,62,0.001,0.001,100,0.001,201,0.001,167,0.001,0.001,0.001,0.001,0.001
2629,14.431,33.801,255.12,329.0457,0.0012,41,55,0.001,71,0.001,0.001,0.001,0.001,0.001,0.001,0.001,0.001,0.001,0.001,0.001,124,405,0.001,0.001,0.001
2630,2.481,34.608,268.71,187.0058,0.0009,41,0.001,114,0.001,0.001,0.001,0.001,0.001,0.001,162,0.001,0.001,0.001,0.001,0.001,119,260,0.001,0.001,0.001
2631,13.504,37.912,279.54,807.3688,0.003,41,68,67,0.001,0.001,63,65,108,0.001,0.001,103,93,87,0.001,0.001,0.001,0.001,0.001,0.001,0.001
2632,4.935,28.868,214.65,521.2412,0.0012,41,0.001,0.001,0.001,0.001,0.001,0.001,0.001,182,0.001,0.001,112,136,0.001,120,104,0.001,0.001,0.001,0.001
2633,10.984,21.609,162.69,359.0322,0.0005,41,85,0.001,83,0.001,0.001,0.001,0.001,102,0.001,112,0.001,88,89,0.001,94,0.001,0.001,0.001,0.001
2634,14.117,19.844,150.98,276.0528,0.0007,41,99,0.001,0.001,0.001,131,0.001,0.001,0.001,0.001,0.001,0.001,0.001,132,0.001,0.001,291,0.001,0.001,0.001
2635,14.315,30.873,230.38,461.325,0.0014,41,0.001,77,0.001,0.001,0.001,59,0.001,83,87,0.001,77,94,175,0.001,0.001,0.001,0.001,0.001,0.001
2636,12.119,22.108,165.79,402.0441,0.0005,41,0.001,0.001,64,0.001,82,106,0.001,88,79,75,0.001,82,0.001,76,0.001,0.001,0.001,0.001,0.001
2637,1.596,26.232,195.94,451.1348,0.0008,41,0.001,0.001,0.001,0.001,189,0.001,0.001,159,88,0.001,0.001,0.001,120,96,0.001,0.001,0.001,0.001,0.001
2638,12.486,17.555,136.71,183.0111,0.0006,41,0.001,58,0.001,0.001,0.001,127,0.001,0.001,0.001,0.001,90,103,274,0.001,0.001,0.001,0.001,0.001,0.001
2639,14.644,28.306,212.28,405.3337,0.0004,41,100,0.001,177,0.001,0.001,0.001,0.001,0.001,0.001,0.001,0.001,0.001,236,0.001,138,0.001,0.001,0.001,0.001
2640,6.494,32.73,242.39,629.3552,0.001,41,0.001,0.001,0.001,0.001,86,0.001,0.001,196,0.001,0.001,0.001,146,134,0.001,89,0.001,0.001,0.001,0.001
2641,13.502,30.003,223.01,544.2674,0.002,41,0.001,94,73,0.001,54,0.001,0.001,184,0.001,0.001,83,0.001,0.001,0.001,0.001,163,0.001,0.001,0.001
2642,0.61,21.935,166.39,284.1231,0.001,41,0.001,0.001,0.001,0.001,0.001,0.001,0.001,194,0.001,0.001,126,0.001,0.001,0.001,0.001,331,0.001,0.001,0.001
2643,13.869,19.838,151.01,276.0517,0.0007,41,129,69,113,0.001,0.001,0.001,0.001,113,0.001,0.001,0.001,0.001,0.001,0.001,0.001,226,0.001,0.001,0.001
2644,13.801,30.765,229.37,477.3211,0.001,41,0.001,0.001,147,0.001,0.001,99,80,0.001,0.001,83,0.001,79,162,0.001,0.001,0.001,0.001,0.001,0.001
2645,1.269,18.343,142.94,178.0506,0.0003,41,84,0.001,0.001,0.001,0.001,0.001,0.001,0.001,0.001,0.001,0.001,0.001,0.001,0.001,0.001,566,0.001,0.001,0.001
2646,12.836,28.089,209.85,455.2678,0.0012,41,142,189,0.001,0.001,0.001,0.001,0.001,72,0.001,166,0.001,0.001,80,0.001,0.001,0.001,0.001,0.001,0.001
2647,10.431,23.982,181.19,313.2369,0.0006,41,0.001,0.001,0.001,0.001,0.001,242,0.001,0.001,0.001,0.001,0.001,80,0.001,0.001,140,187,0.001,0.001,0.001
2648,12.824,27.78,208.86,369.3007,0.0017,41,0.001,132,0.001,0.001,0.001,116,0.001,0.001,0.001,224,0.001,0.001,0.001,177,0.001,0.001,0.001,0.001,0.001
2649,13.556,35.516,262.4,735.4048,0.0017,41,0.001,152,0.001,0.001,119,0.001,0.001,125,0.001,0.001,0.001,0.001,252,0.001,0.001,0.001,0.001,0.001,0.001
2650,14.708,32.865,243.83,573.4512,0.0015,40,92,0.001,0.001,0.001,74,0.001,98,64,0.001,0.001,84,119,0.001,0.001,0.001,116,0.001,0.001,0.001
2651,13.435,31.626,234.85,589.2478,0.0006,40,0.001,227,218,0.001,0.001,0.001,0.001,0.001,0.001,0.001,0.001,0.001,0.001,202,0.001,0.001,0.001,0.001,0.001
2652,9.16,19.128,149.35,171.1379,0.001,40,0.001,0.001,0.001,0.001,0.001,125,0.001,0.001,88,0.001,0.001,0.001,0.001,0.001,0.001,434,0.001,0.001,0.001
2653,12.089,21.547,162.22,359.0325,0.0005,40,110,0.001,99,0.001,0.001,0.001,94,0.001,113,0.001,0.001,0.001,125,106,0.001,0.001,0.001,108,0.001
2654,13.605,36.3,268.1,713.3166,0.0021,40,82,0.001,0.001,0.001,115,0.001,0.001,0.001,0.001,183,0.001,0.001,0.001,156,0.001,110,0.001,0.001,0.001
2655,8.749,19.438,145.99,380.9745,0.001,40,113,88,0.001,0.001,0.001,0.001,0.001,95,108,0.001,0.001,0.001,0.001,0.001,0.001,242,0.001,0.001,114
2656,2.791,28.372,210.79,527.1749,0.0019,40,0.001,0.001,0.001,0.001,0.001,160,98,0.001,70,93,0.001,0.001,93,0.001,0.001,132,0.001,0.001,0.001
2657,12.496,25.022,188.92,325.2967,0.0022,40,0.001,0.001,0.001,0.001,0.001,0.001,0.001,85,0.001,0.001,0.001,69,0.001,69,423,0.001,0.001,0.001,0.001
2658,15.71,13.06,100.14,249.9738,0.0003,40,429,217,0.001,0.001,0.001,0.001,0.001,0.001,0.001,0.001,0.001,0.001,0.001,0.001,0.001,0.001,0.001,0.001,0.001
2659,13.43,31.654,234.81,588.252,0.0014,40,0.001,144,0.001,0.001,0.001,129,0.001,0.001,0.001,180,0.001,192,0.001,0.001,0.001,0.001,0.001,0.001,0.001
2660,15.599,36.287,267.8,728.4869,0.0016,40,0.001,0.001,0.001,0.001,0.001,199,0.001,0.001,140,166,52,88,0.001,0.001,0.001,0.001,0.001,0.001,0.001
2661,13.571,26.545,197.94,452.1993,0.0024,40,0.001,0.001,0.001,0.001,0.001,0.001,0.001,0.001,0.001,159,0.001,178,0.001,0.001,0.001,307,0.001,0.001,0.001
2662,15.026,29.168,217.72,452.3746,0.001,40,0.001,0.001,0.001,0.001,0.001,550,94,0.001,0.001,0.001,0.001,0.001,0.001,0.001,0.001,0.001,0.001,0.001,0.001
2663,14.048,31.798,236.26,517.3873,0.0016,40,0.001,0.001,0.001,0.001,0.001,0.001,0.001,157,0.001,250,0.001,0.001,67,0.001,0.001,170,0.001,0.001,0.001
2664,12.592,37.902,279.64,750.1719,0.0029,40,106,0.001,53,0.001,0.001,0.001,0.001,118,0.001,133,64,0.001,0.001,0.001,0.001,170,0.001,0.001,0.001
2665,13.378,29.492,219.38,491.2897,0.0036,40,0.001,0.001,0.001,0.001,0.001,0.001,52,0.001,0.001,0.001,0.001,0.001,0.001,110,0.001,482,0.001,0.001,0.001
2666,13.47,27.259,203.13,487.1122,0.0013,40,0.001,67,124,0.001,0.001,0.001,0.001,0.001,0.001,144,0.001,0.001,148,0.001,0.001,161,0.001,0.001,0.001
2667,5.823,31.443,232.92,609.2558,0.0016,40,0.001,0.001,0.001,0.001,0.001,0.001,0.001,130,0.001,71,0.001,144,112,89,97,0.001,0.001,0.001,0.001
2668,13.197,26.077,196.91,327.29,0.0009,40,0.001,0.001,89,0.001,0.001,0.001,144,0.001,0.001,119,90,0.001,90,0.001,110,0.001,0.001,0.001,0.001
2669,11.889,25.168,189.54,343.2265,0.0007,40,0.001,0.001,0.001,0.001,83,0.001,0.001,0.001,0.001,0.001,0.001,0.001,0.001,0.001,0.001,559,0.001,0.001,0.001
2670,15.469,28.948,215.75,477.3321,0.0007,40,0.001,0.001,0.001,0.001,0.001,0.001,114,125,0.001,0.001,0.001,197,0.001,0.001,206,0.001,0.001,0.001,0.001
2671,13.283,22.849,171.96,355.0414,0.0012,40,0.001,0.001,0.001,0.001,0.001,0.001,0.001,55,0.001,132,0.001,141,209,105,0.001,0.001,0.001,0.001,0.001
2672,14.643,31.127,231.27,554.3902,0.0011,40,0.001,80,126,0.001,0.001,0.001,0.001,61,0.001,0.001,93,0.001,180,0.001,102,0.001,0.001,0.001,0.001
2673,15.496,27.736,207.75,409.3496,0.0011,40,0.001,0.001,87,0.001,0.001,117,0.001,0.001,0.001,61,140,0.001,0.001,101,135,0.001,102,0.001,0.001
2674,13.491,34.094,251.9,671.2738,0.002,40,0.001,0.001,0.001,0.001,0.001,0.001,115,65,65,0.001,125,113,104,0.001,0.001,54,0.001,0.001,0.001
2675,2.47,19.099,148.15,187.0033,0.0008,40,0.001,0.001,0.001,0.001,0.001,0.001,0.001,0.001,0.001,0.001,0.001,0.001,0.001,0.001,98,542,0.001,0.001,0.001
2676,4.731,25.258,189.39,393.1917,0.0014,40,0.001,0.001,0.001,0.001,0.001,134,0.001,209,0.001,0.001,0.001,131,0.001,111,55,0.001,0.001,0.001,0.001
2677,7.01,34.033,251.55,699.3408,0.0013,40,0.001,69,85,0.001,0.001,0.001,85,0.001,74,84,0.001,128,0.001,114,0.001,0.001,0.001,0.001,0.001
2678,11.362,28.145,209.76,473.286,0.0013,40,0.001,0.001,0.001,0.001,446,0.001,0.001,63,0.001,0.001,0.001,0.001,0.001,0.001,0.001,129,0.001,0.001,0.001
2679,13.202,30.691,227.59,581.3091,0.0015,40,0.001,0.001,0.001,0.001,0.001,134,0.001,0.001,0.001,149,0.001,0.001,87,147,121,0.001,0.001,0.001,0.001
2680,5.353,27.404,204.52,453.2503,0.0009,40,0.001,0.001,89,0.001,0.001,141,0.001,0.001,0.001,0.001,0.001,121,0.001,0.001,0.001,287,0.001,0.001,0.001
2681,13.836,30.058,223.64,507.3167,0.0034,40,0.001,0.001,0.001,0.001,0.001,0.001,0.001,202,206,135,0.001,0.001,0.001,95,0.001,0.001,0.001,0.001,0.001
2682,12.861,32.125,239.16,511.3995,0.0032,40,0.001,0.001,96,0.001,0.001,0.001,0.001,0.001,0.001,405,0.001,136,0.001,0.001,0.001,0.001,0.001,0.001,0.001
2683,15.248,36.585,269.88,744.4824,0.0001,40,0.001,0.001,0.001,0.001,0.001,321,112,0.001,0.001,0.001,0.001,0.001,0.001,0.001,204,0.001,0.001,0.001,0.001
2684,14.942,34.923,258.14,671.4662,0.001,40,0.001,0.001,0.001,0.001,0.001,54,0.001,0.001,0.001,62,0.001,260,261,0.001,0.001,0.001,0.001,0.001,0.001
2685,15.281,33.487,248.62,550.5218,0.0005,40,0.001,0.001,0.001,0.001,0.001,381,154,0.001,100,0.001,0.001,0.001,0.001,0.001,0.001,0.001,0.001,0.001,0.001
2686,15.195,32.121,238.52,545.2796,0.0021,40,0.001,0.001,83,0.001,0.001,0.001,0.001,97,93,66,0.001,0.001,0.001,0.001,127,169,0.001,0.001,0.001
2687,13.624,28.471,212.39,469.3305,0.0014,40,0.001,0.001,89,0.001,0.001,83,0.001,0.001,132,0.001,0.001,105,102,0.001,124,0.001,0.001,0.001,0.001
2688,9.546,29.122,216.53,522.203,0.001,40,0.001,0.001,0.001,0.001,0.001,0.001,0.001,162,0.001,142,0.001,101,0.001,100,129,0.001,0.001,0.001,0.001
2689,13.989,19.089,145.71,247.042,0.0007,40,0.001,0.001,0.001,0.001,0.001,0.001,0.001,0.001,0.001,0.001,0.001,0.001,99,0.001,0.001,534,0.001,0.001,0.001
2690,10.226,23.222,174.32,387.0331,0.0006,40,0.001,0.001,241,0.001,0.001,0.001,0.001,0.001,139,121,131,0.001,0.001,0.001,0.001,0.001,0.001,0.001,64
2691,13.189,29.414,219.5,439.3426,0.0009,40,0.001,0.001,0.001,0.001,0.001,0.001,0.001,376,0.001,137,0.001,0.001,0.001,0.001,0.001,119,0.001,0.001,0.001
2692,13.313,23.198,176.08,285.2413,0.0008,40,0.001,0.001,90,0.001,0.001,0.001,0.001,0.001,0.001,0.001,0.001,0.001,0.001,0.001,70,472,0.001,0.001,0.001
2693,12.318,23.333,177.09,293.2835,0.001,40,0.001,81,0.001,0.001,110,0.001,0.001,0.001,0.001,0.001,76,127,0.001,119,119,0.001,0.001,0.001,0.001
2694,11.962,19.807,150.9,276.0525,0.0005,39,92,108,88,0.001,94,0.001,0.001,0.001,0.001,151,98,0.001,0.001,0.001,0.001,0.001,0.001,0.001,0.001
2695,13.945,31.993,237.59,511.3992,0.003,39,0.001,0.001,0.001,0.001,0.001,0.001,0.001,0.001,0.001,150,0.001,0.001,0.001,0.001,0.001,478,0.001,0.001,0.001
2696,13.6,23.663,179.3,297.2427,0.0003,39,0.001,0.001,122,0.001,0.001,147,0.001,143,0.001,0.001,0.001,0.001,0.001,0.001,0.001,216,0.001,0.001,0.001
2697,2.4,28.405,220.82,187.0051,0.0004,39,111,0.001,0.001,0.001,0.001,0.001,0.001,0.001,231,0.001,286,0.001,0.001,0.001,0.001,0.001,0.001,0.001,0.001
2698,14.678,22.723,170.95,367.0271,0.0002,39,0.001,0.001,196,0.001,0.001,0.001,0.001,0.001,0.001,140,0.001,0.001,292,0.001,0.001,0.001,0.001,0.001,0.001
2699,9.924,17.328,134.93,183.0104,0.0008,39,93,0.001,0.001,0.001,0.001,0.001,0.001,83,92,84,0.001,127,148,0.001,0.001,0.001,0.001,0.001,0.001
2700,15.806,27.048,202.77,405.2848,0.0008,39,85,90,63,0.001,91,0.001,0.001,0.001,0.001,0.001,64,60,0.001,0.001,90,84,0.001,0.001,0.001
2701,12.438,32.034,237.5,602.1608,0.001,39,144,0.001,0.001,0.001,0.001,0.001,0.001,0.001,0.001,139,0.001,0.001,174,0.001,170,0.001,0.001,0.001,0.001
2702,16.183,27.95,209.37,407.3889,0.0008,39,0.001,0.001,88,0.001,0.001,76,0.001,0.001,0.001,68,73,96,100,56,70,0.001,0.001,0.001,0.001
2703,15.767,31.755,236.09,549.524,0.0008,39,0.001,0.001,134,0.001,76,0.001,0.001,0.001,0.001,0.001,0.001,255,0.001,161,0.001,0.001,0.001,0.001,0.001
2704,15.723,38.394,283.12,798.5302,0.0019,39,0.001,53,0.001,0.001,0.001,381,0.001,0.001,0.001,190,0.001,0.001,0.001,0.001,0.001,0.001,0.001,0.001,0.001
2705,0.388,19.987,153.2,228.0834,0.002,39,0.001,0.001,0.001,0.001,0.001,0.001,0.001,0.001,0.001,0.001,0.001,0.001,83,0.001,0.001,541,0.001,0.001,0.001
2706,14.19,30.214,223.97,627.1101,0.001,39,0.001,0.001,180,0.001,68,0.001,0.001,0.001,0.001,0.001,0.001,0.001,227,0.001,148,0.001,0.001,0.001,0.001
2707,15.689,22.704,170.88,367.0254,0.0013,39,63,64,148,0.001,0.001,0.001,0.001,0.001,0.001,87,0.001,127,134,0.001,0.001,0.001,0.001,0.001,0.001
2708,0.545,25.054,207.15,92.9279,0.0006,39,0.001,0.001,0.001,0.001,61,105,132,101,0.001,0.001,0.001,0.001,127,97,0.001,0.001,0.001,0.001,0.001
2709,10.13,35.635,263.01,760.3444,0.0018,39,0.001,80,95,0.001,0.001,0.001,82,0.001,0.001,105,0.001,0.001,137,123,0.001,0.001,0.001,0.001,0.001
2710,15.223,28.902,215.71,464.3121,0.0011,39,0.001,77,0.001,0.001,72,78,0.001,75,61,76,0.001,108,0.001,0.001,75,0.001,0.001,0.001,0.001
2711,15.173,18.47,141.93,228.9801,0.0005,39,0.001,58,143,0.001,0.001,0.001,0.001,0.001,0.001,0.001,105,88,106,0.001,121,0.001,0.001,0.001,0.001
2712,13.276,30.411,226.13,528.3101,0.0029,39,0.001,0.001,0.001,0.001,67,83,0.001,74,0.001,191,0.001,116,90,0.001,0.001,0.001,0.001,0.001,0.001
2713,0.151,24.411,193.87,141.0154,0.0002,39,0.001,314,0.001,0.001,0.001,0.001,0.001,0.001,0.001,0.001,307,0.001,0.001,0.001,0.001,0.001,0.001,0.001,0.001
2714,15.472,27.452,202.5,757.9155,0.0009,39,0.001,0.001,0.001,0.001,0.001,0.001,0.001,128,127,0.001,0.001,152,0.001,100,114,0.001,0.001,0.001,0.001
2715,0.257,29.508,218.31,643.0996,0.003,39,0.001,0.001,0.001,0.001,112,117,0.001,0.001,0.001,152,0.001,0.001,0.001,0.001,103,137,0.001,0.001,0.001
2716,12.205,24.551,185.65,323.2571,0.0009,39,116,102,0.001,0.001,126,0.001,68,95,0.001,0.001,0.001,114,0.001,0.001,0.001,0.001,0.001,0.001,0.001
2717,13.612,30.959,230.26,493.3884,0.001,39,0.001,0.001,0.001,0.001,0.001,0.001,0.001,76,0.001,317,0.001,0.001,0.001,0.001,0.001,227,0.001,0.001,0.001
2718,5.707,30.838,228.69,587.2682,0.0009,39,64,0.001,92,0.001,0.001,0.001,0.001,0.001,0.001,0.001,0.001,127,101,90,77,69,0.001,0.001,0.001
2719,13.502,37.968,279.96,809.3661,0.0023,39,0.001,144,0.001,0.001,109,0.001,0.001,0.001,0.001,121,131,0.001,0.001,114,0.001,0.001,0.001,0.001,0.001
2720,5.956,31.489,233.25,610.3112,0.0008,39,0.001,0.001,0.001,0.001,0.001,136,77,254,0.001,0.001,0.001,0.001,152,0.001,0.001,0.001,0.001,0.001,0.001
2721,5.177,26.626,198.97,437.217,0.0014,39,0.001,0.001,0.001,0.001,0.001,0.001,0.001,277,0.001,89,0.001,103,150,0.001,0.001,0.001,0.001,0.001,0.001
2722,13.016,30.868,229.77,515.3721,0.0037,39,0.001,0.001,74,0.001,0.001,0.001,0.001,266,0.001,279,0.001,0.001,0.001,0.001,0.001,0.001,0.001,0.001,0.001
2723,15.442,21.298,160.9,329.0456,0.0001,39,0.001,174,0.001,0.001,0.001,0.001,0.001,0.001,0.001,0.001,0.001,0.001,213,0.001,231,0.001,0.001,0.001,0.001
2724,4.936,28.2,210.03,499.2352,0.0014,39,0.001,0.001,100,0.001,0.001,126,0.001,210,0.001,60,0.001,0.001,122,0.001,0.001,0.001,0.001,0.001,0.001
2725,14.184,17.799,136.61,232.9562,0.0003,39,0.001,0.001,0.001,0.001,98,0.001,85,90,0.001,91,0.001,0.001,253,0.001,0.001,0.001,0.001,0.001,0.001
2726,7.929,19.615,151.82,195.1389,0.0003,39,0.001,0.001,0.001,0.001,0.001,93,0.001,123,0.001,0.001,0.001,0.001,0.001,0.001,0.001,401,0.001,0.001,0.001
2727,12.772,21.175,159.93,331.0435,0.0001,39,0.001,201,0.001,0.001,0.001,0.001,207,0.001,209,0.001,0.001,0.001,0.001,0.001,0.001,0.001,0.001,0.001,0.001
2728,16.078,35.61,264.18,583.437,0.0011,39,0.001,131,0.001,0.001,0.001,0.001,0.001,0.001,126,0.001,0.001,0.001,191,168,0.001,0.001,0.001,0.001,0.001
2729,13.564,27.601,206.46,421.2249,0.0005,39,0.001,0.001,0.001,0.001,77,91,0.001,71,81,0.001,88,0.001,0.001,0.001,80,128,0.001,0.001,0.001
2730,3.557,28.423,225.6,141.0146,0.0006,38,0.001,0.001,121,0.001,80,80,0.001,0.001,0.001,0.001,0.001,112,132,90,0.001,0.001,0.001,0.001,0.001
2731,5.439,17.578,134.63,245.066,0.0012,38,107,0.001,0.001,0.001,130,0.001,91,0.001,121,166,0.001,0.001,0.001,0.001,0.001,0.001,0.001,0.001,0.001
2732,14.493,30.368,225.69,519.2691,0.0014,38,0.001,0.001,0.001,0.001,0.001,127,76,0.001,127,0.001,0.001,59,0.001,86,0.001,140,0.001,0.001,0.001
2733,9.814,33.031,244.47,673.2711,0.002,38,79,89,0.001,0.001,86,0.001,0.001,0.001,0.001,101,0.001,151,0.001,107,0.001,0.001,0.001,0.001,0.001
2734,14.117,30.555,226.52,605.1377,0.0006,38,0.001,0.001,157,0.001,0.001,102,157,0.001,0.001,0.001,0.001,0.001,197,0.001,0.001,0.001,0.001,0.001,0.001
2735,0.921,27.805,224.32,116.9726,0.0007,38,82,0.001,0.001,0.001,0.001,64,88,54,119,0.001,0.001,0.001,121,0.001,85,0.001,0.001,0.001,0.001
2736,13.731,29.884,223.33,457.2869,0.0009,38,90,60,0.001,0.001,137,209,0.001,117,0.001,0.001,0.001,0.001,0.001,0.001,0.001,0.001,0.001,0.001,0.001
2737,11.878,25.913,194.78,369.3002,0.001,38,72,0.001,0.001,0.001,0.001,102,0.001,118,0.001,127,0.001,82,0.001,111,0.001,0.001,55,0.001,0.001
2738,12.432,33.298,246.6,614.1603,0.0006,38,0.001,0.001,0.001,0.001,0.001,0.001,0.001,0.001,0.001,0.001,155,193,0.001,124,140,0.001,0.001,0.001,0.001
2739,15.368,34.889,258.85,577.3506,0.0004,38,0.001,100,0.001,0.001,82,0.001,0.001,0.001,0.001,0.001,0.001,101,0.001,0.001,0.001,329,0.001,0.001,0.001
2740,12.17,34.459,260.52,311.1668,0.0023,38,0.001,0.001,0.001,0.001,96,0.001,0.001,96,0.001,0.001,0.001,0.001,83,0.001,95,241,0.001,0.001,0.001
2741,13.448,26.574,198.68,452.202,0.0014,38,81,0.001,142,0.001,104,0.001,0.001,0.001,0.001,0.001,0.001,0.001,141,143,0.001,0.001,0.001,0.001,0.001
2742,12.449,20.09,152.26,301.0512,0.0008,38,0.001,0.001,0.001,0.001,75,82,80,0.001,90,0.001,68,0.001,61,64,91,0.001,0.001,0.001,0.001
2743,11.98,20.487,155.51,288.0327,0.0005,38,0.001,0.001,0.001,0.001,0.001,121,57,114,0.001,103,0.001,122,0.001,93,0.001,0.001,0.001,0.001,90
2744,9.815,31.517,233.57,611.2537,0.0012,38,78,0.001,0.001,0.001,0.001,76,0.001,175,0.001,0.001,0.001,171,0.001,0.001,110,0.001,0.001,0.001,0.001
2745,13.797,29.587,219.28,625.0587,0.0005,38,119,139,0.001,0.001,0.001,0.001,0.001,132,128,0.001,0.001,0.001,92,0.001,0.001,0.001,0.001,0.001,0.001
2746,15.089,22.201,165.11,530.9642,0.0011,38,0.001,0.001,0.001,0.001,77,0.001,0.001,57,66,0.001,72,82,92,85,78,0.001,0.001,0.001,0.001
2747,14.736,23.53,177.15,357.0124,0.0005,38,0.001,0.001,112,0.001,0.001,174,0.001,0.001,0.001,146,0.001,0.001,177,0.001,0.001,0.001,0.001,0.001,0.001
2748,15.647,24.475,184.83,329.0448,0.0007,38,0.001,0.001,141,0.001,0.001,0.001,0.001,0.001,0.001,0.001,0.001,161,172,0.001,134,0.001,0.001,0.001,0.001
2749,15.99,34.725,257.58,571.4358,0.0018,38,0.001,0.001,0.001,0.001,0.001,0.001,0.001,161,0.001,0.001,127,0.001,194,0.001,125,0.001,0.001,0.001,0.001
2750,13.698,27.91,208.73,423.3079,0.0012,38,0.001,0.001,0.001,0.001,70,0.001,0.001,0.001,98,0.001,0.001,92,0.001,83,119,145,0.001,0.001,0.001
2751,13.621,37.268,274.35,787.3303,0.0049,38,0.001,0.001,0.001,0.001,0.001,0.001,0.001,0.001,326,0.001,0.001,0.001,0.001,0.001,0.001,281,0.001,56,0.001
2752,14.631,29.885,222.41,523.301,0.0011,38,0.001,105,141,0.001,0.001,0.001,0.001,0.001,0.001,125,0.001,0.001,0.001,113,121,0.001,0.001,0.001,0.001
2753,15.261,23.647,179.1,311.2216,0.0007,38,211,59,0.001,0.001,0.001,0.001,0.001,50,285,0.001,0.001,0.001,0.001,0.001,0.001,0.001,0.001,0.001,0.001
2754,13.357,27.622,206.6,445.2431,0.0004,38,118,141,179,0.001,0.001,0.001,0.001,0.001,0.001,0.001,75,0.001,91,0.001,0.001,0.001,0.001,0.001,0.001
2755,13.389,32.151,238.26,597.3037,0.0011,38,0.001,0.001,0.001,0.001,0.001,0.001,0.001,166,0.001,0.001,0.001,160,198,0.001,80,0.001,0.001,0.001,0.001
2756,13.081,17.568,136.78,183.0109,0.0007,38,0.001,87,0.001,0.001,0.001,120,0.001,66,0.001,103,71,71,0.001,0.001,85,0.001,0.001,0.001,76
2757,13.435,29.144,216.8,522.2028,0.0015,38,0.001,0.001,0.001,0.001,74,0.001,122,0.001,0.001,156,115,136,0.001,0.001,0.001,0.001,0.001,0.001,0.001
2758,6.777,30.346,226.46,469.2252,0.0009,38,0.001,189,0.001,0.001,0.001,0.001,0.001,0.001,299,0.001,0.001,0.001,0.001,0.001,114,0.001,0.001,0.001,0.001
2759,12.644,23.926,181.19,301.2378,0.0012,38,0.001,0.001,0.001,0.001,100,0.001,0.001,79,0.001,141,0.001,0.001,0.001,0.001,99,183,0.001,0.001,0.001
2760,15.609,28.186,210.61,452.2789,0.0015,38,57,0.001,0.001,0.001,163,145,78,0.001,0.001,159,0.001,0.001,0.001,0.001,0.001,0.001,0.001,0.001,0.001
2761,12.431,35.2,260.32,689.1986,0.0008,38,104,0.001,97,0.001,0.001,0.001,0.001,0.001,0.001,0.001,0.001,151,101,0.001,148,0.001,0.001,0.001,0.001
2762,16.102,37.102,274.25,664.6242,0.0024,38,0.001,0.001,80,0.001,0.001,0.001,285,143,0.001,0.001,0.001,0.001,0.001,0.001,0.001,93,0.001,0.001,0.001
2763,10.095,33.259,245.81,672.3115,0.0029,38,0.001,103,0.001,0.001,0.001,0.001,0.001,149,0.001,79,0.001,0.001,0.001,142,0.001,127,0.001,0.001,0.001
2764,6.484,32.646,241.77,653.3005,0.001,38,0.001,110,0.001,0.001,116,0.001,0.001,0.001,0.001,0.001,0.001,246,0.001,0.001,128,0.001,0.001,0.001,0.001
2765,13.472,35.995,265.86,747.3069,0.0001,38,0.001,0.001,0.001,0.001,341,0.001,0.001,259,0.001,0.001,0.001,0.001,0.001,0.001,0.001,0.001,0.001,0.001,0.001
2766,13.19,19.841,150.84,275.0557,0.0003,37,0.001,0.001,0.001,0.001,0.001,0.001,73,0.001,80,0.001,80,0.001,77,0.001,0.001,289,0.001,0.001,82
2767,3.089,27.323,203.81,464.2165,0.0009,37,0.001,0.001,0.001,0.001,0.001,140,0.001,271,0.001,0.001,0.001,99,0.001,0.001,89,0.001,0.001,0.001,0.001
2768,13.598,17.424,133.55,245.0225,0.0008,37,195,219,0.001,0.001,0.001,0.001,0.001,0.001,0.001,0.001,184,0.001,0.001,0.001,0.001,0.001,0.001,0.001,0.001
2769,14.007,31.451,233.32,596.3616,0.0015,37,91,0.001,136,0.001,0.001,0.001,0.001,0.001,0.001,0.001,0.001,95,0.001,101,175,0.001,0.001,0.001,0.001
2770,12.899,29.199,218.8,403.1945,0.0011,37,0.001,97,0.001,0.001,0.001,89,0.001,105,76,79,0.001,83,69,0.001,0.001,0.001,0.001,0.001,0.001
2771,14.94,30.345,226.34,461.3616,0.0013,37,0.001,0.001,0.001,0.001,63,0.001,0.001,62,0.001,107,0.001,139,139,0.001,0.001,88,0.001,0.001,0.001
2772,13.47,24.439,183.66,382.1947,0.0004,37,288,0.001,0.001,0.001,0.001,0.001,0.001,308,0.001,0.001,0.001,0.001,0.001,0.001,0.001,0.001,0.001,0.001,0.001
2773,11.806,24.377,184.3,321.2422,0.0008,37,275,0.001,0.001,0.001,0.001,108,213,0.001,0.001,0.001,0.001,0.001,0.001,0.001,0.001,0.001,0.001,0.001,0.001
2774,1.771,17.536,135.97,194.0444,0.0001,37,0.001,0.001,0.001,0.001,0.001,0.001,0.001,0.001,0.001,0.001,368,0.001,0.001,0.001,228,0.001,0.001,0.001,0.001
2775,16.095,34.084,253.56,525.3939,0.0002,37,0.001,0.001,146,0.001,0.001,0.001,0.001,0.001,0.001,70,0.001,0.001,379,0.001,0.001,0.001,0.001,0.001,0.001
2776,15.726,25.784,190.63,680.9547,0.0026,37,0.001,85,0.001,0.001,75,0.001,0.001,81,82,0.001,87,82,0.001,0.001,0.001,103,0.001,99,0.001
2777,13.722,27.144,203.1,423.2509,0.0006,37,0.001,0.001,90,0.001,0.001,65,89,83,0.001,0.001,0.001,84,118,65,0.001,0.001,0.001,0.001,0.001
2778,13.405,22.326,168.71,319.1186,0.0009,37,0.001,0.001,0.001,0.001,0.001,0.001,0.001,100,0.001,106,90,89,0.001,103,105,0.001,0.001,0.001,0.001
2779,13.858,26.784,200.23,415.2662,0.0029,37,0.001,0.001,0.001,0.001,0.001,0.001,0.001,88,0.001,0.001,0.001,129,0.001,0.001,0.001,376,0.001,0.001,0.001
2780,15.716,32.749,243,585.4274,0.0008,37,88,0.001,149,0.001,0.001,86,0.001,80,0.001,0.001,98,0.001,0.001,91,0.001,0.001,0.001,0.001,0.001
2781,15.429,34.687,256.42,683.381,0.0024,37,0.001,0.001,107,0.001,0.001,88,50,55,0.001,0.001,0.001,123,169,0.001,0.001,0.001,0.001,0.001,0.001
2782,16.408,34.746,257.12,655.4703,0.0016,37,0.001,0.001,0.001,0.001,80,272,0.001,176,0.001,0.001,0.001,0.001,0.001,64,0.001,0.001,0.001,0.001,0.001
2783,14.019,18.858,150.61,131.0121,0.0003,37,0.001,0.001,79,0.001,98,0.001,0.001,0.001,0.001,0.001,0.001,0.001,91,80,0.001,243,0.001,78,0.001
2784,13.644,39.532,290.75,876.3829,0.0047,37,0.001,212,0.001,0.001,0.001,0.001,0.001,0.001,0.001,0.001,0.001,217,0.001,0.001,0.001,162,0.001,0.001,0.001
2785,6.102,28.038,222.52,141.0174,0.0006,37,0.001,79,0.001,0.001,52,118,97,0.001,0.001,95,60,0.001,0.001,90,0.001,0.001,0.001,0.001,0.001
2786,13.615,22.171,169.37,256.3341,0.0012,37,0.001,123,0.001,0.001,120,0.001,0.001,0.001,106,0.001,0.001,104,138,0.001,0.001,0.001,0.001,0.001,0.001
2787,6.026,29.635,220.31,543.2609,0.0011,37,0.001,65,0.001,0.001,79,0.001,0.001,142,0.001,0.001,84,121,99,0.001,0.001,0.001,0.001,0.001,0.001
2788,13.532,39.132,288.4,823.4185,0.0017,37,74,0.001,91,0.001,0.001,0.001,0.001,91,0.001,102,100,131,0.001,0.001,0.001,0.001,0.001,0.001,0.001
2789,9.861,29.707,220.42,555.2645,0.0011,37,0.001,0.001,0.001,0.001,0.001,94,0.001,115,0.001,75,0.001,130,0.001,0.001,69,106,0.001,0.001,0.001
2790,5.691,26.288,208.76,141.0156,0.0009,37,100,0.001,79,0.001,74,0.001,103,0.001,0.001,122,111,0.001,0.001,0.001,0.001,0.001,0.001,0.001,0.001
2791,14.667,26.141,196.56,366.3049,0.0006,37,0.001,0.001,0.001,0.001,128,0.001,0.001,84,65,0.001,133,103,0.001,0.001,76,0.001,0.001,0.001,0.001
2792,0.284,29.963,221.22,659.0659,0.0026,37,0.001,0.001,0.001,0.001,0.001,0.001,0.001,0.001,0.001,0.001,0.001,0.001,334,0.001,0.001,254,0.001,0.001,0.001
2793,16.323,37.81,278.78,764.5257,0.0006,37,0.001,0.001,0.001,0.001,0.001,277,0.001,194,0.001,116,0.001,0.001,0.001,0.001,0.001,0.001,0.001,0.001,0.001
2794,14.44,25.709,193.29,372.1951,0.0006,37,94,0.001,137,0.001,0.001,0.001,58,74,0.001,0.001,84,140,0.001,0.001,0.001,0.001,0.001,0.001,0.001
2795,0.317,26.017,215.1,92.9278,0.0007,37,0.001,0.001,0.001,0.001,51,0.001,148,81,0.001,99,111,0.001,96,0.001,0.001,0.001,0.001,0.001,0.001
2796,13.509,25.979,195.13,356.2044,0.0001,37,0.001,0.001,0.001,0.001,0.001,0.001,258,0.001,0.001,0.001,0.001,0.001,0.001,0.001,0.001,328,0.001,0.001,0.001
2797,15.677,32.252,239.28,568.4064,0.0012,37,0.001,0.001,0.001,0.001,0.001,0.001,0.001,118,88,132,0.001,99,0.001,0.001,149,0.001,0.001,0.001,0.001
2798,0.237,21.242,159.96,354.9922,0.0012,37,0.001,0.001,0.001,0.001,91,0.001,0.001,83,0.001,103,0.001,0.001,216,93,0.001,0.001,0.001,0.001,0.001
2799,15.083,29.652,221.51,455.3912,0.0014,37,68,0.001,0.001,0.001,122,0.001,0.001,0.001,0.001,106,0.001,0.001,188,0.001,101,0.001,0.001,0.001,0.001
2800,0.349,20.127,153.61,261.0779,0.0005,37,0.001,0.001,226,0.001,0.001,0.001,0.001,0.001,0.001,0.001,0.001,215,144,0.001,0.001,0.001,0.001,0.001,0.001
2801,5.714,30.159,223.4,567.2187,0.0054,37,0.001,0.001,0.001,0.001,0.001,0.001,0.001,0.001,0.001,0.001,0.001,0.001,111,0.001,0.001,473,0.001,0.001,0.001
2802,4.846,18.28,140.53,224.0611,0.0006,37,0.001,0.001,0.001,0.001,0.001,0.001,240,0.001,0.001,203,0.001,0.001,0.001,0.001,141,0.001,0.001,0.001,0.001
2803,14.823,25.458,191.97,341.3051,0.0008,36,0.001,97,0.001,0.001,0.001,0.001,141,0.001,0.001,0.001,0.001,145,0.001,0.001,200,0.001,0.001,0.001,0.001
2804,15.923,28.706,214.59,445.3664,0.001,36,0.001,88,101,0.001,0.001,79,0.001,0.001,0.001,142,0.001,172,0.001,0.001,0.001,0.001,0.001,0.001,0.001
2805,16.013,27.236,204.37,393.3735,0.0005,36,202,0.001,0.001,0.001,0.001,0.001,0.001,0.001,0.001,185,0.001,195,0.001,0.001,0.001,0.001,0.001,0.001,0.001
2806,14.931,17.53,135.15,218.0298,0.0009,36,0.001,0.001,0.001,0.001,303,0.001,0.001,0.001,0.001,0.001,0.001,0.001,278,0.001,0.001,0.001,0.001,0.001,0.001
2807,12.196,18.471,142.01,226.9854,0.0007,36,0.001,0.001,267,0.001,0.001,0.001,0.001,0.001,0.001,0.001,0.001,103,211,0.001,0.001,0.001,0.001,0.001,0.001
2808,4.829,28.543,212.38,525.2118,0.0013,36,0.001,111,107,0.001,0.001,0.001,0.001,0.001,72,0.001,105,0.001,0.001,110,76,0.001,0.001,0.001,0.001
2809,14.927,37.015,273.11,735.4821,0.0015,36,0.001,0.001,0.001,0.001,0.001,0.001,142,79,104,0.001,0.001,0.001,125,0.001,130,0.001,0.001,0.001,0.001
2810,14.148,29.999,223.93,439.3784,0.0006,36,0.001,0.001,0.001,0.001,0.001,0.001,0.001,133,0.001,226,0.001,81,0.001,0.001,0.001,140,0.001,0.001,0.001
2811,12.739,27.808,207.57,442.2641,0.001,36,0.001,0.001,0.001,0.001,0.001,0.001,70,116,79,136,0.001,0.001,0.001,0.001,0.001,179,0.001,0.001,0.001
2812,7.072,20.28,155,253.0818,0.0002,36,90,157,111,0.001,0.001,0.001,0.001,0.001,0.001,0.001,0.001,0.001,0.001,132,0.001,90,0.001,0.001,0.001
2813,13.418,32.076,237.82,611.24,0.0015,36,101,139,0.001,0.001,0.001,0.001,0.001,169,0.001,0.001,0.001,0.001,0.001,0.001,171,0.001,54,0.001,0.001
2814,0.254,22.606,170.2,349.1228,0.0008,36,135,0.001,0.001,0.001,0.001,0.001,0.001,170,0.001,89,0.001,0.001,0.001,0.001,99,85,0.001,0.001,0.001
2815,16.264,23.328,177.52,283.2634,0.0003,36,125,0.001,191,0.001,126,0.001,136,0.001,0.001,0.001,0.001,0.001,0.001,0.001,0.001,0.001,0.001,0.001,0.001
2816,1.025,25.869,194.7,351.1322,0.0015,36,0.001,0.001,0.001,0.001,85,123,0.001,0.001,0.001,0.001,0.001,0.001,0.001,0.001,94,276,0.001,0.001,0.001
2817,2.192,23.235,176.02,298.1695,0.0003,36,0.001,0.001,161,0.001,0.001,0.001,0.001,165,0.001,0.001,0.001,0.001,0.001,0.001,0.001,251,0.001,0.001,0.001
2818,14.919,32.512,240.99,590.3823,0.0006,36,0.001,0.001,0.001,0.001,0.001,295,0.001,0.001,0.001,192,0.001,0.001,0.001,90,0.001,0.001,0.001,0.001,0.001
2819,1.557,28.199,227.49,116.9719,0.0006,36,0.001,66,0.001,0.001,0.001,89,0.001,98,0.001,102,0.001,50,0.001,85,86,0.001,0.001,0.001,0.001
2820,13.387,30.712,227.66,618.1346,0.001,36,122,0.001,124,0.001,0.001,0.001,81,75,0.001,0.001,0.001,0.001,172,0.001,0.001,0.001,0.001,0.001,0.001
2821,15.494,26.639,200.34,367.3547,0.0019,36,0.001,128,128,0.001,107,0.001,0.001,0.001,76,0.001,0.001,72,0.001,0.001,0.001,63,0.001,0.001,0.001
2822,12.19,23.12,175.09,309.0054,0.0005,36,0.001,0.001,0.001,0.001,134,0.001,0.001,0.001,0.001,118,0.001,0.001,321,0.001,0.001,0.001,0.001,0.001,0.001
2823,14.451,23.711,178.17,381.0273,0.001,36,0.001,92,134,0.001,0.001,118,0.001,0.001,0.001,0.001,0.001,104,125,0.001,0.001,0.001,0.001,0.001,0.001
2824,15.966,25.765,190.38,744.9503,0.0014,36,0.001,90,93,0.001,94,0.001,0.001,0.001,0.001,105,96,0.001,0.001,94,0.001,0.001,0.001,0.001,0.001
2825,6.484,32.063,237.55,628.3019,0.0009,36,51,0.001,0.001,0.001,73,0.001,0.001,171,0.001,53,97,127,0.001,0.001,0.001,0.001,0.001,0.001,0.001
2826,14.724,31.183,231.33,555.3868,0.0017,36,0.001,0.001,0.001,0.001,0.001,0.001,0.001,101,0.001,88,0.001,0.001,180,0.001,106,96,0.001,0.001,0.001
2827,8.612,29.344,217.65,550.2439,0.0024,36,0.001,0.001,0.001,0.001,0.001,0.001,0.001,161,0.001,0.001,0.001,0.001,0.001,328,0.001,81,0.001,0.001,0.001
2828,15.302,23.445,176.12,379.0496,0.0018,36,0.001,0.001,91,0.001,0.001,0.001,0.001,0.001,73,106,0.001,0.001,219,81,0.001,0.001,0.001,0.001,0.001
2829,0.948,17.138,133.11,188.0006,0.0006,36,0.001,0.001,0.001,0.001,78,0.001,0.001,0.001,0.001,0.001,0.001,155,0.001,0.001,0.001,335,0.001,0.001,0.001
2830,12.092,25.355,190.65,369.2289,0.0011,36,0.001,82,0.001,0.001,0.001,207,0.001,0.001,0.001,160,0.001,119,0.001,0.001,0.001,0.001,0.001,0.001,0.001
2831,13.478,35.539,262.49,722.3224,0.0034,35,0.001,0.001,0.001,0.001,142,164,163,98,0.001,0.001,0.001,0.001,0.001,0.001,0.001,0.001,0.001,0.001,0.001
2832,9.707,21.21,160.16,333.0373,0.0004,35,0.001,130,134,0.001,0.001,95,0.001,0.001,0.001,96,0.001,0.001,112,0.001,0.001,0.001,92,0.001,0.001
2833,13.904,36.875,275.19,473.2829,0.0033,35,139,0.001,168,0.001,0.001,0.001,0.001,0.001,0.001,0.001,77,0.001,181,0.001,0.001,0.001,0.001,0.001,0.001
2834,15.001,33.732,249.7,627.4387,0.0011,35,0.001,0.001,0.001,0.001,0.001,0.001,0.001,0.001,59,121,0.001,159,226,0.001,0.001,0.001,0.001,0.001,0.001
2835,13.535,28.298,214.66,279.2324,0.0009,35,0.001,0.001,0.001,0.001,0.001,0.001,0.001,93,0.001,0.001,0.001,0.001,0.001,0.001,0.001,472,0.001,0.001,0.001
2836,2.055,22.655,171,332.136,0.001,35,0.001,0.001,57,0.001,0.001,0.001,0.001,165,0.001,92,0.001,80,62,109,0.001,0.001,0.001,0.001,0.001
2837,14.495,28.26,211.31,412.348,0.0014,35,0.001,0.001,0.001,0.001,0.001,98,0.001,0.001,0.001,0.001,0.001,0.001,0.001,84,0.001,382,0.001,0.001,0.001
2838,14.176,19.288,147.87,239.0014,0.0001,35,0.001,0.001,201,0.001,0.001,0.001,0.001,75,0.001,0.001,0.001,0.001,288,0.001,0.001,0.001,0.001,0.001,0.001
2839,15.941,33.687,250.1,571.4375,0.0015,35,109,0.001,0.001,0.001,0.001,0.001,0.001,227,228,0.001,0.001,0.001,0.001,0.001,0.001,0.001,0.001,0.001,0.001
2840,1.097,21.955,177.18,116.9724,0.0004,35,113,0.001,0.001,0.001,0.001,120,0.001,0.001,0.001,76,0.001,135,0.001,120,0.001,0.001,0.001,98,0.001
2841,12.193,20.876,158.59,287.0023,0.0005,35,0.001,0.001,244,0.001,0.001,0.001,0.001,0.001,85,0.001,0.001,63,172,0.001,0.001,0.001,0.001,0.001,0.001
2842,16.059,38.617,284.45,808.5159,0.0009,35,0.001,0.001,0.001,0.001,0.001,0.001,0.001,137,94,114,0.001,0.001,0.001,120,99,0.001,0.001,0.001,0.001
2843,11.609,20.09,152.25,301.0516,0.0009,35,0.001,70,0.001,0.001,0.001,60,67,0.001,0.001,79,80,0.001,57,66,84,0.001,0.001,0.001,0.001
2844,5.506,29.494,219.12,543.2418,0.002,35,54,66,0.001,0.001,0.001,0.001,0.001,99,0.001,0.001,62,0.001,77,75,63,65,0.001,0.001,0.001
2845,14.454,31.709,238.28,355.3205,0.0013,35,0.001,0.001,0.001,0.001,0.001,0.001,268,0.001,0.001,0.001,0.001,0.001,77,0.001,0.001,216,0.001,0.001,0.001
2846,12.439,35.125,260.68,571.1751,0.0011,35,0.001,0.001,0.001,0.001,119,70,0.001,131,124,0.001,117,0.001,0.001,0.001,0.001,0.001,0.001,0.001,0.001
2847,12.746,26.425,198.23,397.2599,0.0008,35,93,0.001,108,0.001,126,0.001,0.001,108,0.001,0.001,0.001,0.001,0.001,0.001,0.001,125,0.001,0.001,0.001
2848,12.59,34.625,255.96,669.1735,0.0005,35,0.001,0.001,0.001,0.001,0.001,333,0.001,88,0.001,0.001,0.001,139,0.001,0.001,0.001,0.001,0.001,0.001,0.001
2849,15.331,39.808,293.79,789.6128,0.0013,35,77,95,0.001,0.001,112,0.001,146,0.001,0.001,0.001,0.001,0.001,0.001,130,0.001,0.001,0.001,0.001,0.001
2850,4.058,19.01,146.09,223.0055,0.0011,35,0.001,55,0.001,0.001,0.001,0.001,0.001,0.001,0.001,0.001,0.001,0.001,0.001,0.001,0.001,505,0.001,0.001,0.001
2851,12.432,23.333,177.54,277.1832,0.0007,35,0.001,0.001,114,0.001,80,0.001,90,78,107,0.001,0.001,0.001,90,0.001,0.001,0.001,0.001,0.001,0.001
2852,15.382,35.869,264.95,689.4746,0.0019,35,0.001,0.001,74,0.001,0.001,0.001,53,270,0.001,0.001,0.001,0.001,0.001,0.001,88,74,0.001,0.001,0.001
2853,14.008,27.774,208.02,415.2769,0.0012,35,0.001,70,0.001,0.001,88,0.001,73,74,0.001,87,83,0.001,83,0.001,0.001,0.001,0.001,0.001,0.001
2854,15.409,33.62,249.73,535.3389,0.0002,35,0.001,0.001,0.001,0.001,70,0.001,0.001,0.001,0.001,0.001,0.001,0.001,0.001,0.001,66,421,0.001,0.001,0.001
2855,11.42,29.394,218.88,492.2721,0.0005,35,0.001,0.001,0.001,0.001,0.001,0.001,0.001,171,0.001,152,77,0.001,0.001,157,0.001,0.001,0.001,0.001,0.001
2856,5.205,31.443,232.52,610.2472,0.0057,35,0.001,0.001,0.001,0.001,0.001,0.001,0.001,0.001,0.001,0.001,0.001,163,0.001,0.001,0.001,393,0.001,0.001,0.001
2857,10.938,24.16,183.33,297.1527,0.0005,35,0.001,0.001,0.001,0.001,377,0.001,0.001,0.001,0.001,178,0.001,0.001,0.001,0.001,0.001,0.001,0.001,0.001,0.001
2858,6.198,22.108,167.6,298.1315,0.0004,35,96,0.001,70,0.001,0.001,0.001,0.001,97,0.001,0.001,0.001,0.001,0.001,0.001,152,139,0.001,0.001,0.001
2859,9.687,30.406,225.85,566.2284,0.0014,35,0.001,74,80,0.001,0.001,0.001,0.001,161,0.001,0.001,0.001,0.001,0.001,119,120,0.001,0.001,0.001,0.001
2860,15.382,36.802,271.58,729.47,0.0015,35,0.001,0.001,0.001,0.001,0.001,92,0.001,101,0.001,0.001,87,83,0.001,101,89,0.001,0.001,0.001,0.001
2861,13.198,30.674,227.7,556.3132,0.0013,35,0.001,0.001,0.001,0.001,0.001,137,0.001,157,0.001,0.001,0.001,0.001,126,133,0.001,0.001,0.001,0.001,0.001
2862,8.064,25.891,194.59,367.1574,0.0007,35,0.001,0.001,0.001,0.001,0.001,0.001,446,0.001,0.001,107,0.001,0.001,0.001,0.001,0.001,0.001,0.001,0.001,0.001
2863,14.642,29.954,223.08,509.3859,0.0006,35,0.001,91,157,0.001,0.001,0.001,0.001,0.001,0.001,109,0.001,120,0.001,76,0.001,0.001,0.001,0.001,0.001
2864,4.529,26.773,199.99,455.2079,0.0009,35,0.001,0.001,108,0.001,89,0.001,0.001,110,65,67,0.001,114,0.001,0.001,0.001,0.001,0.001,0.001,0.001
2865,14.216,28.674,214.34,431.3154,0.0011,35,0.001,0.001,0.001,0.001,0.001,65,113,0.001,124,0.001,122,0.001,0.001,0.001,128,0.001,0.001,0.001,0.001
2866,10.307,21.871,163.28,498.9265,0.002,35,0.001,91,461,0.001,0.001,0.001,0.001,0.001,0.001,0.001,0.001,0.001,0.001,0.001,0.001,0.001,0.001,0.001,0.001
2867,12.25,29.444,219.6,451.3414,0.0014,35,0.001,0.001,0.001,0.001,0.001,0.001,0.001,152,0.001,150,0.001,98,0.001,0.001,0.001,152,0.001,0.001,0.001
2868,8.19,19.87,149.04,399.0592,0.0012,35,0.001,174,0.001,0.001,0.001,0.001,71,84,0.001,132,0.001,0.001,0.001,0.001,91,0.001,0.001,0.001,0.001
2869,6.635,33.333,246.59,673.3255,0.0024,34,54,0.001,0.001,0.001,74,0.001,52,161,0.001,0.001,0.001,128,0.001,0.001,82,0.001,0.001,0.001,0.001
2870,9.87,28.568,212.76,497.239,0.0012,34,0.001,84,106,0.001,0.001,0.001,0.001,0.001,0.001,104,0.001,0.001,89,0.001,0.001,167,0.001,0.001,0.001
2871,1.252,23.535,177.67,338.1071,0.0006,34,0.001,0.001,117,0.001,0.001,0.001,0.001,433,0.001,0.001,0.001,0.001,0.001,0.001,0.001,0.001,0.001,0.001,0.001
2872,14.494,19.871,151.05,276.0527,0.0006,34,87,0.001,0.001,0.001,0.001,0.001,0.001,0.001,0.001,0.001,0.001,0.001,0.001,0.001,0.001,462,0.001,0.001,0.001
2873,14.852,34.545,255.66,653.4623,0.0007,34,0.001,71,0.001,0.001,0.001,0.001,0.001,0.001,78,0.001,0.001,59,0.001,0.001,341,0.001,0.001,0.001,0.001
2874,15.963,30.96,229.89,525.3947,0.0016,34,0.001,0.001,0.001,0.001,0.001,222,0.001,0.001,0.001,0.001,0.001,0.001,0.001,0.001,122,204,0.001,0.001,0.001
2875,13.32,28.165,209.98,481.2579,0.0013,34,0.001,81,0.001,0.001,0.001,122,69,73,0.001,0.001,0.001,0.001,0.001,0.001,203,0.001,0.001,0.001,0.001
2876,15.327,38.499,283.64,798.5268,0.0049,34,0.001,0.001,0.001,0.001,0.001,350,0.001,0.001,0.001,135,0.001,0.001,0.001,0.001,63,0.001,0.001,0.001,0.001
2877,12.785,25.95,195.52,328.1848,0.0017,34,0.001,0.001,0.001,0.001,0.001,0.001,0.001,0.001,332,0.001,0.001,0.001,0.001,0.001,0.001,216,0.001,0.001,0.001
2878,5.426,30.115,223.89,566.2267,0.0008,34,0.001,141,143,0.001,126,136,0.001,0.001,0.001,0.001,0.001,0.001,0.001,0.001,0.001,0.001,0.001,0.001,0.001
2879,11.008,20.489,155.59,288.0331,0.0005,34,0.001,0.001,0.001,0.001,82,80,0.001,112,0.001,97,0.001,91,0.001,84,0.001,0.001,0.001,0.001,0.001
2880,14.117,32.637,245.47,355.3231,0.0016,34,98,0.001,0.001,0.001,0.001,0.001,217,0.001,0.001,0.001,0.001,0.001,0.001,117,0.001,113,0.001,0.001,0.001
2881,6.766,32.832,243.14,654.318,0.0005,34,0.001,113,0.001,0.001,109,171,0.001,0.001,0.001,0.001,151,0.001,0.001,0.001,0.001,0.001,0.001,0.001,0.001
2882,13.279,23.577,178.38,297.2425,0.0006,34,0.001,0.001,0.001,0.001,0.001,162,0.001,0.001,0.001,0.001,0.001,0.001,0.001,0.001,0.001,382,0.001,0.001,0.001
2883,14.96,27.642,207.15,409.3676,0.0009,34,0.001,0.001,80,0.001,85,0.001,81,102,0.001,64,0.001,0.001,131,0.001,0.001,0.001,0.001,0.001,0.001
2884,10.139,35.132,259.13,743.3111,0.0045,34,0.001,134,0.001,0.001,0.001,0.001,0.001,0.001,0.001,0.001,0.001,278,0.001,0.001,0.001,131,0.001,0.001,0.001
2885,14.001,30.866,229.17,551.3578,0.0015,34,0.001,0.001,0.001,0.001,0.001,0.001,0.001,0.001,129,0.001,108,0.001,177,0.001,128,0.001,0.001,0.001,0.001
2886,15.593,24.868,183.8,694.9513,0.0015,34,88,0.001,0.001,0.001,97,0.001,0.001,0.001,0.001,0.001,0.001,81,62,57,59,98,0.001,58,0.001
2887,12.692,18.99,144.58,260.0437,0.0008,34,0.001,0.001,0.001,0.001,0.001,0.001,0.001,0.001,0.001,280,0.001,0.001,0.001,0.001,0.001,262,0.001,0.001,0.001
2888,15.368,35.652,263.94,599.3576,0.0016,34,0.001,0.001,0.001,0.001,0.001,0.001,0.001,0.001,0.001,0.001,138,138,0.001,0.001,97,168,0.001,0.001,0.001
2889,0.498,26.344,217.71,92.9275,0.0004,34,0.001,0.001,0.001,0.001,0.001,115,83,0.001,0.001,0.001,132,114,0.001,97,0.001,0.001,0.001,0.001,0.001
2890,13.302,23.495,178.6,283.242,0.0009,34,0.001,0.001,170,0.001,0.001,192,0.001,179,0.001,0.001,0.001,0.001,0.001,0.001,0.001,0.001,0.001,0.001,0.001
2891,2.786,27.069,201.91,482.2057,0.0009,34,74,0.001,0.001,0.001,69,0.001,0.001,168,0.001,0.001,0.001,122,108,0.001,0.001,0.001,0.001,0.001,0.001
2892,16.017,26.723,197.01,794.9453,0.0018,34,63,0.001,65,0.001,0.001,0.001,69,0.001,69,0.001,63,67,0.001,59,0.001,85,0.001,0.001,0.001
2893,14.093,32.268,239.1,596.3614,0.0018,34,0.001,0.001,150,0.001,0.001,94,0.001,88,0.001,0.001,0.001,0.001,0.001,101,0.001,106,0.001,0.001,0.001
2894,4.533,29.997,222.93,566.2255,0.0013,34,0.001,110,132,0.001,76,0.001,0.001,0.001,0.001,0.001,107,0.001,114,0.001,0.001,0.001,0.001,0.001,0.001
2895,12.889,30.077,224.06,465.3575,0.0017,34,0.001,0.001,0.001,0.001,0.001,0.001,0.001,159,0.001,226,0.001,0.001,0.001,0.001,0.001,154,0.001,0.001,0.001
2896,10.004,27.279,202.73,529.0769,0.0017,34,0.001,66,0.001,0.001,0.001,0.001,0.001,0.001,0.001,0.001,0.001,160,0.001,125,0.001,188,0.001,0.001,0.001
2897,13.533,25.345,190.01,395.2437,0.0012,34,0.001,0.001,0.001,0.001,0.001,0.001,0.001,0.001,0.001,104,0.001,163,182,89,0.001,0.001,0.001,0.001,0.001
2898,15.555,34.842,258.34,592.569,0.0024,34,0.001,0.001,0.001,0.001,55,0.001,116,0.001,0.001,98,106,80,0.001,0.001,83,0.001,0.001,0.001,0.001
2899,8.881,19.574,151.32,205.1588,0.0003,34,0.001,0.001,79,0.001,0.001,0.001,0.001,116,0.001,0.001,0.001,207,135,0.001,0.001,0.001,0.001,0.001,0.001
2900,15.252,37.435,276.57,735.578,0.0009,34,0.001,158,0.001,0.001,103,0.001,0.001,0.001,62,0.001,0.001,0.001,0.001,0.001,213,0.001,0.001,0.001,0.001
2901,13.85,26.642,202.9,281.249,0.0006,33,0.001,437,0.001,0.001,98,0.001,0.001,0.001,0.001,0.001,0.001,0.001,0.001,0.001,0.001,0.001,0.001,0.001,0.001
2902,16.053,36.295,268.03,723.497,0.0018,33,0.001,0.001,0.001,0.001,79,71,0.001,0.001,136,172,0.001,0.001,0.001,77,0.001,0.001,0.001,0.001,0.001
2903,10.135,35.643,263.1,761.3425,0.0011,33,77,96,0.001,0.001,0.001,0.001,0.001,0.001,75,133,0.001,0.001,0.001,153,0.001,0.001,0.001,0.001,0.001
2904,12.086,19.67,148.83,314.0296,0.0008,33,0.001,0.001,52,0.001,0.001,0.001,86,74,63,85,97,77,0.001,0.001,0.001,0.001,0.001,0.001,0.001
2905,14.312,29.947,223.38,492.3279,0.0035,33,160,197,0.001,0.001,0.001,0.001,0.001,0.001,0.001,0.001,0.001,0.001,0.001,0.001,177,0.001,0.001,0.001,0.001
2906,13.361,30.225,225.17,465.3575,0.0013,33,0.001,0.001,0.001,0.001,0.001,0.001,0.001,151,0.001,265,0.001,0.001,0.001,0.001,0.001,118,0.001,0.001,0.001
2907,15.325,28.07,210.39,407.3134,0.0013,33,78,0.001,98,0.001,91,0.001,0.001,0.001,0.001,0.001,0.001,106,0.001,0.001,0.001,161,0.001,0.001,0.001
2908,10.42,34.076,251.62,688.3606,0.0022,33,0.001,0.001,0.001,0.001,0.001,65,0.001,89,0.001,0.001,0.001,105,93,89,0.001,92,0.001,0.001,0.001
2909,3.725,32.4,239.47,658.259,0.0017,33,0.001,0.001,0.001,0.001,0.001,122,0.001,0.001,0.001,55,0.001,81,97,100,0.001,78,0.001,0.001,0.001
2910,2.21,22.81,183.99,116.9723,0.0005,33,0.001,0.001,0.001,0.001,0.001,116,0.001,85,105,129,0.001,0.001,98,0.001,0.001,0.001,0.001,0.001,0.001
2911,12.017,18.307,140.12,243.0302,0.0004,33,0.001,0.001,0.001,0.001,0.001,89,91,101,101,71,80,0.001,0.001,0.001,0.001,0.001,0.001,77,0.001
2912,16.086,38.197,281.8,794.5692,0.0017,33,0.001,75,75,0.001,0.001,151,0.001,0.001,231,0.001,0.001,0.001,0.001,0.001,0.001,0.001,0.001,0.001,0.001
2913,12.191,17.798,136.62,232.9565,0.0007,33,0.001,0.001,0.001,0.001,104,0.001,0.001,0.001,0.001,0.001,87,0.001,275,65,0.001,0.001,0.001,0.001,0.001
2914,13.212,30.161,224.17,543.0549,0.0003,33,0.001,0.001,171,0.001,0.001,0.001,0.001,0.001,0.001,50,0.001,118,192,0.001,0.001,0.001,0.001,0.001,0.001
2915,13.973,33.103,245.08,622.3368,0.0014,33,0.001,0.001,0.001,0.001,0.001,295,0.001,0.001,0.001,132,0.001,0.001,0.001,0.001,104,0.001,0.001,0.001,0.001
2916,15.811,36.834,272.43,650.6455,0.0003,33,0.001,0.001,0.001,0.001,0.001,0.001,0.001,347,0.001,0.001,0.001,0.001,184,0.001,0.001,0.001,0.001,0.001,0.001
2917,12.386,18.837,150.54,131.0121,0.0006,33,0.001,0.001,95,0.001,84,0.001,97,72,0.001,0.001,0.001,80,0.001,103,0.001,0.001,0.001,0.001,0.001
2918,11.747,22.07,165.59,401.0456,0.0006,33,88,72,66,0.001,0.001,0.001,0.001,78,0.001,0.001,85,71,71,0.001,0.001,0.001,0.001,0.001,0.001
2919,14.834,35.734,265.17,561.3788,0.0023,33,0.001,0.001,0.001,0.001,0.001,178,0.001,151,0.001,0.001,0.001,90,0.001,111,0.001,0.001,0.001,0.001,0.001
2920,16.087,37.953,279.98,780.5189,0.0025,33,0.001,0.001,0.001,0.001,52,410,0.001,0.001,0.001,0.001,0.001,0.001,0.001,67,0.001,0.001,0.001,0.001,0.001
2921,15.718,34.659,257.34,579.4043,0.0012,33,0.001,91,130,0.001,0.001,0.001,0.001,0.001,117,0.001,0.001,0.001,191,0.001,0.001,0.001,0.001,0.001,0.001
2922,15.719,25.788,190.62,744.9498,0.0015,33,92,82,109,0.001,76,0.001,91,0.001,0.001,0.001,0.001,0.001,0.001,78,0.001,0.001,0.001,0.001,0.001
2923,14.902,24.902,188.45,307.2982,0.0008,33,0.001,0.001,0.001,0.001,0.001,0.001,106,96,0.001,0.001,0.001,85,115,0.001,125,0.001,0.001,0.001,0.001
2924,12.321,24.734,186.6,339.288,0.0006,33,148,122,0.001,0.001,0.001,0.001,71,0.001,0.001,98,0.001,0.001,88,0.001,0.001,0.001,69,0.001,0.001
2925,14.077,30.706,228.29,522.3192,0.001,33,0.001,0.001,0.001,0.001,0.001,0.001,180,0.001,98,0.001,0.001,0.001,0.001,0.001,248,0.001,0.001,0.001,0.001
2926,14.948,29.371,218.82,493.3274,0.0009,33,0.001,0.001,104,0.001,0.001,0.001,0.001,0.001,68,107,95,0.001,152,0.001,0.001,0.001,0.001,0.001,0.001
2927,2.472,24.331,182.45,393.1774,0.001,33,0.001,0.001,0.001,0.001,0.001,0.001,0.001,207,0.001,0.001,0.001,105,0.001,144,70,0.001,0.001,0.001,0.001
2928,15.694,18.42,141.55,230.976,0.001,33,0.001,104,162,0.001,0.001,0.001,0.001,0.001,0.001,0.001,70,0.001,190,0.001,0.001,0.001,0.001,0.001,0.001
2929,4.668,26.649,211.62,141.0154,0.0007,33,75,0.001,85,0.001,99,0.001,57,127,0.001,0.001,0.001,0.001,0.001,83,0.001,0.001,0.001,0.001,0.001
2930,0.43,18.564,143.13,214.0761,0.0023,33,0.001,87,196,0.001,0.001,0.001,0.001,0.001,0.001,0.001,0.001,0.001,0.001,0.001,94,149,0.001,0.001,0.001
2931,3.894,22.183,167.8,309.1008,0.0003,33,131,0.001,0.001,0.001,0.001,0.001,0.001,0.001,0.001,223,0.001,0.001,0.001,0.001,0.001,172,0.001,0.001,0.001
2932,1.493,24.512,183.3,446.992,0.0008,33,419,0.001,0.001,0.001,0.001,0.001,0.001,0.001,0.001,0.001,0.001,0.001,0.001,0.001,106,0.001,0.001,0.001,0.001
2933,16.114,36.63,270.21,745.4841,0.003,33,0.001,0.001,0.001,0.001,0.001,393,0.001,131,0.001,0.001,0.001,0.001,0.001,0.001,0.001,0.001,0.001,0.001,0.001
2934,13.869,24.265,184.34,281.2483,0.0003,33,0.001,0.001,0.001,0.001,0.001,0.001,0.001,326,0.001,0.001,0.001,198,0.001,0.001,0.001,0.001,0.001,0.001,0.001
2935,9.293,26.833,200.38,446.2894,0.0004,33,0.001,0.001,0.001,0.001,0.001,0.001,0.001,0.001,253,0.001,0.001,167,0.001,103,0.001,0.001,0.001,0.001,0.001
2936,13.495,29.027,215.74,539.2503,0.0012,33,0.001,0.001,93,0.001,0.001,84,96,0.001,0.001,0.001,0.001,67,0.001,105,77,0.001,0.001,0.001,0.001
2937,1.992,22.51,170.88,295.027,0.0002,33,0.001,0.001,333,0.001,0.001,0.001,0.001,0.001,189,0.001,0.001,0.001,0.001,0.001,0.001,0.001,0.001,0.001,0.001
2938,13.407,27.64,206.1,479.1746,0.0007,33,0.001,0.001,52,0.001,0.001,144,0.001,101,0.001,124,0.001,0.001,0.001,0.001,100,0.001,0.001,0.001,0.001
2939,12.439,31.951,236.72,618.1198,0.0014,33,0.001,0.001,0.001,0.001,106,0.001,84,130,0.001,118,83,0.001,0.001,0.001,0.001,0.001,0.001,0.001,0.001
2940,12.846,24.62,186.08,325.2735,0.0008,33,0.001,83,0.001,0.001,102,0.001,135,0.001,0.001,0.001,98,0.001,0.001,103,0.001,0.001,0.001,0.001,0.001
2941,15.215,26.236,193.82,720.8961,0.0033,33,0.001,0.001,0.001,0.001,104,0.001,0.001,81,0.001,0.001,135,116,0.001,85,0.001,0.001,0.001,0.001,0.001
2942,15.725,20.781,157.46,309.0382,0.0001,33,0.001,93,143,0.001,0.001,0.001,0.001,0.001,0.001,0.001,0.001,116,168,0.001,0.001,0.001,0.001,0.001,0.001
2943,0.28,18.951,144.93,249.0412,0.0011,33,0.001,278,116,0.001,0.001,0.001,0.001,0.001,0.001,0.001,0.001,0.001,0.001,0.001,0.001,126,0.001,0.001,0.001
2944,13.557,36.782,271.12,778.4289,0.0035,33,0.001,0.001,0.001,0.001,0.001,0.001,0.001,143,0.001,0.001,0.001,0.001,0.001,212,165,0.001,0.001,0.001,0.001
2945,2.138,25.61,206.66,116.9725,0.0005,33,0.001,0.001,113,0.001,0.001,105,0.001,73,0.001,0.001,0.001,109,0.001,120,0.001,0.001,0.001,0.001,0.001
2946,14.183,26.875,199.9,529.0755,0.0011,33,0.001,0.001,174,0.001,0.001,0.001,82,0.001,60,0.001,0.001,0.001,204,0.001,0.001,0.001,0.001,0.001,0.001
2947,12.948,21.622,162.69,358.0361,0.0002,32,0.001,0.001,0.001,0.001,0.001,0.001,0.001,0.001,0.001,0.001,194,0.001,0.001,150,175,0.001,0.001,0.001,0.001
2948,12.193,20.109,153.32,268.9928,0.0002,32,0.001,0.001,240,0.001,66,0.001,0.001,0.001,0.001,0.001,0.001,75,138,0.001,0.001,0.001,0.001,0.001,0.001
2949,6.621,30.206,224.39,540.3071,0.0016,32,0.001,0.001,0.001,0.001,0.001,71,54,115,0.001,0.001,0.001,110,72,0.001,97,0.001,0.001,0.001,0.001
2950,15.667,37.683,277.78,769.4621,0.0019,32,0.001,84,0.001,0.001,0.001,0.001,59,120,0.001,0.001,0.001,85,0.001,0.001,0.001,171,0.001,0.001,0.001
2951,12.188,22.909,174.12,287.0024,0.0009,32,0.001,0.001,283,0.001,0.001,0.001,0.001,0.001,0.001,0.001,0.001,0.001,235,0.001,0.001,0.001,0.001,0.001,0.001
2952,16.318,38.547,284.32,747.5666,0.0021,32,0.001,0.001,0.001,0.001,0.001,155,0.001,0.001,122,0.001,0.001,170,0.001,71,0.001,0.001,0.001,0.001,0.001
2953,15.413,33.588,249.28,534.344,0.0019,32,0.001,0.001,0.001,0.001,0.001,0.001,0.001,93,0.001,0.001,83,0.001,0.001,0.001,0.001,342,0.001,0.001,0.001
2954,14.115,31.439,232.57,649.1462,0.0012,32,0.001,0.001,0.001,0.001,0.001,0.001,67,0.001,0.001,102,0.001,0.001,131,135,83,0.001,0.001,0.001,0.001
2955,5.712,30.183,223.59,566.2222,0.0048,32,0.001,0.001,0.001,0.001,0.001,0.001,0.001,0.001,0.001,0.001,0.001,0.001,0.001,175,0.001,343,0.001,0.001,0.001
2956,14.16,33.836,250.28,650.3689,0.001,32,0.001,0.001,0.001,0.001,0.001,370,0.001,0.001,0.001,148,0.001,0.001,0.001,0.001,0.001,0.001,0.001,0.001,0.001
2957,0.238,21.199,159.83,347.9989,0.0019,32,0.001,0.001,87,0.001,72,0.001,138,0.001,0.001,108,0.001,0.001,112,0.001,0.001,0.001,0.001,0.001,0.001
2958,13.615,22.195,813.92,255.4205,0.0024,32,0.001,0.001,0.001,0.001,316,0.001,201,0.001,0.001,0.001,0.001,0.001,0.001,0.001,0.001,0.001,0.001,0.001,0.001
2959,13.586,23.942,181.04,311.1669,0.0012,32,0.001,0.001,64,0.001,0.001,0.001,0.001,0.001,0.001,0.001,0.001,0.001,91,0.001,0.001,360,0.001,0.001,0.001
2960,14.719,24.882,187.73,327.2891,0.0012,32,0.001,0.001,0.001,0.001,0.001,60,79,88,85,0.001,0.001,113,0.001,0.001,0.001,90,79,0.001,0.001
2961,2.689,26.45,210.05,141.0152,0.0005,32,51,0.001,84,0.001,118,0.001,0.001,0.001,71,0.001,82,0.001,0.001,109,0.001,0.001,0.001,0.001,0.001
2962,15.209,38.528,283.77,812.5089,0.0027,32,0.001,0.001,0.001,0.001,0.001,325,57,0.001,0.001,133,0.001,0.001,0.001,0.001,0.001,0.001,0.001,0.001,0.001
2963,12.893,29.034,216.38,478.2925,0.0006,32,0.001,0.001,0.001,0.001,0.001,0.001,0.001,0.001,0.001,0.001,108,163,243,0.001,0.001,0.001,0.001,0.001,0.001
2964,6.199,23.262,175.2,357.0828,0.0007,32,63,0.001,59,0.001,0.001,0.001,0.001,149,0.001,134,0.001,0.001,0.001,108,0.001,0.001,0.001,0.001,0.001
2965,5.911,26.936,213.81,141.0156,0.0007,32,61,0.001,0.001,0.001,90,0.001,137,0.001,77,0.001,76,0.001,0.001,72,0.001,0.001,0.001,0.001,0.001
2966,15.273,37.006,272.93,752.5256,0.0016,32,0.001,0.001,0.001,0.001,0.001,327,62,0.001,0.001,0.001,0.001,0.001,0.001,124,0.001,0.001,0.001,0.001,0.001
2967,9.549,25.083,188.6,369.1729,0.0013,32,220,0.001,0.001,0.001,0.001,0.001,0.001,0.001,0.001,125,0.001,0.001,0.001,86,81,0.001,0.001,0.001,0.001
2968,15.995,37.859,279.06,777.5191,0.0014,32,0.001,0.001,0.001,0.001,0.001,137,0.001,0.001,92,120,0.001,0.001,0.001,163,0.001,0.001,0.001,0.001,0.001
2969,1.685,19.951,151.86,261.0402,0.0004,32,0.001,0.001,0.001,0.001,0.001,0.001,0.001,0.001,0.001,103,0.001,0.001,0.001,0.001,0.001,408,0.001,0.001,0.001
2970,9.774,29.2,216.68,546.3031,0.001,32,0.001,0.001,0.001,0.001,0.001,0.001,0.001,0.001,0.001,0.001,0.001,104,79,135,0.001,191,0.001,0.001,0.001
2971,11.036,23.111,172.03,530.9639,0.0012,32,82,0.001,100,0.001,85,0.001,0.001,68,0.001,0.001,0.001,0.001,84,0.001,90,0.001,0.001,0.001,0.001
2972,14.294,28.679,213.9,465.2976,0.0015,32,0.001,0.001,0.001,0.001,0.001,0.001,0.001,0.001,0.001,432,0.001,0.001,0.001,76,0.001,0.001,0.001,0.001,0.001
2973,11.888,29.159,217.2,487.3273,0.0011,32,0.001,0.001,0.001,0.001,0.001,0.001,0.001,120,0.001,128,0.001,0.001,0.001,84,176,0.001,0.001,0.001,0.001
2974,10.259,20.46,155.3,288.0329,0.0008,32,0.001,0.001,0.001,0.001,0.001,78,87,82,0.001,80,0.001,95,86,0.001,0.001,0.001,0.001,0.001,0.001
2975,15.366,35.449,261.9,687.4615,0.0009,32,0.001,0.001,0.001,0.001,0.001,0.001,0.001,190,89,0.001,0.001,0.001,122,0.001,106,0.001,0.001,0.001,0.001
2976,12.455,41.376,304.05,940.3541,0.0011,32,0.001,0.001,0.001,0.001,0.001,0.001,0.001,0.001,0.001,0.001,166,175,0.001,166,0.001,0.001,0.001,0.001,0.001
2977,13.197,30.665,227.91,552.3207,0.0019,32,76,0.001,75,0.001,0.001,103,0.001,119,134,0.001,0.001,0.001,0.001,0.001,0.001,0.001,0.001,0.001,0.001
2978,8.805,24.365,183.56,329.2322,0.0001,32,0.001,0.001,0.001,0.001,0.001,0.001,0.001,0.001,0.001,0.001,0.001,0.001,0.001,0.001,122,384,0.001,0.001,0.001
2979,12.319,25.153,189.64,337.2741,0.0007,32,0.001,0.001,0.001,0.001,0.001,119,0.001,116,100,0.001,0.001,171,0.001,0.001,0.001,0.001,0.001,0.001,0.001
2980,0.579,18.877,145.09,230.0114,0.0012,32,0.001,0.001,83,0.001,0.001,0.001,0.001,0.001,0.001,0.001,0.001,0.001,0.001,0.001,423,0.001,0.001,0.001,0.001
2981,0.777,27.224,224.93,92.9282,0.0002,32,100,0.001,0.001,0.001,0.001,0.001,0.001,70,0.001,0.001,92,0.001,0.001,75,0.001,168,0.001,0.001,0.001
2982,1.581,25.648,192.2,400.2191,0.0006,32,0.001,0.001,0.001,0.001,0.001,0.001,0.001,364,0.001,0.001,0.001,141,0.001,0.001,0.001,0.001,0.001,0.001,0.001
2983,5.651,31.464,233.07,609.2938,0.001,32,0.001,0.001,0.001,0.001,0.001,0.001,0.001,0.001,67,0.001,84,157,102,95,0.001,0.001,0.001,0.001,0.001
2984,16.339,28.957,216.17,464.3132,0.0005,32,0.001,0.001,96,0.001,75,103,0.001,0.001,0.001,67,0.001,68,0.001,96,0.001,0.001,0.001,0.001,0.001
2985,10.712,20.31,151.47,480.9678,0.001,32,0.001,0.001,134,0.001,0.001,80,0.001,0.001,0.001,103,87,100,0.001,0.001,0.001,0.001,0.001,0.001,81
2986,12.825,28.785,214.58,481.3176,0.0019,31,0.001,0.001,0.001,0.001,64,56,0.001,0.001,0.001,104,0.001,115,0.001,86,78,0.001,0.001,0.001,0.001
2987,14.647,29.578,220.73,499.3592,0.0009,31,0.001,0.001,288,0.001,215,0.001,0.001,0.001,0.001,0.001,0.001,0.001,0.001,0.001,0.001,0.001,0.001,0.001,0.001
2988,10.236,18.811,150.42,131.0123,0.0005,31,94,82,99,0.001,62,0.001,0.001,0.001,0.001,0.001,0.001,0.001,75,91,0.001,0.001,64,0.001,0.001
2989,1.9,23.271,187.8,116.9723,0.0005,31,96,0.001,0.001,0.001,0.001,0.001,92,119,0.001,0.001,0.001,87,0.001,0.001,108,0.001,0.001,0.001,0.001
2990,15.726,35.455,263.16,571.4361,0.001,31,0.001,0.001,135,0.001,0.001,181,0.001,0.001,0.001,0.001,0.001,67,0.001,0.001,119,0.001,0.001,0.001,0.001
2991,14.877,34.641,255.12,841.1204,0.0021,31,144,0.001,0.001,0.001,73,106,0.001,0.001,0.001,0.001,0.001,0.001,0.001,98,0.001,81,0.001,0.001,0.001
2992,10.736,29.539,220.94,431.3166,0.0007,31,0.001,0.001,95,0.001,0.001,0.001,0.001,153,0.001,190,0.001,0.001,0.001,0.001,64,0.001,0.001,0.001,0.001
2993,10.122,32.186,238.4,629.319,0.001,31,0.001,0.001,0.001,0.001,87,0.001,0.001,148,0.001,116,0.001,0.001,150,0.001,0.001,0.001,0.001,0.001,0.001
2994,11.572,24.567,185.36,317.2087,0.0026,31,0.001,0.001,0.001,0.001,0.001,0.001,0.001,0.001,0.001,0.001,0.001,0.001,0.001,0.001,74,427,0.001,0.001,0.001
2995,14.051,33.474,248.38,558.257,0.0012,31,0.001,0.001,77,0.001,0.001,0.001,0.001,0.001,0.001,0.001,0.001,0.001,0.001,61,0.001,363,0.001,0.001,0.001
2996,14.204,32.089,237.98,578.3473,0.0009,31,0.001,0.001,0.001,0.001,0.001,362,0.001,0.001,0.001,138,0.001,0.001,0.001,0.001,0.001,0.001,0.001,0.001,0.001
2997,12.667,21.577,162.61,359.0334,0.0008,31,101,71,102,0.001,78,0.001,0.001,60,0.001,0.001,88,0.001,0.001,0.001,0.001,0.001,0.001,0.001,0.001
2998,9.221,24.102,182.49,313.2368,0.0009,31,69,81,0.001,0.001,95,0.001,0.001,66,0.001,0.001,0.001,101,0.001,0.001,88,0.001,0.001,0.001,0.001
2999,15.863,23.382,177.39,293.2113,0.0007,31,0.001,65,0.001,0.001,0.001,0.001,96,75,0.001,0.001,0.001,81,106,0.001,77,0.001,0.001,0.001,0.001
3000,14.445,33.598,248.92,634.4076,0.0012,31,90,57,0.001,0.001,53,53,0.001,0.001,86,0.001,65,0.001,0.001,0.001,96,0.001,0.001,0.001,0.001
3001,12.801,27.387,206.19,355.2997,0.0008,31,120,0.001,0.001,0.001,0.001,116,144,0.001,0.001,0.001,0.001,0.001,0.001,0.001,120,0.001,0.001,0.001,0.001
3002,15.131,35.951,265.74,701.5115,0.0006,31,194,0.001,0.001,0.001,0.001,0.001,0.001,0.001,0.001,0.001,0.001,222,0.001,0.001,83,0.001,0.001,0.001,0.001
3003,13.455,30.461,226.12,566.2275,0.0022,31,0.001,68,0.001,0.001,0.001,0.001,0.001,61,0.001,127,89,0.001,0.001,91,62,0.001,0.001,0.001,0.001
3004,0.432,22.402,185.41,92.9278,0.0003,31,0.001,94,90,0.001,67,0.001,0.001,73,0.001,0.001,0.001,84,0.001,89,0.001,0.001,0.001,0.001,0.001
3005,16.475,36.227,268.22,644.5984,0.0008,31,0.001,0.001,147,0.001,0.001,0.001,0.001,0.001,0.001,150,0.001,0.001,0.001,0.001,200,0.001,0.001,0.001,0.001
3006,15.281,35.993,267.04,591.4254,0.0019,31,0.001,0.001,91,0.001,78,0.001,0.001,0.001,0.001,0.001,92,94,141,0.001,0.001,0.001,0.001,0.001,0.001
3007,14,27.22,204.78,356.3258,0.0003,31,0.001,0.001,0.001,0.001,0.001,0.001,0.001,171,0.001,0.001,182,0.001,0.001,143,0.001,0.001,0.001,0.001,0.001
3008,11.03,18.87,150.92,131.0122,0.0009,31,79,91,94,0.001,88,0.001,66,0.001,0.001,0.001,78,0.001,0.001,0.001,0.001,0.001,0.001,0.001,0.001
3009,12.54,27.326,206.47,325.1862,0.0023,31,0.001,0.001,72,0.001,0.001,0.001,0.001,0.001,0.001,0.001,0.001,167,0.001,0.001,257,0.001,0.001,0.001,0.001
3010,13.324,24.252,184.46,279.2332,0.0005,31,0.001,208,0.001,0.001,0.001,0.001,0.001,0.001,124,163,0.001,0.001,0.001,0.001,0.001,0.001,0.001,0.001,0.001
3011,14.617,29.366,219.33,427.3791,0.0013,31,0.001,0.001,0.001,0.001,0.001,0.001,0.001,0.001,0.001,238,0.001,0.001,82,0.001,0.001,175,0.001,0.001,0.001
3012,13.493,28.951,215.2,527.2685,0.0011,31,0.001,0.001,0.001,0.001,0.001,0.001,0.001,0.001,82,0.001,0.001,151,131,131,0.001,0.001,0.001,0.001,0.001
3013,15.645,25.447,189.77,469.0363,0.0008,31,0.001,0.001,0.001,0.001,0.001,0.001,63,0.001,0.001,91,0.001,110,132,0.001,99,0.001,0.001,0.001,0.001
3014,0.974,22.478,169.61,331.1055,0.0008,31,0.001,0.001,0.001,0.001,0.001,0.001,0.001,0.001,0.001,162,0.001,0.001,0.001,203,130,0.001,0.001,0.001,0.001
3015,13.771,36.282,267.45,711.318,0.0014,31,0.001,0.001,0.001,0.001,0.001,0.001,0.001,256,0.001,0.001,0.001,0.001,0.001,0.001,0.001,238,0.001,0.001,0.001
3016,12.455,34.935,258.7,697.1676,0.0005,31,158,0.001,163,0.001,173,0.001,0.001,0.001,0.001,0.001,0.001,0.001,0.001,0.001,0.001,0.001,0.001,0.001,0.001
3017,16.425,34.862,257.69,671.4662,0.0014,31,0.001,0.001,0.001,0.001,0.001,0.001,0.001,0.001,329,0.001,0.001,0.001,0.001,165,0.001,0.001,0.001,0.001,0.001
3018,12.621,34.765,256.69,672.1214,0.0026,31,0.001,0.001,0.001,0.001,0.001,0.001,73,0.001,0.001,76,0.001,0.001,0.001,0.001,0.001,344,0.001,0.001,0.001
3019,14.069,31.781,236.7,473.3627,0.0014,31,0.001,0.001,0.001,0.001,0.001,0.001,0.001,163,0.001,183,0.001,61,0.001,0.001,0.001,86,0.001,0.001,0.001
3020,14.013,40.087,298.9,473.2796,0.0023,31,0.001,102,98,0.001,0.001,0.001,0.001,0.001,0.001,0.001,0.001,160,0.001,0.001,0.001,133,0.001,0.001,0.001
3021,0.377,23.161,174.39,350.1256,0.001,31,0.001,0.001,0.001,0.001,0.001,100,0.001,205,0.001,0.001,0.001,0.001,188,0.001,0.001,0.001,0.001,0.001,0.001
3022,15.726,34.381,254.06,719.3678,0.0012,31,0.001,68,0.001,0.001,58,0.001,80,0.001,0.001,0.001,0.001,118,168,0.001,0.001,0.001,0.001,0.001,0.001
3023,15.357,21.275,160.69,329.0458,0.0006,31,0.001,0.001,0.001,0.001,68,126,0.001,0.001,0.001,177,0.001,0.001,120,0.001,0.001,0.001,0.001,0.001,0.001
3024,15.522,32.859,243.59,587.428,0.0008,31,0.001,0.001,0.001,0.001,0.001,0.001,0.001,71,0.001,128,0.001,160,76,0.001,56,0.001,0.001,0.001,0.001
3025,15.241,38.594,284.34,798.5303,0.0011,31,0.001,0.001,0.001,0.001,0.001,203,0.001,0.001,0.001,228,0.001,0.001,0.001,0.001,60,0.001,0.001,0.001,0.001
3026,12.928,26.384,198.04,371.3158,0.0007,31,0.001,0.001,0.001,0.001,0.001,0.001,0.001,0.001,103,114,0.001,0.001,118,0.001,0.001,156,0.001,0.001,0.001
3027,12.501,29.886,222.22,520.2665,0.0011,31,0.001,0.001,0.001,0.001,0.001,0.001,0.001,342,71,0.001,0.001,0.001,78,0.001,0.001,0.001,0.001,0.001,0.001
3028,5.251,28.439,212.43,462.1751,0.0004,31,158,0.001,0.001,0.001,0.001,0.001,0.001,0.001,0.001,0.001,0.001,0.001,0.001,0.001,333,0.001,0.001,0.001,0.001
3029,6.226,27.427,204.85,453.2499,0.0014,31,84,0.001,96,0.001,0.001,0.001,0.001,0.001,0.001,0.001,0.001,0.001,0.001,0.001,0.001,310,0.001,0.001,0.001
3030,13.523,40.545,298.18,921.4085,0.0031,31,0.001,66,0.001,0.001,0.001,0.001,113,116,0.001,98,96,0.001,0.001,0.001,0.001,0.001,0.001,0.001,0.001
3031,13.457,23.152,176.15,280.2355,0.001,31,253,0.001,0.001,0.001,0.001,0.001,0.001,0.001,0.001,0.001,0.001,236,0.001,0.001,0.001,0.001,0.001,0.001,0.001
3032,16.301,23.926,180.85,327.2163,0.0013,31,0.001,0.001,162,0.001,111,0.001,0.001,0.001,0.001,147,69,0.001,0.001,0.001,0.001,0.001,0.001,0.001,0.001
3033,15.197,39.075,287.77,816.5399,0.0013,31,0.001,0.001,0.001,0.001,0.001,251,72,0.001,0.001,166,0.001,0.001,0.001,0.001,0.001,0.001,0.001,0.001,0.001
3034,15.261,33.292,247.85,507.3515,0.0006,31,0.001,0.001,0.001,0.001,120,0.001,72,0.001,0.001,105,192,0.001,0.001,0.001,0.001,0.001,0.001,0.001,0.001
3035,12.819,29.135,217.13,478.1997,0.0013,31,0.001,0.001,0.001,0.001,0.001,110,0.001,0.001,98,0.001,0.001,159,0.001,121,0.001,0.001,0.001,0.001,0.001
3036,13.694,30.046,224.09,447.3458,0.0009,31,0.001,0.001,0.001,0.001,0.001,0.001,0.001,0.001,0.001,70,0.001,0.001,0.001,149,0.001,269,0.001,0.001,0.001
3037,15.385,30.747,228.8,521.3697,0.002,30,84,0.001,78,0.001,0.001,0.001,101,0.001,85,0.001,0.001,0.001,59,0.001,80,0.001,0.001,0.001,0.001
3038,6.288,17.036,129.33,280.981,0.0007,30,0.001,0.001,0.001,0.001,0.001,0.001,0.001,0.001,0.001,0.001,0.001,126,0.001,135,0.001,226,0.001,0.001,0.001
3039,14.307,37.262,274.91,754.4728,0.001,30,65,0.001,0.001,0.001,0.001,77,116,0.001,97,0.001,0.001,57,74,0.001,0.001,0.001,82,0.001,0.001
3040,13.52,29.567,220.21,495.2717,0.0018,30,0.001,0.001,56,0.001,0.001,61,0.001,66,0.001,77,0.001,69,81,0.001,76,0.001,0.001,0.001,0.001
3041,0.532,15.241,126.11,92.0246,0.0004,30,0.001,0.001,0.001,0.001,104,0.001,0.001,0.001,0.001,0.001,0.001,0.001,0.001,0.001,0.001,381,0.001,0.001,0.001
3042,9.814,32.663,241.58,653.2658,0.0004,30,0.001,0.001,0.001,0.001,0.001,0.001,0.001,136,0.001,105,91,153,0.001,0.001,0.001,0.001,0.001,0.001,0.001
3043,7.761,17.429,133.47,245.022,0.0006,30,0.001,0.001,168,0.001,0.001,0.001,0.001,0.001,0.001,0.001,143,174,0.001,0.001,0.001,0.001,0.001,0.001,0.001
3044,14.152,30.915,229.43,555.3521,0.0011,30,0.001,54,0.001,0.001,0.001,0.001,0.001,0.001,88,0.001,0.001,0.001,0.001,0.001,0.001,342,0.001,0.001,0.001
3045,14.706,32.602,241.91,577.3738,0.0012,30,0.001,61,0.001,0.001,0.001,0.001,0.001,131,0.001,65,0.001,0.001,119,0.001,107,0.001,0.001,0.001,0.001
3046,15.711,23.507,178.12,297.2429,0.0005,30,0.001,0.001,87,0.001,0.001,0.001,0.001,0.001,0.001,0.001,89,105,119,0.001,0.001,83,0.001,0.001,0.001
3047,15.336,29.757,221.81,474.3617,0.0011,30,0.001,0.001,0.001,0.001,0.001,229,0.001,0.001,133,0.001,0.001,121,0.001,0.001,0.001,0.001,0.001,0.001,0.001
3048,14.638,33.953,252.12,577.4818,0.0011,30,0.001,69,103,0.001,81,0.001,71,0.001,0.001,0.001,0.001,0.001,60,99,0.001,0.001,0.001,0.001,0.001
3049,13.83,28.841,215.47,423.3473,0.0004,30,0.001,0.001,0.001,0.001,0.001,0.001,0.001,173,0.001,222,0.001,0.001,0.001,0.001,0.001,88,0.001,0.001,0.001
3050,14.253,23.746,180.25,295.2632,0.0007,30,0.001,206,0.001,0.001,0.001,0.001,0.001,277,0.001,0.001,0.001,0.001,0.001,0.001,0.001,0.001,0.001,0.001,0.001
3051,14.595,29.37,218.94,484.3301,0.0005,30,0.001,0.001,0.001,0.001,131,0.001,64,0.001,0.001,0.001,0.001,155,0.001,0.001,133,0.001,0.001,0.001,0.001
3052,7.571,28.301,211.2,452.1342,0.0006,30,0.001,0.001,0.001,0.001,106,0.001,0.001,110,0.001,0.001,0.001,0.001,0.001,0.001,0.001,266,0.001,0.001,0.001
3053,11.226,23.364,177.24,295.2257,0.0014,30,0.001,0.001,0.001,0.001,147,0.001,73,0.001,0.001,0.001,147,0.001,0.001,115,0.001,0.001,0.001,0.001,0.001
3054,13.633,31.629,235.3,493.388,0.0006,30,0.001,0.001,0.001,0.001,0.001,0.001,0.001,0.001,0.001,0.001,139,102,0.001,0.001,63,177,0.001,0.001,0.001
3055,13.493,29.176,217.17,500.4205,0.0017,30,0.001,0.001,0.001,0.001,0.001,0.001,0.001,398,0.001,0.001,82,0.001,0.001,0.001,0.001,0.001,0.001,0.001,0.001
3056,12.83,29.242,217.85,496.331,0.0017,30,112,0.001,0.001,0.001,0.001,0.001,102,126,0.001,0.001,0.001,140,0.001,0.001,0.001,0.001,0.001,0.001,0.001
3057,13.55,30.304,225.21,539.2386,0.002,30,58,0.001,79,0.001,0.001,0.001,0.001,0.001,78,63,0.001,0.001,0.001,0.001,0.001,202,0.001,0.001,0.001
3058,9.991,18.57,141.89,265.0276,0.0008,30,181,167,131,0.001,0.001,0.001,0.001,0.001,0.001,0.001,0.001,0.001,0.001,0.001,0.001,0.001,0.001,0.001,0.001
3059,13.465,35.988,265.66,742.3089,0.0032,30,74,0.001,0.001,0.001,0.001,0.001,0.001,0.001,75,181,0.001,149,0.001,0.001,0.001,0.001,0.001,0.001,0.001
3060,10.977,25.336,191.53,315.1939,0.0002,30,0.001,0.001,0.001,0.001,0.001,0.001,169,118,0.001,85,0.001,0.001,0.001,0.001,107,0.001,0.001,0.001,0.001
3061,9.805,23.571,178.03,309.206,0.0006,30,0.001,0.001,0.001,0.001,0.001,0.001,0.001,0.001,0.001,0.001,0.001,0.001,0.001,0.001,194,284,0.001,0.001,0.001
3062,16.328,32.875,243.87,597.3491,0.0006,30,0.001,119,106,0.001,0.001,0.001,0.001,0.001,87,81,0.001,0.001,0.001,0.001,85,0.001,0.001,0.001,0.001
3063,14.043,36.002,268.04,473.2795,0.002,30,0.001,0.001,0.001,0.001,0.001,0.001,0.001,177,0.001,0.001,94,0.001,0.001,0.001,0.001,206,0.001,0.001,0.001
3064,12.198,24.694,186.65,314.1683,0.0007,30,0.001,177,0.001,0.001,0.001,0.001,0.001,0.001,0.001,0.001,205,0.001,0.001,0.001,0.001,95,0.001,0.001,0.001
3065,12.339,18.545,141.69,265.0281,0.0004,30,189,136,151,0.001,0.001,0.001,0.001,0.001,0.001,0.001,0.001,0.001,0.001,0.001,0.001,0.001,0.001,0.001,0.001
3066,0.389,20.938,158.8,291.0864,0.0009,30,0.001,187,0.001,0.001,0.001,0.001,131,0.001,0.001,0.001,0.001,0.001,0.001,0.001,0.001,158,0.001,0.001,0.001
3067,12.192,30.04,222.57,642.0882,0.0013,30,0.001,0.001,261,0.001,0.001,0.001,0.001,0.001,0.001,0.001,0.001,0.001,214,0.001,0.001,0.001,0.001,0.001,0.001
3068,15.071,18.987,146.1,225.0054,0.0003,30,0.001,127,177,0.001,0.001,96,0.001,0.001,0.001,0.001,0.001,0.001,0.001,75,0.001,0.001,0.001,0.001,0.001
3069,13.566,26.848,201.42,409.2347,0.0008,30,115,0.001,139,0.001,96,0.001,0.001,0.001,0.001,0.001,0.001,0.001,125,0.001,0.001,0.001,0.001,0.001,0.001
3070,10.978,25.519,190.39,469.0359,0.0008,30,0.001,0.001,0.001,0.001,95,0.001,0.001,57,0.001,0.001,0.001,73,104,63,83,0.001,0.001,0.001,0.001
3071,4.401,16.377,129.13,151.0394,0.0008,30,0.001,0.001,0.001,0.001,0.001,0.001,0.001,114,0.001,0.001,0.001,67,0.001,0.001,65,228,0.001,0.001,0.001
3072,14.941,19.582,150.44,225.0245,0.0005,30,0.001,0.001,93,0.001,0.001,0.001,0.001,0.001,0.001,0.001,0.001,0.001,103,0.001,94,184,0.001,0.001,0.001
3073,15.73,28.629,214.19,437.3972,0.002,30,95,0.001,126,0.001,0.001,0.001,0.001,0.001,0.001,128,125,0.001,0.001,0.001,0.001,0.001,0.001,0.001,0.001
3074,13.624,28.327,211.51,448.2809,0.0017,30,0.001,0.001,0.001,0.001,0.001,0.001,0.001,80,0.001,0.001,76,204,0.001,114,0.001,0.001,0.001,0.001,0.001
3075,5.742,31.293,232.08,612.2702,0.0019,30,145,0.001,0.001,0.001,0.001,0.001,0.001,329,0.001,0.001,0.001,0.001,0.001,0.001,0.001,0.001,0.001,0.001,0.001
3076,14.979,29.239,218.61,435.3477,0.0012,30,0.001,96,0.001,0.001,0.001,73,0.001,92,0.001,0.001,0.001,81,0.001,0.001,132,0.001,0.001,0.001,0.001
3077,2.299,21.32,172.08,116.9725,0.0002,30,69,0.001,0.001,0.001,0.001,87,0.001,0.001,0.001,118,0.001,104,0.001,95,0.001,0.001,0.001,0.001,0.001
3078,14.576,27.313,204.59,417.3367,0.0008,30,0.001,90,109,0.001,0.001,0.001,0.001,71,72,0.001,0.001,0.001,0.001,0.001,131,0.001,0.001,0.001,0.001
3079,13.494,18.323,140.56,233.042,0.0004,30,0.001,0.001,0.001,0.001,0.001,0.001,0.001,149,158,0.001,0.001,0.001,166,0.001,0.001,0.001,0.001,0.001,0.001
3080,5.528,22.295,169.74,269.1285,0.0007,30,0.001,0.001,0.001,0.001,0.001,78,0.001,86,0.001,136,0.001,87,0.001,85,0.001,0.001,0.001,0.001,0.001
3081,11.101,18.951,144.12,280.1226,0.0007,30,0.001,0.001,103,0.001,0.001,0.001,98,98,0.001,0.001,0.001,100,0.001,73,0.001,0.001,0.001,0.001,0.001
3082,15.203,38.771,285.55,814.5253,0.0008,30,0.001,0.001,0.001,0.001,0.001,0.001,0.001,0.001,103,188,0.001,0.001,0.001,181,0.001,0.001,0.001,0.001,0.001
3083,11.343,26.989,201.73,410.2351,0.0032,30,0.001,0.001,0.001,0.001,0.001,0.001,0.001,0.001,0.001,0.001,0.001,80,0.001,0.001,0.001,392,0.001,0.001,0.001
3084,16.013,35.21,260.92,595.4377,0.0019,30,0.001,0.001,0.001,0.001,0.001,0.001,54,0.001,82,0.001,0.001,0.001,336,0.001,0.001,0.001,0.001,0.001,0.001
3085,14.082,29.125,217.47,447.3475,0.0004,29,0.001,0.001,0.001,0.001,0.001,0.001,0.001,204,0.001,267,0.001,0.001,0.001,0.001,0.001,0.001,0.001,0.001,0.001
3086,13.993,30.505,226.89,529.3327,0.0005,29,0.001,62,0.001,0.001,79,0.001,57,0.001,0.001,0.001,80,62,131,0.001,0.001,0.001,0.001,0.001,68
3087,12.985,32.268,239.28,594.3396,0.0007,29,73,0.001,0.001,0.001,0.001,136,131,74,0.001,0.001,0.001,0.001,0.001,57,0.001,0.001,0.001,0.001,0.001
3088,3.433,28.706,214.21,486.3031,0.0009,29,117,0.001,118,0.001,0.001,0.001,0.001,235,0.001,0.001,0.001,0.001,0.001,0.001,0.001,0.001,0.001,0.001,0.001
3089,11.893,19.818,150.7,277.0498,0.0008,29,0.001,0.001,0.001,0.001,0.001,83,80,65,88,0.001,0.001,0.001,72,82,0.001,0.001,0.001,0.001,0.001
3090,10.253,22.709,172.43,289.0938,0.0003,29,0.001,0.001,92,0.001,0.001,168,0.001,101,0.001,0.001,0.001,0.001,0.001,109,0.001,0.001,0.001,0.001,0.001
3091,15.856,36.45,269.15,730.5028,0.0009,29,0.001,0.001,0.001,0.001,120,163,0.001,115,71,0.001,0.001,0.001,0.001,0.001,0.001,0.001,0.001,0.001,0.001
3092,14.858,29.066,216.75,441.3103,0.0007,29,0.001,0.001,0.001,0.001,0.001,0.001,0.001,0.001,0.001,0.001,0.001,0.001,95,0.001,0.001,374,0.001,0.001,0.001
3093,13.198,31.257,231.9,568.3316,0.0014,29,0.001,0.001,0.001,0.001,0.001,98,0.001,107,75,0.001,0.001,0.001,0.001,95,94,0.001,0.001,0.001,0.001
3094,12.504,21.967,167.51,251.2007,0.0004,29,0.001,0.001,0.001,0.001,0.001,0.001,0.001,0.001,0.001,0.001,0.001,0.001,0.001,0.001,93,376,0.001,0.001,0.001
3095,13.393,32.093,239.51,467.3141,0.0005,29,0.001,86,0.001,0.001,0.001,0.001,111,271,0.001,0.001,0.001,0.001,0.001,0.001,0.001,0.001,0.001,0.001,0.001
3096,5.736,27.211,204.08,397.1678,0.0009,29,80,0.001,0.001,0.001,0.001,0.001,82,0.001,0.001,0.001,0.001,0.001,0.001,183,123,0.001,0.001,0.001,0.001
3097,13.636,30.962,230.65,465.3583,0.0015,29,0.001,0.001,0.001,0.001,0.001,0.001,0.001,241,0.001,113,0.001,0.001,0.001,0.001,0.001,114,0.001,0.001,0.001
3098,10.612,22.397,170.21,269.2112,0.0009,29,0.001,0.001,0.001,0.001,0.001,99,0.001,0.001,0.001,0.001,0.001,0.001,0.001,0.001,0.001,369,0.001,0.001,0.001
3099,12.826,28.511,214.58,369.3004,0.0011,29,121,0.001,0.001,0.001,143,0.001,0.001,0.001,0.001,0.001,0.001,204,0.001,0.001,0.001,0.001,0.001,0.001,0.001
3100,13.507,32.204,238.39,628.3184,0.0012,29,0.001,0.001,0.001,0.001,0.001,0.001,0.001,146,134,0.001,0.001,188,0.001,0.001,0.001,0.001,0.001,0.001,0.001
3101,2.216,17.189,135.83,145.0866,0.0007,29,0.001,0.001,0.001,0.001,0.001,95,0.001,0.001,0.001,0.001,0.001,0.001,0.001,0.001,0.001,372,0.001,0.001,0.001
3102,16.432,31.449,234.28,495.4412,0.0009,29,0.001,0.001,91,0.001,0.001,0.001,0.001,0.001,0.001,83,0.001,0.001,201,0.001,91,0.001,0.001,0.001,0.001
3103,15.057,35.391,261.12,733.3381,0.0009,29,0.001,0.001,97,0.001,0.001,0.001,0.001,0.001,0.001,0.001,61,102,135,0.001,0.001,71,0.001,0.001,0.001
3104,15.21,31.292,232.51,534.3572,0.0017,29,0.001,0.001,0.001,0.001,0.001,0.001,0.001,109,0.001,92,0.001,265,0.001,0.001,0.001,0.001,0.001,0.001,0.001
3105,16.227,31.247,232.58,511.4533,0.001,29,0.001,87,0.001,0.001,0.001,0.001,0.001,0.001,0.001,76,0.001,93,210,0.001,0.001,0.001,0.001,0.001,0.001
3106,15.335,28.338,211.69,425.3613,0.0006,29,0.001,0.001,0.001,0.001,0.001,0.001,0.001,0.001,0.001,0.001,54,0.001,0.001,0.001,74,337,0.001,0.001,0.001
3107,16.434,36.807,271.94,686.6281,0.0007,29,0.001,0.001,0.001,0.001,0.001,0.001,0.001,128,0.001,0.001,0.001,178,159,0.001,0.001,0.001,0.001,0.001,0.001
3108,14.017,27.412,204.55,433.2535,0.0037,29,0.001,0.001,0.001,0.001,0.001,51,0.001,0.001,0.001,0.001,0.001,0.001,0.001,0.001,0.001,414,0.001,0.001,0.001
3109,14.783,29.624,220.47,498.3607,0.0019,29,0.001,0.001,192,0.001,0.001,83,0.001,0.001,0.001,0.001,0.001,0.001,0.001,0.001,0.001,190,0.001,0.001,0.001
3110,10.021,24.524,182.97,445.0528,0.0012,29,0.001,0.001,0.001,0.001,0.001,92,0.001,0.001,107,0.001,0.001,0.001,0.001,0.001,0.001,266,0.001,0.001,0.001
3111,0.299,17.215,133.36,195.0493,0.0005,29,0.001,153,0.001,0.001,0.001,0.001,0.001,0.001,0.001,0.001,0.001,0.001,0.001,0.001,0.001,311,0.001,0.001,0.001
3112,13.603,28.856,215.25,445.3309,0.001,29,0.001,0.001,0.001,0.001,0.001,0.001,104,0.001,0.001,0.001,0.001,0.001,0.001,0.001,85,275,0.001,0.001,0.001
3113,13.899,37.531,279.72,473.2848,0.0009,29,0.001,0.001,0.001,0.001,0.001,0.001,135,0.001,0.001,0.001,137,0.001,192,0.001,0.001,0.001,0.001,0.001,0.001
3114,1.625,30.072,223.75,477.0141,0.003,29,0.001,0.001,0.001,0.001,0.001,0.001,0.001,0.001,0.001,296,0.001,0.001,0.001,0.001,0.001,167,0.001,0.001,0.001
3115,15.995,23.176,176.08,281.2481,0.0009,29,0.001,0.001,0.001,0.001,0.001,133,185,0.001,0.001,145,0.001,0.001,0.001,0.001,0.001,0.001,0.001,0.001,0.001
3116,3.088,29.207,217.28,552.2297,0.0007,29,89,112,126,0.001,0.001,0.001,0.001,0.001,0.001,0.001,0.001,0.001,136,0.001,0.001,0.001,0.001,0.001,0.001
3117,13.091,19.86,150.96,276.0526,0.0003,29,0.001,103,0.001,0.001,0.001,0.001,0.001,0.001,0.001,0.001,0.001,0.001,0.001,0.001,0.001,359,0.001,0.001,0.001
3118,15.511,30.444,226.27,507.4762,0.0011,29,0.001,0.001,0.001,0.001,0.001,90,0.001,64,0.001,0.001,0.001,0.001,0.001,0.001,0.001,308,0.001,0.001,0.001
3119,5.174,26.662,199.25,436.2197,0.001,29,0.001,0.001,0.001,0.001,0.001,116,0.001,175,0.001,82,0.001,0.001,0.001,88,0.001,0.001,0.001,0.001,0.001
3120,13.252,30.491,227.17,463.3408,0.0009,29,0.001,0.001,0.001,0.001,0.001,0.001,0.001,148,0.001,116,0.001,0.001,0.001,0.001,0.001,197,0.001,0.001,0.001
3121,11.06,22.825,170.66,414.9471,0.0011,29,0.001,0.001,0.001,0.001,0.001,149,0.001,0.001,0.001,0.001,0.001,173,0.001,0.001,0.001,139,0.001,0.001,0.001
3122,14.639,30.454,227.68,459.3458,0.0011,29,82,71,123,0.001,102,0.001,0.001,0.001,0.001,0.001,82,0.001,0.001,0.001,0.001,0.001,0.001,0.001,0.001
3123,15.473,34.747,256.75,683.3837,0.0015,29,0.001,0.001,0.001,0.001,0.001,72,0.001,60,0.001,0.001,0.001,117,130,0.001,81,0.001,0.001,0.001,0.001
3124,0.476,16.9,131.65,188.0012,0.0006,29,401,59,0.001,0.001,0.001,0.001,0.001,0.001,0.001,0.001,0.001,0.001,0.001,0.001,0.001,0.001,0.001,0.001,0.001
3125,12.828,31.365,232.83,571.3272,0.0011,29,0.001,0.001,91,0.001,0.001,0.001,0.001,134,133,0.001,101,0.001,0.001,0.001,0.001,0.001,0.001,0.001,0.001
3126,9.653,26.708,212,141.0151,0.0005,29,0.001,0.001,74,0.001,58,0.001,55,95,94,83,0.001,0.001,0.001,0.001,0.001,0.001,0.001,0.001,0.001
3127,13.335,26.849,201.18,413.2674,0.0008,29,0.001,0.001,102,0.001,79,0.001,0.001,95,0.001,0.001,0.001,0.001,0.001,56,127,0.001,0.001,0.001,0.001
3128,0.349,22.849,172.02,351.1084,0.0013,29,0.001,0.001,0.001,0.001,0.001,0.001,0.001,106,0.001,0.001,0.001,118,99,62,74,0.001,0.001,0.001,0.001
3129,15.223,39.515,290.87,842.5234,0.0021,29,0.001,0.001,0.001,0.001,0.001,348,0.001,0.001,0.001,0.001,0.001,0.001,0.001,110,0.001,0.001,0.001,0.001,0.001
3130,13.198,27.282,204.06,423.2913,0.0017,29,0.001,0.001,0.001,0.001,0.001,72,0.001,87,0.001,0.001,0.001,92,0.001,98,109,0.001,0.001,0.001,0.001
3131,10.801,29.291,218.38,453.3208,0.0012,29,0.001,0.001,0.001,0.001,0.001,0.001,0.001,203,0.001,0.001,0.001,0.001,0.001,172,0.001,83,0.001,0.001,0.001
3132,5.517,26.391,198.23,387.0749,0,29,0.001,0.001,330,0.001,0.001,0.001,0.001,0.001,127,0.001,0.001,0.001,0.001,0.001,0.001,0.001,0.001,0.001,0.001
3133,12.925,32.788,242.73,637.2899,0.0017,29,76,85,0.001,0.001,0.001,0.001,0.001,0.001,103,0.001,0.001,84,0.001,0.001,0.001,109,0.001,0.001,0.001
3134,12.726,34.324,254.16,632.1703,0.0018,29,0.001,0.001,0.001,0.001,102,0.001,0.001,0.001,115,0.001,69,95,75,0.001,0.001,0.001,0.001,0.001,0.001
3135,13.347,26.525,201.09,303.232,0.0002,29,294,0.001,0.001,0.001,0.001,0.001,0.001,0.001,0.001,0.001,0.001,0.001,0.001,162,0.001,0.001,0.001,0.001,0.001
3136,12.83,29.949,222.67,549.2704,0.001,28,87,73,66,0.001,0.001,0.001,0.001,0.001,0.001,0.001,89,0.001,0.001,71,69,0.001,0.001,0.001,0.001
3137,13.126,29.576,220.65,443.3158,0.001,28,0.001,0.001,0.001,0.001,0.001,0.001,0.001,227,0.001,147,0.001,0.001,0.001,0.001,0.001,81,0.001,0.001,0.001
3138,16.095,30.733,228.59,521.3688,0.0008,28,0.001,0.001,74,0.001,0.001,77,86,59,0.001,0.001,0.001,0.001,70,0.001,89,0.001,0.001,0.001,50
3139,16.24,13.166,100.6,259.9317,0.0007,28,0.001,110,86,0.001,0.001,0.001,0.001,0.001,0.001,0.001,87,64,0.001,0.001,107,0.001,0.001,0.001,0.001
3140,13.501,30.995,230.74,513.2555,0.0013,28,0.001,87,0.001,0.001,62,0.001,71,0.001,0.001,0.001,82,95,0.001,0.001,57,0.001,0.001,0.001,0.001
3141,13.893,29.868,222.25,526.2911,0.0026,28,0.001,51,56,0.001,0.001,153,0.001,0.001,0.001,0.001,0.001,0.001,0.001,64,130,0.001,0.001,0.001,0.001
3142,11.615,20.469,155.38,288.0333,0.0001,28,0.001,0.001,0.001,0.001,0.001,129,0.001,118,0.001,100,0.001,106,0.001,0.001,0.001,0.001,0.001,0.001,0.001
3143,13.627,32.012,238.05,517.3887,0.0007,28,0.001,0.001,0.001,0.001,0.001,0.001,0.001,177,0.001,105,0.001,0.001,93,78,0.001,0.001,0.001,0.001,0.001
3144,2.15,20.098,153.45,261.0919,0.0008,28,0.001,122,191,0.001,0.001,73,0.001,0.001,0.001,0.001,0.001,0.001,66,0.001,0.001,0.001,0.001,0.001,0.001
3145,13.329,27.408,204.83,435.2514,0.0015,28,0.001,0.001,0.001,0.001,0.001,0.001,71,262,0.001,0.001,0.001,119,0.001,0.001,0.001,0.001,0.001,0.001,0.001
3146,0.459,21.148,159.51,352.9866,0.0004,28,0.001,150,99,0.001,107,0.001,0.001,0.001,0.001,0.001,0.001,0.001,0.001,0.001,95,0.001,0.001,0.001,0.001
3147,13.609,29.977,224.06,447.3464,0.001,28,93,0.001,0.001,0.001,67,0.001,0.001,0.001,78,0.001,0.001,0.001,0.001,112,101,0.001,0.001,0.001,0.001
3148,1.586,23.898,180.07,343.1977,0.0009,28,0.001,0.001,0.001,0.001,0.001,0.001,0.001,323,0.001,0.001,0.001,126,0.001,0.001,0.001,0.001,0.001,0.001,0.001
3149,15.317,37.645,277.53,770.4977,0.0026,28,0.001,0.001,0.001,0.001,0.001,0.001,0.001,147,0.001,0.001,91,0.001,0.001,211,0.001,0.001,0.001,0.001,0.001
3150,12.217,18.333,140.38,245.0223,0.0009,28,74,77,0.001,0.001,0.001,73,0.001,72,0.001,0.001,72,0.001,79,0.001,0.001,0.001,0.001,0.001,0.001
3151,0.435,21.554,163.17,304.1079,0.0006,28,0.001,139,0.001,0.001,0.001,0.001,0.001,0.001,0.001,111,0.001,0.001,0.001,0.001,114,83,0.001,0.001,0.001
3152,0.342,23.574,195.09,92.9281,0.0007,28,125,0.001,78,0.001,0.001,0.001,0.001,115,0.001,0.001,0.001,128,0.001,0.001,0.001,0.001,0.001,0.001,0.001
3153,11.741,24.023,179.91,403.0644,0.0007,28,0.001,0.001,0.001,0.001,103,0.001,0.001,0.001,0.001,0.001,0.001,0.001,0.001,0.001,0.001,343,0.001,0.001,0.001
3154,13.768,22.709,172.86,267.2303,0.0001,28,0.001,0.001,0.001,0.001,105,0.001,0.001,0.001,0.001,0.001,0.001,0.001,0.001,0.001,0.001,341,0.001,0.001,0.001
3155,6.033,35.1,259.04,742.3266,0.003,28,58,68,0.001,0.001,0.001,63,0.001,0.001,0.001,0.001,68,0.001,78,0.001,0.001,111,0.001,0.001,0.001
3156,13.03,18.306,140.21,245.0229,0.0008,28,56,88,0.001,0.001,86,0.001,0.001,56,103,0.001,56,0.001,0.001,0.001,0.001,0.001,0.001,63,0.001
3157,14.184,30.197,223.57,644.1237,0.0007,28,0.001,0.001,124,0.001,0.001,0.001,0.001,0.001,0.001,0.001,0.001,90,156,0.001,75,0.001,0.001,0.001,0.001
3158,9.027,20.47,155.36,307.0395,0.0007,28,148,0.001,140,0.001,157,0.001,0.001,0.001,0.001,0.001,0.001,0.001,0.001,0.001,0.001,0.001,0.001,0.001,0.001
3159,2.907,15.69,124.9,134.0608,0,28,0.001,0.001,0.001,0.001,0.001,0.001,0.001,96,0.001,131,0.001,0.001,0.001,0.001,0.001,217,0.001,0.001,0.001
3160,11.498,21.267,161.16,305.0308,0.0011,28,0.001,0.001,216,0.001,0.001,0.001,78,0.001,0.001,0.001,0.001,0.001,150,0.001,0.001,0.001,0.001,0.001,0.001
3161,1.228,30.968,241.99,172.9905,0.0004,28,118,0.001,0.001,0.001,0.001,0.001,0.001,0.001,173,153,0.001,0.001,0.001,0.001,0.001,0.001,0.001,0.001,0.001
3162,13.511,32.673,242.13,614.3288,0.0018,28,0.001,148,0.001,0.001,0.001,0.001,0.001,90,0.001,0.001,75,0.001,0.001,0.001,130,0.001,0.001,0.001,0.001
3163,15.987,28.861,212.9,813.9778,0.0003,28,101,0.001,0.001,0.001,0.001,0.001,0.001,0.001,0.001,0.001,0.001,342,0.001,0.001,0.001,0.001,0.001,0.001,0.001
3164,13.756,19.878,151.1,276.0526,0.0003,28,0.001,78,0.001,0.001,0.001,0.001,0.001,0.001,0.001,0.001,0.001,0.001,0.001,0.001,0.001,365,0.001,0.001,0.001
3165,2.11,25.311,204.46,116.9733,0.0007,28,0.001,93,93,0.001,67,0.001,0.001,0.001,124,0.001,0.001,0.001,0.001,0.001,66,0.001,0.001,0.001,0.001
3166,9.131,20.086,150.75,398.9342,0.0007,28,90,65,74,0.001,0.001,0.001,0.001,0.001,0.001,0.001,0.001,0.001,61,86,67,0.001,0.001,74,0.001
3167,11.049,25.441,192.57,315.1935,0.0008,28,97,0.001,0.001,0.001,81,103,0.001,0.001,0.001,0.001,0.001,0.001,0.001,0.001,162,0.001,0.001,0.001,0.001
3168,13.514,32.116,237.65,615.2301,0.0022,28,0.001,0.001,0.001,0.001,0.001,127,0.001,0.001,0.001,0.001,105,0.001,0.001,128,0.001,82,0.001,0.001,0.001
3169,12.447,32.088,238.19,537.4146,0.0013,28,0.001,0.001,0.001,0.001,0.001,0.001,0.001,92,0.001,151,0.001,0.001,0.001,0.001,69,130,0.001,0.001,0.001
3170,12.433,35.506,261.95,741.1919,0.0013,28,0.001,0.001,0.001,0.001,0.001,0.001,107,119,0.001,0.001,79,0.001,0.001,0.001,137,0.001,0.001,0.001,0.001
3171,13.914,32.489,241.45,564.2121,0.0013,28,97,55,0.001,0.001,84,0.001,0.001,0.001,0.001,0.001,0.001,88,0.001,118,0.001,0.001,0.001,0.001,0.001
3172,13.434,34.046,251.81,670.275,0.0021,28,0.001,0.001,76,0.001,0.001,0.001,0.001,0.001,66,109,0.001,102,0.001,88,0.001,0.001,0.001,0.001,0.001
3173,15.209,35.956,265.1,703.4543,0.0039,28,0.001,0.001,0.001,0.001,0.001,145,0.001,0.001,0.001,0.001,0.001,0.001,0.001,0.001,0.001,296,0.001,0.001,0.001
3174,2.74,17.697,136.34,213.0142,0.0006,28,0.001,0.001,0.001,0.001,0.001,0.001,0.001,54,85,62,0.001,0.001,0.001,0.001,0.001,239,0.001,0.001,62
3175,7.388,27.92,221.71,141.0175,0.0011,28,79,86,0.001,0.001,79,0.001,0.001,0.001,0.001,103,0.001,93,0.001,0.001,0.001,0.001,0.001,74,0.001
3176,0.818,13.465,105.93,162.8376,0.0005,27,104,105,73,0.001,66,0.001,0.001,0.001,0.001,0.001,0.001,0.001,0.001,0.001,91,0.001,0.001,0.001,0.001
3177,16.106,37.118,273.93,748.5257,0.0042,27,0.001,75,0.001,0.001,0.001,0.001,0.001,108,55,136,0.001,64,0.001,0.001,0.001,0.001,0.001,0.001,0.001
3178,6.482,31.629,234.44,609.295,0.0014,27,0.001,62,0.001,0.001,0.001,0.001,0.001,164,58,0.001,0.001,154,0.001,0.001,0.001,0.001,0.001,0.001,0.001
3179,14.437,26.281,199.92,283.264,0.0006,27,0.001,171,0.001,0.001,156,0.001,0.001,0.001,0.001,111,0.001,0.001,0.001,0.001,0.001,0.001,0.001,0.001,0.001
3180,11.027,24.117,179.56,508.9588,0.0015,27,0.001,0.001,86,0.001,0.001,0.001,0.001,0.001,0.001,114,0.001,0.001,75,68,94,0.001,0.001,0.001,0.001
3181,15.052,39.355,289.61,856.5001,0.0029,27,0.001,0.001,0.001,0.001,0.001,203,0.001,0.001,0.001,0.001,0.001,164,70,0.001,0.001,0.001,0.001,0.001,0.001
3182,13.404,27.653,206.1,478.1764,0.0012,27,0.001,0.001,0.001,0.001,0.001,0.001,104,79,0.001,140,0.001,0.001,0.001,114,0.001,0.001,0.001,0.001,0.001
3183,11.291,24.903,188.51,293.2104,0.0003,27,0.001,0.001,0.001,0.001,0.001,0.001,0.001,0.001,0.001,0.001,0.001,0.001,0.001,0.001,91,345,0.001,0.001,0.001
3184,15.503,37.231,274.58,754.5028,0.0006,27,0.001,0.001,0.001,0.001,0.001,86,0.001,0.001,0.001,0.001,0.001,81,0.001,191,78,0.001,0.001,0.001,0.001
3185,9.602,29.213,216.99,540.2126,0.0013,27,0.001,0.001,0.001,0.001,57,0.001,0.001,0.001,0.001,105,0.001,96,0.001,98,0.001,80,0.001,0.001,0.001
3186,13.782,31.525,234.05,534.2618,0.0016,27,0.001,0.001,0.001,0.001,0.001,97,0.001,0.001,0.001,53,0.001,104,0.001,0.001,0.001,182,0.001,0.001,0.001
3187,7.318,22.946,170.51,588.9508,0.0018,27,115,92,74,0.001,93,0.001,0.001,0.001,0.001,0.001,60,0.001,0.001,0.001,0.001,0.001,0.001,0.001,0.001
3188,12.947,30.303,226.16,467.3724,0.0015,27,0.001,0.001,180,0.001,0.001,0.001,147,107,0.001,0.001,0.001,0.001,0.001,0.001,0.001,0.001,0.001,0.001,0.001
3189,10.667,28.964,215.82,481.2808,0.0011,27,0.001,0.001,0.001,0.001,0.001,0.001,0.001,245,0.001,105,0.001,0.001,84,0.001,0.001,0.001,0.001,0.001,0.001
3190,10.482,18.845,150.6,131.0121,0.0007,27,0.001,67,0.001,0.001,67,0.001,0.001,72,0.001,0.001,70,64,94,0.001,0.001,0.001,0.001,0.001,0.001
3191,14.611,36.559,269.63,721.4644,0.0022,27,0.001,0.001,0.001,0.001,0.001,0.001,0.001,0.001,0.001,0.001,146,135,0.001,0.001,52,101,0.001,0.001,0.001
3192,10.447,36.201,267.52,694.2083,0.0018,27,73,0.001,0.001,0.001,0.001,0.001,75,65,0.001,60,0.001,0.001,61,0.001,100,0.001,0.001,0.001,0.001
3193,15.028,36.423,268.8,727.4553,0.0005,27,0.001,0.001,0.001,0.001,0.001,192,0.001,176,0.001,65,0.001,0.001,0.001,0.001,0.001,0.001,0.001,0.001,0.001
3194,14.349,30.265,226.11,479.482,0.0005,27,0.001,161,136,0.001,135,0.001,0.001,0.001,0.001,0.001,0.001,0.001,0.001,0.001,0.001,0.001,0.001,0.001,0.001
3195,14.545,28.375,212.01,453.3224,0.0007,27,0.001,69,0.001,0.001,88,0.001,0.001,71,0.001,0.001,0.001,103,0.001,0.001,101,0.001,0.001,0.001,0.001
3196,11.747,26.759,200.42,401.2284,0.0009,27,0.001,0.001,0.001,0.001,71,0.001,0.001,0.001,0.001,0.001,0.001,0.001,0.001,0.001,0.001,361,0.001,0.001,0.001
3197,11.166,21.546,162.27,359.0327,0.0005,27,95,0.001,94,0.001,0.001,0.001,0.001,0.001,0.001,0.001,0.001,0.001,72,84,86,0.001,0.001,0.001,0.001
3198,0.513,28.242,233.5,92.928,0.0004,27,0.001,0.001,83,0.001,0.001,0.001,0.001,100,0.001,60,94,0.001,93,0.001,0.001,0.001,0.001,0.001,0.001
3199,15.46,36.666,270.67,677.432,0.0018,27,0.001,0.001,0.001,0.001,0.001,0.001,0.001,0.001,0.001,0.001,0.001,234,87,0.001,0.001,109,0.001,0.001,0.001
3200,13.539,32.947,244.03,648.3537,0.002,27,55,0.001,0.001,0.001,99,0.001,0.001,0.001,0.001,116,0.001,0.001,0.001,160,0.001,0.001,0.001,0.001,0.001
3201,14.065,27.68,207.26,395.2617,0.001,27,0.001,0.001,0.001,0.001,0.001,147,0.001,0.001,0.001,0.001,0.001,0.001,112,0.001,0.001,171,0.001,0.001,0.001
3202,13.786,34.732,257.43,607.4688,0.0032,27,0.001,0.001,175,0.001,151,0.001,0.001,0.001,0.001,0.001,0.001,0.001,0.001,0.001,0.001,104,0.001,0.001,0.001
3203,10.338,27.799,206.97,489.2817,0.002,27,0.001,0.001,0.001,0.001,240,0.001,0.001,0.001,0.001,0.001,0.001,0.001,0.001,0.001,0.001,189,0.001,0.001,0.001
3204,15.424,28.104,211.95,339.3257,0.0005,27,0.001,122,0.001,0.001,0.001,0.001,0.001,138,62,0.001,0.001,0.001,0.001,106,0.001,0.001,0.001,0.001,0.001
3205,9.482,20.083,150.73,398.9343,0.001,27,61,61,0.001,0.001,77,0.001,0.001,0.001,61,0.001,0.001,0.001,71,97,0.001,0.001,67,0.001,0.001
3206,12.879,34.663,256.58,647.1886,0.0016,27,0.001,172,124,0.001,0.001,0.001,0.001,0.001,0.001,0.001,0.001,0.001,0.001,0.001,0.001,132,0.001,0.001,0.001
3207,13.073,23.618,178.77,306.2173,0.0005,27,0.001,0.001,0.001,0.001,0.001,0.001,132,0.001,102,0.001,121,0.001,0.001,72,0.001,0.001,0.001,0.001,0.001
3208,16.059,29.561,220.47,465.4309,0.0014,27,0.001,0.001,0.001,0.001,0.001,0.001,0.001,98,0.001,99,0.001,112,118,0.001,0.001,0.001,0.001,0.001,0.001
3209,13.32,13.068,100.11,249.9713,0.0017,27,190,0.001,0.001,0.001,168,0.001,0.001,69,0.001,0.001,0.001,0.001,0.001,0.001,0.001,0.001,0.001,0.001,0.001
3210,13.615,22.189,169.36,255.4577,0.0015,27,0.001,0.001,0.001,0.001,0.001,0.001,146,0.001,170,0.001,0.001,0.001,0.001,111,0.001,0.001,0.001,0.001,0.001
3211,14.758,33.113,245.74,576.4716,0.0004,27,0.001,77,0.001,0.001,0.001,0.001,0.001,0.001,70,0.001,0.001,0.001,0.001,134,146,0.001,0.001,0.001,0.001
3212,9.884,23.954,181.3,313.2369,0.001,27,0.001,0.001,0.001,0.001,88,0.001,0.001,226,0.001,0.001,0.001,112,0.001,0.001,0.001,0.001,0.001,0.001,0.001
3213,4.934,29.292,217.78,541.2473,0.0026,27,0.001,0.001,53,0.001,64,75,0.001,87,0.001,0.001,0.001,0.001,81,0.001,66,0.001,0.001,0.001,0.001
3214,14.662,32.306,244.88,283.2615,0.0011,27,0.001,0.001,0.001,0.001,0.001,0.001,0.001,190,0.001,0.001,0.001,0.001,0.001,0.001,0.001,236,0.001,0.001,0.001
3215,12.481,34.2,253.58,635.1715,0.0004,27,97,128,0.001,0.001,104,0.001,0.001,0.001,0.001,97,0.001,0.001,0.001,0.001,0.001,0.001,0.001,0.001,0.001
3216,15.162,33.468,247.81,575.4655,0.0009,27,0.001,0.001,0.001,0.001,0.001,0.001,0.001,0.001,0.001,0.001,0.001,0.001,0.001,0.001,149,276,0.001,0.001,0.001
3217,11.819,27.828,208.02,431.3172,0.0004,27,0.001,0.001,0.001,0.001,0.001,0.001,0.001,0.001,0.001,318,0.001,0.001,0.001,107,0.001,0.001,0.001,0.001,0.001
3218,14.68,25.193,189.94,333.2789,0.0006,27,0.001,0.001,0.001,0.001,165,0.001,0.001,0.001,0.001,0.001,0.001,0.001,0.001,0.001,0.001,260,0.001,0.001,0.001
3219,12.806,31.069,230.51,568.2682,0.0004,27,0.001,0.001,0.001,0.001,0.001,196,0.001,137,0.001,0.001,0.001,0.001,0.001,0.001,91,0.001,0.001,0.001,0.001
3220,12.248,25.234,190.12,347.2578,0.0004,27,0.001,87,112,0.001,0.001,0.001,0.001,0.001,0.001,62,0.001,0.001,0.001,0.001,0.001,163,0.001,0.001,0.001
3221,11.971,29.913,222.33,525.3029,0.0033,27,0.001,82,0.001,0.001,0.001,0.001,106,0.001,0.001,127,0.001,0.001,0.001,0.001,0.001,109,0.001,0.001,0.001
3222,14.694,31.768,235.95,519.4045,0.0017,26,0.001,0.001,0.001,0.001,0.001,0.001,0.001,144,0.001,0.001,0.001,0.001,0.001,104,0.001,175,0.001,0.001,0.001
3223,11.879,18.309,140.11,244.0273,0.0005,26,0.001,0.001,0.001,0.001,0.001,154,125,0.001,0.001,144,0.001,0.001,0.001,0.001,0.001,0.001,0.001,0.001,0.001
3224,10.574,24.745,186.35,337.2368,0.0007,26,0.001,0.001,0.001,0.001,0.001,0.001,0.001,79,0.001,0.001,0.001,0.001,0.001,0.001,86,258,0.001,0.001,0.001
3225,13.593,25.781,194.07,357.2985,0.001,26,0.001,97,0.001,0.001,0.001,119,0.001,0.001,0.001,0.001,0.001,113,0.001,94,0.001,0.001,0.001,0.001,0.001
3226,11.771,19.671,148.84,314.0295,0.0013,26,0.001,0.001,54,0.001,0.001,79,75,69,0.001,71,0.001,74,0.001,0.001,0.001,0.001,0.001,0.001,0.001
3227,0.544,21.89,181.04,92.928,0.0003,26,0.001,0.001,84,0.001,0.001,69,0.001,0.001,103,0.001,0.001,79,0.001,0.001,87,0.001,0.001,0.001,0.001
3228,3.367,8.9,70.83,141.0183,0.0009,26,120,0.001,0.001,0.001,78,0.001,0.001,0.001,0.001,129,0.001,0.001,0.001,0.001,95,0.001,0.001,0.001,0.001
3229,12.078,21.598,162.74,359.0328,0.0005,26,81,0.001,93,0.001,75,0.001,0.001,0.001,0.001,0.001,0.001,80,0.001,0.001,93,0.001,0.001,0.001,0.001
3230,11.443,22.073,165.68,401.0456,0.0008,26,90,77,87,0.001,0.001,0.001,0.001,0.001,0.001,0.001,0.001,79,89,0.001,0.001,0.001,0.001,0.001,0.001
3231,13.425,28.833,214.73,504.2609,0.0016,26,0.001,54,99,0.001,98,0.001,0.001,52,0.001,61,0.001,0.001,0.001,0.001,0.001,58,0.001,0.001,0.001
3232,10.332,18.294,140.07,245.022,0.0003,26,68,74,0.001,0.001,0.001,0.001,51,0.001,0.001,0.001,56,58,0.001,61,54,0.001,0.001,0.001,0.001
3233,2.781,26.844,200.24,464.1967,0.001,26,0.001,0.001,0.001,0.001,0.001,98,0.001,233,0.001,0.001,90,0.001,0.001,0.001,0.001,0.001,0.001,0.001,0.001
3234,13.163,24.341,183.95,325.1832,0.0012,26,0.001,53,0.001,0.001,103,0.001,0.001,0.001,0.001,0.001,103,68,0.001,94,0.001,0.001,58,0.001,0.001
3235,15.864,19.62,150.57,223.0278,0.0003,26,0.001,0.001,0.001,0.001,0.001,0.001,154,0.001,0.001,0.001,0.001,0.001,0.001,0.001,0.001,267,0.001,0.001,0.001
3236,13.471,35.955,265.39,748.3057,0.0009,26,88,0.001,0.001,0.001,0.001,86,0.001,0.001,0.001,0.001,135,0.001,0.001,112,0.001,0.001,0.001,0.001,0.001
3237,13.728,19.896,151.29,275.0553,0.0005,26,0.001,0.001,0.001,0.001,76,0.001,0.001,0.001,115,0.001,0.001,0.001,0.001,0.001,0.001,230,0.001,0.001,0.001
3238,6.761,31.536,233.59,610.3128,0.0016,26,0.001,0.001,0.001,0.001,0.001,0.001,0.001,190,64,65,0.001,0.001,0.001,102,0.001,0.001,0.001,0.001,0.001
3239,2.462,29.987,222.1,606.9974,0.0026,26,213,0.001,0.001,0.001,0.001,0.001,0.001,0.001,0.001,0.001,0.001,0.001,0.001,0.001,106,102,0.001,0.001,0.001
3240,13.695,38.474,282.82,831.354,0.0059,26,0.001,0.001,0.001,0.001,0.001,0.001,0.001,0.001,0.001,0.001,0.001,0.001,287,0.001,0.001,133,0.001,0.001,0.001
3241,1.255,24.338,183.72,338.1072,0.0008,26,0.001,0.001,82,0.001,0.001,0.001,0.001,338,0.001,0.001,0.001,0.001,0.001,0.001,0.001,0.001,0.001,0.001,0.001
3242,1.07,18.281,141.93,188.0917,0.0009,26,0.001,0.001,73,0.001,0.001,0.001,0.001,0.001,0.001,0.001,0.001,0.001,0.001,0.001,0.001,347,0.001,0.001,0.001
3243,9.465,24.39,184.27,313.2369,0.0008,26,0.001,0.001,0.001,0.001,0.001,0.001,0.001,89,0.001,0.001,0.001,108,0.001,0.001,92,131,0.001,0.001,0.001
3244,14.849,29.906,222.81,498.3468,0.0017,26,50,0.001,0.001,0.001,53,0.001,0.001,69,0.001,0.001,83,0.001,84,0.001,81,0.001,0.001,0.001,0.001
3245,14.205,29.206,216.62,561.13,0.0021,26,0.001,0.001,0.001,0.001,0.001,56,0.001,53,0.001,0.001,0.001,101,132,0.001,0.001,78,0.001,0.001,0.001
3246,16.129,37.291,275.03,753.4721,0.0017,26,0.001,0.001,0.001,0.001,0.001,182,0.001,237,0.001,0.001,0.001,0.001,0.001,0.001,0.001,0.001,0.001,0.001,0.001
3247,2.36,18.938,145.1,230.0104,0.0001,26,0.001,0.001,0.001,0.001,0.001,0.001,0.001,0.001,283,0.001,0.001,0.001,0.001,0.001,0.001,136,0.001,0.001,0.001
3248,3.4,29.521,219.33,552.2495,0.0009,26,0.001,0.001,70,0.001,0.001,0.001,0.001,175,0.001,0.001,0.001,0.001,104,0.001,70,0.001,0.001,0.001,0.001
3249,10.207,30.185,224.43,559.3009,0.0002,26,0.001,0.001,166,0.001,165,0.001,0.001,0.001,88,0.001,0.001,0.001,0.001,0.001,0.001,0.001,0.001,0.001,0.001
3250,15.819,24.801,183.46,630.9574,0.0026,26,0.001,0.001,0.001,0.001,0.001,0.001,116,0.001,0.001,115,0.001,0.001,0.001,78,0.001,109,0.001,0.001,0.001
3251,15.147,19.563,150.5,224.0279,0.0007,26,0.001,0.001,119,0.001,0.001,0.001,0.001,0.001,0.001,0.001,0.001,128,171,0.001,0.001,0.001,0.001,0.001,0.001
3252,15.606,31.797,236.03,553.3919,0.0021,26,0.001,0.001,0.001,0.001,84,0.001,0.001,0.001,0.001,81,0.001,73,0.001,0.001,75,105,0.001,0.001,0.001
3253,15.101,28.583,213.53,440.377,0.0008,26,0.001,0.001,0.001,0.001,0.001,0.001,0.001,84,0.001,0.001,88,0.001,104,55,86,0.001,0.001,0.001,0.001
3254,13.567,37.969,279.97,821.4499,0.0015,26,0.001,106,0.001,0.001,78,0.001,0.001,81,0.001,0.001,0.001,0.001,0.001,152,0.001,0.001,0.001,0.001,0.001
3255,14.295,30.508,226.99,528.3354,0.0006,26,137,0.001,0.001,0.001,77,0.001,0.001,0.001,0.001,0.001,0.001,0.001,124,0.001,78,0.001,0.001,0.001,76
3256,11.686,27.101,202.27,469.248,0.0007,26,0.001,80,0.001,0.001,0.001,117,0.001,219,0.001,0.001,0.001,0.001,0.001,0.001,0.001,0.001,0.001,0.001,0.001
3257,1.304,27.682,215.9,172.9907,0.0011,26,0.001,0.001,0.001,0.001,0.001,0.001,0.001,0.001,0.001,151,0.001,121,0.001,0.001,0.001,144,0.001,0.001,0.001
3258,15.045,29.586,220.91,423.3841,0.0015,26,0.001,0.001,0.001,0.001,0.001,0.001,0.001,0.001,0.001,122,0.001,0.001,0.001,0.001,0.001,293,0.001,0.001,0.001
3259,15.889,29.234,217.98,480.3078,0.0008,26,0.001,75,0.001,0.001,0.001,0.001,122,0.001,0.001,0.001,63,0.001,0.001,155,0.001,0.001,0.001,0.001,0.001
3260,14.144,30.355,225.98,467.3729,0.0002,26,0.001,0.001,0.001,0.001,0.001,0.001,0.001,0.001,0.001,141,0.001,0.001,0.001,0.001,0.001,274,0.001,0.001,0.001
3261,14.585,28.069,210.08,409.2907,0.0011,26,0.001,0.001,0.001,0.001,90,0.001,0.001,0.001,0.001,0.001,0.001,0.001,0.001,0.001,0.001,325,0.001,0.001,0.001
3262,14.083,32.286,239.35,595.363,0.0025,26,0.001,0.001,74,0.001,58,0.001,64,0.001,75,79,0.001,0.001,0.001,0.001,0.001,65,0.001,0.001,0.001
3263,13.519,38.681,285.15,801.3734,0.0019,26,0.001,97,0.001,0.001,0.001,0.001,0.001,96,0.001,126,94,0.001,0.001,0.001,0.001,0.001,0.001,0.001,0.001
3264,14.045,29.7,221.78,433.3311,0.0015,26,0.001,0.001,0.001,0.001,0.001,104,0.001,103,105,0.001,0.001,0.001,0.001,0.001,0.001,101,0.001,0.001,0.001
3265,12.195,23.516,176.32,405.0432,0.0007,26,0.001,0.001,163,0.001,0.001,0.001,0.001,0.001,0.001,0.001,0.001,85,165,0.001,0.001,0.001,0.001,0.001,0.001
3266,10.629,27.144,202.45,453.2453,0.0003,26,0.001,0.001,0.001,0.001,0.001,109,0.001,109,0.001,0.001,0.001,0.001,0.001,0.001,99,96,0.001,0.001,0.001
3267,12.195,22.386,170.13,269.2119,0.0007,26,0.001,0.001,0.001,0.001,0.001,132,0.001,0.001,0.001,0.001,0.001,0.001,0.001,0.001,0.001,281,0.001,0.001,0.001
3268,7.214,21.756,164.96,299.0251,0.0009,26,0.001,107,0.001,0.001,0.001,134,0.001,110,0.001,0.001,0.001,61,0.001,0.001,0.001,0.001,0.001,0.001,0.001
3269,14.479,30.586,228.4,441.3927,0.0011,26,0.001,98,0.001,0.001,0.001,0.001,0.001,0.001,100,0.001,0.001,0.001,0.001,0.001,0.001,214,0.001,0.001,0.001
3270,15.975,36.898,272.36,745.5051,0.0016,26,0.001,0.001,0.001,0.001,68,0.001,0.001,93,78,0.001,0.001,0.001,0.001,0.001,173,0.001,0.001,0.001,0.001
3271,11.105,19.658,148.68,314.03,0.0003,26,0.001,0.001,0.001,0.001,0.001,80,66,59,0.001,56,0.001,73,78,0.001,0.001,0.001,0.001,0.001,0.001
3272,14.903,30.981,230.38,527.3934,0.0019,26,72,0.001,73,0.001,0.001,0.001,0.001,0.001,0.001,0.001,0.001,0.001,0.001,0.001,148,119,0.001,0.001,0.001
3273,13.624,33.766,250.58,593.4655,0.0013,26,0.001,85,126,0.001,0.001,90,0.001,0.001,0.001,0.001,0.001,0.001,111,0.001,0.001,0.001,0.001,0.001,0.001
3274,3.085,29.747,220.7,570.208,0.002,26,0.001,0.001,0.001,0.001,0.001,0.001,75,204,0.001,0.001,0.001,133,0.001,0.001,0.001,0.001,0.001,0.001,0.001
3275,12.101,28.546,214.28,401.3027,0.0013,26,0.001,138,87,0.001,85,0.001,101,0.001,0.001,0.001,0.001,0.001,0.001,0.001,0.001,0.001,0.001,0.001,0.001
3276,15.434,34.249,254.54,527.374,0.0009,26,0.001,0.001,0.001,0.001,0.001,0.001,0.001,144,162,104,0.001,0.001,0.001,0.001,0.001,0.001,0.001,0.001,0.001
3277,13.018,26.478,198.59,410.2559,0.0012,26,0.001,120,0.001,0.001,97,193,0.001,0.001,0.001,0.001,0.001,0.001,0.001,0.001,0.001,0.001,0.001,0.001,0.001
3278,9.337,29.112,216.7,499.2907,0.0012,26,0.001,0.001,0.001,0.001,0.001,0.001,117,113,0.001,54,0.001,0.001,0.001,126,0.001,0.001,0.001,0.001,0.001
3279,6.426,33.964,250.84,697.306,0.0025,26,67,0.001,0.001,0.001,0.001,0.001,0.001,0.001,0.001,0.001,57,94,0.001,71,57,63,0.001,0.001,0.001
3280,1.081,23.42,188.91,116.9722,0.0003,26,0.001,0.001,0.001,0.001,0.001,0.001,110,0.001,0.001,0.001,116,0.001,0.001,88,95,0.001,0.001,0.001,59
3281,12.192,22.496,169.67,347.0194,0.001,26,0.001,0.001,247,0.001,0.001,0.001,0.001,0.001,0.001,0.001,0.001,0.001,162,0.001,0.001,0.001,0.001,0.001,0.001
3282,14.805,28.194,209.07,557.106,0.0028,26,0.001,0.001,0.001,0.001,0.001,0.001,0.001,0.001,0.001,88,0.001,0.001,191,0.001,0.001,129,0.001,0.001,0.001
3283,6.163,29.012,215.72,521.2612,0.0013,26,0.001,0.001,0.001,0.001,0.001,115,0.001,178,0.001,0.001,0.001,115,0.001,0.001,0.001,0.001,0.001,0.001,0.001
3284,14.41,28.206,210.34,457.2962,0.0009,26,0.001,0.001,0.001,0.001,0.001,0.001,0.001,0.001,0.001,0.001,56,74,70,0.001,118,90,0.001,0.001,0.001
3285,10.135,36.227,267.15,787.3382,0.0013,25,0.001,0.001,84,0.001,0.001,0.001,0.001,0.001,0.001,0.001,116,0.001,117,0.001,90,0.001,0.001,0.001,0.001
3286,0.326,15.015,117.23,178.8789,0.0005,25,0.001,0.001,0.001,0.001,199,0.001,0.001,0.001,0.001,0.001,0.001,0.001,0.001,208,0.001,0.001,0.001,0.001,0.001
3287,12.756,26.899,201.4,414.2523,0.0016,25,0.001,0.001,93,0.001,79,0.001,0.001,76,61,0.001,0.001,0.001,0.001,0.001,0.001,98,0.001,0.001,0.001
3288,9.816,34.061,251.71,698.2688,0.0013,25,0.001,72,0.001,0.001,0.001,0.001,0.001,0.001,0.001,65,0.001,94,0.001,96,80,0.001,0.001,0.001,0.001
3289,12.445,35.366,261.45,711.2937,0.001,25,0.001,64,127,0.001,0.001,0.001,87,0.001,0.001,0.001,0.001,129,0.001,0.001,0.001,0.001,0.001,0.001,0.001
3290,14.301,20.925,159.04,282.9932,0.0007,25,0.001,0.001,69,0.001,0.001,0.001,0.001,79,0.001,0.001,100,0.001,68,91,0.001,0.001,0.001,0.001,0.001
3291,15.003,31.572,234.31,556.3491,0.0006,25,0.001,0.001,0.001,0.001,87,0.001,0.001,0.001,0.001,0.001,0.001,71,0.001,0.001,86,163,0.001,0.001,0.001
3292,16.432,28.18,211.15,411.384,0.0009,25,0.001,153,0.001,0.001,0.001,95,0.001,0.001,0.001,0.001,0.001,0.001,158,0.001,0.001,0.001,0.001,0.001,0.001
3293,5.818,28.3,210.67,499.2344,0.0009,25,0.001,0.001,0.001,0.001,0.001,0.001,0.001,145,0.001,0.001,0.001,129,0.001,131,0.001,0.001,0.001,0.001,0.001
3294,15.564,35.421,262.61,605.3759,0.0013,25,87,0.001,0.001,0.001,0.001,0.001,0.001,0.001,0.001,0.001,67,251,0.001,0.001,0.001,0.001,0.001,0.001,0.001
3295,15.505,25.826,190.88,680.9557,0.0014,25,0.001,76,0.001,0.001,0.001,0.001,0.001,63,0.001,0.001,56,79,0.001,63,0.001,68,0.001,0.001,0.001
3296,2.454,20.192,152.58,306.9762,0.0003,25,0.001,0.001,0.001,0.001,0.001,85,0.001,0.001,0.001,0.001,0.001,0.001,0.001,0.001,0.001,320,0.001,0.001,0.001
3297,5.822,30.086,223.38,564.2513,0.0012,25,0.001,62,0.001,0.001,0.001,0.001,0.001,99,0.001,0.001,89,0.001,81,74,0.001,0.001,0.001,0.001,0.001
3298,13.214,18.859,150.73,131.0123,0.0003,25,0.001,0.001,55,0.001,108,69,78,0.001,0.001,0.001,0.001,0.001,0.001,94,0.001,0.001,0.001,0.001,0.001
3299,13.101,29.872,222.02,529.3158,0.0015,25,0.001,0.001,0.001,0.001,0.001,77,0.001,198,0.001,67,0.001,0.001,0.001,0.001,61,0.001,0.001,0.001,0.001
3300,15.237,34.504,255.16,656.4304,0.0003,25,0.001,0.001,0.001,0.001,0.001,315,0.001,88,0.001,0.001,0.001,0.001,0.001,0.001,0.001,0.001,0.001,0.001,0.001
3301,15.056,28.223,211.06,425.349,0.0022,25,0.001,0.001,0.001,0.001,0.001,0.001,0.001,107,0.001,86,0.001,107,0.001,0.001,103,0.001,0.001,0.001,0.001
3302,13.863,30.109,224.44,504.308,0.0004,25,100,0.001,0.001,0.001,125,0.001,0.001,0.001,0.001,0.001,0.001,0.001,178,0.001,0.001,0.001,0.001,0.001,0.001
3303,13.826,32.327,241.06,481.2981,0.0004,25,0.001,0.001,0.001,0.001,81,0.001,0.001,92,0.001,0.001,0.001,229,0.001,0.001,0.001,0.001,0.001,0.001,0.001
3304,9.758,29.395,218.44,543.2254,0.0014,25,0.001,77,113,0.001,0.001,71,0.001,0.001,0.001,0.001,0.001,0.001,0.001,0.001,0.001,140,0.001,0.001,0.001
3305,0.562,24.254,200.46,92.9277,0.0002,25,0.001,0.001,0.001,0.001,0.001,0.001,0.001,97,70,0.001,0.001,99,135,0.001,0.001,0.001,0.001,0.001,0.001
3306,13.543,30.375,226.2,490.2931,0.001,25,0.001,0.001,0.001,0.001,0.001,0.001,77,115,0.001,0.001,0.001,0.001,100,0.001,109,0.001,0.001,0.001,0.001
3307,13.964,31.514,233.86,563.3363,0.0009,25,0.001,0.001,0.001,0.001,0.001,175,0.001,153,73,0.001,0.001,0.001,0.001,0.001,0.001,0.001,0.001,0.001,0.001
3308,15.225,29.479,219.28,481.3538,0.0027,25,0.001,0.001,0.001,0.001,0.001,0.001,0.001,0.001,0.001,0.001,0.001,0.001,0.001,93,0.001,307,0.001,0.001,0.001
3309,11.624,17.441,133.74,242.0319,0.0006,25,81,0.001,77,0.001,75,0.001,0.001,0.001,0.001,0.001,0.001,85,0.001,0.001,82,0.001,0.001,0.001,0.001
3310,13.511,25.738,193.69,354.2176,0.0002,25,0.001,0.001,0.001,0.001,0.001,0.001,0.001,0.001,0.001,0.001,0.001,0.001,226,173,0.001,0.001,0.001,0.001,0.001
3311,15.114,34.063,252.41,577.48,0.0026,25,0.001,0.001,0.001,0.001,0.001,0.001,0.001,0.001,0.001,0.001,124,100,0.001,0.001,50,125,0.001,0.001,0.001
3312,3.4,29.45,218.84,553.2477,0.0006,25,0.001,86,0.001,0.001,0.001,126,0.001,187,0.001,0.001,0.001,0.001,0.001,0.001,0.001,0.001,0.001,0.001,0.001
3313,15.539,22.182,169.32,255.2324,0.0003,25,0.001,0.001,0.001,0.001,0.001,0.001,104,0.001,126,168,0.001,0.001,0.001,0.001,0.001,0.001,0.001,0.001,0.001
3314,13.822,18.88,150.74,130.0157,0.0004,25,0.001,0.001,0.001,0.001,0.001,69,0.001,0.001,0.001,0.001,86,0.001,0.001,113,0.001,130,0.001,0.001,74
3315,7.369,23.249,175.62,313.1189,0.0008,25,0.001,0.001,0.001,0.001,0.001,0.001,0.001,54,0.001,0.001,0.001,78,0.001,0.001,0.001,266,0.001,0.001,0.001
3316,4.505,19.337,153.52,141.016,0.002,25,0.001,0.001,95,0.001,0.001,0.001,0.001,107,0.001,0.001,0.001,99,97,0.001,0.001,0.001,0.001,0.001,0.001
3317,1.304,26.913,209.91,172.9899,0.0014,25,0.001,0.001,0.001,0.001,0.001,90,0.001,111,0.001,0.001,0.001,0.001,0.001,0.001,0.001,197,0.001,0.001,0.001
3318,14.048,27.814,208.32,405.3738,0.0003,25,0.001,0.001,0.001,0.001,0.001,0.001,0.001,156,0.001,161,0.001,0.001,0.001,80,0.001,0.001,0.001,0.001,0.001
3319,12.02,27.235,203.67,432.2413,0.0013,25,0.001,59,0.001,0.001,97,0.001,0.001,95,0.001,0.001,0.001,0.001,0.001,0.001,0.001,146,0.001,0.001,0.001
3320,5.825,30.01,222.79,569.2399,0.0011,25,98,0.001,0.001,0.001,0.001,0.001,0.001,0.001,74,0.001,92,133,0.001,0.001,0.001,0.001,0.001,0.001,0.001
3321,13.633,26.293,197.48,371.3143,0.002,25,0.001,0.001,111,0.001,0.001,0.001,0.001,0.001,0.001,113,70,0.001,0.001,0.001,0.001,103,0.001,0.001,0.001
3322,12.194,19.073,146.29,240.9969,0.0003,25,67,0.001,196,0.001,0.001,0.001,0.001,0.001,0.001,0.001,0.001,0.001,134,0.001,0.001,0.001,0.001,0.001,0.001
3323,12.098,26.488,198.44,400.2343,0.0015,25,71,0.001,0.001,0.001,0.001,156,0.001,0.001,0.001,0.001,0.001,0.001,83,0.001,0.001,87,0.001,0.001,0.001
3324,9.734,26.46,198.17,393.222,0.0023,25,0.001,0.001,0.001,0.001,0.001,0.001,0.001,0.001,0.001,0.001,0.001,0.001,62,0.001,132,203,0.001,0.001,0.001
3325,11.875,18.603,141.8,264.0327,0.0001,25,0.001,0.001,0.001,0.001,0.001,0.001,0.001,0.001,205,191,0.001,0.001,0.001,0.001,0.001,0.001,0.001,0.001,0.001
3326,9.397,25.655,192.74,371.171,0.0012,25,0.001,0.001,0.001,0.001,0.001,0.001,0.001,0.001,333,0.001,0.001,0.001,0.001,63,0.001,0.001,0.001,0.001,0.001
3327,16.339,37.819,279.03,737.5935,0.0007,25,0.001,0.001,0.001,0.001,0.001,0.001,0.001,0.001,0.001,0.001,0.001,0.001,119,0.001,277,0.001,0.001,0.001,0.001
3328,14.509,34.231,253.2,617.4738,0.001,25,0.001,0.001,0.001,0.001,0.001,0.001,0.001,0.001,0.001,0.001,0.001,0.001,0.001,57,97,241,0.001,0.001,0.001
3329,15.521,40.247,296.56,832.5711,0.002,25,0.001,118,0.001,0.001,0.001,0.001,183,0.001,0.001,0.001,0.001,0.001,0.001,94,0.001,0.001,0.001,0.001,0.001
3330,14.822,37.23,274.69,764.5206,0.0015,25,63,0.001,0.001,0.001,0.001,0.001,0.001,0.001,131,0.001,133,0.001,0.001,0.001,68,0.001,0.001,0.001,0.001
3331,10.109,32.575,240.81,643.3154,0.0016,25,0.001,0.001,0.001,0.001,0.001,71,0.001,0.001,0.001,78,0.001,132,0.001,0.001,0.001,113,0.001,0.001,0.001
3332,14.297,35.997,265.75,714.507,0.0007,25,0.001,0.001,0.001,0.001,0.001,0.001,109,0.001,61,65,60,0.001,0.001,0.001,99,0.001,0.001,0.001,0.001
3333,13.121,31.358,232.68,566.3115,0.0016,25,0.001,0.001,0.001,0.001,0.001,275,0.001,0.001,0.001,119,0.001,0.001,0.001,0.001,0.001,0.001,0.001,0.001,0.001
3334,11.56,22.101,165.71,402.044,0.0017,25,0.001,75,0.001,0.001,0.001,0.001,65,0.001,92,83,0.001,0.001,0.001,79,0.001,0.001,0.001,0.001,0.001
3335,13.544,30.39,226.02,515.3691,0.0019,25,0.001,0.001,0.001,0.001,0.001,0.001,0.001,0.001,0.001,252,0.001,0.001,91,0.001,50,0.001,0.001,0.001,0.001
3336,14.509,36.174,267.16,663.5727,0.0012,25,0.001,0.001,0.001,0.001,0.001,0.001,0.001,0.001,0.001,0.001,0.001,0.001,116,0.001,85,192,0.001,0.001,0.001
3337,12.044,25.266,191.09,311.3761,0.0016,25,0.001,0.001,0.001,0.001,0.001,0.001,0.001,150,0.001,150,0.001,0.001,92,0.001,0.001,0.001,0.001,0.001,0.001
3338,3.186,20.765,167.61,116.972,0.0005,25,0.001,0.001,0.001,0.001,75,70,0.001,0.001,0.001,0.001,0.001,95,77,75,0.001,0.001,0.001,0.001,0.001
3339,5.652,31.943,236.61,628.3016,0.0011,25,0.001,58,0.001,0.001,0.001,0.001,0.001,120,0.001,0.001,0.001,118,96,0.001,0.001,0.001,0.001,0.001,0.001
3340,11.262,22.576,168.11,497.9445,0.0003,24,0.001,0.001,0.001,0.001,0.001,216,0.001,0.001,0.001,0.001,0.001,0.001,0.001,175,0.001,0.001,0.001,0.001,0.001
3341,13.166,33.461,247.6,638.3317,0.0017,24,0.001,0.001,0.001,0.001,0.001,268,0.001,0.001,0.001,123,0.001,0.001,0.001,0.001,0.001,0.001,0.001,0.001,0.001
3342,12.663,34.258,253.35,676.1794,0.0012,24,123,0.001,0.001,0.001,0.001,0.001,0.001,85,88,94,0.001,0.001,0.001,0.001,0.001,0.001,0.001,0.001,0.001
3343,14.673,29.214,217.56,491.2944,0.0009,24,0.001,0.001,0.001,0.001,0.001,105,53,77,0.001,76,0.001,0.001,0.001,0.001,79,0.001,0.001,0.001,0.001
3344,8.474,18.395,141.91,217.0011,0.0008,24,144,0.001,0.001,0.001,102,0.001,0.001,0.001,0.001,0.001,0.001,0.001,144,0.001,0.001,0.001,0.001,0.001,0.001
3345,11.504,18.046,139.37,208.9748,0,24,0.001,0.001,127,0.001,0.001,0.001,0.001,0.001,0.001,102,0.001,0.001,71,89,0.001,0.001,0.001,0.001,0.001
3346,15.186,23.331,176.93,293.2111,0.0009,24,0.001,0.001,0.001,0.001,0.001,0.001,0.001,0.001,88,0.001,82,0.001,77,0.001,142,0.001,0.001,0.001,0.001
3347,9.003,24.922,187.53,351.2155,0.0001,24,90,0.001,0.001,0.001,0.001,0.001,0.001,0.001,0.001,0.001,0.001,0.001,0.001,0.001,0.001,299,0.001,0.001,0.001
3348,11.189,24.344,183.91,317.2088,0.002,24,0.001,81,0.001,0.001,0.001,0.001,0.001,0.001,0.001,0.001,0.001,0.001,0.001,0.001,0.001,307,0.001,0.001,0.001
3349,0.761,25.571,211.27,92.9281,0.0009,24,0.001,0.001,69,0.001,0.001,121,0.001,0.001,0.001,0.001,0.001,0.001,0.001,0.001,0.001,198,0.001,0.001,0.001
3350,13.853,28.083,209.35,455.2804,0.0013,24,0.001,0.001,0.001,0.001,0.001,162,0.001,0.001,0.001,0.001,0.001,128,0.001,0.001,0.001,98,0.001,0.001,0.001
3351,15.577,26.694,200.64,369.3347,0.0008,24,55,0.001,0.001,0.001,103,0.001,0.001,99,0.001,0.001,0.001,0.001,0.001,0.001,51,80,0.001,0.001,0.001
3352,13.634,38.403,282.67,835.3529,0.0022,24,0.001,0.001,0.001,0.001,110,143,0.001,0.001,0.001,0.001,0.001,0.001,0.001,0.001,0.001,134,0.001,0.001,0.001
3353,15.54,34.33,251.52,1194.9184,0.0011,24,0.001,0.001,0.001,0.001,0.001,0.001,74,0.001,58,57,59,0.001,71,0.001,68,0.001,0.001,0.001,0.001
3354,9.881,26.847,200.04,469.2084,0.0021,24,0.001,0.001,0.001,0.001,0.001,0.001,71,119,0.001,0.001,80,0.001,0.001,0.001,0.001,117,0.001,0.001,0.001
3355,13.451,35.336,261.21,715.2984,0.0025,24,0.001,87,82,0.001,0.001,0.001,0.001,0.001,0.001,103,0.001,115,0.001,0.001,0.001,0.001,0.001,0.001,0.001
3356,16.182,36.392,269.42,647.6177,0.0013,24,0.001,0.001,0.001,0.001,71,0.001,108,0.001,0.001,0.001,0.001,0.001,0.001,208,0.001,0.001,0.001,0.001,0.001
3357,3.282,18.975,145.42,229.0155,0.001,24,0.001,0.001,0.001,0.001,0.001,0.001,0.001,0.001,0.001,0.001,0.001,155,0.001,0.001,0.001,232,0.001,0.001,0.001
3358,13.907,33.696,249.94,594.4817,0.0004,24,0.001,153,0.001,0.001,0.001,0.001,0.001,0.001,0.001,0.001,0.001,132,102,0.001,0.001,0.001,0.001,0.001,0.001
3359,13.198,29.985,222.59,556.3134,0.001,24,0.001,0.001,0.001,0.001,0.001,83,0.001,97,0.001,0.001,0.001,0.001,83,123,0.001,0.001,0.001,0.001,0.001
3360,12.792,29.814,222.36,465.3585,0.0004,24,0.001,0.001,0.001,0.001,0.001,0.001,0.001,0.001,0.001,265,0.001,0.001,0.001,0.001,121,0.001,0.001,0.001,0.001
3361,13.561,36.564,269.77,738.508,0.0009,24,0.001,0.001,0.001,0.001,0.001,65,63,0.001,0.001,112,0.001,0.001,0.001,146,0.001,0.001,0.001,0.001,0.001
3362,8.916,23.658,178.79,309.2056,0.0008,24,0.001,0.001,0.001,0.001,0.001,0.001,0.001,112,0.001,0.001,0.001,0.001,0.001,0.001,133,141,0.001,0.001,0.001
3363,3.476,18.079,137.76,266.017,0.0012,24,0.001,0.001,0.001,0.001,0.001,0.001,305,81,0.001,0.001,0.001,0.001,0.001,0.001,0.001,0.001,0.001,0.001,0.001
3364,12.065,19.663,148.73,313.0334,0.0012,24,0.001,0.001,0.001,0.001,0.001,89,0.001,59,75,74,0.001,0.001,0.001,88,0.001,0.001,0.001,0.001,0.001
3365,13.816,15.331,115.66,337.9012,0.0008,24,0.001,0.001,0.001,0.001,0.001,0.001,57,63,0.001,65,106,94,0.001,0.001,0.001,0.001,0.001,0.001,0.001
3366,8.091,25.256,189.74,369.228,0.0003,24,0.001,87,0.001,0.001,0.001,0.001,0.001,74,0.001,52,0.001,0.001,0.001,0.001,0.001,172,0.001,0.001,0.001
3367,9.642,27.854,207.14,497.2034,0.0013,24,0.001,0.001,0.001,0.001,0.001,0.001,0.001,147,0.001,0.001,0.001,146,0.001,0.001,0.001,92,0.001,0.001,0.001
3368,16.18,35.737,264.14,673.5378,0.0003,24,0.001,0.001,0.001,0.001,0.001,0.001,72,0.001,0.001,0.001,0.001,136,177,0.001,0.001,0.001,0.001,0.001,0.001
3369,0.872,26.018,214.83,92.9278,0.0003,24,0.001,0.001,0.001,0.001,0.001,0.001,0.001,79,0.001,0.001,0.001,86,88,0.001,0.001,132,0.001,0.001,0.001
3370,16.333,17.452,134.52,219.0264,0.0001,24,0.001,0.001,0.001,0.001,156,0.001,0.001,0.001,0.001,0.001,0.001,0.001,0.001,229,0.001,0.001,0.001,0.001,0.001
3371,6.759,33.328,246.52,672.3304,0.002,24,0.001,0.001,0.001,0.001,53,0.001,0.001,119,0.001,0.001,0.001,112,0.001,100,0.001,0.001,0.001,0.001,0.001
3372,13.786,18.848,150.72,131.0125,0.0008,24,0.001,61,105,0.001,74,0.001,0.001,72,0.001,0.001,72,0.001,0.001,0.001,0.001,0.001,0.001,0.001,0.001
3373,12.019,26.431,198.06,400.2362,0.0003,24,0.001,0.001,0.001,0.001,0.001,120,0.001,124,0.001,140,0.001,0.001,0.001,0.001,0.001,0.001,0.001,0.001,0.001
3374,14.368,28.996,217.34,403.3212,0.0004,24,0.001,0.001,0.001,0.001,137,0.001,0.001,0.001,84,60,0.001,0.001,103,0.001,0.001,0.001,0.001,0.001,0.001
3375,6.267,23.262,175.14,357.0809,0.0002,24,0.001,0.001,95,0.001,0.001,0.001,0.001,0.001,0.001,0.001,0.001,95,0.001,120,74,0.001,0.001,0.001,0.001
3376,3.165,18.442,143.3,182.119,0.0013,24,0.001,0.001,0.001,0.001,0.001,58,0.001,0.001,0.001,0.001,0.001,0.001,0.001,0.001,0.001,325,0.001,0.001,0.001
3377,14.252,30.523,227.95,443.3155,0.0006,24,0.001,0.001,0.001,0.001,0.001,0.001,0.001,96,0.001,141,0.001,0.001,145,0.001,0.001,0.001,0.001,0.001,0.001
3378,15.113,27.016,202.49,407.2842,0.0008,24,0.001,0.001,0.001,0.001,107,0.001,0.001,133,0.001,0.001,141,0.001,0.001,0.001,0.001,0.001,0.001,0.001,0.001
3379,10.231,34.639,255.43,718.3333,0.0032,24,0.001,0.001,0.001,0.001,0.001,0.001,0.001,0.001,0.001,0.001,0.001,103,118,0.001,0.001,160,0.001,0.001,0.001
3380,15.276,29.513,221.63,383.3547,0.0006,24,0.001,0.001,107,0.001,0.001,0.001,0.001,0.001,0.001,114,0.001,160,0.001,0.001,0.001,0.001,0.001,0.001,0.001
3381,13.603,18.015,138.23,234.0405,0.0007,24,0.001,0.001,58,0.001,70,0.001,0.001,0.001,0.001,0.001,0.001,0.001,0.001,0.001,0.001,252,0.001,0.001,0.001
3382,13.528,32.144,238.96,541.3864,0.0006,24,0.001,0.001,117,0.001,0.001,0.001,0.001,0.001,0.001,115,0.001,0.001,0.001,148,0.001,0.001,0.001,0.001,0.001
3383,14.587,31.759,236.34,503.4102,0.0005,24,0.001,0.001,0.001,0.001,0.001,0.001,0.001,0.001,0.001,160,61,78,0.001,80,0.001,0.001,0.001,0.001,0.001
3384,5.304,30.703,227.64,585.2728,0.0001,24,0.001,0.001,0.001,0.001,0.001,0.001,0.001,177,0.001,0.001,77,0.001,0.001,125,0.001,0.001,0.001,0.001,0.001
3385,15.339,20.774,157.48,309.0386,0.001,24,0.001,118,119,0.001,0.001,0.001,0.001,0.001,0.001,0.001,0.001,0.001,142,0.001,0.001,0.001,0.001,0.001,0.001
3386,6.747,28.632,227.06,141.0152,0.0003,24,0.001,0.001,0.001,0.001,0.001,0.001,0.001,79,0.001,0.001,134,0.001,94,0.001,72,0.001,0.001,0.001,0.001
3387,12.169,26.798,200.67,413.2356,0.0019,24,0.001,59,0.001,0.001,54,0.001,0.001,0.001,0.001,87,0.001,81,0.001,0.001,0.001,98,0.001,0.001,0.001
3388,11.277,34.263,253.69,613.4429,0.0016,24,116,0.001,0.001,0.001,0.001,0.001,0.001,0.001,0.001,0.001,0.001,0.001,77,0.001,0.001,185,0.001,0.001,0.001
3389,15.021,35.936,265.39,702.514,0.0022,24,0.001,0.001,0.001,0.001,0.001,0.001,153,0.001,0.001,0.001,0.001,0.001,0.001,69,156,0.001,0.001,0.001,0.001
3390,12.43,35.169,260.1,674.4455,0.0028,24,0.001,0.001,71,0.001,0.001,0.001,0.001,83,0.001,126,0.001,0.001,98,0.001,0.001,0.001,0.001,0.001,0.001
3391,5.536,23.829,179.71,335.0988,0.002,24,0.001,0.001,0.001,0.001,0.001,0.001,99,0.001,0.001,187,0.001,0.001,0.001,0.001,92,0.001,0.001,0.001,0.001
3392,16.062,27.689,207.63,397.3675,0.001,24,81,0.001,0.001,0.001,0.001,0.001,0.001,79,0.001,0.001,0.001,76,62,79,0.001,0.001,0.001,0.001,0.001
3393,15.928,27.606,207.06,395.3879,0.001,24,0.001,112,0.001,0.001,66,0.001,0.001,0.001,0.001,0.001,0.001,0.001,0.001,0.001,0.001,199,0.001,0.001,0.001
3394,13.624,22.244,170.07,253.2524,0.0005,24,58,0.001,117,0.001,0.001,0.001,0.001,0.001,100,0.001,0.001,0.001,102,0.001,0.001,0.001,0.001,0.001,0.001
3395,14.993,23.419,175.83,379.0485,0.0011,24,0.001,0.001,0.001,0.001,0.001,0.001,0.001,0.001,0.001,0.001,0.001,127,249,0.001,0.001,0.001,0.001,0.001,0.001
3396,14.72,18.425,141.53,230.9774,0.0018,24,0.001,64,0.001,0.001,0.001,125,0.001,0.001,0.001,187,0.001,0.001,0.001,0.001,0.001,0.001,0.001,0.001,0.001
3397,15.174,33.088,245.51,577.4827,0.0023,24,0.001,0.001,89,0.001,0.001,0.001,0.001,82,0.001,0.001,78,71,56,0.001,0.001,0.001,0.001,0.001,0.001
3398,8.559,24.858,187.08,351.216,0.0007,24,0.001,65,0.001,0.001,0.001,0.001,0.001,0.001,0.001,0.001,0.001,133,0.001,0.001,0.001,178,0.001,0.001,0.001
3399,14.953,34.459,255.2,665.4123,0.0017,24,77,93,0.001,0.001,0.001,0.001,0.001,0.001,0.001,0.001,0.001,0.001,206,0.001,0.001,0.001,0.001,0.001,0.001
3400,6.916,35.203,259.87,743.3272,0.0013,23,0.001,74,0.001,0.001,73,0.001,0.001,0.001,0.001,0.001,0.001,0.001,0.001,0.001,0.001,228,0.001,0.001,0.001
3401,2.056,22.909,172.44,353.1398,0.0007,23,0.001,0.001,0.001,0.001,0.001,0.001,0.001,158,0.001,90,0.001,0.001,0.001,126,0.001,0.001,0.001,0.001,0.001
3402,4.015,33.67,248.66,703.2844,0.0011,23,0.001,0.001,0.001,0.001,0.001,116,0.001,0.001,0.001,0.001,0.001,79,96,83,0.001,0.001,0.001,0.001,0.001
3403,16.158,30.203,224.67,481.426,0.0024,23,0.001,0.001,0.001,0.001,0.001,0.001,0.001,50,0.001,0.001,0.001,0.001,0.001,0.001,0.001,324,0.001,0.001,0.001
3404,14.812,28.517,213.27,409.3665,0.0025,23,0.001,0.001,0.001,0.001,0.001,0.001,0.001,120,0.001,152,0.001,0.001,0.001,0.001,0.001,102,0.001,0.001,0.001
3405,15.259,30.454,226.16,512.3584,0.0029,23,0.001,0.001,0.001,0.001,0.001,0.001,155,0.001,0.001,0.001,0.001,0.001,0.001,0.001,0.001,219,0.001,0.001,0.001
3406,13.531,30.987,230.02,556.3043,0.0005,23,0.001,0.001,0.001,0.001,0.001,254,120,0.001,0.001,0.001,0.001,0.001,0.001,0.001,0.001,0.001,0.001,0.001,0.001
3407,11.62,23.621,179.14,298.2449,0.0006,23,0.001,105,0.001,0.001,0.001,0.001,0.001,0.001,0.001,0.001,68,0.001,0.001,201,0.001,0.001,0.001,0.001,0.001
3408,12.429,31.161,231.33,554.1414,0.002,23,0.001,0.001,0.001,0.001,0.001,52,0.001,71,0.001,0.001,0.001,105,0.001,63,83,0.001,0.001,0.001,0.001
3409,1.505,21.31,171.91,116.9724,0.0007,23,0.001,0.001,0.001,0.001,0.001,95,0.001,0.001,0.001,82,0.001,92,0.001,104,0.001,0.001,0.001,0.001,0.001
3410,9.932,31.18,231.2,599.2912,0.0014,23,0.001,0.001,71,0.001,0.001,0.001,0.001,125,0.001,85,92,0.001,0.001,0.001,0.001,0.001,0.001,0.001,0.001
3411,12.195,27.566,204.84,554.0731,0.0015,23,0.001,0.001,0.001,0.001,64,0.001,0.001,0.001,0.001,0.001,0.001,108,200,0.001,0.001,0.001,0.001,0.001,0.001
3412,9.807,22.857,172.4,339.1461,0.0009,23,55,0.001,0.001,0.001,0.001,80,56,0.001,0.001,0.001,0.001,0.001,74,107,0.001,0.001,0.001,0.001,0.001
3413,15.17,28.338,212.56,383.3522,0.0002,23,0.001,0.001,0.001,0.001,204,0.001,0.001,0.001,0.001,0.001,0.001,0.001,0.001,0.001,0.001,167,0.001,0.001,0.001
3414,1.246,30.24,236.3,172.989,0.0007,23,84,0.001,0.001,0.001,0.001,0.001,134,0.001,0.001,0.001,0.001,153,0.001,0.001,0.001,0.001,0.001,0.001,0.001
3415,13.002,30.6,227.29,542.2888,0.0013,23,0.001,0.001,0.001,0.001,0.001,168,0.001,126,0.001,76,0.001,0.001,0.001,0.001,0.001,0.001,0.001,0.001,0.001
3416,14.061,30.134,224.81,447.3459,0.0012,23,0.001,0.001,0.001,0.001,0.001,0.001,0.001,0.001,86,59,0.001,0.001,0.001,91,0.001,134,0.001,0.001,0.001
3417,16.22,28.882,215.49,459.3476,0.0015,23,0.001,0.001,0.001,0.001,0.001,117,0.001,0.001,0.001,0.001,0.001,0.001,0.001,0.001,252,0.001,0.001,0.001,0.001
3418,15.372,38.727,285.31,800.5427,0.0041,23,0.001,0.001,0.001,0.001,0.001,184,0.001,0.001,71,54,60,0.001,0.001,0.001,0.001,0.001,0.001,0.001,0.001
3419,12.967,30.431,226.07,539.2874,0.0024,23,0.001,0.001,0.001,0.001,0.001,0.001,0.001,0.001,0.001,173,0.001,80,0.001,116,0.001,0.001,0.001,0.001,0.001
3420,13.201,27.79,208.11,407.2948,0.0011,23,0.001,0.001,0.001,0.001,0.001,0.001,95,0.001,102,83,89,0.001,0.001,0.001,0.001,0.001,0.001,0.001,0.001
3421,6.236,33.974,251.09,699.3417,0.0009,23,0.001,0.001,54,0.001,0.001,0.001,69,0.001,0.001,0.001,0.001,118,128,0.001,0.001,0.001,0.001,0.001,0.001
3422,12.818,29.83,221.93,509.3264,0.0014,23,0.001,0.001,0.001,0.001,0.001,0.001,0.001,79,106,95,0.001,89,0.001,0.001,0.001,0.001,0.001,0.001,0.001
3423,9.814,33.052,244.63,672.2729,0.003,23,0.001,0.001,88,0.001,93,0.001,71,0.001,0.001,0.001,0.001,0.001,116,0.001,0.001,0.001,0.001,0.001,0.001
3424,0.92,20.5,169.26,92.9278,0.0003,23,0.001,0.001,0.001,0.001,0.001,94,0.001,0.001,0.001,0.001,0.001,99,0.001,0.001,0.001,175,0.001,0.001,0.001
3425,14.018,33.387,248.26,517.3905,0.0007,23,0.001,0.001,0.001,0.001,0.001,0.001,0.001,173,0.001,129,0.001,0.001,0.001,66,0.001,0.001,0.001,0.001,0.001
3426,13.2,29.099,216.63,497.3306,0.0003,23,0.001,0.001,0.001,0.001,0.001,0.001,0.001,0.001,97,112,76,0.001,83,0.001,0.001,0.001,0.001,0.001,0.001
3427,11.175,21.182,159.81,333.0368,0.0006,23,0.001,0.001,0.001,0.001,0.001,139,0.001,118,0.001,0.001,0.001,0.001,111,0.001,0.001,0.001,0.001,0.001,0.001
3428,15.398,29.415,219.39,479.3043,0.0007,23,62,59,0.001,0.001,0.001,0.001,0.001,58,0.001,0.001,69,0.001,62,0.001,58,0.001,0.001,0.001,0.001
3429,15.487,18.521,139.3,368.974,0.0006,23,0.001,68,0.001,0.001,0.001,0.001,52,0.001,0.001,63,64,0.001,0.001,67,53,0.001,0.001,0.001,0.001
3430,12.495,19.654,148.67,313.0339,0.0011,23,0.001,0.001,0.001,0.001,0.001,79,0.001,57,65,83,0.001,0.001,0.001,83,0.001,0.001,68,0.001,0.001
3431,12.829,23.353,177.21,293.2837,0.0004,23,55,0.001,0.001,0.001,0.001,0.001,0.001,0.001,104,0.001,80,128,0.001,0.001,0.001,0.001,0.001,0.001,0.001
3432,16.489,37.59,277.22,755.486,0.0026,23,0.001,0.001,0.001,0.001,0.001,219,0.001,147,0.001,0.001,0.001,0.001,0.001,0.001,0.001,0.001,0.001,0.001,0.001
3433,6.746,18.413,140.56,252.997,0.001,23,0.001,0.001,0.001,0.001,0.001,0.001,0.001,0.001,57,52,0.001,62,0.001,0.001,72,123,0.001,55,0.001
3434,13.424,30.417,225.82,568.2331,0.0021,23,0.001,62,0.001,0.001,0.001,109,78,0.001,0.001,117,0.001,0.001,0.001,0.001,0.001,0.001,0.001,0.001,0.001
3435,2.444,35.576,276.27,187.0058,0.0008,23,0.001,0.001,0.001,0.001,0.001,129,0.001,121,115,0.001,0.001,0.001,0.001,0.001,0.001,0.001,0.001,0.001,0.001
3436,12.728,26.743,200.57,410.2332,0.0014,23,0.001,115,0.001,0.001,127,0.001,0.001,0.001,0.001,0.001,0.001,0.001,0.001,0.001,123,0.001,0.001,0.001,0.001
3437,14.041,30.085,223.48,517.2531,0.0015,23,0.001,0.001,0.001,0.001,0.001,0.001,0.001,0.001,100,0.001,0.001,0.001,124,0.001,0.001,141,0.001,0.001,0.001
3438,8.616,27.01,201.81,451.175,0.0014,23,0.001,0.001,0.001,0.001,185,0.001,0.001,0.001,119,0.001,0.001,0.001,0.001,61,0.001,0.001,0.001,0.001,0.001
3439,14.001,25.927,383.43,356.9841,0.0034,23,154,0.001,0.001,0.001,0.001,209,0.001,0.001,0.001,0.001,0.001,0.001,0.001,0.001,0.001,0.001,0.001,0.001,0.001
3440,13.89,18.311,140.24,245.0219,0.001,23,0.001,86,0.001,0.001,60,0.001,0.001,79,0.001,0.001,84,0.001,0.001,53,0.001,0.001,0.001,0.001,0.001
3441,10.053,36.295,268.07,722.2022,0.0012,23,110,0.001,0.001,0.001,0.001,0.001,0.001,0.001,84,100,0.001,0.001,0.001,0.001,68,0.001,0.001,0.001,0.001
3442,12.855,34.66,256.22,668.1689,0.0014,23,0.001,0.001,0.001,0.001,0.001,0.001,0.001,157,0.001,65,0.001,0.001,0.001,67,73,0.001,0.001,0.001,0.001
3443,13.396,24.043,181.77,323.1521,0.0009,23,0.001,70,75,0.001,0.001,0.001,0.001,0.001,0.001,71,86,0.001,0.001,60,0.001,0.001,0.001,0.001,0.001
3444,15.754,38.354,282.52,807.503,0.0008,23,0.001,0.001,0.001,0.001,0.001,168,0.001,0.001,0.001,55,0.001,0.001,0.001,0.001,139,0.001,0.001,0.001,0.001
3445,12.432,27.787,207.99,413.3106,0.002,23,0.001,0.001,0.001,0.001,0.001,92,80,60,0.001,52,0.001,78,0.001,0.001,0.001,0.001,0.001,0.001,0.001
3446,9.687,31.744,234.98,629.2432,0.0007,23,0.001,0.001,0.001,0.001,0.001,89,0.001,0.001,0.001,0.001,85,109,0.001,0.001,79,0.001,0.001,0.001,0.001
3447,10.203,33.92,250.41,687.3407,0.0016,23,0.001,0.001,0.001,0.001,0.001,0.001,0.001,87,0.001,0.001,0.001,97,93,0.001,0.001,84,0.001,0.001,0.001
3448,13.104,24.4,184.61,309.2795,0.0008,23,0.001,0.001,0.001,0.001,0.001,98,97,0.001,65,0.001,0.001,0.001,0.001,0.001,101,0.001,0.001,0.001,0.001
3449,13.462,30.067,223.59,518.2941,0.0024,23,0.001,0.001,0.001,0.001,0.001,166,0.001,195,0.001,0.001,0.001,0.001,0.001,0.001,0.001,0.001,0.001,0.001,0.001
3450,15.237,36.02,265.94,711.4592,0.0026,23,0.001,0.001,0.001,0.001,0.001,292,0.001,0.001,0.001,0.001,0.001,0.001,0.001,69,0.001,0.001,0.001,0.001,0.001
3451,10.557,20.539,155.91,288.0328,0.0006,23,0.001,0.001,0.001,0.001,0.001,88,0.001,0.001,0.001,85,0.001,107,81,0.001,0.001,0.001,0.001,0.001,0.001
3452,11.531,17.05,131.56,220.0227,0.0002,23,0.001,0.001,181,0.001,179,0.001,0.001,0.001,0.001,0.001,0.001,0.001,0.001,0.001,0.001,0.001,0.001,0.001,0.001
3453,7.651,25.323,190.23,369.2265,0.0009,23,0.001,101,0.001,0.001,0.001,0.001,0.001,0.001,0.001,0.001,0.001,83,0.001,0.001,0.001,176,0.001,0.001,0.001
3454,5.648,23.999,180.28,373.1266,0.0007,23,0.001,0.001,0.001,0.001,0.001,154,0.001,51,78,0.001,0.001,0.001,0.001,77,0.001,0.001,0.001,0.001,0.001
3455,14.458,27.75,207.5,423.3822,0.0004,23,0.001,0.001,69,0.001,0.001,0.001,0.001,0.001,0.001,0.001,0.001,0.001,0.001,87,0.001,204,0.001,0.001,0.001
3456,11.144,27.191,203.61,431.2206,0.0008,23,136,0.001,0.001,0.001,129,0.001,0.001,0.001,0.001,0.001,0.001,0.001,95,0.001,0.001,0.001,0.001,0.001,0.001
3457,3.096,27.164,202.42,481.2291,0.0015,23,0.001,0.001,0.001,0.001,0.001,0.001,0.001,180,0.001,0.001,0.001,86,0.001,94,0.001,0.001,0.001,0.001,0.001
3458,14.055,29.824,222.62,451.3785,0.001,22,0.001,0.001,0.001,0.001,0.001,0.001,0.001,128,0.001,154,0.001,77,0.001,0.001,0.001,0.001,0.001,0.001,0.001
3459,16.122,26.041,196.05,355.3203,0.0003,22,0.001,0.001,124,0.001,86,0.001,0.001,0.001,0.001,0.001,0.001,0.001,0.001,0.001,0.001,149,0.001,0.001,0.001
3460,1.571,22.547,170.55,318.0755,0.0018,22,0.001,0.001,104,0.001,0.001,0.001,0.001,0.001,0.001,0.001,0.001,90,0.001,0.001,165,0.001,0.001,0.001,0.001
3461,12.191,20.242,154.45,266.9967,0.0011,22,0.001,0.001,164,0.001,63,0.001,0.001,0.001,0.001,0.001,0.001,0.001,132,0.001,0.001,0.001,0.001,0.001,0.001
3462,13.565,31.943,237.49,518.2666,0.0026,22,0.001,0.001,73,0.001,0.001,0.001,0.001,0.001,0.001,89,0.001,0.001,120,0.001,0.001,77,0.001,0.001,0.001
3463,14.303,34.892,258.24,672.468,0.0017,22,0.001,50,94,0.001,0.001,0.001,0.001,0.001,0.001,0.001,82,0.001,132,0.001,0.001,0.001,0.001,0.001,0.001
3464,1.786,18.382,141.61,209.0668,0.0002,22,0.001,0.001,0.001,0.001,0.001,0.001,0.001,0.001,0.001,0.001,0.001,0.001,0.001,0.001,192,166,0.001,0.001,0.001
3465,12.031,17.401,133.17,244.0271,0.0009,22,0.001,0.001,0.001,0.001,0.001,0.001,0.001,0.001,0.001,210,0.001,0.001,0.001,0.001,148,0.001,0.001,0.001,0.001
3466,1.834,20.928,168.94,116.9716,0.0013,22,73,0.001,0.001,0.001,0.001,0.001,0.001,0.001,138,85,61,0.001,0.001,0.001,0.001,0.001,0.001,0.001,0.001
3467,12.808,23.565,178.38,297.2431,0.0004,22,0.001,0.001,0.001,0.001,0.001,0.001,0.001,62,0.001,0.001,0.001,97,0.001,0.001,0.001,197,0.001,0.001,0.001
3468,11.456,43.242,327.54,297.1579,0.0008,22,0.001,0.001,0.001,0.001,0.001,0.001,115,0.001,0.001,151,0.001,0.001,0.001,0.001,90,0.001,0.001,0.001,0.001
3469,2.461,25.52,198.5,187.0069,0.0024,22,0.001,0.001,239,0.001,0.001,0.001,117,0.001,0.001,0.001,0.001,0.001,0.001,0.001,0.001,0.001,0.001,0.001,0.001
3470,16.172,36.94,272.57,734.5004,0.0019,22,0.001,0.001,0.001,0.001,0.001,145,0.001,211,0.001,0.001,0.001,0.001,0.001,0.001,0.001,0.001,0.001,0.001,0.001
3471,1.258,20.721,158.22,263.0715,0.0011,22,0.001,0.001,161,0.001,57,0.001,0.001,137,0.001,0.001,0.001,0.001,0.001,0.001,0.001,0.001,0.001,0.001,0.001
3472,5.312,29.576,219.83,542.2641,0.0017,22,0.001,53,0.001,0.001,0.001,0.001,0.001,112,0.001,0.001,0.001,90,100,0.001,0.001,0.001,0.001,0.001,0.001
3473,6.442,25.011,188.36,347.1849,0.0008,22,0.001,0.001,0.001,0.001,0.001,0.001,0.001,0.001,0.001,0.001,0.001,0.001,256,99,0.001,0.001,0.001,0.001,0.001
3474,1.586,18.412,142.87,186.1133,0.0005,22,0.001,0.001,0.001,0.001,0.001,0.001,0.001,0.001,93,0.001,0.001,0.001,0.001,0.001,0.001,262,0.001,0.001,0.001
3475,15.938,27.781,208.77,367.3594,0.0005,22,0.001,0.001,0.001,0.001,0.001,0.001,115,0.001,134,106,0.001,0.001,0.001,0.001,0.001,0.001,0.001,0.001,0.001
3476,7.909,24.267,183.47,311.2215,0.0005,22,0.001,86,0.001,0.001,0.001,0.001,0.001,0.001,0.001,0.001,0.001,0.001,0.001,0.001,0.001,268,0.001,0.001,0.001
3477,15.375,34.364,253.46,753.3282,0.0013,22,0.001,0.001,0.001,0.001,0.001,0.001,0.001,0.001,51,0.001,0.001,89,139,0.001,75,0.001,0.001,0.001,0.001
3478,11.217,20.438,155.11,307.0395,0.0003,22,178,0.001,176,0.001,0.001,0.001,0.001,0.001,0.001,0.001,0.001,0.001,0.001,0.001,0.001,0.001,0.001,0.001,0.001
3479,10.396,22.078,165.62,402.043,0.0014,22,0.001,73,59,0.001,0.001,70,0.001,0.001,89,0.001,0.001,0.001,0.001,0.001,62,0.001,0.001,0.001,0.001
3480,11.986,25.618,192.89,345.2422,0.0003,22,0.001,0.001,0.001,0.001,78,0.001,0.001,0.001,0.001,0.001,0.001,0.001,0.001,0.001,0.001,275,0.001,0.001,0.001
3481,15.376,33.641,249.21,577.4827,0.0003,22,0.001,0.001,0.001,0.001,0.001,0.001,0.001,0.001,0.001,0.001,92,0.001,70,0.001,0.001,191,0.001,0.001,0.001
3482,7.009,34.049,251.65,698.3427,0.0012,22,0.001,0.001,74,0.001,0.001,0.001,0.001,0.001,0.001,0.001,81,109,0.001,0.001,88,0.001,0.001,0.001,0.001
3483,15.001,28.793,216.59,355.3216,0.0012,22,0.001,70,0.001,0.001,0.001,0.001,80,0.001,98,0.001,0.001,0.001,0.001,0.001,0.001,104,0.001,0.001,0.001
3484,15.064,37.344,275.44,749.4987,0.0016,22,0.001,0.001,0.001,0.001,0.001,0.001,69,0.001,65,0.001,0.001,121,97,0.001,0.001,0.001,0.001,0.001,0.001
3485,15.3,32.163,237.47,714.1284,0.0012,22,0.001,0.001,0.001,0.001,0.001,0.001,0.001,0.001,0.001,0.001,139,0.001,0.001,56,156,0.001,0.001,0.001,0.001
3486,3.266,24.365,193.5,141.0153,0.0007,22,0.001,0.001,163,0.001,0.001,0.001,0.001,0.001,0.001,0.001,0.001,0.001,0.001,188,0.001,0.001,0.001,0.001,0.001
3487,16.055,28.835,215.33,459.3457,0.0007,22,0.001,79,0.001,0.001,0.001,0.001,0.001,0.001,0.001,0.001,0.001,126,0.001,0.001,146,0.001,0.001,0.001,0.001
3488,9.929,34.296,253.35,717.295,0.0013,22,65,0.001,0.001,0.001,0.001,0.001,0.001,0.001,0.001,93,88,0.001,0.001,105,0.001,0.001,0.001,0.001,0.001
3489,12.374,36.693,270.91,736.1577,0.0015,22,0.001,0.001,0.001,0.001,78,0.001,0.001,98,0.001,0.001,0.001,0.001,83,0.001,92,0.001,0.001,0.001,0.001
3490,13.897,32.514,242.55,474.2863,0.0018,22,0.001,0.001,0.001,0.001,111,160,0.001,0.001,0.001,0.001,79,0.001,0.001,0.001,0.001,0.001,0.001,0.001,0.001
3491,5.338,27.535,204.98,499.1442,0.0008,22,0.001,0.001,0.001,0.001,0.001,0.001,113,124,0.001,0.001,0.001,52,0.001,0.001,61,0.001,0.001,0.001,0.001
3492,6.24,33.965,251.03,698.3435,0.001,22,0.001,0.001,0.001,0.001,52,0.001,66,126,0.001,0.001,0.001,106,0.001,0.001,0.001,0.001,0.001,0.001,0.001
3493,12.996,29.027,216.09,498.2624,0.0013,22,0.001,0.001,0.001,0.001,0.001,156,0.001,0.001,0.001,110,0.001,0.001,0.001,0.001,84,0.001,0.001,0.001,0.001
3494,15.479,38.025,280.56,761.5928,0.0016,22,0.001,59,0.001,0.001,0.001,0.001,128,0.001,0.001,0.001,0.001,0.001,79,0.001,83,0.001,0.001,0.001,0.001
3495,13.816,31.389,233.97,447.3466,0.0014,22,0.001,0.001,0.001,0.001,0.001,0.001,0.001,0.001,0.001,161,0.001,0.001,0.001,0.001,0.001,188,0.001,0.001,0.001
3496,10.791,20.711,156.42,333.0355,0.001,22,0.001,72,65,0.001,0.001,0.001,0.001,60,0.001,0.001,0.001,69,83,0.001,0.001,0.001,0.001,0.001,0.001
3497,11.549,20.479,155.45,288.0328,0.0004,22,0.001,0.001,0.001,0.001,0.001,125,0.001,100,0.001,0.001,0.001,124,0.001,0.001,0.001,0.001,0.001,0.001,0.001
3498,11.275,24.54,185.15,317.2089,0.0022,22,0.001,0.001,0.001,0.001,0.001,72,0.001,0.001,0.001,0.001,0.001,0.001,0.001,0.001,0.001,276,0.001,0.001,0.001
3499,13.47,29.08,216.19,543.2471,0.0017,22,0.001,0.001,0.001,0.001,97,0.001,126,0.001,0.001,0.001,0.001,0.001,125,0.001,0.001,0.001,0.001,0.001,0.001
3500,13.618,25.318,190.58,369.2435,0.0008,22,0.001,101,103,0.001,0.001,0.001,0.001,0.001,0.001,0.001,0.001,0.001,0.001,0.001,144,0.001,0.001,0.001,0.001
3501,9.685,31.381,232.63,612.2351,0.0009,22,0.001,0.001,93,0.001,0.001,0.001,0.001,159,0.001,0.001,0.001,0.001,0.001,0.001,96,0.001,0.001,0.001,0.001
3502,1.556,28.507,219.46,212.0005,0.0014,22,0.001,0.001,0.001,0.001,0.001,122,0.001,128,0.001,0.001,0.001,0.001,0.001,0.001,0.001,98,0.001,0.001,0.001
3503,13.927,30.039,223.66,465.3581,0.0021,22,0.001,0.001,0.001,0.001,0.001,0.001,0.001,0.001,0.001,151,0.001,0.001,0.001,0.001,0.001,197,0.001,0.001,0.001
3504,14.753,34.019,252.09,596.4969,0,22,0.001,0.001,0.001,0.001,0.001,0.001,0.001,0.001,0.001,0.001,281,0.001,0.001,67,0.001,0.001,0.001,0.001,0.001
3505,10.198,23.891,180.94,313.2373,0.0012,22,67,55,0.001,0.001,87,0.001,0.001,0.001,0.001,0.001,0.001,57,0.001,0.001,81,0.001,0.001,0.001,0.001
3506,15.59,23.324,176.99,293.2109,0.0005,22,0.001,89,0.001,0.001,0.001,0.001,0.001,50,0.001,0.001,0.001,0.001,138,0.001,69,0.001,0.001,0.001,0.001
3507,11.535,28.426,212.29,455.1413,0.0007,22,0.001,92,0.001,0.001,0.001,91,0.001,72,0.001,91,0.001,0.001,0.001,0.001,0.001,0.001,0.001,0.001,0.001
3508,10.67,18.568,141.87,265.028,0.0008,22,0.001,176,170,0.001,0.001,0.001,0.001,0.001,0.001,0.001,0.001,0.001,0.001,0.001,0.001,0.001,0.001,0.001,0.001
3509,14.994,26.99,202.12,407.2847,0.0004,22,0.001,0.001,0.001,0.001,0.001,0.001,0.001,0.001,89,73,95,0.001,89,0.001,0.001,0.001,0.001,0.001,0.001
3510,15.121,26.647,200.78,367.356,0.0005,22,86,95,80,0.001,84,0.001,0.001,0.001,0.001,0.001,0.001,0.001,0.001,0.001,0.001,0.001,0.001,0.001,0.001
3511,13.28,21.315,160.54,332.0401,0.001,22,0.001,0.001,0.001,0.001,0.001,0.001,273,0.001,0.001,0.001,0.001,0.001,0.001,0.001,0.001,72,0.001,0.001,0.001
3512,11.643,25.942,194.93,369.3002,0.0015,22,0.001,0.001,0.001,0.001,0.001,89,0.001,0.001,52,0.001,0.001,86,0.001,51,67,0.001,0.001,0.001,0.001
3513,10.126,34.563,255.37,717.3343,0.0026,22,0.001,0.001,126,0.001,0.001,0.001,0.001,0.001,62,0.001,0.001,0.001,0.001,157,0.001,0.001,0.001,0.001,0.001
3514,14.172,28.831,216.07,413.3621,0.0021,22,0.001,0.001,52,0.001,0.001,0.001,0.001,0.001,0.001,293,0.001,0.001,0.001,0.001,0.001,0.001,0.001,0.001,0.001
3515,13.423,30.464,226.02,569.2292,0.0026,22,0.001,0.001,0.001,0.001,0.001,122,0.001,81,0.001,141,0.001,0.001,0.001,0.001,0.001,0.001,0.001,0.001,0.001
3516,13.522,33.471,247.57,672.344,0.0023,22,0.001,0.001,0.001,0.001,70,0.001,0.001,79,0.001,89,0.001,106,0.001,0.001,0.001,0.001,0.001,0.001,0.001
3517,13.023,28.361,210.47,559.0841,0.0014,22,0.001,0.001,110,0.001,0.001,0.001,0.001,0.001,0.001,0.001,0.001,0.001,76,0.001,0.001,158,0.001,0.001,0.001
3518,14.226,30.471,226.96,527.3381,0.0008,21,73,62,63,0.001,61,0.001,0.001,0.001,0.001,0.001,84,0.001,0.001,0.001,0.001,0.001,0.001,0.001,0.001
3519,10.984,19.13,145.38,285.0418,0.0011,21,0.001,0.001,0.001,0.001,58,0.001,0.001,0.001,0.001,0.001,0.001,105,98,0.001,82,0.001,0.001,0.001,0.001
3520,13.183,35.177,259.72,674.179,0.003,21,0.001,0.001,0.001,0.001,0.001,0.001,0.001,0.001,0.001,0.001,0.001,0.001,111,0.001,99,133,0.001,0.001,0.001
3521,13.864,25.883,196.62,281.2488,0.0005,21,0.001,0.001,0.001,0.001,0.001,226,0.001,0.001,0.001,0.001,0.001,117,0.001,0.001,0.001,0.001,0.001,0.001,0.001
3522,11.609,27.404,204.88,429.3003,0.0007,21,0.001,0.001,0.001,0.001,0.001,0.001,0.001,0.001,0.001,272,0.001,0.001,0.001,70,0.001,0.001,0.001,0.001,0.001
3523,3.16,26.771,199.14,541.0067,0.002,21,135,0.001,0.001,0.001,0.001,0.001,0.001,207,0.001,0.001,0.001,0.001,0.001,0.001,0.001,0.001,0.001,0.001,0.001
3524,15.586,37.758,279.63,629.4016,0.0026,21,55,0.001,0.001,0.001,0.001,0.001,67,117,0.001,103,0.001,0.001,0.001,0.001,0.001,0.001,0.001,0.001,0.001
3525,10.53,36.269,268.05,722.2029,0.0018,21,101,60,0.001,0.001,0.001,0.001,0.001,0.001,0.001,0.001,0.001,86,94,0.001,0.001,0.001,0.001,0.001,0.001
3526,13.404,16.494,130.07,149.0093,0.0002,21,0.001,0.001,0.001,0.001,0.001,0.001,0.001,0.001,0.001,0.001,0.001,112,0.001,0.001,0.001,229,0.001,0.001,0.001
3527,9.226,24.838,186.69,355.2126,0.0011,21,0.001,0.001,0.001,0.001,0.001,0.001,0.001,0.001,0.001,0.001,0.001,65,0.001,0.001,70,206,0.001,0.001,0.001
3528,4.361,19.148,147.53,213.0206,0.0006,21,0.001,0.001,80,0.001,0.001,0.001,0.001,0.001,0.001,0.001,0.001,0.001,0.001,0.001,0.001,261,0.001,0.001,0.001
3529,11.103,18.608,141.84,264.0327,0.0003,21,0.001,0.001,0.001,0.001,0.001,0.001,0.001,156,0.001,184,0.001,0.001,0.001,0.001,0.001,0.001,0.001,0.001,0.001
3530,15.534,32.608,242.07,553.4827,0.002,21,0.001,0.001,0.001,0.001,0.001,0.001,83,0.001,0.001,139,0.001,0.001,0.001,0.001,118,0.001,0.001,0.001,0.001
3531,15.971,40.202,295.95,883.5342,0.0026,21,0.001,0.001,0.001,0.001,52,189,0.001,98,0.001,0.001,0.001,0.001,0.001,0.001,0.001,0.001,0.001,0.001,0.001
3532,11.641,30.082,223.72,516.273,0.0002,21,0.001,0.001,0.001,0.001,0.001,172,0.001,0.001,0.001,166,0.001,0.001,0.001,0.001,0.001,0.001,0.001,0.001,0.001
3533,1.99,27.512,206.24,395.1008,0.0002,21,0.001,0.001,0.001,0.001,0.001,139,0.001,0.001,0.001,0.001,100,0.001,0.001,99,0.001,0.001,0.001,0.001,0.001
3534,0.109,27.735,220.34,141.017,0.0013,21,60,0.001,115,0.001,0.001,0.001,0.001,0.001,0.001,0.001,0.001,0.001,0.001,162,0.001,0.001,0.001,0.001,0.001
3535,13.538,34.863,257.52,718.3707,0.0018,21,0.001,84,0.001,0.001,0.001,0.001,80,0.001,0.001,82,0.001,0.001,91,0.001,0.001,0.001,0.001,0.001,0.001
3536,14.186,20.975,158.97,307.0072,0.0004,21,0.001,0.001,134,0.001,0.001,0.001,0.001,0.001,0.001,0.001,0.001,0.001,203,0.001,0.001,0.001,0.001,0.001,0.001
3537,15.492,34.878,258.57,576.3558,0.0029,21,0.001,0.001,0.001,0.001,65,0.001,0.001,0.001,0.001,0.001,0.001,0.001,0.001,0.001,0.001,272,0.001,0.001,0.001
3538,6.625,31.523,233.73,584.333,0.0005,21,0.001,0.001,0.001,0.001,0.001,0.001,0.001,91,0.001,0.001,0.001,76,107,0.001,63,0.001,0.001,0.001,0.001
3539,10.062,23.396,177.17,291.1955,0.0003,21,0.001,0.001,0.001,0.001,0.001,0.001,0.001,0.001,0.001,0.001,0.001,0.001,0.001,0.001,118,219,0.001,0.001,0.001
3540,12.951,28.627,214.01,439.342,0.002,21,0.001,62,0.001,0.001,0.001,0.001,0.001,0.001,0.001,103,63,0.001,0.001,0.001,108,0.001,0.001,0.001,0.001
3541,9.929,32.014,236.95,631.2792,0.0016,21,0.001,0.001,0.001,0.001,0.001,95,0.001,0.001,0.001,0.001,108,0.001,0.001,133,0.001,0.001,0.001,0.001,0.001
3542,13.498,27.59,206.61,421.2253,0.0012,21,61,68,0.001,0.001,0.001,0.001,0.001,82,0.001,0.001,0.001,56,69,0.001,0.001,0.001,0.001,0.001,0.001
3543,3.504,25.964,206.28,141.0153,0.0005,21,0.001,109,0.001,0.001,114,0.001,0.001,0.001,0.001,0.001,0.001,0.001,0.001,113,0.001,0.001,0.001,0.001,0.001
3544,10.312,22.638,168.71,499.0673,0.0011,21,0.001,0.001,90,0.001,0.001,0.001,0.001,0.001,54,0.001,192,0.001,0.001,0.001,0.001,0.001,0.001,0.001,0.001
3545,13.5,32.95,243.81,608.3552,0.0011,21,0.001,0.001,0.001,0.001,0.001,183,0.001,0.001,0.001,0.001,0.001,0.001,0.001,55,0.001,97,0.001,0.001,0.001
3546,16.434,29.222,218.12,452.4187,0.0003,21,0.001,0.001,0.001,0.001,0.001,0.001,0.001,0.001,72,0.001,0.001,88,174,0.001,0.001,0.001,0.001,0.001,0.001
3547,5.955,30.776,228.32,586.269,0.0016,21,0.001,65,0.001,0.001,0.001,78,0.001,0.001,0.001,0.001,0.001,91,0.001,100,0.001,0.001,0.001,0.001,0.001
3548,16.459,37.71,278.6,734.5349,0.001,21,0.001,0.001,0.001,0.001,173,0.001,0.001,0.001,161,0.001,0.001,0.001,0.001,0.001,0.001,0.001,0.001,0.001,0.001
3549,6.63,35.016,258.66,742.3465,0.0015,21,78,0.001,87,0.001,0.001,0.001,0.001,0.001,0.001,0.001,76,0.001,0.001,0.001,92,0.001,0.001,0.001,0.001
3550,12.389,28.762,213.06,600.0746,0.0037,21,89,0.001,0.001,0.001,0.001,0.001,0.001,0.001,0.001,0.001,0.001,0.001,0.001,0.001,0.001,244,0.001,0.001,0.001
3551,16.27,36.033,266.11,702.535,0.0009,21,0.001,0.001,0.001,0.001,0.001,0.001,0.001,0.001,118,215,0.001,0.001,0.001,0.001,0.001,0.001,0.001,0.001,0.001
3552,12.857,33.006,244.65,550.4497,0.0016,21,0.001,0.001,0.001,0.001,0.001,0.001,0.001,0.001,0.001,0.001,0.001,0.001,0.001,0.001,77,256,0.001,0.001,0.001
3553,14.366,36.806,271.52,743.5437,0.001,21,0.001,0.001,0.001,0.001,0.001,0.001,0.001,132,0.001,96,0.001,0.001,105,0.001,0.001,0.001,0.001,0.001,0.001
3554,13.627,27.031,202.72,414.2246,0.0015,21,94,0.001,65,0.001,80,0.001,94,0.001,0.001,0.001,0.001,0.001,0.001,0.001,0.001,0.001,0.001,0.001,0.001
3555,15.23,37.78,278.42,786.4933,0.002,21,0.001,0.001,0.001,0.001,0.001,268,0.001,64,0.001,0.001,0.001,0.001,0.001,0.001,0.001,0.001,0.001,0.001,0.001
3556,9.533,18.853,150.66,131.0122,0.0006,21,66,77,0.001,0.001,0.001,0.001,61,0.001,0.001,0.001,0.001,64,64,0.001,0.001,0.001,52,0.001,0.001
3557,13.455,34.729,256.69,704.2811,0.0016,21,0.001,0.001,0.001,0.001,85,108,0.001,0.001,0.001,0.001,0.001,0.001,0.001,0.001,139,0.001,0.001,0.001,0.001
3558,0.261,30.467,225.13,703.0271,0.0021,21,0.001,85,0.001,0.001,69,0.001,0.001,0.001,0.001,0.001,0.001,0.001,0.001,58,0.001,119,0.001,0.001,0.001
3559,7.045,25.255,189.72,369.2275,0.0004,21,0.001,100,0.001,0.001,0.001,0.001,0.001,0.001,0.001,0.001,0.001,0.001,105,0.001,0.001,125,0.001,0.001,0.001
3560,4.369,26.237,196.69,395.1898,0.0008,21,0.001,0.001,0.001,0.001,0.001,0.001,0.001,101,86,143,0.001,0.001,0.001,0.001,0.001,0.001,0.001,0.001,0.001
3561,14.863,30.145,225.08,423.3843,0.0016,21,0.001,0.001,0.001,0.001,0.001,0.001,0.001,0.001,0.001,80,0.001,0.001,0.001,0.001,0.001,250,0.001,0.001,0.001
3562,3.23,8.144,64.8,141.0166,0.0015,21,0.001,87,0.001,0.001,0.001,0.001,0.001,0.001,0.001,133,110,0.001,0.001,0.001,0.001,0.001,0.001,0.001,0.001
3563,15.584,33.524,248.15,621.4039,0.001,21,0.001,0.001,76,0.001,0.001,0.001,0.001,0.001,0.001,0.001,0.001,0.001,143,0.001,0.001,111,0.001,0.001,0.001
3564,9.19,25.174,189.34,343.2484,0.0001,21,0.001,0.001,0.001,0.001,0.001,0.001,0.001,0.001,0.001,0.001,0.001,0.001,0.001,0.001,211,118,0.001,0.001,0.001
3565,15.252,36.147,266.86,714.4756,0.005,21,0.001,0.001,0.001,0.001,0.001,0.001,0.001,151,0.001,102,0.001,0.001,0.001,0.001,76,0.001,0.001,0.001,0.001
3566,15.762,25.714,193.72,339.6319,0.0021,21,142,0.001,0.001,0.001,0.001,0.001,0.001,0.001,0.001,0.001,0.001,0.001,0.001,0.001,0.001,187,0.001,0.001,0.001
3567,16.217,38.102,281.07,781.5003,0.0018,21,0.001,74,0.001,0.001,0.001,0.001,0.001,113,0.001,142,0.001,0.001,0.001,0.001,0.001,0.001,0.001,0.001,0.001
3568,12.825,27.38,205.31,391.4047,0.0007,21,0.001,0.001,0.001,0.001,0.001,0.001,0.001,0.001,0.001,58,66,81,0.001,56,68,0.001,0.001,0.001,0.001
3569,14.696,29.773,221.43,499.3248,0.0013,21,0.001,0.001,0.001,0.001,0.001,0.001,57,97,0.001,0.001,0.001,0.001,0.001,94,0.001,81,0.001,0.001,0.001
3570,3.219,25.948,209.09,116.9723,0.0007,21,0.001,0.001,0.001,0.001,0.001,99,0.001,83,0.001,56,0.001,0.001,0.001,0.001,0.001,91,0.001,0.001,0.001
3571,12.78,27.085,203.13,397.3131,0.0011,21,0.001,0.001,0.001,0.001,68,0.001,0.001,63,98,0.001,0.001,0.001,0.001,99,0.001,0.001,0.001,0.001,0.001
3572,15.338,33.7,250.13,557.4219,0.0009,21,0.001,0.001,0.001,0.001,0.001,108,62,0.001,69,0.001,0.001,0.001,0.001,0.001,89,0.001,0.001,0.001,0.001
3573,15.524,29.706,221.65,468.4119,0.0017,21,56,0.001,0.001,0.001,0.001,0.001,0.001,61,112,0.001,0.001,99,0.001,0.001,0.001,0.001,0.001,0.001,0.001
3574,11.862,29.933,222.53,524.3053,0.0002,20,0.001,0.001,0.001,0.001,0.001,0.001,50,0.001,0.001,113,0.001,0.001,0.001,74,90,0.001,0.001,0.001,0.001
3575,16.083,27.316,204.37,419.3022,0.0001,20,0.001,0.001,0.001,0.001,0.001,121,0.001,0.001,0.001,206,0.001,0.001,0.001,0.001,0.001,0.001,0.001,0.001,0.001
3576,6.051,25.644,203.74,141.0166,0.0013,20,0.001,88,0.001,0.001,101,0.001,0.001,0.001,0.001,137,0.001,0.001,0.001,0.001,0.001,0.001,0.001,0.001,0.001
3577,5.898,33.965,250.79,698.3002,0.0034,20,0.001,86,0.001,0.001,0.001,0.001,0.001,0.001,0.001,0.001,0.001,0.001,0.001,0.001,0.001,240,0.001,0.001,0.001
3578,13.478,35.439,262.04,653.4541,0.0037,20,0.001,0.001,0.001,0.001,164,0.001,0.001,88,0.001,0.001,0.001,0.001,0.001,0.001,0.001,74,0.001,0.001,0.001
3579,10.46,25.55,191.9,369.1772,0.0036,20,118,0.001,0.001,0.001,0.001,0.001,0.001,0.001,0.001,0.001,0.001,0.001,0.001,0.001,0.001,207,0.001,0.001,0.001
3580,13.521,40.573,298.43,920.4068,0.0017,20,0.001,0.001,0.001,0.001,64,0.001,98,0.001,0.001,0.001,0.001,80,83,0.001,0.001,0.001,0.001,0.001,0.001
3581,14.784,29.916,222.73,507.3066,0.002,20,0.001,58,0.001,0.001,0.001,0.001,0.001,0.001,0.001,0.001,0.001,0.001,116,78,73,0.001,0.001,0.001,0.001
3582,13.477,17.439,133.61,245.0222,0.0007,20,0.001,0.001,149,0.001,0.001,0.001,0.001,0.001,0.001,0.001,176,0.001,0.001,0.001,0.001,0.001,0.001,0.001,0.001
3583,12.075,21.167,160.15,331.0441,0.0004,20,116,209,0.001,0.001,0.001,0.001,0.001,0.001,0.001,0.001,0.001,0.001,0.001,0.001,0.001,0.001,0.001,0.001,0.001
3584,1.355,23.798,196.35,92.9281,0.0002,20,0.001,0.001,0.001,0.001,0.001,98,0.001,0.001,0.001,0.001,0.001,0.001,0.001,0.001,0.001,226,0.001,0.001,0.001
3585,13.124,31.324,232.95,485.3846,0.0026,20,0.001,0.001,0.001,0.001,0.001,0.001,0.001,0.001,0.001,117,0.001,0.001,0.001,0.001,0.001,207,0.001,0.001,0.001
3586,14.653,19.574,150.65,224.0272,0.0004,20,0.001,57,129,0.001,0.001,0.001,0.001,0.001,0.001,0.001,0.001,0.001,0.001,77,61,0.001,0.001,0.001,0.001
3587,13.954,29.338,218.53,480.308,0.0011,20,65,0.001,0.001,0.001,0.001,0.001,0.001,0.001,0.001,0.001,0.001,0.001,0.001,0.001,0.001,258,0.001,0.001,0.001
3588,14.187,34.097,252.44,615.4576,0.0017,20,0.001,0.001,0.001,0.001,60,0.001,0.001,140,0.001,0.001,0.001,0.001,0.001,0.001,0.001,123,0.001,0.001,0.001
3589,13.197,23.314,177.24,281.2848,0.0005,20,0.001,64,0.001,0.001,0.001,0.001,0.001,0.001,0.001,0.001,0.001,82,0.001,95,82,0.001,0.001,0.001,0.001
3590,13.277,25.585,192.8,353.2141,0.0009,20,0.001,84,0.001,0.001,80,0.001,70,0.001,0.001,0.001,89,0.001,0.001,0.001,0.001,0.001,0.001,0.001,0.001
3591,15.933,36.942,272.8,728.5602,0.0019,20,0.001,0.001,60,0.001,0.001,0.001,0.001,0.001,0.001,85,0.001,98,80,0.001,0.001,0.001,0.001,0.001,0.001
3592,14.238,31.422,233.2,560.3369,0.0003,20,0.001,0.001,0.001,0.001,0.001,225,0.001,0.001,0.001,98,0.001,0.001,0.001,0.001,0.001,0.001,0.001,0.001,0.001
3593,11.799,29.717,220.51,529.2034,0.0026,20,0.001,0.001,0.001,0.001,0.001,0.001,0.001,0.001,0.001,0.001,0.001,209,0.001,0.001,0.001,113,0.001,0.001,0.001
3594,15.139,39.098,287.86,830.5213,0.0013,20,0.001,0.001,0.001,0.001,0.001,219,0.001,0.001,0.001,103,0.001,0.001,0.001,0.001,0.001,0.001,0.001,0.001,0.001
3595,12.667,25.81,193.71,382.2473,0.0017,20,0.001,0.001,0.001,0.001,0.001,102,0.001,0.001,0.001,0.001,0.001,84,0.001,58,78,0.001,0.001,0.001,0.001
3596,6.163,30.719,227.77,584.2749,0.0009,20,0.001,0.001,0.001,0.001,0.001,125,0.001,120,0.001,0.001,77,0.001,0.001,0.001,0.001,0.001,0.001,0.001,0.001
3597,12.423,22.544,171.4,277.1833,0.001,20,0.001,0.001,0.001,0.001,0.001,0.001,58,81,0.001,90,0.001,0.001,0.001,0.001,93,0.001,0.001,0.001,0.001
3598,14.004,28.586,213.54,450.3237,0.002,20,0.001,0.001,0.001,0.001,62,0.001,0.001,0.001,0.001,74,0.001,0.001,0.001,73,112,0.001,0.001,0.001,0.001
3599,14.53,28.514,212.69,450.2961,0.001,20,0.001,0.001,0.001,0.001,0.001,0.001,0.001,0.001,77,98,0.001,0.001,0.001,67,0.001,79,0.001,0.001,0.001
3600,0.744,21.583,163.64,293.0687,0.0001,20,0.001,145,0.001,0.001,0.001,0.001,0.001,0.001,0.001,0.001,91,0.001,0.001,0.001,0.001,84,0.001,0.001,0.001
3601,13.614,25.298,190.11,368.2467,0.0005,20,0.001,0.001,0.001,0.001,0.001,84,0.001,0.001,0.001,0.001,0.001,73,93,0.001,70,0.001,0.001,0.001,0.001
3602,9.933,33.877,250.44,697.2917,0.0012,20,0.001,64,0.001,0.001,0.001,0.001,0.001,142,0.001,0.001,0.001,114,0.001,0.001,0.001,0.001,0.001,0.001,0.001
3603,13.483,35.578,262.83,723.3222,0.0029,20,95,0.001,0.001,0.001,0.001,0.001,0.001,0.001,0.001,0.001,0.001,110,115,0.001,0.001,0.001,0.001,0.001,0.001
3604,15.251,27.181,203.91,381.3736,0.0006,20,0.001,0.001,0.001,0.001,70,0.001,0.001,0.001,0.001,0.001,0.001,0.001,0.001,0.001,0.001,250,0.001,0.001,0.001
3605,12.453,30.835,229.34,483.3691,0.001,20,0.001,0.001,0.001,0.001,0.001,0.001,0.001,0.001,0.001,193,0.001,0.001,0.001,0.001,0.001,126,0.001,0.001,0.001
3606,12.172,27.022,202.38,396.1437,0.0007,20,0.001,0.001,0.001,0.001,0.001,0.001,0.001,73,0.001,0.001,71,0.001,0.001,0.001,82,93,0.001,0.001,0.001
3607,13.911,30.162,225.06,463.3041,0.0017,20,50,0.001,82,0.001,0.001,0.001,0.001,65,0.001,68,0.001,0.001,0.001,0.001,0.001,53,0.001,0.001,0.001
3608,15.456,37.373,275.81,752.5575,0.0036,20,0.001,90,0.001,0.001,0.001,50,0.001,0.001,0.001,57,0.001,121,0.001,0.001,0.001,0.001,0.001,0.001,0.001
3609,1.505,22.302,180.06,116.9722,0.0002,20,93,0.001,0.001,0.001,0.001,0.001,0.001,0.001,0.001,115,0.001,110,0.001,0.001,0.001,0.001,0.001,0.001,0.001
3610,14.176,23.763,179.93,297.2794,0.0016,20,0.001,0.001,0.001,0.001,0.001,68,0.001,81,0.001,0.001,0.001,0.001,66,0.001,0.001,103,0.001,0.001,0.001
3611,12.19,26.514,197.56,507.0488,0,20,0.001,0.001,180,0.001,0.001,0.001,0.001,0.001,0.001,0.001,0.001,0.001,138,0.001,0.001,0.001,0.001,0.001,0.001
3612,12.827,24.219,183.57,305.2833,0.001,20,0.001,0.001,72,0.001,58,0.001,0.001,91,97,0.001,0.001,0.001,0.001,0.001,0.001,0.001,0.001,0.001,0.001
3613,14.31,33.229,246.27,567.462,0.0023,20,0.001,0.001,0.001,0.001,0.001,0.001,0.001,64,0.001,146,0.001,0.001,0.001,0.001,0.001,107,0.001,0.001,0.001
3614,12.951,31.028,231.2,491.3722,0.001,20,0.001,0.001,73,0.001,0.001,0.001,0.001,74,0.001,73,0.001,0.001,0.001,96,0.001,0.001,0.001,0.001,0.001
3615,3.401,30.523,226.65,596.2546,0.0006,20,70,68,89,0.001,0.001,0.001,0.001,0.001,0.001,0.001,0.001,0.001,89,0.001,0.001,0.001,0.001,0.001,0.001
3616,13.614,22.175,169.25,255.5083,0.0004,20,0.001,0.001,0.001,0.001,0.001,0.001,0.001,0.001,152,164,0.001,0.001,0.001,0.001,0.001,0.001,0.001,0.001,0.001
3617,15.375,34.365,253.45,755.3258,0.0012,20,0.001,0.001,0.001,0.001,0.001,0.001,0.001,0.001,0.001,65,0.001,75,176,0.001,0.001,0.001,0.001,0.001,0.001
3618,13.292,25.621,191.35,459.1087,0.0016,20,73,0.001,0.001,0.001,0.001,0.001,0.001,0.001,0.001,0.001,0.001,0.001,165,78,0.001,0.001,0.001,0.001,0.001
3619,13.343,43.224,327.12,303.2349,0.0015,20,0.001,0.001,0.001,0.001,0.001,0.001,185,0.001,0.001,0.001,0.001,0.001,131,0.001,0.001,0.001,0.001,0.001,0.001
3620,16.489,28.442,212.76,421.4032,0.002,20,0.001,0.001,0.001,0.001,0.001,154,0.001,0.001,0.001,95,67,0.001,0.001,0.001,0.001,0.001,0.001,0.001,0.001
3621,2.039,27.249,219.76,116.9727,0.0009,20,0.001,0.001,0.001,0.001,0.001,0.001,0.001,102,56,78,0.001,0.001,79,0.001,0.001,0.001,0.001,0.001,0.001
3622,15.447,23.568,178.41,297.2421,0.0003,20,0.001,0.001,0.001,0.001,0.001,0.001,0.001,0.001,0.001,134,0.001,0.001,111,0.001,0.001,70,0.001,0.001,0.001
3623,5.529,31.267,231.88,613.2653,0.0025,20,82,91,0.001,0.001,0.001,0.001,74,0.001,0.001,68,0.001,0.001,0.001,0.001,0.001,0.001,0.001,0.001,0.001
3624,10.458,16.688,128.38,222.0198,0.0003,20,0.001,0.001,0.001,0.001,0.001,60,0.001,0.001,64,0.001,69,57,0.001,0.001,65,0.001,0.001,0.001,0.001
3625,15.13,37.325,275.87,735.5778,0.0001,20,116,76,0.001,0.001,0.001,0.001,0.001,0.001,0.001,0.001,0.001,0.001,0.001,0.001,123,0.001,0.001,0.001,0.001
3626,10.986,29.07,216.73,453.3213,0.0007,20,0.001,0.001,0.001,0.001,0.001,0.001,0.001,117,0.001,101,0.001,0.001,0.001,0.001,0.001,97,0.001,0.001,0.001
3627,13.443,24.669,186.74,305.2143,0.0006,20,0.001,0.001,0.001,0.001,0.001,61,94,0.001,0.001,0.001,0.001,75,0.001,84,0.001,0.001,0.001,0.001,0.001
3628,15.345,35.176,260.08,651.4331,0.0017,20,0.001,0.001,157,0.001,0.001,0.001,0.001,0.001,0.001,0.001,0.001,0.001,0.001,0.001,0.001,157,0.001,0.001,0.001
3629,14.798,27.015,202.96,384.5416,0.0035,20,51,0.001,0.001,0.001,54,0.001,65,144,0.001,0.001,0.001,0.001,0.001,0.001,0.001,0.001,0.001,0.001,0.001
3630,10.276,25.959,194.11,425.22,0.0011,20,0.001,0.001,75,0.001,0.001,0.001,0.001,107,0.001,59,0.001,0.001,0.001,0.001,0.001,73,0.001,0.001,0.001
3631,2.369,24.728,186,359.1223,0.0005,20,0.001,0.001,0.001,0.001,0.001,0.001,0.001,189,0.001,124,0.001,0.001,0.001,0.001,0.001,0.001,0.001,0.001,0.001
3632,12.19,26.006,195.41,369.3002,0.0011,20,0.001,0.001,0.001,0.001,0.001,98,0.001,0.001,0.001,113,0.001,0.001,0.001,102,0.001,0.001,0.001,0.001,0.001
3633,10.512,26.185,196.26,397.2226,0.0011,20,0.001,0.001,0.001,0.001,0.001,0.001,0.001,60,0.001,160,0.001,0.001,0.001,93,0.001,0.001,0.001,0.001,0.001
3634,15.207,29.593,220.93,425.3995,0.0019,20,0.001,0.001,0.001,0.001,0.001,0.001,0.001,0.001,0.001,214,0.001,0.001,0.001,0.001,0.001,99,0.001,0.001,0.001
3635,15.283,30.593,227.69,518.3597,0.0017,20,0.001,0.001,0.001,0.001,170,0.001,0.001,0.001,74,0.001,0.001,0.001,0.001,68,0.001,0.001,0.001,0.001,0.001
3636,12.665,24.363,183.63,325.2947,0.0008,20,0.001,0.001,0.001,0.001,0.001,0.001,219,0.001,0.001,0.001,0.001,0.001,0.001,0.001,0.001,93,0.001,0.001,0.001
3637,12.031,25.188,190.16,312.1709,0.0016,20,0.001,0.001,0.001,0.001,0.001,0.001,0.001,0.001,0.001,0.001,0.001,0.001,192,0.001,0.001,120,0.001,0.001,0.001
3638,0.738,28.113,208.5,573.1076,0.0026,19,0.001,136,0.001,0.001,0.001,0.001,0.001,0.001,0.001,0.001,116,0.001,0.001,0.001,0.001,59,0.001,0.001,0.001
3639,3.399,28.585,212.67,509.2386,0.0011,19,0.001,0.001,0.001,0.001,0.001,0.001,0.001,0.001,0.001,62,0.001,99,0.001,95,55,0.001,0.001,0.001,0.001
3640,12.314,20.449,155.22,288.0328,0.0007,19,0.001,0.001,0.001,0.001,0.001,122,0.001,90,0.001,0.001,0.001,99,0.001,0.001,0.001,0.001,0.001,0.001,0.001
3641,14.832,37.177,274.18,754.4733,0.0015,19,0.001,0.001,0.001,0.001,0.001,80,75,51,105,0.001,0.001,0.001,0.001,0.001,0.001,0.001,0.001,0.001,0.001
3642,16.19,37.669,277.69,771.5748,0.0003,19,0.001,0.001,0.001,0.001,0.001,0.001,208,0.001,0.001,0.001,0.001,103,0.001,0.001,0.001,0.001,0.001,0.001,0.001
3643,12.747,27.392,205.04,413.2667,0.0003,19,0.001,0.001,0.001,0.001,0.001,0.001,0.001,119,0.001,107,0.001,85,0.001,0.001,0.001,0.001,0.001,0.001,0.001
3644,15.435,27.548,208.16,339.3276,0.0007,19,135,0.001,176,0.001,0.001,0.001,0.001,0.001,0.001,0.001,0.001,0.001,0.001,0.001,0.001,0.001,0.001,0.001,0.001
3645,10.231,21.182,160.08,333.0365,0.001,19,106,107,0.001,0.001,0.001,0.001,0.001,0.001,0.001,0.001,0.001,0.001,98,0.001,0.001,0.001,0.001,0.001,0.001
3646,14.725,25.966,195.3,355.3195,0.0007,19,0.001,0.001,0.001,0.001,74,0.001,0.001,0.001,0.001,0.001,0.001,0.001,0.001,0.001,0.001,236,0.001,0.001,0.001
3647,1.554,21.006,160.52,241.1179,0.0003,19,0.001,0.001,0.001,0.001,0.001,0.001,0.001,86,0.001,0.001,0.001,0.001,0.001,0.001,0.001,224,0.001,0.001,0.001
3648,12.576,34.508,255.36,656.1508,0.0011,19,0.001,0.001,110,0.001,103,0.001,0.001,0.001,0.001,0.001,0.001,0.001,0.001,0.001,0.001,97,0.001,0.001,0.001
3649,15.051,30.387,226.2,514.3599,0.0011,19,0.001,0.001,0.001,0.001,82,121,0.001,0.001,0.001,0.001,0.001,0.001,106,0.001,0.001,0.001,0.001,0.001,0.001
3650,14.478,33.377,247.34,576.4717,0.0022,19,0.001,0.001,0.001,0.001,0.001,0.001,0.001,0.001,52,73,0.001,0.001,0.001,118,0.001,66,0.001,0.001,0.001
3651,13.196,27.52,205.74,439.3067,0.0011,19,57,0.001,0.001,0.001,0.001,0.001,0.001,0.001,0.001,81,0.001,92,0.001,0.001,78,0.001,0.001,0.001,0.001
3652,15.612,29.524,220.72,441.3947,0.0008,19,0.001,0.001,87,0.001,0.001,0.001,0.001,0.001,0.001,113,108,0.001,0.001,0.001,0.001,0.001,0.001,0.001,0.001
3653,13.992,27.722,208.91,356.3259,0.0009,19,123,0.001,68,0.001,0.001,0.001,0.001,0.001,0.001,0.001,0.001,117,0.001,0.001,0.001,0.001,0.001,0.001,0.001
3654,14.002,31.689,234.95,584.3448,0.0007,19,0.001,0.001,0.001,0.001,0.001,0.001,0.001,0.001,0.001,0.001,181,0.001,0.001,127,0.001,0.001,0.001,0.001,0.001
3655,7.494,27.412,206.27,367.158,0.0003,19,0.001,0.001,98,0.001,0.001,0.001,210,0.001,0.001,0.001,0.001,0.001,0.001,0.001,0.001,0.001,0.001,0.001,0.001
3656,1.956,21.79,175.93,116.9724,0.0005,19,91,0.001,0.001,0.001,0.001,0.001,0.001,0.001,0.001,98,0.001,0.001,0.001,118,0.001,0.001,0.001,0.001,0.001
3657,13.422,17.336,134.11,203.0326,0.001,19,0.001,77,59,0.001,0.001,0.001,0.001,0.001,0.001,0.001,0.001,0.001,0.001,0.001,0.001,171,0.001,0.001,0.001
3658,4.371,29.476,219.49,493.1572,0.0006,19,0.001,0.001,0.001,0.001,0.001,0.001,141,0.001,0.001,166,0.001,0.001,0.001,0.001,0.001,0.001,0.001,0.001,0.001
3659,15.198,37.911,279.61,779.4876,0.0021,19,54,0.001,0.001,0.001,0.001,83,107,63,0.001,0.001,0.001,0.001,0.001,0.001,0.001,0.001,0.001,0.001,0.001
3660,13.388,35.179,260.34,674.1815,0.0019,19,0.001,0.001,75,0.001,77,0.001,0.001,0.001,0.001,0.001,73,0.001,81,0.001,0.001,0.001,0.001,0.001,0.001
3661,14.001,30.96,229.59,580.3541,0.0017,19,0.001,0.001,0.001,0.001,0.001,0.001,0.001,0.001,112,84,0.001,0.001,110,0.001,0.001,0.001,0.001,0.001,0.001
3662,0.906,13.092,99.94,249.0693,0.0001,19,0.001,0.001,0.001,0.001,0.001,0.001,0.001,0.001,0.001,85,0.001,0.001,0.001,0.001,0.001,221,0.001,0.001,0.001
3663,15.77,36.481,269.33,714.5073,0.0011,19,0.001,0.001,0.001,0.001,0.001,0.001,64,53,0.001,96,0.001,0.001,0.001,0.001,93,0.001,0.001,0.001,0.001
3664,8.618,27.225,204.56,369.1731,0.0005,19,0.001,0.001,0.001,0.001,0.001,0.001,138,71,0.001,0.001,0.001,0.001,0.001,0.001,96,0.001,0.001,0.001,0.001
3665,7.348,21.892,167.99,223.1327,0.0003,19,0.001,0.001,0.001,0.001,0.001,0.001,0.001,0.001,0.001,0.001,0.001,0.001,0.001,0.001,82,223,0.001,0.001,0.001
3666,13.344,23.284,176.94,285.2225,0.0003,19,0.001,0.001,122,0.001,0.001,120,0.001,0.001,0.001,63,0.001,0.001,0.001,0.001,0.001,0.001,0.001,0.001,0.001
3667,13.507,30.252,224.62,571.293,0.0011,19,0.001,116,0.001,0.001,0.001,0.001,0.001,0.001,0.001,0.001,92,0.001,0.001,96,0.001,0.001,0.001,0.001,0.001
3668,5.534,31.587,234.05,601.3247,0.0005,19,0.001,0.001,0.001,0.001,0.001,0.001,0.001,0.001,0.001,0.001,0.001,0.001,117,105,82,0.001,0.001,0.001,0.001
3669,8.433,20.152,151.06,399.8387,0.0041,19,0.001,0.001,0.001,0.001,0.001,0.001,0.001,245,0.001,0.001,0.001,59,0.001,0.001,0.001,0.001,0.001,0.001,0.001
3670,14.736,27.46,206.61,368.2345,0.0004,19,213,0.001,0.001,0.001,0.001,0.001,0.001,0.001,90,0.001,0.001,0.001,0.001,0.001,0.001,0.001,0.001,0.001,0.001
3671,13.662,29.081,217.95,397.333,0.0012,19,0.001,0.001,0.001,0.001,0.001,0.001,0.001,0.001,83,80,0.001,58,0.001,0.001,82,0.001,0.001,0.001,0.001
3672,14.189,27.567,204.85,554.074,0.0021,19,0.001,0.001,114,0.001,0.001,0.001,0.001,0.001,0.001,0.001,0.001,91,0.001,0.001,98,0.001,0.001,0.001,0.001
3673,12.424,40.493,297.71,908.3735,0.0017,19,0.001,0.001,0.001,0.001,0.001,0.001,0.001,0.001,0.001,102,0.001,0.001,113,0.001,87,0.001,0.001,0.001,0.001
3674,0.545,23.048,173.54,367.1038,0.0008,19,77,0.001,0.001,0.001,84,0.001,0.001,0.001,0.001,0.001,0.001,0.001,0.001,0.001,141,0.001,0.001,0.001,0.001
3675,13.505,37.568,277.4,757.3449,0.0001,19,0.001,0.001,136,0.001,0.001,0.001,0.001,0.001,0.001,0.001,166,0.001,0.001,0.001,0.001,0.001,0.001,0.001,0.001
3676,13.753,27.916,208.79,431.217,0.0011,19,65,0.001,0.001,0.001,0.001,58,0.001,0.001,0.001,0.001,68,55,0.001,56,0.001,0.001,0.001,0.001,0.001
3677,10.125,33.238,245.9,672.3311,0.0015,19,68,0.001,0.001,0.001,0.001,0.001,0.001,0.001,0.001,105,0.001,0.001,0.001,129,0.001,0.001,0.001,0.001,0.001
3678,13.509,39.486,290.6,879.384,0.0018,19,0.001,0.001,0.001,0.001,54,0.001,61,73,0.001,62,51,0.001,0.001,0.001,0.001,0.001,0.001,0.001,0.001
3679,1.639,29.031,221.48,263.103,0.0005,19,74,81,0.001,0.001,0.001,0.001,64,0.001,82,0.001,0.001,0.001,0.001,0.001,0.001,0.001,0.001,0.001,0.001
3680,1.369,27.452,221.54,116.9732,0.0005,19,0.001,0.001,65,0.001,0.001,117,60,0.001,0.001,0.001,0.001,0.001,0.001,59,0.001,0.001,0.001,0.001,0.001
3681,11.943,18.589,141.85,265.0277,0.001,19,184,0.001,0.001,0.001,0.001,0.001,0.001,0.001,0.001,0.001,0.001,0.001,0.001,0.001,117,0.001,0.001,0.001,0.001
3682,14.007,28.504,213.38,420.3122,0.0011,19,0.001,0.001,68,0.001,0.001,0.001,0.001,84,0.001,0.001,0.001,69,79,0.001,0.001,0.001,0.001,0.001,0.001
3683,14.129,36.809,271.55,742.5386,0.0005,19,0.001,0.001,0.001,0.001,0.001,0.001,0.001,0.001,0.001,86,150,64,0.001,0.001,0.001,0.001,0.001,0.001,0.001
3684,8.002,26.958,202.22,397.2034,0.0021,19,0.001,0.001,0.001,0.001,122,0.001,0.001,0.001,108,0.001,0.001,70,0.001,0.001,0.001,0.001,0.001,0.001,0.001
3685,14.331,28.921,215.72,478.2925,0.0011,19,0.001,77,0.001,0.001,0.001,122,0.001,101,0.001,0.001,0.001,0.001,0.001,0.001,0.001,0.001,0.001,0.001,0.001
3686,12.537,18.747,142.62,291.0246,0.0007,19,135,0.001,165,0.001,0.001,0.001,0.001,0.001,0.001,0.001,0.001,0.001,0.001,0.001,0.001,0.001,0.001,0.001,0.001
3687,10.455,20.899,158.9,282.9933,0.0006,19,0.001,0.001,139,0.001,0.001,0.001,74,0.001,0.001,0.001,0.001,0.001,87,0.001,0.001,0.001,0.001,0.001,0.001
3688,14.051,27.944,208.68,466.2833,0.0012,19,0.001,0.001,0.001,0.001,84,216,0.001,0.001,0.001,0.001,0.001,0.001,0.001,0.001,0.001,0.001,0.001,0.001,0.001
3689,12.622,24.343,183.91,325.403,0.0028,19,0.001,0.001,0.001,0.001,71,0.001,0.001,0.001,0.001,51,0.001,0.001,111,67,0.001,0.001,0.001,0.001,0.001
3690,7.858,24.012,180.94,327.2154,0.0014,19,0.001,0.001,0.001,0.001,0.001,0.001,0.001,61,0.001,0.001,0.001,0.001,0.001,0.001,0.001,238,0.001,0.001,0.001
3691,6.053,32.709,241.87,653.2783,0.0041,19,0.001,0.001,82,0.001,0.001,0.001,0.001,108,0.001,0.001,0.001,0.001,0.001,0.001,0.001,108,0.001,0.001,0.001
3692,14.552,25.705,193.62,353.2872,0.0022,19,0.001,0.001,0.001,0.001,56,0.001,0.001,0.001,0.001,0.001,148,94,0.001,0.001,0.001,0.001,0.001,0.001,0.001
3693,1.805,21.08,160.42,276.9929,0.0016,19,0.001,0.001,0.001,0.001,79,0.001,0.001,0.001,0.001,129,0.001,90,0.001,0.001,0.001,0.001,0.001,0.001,0.001
3694,14.131,27.637,206.19,435.2496,0.0011,19,0.001,0.001,0.001,0.001,0.001,0.001,0.001,0.001,0.001,0.001,0.001,0.001,0.001,0.001,76,222,0.001,0.001,0.001
3695,16.071,40.933,301.54,869.6118,0.0012,19,0.001,0.001,0.001,0.001,55,243,0.001,0.001,0.001,0.001,0.001,0.001,0.001,0.001,0.001,0.001,0.001,0.001,0.001
3696,12.447,34.285,253.64,702.176,0.002,19,109,0.001,0.001,0.001,94,0.001,0.001,0.001,94,0.001,0.001,0.001,0.001,0.001,0.001,0.001,0.001,0.001,0.001
3697,11.701,30.933,229.88,531.2564,0.0009,19,0.001,0.001,0.001,0.001,0.001,0.001,0.001,193,0.001,0.001,0.001,0.001,0.001,0.001,104,0.001,0.001,0.001,0.001
3698,11.777,28.587,213.71,449.253,0.0014,19,0.001,0.001,144,0.001,0.001,0.001,0.001,0.001,0.001,153,0.001,0.001,0.001,0.001,0.001,0.001,0.001,0.001,0.001
3699,10.215,21.623,162.89,359.0325,0.0013,19,76,0.001,78,0.001,0.001,0.001,0.001,83,0.001,0.001,0.001,0.001,60,0.001,0.001,0.001,0.001,0.001,0.001
3700,4.079,17.577,133.47,295.8373,0.0001,19,208,0.001,0.001,0.001,0.001,0.001,0.001,0.001,0.001,89,0.001,0.001,0.001,0.001,0.001,0.001,0.001,0.001,0.001
3701,12.798,27.565,205.01,545.0344,0.0018,19,0.001,0.001,186,0.001,0.001,0.001,0.001,0.001,0.001,0.001,0.001,0.001,111,0.001,0.001,0.001,0.001,0.001,0.001
3702,2.864,24.626,198.88,116.9723,0.0007,19,0.001,0.001,66,0.001,69,0.001,88,0.001,0.001,73,0.001,0.001,0.001,0.001,0.001,0.001,0.001,0.001,0.001
3703,15.342,32.664,242.53,569.4192,0.0002,18,0.001,0.001,99,0.001,0.001,0.001,0.001,67,0.001,0.001,0.001,0.001,0.001,0.001,129,0.001,0.001,0.001,0.001
3704,5.816,29.488,219.04,542.2463,0.0019,18,0.001,0.001,0.001,0.001,0.001,0.001,0.001,110,0.001,0.001,0.001,104,81,0.001,0.001,0.001,0.001,0.001,0.001
3705,14.112,30.161,224.43,505.2887,0.0007,18,0.001,0.001,0.001,0.001,0.001,0.001,0.001,0.001,0.001,0.001,78,113,0.001,0.001,104,0.001,0.001,0.001,0.001
3706,7.374,22.739,172.05,301.1408,0.0004,18,0.001,0.001,0.001,0.001,0.001,0.001,0.001,0.001,0.001,0.001,0.001,132,0.001,91,0.001,72,0.001,0.001,0.001
3707,11.709,22.379,170.09,279.163,0.001,18,0.001,0.001,0.001,0.001,0.001,87,0.001,99,109,0.001,0.001,0.001,0.001,0.001,0.001,0.001,0.001,0.001,0.001
3708,13.449,28.581,214.14,423.346,0.0011,18,0.001,0.001,105,0.001,75,0.001,0.001,115,0.001,0.001,0.001,0.001,0.001,0.001,0.001,0.001,0.001,0.001,0.001
3709,15.721,31.876,236.86,551.5385,0.001,18,0.001,0.001,0.001,0.001,58,0.001,0.001,0.001,0.001,0.001,0.001,168,0.001,69,0.001,0.001,0.001,0.001,0.001
3710,15.097,35.969,265.15,769.3107,0.0047,18,0.001,0.001,72,0.001,0.001,0.001,0.001,0.001,0.001,64,52,0.001,0.001,52,0.001,55,0.001,0.001,0.001
3711,12.445,44.094,322.84,1249.3466,0.0031,18,0.001,0.001,0.001,0.001,0.001,0.001,0.001,172,0.001,0.001,122,0.001,0.001,0.001,0.001,0.001,0.001,0.001,0.001
3712,14.191,30.975,230.38,493.3155,0.0019,18,0.001,0.001,0.001,0.001,0.001,61,0.001,0.001,0.001,0.001,0.001,0.001,138,0.001,0.001,95,0.001,0.001,0.001
3713,13.991,30.291,224.96,546.2786,0.0005,18,0.001,0.001,0.001,0.001,0.001,78,0.001,0.001,0.001,0.001,98,118,0.001,0.001,0.001,0.001,0.001,0.001,0.001
3714,15.616,32.228,237.96,713.1311,0.0011,18,0.001,0.001,0.001,0.001,0.001,0.001,155,139,0.001,0.001,0.001,0.001,0.001,0.001,0.001,0.001,0.001,0.001,0.001
3715,14.785,34.164,252.95,591.4615,0.0019,18,0.001,0.001,0.001,0.001,0.001,0.001,0.001,115,0.001,124,0.001,0.001,0.001,0.001,0.001,54,0.001,0.001,0.001
3716,15.927,25.182,189.73,343.2487,0.0015,18,0.001,0.001,0.001,0.001,0.001,0.001,0.001,77,0.001,0.001,0.001,0.001,0.001,216,0.001,0.001,0.001,0.001,0.001
3717,15.596,36.262,267.61,728.4873,0.0033,18,0.001,0.001,0.001,0.001,0.001,194,0.001,0.001,0.001,0.001,98,0.001,0.001,0.001,0.001,0.001,0.001,0.001,0.001
3718,14.643,29.525,220.62,449.3401,0.0008,18,0.001,0.001,112,0.001,0.001,0.001,0.001,0.001,0.001,0.001,0.001,0.001,106,0.001,74,0.001,0.001,0.001,0.001
3719,13.674,29.693,220.9,510.3445,0.0004,18,0.001,0.001,0.001,0.001,0.001,0.001,0.001,0.001,110,0.001,0.001,0.001,86,0.001,96,0.001,0.001,0.001,0.001
3720,14.653,29.972,222.98,506.3124,0.0005,18,0.001,0.001,74,0.001,0.001,0.001,0.001,84,0.001,0.001,0.001,0.001,0.001,69,0.001,65,0.001,0.001,0.001
3721,11.733,27.891,208.49,431.3159,0.0001,18,0.001,0.001,0.001,0.001,0.001,0.001,0.001,124,0.001,167,0.001,0.001,0.001,0.001,0.001,0.001,0.001,0.001,0.001
3722,14.87,18.019,139.25,208.9748,0.0003,18,0.001,107,65,0.001,0.001,0.001,0.001,0.001,0.001,0.001,0.001,54,65,0.001,0.001,0.001,0.001,0.001,0.001
3723,3.487,25.92,193.74,453.0852,0,18,185,0.001,0.001,0.001,0.001,0.001,106,0.001,0.001,0.001,0.001,0.001,0.001,0.001,0.001,0.001,0.001,0.001,0.001
3724,0.45,26.815,221.6,92.9269,0.0001,18,0.001,0.001,0.001,0.001,0.001,134,0.001,0.001,61,0.001,0.001,0.001,0.001,96,0.001,0.001,0.001,0.001,0.001
3725,5.636,17.578,134.66,239.0847,0.0002,18,0.001,0.001,0.001,0.001,0.001,0.001,0.001,0.001,0.001,202,0.001,0.001,0.001,0.001,88,0.001,0.001,0.001,0.001
3726,16.042,37.3,275.1,753.5206,0.0015,18,0.001,0.001,0.001,0.001,0.001,0.001,0.001,0.001,0.001,179,0.001,0.001,0.001,0.001,111,0.001,0.001,0.001,0.001
3727,14.321,30.398,225.94,556.2923,0.0024,18,0.001,0.001,69,0.001,96,0.001,0.001,0.001,0.001,0.001,0.001,67,57,0.001,0.001,0.001,0.001,0.001,0.001
3728,4.02,31.392,232.48,615.3031,0.0016,18,0.001,0.001,0.001,0.001,0.001,0.001,0.001,189,0.001,0.001,0.001,100,0.001,0.001,0.001,0.001,0.001,0.001,0.001
3729,14.868,32.049,244.62,245.0638,0.0013,18,0.001,0.001,0.001,0.001,0.001,0.001,0.001,0.001,0.001,68,0.001,0.001,0.001,0.001,0.001,221,0.001,0.001,0.001
3730,14.004,28.157,210.86,424.3263,0.0011,18,0.001,61,0.001,0.001,89,71,0.001,0.001,68,0.001,0.001,0.001,0.001,0.001,0.001,0.001,0.001,0.001,0.001
3731,14.641,30.685,228.15,539.3755,0.0014,18,0.001,0.001,97,0.001,0.001,0.001,0.001,63,0.001,0.001,0.001,0.001,129,0.001,0.001,0.001,0.001,0.001,0.001
3732,0.454,14.726,122.25,92.0257,0.0005,18,0.001,0.001,119,0.001,170,0.001,0.001,0.001,0.001,0.001,0.001,0.001,0.001,0.001,0.001,0.001,0.001,0.001,0.001
3733,15.536,35.004,259.82,555.4047,0.0007,18,0.001,0.001,0.001,0.001,0.001,51,0.001,0.001,0.001,71,0.001,0.001,166,0.001,0.001,0.001,0.001,0.001,0.001
3734,1.59,23.824,178.76,386.0758,0.0017,18,0.001,0.001,0.001,0.001,0.001,0.001,0.001,82,0.001,206,0.001,0.001,0.001,0.001,0.001,0.001,0.001,0.001,0.001
3735,15.234,37.126,273.85,748.5117,0.0008,18,0.001,0.001,0.001,0.001,0.001,0.001,0.001,0.001,0.001,0.001,97,191,0.001,0.001,0.001,0.001,0.001,0.001,0.001
3736,12.124,32.397,239.99,607.3155,0.0016,18,0.001,0.001,0.001,0.001,0.001,140,0.001,63,0.001,0.001,0.001,85,0.001,0.001,0.001,0.001,0.001,0.001,0.001
3737,9.264,25.154,188.99,353.2329,0.001,18,0.001,0.001,0.001,0.001,0.001,0.001,0.001,60,0.001,0.001,0.001,0.001,0.001,0.001,0.001,227,0.001,0.001,0.001
3738,15.069,33.558,248.49,656.4248,0.0002,18,165,0.001,0.001,0.001,0.001,0.001,0.001,0.001,0.001,0.001,122,0.001,0.001,0.001,0.001,0.001,0.001,0.001,0.001
3739,13.465,28.99,215.62,542.2495,0.0005,18,0.001,0.001,137,0.001,0.001,0.001,0.001,0.001,0.001,0.001,0.001,0.001,0.001,0.001,150,0.001,0.001,0.001,0.001
3740,15.698,29.001,216.4,440.3792,0.0012,18,0.001,0.001,0.001,0.001,0.001,61,0.001,0.001,0.001,0.001,0.001,0.001,106,0.001,0.001,120,0.001,0.001,0.001
3741,12.894,31.454,233.74,509.383,0.0013,18,0.001,0.001,0.001,0.001,0.001,0.001,0.001,117,0.001,0.001,0.001,0.001,0.001,64,0.001,105,0.001,0.001,0.001
3742,14.301,27.354,204.66,419.3017,0.0005,18,0.001,0.001,0.001,0.001,0.001,95,0.001,0.001,97,94,0.001,0.001,0.001,0.001,0.001,0.001,0.001,0.001,0.001
3743,0.239,29.427,217.87,665.0805,0.0035,18,66,0.001,0.001,0.001,55,0.001,0.001,93,0.001,72,0.001,0.001,0.001,0.001,0.001,0.001,0.001,0.001,0.001
3744,15.605,28.841,214.94,478.2923,0.0006,18,0.001,0.001,0.001,0.001,0.001,0.001,67,0.001,0.001,105,0.001,0.001,0.001,114,0.001,0.001,0.001,0.001,0.001
3745,13.42,30.488,227.33,468.3753,0.0003,18,0.001,0.001,0.001,0.001,0.001,0.001,0.001,81,0.001,0.001,127,0.001,0.001,0.001,78,0.001,0.001,0.001,0.001
3746,11.227,18.791,143.28,262.0457,0.0007,18,0.001,0.001,0.001,0.001,0.001,0.001,159,0.001,0.001,127,0.001,0.001,0.001,0.001,0.001,0.001,0.001,0.001,0.001
3747,14.233,32.376,239.53,597.3577,0.0033,18,0.001,0.001,0.001,0.001,0.001,0.001,0.001,0.001,0.001,0.001,0.001,0.001,167,0.001,0.001,118,0.001,0.001,0.001
3748,13.998,35.458,266.72,355.3236,0.0005,18,0.001,0.001,0.001,0.001,0.001,0.001,0.001,0.001,0.001,0.001,0.001,129,0.001,156,0.001,0.001,0.001,0.001,0.001
3749,14.117,33.557,248.55,567.4626,0.0016,18,0.001,0.001,0.001,0.001,0.001,0.001,0.001,0.001,0.001,217,0.001,0.001,0.001,0.001,0.001,68,0.001,0.001,0.001
3750,14.779,32.507,240.92,594.3798,0.0024,18,0.001,0.001,0.001,0.001,0.001,232,0.001,0.001,53,0.001,0.001,0.001,0.001,0.001,0.001,0.001,0.001,0.001,0.001
3751,16.461,37.696,278.13,735.5377,0.0005,18,0.001,0.001,0.001,0.001,0.001,0.001,0.001,0.001,0.001,76,61,81,0.001,67,0.001,0.001,0.001,0.001,0.001
3752,14.121,31.737,235.06,651.1409,0.0022,18,0.001,58,92,0.001,0.001,0.001,0.001,0.001,0.001,0.001,0.001,68,0.001,66,0.001,0.001,0.001,0.001,0.001
3753,13.432,32.167,238.5,600.2706,0.0002,18,0.001,0.001,0.001,0.001,73,0.001,0.001,0.001,0.001,0.001,87,0.001,63,61,0.001,0.001,0.001,0.001,0.001
3754,12.416,18.621,144.32,197.026,0.0008,18,0.001,0.001,0.001,0.001,54,86,0.001,0.001,0.001,0.001,0.001,0.001,74,70,0.001,0.001,0.001,0.001,0.001
3755,9.815,30.718,227.93,587.2512,0.0007,18,0.001,93,0.001,0.001,0.001,0.001,0.001,0.001,0.001,0.001,0.001,0.001,90,0.001,101,0.001,0.001,0.001,0.001
3756,14.09,34.495,254.82,681.3193,0.0021,18,0.001,66,0.001,0.001,0.001,0.001,0.001,0.001,0.001,0.001,0.001,0.001,0.001,0.001,0.001,218,0.001,0.001,0.001
3757,6.936,36.384,267.92,787.3454,0.0045,18,0.001,0.001,0.001,0.001,0.001,0.001,0.001,104,0.001,0.001,56,0.001,62,0.001,0.001,62,0.001,0.001,0.001
3758,13.475,24.027,182.25,291.1988,0.0007,18,0.001,0.001,0.001,0.001,0.001,0.001,0.001,0.001,0.001,0.001,84,0.001,94,0.001,105,0.001,0.001,0.001,0.001
3759,10.404,21.329,161.01,328.1618,0.0004,18,0.001,0.001,0.001,0.001,0.001,0.001,115,84,0.001,0.001,0.001,0.001,0.001,84,0.001,0.001,0.001,0.001,0.001
3760,10.299,27.393,204.27,469.2454,0.0007,18,0.001,0.001,0.001,0.001,0.001,0.001,0.001,104,0.001,0.001,79,0.001,0.001,100,0.001,0.001,0.001,0.001,0.001
3761,15.4,38.687,284.93,814.527,0.0002,18,0.001,0.001,0.001,0.001,0.001,192,0.001,0.001,0.001,91,0.001,0.001,0.001,0.001,0.001,0.001,0.001,0.001,0.001
3762,12.554,25.271,190.46,340.202,0.0009,18,0.001,0.001,0.001,0.001,0.001,104,0.001,96,83,0.001,0.001,0.001,0.001,0.001,0.001,0.001,0.001,0.001,0.001
3763,10.287,28.177,211.49,390.2391,0.0006,18,0.001,0.001,56,0.001,0.001,0.001,0.001,0.001,0.001,125,0.001,102,0.001,0.001,0.001,0.001,0.001,0.001,0.001
3764,14.615,29.642,220.45,513.3045,0.0012,18,0.001,0.001,0.001,0.001,51,65,0.001,0.001,0.001,0.001,0.001,0.001,0.001,0.001,111,55,0.001,0.001,0.001
3765,2.823,15.483,123.26,135.0438,0,18,0.001,0.001,0.001,0.001,128,0.001,0.001,0.001,0.001,0.001,0.001,0.001,0.001,0.001,0.001,154,0.001,0.001,0.001
3766,16.284,27.451,205.04,419.3002,0.0023,18,0.001,0.001,0.001,0.001,0.001,0.001,0.001,0.001,0.001,160,0.001,0.001,0.001,0.001,0.001,122,0.001,0.001,0.001
3767,2.788,27.163,202.51,484.2036,0.0005,18,0.001,74,0.001,0.001,0.001,53,0.001,0.001,0.001,0.001,0.001,70,85,0.001,0.001,0.001,0.001,0.001,0.001
3768,13.837,32.257,240.44,473.3624,0.0006,18,0.001,0.001,0.001,0.001,0.001,0.001,0.001,164,0.001,118,0.001,0.001,0.001,0.001,0.001,0.001,0.001,0.001,0.001
3769,10.873,23.879,180.26,313.2377,0.0014,18,0.001,0.001,0.001,0.001,0.001,0.001,0.001,0.001,0.001,0.001,0.001,0.001,0.001,0.001,122,160,0.001,0.001,0.001
3770,16.452,32.453,240.28,648.2516,0.0016,18,62,0.001,0.001,0.001,0.001,0.001,0.001,0.001,0.001,102,0.001,0.001,0.001,118,0.001,0.001,0.001,0.001,0.001
3771,9.834,29.485,218.65,542.2284,0.0015,18,0.001,0.001,0.001,0.001,0.001,0.001,0.001,125,0.001,0.001,0.001,0.001,0.001,0.001,0.001,157,0.001,0.001,0.001
3772,9.926,24.317,182.5,383.1725,0.0003,18,0.001,0.001,0.001,0.001,0.001,0.001,0.001,0.001,0.001,0.001,74,136,0.001,71,0.001,0.001,0.001,0.001,0.001
3773,6.76,32.827,242.8,653.32,0.0009,18,0.001,0.001,0.001,0.001,0.001,0.001,0.001,113,0.001,0.001,0.001,101,67,0.001,0.001,0.001,0.001,0.001,0.001
3774,9.251,30.081,223.04,584.2332,0.0011,18,0.001,0.001,0.001,0.001,0.001,0.001,131,0.001,0.001,0.001,0.001,0.001,0.001,150,0.001,0.001,0.001,0.001,0.001
3775,13.975,27.248,204.91,369.3374,0.0014,18,0.001,0.001,66,0.001,0.001,0.001,0.001,82,0.001,132,0.001,0.001,0.001,0.001,0.001,0.001,0.001,0.001,0.001
3776,13.73,21.77,164.97,299.0246,0.0004,18,0.001,0.001,0.001,0.001,0.001,0.001,0.001,0.001,0.001,86,0.001,61,61,72,0.001,0.001,0.001,0.001,0.001
3777,13.616,26.917,201.83,408.2382,0.0005,18,0.001,0.001,68,0.001,93,0.001,0.001,0.001,0.001,0.001,0.001,51,0.001,0.001,68,0.001,0.001,0.001,0.001
3778,16.124,35.788,265.18,615.4628,0.0013,18,0.001,0.001,67,0.001,0.001,71,0.001,0.001,83,59,0.001,0.001,0.001,0.001,0.001,0.001,0.001,0.001,0.001
3779,11.344,18.816,150.5,131.0123,0.0006,18,0.001,93,0.001,0.001,79,0.001,0.001,0.001,0.001,0.001,0.001,0.001,108,0.001,0.001,0.001,0.001,0.001,0.001
3780,12.594,26.333,198.48,339.1984,0.0004,18,0.001,0.001,0.001,0.001,0.001,119,0.001,0.001,0.001,0.001,0.001,99,0.001,0.001,62,0.001,0.001,0.001,0.001
3781,13.136,24.975,188.44,342.1985,0.0004,17,0.001,0.001,152,0.001,0.001,0.001,0.001,0.001,0.001,0.001,0.001,0.001,0.001,127,0.001,0.001,0.001,0.001,0.001
3782,9.549,30.092,223.49,565.2126,0.0011,17,0.001,0.001,69,0.001,0.001,0.001,0.001,109,0.001,0.001,0.001,101,0.001,0.001,0.001,0.001,0.001,0.001,0.001
3783,10.132,36.213,267.11,786.3392,0.0012,17,59,0.001,0.001,0.001,0.001,0.001,0.001,0.001,0.001,0.001,73,147,0.001,0.001,0.001,0.001,0.001,0.001,0.001
3784,10.935,22.323,169.65,269.2119,0.0006,17,0.001,0.001,0.001,0.001,0.001,0.001,0.001,0.001,0.001,100,0.001,0.001,0.001,0.001,0.001,179,0.001,0.001,0.001
3785,9.68,29.225,217.22,542.2292,0.0007,17,65,0.001,0.001,0.001,0.001,74,0.001,0.001,0.001,0.001,0.001,0.001,75,0.001,65,0.001,0.001,0.001,0.001
3786,3.036,22.769,183.78,116.9725,0.0008,17,0.001,62,0.001,0.001,0.001,0.001,0.001,78,0.001,63,0.001,0.001,76,0.001,0.001,0.001,0.001,0.001,0.001
3787,13.541,28.879,215.63,457.3297,0.0006,17,0.001,0.001,0.001,0.001,68,0.001,0.001,0.001,67,61,0.001,0.001,83,0.001,0.001,0.001,0.001,0.001,0.001
3788,14.993,28.002,209.56,433.3675,0.0004,17,0.001,0.001,127,0.001,0.001,0.001,0.001,151,0.001,0.001,0.001,0.001,0.001,0.001,0.001,0.001,0.001,0.001,0.001
3789,10.395,19.126,145.45,285.043,0.0011,17,0.001,0.001,56,0.001,70,0.001,0.001,0.001,0.001,0.001,0.001,79,0.001,0.001,73,0.001,0.001,0.001,0.001
3790,0.28,19.774,149.87,294.9914,0.0013,17,0.001,0.001,0.001,0.001,184,0.001,0.001,0.001,0.001,0.001,0.001,0.001,0.001,0.001,0.001,94,0.001,0.001,0.001
3791,12.109,22.446,170.43,291.0878,0.0012,17,93,0.001,0.001,0.001,0.001,0.001,0.001,0.001,0.001,0.001,69,0.001,0.001,0.001,116,0.001,0.001,0.001,0.001
3792,13.13,24.095,181.84,315.2539,0.0015,17,0.001,0.001,0.001,0.001,0.001,0.001,0.001,0.001,0.001,215,0.001,0.001,0.001,0.001,0.001,62,0.001,0.001,0.001
3793,13.512,27.712,207.56,405.3728,0.0008,17,0.001,0.001,0.001,0.001,0.001,0.001,0.001,98,0.001,179,0.001,0.001,0.001,0.001,0.001,0.001,0.001,0.001,0.001
3794,13.692,29.958,223.78,417.2085,0.0001,17,0.001,0.001,0.001,0.001,0.001,0.001,0.001,0.001,0.001,0.001,0.001,121,0.001,0.001,0.001,156,0.001,0.001,0.001
3795,12.328,30.185,225.09,463.3397,0.0006,17,0.001,0.001,76,0.001,0.001,0.001,0.001,0.001,0.001,0.001,0.001,0.001,0.001,88,0.001,113,0.001,0.001,0.001
3796,0.626,22.477,185.95,92.928,0.0006,17,0.001,0.001,0.001,0.001,64,0.001,0.001,0.001,0.001,0.001,0.001,130,0.001,0.001,82,0.001,0.001,0.001,0.001
3797,14.835,28.464,212.13,451.3393,0,17,0.001,0.001,0.001,0.001,0.001,0.001,0.001,0.001,0.001,0.001,0.001,0.001,90,0.001,0.001,186,0.001,0.001,0.001
3798,13.466,27.382,203.49,543.0548,0.0025,17,0.001,81,0.001,0.001,67,0.001,0.001,0.001,0.001,0.001,69,0.001,0.001,0.001,0.001,59,0.001,0.001,0.001
3799,0.391,31.725,244.71,215.0311,0.0009,17,0.001,115,0.001,0.001,82,79,0.001,0.001,0.001,0.001,0.001,0.001,0.001,0.001,0.001,0.001,0.001,0.001,0.001
3800,0.399,23.139,191.25,92.9277,0.0009,17,0.001,0.001,0.001,0.001,0.001,82,0.001,0.001,92,0.001,0.001,0.001,102,0.001,0.001,0.001,0.001,0.001,0.001
3801,13.328,25.383,193.14,279.234,0.0008,17,0.001,167,0.001,0.001,0.001,0.001,0.001,0.001,0.001,0.001,109,0.001,0.001,0.001,0.001,0.001,0.001,0.001,0.001
3802,12.048,24.856,186.28,421.0753,0.0006,17,90,0.001,131,0.001,0.001,0.001,0.001,0.001,0.001,55,0.001,0.001,0.001,0.001,0.001,0.001,0.001,0.001,0.001
3803,0.269,23.03,174.65,291.0819,0.0005,17,80,0.001,0.001,0.001,0.001,0.001,0.001,0.001,0.001,90,0.001,0.001,0.001,0.001,0.001,105,0.001,0.001,0.001
3804,12.007,21.213,160.05,333.0367,0.0002,17,0.001,0.001,0.001,0.001,0.001,152,123,0.001,0.001,0.001,0.001,0.001,0.001,0.001,0.001,0.001,0.001,0.001,0.001
3805,15.116,28.59,214.03,397.3675,0.0005,17,0.001,0.001,0.001,0.001,0.001,0.001,0.001,0.001,67,0.001,86,0.001,0.001,0.001,0.001,122,0.001,0.001,0.001
3806,13.029,30.78,228.91,485.384,0.001,17,0.001,0.001,0.001,0.001,0.001,0.001,0.001,0.001,0.001,166,0.001,0.001,0.001,0.001,0.001,109,0.001,0.001,0.001
3807,13.994,28.385,213.53,356.3247,0.0003,17,0.001,0.001,0.001,0.001,0.001,0.001,0.001,0.001,115,0.001,160,0.001,0.001,0.001,0.001,0.001,0.001,0.001,0.001
3808,14.43,30.637,228.32,477.3587,0.0016,17,0.001,0.001,0.001,0.001,0.001,0.001,0.001,70,0.001,0.001,0.001,56,148,0.001,0.001,0.001,0.001,0.001,0.001
3809,13.154,30.401,227,459.3104,0.0017,17,0.001,0.001,0.001,0.001,94,0.001,0.001,0.001,0.001,0.001,0.001,94,86,0.001,0.001,0.001,0.001,0.001,0.001
3810,1.601,25.746,192.28,473.1153,0.0015,17,60,0.001,0.001,0.001,90,0.001,0.001,0.001,0.001,0.001,124,0.001,0.001,0.001,0.001,0.001,0.001,0.001,0.001
3811,13.509,28.795,214.35,516.2705,0.0045,17,78,0.001,0.001,0.001,0.001,0.001,0.001,108,87,0.001,0.001,0.001,0.001,0.001,0.001,0.001,0.001,0.001,0.001
3812,7.942,20.85,159.36,249.184,0.0003,17,0.001,0.001,0.001,0.001,0.001,121,100,0.001,0.001,0.001,0.001,0.001,52,0.001,0.001,0.001,0.001,0.001,0.001
3813,14.875,24.932,187.98,327.2897,0.0015,17,0.001,0.001,0.001,0.001,0.001,0.001,0.001,0.001,80,0.001,0.001,70,0.001,0.001,0.001,123,0.001,0.001,0.001
3814,6.238,21.75,164.82,299.0247,0.0007,17,0.001,0.001,0.001,0.001,0.001,118,0.001,0.001,0.001,88,0.001,0.001,0.001,0.001,67,0.001,0.001,0.001,0.001
3815,14.363,30.822,228.82,518.2837,0.0025,17,0.001,0.001,0.001,0.001,0.001,0.001,0.001,0.001,0.001,0.001,0.001,102,0.001,0.001,0.001,171,0.001,0.001,0.001
3816,13.514,33.395,247.54,589.4475,0.0003,17,0.001,0.001,0.001,0.001,0.001,0.001,0.001,93,0.001,122,0.001,0.001,0.001,0.001,58,0.001,0.001,0.001,0.001
3817,0.241,27.91,211.67,291.0859,0.0008,17,0.001,0.001,0.001,0.001,0.001,0.001,0.001,0.001,0.001,0.001,0.001,169,103,0.001,0.001,0.001,0.001,0.001,0.001
3818,14.676,23.173,173.83,389.0304,0.0003,17,0.001,0.001,0.001,0.001,0.001,0.001,0.001,0.001,0.001,99,0.001,0.001,173,0.001,0.001,0.001,0.001,0.001,0.001
3819,10.643,24.317,183.51,315.2512,0.0004,17,0.001,0.001,0.001,0.001,0.001,0.001,0.001,0.001,0.001,0.001,0.001,0.001,0.001,0.001,109,163,0.001,0.001,0.001
3820,9.837,26.247,196.71,393.2226,0.0021,17,0.001,0.001,0.001,0.001,60,0.001,0.001,0.001,0.001,0.001,0.001,0.001,0.001,0.001,0.001,212,0.001,0.001,0.001
3821,12.143,30.204,225.17,487.3404,0.0006,17,0.001,0.001,85,0.001,0.001,0.001,0.001,0.001,0.001,117,0.001,0.001,70,0.001,0.001,0.001,0.001,0.001,0.001
3822,4.728,25.193,188.92,392.1944,0.0001,17,0.001,0.001,0.001,0.001,0.001,89,0.001,183,0.001,0.001,0.001,0.001,0.001,0.001,0.001,0.001,0.001,0.001,0.001
3823,14.015,18.027,138.17,234.0413,0.0001,17,0.001,0.001,68,0.001,0.001,0.001,0.001,0.001,0.001,0.001,0.001,0.001,0.001,0.001,0.001,204,0.001,0.001,0.001
3824,7.299,19.559,149.76,239.0666,0.001,17,0.001,79,0.001,0.001,0.001,117,0.001,0.001,0.001,0.001,0.001,0.001,0.001,0.001,0.001,75,0.001,0.001,0.001
3825,15.117,37.985,279.92,788.5128,0.0049,17,0.001,0.001,0.001,0.001,0.001,162,0.001,0.001,0.001,52,0.001,57,0.001,0.001,0.001,0.001,0.001,0.001,0.001
3826,14.387,31.591,234.3,576.3305,0.0003,17,0.001,0.001,0.001,0.001,0.001,168,0.001,0.001,0.001,103,0.001,0.001,0.001,0.001,0.001,0.001,0.001,0.001,0.001
3827,15.865,39.488,290.83,858.5212,0.002,17,0.001,0.001,0.001,0.001,102,0.001,0.001,0.001,0.001,111,0.001,58,0.001,0.001,0.001,0.001,0.001,0.001,0.001
3828,15.043,25.427,189.97,461.052,0.0007,17,0.001,0.001,116,0.001,0.001,0.001,0.001,0.001,0.001,0.001,0.001,0.001,155,0.001,0.001,0.001,0.001,0.001,0.001
3829,2.939,19.831,151.66,238.0713,0.0009,17,0.001,0.001,0.001,0.001,0.001,0.001,0.001,0.001,0.001,106,0.001,0.001,0.001,0.001,0.001,164,0.001,0.001,0.001
3830,16.381,35.746,264.87,621.6008,0.0027,17,0.001,0.001,0.001,0.001,83,0.001,0.001,0.001,119,0.001,0.001,0.001,0.001,0.001,68,0.001,0.001,0.001,0.001
3831,12.586,26.027,196.49,325.3924,0.0002,17,0.001,0.001,0.001,0.001,0.001,0.001,0.001,119,0.001,0.001,0.001,151,0.001,0.001,0.001,0.001,0.001,0.001,0.001
3832,15.238,35.588,263.15,687.4583,0.0015,17,54,0.001,0.001,0.001,0.001,0.001,128,0.001,0.001,0.001,0.001,0.001,88,0.001,0.001,0.001,0.001,0.001,0.001
3833,15.197,30.001,223.32,511.2938,0.0019,17,0.001,89,0.001,0.001,0.001,0.001,61,0.001,0.001,0.001,0.001,58,0.001,62,0.001,0.001,0.001,0.001,0.001
3834,14.051,27.251,205.85,331.2637,0.001,17,0.001,0.001,180,0.001,0.001,90,0.001,0.001,0.001,0.001,0.001,0.001,0.001,0.001,0.001,0.001,0.001,0.001,0.001
3835,15.686,29.473,219.93,457.3902,0.0021,17,0.001,0.001,0.001,0.001,0.001,130,0.001,0.001,0.001,0.001,0.001,0.001,139,0.001,0.001,0.001,0.001,0.001,0.001
3836,15.049,26.03,195.62,356.3245,0.0007,17,0.001,0.001,0.001,0.001,0.001,0.001,0.001,0.001,112,0.001,0.001,77,0.001,0.001,0.001,80,0.001,0.001,0.001
3837,12.048,18.011,138.05,234.0406,0.0003,17,0.001,0.001,68,0.001,0.001,0.001,0.001,0.001,0.001,0.001,0.001,0.001,0.001,0.001,0.001,201,0.001,0.001,0.001
3838,14.081,35.909,265.09,715.5108,0.0016,17,0.001,0.001,0.001,0.001,0.001,208,0.001,0.001,0.001,0.001,0.001,0.001,0.001,61,0.001,0.001,0.001,0.001,0.001
3839,13.123,26.749,201.33,369.2427,0.0032,17,0.001,0.001,137,0.001,61,0.001,0.001,70,0.001,0.001,0.001,0.001,0.001,0.001,0.001,0.001,0.001,0.001,0.001
3840,15.819,27.144,203.8,384.3553,0.0008,17,0.001,69,0.001,0.001,0.001,0.001,59,0.001,0.001,0.001,0.001,0.001,0.001,65,75,0.001,0.001,0.001,0.001
3841,13.235,24.711,186.25,325.2713,0.0001,17,0.001,0.001,0.001,0.001,0.001,0.001,0.001,0.001,0.001,0.001,142,0.001,0.001,0.001,0.001,126,0.001,0.001,0.001
3842,6.459,24.041,181.23,329.1132,0.0011,17,0.001,0.001,0.001,0.001,0.001,0.001,0.001,60,0.001,79,0.001,0.001,0.001,0.001,0.001,129,0.001,0.001,0.001
3843,13.899,21.781,166.11,267.0772,0.0006,17,0.001,0.001,0.001,0.001,115,0.001,0.001,0.001,0.001,0.001,0.001,152,0.001,0.001,0.001,0.001,0.001,0.001,0.001
3844,6.825,31.621,234.18,585.3099,0.0008,17,0.001,0.001,0.001,0.001,0.001,0.001,0.001,0.001,0.001,0.001,74,0.001,0.001,77,0.001,116,0.001,0.001,0.001
3845,9.265,23.792,180.07,313.2371,0.0004,17,0.001,0.001,0.001,0.001,109,0.001,0.001,95,0.001,0.001,0.001,63,0.001,0.001,0.001,0.001,0.001,0.001,0.001
3846,15.268,29.555,220.51,473.3629,0.0016,17,0.001,0.001,72,0.001,0.001,0.001,0.001,0.001,0.001,0.001,85,110,0.001,0.001,0.001,0.001,0.001,0.001,0.001
3847,0.441,21.082,160.21,273.1144,0.0011,17,0.001,0.001,0.001,0.001,0.001,0.001,0.001,0.001,0.001,97,0.001,0.001,0.001,0.001,82,87,0.001,0.001,0.001
3848,16.24,34.582,256.05,659.466,0.001,17,0.001,0.001,0.001,0.001,79,187,0.001,0.001,0.001,0.001,0.001,0.001,0.001,0.001,0.001,0.001,0.001,0.001,0.001
3849,12.795,36.809,271.16,736.1557,0.0048,17,0.001,0.001,0.001,0.001,0.001,0.001,0.001,91,0.001,0.001,0.001,0.001,0.001,0.001,0.001,175,0.001,0.001,0.001
3850,13.445,32.991,244.18,631.2742,0.0027,17,0.001,0.001,0.001,0.001,0.001,0.001,0.001,131,134,0.001,0.001,0.001,0.001,0.001,0.001,0.001,0.001,0.001,0.001
3851,15.193,23.225,174.25,387.0331,0.0007,17,0.001,0.001,0.001,0.001,0.001,0.001,0.001,107,0.001,0.001,0.001,0.001,0.001,0.001,158,0.001,0.001,0.001,0.001
3852,11.37,19.812,151.07,276.0525,0.0004,17,90,86,0.001,0.001,89,0.001,0.001,0.001,0.001,0.001,0.001,0.001,0.001,0.001,0.001,0.001,0.001,0.001,0.001
3853,15.344,37.998,280.7,637.4285,0.0003,17,0.001,0.001,0.001,0.001,0.001,0.001,0.001,0.001,0.001,0.001,0.001,51,0.001,0.001,0.001,214,0.001,0.001,0.001
3854,16.018,35.731,263.89,700.5052,0.0025,17,0.001,0.001,0.001,0.001,0.001,0.001,71,68,72,54,0.001,0.001,0.001,0.001,0.001,0.001,0.001,0.001,0.001
3855,14.075,30.08,224.51,449.3618,0.0012,17,0.001,0.001,74,0.001,0.001,0.001,0.001,0.001,0.001,0.001,66,0.001,0.001,0.001,0.001,125,0.001,0.001,0.001
3856,15.198,35.515,262.76,697.48,0.0015,17,114,82,0.001,0.001,0.001,0.001,0.001,0.001,68,0.001,0.001,0.001,0.001,0.001,0.001,0.001,0.001,0.001,0.001
3857,15.817,32.866,243.76,597.3491,0.001,17,75,0.001,0.001,0.001,0.001,0.001,0.001,0.001,0.001,0.001,0.001,0.001,0.001,81,108,0.001,0.001,0.001,0.001
3858,3.766,21.239,161.6,273.1114,0,17,0.001,0.001,0.001,0.001,0.001,0.001,0.001,0.001,0.001,0.001,0.001,74,0.001,0.001,190,0.001,0.001,0.001,0.001
3859,15.307,35.997,266.57,632.599,0.0013,16,0.001,0.001,64,0.001,0.001,0.001,71,0.001,0.001,0.001,0.001,62,66,0.001,0.001,0.001,0.001,0.001,0.001
3860,7.436,34.013,251.41,673.3839,0.0012,16,0.001,0.001,0.001,0.001,0.001,95,0.001,168,0.001,0.001,0.001,0.001,0.001,0.001,0.001,0.001,0.001,0.001,0.001
3861,10.69,30.805,228.17,612.3139,0.0034,16,0.001,0.001,0.001,0.001,0.001,0.001,0.001,72,0.001,0.001,0.001,191,0.001,0.001,0.001,0.001,0.001,0.001,0.001
3862,12.924,26.313,197.42,395.2264,0.0009,16,0.001,0.001,0.001,0.001,101,0.001,0.001,0.001,0.001,0.001,0.001,62,0.001,0.001,100,0.001,0.001,0.001,0.001
3863,13.905,29.821,219.69,880.9415,0.0006,16,0.001,0.001,122,0.001,0.001,0.001,0.001,0.001,0.001,0.001,0.001,0.001,0.001,141,0.001,0.001,0.001,0.001,0.001
3864,4.848,19.221,145.6,303.0559,0.0018,16,0.001,0.001,0.001,0.001,0.001,0.001,112,0.001,0.001,150,0.001,0.001,0.001,0.001,0.001,0.001,0.001,0.001,0.001
3865,7.554,36.045,265.55,733.4031,0.0031,16,0.001,0.001,0.001,0.001,0.001,76,0.001,0.001,0.001,0.001,0.001,0.001,0.001,0.001,0.001,186,0.001,0.001,0.001
3866,13.813,31.217,232.48,489.2592,0.0023,16,0.001,0.001,0.001,0.001,0.001,0.001,0.001,0.001,0.001,0.001,0.001,197,65,0.001,0.001,0.001,0.001,0.001,0.001
3867,3.093,29.057,230.42,141.0176,0.001,16,0.001,0.001,0.001,0.001,0.001,86,0.001,80,0.001,0.001,0.001,96,0.001,0.001,0.001,0.001,0.001,0.001,0.001
3868,6.256,16.674,126.75,280.9814,0.0004,16,0.001,0.001,0.001,0.001,0.001,0.001,0.001,0.001,88,0.001,0.001,0.001,72,102,0.001,0.001,0.001,0.001,0.001
3869,11.688,23.964,181.43,301.2169,0.0006,16,125,0.001,0.001,0.001,0.001,0.001,0.001,0.001,0.001,0.001,0.001,0.001,0.001,0.001,0.001,137,0.001,0.001,0.001
3870,15.663,21.786,165.14,297.0451,0.0003,16,0.001,0.001,0.001,0.001,0.001,0.001,0.001,0.001,0.001,0.001,61,111,90,0.001,0.001,0.001,0.001,0.001,0.001
3871,14.006,31.464,233.57,597.3592,0.0023,16,0.001,0.001,106,0.001,68,0.001,0.001,88,0.001,0.001,0.001,0.001,0.001,0.001,0.001,0.001,0.001,0.001,0.001
3872,13.777,19.545,150.39,225.0249,0.0008,16,129,0.001,0.001,0.001,0.001,0.001,0.001,0.001,0.001,0.001,133,0.001,0.001,0.001,0.001,0.001,0.001,0.001,0.001
3873,13.543,28.895,215.78,421.331,0.0016,16,0.001,0.001,0.001,0.001,0.001,0.001,0.001,0.001,0.001,175,0.001,0.001,0.001,0.001,0.001,86,0.001,0.001,0.001
3874,14.235,27.424,205.54,394.3313,0.0018,16,0.001,0.001,60,0.001,0.001,105,0.001,0.001,0.001,0.001,0.001,0.001,0.001,0.001,0.001,96,0.001,0.001,0.001
3875,12.319,28.758,213.08,597.081,0.0039,16,0.001,0.001,122,0.001,0.001,0.001,0.001,0.001,0.001,0.001,0.001,0.001,81,0.001,0.001,58,0.001,0.001,0.001
3876,12.611,34.601,255.21,710.1467,0.0031,16,0.001,0.001,0.001,0.001,0.001,0.001,0.001,64,0.001,0.001,0.001,56,0.001,0.001,0.001,141,0.001,0.001,0.001
3877,0.383,22.629,170.89,335.1136,0.0009,16,87,0.001,0.001,0.001,0.001,0.001,0.001,174,0.001,0.001,0.001,0.001,0.001,0.001,0.001,0.001,0.001,0.001,0.001
3878,2.634,16.468,129.73,151.0394,0.0003,16,0.001,0.001,0.001,0.001,0.001,0.001,0.001,0.001,138,0.001,0.001,0.001,0.001,0.001,0.001,123,0.001,0.001,0.001
3879,14.002,30.229,225.02,523.3461,0.0037,16,72,0.001,73,0.001,0.001,0.001,0.001,0.001,0.001,0.001,0.001,0.001,54,0.001,61,0.001,0.001,0.001,0.001
3880,15.827,35.026,260.03,571.437,0.0015,16,0.001,0.001,0.001,0.001,59,115,0.001,86,0.001,0.001,0.001,0.001,0.001,0.001,0.001,0.001,0.001,0.001,0.001
3881,15.208,28.953,215.87,493.3262,0.0011,16,0.001,0.001,139,0.001,0.001,0.001,0.001,0.001,0.001,0.001,0.001,0.001,121,0.001,0.001,0.001,0.001,0.001,0.001
3882,14.435,29.976,227.61,283.2626,0.0007,16,0.001,0.001,0.001,0.001,0.001,0.001,0.001,157,0.001,0.001,103,0.001,0.001,0.001,0.001,0.001,0.001,0.001,0.001
3883,14.357,28.429,212.38,453.3208,0.0002,16,0.001,0.001,0.001,0.001,105,0.001,0.001,0.001,0.001,0.001,0.001,78,0.001,0.001,77,0.001,0.001,0.001,0.001
3884,13.868,24.436,185,317.2074,0.0008,16,0.001,0.001,96,0.001,88,0.001,0.001,0.001,0.001,0.001,0.001,0.001,76,0.001,0.001,0.001,0.001,0.001,0.001
3885,4.851,29.268,217.3,553.1167,0.0004,16,0.001,0.001,0.001,0.001,0.001,0.001,0.001,0.001,0.001,170,0.001,0.001,0.001,90,0.001,0.001,0.001,0.001,0.001
3886,10.324,21.518,162.2,359.0332,0.0006,16,69,0.001,51,0.001,72,0.001,0.001,0.001,0.001,0.001,0.001,67,0.001,0.001,0.001,0.001,0.001,0.001,0.001
3887,11.84,19.682,148.96,314.0295,0.0008,16,0.001,0.001,77,0.001,0.001,56,0.001,76,50,0.001,0.001,0.001,0.001,0.001,0.001,0.001,0.001,0.001,0.001
3888,14.136,29.543,217.28,944.9372,0.004,16,69,0.001,0.001,0.001,0.001,0.001,0.001,0.001,0.001,59,56,0.001,75,0.001,0.001,0.001,0.001,0.001,0.001
3889,14.878,27.467,205.44,423.2875,0.0014,16,0.001,0.001,0.001,0.001,0.001,0.001,0.001,0.001,67,0.001,0.001,117,0.001,0.001,75,0.001,0.001,0.001,0.001
3890,14.588,28.96,215.94,469.3306,0.0003,16,0.001,0.001,0.001,0.001,0.001,0.001,0.001,0.001,0.001,0.001,56,69,0.001,62,72,0.001,0.001,0.001,0.001
3891,15.075,35.363,260.87,703.3866,0.0011,16,0.001,0.001,0.001,0.001,0.001,0.001,0.001,0.001,0.001,0.001,0.001,76,66,0.001,0.001,117,0.001,0.001,0.001
3892,15.466,28.3,211.67,423.4094,0.0007,16,0.001,0.001,0.001,0.001,0.001,0.001,0.001,0.001,0.001,0.001,0.001,0.001,128,0.001,130,0.001,0.001,0.001,0.001
3893,13.478,35.106,259.51,669.2886,0.0008,16,0.001,0.001,0.001,0.001,0.001,0.001,130,0.001,0.001,0.001,0.001,128,0.001,0.001,0.001,0.001,0.001,0.001,0.001
3894,8.238,23.538,177.97,311.2219,0.0002,16,0.001,142,0.001,0.001,0.001,0.001,0.001,0.001,0.001,0.001,0.001,0.001,0.001,0.001,0.001,116,0.001,0.001,0.001
3895,11.865,21.21,160.02,333.0371,0.0002,16,0.001,0.001,0.001,0.001,0.001,127,131,0.001,0.001,0.001,0.001,0.001,0.001,0.001,0.001,0.001,0.001,0.001,0.001
3896,11.896,18.826,150.45,131.012,0.0008,16,0.001,88,0.001,0.001,0.001,0.001,0.001,0.001,0.001,0.001,0.001,0.001,90,80,0.001,0.001,0.001,0.001,0.001
3897,15.192,28.335,211.38,455.352,0.0003,16,0.001,0.001,75,0.001,0.001,0.001,0.001,0.001,0.001,0.001,0.001,0.001,0.001,0.001,0.001,182,0.001,0.001,0.001
3898,14.869,24.73,183.37,624.9557,0.0017,16,0.001,0.001,57,0.001,55,0.001,0.001,0.001,0.001,0.001,77,0.001,68,0.001,0.001,0.001,0.001,0.001,0.001
3899,13.87,31.267,233.19,447.3471,0.0006,16,0.001,0.001,0.001,0.001,0.001,0.001,0.001,0.001,73,86,0.001,0.001,0.001,0.001,0.001,98,0.001,0.001,0.001
3900,0.251,17.379,134.89,191.0548,0.0014,16,0.001,0.001,0.001,0.001,0.001,159,0.001,0.001,0.001,0.001,98,0.001,0.001,0.001,0.001,0.001,0.001,0.001,0.001
3901,13.877,30.801,229.01,489.2766,0.0016,16,0.001,0.001,0.001,0.001,0.001,0.001,82,0.001,0.001,0.001,0.001,0.001,0.001,0.001,0.001,175,0.001,0.001,0.001
3902,12.567,17.398,133.43,242.0318,0.0003,16,76,100,0.001,0.001,0.001,0.001,0.001,0.001,0.001,0.001,80,0.001,0.001,0.001,0.001,0.001,0.001,0.001,0.001
3903,10.534,27.613,205.8,478.2449,0.0003,16,0.001,0.001,0.001,0.001,0.001,131,0.001,0.001,0.001,0.001,0.001,0.001,0.001,0.001,125,0.001,0.001,0.001,0.001
3904,15.207,38.122,280.89,794.4968,0.0021,16,0.001,0.001,0.001,0.001,0.001,0.001,0.001,52,0.001,129,0.001,0.001,0.001,0.001,75,0.001,0.001,0.001,0.001
3905,15.766,32.196,238.02,715.127,0.0019,16,0.001,76,0.001,0.001,52,0.001,65,0.001,0.001,0.001,63,0.001,0.001,0.001,0.001,0.001,0.001,0.001,0.001
3906,16.277,35.717,264.3,663.6291,0.0009,16,0.001,0.001,76,0.001,0.001,0.001,0.001,0.001,0.001,0.001,0.001,119,0.001,61,0.001,0.001,0.001,0.001,0.001
3907,13.043,18.029,138.19,234.0412,0.0002,16,0.001,0.001,75,0.001,0.001,0.001,0.001,0.001,0.001,0.001,0.001,0.001,0.001,0.001,0.001,181,0.001,0.001,0.001
3908,16.171,26.033,196,355.3203,0.0007,16,0.001,0.001,88,0.001,62,0.001,0.001,0.001,0.001,0.001,0.001,0.001,0.001,0.001,0.001,106,0.001,0.001,0.001
3909,10.155,20.433,152.81,442.9721,0.0008,16,0.001,124,0.001,0.001,0.001,0.001,0.001,0.001,0.001,0.001,0.001,0.001,64,68,0.001,0.001,0.001,0.001,0.001
3910,10,24.086,181.82,327.1635,0.0009,16,0.001,0.001,0.001,0.001,0.001,94,0.001,0.001,0.001,76,0.001,0.001,0.001,85,0.001,0.001,0.001,0.001,0.001
3911,12.225,22.09,165.68,402.0437,0.0018,16,74,0.001,0.001,0.001,0.001,0.001,0.001,0.001,81,100,0.001,0.001,0.001,0.001,0.001,0.001,0.001,0.001,0.001
3912,14.362,18.031,138.2,234.0413,0,16,0.001,0.001,55,0.001,0.001,0.001,0.001,0.001,0.001,0.001,0.001,0.001,0.001,0.001,0.001,200,0.001,0.001,0.001
3913,3.398,30.604,226.81,597.2528,0.0006,16,0.001,0.001,0.001,0.001,0.001,123,0.001,0.001,0.001,0.001,0.001,0.001,131,0.001,0.001,0.001,0.001,0.001,0.001
3914,14.041,20.847,158.5,282.9933,0.0003,16,0.001,0.001,111,0.001,0.001,0.001,0.001,57,0.001,0.001,0.001,0.001,86,0.001,0.001,0.001,0.001,0.001,0.001
3915,14.122,33.99,251.15,717.1541,0.0005,16,0.001,0.001,89,0.001,0.001,0.001,0.001,63,0.001,0.001,0.001,0.001,102,0.001,0.001,0.001,0.001,0.001,0.001
3916,11.348,28.225,210.35,451.2502,0.0001,16,0.001,0.001,0.001,0.001,0.001,0.001,0.001,85,0.001,0.001,0.001,0.001,0.001,0.001,0.001,169,0.001,0.001,0.001
3917,13.935,23.757,179.79,299.2573,0.0003,16,0.001,0.001,0.001,0.001,0.001,0.001,0.001,0.001,0.001,0.001,0.001,107,0.001,66,0.001,80,0.001,0.001,0.001
3918,6.741,29.292,232.29,141.0152,0.0014,16,0.001,0.001,0.001,0.001,0.001,56,0.001,0.001,115,0.001,82,0.001,0.001,0.001,0.001,0.001,0.001,0.001,0.001
3919,6.994,35.249,259.63,742.3292,0.0004,16,0.001,0.001,0.001,0.001,0.001,0.001,0.001,0.001,0.001,78,0.001,0.001,0.001,0.001,0.001,175,0.001,0.001,0.001
3920,15.449,33.066,245.59,561.4867,0.0031,16,63,0.001,0.001,0.001,0.001,0.001,0.001,0.001,0.001,120,0.001,0.001,0.001,70,0.001,0.001,0.001,0.001,0.001
3921,13.545,34.288,253.3,692.3813,0.0029,16,0.001,0.001,0.001,0.001,0.001,66,0.001,0.001,0.001,91,0.001,0.001,0.001,96,0.001,0.001,0.001,0.001,0.001
3922,12.526,34.297,253.97,655.1561,0.0021,16,57,0.001,0.001,0.001,0.001,196,0.001,0.001,0.001,0.001,0.001,0.001,0.001,0.001,0.001,0.001,0.001,0.001,0.001
3923,15.639,36.66,271.15,649.6334,0.0013,16,0.001,0.001,0.001,0.001,0.001,0.001,0.001,53,110,0.001,0.001,90,0.001,0.001,0.001,0.001,0.001,0.001,0.001
3924,12.651,32.15,239.07,535.3988,0.0026,16,0.001,0.001,66,0.001,0.001,0.001,0.001,0.001,0.001,133,0.001,0.001,0.001,0.001,53,0.001,0.001,0.001,0.001
3925,9.565,21.608,162.67,359.0327,0.0015,16,57,0.001,0.001,0.001,0.001,0.001,0.001,59,0.001,0.001,0.001,67,0.001,0.001,69,0.001,0.001,0.001,0.001
3926,15.796,34.735,256.95,645.5023,0.0026,16,0.001,0.001,0.001,0.001,0.001,54,0.001,0.001,0.001,0.001,0.001,0.001,198,0.001,0.001,0.001,0.001,0.001,0.001
3927,13.621,24.552,185.64,324.257,0.0012,16,0.001,0.001,128,0.001,0.001,0.001,0.001,0.001,0.001,0.001,0.001,0.001,124,0.001,0.001,0.001,0.001,0.001,0.001
3928,9.814,32.579,241.15,656.2589,0.0008,16,0.001,76,0.001,0.001,0.001,97,79,0.001,0.001,0.001,0.001,0.001,0.001,0.001,0.001,0.001,0.001,0.001,0.001
3929,0.534,30.05,234.72,171.0071,0.0004,16,0.001,0.001,0.001,0.001,142,0.001,0.001,0.001,0.001,0.001,0.001,0.001,0.001,0.001,0.001,109,0.001,0.001,0.001
3930,12.246,21.611,162.73,359.033,0.0011,16,0.001,0.001,92,0.001,0.001,0.001,0.001,0.001,0.001,0.001,90,0.001,0.001,69,0.001,0.001,0.001,0.001,0.001
3931,15.81,24.915,184.21,694.9501,0.0011,16,75,0.001,0.001,0.001,71,0.001,0.001,0.001,0.001,0.001,0.001,0.001,0.001,0.001,0.001,105,0.001,0.001,0.001
3932,11.811,18.959,144.74,259.0472,0.0002,16,76,0.001,0.001,0.001,0.001,0.001,0.001,57,53,65,0.001,0.001,0.001,0.001,0.001,0.001,0.001,0.001,0.001
3933,13.451,18.957,145.66,226.0049,0.0004,16,0.001,0.001,0.001,0.001,0.001,0.001,0.001,0.001,0.001,95,0.001,78,0.001,0.001,78,0.001,0.001,0.001,0.001
3934,13.206,30.699,227.96,579.3138,0.0036,16,103,0.001,0.001,0.001,0.001,0.001,0.001,0.001,147,0.001,0.001,0.001,0.001,0.001,0.001,0.001,0.001,0.001,0.001
3935,13.761,27.393,204.36,436.2542,0.0009,16,0.001,0.001,0.001,0.001,0.001,0.001,0.001,0.001,0.001,0.001,0.001,91,0.001,0.001,0.001,159,0.001,0.001,0.001
3936,13.381,20.086,152.42,302.0482,0.0013,16,52,76,0.001,0.001,0.001,0.001,0.001,0.001,122,0.001,0.001,0.001,0.001,0.001,0.001,0.001,0.001,0.001,0.001
3937,6.166,26.957,201.56,413.1982,0.0008,16,0.001,0.001,0.001,0.001,0.001,0.001,0.001,0.001,65,99,0.001,0.001,0.001,0.001,0.001,86,0.001,0.001,0.001
3938,15.144,32.203,238.07,715.1283,0.0022,16,0.001,0.001,168,0.001,0.001,0.001,0.001,0.001,0.001,0.001,0.001,82,0.001,0.001,0.001,0.001,0.001,0.001,0.001
3939,3.754,17.969,139.92,185.059,0.0001,16,0.001,0.001,114,0.001,0.001,0.001,0.001,0.001,135,0.001,0.001,0.001,0.001,0.001,0.001,0.001,0.001,0.001,0.001
3940,14.184,18.468,141.87,226.9858,0.0002,16,0.001,0.001,0.001,0.001,0.001,0.001,0.001,0.001,0.001,0.001,0.001,0.001,131,0.001,118,0.001,0.001,0.001,0.001
3941,1.29,35.254,274.91,172.9919,0.0005,16,0.001,0.001,0.001,0.001,0.001,0.001,0.001,0.001,82,61,0.001,0.001,0.001,0.001,0.001,106,0.001,0.001,0.001
3942,12.436,46.923,343.6,1229.3322,0.0025,16,0.001,0.001,0.001,0.001,0.001,0.001,87,0.001,0.001,0.001,0.001,0.001,75,0.001,86,0.001,0.001,0.001,0.001
3943,15.406,27.225,204.09,385.4352,0.0021,16,0.001,0.001,0.001,0.001,0.001,72,0.001,0.001,0.001,0.001,0.001,0.001,55,0.001,65,56,0.001,0.001,0.001
3944,5.574,30.227,224.26,569.2602,0.0007,16,0.001,0.001,0.001,0.001,0.001,0.001,0.001,105,0.001,0.001,77,0.001,0.001,0.001,66,0.001,0.001,0.001,0.001
3945,14.754,36.731,270.97,742.5345,0.0023,15,0.001,0.001,0.001,0.001,0.001,0.001,73,0.001,0.001,102,0.001,72,0.001,0.001,0.001,0.001,0.001,0.001,0.001
3946,9.816,30.628,227.66,586.2542,0.0007,15,80,84,0.001,0.001,83,0.001,0.001,0.001,0.001,0.001,0.001,0.001,0.001,0.001,0.001,0.001,0.001,0.001,0.001
3947,11.764,25.105,189.03,345.2417,0.0006,15,0.001,0.001,0.001,0.001,72,0.001,0.001,0.001,0.001,0.001,0.001,0.001,0.001,0.001,0.001,175,0.001,0.001,0.001
3948,14.9,29.655,221.23,490.3275,0.0021,15,0.001,63,0.001,0.001,97,0.001,0.001,0.001,0.001,0.001,0.001,87,0.001,0.001,0.001,0.001,0.001,0.001,0.001
3949,9.928,28.293,210.46,513.2334,0.0014,15,0.001,0.001,0.001,0.001,0.001,0.001,0.001,0.001,0.001,81,0.001,0.001,82,84,0.001,0.001,0.001,0.001,0.001
3950,12.858,29.199,217.9,439.3426,0.0003,15,0.001,0.001,0.001,0.001,0.001,0.001,0.001,116,0.001,64,0.001,0.001,0.001,0.001,0.001,67,0.001,0.001,0.001
3951,15.452,36.396,269.08,725.5263,0.0028,15,0.001,0.001,57,0.001,67,0.001,123,0.001,0.001,0.001,0.001,0.001,0.001,0.001,0.001,0.001,0.001,0.001,0.001
3952,16.426,36.171,267.35,672.6106,0.0007,15,0.001,0.001,0.001,0.001,0.001,0.001,0.001,60,74,0.001,0.001,112,0.001,0.001,0.001,0.001,0.001,0.001,0.001
3953,8.318,31.904,236.2,624.3391,0.002,15,0.001,0.001,0.001,0.001,0.001,0.001,0.001,64,0.001,0.001,0.001,0.001,0.001,0.001,182,0.001,0.001,0.001,0.001
3954,10.383,28.811,214.31,513.2726,0.002,15,0.001,0.001,0.001,0.001,0.001,0.001,0.001,68,0.001,0.001,0.001,109,69,0.001,0.001,0.001,0.001,0.001,0.001
3955,14.108,26.553,199.2,368.3147,0,15,0.001,0.001,0.001,0.001,0.001,0.001,0.001,0.001,0.001,0.001,0.001,0.001,0.001,0.001,72,174,0.001,0.001,0.001
3956,9.409,18.554,139.72,369.1378,0.0037,15,0.001,82,0.001,0.001,70,0.001,0.001,0.001,0.001,0.001,94,0.001,0.001,0.001,0.001,0.001,0.001,0.001,0.001
3957,13.498,37.913,279.28,806.3711,0.0009,15,0.001,0.001,0.001,0.001,0.001,53,71,0.001,0.001,0.001,55,0.001,67,0.001,0.001,0.001,0.001,0.001,0.001
3958,9.923,16.807,131.99,163.0043,0.0005,15,0.001,0.001,91,0.001,0.001,0.001,0.001,0.001,0.001,0.001,50,0.001,105,0.001,0.001,0.001,0.001,0.001,0.001
3959,15.045,24.501,184.22,363.1816,0.0016,15,0.001,0.001,0.001,0.001,0.001,0.001,0.001,0.001,0.001,0.001,77,79,0.001,0.001,90,0.001,0.001,0.001,0.001
3960,15.463,25.941,194.27,387.0313,0.0008,15,0.001,0.001,0.001,0.001,0.001,0.001,0.001,0.001,0.001,0.001,0.001,121,0.001,0.001,0.001,124,0.001,0.001,0.001
3961,14.238,28.026,209.35,425.3618,0.0013,15,0.001,0.001,0.001,0.001,0.001,0.001,0.001,0.001,105,0.001,0.001,0.001,0.001,0.001,84,56,0.001,0.001,0.001
3962,12.428,34.726,256.61,729.172,0.0016,15,129,0.001,0.001,0.001,0.001,0.001,0.001,0.001,0.001,0.001,0.001,0.001,116,0.001,0.001,0.001,0.001,0.001,0.001
3963,16.353,37.5,276.53,758.5349,0.0027,15,0.001,0.001,0.001,0.001,0.001,0.001,0.001,166,0.001,0.001,0.001,79,0.001,0.001,0.001,0.001,0.001,0.001,0.001
3964,12.88,25.982,195.06,378.2413,0.001,15,0.001,0.001,0.001,0.001,0.001,84,0.001,98,62,0.001,0.001,0.001,0.001,0.001,0.001,0.001,0.001,0.001,0.001
3965,12.597,18.844,150.72,131.0126,0.0001,15,0.001,0.001,66,0.001,81,0.001,0.001,0.001,0.001,0.001,0.001,0.001,0.001,97,0.001,0.001,0.001,0.001,0.001
3966,9.007,24.855,186.51,381.163,0.0008,15,0.001,77,0.001,0.001,0.001,0.001,0.001,0.001,0.001,0.001,0.001,91,0.001,0.001,0.001,76,0.001,0.001,0.001
3967,13.52,23.6,178.81,305.216,0.0011,15,83,0.001,0.001,0.001,0.001,0.001,0.001,0.001,97,64,0.001,0.001,0.001,0.001,0.001,0.001,0.001,0.001,0.001
3968,10.921,20.062,151.99,301.051,0.0008,15,0.001,0.001,0.001,0.001,0.001,58,57,0.001,0.001,66,63,0.001,0.001,0.001,0.001,0.001,0.001,0.001,0.001
3969,5.252,29.4,218.39,541.2659,0.0007,15,0.001,0.001,0.001,0.001,0.001,0.001,0.001,78,0.001,0.001,0.001,0.001,0.001,0.001,165,0.001,0.001,0.001,0.001
3970,0.605,24.457,197.43,116.9723,0.0006,15,0.001,0.001,62,0.001,0.001,0.001,0.001,0.001,0.001,0.001,0.001,0.001,82,0.001,99,0.001,0.001,0.001,0.001
3971,12.297,23.538,177.21,359.0111,0,15,76,0.001,0.001,0.001,0.001,0.001,0.001,81,0.001,0.001,86,0.001,0.001,0.001,0.001,0.001,0.001,0.001,0.001
3972,13.318,23.115,175.67,279.5611,0.0032,15,0.001,0.001,0.001,0.001,0.001,189,0.001,0.001,0.001,0.001,0.001,54,0.001,0.001,0.001,0.001,0.001,0.001,0.001
3973,6.592,34.799,256.68,689.375,0.0013,15,0.001,0.001,0.001,0.001,0.001,0.001,0.001,0.001,0.001,0.001,0.001,0.001,76,0.001,0.001,167,0.001,0.001,0.001
3974,13.849,32.889,244.88,517.3902,0.0005,15,0.001,0.001,78,0.001,0.001,0.001,0.001,164,0.001,0.001,0.001,0.001,0.001,0.001,0.001,0.001,0.001,0.001,0.001
3975,14.849,33.836,250.19,627.4381,0.0018,15,0.001,0.001,0.001,0.001,0.001,0.001,0.001,0.001,103,0.001,0.001,0.001,88,0.001,0.001,51,0.001,0.001,0.001
3976,13.751,34.87,257,717.369,0.0028,15,0.001,0.001,0.001,0.001,0.001,0.001,0.001,185,0.001,0.001,0.001,0.001,0.001,0.001,0.001,57,0.001,0.001,0.001
3977,2.437,33.935,250.27,816.9939,0.0022,15,172,0.001,0.001,0.001,0.001,0.001,0.001,0.001,70,0.001,0.001,0.001,0.001,0.001,0.001,0.001,0.001,0.001,0.001
3978,0.246,12.243,97.6,134.8645,0.0006,15,0.001,0.001,0.001,0.001,0.001,0.001,0.001,0.001,129,0.001,0.001,0.001,0.001,113,0.001,0.001,0.001,0.001,0.001
3979,0.269,30.07,227.98,291.0814,0.0011,15,67,0.001,0.001,0.001,0.001,0.001,0.001,0.001,79,0.001,0.001,0.001,0.001,0.001,0.001,96,0.001,0.001,0.001
3980,1.505,32.917,253.99,212.0019,0.0011,15,122,0.001,0.001,0.001,0.001,0.001,0.001,0.001,0.001,0.001,0.001,120,0.001,0.001,0.001,0.001,0.001,0.001,0.001
3981,0.429,24.157,181.21,389.136,0.0006,15,0.001,0.001,0.001,0.001,0.001,0.001,127,115,0.001,0.001,0.001,0.001,0.001,0.001,0.001,0.001,0.001,0.001,0.001
3982,7.667,7.064,56.25,141.0163,0.0007,15,0.001,0.001,70,0.001,0.001,85,0.001,0.001,0.001,0.001,0.001,0.001,0.001,0.001,87,0.001,0.001,0.001,0.001
3983,1.658,23.428,176.87,317.1137,0.0021,15,0.001,0.001,0.001,0.001,0.001,0.001,0.001,106,0.001,79,0.001,0.001,0.001,0.001,0.001,56,0.001,0.001,0.001
3984,14.707,29.991,223.09,481.4055,0.0021,15,0.001,0.001,0.001,0.001,0.001,0.001,0.001,0.001,0.001,0.001,101,0.001,0.001,0.001,0.001,140,0.001,0.001,0.001
3985,15.413,29.007,217.43,428.3828,0.0011,15,115,126,0.001,0.001,0.001,0.001,0.001,0.001,0.001,0.001,0.001,0.001,0.001,0.001,0.001,0.001,0.001,0.001,0.001
3986,7.471,18.492,140.77,278.9916,0.0004,15,0.001,68,58,0.001,0.001,0.001,0.001,0.001,0.001,0.001,0.001,65,50,0.001,0.001,0.001,0.001,0.001,0.001
3987,8.244,23.464,178.37,283.1003,0.0003,15,0.001,115,0.001,0.001,0.001,0.001,0.001,0.001,51,0.001,0.001,74,0.001,0.001,0.001,0.001,0.001,0.001,0.001
3988,15.175,37.446,276.08,768.4891,0.0063,15,0.001,0.001,0.001,0.001,0.001,183,0.001,57,0.001,0.001,0.001,0.001,0.001,0.001,0.001,0.001,0.001,0.001,0.001
3989,12.793,30.656,228.01,483.3683,0.0004,15,0.001,0.001,0.001,0.001,0.001,0.001,0.001,89,0.001,0.001,0.001,0.001,0.001,0.001,0.001,151,0.001,0.001,0.001
3990,15.976,34.18,253.54,604.5467,0.0006,15,0.001,0.001,0.001,0.001,77,163,0.001,0.001,0.001,0.001,0.001,0.001,0.001,0.001,0.001,0.001,0.001,0.001,0.001
3991,13.449,34.703,256.65,698.2841,0.0015,15,76,0.001,0.001,0.001,0.001,0.001,0.001,0.001,0.001,0.001,0.001,0.001,164,0.001,0.001,0.001,0.001,0.001,0.001
3992,12.291,30.299,225.03,544.3022,0.0005,15,0.001,0.001,0.001,0.001,0.001,0.001,0.001,61,0.001,72,0.001,0.001,0.001,55,51,0.001,0.001,0.001,0.001
3993,13.682,25.385,190.53,363.2198,0.0001,15,0.001,0.001,0.001,0.001,0.001,0.001,0.001,0.001,0.001,0.001,0.001,0.001,0.001,89,0.001,150,0.001,0.001,0.001
3994,1.136,20.192,162.9,116.9724,0.0006,15,0.001,0.001,0.001,0.001,0.001,95,94,0.001,0.001,0.001,0.001,0.001,50,0.001,0.001,0.001,0.001,0.001,0.001
3995,12.654,29.386,219.29,439.3415,0.0007,15,0.001,0.001,0.001,0.001,0.001,0.001,0.001,74,0.001,73,0.001,0.001,0.001,0.001,0.001,92,0.001,0.001,0.001
3996,5.525,28.245,210.45,498.2376,0.0009,15,0.001,71,0.001,0.001,0.001,0.001,0.001,0.001,0.001,0.001,0.001,89,0.001,0.001,79,0.001,0.001,0.001,0.001
3997,15.943,26.656,200.67,367.6265,0.0024,15,0.001,0.001,76,0.001,72,90,0.001,0.001,0.001,0.001,0.001,0.001,0.001,0.001,0.001,0.001,0.001,0.001,0.001
3998,13.265,29.71,221.07,506.2899,0.0006,15,0.001,0.001,0.001,0.001,0.001,152,0.001,0.001,0.001,86,0.001,0.001,0.001,0.001,0.001,0.001,0.001,0.001,0.001
3999,14.183,22.79,173,287.0031,0.0002,15,0.001,0.001,0.001,0.001,0.001,0.001,0.001,0.001,0.001,93,0.001,73,0.001,0.001,72,0.001,0.001,0.001,0.001
4000,14.399,30.449,226.72,527.3409,0.0005,15,0.001,77,0.001,0.001,86,0.001,0.001,0.001,0.001,0.001,0.001,75,0.001,0.001,0.001,0.001,0.001,0.001,0.001
4001,13.122,25.487,188.62,669.9582,0.002,15,0.001,0.001,68,0.001,0.001,0.001,0.001,0.001,94,0.001,76,0.001,0.001,0.001,0.001,0.001,0.001,0.001,0.001
4002,2.634,19.097,150.41,151.0389,0.0002,15,0.001,0.001,0.001,0.001,0.001,0.001,0.001,0.001,101,0.001,0.001,0.001,0.001,0.001,0.001,137,0.001,0.001,0.001
4003,16.194,37.857,279.39,779.5314,0.0064,15,0.001,0.001,0.001,0.001,142,0.001,0.001,0.001,95,0.001,0.001,0.001,0.001,0.001,0.001,0.001,0.001,0.001,0.001
4004,15.345,36.379,268.55,716.4983,0.0041,15,0.001,0.001,0.001,0.001,0.001,0.001,0.001,89,0.001,148,0.001,0.001,0.001,0.001,0.001,0.001,0.001,0.001,0.001
4005,9.642,30.535,226.34,585.2149,0.0039,15,0.001,55,0.001,0.001,0.001,0.001,0.001,0.001,0.001,66,0.001,0.001,0.001,0.001,0.001,116,0.001,0.001,0.001
4006,5.309,30.64,227.19,584.275,0.0011,15,0.001,0.001,0.001,0.001,0.001,0.001,0.001,143,0.001,0.001,0.001,0.001,0.001,0.001,94,0.001,0.001,0.001,0.001
4007,0.733,21.166,174.96,92.9285,0.0011,15,0.001,0.001,0.001,0.001,0.001,93,0.001,71,72,0.001,0.001,0.001,0.001,0.001,0.001,0.001,0.001,0.001,0.001
4008,13.976,30.778,229.14,495.4047,0.0006,15,0.001,0.001,0.001,0.001,0.001,0.001,0.001,90,0.001,0.001,91,55,0.001,0.001,0.001,0.001,0.001,0.001,0.001
4009,15.446,25.942,193.45,485.0667,0.0007,15,86,0.001,0.001,0.001,0.001,0.001,0.001,84,0.001,0.001,0.001,0.001,0.001,66,0.001,0.001,0.001,0.001,0.001
4010,2.785,27.271,203.17,485.2011,0.0008,15,0.001,0.001,0.001,0.001,0.001,0.001,0.001,130,0.001,0.001,0.001,106,0.001,0.001,0.001,0.001,0.001,0.001,0.001
4011,15.136,35.026,259.73,651.4346,0.0016,15,64,81,91,0.001,0.001,0.001,0.001,0.001,0.001,0.001,0.001,0.001,0.001,0.001,0.001,0.001,0.001,0.001,0.001
4012,5.476,27.003,201.31,455.2077,0.0008,15,0.001,0.001,0.001,0.001,0.001,0.001,0.001,120,0.001,0.001,0.001,0.001,60,0.001,0.001,56,0.001,0.001,0.001
4013,13.385,31.78,235.13,643.1383,0.002,15,0.001,0.001,0.001,0.001,0.001,0.001,0.001,0.001,0.001,81,0.001,0.001,74,81,0.001,0.001,0.001,0.001,0.001
4014,12.05,25.726,192.66,425.2206,0.0002,15,0.001,0.001,69,0.001,0.001,0.001,0.001,167,0.001,0.001,0.001,0.001,0.001,0.001,0.001,0.001,0.001,0.001,0.001
4015,15.234,32.75,243.4,567.461,0.0019,15,64,76,0.001,0.001,0.001,0.001,0.001,0.001,0.001,96,0.001,0.001,0.001,0.001,0.001,0.001,0.001,0.001,0.001
4016,9.916,18.464,142.42,211.006,0,15,0.001,0.001,0.001,0.001,0.001,0.001,0.001,0.001,107,129,0.001,0.001,0.001,0.001,0.001,0.001,0.001,0.001,0.001
4017,11.147,27.8,207.99,437.2691,0.0011,15,113,0.001,0.001,0.001,0.001,0.001,0.001,0.001,0.001,0.001,0.001,0.001,0.001,0.001,123,0.001,0.001,0.001,0.001
4018,9.825,27.375,203.99,453.214,0.0022,15,0.001,0.001,0.001,0.001,0.001,0.001,0.001,76,0.001,0.001,0.001,0.001,0.001,0.001,0.001,160,0.001,0.001,0.001
4019,15.155,35.954,266.36,602.3722,0.0018,15,0.001,0.001,0.001,0.001,0.001,62,0.001,0.001,0.001,59,0.001,115,0.001,0.001,0.001,0.001,0.001,0.001,0.001
4020,16.241,40.177,295.63,861.6146,0.0021,15,0.001,0.001,0.001,0.001,0.001,0.001,0.001,0.001,119,0.001,0.001,116,0.001,0.001,0.001,0.001,0.001,0.001,0.001
4021,15.265,19.539,150.57,224.0288,0.0002,15,0.001,117,118,0.001,0.001,0.001,0.001,0.001,0.001,0.001,0.001,0.001,0.001,0.001,0.001,0.001,0.001,0.001,0.001
4022,16.302,36.117,266.9,679.5869,0.0012,15,0.001,0.001,0.001,0.001,0.001,0.001,0.001,0.001,84,0.001,59,0.001,92,0.001,0.001,0.001,0.001,0.001,0.001
4023,13.744,33.731,249.64,623.2611,0.0052,15,0.001,110,0.001,0.001,0.001,0.001,0.001,0.001,0.001,0.001,0.001,0.001,0.001,0.001,0.001,125,0.001,0.001,0.001
4024,16.202,36.448,268.95,732.5179,0.0024,15,0.001,0.001,0.001,0.001,0.001,164,0.001,71,0.001,0.001,0.001,0.001,0.001,0.001,0.001,0.001,0.001,0.001,0.001
4025,15.565,37.803,278.67,774.5333,0.0012,15,0.001,0.001,0.001,0.001,0.001,139,0.001,96,0.001,0.001,0.001,0.001,0.001,0.001,0.001,0.001,0.001,0.001,0.001
4026,15.761,24.514,185.01,329.0443,0.0006,15,0.001,0.001,0.001,0.001,0.001,0.001,0.001,0.001,0.001,0.001,0.001,116,119,0.001,0.001,0.001,0.001,0.001,0.001
4027,11.725,28.667,213.24,513.2722,0.0005,15,0.001,0.001,0.001,0.001,0.001,103,0.001,131,0.001,0.001,0.001,0.001,0.001,0.001,0.001,0.001,0.001,0.001,0.001
4028,11.79,29.826,221.82,516.2729,0.0008,15,0.001,0.001,0.001,0.001,0.001,76,0.001,72,0.001,86,0.001,0.001,0.001,0.001,0.001,0.001,0.001,0.001,0.001
4029,12.243,19.654,148.65,314.0292,0.001,15,0.001,0.001,0.001,0.001,0.001,0.001,71,62,0.001,0.001,0.001,101,0.001,0.001,0.001,0.001,0.001,0.001,0.001
4030,13.572,33.512,247.79,654.2648,0.0032,15,0.001,0.001,90,0.001,0.001,0.001,90,0.001,0.001,0.001,0.001,0.001,0.001,0.001,0.001,54,0.001,0.001,0.001
4031,4.931,29.387,218.48,542.2457,0.0014,15,0.001,0.001,71,0.001,0.001,54,0.001,109,0.001,0.001,0.001,0.001,0.001,0.001,0.001,0.001,0.001,0.001,0.001
4032,13.81,27.336,205.09,367.2846,0.0004,15,0.001,0.001,0.001,0.001,0.001,0.001,0.001,0.001,121,0.001,0.001,0.001,0.001,0.001,0.001,112,0.001,0.001,0.001
4033,15.529,37.529,276.75,758.5312,0.0012,15,0.001,0.001,0.001,0.001,0.001,0.001,72,78,0.001,0.001,0.001,83,0.001,0.001,0.001,0.001,0.001,0.001,0.001
4034,13.449,27.849,207.31,499.2197,0.0016,15,0.001,0.001,0.001,0.001,0.001,0.001,0.001,0.001,0.001,0.001,0.001,121,0.001,112,0.001,0.001,0.001,0.001,0.001
4035,12.482,21.626,165.83,241.2164,0.0016,15,74,62,0.001,0.001,0.001,97,0.001,0.001,0.001,0.001,0.001,0.001,0.001,0.001,0.001,0.001,0.001,0.001,0.001
4036,13.195,30.44,225.85,568.3301,0.0013,15,0.001,0.001,0.001,0.001,0.001,92,0.001,65,0.001,0.001,0.001,0.001,0.001,0.001,76,0.001,0.001,0.001,0.001
4037,13.377,26.427,198.34,369.2989,0.0016,15,0.001,0.001,0.001,0.001,0.001,0.001,0.001,0.001,0.001,0.001,0.001,91,0.001,0.001,60,82,0.001,0.001,0.001
4038,14.985,32.586,242.64,491.3177,0.0001,15,0.001,0.001,0.001,0.001,0.001,0.001,0.001,0.001,118,0.001,0.001,0.001,0.001,0.001,115,0.001,0.001,0.001,0.001
4039,10.41,26.709,199.36,486.9713,0.0004,15,0.001,69,55,0.001,57,0.001,51,0.001,0.001,0.001,0.001,0.001,0.001,0.001,0.001,0.001,0.001,0.001,0.001
4040,8.664,29.006,215.24,528.2613,0.001,15,0.001,0.001,0.001,0.001,0.001,0.001,0.001,158,0.001,0.001,0.001,0.001,0.001,0.001,0.001,74,0.001,0.001,0.001
4041,14.052,27.511,204.36,543.0548,0.0015,15,0.001,0.001,0.001,0.001,0.001,0.001,0.001,0.001,0.001,0.001,0.001,51,111,0.001,70,0.001,0.001,0.001,0.001
4042,13.759,33.149,245.72,589.4473,0.0004,15,0.001,0.001,0.001,0.001,0.001,0.001,0.001,109,0.001,123,0.001,0.001,0.001,0.001,0.001,0.001,0.001,0.001,0.001
4043,3.042,29.214,225.47,207.0119,0.0007,15,0.001,0.001,0.001,0.001,0.001,0.001,0.001,0.001,66,90,0.001,0.001,0.001,76,0.001,0.001,0.001,0.001,0.001
4044,4.381,28.712,213.66,522.1991,0.0003,15,71,0.001,0.001,0.001,0.001,63,0.001,0.001,0.001,0.001,0.001,98,0.001,0.001,0.001,0.001,0.001,0.001,0.001
4045,8.011,19.769,148.38,400.9326,0.001,15,0.001,0.001,0.001,0.001,77,0.001,0.001,0.001,0.001,0.001,0.001,0.001,155,0.001,0.001,0.001,0.001,0.001,0.001
4046,10.283,35.814,263.67,762.339,0.0032,14,0.001,0.001,0.001,0.001,0.001,0.001,0.001,0.001,0.001,0.001,0.001,111,0.001,0.001,0.001,120,0.001,0.001,0.001
4047,14.021,28.462,212.01,482.2758,0.0012,14,0.001,81,0.001,0.001,0.001,56,0.001,0.001,0.001,0.001,0.001,0.001,0.001,0.001,0.001,94,0.001,0.001,0.001
4048,15.423,34.026,252.15,645.4028,0.0016,14,0.001,86,67,0.001,0.001,0.001,0.001,0.001,0.001,0.001,0.001,0.001,0.001,78,0.001,0.001,0.001,0.001,0.001
4049,15.732,37.708,278.2,775.5492,0.0009,14,0.001,0.001,0.001,0.001,84,0.001,93,0.001,0.001,0.001,0.001,0.001,0.001,54,0.001,0.001,0.001,0.001,0.001
4050,13.614,21.989,168.47,237.2207,0,14,0.001,0.001,0.001,0.001,0.001,0.001,0.001,135,0.001,0.001,0.001,0.001,0.001,0.001,95,0.001,0.001,0.001,0.001
4051,0.298,29.899,221.31,633.0346,0.0002,14,0.001,0.001,0.001,0.001,0.001,0.001,0.001,0.001,159,0.001,0.001,0.001,71,0.001,0.001,0.001,0.001,0.001,0.001
4052,14.954,34.378,257.91,383.3495,0.001,14,0.001,0.001,0.001,0.001,0.001,0.001,0.001,92,0.001,0.001,0.001,0.001,0.001,138,0.001,0.001,0.001,0.001,0.001
4053,15.683,28.201,211.39,411.6196,0.0035,14,0.001,0.001,0.001,0.001,118,0.001,0.001,0.001,0.001,112,0.001,0.001,0.001,0.001,0.001,0.001,0.001,0.001,0.001
4054,15.265,30.101,225.85,383.3543,0.0005,14,0.001,0.001,0.001,0.001,0.001,0.001,0.001,0.001,127,0.001,103,0.001,0.001,0.001,0.001,0.001,0.001,0.001,0.001
4055,15.979,34.921,258.24,657.4979,0.001,14,0.001,0.001,0.001,0.001,0.001,68,0.001,87,0.001,0.001,75,0.001,0.001,0.001,0.001,0.001,0.001,0.001,0.001
4056,16.082,36.782,271.33,745.5006,0.001,14,0.001,0.001,0.001,0.001,0.001,0.001,0.001,0.001,112,0.001,0.001,0.001,0.001,0.001,118,0.001,0.001,0.001,0.001
4057,14.003,33.189,245.69,626.3532,0.0012,14,0.001,0.001,0.001,0.001,0.001,0.001,0.001,0.001,78,0.001,61,0.001,0.001,0.001,91,0.001,0.001,0.001,0.001
4058,10.71,18.479,140.67,278.9915,0.0004,14,71,0.001,52,0.001,0.001,0.001,0.001,0.001,0.001,0.001,55,0.001,0.001,0.001,52,0.001,0.001,0.001,0.001
4059,15.432,25.634,193.45,339.7676,0.0012,14,84,0.001,0.001,0.001,0.001,0.001,0.001,0.001,0.001,146,0.001,0.001,0.001,0.001,0.001,0.001,0.001,0.001,0.001
4060,15.928,27.183,204.05,379.3955,0.0012,14,0.001,0.001,0.001,0.001,0.001,0.001,0.001,0.001,64,82,83,0.001,0.001,0.001,0.001,0.001,0.001,0.001,0.001
4061,15.387,37.857,278.7,785.4578,0.0048,14,0.001,0.001,0.001,0.001,0.001,0.001,0.001,54,0.001,0.001,0.001,59,0.001,0.001,0.001,116,0.001,0.001,0.001
4062,15.065,27.084,203.57,384.5556,0.0045,14,57,0.001,100,0.001,0.001,0.001,72,0.001,0.001,0.001,0.001,0.001,0.001,0.001,0.001,0.001,0.001,0.001,0.001
4063,14.355,26.979,202.59,405.2845,0.0003,14,67,75,87,0.001,0.001,0.001,0.001,0.001,0.001,0.001,0.001,0.001,0.001,0.001,0.001,0.001,0.001,0.001,0.001
4064,15.683,28.189,211.02,411.6358,0.0034,14,0.001,0.001,0.001,0.001,0.001,113,0.001,0.001,0.001,0.001,116,0.001,0.001,0.001,0.001,0.001,0.001,0.001,0.001
4065,14.934,34.326,254.88,547.3052,0.0011,14,0.001,0.001,0.001,0.001,0.001,0.001,0.001,123,0.001,0.001,0.001,105,0.001,0.001,0.001,0.001,0.001,0.001,0.001
4066,4.082,26.043,194.64,435.1832,0.0001,14,0.001,0.001,0.001,0.001,0.001,0.001,0.001,96,0.001,0.001,0.001,63,0.001,0.001,69,0.001,0.001,0.001,0.001
4067,0.476,22.748,172.94,288.0928,0.0008,14,0.001,65,0.001,0.001,88,0.001,0.001,0.001,0.001,75,0.001,0.001,0.001,0.001,0.001,0.001,0.001,0.001,0.001
4068,15.128,25.842,194.86,351.3255,0.0006,14,89,0.001,0.001,0.001,85,54,0.001,0.001,0.001,0.001,0.001,0.001,0.001,0.001,0.001,0.001,0.001,0.001,0.001
4069,4.017,32.549,240.7,659.3083,0.0004,14,0.001,0.001,0.001,0.001,0.001,0.001,0.001,152,0.001,0.001,0.001,0.001,0.001,0.001,76,0.001,0.001,0.001,0.001
4070,13.141,30.404,226.06,489.3554,0.0024,14,0.001,0.001,0.001,0.001,0.001,0.001,0.001,137,0.001,0.001,0.001,0.001,0.001,0.001,0.001,91,0.001,0.001,0.001
4071,13.52,38.726,285.3,800.3771,0.0002,14,0.001,0.001,0.001,0.001,0.001,132,0.001,0.001,0.001,96,0.001,0.001,0.001,0.001,0.001,0.001,0.001,0.001,0.001
4072,5.652,32.003,237.29,630.2979,0.0009,14,0.001,56,0.001,0.001,70,0.001,0.001,0.001,0.001,0.001,0.001,0.001,101,0.001,0.001,0.001,0.001,0.001,0.001
4073,2.867,28.782,213.45,615.1019,0.0003,14,79,0.001,0.001,0.001,0.001,0.001,0.001,148,0.001,0.001,0.001,0.001,0.001,0.001,0.001,0.001,0.001,0.001,0.001
4074,15.452,31.406,233.19,515.2676,0.001,14,0.001,0.001,0.001,0.001,0.001,0.001,0.001,0.001,0.001,0.001,0.001,0.001,93,0.001,0.001,134,0.001,0.001,0.001
4075,13.749,33.013,245.53,540.4351,0.0012,14,0.001,155,0.001,0.001,0.001,0.001,0.001,0.001,0.001,72,0.001,0.001,0.001,0.001,0.001,0.001,0.001,0.001,0.001
4076,0.267,21.897,181.23,92.9278,0,14,107,0.001,0.001,0.001,0.001,0.001,0.001,0.001,120,0.001,0.001,0.001,0.001,0.001,0.001,0.001,0.001,0.001,0.001
4077,7.507,29.061,218.66,367.1576,0.0027,14,0.001,0.001,79,0.001,0.001,0.001,0.001,147,0.001,0.001,0.001,0.001,0.001,0.001,0.001,0.001,0.001,0.001,0.001
4078,14.549,17.437,133.76,245.0226,0.0001,14,0.001,96,130,0.001,0.001,0.001,0.001,0.001,0.001,0.001,0.001,0.001,0.001,0.001,0.001,0.001,0.001,0.001,0.001
4079,13.384,29.847,222.82,449.3276,0.0013,14,0.001,0.001,0.001,0.001,0.001,121,0.001,0.001,105,0.001,0.001,0.001,0.001,0.001,0.001,0.001,0.001,0.001,0.001
4080,14,27.735,207.99,400.4202,0.0037,14,69,0.001,0.001,0.001,0.001,0.001,0.001,53,0.001,0.001,0.001,0.001,104,0.001,0.001,0.001,0.001,0.001,0.001
4081,8.516,19.355,147.53,263.6266,0.0012,14,0.001,0.001,0.001,0.001,0.001,0.001,0.001,85,0.001,0.001,0.001,0.001,0.001,141,0.001,0.001,0.001,0.001,0.001
4082,9.686,25.181,188.77,406.1761,0.0023,14,0.001,67,0.001,0.001,0.001,0.001,54,0.001,0.001,104,0.001,0.001,0.001,0.001,0.001,0.001,0.001,0.001,0.001
4083,13.734,33.596,248.73,622.3722,0.001,14,0.001,0.001,0.001,0.001,0.001,0.001,0.001,76,0.001,0.001,0.001,78,0.001,0.001,71,0.001,0.001,0.001,0.001
4084,4.435,23.611,177.83,347.1491,0.0018,14,0.001,0.001,0.001,0.001,0.001,0.001,0.001,163,0.001,0.001,0.001,0.001,0.001,0.001,62,0.001,0.001,0.001,0.001
4085,12.361,27.349,205.21,399.3108,0.0003,14,106,0.001,0.001,0.001,0.001,0.001,0.001,0.001,0.001,0.001,0.001,119,0.001,0.001,0.001,0.001,0.001,0.001,0.001
4086,12.42,24.196,179.43,623.166,0.0001,14,120,0.001,0.001,0.001,0.001,0.001,0.001,105,0.001,0.001,0.001,0.001,0.001,0.001,0.001,0.001,0.001,0.001,0.001
4087,13.617,34.549,255.76,624.4848,0.001,14,0.001,0.001,0.001,0.001,0.001,67,0.001,0.001,0.001,0.001,0.001,0.001,66,0.001,92,0.001,0.001,0.001,0.001
4088,15.491,28.013,210.15,381.3606,0.0011,14,0.001,0.001,0.001,0.001,162,0.001,0.001,0.001,0.001,0.001,0.001,0.001,0.001,0.001,0.001,63,0.001,0.001,0.001
4089,14.942,35.492,261.71,699.3904,0.0037,14,0.001,0.001,0.001,0.001,0.001,175,0.001,0.001,0.001,0.001,0.001,0.001,0.001,0.001,0.001,50,0.001,0.001,0.001
4090,9.929,27.954,208.15,494.2266,0.0005,14,0.001,0.001,0.001,0.001,0.001,0.001,0.001,0.001,0.001,0.001,0.001,106,0.001,118,0.001,0.001,0.001,0.001,0.001
4091,15.544,29.913,222.51,481.3695,0.0019,14,0.001,0.001,0.001,0.001,0.001,62,0.001,0.001,0.001,0.001,0.001,0.001,0.001,0.001,0.001,162,0.001,0.001,0.001
4092,12.794,32.318,239.38,648.2507,0.0039,14,0.001,0.001,53,0.001,0.001,171,0.001,0.001,0.001,0.001,0.001,0.001,0.001,0.001,0.001,0.001,0.001,0.001,0.001
4093,3.22,17.761,135.44,259.0093,0.0004,14,0.001,0.001,117,0.001,0.001,0.001,0.001,0.001,0.001,0.001,0.001,0.001,0.001,0.001,0.001,107,0.001,0.001,0.001
4094,16.447,36.687,271.06,684.5921,0.001,14,0.001,0.001,0.001,0.001,0.001,0.001,0.001,103,0.001,0.001,0.001,121,0.001,0.001,0.001,0.001,0.001,0.001,0.001
4095,16.357,26.709,196.86,794.946,0.0007,14,0.001,0.001,0.001,0.001,0.001,0.001,0.001,0.001,50,0.001,54,0.001,0.001,64,55,0.001,0.001,0.001,0.001
4096,13.513,33.089,245.12,606.3423,0.0005,14,0.001,0.001,0.001,0.001,0.001,0.001,0.001,77,0.001,146,0.001,0.001,0.001,0.001,0.001,0.001,0.001,0.001,0.001
4097,13.389,29.296,217.87,575.1263,0.0002,14,100,0.001,123,0.001,0.001,0.001,0.001,0.001,0.001,0.001,0.001,0.001,0.001,0.001,0.001,0.001,0.001,0.001,0.001
4098,11.292,20.079,152.22,301.0517,0.0007,14,52,0.001,0.001,0.001,0.001,55,65,0.001,0.001,0.001,0.001,0.001,0.001,0.001,51,0.001,0.001,0.001,0.001
4099,10.541,27.57,205.82,479.2433,0.0005,14,0.001,0.001,65,0.001,62,96,0.001,0.001,0.001,0.001,0.001,0.001,0.001,0.001,0.001,0.001,0.001,0.001,0.001
4100,13.773,35.806,264.85,669.4911,0.0031,14,0.001,0.001,65,0.001,69,0.001,0.001,0.001,0.001,0.001,0.001,0.001,0.001,0.001,0.001,89,0.001,0.001,0.001
4101,13.197,29.849,222.05,528.3192,0.0023,14,58,0.001,0.001,0.001,0.001,0.001,0.001,89,0.001,0.001,76,0.001,0.001,0.001,0.001,0.001,0.001,0.001,0.001
4102,14.366,27.803,208.09,438.3101,0.0011,14,0.001,73,0.001,0.001,73,0.001,0.001,0.001,0.001,0.001,0.001,77,0.001,0.001,0.001,0.001,0.001,0.001,0.001
4103,13.65,31.682,236.22,469.331,0.0002,14,0.001,0.001,0.001,0.001,0.001,0.001,0.001,104,0.001,119,0.001,0.001,0.001,0.001,0.001,0.001,0.001,0.001,0.001
4104,15.265,28.846,215.16,464.3126,0.0015,14,0.001,0.001,0.001,0.001,0.001,50,53,0.001,0.001,62,0.001,0.001,0.001,58,0.001,0.001,0.001,0.001,0.001
4105,14.858,33.579,248.61,622.372,0.0014,14,0.001,0.001,0.001,0.001,0.001,0.001,0.001,86,0.001,0.001,0.001,136,0.001,0.001,0.001,0.001,0.001,0.001,0.001
4106,9.811,31.612,234.16,610.2552,0.0021,14,0.001,0.001,0.001,0.001,0.001,74,0.001,0.001,0.001,72,76,0.001,0.001,0.001,0.001,0.001,0.001,0.001,0.001
4107,12.83,28.1,209.71,469.226,0.0025,14,62,0.001,0.001,0.001,0.001,0.001,0.001,79,0.001,0.001,0.001,0.001,0.001,0.001,81,0.001,0.001,0.001,0.001
4108,14.266,30.612,226.54,606.136,0.0008,14,0.001,0.001,0.001,0.001,0.001,0.001,0.001,0.001,0.001,0.001,63,96,0.001,0.001,0.001,63,0.001,0.001,0.001
4109,3.932,17.302,135.44,164.0701,0.0001,14,0.001,0.001,0.001,0.001,0.001,111,0.001,0.001,0.001,0.001,0.001,0.001,0.001,0.001,0.001,111,0.001,0.001,0.001
4110,14.45,32.877,243.82,539.4302,0.0022,14,0.001,0.001,0.001,0.001,0.001,0.001,0.001,0.001,0.001,0.001,0.001,0.001,92,0.001,0.001,129,0.001,0.001,0.001
4111,6.511,27.154,215.72,141.0172,0.0012,14,0.001,0.001,65,0.001,82,0.001,0.001,0.001,74,0.001,0.001,0.001,0.001,0.001,0.001,0.001,0.001,0.001,0.001
4112,13.325,23.096,175.75,279.4445,0.0017,14,0.001,134,0.001,0.001,0.001,0.001,0.001,0.001,0.001,0.001,0.001,86,0.001,0.001,0.001,0.001,0.001,0.001,0.001
4113,14.343,31.037,231.46,495.4053,0.0007,14,0.001,0.001,72,0.001,70,0.001,0.001,78,0.001,0.001,0.001,0.001,0.001,0.001,0.001,0.001,0.001,0.001,0.001
4114,13.78,37.52,276.26,756.3428,0.0043,14,0.001,0.001,0.001,0.001,0.001,0.001,0.001,0.001,0.001,0.001,137,0.001,0.001,0.001,0.001,83,0.001,0.001,0.001
4115,14.665,32.28,239.29,588.3667,0.0015,14,0.001,0.001,0.001,0.001,0.001,126,0.001,0.001,0.001,94,0.001,0.001,0.001,0.001,0.001,0.001,0.001,0.001,0.001
4116,15.505,39.758,292.72,830.558,0.0033,14,0.001,0.001,0.001,0.001,0.001,80,0.001,59,0.001,0.001,0.001,0.001,0.001,0.001,81,0.001,0.001,0.001,0.001
4117,16.312,36.636,270.59,730.5377,0.0012,14,0.001,0.001,0.001,0.001,84,0.001,0.001,0.001,0.001,0.001,0.001,0.001,0.001,80,56,0.001,0.001,0.001,0.001
4118,5.008,28.787,214,525.2319,0.0031,14,0.001,0.001,0.001,0.001,0.001,91,0.001,0.001,0.001,0.001,59,0.001,0.001,0.001,70,0.001,0.001,0.001,0.001
4119,8.957,29.742,220.68,530.3078,0.0003,14,0.001,0.001,0.001,0.001,0.001,0.001,0.001,0.001,0.001,0.001,0.001,0.001,0.001,0.001,125,94,0.001,0.001,0.001
4120,14.952,13.059,99.88,249.9701,0.0008,14,0.001,0.001,0.001,0.001,0.001,0.001,0.001,0.001,0.001,0.001,0.001,119,100,0.001,0.001,0.001,0.001,0.001,0.001
4121,9.506,18.309,140.17,245.0223,0.0008,14,0.001,0.001,0.001,0.001,59,0.001,0.001,0.001,53,0.001,0.001,52,0.001,0.001,55,0.001,0.001,0.001,0.001
4122,6.493,33.811,250.17,697.3256,0.0011,14,55,63,0.001,0.001,0.001,0.001,0.001,0.001,0.001,0.001,0.001,0.001,0.001,101,0.001,0.001,0.001,0.001,0.001
4123,14.847,30.384,225.51,523.3085,0.0015,14,0.001,0.001,0.001,0.001,0.001,0.001,0.001,0.001,0.001,59,0.001,0.001,0.001,0.001,0.001,160,0.001,0.001,0.001
4124,13.341,24.088,182.39,303.3728,0.0006,14,0.001,0.001,0.001,0.001,0.001,0.001,0.001,0.001,0.001,95,0.001,0.001,0.001,0.001,124,0.001,0.001,0.001,0.001
4125,13.406,25.754,192.66,422.187,0.0016,14,0.001,0.001,0.001,0.001,0.001,0.001,0.001,0.001,0.001,0.001,0.001,78,0.001,61,80,0.001,0.001,0.001,0.001
4126,13.548,36.099,266.19,761.3939,0.0013,14,0.001,0.001,0.001,0.001,0.001,63,0.001,0.001,0.001,70,0.001,0.001,86,0.001,0.001,0.001,0.001,0.001,0.001
4127,11.567,18.852,150.63,130.0163,0.0004,14,0.001,0.001,0.001,0.001,0.001,0.001,0.001,59,0.001,50,0.001,53,57,0.001,0.001,0.001,0.001,0.001,0.001
4128,13.193,24.802,187.19,328.407,0.0005,14,0.001,0.001,0.001,0.001,0.001,0.001,61,0.001,72,0.001,0.001,0.001,0.001,0.001,85,0.001,0.001,0.001,0.001
4129,11.122,21.446,161.48,359.0336,0.0009,14,0.001,0.001,84,0.001,0.001,0.001,0.001,0.001,62,0.001,0.001,0.001,0.001,0.001,72,0.001,0.001,0.001,0.001
4130,13.742,31.566,234.25,595.223,0.0001,14,0.001,0.001,0.001,0.001,122,96,0.001,0.001,0.001,0.001,0.001,0.001,0.001,0.001,0.001,0.001,0.001,0.001,0.001
4131,7.312,20.331,151.76,480.9679,0.0003,14,128,0.001,0.001,0.001,0.001,0.001,0.001,0.001,0.001,0.001,0.001,0.001,90,0.001,0.001,0.001,0.001,0.001,0.001
4132,14.078,34.37,253.72,710.2825,0.0039,14,0.001,64,0.001,0.001,0.001,0.001,0.001,0.001,0.001,0.001,0.001,96,0.001,0.001,0.001,57,0.001,0.001,0.001
4133,14.642,25.625,193.19,337.3458,0.0005,14,0.001,0.001,0.001,0.001,0.001,0.001,0.001,0.001,0.001,60,0.001,0.001,101,0.001,56,0.001,0.001,0.001,0.001
4134,15.327,28.794,215.06,443.3724,0.0031,14,0.001,0.001,0.001,0.001,0.001,50,0.001,72,0.001,0.001,0.001,0.001,0.001,0.001,95,0.001,0.001,0.001,0.001
4135,12.427,29.881,221.59,581.242,0.0014,14,0.001,0.001,0.001,0.001,0.001,81,0.001,0.001,0.001,0.001,0.001,66,70,0.001,0.001,0.001,0.001,0.001,0.001
4136,15.688,25.893,194.25,387.0342,0.0018,14,0.001,0.001,0.001,0.001,0.001,0.001,71,0.001,0.001,0.001,0.001,146,0.001,0.001,0.001,0.001,0.001,0.001,0.001
4137,10.831,22.105,165.79,402.0437,0.0024,14,0.001,0.001,73,0.001,0.001,0.001,68,0.001,76,0.001,0.001,0.001,0.001,0.001,0.001,0.001,0.001,0.001,0.001
4138,11.24,34.814,257.63,676.1618,0.0005,14,127,0.001,0.001,0.001,0.001,0.001,0.001,0.001,90,0.001,0.001,0.001,0.001,0.001,0.001,0.001,0.001,0.001,0.001
4139,14.597,28.322,211.52,457.3676,0.0004,14,0.001,60,0.001,0.001,0.001,0.001,0.001,0.001,0.001,84,0.001,0.001,72,0.001,0.001,0.001,0.001,0.001,0.001
4140,0.548,24.193,192.51,135.0307,0.0004,14,0.001,0.001,0.001,0.001,99,0.001,0.001,0.001,0.001,0.001,0.001,0.001,0.001,0.001,0.001,117,0.001,0.001,0.001
4141,0.238,20.291,154.15,291.1472,0.0001,14,0.001,105,0.001,0.001,0.001,0.001,0.001,0.001,0.001,0.001,0.001,0.001,111,0.001,0.001,0.001,0.001,0.001,0.001
4142,13.077,31.231,231.7,569.3311,0.0035,14,0.001,0.001,0.001,0.001,0.001,85,59,0.001,0.001,72,0.001,0.001,0.001,0.001,0.001,0.001,0.001,0.001,0.001
4143,14.709,34.218,253.27,629.4507,0.0009,14,0.001,0.001,0.001,0.001,0.001,0.001,0.001,0.001,0.001,52,0.001,69,95,0.001,0.001,0.001,0.001,0.001,0.001
4144,3.436,27.249,203,457.2452,0.0013,14,0.001,0.001,0.001,0.001,0.001,0.001,0.001,85,0.001,0.001,0.001,0.001,0.001,0.001,0.001,131,0.001,0.001,0.001
4145,13.545,40.339,296.98,867.4445,0.0022,14,0.001,0.001,53,0.001,0.001,0.001,53,0.001,0.001,0.001,0.001,58,52,0.001,0.001,0.001,0.001,0.001,0.001
4146,10.865,19.663,148.71,314.0289,0.0007,14,0.001,0.001,0.001,0.001,0.001,78,0.001,67,0.001,0.001,0.001,0.001,71,0.001,0.001,0.001,0.001,0.001,0.001
4147,13.478,35.016,259.19,668.2893,0.0023,14,0.001,91,0.001,0.001,0.001,0.001,0.001,0.001,0.001,0.001,0.001,0.001,0.001,0.001,125,0.001,0.001,0.001,0.001
4148,9.573,23.674,179.28,312.2244,0.0003,13,112,0.001,0.001,0.001,0.001,0.001,0.001,0.001,0.001,0.001,0.001,103,0.001,0.001,0.001,0.001,0.001,0.001,0.001
4149,15.513,36.372,268.34,680.4488,0.0027,13,0.001,0.001,0.001,0.001,0.001,0.001,0.001,0.001,0.001,0.001,0.001,111,0.001,0.001,0.001,104,0.001,0.001,0.001
4150,14.854,30.189,223.39,641.0892,0.0018,13,0.001,0.001,0.001,0.001,0.001,0.001,0.001,0.001,0.001,75,63,77,0.001,0.001,0.001,0.001,0.001,0.001,0.001
4151,15.74,35.072,260.23,595.5414,0.0006,13,0.001,118,0.001,0.001,0.001,0.001,0.001,0.001,0.001,0.001,0.001,0.001,97,0.001,0.001,0.001,0.001,0.001,0.001
4152,12.177,18.847,150.74,131.0129,0.0006,13,0.001,62,69,0.001,0.001,0.001,0.001,0.001,0.001,0.001,0.001,0.001,0.001,84,0.001,0.001,0.001,0.001,0.001
4153,3.613,19.708,151.6,214.1437,0.0004,13,0.001,0.001,0.001,0.001,0.001,0.001,0.001,0.001,101,0.001,0.001,0.001,0.001,0.001,0.001,114,0.001,0.001,0.001
4154,15.355,30.54,227.39,493.4971,0.0003,13,0.001,0.001,0.001,0.001,0.001,0.001,0.001,72,69,0.001,0.001,0.001,73,0.001,0.001,0.001,0.001,0.001,0.001
4155,15.119,19.536,150.26,225.0255,0.0002,13,0.001,0.001,77,0.001,0.001,0.001,0.001,0.001,0.001,0.001,0.001,77,0.001,0.001,60,0.001,0.001,0.001,0.001
4156,1.773,17.429,137.62,150.0547,0.0004,13,0.001,0.001,0.001,0.001,0.001,0.001,0.001,0.001,0.001,0.001,130,0.001,0.001,0.001,84,0.001,0.001,0.001,0.001
4157,8.746,20.7,155.18,414.9279,0.0015,13,0.001,0.001,0.001,0.001,150,0.001,0.001,0.001,0.001,0.001,0.001,0.001,0.001,64,0.001,0.001,0.001,0.001,0.001
4158,15.413,29.963,223.27,511.2944,0.0012,13,85,64,0.001,0.001,0.001,0.001,0.001,0.001,0.001,0.001,65,0.001,0.001,0.001,0.001,0.001,0.001,0.001,0.001
4159,15.716,34.838,257.74,643.5074,0.0005,13,0.001,0.001,0.001,0.001,0.001,78,0.001,0.001,0.001,0.001,59,0.001,0.001,0.001,77,0.001,0.001,0.001,0.001
4160,15.106,31.639,234.76,557.3451,0.0017,13,51,0.001,0.001,0.001,0.001,0.001,0.001,0.001,0.001,0.001,0.001,0.001,0.001,0.001,0.001,162,0.001,0.001,0.001
4161,14.003,29.196,217.4,493.3349,0.0007,13,0.001,0.001,0.001,0.001,0.001,0.001,53,0.001,89,0.001,71,0.001,0.001,0.001,0.001,0.001,0.001,0.001,0.001
4162,5.419,17.606,133.59,300.9414,0.002,13,0.001,0.001,118,0.001,0.001,0.001,95,0.001,0.001,0.001,0.001,0.001,0.001,0.001,0.001,0.001,0.001,0.001,0.001
4163,14.316,30.008,223.2,531.2971,0.0021,13,0.001,0.001,0.001,0.001,75,0.001,0.001,52,0.001,0.001,0.001,0.001,0.001,0.001,86,0.001,0.001,0.001,0.001
4164,14.276,31.639,235.47,501.3943,0.0009,13,0.001,0.001,0.001,0.001,0.001,0.001,72,0.001,0.001,0.001,0.001,58,0.001,83,0.001,0.001,0.001,0.001,0.001
4165,15.158,33.447,248.59,555.4624,0.0007,13,0.001,0.001,0.001,0.001,98,0.001,115,0.001,0.001,0.001,0.001,0.001,0.001,0.001,0.001,0.001,0.001,0.001,0.001
4166,14.115,23.064,173.88,339.0755,0.0007,13,0.001,0.001,0.001,0.001,0.001,0.001,0.001,78,0.001,0.001,0.001,0.001,135,0.001,0.001,0.001,0.001,0.001,0.001
4167,15.531,38.682,284.99,799.5332,0.0018,13,0.001,0.001,0.001,0.001,0.001,0.001,0.001,0.001,0.001,66,0.001,0.001,0.001,86,61,0.001,0.001,0.001,0.001
4168,10.533,27.094,202.26,452.2484,0.0014,13,0.001,0.001,0.001,0.001,0.001,73,0.001,70,0.001,0.001,0.001,0.001,0.001,0.001,69,0.001,0.001,0.001,0.001
4169,13.14,30.298,225.76,453.3569,0.0006,13,0.001,0.001,0.001,0.001,0.001,0.001,0.001,72,0.001,0.001,0.001,0.001,0.001,0.001,0.001,140,0.001,0.001,0.001
4170,3.399,28.631,213.03,508.2396,0.0021,13,0.001,0.001,0.001,0.001,0.001,0.001,0.001,132,0.001,0.001,0.001,0.001,0.001,80,0.001,0.001,0.001,0.001,0.001
4171,5.985,17.471,133.68,245.0221,0.0001,13,0.001,0.001,0.001,0.001,0.001,0.001,0.001,0.001,112,100,0.001,0.001,0.001,0.001,0.001,0.001,0.001,0.001,0.001
4172,13.545,34.042,251.84,688.3609,0.0005,13,0.001,0.001,0.001,0.001,103,109,0.001,0.001,0.001,0.001,0.001,0.001,0.001,0.001,0.001,0.001,0.001,0.001,0.001
4173,15.409,36.972,273.13,653.4347,0.0028,13,0.001,0.001,0.001,0.001,0.001,0.001,0.001,0.001,0.001,0.001,61,0.001,63,0.001,0.001,88,0.001,0.001,0.001
4174,0.764,29.019,214.57,615.0932,0.001,13,0.001,0.001,0.001,0.001,0.001,0.001,0.001,61,0.001,0.001,0.001,0.001,0.001,0.001,0.001,151,0.001,0.001,0.001
4175,1.124,18.543,143.04,211.082,0.0005,13,0.001,0.001,0.001,0.001,0.001,0.001,112,0.001,0.001,0.001,0.001,0.001,0.001,0.001,100,0.001,0.001,0.001,0.001
4176,12.575,30.933,230.37,489.3572,0.0017,13,0.001,0.001,0.001,0.001,0.001,0.001,0.001,82,0.001,0.001,0.001,0.001,0.001,130,0.001,0.001,0.001,0.001,0.001
4177,16.024,38.242,282.53,734.553,0.0007,13,0.001,0.001,0.001,0.001,65,0.001,0.001,146,0.001,0.001,0.001,0.001,0.001,0.001,0.001,0.001,0.001,0.001,0.001
4178,15.706,27.889,208.85,407.3884,0.001,13,0.001,0.001,0.001,0.001,0.001,0.001,0.001,0.001,0.001,65,0.001,64,82,0.001,0.001,0.001,0.001,0.001,0.001
4179,14.554,33.787,251,576.4719,0.0006,13,65,65,0.001,0.001,0.001,0.001,0.001,81,0.001,0.001,0.001,0.001,0.001,0.001,0.001,0.001,0.001,0.001,0.001
4180,0.381,31.26,241.02,215.0322,0.0001,13,0.001,106,0.001,0.001,0.001,0.001,0.001,0.001,104,0.001,0.001,0.001,0.001,0.001,0.001,0.001,0.001,0.001,0.001
4181,13.322,23.145,176.13,279.4641,0.0007,13,0.001,0.001,0.001,0.001,130,0.001,0.001,0.001,0.001,0.001,80,0.001,0.001,0.001,0.001,0.001,0.001,0.001,0.001
4182,10.285,34.591,254.95,716.335,0.0031,13,0.001,0.001,0.001,0.001,0.001,0.001,0.001,98,0.001,0.001,0.001,0.001,0.001,0.001,0.001,112,0.001,0.001,0.001
4183,13.08,29.397,219.05,453.3576,0.0031,13,0.001,0.001,0.001,0.001,0.001,0.001,0.001,0.001,0.001,75,0.001,0.001,0.001,0.001,0.001,135,0.001,0.001,0.001
4184,8.203,29.14,216.56,532.2345,0.0007,13,0.001,0.001,0.001,0.001,0.001,0.001,0.001,144,0.001,0.001,0.001,0.001,0.001,0.001,66,0.001,0.001,0.001,0.001
4185,13.286,23.024,172.75,387.0669,0.0009,13,0.001,0.001,0.001,0.001,0.001,0.001,0.001,0.001,0.001,0.001,0.001,78,132,0.001,0.001,0.001,0.001,0.001,0.001
4186,5.356,31.581,233.62,601.3028,0.0044,13,0.001,0.001,0.001,0.001,0.001,0.001,0.001,0.001,0.001,0.001,0.001,0.001,106,0.001,0.001,104,0.001,0.001,0.001
4187,9.627,24.749,186.4,355.2269,0.0024,13,75,0.001,0.001,0.001,0.001,0.001,0.001,0.001,60,0.001,0.001,0.001,74,0.001,0.001,0.001,0.001,0.001,0.001
4188,15.128,40.379,297.47,843.5957,0.0065,13,0.001,0.001,0.001,0.001,100,0.001,0.001,51,0.001,0.001,0.001,0.001,0.001,0.001,58,0.001,0.001,0.001,0.001
4189,13.755,33.989,251.54,634.3747,0.0006,13,0.001,0.001,0.001,0.001,0.001,124,0.001,0.001,0.001,85,0.001,0.001,0.001,0.001,0.001,0.001,0.001,0.001,0.001
4190,9.934,19.11,145.39,285.0427,0.0011,13,0.001,0.001,65,0.001,68,0.001,0.001,0.001,0.001,0.001,0.001,0.001,0.001,0.001,76,0.001,0.001,0.001,0.001
4191,8.44,26.586,210.85,141.014,0.0004,13,0.001,0.001,0.001,0.001,0.001,0.001,0.001,97,0.001,0.001,0.001,0.001,0.001,112,0.001,0.001,0.001,0.001,0.001
4192,11.149,27.18,203.72,430.2227,0.0005,13,104,0.001,0.001,0.001,104,0.001,0.001,0.001,0.001,0.001,0.001,0.001,0.001,0.001,0.001,0.001,0.001,0.001,0.001
4193,1.161,24.952,205.87,92.9273,0.0006,13,0.001,0.001,0.001,0.001,0.001,0.001,83,0.001,0.001,0.001,0.001,0.001,0.001,0.001,0.001,125,0.001,0.001,0.001
4194,14.745,30.566,227.11,530.3302,0.0011,13,0.001,0.001,0.001,0.001,67,0.001,0.001,0.001,0.001,0.001,57,0.001,0.001,0.001,0.001,84,0.001,0.001,0.001
4195,3.398,29.459,219,525.2333,0.0018,13,0.001,0.001,0.001,0.001,0.001,0.001,0.001,133,0.001,0.001,0.001,0.001,0.001,75,0.001,0.001,0.001,0.001,0.001
4196,10.674,19.672,148.79,314.0302,0.0009,13,0.001,0.001,0.001,0.001,0.001,91,0.001,0.001,0.001,63,54,0.001,0.001,0.001,0.001,0.001,0.001,0.001,0.001
4197,13.664,29.616,220.29,513.3386,0.0017,13,0.001,0.001,0.001,0.001,0.001,0.001,0.001,0.001,0.001,70,51,0.001,0.001,0.001,86,0.001,0.001,0.001,0.001
4198,15.918,30.707,228.18,499.3993,0.0024,13,0.001,0.001,0.001,0.001,0.001,0.001,0.001,0.001,0.001,0.001,0.001,0.001,0.001,0.001,64,143,0.001,0.001,0.001
4199,12.569,34.688,256.55,646.3917,0.0024,13,0.001,0.001,0.001,0.001,77,0.001,0.001,0.001,74,0.001,0.001,0.001,0.001,0.001,0.001,56,0.001,0.001,0.001
4200,16.192,37.199,274.59,751.5486,0.0042,13,0.001,0.001,55,0.001,0.001,0.001,0.001,0.001,0.001,90,62,0.001,0.001,0.001,0.001,0.001,0.001,0.001,0.001
4201,13.422,21.271,160.76,329.0452,0.0011,13,0.001,0.001,145,0.001,0.001,0.001,0.001,0.001,0.001,0.001,0.001,0.001,0.001,0.001,62,0.001,0.001,0.001,0.001
4202,12.038,29.395,218.95,459.2309,0.0008,13,0.001,0.001,0.001,0.001,0.001,0.001,0.001,0.001,0.001,0.001,0.001,111,0.001,0.001,0.001,96,0.001,0.001,0.001
4203,8.431,20.14,150.95,401.3707,0.0038,13,0.001,0.001,0.001,0.001,0.001,0.001,0.001,0.001,53,0.001,0.001,0.001,0.001,154,0.001,0.001,0.001,0.001,0.001
4204,9.43,20.718,155.06,430.9852,0.0006,13,0.001,0.001,61,0.001,0.001,0.001,0.001,0.001,0.001,0.001,0.001,74,71,0.001,0.001,0.001,0.001,0.001,0.001
4205,9.753,27.745,206.89,469.2396,0.0002,13,0.001,0.001,0.001,0.001,0.001,0.001,0.001,79,0.001,0.001,0.001,0.001,0.001,0.001,127,0.001,0.001,0.001,0.001
4206,13.054,31.1,231.13,497.3836,0.0018,13,0.001,0.001,0.001,0.001,0.001,0.001,0.001,72,0.001,0.001,0.001,0.001,0.001,0.001,0.001,134,0.001,0.001,0.001
4207,6.067,32.579,241.56,656.2936,0.0008,13,71,0.001,135,0.001,0.001,0.001,0.001,0.001,0.001,0.001,0.001,0.001,0.001,0.001,0.001,0.001,0.001,0.001,0.001
4208,14.407,31.077,231.39,493.39,0.0006,13,0.001,0.001,0.001,0.001,0.001,0.001,0.001,112,0.001,0.001,0.001,94,0.001,0.001,0.001,0.001,0.001,0.001,0.001
4209,10.187,28.329,224.85,141.0155,0.0007,13,0.001,0.001,0.001,0.001,73,0.001,0.001,0.001,0.001,55,78,0.001,0.001,0.001,0.001,0.001,0.001,0.001,0.001
4210,13.517,30.047,224.38,421.3322,0.0002,13,0.001,0.001,0.001,0.001,0.001,0.001,0.001,0.001,0.001,154,0.001,0.001,0.001,0.001,0.001,52,0.001,0.001,0.001
4211,14.059,21.704,164.46,299.0238,0.0003,13,0.001,0.001,0.001,0.001,0.001,0.001,0.001,0.001,102,0.001,104,0.001,0.001,0.001,0.001,0.001,0.001,0.001,0.001
4212,3.798,22.742,171.57,344.0995,0.0012,13,0.001,0.001,93,0.001,0.001,0.001,0.001,0.001,0.001,0.001,0.001,0.001,113,0.001,0.001,0.001,0.001,0.001,0.001
4213,14.226,32.119,238.79,522.4229,0.0004,13,0.001,0.001,0.001,0.001,0.001,0.001,55,0.001,0.001,87,0.001,0.001,63,0.001,0.001,0.001,0.001,0.001,0.001
4214,0.555,27.481,227.29,92.9284,0.0003,13,0.001,0.001,0.001,0.001,66,0.001,0.001,0.001,0.001,0.001,74,0.001,65,0.001,0.001,0.001,0.001,0.001,0.001
4215,15.906,28.799,214.63,478.2922,0.0003,13,0.001,0.001,0.001,0.001,0.001,0.001,0.001,0.001,0.001,108,0.001,0.001,0.001,97,0.001,0.001,0.001,0.001,0.001
4216,1.508,33.419,257.86,212.0017,0.0008,13,115,0.001,0.001,0.001,0.001,0.001,0.001,0.001,0.001,0.001,0.001,0.001,0.001,0.001,90,0.001,0.001,0.001,0.001
4217,13.849,32.508,241.82,480.3069,0.0015,13,0.001,0.001,0.001,0.001,0.001,0.001,0.001,0.001,0.001,0.001,0.001,0.001,67,0.001,0.001,137,0.001,0.001,0.001
4218,14.502,32.617,241.74,594.3399,0.0011,13,0.001,0.001,0.001,0.001,0.001,117,0.001,87,0.001,0.001,0.001,0.001,0.001,0.001,0.001,0.001,0.001,0.001,0.001
4219,13.664,28.965,216.83,435.287,0.0019,13,60,0.001,0.001,0.001,61,0.001,0.001,0.001,0.001,83,0.001,0.001,0.001,0.001,0.001,0.001,0.001,0.001,0.001
4220,13.449,33.504,248.28,646.2922,0.004,13,0.001,58,61,0.001,0.001,0.001,0.001,0.001,0.001,0.001,85,0.001,0.001,0.001,0.001,0.001,0.001,0.001,0.001
4221,9.303,23.639,178.54,309.2057,0,13,0.001,0.001,0.001,0.001,0.001,0.001,0.001,96,0.001,0.001,0.001,0.001,0.001,0.001,0.001,108,0.001,0.001,0.001
4222,13.536,29.282,218.06,491.2384,0.0009,13,0.001,0.001,0.001,0.001,0.001,0.001,0.001,120,0.001,84,0.001,0.001,0.001,0.001,0.001,0.001,0.001,0.001,0.001
4223,7.587,28.014,209.96,413.1987,0.0007,13,0.001,0.001,0.001,0.001,83,0.001,0.001,121,0.001,0.001,0.001,0.001,0.001,0.001,0.001,0.001,0.001,0.001,0.001
4224,0.247,18.65,142.8,247.0253,0.0008,13,0.001,0.001,148,0.001,0.001,56,0.001,0.001,0.001,0.001,0.001,0.001,0.001,0.001,0.001,0.001,0.001,0.001,0.001
4225,15.169,23.533,177.29,357.0106,0.0019,13,0.001,0.001,143,0.001,0.001,0.001,0.001,0.001,0.001,0.001,0.001,0.001,61,0.001,0.001,0.001,0.001,0.001,0.001
4226,15.062,27.09,203.62,384.1496,0.0014,13,0.001,60,68,0.001,0.001,0.001,0.001,0.001,0.001,75,0.001,0.001,0.001,0.001,0.001,0.001,0.001,0.001,0.001
4227,3.11,19.144,148.39,189.1116,0.0009,13,0.001,0.001,0.001,0.001,0.001,63,0.001,0.001,0.001,0.001,0.001,0.001,0.001,0.001,0.001,140,0.001,0.001,0.001
4228,10.277,34.717,255.86,719.3298,0.0051,13,0.001,0.001,0.001,0.001,0.001,0.001,0.001,50,0.001,0.001,0.001,0.001,0.001,0.001,0.001,152,0.001,0.001,0.001
4229,12.563,43.229,326.65,325.1866,0.002,13,0.001,0.001,0.001,0.001,132,0.001,0.001,0.001,0.001,0.001,0.001,0.001,0.001,70,0.001,0.001,0.001,0.001,0.001
4230,14.004,38.558,284.5,789.6401,0.0004,13,0.001,0.001,0.001,0.001,53,0.001,0.001,0.001,0.001,0.001,0.001,0.001,149,0.001,0.001,0.001,0.001,0.001,0.001
4231,13.447,27.519,205.49,447.2516,0.0006,13,0.001,0.001,0.001,0.001,0.001,0.001,67,56,0.001,79,0.001,0.001,0.001,0.001,0.001,0.001,0.001,0.001,0.001
4232,15.689,25.945,193.53,487.0651,0.0014,13,0.001,0.001,102,0.001,0.001,0.001,0.001,0.001,0.001,100,0.001,0.001,0.001,0.001,0.001,0.001,0.001,0.001,0.001
4233,12.945,24.271,183.68,307.214,0.0006,13,0.001,0.001,0.001,0.001,0.001,0.001,0.001,0.001,63,75,0.001,0.001,64,0.001,0.001,0.001,0.001,0.001,0.001
4234,15.331,37.192,274.28,755.4933,0.0041,13,0.001,0.001,0.001,0.001,0.001,0.001,0.001,53,0.001,96,0.001,0.001,0.001,52,0.001,0.001,0.001,0.001,0.001
4235,14.137,30.579,226.56,562.2526,0.0002,13,0.001,0.001,0.001,0.001,0.001,0.001,0.001,0.001,0.001,0.001,0.001,105,0.001,0.001,0.001,96,0.001,0.001,0.001
4236,14.218,30.35,226.1,507.3271,0.0012,13,0.001,0.001,0.001,0.001,106,0.001,95,0.001,0.001,0.001,0.001,0.001,0.001,0.001,0.001,0.001,0.001,0.001,0.001
4237,13.898,30.638,228.65,475.7047,0.0017,13,0.001,0.001,85,0.001,0.001,0.001,0.001,116,0.001,0.001,0.001,0.001,0.001,0.001,0.001,0.001,0.001,0.001,0.001
4238,11.196,34.828,257.41,676.1624,0.0006,13,0.001,0.001,0.001,0.001,0.001,0.001,0.001,69,80,0.001,52,0.001,0.001,0.001,0.001,0.001,0.001,0.001,0.001
4239,12.423,31.091,231.13,542.1411,0.0013,13,0.001,58,0.001,0.001,0.001,0.001,0.001,0.001,0.001,0.001,0.001,79,0.001,0.001,64,0.001,0.001,0.001,0.001
4240,14.56,27.841,207.98,441.3018,0.0012,13,0.001,0.001,0.001,0.001,0.001,78,0.001,0.001,0.001,0.001,0.001,123,0.001,0.001,0.001,0.001,0.001,0.001,0.001
4241,13.901,30.655,228.77,475.6023,0.0024,13,0.001,0.001,113,0.001,0.001,0.001,0.001,0.001,0.001,0.001,0.001,0.001,87,0.001,0.001,0.001,0.001,0.001,0.001
4242,13.98,30.871,229.01,534.2767,0.0024,13,0.001,0.001,0.001,0.001,0.001,0.001,0.001,0.001,0.001,0.001,0.001,0.001,0.001,88,0.001,112,0.001,0.001,0.001
4243,11.556,30.014,222.69,531.2327,0.0015,13,0.001,0.001,0.001,0.001,0.001,0.001,0.001,0.001,0.001,0.001,0.001,0.001,98,0.001,0.001,102,0.001,0.001,0.001
4244,14.34,32.144,239,519.4034,0.0016,13,0.001,0.001,0.001,0.001,0.001,0.001,0.001,145,0.001,0.001,0.001,0.001,55,0.001,0.001,0.001,0.001,0.001,0.001
4245,15.226,40.33,296.82,849.5694,0.0008,12,0.001,0.001,0.001,0.001,0.001,87,0.001,0.001,0.001,0.001,0.001,0.001,112,0.001,0.001,0.001,0.001,0.001,0.001
4246,13.491,38.391,283.15,830.3625,0.0012,12,0.001,52,69,0.001,0.001,0.001,78,0.001,0.001,0.001,0.001,0.001,0.001,0.001,0.001,0.001,0.001,0.001,0.001
4247,15.059,27.072,203.12,384.6576,0.0027,12,0.001,0.001,0.001,0.001,0.001,0.001,0.001,0.001,0.001,0.001,65,82,0.001,0.001,52,0.001,0.001,0.001,0.001
4248,4.076,30.844,228.44,571.293,0.0006,12,0.001,0.001,0.001,0.001,0.001,0.001,0.001,0.001,0.001,0.001,0.001,0.001,98,0.001,0.001,101,0.001,0.001,0.001
4249,12.321,30.023,223.65,457.3518,0.0003,12,0.001,0.001,0.001,0.001,0.001,0.001,0.001,58,0.001,0.001,0.001,0.001,0.001,0.001,0.001,141,0.001,0.001,0.001
4250,16.21,35.665,264.72,597.4507,0.0019,12,0.001,0.001,79,0.001,54,0.001,65,0.001,0.001,0.001,0.001,0.001,0.001,0.001,0.001,0.001,0.001,0.001,0.001
4251,15.7,26.002,196.15,355.3199,0.0001,12,53,0.001,145,0.001,0.001,0.001,0.001,0.001,0.001,0.001,0.001,0.001,0.001,0.001,0.001,0.001,0.001,0.001,0.001
4252,1.817,28.96,233.84,116.9713,0.0022,12,0.001,0.001,95,0.001,0.001,103,0.001,0.001,0.001,0.001,0.001,0.001,0.001,0.001,0.001,0.001,0.001,0.001,0.001
4253,14.242,29.601,220.28,504.3071,0.0006,12,0.001,0.001,0.001,0.001,0.001,0.001,0.001,67,59,0.001,0.001,72,0.001,0.001,0.001,0.001,0.001,0.001,0.001
4254,14.758,27.439,206.54,351.2323,0.0015,12,0.001,0.001,0.001,0.001,0.001,81,0.001,0.001,0.001,0.001,0.001,0.001,116,0.001,0.001,0.001,0.001,0.001,0.001
4255,0.432,25.548,210.62,94.9253,0,12,0.001,0.001,0.001,0.001,0.001,92,0.001,0.001,0.001,0.001,105,0.001,0.001,0.001,0.001,0.001,0.001,0.001,0.001
4256,9.923,21.286,160.81,329.1972,0.001,12,0.001,0.001,0.001,0.001,81,0.001,0.001,58,0.001,0.001,0.001,0.001,0.001,0.001,58,0.001,0.001,0.001,0.001
4257,13.987,25.931,195.33,357.114,0,12,0.001,0.001,0.001,0.001,54,0.001,0.001,0.001,0.001,0.001,0.001,143,0.001,0.001,0.001,0.001,0.001,0.001,0.001
4258,12.148,23.845,180.6,311.3746,0.0028,12,0.001,0.001,0.001,0.001,76,0.001,0.001,0.001,0.001,0.001,0.001,121,0.001,0.001,0.001,0.001,0.001,0.001,0.001
4259,5.126,30.06,223.44,565.2284,0.0018,12,0.001,69,71,0.001,0.001,0.001,0.001,0.001,0.001,0.001,0.001,0.001,57,0.001,0.001,0.001,0.001,0.001,0.001
4260,11.151,21.258,160.67,329.0453,0.0001,12,0.001,0.001,108,0.001,0.001,0.001,0.001,0.001,0.001,0.001,0.001,0.001,89,0.001,0.001,0.001,0.001,0.001,0.001
4261,15.351,28.924,216.67,419.3531,0.0009,12,0.001,0.001,106,0.001,0.001,0.001,0.001,91,0.001,0.001,0.001,0.001,0.001,0.001,0.001,0.001,0.001,0.001,0.001
4262,9.87,23.009,173.72,337.1663,0.0005,12,0.001,78,0.001,0.001,0.001,0.001,0.001,0.001,0.001,0.001,0.001,118,0.001,0.001,0.001,0.001,0.001,0.001,0.001
4263,12.486,37.874,279.34,751.1757,0.001,12,0.001,0.001,0.001,0.001,0.001,69,0.001,0.001,0.001,0.001,76,0.001,51,0.001,0.001,0.001,0.001,0.001,0.001
4264,5.647,23.978,180.37,372.1293,0.0007,12,85,0.001,0.001,0.001,0.001,0.001,0.001,0.001,111,0.001,0.001,0.001,0.001,0.001,0.001,0.001,0.001,0.001,0.001
4265,13.491,27.234,203.09,469.384,0.0008,12,0.001,0.001,0.001,0.001,0.001,0.001,0.001,0.001,0.001,52,0.001,0.001,80,64,0.001,0.001,0.001,0.001,0.001
4266,14.009,27.932,208.85,446.2521,0.0012,12,77,0.001,0.001,0.001,0.001,0.001,0.001,0.001,0.001,0.001,0.001,0.001,119,0.001,0.001,0.001,0.001,0.001,0.001
4267,13.856,27.185,203.49,392.315,0.0017,12,0.001,0.001,0.001,0.001,0.001,0.001,0.001,82,0.001,0.001,0.001,0.001,0.001,0.001,0.001,114,0.001,0.001,0.001
4268,14.916,34.232,253.54,569.478,0.0013,12,0.001,0.001,0.001,0.001,0.001,0.001,0.001,0.001,0.001,136,0.001,0.001,0.001,0.001,0.001,60,0.001,0.001,0.001
4269,14.914,34.396,254.74,664.4187,0.003,12,59,70,0.001,0.001,0.001,66,0.001,0.001,0.001,0.001,0.001,0.001,0.001,0.001,0.001,0.001,0.001,0.001,0.001
4270,14.979,36.501,269.36,730.4733,0.0009,12,0.001,0.001,0.001,0.001,0.001,86,0.001,109,0.001,0.001,0.001,0.001,0.001,0.001,0.001,0.001,0.001,0.001,0.001
4271,15.534,13.149,100.62,259.9322,0.0007,12,0.001,55,71,0.001,69,0.001,0.001,0.001,0.001,0.001,0.001,0.001,0.001,0.001,0.001,0.001,0.001,0.001,0.001
4272,9.929,34.368,253.73,716.2987,0.0002,12,0.001,0.001,0.001,0.001,0.001,0.001,0.001,0.001,0.001,0.001,0.001,0.001,0.001,101,94,0.001,0.001,0.001,0.001
4273,15.511,36.878,272.55,721.5619,0.0002,12,90,0.001,0.001,0.001,0.001,0.001,0.001,0.001,0.001,0.001,0.001,0.001,105,0.001,0.001,0.001,0.001,0.001,0.001
4274,1.764,16.075,126.63,151.0393,0.001,12,0.001,0.001,0.001,0.001,0.001,0.001,105,0.001,0.001,0.001,0.001,0.001,0.001,0.001,0.001,90,0.001,0.001,0.001
4275,2.62,17.656,137.12,193.0496,0.0003,12,0.001,0.001,0.001,0.001,108,0.001,86,0.001,0.001,0.001,0.001,0.001,0.001,0.001,0.001,0.001,0.001,0.001,0.001
4276,11.15,29.928,222.8,522.2517,0.0014,12,0.001,77,0.001,0.001,0.001,0.001,0.001,0.001,0.001,0.001,0.001,0.001,0.001,0.001,117,0.001,0.001,0.001,0.001
4277,5.63,8.282,65.85,141.0169,0.0005,12,0.001,0.001,0.001,0.001,0.001,0.001,105,0.001,0.001,0.001,0.001,0.001,89,0.001,0.001,0.001,0.001,0.001,0.001
4278,1.153,8.695,70.28,116.9724,0.0006,12,0.001,0.001,0.001,0.001,0.001,0.001,0.001,0.001,0.001,0.001,0.001,101,0.001,93,0.001,0.001,0.001,0.001,0.001
4279,16.105,19.605,150.46,223.0274,0.0011,12,0.001,0.001,0.001,0.001,0.001,0.001,91,0.001,0.001,0.001,0.001,0.001,0.001,0.001,0.001,103,0.001,0.001,0.001
4280,6.664,29.215,216.79,528.2614,0.0041,12,0.001,0.001,0.001,0.001,0.001,0.001,0.001,0.001,0.001,0.001,0.001,0.001,0.001,0.001,135,59,0.001,0.001,0.001
4281,13.857,35.295,261.01,655.4234,0.0022,12,0.001,0.001,0.001,0.001,0.001,0.001,0.001,0.001,0.001,0.001,0.001,63,78,0.001,53,0.001,0.001,0.001,0.001
4282,12.118,23.947,181.13,311.428,0.0023,12,0.001,0.001,0.001,0.001,0.001,0.001,0.001,0.001,0.001,0.001,0.001,68,68,58,0.001,0.001,0.001,0.001,0.001
4283,12.075,18.439,140.76,252.9975,0.0008,12,0.001,0.001,55,0.001,0.001,0.001,0.001,0.001,0.001,0.001,0.001,0.001,0.001,0.001,0.001,139,0.001,0.001,0.001
4284,1.164,28.308,220.88,178.0485,0.0008,12,98,0.001,0.001,0.001,0.001,0.001,0.001,0.001,0.001,0.001,96,0.001,0.001,0.001,0.001,0.001,0.001,0.001,0.001
4285,15.432,25.642,193.51,339.8416,0.001,12,71,0.001,0.001,0.001,0.001,0.001,0.001,0.001,0.001,123,0.001,0.001,0.001,0.001,0.001,0.001,0.001,0.001,0.001
4286,0.115,22.136,178.57,116.9719,0.0003,12,0.001,0.001,0.001,0.001,0.001,0.001,0.001,105,0.001,0.001,0.001,88,0.001,0.001,0.001,0.001,0.001,0.001,0.001
4287,14.142,28.729,213.93,493.2904,0.0018,12,0.001,0.001,0.001,0.001,0.001,112,0.001,0.001,0.001,0.001,0.001,0.001,0.001,81,0.001,0.001,0.001,0.001,0.001
4288,13.538,29.857,222.99,463.3424,0.0004,12,0.001,0.001,63,0.001,0.001,0.001,0.001,130,0.001,0.001,0.001,0.001,0.001,0.001,0.001,0.001,0.001,0.001,0.001
4289,13.196,24.789,187.27,327.5606,0.0025,12,0.001,0.001,0.001,0.001,53,0.001,85,0.001,0.001,0.001,55,0.001,0.001,0.001,0.001,0.001,0.001,0.001,0.001
4290,15.73,26.999,202.88,382.377,0.0007,12,117,0.001,0.001,0.001,0.001,0.001,0.001,0.001,0.001,0.001,0.001,0.001,0.001,0.001,76,0.001,0.001,0.001,0.001
4291,13.482,33.49,248.09,644.3367,0.0023,12,0.001,76,0.001,0.001,0.001,0.001,0.001,0.001,0.001,0.001,0.001,117,0.001,0.001,0.001,0.001,0.001,0.001,0.001
4292,8.324,32.927,243.59,646.3203,0.001,12,0.001,0.001,0.001,0.001,0.001,0.001,0.001,0.001,0.001,0.001,0.001,0.001,0.001,80,113,0.001,0.001,0.001,0.001
4293,6.867,26.665,198.81,486.9718,0.0017,12,0.001,0.001,70,0.001,0.001,0.001,0.001,0.001,0.001,56,0.001,0.001,0.001,67,0.001,0.001,0.001,0.001,0.001
4294,0.386,30.298,233.6,215.0311,0.0012,12,0.001,99,0.001,0.001,0.001,0.001,0.001,0.001,0.001,0.001,94,0.001,0.001,0.001,0.001,0.001,0.001,0.001,0.001
4295,15.742,34.295,254.24,621.583,0.0017,12,0.001,0.001,0.001,0.001,59,133,0.001,0.001,0.001,0.001,0.001,0.001,0.001,0.001,0.001,0.001,0.001,0.001,0.001
4296,16.139,23.553,178.03,327.2167,0,12,0.001,0.001,63,0.001,0.001,0.001,0.001,0.001,0.001,0.001,0.001,0.001,0.001,0.001,129,0.001,0.001,0.001,0.001
4297,9.932,32.822,242.74,655.2795,0.0005,12,0.001,0.001,0.001,0.001,0.001,0.001,0.001,0.001,0.001,97,0.001,0.001,0.001,95,0.001,0.001,0.001,0.001,0.001
4298,7.604,16.715,128.58,222.0199,0.0008,12,0.001,0.001,0.001,0.001,0.001,0.001,71,57,0.001,0.001,64,0.001,0.001,0.001,0.001,0.001,0.001,0.001,0.001
4299,11.025,25.014,188.55,339.2537,0.0015,12,0.001,0.001,0.001,0.001,0.001,0.001,0.001,106,0.001,86,0.001,0.001,0.001,0.001,0.001,0.001,0.001,0.001,0.001
4300,2.087,17.159,133.1,192.9532,0.0002,12,0.001,0.001,0.001,0.001,0.001,72,0.001,0.001,0.001,120,0.001,0.001,0.001,0.001,0.001,0.001,0.001,0.001,0.001
4301,14.095,28.53,212.2,483.2726,0.0036,12,0.001,0.001,0.001,0.001,0.001,91,0.001,0.001,0.001,0.001,0.001,0.001,0.001,0.001,0.001,101,0.001,0.001,0.001
4302,12.485,24.75,186.96,321.2184,0.001,12,0.001,0.001,0.001,0.001,0.001,0.001,0.001,108,0.001,0.001,0.001,0.001,0.001,0.001,84,0.001,0.001,0.001,0.001
4303,13.268,20.96,155.88,524.9635,0.0008,12,0.001,0.001,0.001,0.001,0.001,0.001,0.001,0.001,0.001,0.001,94,98,0.001,0.001,0.001,0.001,0.001,0.001,0.001
4304,15.564,15.326,115.63,337.9011,0.0002,12,0.001,0.001,0.001,0.001,0.001,50,0.001,0.001,0.001,0.001,0.001,0.001,0.001,72,69,0.001,0.001,0.001,0.001
4305,12.003,22.062,165.63,401.0459,0.0011,12,66,0.001,65,0.001,0.001,0.001,0.001,0.001,0.001,0.001,0.001,60,0.001,0.001,0.001,0.001,0.001,0.001,0.001
4306,15.885,37.181,274.2,756.5142,0.0047,12,0.001,0.001,0.001,0.001,0.001,83,50,0.001,0.001,0.001,0.001,0.001,0.001,0.001,58,0.001,0.001,0.001,0.001
4307,13.196,25.823,194.91,327.2905,0.0004,12,0.001,0.001,0.001,0.001,0.001,0.001,0.001,89,0.001,0.001,102,0.001,0.001,0.001,0.001,0.001,0.001,0.001,0.001
4308,7.879,19.542,151.08,207.1372,0.0005,12,0.001,0.001,88,0.001,0.001,0.001,0.001,0.001,0.001,0.001,0.001,103,0.001,0.001,0.001,0.001,0.001,0.001,0.001
4309,11.058,29.731,221.53,453.3212,0.0012,12,0.001,0.001,0.001,0.001,0.001,0.001,0.001,112,0.001,0.001,0.001,0.001,0.001,0.001,0.001,79,0.001,0.001,0.001
4310,13.828,29.963,222.83,509.3125,0.0029,12,0.001,91,0.001,0.001,0.001,0.001,0.001,0.001,0.001,0.001,0.001,0.001,0.001,0.001,0.001,100,0.001,0.001,0.001
4311,10.216,36.794,271.05,805.3712,0.0006,12,0.001,0.001,0.001,0.001,0.001,0.001,0.001,0.001,0.001,0.001,0.001,114,77,0.001,0.001,0.001,0.001,0.001,0.001
4312,0.535,26.32,203.69,192.9874,0.0013,12,0.001,0.001,0.001,0.001,0.001,0.001,0.001,51,0.001,0.001,0.001,0.001,0.001,0.001,0.001,140,0.001,0.001,0.001
4313,14.342,30.812,229.05,553.3522,0.0001,12,0.001,0.001,112,0.001,0.001,0.001,0.001,0.001,0.001,0.001,78,0.001,0.001,0.001,0.001,0.001,0.001,0.001,0.001
4314,10.029,33.151,244.79,671.2938,0.0037,12,0.001,0.001,0.001,0.001,0.001,64,0.001,0.001,0.001,0.001,0.001,0.001,0.001,0.001,72,54,0.001,0.001,0.001
4315,12.423,30.762,228.97,525.1725,0.0023,12,0.001,0.001,0.001,0.001,68,0.001,0.001,0.001,0.001,0.001,0.001,122,0.001,0.001,0.001,0.001,0.001,0.001,0.001
4316,15.621,39.933,294.01,830.5563,0.0006,12,0.001,0.001,0.001,0.001,0.001,0.001,0.001,62,0.001,0.001,0.001,0.001,57,0.001,71,0.001,0.001,0.001,0.001
4317,7.001,23.943,180.43,327.2161,0.0014,12,0.001,0.001,0.001,0.001,0.001,0.001,0.001,0.001,0.001,0.001,0.001,0.001,0.001,0.001,93,97,0.001,0.001,0.001
4318,12.845,28.286,211.41,452.2787,0.0018,12,0.001,0.001,102,0.001,0.001,0.001,0.001,87,0.001,0.001,0.001,0.001,0.001,0.001,0.001,0.001,0.001,0.001,0.001
4319,11.534,25.203,189.93,341.1882,0.0019,12,0.001,0.001,0.001,0.001,0.001,89,0.001,0.001,0.001,0.001,0.001,100,0.001,0.001,0.001,0.001,0.001,0.001,0.001
4320,11.539,20.556,156.23,288.0338,0.0003,12,0.001,81,0.001,0.001,0.001,0.001,0.001,108,0.001,0.001,0.001,0.001,0.001,0.001,0.001,0.001,0.001,0.001,0.001
4321,7.49,24.885,187.98,321.2064,0.0018,12,0.001,0.001,0.001,0.001,0.001,0.001,0.001,56,67,65,0.001,0.001,0.001,0.001,0.001,0.001,0.001,0.001,0.001
4322,15.432,25.678,193.78,340.0448,0.0032,12,0.001,0.001,0.001,0.001,95,0.001,0.001,0.001,93,0.001,0.001,0.001,0.001,0.001,0.001,0.001,0.001,0.001,0.001
4323,16.222,32.184,239.59,521.4162,0.0028,12,0.001,0.001,91,0.001,0.001,0.001,0.001,0.001,0.001,0.001,0.001,0.001,0.001,0.001,97,0.001,0.001,0.001,0.001
4324,8.436,20.115,150.78,400.0242,0.0004,12,0.001,0.001,0.001,0.001,0.001,0.001,0.001,0.001,0.001,0.001,0.001,115,73,0.001,0.001,0.001,0.001,0.001,0.001
4325,12.846,19.682,149.11,314.0297,0.001,12,0.001,57,62,0.001,0.001,0.001,68,0.001,0.001,0.001,0.001,0.001,0.001,0.001,0.001,0.001,0.001,0.001,0.001
4326,14.843,30.385,225.53,523.2538,0.0018,12,0.001,0.001,0.001,0.001,0.001,0.001,0.001,0.001,0.001,0.001,0.001,0.001,70,0.001,0.001,117,0.001,0.001,0.001
4327,15.442,29.922,223.24,459.3269,0.0011,12,0.001,0.001,0.001,0.001,0.001,0.001,0.001,0.001,0.001,67,0.001,0.001,120,0.001,0.001,0.001,0.001,0.001,0.001
4328,11.455,26.552,201.21,297.1518,0.0018,12,0.001,0.001,0.001,0.001,0.001,0.001,0.001,0.001,0.001,0.001,0.001,0.001,94,92,0.001,0.001,0.001,0.001,0.001
4329,13.559,36.065,266.03,687.4557,0.0028,12,0.001,0.001,0.001,0.001,0.001,0.001,0.001,0.001,0.001,0.001,0.001,0.001,0.001,0.001,59,127,0.001,0.001,0.001
4330,7,22.74,173.35,269.0835,0.0009,12,0.001,128,0.001,0.001,0.001,0.001,0.001,0.001,0.001,58,0.001,0.001,0.001,0.001,0.001,0.001,0.001,0.001,0.001
4331,14.68,27.567,204.93,555.0716,0.0013,12,0.001,0.001,84,0.001,0.001,0.001,0.001,0.001,0.001,0.001,0.001,0.001,102,0.001,0.001,0.001,0.001,0.001,0.001
4332,14.123,32.942,243.66,694.1535,0.0021,12,89,0.001,0.001,0.001,0.001,0.001,97,0.001,0.001,0.001,0.001,0.001,0.001,0.001,0.001,0.001,0.001,0.001,0.001
4333,5.649,30.922,229.26,586.2914,0.0001,12,0.001,0.001,0.001,0.001,0.001,0.001,0.001,107,0.001,0.001,0.001,79,0.001,0.001,0.001,0.001,0.001,0.001,0.001
4334,9.475,21.032,162.17,218.03,0.0007,12,0.001,53,59,0.001,0.001,0.001,0.001,74,0.001,0.001,0.001,0.001,0.001,0.001,0.001,0.001,0.001,0.001,0.001
4335,13.475,27.929,207.97,494.228,0.0002,12,0.001,0.001,0.001,0.001,0.001,0.001,0.001,0.001,0.001,87,0.001,0.001,99,0.001,0.001,0.001,0.001,0.001,0.001
4336,13.305,28.017,209.77,409.3316,0.0005,12,0.001,0.001,0.001,0.001,0.001,0.001,0.001,93,0.001,93,0.001,0.001,0.001,0.001,0.001,0.001,0.001,0.001,0.001
4337,15.337,32.034,238.03,533.281,0.0028,12,0.001,0.001,0.001,0.001,0.001,0.001,0.001,0.001,0.001,0.001,0.001,66,120,0.001,0.001,0.001,0.001,0.001,0.001
4338,14.939,19.537,150.33,225.0246,0.0001,12,0.001,0.001,100,0.001,0.001,0.001,0.001,0.001,0.001,0.001,0.001,85,0.001,0.001,0.001,0.001,0.001,0.001,0.001
4339,13.774,28.631,210.61,894.9384,0.0018,12,0.001,0.001,0.001,0.001,0.001,0.001,0.001,53,60,0.001,72,0.001,0.001,0.001,0.001,0.001,0.001,0.001,0.001
4340,14.482,27.767,207.72,399.3279,0.0001,12,0.001,0.001,0.001,0.001,0.001,0.001,0.001,0.001,0.001,0.001,0.001,0.001,99,0.001,0.001,86,0.001,0.001,0.001
4341,13.768,33.497,248.48,616.1782,0.0015,12,63,0.001,0.001,0.001,54,0.001,0.001,0.001,0.001,68,0.001,0.001,0.001,0.001,0.001,0.001,0.001,0.001,0.001
4342,16.178,38.151,281.17,784.5461,0.0016,12,0.001,0.001,0.001,0.001,0.001,0.001,0.001,0.001,0.001,0.001,59,0.001,0.001,61,65,0.001,0.001,0.001,0.001
4343,15.122,38.917,286.6,818.525,0.001,12,0.001,0.001,0.001,0.001,0.001,0.001,0.001,108,0.001,76,0.001,0.001,0.001,0.001,0.001,0.001,0.001,0.001,0.001
4344,13.085,28.673,214.57,416.3216,0,12,0.001,0.001,0.001,0.001,0.001,0.001,0.001,0.001,0.001,0.001,104,0.001,0.001,0.001,80,0.001,0.001,0.001,0.001
4345,10.306,19.368,149.47,209.0708,0.0013,12,0.001,0.001,0.001,0.001,0.001,0.001,0.001,0.001,0.001,92,0.001,0.001,0.001,92,0.001,0.001,0.001,0.001,0.001
4346,15.09,29.084,217.69,413.3047,0.0009,12,0.001,0.001,0.001,0.001,0.001,98,0.001,0.001,0.001,0.001,0.001,0.001,0.001,0.001,86,0.001,0.001,0.001,0.001
4347,15.595,36.998,273.54,662.6441,0.001,12,0.001,0.001,0.001,0.001,0.001,0.001,0.001,72,0.001,59,53,0.001,0.001,0.001,0.001,0.001,0.001,0.001,0.001
4348,11.276,22.506,170.98,271.2278,0.0008,12,0.001,0.001,0.001,0.001,0.001,0.001,62,0.001,0.001,0.001,0.001,0.001,0.001,0.001,0.001,122,0.001,0.001,0.001
4349,10.721,26.184,195.73,409.2369,0.0015,11,0.001,0.001,0.001,0.001,0.001,0.001,0.001,0.001,0.001,0.001,0.001,0.001,0.001,0.001,116,67,0.001,0.001,0.001
4350,12.512,24.771,187.24,337.1814,0.0008,11,51,0.001,0.001,0.001,132,0.001,0.001,0.001,0.001,0.001,0.001,0.001,0.001,0.001,0.001,0.001,0.001,0.001,0.001
4351,13.622,29.355,218.81,475.2924,0.0018,11,0.001,0.001,0.001,0.001,0.001,0.001,53,0.001,0.001,0.001,0.001,0.001,67,63,0.001,0.001,0.001,0.001,0.001
4352,11.912,18.344,140.59,245.0227,0.0005,11,70,0.001,0.001,0.001,52,0.001,0.001,0.001,0.001,0.001,0.001,0.001,0.001,61,0.001,0.001,0.001,0.001,0.001
4353,13.043,35.411,261.6,690.3628,0.0016,11,0.001,0.001,0.001,0.001,0.001,51,68,0.001,0.001,64,0.001,0.001,0.001,0.001,0.001,0.001,0.001,0.001,0.001
4354,0.239,39.756,301.81,291.0842,0.0016,11,0.001,0.001,0.001,0.001,96,0.001,0.001,0.001,87,0.001,0.001,0.001,0.001,0.001,0.001,0.001,0.001,0.001,0.001
4355,2.546,25.257,203.97,116.9723,0.0004,11,0.001,0.001,0.001,0.001,96,0.001,0.001,0.001,87,0.001,0.001,0.001,0.001,0.001,0.001,0.001,0.001,0.001,0.001
4356,12.813,29.818,221.85,508.3299,0.0019,11,0.001,0.001,0.001,0.001,0.001,0.001,0.001,60,0.001,62,0.001,0.001,0.001,60,0.001,0.001,0.001,0.001,0.001
4357,16.052,13.146,100.6,259.932,0.0001,11,59,62,61,0.001,0.001,0.001,0.001,0.001,0.001,0.001,0.001,0.001,0.001,0.001,0.001,0.001,0.001,0.001,0.001
4358,12.426,35.182,260.36,675.4029,0.0043,11,0.001,0.001,0.001,0.001,67,0.001,0.001,0.001,0.001,0.001,0.001,0.001,0.001,0.001,115,0.001,0.001,0.001,0.001
4359,14.423,31.195,233.08,477.2776,0.0015,11,0.001,52,65,0.001,65,0.001,0.001,0.001,0.001,0.001,0.001,0.001,0.001,0.001,0.001,0.001,0.001,0.001,0.001
4360,11.752,27.983,208.87,447.253,0.0006,11,0.001,0.001,0.001,0.001,59,0.001,0.001,0.001,0.001,0.001,0.001,0.001,0.001,0.001,0.001,123,0.001,0.001,0.001
4361,12.814,25.733,194.28,325.1815,0.0004,11,0.001,0.001,0.001,0.001,0.001,0.001,0.001,0.001,0.001,0.001,91,0.001,91,0.001,0.001,0.001,0.001,0.001,0.001
4362,0.358,21.121,160.08,307.0812,0.0009,11,0.001,118,0.001,0.001,0.001,0.001,0.001,0.001,0.001,0.001,0.001,0.001,0.001,0.001,64,0.001,0.001,0.001,0.001
4363,9.259,18.466,140.75,278.9912,0.0004,11,54,69,58,0.001,0.001,0.001,0.001,0.001,0.001,0.001,0.001,0.001,0.001,0.001,0.001,0.001,0.001,0.001,0.001
4364,11.649,23.906,181.31,301.2143,0.0006,11,94,0.001,0.001,0.001,0.001,0.001,0.001,0.001,0.001,0.001,0.001,87,0.001,0.001,0.001,0.001,0.001,0.001,0.001
4365,14.702,36.607,269.91,722.4697,0.0026,11,0.001,0.001,0.001,0.001,0.001,0.001,0.001,57,0.001,63,0.001,0.001,0.001,0.001,0.001,61,0.001,0.001,0.001
4366,13.317,23.131,175.76,280.3733,0.0001,11,0.001,0.001,0.001,0.001,0.001,0.001,0.001,58,0.001,0.001,0.001,0.001,0.001,0.001,123,0.001,0.001,0.001,0.001
4367,6.517,25.519,191.67,369.2276,0.0005,11,0.001,92,0.001,0.001,0.001,0.001,0.001,0.001,0.001,0.001,0.001,0.001,0.001,0.001,0.001,89,0.001,0.001,0.001
4368,12.859,25.684,193.18,359.2529,0.0004,11,0.001,0.001,0.001,0.001,0.001,0.001,0.001,0.001,0.001,0.001,0.001,102,0.001,79,0.001,0.001,0.001,0.001,0.001
4369,12.028,22.656,172.44,278.1852,0.0007,11,0.001,0.001,74,0.001,0.001,0.001,0.001,0.001,0.001,0.001,107,0.001,0.001,0.001,0.001,0.001,0.001,0.001,0.001
4370,13.432,32.142,238.35,603.2649,0.0016,11,0.001,0.001,63,0.001,0.001,54,0.001,0.001,0.001,0.001,0.001,64,0.001,0.001,0.001,0.001,0.001,0.001,0.001
4371,13.355,30.353,226.29,465.3557,0.0001,11,0.001,0.001,52,0.001,0.001,0.001,0.001,0.001,0.001,0.001,0.001,0.001,0.001,0.001,0.001,129,0.001,0.001,0.001
4372,15.465,27.679,207.44,397.5571,0.0012,11,0.001,0.001,0.001,0.001,0.001,55,0.001,60,0.001,0.001,0.001,0.001,0.001,0.001,66,0.001,0.001,0.001,0.001
4373,13.388,31.753,234.91,646.1313,0.0033,11,0.001,0.001,0.001,0.001,0.001,0.001,63,0.001,0.001,0.001,0.001,0.001,118,0.001,0.001,0.001,0.001,0.001,0.001
4374,15.217,30.908,229.74,527.3747,0.001,11,0.001,0.001,0.001,0.001,0.001,0.001,0.001,0.001,0.001,116,0.001,0.001,0.001,64,0.001,0.001,0.001,0.001,0.001
4375,13.431,32.239,238.87,602.2691,0.0006,11,0.001,0.001,0.001,0.001,0.001,0.001,0.001,0.001,0.001,80,100,0.001,0.001,0.001,0.001,0.001,0.001,0.001,0.001
4376,14.646,30.371,226.08,523.3995,0.0008,11,0.001,0.001,0.001,0.001,68,0.001,0.001,0.001,0.001,0.001,0.001,0.001,112,0.001,0.001,0.001,0.001,0.001,0.001
4377,7.735,24.535,184.14,383.1651,0.0003,11,0.001,0.001,0.001,0.001,0.001,0.001,0.001,0.001,0.001,0.001,0.001,89,0.001,0.001,91,0.001,0.001,0.001,0.001
4378,15.269,39.443,290.74,774.7041,0.0029,11,0.001,0.001,0.001,0.001,0.001,106,0.001,0.001,0.001,0.001,0.001,0.001,0.001,0.001,74,0.001,0.001,0.001,0.001
4379,10.035,35.464,261.52,761.3223,0.0004,11,0.001,0.001,0.001,0.001,0.001,0.001,0.001,0.001,0.001,0.001,0.001,0.001,110,0.001,70,0.001,0.001,0.001,0.001
4380,7.486,24.749,186.25,367.1555,0.0017,11,0.001,0.001,69,0.001,0.001,0.001,111,0.001,0.001,0.001,0.001,0.001,0.001,0.001,0.001,0.001,0.001,0.001,0.001
4381,15.198,39.096,287.92,817.5403,0.0004,11,0.001,0.001,0.001,0.001,0.001,0.001,0.001,62,0.001,0.001,0.001,118,0.001,0.001,0.001,0.001,0.001,0.001,0.001
4382,13.45,33.484,247.94,644.2987,0.0035,11,0.001,59,0.001,0.001,0.001,0.001,0.001,0.001,56,0.001,64,0.001,0.001,0.001,0.001,0.001,0.001,0.001,0.001
4383,11.903,29.228,217.62,494.289,0.0018,11,0.001,0.001,0.001,0.001,0.001,0.001,0.001,0.001,0.001,76,0.001,103,0.001,0.001,0.001,0.001,0.001,0.001,0.001
4384,16.122,35.881,265.19,674.5158,0.0001,11,0.001,0.001,0.001,0.001,0.001,0.001,0.001,107,72,0.001,0.001,0.001,0.001,0.001,0.001,0.001,0.001,0.001,0.001
4385,16.105,15.334,115.69,337.901,0.0007,11,0.001,0.001,0.001,0.001,0.001,106,0.001,0.001,0.001,0.001,0.001,0.001,0.001,73,0.001,0.001,0.001,0.001,0.001
4386,0.764,21.309,171.9,116.9724,0.0004,11,0.001,0.001,0.001,0.001,0.001,0.001,0.001,0.001,0.001,92,0.001,0.001,0.001,87,0.001,0.001,0.001,0.001,0.001
4387,7.82,18.913,144.26,260.043,0.0001,11,0.001,0.001,0.001,0.001,0.001,83,0.001,0.001,96,0.001,0.001,0.001,0.001,0.001,0.001,0.001,0.001,0.001,0.001
4388,7.484,30.232,224.74,525.1479,0.0009,11,0.001,0.001,0.001,0.001,0.001,0.001,0.001,112,0.001,0.001,0.001,67,0.001,0.001,0.001,0.001,0.001,0.001,0.001
4389,15.027,39.069,287.65,830.5211,0.0009,11,0.001,0.001,0.001,0.001,0.001,55,0.001,52,0.001,71,0.001,0.001,0.001,0.001,0.001,0.001,0.001,0.001,0.001
4390,10.726,25.615,193.25,331.2257,0.0013,11,0.001,0.001,0.001,0.001,0.001,0.001,0.001,0.001,0.001,93,0.001,0.001,0.001,85,0.001,0.001,0.001,0.001,0.001
4391,7.478,29.321,220.33,367.1545,0.0018,11,0.001,0.001,0.001,0.001,0.001,0.001,0.001,0.001,0.001,0.001,0.001,0.001,0.001,92,86,0.001,0.001,0.001,0.001
4392,14.174,32.152,236.35,930.939,0.0009,11,0.001,0.001,0.001,0.001,0.001,0.001,80,0.001,0.001,0.001,0.001,0.001,98,0.001,0.001,0.001,0.001,0.001,0.001
4393,0.337,21.462,161.73,344.0285,0.0003,11,0.001,0.001,0.001,0.001,0.001,0.001,0.001,0.001,0.001,0.001,0.001,96,82,0.001,0.001,0.001,0.001,0.001,0.001
4394,16.024,36.011,266.18,670.4416,0.0002,11,0.001,0.001,0.001,0.001,0.001,0.001,0.001,0.001,0.001,0.001,111,0.001,0.001,0.001,67,0.001,0.001,0.001,0.001
4395,13.503,37.564,277.01,758.3441,0.003,11,0.001,0.001,0.001,0.001,0.001,0.001,61,60,0.001,0.001,0.001,0.001,0.001,0.001,56,0.001,0.001,0.001,0.001
4396,15.197,29.723,221.28,467.4095,0.0038,11,0.001,0.001,0.001,0.001,0.001,0.001,0.001,0.001,0.001,0.001,69,0.001,0.001,0.001,0.001,108,0.001,0.001,0.001
4397,14.455,39.687,292.27,818.5837,0.0006,11,0.001,0.001,0.001,0.001,0.001,0.001,102,0.001,75,0.001,0.001,0.001,0.001,0.001,0.001,0.001,0.001,0.001,0.001
4398,14.198,26.283,197.78,367.3211,0.0008,11,0.001,0.001,0.001,0.001,82,0.001,0.001,0.001,95,0.001,0.001,0.001,0.001,0.001,0.001,0.001,0.001,0.001,0.001
4399,13.638,18.291,139.94,245.0225,0.0006,11,0.001,0.001,0.001,0.001,0.001,0.001,0.001,0.001,0.001,0.001,55,54,0.001,68,0.001,0.001,0.001,0.001,0.001
4400,15.287,26.577,199.4,367.3195,0.0009,11,0.001,0.001,0.001,0.001,0.001,0.001,0.001,0.001,0.001,0.001,0.001,0.001,0.001,0.001,69,108,0.001,0.001,0.001
4401,12.547,24.418,184.36,325.3757,0.0002,11,0.001,0.001,0.001,0.001,0.001,0.001,0.001,112,0.001,65,0.001,0.001,0.001,0.001,0.001,0.001,0.001,0.001,0.001
4402,15.493,29.988,223.57,471.4066,0.0001,11,0.001,0.001,0.001,0.001,0.001,106,0.001,0.001,0.001,71,0.001,0.001,0.001,0.001,0.001,0.001,0.001,0.001,0.001
4403,9.545,30.502,226.16,584.2172,0.0033,11,0.001,0.001,0.001,0.001,0.001,0.001,0.001,66,0.001,0.001,0.001,0.001,61,0.001,50,0.001,0.001,0.001,0.001
4404,14.345,35.652,263.57,665.5529,0.0011,11,0.001,0.001,0.001,0.001,0.001,0.001,0.001,66,0.001,53,0.001,58,0.001,0.001,0.001,0.001,0.001,0.001,0.001
4405,3.393,28.783,213.93,529.2449,0.0007,11,0.001,0.001,0.001,0.001,0.001,0.001,54,0.001,0.001,55,67,0.001,0.001,0.001,0.001,0.001,0.001,0.001,0.001
4406,14.559,30.628,227.2,535.2381,0.0036,11,0.001,0.001,0.001,0.001,0.001,0.001,0.001,0.001,0.001,0.001,0.001,0.001,82,0.001,0.001,94,0.001,0.001,0.001
4407,16.457,27.078,203.46,383.3521,0.0012,11,0.001,0.001,83,0.001,0.001,0.001,0.001,0.001,0.001,93,0.001,0.001,0.001,0.001,0.001,0.001,0.001,0.001,0.001
4408,11.584,15.965,122.44,234.9799,0.0008,11,0.001,0.001,0.001,0.001,0.001,68,0.001,0.001,0.001,0.001,0.001,0.001,108,0.001,0.001,0.001,0.001,0.001,0.001
4409,2.78,28.298,210.35,527.2107,0.0032,11,0.001,0.001,0.001,0.001,0.001,0.001,66,0.001,0.001,0.001,0.001,0.001,0.001,0.001,110,0.001,0.001,0.001,0.001
4410,12.826,28.899,217.4,369.3012,0.0001,11,98,0.001,0.001,0.001,0.001,77,0.001,0.001,0.001,0.001,0.001,0.001,0.001,0.001,0.001,0.001,0.001,0.001,0.001
4411,15.556,32.204,241.22,383.3519,0.0018,11,0.001,0.001,0.001,0.001,0.001,0.001,0.001,0.001,0.001,0.001,0.001,0.001,93,0.001,0.001,82,0.001,0.001,0.001
4412,3.088,27.285,203.53,485.2199,0.0018,11,100,0.001,0.001,0.001,0.001,0.001,0.001,0.001,75,0.001,0.001,0.001,0.001,0.001,0.001,0.001,0.001,0.001,0.001
4413,13.38,30.731,227.55,620.1334,0.002,11,0.001,0.001,0.001,0.001,0.001,0.001,0.001,0.001,0.001,0.001,0.001,0.001,105,0.001,70,0.001,0.001,0.001,0.001
4414,11.18,34.235,253.24,648.1661,0.0003,11,0.001,0.001,0.001,0.001,0.001,0.001,0.001,0.001,0.001,0.001,0.001,87,88,0.001,0.001,0.001,0.001,0.001,0.001
4415,13.187,24.786,187.09,327.635,0.0016,11,0.001,0.001,0.001,0.001,0.001,0.001,60,50,65,0.001,0.001,0.001,0.001,0.001,0.001,0.001,0.001,0.001,0.001
4416,12.189,22.839,173.53,288.9992,0.0008,11,0.001,0.001,104,0.001,0.001,0.001,0.001,0.001,0.001,0.001,0.001,0.001,71,0.001,0.001,0.001,0.001,0.001,0.001
4417,0.376,32.261,248.41,215.0301,0.0001,11,0.001,0.001,0.001,0.001,0.001,0.001,0.001,0.001,89,0.001,86,0.001,0.001,0.001,0.001,0.001,0.001,0.001,0.001
4418,13.787,29.292,217.91,511.2866,0.0029,11,0.001,0.001,0.001,0.001,0.001,64,0.001,0.001,0.001,111,0.001,0.001,0.001,0.001,0.001,0.001,0.001,0.001,0.001
4419,0.465,25.231,191.57,293.0501,0.0006,11,0.001,0.001,0.001,0.001,71,0.001,0.001,0.001,0.001,0.001,0.001,0.001,0.001,0.001,104,0.001,0.001,0.001,0.001
4420,14.988,28.772,214.85,446.3288,0.0007,11,0.001,0.001,0.001,0.001,0.001,0.001,0.001,0.001,0.001,0.001,0.001,0.001,0.001,66,109,0.001,0.001,0.001,0.001
4421,13.75,29.323,218.78,480.446,0.0004,11,77,0.001,0.001,0.001,0.001,0.001,0.001,0.001,0.001,97,0.001,0.001,0.001,0.001,0.001,0.001,0.001,0.001,0.001
4422,4.534,27.305,203.47,481.2052,0.0011,11,0.001,0.001,0.001,0.001,0.001,84,0.001,0.001,0.001,0.001,0.001,90,0.001,0.001,0.001,0.001,0.001,0.001,0.001
4423,12.939,25.718,192.7,381.2026,0.0021,11,0.001,0.001,0.001,0.001,0.001,0.001,0.001,0.001,0.001,0.001,0.001,0.001,93,0.001,0.001,81,0.001,0.001,0.001
4424,12.422,32.511,241.2,568.1725,0.0001,11,0.001,0.001,0.001,0.001,0.001,0.001,0.001,0.001,0.001,0.001,0.001,99,75,0.001,0.001,0.001,0.001,0.001,0.001
4425,15.398,29.085,217.79,407.2948,0.0011,11,0.001,0.001,0.001,0.001,0.001,0.001,0.001,0.001,0.001,0.001,0.001,95,78,0.001,0.001,0.001,0.001,0.001,0.001
4426,14.555,33.745,250.3,573.4501,0.0013,11,0.001,0.001,0.001,0.001,0.001,0.001,0.001,0.001,0.001,0.001,84,89,0.001,0.001,0.001,0.001,0.001,0.001,0.001
4427,15.23,29.332,218.77,479.3062,0.003,11,0.001,64,0.001,0.001,0.001,0.001,54,0.001,0.001,0.001,0.001,55,0.001,0.001,0.001,0.001,0.001,0.001,0.001
4428,2.991,22.054,177.91,116.9724,0,11,0.001,0.001,0.001,0.001,0.001,105,0.001,0.001,0.001,0.001,68,0.001,0.001,0.001,0.001,0.001,0.001,0.001,0.001
4429,14.123,33.985,251.19,721.1488,0.001,11,0.001,0.001,100,0.001,0.001,0.001,0.001,0.001,0.001,0.001,0.001,0.001,0.001,0.001,72,0.001,0.001,0.001,0.001
4430,15.765,25.688,191.43,453.065,0.0038,11,0.001,0.001,0.001,0.001,0.001,0.001,0.001,0.001,0.001,0.001,0.001,0.001,110,0.001,0.001,62,0.001,0.001,0.001
4431,1.21,26.92,217.1,116.9731,0.0006,11,0.001,0.001,0.001,0.001,0.001,84,0.001,0.001,0.001,0.001,0.001,0.001,88,0.001,0.001,0.001,0.001,0.001,0.001
4432,8.727,24.003,180.88,327.2159,0.0009,11,0.001,0.001,0.001,0.001,0.001,0.001,0.001,0.001,0.001,0.001,0.001,0.001,0.001,0.001,84,88,0.001,0.001,0.001
4433,13.898,30.673,228.91,475.5848,0.0042,11,0.001,0.001,0.001,0.001,122,0.001,50,0.001,0.001,0.001,0.001,0.001,0.001,0.001,0.001,0.001,0.001,0.001,0.001
4434,10.81,26.621,199.89,391.1782,0.0001,11,72,0.001,0.001,0.001,0.001,0.001,0.001,0.001,0.001,0.001,0.001,0.001,0.001,0.001,100,0.001,0.001,0.001,0.001
4435,11.467,27.632,206.42,435.2344,0.0023,11,0.001,0.001,0.001,0.001,84,0.001,0.001,0.001,0.001,0.001,0.001,0.001,0.001,0.001,0.001,88,0.001,0.001,0.001
4436,14.127,29.195,218.46,434.3321,0.0028,11,0.001,0.001,0.001,0.001,55,0.001,0.001,0.001,0.001,0.001,0.001,0.001,0.001,0.001,117,0.001,0.001,0.001,0.001
4437,14.902,26.08,196.23,355.5797,0.0025,11,0.001,0.001,0.001,0.001,0.001,0.001,55,0.001,0.001,0.001,0.001,0.001,116,0.001,0.001,0.001,0.001,0.001,0.001
4438,15.38,26.419,196.34,499.0809,0.0012,11,0.001,0.001,0.001,0.001,0.001,0.001,0.001,0.001,0.001,0.001,0.001,0.001,0.001,0.001,94,77,0.001,0.001,0.001
4439,16.34,35.344,261.18,680.4749,0.0002,11,0.001,0.001,0.001,0.001,0.001,0.001,0.001,0.001,79,92,0.001,0.001,0.001,0.001,0.001,0.001,0.001,0.001,0.001
4440,14.158,31.319,232.37,568.3667,0.0036,11,0.001,0.001,0.001,0.001,0.001,0.001,57,0.001,0.001,0.001,0.001,0.001,0.001,0.001,114,0.001,0.001,0.001,0.001
4441,10.078,30.622,226.65,587.2728,0.0031,11,0.001,0.001,0.001,0.001,0.001,0.001,0.001,86,0.001,0.001,0.001,0.001,0.001,0.001,0.001,85,0.001,0.001,0.001
4442,1.086,21.432,172.89,116.9723,0.0004,11,0.001,0.001,0.001,0.001,0.001,0.001,0.001,0.001,0.001,0.001,0.001,55,0.001,116,0.001,0.001,0.001,0.001,0.001
4443,11.93,21.609,162.78,359.0313,0.0007,11,0.001,0.001,94,0.001,0.001,0.001,0.001,0.001,0.001,0.001,0.001,0.001,0.001,0.001,77,0.001,0.001,0.001,0.001
4444,13.435,26.52,198.2,454.1993,0.0029,11,0.001,0.001,0.001,0.001,100,0.001,0.001,70,0.001,0.001,0.001,0.001,0.001,0.001,0.001,0.001,0.001,0.001,0.001
4445,9.364,28.679,213.23,522.1844,0.0001,11,0.001,0.001,0.001,0.001,0.001,0.001,0.001,88,0.001,0.001,0.001,0.001,0.001,82,0.001,0.001,0.001,0.001,0.001
4446,13.236,30.24,225.47,463.3409,0.0008,11,0.001,0.001,81,0.001,0.001,0.001,0.001,0.001,0.001,0.001,0.001,0.001,0.001,0.001,0.001,89,0.001,0.001,0.001
4447,15.492,37.058,273.7,644.3585,0.003,11,0.001,0.001,0.001,0.001,0.001,0.001,0.001,0.001,0.001,0.001,55,0.001,0.001,0.001,0.001,115,0.001,0.001,0.001
4448,14.137,25.8,194,375.2292,0.0013,11,58,0.001,0.001,0.001,0.001,0.001,0.001,0.001,0.001,0.001,0.001,112,0.001,0.001,0.001,0.001,0.001,0.001,0.001
4449,6.184,27.591,205.83,462.1905,0,11,0.001,0.001,0.001,0.001,0.001,68,0.001,101,0.001,0.001,0.001,0.001,0.001,0.001,0.001,0.001,0.001,0.001,0.001
4450,12.396,24.124,182.99,291.3049,0.0007,11,0.001,0.001,0.001,0.001,0.001,0.001,0.001,56,60,0.001,53,0.001,0.001,0.001,0.001,0.001,0.001,0.001,0.001
4451,13.611,31.083,231.61,503.2565,0.0014,11,78,0.001,0.001,0.001,0.001,0.001,0.001,0.001,0.001,0.001,0.001,91,0.001,0.001,0.001,0.001,0.001,0.001,0.001
4452,16.066,27.036,202.68,405.2829,0.0002,11,0.001,0.001,55,0.001,0.001,0.001,0.001,0.001,0.001,0.001,0.001,55,0.001,0.001,59,0.001,0.001,0.001,0.001
4453,13.783,25.48,191.79,365.2357,0.0002,11,0.001,112,0.001,0.001,0.001,0.001,0.001,0.001,0.001,0.001,0.001,0.001,0.001,0.001,57,0.001,0.001,0.001,0.001
4454,9.94,19.462,145.92,430.9711,0.001,11,69,99,0.001,0.001,0.001,0.001,0.001,0.001,0.001,0.001,0.001,0.001,0.001,0.001,0.001,0.001,0.001,0.001,0.001
4455,12.829,26.421,389.98,370.0552,0.0007,11,0.001,0.001,0.001,0.001,0.001,0.001,86,0.001,0.001,0.001,82,0.001,0.001,0.001,0.001,0.001,0.001,0.001,0.001
4456,11.798,26.379,197.69,379.242,0.0007,11,0.001,0.001,0.001,0.001,0.001,59,0.001,0.001,0.001,0.001,0.001,0.001,0.001,0.001,0.001,109,0.001,0.001,0.001
4457,13.43,29.087,216.24,525.2348,0.0026,11,0.001,0.001,0.001,0.001,0.001,0.001,90,0.001,78,0.001,0.001,0.001,0.001,0.001,0.001,0.001,0.001,0.001,0.001
4458,11.41,36.132,266.8,706.1709,0.0008,10,0.001,0.001,0.001,0.001,0.001,0.001,0.001,66,0.001,0.001,0.001,0.001,0.001,0.001,101,0.001,0.001,0.001,0.001
4459,11.193,34.826,257.39,676.1603,0.0014,10,0.001,0.001,0.001,0.001,0.001,51,0.001,59,0.001,0.001,0.001,0.001,0.001,57,0.001,0.001,0.001,0.001,0.001
4460,14.635,26.926,202.03,384.6214,0.0033,10,0.001,0.001,0.001,0.001,0.001,0.001,53,0.001,56,58,0.001,0.001,0.001,0.001,0.001,0.001,0.001,0.001,0.001
4461,11.506,18.948,145.67,229.0001,0.001,10,0.001,0.001,117,0.001,0.001,50,0.001,0.001,0.001,0.001,0.001,0.001,0.001,0.001,0.001,0.001,0.001,0.001,0.001
4462,15.105,30.873,229.11,526.3562,0.0011,10,0.001,0.001,0.001,0.001,0.001,0.001,0.001,0.001,0.001,0.001,75,0.001,0.001,0.001,0.001,92,0.001,0.001,0.001
4463,13.322,23.1,175.56,279.4797,0.002,10,0.001,0.001,0.001,0.001,0.001,0.001,0.001,0.001,0.001,53,0.001,0.001,114,0.001,0.001,0.001,0.001,0.001,0.001
4464,16.096,33.405,247.69,581.516,0,10,0.001,0.001,0.001,0.001,0.001,0.001,0.001,0.001,0.001,56,0.001,0.001,111,0.001,0.001,0.001,0.001,0.001,0.001
4465,12.192,30.104,223.05,641.0905,0.0004,10,0.001,0.001,83,0.001,0.001,0.001,0.001,0.001,0.001,0.001,0.001,0.001,83,0.001,0.001,0.001,0.001,0.001,0.001
4466,12.119,39.229,296.59,311.1823,0.0004,10,0.001,0.001,0.001,0.001,0.001,0.001,0.001,51,0.001,0.001,0.001,0.001,115,0.001,0.001,0.001,0.001,0.001,0.001
4467,15.939,26.663,200.37,367.6472,0.0003,10,0.001,0.001,0.001,0.001,0.001,0.001,0.001,69,0.001,0.001,97,0.001,0.001,0.001,0.001,0.001,0.001,0.001,0.001
4468,11.657,21.606,162.76,359.0329,0.0008,10,0.001,0.001,85,0.001,0.001,0.001,0.001,0.001,0.001,0.001,0.001,0.001,0.001,81,0.001,0.001,0.001,0.001,0.001
4469,14.922,38.175,281.32,788.5082,0.0001,10,0.001,0.001,0.001,0.001,0.001,95,0.001,70,0.001,0.001,0.001,0.001,0.001,0.001,0.001,0.001,0.001,0.001,0.001
4470,4.36,31.902,252.97,141.017,0.0023,10,0.001,0.001,0.001,0.001,0.001,0.001,0.001,50,0.001,0.001,0.001,115,0.001,0.001,0.001,0.001,0.001,0.001,0.001
4471,15.672,33.899,250.87,634.4444,0.0015,10,0.001,0.001,0.001,0.001,0.001,0.001,0.001,0.001,0.001,0.001,0.001,98,0.001,0.001,67,0.001,0.001,0.001,0.001
4472,12.977,26.825,201.09,411.2022,0.0008,10,83,0.001,0.001,0.001,0.001,0.001,0.001,0.001,0.001,0.001,0.001,0.001,82,0.001,0.001,0.001,0.001,0.001,0.001
4473,8.846,20.541,153.99,414.9301,0,10,0.001,0.001,0.001,0.001,112,0.001,0.001,0.001,0.001,0.001,0.001,0.001,0.001,53,0.001,0.001,0.001,0.001,0.001
4474,16.023,36.8,271.51,738.5093,0.0006,10,0.001,0.001,0.001,0.001,0.001,90,0.001,0.001,0.001,75,0.001,0.001,0.001,0.001,0.001,0.001,0.001,0.001,0.001
4475,6.912,26.297,209.1,141.0159,0.0011,10,0.001,0.001,72,0.001,93,0.001,0.001,0.001,0.001,0.001,0.001,0.001,0.001,0.001,0.001,0.001,0.001,0.001,0.001
4476,3.178,23.644,187.78,141.017,0.0018,10,0.001,0.001,0.001,0.001,83,0.001,0.001,0.001,0.001,82,0.001,0.001,0.001,0.001,0.001,0.001,0.001,0.001,0.001
4477,13.603,35.922,265,744.3123,0.0034,10,0.001,0.001,0.001,0.001,0.001,62,0.001,0.001,0.001,0.001,0.001,102,0.001,0.001,0.001,0.001,0.001,0.001,0.001
4478,4.97,25.188,188.93,389.1815,0.0007,10,0.001,0.001,0.001,0.001,0.001,0.001,0.001,0.001,0.001,0.001,0.001,78,0.001,86,0.001,0.001,0.001,0.001,0.001
4479,12.588,25.583,193.14,325.507,0.0008,10,0.001,0.001,0.001,0.001,0.001,0.001,0.001,0.001,0.001,0.001,69,95,0.001,0.001,0.001,0.001,0.001,0.001,0.001
4480,12.432,24.219,179.6,623.6687,0.0044,10,0.001,0.001,0.001,0.001,67,0.001,0.001,0.001,0.001,97,0.001,0.001,0.001,0.001,0.001,0.001,0.001,0.001,0.001
4481,4.484,20.843,168.15,116.9718,0.0003,10,0.001,0.001,0.001,0.001,0.001,85,0.001,0.001,0.001,0.001,0.001,0.001,0.001,79,0.001,0.001,0.001,0.001,0.001
4482,6.479,31.593,234.3,612.2897,0.0005,10,0.001,0.001,82,0.001,0.001,0.001,0.001,0.001,0.001,0.001,82,0.001,0.001,0.001,0.001,0.001,0.001,0.001,0.001
4483,6.765,27.787,207.94,411.1837,0.0007,10,82,0.001,0.001,0.001,0.001,0.001,0.001,0.001,0.001,0.001,0.001,0.001,0.001,0.001,0.001,82,0.001,0.001,0.001
4484,3.967,21.381,172.71,116.9722,0.0007,10,89,0.001,0.001,0.001,0.001,0.001,0.001,0.001,0.001,0.001,0.001,0.001,0.001,74,0.001,0.001,0.001,0.001,0.001
4485,14.113,34.24,252.65,737.1606,0.0001,10,0.001,0.001,0.001,0.001,0.001,0.001,0.001,0.001,0.001,84,0.001,0.001,0.001,79,0.001,0.001,0.001,0.001,0.001
4486,15.015,32.162,240.23,460.3276,0.0021,10,0.001,0.001,0.001,0.001,104,0.001,0.001,0.001,0.001,0.001,0.001,0.001,0.001,59,0.001,0.001,0.001,0.001,0.001
4487,14.905,30.754,228.59,527.3539,0.0023,10,0.001,0.001,0.001,0.001,0.001,53,57,0.001,0.001,0.001,0.001,0.001,0.001,53,0.001,0.001,0.001,0.001,0.001
4488,10.013,26.208,194.09,675.04,0.0005,10,57,0.001,53,0.001,0.001,0.001,0.001,0.001,0.001,0.001,0.001,0.001,52,0.001,0.001,0.001,0.001,0.001,0.001
4489,15.128,13.131,100.49,259.9326,0.0008,10,53,59,50,0.001,0.001,0.001,0.001,0.001,0.001,0.001,0.001,0.001,0.001,0.001,0.001,0.001,0.001,0.001,0.001
4490,16.336,37.576,278.14,625.4841,0.0008,10,0.001,0.001,0.001,0.001,0.001,0.001,71,91,0.001,0.001,0.001,0.001,0.001,0.001,0.001,0.001,0.001,0.001,0.001
4491,15.859,24.642,185.63,345.2262,0.0004,10,0.001,0.001,0.001,0.001,0.001,0.001,0.001,0.001,0.001,0.001,0.001,99,0.001,0.001,63,0.001,0.001,0.001,0.001
4492,14.126,30.768,228.94,475.5936,0.002,10,0.001,0.001,0.001,0.001,0.001,0.001,0.001,0.001,0.001,0.001,0.001,0.001,0.001,0.001,50,112,0.001,0.001,0.001
4493,13.206,28.849,215.81,421.3317,0.0005,10,0.001,0.001,0.001,0.001,0.001,0.001,0.001,0.001,0.001,96,0.001,0.001,66,0.001,0.001,0.001,0.001,0.001,0.001
4494,14.213,30.563,227.45,473.2793,0.0002,10,0.001,0.001,0.001,0.001,0.001,0.001,0.001,0.001,0.001,0.001,0.001,0.001,0.001,64,0.001,98,0.001,0.001,0.001
4495,12.785,25.612,193.03,325.392,0.0021,10,0.001,0.001,0.001,0.001,0.001,0.001,0.001,0.001,0.001,0.001,111,0.001,0.001,0.001,0.001,51,0.001,0.001,0.001
4496,13.786,13.056,100,249.0871,0.0001,10,111,0.001,0.001,0.001,0.001,0.001,0.001,0.001,0.001,0.001,0.001,51,0.001,0.001,0.001,0.001,0.001,0.001,0.001
4497,2.871,30.008,238.27,141.0162,0.0017,10,96,0.001,0.001,0.001,0.001,66,0.001,0.001,0.001,0.001,0.001,0.001,0.001,0.001,0.001,0.001,0.001,0.001,0.001
4498,15.409,31.366,232.98,541.3832,0.0003,10,0.001,0.001,0.001,0.001,0.001,0.001,0.001,0.001,0.001,67,0.001,95,0.001,0.001,0.001,0.001,0.001,0.001,0.001
4499,15.693,33.542,248.41,613.4573,0.0014,10,0.001,0.001,0.001,0.001,0.001,0.001,0.001,0.001,0.001,0.001,0.001,65,97,0.001,0.001,0.001,0.001,0.001,0.001
4500,9.989,31.737,234.67,613.3576,0.0003,10,0.001,0.001,0.001,0.001,0.001,0.001,0.001,0.001,0.001,0.001,0.001,0.001,0.001,0.001,103,58,0.001,0.001,0.001
4501,13.453,19.248,148.04,227.0037,0.0002,10,0.001,0.001,0.001,0.001,72,89,0.001,0.001,0.001,0.001,0.001,0.001,0.001,0.001,0.001,0.001,0.001,0.001,0.001
4502,14.115,30.546,226.32,604.1376,0.0009,10,0.001,0.001,0.001,0.001,0.001,0.001,0.001,0.001,0.001,0.001,0.001,0.001,0.001,83,78,0.001,0.001,0.001,0.001
4503,9.981,25.435,188.72,643.034,0.0009,10,50,56,55,0.001,0.001,0.001,0.001,0.001,0.001,0.001,0.001,0.001,0.001,0.001,0.001,0.001,0.001,0.001,0.001
4504,12.085,22.863,173.65,283.2073,0.0005,10,0.001,0.001,0.001,0.001,0.001,0.001,0.001,76,0.001,85,0.001,0.001,0.001,0.001,0.001,0.001,0.001,0.001,0.001
4505,15.514,38.06,280.45,791.5392,0.005,10,0.001,0.001,0.001,0.001,0.001,67,0.001,0.001,94,0.001,0.001,0.001,0.001,0.001,0.001,0.001,0.001,0.001,0.001
4506,12.42,31.883,236.69,554.1421,0.0011,10,0.001,0.001,0.001,0.001,0.001,0.001,0.001,0.001,0.001,0.001,0.001,99,0.001,0.001,62,0.001,0.001,0.001,0.001
4507,14.337,32.519,241.1,545.4182,0.0026,10,0.001,0.001,0.001,0.001,0.001,0.001,0.001,0.001,0.001,86,0.001,0.001,0.001,0.001,0.001,75,0.001,0.001,0.001
4508,14.006,31.44,233.01,595.3643,0.0007,10,0.001,0.001,0.001,0.001,0.001,0.001,0.001,0.001,0.001,0.001,0.001,0.001,101,59,0.001,0.001,0.001,0.001,0.001
4509,11.834,21.505,162,359.0339,0.0005,10,0.001,0.001,86,0.001,0.001,0.001,0.001,0.001,0.001,0.001,0.001,74,0.001,0.001,0.001,0.001,0.001,0.001,0.001
4510,15.275,37.07,274.17,651.422,0.002,10,0.001,0.001,0.001,0.001,0.001,0.001,0.001,0.001,0.001,0.001,0.001,50,0.001,0.001,110,0.001,0.001,0.001,0.001
4511,9.932,20.668,154.63,462.9767,0.0018,10,76,84,0.001,0.001,0.001,0.001,0.001,0.001,0.001,0.001,0.001,0.001,0.001,0.001,0.001,0.001,0.001,0.001,0.001
4512,15.207,39.043,287.4,841.5078,0.0002,10,0.001,0.001,0.001,0.001,0.001,108,0.001,0.001,52,0.001,0.001,0.001,0.001,0.001,0.001,0.001,0.001,0.001,0.001
4513,3.764,28.69,213.19,501.2697,0.0006,10,0.001,0.001,0.001,0.001,0.001,0.001,0.001,0.001,0.001,0.001,0.001,68,0.001,0.001,0.001,91,0.001,0.001,0.001
4514,15.104,25.982,196.04,353.3403,0.0004,10,65,0.001,94,0.001,0.001,0.001,0.001,0.001,0.001,0.001,0.001,0.001,0.001,0.001,0.001,0.001,0.001,0.001,0.001
4515,8.615,32.459,240.57,593.1299,0.0006,10,0.001,0.001,0.001,0.001,0.001,0.001,0.001,0.001,0.001,0.001,0.001,0.001,96,63,0.001,0.001,0.001,0.001,0.001
4516,14.533,32.348,239.77,591.3643,0.0003,10,0.001,0.001,0.001,0.001,0.001,80,0.001,79,0.001,0.001,0.001,0.001,0.001,0.001,0.001,0.001,0.001,0.001,0.001
4517,14.697,30.583,228.71,462.3647,0.0035,10,80,79,0.001,0.001,0.001,0.001,0.001,0.001,0.001,0.001,0.001,0.001,0.001,0.001,0.001,0.001,0.001,0.001,0.001
4518,9.83,28.328,210.39,511.2373,0.0019,10,0.001,0.001,0.001,0.001,0.001,0.001,0.001,77,0.001,0.001,0.001,0.001,0.001,0.001,0.001,82,0.001,0.001,0.001
4519,11.675,27.872,208.24,433.2368,0.001,10,0.001,0.001,0.001,0.001,63,0.001,0.001,0.001,0.001,0.001,0.001,0.001,0.001,0.001,0.001,96,0.001,0.001,0.001
4520,2.942,21.752,164.78,301.1054,0.0001,10,0.001,0.001,0.001,0.001,0.001,81,0.001,0.001,0.001,0.001,0.001,0.001,0.001,0.001,77,0.001,0.001,0.001,0.001
4521,4.322,30.299,225.07,570.316,0.0016,10,57,0.001,0.001,0.001,0.001,0.001,0.001,0.001,0.001,0.001,0.001,0.001,101,0.001,0.001,0.001,0.001,0.001,0.001
4522,0.473,27.057,210.28,192.9885,0.0002,10,0.001,0.001,87,0.001,71,0.001,0.001,0.001,0.001,0.001,0.001,0.001,0.001,0.001,0.001,0.001,0.001,0.001,0.001
4523,13.619,22.171,169.64,255.7764,0.0031,10,85,0.001,0.001,0.001,73,0.001,0.001,0.001,0.001,0.001,0.001,0.001,0.001,0.001,0.001,0.001,0.001,0.001,0.001
4524,12.416,23.643,178.8,300.2614,0.0007,10,0.001,0.001,0.001,0.001,0.001,0.001,0.001,0.001,89,0.001,0.001,0.001,0.001,0.001,0.001,69,0.001,0.001,0.001
4525,3.156,23.293,187.89,116.9724,0.0001,10,0.001,0.001,0.001,0.001,0.001,0.001,0.001,80,0.001,78,0.001,0.001,0.001,0.001,0.001,0.001,0.001,0.001,0.001
4526,11.462,27.721,207.1,434.2349,0.0004,10,0.001,0.001,0.001,0.001,63,0.001,0.001,0.001,0.001,0.001,0.001,0.001,0.001,0.001,0.001,95,0.001,0.001,0.001
4527,13.201,35.97,265.82,677.5662,0.0045,10,0.001,0.001,0.001,0.001,0.001,0.001,0.001,0.001,0.001,0.001,0.001,70,0.001,88,0.001,0.001,0.001,0.001,0.001
4528,2.531,17.264,135.22,167.0363,0.0015,10,0.001,0.001,0.001,0.001,0.001,0.001,0.001,0.001,0.001,85,0.001,72,0.001,0.001,0.001,0.001,0.001,0.001,0.001
4529,14.221,27.867,208.47,439.3018,0.0021,10,0.001,0.001,0.001,0.001,65,92,0.001,0.001,0.001,0.001,0.001,0.001,0.001,0.001,0.001,0.001,0.001,0.001,0.001
4530,6.628,32.814,242.68,655.3338,0.001,10,0.001,0.001,0.001,0.001,0.001,0.001,0.001,90,0.001,0.001,0.001,67,0.001,0.001,0.001,0.001,0.001,0.001,0.001
4531,6.814,36.02,265.37,733.3983,0.0005,10,0.001,0.001,0.001,0.001,0.001,0.001,0.001,0.001,0.001,0.001,0.001,54,0.001,0.001,0.001,102,0.001,0.001,0.001
4532,13.286,22.241,165.82,524.9662,0.0001,10,72,84,0.001,0.001,0.001,0.001,0.001,0.001,0.001,0.001,0.001,0.001,0.001,0.001,0.001,0.001,0.001,0.001,0.001
4533,10.533,23.131,176.08,277.2153,0.0008,10,0.001,0.001,0.001,0.001,52,104,0.001,0.001,0.001,0.001,0.001,0.001,0.001,0.001,0.001,0.001,0.001,0.001,0.001
4534,4.884,33.028,244.24,659.3659,0.0012,10,0.001,0.001,0.001,0.001,0.001,0.001,0.001,0.001,0.001,0.001,0.001,0.001,97,0.001,59,0.001,0.001,0.001,0.001
4535,12.877,22.07,165.89,350.0503,0.001,10,0.001,0.001,0.001,0.001,0.001,0.001,0.001,0.001,0.001,0.001,0.001,0.001,55,0.001,0.001,101,0.001,0.001,0.001
4536,11.166,22.097,165.82,401.0452,0.0002,10,0.001,0.001,90,0.001,0.001,0.001,0.001,0.001,0.001,0.001,0.001,0.001,66,0.001,0.001,0.001,0.001,0.001,0.001
4537,15.474,22.263,165.51,530.9633,0.0006,10,0.001,0.001,0.001,0.001,0.001,0.001,0.001,0.001,0.001,0.001,0.001,0.001,0.001,71,84,0.001,0.001,0.001,0.001
4538,16.096,38.63,284.54,809.5188,0.0034,10,0.001,0.001,0.001,0.001,0.001,0.001,0.001,0.001,0.001,65,0.001,0.001,0.001,0.001,90,0.001,0.001,0.001,0.001
4539,14.941,30.28,224.25,655.1039,0.0002,10,0.001,0.001,84,0.001,0.001,0.001,0.001,0.001,0.001,71,0.001,0.001,0.001,0.001,0.001,0.001,0.001,0.001,0.001
4540,12.402,25.429,191.36,367.2153,0.0001,10,85,0.001,0.001,0.001,0.001,0.001,0.001,0.001,0.001,0.001,0.001,0.001,0.001,70,0.001,0.001,0.001,0.001,0.001
4541,12.561,25.166,186.03,680.9549,0.001,10,0.001,0.001,0.001,0.001,0.001,72,0.001,83,0.001,0.001,0.001,0.001,0.001,0.001,0.001,0.001,0.001,0.001,0.001
4542,16.436,38.468,283.46,790.5406,0.0008,10,0.001,0.001,0.001,0.001,0.001,101,0.001,54,0.001,0.001,0.001,0.001,0.001,0.001,0.001,0.001,0.001,0.001,0.001
4543,13.932,30.495,226.99,499.3779,0.0004,10,0.001,0.001,0.001,0.001,0.001,0.001,0.001,104,51,0.001,0.001,0.001,0.001,0.001,0.001,0.001,0.001,0.001,0.001
4544,14.578,31.574,234.31,562.3523,0.0032,10,0.001,0.001,0.001,0.001,0.001,59,0.001,0.001,0.001,96,0.001,0.001,0.001,0.001,0.001,0.001,0.001,0.001,0.001
4545,14.293,35.91,265.61,693.4527,0.0007,10,0.001,0.001,78,0.001,0.001,0.001,0.001,0.001,76,0.001,0.001,0.001,0.001,0.001,0.001,0.001,0.001,0.001,0.001
4546,16.173,38.816,286.22,760.5696,0.0022,10,0.001,0.001,0.001,0.001,0.001,0.001,0.001,0.001,0.001,86,68,0.001,0.001,0.001,0.001,0.001,0.001,0.001,0.001
4547,3.715,31.339,232.08,617.2802,0.0004,10,0.001,0.001,0.001,0.001,0.001,0.001,0.001,0.001,0.001,0.001,0.001,0.001,92,62,0.001,0.001,0.001,0.001,0.001
4548,15.947,26.672,200.96,367.5847,0.0005,10,69,0.001,0.001,0.001,85,0.001,0.001,0.001,0.001,0.001,0.001,0.001,0.001,0.001,0.001,0.001,0.001,0.001,0.001
4549,15.277,29.452,219.57,472.284,0.001,10,0.001,0.001,0.001,0.001,0.001,0.001,0.001,0.001,0.001,0.001,58,0.001,96,0.001,0.001,0.001,0.001,0.001,0.001
4550,9.328,22.497,168.27,426.9656,0.0019,10,0.001,0.001,0.001,0.001,0.001,0.001,0.001,0.001,0.001,83,0.001,71,0.001,0.001,0.001,0.001,0.001,0.001,0.001
4551,13.891,29.14,217.36,463.3451,0.0033,10,0.001,0.001,0.001,0.001,0.001,0.001,0.001,0.001,0.001,57,0.001,0.001,0.001,0.001,97,0.001,0.001,0.001,0.001
4552,6.353,21.95,177.07,116.972,0,10,0.001,0.001,0.001,0.001,0.001,0.001,0.001,0.001,0.001,80,0.001,0.001,0.001,74,0.001,0.001,0.001,0.001,0.001
4553,0.605,27.268,219.91,116.9728,0.0009,10,0.001,0.001,0.001,0.001,0.001,74,0.001,0.001,80,0.001,0.001,0.001,0.001,0.001,0.001,0.001,0.001,0.001,0.001
4554,12.001,28.566,212.55,477.2436,0.0006,10,0.001,0.001,0.001,0.001,0.001,0.001,0.001,0.001,0.001,0.001,0.001,0.001,0.001,0.001,55,98,0.001,0.001,0.001
4555,11.137,23.314,176.7,297.1244,0.0006,10,0.001,0.001,0.001,0.001,0.001,0.001,0.001,79,0.001,74,0.001,0.001,0.001,0.001,0.001,0.001,0.001,0.001,0.001
4556,15.714,28.553,213.29,461.2979,0.0012,10,0.001,64,0.001,0.001,0.001,0.001,0.001,0.001,0.001,0.001,0.001,0.001,89,0.001,0.001,0.001,0.001,0.001,0.001
4557,11.405,24.606,185.42,327.2522,0.0019,10,0.001,0.001,0.001,0.001,0.001,0.001,0.001,65,0.001,0.001,0.001,0.001,0.001,0.001,0.001,88,0.001,0.001,0.001
4558,15.763,23.322,174.95,389.0321,0.0004,10,0.001,0.001,0.001,0.001,0.001,0.001,0.001,0.001,0.001,83,0.001,70,0.001,0.001,0.001,0.001,0.001,0.001,0.001
4559,13.348,31.166,235.93,303.235,0.0001,10,0.001,0.001,0.001,0.001,0.001,89,0.001,0.001,0.001,0.001,0.001,0.001,0.001,0.001,64,0.001,0.001,0.001,0.001
4560,14.851,32.868,243.04,611.3722,0.0021,10,0.001,0.001,0.001,0.001,0.001,0.001,0.001,0.001,0.001,0.001,0.001,0.001,97,0.001,0.001,56,0.001,0.001,0.001
4561,12.603,18.308,140.25,245.0221,0.0008,10,0.001,88,0.001,0.001,0.001,0.001,0.001,0.001,0.001,64,0.001,0.001,0.001,0.001,0.001,0.001,0.001,0.001,0.001
4562,7.692,22.657,171.44,309.1706,0.0007,10,0.001,0.001,0.001,0.001,0.001,66,0.001,86,0.001,0.001,0.001,0.001,0.001,0.001,0.001,0.001,0.001,0.001,0.001
4563,10.579,22.085,165.94,401.0462,0.0008,10,0.001,65,87,0.001,0.001,0.001,0.001,0.001,0.001,0.001,0.001,0.001,0.001,0.001,0.001,0.001,0.001,0.001,0.001
4564,14.357,33.897,251.48,567.463,0.0014,10,0.001,0.001,0.001,0.001,0.001,0.001,0.001,59,0.001,0.001,0.001,0.001,0.001,93,0.001,0.001,0.001,0.001,0.001
4565,0.371,20.928,159.41,274.1076,0.0008,10,0.001,0.001,82,0.001,0.001,0.001,0.001,0.001,0.001,0.001,0.001,70,0.001,0.001,0.001,0.001,0.001,0.001,0.001
4566,15.239,37.757,278.32,775.5283,0.0019,10,0.001,0.001,0.001,0.001,0.001,67,0.001,0.001,0.001,0.001,0.001,85,0.001,0.001,0.001,0.001,0.001,0.001,0.001
4567,12.659,26.903,201.38,413.2677,0.0005,10,0.001,0.001,0.001,0.001,0.001,0.001,0.001,0.001,74,0.001,0.001,0.001,0.001,0.001,78,0.001,0.001,0.001,0.001
4568,0.245,22.269,167.96,335.0343,0,10,0.001,0.001,0.001,0.001,0.001,0.001,0.001,96,0.001,56,0.001,0.001,0.001,0.001,0.001,0.001,0.001,0.001,0.001
4569,14.852,30.92,229.53,519.35,0.002,10,0.001,0.001,0.001,0.001,0.001,0.001,0.001,0.001,0.001,0.001,0.001,62,0.001,0.001,0.001,90,0.001,0.001,0.001
4570,14.908,26.085,196.52,355.6661,0.0026,10,0.001,0.001,0.001,0.001,67,0.001,0.001,0.001,0.001,0.001,0.001,85,0.001,0.001,0.001,0.001,0.001,0.001,0.001
4571,3.276,25.407,204.56,116.9732,0.0003,10,0.001,0.001,0.001,0.001,0.001,0.001,0.001,0.001,0.001,0.001,69,0.001,0.001,0.001,0.001,83,0.001,0.001,0.001
4572,13.388,28.853,215.73,446.3339,0.0007,9,0.001,0.001,70,0.001,0.001,0.001,0.001,81,0.001,0.001,0.001,0.001,0.001,0.001,0.001,0.001,0.001,0.001,0.001
4573,12.569,35.24,260.4,674.5006,0.003,9,0.001,0.001,51,0.001,0.001,0.001,0.001,0.001,50,0.001,0.001,0.001,0.001,0.001,0.001,50,0.001,0.001,0.001
4574,16.05,27.119,203.28,391.3582,0.0002,9,0.001,0.001,93,0.001,0.001,0.001,0.001,0.001,0.001,0.001,0.001,0.001,0.001,0.001,0.001,58,0.001,0.001,0.001
4575,14.835,34.098,252.21,650.4027,0.0001,9,0.001,0.001,0.001,0.001,0.001,90,0.001,0.001,61,0.001,0.001,0.001,0.001,0.001,0.001,0.001,0.001,0.001,0.001
4576,13.192,24.825,187.38,327.498,0.0011,9,0.001,0.001,0.001,0.001,0.001,0.001,0.001,85,0.001,0.001,0.001,0.001,66,0.001,0.001,0.001,0.001,0.001,0.001
4577,4.943,31.335,232.11,609.2557,0.0036,9,0.001,0.001,0.001,0.001,0.001,0.001,0.001,0.001,0.001,0.001,0.001,78,73,0.001,0.001,0.001,0.001,0.001,0.001
4578,2.143,24.83,200.52,116.9712,0.0008,9,0.001,0.001,0.001,0.001,56,0.001,0.001,0.001,0.001,95,0.001,0.001,0.001,0.001,0.001,0.001,0.001,0.001,0.001
4579,11.071,24.296,183.82,319.226,0.0007,9,67,0.001,0.001,0.001,0.001,0.001,0.001,0.001,0.001,0.001,0.001,0.001,0.001,0.001,84,0.001,0.001,0.001,0.001
4580,15.12,23.209,175.99,282.2516,0.0001,9,0.001,0.001,0.001,0.001,0.001,0.001,0.001,0.001,0.001,0.001,0.001,0.001,63,0.001,0.001,87,0.001,0.001,0.001
4581,8.615,29.058,218.6,369.173,0.0014,9,0.001,0.001,0.001,0.001,86,0.001,0.001,0.001,0.001,0.001,0.001,64,0.001,0.001,0.001,0.001,0.001,0.001,0.001
4582,13.576,25.783,194.05,353.3051,0.0013,9,0.001,0.001,0.001,0.001,0.001,0.001,0.001,0.001,58,0.001,0.001,92,0.001,0.001,0.001,0.001,0.001,0.001,0.001
4583,13.958,28.219,210.52,461.266,0,9,0.001,0.001,0.001,0.001,0.001,0.001,0.001,0.001,0.001,0.001,0.001,72,78,0.001,0.001,0.001,0.001,0.001,0.001
4584,9.829,31.884,235.64,627.2473,0.0048,9,0.001,0.001,0.001,0.001,0.001,0.001,0.001,64,0.001,0.001,0.001,0.001,0.001,0.001,0.001,86,0.001,0.001,0.001
4585,14.392,34.256,253.72,648.4229,0.0023,9,68,0.001,0.001,0.001,0.001,0.001,0.001,0.001,0.001,0.001,0.001,0.001,0.001,0.001,82,0.001,0.001,0.001,0.001
4586,7.338,25.893,194.67,377.2094,0.0019,9,0.001,0.001,0.001,0.001,72,0.001,0.001,0.001,0.001,0.001,0.001,0.001,0.001,0.001,78,0.001,0.001,0.001,0.001
4587,0.464,26.169,208.31,135.0309,0.0007,9,0.001,0.001,0.001,0.001,0.001,0.001,0.001,0.001,0.001,0.001,77,0.001,72,0.001,0.001,0.001,0.001,0.001,0.001
4588,10.683,19.819,151.12,276.0526,0.0001,9,0.001,64,0.001,0.001,85,0.001,0.001,0.001,0.001,0.001,0.001,0.001,0.001,0.001,0.001,0.001,0.001,0.001,0.001
4589,11.003,22.083,165.72,401.0447,0.0001,9,0.001,0.001,82,0.001,0.001,0.001,0.001,0.001,0.001,0.001,0.001,0.001,0.001,67,0.001,0.001,0.001,0.001,0.001
4590,9.528,32.533,257.96,141.0156,0.0014,9,0.001,0.001,0.001,0.001,0.001,0.001,0.001,0.001,0.001,86,0.001,63,0.001,0.001,0.001,0.001,0.001,0.001,0.001
4591,7.489,7.4,58.86,141.0151,0.0012,9,0.001,0.001,0.001,0.001,0.001,0.001,89,0.001,0.001,0.001,60,0.001,0.001,0.001,0.001,0.001,0.001,0.001,0.001
4592,12.659,34.572,255.04,732.1278,0.0047,9,0.001,64,0.001,0.001,0.001,0.001,0.001,0.001,0.001,0.001,0.001,0.001,0.001,0.001,0.001,85,0.001,0.001,0.001
4593,12.436,30.929,229.74,507.3679,0.001,9,0.001,0.001,0.001,0.001,0.001,0.001,0.001,0.001,0.001,54,0.001,0.001,0.001,0.001,0.001,95,0.001,0.001,0.001
4594,15.981,39.01,287.6,767.562,0.0002,9,0.001,0.001,0.001,0.001,0.001,0.001,0.001,0.001,85,63,0.001,0.001,0.001,0.001,0.001,0.001,0.001,0.001,0.001
4595,15.655,34.841,258.54,593.5699,0.0015,9,0.001,0.001,83,0.001,0.001,0.001,0.001,65,0.001,0.001,0.001,0.001,0.001,0.001,0.001,0.001,0.001,0.001,0.001
4596,13.442,28.543,213.02,455.2149,0.0011,9,0.001,0.001,0.001,0.001,0.001,0.001,0.001,69,0.001,79,0.001,0.001,0.001,0.001,0.001,0.001,0.001,0.001,0.001
4597,6.693,9.033,71.89,141.0188,0.0003,9,0.001,0.001,76,0.001,0.001,0.001,0.001,0.001,0.001,0.001,0.001,0.001,0.001,72,0.001,0.001,0.001,0.001,0.001
4598,15.245,28.569,214.08,415.3193,0.0004,9,0.001,0.001,0.001,0.001,87,0.001,0.001,0.001,0.001,0.001,0.001,0.001,0.001,0.001,61,0.001,0.001,0.001,0.001
4599,16.372,33.229,246.74,611.3651,0.0006,9,79,0.001,0.001,0.001,69,0.001,0.001,0.001,0.001,0.001,0.001,0.001,0.001,0.001,0.001,0.001,0.001,0.001,0.001
4600,3.691,26.388,197.61,403.2323,0.0004,9,0.001,78,0.001,0.001,0.001,0.001,0.001,0.001,0.001,0.001,0.001,0.001,0.001,0.001,0.001,69,0.001,0.001,0.001
4601,13.423,24.017,180.52,367.1614,0.001,9,0.001,0.001,0.001,0.001,0.001,69,0.001,0.001,0.001,0.001,0.001,0.001,0.001,78,0.001,0.001,0.001,0.001,0.001
4602,14.932,31.718,235.8,522.4525,0.0018,9,0.001,0.001,0.001,0.001,0.001,78,0.001,0.001,0.001,0.001,0.001,0.001,0.001,0.001,69,0.001,0.001,0.001,0.001
4603,0.29,25.896,200.76,201.0377,0.0014,9,0.001,0.001,84,0.001,63,0.001,0.001,0.001,0.001,0.001,0.001,0.001,0.001,0.001,0.001,0.001,0.001,0.001,0.001
4604,12.978,31.732,235.97,517.3889,0.0008,9,0.001,0.001,0.001,0.001,0.001,0.001,0.001,82,0.001,65,0.001,0.001,0.001,0.001,0.001,0.001,0.001,0.001,0.001
4605,14.066,33.617,248.94,655.4216,0.004,9,0.001,0.001,65,0.001,0.001,0.001,0.001,0.001,0.001,82,0.001,0.001,0.001,0.001,0.001,0.001,0.001,0.001,0.001
4606,11.891,23.306,177.13,279.1815,0.0001,9,0.001,0.001,0.001,0.001,0.001,0.001,0.001,0.001,0.001,0.001,60,87,0.001,0.001,0.001,0.001,0.001,0.001,0.001
4607,4.533,29.998,222.58,567.2226,0.0006,9,0.001,0.001,0.001,0.001,0.001,75,0.001,0.001,72,0.001,0.001,0.001,0.001,0.001,0.001,0.001,0.001,0.001,0.001
4608,12.13,23.967,181.75,311.3383,0.0014,9,0.001,0.001,87,0.001,59,0.001,0.001,0.001,0.001,0.001,0.001,0.001,0.001,0.001,0.001,0.001,0.001,0.001,0.001
4609,15.485,36.975,272.79,740.5214,0.0011,9,0.001,0.001,0.001,0.001,0.001,0.001,0.001,79,0.001,0.001,0.001,67,0.001,0.001,0.001,0.001,0.001,0.001,0.001
4610,12.869,25.746,194.27,341.1976,0.0024,9,73,0.001,0.001,0.001,0.001,0.001,0.001,0.001,0.001,0.001,0.001,0.001,0.001,0.001,73,0.001,0.001,0.001,0.001
4611,13.778,29.005,215.48,569.1129,0.0003,9,0.001,0.001,93,0.001,0.001,0.001,0.001,53,0.001,0.001,0.001,0.001,0.001,0.001,0.001,0.001,0.001,0.001,0.001
4612,6.175,29.669,220.67,542.2632,0.0012,9,0.001,0.001,53,0.001,0.001,0.001,0.001,0.001,0.001,0.001,0.001,93,0.001,0.001,0.001,0.001,0.001,0.001,0.001
4613,13.195,30.503,226.31,569.3254,0.002,9,0.001,0.001,0.001,0.001,0.001,0.001,0.001,0.001,0.001,0.001,0.001,60,0.001,0.001,86,0.001,0.001,0.001,0.001
4614,15.104,38.805,285.79,815.527,0.0016,9,0.001,0.001,0.001,0.001,0.001,80,0.001,66,0.001,0.001,0.001,0.001,0.001,0.001,0.001,0.001,0.001,0.001,0.001
4615,14.42,30.484,226.88,527.3394,0.0007,9,0.001,0.001,0.001,0.001,87,0.001,0.001,0.001,0.001,0.001,0.001,0.001,0.001,59,0.001,0.001,0.001,0.001,0.001
4616,15.358,35.058,259.12,673.4832,0.0014,9,0.001,0.001,0.001,0.001,0.001,71,75,0.001,0.001,0.001,0.001,0.001,0.001,0.001,0.001,0.001,0.001,0.001,0.001
4617,14.317,30.059,223.4,530.2976,0.0017,9,0.001,0.001,0.001,0.001,0.001,0.001,0.001,0.001,0.001,0.001,0.001,0.001,59,0.001,87,0.001,0.001,0.001,0.001
4618,15.559,25.733,190.13,744.9507,0.0007,9,0.001,0.001,0.001,0.001,82,0.001,64,0.001,0.001,0.001,0.001,0.001,0.001,0.001,0.001,0.001,0.001,0.001,0.001
4619,5.57,29.11,216.41,525.2503,0.0006,9,0.001,0.001,0.001,0.001,0.001,0.001,0.001,0.001,0.001,0.001,0.001,69,77,0.001,0.001,0.001,0.001,0.001,0.001
4620,11.337,26.637,199.6,395.1836,0.0001,9,0.001,0.001,0.001,0.001,73,0.001,0.001,0.001,0.001,0.001,0.001,0.001,0.001,0.001,0.001,72,0.001,0.001,0.001
4621,13.662,29.899,222.21,530.3149,0.0005,9,0.001,0.001,0.001,0.001,0.001,0.001,0.001,0.001,0.001,0.001,0.001,93,0.001,0.001,52,0.001,0.001,0.001,0.001
4622,15.911,36.143,267.44,636.6204,0.0006,9,0.001,0.001,0.001,0.001,0.001,0.001,86,0.001,59,0.001,0.001,0.001,0.001,0.001,0.001,0.001,0.001,0.001,0.001
4623,0.504,24.773,187.13,343.1679,0.0009,9,82,63,0.001,0.001,0.001,0.001,0.001,0.001,0.001,0.001,0.001,0.001,0.001,0.001,0.001,0.001,0.001,0.001,0.001
4624,15.406,27.443,205.98,395.3856,0.0005,9,0.001,74,0.001,0.001,0.001,0.001,0.001,0.001,0.001,0.001,0.001,71,0.001,0.001,0.001,0.001,0.001,0.001,0.001
4625,12.145,23.82,180.17,311.3871,0.0035,9,0.001,0.001,0.001,0.001,0.001,0.001,56,0.001,0.001,0.001,0.001,0.001,0.001,0.001,89,0.001,0.001,0.001,0.001
4626,12.149,23.792,180.19,311.5066,0.0003,9,0.001,66,0.001,0.001,0.001,79,0.001,0.001,0.001,0.001,0.001,0.001,0.001,0.001,0.001,0.001,0.001,0.001,0.001
4627,11.34,26.977,201.69,407.2423,0.0005,9,0.001,0.001,0.001,0.001,0.001,0.001,0.001,0.001,0.001,0.001,0.001,0.001,0.001,0.001,66,79,0.001,0.001,0.001
4628,14.837,27.352,204.88,421.2818,0.0012,9,0.001,0.001,60,0.001,0.001,0.001,0.001,85,0.001,0.001,0.001,0.001,0.001,0.001,0.001,0.001,0.001,0.001,0.001
4629,15.431,25.661,193.39,340.5812,0.0001,9,0.001,0.001,0.001,0.001,0.001,0.001,0.001,0.001,0.001,66,79,0.001,0.001,0.001,0.001,0.001,0.001,0.001,0.001
4630,16.452,34.263,253.32,710.2844,0.0001,9,0.001,0.001,0.001,0.001,54,0.001,0.001,0.001,0.001,91,0.001,0.001,0.001,0.001,0.001,0.001,0.001,0.001,0.001
4631,14.714,37.375,276,754.4725,0.0018,9,0.001,0.001,0.001,0.001,60,0.001,0.001,0.001,84,0.001,0.001,0.001,0.001,0.001,0.001,0.001,0.001,0.001,0.001
4632,12.465,30.852,229.14,544.3032,0.0017,9,0.001,0.001,0.001,0.001,0.001,0.001,0.001,0.001,0.001,74,0.001,0.001,0.001,70,0.001,0.001,0.001,0.001,0.001
4633,10.019,29.762,220.93,557.2641,0.0018,9,0.001,0.001,0.001,0.001,0.001,0.001,52,92,0.001,0.001,0.001,0.001,0.001,0.001,0.001,0.001,0.001,0.001,0.001
4634,14.717,26.533,199.34,370.4133,0.0034,9,0.001,0.001,0.001,0.001,0.001,0.001,0.001,0.001,0.001,0.001,0.001,92,52,0.001,0.001,0.001,0.001,0.001,0.001
4635,13.494,34.697,256.35,688.3625,0.0041,9,0.001,0.001,0.001,0.001,0.001,57,0.001,0.001,0.001,0.001,0.001,0.001,87,0.001,0.001,0.001,0.001,0.001,0.001
4636,14.554,18.99,146.13,225.0046,0.0014,9,0.001,79,0.001,0.001,0.001,0.001,0.001,0.001,0.001,0.001,64,0.001,0.001,0.001,0.001,0.001,0.001,0.001,0.001
4637,12.557,34.052,252.16,699.1606,0.0003,9,65,0.001,0.001,0.001,78,0.001,0.001,0.001,0.001,0.001,0.001,0.001,0.001,0.001,0.001,0.001,0.001,0.001,0.001
4638,13.503,36.702,270.8,736.3648,0.0012,9,0.001,0.001,0.001,0.001,0.001,0.001,0.001,0.001,0.001,0.001,0.001,72,0.001,71,0.001,0.001,0.001,0.001,0.001
4639,15.564,36.728,271.02,731.4881,0.0001,9,0.001,0.001,0.001,0.001,0.001,0.001,0.001,0.001,71,0.001,0.001,0.001,0.001,0.001,72,0.001,0.001,0.001,0.001
4640,16.367,38.07,280.62,776.5258,0.0035,9,0.001,0.001,0.001,0.001,0.001,0.001,0.001,0.001,89,0.001,0.001,0.001,0.001,0.001,54,0.001,0.001,0.001,0.001
4641,9.714,20.468,155.37,288.0329,0.0001,9,0.001,0.001,0.001,0.001,0.001,75,0.001,0.001,0.001,0.001,0.001,68,0.001,0.001,0.001,0.001,0.001,0.001,0.001
4642,13.87,23.196,176.43,282.42,0.0004,9,0.001,0.001,0.001,0.001,67,0.001,0.001,0.001,0.001,0.001,0.001,0.001,76,0.001,0.001,0.001,0.001,0.001,0.001
4643,12.446,35.837,264.2,772.1794,0.0006,9,0.001,0.001,0.001,0.001,0.001,0.001,0.001,0.001,0.001,0.001,0.001,0.001,54,0.001,89,0.001,0.001,0.001,0.001
4644,7.862,24.648,186.53,317.0801,0.0016,9,56,0.001,0.001,0.001,0.001,86,0.001,0.001,0.001,0.001,0.001,0.001,0.001,0.001,0.001,0.001,0.001,0.001,0.001
4645,15.528,32.195,238.33,713.1277,0.0005,9,0.001,0.001,78,0.001,64,0.001,0.001,0.001,0.001,0.001,0.001,0.001,0.001,0.001,0.001,0.001,0.001,0.001,0.001
4646,12.118,23.993,181.48,311.3705,0.0003,9,0.001,0.001,0.001,0.001,0.001,0.001,0.001,0.001,72,0.001,70,0.001,0.001,0.001,0.001,0.001,0.001,0.001,0.001
4647,16.043,37.276,275.26,754.5208,0.0003,9,0.001,0.001,0.001,0.001,56,86,0.001,0.001,0.001,0.001,0.001,0.001,0.001,0.001,0.001,0.001,0.001,0.001,0.001
4648,5.424,28.771,213.94,520.2251,0.0002,9,0.001,0.001,0.001,0.001,0.001,0.001,0.001,84,0.001,0.001,0.001,58,0.001,0.001,0.001,0.001,0.001,0.001,0.001
4649,12.057,25.244,191.42,311.4487,0.0025,9,0.001,89,53,0.001,0.001,0.001,0.001,0.001,0.001,0.001,0.001,0.001,0.001,0.001,0.001,0.001,0.001,0.001,0.001
4650,11.404,17.368,133.31,242.0327,0.0002,9,77,0.001,64,0.001,0.001,0.001,0.001,0.001,0.001,0.001,0.001,0.001,0.001,0.001,0.001,0.001,0.001,0.001,0.001
4651,16.083,15.344,115.76,337.9007,0.0006,9,0.001,0.001,0.001,0.001,0.001,59,0.001,0.001,0.001,0.001,0.001,0.001,0.001,82,0.001,0.001,0.001,0.001,0.001
4652,15.185,30.21,225.09,481.4252,0.0024,9,0.001,0.001,0.001,0.001,0.001,70,0.001,0.001,0.001,0.001,0.001,0.001,71,0.001,0.001,0.001,0.001,0.001,0.001
4653,12.684,24.33,184.17,325.4279,0.0011,9,69,0.001,72,0.001,0.001,0.001,0.001,0.001,0.001,0.001,0.001,0.001,0.001,0.001,0.001,0.001,0.001,0.001,0.001
4654,14.691,31.443,231.07,1044.9325,0.002,9,73,0.001,0.001,0.001,0.001,0.001,0.001,0.001,0.001,68,0.001,0.001,0.001,0.001,0.001,0.001,0.001,0.001,0.001
4655,12.494,32.73,242.2,638.123,0.0013,9,0.001,0.001,0.001,0.001,0.001,61,0.001,0.001,0.001,0.001,0.001,80,0.001,0.001,0.001,0.001,0.001,0.001,0.001
4656,15.469,27.683,208.01,397.5158,0.0021,9,0.001,0.001,54,0.001,87,0.001,0.001,0.001,0.001,0.001,0.001,0.001,0.001,0.001,0.001,0.001,0.001,0.001,0.001
4657,13.675,26.362,197.52,381.3365,0.0014,9,0.001,0.001,0.001,0.001,0.001,89,0.001,0.001,0.001,0.001,0.001,0.001,0.001,0.001,0.001,52,0.001,0.001,0.001
4658,12.828,26.398,198.58,370.4967,0.0007,9,0.001,64,0.001,0.001,0.001,0.001,0.001,0.001,0.001,0.001,76,0.001,0.001,0.001,0.001,0.001,0.001,0.001,0.001
4659,7.326,23.399,176.91,311.2219,0.0007,9,0.001,52,0.001,0.001,0.001,0.001,0.001,0.001,0.001,0.001,0.001,0.001,0.001,0.001,0.001,88,0.001,0.001,0.001
4660,13.991,31.798,235.82,578.3445,0.0038,9,0.001,0.001,0.001,0.001,0.001,0.001,0.001,0.001,0.001,83,0.001,0.001,57,0.001,0.001,0.001,0.001,0.001,0.001
4661,0.974,31.851,244.8,222.0293,0.0002,9,0.001,0.001,0.001,0.001,0.001,0.001,0.001,65,0.001,74,0.001,0.001,0.001,0.001,0.001,0.001,0.001,0.001,0.001
4662,16.095,37.591,277.17,764.5246,0.0004,9,0.001,0.001,0.001,0.001,0.001,71,0.001,0.001,0.001,68,0.001,0.001,0.001,0.001,0.001,0.001,0.001,0.001,0.001
4663,15.042,21.262,160.49,329.0443,0.0004,9,0.001,0.001,0.001,0.001,0.001,0.001,0.001,0.001,0.001,0.001,65,0.001,73,0.001,0.001,0.001,0.001,0.001,0.001
4664,11.877,30.767,228.86,481.3501,0.0003,9,0.001,0.001,0.001,0.001,0.001,0.001,0.001,0.001,0.001,0.001,0.001,77,0.001,0.001,0.001,61,0.001,0.001,0.001
4665,15.406,29.217,217.59,461.3625,0.0009,9,0.001,0.001,0.001,0.001,0.001,0.001,0.001,0.001,0.001,0.001,0.001,88,0.001,0.001,0.001,50,0.001,0.001,0.001
4666,11.418,24.667,187.58,265.1451,0.0001,9,0.001,0.001,0.001,0.001,0.001,0.001,0.001,0.001,0.001,0.001,0.001,73,0.001,0.001,0.001,65,0.001,0.001,0.001
4667,15.141,28.897,216.03,469.3339,0.0002,9,70,67,0.001,0.001,0.001,0.001,0.001,0.001,0.001,0.001,0.001,0.001,0.001,0.001,0.001,0.001,0.001,0.001,0.001
4668,13.517,30.193,224.41,557.4936,0.0009,9,0.001,76,0.001,0.001,0.001,0.001,0.001,0.001,0.001,61,0.001,0.001,0.001,0.001,0.001,0.001,0.001,0.001,0.001
4669,2.915,21.694,175.01,116.9724,0.0002,9,0.001,0.001,0.001,0.001,0.001,0.001,0.001,78,0.001,0.001,0.001,0.001,0.001,59,0.001,0.001,0.001,0.001,0.001
4670,15.159,26.733,201.16,381.3184,0.0019,9,0.001,0.001,59,0.001,78,0.001,0.001,0.001,0.001,0.001,0.001,0.001,0.001,0.001,0.001,0.001,0.001,0.001,0.001
4671,13.651,32.103,238.69,520.4095,0.0012,9,0.001,0.001,0.001,0.001,0.001,0.001,52,0.001,0.001,85,0.001,0.001,0.001,0.001,0.001,0.001,0.001,0.001,0.001
4672,15.831,32.878,243.96,597.3495,0.0005,9,0.001,0.001,73,0.001,0.001,0.001,64,0.001,0.001,0.001,0.001,0.001,0.001,0.001,0.001,0.001,0.001,0.001,0.001
4673,3.762,21.219,161.48,272.1156,0.0004,9,0.001,0.001,0.001,0.001,0.001,0.001,0.001,0.001,0.001,0.001,0.001,55,0.001,0.001,82,0.001,0.001,0.001,0.001
4674,14.408,26.801,201.39,382.3359,0.0021,9,0.001,0.001,0.001,0.001,50,0.001,0.001,0.001,0.001,0.001,0.001,0.001,0.001,0.001,86,0.001,0.001,0.001,0.001
4675,14.349,30.544,224.33,994.9343,0.0005,9,0.001,0.001,0.001,0.001,0.001,0.001,0.001,0.001,0.001,67,0.001,0.001,69,0.001,0.001,0.001,0.001,0.001,0.001
4676,5.534,32.81,242.73,645.3338,0.0011,9,0.001,0.001,0.001,0.001,0.001,0.001,0.001,74,0.001,0.001,62,0.001,0.001,0.001,0.001,0.001,0.001,0.001,0.001
4677,16.158,25.768,190.72,680.9545,0.0002,9,0.001,0.001,0.001,0.001,81,0.001,0.001,0.001,0.001,0.001,0.001,55,0.001,0.001,0.001,0.001,0.001,0.001,0.001
4678,13.532,39.932,294.31,843.4,0.0025,9,0.001,0.001,0.001,0.001,63,0.001,0.001,0.001,0.001,0.001,0.001,0.001,0.001,0.001,73,0.001,0.001,0.001,0.001
4679,16.217,30.89,229.95,497.4378,0.0011,9,0.001,0.001,0.001,0.001,0.001,0.001,0.001,0.001,70,0.001,66,0.001,0.001,0.001,0.001,0.001,0.001,0.001,0.001
4680,14.437,23.327,177.59,284.4655,0.003,9,0.001,51,85,0.001,0.001,0.001,0.001,0.001,0.001,0.001,0.001,0.001,0.001,0.001,0.001,0.001,0.001,0.001,0.001
4681,10.534,26.612,199.06,423.2522,0.0019,9,0.001,0.001,0.001,0.001,0.001,0.001,0.001,85,0.001,51,0.001,0.001,0.001,0.001,0.001,0.001,0.001,0.001,0.001
4682,6.052,31.567,233.66,585.3095,0.0008,9,0.001,0.001,0.001,0.001,0.001,0.001,0.001,0.001,0.001,0.001,0.001,0.001,58,0.001,0.001,78,0.001,0.001,0.001
4683,6.395,22.308,169.84,269.1293,0.0014,9,0.001,0.001,0.001,0.001,0.001,59,0.001,0.001,0.001,77,0.001,0.001,0.001,0.001,0.001,0.001,0.001,0.001,0.001
4684,15.44,30.317,224.23,655.103,0.0002,9,0.001,0.001,0.001,0.001,0.001,0.001,0.001,0.001,0.001,0.001,0.001,0.001,66,0.001,70,0.001,0.001,0.001,0.001
4685,12.828,30.604,227.35,539.3404,0.0009,9,0.001,0.001,0.001,0.001,0.001,0.001,0.001,67,0.001,0.001,69,0.001,0.001,0.001,0.001,0.001,0.001,0.001,0.001
4686,15.379,36.613,270.81,648.6259,0.0017,8,0.001,0.001,0.001,0.001,0.001,0.001,69,0.001,0.001,0.001,0.001,66,0.001,0.001,0.001,0.001,0.001,0.001,0.001
4687,12.849,23.523,178.49,307.1944,0.0014,8,68,67,0.001,0.001,0.001,0.001,0.001,0.001,0.001,0.001,0.001,0.001,0.001,0.001,0.001,0.001,0.001,0.001,0.001
4688,10.704,19.76,150.48,276.053,0.0003,8,0.001,0.001,0.001,0.001,66,0.001,0.001,0.001,0.001,0.001,0.001,0.001,69,0.001,0.001,0.001,0.001,0.001,0.001
4689,12.204,26.876,200.04,529.0732,0.0008,8,60,0.001,0.001,0.001,0.001,0.001,0.001,0.001,0.001,0.001,0.001,75,0.001,0.001,0.001,0.001,0.001,0.001,0.001
4690,9.18,17.804,136.31,248.0798,0,8,0.001,62,0.001,0.001,0.001,0.001,0.001,0.001,0.001,73,0.001,0.001,0.001,0.001,0.001,0.001,0.001,0.001,0.001
4691,10.363,36.974,271.94,804.3682,0.0046,8,0.001,0.001,0.001,0.001,0.001,0.001,0.001,0.001,0.001,0.001,0.001,0.001,0.001,62,0.001,73,0.001,0.001,0.001
4692,14.916,29.444,219.67,481.3552,0.0008,8,62,0.001,0.001,0.001,0.001,0.001,73,0.001,0.001,0.001,0.001,0.001,0.001,0.001,0.001,0.001,0.001,0.001,0.001
4693,15.178,32.464,241.28,556.4569,0.0038,8,0.001,0.001,60,0.001,0.001,0.001,0.001,0.001,0.001,74,0.001,0.001,0.001,0.001,0.001,0.001,0.001,0.001,0.001
4694,12.825,26.445,198.67,371.3843,0.0001,8,0.001,0.001,0.001,0.001,0.001,0.001,0.001,0.001,0.001,63,0.001,0.001,0.001,0.001,71,0.001,0.001,0.001,0.001
4695,9.163,27.798,220.45,141.015,0.0003,8,0.001,0.001,0.001,0.001,0.001,59,0.001,0.001,0.001,0.001,0.001,0.001,0.001,0.001,75,0.001,0.001,0.001,0.001
4696,6.07,32.495,240.93,657.2883,0.0019,8,62,72,0.001,0.001,0.001,0.001,0.001,0.001,0.001,0.001,0.001,0.001,0.001,0.001,0.001,0.001,0.001,0.001,0.001
4697,16.004,32.834,243.62,598.3498,0.0018,8,0.001,0.001,74,0.001,0.001,0.001,0.001,0.001,0.001,0.001,0.001,60,0.001,0.001,0.001,0.001,0.001,0.001,0.001
4698,15.615,37.446,276.12,760.5309,0.0024,8,0.001,0.001,0.001,0.001,0.001,67,0.001,0.001,0.001,67,0.001,0.001,0.001,0.001,0.001,0.001,0.001,0.001,0.001
4699,14.304,23.734,178.39,381.0289,0.0008,8,0.001,60,0.001,0.001,0.001,0.001,0.001,0.001,0.001,0.001,0.001,0.001,74,0.001,0.001,0.001,0.001,0.001,0.001
4700,1.231,14.724,115.07,172.9904,0.0004,8,0.001,0.001,0.001,0.001,0.001,0.001,74,0.001,0.001,0.001,0.001,0.001,0.001,0.001,60,0.001,0.001,0.001,0.001
4701,9.969,18.439,140.39,277.995,0.0008,8,0.001,76,0.001,0.001,0.001,57,0.001,0.001,0.001,0.001,0.001,0.001,0.001,0.001,0.001,0.001,0.001,0.001,0.001
4702,10.306,20.486,156.48,252.0877,0.0001,8,0.001,0.001,0.001,0.001,0.001,0.001,0.001,68,0.001,65,0.001,0.001,0.001,0.001,0.001,0.001,0.001,0.001,0.001
4703,15.065,38.445,283.28,792.5393,0.0009,8,0.001,0.001,0.001,0.001,0.001,0.001,0.001,59,0.001,0.001,0.001,0.001,0.001,0.001,74,0.001,0.001,0.001,0.001
4704,14.598,27.134,202.81,433.2358,0.0006,8,0.001,0.001,0.001,0.001,0.001,0.001,0.001,0.001,71,0.001,0.001,0.001,0.001,62,0.001,0.001,0.001,0.001,0.001
4705,10.54,29.759,235.99,141.0166,0.0012,8,0.001,0.001,0.001,0.001,0.001,0.001,0.001,74,0.001,0.001,0.001,59,0.001,0.001,0.001,0.001,0.001,0.001,0.001
4706,10.043,36.197,267.37,694.2075,0,8,0.001,0.001,0.001,0.001,0.001,0.001,0.001,51,0.001,82,0.001,0.001,0.001,0.001,0.001,0.001,0.001,0.001,0.001
4707,13.457,34.799,257.08,690.3175,0.0006,8,0.001,0.001,0.001,0.001,0.001,0.001,60,0.001,0.001,73,0.001,0.001,0.001,0.001,0.001,0.001,0.001,0.001,0.001
4708,10.107,21.11,159.53,330.0501,0.0037,8,78,0.001,0.001,0.001,0.001,0.001,0.001,0.001,0.001,0.001,0.001,55,0.001,0.001,0.001,0.001,0.001,0.001,0.001
4709,15.146,30.458,226.79,493.4983,0.0016,8,0.001,0.001,0.001,0.001,0.001,0.001,0.001,0.001,63,0.001,0.001,0.001,70,0.001,0.001,0.001,0.001,0.001,0.001
4710,13.075,18.062,139.41,208.9742,0.0008,8,0.001,0.001,0.001,0.001,0.001,0.001,0.001,56,0.001,0.001,0.001,77,0.001,0.001,0.001,0.001,0.001,0.001,0.001
4711,10.287,31.57,234.2,603.3279,0.0006,8,0.001,0.001,0.001,0.001,62,0.001,70,0.001,0.001,0.001,0.001,0.001,0.001,0.001,0.001,0.001,0.001,0.001,0.001
4712,15.688,28.184,211.51,412.5147,0.0004,8,0.001,53,79,0.001,0.001,0.001,0.001,0.001,0.001,0.001,0.001,0.001,0.001,0.001,0.001,0.001,0.001,0.001,0.001
4713,14.002,27.675,207.38,399.4968,0.0009,8,0.001,0.001,0.001,0.001,0.001,0.001,0.001,0.001,0.001,0.001,0.001,72,0.001,60,0.001,0.001,0.001,0.001,0.001
4714,13.086,30.877,229.66,513.319,0.0006,8,0.001,0.001,0.001,0.001,0.001,71,0.001,0.001,61,0.001,0.001,0.001,0.001,0.001,0.001,0.001,0.001,0.001,0.001
4715,15.306,35.759,264.1,699.4957,0.0004,8,0.001,0.001,0.001,0.001,0.001,69,0.001,0.001,0.001,0.001,63,0.001,0.001,0.001,0.001,0.001,0.001,0.001,0.001
4716,12.614,24.914,188.34,325.3889,0.0014,8,57,0.001,0.001,0.001,0.001,0.001,0.001,74,0.001,0.001,0.001,0.001,0.001,0.001,0.001,0.001,0.001,0.001,0.001
4717,15.056,30.38,225.99,511.3635,0.0002,8,0.001,0.001,0.001,0.001,0.001,58,0.001,0.001,0.001,0.001,0.001,0.001,0.001,0.001,73,0.001,0.001,0.001,0.001
4718,12.469,24.283,183.58,325.3569,0.0029,8,0.001,71,0.001,0.001,0.001,0.001,0.001,0.001,0.001,0.001,0.001,0.001,0.001,0.001,60,0.001,0.001,0.001,0.001
4719,12.827,26.384,198.74,370.1623,0.0012,8,73,0.001,0.001,0.001,58,0.001,0.001,0.001,0.001,0.001,0.001,0.001,0.001,0.001,0.001,0.001,0.001,0.001,0.001
4720,8.369,28.906,215.87,465.2475,0.0023,8,50,0.001,0.001,0.001,0.001,0.001,0.001,0.001,0.001,0.001,0.001,0.001,0.001,0.001,81,0.001,0.001,0.001,0.001
4721,3.717,31.908,236.41,640.279,0.0025,8,0.001,0.001,53,0.001,0.001,0.001,0.001,0.001,0.001,0.001,0.001,78,0.001,0.001,0.001,0.001,0.001,0.001,0.001
4722,6.222,22.029,164.14,538.9556,0.0003,8,62,0.001,0.001,0.001,69,0.001,0.001,0.001,0.001,0.001,0.001,0.001,0.001,0.001,0.001,0.001,0.001,0.001,0.001
4723,5.002,24.399,197.05,116.9724,0.0007,8,0.001,0.001,72,0.001,0.001,0.001,0.001,0.001,0.001,0.001,59,0.001,0.001,0.001,0.001,0.001,0.001,0.001,0.001
4724,13.52,33.887,250.7,687.3446,0.0024,8,61,0.001,0.001,0.001,0.001,70,0.001,0.001,0.001,0.001,0.001,0.001,0.001,0.001,0.001,0.001,0.001,0.001,0.001
4725,13.658,27.523,206.28,397.5294,0.002,8,0.001,0.001,0.001,0.001,0.001,50,0.001,80,0.001,0.001,0.001,0.001,0.001,0.001,0.001,0.001,0.001,0.001,0.001
4726,9.055,22.539,167.41,580.9603,0.0001,8,80,0.001,0.001,0.001,0.001,0.001,0.001,0.001,0.001,0.001,0.001,0.001,0.001,50,0.001,0.001,0.001,0.001,0.001
4727,14.642,30.868,229.27,543.3704,0.0002,8,0.001,0.001,0.001,0.001,0.001,0.001,0.001,0.001,0.001,54,0.001,0.001,0.001,0.001,76,0.001,0.001,0.001,0.001
4728,15.726,38.287,282.04,806.501,0.0039,8,0.001,0.001,0.001,0.001,0.001,0.001,0.001,64,0.001,66,0.001,0.001,0.001,0.001,0.001,0.001,0.001,0.001,0.001
4729,13.612,29.272,218.18,499.2751,0.0048,8,0.001,0.001,73,0.001,0.001,57,0.001,0.001,0.001,0.001,0.001,0.001,0.001,0.001,0.001,0.001,0.001,0.001,0.001
4730,11.026,16.717,128.76,222.0202,0.0014,8,0.001,0.001,0.001,0.001,57,0.001,0.001,0.001,0.001,0.001,73,0.001,0.001,0.001,0.001,0.001,0.001,0.001,0.001
4731,12.644,27.915,208.59,413.3073,0.0013,8,0.001,0.001,0.001,0.001,0.001,0.001,0.001,0.001,63,0.001,0.001,0.001,0.001,0.001,0.001,67,0.001,0.001,0.001
4732,14.803,30.165,223.49,642.0906,0.0006,8,50,0.001,0.001,0.001,0.001,0.001,80,0.001,0.001,0.001,0.001,0.001,0.001,0.001,0.001,0.001,0.001,0.001,0.001
4733,7.013,34.584,255.31,717.3511,0.0013,8,0.001,0.001,0.001,0.001,0.001,0.001,0.001,0.001,0.001,0.001,51,78,0.001,0.001,0.001,0.001,0.001,0.001,0.001
4734,9.688,30.723,227.77,587.2349,0,8,0.001,0.001,0.001,0.001,0.001,0.001,0.001,0.001,0.001,53,0.001,0.001,0.001,76,0.001,0.001,0.001,0.001,0.001
4735,16.272,25.791,190.81,744.9489,0.0014,8,0.001,0.001,70,0.001,59,0.001,0.001,0.001,0.001,0.001,0.001,0.001,0.001,0.001,0.001,0.001,0.001,0.001,0.001
4736,9.756,28.357,211.42,494.2394,0.0004,8,0.001,0.001,0.001,0.001,78,0.001,0.001,0.001,0.001,0.001,0.001,0.001,51,0.001,0.001,0.001,0.001,0.001,0.001
4737,6.191,19.291,153.26,141.0159,0.0005,8,0.001,0.001,0.001,0.001,50,79,0.001,0.001,0.001,0.001,0.001,0.001,0.001,0.001,0.001,0.001,0.001,0.001,0.001
4738,11.185,34.219,252.95,670.1475,0.0024,8,0.001,0.001,0.001,0.001,0.001,0.001,0.001,0.001,0.001,52,0.001,0.001,0.001,0.001,77,0.001,0.001,0.001,0.001
4739,9.962,25.996,192.79,657.0498,0.0047,8,0.001,76,53,0.001,0.001,0.001,0.001,0.001,0.001,0.001,0.001,0.001,0.001,0.001,0.001,0.001,0.001,0.001,0.001
4740,13.66,35.464,261.38,716.2974,0.0034,8,0.001,0.001,0.001,0.001,0.001,0.001,0.001,0.001,0.001,0.001,66,0.001,0.001,0.001,0.001,62,0.001,0.001,0.001
4741,12.991,22.11,165.7,401.0452,0.0015,8,0.001,0.001,0.001,0.001,0.001,0.001,60,0.001,0.001,0.001,0.001,0.001,0.001,0.001,68,0.001,0.001,0.001,0.001
4742,13.496,36.817,271.8,767.346,0.0011,8,0.001,0.001,0.001,0.001,58,0.001,0.001,0.001,0.001,0.001,0.001,70,0.001,0.001,0.001,0.001,0.001,0.001,0.001
4743,15.847,25.632,189.72,680.9555,0.0019,8,0.001,0.001,0.001,0.001,62,0.001,0.001,0.001,0.001,0.001,0.001,66,0.001,0.001,0.001,0.001,0.001,0.001,0.001
4744,11.934,17.416,133.69,242.0336,0.0001,8,71,57,0.001,0.001,0.001,0.001,0.001,0.001,0.001,0.001,0.001,0.001,0.001,0.001,0.001,0.001,0.001,0.001,0.001
4745,12.675,28.829,214.89,498.2513,0.0008,8,51,0.001,0.001,0.001,0.001,77,0.001,0.001,0.001,0.001,0.001,0.001,0.001,0.001,0.001,0.001,0.001,0.001,0.001
4746,16.434,30.917,230.92,483.4399,0.0008,8,0.001,0.001,67,0.001,61,0.001,0.001,0.001,0.001,0.001,0.001,0.001,0.001,0.001,0.001,0.001,0.001,0.001,0.001
4747,14.547,29.252,217.87,488.314,0.0015,8,0.001,0.001,0.001,0.001,0.001,56,0.001,0.001,72,0.001,0.001,0.001,0.001,0.001,0.001,0.001,0.001,0.001,0.001
4748,16.041,34.637,256.12,649.4338,0.0004,8,0.001,0.001,62,0.001,0.001,0.001,0.001,0.001,0.001,0.001,0.001,0.001,0.001,0.001,0.001,65,0.001,0.001,0.001
4749,12.568,24.29,183.37,326.2999,0.003,8,0.001,0.001,0.001,0.001,0.001,75,0.001,0.001,0.001,0.001,52,0.001,0.001,0.001,0.001,0.001,0.001,0.001,0.001
4750,13.539,34.13,252.78,611.429,0.001,8,0.001,0.001,0.001,0.001,0.001,0.001,0.001,0.001,0.001,59,0.001,0.001,0.001,0.001,68,0.001,0.001,0.001,0.001
4751,9.939,32.842,242.9,654.2809,0.0003,8,0.001,0.001,0.001,0.001,0.001,0.001,0.001,0.001,0.001,0.001,0.001,0.001,71,0.001,56,0.001,0.001,0.001,0.001
4752,13.062,26.504,198.78,370.6801,0.002,8,0.001,0.001,0.001,0.001,0.001,0.001,0.001,51,0.001,0.001,0.001,0.001,0.001,0.001,0.001,76,0.001,0.001,0.001
4753,8.818,21.559,162.4,359.0331,0.0004,8,0.001,0.001,0.001,0.001,62,0.001,0.001,0.001,0.001,0.001,0.001,0.001,0.001,0.001,65,0.001,0.001,0.001,0.001
4754,13.458,34.859,257.54,688.3199,0.0008,8,0.001,0.001,0.001,0.001,0.001,0.001,0.001,0.001,0.001,0.001,0.001,66,0.001,0.001,61,0.001,0.001,0.001,0.001
4755,0.17,26.707,198.95,486.9728,0.0016,8,0.001,0.001,0.001,0.001,0.001,0.001,0.001,0.001,0.001,64,0.001,0.001,0.001,0.001,62,0.001,0.001,0.001,0.001
4756,14.44,23.329,177.4,283.815,0.0006,8,63,0.001,0.001,0.001,0.001,0.001,0.001,0.001,0.001,0.001,63,0.001,0.001,0.001,0.001,0.001,0.001,0.001,0.001
4757,14.06,29.113,216.94,480.2873,0.0031,8,0.001,0.001,0.001,0.001,0.001,66,0.001,60,0.001,0.001,0.001,0.001,0.001,0.001,0.001,0.001,0.001,0.001,0.001
4758,14.542,34.308,254.75,577.4835,0.0004,8,0.001,0.001,0.001,0.001,76,0.001,0.001,0.001,0.001,0.001,0.001,50,0.001,0.001,0.001,0.001,0.001,0.001,0.001
4759,13.449,32.873,243.28,634.2736,0.0033,8,0.001,0.001,0.001,0.001,0.001,0.001,0.001,74,52,0.001,0.001,0.001,0.001,0.001,0.001,0.001,0.001,0.001,0.001
4760,4.984,26.768,200.05,454.2109,0.0008,8,0.001,0.001,55,0.001,0.001,0.001,0.001,0.001,0.001,0.001,0.001,71,0.001,0.001,0.001,0.001,0.001,0.001,0.001
4761,13.455,26.523,198.51,415.2228,0.0025,8,0.001,0.001,0.001,0.001,0.001,0.001,0.001,0.001,0.001,0.001,0.001,59,67,0.001,0.001,0.001,0.001,0.001,0.001
4762,6.884,24.226,181.83,382.1538,0.0009,8,0.001,0.001,0.001,0.001,0.001,72,0.001,54,0.001,0.001,0.001,0.001,0.001,0.001,0.001,0.001,0.001,0.001,0.001
4763,15.271,35.349,260.95,717.3566,0.0002,8,0.001,0.001,0.001,0.001,0.001,0.001,63,0.001,62,0.001,0.001,0.001,0.001,0.001,0.001,0.001,0.001,0.001,0.001
4764,12.832,25.66,193.12,353.215,0.0004,8,0.001,0.001,0.001,0.001,0.001,63,0.001,0.001,62,0.001,0.001,0.001,0.001,0.001,0.001,0.001,0.001,0.001,0.001
4765,6.618,32.817,242.91,629.3385,0.0025,8,0.001,0.001,0.001,0.001,0.001,0.001,0.001,56,0.001,0.001,0.001,0.001,0.001,0.001,69,0.001,0.001,0.001,0.001
4766,13.419,24.839,187.4,327.5278,0.0033,8,0.001,68,0.001,0.001,0.001,0.001,0.001,0.001,0.001,0.001,0.001,0.001,0.001,0.001,0.001,57,0.001,0.001,0.001
4767,9.913,25.584,189.82,643.0315,0.0001,8,67,58,0.001,0.001,0.001,0.001,0.001,0.001,0.001,0.001,0.001,0.001,0.001,0.001,0.001,0.001,0.001,0.001,0.001
4768,12.291,25.993,195.53,385.2343,0.0011,8,0.001,0.001,53,0.001,71,0.001,0.001,0.001,0.001,0.001,0.001,0.001,0.001,0.001,0.001,0.001,0.001,0.001,0.001
4769,13.995,30.952,230.44,494.3927,0.0016,8,0.001,0.001,0.001,0.001,0.001,0.001,0.001,72,0.001,52,0.001,0.001,0.001,0.001,0.001,0.001,0.001,0.001,0.001
4770,15.406,25.785,190.52,744.95,0.0013,8,0.001,0.001,0.001,0.001,67,57,0.001,0.001,0.001,0.001,0.001,0.001,0.001,0.001,0.001,0.001,0.001,0.001,0.001
4771,4.019,32.513,240.75,658.3106,0.0001,8,0.001,0.001,0.001,0.001,50,0.001,0.001,0.001,0.001,0.001,0.001,0.001,74,0.001,0.001,0.001,0.001,0.001,0.001
4772,8.025,8.896,70.71,141.0174,0.0003,8,0.001,0.001,0.001,0.001,0.001,0.001,53,0.001,0.001,0.001,0.001,0.001,0.001,71,0.001,0.001,0.001,0.001,0.001
4773,15.199,38.214,281.68,776.5538,0.0003,8,0.001,0.001,0.001,0.001,0.001,0.001,0.001,54,0.001,69,0.001,0.001,0.001,0.001,0.001,0.001,0.001,0.001,0.001
4774,9.363,16.668,128.22,222.02,0.0003,8,0.001,0.001,0.001,0.001,0.001,0.001,0.001,0.001,0.001,0.001,0.001,0.001,56,0.001,67,0.001,0.001,0.001,0.001
4775,13.194,24.807,187.24,327.5358,0.0016,8,0.001,0.001,0.001,0.001,0.001,0.001,0.001,73,0.001,0.001,0.001,0.001,50,0.001,0.001,0.001,0.001,0.001,0.001
4776,14.645,26.906,202.41,383.8396,0.0016,8,53,0.001,0.001,0.001,70,0.001,0.001,0.001,0.001,0.001,0.001,0.001,0.001,0.001,0.001,0.001,0.001,0.001,0.001
4777,15.758,24.936,184.18,694.9527,0.0009,8,53,0.001,0.001,0.001,0.001,0.001,0.001,0.001,0.001,0.001,0.001,0.001,0.001,0.001,0.001,70,0.001,0.001,0.001
4778,12.199,18.432,141.76,232.9747,0.0006,8,0.001,61,0.001,0.001,62,0.001,0.001,0.001,0.001,0.001,0.001,0.001,0.001,0.001,0.001,0.001,0.001,0.001,0.001
4779,15.224,25.536,192.73,339.3269,0.0002,8,0.001,0.001,63,0.001,0.001,0.001,0.001,0.001,0.001,59,0.001,0.001,0.001,0.001,0.001,0.001,0.001,0.001,0.001
4780,16.296,30.462,226.71,528.3352,0.0008,8,65,0.001,0.001,0.001,0.001,0.001,0.001,0.001,0.001,0.001,0.001,0.001,57,0.001,0.001,0.001,0.001,0.001,0.001
4781,5.473,30.923,245.21,141.0172,0.002,8,0.001,0.001,0.001,0.001,0.001,54,68,0.001,0.001,0.001,0.001,0.001,0.001,0.001,0.001,0.001,0.001,0.001,0.001
4782,12.595,25.769,194.8,325.4782,0.0005,8,55,0.001,0.001,0.001,0.001,0.001,0.001,0.001,0.001,67,0.001,0.001,0.001,0.001,0.001,0.001,0.001,0.001,0.001
4783,12.871,26.491,198.59,411.252,0.0012,8,0.001,65,0.001,0.001,0.001,0.001,57,0.001,0.001,0.001,0.001,0.001,0.001,0.001,0.001,0.001,0.001,0.001,0.001
4784,10.886,18.786,150.38,131.0129,0.0004,8,0.001,69,53,0.001,0.001,0.001,0.001,0.001,0.001,0.001,0.001,0.001,0.001,0.001,0.001,0.001,0.001,0.001,0.001
4785,15.512,37.192,274.68,749.5289,0.0016,8,0.001,0.001,52,0.001,0.001,0.001,70,0.001,0.001,0.001,0.001,0.001,0.001,0.001,0.001,0.001,0.001,0.001,0.001
4786,13.436,26.561,198.5,455.1924,0.0036,8,0.001,0.001,63,0.001,0.001,0.001,0.001,0.001,0.001,0.001,58,0.001,0.001,0.001,0.001,0.001,0.001,0.001,0.001
4787,15.43,25.628,193.15,340.5642,0.0036,8,0.001,0.001,0.001,0.001,0.001,0.001,52,69,0.001,0.001,0.001,0.001,0.001,0.001,0.001,0.001,0.001,0.001,0.001
4788,12.646,24.398,184.21,325.5171,0.0025,8,0.001,0.001,0.001,0.001,0.001,67,0.001,0.001,0.001,54,0.001,0.001,0.001,0.001,0.001,0.001,0.001,0.001,0.001
4789,13.792,30.393,226.21,527.3305,0.0019,8,0.001,0.001,0.001,0.001,66,0.001,0.001,0.001,0.001,55,0.001,0.001,0.001,0.001,0.001,0.001,0.001,0.001,0.001
4790,10.533,19.875,151.19,275.0555,0.0008,8,0.001,0.001,0.001,0.001,0.001,0.001,66,55,0.001,0.001,0.001,0.001,0.001,0.001,0.001,0.001,0.001,0.001,0.001
4791,14.608,36.661,270.26,708.4434,0.0049,8,0.001,0.001,0.001,0.001,0.001,0.001,0.001,0.001,0.001,0.001,0.001,0.001,0.001,0.001,55,66,0.001,0.001,0.001
4792,15.257,31.716,235.03,557.3644,0.0003,8,0.001,0.001,0.001,0.001,0.001,0.001,0.001,0.001,0.001,0.001,0.001,0.001,0.001,0.001,57,64,0.001,0.001,0.001
4793,0.671,21.282,175.72,94.926,0,8,0.001,0.001,64,0.001,0.001,0.001,0.001,0.001,0.001,0.001,0.001,57,0.001,0.001,0.001,0.001,0.001,0.001,0.001
4794,11.402,36.398,268.92,734.1671,0.0005,8,63,0.001,0.001,0.001,0.001,0.001,0.001,0.001,58,0.001,0.001,0.001,0.001,0.001,0.001,0.001,0.001,0.001,0.001
4795,12.12,17.554,135.01,215.0408,0.0016,8,0.001,0.001,0.001,0.001,0.001,58,0.001,0.001,0.001,0.001,0.001,0.001,0.001,0.001,0.001,62,0.001,0.001,0.001
4796,15.447,35.55,262.77,671.4201,0.0003,8,0.001,0.001,0.001,0.001,0.001,0.001,0.001,0.001,0.001,62,58,0.001,0.001,0.001,0.001,0.001,0.001,0.001,0.001
4797,11.491,23.077,174.88,298.1547,0.0003,8,0.001,0.001,0.001,0.001,0.001,0.001,0.001,0.001,0.001,60,60,0.001,0.001,0.001,0.001,0.001,0.001,0.001,0.001
4798,15.84,36.938,272.42,754.499,0.0007,8,0.001,0.001,0.001,0.001,0.001,64,0.001,0.001,0.001,0.001,0.001,56,0.001,0.001,0.001,0.001,0.001,0.001,0.001
4799,5.864,21.953,165.47,352.9408,0.0005,8,0.001,0.001,67,0.001,0.001,0.001,0.001,0.001,0.001,0.001,0.001,53,0.001,0.001,0.001,0.001,0.001,0.001,0.001
4800,16.007,28.7,214.44,437.3806,0.0011,8,0.001,0.001,0.001,0.001,0.001,0.001,0.001,0.001,0.001,54,66,0.001,0.001,0.001,0.001,0.001,0.001,0.001,0.001
4801,7.966,19.512,154.81,141.0183,0.0005,7,0.001,0.001,0.001,0.001,0.001,56,0.001,0.001,63,0.001,0.001,0.001,0.001,0.001,0.001,0.001,0.001,0.001,0.001
4802,13.882,31.891,237.43,494.393,0.001,7,0.001,0.001,0.001,0.001,0.001,0.001,0.001,0.001,0.001,65,0.001,0.001,0.001,54,0.001,0.001,0.001,0.001,0.001
4803,15.271,27.2,204.08,384.7763,0.0005,7,0.001,0.001,0.001,0.001,0.001,0.001,0.001,0.001,0.001,54,0.001,0.001,65,0.001,0.001,0.001,0.001,0.001,0.001
4804,4.937,29.963,222.35,564.253,0.0006,7,0.001,0.001,0.001,0.001,0.001,0.001,0.001,0.001,0.001,0.001,0.001,0.001,52,67,0.001,0.001,0.001,0.001,0.001
4805,15.686,28.164,211.09,412.5609,0.0019,7,0.001,0.001,0.001,0.001,56,0.001,0.001,0.001,0.001,0.001,63,0.001,0.001,0.001,0.001,0.001,0.001,0.001,0.001
4806,12.619,24.672,186.27,325.4652,0.0012,7,0.001,0.001,0.001,0.001,0.001,65,0.001,0.001,0.001,54,0.001,0.001,0.001,0.001,0.001,0.001,0.001,0.001,0.001
4807,14.948,35.923,265.42,733.3462,0,7,0.001,0.001,54,0.001,0.001,0.001,0.001,0.001,0.001,0.001,0.001,0.001,65,0.001,0.001,0.001,0.001,0.001,0.001
4808,10.753,21.759,164.12,359.0342,0.0003,7,61,0.001,0.001,0.001,58,0.001,0.001,0.001,0.001,0.001,0.001,0.001,0.001,0.001,0.001,0.001,0.001,0.001,0.001
4809,12.44,34.637,256.55,647.3505,0.0036,7,0.001,65,0.001,0.001,0.001,0.001,0.001,0.001,0.001,0.001,54,0.001,0.001,0.001,0.001,0.001,0.001,0.001,0.001
4810,16.459,24.525,183.57,432.989,0.0043,7,0.001,0.001,64,0.001,0.001,0.001,0.001,0.001,55,0.001,0.001,0.001,0.001,0.001,0.001,0.001,0.001,0.001,0.001
4811,12.838,27.493,206.05,431.2237,0.0011,7,56,0.001,0.001,0.001,62,0.001,0.001,0.001,0.001,0.001,0.001,0.001,0.001,0.001,0.001,0.001,0.001,0.001,0.001
4812,16.225,31.788,235.97,555.4219,0.0005,7,0.001,0.001,0.001,0.001,0.001,65,0.001,53,0.001,0.001,0.001,0.001,0.001,0.001,0.001,0.001,0.001,0.001,0.001
4813,14.1,13.075,100.02,249.0696,0.0012,7,0.001,0.001,0.001,0.001,0.001,0.001,52,66,0.001,0.001,0.001,0.001,0.001,0.001,0.001,0.001,0.001,0.001,0.001
4814,14.334,30.657,226.74,607.1332,0.0038,7,0.001,0.001,0.001,0.001,0.001,0.001,0.001,0.001,0.001,57,0.001,0.001,0.001,0.001,0.001,60,0.001,0.001,0.001
4815,14.982,37.445,276.05,771.4849,0.0047,7,0.001,0.001,0.001,0.001,0.001,0.001,0.001,66,0.001,51,0.001,0.001,0.001,0.001,0.001,0.001,0.001,0.001,0.001
4816,12.043,25.254,191,311.5056,0.001,7,0.001,0.001,0.001,0.001,0.001,0.001,50,0.001,67,0.001,0.001,0.001,0.001,0.001,0.001,0.001,0.001,0.001,0.001
4817,13.505,28.765,214.24,513.458,0.0043,7,0.001,63,0.001,0.001,0.001,0.001,0.001,0.001,0.001,0.001,0.001,0.001,0.001,0.001,54,0.001,0.001,0.001,0.001
4818,10.131,26.247,194.65,657.0491,0.0037,7,0.001,64,52,0.001,0.001,0.001,0.001,0.001,0.001,0.001,0.001,0.001,0.001,0.001,0.001,0.001,0.001,0.001,0.001
4819,0.244,29.295,216.51,682.0348,0.0015,7,0.001,0.001,0.001,0.001,0.001,0.001,0.001,0.001,57,0.001,0.001,0.001,0.001,59,0.001,0.001,0.001,0.001,0.001
4820,10.217,36.821,271.25,804.3729,0.0043,7,0.001,0.001,0.001,0.001,0.001,59,0.001,57,0.001,0.001,0.001,0.001,0.001,0.001,0.001,0.001,0.001,0.001,0.001
4821,13.303,28.328,208.84,781.9521,0.0033,7,0.001,0.001,0.001,0.001,0.001,0.001,0.001,0.001,51,0.001,65,0.001,0.001,0.001,0.001,0.001,0.001,0.001,0.001
4822,12.431,35.508,261.95,743.195,0.0013,7,0.001,0.001,0.001,0.001,0.001,0.001,0.001,0.001,57,0.001,0.001,0.001,0.001,58,0.001,0.001,0.001,0.001,0.001
4823,13.433,25.287,189.33,411.1852,0.0026,7,0.001,0.001,0.001,0.001,0.001,0.001,55,0.001,0.001,0.001,0.001,0.001,60,0.001,0.001,0.001,0.001,0.001,0.001
4824,15.223,39.099,288.4,804.5181,0,7,0.001,0.001,0.001,0.001,61,0.001,0.001,0.001,0.001,0.001,0.001,0.001,0.001,54,0.001,0.001,0.001,0.001,0.001
4825,13.343,24.051,182.11,303.4346,0,7,0.001,0.001,0.001,0.001,0.001,0.001,0.001,61,0.001,0.001,0.001,0.001,0.001,0.001,54,0.001,0.001,0.001,0.001
4826,13.996,27.062,202.54,415.2895,0.0008,7,0.001,0.001,0.001,0.001,0.001,0.001,0.001,0.001,0.001,50,65,0.001,0.001,0.001,0.001,0.001,0.001,0.001,0.001
4827,6.361,33.295,246.1,674.3221,0.0026,7,0.001,0.001,0.001,0.001,0.001,0.001,0.001,0.001,0.001,0.001,58,0.001,57,0.001,0.001,0.001,0.001,0.001,0.001
4828,15.514,34.592,255.9,645.388,0.0056,7,0.001,0.001,0.001,0.001,0.001,0.001,0.001,0.001,0.001,0.001,0.001,60,54,0.001,0.001,0.001,0.001,0.001,0.001
4829,12.425,35.182,260.36,675.4891,0.0043,7,50,0.001,0.001,0.001,0.001,0.001,0.001,0.001,0.001,0.001,0.001,0.001,0.001,0.001,64,0.001,0.001,0.001,0.001
4830,14.113,34.262,252.81,736.1631,0.0002,7,0.001,0.001,0.001,0.001,0.001,0.001,0.001,0.001,0.001,58,0.001,0.001,0.001,56,0.001,0.001,0.001,0.001,0.001
4831,7.964,24.51,183.2,434.9433,0.0005,7,0.001,0.001,0.001,0.001,0.001,63,0.001,0.001,0.001,0.001,0.001,51,0.001,0.001,0.001,0.001,0.001,0.001,0.001
4832,10.294,35.885,265.36,702.1731,0.0026,7,51,0.001,0.001,0.001,0.001,0.001,0.001,0.001,63,0.001,0.001,0.001,0.001,0.001,0.001,0.001,0.001,0.001,0.001
4833,15.039,34.777,256.87,697.3666,0.0012,7,0.001,0.001,0.001,0.001,0.001,0.001,0.001,0.001,0.001,62,52,0.001,0.001,0.001,0.001,0.001,0.001,0.001,0.001
4834,14.232,30.775,228.69,532.3404,0.0002,7,0.001,0.001,0.001,0.001,0.001,0.001,0.001,60,0.001,53,0.001,0.001,0.001,0.001,0.001,0.001,0.001,0.001,0.001
4835,7.425,26.19,195.69,439.1377,0.0019,7,0.001,0.001,0.001,0.001,0.001,0.001,0.001,56,0.001,57,0.001,0.001,0.001,0.001,0.001,0.001,0.001,0.001,0.001
4836,3.48,21.936,165.34,352.9407,0.0008,7,0.001,0.001,50,0.001,0.001,0.001,0.001,0.001,0.001,0.001,0.001,63,0.001,0.001,0.001,0.001,0.001,0.001,0.001
4837,14.689,25.941,193.75,487.0665,0.0004,7,50,0.001,0.001,0.001,63,0.001,0.001,0.001,0.001,0.001,0.001,0.001,0.001,0.001,0.001,0.001,0.001,0.001,0.001
4838,9.388,20.076,152.1,301.0514,0.0009,7,0.001,0.001,0.001,0.001,0.001,0.001,0.001,55,0.001,57,0.001,0.001,0.001,0.001,0.001,0.001,0.001,0.001,0.001
4839,12.565,36.667,270.05,818.1585,0.0005,7,0.001,0.001,0.001,0.001,0.001,0.001,0.001,0.001,0.001,0.001,0.001,0.001,0.001,51,61,0.001,0.001,0.001,0.001
4840,14.249,20.515,155.92,288.0339,0.0009,7,0.001,0.001,0.001,0.001,50,0.001,0.001,0.001,0.001,0.001,0.001,62,0.001,0.001,0.001,0.001,0.001,0.001,0.001
4841,10.689,19.848,150.93,277.0492,0.0032,7,0.001,0.001,0.001,0.001,0.001,50,0.001,62,0.001,0.001,0.001,0.001,0.001,0.001,0.001,0.001,0.001,0.001,0.001
4842,15.178,38.41,282.99,797.5118,0.0018,7,0.001,0.001,0.001,0.001,0.001,0.001,56,0.001,0.001,55,0.001,0.001,0.001,0.001,0.001,0.001,0.001,0.001,0.001
4843,12.606,24.923,188.17,325.4156,0.0009,7,0.001,0.001,0.001,0.001,0.001,0.001,0.001,56,0.001,0.001,55,0.001,0.001,0.001,0.001,0.001,0.001,0.001,0.001
4844,15.986,28.68,213.88,461.3207,0.0014,7,0.001,0.001,58,0.001,0.001,0.001,0.001,0.001,0.001,0.001,0.001,0.001,0.001,0.001,0.001,53,0.001,0.001,0.001
4845,8.886,19.643,148.95,314.0314,0.0001,7,0.001,54,57,0.001,0.001,0.001,0.001,0.001,0.001,0.001,0.001,0.001,0.001,0.001,0.001,0.001,0.001,0.001,0.001
4846,13.513,39.099,287.75,852.3956,0.0006,7,0.001,0.001,0.001,0.001,0.001,0.001,54,0.001,0.001,57,0.001,0.001,0.001,0.001,0.001,0.001,0.001,0.001,0.001
4847,13.9,30.596,228.34,475.638,0.0026,7,0.001,53,0.001,0.001,0.001,0.001,0.001,0.001,0.001,0.001,58,0.001,0.001,0.001,0.001,0.001,0.001,0.001,0.001
4848,12.572,24.241,183.02,325.5895,0.003,7,0.001,0.001,0.001,0.001,0.001,59,0.001,0.001,0.001,0.001,0.001,51,0.001,0.001,0.001,0.001,0.001,0.001,0.001
4849,15.491,33.275,246.35,623.4027,0.0021,7,0.001,0.001,0.001,0.001,0.001,51,0.001,0.001,0.001,0.001,0.001,0.001,0.001,59,0.001,0.001,0.001,0.001,0.001
4850,15.28,23.967,177.47,580.9596,0.0016,7,0.001,0.001,0.001,0.001,0.001,0.001,0.001,0.001,0.001,0.001,0.001,0.001,0.001,51,0.001,59,0.001,0.001,0.001
4851,14.003,25.925,195.11,353.3756,0.0036,7,0.001,0.001,0.001,0.001,0.001,0.001,57,0.001,0.001,0.001,53,0.001,0.001,0.001,0.001,0.001,0.001,0.001,0.001
4852,15.602,22.299,165.99,530.9626,0.0008,7,0.001,54,0.001,0.001,0.001,0.001,0.001,0.001,0.001,0.001,0.001,0.001,0.001,56,0.001,0.001,0.001,0.001,0.001
4853,15.68,28.245,211.43,412.569,0.0016,7,0.001,0.001,0.001,0.001,0.001,0.001,0.001,55,55,0.001,0.001,0.001,0.001,0.001,0.001,0.001,0.001,0.001,0.001
4854,13.516,30.168,223.93,558.4489,0.0049,7,0.001,0.001,0.001,0.001,0.001,0.001,0.001,0.001,0.001,0.001,50,60,0.001,0.001,0.001,0.001,0.001,0.001,0.001
4855,15.273,27.17,204.13,384.1417,0.0011,7,0.001,0.001,54,0.001,0.001,0.001,56,0.001,0.001,0.001,0.001,0.001,0.001,0.001,0.001,0.001,0.001,0.001,0.001
4856,15.993,36.612,270.28,716.5194,0.0009,7,0.001,0.001,0.001,0.001,0.001,0.001,0.001,56,0.001,0.001,54,0.001,0.001,0.001,0.001,0.001,0.001,0.001,0.001
4857,15.669,32.903,244.23,587.4355,0.002,7,0.001,0.001,52,0.001,0.001,0.001,0.001,0.001,0.001,0.001,0.001,0.001,58,0.001,0.001,0.001,0.001,0.001,0.001
4858,15.32,13.058,100.14,249.1341,0.0018,7,0.001,52,57,0.001,0.001,0.001,0.001,0.001,0.001,0.001,0.001,0.001,0.001,0.001,0.001,0.001,0.001,0.001,0.001
4859,8.544,18.358,140.26,251.9992,0.0002,7,0.001,0.001,0.001,0.001,0.001,0.001,0.001,55,0.001,54,0.001,0.001,0.001,0.001,0.001,0.001,0.001,0.001,0.001
4860,14.149,13.051,100.09,249.1153,0.0018,7,54,0.001,55,0.001,0.001,0.001,0.001,0.001,0.001,0.001,0.001,0.001,0.001,0.001,0.001,0.001,0.001,0.001,0.001
4861,12.149,23.824,180.43,311.4031,0.0021,7,0.001,0.001,0.001,0.001,51,0.001,0.001,0.001,58,0.001,0.001,0.001,0.001,0.001,0.001,0.001,0.001,0.001,0.001
4862,13.935,29.622,220.99,435.3472,0.0032,7,0.001,0.001,0.001,0.001,0.001,0.001,0.001,0.001,0.001,54,0.001,0.001,0.001,0.001,0.001,55,0.001,0.001,0.001
4863,11.379,18.477,140.47,278.9916,0.0004,7,0.001,0.001,0.001,0.001,0.001,0.001,0.001,0.001,0.001,0.001,56,0.001,0.001,53,0.001,0.001,0.001,0.001,0.001
4864,11.991,21.158,159.58,321.0071,0.0008,7,0.001,0.001,0.001,0.001,0.001,0.001,0.001,0.001,0.001,0.001,0.001,0.001,0.001,54,0.001,55,0.001,0.001,0.001
4865,15.797,13.129,100.47,259.932,0.0009,7,0.001,53,55,0.001,0.001,0.001,0.001,0.001,0.001,0.001,0.001,0.001,0.001,0.001,0.001,0.001,0.001,0.001,0.001
4866,13.319,23.079,175.61,279.9134,0.0031,7,0.001,0.001,52,0.001,0.001,0.001,0.001,55,0.001,0.001,0.001,0.001,0.001,0.001,0.001,0.001,0.001,0.001,0.001
4867,14.336,26.034,195.03,383.2282,0.0031,7,0.001,0.001,0.001,0.001,0.001,0.001,0.001,0.001,0.001,0.001,0.001,55,0.001,0.001,0.001,52,0.001,0.001,0.001
4868,14.357,27.824,208.13,440.3844,0.0024,7,0.001,0.001,54,0.001,0.001,0.001,0.001,0.001,0.001,0.001,0.001,53,0.001,0.001,0.001,0.001,0.001,0.001,0.001
4869,9.93,35.356,260.84,742.2958,0.0009,7,0.001,0.001,0.001,0.001,0.001,0.001,0.001,0.001,0.001,0.001,0.001,0.001,51,55,0.001,0.001,0.001,0.001,0.001
4870,13.503,35.933,265.16,732.385,0.0058,7,0.001,0.001,0.001,0.001,0.001,0.001,0.001,0.001,0.001,0.001,53,0.001,53,0.001,0.001,0.001,0.001,0.001,0.001
4871,14.235,31.07,230.68,551.34,0.0023,7,0.001,0.001,0.001,0.001,0.001,52,0.001,0.001,0.001,54,0.001,0.001,0.001,0.001,0.001,0.001,0.001,0.001,0.001
4872,14.116,31.417,232.72,648.1487,0.0029,7,0.001,0.001,50,0.001,0.001,0.001,0.001,0.001,0.001,0.001,0.001,56,0.001,0.001,0.001,0.001,0.001,0.001,0.001
4873,15.694,13.077,99.95,249.1177,0.0012,7,51,0.001,0.001,0.001,0.001,0.001,0.001,0.001,0.001,0.001,0.001,0.001,0.001,0.001,0.001,55,0.001,0.001,0.001
4874,14.166,31.393,230.77,930.9394,0.0013,7,0.001,0.001,0.001,0.001,0.001,0.001,51,55,0.001,0.001,0.001,0.001,0.001,0.001,0.001,0.001,0.001,0.001,0.001
4875,12.493,33.524,248.72,636.1427,0.001,7,51,55,0.001,0.001,0.001,0.001,0.001,0.001,0.001,0.001,0.001,0.001,0.001,0.001,0.001,0.001,0.001,0.001,0.001
4876,9.924,21.28,160.63,329.253,0.0021,7,0.001,0.001,0.001,0.001,0.001,0.001,0.001,0.001,0.001,54,0.001,0.001,0.001,51,0.001,0.001,0.001,0.001,0.001
4877,15.32,13.081,99.98,249.1083,0.0023,7,0.001,0.001,0.001,0.001,52,0.001,0.001,0.001,0.001,0.001,0.001,0.001,0.001,0.001,0.001,53,0.001,0.001,0.001
4878,15.078,28.277,211.45,426.3638,0.0009,7,0.001,0.001,0.001,0.001,0.001,0.001,0.001,0.001,0.001,50,0.001,0.001,0.001,0.001,55,0.001,0.001,0.001,0.001
4879,12.594,25.954,196.2,325.4339,0.0022,7,51,0.001,0.001,0.001,0.001,0.001,53,0.001,0.001,0.001,0.001,0.001,0.001,0.001,0.001,0.001,0.001,0.001,0.001
4880,15.079,37.773,278.37,786.4897,0.0003,7,0.001,0.001,0.001,0.001,0.001,0.001,0.001,53,0.001,0.001,0.001,0.001,0.001,51,0.001,0.001,0.001,0.001,0.001
4881,8.911,23.403,177.48,293.2114,0.001,7,0.001,0.001,0.001,0.001,0.001,0.001,0.001,0.001,0.001,0.001,0.001,0.001,53,0.001,51,0.001,0.001,0.001,0.001
4882,13.12,13.063,100.18,249.1151,0.0019,7,50,0.001,54,0.001,0.001,0.001,0.001,0.001,0.001,0.001,0.001,0.001,0.001,0.001,0.001,0.001,0.001,0.001,0.001
4883,14.905,26.125,196.55,356.4654,0.0035,7,0.001,0.001,0.001,0.001,0.001,0.001,0.001,52,0.001,0.001,52,0.001,0.001,0.001,0.001,0.001,0.001,0.001,0.001
4884,15.276,27.155,204.03,383.2863,0.0033,6,0.001,0.001,0.001,0.001,52,0.001,0.001,0.001,0.001,0.001,0.001,0.001,0.001,0.001,51,0.001,0.001,0.001,0.001
4885,9.228,22.136,166.11,401.0463,0.0007,6,0.001,0.001,52,0.001,0.001,0.001,0.001,0.001,0.001,0.001,51,0.001,0.001,0.001,0.001,0.001,0.001,0.001,0.001
4886,15.065,35.458,261.64,735.3412,0.0003,6,0.001,0.001,0.001,0.001,0.001,52,0.001,0.001,0.001,51,0.001,0.001,0.001,0.001,0.001,0.001,0.001,0.001,0.001
4887,14.906,26.058,196.32,355.5559,0.0002,6,51,0.001,0.001,0.001,0.001,0.001,0.001,0.001,0.001,0.001,0.001,0.001,0.001,52,0.001,0.001,0.001,0.001,0.001
4888,12.143,23.82,180.17,311.4436,0.0011,6,0.001,0.001,0.001,0.001,0.001,0.001,0.001,0.001,0.001,0.001,0.001,0.001,53,50,0.001,0.001,0.001,0.001,0.001
4889,15.908,37.384,275.97,769.505,0.0012,6,0.001,0.001,0.001,0.001,53,0.001,0.001,0.001,0.001,50,0.001,0.001,0.001,0.001,0.001,0.001,0.001,0.001,0.001
4890,12.627,24.512,185.07,325.4798,0.0027,6,0.001,0.001,0.001,0.001,0.001,0.001,0.001,50,0.001,0.001,0.001,0.001,52,0.001,0.001,0.001,0.001,0.001,0.001
4891,14.112,30.725,228.62,476.0694,0.0022,6,0.001,0.001,0.001,0.001,0.001,0.001,0.001,50,0.001,0.001,0.001,0.001,0.001,0.001,0.001,52,0.001,0.001,0.001
4892,15.393,35.047,259.03,721.3535,0.0019,6,51,0.001,0.001,0.001,0.001,0.001,0.001,0.001,0.001,0.001,0.001,0.001,0.001,51,0.001,0.001,0.001,0.001,0.001
4893,9.753,25.426,188.63,647.0442,0.0012,6,50,52,0.001,0.001,0.001,0.001,0.001,0.001,0.001,0.001,0.001,0.001,0.001,0.001,0.001,0.001,0.001,0.001,0.001
4894,13.663,27.545,206.71,397.5601,0.002,6,0.001,0.001,0.001,0.001,50,0.001,0.001,0.001,0.001,0.001,51,0.001,0.001,0.001,0.001,0.001,0.001,0.001,0.001
4895,15.608,37.896,279.31,781.5221,0.0006,6,0.001,0.001,0.001,0.001,0.001,51,0.001,0.001,0.001,0.001,0.001,0.001,0.001,50,0.001,0.001,0.001,0.001,0.001
4896,14.003,25.948,195.53,353.4728,0.0022,6,0.001,0.001,50,0.001,0.001,0.001,0.001,0.001,0.001,0.001,0.001,0.001,0.001,0.001,51,0.001,0.001,0.001,0.001
